mtllib material.mtl
usemtl material_0
v 4.91037617 1.58320482 -3.35548707
v 4.91037617 1.58320482 -3.35548707
v 4.91037617 1.58320482 -3.35548707
v 4.90830855 1.77617833 -3.41907653
v 4.90830855 1.77617833 -3.41907653
v 4.91037617 1.58194803 -3.35917440
v 4.91037617 1.58194803 -3.35917440
v 4.91037617 1.58194803 -3.35917440
v 4.90830854 1.77358746 -3.42667793
v 4.90830854 1.77358746 -3.42667793
v 4.91427181 1.58320482 -3.35548707
v 4.91427181 1.58320482 -3.35548707
v 4.91427181 1.58320482 -3.35548707
v 4.91633936 1.77617833 -3.41907653
v 4.91633936 1.77617833 -3.41907653
v 4.91427181 1.58194803 -3.35917441
v 4.91427181 1.58194803 -3.35917441
v 4.91427181 1.58194803 -3.35917441
v 4.91633935 1.77358746 -3.42667794
v 4.91633935 1.77358746 -3.42667794
v 4.90830854 1.80628772 -3.42933905
v 4.90830854 1.80628772 -3.42933905
v 4.90830854 1.80628772 -3.42933905
v 4.90830854 1.80369686 -3.43694045
v 4.90830854 1.80369686 -3.43694045
v 4.90830854 1.80369686 -3.43694045
v 4.91633935 1.80369686 -3.43694046
v 4.91633935 1.80369686 -3.43694046
v 4.91633935 1.80369686 -3.43694046
v 4.91633935 1.80628772 -3.42933905
v 4.91633935 1.80628772 -3.42933905
v 4.91633935 1.80628772 -3.42933905
v 4.92039070 1.58320482 -3.35548707
v 4.92039070 1.58320482 -3.35548707
v 4.92039070 1.58320482 -3.35548707
v 4.91832307 1.77617833 -3.41907653
v 4.91832307 1.77617833 -3.41907653
v 4.92039070 1.58194803 -3.35917441
v 4.92039070 1.58194803 -3.35917441
v 4.92039070 1.58194803 -3.35917441
v 4.91832307 1.77358746 -3.42667793
v 4.91832307 1.77358746 -3.42667793
v 4.92428634 1.58320482 -3.35548707
v 4.92428634 1.58320482 -3.35548707
v 4.92428634 1.58320482 -3.35548707
v 4.92635388 1.77617833 -3.41907653
v 4.92635388 1.77617833 -3.41907653
v 4.92428634 1.58194803 -3.35917442
v 4.92428634 1.58194803 -3.35917442
v 4.92428634 1.58194803 -3.35917442
v 4.92635388 1.77358746 -3.42667794
v 4.92635388 1.77358746 -3.42667794
v 4.91832307 1.80628772 -3.42933905
v 4.91832307 1.80628772 -3.42933905
v 4.91832307 1.80628772 -3.42933905
v 4.91832306 1.80369686 -3.43694045
v 4.91832306 1.80369686 -3.43694045
v 4.91832306 1.80369686 -3.43694045
v 4.92635387 1.80369686 -3.43694046
v 4.92635387 1.80369686 -3.43694046
v 4.92635387 1.80369686 -3.43694046
v 4.92635388 1.80628772 -3.42933905
v 4.92635388 1.80628772 -3.42933905
v 4.92635388 1.80628772 -3.42933905
v 4.89829268 1.58384583 -3.34838191
v 4.89829268 1.58384583 -3.34838191
v 4.89829268 1.58384583 -3.34838191
v 4.93140221 1.77543668 -3.28936166
v 4.93140221 1.77543668 -3.28936166
v 4.89849036 1.58492145 -3.35212089
v 4.89849036 1.58492145 -3.35212089
v 4.89849036 1.58492145 -3.35212089
v 4.93180973 1.77765403 -3.29706950
v 4.93180973 1.77765403 -3.29706950
v 4.90212415 1.58314166 -3.34838191
v 4.90212415 1.58314166 -3.34838191
v 4.90212415 1.58314166 -3.34838191
v 4.93930074 1.77398503 -3.28936166
v 4.93930074 1.77398503 -3.28936166
v 4.90232183 1.58421728 -3.35212089
v 4.90232183 1.58421728 -3.35212089
v 4.90232183 1.58421728 -3.35212089
v 4.93970825 1.77620241 -3.29706950
v 4.93970825 1.77620241 -3.29706950
v 4.93692098 1.80546482 -3.28043148
v 4.93692098 1.80546482 -3.28043148
v 4.93692098 1.80546482 -3.28043148
v 4.93732849 1.80768217 -3.28813934
v 4.93732849 1.80768217 -3.28813934
v 4.93732849 1.80768217 -3.28813934
v 4.94522702 1.80623055 -3.28813934
v 4.94522702 1.80623055 -3.28813934
v 4.94522702 1.80623055 -3.28813934
v 4.94481950 1.80401319 -3.28043148
v 4.94481950 1.80401319 -3.28043148
v 4.94481950 1.80401319 -3.28043148
v 4.90814191 1.58203547 -3.34838192
v 4.90814191 1.58203547 -3.34838192
v 4.90814191 1.58203547 -3.34838192
v 4.94125144 1.77362631 -3.28936166
v 4.94125144 1.77362631 -3.28936166
v 4.90833959 1.58311110 -3.35212089
v 4.90833959 1.58311110 -3.35212089
v 4.90833959 1.58311110 -3.35212089
v 4.94165895 1.77584367 -3.29706950
v 4.94165895 1.77584367 -3.29706950
v 4.91197337 1.58133131 -3.34838192
v 4.91197337 1.58133131 -3.34838192
v 4.91197337 1.58133131 -3.34838192
v 4.94914996 1.77217469 -3.28936166
v 4.94914996 1.77217469 -3.28936166
v 4.91217106 1.58240692 -3.35212089
v 4.91217106 1.58240692 -3.35212089
v 4.91217106 1.58240692 -3.35212089
v 4.94955748 1.77439204 -3.29706950
v 4.94955748 1.77439204 -3.29706950
v 4.94677020 1.80365448 -3.28043148
v 4.94677020 1.80365448 -3.28043148
v 4.94677020 1.80365448 -3.28043148
v 4.94717772 1.80587183 -3.28813934
v 4.94717772 1.80587183 -3.28813934
v 4.94717772 1.80587183 -3.28813934
v 4.95507624 1.80442020 -3.28813934
v 4.95507624 1.80442020 -3.28813934
v 4.95507624 1.80442020 -3.28813934
v 4.95466872 1.80220285 -3.28043148
v 4.95466872 1.80220285 -3.28043148
v 4.95466872 1.80220285 -3.28043148
v 4.91006951 1.58100631 -3.36263751
v 4.91006951 1.58100631 -3.36263751
v 4.91006951 1.58100631 -3.36263751
v 4.84953640 1.77496033 -3.36470508
v 4.84953640 1.77496033 -3.36470508
v 4.91379985 1.58212904 -3.36263751
v 4.91379985 1.58212904 -3.36263751
v 4.91379985 1.58212904 -3.36263751
v 4.85722647 1.77727480 -3.36470508
v 4.85722647 1.77727480 -3.36470508
v 4.91006951 1.58100631 -3.35874186
v 4.91006951 1.58100631 -3.35874186
v 4.91006951 1.58100631 -3.35874186
v 4.84953640 1.77496033 -3.35667427
v 4.84953640 1.77496033 -3.35667427
v 4.91379985 1.58212904 -3.35874186
v 4.91379985 1.58212904 -3.35874186
v 4.91379985 1.58212904 -3.35874186
v 4.85722647 1.77727480 -3.35667427
v 4.85722647 1.77727480 -3.35667427
v 4.84036866 1.80542090 -3.36470507
v 4.84036866 1.80542090 -3.36470507
v 4.84036866 1.80542090 -3.36470507
v 4.84805873 1.80773539 -3.36470508
v 4.84805873 1.80773539 -3.36470508
v 4.84805873 1.80773539 -3.36470508
v 4.84805873 1.80773539 -3.35667426
v 4.84805873 1.80773539 -3.35667426
v 4.84805873 1.80773539 -3.35667426
v 4.84036866 1.80542090 -3.35667426
v 4.84036866 1.80542090 -3.35667426
v 4.84036866 1.80542090 -3.35667426
v 4.91006951 1.58100631 -3.35262331
v 4.91006951 1.58100631 -3.35262331
v 4.91006951 1.58100631 -3.35262331
v 4.84953641 1.77496033 -3.35469088
v 4.84953641 1.77496033 -3.35469088
v 4.91379986 1.58212904 -3.35262331
v 4.91379986 1.58212904 -3.35262331
v 4.91379986 1.58212904 -3.35262331
v 4.85722647 1.77727480 -3.35469088
v 4.85722647 1.77727480 -3.35469088
v 4.91006951 1.58100631 -3.34872767
v 4.91006951 1.58100631 -3.34872767
v 4.91006951 1.58100631 -3.34872767
v 4.84953641 1.77496033 -3.34666007
v 4.84953641 1.77496033 -3.34666007
v 4.91379986 1.58212904 -3.34872767
v 4.91379986 1.58212904 -3.34872767
v 4.91379986 1.58212904 -3.34872767
v 4.85722647 1.77727480 -3.34666007
v 4.85722647 1.77727480 -3.34666007
v 4.84036866 1.80542090 -3.35469087
v 4.84036866 1.80542090 -3.35469087
v 4.84036866 1.80542090 -3.35469087
v 4.84805873 1.80773539 -3.35469088
v 4.84805873 1.80773539 -3.35469088
v 4.84805873 1.80773539 -3.35469088
v 4.84805873 1.80773539 -3.34666007
v 4.84805873 1.80773539 -3.34666007
v 4.84805873 1.80773539 -3.34666007
v 4.84036867 1.80542090 -3.34666006
v 4.84036867 1.80542090 -3.34666006
v 4.84036867 1.80542090 -3.34666006
v 4.92457148 1.58286175 -3.35822893
v 4.92457148 1.58286175 -3.35822893
v 4.92457148 1.58286175 -3.35822893
v 4.98510454 1.77542865 -3.38147579
v 4.98510454 1.77542865 -3.38147579
v 4.92084114 1.58397489 -3.35837535
v 4.92084114 1.58397489 -3.35837535
v 4.92084114 1.58397489 -3.35837535
v 4.97741448 1.77772337 -3.38177764
v 4.97741448 1.77772337 -3.38177764
v 4.92457148 1.58235367 -3.36209129
v 4.92457148 1.58235367 -3.36209129
v 4.92457148 1.58235367 -3.36209129
v 4.98510453 1.77438123 -3.38943800
v 4.98510453 1.77438123 -3.38943800
v 4.92084113 1.58346680 -3.36223772
v 4.92084113 1.58346680 -3.36223772
v 4.92084113 1.58346680 -3.36223772
v 4.97741447 1.77667592 -3.38973987
v 4.97741447 1.77667592 -3.38973987
v 4.99427228 1.80562905 -3.38544867
v 4.99427228 1.80562905 -3.38544867
v 4.99427228 1.80562905 -3.38544867
v 4.98658221 1.80792376 -3.38575053
v 4.98658221 1.80792376 -3.38575053
v 4.98658221 1.80792376 -3.38575053
v 4.98658220 1.80687632 -3.39371275
v 4.98658220 1.80687632 -3.39371275
v 4.98658220 1.80687632 -3.39371275
v 4.99427226 1.80458160 -3.39341088
v 4.99427226 1.80458160 -3.39341088
v 4.99427226 1.80458160 -3.39341088
v 4.92457148 1.58155571 -3.36815815
v 4.92457148 1.58155571 -3.36815815
v 4.92457148 1.58155571 -3.36815815
v 4.98510454 1.77412263 -3.39140502
v 4.98510454 1.77412263 -3.39140502
v 4.92084113 1.58266885 -3.36830457
v 4.92084113 1.58266885 -3.36830457
v 4.92084113 1.58266885 -3.36830457
v 4.97741447 1.77641732 -3.39170687
v 4.97741447 1.77641732 -3.39170687
v 4.92457147 1.58104762 -3.37202051
v 4.92457147 1.58104762 -3.37202051
v 4.92457147 1.58104762 -3.37202051
v 4.98510453 1.77307518 -3.39936723
v 4.98510453 1.77307518 -3.39936723
v 4.92084113 1.58216076 -3.37216694
v 4.92084113 1.58216076 -3.37216694
v 4.92084113 1.58216076 -3.37216694
v 4.97741447 1.77536990 -3.39966909
v 4.97741447 1.77536990 -3.39966909
v 4.99427227 1.80432301 -3.39537789
v 4.99427227 1.80432301 -3.39537789
v 4.99427227 1.80432301 -3.39537789
v 4.98658221 1.80661772 -3.39567976
v 4.98658221 1.80661772 -3.39567976
v 4.98658221 1.80661772 -3.39567976
v 4.98658220 1.80557028 -3.40364197
v 4.98658220 1.80557028 -3.40364197
v 4.98658220 1.80557028 -3.40364197
v 4.99427226 1.80327558 -3.40334010
v 4.99427226 1.80327558 -3.40334010
v 4.99427226 1.80327558 -3.40334010
v 4.92428627 1.58320482 -1.29411198
v 4.92428627 1.58320482 -1.29411198
v 4.92428627 1.58320482 -1.29411198
v 4.92635387 1.77617833 -1.23052252
v 4.92635387 1.77617833 -1.23052252
v 4.92428627 1.58194803 -1.29042465
v 4.92428627 1.58194803 -1.29042465
v 4.92428627 1.58194803 -1.29042465
v 4.92635387 1.77358746 -1.22292112
v 4.92635387 1.77358746 -1.22292112
v 4.92039063 1.58320482 -1.29411198
v 4.92039063 1.58320482 -1.29411198
v 4.92039063 1.58320482 -1.29411198
v 4.91832306 1.77617833 -1.23052252
v 4.91832306 1.77617833 -1.23052252
v 4.92039063 1.58194803 -1.29042464
v 4.92039063 1.58194803 -1.29042464
v 4.92039063 1.58194803 -1.29042464
v 4.91832306 1.77358746 -1.22292111
v 4.91832306 1.77358746 -1.22292111
v 4.92635388 1.80628772 -1.22026000
v 4.92635388 1.80628772 -1.22026000
v 4.92635388 1.80628772 -1.22026000
v 4.92635388 1.80369686 -1.21265860
v 4.92635388 1.80369686 -1.21265860
v 4.92635388 1.80369686 -1.21265860
v 4.91832307 1.80369686 -1.21265859
v 4.91832307 1.80369686 -1.21265859
v 4.91832307 1.80369686 -1.21265859
v 4.91832307 1.80628772 -1.22026000
v 4.91832307 1.80628772 -1.22026000
v 4.91832307 1.80628772 -1.22026000
v 4.91427174 1.58320482 -1.29411198
v 4.91427174 1.58320482 -1.29411198
v 4.91427174 1.58320482 -1.29411198
v 4.91633934 1.77617833 -1.23052252
v 4.91633934 1.77617833 -1.23052252
v 4.91427174 1.58194803 -1.29042465
v 4.91427174 1.58194803 -1.29042465
v 4.91427174 1.58194803 -1.29042465
v 4.91633935 1.77358746 -1.22292112
v 4.91633935 1.77358746 -1.22292112
v 4.91037610 1.58320482 -1.29411198
v 4.91037610 1.58320482 -1.29411198
v 4.91037610 1.58320482 -1.29411198
v 4.90830854 1.77617833 -1.23052252
v 4.90830854 1.77617833 -1.23052252
v 4.91037610 1.58194803 -1.29042464
v 4.91037610 1.58194803 -1.29042464
v 4.91037610 1.58194803 -1.29042464
v 4.90830854 1.77358746 -1.22292111
v 4.90830854 1.77358746 -1.22292111
v 4.91633935 1.80628772 -1.22026000
v 4.91633935 1.80628772 -1.22026000
v 4.91633935 1.80628772 -1.22026000
v 4.91633935 1.80369686 -1.21265860
v 4.91633935 1.80369686 -1.21265860
v 4.91633935 1.80369686 -1.21265860
v 4.90830854 1.80369686 -1.21265859
v 4.90830854 1.80369686 -1.21265859
v 4.90830854 1.80369686 -1.21265859
v 4.90830854 1.80628772 -1.22026000
v 4.90830854 1.80628772 -1.22026000
v 4.90830854 1.80628772 -1.22026000
v 4.93636976 1.58384583 -1.30121713
v 4.93636976 1.58384583 -1.30121713
v 4.93636976 1.58384583 -1.30121713
v 4.90326025 1.77543668 -1.36023740
v 4.90326025 1.77543668 -1.36023740
v 4.93617208 1.58492145 -1.29747815
v 4.93617208 1.58492145 -1.29747815
v 4.93617208 1.58492145 -1.29747815
v 4.90285273 1.77765403 -1.35252956
v 4.90285273 1.77765403 -1.35252956
v 4.93253829 1.58314166 -1.30121713
v 4.93253829 1.58314166 -1.30121713
v 4.93253829 1.58314166 -1.30121713
v 4.89536172 1.77398503 -1.36023740
v 4.89536172 1.77398503 -1.36023740
v 4.93234061 1.58421728 -1.29747815
v 4.93234061 1.58421728 -1.29747815
v 4.93234061 1.58421728 -1.29747815
v 4.89495421 1.77620241 -1.35252956
v 4.89495421 1.77620241 -1.35252956
v 4.89774149 1.80546482 -1.36916758
v 4.89774149 1.80546482 -1.36916758
v 4.89774149 1.80546482 -1.36916758
v 4.89733397 1.80768217 -1.36145972
v 4.89733397 1.80768217 -1.36145972
v 4.89733397 1.80768217 -1.36145972
v 4.88943545 1.80623055 -1.36145972
v 4.88943545 1.80623055 -1.36145972
v 4.88943545 1.80623055 -1.36145972
v 4.88984296 1.80401319 -1.36916758
v 4.88984296 1.80401319 -1.36916758
v 4.88984296 1.80401319 -1.36916758
v 4.92652054 1.58203547 -1.30121713
v 4.92652054 1.58203547 -1.30121713
v 4.92652054 1.58203547 -1.30121713
v 4.89341102 1.77362631 -1.36023740
v 4.89341102 1.77362631 -1.36023740
v 4.92632286 1.58311110 -1.29747815
v 4.92632286 1.58311110 -1.29747815
v 4.92632286 1.58311110 -1.29747815
v 4.89300350 1.77584367 -1.35252956
v 4.89300350 1.77584367 -1.35252956
v 4.92268907 1.58133131 -1.30121713
v 4.92268907 1.58133131 -1.30121713
v 4.92268907 1.58133131 -1.30121713
v 4.88551250 1.77217469 -1.36023740
v 4.88551250 1.77217469 -1.36023740
v 4.92249139 1.58240692 -1.29747815
v 4.92249139 1.58240692 -1.29747815
v 4.92249139 1.58240692 -1.29747815
v 4.88510498 1.77439204 -1.35252956
v 4.88510498 1.77439204 -1.35252956
v 4.88789227 1.80365448 -1.36916758
v 4.88789227 1.80365448 -1.36916758
v 4.88789227 1.80365448 -1.36916758
v 4.88748475 1.80587183 -1.36145972
v 4.88748475 1.80587183 -1.36145972
v 4.88748475 1.80587183 -1.36145972
v 4.87958622 1.80442020 -1.36145972
v 4.87958622 1.80442020 -1.36145972
v 4.87958622 1.80442020 -1.36145972
v 4.87999374 1.80220285 -1.36916758
v 4.87999374 1.80220285 -1.36916758
v 4.87999374 1.80220285 -1.36916758
v 4.92459293 1.58100631 -1.28696154
v 4.92459293 1.58100631 -1.28696154
v 4.92459293 1.58100631 -1.28696154
v 4.98512604 1.77496033 -1.28489395
v 4.98512604 1.77496033 -1.28489395
v 4.92086259 1.58212904 -1.28696154
v 4.92086259 1.58212904 -1.28696154
v 4.92086259 1.58212904 -1.28696154
v 4.97743597 1.77727480 -1.28489395
v 4.97743597 1.77727480 -1.28489395
v 4.92459293 1.58100631 -1.29085718
v 4.92459293 1.58100631 -1.29085718
v 4.92459293 1.58100631 -1.29085718
v 4.98512604 1.77496033 -1.29292476
v 4.98512604 1.77496033 -1.29292476
v 4.92086258 1.58212904 -1.29085718
v 4.92086258 1.58212904 -1.29085718
v 4.92086258 1.58212904 -1.29085718
v 4.97743597 1.77727480 -1.29292476
v 4.97743597 1.77727480 -1.29292476
v 4.99429378 1.80542090 -1.28489395
v 4.99429378 1.80542090 -1.28489395
v 4.99429378 1.80542090 -1.28489395
v 4.98660371 1.80773539 -1.28489395
v 4.98660371 1.80773539 -1.28489395
v 4.98660371 1.80773539 -1.28489395
v 4.98660371 1.80773539 -1.29292476
v 4.98660371 1.80773539 -1.29292476
v 4.98660371 1.80773539 -1.29292476
v 4.99429378 1.80542090 -1.29292476
v 4.99429378 1.80542090 -1.29292476
v 4.99429378 1.80542090 -1.29292476
v 4.92459293 1.58100631 -1.29697574
v 4.92459293 1.58100631 -1.29697574
v 4.92459293 1.58100631 -1.29697574
v 4.98512604 1.77496033 -1.29490815
v 4.98512604 1.77496033 -1.29490815
v 4.92086258 1.58212904 -1.29697574
v 4.92086258 1.58212904 -1.29697574
v 4.92086258 1.58212904 -1.29697574
v 4.97743597 1.77727480 -1.29490815
v 4.97743597 1.77727480 -1.29490815
v 4.92459293 1.58100631 -1.30087138
v 4.92459293 1.58100631 -1.30087138
v 4.92459293 1.58100631 -1.30087138
v 4.98512604 1.77496033 -1.30293896
v 4.98512604 1.77496033 -1.30293896
v 4.92086258 1.58212904 -1.30087138
v 4.92086258 1.58212904 -1.30087138
v 4.92086258 1.58212904 -1.30087138
v 4.97743597 1.77727480 -1.30293896
v 4.97743597 1.77727480 -1.30293896
v 4.99429378 1.80542090 -1.29490815
v 4.99429378 1.80542090 -1.29490815
v 4.99429378 1.80542090 -1.29490815
v 4.98660371 1.80773539 -1.29490815
v 4.98660371 1.80773539 -1.29490815
v 4.98660371 1.80773539 -1.29490815
v 4.98660371 1.80773539 -1.30293896
v 4.98660371 1.80773539 -1.30293896
v 4.98660371 1.80773539 -1.30293896
v 4.99429378 1.80542090 -1.30293896
v 4.99429378 1.80542090 -1.30293896
v 4.99429378 1.80542090 -1.30293896
v 4.91009096 1.58286175 -1.29137012
v 4.91009096 1.58286175 -1.29137012
v 4.91009096 1.58286175 -1.29137012
v 4.84955789 1.77542865 -1.26812328
v 4.84955789 1.77542865 -1.26812328
v 4.91382130 1.58397489 -1.29122370
v 4.91382130 1.58397489 -1.29122370
v 4.91382130 1.58397489 -1.29122370
v 4.85724795 1.77772337 -1.26782143
v 4.85724795 1.77772337 -1.26782143
v 4.91009096 1.58235367 -1.28750776
v 4.91009096 1.58235367 -1.28750776
v 4.91009096 1.58235367 -1.28750776
v 4.84955790 1.77438123 -1.26016107
v 4.84955790 1.77438123 -1.26016107
v 4.91382131 1.58346680 -1.28736133
v 4.91382131 1.58346680 -1.28736133
v 4.91382131 1.58346680 -1.28736133
v 4.85724796 1.77667592 -1.25985920
v 4.85724796 1.77667592 -1.25985920
v 4.84039015 1.80562905 -1.26415041
v 4.84039015 1.80562905 -1.26415041
v 4.84039015 1.80562905 -1.26415041
v 4.84808022 1.80792376 -1.26384854
v 4.84808022 1.80792376 -1.26384854
v 4.84808022 1.80792376 -1.26384854
v 4.84808023 1.80687632 -1.25588632
v 4.84808023 1.80687632 -1.25588632
v 4.84808023 1.80687632 -1.25588632
v 4.84039016 1.80458160 -1.25618819
v 4.84039016 1.80458160 -1.25618819
v 4.84039016 1.80458160 -1.25618819
v 4.91009096 1.58155571 -1.28144091
v 4.91009096 1.58155571 -1.28144091
v 4.91009096 1.58155571 -1.28144091
v 4.84955789 1.77412263 -1.25819405
v 4.84955789 1.77412263 -1.25819405
v 4.91382130 1.58266885 -1.28129448
v 4.91382130 1.58266885 -1.28129448
v 4.91382130 1.58266885 -1.28129448
v 4.85724795 1.77641732 -1.25789220
v 4.85724795 1.77641732 -1.25789220
v 4.91009096 1.58104762 -1.27757855
v 4.91009096 1.58104762 -1.27757855
v 4.91009096 1.58104762 -1.27757855
v 4.84955790 1.77307518 -1.25023184
v 4.84955790 1.77307518 -1.25023184
v 4.91382131 1.58216076 -1.27743211
v 4.91382131 1.58216076 -1.27743211
v 4.91382131 1.58216076 -1.27743211
v 4.85724796 1.77536990 -1.24992998
v 4.85724796 1.77536990 -1.24992998
v 4.84039015 1.80432301 -1.25422118
v 4.84039015 1.80432301 -1.25422118
v 4.84039015 1.80432301 -1.25422118
v 4.84808022 1.80661772 -1.25391932
v 4.84808022 1.80661772 -1.25391932
v 4.84808022 1.80661772 -1.25391932
v 4.84808023 1.80557028 -1.24595711
v 4.84808023 1.80557028 -1.24595711
v 4.84808023 1.80557028 -1.24595711
v 4.84039016 1.80327558 -1.24625897
v 4.84039016 1.80327558 -1.24625897
v 4.84039016 1.80327558 -1.24625897
v 4.91037617 1.58320482 1.29729164
v 4.91037617 1.58320482 1.29729164
v 4.91037617 1.58320482 1.29729164
v 4.90830855 1.77617833 1.23370217
v 4.90830855 1.77617833 1.23370217
v 4.91037617 1.58194803 1.29360430
v 4.91037617 1.58194803 1.29360430
v 4.91037617 1.58194803 1.29360430
v 4.90830854 1.77358746 1.22610077
v 4.90830854 1.77358746 1.22610077
v 4.91427181 1.58320482 1.29729163
v 4.91427181 1.58320482 1.29729163
v 4.91427181 1.58320482 1.29729163
v 4.91633936 1.77617833 1.23370217
v 4.91633936 1.77617833 1.23370217
v 4.91427181 1.58194803 1.29360429
v 4.91427181 1.58194803 1.29360429
v 4.91427181 1.58194803 1.29360429
v 4.91633935 1.77358746 1.22610076
v 4.91633935 1.77358746 1.22610076
v 4.90830854 1.80628772 1.22343965
v 4.90830854 1.80628772 1.22343965
v 4.90830854 1.80628772 1.22343965
v 4.90830854 1.80369686 1.21583825
v 4.90830854 1.80369686 1.21583825
v 4.90830854 1.80369686 1.21583825
v 4.91633935 1.80369686 1.21583824
v 4.91633935 1.80369686 1.21583824
v 4.91633935 1.80369686 1.21583824
v 4.91633935 1.80628772 1.22343965
v 4.91633935 1.80628772 1.22343965
v 4.91633935 1.80628772 1.22343965
v 4.92039070 1.58320482 1.29729163
v 4.92039070 1.58320482 1.29729163
v 4.92039070 1.58320482 1.29729163
v 4.91832307 1.77617833 1.23370217
v 4.91832307 1.77617833 1.23370217
v 4.92039070 1.58194803 1.29360430
v 4.92039070 1.58194803 1.29360430
v 4.92039070 1.58194803 1.29360430
v 4.91832307 1.77358746 1.22610077
v 4.91832307 1.77358746 1.22610077
v 4.92428634 1.58320482 1.29729163
v 4.92428634 1.58320482 1.29729163
v 4.92428634 1.58320482 1.29729163
v 4.92635388 1.77617833 1.23370217
v 4.92635388 1.77617833 1.23370217
v 4.92428634 1.58194803 1.29360429
v 4.92428634 1.58194803 1.29360429
v 4.92428634 1.58194803 1.29360429
v 4.92635388 1.77358746 1.22610076
v 4.92635388 1.77358746 1.22610076
v 4.91832307 1.80628772 1.22343965
v 4.91832307 1.80628772 1.22343965
v 4.91832307 1.80628772 1.22343965
v 4.91832306 1.80369686 1.21583825
v 4.91832306 1.80369686 1.21583825
v 4.91832306 1.80369686 1.21583825
v 4.92635387 1.80369686 1.21583824
v 4.92635387 1.80369686 1.21583824
v 4.92635387 1.80369686 1.21583824
v 4.92635388 1.80628772 1.22343965
v 4.92635388 1.80628772 1.22343965
v 4.92635388 1.80628772 1.22343965
v 4.89829268 1.58384583 1.30439679
v 4.89829268 1.58384583 1.30439679
v 4.89829268 1.58384583 1.30439679
v 4.93140221 1.77543668 1.36341704
v 4.93140221 1.77543668 1.36341704
v 4.89849036 1.58492145 1.30065781
v 4.89849036 1.58492145 1.30065781
v 4.89849036 1.58492145 1.30065781
v 4.93180973 1.77765403 1.35570921
v 4.93180973 1.77765403 1.35570921
v 4.90212415 1.58314166 1.30439679
v 4.90212415 1.58314166 1.30439679
v 4.90212415 1.58314166 1.30439679
v 4.93930074 1.77398503 1.36341704
v 4.93930074 1.77398503 1.36341704
v 4.90232183 1.58421728 1.30065781
v 4.90232183 1.58421728 1.30065781
v 4.90232183 1.58421728 1.30065781
v 4.93970825 1.77620241 1.35570920
v 4.93970825 1.77620241 1.35570920
v 4.93692098 1.80546482 1.37234722
v 4.93692098 1.80546482 1.37234722
v 4.93692098 1.80546482 1.37234722
v 4.93732849 1.80768217 1.36463936
v 4.93732849 1.80768217 1.36463936
v 4.93732849 1.80768217 1.36463936
v 4.94522702 1.80623055 1.36463936
v 4.94522702 1.80623055 1.36463936
v 4.94522702 1.80623055 1.36463936
v 4.94481950 1.80401319 1.37234722
v 4.94481950 1.80401319 1.37234722
v 4.94481950 1.80401319 1.37234722
v 4.90814191 1.58203547 1.30439679
v 4.90814191 1.58203547 1.30439679
v 4.90814191 1.58203547 1.30439679
v 4.94125144 1.77362631 1.36341704
v 4.94125144 1.77362631 1.36341704
v 4.90833959 1.58311110 1.30065781
v 4.90833959 1.58311110 1.30065781
v 4.90833959 1.58311110 1.30065781
v 4.94165895 1.77584367 1.35570920
v 4.94165895 1.77584367 1.35570920
v 4.91197337 1.58133131 1.30439679
v 4.91197337 1.58133131 1.30439679
v 4.91197337 1.58133131 1.30439679
v 4.94914996 1.77217469 1.36341704
v 4.94914996 1.77217469 1.36341704
v 4.91217106 1.58240692 1.30065781
v 4.91217106 1.58240692 1.30065781
v 4.91217106 1.58240692 1.30065781
v 4.94955748 1.77439204 1.35570920
v 4.94955748 1.77439204 1.35570920
v 4.94677020 1.80365448 1.37234722
v 4.94677020 1.80365448 1.37234722
v 4.94677020 1.80365448 1.37234722
v 4.94717772 1.80587183 1.36463936
v 4.94717772 1.80587183 1.36463936
v 4.94717772 1.80587183 1.36463936
v 4.95507624 1.80442020 1.36463936
v 4.95507624 1.80442020 1.36463936
v 4.95507624 1.80442020 1.36463936
v 4.95466872 1.80220285 1.37234722
v 4.95466872 1.80220285 1.37234722
v 4.95466872 1.80220285 1.37234722
v 4.91006951 1.58100631 1.29014120
v 4.91006951 1.58100631 1.29014120
v 4.91006951 1.58100631 1.29014120
v 4.84953640 1.77496033 1.28807363
v 4.84953640 1.77496033 1.28807363
v 4.91379985 1.58212904 1.29014120
v 4.91379985 1.58212904 1.29014120
v 4.91379985 1.58212904 1.29014120
v 4.85722647 1.77727480 1.28807362
v 4.85722647 1.77727480 1.28807362
v 4.91006951 1.58100631 1.29403684
v 4.91006951 1.58100631 1.29403684
v 4.91006951 1.58100631 1.29403684
v 4.84953640 1.77496033 1.29610444
v 4.84953640 1.77496033 1.29610444
v 4.91379985 1.58212904 1.29403684
v 4.91379985 1.58212904 1.29403684
v 4.91379985 1.58212904 1.29403684
v 4.85722647 1.77727480 1.29610443
v 4.85722647 1.77727480 1.29610443
v 4.84036866 1.80542090 1.28807363
v 4.84036866 1.80542090 1.28807363
v 4.84036866 1.80542090 1.28807363
v 4.84805873 1.80773539 1.28807363
v 4.84805873 1.80773539 1.28807363
v 4.84805873 1.80773539 1.28807363
v 4.84805873 1.80773539 1.29610444
v 4.84805873 1.80773539 1.29610444
v 4.84805873 1.80773539 1.29610444
v 4.84036866 1.80542090 1.29610444
v 4.84036866 1.80542090 1.29610444
v 4.84036866 1.80542090 1.29610444
v 4.91006951 1.58100631 1.30015539
v 4.91006951 1.58100631 1.30015539
v 4.91006951 1.58100631 1.30015539
v 4.84953641 1.77496033 1.29808782
v 4.84953641 1.77496033 1.29808782
v 4.91379986 1.58212904 1.30015539
v 4.91379986 1.58212904 1.30015539
v 4.91379986 1.58212904 1.30015539
v 4.85722647 1.77727480 1.29808782
v 4.85722647 1.77727480 1.29808782
v 4.91006951 1.58100631 1.30405104
v 4.91006951 1.58100631 1.30405104
v 4.91006951 1.58100631 1.30405104
v 4.84953641 1.77496033 1.30611864
v 4.84953641 1.77496033 1.30611864
v 4.91379986 1.58212904 1.30405104
v 4.91379986 1.58212904 1.30405104
v 4.91379986 1.58212904 1.30405104
v 4.85722647 1.77727480 1.30611863
v 4.85722647 1.77727480 1.30611863
v 4.84036866 1.80542090 1.29808783
v 4.84036866 1.80542090 1.29808783
v 4.84036866 1.80542090 1.29808783
v 4.84805873 1.80773539 1.29808782
v 4.84805873 1.80773539 1.29808782
v 4.84805873 1.80773539 1.29808782
v 4.84805873 1.80773539 1.30611864
v 4.84805873 1.80773539 1.30611864
v 4.84805873 1.80773539 1.30611864
v 4.84036867 1.80542090 1.30611864
v 4.84036867 1.80542090 1.30611864
v 4.84036867 1.80542090 1.30611864
v 4.92457148 1.58286175 1.29454977
v 4.92457148 1.58286175 1.29454977
v 4.92457148 1.58286175 1.29454977
v 4.98510454 1.77542865 1.27130291
v 4.98510454 1.77542865 1.27130291
v 4.92084114 1.58397489 1.29440335
v 4.92084114 1.58397489 1.29440335
v 4.92084114 1.58397489 1.29440335
v 4.97741448 1.77772337 1.27100106
v 4.97741448 1.77772337 1.27100106
v 4.92457148 1.58235367 1.29068741
v 4.92457148 1.58235367 1.29068741
v 4.92457148 1.58235367 1.29068741
v 4.98510453 1.77438123 1.26334070
v 4.98510453 1.77438123 1.26334070
v 4.92084113 1.58346680 1.29054098
v 4.92084113 1.58346680 1.29054098
v 4.92084113 1.58346680 1.29054098
v 4.97741447 1.77667592 1.26303884
v 4.97741447 1.77667592 1.26303884
v 4.99427228 1.80562905 1.26733003
v 4.99427228 1.80562905 1.26733003
v 4.99427228 1.80562905 1.26733003
v 4.98658221 1.80792376 1.26702817
v 4.98658221 1.80792376 1.26702817
v 4.98658221 1.80792376 1.26702817
v 4.98658220 1.80687632 1.25906595
v 4.98658220 1.80687632 1.25906595
v 4.98658220 1.80687632 1.25906595
v 4.99427226 1.80458160 1.25936782
v 4.99427226 1.80458160 1.25936782
v 4.99427226 1.80458160 1.25936782
v 4.92457148 1.58155571 1.28462056
v 4.92457148 1.58155571 1.28462056
v 4.92457148 1.58155571 1.28462056
v 4.98510454 1.77412263 1.26137368
v 4.98510454 1.77412263 1.26137368
v 4.92084113 1.58266885 1.28447413
v 4.92084113 1.58266885 1.28447413
v 4.92084113 1.58266885 1.28447413
v 4.97741447 1.77641732 1.26107183
v 4.97741447 1.77641732 1.26107183
v 4.92457147 1.58104762 1.28075820
v 4.92457147 1.58104762 1.28075820
v 4.92457147 1.58104762 1.28075820
v 4.98510453 1.77307518 1.25341147
v 4.98510453 1.77307518 1.25341147
v 4.92084113 1.58216076 1.28061176
v 4.92084113 1.58216076 1.28061176
v 4.92084113 1.58216076 1.28061176
v 4.97741447 1.77536990 1.25310962
v 4.97741447 1.77536990 1.25310962
v 4.99427227 1.80432301 1.25740081
v 4.99427227 1.80432301 1.25740081
v 4.99427227 1.80432301 1.25740081
v 4.98658221 1.80661772 1.25709895
v 4.98658221 1.80661772 1.25709895
v 4.98658221 1.80661772 1.25709895
v 4.98658220 1.80557028 1.24913674
v 4.98658220 1.80557028 1.24913674
v 4.98658220 1.80557028 1.24913674
v 4.99427226 1.80327558 1.24943860
v 4.99427226 1.80327558 1.24943860
v 4.99427226 1.80327558 1.24943860
v 4.92428627 1.58320482 3.09923205
v 4.92428627 1.58320482 3.09923205
v 4.92428627 1.58320482 3.09923205
v 4.92635387 1.77617833 3.16282151
v 4.92635387 1.77617833 3.16282151
v 4.92428627 1.58194803 3.10291938
v 4.92428627 1.58194803 3.10291938
v 4.92428627 1.58194803 3.10291938
v 4.92635387 1.77358746 3.17042291
v 4.92635387 1.77358746 3.17042291
v 4.92039063 1.58320482 3.09923205
v 4.92039063 1.58320482 3.09923205
v 4.92039063 1.58320482 3.09923205
v 4.91832306 1.77617833 3.16282151
v 4.91832306 1.77617833 3.16282151
v 4.92039063 1.58194803 3.10291939
v 4.92039063 1.58194803 3.10291939
v 4.92039063 1.58194803 3.10291939
v 4.91832306 1.77358746 3.17042292
v 4.91832306 1.77358746 3.17042292
v 4.92635388 1.80628772 3.17308403
v 4.92635388 1.80628772 3.17308403
v 4.92635388 1.80628772 3.17308403
v 4.92635388 1.80369686 3.18068543
v 4.92635388 1.80369686 3.18068543
v 4.92635388 1.80369686 3.18068543
v 4.91832307 1.80369686 3.18068544
v 4.91832307 1.80369686 3.18068544
v 4.91832307 1.80369686 3.18068544
v 4.91832307 1.80628772 3.17308403
v 4.91832307 1.80628772 3.17308403
v 4.91832307 1.80628772 3.17308403
v 4.91427174 1.58320482 3.09923205
v 4.91427174 1.58320482 3.09923205
v 4.91427174 1.58320482 3.09923205
v 4.91633934 1.77617833 3.16282151
v 4.91633934 1.77617833 3.16282151
v 4.91427174 1.58194803 3.10291938
v 4.91427174 1.58194803 3.10291938
v 4.91427174 1.58194803 3.10291938
v 4.91633935 1.77358746 3.17042291
v 4.91633935 1.77358746 3.17042291
v 4.91037610 1.58320482 3.09923205
v 4.91037610 1.58320482 3.09923205
v 4.91037610 1.58320482 3.09923205
v 4.90830854 1.77617833 3.16282151
v 4.90830854 1.77617833 3.16282151
v 4.91037610 1.58194803 3.10291939
v 4.91037610 1.58194803 3.10291939
v 4.91037610 1.58194803 3.10291939
v 4.90830854 1.77358746 3.17042292
v 4.90830854 1.77358746 3.17042292
v 4.91633935 1.80628772 3.17308403
v 4.91633935 1.80628772 3.17308403
v 4.91633935 1.80628772 3.17308403
v 4.91633935 1.80369686 3.18068543
v 4.91633935 1.80369686 3.18068543
v 4.91633935 1.80369686 3.18068543
v 4.90830854 1.80369686 3.18068544
v 4.90830854 1.80369686 3.18068544
v 4.90830854 1.80369686 3.18068544
v 4.90830854 1.80628772 3.17308403
v 4.90830854 1.80628772 3.17308403
v 4.90830854 1.80628772 3.17308403
v 4.93636976 1.58384583 3.09212690
v 4.93636976 1.58384583 3.09212690
v 4.93636976 1.58384583 3.09212690
v 4.90326025 1.77543668 3.03310663
v 4.90326025 1.77543668 3.03310663
v 4.93617208 1.58492145 3.09586588
v 4.93617208 1.58492145 3.09586588
v 4.93617208 1.58492145 3.09586588
v 4.90285273 1.77765403 3.04081447
v 4.90285273 1.77765403 3.04081447
v 4.93253829 1.58314166 3.09212690
v 4.93253829 1.58314166 3.09212690
v 4.93253829 1.58314166 3.09212690
v 4.89536172 1.77398503 3.03310663
v 4.89536172 1.77398503 3.03310663
v 4.93234061 1.58421728 3.09586588
v 4.93234061 1.58421728 3.09586588
v 4.93234061 1.58421728 3.09586588
v 4.89495421 1.77620241 3.04081447
v 4.89495421 1.77620241 3.04081447
v 4.89774149 1.80546482 3.02417645
v 4.89774149 1.80546482 3.02417645
v 4.89774149 1.80546482 3.02417645
v 4.89733397 1.80768217 3.03188431
v 4.89733397 1.80768217 3.03188431
v 4.89733397 1.80768217 3.03188431
v 4.88943545 1.80623055 3.03188431
v 4.88943545 1.80623055 3.03188431
v 4.88943545 1.80623055 3.03188431
v 4.88984296 1.80401319 3.02417645
v 4.88984296 1.80401319 3.02417645
v 4.88984296 1.80401319 3.02417645
v 4.92652054 1.58203547 3.09212690
v 4.92652054 1.58203547 3.09212690
v 4.92652054 1.58203547 3.09212690
v 4.89341102 1.77362631 3.03310663
v 4.89341102 1.77362631 3.03310663
v 4.92632286 1.58311110 3.09586588
v 4.92632286 1.58311110 3.09586588
v 4.92632286 1.58311110 3.09586588
v 4.89300350 1.77584367 3.04081447
v 4.89300350 1.77584367 3.04081447
v 4.92268907 1.58133131 3.09212690
v 4.92268907 1.58133131 3.09212690
v 4.92268907 1.58133131 3.09212690
v 4.88551250 1.77217469 3.03310663
v 4.88551250 1.77217469 3.03310663
v 4.92249139 1.58240692 3.09586588
v 4.92249139 1.58240692 3.09586588
v 4.92249139 1.58240692 3.09586588
v 4.88510498 1.77439204 3.04081447
v 4.88510498 1.77439204 3.04081447
v 4.88789227 1.80365448 3.02417645
v 4.88789227 1.80365448 3.02417645
v 4.88789227 1.80365448 3.02417645
v 4.88748475 1.80587183 3.03188431
v 4.88748475 1.80587183 3.03188431
v 4.88748475 1.80587183 3.03188431
v 4.87958622 1.80442020 3.03188431
v 4.87958622 1.80442020 3.03188431
v 4.87958622 1.80442020 3.03188431
v 4.87999374 1.80220285 3.02417645
v 4.87999374 1.80220285 3.02417645
v 4.87999374 1.80220285 3.02417645
v 4.92459293 1.58100631 3.10638249
v 4.92459293 1.58100631 3.10638249
v 4.92459293 1.58100631 3.10638249
v 4.98512604 1.77496033 3.10845008
v 4.98512604 1.77496033 3.10845008
v 4.92086259 1.58212904 3.10638249
v 4.92086259 1.58212904 3.10638249
v 4.92086259 1.58212904 3.10638249
v 4.97743597 1.77727480 3.10845008
v 4.97743597 1.77727480 3.10845008
v 4.92459293 1.58100631 3.10248685
v 4.92459293 1.58100631 3.10248685
v 4.92459293 1.58100631 3.10248685
v 4.98512604 1.77496033 3.10041927
v 4.98512604 1.77496033 3.10041927
v 4.92086258 1.58212904 3.10248685
v 4.92086258 1.58212904 3.10248685
v 4.92086258 1.58212904 3.10248685
v 4.97743597 1.77727480 3.10041927
v 4.97743597 1.77727480 3.10041927
v 4.99429378 1.80542090 3.10845008
v 4.99429378 1.80542090 3.10845008
v 4.99429378 1.80542090 3.10845008
v 4.98660371 1.80773539 3.10845008
v 4.98660371 1.80773539 3.10845008
v 4.98660371 1.80773539 3.10845008
v 4.98660371 1.80773539 3.10041927
v 4.98660371 1.80773539 3.10041927
v 4.98660371 1.80773539 3.10041927
v 4.99429378 1.80542090 3.10041927
v 4.99429378 1.80542090 3.10041927
v 4.99429378 1.80542090 3.10041927
v 4.92459293 1.58100631 3.09636829
v 4.92459293 1.58100631 3.09636829
v 4.92459293 1.58100631 3.09636829
v 4.98512604 1.77496033 3.09843588
v 4.98512604 1.77496033 3.09843588
v 4.92086258 1.58212904 3.09636829
v 4.92086258 1.58212904 3.09636829
v 4.92086258 1.58212904 3.09636829
v 4.97743597 1.77727480 3.09843588
v 4.97743597 1.77727480 3.09843588
v 4.92459293 1.58100631 3.09247265
v 4.92459293 1.58100631 3.09247265
v 4.92459293 1.58100631 3.09247265
v 4.98512604 1.77496033 3.09040507
v 4.98512604 1.77496033 3.09040507
v 4.92086258 1.58212904 3.09247265
v 4.92086258 1.58212904 3.09247265
v 4.92086258 1.58212904 3.09247265
v 4.97743597 1.77727480 3.09040507
v 4.97743597 1.77727480 3.09040507
v 4.99429378 1.80542090 3.09843588
v 4.99429378 1.80542090 3.09843588
v 4.99429378 1.80542090 3.09843588
v 4.98660371 1.80773539 3.09843588
v 4.98660371 1.80773539 3.09843588
v 4.98660371 1.80773539 3.09843588
v 4.98660371 1.80773539 3.09040507
v 4.98660371 1.80773539 3.09040507
v 4.98660371 1.80773539 3.09040507
v 4.99429378 1.80542090 3.09040507
v 4.99429378 1.80542090 3.09040507
v 4.99429378 1.80542090 3.09040507
v 4.91009096 1.58286175 3.10197391
v 4.91009096 1.58286175 3.10197391
v 4.91009096 1.58286175 3.10197391
v 4.84955789 1.77542865 3.12522075
v 4.84955789 1.77542865 3.12522075
v 4.91382130 1.58397489 3.10212033
v 4.91382130 1.58397489 3.10212033
v 4.91382130 1.58397489 3.10212033
v 4.85724795 1.77772337 3.12552261
v 4.85724795 1.77772337 3.12552261
v 4.91009096 1.58235367 3.10583627
v 4.91009096 1.58235367 3.10583627
v 4.91009096 1.58235367 3.10583627
v 4.84955790 1.77438123 3.13318296
v 4.84955790 1.77438123 3.13318296
v 4.91382131 1.58346680 3.10598270
v 4.91382131 1.58346680 3.10598270
v 4.91382131 1.58346680 3.10598270
v 4.85724796 1.77667592 3.13348483
v 4.85724796 1.77667592 3.13348483
v 4.84039015 1.80562905 3.12919362
v 4.84039015 1.80562905 3.12919362
v 4.84039015 1.80562905 3.12919362
v 4.84808022 1.80792376 3.12949549
v 4.84808022 1.80792376 3.12949549
v 4.84808022 1.80792376 3.12949549
v 4.84808023 1.80687632 3.13745771
v 4.84808023 1.80687632 3.13745771
v 4.84808023 1.80687632 3.13745771
v 4.84039016 1.80458160 3.13715584
v 4.84039016 1.80458160 3.13715584
v 4.84039016 1.80458160 3.13715584
v 4.91009096 1.58155571 3.11190312
v 4.91009096 1.58155571 3.11190312
v 4.91009096 1.58155571 3.11190312
v 4.84955789 1.77412263 3.13514998
v 4.84955789 1.77412263 3.13514998
v 4.91382130 1.58266885 3.11204955
v 4.91382130 1.58266885 3.11204955
v 4.91382130 1.58266885 3.11204955
v 4.85724795 1.77641732 3.13545183
v 4.85724795 1.77641732 3.13545183
v 4.91009096 1.58104762 3.11576548
v 4.91009096 1.58104762 3.11576548
v 4.91009096 1.58104762 3.11576548
v 4.84955790 1.77307518 3.14311219
v 4.84955790 1.77307518 3.14311219
v 4.91382131 1.58216076 3.11591192
v 4.91382131 1.58216076 3.11591192
v 4.91382131 1.58216076 3.11591192
v 4.85724796 1.77536990 3.14341405
v 4.85724796 1.77536990 3.14341405
v 4.84039015 1.80432301 3.13912285
v 4.84039015 1.80432301 3.13912285
v 4.84039015 1.80432301 3.13912285
v 4.84808022 1.80661772 3.13942471
v 4.84808022 1.80661772 3.13942471
v 4.84808022 1.80661772 3.13942471
v 4.84808023 1.80557028 3.14738693
v 4.84808023 1.80557028 3.14738693
v 4.84808023 1.80557028 3.14738693
v 4.84039016 1.80327558 3.14708506
v 4.84039016 1.80327558 3.14708506
v 4.84039016 1.80327558 3.14708506
v 4.91037617 1.58320482 5.48756723
v 4.91037617 1.58320482 5.48756723
v 4.91037617 1.58320482 5.48756723
v 4.90830855 1.77617833 5.42397777
v 4.90830855 1.77617833 5.42397777
v 4.91037617 1.58194803 5.48387990
v 4.91037617 1.58194803 5.48387990
v 4.91037617 1.58194803 5.48387990
v 4.90830854 1.77358746 5.41637637
v 4.90830854 1.77358746 5.41637637
v 4.91427181 1.58320482 5.48756723
v 4.91427181 1.58320482 5.48756723
v 4.91427181 1.58320482 5.48756723
v 4.91633936 1.77617833 5.42397777
v 4.91633936 1.77617833 5.42397777
v 4.91427181 1.58194803 5.48387989
v 4.91427181 1.58194803 5.48387989
v 4.91427181 1.58194803 5.48387989
v 4.91633935 1.77358746 5.41637636
v 4.91633935 1.77358746 5.41637636
v 4.90830854 1.80628772 5.41371525
v 4.90830854 1.80628772 5.41371525
v 4.90830854 1.80628772 5.41371525
v 4.90830854 1.80369686 5.40611385
v 4.90830854 1.80369686 5.40611385
v 4.90830854 1.80369686 5.40611385
v 4.91633935 1.80369686 5.40611384
v 4.91633935 1.80369686 5.40611384
v 4.91633935 1.80369686 5.40611384
v 4.91633935 1.80628772 5.41371525
v 4.91633935 1.80628772 5.41371525
v 4.91633935 1.80628772 5.41371525
v 4.92039070 1.58320482 5.48756723
v 4.92039070 1.58320482 5.48756723
v 4.92039070 1.58320482 5.48756723
v 4.91832307 1.77617833 5.42397777
v 4.91832307 1.77617833 5.42397777
v 4.92039070 1.58194803 5.48387990
v 4.92039070 1.58194803 5.48387990
v 4.92039070 1.58194803 5.48387990
v 4.91832307 1.77358746 5.41637637
v 4.91832307 1.77358746 5.41637637
v 4.92428634 1.58320482 5.48756723
v 4.92428634 1.58320482 5.48756723
v 4.92428634 1.58320482 5.48756723
v 4.92635388 1.77617833 5.42397777
v 4.92635388 1.77617833 5.42397777
v 4.92428634 1.58194803 5.48387988
v 4.92428634 1.58194803 5.48387988
v 4.92428634 1.58194803 5.48387988
v 4.92635388 1.77358746 5.41637636
v 4.92635388 1.77358746 5.41637636
v 4.91832307 1.80628772 5.41371525
v 4.91832307 1.80628772 5.41371525
v 4.91832307 1.80628772 5.41371525
v 4.91832306 1.80369686 5.40611385
v 4.91832306 1.80369686 5.40611385
v 4.91832306 1.80369686 5.40611385
v 4.92635387 1.80369686 5.40611384
v 4.92635387 1.80369686 5.40611384
v 4.92635387 1.80369686 5.40611384
v 4.92635388 1.80628772 5.41371525
v 4.92635388 1.80628772 5.41371525
v 4.92635388 1.80628772 5.41371525
v 4.89829268 1.58384583 5.49467239
v 4.89829268 1.58384583 5.49467239
v 4.89829268 1.58384583 5.49467239
v 4.93140221 1.77543668 5.55369264
v 4.93140221 1.77543668 5.55369264
v 4.89849036 1.58492145 5.49093341
v 4.89849036 1.58492145 5.49093341
v 4.89849036 1.58492145 5.49093341
v 4.93180973 1.77765403 5.54598480
v 4.93180973 1.77765403 5.54598480
v 4.90212415 1.58314166 5.49467239
v 4.90212415 1.58314166 5.49467239
v 4.90212415 1.58314166 5.49467239
v 4.93930074 1.77398503 5.55369264
v 4.93930074 1.77398503 5.55369264
v 4.90232183 1.58421728 5.49093341
v 4.90232183 1.58421728 5.49093341
v 4.90232183 1.58421728 5.49093341
v 4.93970825 1.77620241 5.54598480
v 4.93970825 1.77620241 5.54598480
v 4.93692098 1.80546482 5.56262282
v 4.93692098 1.80546482 5.56262282
v 4.93692098 1.80546482 5.56262282
v 4.93732849 1.80768217 5.55491496
v 4.93732849 1.80768217 5.55491496
v 4.93732849 1.80768217 5.55491496
v 4.94522702 1.80623055 5.55491496
v 4.94522702 1.80623055 5.55491496
v 4.94522702 1.80623055 5.55491496
v 4.94481950 1.80401319 5.56262282
v 4.94481950 1.80401319 5.56262282
v 4.94481950 1.80401319 5.56262282
v 4.90814191 1.58203547 5.49467239
v 4.90814191 1.58203547 5.49467239
v 4.90814191 1.58203547 5.49467239
v 4.94125144 1.77362631 5.55369264
v 4.94125144 1.77362631 5.55369264
v 4.90833959 1.58311110 5.49093341
v 4.90833959 1.58311110 5.49093341
v 4.90833959 1.58311110 5.49093341
v 4.94165895 1.77584367 5.54598480
v 4.94165895 1.77584367 5.54598480
v 4.91197337 1.58133131 5.49467238
v 4.91197337 1.58133131 5.49467238
v 4.91197337 1.58133131 5.49467238
v 4.94914996 1.77217469 5.55369264
v 4.94914996 1.77217469 5.55369264
v 4.91217106 1.58240692 5.49093341
v 4.91217106 1.58240692 5.49093341
v 4.91217106 1.58240692 5.49093341
v 4.94955748 1.77439204 5.54598480
v 4.94955748 1.77439204 5.54598480
v 4.94677020 1.80365448 5.56262282
v 4.94677020 1.80365448 5.56262282
v 4.94677020 1.80365448 5.56262282
v 4.94717772 1.80587183 5.55491496
v 4.94717772 1.80587183 5.55491496
v 4.94717772 1.80587183 5.55491496
v 4.95507624 1.80442020 5.55491496
v 4.95507624 1.80442020 5.55491496
v 4.95507624 1.80442020 5.55491496
v 4.95466872 1.80220285 5.56262282
v 4.95466872 1.80220285 5.56262282
v 4.95466872 1.80220285 5.56262282
v 4.91006951 1.58100631 5.48041679
v 4.91006951 1.58100631 5.48041679
v 4.91006951 1.58100631 5.48041679
v 4.84953640 1.77496033 5.47834923
v 4.84953640 1.77496033 5.47834923
v 4.91379985 1.58212904 5.48041679
v 4.91379985 1.58212904 5.48041679
v 4.91379985 1.58212904 5.48041679
v 4.85722647 1.77727480 5.47834922
v 4.85722647 1.77727480 5.47834922
v 4.91006951 1.58100631 5.48431244
v 4.91006951 1.58100631 5.48431244
v 4.91006951 1.58100631 5.48431244
v 4.84953640 1.77496033 5.48638004
v 4.84953640 1.77496033 5.48638004
v 4.91379985 1.58212904 5.48431244
v 4.91379985 1.58212904 5.48431244
v 4.91379985 1.58212904 5.48431244
v 4.85722647 1.77727480 5.48638003
v 4.85722647 1.77727480 5.48638003
v 4.84036866 1.80542090 5.47834923
v 4.84036866 1.80542090 5.47834923
v 4.84036866 1.80542090 5.47834923
v 4.84805873 1.80773539 5.47834923
v 4.84805873 1.80773539 5.47834923
v 4.84805873 1.80773539 5.47834923
v 4.84805873 1.80773539 5.48638004
v 4.84805873 1.80773539 5.48638004
v 4.84805873 1.80773539 5.48638004
v 4.84036866 1.80542090 5.48638004
v 4.84036866 1.80542090 5.48638004
v 4.84036866 1.80542090 5.48638004
v 4.91006951 1.58100631 5.49043099
v 4.91006951 1.58100631 5.49043099
v 4.91006951 1.58100631 5.49043099
v 4.84953641 1.77496033 5.48836342
v 4.84953641 1.77496033 5.48836342
v 4.91379986 1.58212904 5.49043099
v 4.91379986 1.58212904 5.49043099
v 4.91379986 1.58212904 5.49043099
v 4.85722647 1.77727480 5.48836342
v 4.85722647 1.77727480 5.48836342
v 4.91006951 1.58100631 5.49432664
v 4.91006951 1.58100631 5.49432664
v 4.91006951 1.58100631 5.49432664
v 4.84953641 1.77496033 5.49639423
v 4.84953641 1.77496033 5.49639423
v 4.91379986 1.58212904 5.49432663
v 4.91379986 1.58212904 5.49432663
v 4.91379986 1.58212904 5.49432663
v 4.85722647 1.77727480 5.49639423
v 4.85722647 1.77727480 5.49639423
v 4.84036866 1.80542090 5.48836343
v 4.84036866 1.80542090 5.48836343
v 4.84036866 1.80542090 5.48836343
v 4.84805873 1.80773539 5.48836342
v 4.84805873 1.80773539 5.48836342
v 4.84805873 1.80773539 5.48836342
v 4.84805873 1.80773539 5.49639423
v 4.84805873 1.80773539 5.49639423
v 4.84805873 1.80773539 5.49639423
v 4.84036867 1.80542090 5.49639424
v 4.84036867 1.80542090 5.49639424
v 4.84036867 1.80542090 5.49639424
v 4.92457148 1.58286175 5.48482537
v 4.92457148 1.58286175 5.48482537
v 4.92457148 1.58286175 5.48482537
v 4.98510454 1.77542865 5.46157851
v 4.98510454 1.77542865 5.46157851
v 4.92084114 1.58397489 5.48467895
v 4.92084114 1.58397489 5.48467895
v 4.92084114 1.58397489 5.48467895
v 4.97741448 1.77772337 5.46127666
v 4.97741448 1.77772337 5.46127666
v 4.92457148 1.58235367 5.48096301
v 4.92457148 1.58235367 5.48096301
v 4.92457148 1.58235367 5.48096301
v 4.98510453 1.77438123 5.45361630
v 4.98510453 1.77438123 5.45361630
v 4.92084113 1.58346680 5.48081658
v 4.92084113 1.58346680 5.48081658
v 4.92084113 1.58346680 5.48081658
v 4.97741447 1.77667592 5.45331443
v 4.97741447 1.77667592 5.45331443
v 4.99427228 1.80562905 5.45760563
v 4.99427228 1.80562905 5.45760563
v 4.99427228 1.80562905 5.45760563
v 4.98658221 1.80792376 5.45730377
v 4.98658221 1.80792376 5.45730377
v 4.98658221 1.80792376 5.45730377
v 4.98658220 1.80687632 5.44934155
v 4.98658220 1.80687632 5.44934155
v 4.98658220 1.80687632 5.44934155
v 4.99427226 1.80458160 5.44964342
v 4.99427226 1.80458160 5.44964342
v 4.99427226 1.80458160 5.44964342
v 4.92457148 1.58155571 5.47489615
v 4.92457148 1.58155571 5.47489615
v 4.92457148 1.58155571 5.47489615
v 4.98510454 1.77412263 5.45164928
v 4.98510454 1.77412263 5.45164928
v 4.92084113 1.58266885 5.47474973
v 4.92084113 1.58266885 5.47474973
v 4.92084113 1.58266885 5.47474973
v 4.97741447 1.77641732 5.45134743
v 4.97741447 1.77641732 5.45134743
v 4.92457147 1.58104762 5.47103379
v 4.92457147 1.58104762 5.47103379
v 4.92457147 1.58104762 5.47103379
v 4.98510453 1.77307518 5.44368707
v 4.98510453 1.77307518 5.44368707
v 4.92084113 1.58216076 5.47088736
v 4.92084113 1.58216076 5.47088736
v 4.92084113 1.58216076 5.47088736
v 4.97741447 1.77536990 5.44338522
v 4.97741447 1.77536990 5.44338522
v 4.99427227 1.80432301 5.44767641
v 4.99427227 1.80432301 5.44767641
v 4.99427227 1.80432301 5.44767641
v 4.98658221 1.80661772 5.44737455
v 4.98658221 1.80661772 5.44737455
v 4.98658221 1.80661772 5.44737455
v 4.98658220 1.80557028 5.43941233
v 4.98658220 1.80557028 5.43941233
v 4.98658220 1.80557028 5.43941233
v 4.99427226 1.80327558 5.43971420
v 4.99427226 1.80327558 5.43971420
v 4.99427226 1.80327558 5.43971420
v -4.57019035 1.10581129 -3.12842742
v -4.57019035 1.10581129 -3.12842742
v -4.57019035 1.10581129 -3.12842742
v -4.57225798 1.29878479 -3.19201689
v -4.57225798 1.29878479 -3.19201689
v -4.57019035 1.10455449 -3.13211476
v -4.57019035 1.10455449 -3.13211476
v -4.57019035 1.10455449 -3.13211476
v -4.57225798 1.29619393 -3.19961829
v -4.57225798 1.29619393 -3.19961829
v -4.56629471 1.10581129 -3.12842743
v -4.56629471 1.10581129 -3.12842743
v -4.56629471 1.10581129 -3.12842743
v -4.56422717 1.29878479 -3.19201689
v -4.56422717 1.29878479 -3.19201689
v -4.56629471 1.10455449 -3.13211477
v -4.56629471 1.10455449 -3.13211477
v -4.56629471 1.10455449 -3.13211477
v -4.56422717 1.29619393 -3.19961830
v -4.56422717 1.29619393 -3.19961830
v -4.57225798 1.32889419 -3.20227941
v -4.57225798 1.32889419 -3.20227941
v -4.57225798 1.32889419 -3.20227941
v -4.57225799 1.32630332 -3.20988081
v -4.57225799 1.32630332 -3.20988081
v -4.57225799 1.32630332 -3.20988081
v -4.56422718 1.32630332 -3.20988082
v -4.56422718 1.32630332 -3.20988082
v -4.56422718 1.32630332 -3.20988082
v -4.56422717 1.32889419 -3.20227941
v -4.56422717 1.32889419 -3.20227941
v -4.56422717 1.32889419 -3.20227941
v -4.56017582 1.10581129 -3.12842743
v -4.56017582 1.10581129 -3.12842743
v -4.56017582 1.10581129 -3.12842743
v -4.56224345 1.29878479 -3.19201689
v -4.56224345 1.29878479 -3.19201689
v -4.56017583 1.10455449 -3.13211476
v -4.56017583 1.10455449 -3.13211476
v -4.56017583 1.10455449 -3.13211476
v -4.56224345 1.29619393 -3.19961829
v -4.56224345 1.29619393 -3.19961829
v -4.55628018 1.10581129 -3.12842743
v -4.55628018 1.10581129 -3.12842743
v -4.55628018 1.10581129 -3.12842743
v -4.55421264 1.29878479 -3.19201689
v -4.55421264 1.29878479 -3.19201689
v -4.55628019 1.10455449 -3.13211477
v -4.55628019 1.10455449 -3.13211477
v -4.55628019 1.10455449 -3.13211477
v -4.55421264 1.29619393 -3.19961830
v -4.55421264 1.29619393 -3.19961830
v -4.56224346 1.32889419 -3.20227941
v -4.56224346 1.32889419 -3.20227941
v -4.56224346 1.32889419 -3.20227941
v -4.56224346 1.32630332 -3.20988081
v -4.56224346 1.32630332 -3.20988081
v -4.56224346 1.32630332 -3.20988081
v -4.55421265 1.32630332 -3.20988082
v -4.55421265 1.32630332 -3.20988082
v -4.55421265 1.32630332 -3.20988082
v -4.55421265 1.32889419 -3.20227941
v -4.55421265 1.32889419 -3.20227941
v -4.55421265 1.32889419 -3.20227941
v -4.58227384 1.10645229 -3.12132227
v -4.58227384 1.10645229 -3.12132227
v -4.58227384 1.10645229 -3.12132227
v -4.54916431 1.29804314 -3.06230202
v -4.54916431 1.29804314 -3.06230202
v -4.58207616 1.10752792 -3.12506125
v -4.58207616 1.10752792 -3.12506125
v -4.58207616 1.10752792 -3.12506125
v -4.54875679 1.30026050 -3.07000985
v -4.54875679 1.30026050 -3.07000985
v -4.57844237 1.10574812 -3.12132227
v -4.57844237 1.10574812 -3.12132227
v -4.57844237 1.10574812 -3.12132227
v -4.54126578 1.29659149 -3.06230202
v -4.54126578 1.29659149 -3.06230202
v -4.57824469 1.10682374 -3.12506125
v -4.57824469 1.10682374 -3.12506125
v -4.57824469 1.10682374 -3.12506125
v -4.54085827 1.29880887 -3.07000986
v -4.54085827 1.29880887 -3.07000986
v -4.54364555 1.32807128 -3.05337184
v -4.54364555 1.32807128 -3.05337184
v -4.54364555 1.32807128 -3.05337184
v -4.54323803 1.33028864 -3.06107970
v -4.54323803 1.33028864 -3.06107970
v -4.54323803 1.33028864 -3.06107970
v -4.53533951 1.32883701 -3.06107970
v -4.53533951 1.32883701 -3.06107970
v -4.53533951 1.32883701 -3.06107970
v -4.53574702 1.32661965 -3.05337184
v -4.53574702 1.32661965 -3.05337184
v -4.53574702 1.32661965 -3.05337184
v -4.57242462 1.10464194 -3.12132227
v -4.57242462 1.10464194 -3.12132227
v -4.57242462 1.10464194 -3.12132227
v -4.53931508 1.29623278 -3.06230202
v -4.53931508 1.29623278 -3.06230202
v -4.57222694 1.10571756 -3.12506125
v -4.57222694 1.10571756 -3.12506125
v -4.57222694 1.10571756 -3.12506125
v -4.53890757 1.29845013 -3.07000986
v -4.53890757 1.29845013 -3.07000986
v -4.56859315 1.10393777 -3.12132227
v -4.56859315 1.10393777 -3.12132227
v -4.56859315 1.10393777 -3.12132227
v -4.53141656 1.29478115 -3.06230202
v -4.53141656 1.29478115 -3.06230202
v -4.56839547 1.10501338 -3.12506125
v -4.56839547 1.10501338 -3.12506125
v -4.56839547 1.10501338 -3.12506125
v -4.53100904 1.29699851 -3.07000986
v -4.53100904 1.29699851 -3.07000986
v -4.53379632 1.32626094 -3.05337184
v -4.53379632 1.32626094 -3.05337184
v -4.53379632 1.32626094 -3.05337184
v -4.53338881 1.32847830 -3.06107970
v -4.53338881 1.32847830 -3.06107970
v -4.53338881 1.32847830 -3.06107970
v -4.52549028 1.32702667 -3.06107970
v -4.52549028 1.32702667 -3.06107970
v -4.52549028 1.32702667 -3.06107970
v -4.52589780 1.32480931 -3.05337184
v -4.52589780 1.32480931 -3.05337184
v -4.52589780 1.32480931 -3.05337184
v -4.57049702 1.10361278 -3.13557786
v -4.57049702 1.10361278 -3.13557786
v -4.57049702 1.10361278 -3.13557786
v -4.63103012 1.29756679 -3.13764543
v -4.63103012 1.29756679 -3.13764543
v -4.56676667 1.10473551 -3.13557787
v -4.56676667 1.10473551 -3.13557787
v -4.56676667 1.10473551 -3.13557787
v -4.62334006 1.29988126 -3.13764544
v -4.62334006 1.29988126 -3.13764544
v -4.57049702 1.10361278 -3.13168222
v -4.57049702 1.10361278 -3.13168222
v -4.57049702 1.10361278 -3.13168222
v -4.63103012 1.29756679 -3.12961462
v -4.63103012 1.29756679 -3.12961462
v -4.56676667 1.10473551 -3.13168222
v -4.56676667 1.10473551 -3.13168222
v -4.56676667 1.10473551 -3.13168222
v -4.62334006 1.29988126 -3.12961463
v -4.62334006 1.29988126 -3.12961463
v -4.64019786 1.32802737 -3.13764543
v -4.64019786 1.32802737 -3.13764543
v -4.64019786 1.32802737 -3.13764543
v -4.63250780 1.33034186 -3.13764543
v -4.63250780 1.33034186 -3.13764543
v -4.63250780 1.33034186 -3.13764543
v -4.63250779 1.33034186 -3.12961462
v -4.63250779 1.33034186 -3.12961462
v -4.63250779 1.33034186 -3.12961462
v -4.64019786 1.32802737 -3.12961462
v -4.64019786 1.32802737 -3.12961462
v -4.64019786 1.32802737 -3.12961462
v -4.57049701 1.10361278 -3.12556367
v -4.57049701 1.10361278 -3.12556367
v -4.57049701 1.10361278 -3.12556367
v -4.63103012 1.29756679 -3.12763124
v -4.63103012 1.29756679 -3.12763124
v -4.56676667 1.10473551 -3.12556367
v -4.56676667 1.10473551 -3.12556367
v -4.56676667 1.10473551 -3.12556367
v -4.62334005 1.29988126 -3.12763124
v -4.62334005 1.29988126 -3.12763124
v -4.57049701 1.10361278 -3.12166802
v -4.57049701 1.10361278 -3.12166802
v -4.57049701 1.10361278 -3.12166802
v -4.63103012 1.29756679 -3.11960042
v -4.63103012 1.29756679 -3.11960042
v -4.56676667 1.10473551 -3.12166802
v -4.56676667 1.10473551 -3.12166802
v -4.56676667 1.10473551 -3.12166802
v -4.62334005 1.29988126 -3.11960043
v -4.62334005 1.29988126 -3.11960043
v -4.64019786 1.32802737 -3.12763123
v -4.64019786 1.32802737 -3.12763123
v -4.64019786 1.32802737 -3.12763123
v -4.63250779 1.33034186 -3.12763124
v -4.63250779 1.33034186 -3.12763124
v -4.63250779 1.33034186 -3.12763124
v -4.63250779 1.33034186 -3.11960042
v -4.63250779 1.33034186 -3.11960042
v -4.63250779 1.33034186 -3.11960042
v -4.64019786 1.32802737 -3.11960042
v -4.64019786 1.32802737 -3.11960042
v -4.64019786 1.32802737 -3.11960042
v -4.55599504 1.10546821 -3.13116929
v -4.55599504 1.10546821 -3.13116929
v -4.55599504 1.10546821 -3.13116929
v -4.49546198 1.29803512 -3.15441615
v -4.49546198 1.29803512 -3.15441615
v -4.55972539 1.10658136 -3.13131571
v -4.55972539 1.10658136 -3.13131571
v -4.55972539 1.10658136 -3.13131571
v -4.50315205 1.30032983 -3.15471800
v -4.50315205 1.30032983 -3.15471800
v -4.55599505 1.10496013 -3.13503165
v -4.55599505 1.10496013 -3.13503165
v -4.55599505 1.10496013 -3.13503165
v -4.49546199 1.29698769 -3.16237836
v -4.49546199 1.29698769 -3.16237836
v -4.55972539 1.10607326 -3.13517808
v -4.55972539 1.10607326 -3.13517808
v -4.55972539 1.10607326 -3.13517808
v -4.50315205 1.29928239 -3.16268022
v -4.50315205 1.29928239 -3.16268022
v -4.48629425 1.32823551 -3.15838903
v -4.48629425 1.32823551 -3.15838903
v -4.48629425 1.32823551 -3.15838903
v -4.49398431 1.33053023 -3.15869089
v -4.49398431 1.33053023 -3.15869089
v -4.49398431 1.33053023 -3.15869089
v -4.49398432 1.32948278 -3.16665311
v -4.49398432 1.32948278 -3.16665311
v -4.49398432 1.32948278 -3.16665311
v -4.48629426 1.32718807 -3.16635124
v -4.48629426 1.32718807 -3.16635124
v -4.48629426 1.32718807 -3.16635124
v -4.55599504 1.10416217 -3.14109850
v -4.55599504 1.10416217 -3.14109850
v -4.55599504 1.10416217 -3.14109850
v -4.49546199 1.29672909 -3.16434538
v -4.49546199 1.29672909 -3.16434538
v -4.55972539 1.10527532 -3.14124493
v -4.55972539 1.10527532 -3.14124493
v -4.55972539 1.10527532 -3.14124493
v -4.50315205 1.29902379 -3.16464723
v -4.50315205 1.29902379 -3.16464723
v -4.55599505 1.10365409 -3.14496086
v -4.55599505 1.10365409 -3.14496086
v -4.55599505 1.10365409 -3.14496086
v -4.49546199 1.29568165 -3.17230759
v -4.49546199 1.29568165 -3.17230759
v -4.55972540 1.10476722 -3.14510730
v -4.55972540 1.10476722 -3.14510730
v -4.55972540 1.10476722 -3.14510730
v -4.50315206 1.29797636 -3.17260944
v -4.50315206 1.29797636 -3.17260944
v -4.48629425 1.32692947 -3.16831825
v -4.48629425 1.32692947 -3.16831825
v -4.48629425 1.32692947 -3.16831825
v -4.49398431 1.32922418 -3.16862011
v -4.49398431 1.32922418 -3.16862011
v -4.49398431 1.32922418 -3.16862011
v -4.49398433 1.32817674 -3.17658233
v -4.49398433 1.32817674 -3.17658233
v -4.49398433 1.32817674 -3.17658233
v -4.48629426 1.32588204 -3.17628046
v -4.48629426 1.32588204 -3.17628046
v -4.48629426 1.32588204 -3.17628046
v -4.55628026 1.10581129 -0.64390542
v -4.55628026 1.10581129 -0.64390542
v -4.55628026 1.10581129 -0.64390542
v -4.55421265 1.29878479 -0.58031595
v -4.55421265 1.29878479 -0.58031595
v -4.55628026 1.10455449 -0.64021808
v -4.55628026 1.10455449 -0.64021808
v -4.55628026 1.10455449 -0.64021808
v -4.55421265 1.29619393 -0.57271455
v -4.55421265 1.29619393 -0.57271455
v -4.56017590 1.10581129 -0.64390542
v -4.56017590 1.10581129 -0.64390542
v -4.56017590 1.10581129 -0.64390542
v -4.56224346 1.29878479 -0.58031595
v -4.56224346 1.29878479 -0.58031595
v -4.56017589 1.10455449 -0.64021807
v -4.56017589 1.10455449 -0.64021807
v -4.56017589 1.10455449 -0.64021807
v -4.56224346 1.29619393 -0.57271455
v -4.56224346 1.29619393 -0.57271455
v -4.55421265 1.32889419 -0.57005343
v -4.55421265 1.32889419 -0.57005343
v -4.55421265 1.32889419 -0.57005343
v -4.55421265 1.32630332 -0.56245203
v -4.55421265 1.32630332 -0.56245203
v -4.55421265 1.32630332 -0.56245203
v -4.56224346 1.32630332 -0.56245203
v -4.56224346 1.32630332 -0.56245203
v -4.56224346 1.32630332 -0.56245203
v -4.56224346 1.32889419 -0.57005343
v -4.56224346 1.32889419 -0.57005343
v -4.56224346 1.32889419 -0.57005343
v -4.56629478 1.10581129 -0.64390542
v -4.56629478 1.10581129 -0.64390542
v -4.56629478 1.10581129 -0.64390542
v -4.56422718 1.29878479 -0.58031595
v -4.56422718 1.29878479 -0.58031595
v -4.56629478 1.10455449 -0.64021808
v -4.56629478 1.10455449 -0.64021808
v -4.56629478 1.10455449 -0.64021808
v -4.56422718 1.29619393 -0.57271455
v -4.56422718 1.29619393 -0.57271455
v -4.57019042 1.10581129 -0.64390542
v -4.57019042 1.10581129 -0.64390542
v -4.57019042 1.10581129 -0.64390542
v -4.57225799 1.29878479 -0.58031595
v -4.57225799 1.29878479 -0.58031595
v -4.57019042 1.10455449 -0.64021807
v -4.57019042 1.10455449 -0.64021807
v -4.57019042 1.10455449 -0.64021807
v -4.57225799 1.29619393 -0.57271455
v -4.57225799 1.29619393 -0.57271455
v -4.56422718 1.32889419 -0.57005343
v -4.56422718 1.32889419 -0.57005343
v -4.56422718 1.32889419 -0.57005343
v -4.56422717 1.32630332 -0.56245203
v -4.56422717 1.32630332 -0.56245203
v -4.56422717 1.32630332 -0.56245203
v -4.57225798 1.32630332 -0.56245203
v -4.57225798 1.32630332 -0.56245203
v -4.57225798 1.32630332 -0.56245203
v -4.57225798 1.32889419 -0.57005343
v -4.57225798 1.32889419 -0.57005343
v -4.57225798 1.32889419 -0.57005343
v -4.54419676 1.10645229 -0.65101057
v -4.54419676 1.10645229 -0.65101057
v -4.54419676 1.10645229 -0.65101057
v -4.57730627 1.29804314 -0.71003083
v -4.57730627 1.29804314 -0.71003083
v -4.54439444 1.10752792 -0.64727159
v -4.54439444 1.10752792 -0.64727159
v -4.54439444 1.10752792 -0.64727159
v -4.57771379 1.30026050 -0.70232299
v -4.57771379 1.30026050 -0.70232299
v -4.54802823 1.10574812 -0.65101057
v -4.54802823 1.10574812 -0.65101057
v -4.54802823 1.10574812 -0.65101057
v -4.58520480 1.29659149 -0.71003083
v -4.58520480 1.29659149 -0.71003083
v -4.54822591 1.10682374 -0.64727159
v -4.54822591 1.10682374 -0.64727159
v -4.54822591 1.10682374 -0.64727159
v -4.58561232 1.29880887 -0.70232299
v -4.58561232 1.29880887 -0.70232299
v -4.58282503 1.32807128 -0.71896101
v -4.58282503 1.32807128 -0.71896101
v -4.58282503 1.32807128 -0.71896101
v -4.58323255 1.33028864 -0.71125315
v -4.58323255 1.33028864 -0.71125315
v -4.58323255 1.33028864 -0.71125315
v -4.59113108 1.32883701 -0.71125315
v -4.59113108 1.32883701 -0.71125315
v -4.59113108 1.32883701 -0.71125315
v -4.59072356 1.32661965 -0.71896101
v -4.59072356 1.32661965 -0.71896101
v -4.59072356 1.32661965 -0.71896101
v -4.55404599 1.10464194 -0.65101057
v -4.55404599 1.10464194 -0.65101057
v -4.55404599 1.10464194 -0.65101057
v -4.58715550 1.29623278 -0.71003083
v -4.58715550 1.29623278 -0.71003083
v -4.55424367 1.10571756 -0.64727159
v -4.55424367 1.10571756 -0.64727159
v -4.55424367 1.10571756 -0.64727159
v -4.58756302 1.29845013 -0.70232299
v -4.58756302 1.29845013 -0.70232299
v -4.55787746 1.10393777 -0.65101057
v -4.55787746 1.10393777 -0.65101057
v -4.55787746 1.10393777 -0.65101057
v -4.59505403 1.29478115 -0.71003083
v -4.59505403 1.29478115 -0.71003083
v -4.55807514 1.10501338 -0.64727159
v -4.55807514 1.10501338 -0.64727159
v -4.55807514 1.10501338 -0.64727159
v -4.59546154 1.29699851 -0.70232299
v -4.59546154 1.29699851 -0.70232299
v -4.59267426 1.32626094 -0.71896101
v -4.59267426 1.32626094 -0.71896101
v -4.59267426 1.32626094 -0.71896101
v -4.59308178 1.32847830 -0.71125315
v -4.59308178 1.32847830 -0.71125315
v -4.59308178 1.32847830 -0.71125315
v -4.60098030 1.32702667 -0.71125315
v -4.60098030 1.32702667 -0.71125315
v -4.60098030 1.32702667 -0.71125315
v -4.60057278 1.32480931 -0.71896101
v -4.60057278 1.32480931 -0.71896101
v -4.60057278 1.32480931 -0.71896101
v -4.55597359 1.10361278 -0.63675498
v -4.55597359 1.10361278 -0.63675498
v -4.55597359 1.10361278 -0.63675498
v -4.49544049 1.29756679 -0.63468739
v -4.49544049 1.29756679 -0.63468739
v -4.55970394 1.10473551 -0.63675498
v -4.55970394 1.10473551 -0.63675498
v -4.55970394 1.10473551 -0.63675498
v -4.50313055 1.29988126 -0.63468739
v -4.50313055 1.29988126 -0.63468739
v -4.55597359 1.10361278 -0.64065062
v -4.55597359 1.10361278 -0.64065062
v -4.55597359 1.10361278 -0.64065062
v -4.49544049 1.29756679 -0.64271820
v -4.49544049 1.29756679 -0.64271820
v -4.55970394 1.10473551 -0.64065062
v -4.55970394 1.10473551 -0.64065062
v -4.55970394 1.10473551 -0.64065062
v -4.50313055 1.29988126 -0.64271820
v -4.50313055 1.29988126 -0.64271820
v -4.48627275 1.32802737 -0.63468739
v -4.48627275 1.32802737 -0.63468739
v -4.48627275 1.32802737 -0.63468739
v -4.49396281 1.33034186 -0.63468739
v -4.49396281 1.33034186 -0.63468739
v -4.49396281 1.33034186 -0.63468739
v -4.49396281 1.33034186 -0.64271820
v -4.49396281 1.33034186 -0.64271820
v -4.49396281 1.33034186 -0.64271820
v -4.48627275 1.32802737 -0.64271820
v -4.48627275 1.32802737 -0.64271820
v -4.48627275 1.32802737 -0.64271820
v -4.55597359 1.10361278 -0.64676918
v -4.55597359 1.10361278 -0.64676918
v -4.55597359 1.10361278 -0.64676918
v -4.49544049 1.29756679 -0.64470159
v -4.49544049 1.29756679 -0.64470159
v -4.55970394 1.10473551 -0.64676918
v -4.55970394 1.10473551 -0.64676918
v -4.55970394 1.10473551 -0.64676918
v -4.50313055 1.29988126 -0.64470159
v -4.50313055 1.29988126 -0.64470159
v -4.55597359 1.10361278 -0.65066482
v -4.55597359 1.10361278 -0.65066482
v -4.55597359 1.10361278 -0.65066482
v -4.49544049 1.29756679 -0.65273240
v -4.49544049 1.29756679 -0.65273240
v -4.55970394 1.10473551 -0.65066482
v -4.55970394 1.10473551 -0.65066482
v -4.55970394 1.10473551 -0.65066482
v -4.50313055 1.29988126 -0.65273240
v -4.50313055 1.29988126 -0.65273240
v -4.48627275 1.32802737 -0.64470159
v -4.48627275 1.32802737 -0.64470159
v -4.48627275 1.32802737 -0.64470159
v -4.49396281 1.33034186 -0.64470159
v -4.49396281 1.33034186 -0.64470159
v -4.49396281 1.33034186 -0.64470159
v -4.49396281 1.33034186 -0.65273240
v -4.49396281 1.33034186 -0.65273240
v -4.49396281 1.33034186 -0.65273240
v -4.48627275 1.32802737 -0.65273240
v -4.48627275 1.32802737 -0.65273240
v -4.48627275 1.32802737 -0.65273240
v -4.57047557 1.10546821 -0.64116356
v -4.57047557 1.10546821 -0.64116356
v -4.57047557 1.10546821 -0.64116356
v -4.63100863 1.29803512 -0.61791672
v -4.63100863 1.29803512 -0.61791672
v -4.56674522 1.10658136 -0.64101714
v -4.56674522 1.10658136 -0.64101714
v -4.56674522 1.10658136 -0.64101714
v -4.62331857 1.30032983 -0.61761486
v -4.62331857 1.30032983 -0.61761486
v -4.57047556 1.10496013 -0.63730120
v -4.57047556 1.10496013 -0.63730120
v -4.57047556 1.10496013 -0.63730120
v -4.63100863 1.29698769 -0.60995450
v -4.63100863 1.29698769 -0.60995450
v -4.56674521 1.10607326 -0.63715476
v -4.56674521 1.10607326 -0.63715476
v -4.56674521 1.10607326 -0.63715476
v -4.62331856 1.29928239 -0.60965264
v -4.62331856 1.29928239 -0.60965264
v -4.64017637 1.32823551 -0.61394384
v -4.64017637 1.32823551 -0.61394384
v -4.64017637 1.32823551 -0.61394384
v -4.63248631 1.33053023 -0.61364198
v -4.63248631 1.33053023 -0.61364198
v -4.63248631 1.33053023 -0.61364198
v -4.63248630 1.32948278 -0.60567976
v -4.63248630 1.32948278 -0.60567976
v -4.63248630 1.32948278 -0.60567976
v -4.64017636 1.32718807 -0.60598163
v -4.64017636 1.32718807 -0.60598163
v -4.64017636 1.32718807 -0.60598163
v -4.57047557 1.10416217 -0.63123434
v -4.57047557 1.10416217 -0.63123434
v -4.57047557 1.10416217 -0.63123434
v -4.63100863 1.29672909 -0.60798749
v -4.63100863 1.29672909 -0.60798749
v -4.56674522 1.10527532 -0.63108792
v -4.56674522 1.10527532 -0.63108792
v -4.56674522 1.10527532 -0.63108792
v -4.62331857 1.29902379 -0.60768564
v -4.62331857 1.29902379 -0.60768564
v -4.57047556 1.10365409 -0.62737198
v -4.57047556 1.10365409 -0.62737198
v -4.57047556 1.10365409 -0.62737198
v -4.63100863 1.29568165 -0.60002527
v -4.63100863 1.29568165 -0.60002527
v -4.56674521 1.10476722 -0.62722555
v -4.56674521 1.10476722 -0.62722555
v -4.56674521 1.10476722 -0.62722555
v -4.62331856 1.29797636 -0.59972342
v -4.62331856 1.29797636 -0.59972342
v -4.64017637 1.32692947 -0.60401462
v -4.64017637 1.32692947 -0.60401462
v -4.64017637 1.32692947 -0.60401462
v -4.63248631 1.32922418 -0.60371275
v -4.63248631 1.32922418 -0.60371275
v -4.63248631 1.32922418 -0.60371275
v -4.63248630 1.32817674 -0.59575054
v -4.63248630 1.32817674 -0.59575054
v -4.63248630 1.32817674 -0.59575054
v -4.64017636 1.32588204 -0.59605241
v -4.64017636 1.32588204 -0.59605241
v -4.64017636 1.32588204 -0.59605241
v -4.57019035 1.10581129 0.84119535
v -4.57019035 1.10581129 0.84119535
v -4.57019035 1.10581129 0.84119535
v -4.57225798 1.29878479 0.77760589
v -4.57225798 1.29878479 0.77760589
v -4.57019035 1.10455449 0.83750802
v -4.57019035 1.10455449 0.83750802
v -4.57019035 1.10455449 0.83750802
v -4.57225798 1.29619393 0.77000449
v -4.57225798 1.29619393 0.77000449
v -4.56629471 1.10581129 0.84119535
v -4.56629471 1.10581129 0.84119535
v -4.56629471 1.10581129 0.84119535
v -4.56422717 1.29878479 0.77760589
v -4.56422717 1.29878479 0.77760589
v -4.56629471 1.10455449 0.83750800
v -4.56629471 1.10455449 0.83750800
v -4.56629471 1.10455449 0.83750800
v -4.56422717 1.29619393 0.77000448
v -4.56422717 1.29619393 0.77000448
v -4.57225798 1.32889419 0.76734337
v -4.57225798 1.32889419 0.76734337
v -4.57225798 1.32889419 0.76734337
v -4.57225799 1.32630332 0.75974197
v -4.57225799 1.32630332 0.75974197
v -4.57225799 1.32630332 0.75974197
v -4.56422718 1.32630332 0.75974196
v -4.56422718 1.32630332 0.75974196
v -4.56422718 1.32630332 0.75974196
v -4.56422717 1.32889419 0.76734337
v -4.56422717 1.32889419 0.76734337
v -4.56422717 1.32889419 0.76734337
v -4.56017582 1.10581129 0.84119535
v -4.56017582 1.10581129 0.84119535
v -4.56017582 1.10581129 0.84119535
v -4.56224345 1.29878479 0.77760589
v -4.56224345 1.29878479 0.77760589
v -4.56017583 1.10455449 0.83750801
v -4.56017583 1.10455449 0.83750801
v -4.56017583 1.10455449 0.83750801
v -4.56224345 1.29619393 0.77000448
v -4.56224345 1.29619393 0.77000448
v -4.55628018 1.10581129 0.84119535
v -4.55628018 1.10581129 0.84119535
v -4.55628018 1.10581129 0.84119535
v -4.55421264 1.29878479 0.77760588
v -4.55421264 1.29878479 0.77760588
v -4.55628019 1.10455449 0.83750800
v -4.55628019 1.10455449 0.83750800
v -4.55628019 1.10455449 0.83750800
v -4.55421264 1.29619393 0.77000448
v -4.55421264 1.29619393 0.77000448
v -4.56224346 1.32889419 0.76734337
v -4.56224346 1.32889419 0.76734337
v -4.56224346 1.32889419 0.76734337
v -4.56224346 1.32630332 0.75974196
v -4.56224346 1.32630332 0.75974196
v -4.56224346 1.32630332 0.75974196
v -4.55421265 1.32630332 0.75974196
v -4.55421265 1.32630332 0.75974196
v -4.55421265 1.32630332 0.75974196
v -4.55421265 1.32889419 0.76734336
v -4.55421265 1.32889419 0.76734336
v -4.55421265 1.32889419 0.76734336
v -4.58227384 1.10645229 0.84830050
v -4.58227384 1.10645229 0.84830050
v -4.58227384 1.10645229 0.84830050
v -4.54916431 1.29804314 0.90732076
v -4.54916431 1.29804314 0.90732076
v -4.58207616 1.10752792 0.84456153
v -4.58207616 1.10752792 0.84456153
v -4.58207616 1.10752792 0.84456153
v -4.54875679 1.30026050 0.89961292
v -4.54875679 1.30026050 0.89961292
v -4.57844237 1.10574812 0.84830050
v -4.57844237 1.10574812 0.84830050
v -4.57844237 1.10574812 0.84830050
v -4.54126578 1.29659149 0.90732076
v -4.54126578 1.29659149 0.90732076
v -4.57824469 1.10682374 0.84456153
v -4.57824469 1.10682374 0.84456153
v -4.57824469 1.10682374 0.84456153
v -4.54085827 1.29880887 0.89961292
v -4.54085827 1.29880887 0.89961292
v -4.54364555 1.32807128 0.91625094
v -4.54364555 1.32807128 0.91625094
v -4.54364555 1.32807128 0.91625094
v -4.54323803 1.33028864 0.90854308
v -4.54323803 1.33028864 0.90854308
v -4.54323803 1.33028864 0.90854308
v -4.53533951 1.32883701 0.90854308
v -4.53533951 1.32883701 0.90854308
v -4.53533951 1.32883701 0.90854308
v -4.53574702 1.32661965 0.91625094
v -4.53574702 1.32661965 0.91625094
v -4.53574702 1.32661965 0.91625094
v -4.57242462 1.10464194 0.84830050
v -4.57242462 1.10464194 0.84830050
v -4.57242462 1.10464194 0.84830050
v -4.53931508 1.29623278 0.90732076
v -4.53931508 1.29623278 0.90732076
v -4.57222694 1.10571756 0.84456152
v -4.57222694 1.10571756 0.84456152
v -4.57222694 1.10571756 0.84456152
v -4.53890757 1.29845013 0.89961292
v -4.53890757 1.29845013 0.89961292
v -4.56859315 1.10393777 0.84830050
v -4.56859315 1.10393777 0.84830050
v -4.56859315 1.10393777 0.84830050
v -4.53141656 1.29478115 0.90732075
v -4.53141656 1.29478115 0.90732075
v -4.56839547 1.10501338 0.84456152
v -4.56839547 1.10501338 0.84456152
v -4.56839547 1.10501338 0.84456152
v -4.53100904 1.29699851 0.89961291
v -4.53100904 1.29699851 0.89961291
v -4.53379632 1.32626094 0.91625094
v -4.53379632 1.32626094 0.91625094
v -4.53379632 1.32626094 0.91625094
v -4.53338881 1.32847830 0.90854307
v -4.53338881 1.32847830 0.90854307
v -4.53338881 1.32847830 0.90854307
v -4.52549028 1.32702667 0.90854307
v -4.52549028 1.32702667 0.90854307
v -4.52549028 1.32702667 0.90854307
v -4.52589780 1.32480931 0.91625093
v -4.52589780 1.32480931 0.91625093
v -4.52589780 1.32480931 0.91625093
v -4.57049702 1.10361278 0.83404491
v -4.57049702 1.10361278 0.83404491
v -4.57049702 1.10361278 0.83404491
v -4.63103012 1.29756679 0.83197734
v -4.63103012 1.29756679 0.83197734
v -4.56676667 1.10473551 0.83404491
v -4.56676667 1.10473551 0.83404491
v -4.56676667 1.10473551 0.83404491
v -4.62334006 1.29988126 0.83197734
v -4.62334006 1.29988126 0.83197734
v -4.57049702 1.10361278 0.83794055
v -4.57049702 1.10361278 0.83794055
v -4.57049702 1.10361278 0.83794055
v -4.63103012 1.29756679 0.84000815
v -4.63103012 1.29756679 0.84000815
v -4.56676667 1.10473551 0.83794055
v -4.56676667 1.10473551 0.83794055
v -4.56676667 1.10473551 0.83794055
v -4.62334006 1.29988126 0.84000815
v -4.62334006 1.29988126 0.84000815
v -4.64019786 1.32802737 0.83197734
v -4.64019786 1.32802737 0.83197734
v -4.64019786 1.32802737 0.83197734
v -4.63250780 1.33034186 0.83197734
v -4.63250780 1.33034186 0.83197734
v -4.63250780 1.33034186 0.83197734
v -4.63250779 1.33034186 0.84000815
v -4.63250779 1.33034186 0.84000815
v -4.63250779 1.33034186 0.84000815
v -4.64019786 1.32802737 0.84000815
v -4.64019786 1.32802737 0.84000815
v -4.64019786 1.32802737 0.84000815
v -4.57049701 1.10361278 0.84405911
v -4.57049701 1.10361278 0.84405911
v -4.57049701 1.10361278 0.84405911
v -4.63103012 1.29756679 0.84199154
v -4.63103012 1.29756679 0.84199154
v -4.56676667 1.10473551 0.84405911
v -4.56676667 1.10473551 0.84405911
v -4.56676667 1.10473551 0.84405911
v -4.62334005 1.29988126 0.84199154
v -4.62334005 1.29988126 0.84199154
v -4.57049701 1.10361278 0.84795475
v -4.57049701 1.10361278 0.84795475
v -4.57049701 1.10361278 0.84795475
v -4.63103012 1.29756679 0.85002235
v -4.63103012 1.29756679 0.85002235
v -4.56676667 1.10473551 0.84795475
v -4.56676667 1.10473551 0.84795475
v -4.56676667 1.10473551 0.84795475
v -4.62334005 1.29988126 0.85002235
v -4.62334005 1.29988126 0.85002235
v -4.64019786 1.32802737 0.84199154
v -4.64019786 1.32802737 0.84199154
v -4.64019786 1.32802737 0.84199154
v -4.63250779 1.33034186 0.84199154
v -4.63250779 1.33034186 0.84199154
v -4.63250779 1.33034186 0.84199154
v -4.63250779 1.33034186 0.85002235
v -4.63250779 1.33034186 0.85002235
v -4.63250779 1.33034186 0.85002235
v -4.64019786 1.32802737 0.85002235
v -4.64019786 1.32802737 0.85002235
v -4.64019786 1.32802737 0.85002235
v -4.55599504 1.10546821 0.83845349
v -4.55599504 1.10546821 0.83845349
v -4.55599504 1.10546821 0.83845349
v -4.49546198 1.29803512 0.81520663
v -4.49546198 1.29803512 0.81520663
v -4.55972539 1.10658136 0.83830707
v -4.55972539 1.10658136 0.83830707
v -4.55972539 1.10658136 0.83830707
v -4.50315205 1.30032983 0.81490477
v -4.50315205 1.30032983 0.81490477
v -4.55599505 1.10496013 0.83459113
v -4.55599505 1.10496013 0.83459113
v -4.55599505 1.10496013 0.83459113
v -4.49546199 1.29698769 0.80724441
v -4.49546199 1.29698769 0.80724441
v -4.55972539 1.10607326 0.83444469
v -4.55972539 1.10607326 0.83444469
v -4.55972539 1.10607326 0.83444469
v -4.50315205 1.29928239 0.80694255
v -4.50315205 1.29928239 0.80694255
v -4.48629425 1.32823551 0.81123375
v -4.48629425 1.32823551 0.81123375
v -4.48629425 1.32823551 0.81123375
v -4.49398431 1.33053023 0.81093189
v -4.49398431 1.33053023 0.81093189
v -4.49398431 1.33053023 0.81093189
v -4.49398432 1.32948278 0.80296967
v -4.49398432 1.32948278 0.80296967
v -4.49398432 1.32948278 0.80296967
v -4.48629426 1.32718807 0.80327154
v -4.48629426 1.32718807 0.80327154
v -4.48629426 1.32718807 0.80327154
v -4.55599504 1.10416217 0.82852427
v -4.55599504 1.10416217 0.82852427
v -4.55599504 1.10416217 0.82852427
v -4.49546199 1.29672909 0.80527740
v -4.49546199 1.29672909 0.80527740
v -4.55972539 1.10527532 0.82837785
v -4.55972539 1.10527532 0.82837785
v -4.55972539 1.10527532 0.82837785
v -4.50315205 1.29902379 0.80497555
v -4.50315205 1.29902379 0.80497555
v -4.55599505 1.10365409 0.82466191
v -4.55599505 1.10365409 0.82466191
v -4.55599505 1.10365409 0.82466191
v -4.49546199 1.29568165 0.79731518
v -4.49546199 1.29568165 0.79731518
v -4.55972540 1.10476722 0.82451548
v -4.55972540 1.10476722 0.82451548
v -4.55972540 1.10476722 0.82451548
v -4.50315206 1.29797636 0.79701333
v -4.50315206 1.29797636 0.79701333
v -4.48629425 1.32692947 0.80130452
v -4.48629425 1.32692947 0.80130452
v -4.48629425 1.32692947 0.80130452
v -4.49398431 1.32922418 0.80100266
v -4.49398431 1.32922418 0.80100266
v -4.49398431 1.32922418 0.80100266
v -4.49398433 1.32817674 0.79304045
v -4.49398433 1.32817674 0.79304045
v -4.49398433 1.32817674 0.79304045
v -4.48629426 1.32588204 0.79334231
v -4.48629426 1.32588204 0.79334231
v -4.48629426 1.32588204 0.79334231
v -4.55628026 1.10581129 3.07060343
v -4.55628026 1.10581129 3.07060343
v -4.55628026 1.10581129 3.07060343
v -4.55421265 1.29878479 3.13419289
v -4.55421265 1.29878479 3.13419289
v -4.55628026 1.10455449 3.07429076
v -4.55628026 1.10455449 3.07429076
v -4.55628026 1.10455449 3.07429076
v -4.55421265 1.29619393 3.14179429
v -4.55421265 1.29619393 3.14179429
v -4.56017590 1.10581129 3.07060343
v -4.56017590 1.10581129 3.07060343
v -4.56017590 1.10581129 3.07060343
v -4.56224346 1.29878479 3.13419289
v -4.56224346 1.29878479 3.13419289
v -4.56017589 1.10455449 3.07429077
v -4.56017589 1.10455449 3.07429077
v -4.56017589 1.10455449 3.07429077
v -4.56224346 1.29619393 3.14179430
v -4.56224346 1.29619393 3.14179430
v -4.55421265 1.32889419 3.14445541
v -4.55421265 1.32889419 3.14445541
v -4.55421265 1.32889419 3.14445541
v -4.55421265 1.32630332 3.15205681
v -4.55421265 1.32630332 3.15205681
v -4.55421265 1.32630332 3.15205681
v -4.56224346 1.32630332 3.15205682
v -4.56224346 1.32630332 3.15205682
v -4.56224346 1.32630332 3.15205682
v -4.56224346 1.32889419 3.14445541
v -4.56224346 1.32889419 3.14445541
v -4.56224346 1.32889419 3.14445541
v -4.56629478 1.10581129 3.07060343
v -4.56629478 1.10581129 3.07060343
v -4.56629478 1.10581129 3.07060343
v -4.56422718 1.29878479 3.13419289
v -4.56422718 1.29878479 3.13419289
v -4.56629478 1.10455449 3.07429076
v -4.56629478 1.10455449 3.07429076
v -4.56629478 1.10455449 3.07429076
v -4.56422718 1.29619393 3.14179429
v -4.56422718 1.29619393 3.14179429
v -4.57019042 1.10581129 3.07060343
v -4.57019042 1.10581129 3.07060343
v -4.57019042 1.10581129 3.07060343
v -4.57225799 1.29878479 3.13419289
v -4.57225799 1.29878479 3.13419289
v -4.57019042 1.10455449 3.07429077
v -4.57019042 1.10455449 3.07429077
v -4.57019042 1.10455449 3.07429077
v -4.57225799 1.29619393 3.14179430
v -4.57225799 1.29619393 3.14179430
v -4.56422718 1.32889419 3.14445541
v -4.56422718 1.32889419 3.14445541
v -4.56422718 1.32889419 3.14445541
v -4.56422717 1.32630332 3.15205681
v -4.56422717 1.32630332 3.15205681
v -4.56422717 1.32630332 3.15205681
v -4.57225798 1.32630332 3.15205682
v -4.57225798 1.32630332 3.15205682
v -4.57225798 1.32630332 3.15205682
v -4.57225798 1.32889419 3.14445541
v -4.57225798 1.32889419 3.14445541
v -4.57225798 1.32889419 3.14445541
v -4.54419676 1.10645229 3.06349828
v -4.54419676 1.10645229 3.06349828
v -4.54419676 1.10645229 3.06349828
v -4.57730627 1.29804314 3.00447801
v -4.57730627 1.29804314 3.00447801
v -4.54439444 1.10752792 3.06723725
v -4.54439444 1.10752792 3.06723725
v -4.54439444 1.10752792 3.06723725
v -4.57771379 1.30026050 3.01218585
v -4.57771379 1.30026050 3.01218585
v -4.54802823 1.10574812 3.06349828
v -4.54802823 1.10574812 3.06349828
v -4.54802823 1.10574812 3.06349828
v -4.58520480 1.29659149 3.00447801
v -4.58520480 1.29659149 3.00447801
v -4.54822591 1.10682374 3.06723725
v -4.54822591 1.10682374 3.06723725
v -4.54822591 1.10682374 3.06723725
v -4.58561232 1.29880887 3.01218585
v -4.58561232 1.29880887 3.01218585
v -4.58282503 1.32807128 2.99554783
v -4.58282503 1.32807128 2.99554783
v -4.58282503 1.32807128 2.99554783
v -4.58323255 1.33028864 3.00325569
v -4.58323255 1.33028864 3.00325569
v -4.58323255 1.33028864 3.00325569
v -4.59113108 1.32883701 3.00325569
v -4.59113108 1.32883701 3.00325569
v -4.59113108 1.32883701 3.00325569
v -4.59072356 1.32661965 2.99554783
v -4.59072356 1.32661965 2.99554783
v -4.59072356 1.32661965 2.99554783
v -4.55404599 1.10464194 3.06349828
v -4.55404599 1.10464194 3.06349828
v -4.55404599 1.10464194 3.06349828
v -4.58715550 1.29623278 3.00447801
v -4.58715550 1.29623278 3.00447801
v -4.55424367 1.10571756 3.06723725
v -4.55424367 1.10571756 3.06723725
v -4.55424367 1.10571756 3.06723725
v -4.58756302 1.29845013 3.01218585
v -4.58756302 1.29845013 3.01218585
v -4.55787746 1.10393777 3.06349828
v -4.55787746 1.10393777 3.06349828
v -4.55787746 1.10393777 3.06349828
v -4.59505403 1.29478115 3.00447801
v -4.59505403 1.29478115 3.00447801
v -4.55807514 1.10501338 3.06723725
v -4.55807514 1.10501338 3.06723725
v -4.55807514 1.10501338 3.06723725
v -4.59546154 1.29699851 3.01218585
v -4.59546154 1.29699851 3.01218585
v -4.59267426 1.32626094 2.99554783
v -4.59267426 1.32626094 2.99554783
v -4.59267426 1.32626094 2.99554783
v -4.59308178 1.32847830 3.00325569
v -4.59308178 1.32847830 3.00325569
v -4.59308178 1.32847830 3.00325569
v -4.60098030 1.32702667 3.00325569
v -4.60098030 1.32702667 3.00325569
v -4.60098030 1.32702667 3.00325569
v -4.60057278 1.32480931 2.99554783
v -4.60057278 1.32480931 2.99554783
v -4.60057278 1.32480931 2.99554783
v -4.55597359 1.10361278 3.07775387
v -4.55597359 1.10361278 3.07775387
v -4.55597359 1.10361278 3.07775387
v -4.49544049 1.29756679 3.07982146
v -4.49544049 1.29756679 3.07982146
v -4.55970394 1.10473551 3.07775387
v -4.55970394 1.10473551 3.07775387
v -4.55970394 1.10473551 3.07775387
v -4.50313055 1.29988126 3.07982146
v -4.50313055 1.29988126 3.07982146
v -4.55597359 1.10361278 3.07385822
v -4.55597359 1.10361278 3.07385822
v -4.55597359 1.10361278 3.07385822
v -4.49544049 1.29756679 3.07179064
v -4.49544049 1.29756679 3.07179064
v -4.55970394 1.10473551 3.07385822
v -4.55970394 1.10473551 3.07385822
v -4.55970394 1.10473551 3.07385822
v -4.50313055 1.29988126 3.07179064
v -4.50313055 1.29988126 3.07179064
v -4.48627275 1.32802737 3.07982146
v -4.48627275 1.32802737 3.07982146
v -4.48627275 1.32802737 3.07982146
v -4.49396281 1.33034186 3.07982146
v -4.49396281 1.33034186 3.07982146
v -4.49396281 1.33034186 3.07982146
v -4.49396281 1.33034186 3.07179064
v -4.49396281 1.33034186 3.07179064
v -4.49396281 1.33034186 3.07179064
v -4.48627275 1.32802737 3.07179064
v -4.48627275 1.32802737 3.07179064
v -4.48627275 1.32802737 3.07179064
v -4.55597359 1.10361278 3.06773967
v -4.55597359 1.10361278 3.06773967
v -4.55597359 1.10361278 3.06773967
v -4.49544049 1.29756679 3.06980726
v -4.49544049 1.29756679 3.06980726
v -4.55970394 1.10473551 3.06773967
v -4.55970394 1.10473551 3.06773967
v -4.55970394 1.10473551 3.06773967
v -4.50313055 1.29988126 3.06980726
v -4.50313055 1.29988126 3.06980726
v -4.55597359 1.10361278 3.06384403
v -4.55597359 1.10361278 3.06384403
v -4.55597359 1.10361278 3.06384403
v -4.49544049 1.29756679 3.06177645
v -4.49544049 1.29756679 3.06177645
v -4.55970394 1.10473551 3.06384403
v -4.55970394 1.10473551 3.06384403
v -4.55970394 1.10473551 3.06384403
v -4.50313055 1.29988126 3.06177645
v -4.50313055 1.29988126 3.06177645
v -4.48627275 1.32802737 3.06980726
v -4.48627275 1.32802737 3.06980726
v -4.48627275 1.32802737 3.06980726
v -4.49396281 1.33034186 3.06980726
v -4.49396281 1.33034186 3.06980726
v -4.49396281 1.33034186 3.06980726
v -4.49396281 1.33034186 3.06177645
v -4.49396281 1.33034186 3.06177645
v -4.49396281 1.33034186 3.06177645
v -4.48627275 1.32802737 3.06177645
v -4.48627275 1.32802737 3.06177645
v -4.48627275 1.32802737 3.06177645
v -4.57047557 1.10546821 3.07334528
v -4.57047557 1.10546821 3.07334528
v -4.57047557 1.10546821 3.07334528
v -4.63100863 1.29803512 3.09659213
v -4.63100863 1.29803512 3.09659213
v -4.56674522 1.10658136 3.07349171
v -4.56674522 1.10658136 3.07349171
v -4.56674522 1.10658136 3.07349171
v -4.62331857 1.30032983 3.09689398
v -4.62331857 1.30032983 3.09689398
v -4.57047556 1.10496013 3.07720764
v -4.57047556 1.10496013 3.07720764
v -4.57047556 1.10496013 3.07720764
v -4.63100863 1.29698769 3.10455434
v -4.63100863 1.29698769 3.10455434
v -4.56674521 1.10607326 3.07735408
v -4.56674521 1.10607326 3.07735408
v -4.56674521 1.10607326 3.07735408
v -4.62331856 1.29928239 3.10485621
v -4.62331856 1.29928239 3.10485621
v -4.64017637 1.32823551 3.10056500
v -4.64017637 1.32823551 3.10056500
v -4.64017637 1.32823551 3.10056500
v -4.63248631 1.33053023 3.10086687
v -4.63248631 1.33053023 3.10086687
v -4.63248631 1.33053023 3.10086687
v -4.63248630 1.32948278 3.10882908
v -4.63248630 1.32948278 3.10882908
v -4.63248630 1.32948278 3.10882908
v -4.64017636 1.32718807 3.10852721
v -4.64017636 1.32718807 3.10852721
v -4.64017636 1.32718807 3.10852721
v -4.57047557 1.10416217 3.08327450
v -4.57047557 1.10416217 3.08327450
v -4.57047557 1.10416217 3.08327450
v -4.63100863 1.29672909 3.10652136
v -4.63100863 1.29672909 3.10652136
v -4.56674522 1.10527532 3.08342093
v -4.56674522 1.10527532 3.08342093
v -4.56674522 1.10527532 3.08342093
v -4.62331857 1.29902379 3.10682321
v -4.62331857 1.29902379 3.10682321
v -4.57047556 1.10365409 3.08713686
v -4.57047556 1.10365409 3.08713686
v -4.57047556 1.10365409 3.08713686
v -4.63100863 1.29568165 3.11448357
v -4.63100863 1.29568165 3.11448357
v -4.56674521 1.10476722 3.08728330
v -4.56674521 1.10476722 3.08728330
v -4.56674521 1.10476722 3.08728330
v -4.62331856 1.29797636 3.11478542
v -4.62331856 1.29797636 3.11478542
v -4.64017637 1.32692947 3.11049422
v -4.64017637 1.32692947 3.11049422
v -4.64017637 1.32692947 3.11049422
v -4.63248631 1.32922418 3.11079609
v -4.63248631 1.32922418 3.11079609
v -4.63248631 1.32922418 3.11079609
v -4.63248630 1.32817674 3.11875830
v -4.63248630 1.32817674 3.11875830
v -4.63248630 1.32817674 3.11875830
v -4.64017636 1.32588204 3.11845644
v -4.64017636 1.32588204 3.11845644
v -4.64017636 1.32588204 3.11845644
v -0.09156146 1.10581129 -3.37811929
v -0.09156146 1.10581129 -3.37811929
v -0.09156146 1.10581129 -3.37811929
v -0.08949386 1.29878479 -3.31452983
v -0.08949386 1.29878479 -3.31452983
v -0.09156146 1.10455449 -3.37443196
v -0.09156146 1.10455449 -3.37443196
v -0.09156146 1.10455449 -3.37443196
v -0.08949385 1.29619393 -3.30692843
v -0.08949385 1.29619393 -3.30692843
v -0.09545710 1.10581129 -3.37811929
v -0.09545710 1.10581129 -3.37811929
v -0.09545710 1.10581129 -3.37811929
v -0.09752467 1.29878479 -3.31452983
v -0.09752467 1.29878479 -3.31452983
v -0.09545710 1.10455449 -3.37443195
v -0.09545710 1.10455449 -3.37443195
v -0.09545710 1.10455449 -3.37443195
v -0.09752466 1.29619393 -3.30692843
v -0.09752466 1.29619393 -3.30692843
v -0.08949385 1.32889419 -3.30426731
v -0.08949385 1.32889419 -3.30426731
v -0.08949385 1.32889419 -3.30426731
v -0.08949385 1.32630332 -3.29666591
v -0.08949385 1.32630332 -3.29666591
v -0.08949385 1.32630332 -3.29666591
v -0.09752466 1.32630332 -3.29666590
v -0.09752466 1.32630332 -3.29666590
v -0.09752466 1.32630332 -3.29666590
v -0.09752466 1.32889419 -3.30426731
v -0.09752466 1.32889419 -3.30426731
v -0.09752466 1.32889419 -3.30426731
v -0.10157599 1.10581129 -3.37811929
v -0.10157599 1.10581129 -3.37811929
v -0.10157599 1.10581129 -3.37811929
v -0.09950838 1.29878479 -3.31452983
v -0.09950838 1.29878479 -3.31452983
v -0.10157599 1.10455449 -3.37443196
v -0.10157599 1.10455449 -3.37443196
v -0.10157599 1.10455449 -3.37443196
v -0.09950838 1.29619393 -3.30692843
v -0.09950838 1.29619393 -3.30692843
v -0.10547163 1.10581129 -3.37811929
v -0.10547163 1.10581129 -3.37811929
v -0.10547163 1.10581129 -3.37811929
v -0.10753919 1.29878479 -3.31452983
v -0.10753919 1.29878479 -3.31452983
v -0.10547163 1.10455449 -3.37443195
v -0.10547163 1.10455449 -3.37443195
v -0.10547163 1.10455449 -3.37443195
v -0.10753919 1.29619393 -3.30692843
v -0.10753919 1.29619393 -3.30692843
v -0.09950838 1.32889419 -3.30426731
v -0.09950838 1.32889419 -3.30426731
v -0.09950838 1.32889419 -3.30426731
v -0.09950838 1.32630332 -3.29666591
v -0.09950838 1.32630332 -3.29666591
v -0.09950838 1.32630332 -3.29666591
v -0.10753919 1.32630332 -3.29666590
v -0.10753919 1.32630332 -3.29666590
v -0.10753919 1.32630332 -3.29666590
v -0.10753919 1.32889419 -3.30426731
v -0.10753919 1.32889419 -3.30426731
v -0.10753919 1.32889419 -3.30426731
v -0.07947797 1.10645229 -3.38522444
v -0.07947797 1.10645229 -3.38522444
v -0.07947797 1.10645229 -3.38522444
v -0.11258748 1.29804314 -3.44424471
v -0.11258748 1.29804314 -3.44424471
v -0.07967565 1.10752792 -3.38148547
v -0.07967565 1.10752792 -3.38148547
v -0.07967565 1.10752792 -3.38148547
v -0.11299500 1.30026050 -3.43653687
v -0.11299500 1.30026050 -3.43653687
v -0.08330943 1.10574812 -3.38522444
v -0.08330943 1.10574812 -3.38522444
v -0.08330943 1.10574812 -3.38522444
v -0.12048601 1.29659149 -3.44424471
v -0.12048601 1.29659149 -3.44424471
v -0.08350712 1.10682374 -3.38148547
v -0.08350712 1.10682374 -3.38148547
v -0.08350712 1.10682374 -3.38148547
v -0.12089352 1.29880887 -3.43653687
v -0.12089352 1.29880887 -3.43653687
v -0.11810624 1.32807128 -3.45317489
v -0.11810624 1.32807128 -3.45317489
v -0.11810624 1.32807128 -3.45317489
v -0.11851376 1.33028864 -3.44546703
v -0.11851376 1.33028864 -3.44546703
v -0.11851376 1.33028864 -3.44546703
v -0.12641228 1.32883701 -3.44546703
v -0.12641228 1.32883701 -3.44546703
v -0.12641228 1.32883701 -3.44546703
v -0.12600476 1.32661965 -3.45317489
v -0.12600476 1.32661965 -3.45317489
v -0.12600476 1.32661965 -3.45317489
v -0.08932719 1.10464194 -3.38522444
v -0.08932719 1.10464194 -3.38522444
v -0.08932719 1.10464194 -3.38522444
v -0.12243671 1.29623278 -3.44424471
v -0.12243671 1.29623278 -3.44424471
v -0.08952487 1.10571756 -3.38148547
v -0.08952487 1.10571756 -3.38148547
v -0.08952487 1.10571756 -3.38148547
v -0.12284422 1.29845013 -3.43653687
v -0.12284422 1.29845013 -3.43653687
v -0.09315866 1.10393777 -3.38522444
v -0.09315866 1.10393777 -3.38522444
v -0.09315866 1.10393777 -3.38522444
v -0.13033523 1.29478115 -3.44424471
v -0.13033523 1.29478115 -3.44424471
v -0.09335634 1.10501338 -3.38148547
v -0.09335634 1.10501338 -3.38148547
v -0.09335634 1.10501338 -3.38148547
v -0.13074275 1.29699851 -3.43653687
v -0.13074275 1.29699851 -3.43653687
v -0.12795546 1.32626094 -3.45317489
v -0.12795546 1.32626094 -3.45317489
v -0.12795546 1.32626094 -3.45317489
v -0.12836298 1.32847830 -3.44546703
v -0.12836298 1.32847830 -3.44546703
v -0.12836298 1.32847830 -3.44546703
v -0.13626151 1.32702667 -3.44546703
v -0.13626151 1.32702667 -3.44546703
v -0.13626151 1.32702667 -3.44546703
v -0.13585399 1.32480931 -3.45317489
v -0.13585399 1.32480931 -3.45317489
v -0.13585399 1.32480931 -3.45317489
v -0.09125480 1.10361278 -3.37096885
v -0.09125480 1.10361278 -3.37096885
v -0.09125480 1.10361278 -3.37096885
v -0.03072169 1.29756679 -3.36890126
v -0.03072169 1.29756679 -3.36890126
v -0.09498514 1.10473551 -3.37096885
v -0.09498514 1.10473551 -3.37096885
v -0.09498514 1.10473551 -3.37096885
v -0.03841176 1.29988126 -3.36890126
v -0.03841176 1.29988126 -3.36890126
v -0.09125480 1.10361278 -3.37486450
v -0.09125480 1.10361278 -3.37486450
v -0.09125480 1.10361278 -3.37486450
v -0.03072169 1.29756679 -3.37693208
v -0.03072169 1.29756679 -3.37693208
v -0.09498514 1.10473551 -3.37486450
v -0.09498514 1.10473551 -3.37486450
v -0.09498514 1.10473551 -3.37486450
v -0.03841176 1.29988126 -3.37693208
v -0.03841176 1.29988126 -3.37693208
v -0.02155395 1.32802737 -3.36890126
v -0.02155395 1.32802737 -3.36890126
v -0.02155395 1.32802737 -3.36890126
v -0.02924402 1.33034186 -3.36890126
v -0.02924402 1.33034186 -3.36890126
v -0.02924402 1.33034186 -3.36890126
v -0.02924402 1.33034186 -3.37693208
v -0.02924402 1.33034186 -3.37693208
v -0.02924402 1.33034186 -3.37693208
v -0.02155395 1.32802737 -3.37693208
v -0.02155395 1.32802737 -3.37693208
v -0.02155395 1.32802737 -3.37693208
v -0.09125480 1.10361278 -3.38098305
v -0.09125480 1.10361278 -3.38098305
v -0.09125480 1.10361278 -3.38098305
v -0.03072169 1.29756679 -3.37891546
v -0.03072169 1.29756679 -3.37891546
v -0.09498514 1.10473551 -3.38098305
v -0.09498514 1.10473551 -3.38098305
v -0.09498514 1.10473551 -3.38098305
v -0.03841176 1.29988126 -3.37891546
v -0.03841176 1.29988126 -3.37891546
v -0.09125480 1.10361278 -3.38487869
v -0.09125480 1.10361278 -3.38487869
v -0.09125480 1.10361278 -3.38487869
v -0.03072169 1.29756679 -3.38694627
v -0.03072169 1.29756679 -3.38694627
v -0.09498514 1.10473551 -3.38487869
v -0.09498514 1.10473551 -3.38487869
v -0.09498514 1.10473551 -3.38487869
v -0.03841176 1.29988126 -3.38694627
v -0.03841176 1.29988126 -3.38694627
v -0.02155395 1.32802737 -3.37891546
v -0.02155395 1.32802737 -3.37891546
v -0.02155395 1.32802737 -3.37891546
v -0.02924402 1.33034186 -3.37891546
v -0.02924402 1.33034186 -3.37891546
v -0.02924402 1.33034186 -3.37891546
v -0.02924402 1.33034186 -3.38694627
v -0.02924402 1.33034186 -3.38694627
v -0.02924402 1.33034186 -3.38694627
v -0.02155395 1.32802737 -3.38694627
v -0.02155395 1.32802737 -3.38694627
v -0.02155395 1.32802737 -3.38694627
v -0.10575677 1.10546821 -3.37537744
v -0.10575677 1.10546821 -3.37537744
v -0.10575677 1.10546821 -3.37537744
v -0.16628984 1.29803512 -3.35213059
v -0.16628984 1.29803512 -3.35213059
v -0.10202642 1.10658136 -3.37523101
v -0.10202642 1.10658136 -3.37523101
v -0.10202642 1.10658136 -3.37523101
v -0.15859977 1.30032983 -3.35182874
v -0.15859977 1.30032983 -3.35182874
v -0.10575677 1.10496013 -3.37151508
v -0.10575677 1.10496013 -3.37151508
v -0.10575677 1.10496013 -3.37151508
v -0.16628983 1.29698769 -3.34416838
v -0.16628983 1.29698769 -3.34416838
v -0.10202642 1.10607326 -3.37136864
v -0.10202642 1.10607326 -3.37136864
v -0.10202642 1.10607326 -3.37136864
v -0.15859977 1.29928239 -3.34386652
v -0.15859977 1.29928239 -3.34386652
v -0.17545757 1.32823551 -3.34815772
v -0.17545757 1.32823551 -3.34815772
v -0.17545757 1.32823551 -3.34815772
v -0.16776751 1.33053023 -3.34785585
v -0.16776751 1.33053023 -3.34785585
v -0.16776751 1.33053023 -3.34785585
v -0.16776750 1.32948278 -3.33989364
v -0.16776750 1.32948278 -3.33989364
v -0.16776750 1.32948278 -3.33989364
v -0.17545756 1.32718807 -3.34019551
v -0.17545756 1.32718807 -3.34019551
v -0.17545756 1.32718807 -3.34019551
v -0.10575677 1.10416217 -3.36544822
v -0.10575677 1.10416217 -3.36544822
v -0.10575677 1.10416217 -3.36544822
v -0.16628984 1.29672909 -3.34220136
v -0.16628984 1.29672909 -3.34220136
v -0.10202642 1.10527532 -3.36530179
v -0.10202642 1.10527532 -3.36530179
v -0.10202642 1.10527532 -3.36530179
v -0.15859977 1.29902379 -3.34189951
v -0.15859977 1.29902379 -3.34189951
v -0.10575677 1.10365409 -3.36158586
v -0.10575677 1.10365409 -3.36158586
v -0.10575677 1.10365409 -3.36158586
v -0.16628983 1.29568165 -3.33423915
v -0.16628983 1.29568165 -3.33423915
v -0.10202642 1.10476722 -3.36143942
v -0.10202642 1.10476722 -3.36143942
v -0.10202642 1.10476722 -3.36143942
v -0.15859977 1.29797636 -3.33393730
v -0.15859977 1.29797636 -3.33393730
v -0.17545757 1.32692947 -3.33822850
v -0.17545757 1.32692947 -3.33822850
v -0.17545757 1.32692947 -3.33822850
v -0.16776751 1.32922418 -3.33792663
v -0.16776751 1.32922418 -3.33792663
v -0.16776751 1.32922418 -3.33792663
v -0.16776750 1.32817674 -3.32996442
v -0.16776750 1.32817674 -3.32996442
v -0.16776750 1.32817674 -3.32996442
v -0.17545756 1.32588204 -3.33026628
v -0.17545756 1.32588204 -3.33026628
v -0.17545756 1.32588204 -3.33026628
v -0.10547155 1.10581129 -0.98175340
v -0.10547155 1.10581129 -0.98175340
v -0.10547155 1.10581129 -0.98175340
v -0.10753918 1.29878479 -1.04534287
v -0.10753918 1.29878479 -1.04534287
v -0.10547156 1.10455449 -0.98544074
v -0.10547156 1.10455449 -0.98544074
v -0.10547156 1.10455449 -0.98544074
v -0.10753919 1.29619393 -1.05294427
v -0.10753919 1.29619393 -1.05294427
v -0.10157592 1.10581129 -0.98175341
v -0.10157592 1.10581129 -0.98175341
v -0.10157592 1.10581129 -0.98175341
v -0.09950837 1.29878479 -1.04534287
v -0.09950837 1.29878479 -1.04534287
v -0.10157592 1.10455449 -0.98544075
v -0.10157592 1.10455449 -0.98544075
v -0.10157592 1.10455449 -0.98544075
v -0.09950838 1.29619393 -1.05294428
v -0.09950838 1.29619393 -1.05294428
v -0.10753919 1.32889419 -1.05560539
v -0.10753919 1.32889419 -1.05560539
v -0.10753919 1.32889419 -1.05560539
v -0.10753919 1.32630332 -1.06320679
v -0.10753919 1.32630332 -1.06320679
v -0.10753919 1.32630332 -1.06320679
v -0.09950838 1.32630332 -1.06320680
v -0.09950838 1.32630332 -1.06320680
v -0.09950838 1.32630332 -1.06320680
v -0.09950838 1.32889419 -1.05560539
v -0.09950838 1.32889419 -1.05560539
v -0.09950838 1.32889419 -1.05560539
v -0.09545703 1.10581129 -0.98175341
v -0.09545703 1.10581129 -0.98175341
v -0.09545703 1.10581129 -0.98175341
v -0.09752465 1.29878479 -1.04534287
v -0.09752465 1.29878479 -1.04534287
v -0.09545703 1.10455449 -0.98544074
v -0.09545703 1.10455449 -0.98544074
v -0.09545703 1.10455449 -0.98544074
v -0.09752466 1.29619393 -1.05294427
v -0.09752466 1.29619393 -1.05294427
v -0.09156139 1.10581129 -0.98175341
v -0.09156139 1.10581129 -0.98175341
v -0.09156139 1.10581129 -0.98175341
v -0.08949384 1.29878479 -1.04534287
v -0.08949384 1.29878479 -1.04534287
v -0.09156139 1.10455449 -0.98544075
v -0.09156139 1.10455449 -0.98544075
v -0.09156139 1.10455449 -0.98544075
v -0.08949385 1.29619393 -1.05294428
v -0.08949385 1.29619393 -1.05294428
v -0.09752466 1.32889419 -1.05560539
v -0.09752466 1.32889419 -1.05560539
v -0.09752466 1.32889419 -1.05560539
v -0.09752466 1.32630332 -1.06320679
v -0.09752466 1.32630332 -1.06320679
v -0.09752466 1.32630332 -1.06320679
v -0.08949385 1.32630332 -1.06320680
v -0.08949385 1.32630332 -1.06320680
v -0.08949385 1.32630332 -1.06320680
v -0.08949385 1.32889419 -1.05560539
v -0.08949385 1.32889419 -1.05560539
v -0.08949385 1.32889419 -1.05560539
v -0.11755505 1.10645229 -0.97464825
v -0.11755505 1.10645229 -0.97464825
v -0.11755505 1.10645229 -0.97464825
v -0.08444551 1.29804314 -0.91562800
v -0.08444551 1.29804314 -0.91562800
v -0.11735737 1.10752792 -0.97838723
v -0.11735737 1.10752792 -0.97838723
v -0.11735737 1.10752792 -0.97838723
v -0.08403800 1.30026050 -0.92333583
v -0.08403800 1.30026050 -0.92333583
v -0.11372358 1.10574812 -0.97464825
v -0.11372358 1.10574812 -0.97464825
v -0.11372358 1.10574812 -0.97464825
v -0.07654699 1.29659149 -0.91562800
v -0.07654699 1.29659149 -0.91562800
v -0.11352590 1.10682374 -0.97838723
v -0.11352590 1.10682374 -0.97838723
v -0.11352590 1.10682374 -0.97838723
v -0.07613947 1.29880887 -0.92333584
v -0.07613947 1.29880887 -0.92333584
v -0.07892675 1.32807128 -0.90669782
v -0.07892675 1.32807128 -0.90669782
v -0.07892675 1.32807128 -0.90669782
v -0.07851924 1.33028864 -0.91440568
v -0.07851924 1.33028864 -0.91440568
v -0.07851924 1.33028864 -0.91440568
v -0.07062071 1.32883701 -0.91440568
v -0.07062071 1.32883701 -0.91440568
v -0.07062071 1.32883701 -0.91440568
v -0.07102823 1.32661965 -0.90669782
v -0.07102823 1.32661965 -0.90669782
v -0.07102823 1.32661965 -0.90669782
v -0.10770582 1.10464194 -0.97464825
v -0.10770582 1.10464194 -0.97464825
v -0.10770582 1.10464194 -0.97464825
v -0.07459629 1.29623278 -0.91562800
v -0.07459629 1.29623278 -0.91562800
v -0.10750814 1.10571756 -0.97838723
v -0.10750814 1.10571756 -0.97838723
v -0.10750814 1.10571756 -0.97838723
v -0.07418877 1.29845013 -0.92333584
v -0.07418877 1.29845013 -0.92333584
v -0.10387435 1.10393777 -0.97464825
v -0.10387435 1.10393777 -0.97464825
v -0.10387435 1.10393777 -0.97464825
v -0.06669776 1.29478115 -0.91562800
v -0.06669776 1.29478115 -0.91562800
v -0.10367667 1.10501338 -0.97838723
v -0.10367667 1.10501338 -0.97838723
v -0.10367667 1.10501338 -0.97838723
v -0.06629025 1.29699851 -0.92333584
v -0.06629025 1.29699851 -0.92333584
v -0.06907753 1.32626094 -0.90669782
v -0.06907753 1.32626094 -0.90669782
v -0.06907753 1.32626094 -0.90669782
v -0.06867001 1.32847830 -0.91440568
v -0.06867001 1.32847830 -0.91440568
v -0.06867001 1.32847830 -0.91440568
v -0.06077149 1.32702667 -0.91440568
v -0.06077149 1.32702667 -0.91440568
v -0.06077149 1.32702667 -0.91440568
v -0.06117900 1.32480931 -0.90669782
v -0.06117900 1.32480931 -0.90669782
v -0.06117900 1.32480931 -0.90669782
v -0.10577822 1.10361278 -0.98890384
v -0.10577822 1.10361278 -0.98890384
v -0.10577822 1.10361278 -0.98890384
v -0.16631133 1.29756679 -0.99097141
v -0.16631133 1.29756679 -0.99097141
v -0.10204788 1.10473551 -0.98890385
v -0.10204788 1.10473551 -0.98890385
v -0.10204788 1.10473551 -0.98890385
v -0.15862126 1.29988126 -0.99097142
v -0.15862126 1.29988126 -0.99097142
v -0.10577822 1.10361278 -0.98500820
v -0.10577822 1.10361278 -0.98500820
v -0.10577822 1.10361278 -0.98500820
v -0.16631132 1.29756679 -0.98294060
v -0.16631132 1.29756679 -0.98294060
v -0.10204787 1.10473551 -0.98500820
v -0.10204787 1.10473551 -0.98500820
v -0.10204787 1.10473551 -0.98500820
v -0.15862126 1.29988126 -0.98294061
v -0.15862126 1.29988126 -0.98294061
v -0.17547907 1.32802737 -0.99097141
v -0.17547907 1.32802737 -0.99097141
v -0.17547907 1.32802737 -0.99097141
v -0.16778900 1.33034186 -0.99097141
v -0.16778900 1.33034186 -0.99097141
v -0.16778900 1.33034186 -0.99097141
v -0.16778900 1.33034186 -0.98294060
v -0.16778900 1.33034186 -0.98294060
v -0.16778900 1.33034186 -0.98294060
v -0.17547907 1.32802737 -0.98294060
v -0.17547907 1.32802737 -0.98294060
v -0.17547907 1.32802737 -0.98294060
v -0.10577822 1.10361278 -0.97888965
v -0.10577822 1.10361278 -0.97888965
v -0.10577822 1.10361278 -0.97888965
v -0.16631132 1.29756679 -0.98095722
v -0.16631132 1.29756679 -0.98095722
v -0.10204787 1.10473551 -0.97888965
v -0.10204787 1.10473551 -0.97888965
v -0.10204787 1.10473551 -0.97888965
v -0.15862126 1.29988126 -0.98095722
v -0.15862126 1.29988126 -0.98095722
v -0.10577822 1.10361278 -0.97499400
v -0.10577822 1.10361278 -0.97499400
v -0.10577822 1.10361278 -0.97499400
v -0.16631132 1.29756679 -0.97292640
v -0.16631132 1.29756679 -0.97292640
v -0.10204787 1.10473551 -0.97499400
v -0.10204787 1.10473551 -0.97499400
v -0.10204787 1.10473551 -0.97499400
v -0.15862126 1.29988126 -0.97292641
v -0.15862126 1.29988126 -0.97292641
v -0.17547907 1.32802737 -0.98095721
v -0.17547907 1.32802737 -0.98095721
v -0.17547907 1.32802737 -0.98095721
v -0.16778900 1.33034186 -0.98095722
v -0.16778900 1.33034186 -0.98095722
v -0.16778900 1.33034186 -0.98095722
v -0.16778899 1.33034186 -0.97292640
v -0.16778899 1.33034186 -0.97292640
v -0.16778899 1.33034186 -0.97292640
v -0.17547906 1.32802737 -0.97292640
v -0.17547906 1.32802737 -0.97292640
v -0.17547906 1.32802737 -0.97292640
v -0.09127624 1.10546821 -0.98449527
v -0.09127624 1.10546821 -0.98449527
v -0.09127624 1.10546821 -0.98449527
v -0.03074319 1.29803512 -1.00774213
v -0.03074319 1.29803512 -1.00774213
v -0.09500659 1.10658136 -0.98464169
v -0.09500659 1.10658136 -0.98464169
v -0.09500659 1.10658136 -0.98464169
v -0.03843325 1.30032983 -1.00804398
v -0.03843325 1.30032983 -1.00804398
v -0.09127625 1.10496013 -0.98835763
v -0.09127625 1.10496013 -0.98835763
v -0.09127625 1.10496013 -0.98835763
v -0.03074320 1.29698769 -1.01570434
v -0.03074320 1.29698769 -1.01570434
v -0.09500660 1.10607326 -0.98850406
v -0.09500660 1.10607326 -0.98850406
v -0.09500660 1.10607326 -0.98850406
v -0.03843326 1.29928239 -1.01600620
v -0.03843326 1.29928239 -1.01600620
v -0.02157545 1.32823551 -1.01171501
v -0.02157545 1.32823551 -1.01171501
v -0.02157545 1.32823551 -1.01171501
v -0.02926552 1.33053023 -1.01201687
v -0.02926552 1.33053023 -1.01201687
v -0.02926552 1.33053023 -1.01201687
v -0.02926553 1.32948278 -1.01997909
v -0.02926553 1.32948278 -1.01997909
v -0.02926553 1.32948278 -1.01997909
v -0.02157546 1.32718807 -1.01967722
v -0.02157546 1.32718807 -1.01967722
v -0.02157546 1.32718807 -1.01967722
v -0.09127625 1.10416217 -0.99442448
v -0.09127625 1.10416217 -0.99442448
v -0.09127625 1.10416217 -0.99442448
v -0.03074319 1.29672909 -1.01767136
v -0.03074319 1.29672909 -1.01767136
v -0.09500660 1.10527532 -0.99457091
v -0.09500660 1.10527532 -0.99457091
v -0.09500660 1.10527532 -0.99457091
v -0.03843325 1.29902379 -1.01797321
v -0.03843325 1.29902379 -1.01797321
v -0.09127626 1.10365409 -0.99828684
v -0.09127626 1.10365409 -0.99828684
v -0.09127626 1.10365409 -0.99828684
v -0.03074320 1.29568165 -1.02563357
v -0.03074320 1.29568165 -1.02563357
v -0.09500660 1.10476722 -0.99843328
v -0.09500660 1.10476722 -0.99843328
v -0.09500660 1.10476722 -0.99843328
v -0.03843326 1.29797636 -1.02593542
v -0.03843326 1.29797636 -1.02593542
v -0.02157545 1.32692947 -1.02164423
v -0.02157545 1.32692947 -1.02164423
v -0.02157545 1.32692947 -1.02164423
v -0.02926552 1.32922418 -1.02194609
v -0.02926552 1.32922418 -1.02194609
v -0.02926552 1.32922418 -1.02194609
v -0.02926553 1.32817674 -1.02990831
v -0.02926553 1.32817674 -1.02990831
v -0.02926553 1.32817674 -1.02990831
v -0.02157547 1.32588204 -1.02960644
v -0.02157547 1.32588204 -1.02960644
v -0.02157547 1.32588204 -1.02960644
v -0.09156146 1.10581129 0.96460140
v -0.09156146 1.10581129 0.96460140
v -0.09156146 1.10581129 0.96460140
v -0.08949386 1.29878479 1.02819087
v -0.08949386 1.29878479 1.02819087
v -0.09156146 1.10455449 0.96828874
v -0.09156146 1.10455449 0.96828874
v -0.09156146 1.10455449 0.96828874
v -0.08949385 1.29619393 1.03579227
v -0.08949385 1.29619393 1.03579227
v -0.09545710 1.10581129 0.96460140
v -0.09545710 1.10581129 0.96460140
v -0.09545710 1.10581129 0.96460140
v -0.09752467 1.29878479 1.02819087
v -0.09752467 1.29878479 1.02819087
v -0.09545710 1.10455449 0.96828875
v -0.09545710 1.10455449 0.96828875
v -0.09545710 1.10455449 0.96828875
v -0.09752466 1.29619393 1.03579227
v -0.09752466 1.29619393 1.03579227
v -0.08949385 1.32889419 1.03845339
v -0.08949385 1.32889419 1.03845339
v -0.08949385 1.32889419 1.03845339
v -0.08949385 1.32630332 1.04605479
v -0.08949385 1.32630332 1.04605479
v -0.08949385 1.32630332 1.04605479
v -0.09752466 1.32630332 1.04605479
v -0.09752466 1.32630332 1.04605479
v -0.09752466 1.32630332 1.04605479
v -0.09752466 1.32889419 1.03845339
v -0.09752466 1.32889419 1.03845339
v -0.09752466 1.32889419 1.03845339
v -0.10157599 1.10581129 0.96460140
v -0.10157599 1.10581129 0.96460140
v -0.10157599 1.10581129 0.96460140
v -0.09950838 1.29878479 1.02819087
v -0.09950838 1.29878479 1.02819087
v -0.10157599 1.10455449 0.96828874
v -0.10157599 1.10455449 0.96828874
v -0.10157599 1.10455449 0.96828874
v -0.09950838 1.29619393 1.03579227
v -0.09950838 1.29619393 1.03579227
v -0.10547163 1.10581129 0.96460140
v -0.10547163 1.10581129 0.96460140
v -0.10547163 1.10581129 0.96460140
v -0.10753919 1.29878479 1.02819087
v -0.10753919 1.29878479 1.02819087
v -0.10547163 1.10455449 0.96828875
v -0.10547163 1.10455449 0.96828875
v -0.10547163 1.10455449 0.96828875
v -0.10753919 1.29619393 1.03579227
v -0.10753919 1.29619393 1.03579227
v -0.09950838 1.32889419 1.03845339
v -0.09950838 1.32889419 1.03845339
v -0.09950838 1.32889419 1.03845339
v -0.09950838 1.32630332 1.04605479
v -0.09950838 1.32630332 1.04605479
v -0.09950838 1.32630332 1.04605479
v -0.10753919 1.32630332 1.04605479
v -0.10753919 1.32630332 1.04605479
v -0.10753919 1.32630332 1.04605479
v -0.10753919 1.32889419 1.03845339
v -0.10753919 1.32889419 1.03845339
v -0.10753919 1.32889419 1.03845339
v -0.07947797 1.10645229 0.95749625
v -0.07947797 1.10645229 0.95749625
v -0.07947797 1.10645229 0.95749625
v -0.11258748 1.29804314 0.89847599
v -0.11258748 1.29804314 0.89847599
v -0.07967565 1.10752792 0.96123523
v -0.07967565 1.10752792 0.96123523
v -0.07967565 1.10752792 0.96123523
v -0.11299500 1.30026050 0.90618383
v -0.11299500 1.30026050 0.90618383
v -0.08330943 1.10574812 0.95749625
v -0.08330943 1.10574812 0.95749625
v -0.08330943 1.10574812 0.95749625
v -0.12048601 1.29659149 0.89847599
v -0.12048601 1.29659149 0.89847599
v -0.08350712 1.10682374 0.96123523
v -0.08350712 1.10682374 0.96123523
v -0.08350712 1.10682374 0.96123523
v -0.12089352 1.29880887 0.90618383
v -0.12089352 1.29880887 0.90618383
v -0.11810624 1.32807128 0.88954581
v -0.11810624 1.32807128 0.88954581
v -0.11810624 1.32807128 0.88954581
v -0.11851376 1.33028864 0.89725367
v -0.11851376 1.33028864 0.89725367
v -0.11851376 1.33028864 0.89725367
v -0.12641228 1.32883701 0.89725367
v -0.12641228 1.32883701 0.89725367
v -0.12641228 1.32883701 0.89725367
v -0.12600476 1.32661965 0.88954581
v -0.12600476 1.32661965 0.88954581
v -0.12600476 1.32661965 0.88954581
v -0.08932719 1.10464194 0.95749625
v -0.08932719 1.10464194 0.95749625
v -0.08932719 1.10464194 0.95749625
v -0.12243671 1.29623278 0.89847599
v -0.12243671 1.29623278 0.89847599
v -0.08952487 1.10571756 0.96123523
v -0.08952487 1.10571756 0.96123523
v -0.08952487 1.10571756 0.96123523
v -0.12284422 1.29845013 0.90618383
v -0.12284422 1.29845013 0.90618383
v -0.09315866 1.10393777 0.95749625
v -0.09315866 1.10393777 0.95749625
v -0.09315866 1.10393777 0.95749625
v -0.13033523 1.29478115 0.89847599
v -0.13033523 1.29478115 0.89847599
v -0.09335634 1.10501338 0.96123523
v -0.09335634 1.10501338 0.96123523
v -0.09335634 1.10501338 0.96123523
v -0.13074275 1.29699851 0.90618383
v -0.13074275 1.29699851 0.90618383
v -0.12795546 1.32626094 0.88954581
v -0.12795546 1.32626094 0.88954581
v -0.12795546 1.32626094 0.88954581
v -0.12836298 1.32847830 0.89725367
v -0.12836298 1.32847830 0.89725367
v -0.12836298 1.32847830 0.89725367
v -0.13626151 1.32702667 0.89725367
v -0.13626151 1.32702667 0.89725367
v -0.13626151 1.32702667 0.89725367
v -0.13585399 1.32480931 0.88954581
v -0.13585399 1.32480931 0.88954581
v -0.13585399 1.32480931 0.88954581
v -0.09125480 1.10361278 0.97175184
v -0.09125480 1.10361278 0.97175184
v -0.09125480 1.10361278 0.97175184
v -0.03072169 1.29756679 0.97381943
v -0.03072169 1.29756679 0.97381943
v -0.09498514 1.10473551 0.97175184
v -0.09498514 1.10473551 0.97175184
v -0.09498514 1.10473551 0.97175184
v -0.03841176 1.29988126 0.97381943
v -0.03841176 1.29988126 0.97381943
v -0.09125480 1.10361278 0.96785620
v -0.09125480 1.10361278 0.96785620
v -0.09125480 1.10361278 0.96785620
v -0.03072169 1.29756679 0.96578862
v -0.03072169 1.29756679 0.96578862
v -0.09498514 1.10473551 0.96785620
v -0.09498514 1.10473551 0.96785620
v -0.09498514 1.10473551 0.96785620
v -0.03841176 1.29988126 0.96578862
v -0.03841176 1.29988126 0.96578862
v -0.02155395 1.32802737 0.97381943
v -0.02155395 1.32802737 0.97381943
v -0.02155395 1.32802737 0.97381943
v -0.02924402 1.33034186 0.97381943
v -0.02924402 1.33034186 0.97381943
v -0.02924402 1.33034186 0.97381943
v -0.02924402 1.33034186 0.96578862
v -0.02924402 1.33034186 0.96578862
v -0.02924402 1.33034186 0.96578862
v -0.02155395 1.32802737 0.96578862
v -0.02155395 1.32802737 0.96578862
v -0.02155395 1.32802737 0.96578862
v -0.09125480 1.10361278 0.96173765
v -0.09125480 1.10361278 0.96173765
v -0.09125480 1.10361278 0.96173765
v -0.03072169 1.29756679 0.96380523
v -0.03072169 1.29756679 0.96380523
v -0.09498514 1.10473551 0.96173765
v -0.09498514 1.10473551 0.96173765
v -0.09498514 1.10473551 0.96173765
v -0.03841176 1.29988126 0.96380523
v -0.03841176 1.29988126 0.96380523
v -0.09125480 1.10361278 0.95784200
v -0.09125480 1.10361278 0.95784200
v -0.09125480 1.10361278 0.95784200
v -0.03072169 1.29756679 0.95577442
v -0.03072169 1.29756679 0.95577442
v -0.09498514 1.10473551 0.95784200
v -0.09498514 1.10473551 0.95784200
v -0.09498514 1.10473551 0.95784200
v -0.03841176 1.29988126 0.95577442
v -0.03841176 1.29988126 0.95577442
v -0.02155395 1.32802737 0.96380523
v -0.02155395 1.32802737 0.96380523
v -0.02155395 1.32802737 0.96380523
v -0.02924402 1.33034186 0.96380523
v -0.02924402 1.33034186 0.96380523
v -0.02924402 1.33034186 0.96380523
v -0.02924402 1.33034186 0.95577442
v -0.02924402 1.33034186 0.95577442
v -0.02924402 1.33034186 0.95577442
v -0.02155395 1.32802737 0.95577442
v -0.02155395 1.32802737 0.95577442
v -0.02155395 1.32802737 0.95577442
v -0.10575677 1.10546821 0.96734326
v -0.10575677 1.10546821 0.96734326
v -0.10575677 1.10546821 0.96734326
v -0.16628984 1.29803512 0.99059010
v -0.16628984 1.29803512 0.99059010
v -0.10202642 1.10658136 0.96748968
v -0.10202642 1.10658136 0.96748968
v -0.10202642 1.10658136 0.96748968
v -0.15859977 1.30032983 0.99089196
v -0.15859977 1.30032983 0.99089196
v -0.10575677 1.10496013 0.97120562
v -0.10575677 1.10496013 0.97120562
v -0.10575677 1.10496013 0.97120562
v -0.16628983 1.29698769 0.99855232
v -0.16628983 1.29698769 0.99855232
v -0.10202642 1.10607326 0.97135206
v -0.10202642 1.10607326 0.97135206
v -0.10202642 1.10607326 0.97135206
v -0.15859977 1.29928239 0.99885418
v -0.15859977 1.29928239 0.99885418
v -0.17545757 1.32823551 0.99456298
v -0.17545757 1.32823551 0.99456298
v -0.17545757 1.32823551 0.99456298
v -0.16776751 1.33053023 0.99486484
v -0.16776751 1.33053023 0.99486484
v -0.16776751 1.33053023 0.99486484
v -0.16776750 1.32948278 1.00282706
v -0.16776750 1.32948278 1.00282706
v -0.16776750 1.32948278 1.00282706
v -0.17545756 1.32718807 1.00252519
v -0.17545756 1.32718807 1.00252519
v -0.17545756 1.32718807 1.00252519
v -0.10575677 1.10416217 0.97727248
v -0.10575677 1.10416217 0.97727248
v -0.10575677 1.10416217 0.97727248
v -0.16628984 1.29672909 1.00051933
v -0.16628984 1.29672909 1.00051933
v -0.10202642 1.10527532 0.97741890
v -0.10202642 1.10527532 0.97741890
v -0.10202642 1.10527532 0.97741890
v -0.15859977 1.29902379 1.00082118
v -0.15859977 1.29902379 1.00082118
v -0.10575677 1.10365409 0.98113484
v -0.10575677 1.10365409 0.98113484
v -0.10575677 1.10365409 0.98113484
v -0.16628983 1.29568165 1.00848155
v -0.16628983 1.29568165 1.00848155
v -0.10202642 1.10476722 0.98128127
v -0.10202642 1.10476722 0.98128127
v -0.10202642 1.10476722 0.98128127
v -0.15859977 1.29797636 1.00878340
v -0.15859977 1.29797636 1.00878340
v -0.17545757 1.32692947 1.00449220
v -0.17545757 1.32692947 1.00449220
v -0.17545757 1.32692947 1.00449220
v -0.16776751 1.32922418 1.00479407
v -0.16776751 1.32922418 1.00479407
v -0.16776751 1.32922418 1.00479407
v -0.16776750 1.32817674 1.01275628
v -0.16776750 1.32817674 1.01275628
v -0.16776750 1.32817674 1.01275628
v -0.17545756 1.32588204 1.01245441
v -0.17545756 1.32588204 1.01245441
v -0.17545756 1.32588204 1.01245441
v -0.10547155 1.10581129 3.32029530
v -0.10547155 1.10581129 3.32029530
v -0.10547155 1.10581129 3.32029530
v -0.10753918 1.29878479 3.25670584
v -0.10753918 1.29878479 3.25670584
v -0.10547156 1.10455449 3.31660796
v -0.10547156 1.10455449 3.31660796
v -0.10547156 1.10455449 3.31660796
v -0.10753919 1.29619393 3.24910443
v -0.10753919 1.29619393 3.24910443
v -0.10157592 1.10581129 3.32029529
v -0.10157592 1.10581129 3.32029529
v -0.10157592 1.10581129 3.32029529
v -0.09950837 1.29878479 3.25670583
v -0.09950837 1.29878479 3.25670583
v -0.10157592 1.10455449 3.31660795
v -0.10157592 1.10455449 3.31660795
v -0.10157592 1.10455449 3.31660795
v -0.09950838 1.29619393 3.24910443
v -0.09950838 1.29619393 3.24910443
v -0.10753919 1.32889419 3.24644331
v -0.10753919 1.32889419 3.24644331
v -0.10753919 1.32889419 3.24644331
v -0.10753919 1.32630332 3.23884191
v -0.10753919 1.32630332 3.23884191
v -0.10753919 1.32630332 3.23884191
v -0.09950838 1.32630332 3.23884190
v -0.09950838 1.32630332 3.23884190
v -0.09950838 1.32630332 3.23884190
v -0.09950838 1.32889419 3.24644331
v -0.09950838 1.32889419 3.24644331
v -0.09950838 1.32889419 3.24644331
v -0.09545703 1.10581129 3.32029529
v -0.09545703 1.10581129 3.32029529
v -0.09545703 1.10581129 3.32029529
v -0.09752465 1.29878479 3.25670583
v -0.09752465 1.29878479 3.25670583
v -0.09545703 1.10455449 3.31660796
v -0.09545703 1.10455449 3.31660796
v -0.09545703 1.10455449 3.31660796
v -0.09752466 1.29619393 3.24910443
v -0.09752466 1.29619393 3.24910443
v -0.09156139 1.10581129 3.32029529
v -0.09156139 1.10581129 3.32029529
v -0.09156139 1.10581129 3.32029529
v -0.08949384 1.29878479 3.25670583
v -0.08949384 1.29878479 3.25670583
v -0.09156139 1.10455449 3.31660795
v -0.09156139 1.10455449 3.31660795
v -0.09156139 1.10455449 3.31660795
v -0.08949385 1.29619393 3.24910442
v -0.08949385 1.29619393 3.24910442
v -0.09752466 1.32889419 3.24644331
v -0.09752466 1.32889419 3.24644331
v -0.09752466 1.32889419 3.24644331
v -0.09752466 1.32630332 3.23884191
v -0.09752466 1.32630332 3.23884191
v -0.09752466 1.32630332 3.23884191
v -0.08949385 1.32630332 3.23884190
v -0.08949385 1.32630332 3.23884190
v -0.08949385 1.32630332 3.23884190
v -0.08949385 1.32889419 3.24644331
v -0.08949385 1.32889419 3.24644331
v -0.08949385 1.32889419 3.24644331
v -0.11755505 1.10645229 3.32740045
v -0.11755505 1.10645229 3.32740045
v -0.11755505 1.10645229 3.32740045
v -0.08444551 1.29804314 3.38642071
v -0.08444551 1.29804314 3.38642071
v -0.11735737 1.10752792 3.32366147
v -0.11735737 1.10752792 3.32366147
v -0.11735737 1.10752792 3.32366147
v -0.08403800 1.30026050 3.37871287
v -0.08403800 1.30026050 3.37871287
v -0.11372358 1.10574812 3.32740045
v -0.11372358 1.10574812 3.32740045
v -0.11372358 1.10574812 3.32740045
v -0.07654699 1.29659149 3.38642070
v -0.07654699 1.29659149 3.38642070
v -0.11352590 1.10682374 3.32366147
v -0.11352590 1.10682374 3.32366147
v -0.11352590 1.10682374 3.32366147
v -0.07613947 1.29880887 3.37871286
v -0.07613947 1.29880887 3.37871286
v -0.07892675 1.32807128 3.39535088
v -0.07892675 1.32807128 3.39535088
v -0.07892675 1.32807128 3.39535088
v -0.07851924 1.33028864 3.38764302
v -0.07851924 1.33028864 3.38764302
v -0.07851924 1.33028864 3.38764302
v -0.07062071 1.32883701 3.38764302
v -0.07062071 1.32883701 3.38764302
v -0.07062071 1.32883701 3.38764302
v -0.07102823 1.32661965 3.39535088
v -0.07102823 1.32661965 3.39535088
v -0.07102823 1.32661965 3.39535088
v -0.10770582 1.10464194 3.32740045
v -0.10770582 1.10464194 3.32740045
v -0.10770582 1.10464194 3.32740045
v -0.07459629 1.29623278 3.38642070
v -0.07459629 1.29623278 3.38642070
v -0.10750814 1.10571756 3.32366147
v -0.10750814 1.10571756 3.32366147
v -0.10750814 1.10571756 3.32366147
v -0.07418877 1.29845013 3.37871286
v -0.07418877 1.29845013 3.37871286
v -0.10387435 1.10393777 3.32740045
v -0.10387435 1.10393777 3.32740045
v -0.10387435 1.10393777 3.32740045
v -0.06669776 1.29478115 3.38642070
v -0.06669776 1.29478115 3.38642070
v -0.10367667 1.10501338 3.32366147
v -0.10367667 1.10501338 3.32366147
v -0.10367667 1.10501338 3.32366147
v -0.06629025 1.29699851 3.37871286
v -0.06629025 1.29699851 3.37871286
v -0.06907753 1.32626094 3.39535088
v -0.06907753 1.32626094 3.39535088
v -0.06907753 1.32626094 3.39535088
v -0.06867001 1.32847830 3.38764302
v -0.06867001 1.32847830 3.38764302
v -0.06867001 1.32847830 3.38764302
v -0.06077149 1.32702667 3.38764302
v -0.06077149 1.32702667 3.38764302
v -0.06077149 1.32702667 3.38764302
v -0.06117900 1.32480931 3.39535088
v -0.06117900 1.32480931 3.39535088
v -0.06117900 1.32480931 3.39535088
v -0.10577822 1.10361278 3.31314486
v -0.10577822 1.10361278 3.31314486
v -0.10577822 1.10361278 3.31314486
v -0.16631133 1.29756679 3.31107729
v -0.16631133 1.29756679 3.31107729
v -0.10204788 1.10473551 3.31314486
v -0.10204788 1.10473551 3.31314486
v -0.10204788 1.10473551 3.31314486
v -0.15862126 1.29988126 3.31107728
v -0.15862126 1.29988126 3.31107728
v -0.10577822 1.10361278 3.31704050
v -0.10577822 1.10361278 3.31704050
v -0.10577822 1.10361278 3.31704050
v -0.16631132 1.29756679 3.31910810
v -0.16631132 1.29756679 3.31910810
v -0.10204787 1.10473551 3.31704050
v -0.10204787 1.10473551 3.31704050
v -0.10204787 1.10473551 3.31704050
v -0.15862126 1.29988126 3.31910810
v -0.15862126 1.29988126 3.31910810
v -0.17547907 1.32802737 3.31107729
v -0.17547907 1.32802737 3.31107729
v -0.17547907 1.32802737 3.31107729
v -0.16778900 1.33034186 3.31107729
v -0.16778900 1.33034186 3.31107729
v -0.16778900 1.33034186 3.31107729
v -0.16778900 1.33034186 3.31910810
v -0.16778900 1.33034186 3.31910810
v -0.16778900 1.33034186 3.31910810
v -0.17547907 1.32802737 3.31910810
v -0.17547907 1.32802737 3.31910810
v -0.17547907 1.32802737 3.31910810
v -0.10577822 1.10361278 3.32315905
v -0.10577822 1.10361278 3.32315905
v -0.10577822 1.10361278 3.32315905
v -0.16631132 1.29756679 3.32109148
v -0.16631132 1.29756679 3.32109148
v -0.10204787 1.10473551 3.32315905
v -0.10204787 1.10473551 3.32315905
v -0.10204787 1.10473551 3.32315905
v -0.15862126 1.29988126 3.32109148
v -0.15862126 1.29988126 3.32109148
v -0.10577822 1.10361278 3.32705470
v -0.10577822 1.10361278 3.32705470
v -0.10577822 1.10361278 3.32705470
v -0.16631132 1.29756679 3.32912230
v -0.16631132 1.29756679 3.32912230
v -0.10204787 1.10473551 3.32705470
v -0.10204787 1.10473551 3.32705470
v -0.10204787 1.10473551 3.32705470
v -0.15862126 1.29988126 3.32912229
v -0.15862126 1.29988126 3.32912229
v -0.17547907 1.32802737 3.32109149
v -0.17547907 1.32802737 3.32109149
v -0.17547907 1.32802737 3.32109149
v -0.16778900 1.33034186 3.32109149
v -0.16778900 1.33034186 3.32109149
v -0.16778900 1.33034186 3.32109149
v -0.16778899 1.33034186 3.32912230
v -0.16778899 1.33034186 3.32912230
v -0.16778899 1.33034186 3.32912230
v -0.17547906 1.32802737 3.32912230
v -0.17547906 1.32802737 3.32912230
v -0.17547906 1.32802737 3.32912230
v -0.09127624 1.10546821 3.31755344
v -0.09127624 1.10546821 3.31755344
v -0.09127624 1.10546821 3.31755344
v -0.03074319 1.29803512 3.29430657
v -0.03074319 1.29803512 3.29430657
v -0.09500659 1.10658136 3.31740701
v -0.09500659 1.10658136 3.31740701
v -0.09500659 1.10658136 3.31740701
v -0.03843325 1.30032983 3.29400472
v -0.03843325 1.30032983 3.29400472
v -0.09127625 1.10496013 3.31369108
v -0.09127625 1.10496013 3.31369108
v -0.09127625 1.10496013 3.31369108
v -0.03074320 1.29698769 3.28634436
v -0.03074320 1.29698769 3.28634436
v -0.09500660 1.10607326 3.31354464
v -0.09500660 1.10607326 3.31354464
v -0.09500660 1.10607326 3.31354464
v -0.03843326 1.29928239 3.28604250
v -0.03843326 1.29928239 3.28604250
v -0.02157545 1.32823551 3.29033369
v -0.02157545 1.32823551 3.29033369
v -0.02157545 1.32823551 3.29033369
v -0.02926552 1.33053023 3.29003183
v -0.02926552 1.33053023 3.29003183
v -0.02926552 1.33053023 3.29003183
v -0.02926553 1.32948278 3.28206961
v -0.02926553 1.32948278 3.28206961
v -0.02926553 1.32948278 3.28206961
v -0.02157546 1.32718807 3.28237148
v -0.02157546 1.32718807 3.28237148
v -0.02157546 1.32718807 3.28237148
v -0.09127625 1.10416217 3.30762422
v -0.09127625 1.10416217 3.30762422
v -0.09127625 1.10416217 3.30762422
v -0.03074319 1.29672909 3.28437734
v -0.03074319 1.29672909 3.28437734
v -0.09500660 1.10527532 3.30747779
v -0.09500660 1.10527532 3.30747779
v -0.09500660 1.10527532 3.30747779
v -0.03843325 1.29902379 3.28407549
v -0.03843325 1.29902379 3.28407549
v -0.09127626 1.10365409 3.30376186
v -0.09127626 1.10365409 3.30376186
v -0.09127626 1.10365409 3.30376186
v -0.03074320 1.29568165 3.27641513
v -0.03074320 1.29568165 3.27641513
v -0.09500660 1.10476722 3.30361542
v -0.09500660 1.10476722 3.30361542
v -0.09500660 1.10476722 3.30361542
v -0.03843326 1.29797636 3.27611328
v -0.03843326 1.29797636 3.27611328
v -0.02157545 1.32692947 3.28040447
v -0.02157545 1.32692947 3.28040447
v -0.02157545 1.32692947 3.28040447
v -0.02926552 1.32922418 3.28010261
v -0.02926552 1.32922418 3.28010261
v -0.02926552 1.32922418 3.28010261
v -0.02926553 1.32817674 3.27214040
v -0.02926553 1.32817674 3.27214040
v -0.02926553 1.32817674 3.27214040
v -0.02157547 1.32588204 3.27244226
v -0.02157547 1.32588204 3.27244226
v -0.02157547 1.32588204 3.27244226
v -0.09156146 1.10581129 5.26665010
v -0.09156146 1.10581129 5.26665010
v -0.09156146 1.10581129 5.26665010
v -0.08949386 1.29878479 5.33023957
v -0.08949386 1.29878479 5.33023957
v -0.09156146 1.10455449 5.27033744
v -0.09156146 1.10455449 5.27033744
v -0.09156146 1.10455449 5.27033744
v -0.08949385 1.29619393 5.33784097
v -0.08949385 1.29619393 5.33784097
v -0.09545710 1.10581129 5.26665010
v -0.09545710 1.10581129 5.26665010
v -0.09545710 1.10581129 5.26665010
v -0.09752467 1.29878479 5.33023957
v -0.09752467 1.29878479 5.33023957
v -0.09545710 1.10455449 5.27033745
v -0.09545710 1.10455449 5.27033745
v -0.09545710 1.10455449 5.27033745
v -0.09752466 1.29619393 5.33784097
v -0.09752466 1.29619393 5.33784097
v -0.08949385 1.32889419 5.34050209
v -0.08949385 1.32889419 5.34050209
v -0.08949385 1.32889419 5.34050209
v -0.08949385 1.32630332 5.34810349
v -0.08949385 1.32630332 5.34810349
v -0.08949385 1.32630332 5.34810349
v -0.09752466 1.32630332 5.34810349
v -0.09752466 1.32630332 5.34810349
v -0.09752466 1.32630332 5.34810349
v -0.09752466 1.32889419 5.34050209
v -0.09752466 1.32889419 5.34050209
v -0.09752466 1.32889419 5.34050209
v -0.10157599 1.10581129 5.26665010
v -0.10157599 1.10581129 5.26665010
v -0.10157599 1.10581129 5.26665010
v -0.09950838 1.29878479 5.33023957
v -0.09950838 1.29878479 5.33023957
v -0.10157599 1.10455449 5.27033744
v -0.10157599 1.10455449 5.27033744
v -0.10157599 1.10455449 5.27033744
v -0.09950838 1.29619393 5.33784097
v -0.09950838 1.29619393 5.33784097
v -0.10547163 1.10581129 5.26665010
v -0.10547163 1.10581129 5.26665010
v -0.10547163 1.10581129 5.26665010
v -0.10753919 1.29878479 5.33023957
v -0.10753919 1.29878479 5.33023957
v -0.10547163 1.10455449 5.27033745
v -0.10547163 1.10455449 5.27033745
v -0.10547163 1.10455449 5.27033745
v -0.10753919 1.29619393 5.33784097
v -0.10753919 1.29619393 5.33784097
v -0.09950838 1.32889419 5.34050209
v -0.09950838 1.32889419 5.34050209
v -0.09950838 1.32889419 5.34050209
v -0.09950838 1.32630332 5.34810349
v -0.09950838 1.32630332 5.34810349
v -0.09950838 1.32630332 5.34810349
v -0.10753919 1.32630332 5.34810349
v -0.10753919 1.32630332 5.34810349
v -0.10753919 1.32630332 5.34810349
v -0.10753919 1.32889419 5.34050209
v -0.10753919 1.32889419 5.34050209
v -0.10753919 1.32889419 5.34050209
v -0.07947797 1.10645229 5.25954495
v -0.07947797 1.10645229 5.25954495
v -0.07947797 1.10645229 5.25954495
v -0.11258748 1.29804314 5.20052469
v -0.11258748 1.29804314 5.20052469
v -0.07967565 1.10752792 5.26328393
v -0.07967565 1.10752792 5.26328393
v -0.07967565 1.10752792 5.26328393
v -0.11299500 1.30026050 5.20823253
v -0.11299500 1.30026050 5.20823253
v -0.08330943 1.10574812 5.25954495
v -0.08330943 1.10574812 5.25954495
v -0.08330943 1.10574812 5.25954495
v -0.12048601 1.29659149 5.20052469
v -0.12048601 1.29659149 5.20052469
v -0.08350712 1.10682374 5.26328393
v -0.08350712 1.10682374 5.26328393
v -0.08350712 1.10682374 5.26328393
v -0.12089352 1.29880887 5.20823253
v -0.12089352 1.29880887 5.20823253
v -0.11810624 1.32807128 5.19159451
v -0.11810624 1.32807128 5.19159451
v -0.11810624 1.32807128 5.19159451
v -0.11851376 1.33028864 5.19930237
v -0.11851376 1.33028864 5.19930237
v -0.11851376 1.33028864 5.19930237
v -0.12641228 1.32883701 5.19930237
v -0.12641228 1.32883701 5.19930237
v -0.12641228 1.32883701 5.19930237
v -0.12600476 1.32661965 5.19159451
v -0.12600476 1.32661965 5.19159451
v -0.12600476 1.32661965 5.19159451
v -0.08932719 1.10464194 5.25954495
v -0.08932719 1.10464194 5.25954495
v -0.08932719 1.10464194 5.25954495
v -0.12243671 1.29623278 5.20052469
v -0.12243671 1.29623278 5.20052469
v -0.08952487 1.10571756 5.26328393
v -0.08952487 1.10571756 5.26328393
v -0.08952487 1.10571756 5.26328393
v -0.12284422 1.29845013 5.20823253
v -0.12284422 1.29845013 5.20823253
v -0.09315866 1.10393777 5.25954495
v -0.09315866 1.10393777 5.25954495
v -0.09315866 1.10393777 5.25954495
v -0.13033523 1.29478115 5.20052469
v -0.13033523 1.29478115 5.20052469
v -0.09335634 1.10501338 5.26328393
v -0.09335634 1.10501338 5.26328393
v -0.09335634 1.10501338 5.26328393
v -0.13074275 1.29699851 5.20823253
v -0.13074275 1.29699851 5.20823253
v -0.12795546 1.32626094 5.19159451
v -0.12795546 1.32626094 5.19159451
v -0.12795546 1.32626094 5.19159451
v -0.12836298 1.32847830 5.19930237
v -0.12836298 1.32847830 5.19930237
v -0.12836298 1.32847830 5.19930237
v -0.13626151 1.32702667 5.19930237
v -0.13626151 1.32702667 5.19930237
v -0.13626151 1.32702667 5.19930237
v -0.13585399 1.32480931 5.19159451
v -0.13585399 1.32480931 5.19159451
v -0.13585399 1.32480931 5.19159451
v -0.09125480 1.10361278 5.27380054
v -0.09125480 1.10361278 5.27380054
v -0.09125480 1.10361278 5.27380054
v -0.03072169 1.29756679 5.27586813
v -0.03072169 1.29756679 5.27586813
v -0.09498514 1.10473551 5.27380054
v -0.09498514 1.10473551 5.27380054
v -0.09498514 1.10473551 5.27380054
v -0.03841176 1.29988126 5.27586813
v -0.03841176 1.29988126 5.27586813
v -0.09125480 1.10361278 5.26990490
v -0.09125480 1.10361278 5.26990490
v -0.09125480 1.10361278 5.26990490
v -0.03072169 1.29756679 5.26783732
v -0.03072169 1.29756679 5.26783732
v -0.09498514 1.10473551 5.26990490
v -0.09498514 1.10473551 5.26990490
v -0.09498514 1.10473551 5.26990490
v -0.03841176 1.29988126 5.26783732
v -0.03841176 1.29988126 5.26783732
v -0.02155395 1.32802737 5.27586813
v -0.02155395 1.32802737 5.27586813
v -0.02155395 1.32802737 5.27586813
v -0.02924402 1.33034186 5.27586813
v -0.02924402 1.33034186 5.27586813
v -0.02924402 1.33034186 5.27586813
v -0.02924402 1.33034186 5.26783732
v -0.02924402 1.33034186 5.26783732
v -0.02924402 1.33034186 5.26783732
v -0.02155395 1.32802737 5.26783732
v -0.02155395 1.32802737 5.26783732
v -0.02155395 1.32802737 5.26783732
v -0.09125480 1.10361278 5.26378635
v -0.09125480 1.10361278 5.26378635
v -0.09125480 1.10361278 5.26378635
v -0.03072169 1.29756679 5.26585394
v -0.03072169 1.29756679 5.26585394
v -0.09498514 1.10473551 5.26378635
v -0.09498514 1.10473551 5.26378635
v -0.09498514 1.10473551 5.26378635
v -0.03841176 1.29988126 5.26585394
v -0.03841176 1.29988126 5.26585394
v -0.09125480 1.10361278 5.25989070
v -0.09125480 1.10361278 5.25989070
v -0.09125480 1.10361278 5.25989070
v -0.03072169 1.29756679 5.25782312
v -0.03072169 1.29756679 5.25782312
v -0.09498514 1.10473551 5.25989070
v -0.09498514 1.10473551 5.25989070
v -0.09498514 1.10473551 5.25989070
v -0.03841176 1.29988126 5.25782312
v -0.03841176 1.29988126 5.25782312
v -0.02155395 1.32802737 5.26585394
v -0.02155395 1.32802737 5.26585394
v -0.02155395 1.32802737 5.26585394
v -0.02924402 1.33034186 5.26585394
v -0.02924402 1.33034186 5.26585394
v -0.02924402 1.33034186 5.26585394
v -0.02924402 1.33034186 5.25782312
v -0.02924402 1.33034186 5.25782312
v -0.02924402 1.33034186 5.25782312
v -0.02155395 1.32802737 5.25782312
v -0.02155395 1.32802737 5.25782312
v -0.02155395 1.32802737 5.25782312
v -0.10575677 1.10546821 5.26939196
v -0.10575677 1.10546821 5.26939196
v -0.10575677 1.10546821 5.26939196
v -0.16628984 1.29803512 5.29263880
v -0.16628984 1.29803512 5.29263880
v -0.10202642 1.10658136 5.26953839
v -0.10202642 1.10658136 5.26953839
v -0.10202642 1.10658136 5.26953839
v -0.15859977 1.30032983 5.29294066
v -0.15859977 1.30032983 5.29294066
v -0.10575677 1.10496013 5.27325432
v -0.10575677 1.10496013 5.27325432
v -0.10575677 1.10496013 5.27325432
v -0.16628983 1.29698769 5.30060102
v -0.16628983 1.29698769 5.30060102
v -0.10202642 1.10607326 5.27340076
v -0.10202642 1.10607326 5.27340076
v -0.10202642 1.10607326 5.27340076
v -0.15859977 1.29928239 5.30090288
v -0.15859977 1.29928239 5.30090288
v -0.17545757 1.32823551 5.29661168
v -0.17545757 1.32823551 5.29661168
v -0.17545757 1.32823551 5.29661168
v -0.16776751 1.33053023 5.29691354
v -0.16776751 1.33053023 5.29691354
v -0.16776751 1.33053023 5.29691354
v -0.16776750 1.32948278 5.30487576
v -0.16776750 1.32948278 5.30487576
v -0.16776750 1.32948278 5.30487576
v -0.17545756 1.32718807 5.30457389
v -0.17545756 1.32718807 5.30457389
v -0.17545756 1.32718807 5.30457389
v -0.10575677 1.10416217 5.27932118
v -0.10575677 1.10416217 5.27932118
v -0.10575677 1.10416217 5.27932118
v -0.16628984 1.29672909 5.30256803
v -0.16628984 1.29672909 5.30256803
v -0.10202642 1.10527532 5.27946760
v -0.10202642 1.10527532 5.27946760
v -0.10202642 1.10527532 5.27946760
v -0.15859977 1.29902379 5.30286988
v -0.15859977 1.29902379 5.30286988
v -0.10575677 1.10365409 5.28318354
v -0.10575677 1.10365409 5.28318354
v -0.10575677 1.10365409 5.28318354
v -0.16628983 1.29568165 5.31053025
v -0.16628983 1.29568165 5.31053025
v -0.10202642 1.10476722 5.28332997
v -0.10202642 1.10476722 5.28332997
v -0.10202642 1.10476722 5.28332997
v -0.15859977 1.29797636 5.31083210
v -0.15859977 1.29797636 5.31083210
v -0.17545757 1.32692947 5.30654090
v -0.17545757 1.32692947 5.30654090
v -0.17545757 1.32692947 5.30654090
v -0.16776751 1.32922418 5.30684277
v -0.16776751 1.32922418 5.30684277
v -0.16776751 1.32922418 5.30684277
v -0.16776750 1.32817674 5.31480498
v -0.16776750 1.32817674 5.31480498
v -0.16776750 1.32817674 5.31480498
v -0.17545756 1.32588204 5.31450311
v -0.17545756 1.32588204 5.31450311
v -0.17545756 1.32588204 5.31450311
v 10.54568481 4.77799393 10.33095635
v -8.11049923 4.77799393 -6.49943620
v 10.54568481 4.77799393 -6.49943620
v -4.08625310 4.77799393 10.33095635
v -4.08625258 4.77799393 -6.49943620
v -8.11049923 4.77799393 6.11088625
v 10.54568481 4.77799393 6.11088651
v -4.08625258 4.77799393 6.11088651
v 5.12010453 4.77799393 10.33095635
v 5.12010453 4.77799393 -6.49943620
v 5.12010453 4.77799393 6.11088651
v 7.75096739 1.29414946 5.03799123
v 7.73782716 1.33391806 5.01606695
v 7.71918605 1.30004167 4.97450399
v 7.71694043 1.33458998 4.97075722
v 7.78110195 1.29414946 5.01993020
v 7.76796172 1.33391805 4.99800592
v 7.74009643 1.30004167 4.96197146
v 7.73785081 1.33458998 4.95822467
v 7.68572085 1.30100713 4.92218509
v 7.68572085 1.33562735 4.92218509
v 7.70973276 1.30100713 4.90779364
v 7.70973276 1.33562736 4.90779364
v 7.64716676 1.29710946 4.86077867
v 7.64716677 1.34035426 4.86077867
v 7.67375406 1.29710946 4.84484368
v 7.67375406 1.34035426 4.84484368
v 7.60504997 1.32943645 4.72464400
v 7.60504997 1.32943645 4.72464400
v 7.60504997 1.32943645 4.72464400
v 7.57355193 1.32943645 4.74352223
v 7.57355193 1.32943645 4.74352223
v 7.57355193 1.32943645 4.74352223
v 7.74124906 1.29283624 5.02792915
v 7.72976097 1.33459548 5.00876143
v 7.77681002 1.29283624 5.00661583
v 7.76532192 1.33459548 4.98744811
v 7.73704733 1.32167568 5.02626055
v 7.73704733 1.32167568 5.02626055
v 7.77731909 1.32167568 5.00212383
v 7.77731909 1.32167568 5.00212383
v 7.74373308 1.32451780 4.95618384
v 7.74373308 1.32451780 4.95618384
v 7.71573574 1.32553421 4.90419578
v 7.71573574 1.32553421 4.90419578
v 7.60251232 1.34415353 4.72943265
v 7.60251232 1.29615578 4.72943265
v 7.60251232 1.29615578 4.72943265
v 7.71236751 1.32451780 4.97498267
v 7.71236751 1.32451780 4.97498267
v 7.64051994 1.32774672 4.86476242
v 7.64051994 1.32774672 4.86476242
v 7.68040089 1.32774671 4.84085993
v 7.68040089 1.32774671 4.84085993
v 7.57897139 1.34415353 4.74354182
v 7.67971787 1.32553421 4.92578295
v 7.67971787 1.32553421 4.92578295
v 7.57897139 1.29615578 4.74354182
v 7.57897139 1.29615578 4.74354182
v 7.77756138 1.32242103 4.98770791
v 7.77756138 1.32242103 4.98770791
v 7.72421995 1.32242103 5.01967788
v 7.72421995 1.32242103 5.01967788
v 7.63354218 1.32904423 4.75696918
v 7.63354218 1.32904423 4.75696918
v 7.62761967 1.34339162 4.76704190
v 7.60030255 1.34339163 4.78341426
v 7.58862736 1.32904423 4.78388871
v 7.58862736 1.32904423 4.78388871
v 7.60057247 1.29405158 4.78329919
v 7.62739093 1.29405158 4.76722568
v 7.69772681 1.33641963 4.91498936
v 7.73481790 1.33086529 5.02056959
v 7.73225931 1.29651496 5.00378284
v 7.72548995 1.33459267 4.99248826
v 7.76706561 1.29162632 5.03068083
v 7.77335127 1.33086530 4.99747477
v 7.75975391 1.29651495 4.98730406
v 7.74260956 1.33174970 4.95579118
v 7.71498537 1.33278116 4.90464550
v 7.70277578 1.33471865 4.94715402
v 7.72399349 1.30147537 4.93507384
v 7.72371280 1.33471865 4.93460550
v 7.66817408 1.29934208 4.89479728
v 7.66817408 1.33777628 4.89479728
v 7.69385151 1.29934208 4.87940758
v 7.69385151 1.33777628 4.87940758
v 7.71255090 1.33174970 4.97380673
v 7.75288796 1.33436036 5.00702562
v 7.66046041 1.29161239 4.85281117
v 7.64135079 1.33679902 4.86426445
v 7.72992670 1.29565005 4.96871400
v 7.67957002 1.33679902 4.84135787
v 7.66046041 1.34134391 4.85281117
v 7.70305648 1.30147537 4.94762236
v 7.72734422 1.33538061 4.96440518
v 7.75298455 1.33459267 4.97600948
v 7.68046824 1.33278116 4.92533322
v 7.61865428 1.32930959 4.73246877
v 7.61865428 1.32930959 4.73246877
v 7.69772681 1.29660637 4.91498936
v 7.61137874 1.34451245 4.73725293
v 7.61746600 1.34191430 4.81027665
v 7.74641757 1.29155909 5.03902010
v 7.73271984 1.33448048 5.01616563
v 7.78415430 1.29155909 5.01640274
v 7.77045656 1.33448048 4.99354827
v 7.74727855 1.33555113 4.99766613
v 7.76048985 1.28752801 5.01970899
v 7.78065100 1.30715081 4.99538308
v 7.78065100 1.30715081 4.99538308
v 7.72953212 1.30715081 5.02602098
v 7.72953212 1.30715081 5.02602098
v 7.74309362 1.30597589 5.03437751
v 7.74309362 1.30597589 5.03437751
v 7.78162700 1.30597589 5.01128269
v 7.78162700 1.30597589 5.01128269
v 7.74390079 1.31188442 4.95794558
v 7.74390079 1.31188442 4.95794558
v 7.71498537 1.31287453 4.90464550
v 7.71498537 1.31287453 4.90464550
v 7.57403906 1.32930959 4.75920872
v 7.57403906 1.32930959 4.75920872
v 7.58168816 1.29279515 4.75504786
v 7.71384213 1.31188442 4.97596113
v 7.71384213 1.31188442 4.97596113
v 7.64135079 1.31193326 4.86426445
v 7.64135079 1.31193326 4.86426445
v 7.67957002 1.31193326 4.84135787
v 7.67957002 1.31193326 4.84135787
v 7.64295159 1.29582721 4.79495646
v 7.68046824 1.31287453 4.92533322
v 7.68046824 1.31287453 4.92533322
v 7.60461414 1.31045703 4.72546498
v 7.60461414 1.31045703 4.72546498
v 7.60461414 1.31045703 4.72546498
v 7.60461414 1.31045703 4.72546498
v 7.77404533 1.33116238 4.98436164
v 7.72292646 1.33116238 5.01499953
v 7.72730195 1.32185732 5.02862383
v 7.72730195 1.32185732 5.02862383
v 7.76183173 1.32349153 4.97518260
v 7.76183173 1.32349153 4.97518260
v 7.57448140 1.31045703 4.74352489
v 7.57448140 1.31045703 4.74352489
v 7.57448140 1.31045703 4.74352489
v 7.57448140 1.31045703 4.74352489
v 7.58979459 1.34473954 4.73490674
v 7.60461413 1.34053125 4.72546496
v 7.57448142 1.34053125 4.74352491
v 7.58979459 1.29312435 4.73490674
v 7.58979459 1.29312435 4.73490674
v 7.66175471 1.32657121 4.89864467
v 7.66175471 1.32657121 4.89864467
v 7.69762335 1.32502694 4.95042768
v 7.69762335 1.32502694 4.95042768
v 7.70027087 1.32657121 4.87556016
v 7.70027087 1.32657121 4.87556016
v 7.75755664 1.32163145 5.01481526
v 7.75755664 1.32163145 5.01481526
v 7.75755664 1.32163145 5.01481526
v 7.78399764 1.32185732 4.99464349
v 7.78399764 1.32185732 4.99464349
v 7.72902888 1.32502694 4.93160490
v 7.72902888 1.32502694 4.93160490
v 7.72058983 1.32349153 4.99990077
v 7.72058983 1.32349153 4.99990077
v 7.58713959 1.32947536 4.73047694
v 7.58713959 1.32947536 4.73047694
v 7.65593984 1.32856612 4.79733367
v 7.65593984 1.32856612 4.79733367
v 7.64321825 1.34191430 4.79484217
v 7.58168816 1.34451245 4.75504786
v 7.61366585 1.32856613 4.82267042
v 7.61366585 1.32856613 4.82267042
v 7.61769252 1.29582721 4.81009538
v 7.61137874 1.29279515 4.73725293
v 7.61063211 1.28802485 4.76967368
v 7.58956307 1.31048361 4.78332786
v 7.58956307 1.31048361 4.78332786
v 7.61058768 1.34451786 4.76959955
v 7.63260645 1.33966914 4.75752999
v 7.58956308 1.33966914 4.78332788
v 7.63260645 1.31048361 4.75752999
v 7.63260645 1.31048361 4.75752999
v 7.72003202 1.33146223 4.99702154
v 7.72847724 1.31287077 4.93216830
v 7.72847724 1.31287077 4.93216830
v 7.77988464 1.33098243 4.99047680
v 7.75439006 1.33089659 5.00953186
v 7.76700789 1.28622467 5.03058448
v 7.75129584 1.33543967 5.00436916
v 7.69946846 1.31251687 4.87604111
v 7.69946846 1.31251687 4.87604111
v 7.71356067 1.29724964 4.94140764
v 7.71323786 1.33547942 4.94086904
v 7.69821888 1.33198566 4.94993751
v 7.68101279 1.29445651 4.88710242
v 7.68101280 1.33865584 4.88710244
v 7.66255713 1.33461654 4.89816375
v 7.61776490 1.31020261 4.73310775
v 7.61776490 1.31020261 4.73310775
v 7.73908233 1.33546407 4.98399039
v 7.74686711 1.29167470 4.99697918
v 7.75955551 1.33146223 4.97333329
v 7.72556637 1.33098243 5.02303224
v 7.73354768 1.30600388 5.03634894
v 7.73354768 1.30600388 5.03634894
v 7.76344790 1.30956754 4.97982768
v 7.76344790 1.30956754 4.97982768
v 7.57502187 1.34030488 4.75872561
v 7.61776488 1.34030488 4.73310773
v 7.59644006 1.34567348 4.74599456
v 7.57502186 1.31020261 4.75872559
v 7.57502186 1.31020261 4.75872559
v 7.59644006 1.28636816 4.74599456
v 7.66255714 1.31251687 4.89816377
v 7.66255714 1.31251687 4.89816377
v 7.69838028 1.31287077 4.95020679
v 7.69838028 1.31287077 4.95020679
v 7.69946846 1.33461653 4.87604111
v 7.76286468 1.30563944 5.02367164
v 7.76286468 1.30563944 5.02367164
v 7.76286468 1.30563944 5.02367164
v 7.78786595 1.30600388 5.00379350
v 7.78786595 1.30600388 5.00379350
v 7.72831584 1.33198566 4.93189901
v 7.72392441 1.30956754 5.00351593
v 7.72392441 1.30956754 5.00351593
v 7.58747313 1.34067668 4.73103344
v 7.58747313 1.31010705 4.73103344
v 7.58747313 1.31010705 4.73103344
v 7.63413954 1.29039153 4.80889530
v 7.61454656 1.31118018 4.82214257
v 7.61454656 1.31118018 4.82214257
v 7.63418604 1.34281690 4.80897290
v 7.65505914 1.33851860 4.79786152
v 7.61454655 1.33851860 4.82214255
v 7.65505914 1.31118018 4.79786152
v 7.65505914 1.31118018 4.79786152
v 7.63570797 1.29564438 4.77965864
v 7.64474101 1.32880518 4.77715142
v 7.64474101 1.32880518 4.77715142
v 7.63780666 1.34249515 4.77840000
v 7.64383279 1.33909387 4.77769575
v 7.64383279 1.31083190 4.77769575
v 7.64383279 1.31083190 4.77769575
v 7.60551666 1.34249515 4.79775283
v 7.60114660 1.32880518 4.80327955
v 7.60114660 1.32880518 4.80327955
v 7.60761607 1.29564438 4.79649535
v 7.60205481 1.31083190 4.80273522
v 7.60205481 1.31083190 4.80273522
v 7.60205481 1.33909387 4.80273522
v 7.63651264 1.29693655 4.79018771
v 7.63651264 1.29693655 4.79018771
v 7.63962116 1.31837667 4.79059324
v 7.63742970 1.33885653 4.79018923
v 7.63742970 1.33885653 4.79018923
v 7.62764393 1.33988562 4.77252158
v 7.62764393 1.33988562 4.77252158
v 7.62839092 1.31818980 4.77032981
v 7.62719003 1.29559871 4.77335394
v 7.62719003 1.29559871 4.77335394
v 7.61304864 1.34030570 4.77370543
v 7.61304864 1.34030570 4.77370543
v 7.61181082 1.31623755 4.77164033
v 7.61344906 1.29154325 4.77437351
v 7.61344906 1.29154325 4.77437351
v 7.60512381 1.33988562 4.78601887
v 7.60512381 1.33988562 4.78601887
v 7.60283855 1.31818980 4.78564445
v 7.60607188 1.29559871 4.78601099
v 7.60607188 1.29559871 4.78601099
v 7.61609166 1.33885653 4.80297809
v 7.61609166 1.33885653 4.80297809
v 7.61541467 1.31837667 4.80510131
v 7.61652267 1.29693655 4.80216862
v 7.61652267 1.29693655 4.80216862
v 7.63052120 1.33915053 4.80285801
v 7.63052120 1.33915053 4.80285801
v 7.63052120 1.33915053 4.80285801
v 7.63180340 1.31656435 4.80499751
v 7.63180340 1.31656435 4.80499751
v 7.63010598 1.29326247 4.80216520
v 7.63010598 1.29326247 4.80216520
v 7.63010598 1.29326247 4.80216520
v 7.63520366 1.33931621 4.77970140
v 7.63520366 1.33931621 4.77970140
v 7.63622876 1.31850935 4.77906297
v 7.63293467 1.29673400 4.78106904
v 7.63293467 1.29673400 4.78106904
v 7.61016751 1.29673399 4.79471439
v 7.61016751 1.29673399 4.79471439
v 7.60684520 1.31850935 4.79667384
v 7.60789167 1.33931621 4.79607068
v 7.60789167 1.33931621 4.79607068
v 7.63898570 1.32935903 4.79046514
v 7.62818286 1.32981260 4.77097244
v 7.61218307 1.32907341 4.77226137
v 7.60350344 1.32981261 4.78576390
v 7.61560134 1.32935902 4.80448047
v 7.63141704 1.32862318 4.80435282
v 7.63141704 1.32862318 4.80435282
v 7.63611637 1.32967530 4.77913743
v 7.60696391 1.32967530 4.79660979
v 7.63844832 1.30690977 4.79045783
v 7.62792201 1.30610642 4.77146408
v 7.61242459 1.30298852 4.77266433
v 7.60405999 1.30610642 4.78576561
v 7.61584823 1.30690977 4.80400311
v 7.63116630 1.30406292 4.80393445
v 7.63116630 1.30406292 4.80393445
v 7.63488690 1.30686993 4.77987893
v 7.60819746 1.30686993 4.79587508
v 7.99423099 1.29414946 2.77134266
v 8.00889865 1.33391806 2.75040944
v 8.03925942 1.30004167 2.71645073
v 8.04176606 1.33458998 2.71287333
v 8.02300335 1.29414946 2.79150311
v 8.03767101 1.33391805 2.77056989
v 8.05922455 1.30004167 2.73044009
v 8.06173121 1.33458998 2.72686266
v 8.07340256 1.30100713 2.66457170
v 8.07340256 1.33562735 2.66457170
v 8.09632904 1.30100713 2.68063602
v 8.09632904 1.33562736 2.68063602
v 8.11377111 1.29710946 2.60434260
v 8.11377112 1.34035426 2.60434260
v 8.13915656 1.29710946 2.62212988
v 8.13915656 1.34035426 2.62212988
v 8.22093159 1.32943645 2.51041122
v 8.22093159 1.32943645 2.51041122
v 8.22093159 1.32943645 2.51041122
v 8.19085738 1.32943645 2.48933858
v 8.19085738 1.32943645 2.48933858
v 8.19085738 1.32943645 2.48933858
v 7.99946010 1.29283624 2.75836777
v 8.01228357 1.33459548 2.74006650
v 8.03341356 1.29283624 2.78215855
v 8.04623704 1.33459548 2.76385729
v 7.99927187 1.32167568 2.75385076
v 7.99927187 1.32167568 2.75385076
v 8.03772319 1.32167568 2.78079314
v 8.03772319 1.32167568 2.78079314
v 8.06599173 1.32451780 2.73140293
v 8.06599173 1.32451780 2.73140293
v 8.10206067 1.32553421 2.68465210
v 8.10206067 1.32553421 2.68465210
v 8.21552450 1.34415353 2.51004496
v 8.21552450 1.29615578 2.51004496
v 8.21552450 1.29615578 2.51004496
v 8.03604400 1.32451780 2.71041892
v 8.03604400 1.32451780 2.71041892
v 8.10742475 1.32774672 2.59989578
v 8.10742475 1.32774672 2.59989578
v 8.14550293 1.32774671 2.62657670
v 8.14550293 1.32774671 2.62657670
v 8.19304770 1.34415353 2.49429574
v 8.06767094 1.32553421 2.66055563
v 8.06767094 1.32553421 2.66055563
v 8.19304770 1.29615578 2.49429574
v 8.19304770 1.29615578 2.49429574
v 8.05098687 1.32242103 2.77514050
v 8.05098687 1.32242103 2.77514050
v 8.00005668 1.32242103 2.73945433
v 8.00005668 1.32242103 2.73945433
v 8.20302090 1.32904423 2.54960217
v 8.20302090 1.32904423 2.54960217
v 8.19140908 1.34339162 2.54829782
v 8.16532684 1.34339163 2.53002225
v 8.16013640 1.32904423 2.51955351
v 8.16013640 1.32904423 2.51955351
v 8.16554191 1.29405158 2.53022187
v 8.19114804 1.29405158 2.54816381
v 8.08486580 1.33641963 2.67260386
v 8.00356058 1.33086529 2.74949596
v 8.01784811 1.29651496 2.74031948
v 8.02540435 1.33459267 2.72953545
v 8.00746639 1.29162632 2.78306524
v 8.04035209 1.33086530 2.77527533
v 8.04409985 1.29651495 2.75871376
v 8.06589252 1.33174970 2.73021692
v 8.10134422 1.33278116 2.68415008
v 8.05754953 1.33471865 2.69032049
v 8.07722680 1.30147537 2.70477482
v 8.07754012 1.33471865 2.70432766
v 8.09126415 1.29934208 2.63738816
v 8.09126415 1.33777628 2.63738816
v 8.11578089 1.29934208 2.65456672
v 8.11578089 1.33777628 2.65456672
v 8.03719263 1.33174970 2.71010725
v 8.02329206 1.33436036 2.76047935
v 8.12646384 1.29161239 2.61323624
v 8.10821805 1.33679902 2.60045163
v 8.04892335 1.29565005 2.72390016
v 8.14470965 1.33679902 2.62602083
v 8.12646384 1.34134391 2.61323624
v 8.05723621 1.30147537 2.69076766
v 8.05180601 1.33538061 2.71978611
v 8.05165609 1.33459267 2.74792973
v 8.06838739 1.33278116 2.66105763
v 8.21932904 1.32930959 2.52602326
v 8.21932904 1.32930959 2.52602326
v 8.08486580 1.29660637 2.67260386
v 8.21199555 1.34451245 2.52132843
v 8.14778889 1.34191430 2.55664165
v 7.99143754 1.29155909 2.76760689
v 8.00672751 1.33448048 2.74578552
v 8.02746842 1.29155909 2.79285329
v 8.04275839 1.33448048 2.77103193
v 8.02955376 1.33555113 2.75154309
v 8.01480677 1.28752801 2.77258952
v 8.04523661 1.30715081 2.78108934
v 8.04523661 1.30715081 2.78108934
v 7.99642851 1.30715081 2.74689008
v 7.99642851 1.30715081 2.74689008
v 7.99432289 1.30597589 2.76267971
v 7.99432289 1.30597589 2.76267971
v 8.03111440 1.30597589 2.78845909
v 8.03111440 1.30597589 2.78845909
v 8.06445120 1.31188442 2.73227394
v 8.06445120 1.31188442 2.73227394
v 8.10134422 1.31287453 2.68415008
v 8.10134422 1.31287453 2.68415008
v 8.17673061 1.32930959 2.49617505
v 8.17673061 1.32930959 2.49617505
v 8.18364710 1.29279515 2.50146501
v 8.03575130 1.31188442 2.71216426
v 8.03575130 1.31188442 2.71216426
v 8.10821805 1.31193326 2.60045163
v 8.10821805 1.31193326 2.60045163
v 8.14470965 1.31193326 2.62602083
v 8.14470965 1.31193326 2.62602083
v 8.17216398 1.29582721 2.57367333
v 8.06838739 1.31287453 2.66105764
v 8.06838739 1.31287453 2.66105764
v 8.22000427 1.31045703 2.51034773
v 8.22000427 1.31045703 2.51034773
v 8.22000427 1.31045703 2.51034773
v 8.22000427 1.31045703 2.51034773
v 8.05261012 1.33116238 2.77056610
v 8.00380202 1.33116238 2.73636685
v 7.99314282 1.32185732 2.74591400
v 7.99314282 1.32185732 2.74591400
v 8.05601608 1.32349153 2.75567227
v 8.05601608 1.32349153 2.75567227
v 8.19123368 1.31045703 2.49018849
v 8.19123368 1.31045703 2.49018849
v 8.19123368 1.31045703 2.49018849
v 8.19123368 1.31045703 2.49018849
v 8.20534347 1.34473954 2.50066130
v 8.22000429 1.34053125 2.51034771
v 8.19123366 1.34053125 2.49018851
v 8.20534348 1.29312435 2.50066130
v 8.20534348 1.29312435 2.50066130
v 8.08513499 1.32657121 2.63309350
v 8.08513499 1.32657121 2.63309350
v 8.05246055 1.32502694 2.68694906
v 8.05246055 1.32502694 2.68694906
v 8.12191007 1.32657121 2.65886136
v 8.12191007 1.32657121 2.65886136
v 8.01808068 1.32163145 2.76791686
v 8.01808068 1.32163145 2.76791686
v 8.01808068 1.32163145 2.76791686
v 8.04727564 1.32185732 2.78384422
v 8.04727564 1.32185732 2.78384422
v 8.08244643 1.32502694 2.70795981
v 8.08244643 1.32502694 2.70795981
v 8.01663847 1.32349153 2.72808085
v 8.01663847 1.32349153 2.72808085
v 8.20830707 1.32947536 2.49643173
v 8.20830707 1.32947536 2.49643173
v 8.17528524 1.32856612 2.58650312
v 8.17528524 1.32856612 2.58650312
v 8.17237701 1.34191430 2.57387028
v 8.18364710 1.34451245 2.50146501
v 8.13492220 1.32856613 2.55822122
v 8.13492220 1.32856613 2.55822122
v 8.14804672 1.29582721 2.55677466
v 8.21199555 1.29279515 2.52132843
v 8.18208393 1.28802485 2.53385673
v 8.16102984 1.31048361 2.52017951
v 8.16102984 1.31048361 2.52017951
v 8.18213353 1.34451786 2.53378595
v 8.20212749 1.33966914 2.54897614
v 8.16102983 1.33966914 2.52017953
v 8.20212749 1.31048361 2.54897614
v 8.20212749 1.31048361 2.54897614
v 8.01904057 1.33146223 2.72639828
v 8.08170715 1.31287077 2.70768559
v 8.08170715 1.31287077 2.70768559
v 8.04940489 1.33098243 2.77839037
v 8.02161535 1.33089659 2.76287229
v 8.00753086 1.28622467 2.78297328
v 8.02506928 1.33543967 2.75794299
v 8.12114391 1.31251687 2.65832455
v 8.12114391 1.31251687 2.65832455
v 8.06719167 1.29724964 2.69782809
v 8.06755200 1.33547942 2.69731384
v 8.05315084 1.33198566 2.68729318
v 8.10352253 1.29445651 2.64597743
v 8.10352252 1.33865584 2.64597745
v 8.08590113 1.33461654 2.63363033
v 8.21838312 1.31020261 2.52547142
v 8.21838312 1.31020261 2.52547142
v 8.03870314 1.33546407 2.73848580
v 8.03001346 1.29167470 2.75088744
v 8.05677744 1.33146223 2.75284005
v 7.99754201 1.33098243 2.74205067
v 7.98863295 1.30600388 2.75476541
v 7.98863295 1.30600388 2.75476541
v 8.05243260 1.30956754 2.75904087
v 8.05243260 1.30956754 2.75904087
v 8.17757224 1.34030488 2.49687573
v 8.21838313 1.34030488 2.52547140
v 8.19792558 1.34567348 2.51124793
v 8.17757226 1.31020261 2.49687571
v 8.17757226 1.31020261 2.49687571
v 8.19792558 1.28636816 2.51124793
v 8.08590112 1.31251687 2.63363035
v 8.08590112 1.31251687 2.63363035
v 8.05297068 1.31287077 2.68755029
v 8.05297068 1.31287077 2.68755029
v 8.12114391 1.33461653 2.65832455
v 8.01215564 1.30563944 2.77637290
v 8.01215564 1.30563944 2.77637290
v 8.01215564 1.30563944 2.77637290
v 8.04049582 1.30600388 2.79110510
v 8.04049582 1.30600388 2.79110510
v 8.08188730 1.33198566 2.70742848
v 8.01469573 1.30956754 2.73259910
v 8.01469573 1.30956754 2.73259910
v 8.20793477 1.34067668 2.49696307
v 8.20793477 1.31010705 2.49696307
v 8.20793477 1.31010705 2.49696307
v 8.15584415 1.29039153 2.57130547
v 8.13576310 1.31118018 2.55881043
v 8.13576310 1.31118018 2.55881043
v 8.15579224 1.34281690 2.57137956
v 8.17444435 1.33851860 2.58591392
v 8.13576311 1.33851860 2.55881041
v 8.17444435 1.31118018 2.58591392
v 8.17444435 1.31118018 2.58591392
v 8.18318283 1.29564438 2.56082504
v 8.18915308 1.32880518 2.56805264
v 8.18915308 1.32880518 2.56805264
v 8.18518738 1.34249515 2.56222877
v 8.18828592 1.33909387 2.56744503
v 8.18828592 1.31083190 2.56744503
v 8.18828592 1.31083190 2.56744503
v 8.15435707 1.34249515 2.54062628
v 8.14752931 1.32880518 2.53888736
v 8.14752931 1.32880518 2.53888736
v 8.15636085 1.29564438 2.54203114
v 8.14839647 1.31083190 2.53949497
v 8.14839647 1.31083190 2.53949497
v 8.14839647 1.33909387 2.53949497
v 8.17389531 1.29693655 2.56585006
v 8.17389531 1.29693655 2.56585006
v 8.17479157 1.31837667 2.56885407
v 8.17426758 1.33885653 2.56668816
v 8.17426758 1.33885653 2.56668816
v 8.18641479 1.33988562 2.55055271
v 8.18641479 1.33988562 2.55055271
v 8.18872073 1.31818980 2.55034183
v 8.18546972 1.29559871 2.55047736
v 8.18546972 1.29559871 2.55047736
v 8.17938669 1.34030570 2.53770633
v 8.17938669 1.34030570 2.53770633
v 8.18076822 1.31623755 2.53573448
v 8.17893973 1.29154325 2.53834422
v 8.17893973 1.29154325 2.53834422
v 8.16491272 1.33988562 2.53548642
v 8.16491272 1.33988562 2.53548642
v 8.16432350 1.31818980 2.53324690
v 8.16530621 1.29559871 2.53634900
v 8.16530621 1.29559871 2.53634900
v 8.15389411 1.33885653 2.55241271
v 8.15389411 1.33885653 2.55241271
v 8.15167930 1.31837667 2.55265958
v 8.15480896 1.29693655 2.55247648
v 8.15480896 1.29693655 2.55247648
v 8.15988323 1.33915053 2.56554117
v 8.15988323 1.33915053 2.56554117
v 8.15988323 1.33915053 2.56554117
v 8.15845182 1.31656435 2.56758386
v 8.15845182 1.31656435 2.56758386
v 8.16034673 1.29326247 2.56487969
v 8.16034673 1.29326247 2.56487969
v 8.16034673 1.29326247 2.56487969
v 8.18293829 1.33931621 2.56038193
v 8.18293829 1.33931621 2.56038193
v 8.18393901 1.31850935 2.56105793
v 8.18076481 1.29673400 2.55886709
v 8.18076481 1.29673400 2.55886709
v 8.15902687 1.29673399 2.54363551
v 8.15902687 1.29673399 2.54363551
v 8.15588375 1.31850935 2.54139989
v 8.15686096 1.33931621 2.54210979
v 8.15686096 1.33931621 2.54210979
v 8.17464962 1.32935903 2.56822156
v 8.18804909 1.32981260 2.55041367
v 8.18035275 1.32907341 2.53632748
v 8.16448533 1.32981261 2.53390277
v 8.15232232 1.32935902 2.55257709
v 8.15888315 1.32862318 2.56696835
v 8.15888315 1.32862318 2.56696835
v 8.18382521 1.32967530 2.56098563
v 8.15599061 1.32967530 2.54148220
v 8.17443734 1.30690977 2.56772784
v 8.18749383 1.30610642 2.55037578
v 8.18008316 1.30298852 2.53671223
v 8.16471054 1.30610642 2.53441171
v 8.15285885 1.30690977 2.55260805
v 8.15916304 1.30406292 2.56656890
v 8.15916304 1.30406292 2.56656890
v 8.18264711 1.30686993 2.56016499
v 8.15716418 1.30686993 2.54230935
v 7.74991300 1.29414946 -2.81468436
v 7.72755893 1.33391806 -2.82707934
v 7.69060767 1.30004167 -2.85371719
v 7.68678745 1.33458998 -2.85583544
v 7.76694969 1.29414946 -2.84540965
v 7.74459563 1.33391805 -2.85780463
v 7.70242945 1.30004167 -2.87503746
v 7.69860921 1.33458998 -2.87715572
v 7.63543854 1.30100713 -2.88224007
v 7.63543854 1.33562735 -2.88224007
v 7.64901378 1.30100713 -2.90672269
v 7.64901378 1.33562736 -2.90672269
v 7.57131335 1.29710946 -2.91607976
v 7.57131335 1.34035426 -2.91607976
v 7.58634459 1.29710946 -2.94318825
v 7.58634459 1.34035426 -2.94318825
v 7.46667701 1.32943645 -3.01281502
v 7.46667701 1.32943645 -3.01281502
v 7.46667701 1.32943645 -3.01281502
v 7.44886947 1.32943645 -2.98069951
v 7.44886947 1.32943645 -2.98069951
v 7.44886947 1.32943645 -2.98069951
v 7.73646186 1.29283624 -2.81852604
v 7.71691840 1.33459548 -2.82936259
v 7.75656640 1.29283624 -2.85478410
v 7.73702293 1.33459548 -2.86562065
v 7.73198940 1.32167568 -2.81786584
v 7.73198940 1.32167568 -2.81786584
v 7.75475721 1.32167568 -2.85892706
v 7.75475721 1.32167568 -2.85892706
v 7.70267838 1.32451780 -2.88186825
v 7.70267838 1.32451780 -2.88186825
v 7.65240759 1.32553421 -2.91284335
v 7.65240759 1.32553421 -2.91284335
v 7.46687898 1.34415353 -3.00739929
v 7.46687898 1.29615578 -3.00739929
v 7.46687898 1.29615578 -3.00739929
v 7.68494573 1.32451780 -2.84988782
v 7.68494573 1.32451780 -2.84988782
v 7.56755554 1.32774672 -2.90930264
v 7.56755554 1.32774672 -2.90930264
v 7.59010240 1.32774671 -2.94996538
v 7.59010240 1.32774671 -2.94996538
v 7.45357001 1.34415353 -2.98339688
v 7.63204474 1.32553421 -2.87611942
v 7.63204474 1.32553421 -2.87611942
v 7.45357001 1.29615578 -2.98339688
v 7.45357001 1.29615578 -2.98339688
v 7.74774673 1.32242103 -2.87152589
v 7.74774673 1.32242103 -2.87152589
v 7.71758994 1.32242103 -2.81713881
v 7.71758994 1.32242103 -2.81713881
v 7.50752803 1.32904423 -2.99910669
v 7.50752803 1.32904423 -2.99910669
v 7.50744678 1.34339162 -2.98742213
v 7.49200291 1.34339163 -2.95956955
v 7.48213525 1.32904423 -2.95331140
v 7.48213525 1.32904423 -2.95331140
v 7.49217891 1.29405158 -2.95980434
v 7.50734084 1.29405158 -2.98714849
v 7.64222616 1.33641963 -2.89448138
v 7.72720945 1.33086529 -2.82167496
v 7.71658729 1.29651496 -2.83492303
v 7.70507130 1.33459267 -2.84130846
v 7.76018518 1.29162632 -2.82907453
v 7.74899445 1.33086530 -2.86096371
v 7.73213148 1.29651495 -2.86295660
v 7.70150928 1.33174970 -2.88164540
v 7.65198335 1.33278116 -2.91207828
v 7.66270583 1.33471865 -2.86917050
v 7.67502017 1.30147537 -2.89025318
v 7.67454266 1.33471865 -2.89051795
v 7.60653407 1.29934208 -2.89715692
v 7.60653407 1.33777628 -2.89715692
v 7.62105089 1.29934208 -2.92333773
v 7.62105089 1.33777628 -2.92333773
v 7.68451549 1.33174970 -2.85099749
v 7.73606626 1.33436036 -2.84244810
v 7.57882897 1.29161239 -2.92963401
v 7.56802527 1.33679902 -2.91014978
v 7.69700418 1.29565005 -2.86410806
v 7.58963265 1.33679902 -2.94911825
v 7.57882897 1.34134391 -2.92963401
v 7.66318334 1.30147537 -2.86890573
v 7.69261089 1.33538061 -2.86654407
v 7.72061548 1.33459267 -2.86934204
v 7.63246896 1.33278116 -2.87688449
v 7.48237104 1.32930959 -3.01285609
v 7.48237104 1.32930959 -3.01285609
v 7.64222616 1.29660637 -2.89448138
v 7.47846994 1.34451245 -3.00507130
v 7.52031246 1.34191430 -2.94491548
v 7.74649028 1.29155909 -2.81151507
v 7.72318779 1.33448048 -2.82443594
v 7.76782489 1.29155909 -2.84999155
v 7.74452240 1.33448048 -2.86291242
v 7.72652343 1.33555113 -2.84773960
v 7.74899840 1.28752801 -2.83527758
v 7.75426500 1.30715081 -2.86643019
v 7.75426500 1.30715081 -2.86643019
v 7.72536474 1.30715081 -2.81430923
v 7.72536474 1.30715081 -2.81430923
v 7.74128805 1.30597589 -2.81386860
v 7.74128805 1.30597589 -2.81386860
v 7.76307305 1.30597589 -2.85315735
v 7.76307305 1.30597589 -2.85315735
v 7.70370591 1.31188442 -2.88042740
v 7.70370591 1.31188442 -2.88042740
v 7.65198335 1.31287453 -2.91207827
v 7.65198335 1.31287453 -2.91207827
v 7.45714764 1.32930959 -2.96736629
v 7.45714764 1.32930959 -2.96736629
v 7.46168425 1.29279515 -2.97479869
v 7.68671212 1.31188442 -2.84977949
v 7.68671212 1.31188442 -2.84977949
v 7.56802527 1.31193326 -2.91014978
v 7.56802527 1.31193326 -2.91014978
v 7.58963265 1.31193326 -2.94911825
v 7.58963265 1.31193326 -2.94911825
v 7.53469805 1.29582721 -2.97094005
v 7.63246896 1.31287453 -2.87688450
v 7.63246896 1.31287453 -2.87688450
v 7.46671098 1.31045703 -3.01188614
v 7.46671098 1.31045703 -3.01188614
v 7.46671098 1.31045703 -3.01188614
v 7.46671098 1.31045703 -3.01188614
v 7.74302750 1.33116238 -2.87266121
v 7.71412724 1.33116238 -2.82054025
v 7.72473808 1.32185732 -2.81093939
v 7.72473808 1.32185732 -2.81093939
v 7.72785889 1.32349153 -2.87448883
v 7.72785889 1.32349153 -2.87448883
v 7.44967529 1.31045703 -2.98116274
v 7.44967529 1.31045703 -2.98116274
v 7.44967529 1.31045703 -2.98116274
v 7.44967529 1.31045703 -2.98116274
v 7.45861301 1.34473954 -2.99629163
v 7.46671095 1.34053125 -3.01188616
v 7.44967532 1.34053125 -2.98116272
v 7.45861301 1.29312435 -2.99629163
v 7.45861301 1.29312435 -2.99629163
v 7.60290484 1.32657121 -2.89061174
v 7.60290484 1.32657121 -2.89061174
v 7.65988583 1.32502694 -2.86375645
v 7.65988583 1.32502694 -2.86375645
v 7.62468011 1.32657121 -2.92988294
v 7.62468011 1.32657121 -2.92988294
v 7.74400859 1.32163145 -2.83804419
v 7.74400859 1.32163145 -2.83804419
v 7.74400859 1.32163145 -2.83804419
v 7.75679122 1.32185732 -2.86874649
v 7.75679122 1.32185732 -2.86874649
v 7.67764107 1.32502694 -2.89577763
v 7.67764107 1.32502694 -2.89577763
v 7.70454262 1.32349153 -2.83243846
v 7.70454262 1.32349153 -2.83243846
v 7.45409637 1.32947536 -2.99879603
v 7.45409637 1.32947536 -2.99879603
v 7.54713046 1.32856612 -2.97538762
v 7.54713046 1.32856612 -2.97538762
v 7.53487161 1.34191430 -2.97117253
v 7.46168425 1.34451245 -2.97479869
v 7.52323069 1.32856613 -2.93228493
v 7.52323069 1.32856613 -2.93228493
v 7.52041773 1.29582721 -2.94518582
v 7.47846994 1.29279515 -3.00507130
v 7.49406158 1.28802485 -2.97663604
v 7.48266424 1.31048361 -2.95426548
v 7.48266424 1.31048361 -2.95426548
v 7.49398599 1.34451786 -2.97667795
v 7.50699899 1.33966914 -2.99815264
v 7.48266426 1.33966914 -2.95426547
v 7.50699899 1.31048361 -2.99815264
v 7.50699899 1.31048361 -2.99815264
v 7.70261775 1.33146223 -2.83465116
v 7.67744578 1.31287077 -2.89501370
v 7.67744578 1.31287077 -2.89501370
v 7.75114439 1.33098243 -2.87029292
v 7.73862162 1.33089659 -2.84103118
v 7.76008696 1.28622467 -2.82912901
v 7.73335774 1.33543967 -2.84394995
v 7.62422647 1.31251687 -2.92906477
v 7.62422647 1.31251687 -2.92906477
v 7.66916247 1.29724964 -2.87954579
v 7.66861331 1.33547942 -2.87985029
v 7.66015578 1.33198566 -2.86447898
v 7.61379247 1.29445651 -2.91024734
v 7.61379249 1.33865584 -2.91024732
v 7.60335849 1.33461654 -2.89142989
v 7.48192128 1.31020261 -3.01185759
v 7.48192128 1.31020261 -3.01185759
v 7.71257985 1.33546407 -2.85547138
v 7.72582325 1.29167470 -2.84812812
v 7.72496252 1.33146223 -2.87494943
v 7.72043533 1.33098243 -2.81490984
v 7.73401308 1.30600388 -2.80738119
v 7.73401308 1.30600388 -2.80738119
v 7.73158422 1.30956754 -2.87127780
v 7.73158422 1.30956754 -2.87127780
v 7.45775634 1.34030488 -2.96827667
v 7.48192126 1.34030488 -3.01185759
v 7.46991821 1.34567348 -2.99002309
v 7.45775632 1.31020261 -2.96827668
v 7.45775632 1.31020261 -2.96827668
v 7.46991821 1.28636816 -2.99002310
v 7.60335851 1.31251687 -2.89142988
v 7.60335851 1.31251687 -2.89142988
v 7.66043034 1.31287077 -2.86432674
v 7.66043034 1.31287077 -2.86432674
v 7.62422647 1.33461653 -2.92906477
v 7.75303858 1.30563944 -2.83303720
v 7.75303858 1.30563944 -2.83303720
v 7.75303858 1.30563944 -2.83303720
v 7.76472214 1.30600388 -2.86276427
v 7.76472214 1.30600388 -2.86276427
v 7.67717122 1.33198566 -2.89516594
v 7.70923946 1.30956754 -2.83097953
v 7.70923946 1.30956754 -2.83097953
v 7.45466377 1.34067668 -2.99848141
v 7.45466377 1.31010705 -2.99848141
v 7.45466377 1.31010705 -2.99848141
v 7.53405215 1.29039153 -2.95446199
v 7.52372860 1.31118018 -2.93318291
v 7.52372860 1.31118018 -2.93318291
v 7.53413126 1.34281690 -2.95441812
v 7.54663255 1.33851860 -2.97448965
v 7.52372858 1.33851860 -2.93318292
v 7.54663255 1.31118018 -2.97448965
v 7.54663255 1.31118018 -2.97448965
v 7.52076655 1.29564438 -2.98055290
v 7.52732923 1.32880518 -2.98724716
v 7.52732923 1.32880518 -2.98724716
v 7.52195266 1.34249515 -2.98269342
v 7.52681577 1.33909387 -2.98632114
v 7.52681577 1.31083190 -2.98632114
v 7.52681577 1.31083190 -2.98632114
v 7.50369735 1.34249515 -2.94977049
v 7.50268296 1.32880518 -2.94279817
v 7.50268296 1.32880518 -2.94279817
v 7.50488466 1.29564438 -2.95191037
v 7.50319642 1.31083190 -2.94372419
v 7.50319642 1.31083190 -2.94372419
v 7.50319642 1.33909387 -2.94372419
v 7.52673649 1.29693655 -2.97184264
v 7.52673649 1.29693655 -2.97184264
v 7.52963014 1.31837667 -2.97304853
v 7.52753100 1.33885653 -2.97230063
v 7.52753100 1.33885653 -2.97230063
v 7.51021226 1.33988562 -2.98269142
v 7.51021226 1.33988562 -2.98269142
v 7.50976107 1.31818980 -2.98496260
v 7.51023629 1.29559871 -2.98174365
v 7.51023629 1.29559871 -2.98174365
v 7.49817246 1.34030570 -2.97435674
v 7.49817246 1.34030570 -2.97435674
v 7.49606678 1.31623755 -2.97552419
v 7.49885365 1.29154325 -2.97397903
v 7.49885365 1.29154325 -2.97397903
v 7.49748040 1.33988562 -2.95972989
v 7.49748040 1.33988562 -2.95972989
v 7.49531489 1.31818980 -2.95890939
v 7.49829704 1.29559871 -2.96021154
v 7.49829704 1.29559871 -2.96021154
v 7.51546746 1.33885653 -2.95054430
v 7.51546746 1.33885653 -2.95054430
v 7.51594490 1.31837667 -2.94836751
v 7.51543508 1.29693655 -2.95146080
v 7.51543508 1.29693655 -2.95146080
v 7.52789658 1.33915053 -2.95787525
v 7.52789658 1.33915053 -2.95787525
v 7.52789658 1.33915053 -2.95787525
v 7.53007794 1.31656435 -2.95666561
v 7.53007794 1.31656435 -2.95666561
v 7.52719020 1.29326247 -2.95826693
v 7.52719020 1.29326247 -2.95826693
v 7.52719020 1.29326247 -2.95826693
v 7.52035148 1.33931621 -2.98026331
v 7.52035148 1.33931621 -2.98026331
v 7.52091898 1.31850935 -2.98132930
v 7.51907257 1.29673400 -2.97794314
v 7.51907257 1.29673400 -2.97794314
v 7.50620104 1.29673399 -2.95472973
v 7.50620104 1.29673399 -2.95472973
v 7.50430684 1.31850935 -2.95136979
v 7.50491051 1.33931621 -2.95241596
v 7.50491051 1.33931621 -2.95241596
v 7.52901596 1.32935903 -2.97284113
v 7.50990285 1.32981260 -2.98430218
v 7.49670002 1.32907341 -2.97517310
v 7.49595021 1.32981261 -2.95913901
v 7.51579552 1.32935902 -2.94899836
v 7.52942064 1.32862318 -2.95703011
v 7.52942064 1.32862318 -2.95703011
v 7.52085900 1.32967530 -2.98120857
v 7.50437751 1.32967530 -2.95148468
v 7.52854719 1.30690977 -2.97257832
v 7.50992331 1.30610642 -2.98374600
v 7.49711089 1.30298852 -2.97494529
v 7.49643278 1.30610642 -2.95941628
v 7.51577013 1.30690977 -2.94953519
v 7.52899407 1.30406292 -2.95726664
v 7.52899407 1.30406292 -2.95726664
v 7.52016623 1.30686993 -2.97995100
v 7.50507722 1.30686993 -2.95273842
v 7.76019141 1.29414946 -2.30480122
v 7.74403070 1.33391806 -2.32460454
v 7.71959816 1.30004167 -2.36304958
v 7.71683635 1.33458998 -2.36643389
v 7.78741074 1.29414946 -2.32701385
v 7.77125002 1.33391805 -2.34681717
v 7.73848566 1.30004167 -2.37846291
v 7.73572385 1.33458998 -2.38184724
v 7.67894703 1.30100713 -2.41000353
v 7.67894703 1.33562735 -2.41000353
v 7.70063602 1.30100713 -2.42770307
v 7.70063602 1.33562736 -2.42770307
v 7.63195132 1.29710946 -2.46521737
v 7.63195132 1.34035426 -2.46521737
v 7.65596655 1.29710946 -2.48481526
v 7.65596654 1.34035426 -2.48481526
v 7.57066792 1.32943645 -2.59386735
v 7.57066792 1.32943645 -2.59386735
v 7.57066792 1.32943645 -2.59386735
v 7.54221702 1.32943645 -2.57064968
v 7.54221702 1.32943645 -2.57064968
v 7.54221702 1.32943645 -2.57064968
v 7.74912528 1.29283624 -2.31335881
v 7.73499648 1.33459548 -2.33067223
v 7.78124605 1.29283624 -2.33957131
v 7.76711724 1.33459548 -2.35688474
v 7.74472705 1.32167568 -2.31440490
v 7.74472705 1.32167568 -2.31440490
v 7.78110289 1.32167568 -2.34408980
v 7.78110289 1.32167568 -2.34408980
v 7.74125088 1.32451780 -2.38471393
v 7.74125088 1.32451780 -2.38471393
v 7.70605827 1.32553421 -2.43212795
v 7.70605827 1.32553421 -2.43212795
v 7.56884637 1.34415353 -2.58876316
v 7.56884637 1.29615578 -2.58876316
v 7.56884637 1.29615578 -2.58876316
v 7.71291964 1.32451780 -2.36159391
v 7.71291964 1.32451780 -2.36159391
v 7.62594751 1.32774672 -2.46031790
v 7.62594751 1.32774672 -2.46031790
v 7.66197035 1.32774671 -2.48971473
v 7.66197035 1.32774671 -2.48971473
v 7.54758280 1.34415353 -2.57141079
v 7.67352478 1.32553421 -2.40557865
v 7.67352478 1.32553421 -2.40557865
v 7.54758280 1.29615578 -2.57141079
v 7.54758280 1.29615578 -2.57141079
v 7.77926652 1.32242103 -2.35839033
v 7.77926652 1.32242103 -2.35839033
v 7.73108537 1.32242103 -2.31907158
v 7.73108537 1.32242103 -2.31907158
v 7.60351847 1.32904423 -2.56598251
v 7.60351847 1.32904423 -2.56598251
v 7.59910834 1.34339162 -2.55516186
v 7.57443388 1.34339163 -2.53502605
v 7.56294873 1.32904423 -2.53287513
v 7.56294873 1.32904423 -2.53287513
v 7.57468442 1.29405158 -2.53517880
v 7.59890845 1.29405158 -2.55494705
v 7.68979152 1.33641963 -2.41885330
v 7.74170126 1.33086529 -2.31971545
v 7.73675178 1.29651496 -2.33595873
v 7.72842637 1.33459267 -2.34616067
v 7.77506899 1.29162632 -2.31435383
v 7.77650689 1.33086530 -2.34811897
v 7.76158653 1.29651495 -2.35622540
v 7.74008253 1.33174970 -2.38494069
v 7.70538048 1.33278116 -2.43157485
v 7.69942011 1.33471865 -2.38775108
v 7.71867689 1.30147537 -2.40276104
v 7.71833167 1.33471865 -2.40318407
v 7.65763888 1.29934208 -2.43457881
v 7.65763888 1.33777628 -2.43457881
v 7.68083226 1.29934208 -2.45350604
v 7.68083226 1.33777628 -2.45350604
v 7.71293176 1.33174970 -2.36278401
v 7.75763239 1.33436036 -2.33572062
v 7.64395893 1.29161239 -2.47501632
v 7.62669799 1.33679902 -2.46093034
v 7.72939298 1.29565005 -2.37032604
v 7.66121986 1.33679902 -2.48910232
v 7.64395893 1.34134391 -2.47501632
v 7.69976533 1.30147537 -2.38732806
v 7.72621689 1.33538061 -2.37421803
v 7.75326113 1.33459267 -2.36642734
v 7.67420256 1.33278116 -2.40613176
v 7.58525730 1.32930959 -2.58808341
v 7.58525730 1.32930959 -2.58808341
v 7.68979153 1.29660637 -2.41885330
v 7.57874661 1.34451245 -2.58230132
v 7.59528705 1.34191430 -2.51091552
v 7.75583720 1.29155909 -2.30312783
v 7.73899083 1.33448048 -2.32377135
v 7.78992325 1.29155909 -2.33094412
v 7.77307688 1.33448048 -2.35158764
v 7.75073354 1.33555113 -2.34417469
v 7.76698165 1.28752801 -2.32426427
v 7.78342929 1.30715081 -2.35124013
v 7.78342929 1.30715081 -2.35124013
v 7.73725568 1.30715081 -2.31355966
v 7.73725568 1.30715081 -2.31355966
v 7.75187929 1.30597589 -2.30724332
v 7.75187929 1.30597589 -2.30724332
v 7.78668492 1.30597589 -2.33564683
v 7.78668492 1.30597589 -2.33564683
v 7.74167057 1.31188442 -2.38299471
v 7.74167057 1.31188442 -2.38299471
v 7.70538048 1.31287453 -2.43157485
v 7.70538048 1.31287453 -2.43157485
v 7.54495819 1.32930959 -2.55519688
v 7.54495819 1.32930959 -2.55519688
v 7.55192832 1.29279515 -2.56041596
v 7.71451980 1.31188442 -2.36083802
v 7.71451980 1.31188442 -2.36083802
v 7.62669799 1.31193326 -2.46093033
v 7.62669799 1.31193326 -2.46093033
v 7.66121986 1.31193326 -2.48910232
v 7.66121986 1.31193326 -2.48910232
v 7.61830059 1.29582721 -2.52974635
v 7.67420256 1.31287453 -2.40613176
v 7.67420256 1.31287453 -2.40613176
v 7.57035487 1.31045703 -2.59299216
v 7.57035487 1.31045703 -2.59299216
v 7.57035487 1.31045703 -2.59299216
v 7.57035487 1.31045703 -2.59299216
v 7.77530521 1.33116238 -2.36119535
v 7.72913161 1.33116238 -2.32351488
v 7.73542362 1.32185732 -2.31066275
v 7.73542362 1.32185732 -2.31066275
v 7.76189700 1.32349153 -2.36851974
v 7.76189700 1.32349153 -2.36851974
v 7.54313719 1.31045703 -2.57078091
v 7.54313719 1.31045703 -2.57078091
v 7.54313719 1.31045703 -2.57078091
v 7.54313719 1.31045703 -2.57078091
v 7.55704958 1.34473954 -2.58151457
v 7.57035486 1.34053125 -2.59299219
v 7.54313721 1.34053125 -2.57078089
v 7.55704958 1.29312435 -2.58151457
v 7.55704958 1.29312435 -2.58151457
v 7.65184052 1.32657121 -2.42984702
v 7.65184052 1.32657121 -2.42984702
v 7.69479286 1.32502694 -2.38376951
v 7.69479286 1.32502694 -2.38376951
v 7.68663061 1.32657121 -2.45823785
v 7.68663061 1.32657121 -2.45823785
v 7.76337424 1.32163145 -2.32868455
v 7.76337424 1.32163145 -2.32868455
v 7.76337424 1.32163145 -2.32868455
v 7.78663453 1.32185732 -2.35245398
v 7.78663453 1.32185732 -2.35245398
v 7.72316020 1.32502694 -2.40691899
v 7.72316020 1.32502694 -2.40691899
v 7.72464487 1.32349153 -2.33811973
v 7.72464487 1.32349153 -2.33811973
v 7.55378430 1.32947536 -2.58551583
v 7.55378430 1.32947536 -2.58551583
v 7.63149580 1.32856612 -2.52926444
v 7.63149580 1.32856612 -2.52926444
v 7.61854801 1.34191430 -2.52989785
v 7.55192832 1.34451245 -2.56041596
v 7.59331142 1.32856613 -2.49810366
v 7.59331142 1.32856613 -2.49810366
v 7.59548510 1.29582721 -2.51112752
v 7.57874661 1.29279515 -2.58230132
v 7.58267690 1.28802485 -2.55011102
v 7.56379392 1.31048361 -2.53356488
v 7.56379392 1.31048361 -2.53356488
v 7.58262225 1.34451786 -2.55017798
v 7.60267326 1.33966914 -2.56529279
v 7.56379393 1.33966914 -2.53356487
v 7.60267326 1.31048361 -2.56529279
v 7.60267326 1.31048361 -2.56529279
v 7.72367821 1.33146223 -2.34088861
v 7.72269545 1.31287077 -2.40628203
v 7.72269545 1.31287077 -2.40628203
v 7.78196433 1.33098243 -2.35598490
v 7.75947977 1.33089659 -2.33345683
v 7.77499800 1.28622467 -2.31444086
v 7.75567430 1.33543967 -2.33812010
v 7.68590582 1.31251687 -2.45764635
v 7.68590582 1.31251687 -2.45764635
v 7.70926500 1.29724964 -2.39499077
v 7.70886799 1.33547942 -2.39547726
v 7.69531158 1.33198566 -2.38434034
v 7.66923556 1.29445651 -2.44404243
v 7.66923557 1.33865584 -2.44404242
v 7.65256531 1.33461654 -2.43043849
v 7.58446922 1.31020261 -2.58732300
v 7.58446922 1.31020261 -2.58732300
v 7.74065323 1.33546407 -2.35652747
v 7.75022745 1.29167470 -2.34479523
v 7.75937817 1.33146223 -2.37002195
v 7.73290084 1.33098243 -2.31594610
v 7.74271677 1.30600388 -2.30391766
v 7.74271677 1.30600388 -2.30391766
v 7.76416529 1.30956754 -2.36415583
v 7.76416529 1.30956754 -2.36415583
v 7.54586118 1.34030488 -2.55581649
v 7.58446920 1.34030488 -2.58732301
v 7.56522260 1.34567348 -2.57149940
v 7.54586116 1.31020261 -2.55581651
v 7.54586116 1.31020261 -2.55581651
v 7.56522260 1.28636816 -2.57149940
v 7.65256532 1.31251687 -2.43043848
v 7.65256532 1.31251687 -2.43043848
v 7.69551008 1.31287077 -2.38409711
v 7.69551008 1.31287077 -2.38409711
v 7.68590582 1.33461653 -2.45764635
v 7.76990241 1.30563944 -2.32068494
v 7.76990241 1.30563944 -2.32068494
v 7.76990241 1.30563944 -2.32068494
v 7.79178027 1.30600388 -2.34395646
v 7.79178027 1.30600388 -2.34395646
v 7.72249695 1.33198566 -2.40652526
v 7.72846533 1.30956754 -2.33502249
v 7.72846533 1.30956754 -2.33502249
v 7.55419450 1.34067668 -2.58501317
v 7.55419450 1.31010705 -2.58501317
v 7.55419450 1.31010705 -2.58501317
v 7.61158783 1.29039153 -2.51468373
v 7.59410693 1.31118018 -2.49875285
v 7.59410693 1.31118018 -2.49875285
v 7.61164502 1.34281690 -2.51461364
v 7.63070030 1.33851860 -2.52861526
v 7.59410692 1.33851860 -2.49875287
v 7.63070030 1.31118018 -2.52861526
v 7.63070030 1.31118018 -2.52861526
v 7.60892934 1.29564438 -2.54384149
v 7.61750713 1.32880518 -2.54762348
v 7.61750713 1.32880518 -2.54762348
v 7.61082488 1.34249515 -2.54538926
v 7.61668677 1.33909387 -2.54695402
v 7.61668677 1.31083190 -2.54695402
v 7.61668677 1.31083190 -2.54695402
v 7.58165863 1.34249515 -2.52158788
v 7.57813007 1.32880518 -2.51548941
v 7.57813007 1.32880518 -2.51548941
v 7.58355506 1.29564438 -2.52313460
v 7.57895042 1.31083190 -2.51615887
v 7.57895042 1.31083190 -2.51615887
v 7.57895042 1.33909387 -2.51615887
v 7.61124198 1.29693655 -2.53353807
v 7.61124198 1.29693655 -2.53353807
v 7.61437651 1.31837667 -2.53358445
v 7.61214970 1.33885653 -2.53366864
v 7.61214970 1.33885653 -2.53366864
v 7.59992151 1.33988562 -2.54974279
v 7.59992151 1.33988562 -2.54974279
v 7.60034507 1.31818980 -2.55201929
v 7.59959222 1.29559871 -2.54885374
v 7.59959222 1.29559871 -2.54885374
v 7.58564887 1.34030570 -2.54646932
v 7.58564887 1.34030570 -2.54646932
v 7.58412654 1.31623755 -2.54833462
v 7.58614133 1.29154325 -2.54586587
v 7.58614133 1.29154325 -2.54586587
v 7.57958000 1.33988562 -2.53314294
v 7.57958000 1.33988562 -2.53314294
v 7.57726463 1.31818980 -2.53318434
v 7.58051705 1.29559871 -2.53328727
v 7.58051705 1.29559871 -2.53328727
v 7.59287592 1.33885653 -2.51794006
v 7.59287592 1.33885653 -2.51794006
v 7.59251176 1.31837667 -2.51574148
v 7.59318585 1.29693655 -2.51880317
v 7.59318585 1.29693655 -2.51880317
v 7.60713774 1.33915053 -2.52013699
v 7.60713774 1.33915053 -2.52013699
v 7.60713774 1.33915053 -2.52013699
v 7.60871470 1.31656435 -2.51820444
v 7.60871470 1.31656435 -2.51820444
v 7.60662707 1.29326247 -2.52076277
v 7.60662707 1.29326247 -2.52076277
v 7.60662707 1.29326247 -2.52076277
v 7.60843645 1.33931621 -2.54372655
v 7.60843645 1.33931621 -2.54372655
v 7.60935892 1.31850935 -2.54450595
v 7.60638808 1.29673400 -2.54204639
v 7.60638808 1.29673400 -2.54204639
v 7.58582342 1.29673399 -2.52526444
v 7.58582342 1.29673399 -2.52526444
v 7.58281793 1.31850935 -2.52284695
v 7.58376663 1.33931621 -2.52359453
v 7.58376663 1.33931621 -2.52359453
v 7.61372922 1.32935903 -2.53361969
v 7.60023173 1.32981260 -2.55135340
v 7.58458436 1.32907341 -2.54777367
v 7.57793980 1.32981261 -2.53316189
v 7.59260707 1.32935902 -2.51638273
v 7.60823952 1.32862318 -2.51878677
v 7.60823952 1.32862318 -2.51878677
v 7.60925842 1.32967530 -2.54441608
v 7.58292618 1.32967530 -2.52292743
v 7.61319639 1.30690977 -2.53354954
v 7.60004440 1.30610642 -2.55082932
v 7.58488139 1.30298852 -2.54740969
v 7.57849079 1.30610642 -2.53324035
v 7.59278264 1.30690977 -2.51689067
v 7.60793114 1.30406292 -2.51916467
v 7.60793114 1.30406292 -2.51916467
v 7.60814856 1.30686993 -2.54350525
v 7.58404106 1.30686993 -2.52383213
v 7.74030107 1.29414946 -1.11991380
v 7.71853687 1.33391806 -1.10651009
v 7.67720178 1.30004167 -1.08736902
v 7.67348236 1.33458998 -1.08507838
v 7.72187789 1.29414946 -1.14982833
v 7.70011369 1.33391805 -1.13642461
v 7.66441795 1.30004167 -1.10812673
v 7.66069851 1.33458998 -1.10583607
v 7.62529032 1.30100713 -1.05327521
v 7.62529032 1.33562735 -1.05327522
v 7.61061030 1.30100713 -1.07711180
v 7.61061030 1.33562736 -1.07711180
v 7.56435338 1.29710946 -1.01398329
v 7.56435338 1.34035426 -1.01398329
v 7.54809887 1.29710946 -1.04037646
v 7.54809887 1.34035426 -1.04037646
v 7.42873660 1.32943645 -0.97022759
v 7.42873660 1.32943645 -0.97022759
v 7.42873660 1.32943645 -0.97022759
v 7.44799337 1.32943645 -0.93895953
v 7.44799337 1.32943645 -0.93895953
v 7.44799337 1.32943645 -0.93895953
v 7.73035694 1.29283624 -1.11007481
v 7.71132918 1.33459548 -1.09835636
v 7.70861625 1.29283624 -1.14537611
v 7.68958849 1.33459548 -1.13365766
v 7.72873914 1.32167568 -1.10585326
v 7.72873914 1.32167568 -1.10585326
v 7.70411844 1.32167568 -1.14583097
v 7.70411844 1.32167568 -1.14583097
v 7.65858689 1.32451780 -1.11169330
v 7.65858689 1.32451780 -1.11169330
v 7.60694029 1.32553421 -1.08307095
v 7.60694029 1.32553421 -1.08307095
v 7.43355551 1.34415353 -0.96774788
v 7.43355551 1.29615578 -0.96774788
v 7.43355551 1.29615578 -0.96774788
v 7.67776266 1.32451780 -1.08055675
v 7.67776266 1.32451780 -1.08055675
v 7.56841701 1.32774672 -1.00738500
v 7.56841701 1.32774672 -1.00738500
v 7.54403524 1.32774671 -1.04697475
v 7.54403524 1.32774671 -1.04697475
v 7.44794759 1.34415353 -0.94437883
v 7.62896032 1.32553421 -1.04731607
v 7.62896032 1.32553421 -1.04731607
v 7.44794759 1.29615578 -0.94437883
v 7.44794759 1.29615578 -0.94437883
v 7.68970065 1.32242103 -1.14589936
v 7.68970065 1.32242103 -1.14589936
v 7.72231167 1.32242103 -1.09294742
v 7.72231167 1.32242103 -1.09294742
v 7.46071578 1.32904423 -0.99910761
v 7.46071578 1.32904423 -0.99910761
v 7.47085920 1.34339162 -0.99330702
v 7.48755984 1.34339163 -0.96618936
v 7.48817508 1.32904423 -0.95452074
v 7.48817508 1.32904423 -0.95452074
v 7.48744153 1.29405158 -0.96645788
v 7.47104572 1.29405158 -0.99308051
v 7.61795031 1.33641963 -1.06519351
v 7.72307548 1.33086529 -1.10355535
v 7.70632081 1.29651496 -1.10079448
v 7.69510870 1.33459267 -1.09388938
v 7.73279703 1.29162632 -1.13592268
v 7.69951757 1.33086530 -1.14180736
v 7.68951161 1.29651495 -1.12808832
v 7.65820781 1.33174970 -1.11056513
v 7.60739903 1.33278116 -1.08232606
v 7.65005173 1.33471865 -1.07063007
v 7.63771651 1.30147537 -1.09170054
v 7.63725159 1.33471865 -1.09141421
v 7.59811613 1.29934208 -1.03539939
v 7.59811613 1.33777628 -1.03539939
v 7.58241786 1.29934208 -1.06088933
v 7.58241786 1.33777628 -1.06088933
v 7.67658459 1.33174970 -1.08072594
v 7.70931455 1.33436036 -1.12146074
v 7.55622612 1.29161239 -1.02717987
v 7.56790906 1.33679902 -1.00820979
v 7.67128266 1.29565005 -1.09803905
v 7.54454317 1.33679902 -1.04614995
v 7.55622612 1.34134391 -1.02717987
v 7.65051664 1.30147537 -1.07091639
v 7.66700530 1.33538061 -1.09540479
v 7.67829949 1.33459267 -1.12118322
v 7.62850157 1.33278116 -1.04806096
v 7.43639671 1.32930959 -0.98392528
v 7.43639671 1.32930959 -0.98392528
v 7.61795031 1.29660637 -1.06519351
v 7.44126828 1.34451245 -0.97670798
v 7.51421326 1.34191430 -0.98367556
v 7.74138475 1.29155909 -1.11537672
v 7.71869715 1.33448048 -1.10140432
v 7.71831387 1.29155909 -1.15283791
v 7.69562628 1.33448048 -1.13886551
v 7.70002340 1.33555113 -1.11573885
v 7.72190531 1.28752801 -1.12921505
v 7.69733800 1.30715081 -1.14908133
v 7.69733800 1.30715081 -1.14908133
v 7.72859023 1.30715081 -1.09833571
v 7.72859023 1.30715081 -1.09833571
v 7.73678258 1.30597589 -1.11199702
v 7.73678258 1.30597589 -1.11199702
v 7.71322467 1.30597589 -1.15024903
v 7.71322467 1.30597589 -1.15024903
v 7.66034648 1.31188442 -1.11188225
v 7.66034648 1.31188442 -1.11188225
v 7.60739903 1.31287453 -1.08232605
v 7.60739903 1.31287453 -1.08232605
v 7.46367284 1.32930959 -0.93963583
v 7.46367284 1.32930959 -0.93963583
v 7.45942002 1.29279515 -0.94723419
v 7.67872326 1.31188442 -1.08204306
v 7.67872326 1.31188442 -1.08204306
v 7.56790906 1.31193326 -1.00820979
v 7.56790906 1.31193326 -1.00820979
v 7.54454317 1.31193326 -1.04614995
v 7.54454317 1.31193326 -1.04614995
v 7.49858680 1.29582721 -1.00897452
v 7.62850157 1.31287453 -1.04806096
v 7.62850157 1.31287453 -1.04806096
v 7.42956278 1.31045703 -0.96980169
v 7.42956278 1.31045703 -0.96980169
v 7.42956278 1.31045703 -0.96980169
v 7.42956278 1.31045703 -0.96980169
v 7.68639702 1.33116238 -1.14234321
v 7.71764925 1.33116238 -1.09159760
v 7.73121979 1.32185732 -1.09613710
v 7.73121979 1.32185732 -1.09613710
v 7.67736597 1.32349153 -1.13001979
v 7.67736597 1.32349153 -1.13001979
v 7.44798482 1.31045703 -0.93988897
v 7.44798482 1.31045703 -0.93988897
v 7.44798482 1.31045703 -0.93988897
v 7.44798482 1.31045703 -0.93988897
v 7.43918260 1.34473954 -0.95509710
v 7.42956276 1.34053125 -0.96980168
v 7.44798484 1.34053125 -0.93988899
v 7.43918260 1.29312435 -0.95509710
v 7.43918260 1.29312435 -0.95509710
v 7.60204068 1.32657121 -1.02902689
v 7.60204068 1.32657121 -1.02902689
v 7.65338730 1.32502694 -1.06551750
v 7.65338730 1.32502694 -1.06551750
v 7.57849329 1.32657121 -1.06726182
v 7.57849329 1.32657121 -1.06726182
v 7.71704731 1.32163145 -1.12622304
v 7.71704731 1.32163145 -1.12622304
v 7.71704731 1.32163145 -1.12622304
v 7.69655810 1.32185732 -1.15241881
v 7.69655810 1.32185732 -1.15241881
v 7.63418709 1.32502694 -1.09669372
v 7.63418709 1.32502694 -1.09669372
v 7.70257978 1.32349153 -1.08907902
v 7.70257978 1.32349153 -1.08907902
v 7.43478514 1.32947536 -0.95238887
v 7.43478514 1.32947536 -0.95238887
v 7.50080718 1.32856612 -1.02199049
v 7.50080718 1.32856612 -1.02199049
v 7.49846930 1.34191430 -1.00923977
v 7.45942002 1.34451245 -0.94723419
v 7.52665197 1.32856613 -0.98002518
v 7.52665197 1.32856613 -0.98002518
v 7.51402928 1.29582721 -0.98389988
v 7.44126828 1.29279515 -0.97670798
v 7.47369568 1.28802485 -0.97635244
v 7.48760299 1.31048361 -0.95544962
v 7.48760299 1.31048361 -0.95544962
v 7.47362209 1.34451786 -0.97630712
v 7.46128783 1.33966914 -0.99817871
v 7.48760301 1.33966914 -0.95544963
v 7.46128783 1.31048361 -0.99817871
v 7.46128783 1.31048361 -0.99817871
v 7.69970748 1.33146223 -1.08848653
v 7.63475710 1.31287077 -1.09614891
v 7.63475710 1.31287077 -1.09614891
v 7.69244131 1.33098243 -1.14825585
v 7.71180249 1.33089659 -1.12299296
v 7.73270139 1.28622467 -1.13586380
v 7.70667749 1.33543967 -1.11983670
v 7.57898388 1.31251687 -1.06646527
v 7.57898388 1.31251687 -1.06646527
v 7.64417568 1.29724964 -1.08134486
v 7.64364102 1.33547942 -1.08101559
v 7.65288998 1.33198566 -1.06610707
v 7.59026699 1.29445651 -1.04814435
v 7.59026700 1.33865584 -1.04814436
v 7.60155011 1.33461654 -1.02982345
v 7.43704637 1.31020261 -0.98304367
v 7.43704637 1.31020261 -0.98304367
v 7.68644751 1.33546407 -1.10737828
v 7.69934146 1.29167470 -1.11531915
v 7.67554425 1.33146223 -1.12772142
v 7.72564954 1.33098243 -1.09433420
v 7.73886901 1.30600388 -1.10247554
v 7.73886901 1.30600388 -1.10247554
v 7.68199122 1.30956754 -1.13169186
v 7.68199122 1.30956754 -1.13169186
v 7.46317791 1.34030488 -0.94061274
v 7.43704636 1.34030488 -0.98304366
v 7.45018946 1.34567348 -0.96187582
v 7.46317790 1.31020261 -0.94061273
v 7.46317790 1.31020261 -0.94061273
v 7.45018946 1.28636816 -0.96187582
v 7.60155013 1.31251687 -1.02982346
v 7.60155013 1.31251687 -1.02982346
v 7.65315729 1.31287077 -1.06627171
v 7.65315729 1.31287077 -1.06627171
v 7.57898388 1.33461653 -1.06646526
v 7.72583903 1.30563944 -1.13163751
v 7.72583903 1.30563944 -1.13163751
v 7.72583903 1.30563944 -1.13163751
v 7.70566078 1.30600388 -1.15639720
v 7.70566078 1.30600388 -1.15639720
v 7.63448978 1.33198566 -1.09598428
v 7.70615445 1.30956754 -1.09245696
v 7.70615445 1.30956754 -1.09245696
v 7.43533757 1.34067668 -0.95272909
v 7.43533757 1.31010705 -0.95272909
v 7.43533757 1.31010705 -0.95272909
v 7.51263092 1.29039153 -1.00033123
v 7.52611354 1.31118018 -0.98089946
v 7.52611354 1.31118018 -0.98089946
v 7.51270794 1.34281690 -1.00037866
v 7.50134562 1.33851860 -1.02111622
v 7.52611352 1.33851860 -0.98089944
v 7.50134562 1.31118018 -1.02111622
v 7.50134562 1.31118018 -1.02111622
v 7.48337746 1.29564438 -1.00154690
v 7.48076147 1.32880518 -1.01054905
v 7.48076147 1.32880518 -1.01054905
v 7.48209360 1.34249515 -1.00363026
v 7.48131672 1.33909387 -1.00964746
v 7.48131672 1.31083190 -1.00964746
v 7.48131672 1.31083190 -1.00964746
v 7.50183448 1.34249515 -0.97157603
v 7.50741351 1.32880518 -0.96727295
v 7.50741351 1.32880518 -0.96727295
v 7.50055177 1.29564438 -0.97366013
v 7.50685827 1.31083190 -0.96817454
v 7.50685827 1.31083190 -0.96817454
v 7.50685827 1.33909387 -0.96817454
v 7.49389606 1.29693655 -1.00247852
v 7.49389606 1.29693655 -1.00247852
v 7.49426407 1.31837667 -1.00559171
v 7.49388652 1.33885653 -1.00339553
v 7.49388652 1.33885653 -1.00339553
v 7.47633818 1.33988562 -0.99339737
v 7.47633818 1.33988562 -0.99339737
v 7.47413757 1.31818980 -0.99411788
v 7.47717596 1.29559871 -0.99295355
v 7.47717596 1.29559871 -0.99295355
v 7.47769799 1.34030570 -0.97881742
v 7.47769799 1.34030570 -0.97881742
v 7.47564797 1.31623755 -0.97755478
v 7.47836119 1.29154325 -0.97922588
v 7.47836119 1.29154325 -0.97922588
v 7.49010611 1.33988562 -0.97104169
v 7.49010611 1.33988562 -0.97104169
v 7.48975928 1.31818980 -0.96875208
v 7.49008680 1.29559871 -0.97198959
v 7.49008680 1.29559871 -0.97198959
v 7.50693182 1.33885653 -0.98221330
v 7.50693182 1.33885653 -0.98221330
v 7.50906304 1.31837667 -0.98156196
v 7.50611720 1.29693655 -0.98263451
v 7.50611720 1.29693655 -0.98263451
v 7.50663770 1.33915053 -0.99664033
v 7.50663770 1.33915053 -0.99664033
v 7.50663770 1.33915053 -0.99664033
v 7.50876159 1.31656435 -0.99794825
v 7.50876159 1.31656435 -0.99794825
v 7.50594995 1.29326247 -0.99621678
v 7.50594995 1.29326247 -0.99621678
v 7.50594995 1.29326247 -0.99621678
v 7.48342630 1.33931621 -1.00104315
v 7.48342630 1.33931621 -1.00104315
v 7.48277556 1.31850935 -1.00206047
v 7.48482121 1.29673400 -0.99879082
v 7.48482121 1.29673400 -0.99879082
v 7.49874017 1.29673399 -0.97618990
v 7.49874017 1.29673399 -0.97618990
v 7.50073955 1.31850935 -0.97289147
v 7.50012381 1.33931621 -0.97393059
v 7.50012381 1.33931621 -0.97393059
v 7.49414364 1.32935903 -1.00495474
v 7.47478266 1.32981260 -0.99391758
v 7.47626447 1.32907341 -0.97793450
v 7.48987071 1.32981261 -0.96941836
v 7.50844000 1.32935902 -0.98174112
v 7.50812160 1.32862318 -0.99755414
v 7.50812160 1.32862318 -0.99755414
v 7.48285137 1.32967530 -1.00194899
v 7.50067407 1.32967530 -0.97300939
v 7.49414281 1.30690977 -1.00441732
v 7.47527741 1.30610642 -0.99366268
v 7.47666449 1.30298852 -0.97818086
v 7.48986570 1.30610642 -0.96997489
v 7.50795970 1.30690977 -0.98198224
v 7.50770629 1.30406292 -0.99729837
v 7.50770629 1.30406292 -0.99729837
v 7.48360763 1.30686993 -1.00072856
v 7.49992454 1.30686993 -0.97423400
v 7.75885802 1.29414946 -0.57545015
v 7.74281278 1.33391806 -0.59534714
v 7.71860428 1.30004167 -0.63393365
v 7.71586221 1.33458998 -0.63733397
v 7.78620609 1.29414946 -0.59750407
v 7.77016085 1.33391805 -0.61740106
v 7.73758112 1.30004167 -0.64923685
v 7.73483904 1.33458998 -0.65263718
v 7.67822696 1.30100713 -0.68112326
v 7.67822696 1.33562735 -0.68112327
v 7.70001854 1.30100713 -0.69869634
v 7.70001854 1.33562736 -0.69869634
v 7.63155321 1.29710946 -0.73660954
v 7.63155321 1.34035426 -0.73660954
v 7.65568203 1.29710946 -0.75606740
v 7.65568203 1.34035426 -0.75606740
v 7.57101919 1.32943645 -0.86561382
v 7.57101919 1.32943645 -0.86561382
v 7.57101919 1.32943645 -0.86561382
v 7.54243372 1.32943645 -0.84256204
v 7.54243372 1.32943645 -0.84256204
v 7.54243372 1.32943645 -0.84256204
v 7.74784186 1.29283624 -0.58407196
v 7.73381400 1.33459548 -0.60146728
v 7.78011456 1.29283624 -0.61009718
v 7.76608670 1.33459548 -0.62749250
v 7.74344978 1.32167568 -0.58514362
v 7.74344978 1.32167568 -0.58514362
v 7.77999769 1.32167568 -0.61461643
v 7.77999769 1.32167568 -0.61461643
v 7.74038265 1.32451780 -0.65547168
v 7.74038265 1.32451780 -0.65547168
v 7.70546643 1.32553421 -0.70308961
v 7.70546643 1.32553421 -0.70308961
v 7.56916799 1.34415353 -0.86052031
v 7.56916799 1.29615578 -0.86052031
v 7.56916799 1.29615578 -0.86052031
v 7.71191740 1.32451780 -0.63251685
v 7.71191740 1.32451780 -0.63251685
v 7.62552101 1.32774672 -0.73174507
v 7.62552101 1.32774672 -0.73174507
v 7.66171424 1.32774671 -0.76093187
v 7.66171424 1.32774671 -0.76093187
v 7.54780383 1.34415353 -0.84329192
v 7.67277907 1.32553421 -0.67673000
v 7.67277907 1.32553421 -0.67673000
v 7.54780383 1.29615578 -0.84329192
v 7.54780383 1.29615578 -0.84329192
v 7.77824453 1.32242103 -0.62892740
v 7.77824453 1.32242103 -0.62892740
v 7.72983549 1.32242103 -0.58988958
v 7.72983549 1.32242103 -0.58988958
v 7.60370698 1.32904423 -0.83753836
v 7.60370698 1.32904423 -0.83753836
v 7.59923399 1.34339162 -0.82674354
v 7.57444282 1.34339163 -0.80675161
v 7.56294535 1.32904423 -0.80466753
v 7.56294535 1.32904423 -0.80466753
v 7.57469424 1.29405158 -0.80690290
v 7.59903285 1.29405158 -0.82652990
v 7.68912275 1.33641963 -0.68990980
v 7.74045494 1.33086529 -0.59047168
v 7.73560002 1.29651496 -0.60674347
v 7.72733410 1.33459267 -0.61699367
v 7.77379092 1.29162632 -0.58491605
v 7.77542520 1.33086530 -0.61867226
v 7.76055225 1.29651495 -0.62686534
v 7.73921564 1.33174970 -0.65570523
v 7.70478544 1.33278116 -0.70254046
v 7.69857026 1.33471865 -0.65875211
v 7.71791402 1.30147537 -0.67364980
v 7.71757127 1.33471865 -0.67407482
v 7.65706212 1.29934208 -0.70582207
v 7.65706212 1.33777628 -0.70582207
v 7.68036520 1.29934208 -0.72461407
v 7.68036520 1.33777628 -0.72461407
v 7.71193644 1.33174970 -0.63370686
v 7.75647890 1.33436036 -0.60638391
v 7.64361762 1.29161239 -0.74633847
v 7.62627504 1.33679902 -0.73235313
v 7.72844126 1.29565005 -0.64115301
v 7.66096020 1.33679902 -0.76032383
v 7.64361762 1.34134391 -0.74633847
v 7.69891301 1.30147537 -0.65832708
v 7.72528786 1.33538061 -0.64506341
v 7.75228633 1.33459267 -0.63711554
v 7.67346005 1.33278116 -0.67727915
v 7.58557468 1.32930959 -0.85974511
v 7.58557468 1.32930959 -0.85974511
v 7.68912275 1.29660637 -0.68990980
v 7.57903047 1.34451245 -0.85400099
v 7.59515538 1.34191430 -0.78252019
v 7.75449415 1.29155909 -0.57380211
v 7.73776814 1.33448048 -0.59454327
v 7.78874143 1.29155909 -0.60141966
v 7.77201543 1.33448048 -0.62216083
v 7.74962934 1.33555113 -0.61487796
v 7.76576136 1.28752801 -0.59487337
v 7.78236563 1.30715081 -0.62175310
v 7.78236563 1.30715081 -0.62175310
v 7.73597363 1.30715081 -0.58434185
v 7.73597363 1.30715081 -0.58434185
v 7.75056024 1.30597589 -0.57794055
v 7.75056024 1.30597589 -0.57794055
v 7.78553051 1.30597589 -0.60614113
v 7.78553051 1.30597589 -0.60614113
v 7.74079234 1.31188442 -0.65375005
v 7.74079234 1.31188442 -0.65375005
v 7.70478544 1.31287453 -0.70254046
v 7.70478544 1.31287453 -0.70254046
v 7.54508496 1.32930959 -0.82709355
v 7.54508496 1.32930959 -0.82709355
v 7.55208532 1.29279515 -0.83227200
v 7.71351314 1.31188442 -0.63175167
v 7.71351314 1.31188442 -0.63175167
v 7.62627503 1.31193326 -0.73235313
v 7.62627503 1.31193326 -0.73235313
v 7.66096020 1.31193326 -0.76032383
v 7.66096020 1.31193326 -0.76032383
v 7.61827808 1.29582721 -0.80121683
v 7.67346005 1.31287453 -0.67727916
v 7.67346005 1.31287453 -0.67727916
v 7.57070106 1.31045703 -0.86474047
v 7.57070106 1.31045703 -0.86474047
v 7.57070106 1.31045703 -0.86474047
v 7.57070106 1.31045703 -0.86474047
v 7.77429960 1.33116238 -0.63175541
v 7.72790760 1.33116238 -0.59434416
v 7.73412474 1.32185732 -0.58145565
v 7.73412474 1.32185732 -0.58145565
v 7.76093422 1.32349153 -0.63915767
v 7.76093422 1.32349153 -0.63915767
v 7.54335463 1.31045703 -0.84268791
v 7.54335463 1.31045703 -0.84268791
v 7.54335463 1.31045703 -0.84268791
v 7.54335463 1.31045703 -0.84268791
v 7.55732922 1.34473954 -0.85334046
v 7.57070104 1.34053125 -0.86474049
v 7.54335465 1.34053125 -0.84268789
v 7.55732922 1.29312435 -0.85334046
v 7.55732922 1.29312435 -0.85334046
v 7.65123633 1.32657121 -0.70112409
v 7.65123633 1.32657121 -0.70112409
v 7.69391992 1.32502694 -0.65479752
v 7.69391992 1.32502694 -0.65479752
v 7.68619098 1.32657121 -0.72931207
v 7.68619098 1.32657121 -0.72931207
v 7.76217973 1.32163145 -0.59931456
v 7.76217973 1.32163145 -0.59931456
v 7.76217973 1.32163145 -0.59931456
v 7.78557788 1.32185732 -0.62294828
v 7.78557788 1.32185732 -0.62294828
v 7.72242144 1.32502694 -0.67778160
v 7.72242144 1.32502694 -0.67778160
v 7.72350589 1.32349153 -0.60897486
v 7.72350589 1.32349153 -0.60897486
v 7.55408727 1.32947536 -0.85736065
v 7.55408727 1.32947536 -0.85736065
v 7.63147026 1.32856612 -0.80065818
v 7.63147026 1.32856612 -0.80065818
v 7.61852637 1.34191430 -0.80136689
v 7.55208532 1.34451245 -0.83227200
v 7.59310526 1.32856613 -0.76972004
v 7.59310526 1.32856613 -0.76972004
v 7.59535467 1.29582721 -0.78273103
v 7.57903047 1.29279515 -0.85400099
v 7.58277344 1.28802485 -0.82178837
v 7.56379454 1.31048361 -0.80535236
v 7.56379454 1.31048361 -0.80535236
v 7.58271919 1.34451786 -0.82185565
v 7.60285777 1.33966914 -0.83685357
v 7.56379455 1.33966914 -0.80535234
v 7.60285777 1.31048361 -0.83685357
v 7.60285777 1.31048361 -0.83685357
v 7.72255536 1.33146223 -0.61174932
v 7.72195299 1.31287077 -0.67714734
v 7.72195299 1.31287077 -0.67714734
v 7.78092830 1.33098243 -0.62650631
v 7.75831308 1.33089659 -0.60410941
v 7.77372043 1.28622467 -0.58500349
v 7.75453480 1.33543967 -0.60879473
v 7.68546277 1.31251687 -0.72872480
v 7.68546277 1.31251687 -0.72872480
v 7.70845709 1.29724964 -0.66593440
v 7.70806292 1.33547942 -0.66642319
v 7.69444196 1.33198566 -0.65536532
v 7.66871366 1.29445651 -0.71521808
v 7.66871367 1.33865584 -0.71521806
v 7.65196455 1.33461654 -0.70171134
v 7.58478219 1.31020261 -0.85898930
v 7.58478219 1.31020261 -0.85898930
v 7.73962105 1.33546407 -0.62728918
v 7.74912687 1.29167470 -0.61550144
v 7.75842418 1.33146223 -0.64067451
v 7.73163274 1.33098243 -0.58675358
v 7.74137854 1.30600388 -0.57466825
v 7.74137854 1.30600388 -0.57466825
v 7.76317709 1.30956754 -0.63478064
v 7.76317709 1.30956754 -0.63478064
v 7.54599153 1.34030488 -0.82770790
v 7.58478217 1.34030488 -0.85898931
v 7.56544385 1.34567348 -0.84327792
v 7.54599152 1.31020261 -0.82770791
v 7.54599152 1.31020261 -0.82770791
v 7.56544385 1.28636816 -0.84327792
v 7.65196457 1.31251687 -0.70171132
v 7.65196457 1.31251687 -0.70171132
v 7.69463904 1.31287077 -0.65512094
v 7.69463904 1.31287077 -0.65512094
v 7.68546277 1.33461653 -0.72872480
v 7.76866125 1.30563944 -0.59127711
v 7.76866125 1.30563944 -0.59127711
v 7.76866125 1.30563944 -0.59127711
v 7.79067410 1.30600388 -0.61442098
v 7.79067410 1.30600388 -0.61442098
v 7.72175591 1.33198566 -0.67739173
v 7.72730827 1.30956754 -0.60585545
v 7.72730827 1.30956754 -0.60585545
v 7.55449454 1.34067668 -0.85685561
v 7.55449454 1.31010705 -0.85685561
v 7.55449454 1.31010705 -0.85685561
v 7.61147781 1.29039153 -0.78619351
v 7.59390454 1.31118018 -0.77036458
v 7.59390454 1.31118018 -0.77036458
v 7.61153459 1.34281690 -0.78612309
v 7.63067099 1.33851860 -0.80001363
v 7.59390452 1.33851860 -0.77036460
v 7.63067099 1.31118018 -0.80001363
v 7.63067099 1.31118018 -0.80001363
v 7.60898897 1.29564438 -0.81536625
v 7.61758861 1.32880518 -0.81909828
v 7.61758861 1.32880518 -0.81909828
v 7.61089349 1.34249515 -0.81690296
v 7.61676438 1.33909387 -0.81843360
v 7.61676438 1.31083190 -0.81843360
v 7.61676438 1.31083190 -0.81843360
v 7.58158928 1.34249515 -0.79327164
v 7.57802530 1.32880518 -0.78719379
v 7.57802530 1.32880518 -0.78719379
v 7.58349467 1.29564438 -0.79480730
v 7.57884954 1.31083190 -0.78785847
v 7.57884954 1.31083190 -0.78785847
v 7.57884954 1.33909387 -0.78785847
v 7.61124164 1.29693655 -0.80504955
v 7.61124164 1.29693655 -0.80504955
v 7.61437638 1.31837667 -0.80507769
v 7.61215010 1.33885653 -0.80517483
v 7.61215010 1.33885653 -0.80517483
v 7.60001562 1.33988562 -0.82131984
v 7.60001562 1.33988562 -0.82131984
v 7.60045241 1.31818980 -0.82359384
v 7.59968116 1.29559871 -0.82043272
v 7.59968116 1.29559871 -0.82043272
v 7.58572418 1.34030570 -0.81812945
v 7.58572418 1.34030570 -0.81812945
v 7.58421273 1.31623755 -0.82000357
v 7.58621312 1.29154325 -0.81752314
v 7.58621312 1.29154325 -0.81752314
v 7.57957789 1.33988562 -0.80483860
v 7.57957789 1.33988562 -0.80483860
v 7.57726281 1.31818980 -0.80489346
v 7.58051577 1.29559871 -0.80497747
v 7.58051577 1.29559871 -0.80497747
v 7.59278516 1.33885653 -0.78955863
v 7.59278516 1.33885653 -0.78955863
v 7.59240821 1.31837667 -0.78736221
v 7.59310011 1.29693655 -0.79041993
v 7.59310011 1.29693655 -0.79041993
v 7.60705951 1.33915053 -0.79167257
v 7.60705951 1.33915053 -0.79167257
v 7.60705951 1.33915053 -0.79167257
v 7.60862520 1.31656435 -0.78973088
v 7.60862520 1.31656435 -0.78973088
v 7.60655249 1.29326247 -0.79230131
v 7.60655249 1.29326247 -0.79230131
v 7.60655249 1.29326247 -0.79230131
v 7.60849542 1.33931621 -0.81525417
v 7.60849542 1.33931621 -0.81525417
v 7.60942240 1.31850935 -0.81602819
v 7.60643731 1.29673400 -0.81358596
v 7.60643731 1.29673400 -0.81358596
v 7.58577538 1.29673399 -0.79692391
v 7.58577538 1.29673399 -0.79692391
v 7.58275588 1.31850935 -0.79452395
v 7.58370891 1.33931621 -0.79526599
v 7.58370891 1.33931621 -0.79526599
v 7.61372931 1.32935903 -0.80511669
v 7.60033520 1.32981260 -0.82292862
v 7.58466727 1.32907341 -0.81943997
v 7.57793783 1.32981261 -0.80486708
v 7.59250725 1.32935902 -0.78800289
v 7.60815343 1.32862318 -0.79031596
v 7.60815343 1.32862318 -0.79031596
v 7.60932139 1.32967530 -0.81593891
v 7.58286460 1.32967530 -0.79460379
v 7.61319608 1.30690977 -0.80504964
v 7.60014483 1.30610642 -0.82240563
v 7.58496219 1.30298852 -0.81907426
v 7.57848927 1.30610642 -0.80494234
v 7.59268578 1.30690977 -0.78850980
v 7.60784725 1.30406292 -0.79069565
v 7.60784725 1.30406292 -0.79069565
v 7.60820625 1.30686993 -0.81503455
v 7.58398472 1.30686993 -0.79550199
v 7.99423099 1.29414946 0.20838289
v 8.00889865 1.33391806 0.18744967
v 8.03925942 1.30004167 0.15349095
v 8.04176606 1.33458998 0.14991355
v 8.02300335 1.29414946 0.22854334
v 8.03767101 1.33391805 0.20761012
v 8.05922455 1.30004167 0.16748031
v 8.06173121 1.33458998 0.16390289
v 8.07340256 1.30100713 0.10161193
v 8.07340256 1.33562735 0.10161193
v 8.09632904 1.30100713 0.11767624
v 8.09632904 1.33562736 0.11767624
v 8.11377111 1.29710946 0.04138282
v 8.11377112 1.34035426 0.04138282
v 8.13915656 1.29710946 0.05917010
v 8.13915656 1.34035426 0.05917010
v 8.22093159 1.32943645 -0.05254855
v 8.22093159 1.32943645 -0.05254855
v 8.22093159 1.32943645 -0.05254855
v 8.19085738 1.32943645 -0.07362119
v 8.19085738 1.32943645 -0.07362119
v 8.19085738 1.32943645 -0.07362119
v 7.99946010 1.29283624 0.19540799
v 8.01228357 1.33459548 0.17710673
v 8.03341356 1.29283624 0.21919878
v 8.04623704 1.33459548 0.20089751
v 7.99927187 1.32167568 0.19089098
v 7.99927187 1.32167568 0.19089098
v 8.03772319 1.32167568 0.21783337
v 8.03772319 1.32167568 0.21783337
v 8.06599173 1.32451780 0.16844316
v 8.06599173 1.32451780 0.16844316
v 8.10206067 1.32553421 0.12169232
v 8.10206067 1.32553421 0.12169232
v 8.21552450 1.34415353 -0.05291481
v 8.21552450 1.29615578 -0.05291481
v 8.21552450 1.29615578 -0.05291481
v 8.03604400 1.32451780 0.14745915
v 8.03604400 1.32451780 0.14745915
v 8.10742475 1.32774672 0.03693600
v 8.10742475 1.32774672 0.03693600
v 8.14550293 1.32774671 0.06361692
v 8.14550293 1.32774671 0.06361692
v 8.19304770 1.34415353 -0.06866404
v 8.06767094 1.32553421 0.09759585
v 8.06767094 1.32553421 0.09759585
v 8.19304770 1.29615578 -0.06866404
v 8.19304770 1.29615578 -0.06866404
v 8.05098687 1.32242103 0.21218073
v 8.05098687 1.32242103 0.21218073
v 8.00005668 1.32242103 0.17649455
v 8.00005668 1.32242103 0.17649455
v 8.20302090 1.32904423 -0.01335761
v 8.20302090 1.32904423 -0.01335761
v 8.19140908 1.34339162 -0.01466196
v 8.16532684 1.34339163 -0.03293753
v 8.16013640 1.32904423 -0.04340627
v 8.16013640 1.32904423 -0.04340627
v 8.16554191 1.29405158 -0.03273791
v 8.19114804 1.29405158 -0.01479597
v 8.08486580 1.33641963 0.10964408
v 8.00356058 1.33086529 0.18653618
v 8.01784811 1.29651496 0.17735970
v 8.02540435 1.33459267 0.16657568
v 8.00746639 1.29162632 0.22010547
v 8.04035209 1.33086530 0.21231555
v 8.04409985 1.29651495 0.19575398
v 8.06589252 1.33174970 0.16725714
v 8.10134422 1.33278116 0.12119030
v 8.05754953 1.33471865 0.12736071
v 8.07722680 1.30147537 0.14181504
v 8.07754012 1.33471865 0.14136788
v 8.09126415 1.29934208 0.07442839
v 8.09126415 1.33777628 0.07442839
v 8.11578089 1.29934208 0.09160694
v 8.11578089 1.33777628 0.09160694
v 8.03719263 1.33174970 0.14714747
v 8.02329206 1.33436036 0.19751957
v 8.12646384 1.29161239 0.05027646
v 8.10821805 1.33679902 0.03749185
v 8.04892335 1.29565005 0.16094038
v 8.14470965 1.33679902 0.06306105
v 8.12646384 1.34134391 0.05027646
v 8.05723621 1.30147537 0.12780788
v 8.05180601 1.33538061 0.15682633
v 8.05165609 1.33459267 0.18496996
v 8.06838739 1.33278116 0.09809786
v 8.21932904 1.32930959 -0.03693651
v 8.21932904 1.32930959 -0.03693651
v 8.08486580 1.29660637 0.10964408
v 8.21199555 1.34451245 -0.04163135
v 8.14778889 1.34191430 -0.00631813
v 7.99143754 1.29155909 0.20464711
v 8.00672751 1.33448048 0.18282575
v 8.02746842 1.29155909 0.22989352
v 8.04275839 1.33448048 0.20807215
v 8.02955376 1.33555113 0.18858331
v 8.01480677 1.28752801 0.20962975
v 8.04523661 1.30715081 0.21812956
v 8.04523661 1.30715081 0.21812956
v 7.99642851 1.30715081 0.18393031
v 7.99642851 1.30715081 0.18393031
v 7.99432289 1.30597589 0.19971993
v 7.99432289 1.30597589 0.19971993
v 8.03111440 1.30597589 0.22549931
v 8.03111440 1.30597589 0.22549931
v 8.06445120 1.31188442 0.16931416
v 8.06445120 1.31188442 0.16931416
v 8.10134422 1.31287453 0.12119030
v 8.10134422 1.31287453 0.12119030
v 8.17673061 1.32930959 -0.06678472
v 8.17673061 1.32930959 -0.06678472
v 8.18364710 1.29279515 -0.06149477
v 8.03575130 1.31188442 0.14920448
v 8.03575130 1.31188442 0.14920448
v 8.10821805 1.31193326 0.03749185
v 8.10821805 1.31193326 0.03749185
v 8.14470965 1.31193326 0.06306105
v 8.14470965 1.31193326 0.06306105
v 8.17216398 1.29582721 0.01071356
v 8.06838739 1.31287453 0.09809786
v 8.06838739 1.31287453 0.09809786
v 8.22000427 1.31045703 -0.05261205
v 8.22000427 1.31045703 -0.05261205
v 8.22000427 1.31045703 -0.05261205
v 8.22000427 1.31045703 -0.05261205
v 8.05261012 1.33116238 0.20760632
v 8.00380202 1.33116238 0.17340707
v 7.99314282 1.32185732 0.18295422
v 7.99314282 1.32185732 0.18295422
v 8.05601608 1.32349153 0.19271249
v 8.05601608 1.32349153 0.19271249
v 8.19123368 1.31045703 -0.07277129
v 8.19123368 1.31045703 -0.07277129
v 8.19123368 1.31045703 -0.07277129
v 8.19123368 1.31045703 -0.07277129
v 8.20534347 1.34473954 -0.06229848
v 8.22000429 1.34053125 -0.05261207
v 8.19123366 1.34053125 -0.07277127
v 8.20534348 1.29312435 -0.06229848
v 8.20534348 1.29312435 -0.06229848
v 8.08513499 1.32657121 0.07013373
v 8.08513499 1.32657121 0.07013373
v 8.05246055 1.32502694 0.12398928
v 8.05246055 1.32502694 0.12398928
v 8.12191007 1.32657121 0.09590159
v 8.12191007 1.32657121 0.09590159
v 8.01808068 1.32163145 0.20495708
v 8.01808068 1.32163145 0.20495708
v 8.01808068 1.32163145 0.20495708
v 8.04727564 1.32185732 0.22088444
v 8.04727564 1.32185732 0.22088444
v 8.08244643 1.32502694 0.14500003
v 8.08244643 1.32502694 0.14500003
v 8.01663847 1.32349153 0.16512108
v 8.01663847 1.32349153 0.16512108
v 8.20830707 1.32947536 -0.06652804
v 8.20830707 1.32947536 -0.06652804
v 8.17528524 1.32856612 0.02354335
v 8.17528524 1.32856612 0.02354335
v 8.17237701 1.34191430 0.01091050
v 8.18364710 1.34451245 -0.06149477
v 8.13492220 1.32856613 -0.00473855
v 8.13492220 1.32856613 -0.00473855
v 8.14804672 1.29582721 -0.00618512
v 8.21199555 1.29279515 -0.04163135
v 8.18208393 1.28802485 -0.02910305
v 8.16102984 1.31048361 -0.04278027
v 8.16102984 1.31048361 -0.04278027
v 8.18213353 1.34451786 -0.02917383
v 8.20212749 1.33966914 -0.01398364
v 8.16102983 1.33966914 -0.04278025
v 8.20212749 1.31048361 -0.01398364
v 8.20212749 1.31048361 -0.01398364
v 8.01904057 1.33146223 0.16343850
v 8.08170715 1.31287077 0.14472581
v 8.08170715 1.31287077 0.14472581
v 8.04940489 1.33098243 0.21543060
v 8.02161535 1.33089659 0.19991251
v 8.00753086 1.28622467 0.22001350
v 8.02506928 1.33543967 0.19498321
v 8.12114391 1.31251687 0.09536477
v 8.12114391 1.31251687 0.09536477
v 8.06719167 1.29724964 0.13486831
v 8.06755200 1.33547942 0.13435406
v 8.05315084 1.33198566 0.12433340
v 8.10352253 1.29445651 0.08301766
v 8.10352252 1.33865584 0.08301767
v 8.08590113 1.33461654 0.07067056
v 8.21838312 1.31020261 -0.03748836
v 8.21838312 1.31020261 -0.03748836
v 8.03870314 1.33546407 0.17552603
v 8.03001346 1.29167470 0.18792767
v 8.05677744 1.33146223 0.18988027
v 7.99754201 1.33098243 0.17909090
v 7.98863295 1.30600388 0.19180563
v 7.98863295 1.30600388 0.19180563
v 8.05243260 1.30956754 0.19608110
v 8.05243260 1.30956754 0.19608110
v 8.17757224 1.34030488 -0.06608405
v 8.21838313 1.34030488 -0.03748838
v 8.19792558 1.34567348 -0.05171185
v 8.17757226 1.31020261 -0.06608407
v 8.17757226 1.31020261 -0.06608407
v 8.19792558 1.28636816 -0.05171185
v 8.08590112 1.31251687 0.07067057
v 8.08590112 1.31251687 0.07067057
v 8.05297068 1.31287077 0.12459052
v 8.05297068 1.31287077 0.12459052
v 8.12114391 1.33461653 0.09536477
v 8.01215564 1.30563944 0.21341312
v 8.01215564 1.30563944 0.21341312
v 8.01215564 1.30563944 0.21341312
v 8.04049582 1.30600388 0.22814533
v 8.04049582 1.30600388 0.22814533
v 8.08188730 1.33198566 0.14446870
v 8.01469573 1.30956754 0.16963932
v 8.01469573 1.30956754 0.16963932
v 8.20793477 1.34067668 -0.06599670
v 8.20793477 1.31010705 -0.06599670
v 8.20793477 1.31010705 -0.06599670
v 8.15584415 1.29039153 0.00834569
v 8.13576310 1.31118018 -0.00414935
v 8.13576310 1.31118018 -0.00414935
v 8.15579224 1.34281690 0.00841978
v 8.17444435 1.33851860 0.02295414
v 8.13576311 1.33851860 -0.00414937
v 8.17444435 1.31118018 0.02295414
v 8.17444435 1.31118018 0.02295414
v 8.18318283 1.29564438 -0.00213473
v 8.18915308 1.32880518 0.00509286
v 8.18915308 1.32880518 0.00509286
v 8.18518738 1.34249515 -0.00073100
v 8.18828592 1.33909387 0.00448525
v 8.18828592 1.31083190 0.00448525
v 8.18828592 1.31083190 0.00448525
v 8.15435707 1.34249515 -0.02233350
v 8.14752931 1.32880518 -0.02407242
v 8.14752931 1.32880518 -0.02407242
v 8.15636085 1.29564438 -0.02092863
v 8.14839647 1.31083190 -0.02346481
v 8.14839647 1.31083190 -0.02346481
v 8.14839647 1.33909387 -0.02346481
v 8.17389531 1.29693655 0.00289028
v 8.17389531 1.29693655 0.00289028
v 8.17479157 1.31837667 0.00589430
v 8.17426758 1.33885653 0.00372838
v 8.17426758 1.33885653 0.00372838
v 8.18641479 1.33988562 -0.01240706
v 8.18641479 1.33988562 -0.01240706
v 8.18872073 1.31818980 -0.01261794
v 8.18546972 1.29559871 -0.01248242
v 8.18546972 1.29559871 -0.01248242
v 8.17938669 1.34030570 -0.02525345
v 8.17938669 1.34030570 -0.02525345
v 8.18076822 1.31623755 -0.02722530
v 8.17893973 1.29154325 -0.02461556
v 8.17893973 1.29154325 -0.02461556
v 8.16491272 1.33988562 -0.02747336
v 8.16491272 1.33988562 -0.02747336
v 8.16432350 1.31818980 -0.02971288
v 8.16530621 1.29559871 -0.02661077
v 8.16530621 1.29559871 -0.02661077
v 8.15389411 1.33885653 -0.01054707
v 8.15389411 1.33885653 -0.01054707
v 8.15167930 1.31837667 -0.01030019
v 8.15480896 1.29693655 -0.01048329
v 8.15480896 1.29693655 -0.01048329
v 8.15988323 1.33915053 0.00258139
v 8.15988323 1.33915053 0.00258139
v 8.15988323 1.33915053 0.00258139
v 8.15845182 1.31656435 0.00462409
v 8.15845182 1.31656435 0.00462409
v 8.16034673 1.29326247 0.00191991
v 8.16034673 1.29326247 0.00191991
v 8.16034673 1.29326247 0.00191991
v 8.18293829 1.33931621 -0.00257785
v 8.18293829 1.33931621 -0.00257785
v 8.18393901 1.31850935 -0.00190184
v 8.18076481 1.29673400 -0.00409269
v 8.18076481 1.29673400 -0.00409269
v 8.15902687 1.29673399 -0.01932426
v 8.15902687 1.29673399 -0.01932426
v 8.15588375 1.31850935 -0.02155988
v 8.15686096 1.33931621 -0.02084998
v 8.15686096 1.33931621 -0.02084998
v 8.17464962 1.32935903 0.00526178
v 8.18804909 1.32981260 -0.01254610
v 8.18035275 1.32907341 -0.02663230
v 8.16448533 1.32981261 -0.02905701
v 8.15232232 1.32935902 -0.01038269
v 8.15888315 1.32862318 0.00400857
v 8.15888315 1.32862318 0.00400857
v 8.18382521 1.32967530 -0.00197414
v 8.15599061 1.32967530 -0.02147757
v 8.17443734 1.30690977 0.00476806
v 8.18749383 1.30610642 -0.01258400
v 8.18008316 1.30298852 -0.02624755
v 8.16471054 1.30610642 -0.02854806
v 8.15285885 1.30690977 -0.01035173
v 8.15916304 1.30406292 0.00360912
v 8.15916304 1.30406292 0.00360912
v 8.18264711 1.30686993 -0.00279479
v 8.15716418 1.30686993 -0.02065042
v 7.75885802 1.29414946 0.85419960
v 7.74281278 1.33391806 0.83430262
v 7.71860428 1.30004167 0.79571610
v 7.71586221 1.33458998 0.79231579
v 7.78620609 1.29414946 0.83214568
v 7.77016085 1.33391805 0.81224870
v 7.73758112 1.30004167 0.78041290
v 7.73483904 1.33458998 0.77701257
v 7.67822696 1.30100713 0.74852649
v 7.67822696 1.33562735 0.74852649
v 7.70001854 1.30100713 0.73095341
v 7.70001854 1.33562736 0.73095341
v 7.63155321 1.29710946 0.69304021
v 7.63155321 1.34035426 0.69304021
v 7.65568203 1.29710946 0.67358235
v 7.65568203 1.34035426 0.67358235
v 7.57101919 1.32943645 0.56403593
v 7.57101919 1.32943645 0.56403593
v 7.57101919 1.32943645 0.56403593
v 7.54243372 1.32943645 0.58708772
v 7.54243372 1.32943645 0.58708772
v 7.54243372 1.32943645 0.58708772
v 7.74784186 1.29283624 0.84557779
v 7.73381400 1.33459548 0.82818248
v 7.78011456 1.29283624 0.81955257
v 7.76608670 1.33459548 0.80215726
v 7.74344978 1.32167568 0.84450614
v 7.74344978 1.32167568 0.84450614
v 7.77999769 1.32167568 0.81503333
v 7.77999769 1.32167568 0.81503333
v 7.74038265 1.32451780 0.77417807
v 7.74038265 1.32451780 0.77417807
v 7.70546643 1.32553421 0.72656014
v 7.70546643 1.32553421 0.72656014
v 7.56916799 1.34415353 0.56912944
v 7.56916799 1.29615578 0.56912944
v 7.56916799 1.29615578 0.56912944
v 7.71191740 1.32451780 0.79713290
v 7.71191740 1.32451780 0.79713290
v 7.62552101 1.32774672 0.69790468
v 7.62552101 1.32774672 0.69790468
v 7.66171424 1.32774671 0.66871788
v 7.66171424 1.32774671 0.66871788
v 7.54780383 1.34415353 0.58635783
v 7.67277907 1.32553421 0.75291976
v 7.67277907 1.32553421 0.75291976
v 7.54780383 1.29615578 0.58635783
v 7.54780383 1.29615578 0.58635783
v 7.77824453 1.32242103 0.80072236
v 7.77824453 1.32242103 0.80072236
v 7.72983549 1.32242103 0.83976018
v 7.72983549 1.32242103 0.83976018
v 7.60370698 1.32904423 0.59211139
v 7.60370698 1.32904423 0.59211139
v 7.59923399 1.34339162 0.60290621
v 7.57444282 1.34339163 0.62289814
v 7.56294535 1.32904423 0.62498222
v 7.56294535 1.32904423 0.62498222
v 7.57469424 1.29405158 0.62274686
v 7.59903285 1.29405158 0.60311985
v 7.68912275 1.33641963 0.73973995
v 7.74045494 1.33086529 0.83917807
v 7.73560002 1.29651496 0.82290628
v 7.72733410 1.33459267 0.81265609
v 7.77379092 1.29162632 0.84473370
v 7.77542520 1.33086530 0.81097750
v 7.76055225 1.29651495 0.80278441
v 7.73921564 1.33174970 0.77394452
v 7.70478544 1.33278116 0.72710929
v 7.69857026 1.33471865 0.77089765
v 7.71791402 1.30147537 0.75599996
v 7.71757127 1.33471865 0.75557493
v 7.65706212 1.29934208 0.72382768
v 7.65706212 1.33777628 0.72382768
v 7.68036520 1.29934208 0.70503568
v 7.68036520 1.33777628 0.70503568
v 7.71193644 1.33174970 0.79594290
v 7.75647890 1.33436036 0.82326585
v 7.64361762 1.29161239 0.68331128
v 7.62627504 1.33679902 0.69729662
v 7.72844126 1.29565005 0.78849674
v 7.66096020 1.33679902 0.66932592
v 7.64361762 1.34134391 0.68331128
v 7.69891301 1.30147537 0.77132268
v 7.72528786 1.33538061 0.78458635
v 7.75228633 1.33459267 0.79253422
v 7.67346005 1.33278116 0.75237060
v 7.58557468 1.32930959 0.56990464
v 7.58557468 1.32930959 0.56990464
v 7.68912275 1.29660637 0.73973995
v 7.57903047 1.34451245 0.57564876
v 7.59515538 1.34191430 0.64712957
v 7.75449415 1.29155909 0.85584764
v 7.73776814 1.33448048 0.83510648
v 7.78874143 1.29155909 0.82823009
v 7.77201543 1.33448048 0.80748893
v 7.74962934 1.33555113 0.81477179
v 7.76576136 1.28752801 0.83477639
v 7.78236563 1.30715081 0.80789665
v 7.78236563 1.30715081 0.80789665
v 7.73597363 1.30715081 0.84530790
v 7.73597363 1.30715081 0.84530790
v 7.75056024 1.30597589 0.85170920
v 7.75056024 1.30597589 0.85170920
v 7.78553051 1.30597589 0.82350862
v 7.78553051 1.30597589 0.82350862
v 7.74079234 1.31188442 0.77589971
v 7.74079234 1.31188442 0.77589971
v 7.70478544 1.31287453 0.72710929
v 7.70478544 1.31287453 0.72710929
v 7.54508496 1.32930959 0.60255620
v 7.54508496 1.32930959 0.60255620
v 7.55208532 1.29279515 0.59737775
v 7.71351314 1.31188442 0.79789809
v 7.71351314 1.31188442 0.79789809
v 7.62627503 1.31193326 0.69729662
v 7.62627503 1.31193326 0.69729662
v 7.66096020 1.31193326 0.66932592
v 7.66096020 1.31193326 0.66932592
v 7.61827808 1.29582721 0.62843292
v 7.67346005 1.31287453 0.75237060
v 7.67346005 1.31287453 0.75237060
v 7.57070106 1.31045703 0.56490929
v 7.57070106 1.31045703 0.56490929
v 7.57070106 1.31045703 0.56490929
v 7.57070106 1.31045703 0.56490929
v 7.77429960 1.33116238 0.79789434
v 7.72790760 1.33116238 0.83530559
v 7.73412474 1.32185732 0.84819410
v 7.73412474 1.32185732 0.84819410
v 7.76093422 1.32349153 0.79049209
v 7.76093422 1.32349153 0.79049209
v 7.54335463 1.31045703 0.58696184
v 7.54335463 1.31045703 0.58696184
v 7.54335463 1.31045703 0.58696184
v 7.54335463 1.31045703 0.58696184
v 7.55732922 1.34473954 0.57630929
v 7.57070104 1.34053125 0.56490927
v 7.54335465 1.34053125 0.58696186
v 7.55732922 1.29312435 0.57630929
v 7.55732922 1.29312435 0.57630929
v 7.65123633 1.32657121 0.72852566
v 7.65123633 1.32657121 0.72852566
v 7.69391992 1.32502694 0.77485223
v 7.69391992 1.32502694 0.77485223
v 7.68619098 1.32657121 0.70033768
v 7.68619098 1.32657121 0.70033768
v 7.76217973 1.32163145 0.83033519
v 7.76217973 1.32163145 0.83033519
v 7.76217973 1.32163145 0.83033519
v 7.78557788 1.32185732 0.80670147
v 7.78557788 1.32185732 0.80670147
v 7.72242144 1.32502694 0.75186816
v 7.72242144 1.32502694 0.75186816
v 7.72350589 1.32349153 0.82067489
v 7.72350589 1.32349153 0.82067489
v 7.55408727 1.32947536 0.57228911
v 7.55408727 1.32947536 0.57228911
v 7.63147026 1.32856612 0.62899158
v 7.63147026 1.32856612 0.62899158
v 7.61852637 1.34191430 0.62828286
v 7.55208532 1.34451245 0.59737775
v 7.59310526 1.32856613 0.65992972
v 7.59310526 1.32856613 0.65992972
v 7.59535467 1.29582721 0.64691872
v 7.57903047 1.29279515 0.57564876
v 7.58277344 1.28802485 0.60786139
v 7.56379454 1.31048361 0.62429740
v 7.56379454 1.31048361 0.62429740
v 7.58271919 1.34451786 0.60779411
v 7.60285777 1.33966914 0.59279618
v 7.56379455 1.33966914 0.62429742
v 7.60285777 1.31048361 0.59279618
v 7.60285777 1.31048361 0.59279618
v 7.72255536 1.33146223 0.81790043
v 7.72195299 1.31287077 0.75250241
v 7.72195299 1.31287077 0.75250241
v 7.78092830 1.33098243 0.80314344
v 7.75831308 1.33089659 0.82554034
v 7.77372043 1.28622467 0.84464626
v 7.75453480 1.33543967 0.82085502
v 7.68546277 1.31251687 0.70092495
v 7.68546277 1.31251687 0.70092495
v 7.70845709 1.29724964 0.76371535
v 7.70806292 1.33547942 0.76322656
v 7.69444196 1.33198566 0.77428443
v 7.66871366 1.29445651 0.71443167
v 7.66871367 1.33865584 0.71443169
v 7.65196455 1.33461654 0.72793841
v 7.58478219 1.31020261 0.57066045
v 7.58478219 1.31020261 0.57066045
v 7.73962105 1.33546407 0.80236058
v 7.74912687 1.29167470 0.81414832
v 7.75842418 1.33146223 0.78897524
v 7.73163274 1.33098243 0.84289617
v 7.74137854 1.30600388 0.85498150
v 7.74137854 1.30600388 0.85498150
v 7.76317709 1.30956754 0.79486911
v 7.76317709 1.30956754 0.79486911
v 7.54599153 1.34030488 0.60194186
v 7.58478217 1.34030488 0.57066044
v 7.56544385 1.34567348 0.58637184
v 7.54599152 1.31020261 0.60194184
v 7.54599152 1.31020261 0.60194184
v 7.56544385 1.28636816 0.58637184
v 7.65196457 1.31251687 0.72793843
v 7.65196457 1.31251687 0.72793843
v 7.69463904 1.31287077 0.77452881
v 7.69463904 1.31287077 0.77452881
v 7.68546277 1.33461653 0.70092495
v 7.76866125 1.30563944 0.83837264
v 7.76866125 1.30563944 0.83837264
v 7.76866125 1.30563944 0.83837264
v 7.79067410 1.30600388 0.81522878
v 7.79067410 1.30600388 0.81522878
v 7.72175591 1.33198566 0.75225803
v 7.72730827 1.30956754 0.82379430
v 7.72730827 1.30956754 0.82379430
v 7.55449454 1.34067668 0.57279414
v 7.55449454 1.31010705 0.57279414
v 7.55449454 1.31010705 0.57279414
v 7.61147781 1.29039153 0.64345624
v 7.59390454 1.31118018 0.65928517
v 7.59390454 1.31118018 0.65928517
v 7.61153459 1.34281690 0.64352666
v 7.63067099 1.33851860 0.62963612
v 7.59390452 1.33851860 0.65928515
v 7.63067099 1.31118018 0.62963612
v 7.63067099 1.31118018 0.62963612
v 7.60898897 1.29564438 0.61428351
v 7.61758861 1.32880518 0.61055148
v 7.61758861 1.32880518 0.61055148
v 7.61089349 1.34249515 0.61274679
v 7.61676438 1.33909387 0.61121615
v 7.61676438 1.31083190 0.61121615
v 7.61676438 1.31083190 0.61121615
v 7.58158928 1.34249515 0.63637811
v 7.57802530 1.32880518 0.64245596
v 7.57802530 1.32880518 0.64245596
v 7.58349467 1.29564438 0.63484245
v 7.57884954 1.31083190 0.64179128
v 7.57884954 1.31083190 0.64179128
v 7.57884954 1.33909387 0.64179128
v 7.61124164 1.29693655 0.62460021
v 7.61124164 1.29693655 0.62460021
v 7.61437638 1.31837667 0.62457206
v 7.61215010 1.33885653 0.62447492
v 7.61215010 1.33885653 0.62447492
v 7.60001562 1.33988562 0.60832991
v 7.60001562 1.33988562 0.60832991
v 7.60045241 1.31818980 0.60605592
v 7.59968116 1.29559871 0.60921703
v 7.59968116 1.29559871 0.60921703
v 7.58572418 1.34030570 0.61152030
v 7.58572418 1.34030570 0.61152030
v 7.58421273 1.31623755 0.60964618
v 7.58621312 1.29154325 0.61212661
v 7.58621312 1.29154325 0.61212661
v 7.57957789 1.33988562 0.62481116
v 7.57957789 1.33988562 0.62481116
v 7.57726281 1.31818980 0.62475629
v 7.58051577 1.29559871 0.62467228
v 7.58051577 1.29559871 0.62467228
v 7.59278516 1.33885653 0.64009112
v 7.59278516 1.33885653 0.64009112
v 7.59240821 1.31837667 0.64228754
v 7.59310011 1.29693655 0.63922983
v 7.59310011 1.29693655 0.63922983
v 7.60705951 1.33915053 0.63797719
v 7.60705951 1.33915053 0.63797719
v 7.60705951 1.33915053 0.63797719
v 7.60862520 1.31656435 0.63991887
v 7.60862520 1.31656435 0.63991887
v 7.60655249 1.29326247 0.63734845
v 7.60655249 1.29326247 0.63734845
v 7.60655249 1.29326247 0.63734845
v 7.60849542 1.33931621 0.61439559
v 7.60849542 1.33931621 0.61439559
v 7.60942240 1.31850935 0.61362156
v 7.60643731 1.29673400 0.61606380
v 7.60643731 1.29673400 0.61606380
v 7.58577538 1.29673399 0.63272585
v 7.58577538 1.29673399 0.63272585
v 7.58275588 1.31850935 0.63512581
v 7.58370891 1.33931621 0.63438376
v 7.58370891 1.33931621 0.63438376
v 7.61372931 1.32935903 0.62453306
v 7.60033520 1.32981260 0.60672114
v 7.58466727 1.32907341 0.61020979
v 7.57793783 1.32981261 0.62478267
v 7.59250725 1.32935902 0.64164686
v 7.60815343 1.32862318 0.63933379
v 7.60815343 1.32862318 0.63933379
v 7.60932139 1.32967530 0.61371084
v 7.58286460 1.32967530 0.63504596
v 7.61319608 1.30690977 0.62460011
v 7.60014483 1.30610642 0.60724412
v 7.58496219 1.30298852 0.61057549
v 7.57848927 1.30610642 0.62470741
v 7.59268578 1.30690977 0.64113995
v 7.60784725 1.30406292 0.63895411
v 7.60784725 1.30406292 0.63895411
v 7.60820625 1.30686993 0.61461520
v 7.58398472 1.30686993 0.63414776
v 9.65541577 1.44807063 1.60147813
v 9.65541577 1.48783922 1.57591762
v 9.66079336 1.45396283 1.53068431
v 9.66079336 1.48851115 1.52631612
v 9.69054827 1.44807063 1.60147813
v 9.69054827 1.48783922 1.57591762
v 9.68517180 1.45396283 1.53068433
v 9.68517180 1.48851115 1.52631612
v 9.65898518 1.45492830 1.46860438
v 9.65898518 1.48954852 1.46860438
v 9.68697957 1.45492829 1.46860438
v 9.68697957 1.48954852 1.46860438
v 9.65748380 1.45103062 1.39611361
v 9.65748380 1.49427543 1.39611361
v 9.68848071 1.45103062 1.39611361
v 9.68848071 1.49427542 1.39611361
v 9.69134309 1.48335761 1.25769389
v 9.69134309 1.48335761 1.25769389
v 9.69134309 1.48335761 1.25769389
v 9.65462097 1.48335761 1.25769389
v 9.65462097 1.48335761 1.25769389
v 9.65462097 1.48335761 1.25769389
v 9.65225271 1.44675741 1.58785145
v 9.65225271 1.48851664 1.56550469
v 9.69371160 1.44675741 1.58785145
v 9.69371160 1.48851664 1.56550469
v 9.64950652 1.47559685 1.58426018
v 9.64950652 1.47559685 1.58426018
v 9.69645751 1.47559685 1.58426018
v 9.69645751 1.47559685 1.58426018
v 9.69126642 1.47843897 1.52758960
v 9.69126642 1.47843897 1.52758960
v 9.69397817 1.47945538 1.46860438
v 9.69397817 1.47945538 1.46860438
v 9.68670468 1.49807469 1.26049674
v 9.68670468 1.45007695 1.26049674
v 9.68670468 1.45007695 1.26049674
v 9.65469874 1.47843897 1.52758960
v 9.65469874 1.47843897 1.52758960
v 9.64973458 1.48166788 1.39611361
v 9.64973458 1.48166788 1.39611361
v 9.69622994 1.48166788 1.39611361
v 9.69622994 1.48166788 1.39611361
v 9.65925938 1.49807469 1.26049674
v 9.65198658 1.47945537 1.46860438
v 9.65198658 1.47945537 1.46860438
v 9.65925938 1.45007695 1.26049674
v 9.65925938 1.45007695 1.26049674
v 9.70407632 1.47634220 1.57201962
v 9.70407632 1.47634220 1.57201962
v 9.64188800 1.47634220 1.57201962
v 9.64188800 1.47634220 1.57201962
v 9.69916417 1.48296539 1.30006786
v 9.69916417 1.48296539 1.30006786
v 9.68890598 1.49731279 1.30566298
v 9.65705822 1.49731279 1.30566293
v 9.64680004 1.48296539 1.30006786
v 9.64680004 1.48296539 1.30006786
v 9.65734891 1.44797275 1.30570299
v 9.68861530 1.44797275 1.30570302
v 9.67298238 1.49034079 1.46860438
v 9.65051987 1.48478646 1.57823270
v 9.65695506 1.45043612 1.56251871
v 9.65695506 1.48851384 1.54935087
v 9.67298202 1.44554749 1.60348353
v 9.69544416 1.48478646 1.57823270
v 9.68900975 1.45043612 1.56251871
v 9.69050459 1.48567086 1.52667522
v 9.69310335 1.48670233 1.46860437
v 9.66077777 1.48863982 1.49878890
v 9.68518728 1.45539653 1.49933491
v 9.68518728 1.48863982 1.49878890
v 9.65801422 1.45326324 1.43609225
v 9.65801422 1.49169745 1.43609225
v 9.68795037 1.45326324 1.43609223
v 9.68795037 1.49169745 1.43609223
v 9.65546057 1.48567087 1.52667522
v 9.67298202 1.48828152 1.57590502
v 9.67298226 1.44553355 1.39611361
v 9.65070323 1.49072019 1.39611361
v 9.67298258 1.44957122 1.53123959
v 9.69526129 1.49072019 1.39611359
v 9.67298226 1.49526508 1.39611361
v 9.66077777 1.45539653 1.49933491
v 9.67298258 1.48930178 1.52621613
v 9.68900975 1.48851384 1.54935087
v 9.65286141 1.48670233 1.46860438
v 9.69898947 1.48323075 1.27139925
v 9.69898947 1.48323075 1.27139925
v 9.67298238 1.45052754 1.46860438
v 9.69028949 1.49843361 1.27176259
v 9.65797051 1.49583547 1.33752733
v 9.65098428 1.44548026 1.60002165
v 9.65098428 1.48840165 1.57337667
v 9.69497980 1.44548026 1.60002165
v 9.69497980 1.48840165 1.57337667
v 9.67298216 1.48947230 1.56499330
v 9.67298216 1.44144917 1.59069206
v 9.70278073 1.46107198 1.58019125
v 9.70278073 1.46107198 1.58019125
v 9.64318358 1.46107198 1.58019125
v 9.64318358 1.46107198 1.58019125
v 9.65051987 1.45989705 1.59433073
v 9.65051987 1.45989705 1.59433073
v 9.69544416 1.45989705 1.59433073
v 9.69544416 1.45989705 1.59433073
v 9.69050459 1.46580558 1.52918694
v 9.69050459 1.46580558 1.52918694
v 9.69310334 1.46679570 1.46860437
v 9.69310334 1.46679570 1.46860437
v 9.64697464 1.48323075 1.27139925
v 9.64697464 1.48323075 1.27139925
v 9.65567461 1.44671631 1.27176259
v 9.65546057 1.46580558 1.52918694
v 9.65546057 1.46580558 1.52918694
v 9.65070323 1.46585443 1.39611361
v 9.65070323 1.46585443 1.39611361
v 9.69526129 1.46585443 1.39611359
v 9.69526129 1.46585443 1.39611359
v 9.68770638 1.44974838 1.33748830
v 9.65286141 1.46679570 1.46860438
v 9.65286141 1.46679570 1.46860438
v 9.69054721 1.46437820 1.25817402
v 9.69054721 1.46437820 1.25817402
v 9.69054721 1.46437820 1.25817402
v 9.69054721 1.46437820 1.25817402
v 9.70278073 1.48508354 1.56734185
v 9.64318358 1.48508354 1.56734185
v 9.63993259 1.47577848 1.58127733
v 9.63993259 1.47577848 1.58127733
v 9.69702342 1.47741270 1.55318981
v 9.69702342 1.47741270 1.55318981
v 9.65541685 1.46437820 1.25817400
v 9.65541685 1.46437820 1.25817400
v 9.65541685 1.46437820 1.25817400
v 9.65541685 1.46437820 1.25817400
v 9.67298203 1.49866070 1.25865411
v 9.69054721 1.49445241 1.25817400
v 9.65541685 1.49445241 1.25817402
v 9.67298203 1.44704551 1.25865411
v 9.67298203 1.44704551 1.25865411
v 9.65053019 1.48049238 1.43609223
v 9.65053019 1.48049238 1.43609223
v 9.65467539 1.47894810 1.49894807
v 9.65467539 1.47894810 1.49894807
v 9.69543441 1.48049238 1.43609223
v 9.69543441 1.48049238 1.43609223
v 9.67298201 1.47555261 1.58498659
v 9.67298201 1.47555261 1.58498659
v 9.67298201 1.47555261 1.58498659
v 9.70603149 1.47577848 1.58127733
v 9.70603149 1.47577848 1.58127733
v 9.69128966 1.47894810 1.49894807
v 9.69128966 1.47894810 1.49894807
v 9.64894138 1.47741270 1.55318981
v 9.64894138 1.47741270 1.55318981
v 9.67298202 1.48339653 1.25348961
v 9.67298202 1.48339653 1.25348961
v 9.69762484 1.48248729 1.34620438
v 9.69762484 1.48248729 1.34620438
v 9.68799385 1.49583547 1.33752735
v 9.65567461 1.49843361 1.27176259
v 9.64833953 1.48248729 1.34620438
v 9.64833953 1.48248729 1.34620438
v 9.65825799 1.44974838 1.33748830
v 9.69028949 1.44671631 1.27176259
v 9.67298211 1.44194601 1.29918735
v 9.64789096 1.46440478 1.30006784
v 9.64789096 1.46440478 1.30006784
v 9.67298211 1.49843903 1.29910092
v 9.69807325 1.49359031 1.30006784
v 9.64789096 1.49359030 1.30006786
v 9.69807325 1.46440478 1.30006784
v 9.69807325 1.46440478 1.30006784
v 9.64994309 1.48538340 1.55043342
v 9.69052686 1.46679194 1.49914773
v 9.69052686 1.46679194 1.49914773
v 9.70464563 1.48490359 1.57558896
v 9.67298201 1.48481776 1.57882692
v 9.67298204 1.44014584 1.60337122
v 9.67298204 1.48936084 1.57280798
v 9.69449891 1.46643803 1.43609225
v 9.69449891 1.46643803 1.43609225
v 9.67298252 1.45117081 1.49940433
v 9.67298252 1.48940058 1.49877640
v 9.65543819 1.48590683 1.49883378
v 9.67298230 1.44837767 1.43609223
v 9.67298230 1.49257700 1.43609225
v 9.65146569 1.48853770 1.43609223
v 9.69789812 1.46412377 1.27149011
v 9.69789812 1.46412377 1.27149011
v 9.67298240 1.48938524 1.54904953
v 9.67298240 1.44559586 1.56419255
v 9.69602171 1.48538340 1.55043342
v 9.64131845 1.48490359 1.57558896
v 9.64131845 1.45992505 1.59111429
v 9.64131845 1.45992505 1.59111429
v 9.69602171 1.46348871 1.55800493
v 9.69602171 1.46348871 1.55800493
v 9.64806599 1.49422604 1.27149011
v 9.69789812 1.49422604 1.27149009
v 9.67298205 1.49959464 1.27158091
v 9.64806599 1.46412377 1.27149009
v 9.64806599 1.46412377 1.27149009
v 9.67298205 1.44028932 1.27158091
v 9.65146569 1.46643803 1.43609225
v 9.65146569 1.46643803 1.43609225
v 9.65543819 1.46679194 1.49914773
v 9.65543819 1.46679194 1.49914773
v 9.69449890 1.48853770 1.43609225
v 9.67298201 1.45956060 1.59531184
v 9.67298201 1.45956060 1.59531184
v 9.67298201 1.45956060 1.59531184
v 9.70464563 1.45992505 1.59111429
v 9.70464563 1.45992505 1.59111429
v 9.69052686 1.48590683 1.49883378
v 9.64994309 1.46348871 1.55800493
v 9.64994309 1.46348871 1.55800493
v 9.67298202 1.49459784 1.25413840
v 9.67298202 1.46402821 1.25413840
v 9.67298202 1.46402821 1.25413840
v 9.67298220 1.44431269 1.34491408
v 9.64936631 1.46510134 1.34620438
v 9.64936631 1.46510134 1.34620438
v 9.67298220 1.49673806 1.34500455
v 9.69659806 1.49243977 1.34620438
v 9.64936631 1.49243976 1.34620435
v 9.69659806 1.46510134 1.34620438
v 9.69659806 1.46510134 1.34620438
v 9.68935758 1.44956554 1.32064292
v 9.69839450 1.48272634 1.32313611
v 9.69839450 1.48272634 1.32313611
v 9.69180476 1.49641632 1.32064223
v 9.69733565 1.49301504 1.32313611
v 9.69733565 1.46475306 1.32313611
v 9.69733565 1.46475306 1.32313611
v 9.65415936 1.49641632 1.32064219
v 9.64756979 1.48272634 1.32313611
v 9.64756979 1.48272634 1.32313611
v 9.65660656 1.44956554 1.32064287
v 9.64862863 1.46475306 1.32313611
v 9.64862863 1.46475306 1.32313611
v 9.64862863 1.49301504 1.32313611
v 9.68463496 1.45085772 1.33008779
v 9.68463496 1.45085772 1.33008779
v 9.68709279 1.47229783 1.33203368
v 9.68542078 1.49277769 1.33056054
v 9.68542078 1.49277769 1.33056054
v 9.68610977 1.49380679 1.31037559
v 9.68610977 1.49380679 1.31037559
v 9.68787725 1.47211096 1.30887964
v 9.68529255 1.44951987 1.31085620
v 9.68529255 1.44951987 1.31085620
v 9.67298221 1.49422687 1.30388783
v 9.67298221 1.49422687 1.30388783
v 9.67298211 1.47015872 1.30148017
v 9.67298222 1.44546442 1.30466673
v 9.67298222 1.44546442 1.30466673
v 9.65985464 1.49380679 1.31037554
v 9.65985464 1.49380679 1.31037554
v 9.65808696 1.47211097 1.30887957
v 9.66067188 1.44951987 1.31085617
v 9.66067188 1.44951987 1.31085617
v 9.66054375 1.49277769 1.33056054
v 9.66054375 1.49277769 1.33056054
v 9.65887155 1.47229783 1.33203368
v 9.66132958 1.45085772 1.33008779
v 9.66132958 1.45085772 1.33008779
v 9.67298228 1.49307169 1.33787552
v 9.67298228 1.49307169 1.33787552
v 9.67298228 1.49307169 1.33787552
v 9.67298218 1.47048551 1.34036982
v 9.67298218 1.47048551 1.34036982
v 9.67298228 1.44718363 1.33706782
v 9.67298228 1.44718363 1.33706782
v 9.67298228 1.44718363 1.33706782
v 9.68890304 1.49323737 1.32042034
v 9.68890304 1.49323737 1.32042034
v 9.69011051 1.47243051 1.32039972
v 9.68625375 1.45065516 1.32042698
v 9.68625375 1.45065516 1.32042698
v 9.65971059 1.45065516 1.32042693
v 9.65971059 1.45065516 1.32042693
v 9.65585359 1.47243051 1.32039968
v 9.65706127 1.49323737 1.32042030
v 9.65706127 1.49323737 1.32042030
v 9.68661358 1.48328019 1.33159712
v 9.68736842 1.48373377 1.30932389
v 9.67298214 1.48299457 1.30220423
v 9.65859585 1.48373377 1.30932384
v 9.65935083 1.48328019 1.33159712
v 9.67298222 1.48254434 1.33961823
v 9.67298222 1.48254434 1.33961823
v 9.68997582 1.48359646 1.32040581
v 9.65598834 1.48359646 1.32040576
v 9.68615641 1.46083094 1.33131459
v 9.68689194 1.46002759 1.30961149
v 9.67298215 1.45690969 1.30267403
v 9.65907235 1.46002759 1.30961142
v 9.65980800 1.46083094 1.33131459
v 9.67298222 1.45798408 1.33913047
v 9.67298222 1.45798408 1.33913047
v 9.68854008 1.46079110 1.32040977
v 9.65742411 1.46079110 1.32040973
v -8.11049923 0.00000000 -6.49943620
v -4.08625310 0.00000000 10.33095635
v -4.08625310 0.00000000 10.33095635
v -4.08625258 0.00000000 -6.49943620
v -8.11049923 0.00000000 6.11088625
v -4.08625258 0.00000000 6.11088651
v 5.12010453 0.00000000 10.33095635
v 5.12010453 0.00000000 -6.49943620
v 5.12010453 0.00000000 6.11088651
v -4.08625310 0.00000000 7.56289043
v -4.08625310 0.00000000 6.72003983
v -4.08625310 0.00000000 6.72003983
v -4.08625310 0.00000000 6.72003983
v -4.08625310 0.00000000 7.14146513
v 5.12010453 0.00000000 6.72003983
v 5.12010453 0.00000000 6.72003983
v -4.08625310 0.26806898 10.33095635
v -4.08625310 0.26806898 10.33095635
v 5.12010453 0.26806898 10.33095635
v 5.12010453 0.26806898 7.14146513
v 5.12010453 0.26806898 7.14146513
v 5.12010453 0.26806898 6.72003983
v 5.12010453 0.26806898 6.72003983
v -4.08625310 0.26806898 6.72003983
v -4.08625310 0.26806898 6.72003983
v -4.08625310 0.26806898 6.72003983
v -4.08625310 0.26806898 7.14146513
v -4.08625310 0.26806898 7.14146513
v -4.08625310 0.26806898 7.14146513
v -4.08625310 0.26806898 7.56289043
v -4.08625310 0.55740045 10.33095635
v -4.08625310 0.55740045 10.33095635
v 5.12010453 0.55740045 10.33095635
v -4.08625310 0.55740045 7.14146513
v -4.08625310 0.55740045 7.14146513
v -4.08625310 0.55740045 7.14146513
v 5.12010453 0.55740045 7.14146513
v 5.12010453 0.55740045 7.14146513
v 5.12010453 0.55740045 7.56289043
v 5.12010453 0.55740045 7.56289043
v -4.08625310 0.55740045 7.56289043
v -4.08625310 0.55740045 7.56289043
v -4.08625310 0.55740045 7.56289043
v -4.08625310 0.84224616 10.33095635
v -4.08625310 0.84224616 10.33095635
v -4.08625310 0.84224616 10.33095635
v 5.12010453 0.84224616 10.33095635
v 5.12010453 0.84224616 10.33095635
v -4.08625310 0.84224616 7.56289043
v -4.08625310 0.84224616 7.56289043
v -4.08625310 0.84224616 7.56289043
v 5.12010453 0.84224616 7.56289043
v 5.12010453 0.84224616 7.56289043
vt 0.10518531 0.48808944
vt 0.08228797 0.49643487
vt 0.10300874 0.49643487
vt 0.08014907 0.28626651
vt 0.10514690 0.28626651
vt 0.10921493 0.48808944
vt 0.09466300 0.49643487
vt 0.09897913 0.49643487
vt 0.09680149 0.28626651
vt 0.09683990 0.28626651
vt 0.07394192 0.49643475
vt 0.10518531 0.48405975
vt 0.08631760 0.49643487
vt 0.07180365 0.28626651
vt 0.08845606 0.28626651
vt 0.07797155 0.49643487
vt 0.10921493 0.48405975
vt 0.09063340 0.49643487
vt 0.08011066 0.28626651
vt 0.08849448 0.28626651
vt 0.08014907 0.25336224
vt 0.10518530 0.48812783
vt 0.10514690 0.25336224
vt 0.11349230 0.48812783
vt 0.09680149 0.25336224
vt 0.09683990 0.25336224
vt 0.08011066 0.25336224
vt 0.11349233 0.49643487
vt 0.08849448 0.25336224
vt 0.07180365 0.25336224
vt 0.08845606 0.25336224
vt 0.10518530 0.49643487
vt 0.10518531 0.48808944
vt 0.08228797 0.49643487
vt 0.10300874 0.49643487
vt 0.08014907 0.28626651
vt 0.10514690 0.28626651
vt 0.10921493 0.48808944
vt 0.09466300 0.49643487
vt 0.09897913 0.49643487
vt 0.09680149 0.28626651
vt 0.09683990 0.28626651
vt 0.07394192 0.49643475
vt 0.10518531 0.48405975
vt 0.08631760 0.49643487
vt 0.07180365 0.28626651
vt 0.08845606 0.28626651
vt 0.07797155 0.49643487
vt 0.10921493 0.48405975
vt 0.09063340 0.49643487
vt 0.08011066 0.28626651
vt 0.08849448 0.28626651
vt 0.08014907 0.25336224
vt 0.10518530 0.48812783
vt 0.10514690 0.25336224
vt 0.11349230 0.48812783
vt 0.09680149 0.25336224
vt 0.09683990 0.25336224
vt 0.08011066 0.25336224
vt 0.11349233 0.49643487
vt 0.08849448 0.25336224
vt 0.07180365 0.25336224
vt 0.08845606 0.25336224
vt 0.10518530 0.49643487
vt 0.08228797 0.49643487
vt 0.10518531 0.48808944
vt 0.10300874 0.49643487
vt 0.08014907 0.28626651
vt 0.10514690 0.28626651
vt 0.09466300 0.49643487
vt 0.10921493 0.48808944
vt 0.09897913 0.49643487
vt 0.09680149 0.28626651
vt 0.09683990 0.28626651
vt 0.07394192 0.49643475
vt 0.08631760 0.49643487
vt 0.10518531 0.48405975
vt 0.07180365 0.28626651
vt 0.08845606 0.28626651
vt 0.07797155 0.49643487
vt 0.09063340 0.49643487
vt 0.10921493 0.48405975
vt 0.08011066 0.28626651
vt 0.08849448 0.28626651
vt 0.10518530 0.48812783
vt 0.08014907 0.25336224
vt 0.10514690 0.25336224
vt 0.11349230 0.48812783
vt 0.09680149 0.25336224
vt 0.09683990 0.25336224
vt 0.08011066 0.25336224
vt 0.11349233 0.49643487
vt 0.08849448 0.25336224
vt 0.07180365 0.25336224
vt 0.10518530 0.49643487
vt 0.08845606 0.25336224
vt 0.08228797 0.49643487
vt 0.10518531 0.48808944
vt 0.10300874 0.49643487
vt 0.08014907 0.28626651
vt 0.10514690 0.28626651
vt 0.09466300 0.49643487
vt 0.10921493 0.48808944
vt 0.09897913 0.49643487
vt 0.09680149 0.28626651
vt 0.09683990 0.28626651
vt 0.07394192 0.49643475
vt 0.08631760 0.49643487
vt 0.10518531 0.48405975
vt 0.07180365 0.28626651
vt 0.08845606 0.28626651
vt 0.07797155 0.49643487
vt 0.09063340 0.49643487
vt 0.10921493 0.48405975
vt 0.08011066 0.28626651
vt 0.08849448 0.28626651
vt 0.10518530 0.48812783
vt 0.08014907 0.25336224
vt 0.10514690 0.25336224
vt 0.11349230 0.48812783
vt 0.09680149 0.25336224
vt 0.09683990 0.25336224
vt 0.08011066 0.25336224
vt 0.11349233 0.49643487
vt 0.08849448 0.25336224
vt 0.07180365 0.25336224
vt 0.10518530 0.49643487
vt 0.08845606 0.25336224
vt 0.10518531 0.48808944
vt 0.10300874 0.49643487
vt 0.08228797 0.49643487
vt 0.10514690 0.28626651
vt 0.08014907 0.28626651
vt 0.09466300 0.49643487
vt 0.10921493 0.48808944
vt 0.09897913 0.49643487
vt 0.09680149 0.28626651
vt 0.09683990 0.28626651
vt 0.10518531 0.48405975
vt 0.07394192 0.49643475
vt 0.08631760 0.49643487
vt 0.07180365 0.28626651
vt 0.08845606 0.28626651
vt 0.09063340 0.49643487
vt 0.10921493 0.48405975
vt 0.07797155 0.49643487
vt 0.08849448 0.28626651
vt 0.08011066 0.28626651
vt 0.10514690 0.25336224
vt 0.10518530 0.48812783
vt 0.08014907 0.25336224
vt 0.09680149 0.25336224
vt 0.09683990 0.25336224
vt 0.11349230 0.48812783
vt 0.08849448 0.25336224
vt 0.08011066 0.25336224
vt 0.11349233 0.49643487
vt 0.07180365 0.25336224
vt 0.10518530 0.49643487
vt 0.08845606 0.25336224
vt 0.10518531 0.48808944
vt 0.10300874 0.49643487
vt 0.08228797 0.49643487
vt 0.10514690 0.28626651
vt 0.08014907 0.28626651
vt 0.09466300 0.49643487
vt 0.10921493 0.48808944
vt 0.09897913 0.49643487
vt 0.09680149 0.28626651
vt 0.09683990 0.28626651
vt 0.10518531 0.48405975
vt 0.07394192 0.49643475
vt 0.08631760 0.49643487
vt 0.07180365 0.28626651
vt 0.08845606 0.28626651
vt 0.09063340 0.49643487
vt 0.10921493 0.48405975
vt 0.07797155 0.49643487
vt 0.08849448 0.28626651
vt 0.08011066 0.28626651
vt 0.10514690 0.25336224
vt 0.10518530 0.48812783
vt 0.08014907 0.25336224
vt 0.09680149 0.25336224
vt 0.09683990 0.25336224
vt 0.11349230 0.48812783
vt 0.08849448 0.25336224
vt 0.08011066 0.25336224
vt 0.11349233 0.49643487
vt 0.07180365 0.25336224
vt 0.10518530 0.49643487
vt 0.08845606 0.25336224
vt 0.08228797 0.49643487
vt 0.10300874 0.49643487
vt 0.10518531 0.48808944
vt 0.08014907 0.28626651
vt 0.10514690 0.28626651
vt 0.09897913 0.49643487
vt 0.10921493 0.48808944
vt 0.09466300 0.49643487
vt 0.09683990 0.28626651
vt 0.09680149 0.28626651
vt 0.08631760 0.49643487
vt 0.07394192 0.49643475
vt 0.10518531 0.48405975
vt 0.08845606 0.28626651
vt 0.07180365 0.28626651
vt 0.07797155 0.49643487
vt 0.10921493 0.48405975
vt 0.09063340 0.49643487
vt 0.08011066 0.28626651
vt 0.08849448 0.28626651
vt 0.08014907 0.25336224
vt 0.10518530 0.48812783
vt 0.10514690 0.25336224
vt 0.11349230 0.48812783
vt 0.09683990 0.25336224
vt 0.09680149 0.25336224
vt 0.11349233 0.49643487
vt 0.08011066 0.25336224
vt 0.08849448 0.25336224
vt 0.08845606 0.25336224
vt 0.10518530 0.49643487
vt 0.07180365 0.25336224
vt 0.08228797 0.49643487
vt 0.10300874 0.49643487
vt 0.10518531 0.48808944
vt 0.08014907 0.28626651
vt 0.10514690 0.28626651
vt 0.09897913 0.49643487
vt 0.10921493 0.48808944
vt 0.09466300 0.49643487
vt 0.09683990 0.28626651
vt 0.09680149 0.28626651
vt 0.08631760 0.49643487
vt 0.07394192 0.49643475
vt 0.10518531 0.48405975
vt 0.08845606 0.28626651
vt 0.07180365 0.28626651
vt 0.07797155 0.49643487
vt 0.10921493 0.48405975
vt 0.09063340 0.49643487
vt 0.08011066 0.28626651
vt 0.08849448 0.28626651
vt 0.08014907 0.25336224
vt 0.10518530 0.48812783
vt 0.10514690 0.25336224
vt 0.11349230 0.48812783
vt 0.09683990 0.25336224
vt 0.09680149 0.25336224
vt 0.11349233 0.49643487
vt 0.08011066 0.25336224
vt 0.08849448 0.25336224
vt 0.08845606 0.25336224
vt 0.10518530 0.49643487
vt 0.07180365 0.25336224
vt 0.10518531 0.48808944
vt 0.08228797 0.49643487
vt 0.10300874 0.49643487
vt 0.08014907 0.28626651
vt 0.10514690 0.28626651
vt 0.10921493 0.48808944
vt 0.09466300 0.49643487
vt 0.09897913 0.49643487
vt 0.09680149 0.28626651
vt 0.09683990 0.28626651
vt 0.07394192 0.49643475
vt 0.10518531 0.48405975
vt 0.08631760 0.49643487
vt 0.07180365 0.28626651
vt 0.08845606 0.28626651
vt 0.07797155 0.49643487
vt 0.10921493 0.48405975
vt 0.09063340 0.49643487
vt 0.08011066 0.28626651
vt 0.08849448 0.28626651
vt 0.08014907 0.25336224
vt 0.10518530 0.48812783
vt 0.10514690 0.25336224
vt 0.11349230 0.48812783
vt 0.09680149 0.25336224
vt 0.09683990 0.25336224
vt 0.08011066 0.25336224
vt 0.11349233 0.49643487
vt 0.08849448 0.25336224
vt 0.07180365 0.25336224
vt 0.08845606 0.25336224
vt 0.10518530 0.49643487
vt 0.10518531 0.48808944
vt 0.08228797 0.49643487
vt 0.10300874 0.49643487
vt 0.08014907 0.28626651
vt 0.10514690 0.28626651
vt 0.10921493 0.48808944
vt 0.09466300 0.49643487
vt 0.09897913 0.49643487
vt 0.09680149 0.28626651
vt 0.09683990 0.28626651
vt 0.07394192 0.49643475
vt 0.10518531 0.48405975
vt 0.08631760 0.49643487
vt 0.07180365 0.28626651
vt 0.08845606 0.28626651
vt 0.07797155 0.49643487
vt 0.10921493 0.48405975
vt 0.09063340 0.49643487
vt 0.08011066 0.28626651
vt 0.08849448 0.28626651
vt 0.08014907 0.25336224
vt 0.10518530 0.48812783
vt 0.10514690 0.25336224
vt 0.11349230 0.48812783
vt 0.09680149 0.25336224
vt 0.09683990 0.25336224
vt 0.08011066 0.25336224
vt 0.11349233 0.49643487
vt 0.08849448 0.25336224
vt 0.07180365 0.25336224
vt 0.08845606 0.25336224
vt 0.10518530 0.49643487
vt 0.08228797 0.49643487
vt 0.10518531 0.48808944
vt 0.10300874 0.49643487
vt 0.08014907 0.28626651
vt 0.10514690 0.28626651
vt 0.09466300 0.49643487
vt 0.10921493 0.48808944
vt 0.09897913 0.49643487
vt 0.09680149 0.28626651
vt 0.09683990 0.28626651
vt 0.07394192 0.49643475
vt 0.08631760 0.49643487
vt 0.10518531 0.48405975
vt 0.07180365 0.28626651
vt 0.08845606 0.28626651
vt 0.07797155 0.49643487
vt 0.09063340 0.49643487
vt 0.10921493 0.48405975
vt 0.08011066 0.28626651
vt 0.08849448 0.28626651
vt 0.10518530 0.48812783
vt 0.08014907 0.25336224
vt 0.10514690 0.25336224
vt 0.11349230 0.48812783
vt 0.09680149 0.25336224
vt 0.09683990 0.25336224
vt 0.08011066 0.25336224
vt 0.11349233 0.49643487
vt 0.08849448 0.25336224
vt 0.07180365 0.25336224
vt 0.10518530 0.49643487
vt 0.08845606 0.25336224
vt 0.08228797 0.49643487
vt 0.10518531 0.48808944
vt 0.10300874 0.49643487
vt 0.08014907 0.28626651
vt 0.10514690 0.28626651
vt 0.09466300 0.49643487
vt 0.10921493 0.48808944
vt 0.09897913 0.49643487
vt 0.09680149 0.28626651
vt 0.09683990 0.28626651
vt 0.07394192 0.49643475
vt 0.08631760 0.49643487
vt 0.10518531 0.48405975
vt 0.07180365 0.28626651
vt 0.08845606 0.28626651
vt 0.07797155 0.49643487
vt 0.09063340 0.49643487
vt 0.10921493 0.48405975
vt 0.08011066 0.28626651
vt 0.08849448 0.28626651
vt 0.10518530 0.48812783
vt 0.08014907 0.25336224
vt 0.10514690 0.25336224
vt 0.11349230 0.48812783
vt 0.09680149 0.25336224
vt 0.09683990 0.25336224
vt 0.08011066 0.25336224
vt 0.11349233 0.49643487
vt 0.08849448 0.25336224
vt 0.07180365 0.25336224
vt 0.10518530 0.49643487
vt 0.08845606 0.25336224
vt 0.10518531 0.48808944
vt 0.10300874 0.49643487
vt 0.08228797 0.49643487
vt 0.10514690 0.28626651
vt 0.08014907 0.28626651
vt 0.09466300 0.49643487
vt 0.10921493 0.48808944
vt 0.09897913 0.49643487
vt 0.09680149 0.28626651
vt 0.09683990 0.28626651
vt 0.10518531 0.48405975
vt 0.07394192 0.49643475
vt 0.08631760 0.49643487
vt 0.07180365 0.28626651
vt 0.08845606 0.28626651
vt 0.09063340 0.49643487
vt 0.10921493 0.48405975
vt 0.07797155 0.49643487
vt 0.08849448 0.28626651
vt 0.08011066 0.28626651
vt 0.10514690 0.25336224
vt 0.10518530 0.48812783
vt 0.08014907 0.25336224
vt 0.09680149 0.25336224
vt 0.09683990 0.25336224
vt 0.11349230 0.48812783
vt 0.08849448 0.25336224
vt 0.08011066 0.25336224
vt 0.11349233 0.49643487
vt 0.07180365 0.25336224
vt 0.10518530 0.49643487
vt 0.08845606 0.25336224
vt 0.10518531 0.48808944
vt 0.10300874 0.49643487
vt 0.08228797 0.49643487
vt 0.10514690 0.28626651
vt 0.08014907 0.28626651
vt 0.09466300 0.49643487
vt 0.10921493 0.48808944
vt 0.09897913 0.49643487
vt 0.09680149 0.28626651
vt 0.09683990 0.28626651
vt 0.10518531 0.48405975
vt 0.07394192 0.49643475
vt 0.08631760 0.49643487
vt 0.07180365 0.28626651
vt 0.08845606 0.28626651
vt 0.09063340 0.49643487
vt 0.10921493 0.48405975
vt 0.07797155 0.49643487
vt 0.08849448 0.28626651
vt 0.08011066 0.28626651
vt 0.10514690 0.25336224
vt 0.10518530 0.48812783
vt 0.08014907 0.25336224
vt 0.09680149 0.25336224
vt 0.09683990 0.25336224
vt 0.11349230 0.48812783
vt 0.08849448 0.25336224
vt 0.08011066 0.25336224
vt 0.11349233 0.49643487
vt 0.07180365 0.25336224
vt 0.10518530 0.49643487
vt 0.08845606 0.25336224
vt 0.08228797 0.49643487
vt 0.10300874 0.49643487
vt 0.10518531 0.48808944
vt 0.08014907 0.28626651
vt 0.10514690 0.28626651
vt 0.09897913 0.49643487
vt 0.10921493 0.48808944
vt 0.09466300 0.49643487
vt 0.09683990 0.28626651
vt 0.09680149 0.28626651
vt 0.08631760 0.49643487
vt 0.07394192 0.49643475
vt 0.10518531 0.48405975
vt 0.08845606 0.28626651
vt 0.07180365 0.28626651
vt 0.07797155 0.49643487
vt 0.10921493 0.48405975
vt 0.09063340 0.49643487
vt 0.08011066 0.28626651
vt 0.08849448 0.28626651
vt 0.08014907 0.25336224
vt 0.10518530 0.48812783
vt 0.10514690 0.25336224
vt 0.11349230 0.48812783
vt 0.09683990 0.25336224
vt 0.09680149 0.25336224
vt 0.11349233 0.49643487
vt 0.08011066 0.25336224
vt 0.08849448 0.25336224
vt 0.08845606 0.25336224
vt 0.10518530 0.49643487
vt 0.07180365 0.25336224
vt 0.08228797 0.49643487
vt 0.10300874 0.49643487
vt 0.10518531 0.48808944
vt 0.08014907 0.28626651
vt 0.10514690 0.28626651
vt 0.09897913 0.49643487
vt 0.10921493 0.48808944
vt 0.09466300 0.49643487
vt 0.09683990 0.28626651
vt 0.09680149 0.28626651
vt 0.08631760 0.49643487
vt 0.07394192 0.49643475
vt 0.10518531 0.48405975
vt 0.08845606 0.28626651
vt 0.07180365 0.28626651
vt 0.07797155 0.49643487
vt 0.10921493 0.48405975
vt 0.09063340 0.49643487
vt 0.08011066 0.28626651
vt 0.08849448 0.28626651
vt 0.08014907 0.25336224
vt 0.10518530 0.48812783
vt 0.10514690 0.25336224
vt 0.11349230 0.48812783
vt 0.09683990 0.25336224
vt 0.09680149 0.25336224
vt 0.11349233 0.49643487
vt 0.08011066 0.25336224
vt 0.08849448 0.25336224
vt 0.08845606 0.25336224
vt 0.10518530 0.49643487
vt 0.07180365 0.25336224
vt 0.10518531 0.48808944
vt 0.08228797 0.49643487
vt 0.10300874 0.49643487
vt 0.08014907 0.28626651
vt 0.10514690 0.28626651
vt 0.10921493 0.48808944
vt 0.09466300 0.49643487
vt 0.09897913 0.49643487
vt 0.09680149 0.28626651
vt 0.09683990 0.28626651
vt 0.07394192 0.49643475
vt 0.10518531 0.48405975
vt 0.08631760 0.49643487
vt 0.07180365 0.28626651
vt 0.08845606 0.28626651
vt 0.07797155 0.49643487
vt 0.10921493 0.48405975
vt 0.09063340 0.49643487
vt 0.08011066 0.28626651
vt 0.08849448 0.28626651
vt 0.08014907 0.25336224
vt 0.10518530 0.48812783
vt 0.10514690 0.25336224
vt 0.11349230 0.48812783
vt 0.09680149 0.25336224
vt 0.09683990 0.25336224
vt 0.08011066 0.25336224
vt 0.11349233 0.49643487
vt 0.08849448 0.25336224
vt 0.07180365 0.25336224
vt 0.08845606 0.25336224
vt 0.10518530 0.49643487
vt 0.10518531 0.48808944
vt 0.08228797 0.49643487
vt 0.10300874 0.49643487
vt 0.08014907 0.28626651
vt 0.10514690 0.28626651
vt 0.10921493 0.48808944
vt 0.09466300 0.49643487
vt 0.09897913 0.49643487
vt 0.09680149 0.28626651
vt 0.09683990 0.28626651
vt 0.07394192 0.49643475
vt 0.10518531 0.48405975
vt 0.08631760 0.49643487
vt 0.07180365 0.28626651
vt 0.08845606 0.28626651
vt 0.07797155 0.49643487
vt 0.10921493 0.48405975
vt 0.09063340 0.49643487
vt 0.08011066 0.28626651
vt 0.08849448 0.28626651
vt 0.08014907 0.25336224
vt 0.10518530 0.48812783
vt 0.10514690 0.25336224
vt 0.11349230 0.48812783
vt 0.09680149 0.25336224
vt 0.09683990 0.25336224
vt 0.08011066 0.25336224
vt 0.11349233 0.49643487
vt 0.08849448 0.25336224
vt 0.07180365 0.25336224
vt 0.08845606 0.25336224
vt 0.10518530 0.49643487
vt 0.08228797 0.49643487
vt 0.10518531 0.48808944
vt 0.10300874 0.49643487
vt 0.08014907 0.28626651
vt 0.10514690 0.28626651
vt 0.09466300 0.49643487
vt 0.10921493 0.48808944
vt 0.09897913 0.49643487
vt 0.09680149 0.28626651
vt 0.09683990 0.28626651
vt 0.07394192 0.49643475
vt 0.08631760 0.49643487
vt 0.10518531 0.48405975
vt 0.07180365 0.28626651
vt 0.08845606 0.28626651
vt 0.07797155 0.49643487
vt 0.09063340 0.49643487
vt 0.10921493 0.48405975
vt 0.08011066 0.28626651
vt 0.08849448 0.28626651
vt 0.10518530 0.48812783
vt 0.08014907 0.25336224
vt 0.10514690 0.25336224
vt 0.11349230 0.48812783
vt 0.09680149 0.25336224
vt 0.09683990 0.25336224
vt 0.08011066 0.25336224
vt 0.11349233 0.49643487
vt 0.08849448 0.25336224
vt 0.07180365 0.25336224
vt 0.10518530 0.49643487
vt 0.08845606 0.25336224
vt 0.08228797 0.49643487
vt 0.10518531 0.48808944
vt 0.10300874 0.49643487
vt 0.08014907 0.28626651
vt 0.10514690 0.28626651
vt 0.09466300 0.49643487
vt 0.10921493 0.48808944
vt 0.09897913 0.49643487
vt 0.09680149 0.28626651
vt 0.09683990 0.28626651
vt 0.07394192 0.49643475
vt 0.08631760 0.49643487
vt 0.10518531 0.48405975
vt 0.07180365 0.28626651
vt 0.08845606 0.28626651
vt 0.07797155 0.49643487
vt 0.09063340 0.49643487
vt 0.10921493 0.48405975
vt 0.08011066 0.28626651
vt 0.08849448 0.28626651
vt 0.10518530 0.48812783
vt 0.08014907 0.25336224
vt 0.10514690 0.25336224
vt 0.11349230 0.48812783
vt 0.09680149 0.25336224
vt 0.09683990 0.25336224
vt 0.08011066 0.25336224
vt 0.11349233 0.49643487
vt 0.08849448 0.25336224
vt 0.07180365 0.25336224
vt 0.10518530 0.49643487
vt 0.08845606 0.25336224
vt 0.10518531 0.48808944
vt 0.10300874 0.49643487
vt 0.08228797 0.49643487
vt 0.10514690 0.28626651
vt 0.08014907 0.28626651
vt 0.09466300 0.49643487
vt 0.10921493 0.48808944
vt 0.09897913 0.49643487
vt 0.09680149 0.28626651
vt 0.09683990 0.28626651
vt 0.10518531 0.48405975
vt 0.07394192 0.49643475
vt 0.08631760 0.49643487
vt 0.07180365 0.28626651
vt 0.08845606 0.28626651
vt 0.09063340 0.49643487
vt 0.10921493 0.48405975
vt 0.07797155 0.49643487
vt 0.08849448 0.28626651
vt 0.08011066 0.28626651
vt 0.10514690 0.25336224
vt 0.10518530 0.48812783
vt 0.08014907 0.25336224
vt 0.09680149 0.25336224
vt 0.09683990 0.25336224
vt 0.11349230 0.48812783
vt 0.08849448 0.25336224
vt 0.08011066 0.25336224
vt 0.11349233 0.49643487
vt 0.07180365 0.25336224
vt 0.10518530 0.49643487
vt 0.08845606 0.25336224
vt 0.10518531 0.48808944
vt 0.10300874 0.49643487
vt 0.08228797 0.49643487
vt 0.10514690 0.28626651
vt 0.08014907 0.28626651
vt 0.09466300 0.49643487
vt 0.10921493 0.48808944
vt 0.09897913 0.49643487
vt 0.09680149 0.28626651
vt 0.09683990 0.28626651
vt 0.10518531 0.48405975
vt 0.07394192 0.49643475
vt 0.08631760 0.49643487
vt 0.07180365 0.28626651
vt 0.08845606 0.28626651
vt 0.09063340 0.49643487
vt 0.10921493 0.48405975
vt 0.07797155 0.49643487
vt 0.08849448 0.28626651
vt 0.08011066 0.28626651
vt 0.10514690 0.25336224
vt 0.10518530 0.48812783
vt 0.08014907 0.25336224
vt 0.09680149 0.25336224
vt 0.09683990 0.25336224
vt 0.11349230 0.48812783
vt 0.08849448 0.25336224
vt 0.08011066 0.25336224
vt 0.11349233 0.49643487
vt 0.07180365 0.25336224
vt 0.10518530 0.49643487
vt 0.08845606 0.25336224
vt 0.08228797 0.49643487
vt 0.10300874 0.49643487
vt 0.10518531 0.48808944
vt 0.08014907 0.28626651
vt 0.10514690 0.28626651
vt 0.09897913 0.49643487
vt 0.10921493 0.48808944
vt 0.09466300 0.49643487
vt 0.09683990 0.28626651
vt 0.09680149 0.28626651
vt 0.08631760 0.49643487
vt 0.07394192 0.49643475
vt 0.10518531 0.48405975
vt 0.08845606 0.28626651
vt 0.07180365 0.28626651
vt 0.07797155 0.49643487
vt 0.10921493 0.48405975
vt 0.09063340 0.49643487
vt 0.08011066 0.28626651
vt 0.08849448 0.28626651
vt 0.08014907 0.25336224
vt 0.10518530 0.48812783
vt 0.10514690 0.25336224
vt 0.11349230 0.48812783
vt 0.09683990 0.25336224
vt 0.09680149 0.25336224
vt 0.11349233 0.49643487
vt 0.08011066 0.25336224
vt 0.08849448 0.25336224
vt 0.08845606 0.25336224
vt 0.10518530 0.49643487
vt 0.07180365 0.25336224
vt 0.08228797 0.49643487
vt 0.10300874 0.49643487
vt 0.10518531 0.48808944
vt 0.08014907 0.28626651
vt 0.10514690 0.28626651
vt 0.09897913 0.49643487
vt 0.10921493 0.48808944
vt 0.09466300 0.49643487
vt 0.09683990 0.28626651
vt 0.09680149 0.28626651
vt 0.08631760 0.49643487
vt 0.07394192 0.49643475
vt 0.10518531 0.48405975
vt 0.08845606 0.28626651
vt 0.07180365 0.28626651
vt 0.07797155 0.49643487
vt 0.10921493 0.48405975
vt 0.09063340 0.49643487
vt 0.08011066 0.28626651
vt 0.08849448 0.28626651
vt 0.08014907 0.25336224
vt 0.10518530 0.48812783
vt 0.10514690 0.25336224
vt 0.11349230 0.48812783
vt 0.09683990 0.25336224
vt 0.09680149 0.25336224
vt 0.11349233 0.49643487
vt 0.08011066 0.25336224
vt 0.08849448 0.25336224
vt 0.08845606 0.25336224
vt 0.10518530 0.49643487
vt 0.07180365 0.25336224
vt 0.10518531 0.48808944
vt 0.08228797 0.49643487
vt 0.10300874 0.49643487
vt 0.08014907 0.28626651
vt 0.10514690 0.28626651
vt 0.10921493 0.48808944
vt 0.09466300 0.49643487
vt 0.09897913 0.49643487
vt 0.09680149 0.28626651
vt 0.09683990 0.28626651
vt 0.07394192 0.49643475
vt 0.10518531 0.48405975
vt 0.08631760 0.49643487
vt 0.07180365 0.28626651
vt 0.08845606 0.28626651
vt 0.07797155 0.49643487
vt 0.10921493 0.48405975
vt 0.09063340 0.49643487
vt 0.08011066 0.28626651
vt 0.08849448 0.28626651
vt 0.08014907 0.25336224
vt 0.10518530 0.48812783
vt 0.10514690 0.25336224
vt 0.11349230 0.48812783
vt 0.09680149 0.25336224
vt 0.09683990 0.25336224
vt 0.08011066 0.25336224
vt 0.11349233 0.49643487
vt 0.08849448 0.25336224
vt 0.07180365 0.25336224
vt 0.08845606 0.25336224
vt 0.10518530 0.49643487
vt 0.10518531 0.48808944
vt 0.08228797 0.49643487
vt 0.10300874 0.49643487
vt 0.08014907 0.28626651
vt 0.10514690 0.28626651
vt 0.10921493 0.48808944
vt 0.09466300 0.49643487
vt 0.09897913 0.49643487
vt 0.09680149 0.28626651
vt 0.09683990 0.28626651
vt 0.07394192 0.49643475
vt 0.10518531 0.48405975
vt 0.08631760 0.49643487
vt 0.07180365 0.28626651
vt 0.08845606 0.28626651
vt 0.07797155 0.49643487
vt 0.10921493 0.48405975
vt 0.09063340 0.49643487
vt 0.08011066 0.28626651
vt 0.08849448 0.28626651
vt 0.08014907 0.25336224
vt 0.10518530 0.48812783
vt 0.10514690 0.25336224
vt 0.11349230 0.48812783
vt 0.09680149 0.25336224
vt 0.09683990 0.25336224
vt 0.08011066 0.25336224
vt 0.11349233 0.49643487
vt 0.08849448 0.25336224
vt 0.07180365 0.25336224
vt 0.08845606 0.25336224
vt 0.10518530 0.49643487
vt 0.08228797 0.49643487
vt 0.10518531 0.48808944
vt 0.10300874 0.49643487
vt 0.08014907 0.28626651
vt 0.10514690 0.28626651
vt 0.09466300 0.49643487
vt 0.10921493 0.48808944
vt 0.09897913 0.49643487
vt 0.09680149 0.28626651
vt 0.09683990 0.28626651
vt 0.07394192 0.49643475
vt 0.08631760 0.49643487
vt 0.10518531 0.48405975
vt 0.07180365 0.28626651
vt 0.08845606 0.28626651
vt 0.07797155 0.49643487
vt 0.09063340 0.49643487
vt 0.10921493 0.48405975
vt 0.08011066 0.28626651
vt 0.08849448 0.28626651
vt 0.10518530 0.48812783
vt 0.08014907 0.25336224
vt 0.10514690 0.25336224
vt 0.11349230 0.48812783
vt 0.09680149 0.25336224
vt 0.09683990 0.25336224
vt 0.08011066 0.25336224
vt 0.11349233 0.49643487
vt 0.08849448 0.25336224
vt 0.07180365 0.25336224
vt 0.10518530 0.49643487
vt 0.08845606 0.25336224
vt 0.08228797 0.49643487
vt 0.10518531 0.48808944
vt 0.10300874 0.49643487
vt 0.08014907 0.28626651
vt 0.10514690 0.28626651
vt 0.09466300 0.49643487
vt 0.10921493 0.48808944
vt 0.09897913 0.49643487
vt 0.09680149 0.28626651
vt 0.09683990 0.28626651
vt 0.07394192 0.49643475
vt 0.08631760 0.49643487
vt 0.10518531 0.48405975
vt 0.07180365 0.28626651
vt 0.08845606 0.28626651
vt 0.07797155 0.49643487
vt 0.09063340 0.49643487
vt 0.10921493 0.48405975
vt 0.08011066 0.28626651
vt 0.08849448 0.28626651
vt 0.10518530 0.48812783
vt 0.08014907 0.25336224
vt 0.10514690 0.25336224
vt 0.11349230 0.48812783
vt 0.09680149 0.25336224
vt 0.09683990 0.25336224
vt 0.08011066 0.25336224
vt 0.11349233 0.49643487
vt 0.08849448 0.25336224
vt 0.07180365 0.25336224
vt 0.10518530 0.49643487
vt 0.08845606 0.25336224
vt 0.10518531 0.48808944
vt 0.10300874 0.49643487
vt 0.08228797 0.49643487
vt 0.10514690 0.28626651
vt 0.08014907 0.28626651
vt 0.09466300 0.49643487
vt 0.10921493 0.48808944
vt 0.09897913 0.49643487
vt 0.09680149 0.28626651
vt 0.09683990 0.28626651
vt 0.10518531 0.48405975
vt 0.07394192 0.49643475
vt 0.08631760 0.49643487
vt 0.07180365 0.28626651
vt 0.08845606 0.28626651
vt 0.09063340 0.49643487
vt 0.10921493 0.48405975
vt 0.07797155 0.49643487
vt 0.08849448 0.28626651
vt 0.08011066 0.28626651
vt 0.10514690 0.25336224
vt 0.10518530 0.48812783
vt 0.08014907 0.25336224
vt 0.09680149 0.25336224
vt 0.09683990 0.25336224
vt 0.11349230 0.48812783
vt 0.08849448 0.25336224
vt 0.08011066 0.25336224
vt 0.11349233 0.49643487
vt 0.07180365 0.25336224
vt 0.10518530 0.49643487
vt 0.08845606 0.25336224
vt 0.10518531 0.48808944
vt 0.10300874 0.49643487
vt 0.08228797 0.49643487
vt 0.10514690 0.28626651
vt 0.08014907 0.28626651
vt 0.09466300 0.49643487
vt 0.10921493 0.48808944
vt 0.09897913 0.49643487
vt 0.09680149 0.28626651
vt 0.09683990 0.28626651
vt 0.10518531 0.48405975
vt 0.07394192 0.49643475
vt 0.08631760 0.49643487
vt 0.07180365 0.28626651
vt 0.08845606 0.28626651
vt 0.09063340 0.49643487
vt 0.10921493 0.48405975
vt 0.07797155 0.49643487
vt 0.08849448 0.28626651
vt 0.08011066 0.28626651
vt 0.10514690 0.25336224
vt 0.10518530 0.48812783
vt 0.08014907 0.25336224
vt 0.09680149 0.25336224
vt 0.09683990 0.25336224
vt 0.11349230 0.48812783
vt 0.08849448 0.25336224
vt 0.08011066 0.25336224
vt 0.11349233 0.49643487
vt 0.07180365 0.25336224
vt 0.10518530 0.49643487
vt 0.08845606 0.25336224
vt 0.08228797 0.49643487
vt 0.10300874 0.49643487
vt 0.10518531 0.48808944
vt 0.08014907 0.28626651
vt 0.10514690 0.28626651
vt 0.09897913 0.49643487
vt 0.10921493 0.48808944
vt 0.09466300 0.49643487
vt 0.09683990 0.28626651
vt 0.09680149 0.28626651
vt 0.08631760 0.49643487
vt 0.07394192 0.49643475
vt 0.10518531 0.48405975
vt 0.08845606 0.28626651
vt 0.07180365 0.28626651
vt 0.07797155 0.49643487
vt 0.10921493 0.48405975
vt 0.09063340 0.49643487
vt 0.08011066 0.28626651
vt 0.08849448 0.28626651
vt 0.08014907 0.25336224
vt 0.10518530 0.48812783
vt 0.10514690 0.25336224
vt 0.11349230 0.48812783
vt 0.09683990 0.25336224
vt 0.09680149 0.25336224
vt 0.11349233 0.49643487
vt 0.08011066 0.25336224
vt 0.08849448 0.25336224
vt 0.08845606 0.25336224
vt 0.10518530 0.49643487
vt 0.07180365 0.25336224
vt 0.08228797 0.49643487
vt 0.10300874 0.49643487
vt 0.10518531 0.48808944
vt 0.08014907 0.28626651
vt 0.10514690 0.28626651
vt 0.09897913 0.49643487
vt 0.10921493 0.48808944
vt 0.09466300 0.49643487
vt 0.09683990 0.28626651
vt 0.09680149 0.28626651
vt 0.08631760 0.49643487
vt 0.07394192 0.49643475
vt 0.10518531 0.48405975
vt 0.08845606 0.28626651
vt 0.07180365 0.28626651
vt 0.07797155 0.49643487
vt 0.10921493 0.48405975
vt 0.09063340 0.49643487
vt 0.08011066 0.28626651
vt 0.08849448 0.28626651
vt 0.08014907 0.25336224
vt 0.10518530 0.48812783
vt 0.10514690 0.25336224
vt 0.11349230 0.48812783
vt 0.09683990 0.25336224
vt 0.09680149 0.25336224
vt 0.11349233 0.49643487
vt 0.08011066 0.25336224
vt 0.08849448 0.25336224
vt 0.08845606 0.25336224
vt 0.10518530 0.49643487
vt 0.07180365 0.25336224
vt 0.10518531 0.48808944
vt 0.08228797 0.49643487
vt 0.10300874 0.49643487
vt 0.08014907 0.28626651
vt 0.10514690 0.28626651
vt 0.10921493 0.48808944
vt 0.09466300 0.49643487
vt 0.09897913 0.49643487
vt 0.09680149 0.28626651
vt 0.09683990 0.28626651
vt 0.07394192 0.49643475
vt 0.10518531 0.48405975
vt 0.08631760 0.49643487
vt 0.07180365 0.28626651
vt 0.08845606 0.28626651
vt 0.07797155 0.49643487
vt 0.10921493 0.48405975
vt 0.09063340 0.49643487
vt 0.08011066 0.28626651
vt 0.08849448 0.28626651
vt 0.08014907 0.25336224
vt 0.10518530 0.48812783
vt 0.10514690 0.25336224
vt 0.11349230 0.48812783
vt 0.09680149 0.25336224
vt 0.09683990 0.25336224
vt 0.08011066 0.25336224
vt 0.11349233 0.49643487
vt 0.08849448 0.25336224
vt 0.07180365 0.25336224
vt 0.08845606 0.25336224
vt 0.10518530 0.49643487
vt 0.10518531 0.48808944
vt 0.08228797 0.49643487
vt 0.10300874 0.49643487
vt 0.08014907 0.28626651
vt 0.10514690 0.28626651
vt 0.10921493 0.48808944
vt 0.09466300 0.49643487
vt 0.09897913 0.49643487
vt 0.09680149 0.28626651
vt 0.09683990 0.28626651
vt 0.07394192 0.49643475
vt 0.10518531 0.48405975
vt 0.08631760 0.49643487
vt 0.07180365 0.28626651
vt 0.08845606 0.28626651
vt 0.07797155 0.49643487
vt 0.10921493 0.48405975
vt 0.09063340 0.49643487
vt 0.08011066 0.28626651
vt 0.08849448 0.28626651
vt 0.08014907 0.25336224
vt 0.10518530 0.48812783
vt 0.10514690 0.25336224
vt 0.11349230 0.48812783
vt 0.09680149 0.25336224
vt 0.09683990 0.25336224
vt 0.08011066 0.25336224
vt 0.11349233 0.49643487
vt 0.08849448 0.25336224
vt 0.07180365 0.25336224
vt 0.08845606 0.25336224
vt 0.10518530 0.49643487
vt 0.08228797 0.49643487
vt 0.10518531 0.48808944
vt 0.10300874 0.49643487
vt 0.08014907 0.28626651
vt 0.10514690 0.28626651
vt 0.09466300 0.49643487
vt 0.10921493 0.48808944
vt 0.09897913 0.49643487
vt 0.09680149 0.28626651
vt 0.09683990 0.28626651
vt 0.07394192 0.49643475
vt 0.08631760 0.49643487
vt 0.10518531 0.48405975
vt 0.07180365 0.28626651
vt 0.08845606 0.28626651
vt 0.07797155 0.49643487
vt 0.09063340 0.49643487
vt 0.10921493 0.48405975
vt 0.08011066 0.28626651
vt 0.08849448 0.28626651
vt 0.10518530 0.48812783
vt 0.08014907 0.25336224
vt 0.10514690 0.25336224
vt 0.11349230 0.48812783
vt 0.09680149 0.25336224
vt 0.09683990 0.25336224
vt 0.08011066 0.25336224
vt 0.11349233 0.49643487
vt 0.08849448 0.25336224
vt 0.07180365 0.25336224
vt 0.10518530 0.49643487
vt 0.08845606 0.25336224
vt 0.08228797 0.49643487
vt 0.10518531 0.48808944
vt 0.10300874 0.49643487
vt 0.08014907 0.28626651
vt 0.10514690 0.28626651
vt 0.09466300 0.49643487
vt 0.10921493 0.48808944
vt 0.09897913 0.49643487
vt 0.09680149 0.28626651
vt 0.09683990 0.28626651
vt 0.07394192 0.49643475
vt 0.08631760 0.49643487
vt 0.10518531 0.48405975
vt 0.07180365 0.28626651
vt 0.08845606 0.28626651
vt 0.07797155 0.49643487
vt 0.09063340 0.49643487
vt 0.10921493 0.48405975
vt 0.08011066 0.28626651
vt 0.08849448 0.28626651
vt 0.10518530 0.48812783
vt 0.08014907 0.25336224
vt 0.10514690 0.25336224
vt 0.11349230 0.48812783
vt 0.09680149 0.25336224
vt 0.09683990 0.25336224
vt 0.08011066 0.25336224
vt 0.11349233 0.49643487
vt 0.08849448 0.25336224
vt 0.07180365 0.25336224
vt 0.10518530 0.49643487
vt 0.08845606 0.25336224
vt 0.10518531 0.48808944
vt 0.10300874 0.49643487
vt 0.08228797 0.49643487
vt 0.10514690 0.28626651
vt 0.08014907 0.28626651
vt 0.09466300 0.49643487
vt 0.10921493 0.48808944
vt 0.09897913 0.49643487
vt 0.09680149 0.28626651
vt 0.09683990 0.28626651
vt 0.10518531 0.48405975
vt 0.07394192 0.49643475
vt 0.08631760 0.49643487
vt 0.07180365 0.28626651
vt 0.08845606 0.28626651
vt 0.09063340 0.49643487
vt 0.10921493 0.48405975
vt 0.07797155 0.49643487
vt 0.08849448 0.28626651
vt 0.08011066 0.28626651
vt 0.10514690 0.25336224
vt 0.10518530 0.48812783
vt 0.08014907 0.25336224
vt 0.09680149 0.25336224
vt 0.09683990 0.25336224
vt 0.11349230 0.48812783
vt 0.08849448 0.25336224
vt 0.08011066 0.25336224
vt 0.11349233 0.49643487
vt 0.07180365 0.25336224
vt 0.10518530 0.49643487
vt 0.08845606 0.25336224
vt 0.10518531 0.48808944
vt 0.10300874 0.49643487
vt 0.08228797 0.49643487
vt 0.10514690 0.28626651
vt 0.08014907 0.28626651
vt 0.09466300 0.49643487
vt 0.10921493 0.48808944
vt 0.09897913 0.49643487
vt 0.09680149 0.28626651
vt 0.09683990 0.28626651
vt 0.10518531 0.48405975
vt 0.07394192 0.49643475
vt 0.08631760 0.49643487
vt 0.07180365 0.28626651
vt 0.08845606 0.28626651
vt 0.09063340 0.49643487
vt 0.10921493 0.48405975
vt 0.07797155 0.49643487
vt 0.08849448 0.28626651
vt 0.08011066 0.28626651
vt 0.10514690 0.25336224
vt 0.10518530 0.48812783
vt 0.08014907 0.25336224
vt 0.09680149 0.25336224
vt 0.09683990 0.25336224
vt 0.11349230 0.48812783
vt 0.08849448 0.25336224
vt 0.08011066 0.25336224
vt 0.11349233 0.49643487
vt 0.07180365 0.25336224
vt 0.10518530 0.49643487
vt 0.08845606 0.25336224
vt 0.08228797 0.49643487
vt 0.10300874 0.49643487
vt 0.10518531 0.48808944
vt 0.08014907 0.28626651
vt 0.10514690 0.28626651
vt 0.09897913 0.49643487
vt 0.10921493 0.48808944
vt 0.09466300 0.49643487
vt 0.09683990 0.28626651
vt 0.09680149 0.28626651
vt 0.08631760 0.49643487
vt 0.07394192 0.49643475
vt 0.10518531 0.48405975
vt 0.08845606 0.28626651
vt 0.07180365 0.28626651
vt 0.07797155 0.49643487
vt 0.10921493 0.48405975
vt 0.09063340 0.49643487
vt 0.08011066 0.28626651
vt 0.08849448 0.28626651
vt 0.08014907 0.25336224
vt 0.10518530 0.48812783
vt 0.10514690 0.25336224
vt 0.11349230 0.48812783
vt 0.09683990 0.25336224
vt 0.09680149 0.25336224
vt 0.11349233 0.49643487
vt 0.08011066 0.25336224
vt 0.08849448 0.25336224
vt 0.08845606 0.25336224
vt 0.10518530 0.49643487
vt 0.07180365 0.25336224
vt 0.08228797 0.49643487
vt 0.10300874 0.49643487
vt 0.10518531 0.48808944
vt 0.08014907 0.28626651
vt 0.10514690 0.28626651
vt 0.09897913 0.49643487
vt 0.10921493 0.48808944
vt 0.09466300 0.49643487
vt 0.09683990 0.28626651
vt 0.09680149 0.28626651
vt 0.08631760 0.49643487
vt 0.07394192 0.49643475
vt 0.10518531 0.48405975
vt 0.08845606 0.28626651
vt 0.07180365 0.28626651
vt 0.07797155 0.49643487
vt 0.10921493 0.48405975
vt 0.09063340 0.49643487
vt 0.08011066 0.28626651
vt 0.08849448 0.28626651
vt 0.08014907 0.25336224
vt 0.10518530 0.48812783
vt 0.10514690 0.25336224
vt 0.11349230 0.48812783
vt 0.09683990 0.25336224
vt 0.09680149 0.25336224
vt 0.11349233 0.49643487
vt 0.08011066 0.25336224
vt 0.08849448 0.25336224
vt 0.08845606 0.25336224
vt 0.10518530 0.49643487
vt 0.07180365 0.25336224
vt 0.10518531 0.48808944
vt 0.08228797 0.49643487
vt 0.10300874 0.49643487
vt 0.08014907 0.28626651
vt 0.10514690 0.28626651
vt 0.10921493 0.48808944
vt 0.09466300 0.49643487
vt 0.09897913 0.49643487
vt 0.09680149 0.28626651
vt 0.09683990 0.28626651
vt 0.07394192 0.49643475
vt 0.10518531 0.48405975
vt 0.08631760 0.49643487
vt 0.07180365 0.28626651
vt 0.08845606 0.28626651
vt 0.07797155 0.49643487
vt 0.10921493 0.48405975
vt 0.09063340 0.49643487
vt 0.08011066 0.28626651
vt 0.08849448 0.28626651
vt 0.08014907 0.25336224
vt 0.10518530 0.48812783
vt 0.10514690 0.25336224
vt 0.11349230 0.48812783
vt 0.09680149 0.25336224
vt 0.09683990 0.25336224
vt 0.08011066 0.25336224
vt 0.11349233 0.49643487
vt 0.08849448 0.25336224
vt 0.07180365 0.25336224
vt 0.08845606 0.25336224
vt 0.10518530 0.49643487
vt 0.10518531 0.48808944
vt 0.08228797 0.49643487
vt 0.10300874 0.49643487
vt 0.08014907 0.28626651
vt 0.10514690 0.28626651
vt 0.10921493 0.48808944
vt 0.09466300 0.49643487
vt 0.09897913 0.49643487
vt 0.09680149 0.28626651
vt 0.09683990 0.28626651
vt 0.07394192 0.49643475
vt 0.10518531 0.48405975
vt 0.08631760 0.49643487
vt 0.07180365 0.28626651
vt 0.08845606 0.28626651
vt 0.07797155 0.49643487
vt 0.10921493 0.48405975
vt 0.09063340 0.49643487
vt 0.08011066 0.28626651
vt 0.08849448 0.28626651
vt 0.08014907 0.25336224
vt 0.10518530 0.48812783
vt 0.10514690 0.25336224
vt 0.11349230 0.48812783
vt 0.09680149 0.25336224
vt 0.09683990 0.25336224
vt 0.08011066 0.25336224
vt 0.11349233 0.49643487
vt 0.08849448 0.25336224
vt 0.07180365 0.25336224
vt 0.08845606 0.25336224
vt 0.10518530 0.49643487
vt 0.08228797 0.49643487
vt 0.10518531 0.48808944
vt 0.10300874 0.49643487
vt 0.08014907 0.28626651
vt 0.10514690 0.28626651
vt 0.09466300 0.49643487
vt 0.10921493 0.48808944
vt 0.09897913 0.49643487
vt 0.09680149 0.28626651
vt 0.09683990 0.28626651
vt 0.07394192 0.49643475
vt 0.08631760 0.49643487
vt 0.10518531 0.48405975
vt 0.07180365 0.28626651
vt 0.08845606 0.28626651
vt 0.07797155 0.49643487
vt 0.09063340 0.49643487
vt 0.10921493 0.48405975
vt 0.08011066 0.28626651
vt 0.08849448 0.28626651
vt 0.10518530 0.48812783
vt 0.08014907 0.25336224
vt 0.10514690 0.25336224
vt 0.11349230 0.48812783
vt 0.09680149 0.25336224
vt 0.09683990 0.25336224
vt 0.08011066 0.25336224
vt 0.11349233 0.49643487
vt 0.08849448 0.25336224
vt 0.07180365 0.25336224
vt 0.10518530 0.49643487
vt 0.08845606 0.25336224
vt 0.08228797 0.49643487
vt 0.10518531 0.48808944
vt 0.10300874 0.49643487
vt 0.08014907 0.28626651
vt 0.10514690 0.28626651
vt 0.09466300 0.49643487
vt 0.10921493 0.48808944
vt 0.09897913 0.49643487
vt 0.09680149 0.28626651
vt 0.09683990 0.28626651
vt 0.07394192 0.49643475
vt 0.08631760 0.49643487
vt 0.10518531 0.48405975
vt 0.07180365 0.28626651
vt 0.08845606 0.28626651
vt 0.07797155 0.49643487
vt 0.09063340 0.49643487
vt 0.10921493 0.48405975
vt 0.08011066 0.28626651
vt 0.08849448 0.28626651
vt 0.10518530 0.48812783
vt 0.08014907 0.25336224
vt 0.10514690 0.25336224
vt 0.11349230 0.48812783
vt 0.09680149 0.25336224
vt 0.09683990 0.25336224
vt 0.08011066 0.25336224
vt 0.11349233 0.49643487
vt 0.08849448 0.25336224
vt 0.07180365 0.25336224
vt 0.10518530 0.49643487
vt 0.08845606 0.25336224
vt 0.10518531 0.48808944
vt 0.10300874 0.49643487
vt 0.08228797 0.49643487
vt 0.10514690 0.28626651
vt 0.08014907 0.28626651
vt 0.09466300 0.49643487
vt 0.10921493 0.48808944
vt 0.09897913 0.49643487
vt 0.09680149 0.28626651
vt 0.09683990 0.28626651
vt 0.10518531 0.48405975
vt 0.07394192 0.49643475
vt 0.08631760 0.49643487
vt 0.07180365 0.28626651
vt 0.08845606 0.28626651
vt 0.09063340 0.49643487
vt 0.10921493 0.48405975
vt 0.07797155 0.49643487
vt 0.08849448 0.28626651
vt 0.08011066 0.28626651
vt 0.10514690 0.25336224
vt 0.10518530 0.48812783
vt 0.08014907 0.25336224
vt 0.09680149 0.25336224
vt 0.09683990 0.25336224
vt 0.11349230 0.48812783
vt 0.08849448 0.25336224
vt 0.08011066 0.25336224
vt 0.11349233 0.49643487
vt 0.07180365 0.25336224
vt 0.10518530 0.49643487
vt 0.08845606 0.25336224
vt 0.10518531 0.48808944
vt 0.10300874 0.49643487
vt 0.08228797 0.49643487
vt 0.10514690 0.28626651
vt 0.08014907 0.28626651
vt 0.09466300 0.49643487
vt 0.10921493 0.48808944
vt 0.09897913 0.49643487
vt 0.09680149 0.28626651
vt 0.09683990 0.28626651
vt 0.10518531 0.48405975
vt 0.07394192 0.49643475
vt 0.08631760 0.49643487
vt 0.07180365 0.28626651
vt 0.08845606 0.28626651
vt 0.09063340 0.49643487
vt 0.10921493 0.48405975
vt 0.07797155 0.49643487
vt 0.08849448 0.28626651
vt 0.08011066 0.28626651
vt 0.10514690 0.25336224
vt 0.10518530 0.48812783
vt 0.08014907 0.25336224
vt 0.09680149 0.25336224
vt 0.09683990 0.25336224
vt 0.11349230 0.48812783
vt 0.08849448 0.25336224
vt 0.08011066 0.25336224
vt 0.11349233 0.49643487
vt 0.07180365 0.25336224
vt 0.10518530 0.49643487
vt 0.08845606 0.25336224
vt 0.08228797 0.49643487
vt 0.10300874 0.49643487
vt 0.10518531 0.48808944
vt 0.08014907 0.28626651
vt 0.10514690 0.28626651
vt 0.09897913 0.49643487
vt 0.10921493 0.48808944
vt 0.09466300 0.49643487
vt 0.09683990 0.28626651
vt 0.09680149 0.28626651
vt 0.08631760 0.49643487
vt 0.07394192 0.49643475
vt 0.10518531 0.48405975
vt 0.08845606 0.28626651
vt 0.07180365 0.28626651
vt 0.07797155 0.49643487
vt 0.10921493 0.48405975
vt 0.09063340 0.49643487
vt 0.08011066 0.28626651
vt 0.08849448 0.28626651
vt 0.08014907 0.25336224
vt 0.10518530 0.48812783
vt 0.10514690 0.25336224
vt 0.11349230 0.48812783
vt 0.09683990 0.25336224
vt 0.09680149 0.25336224
vt 0.11349233 0.49643487
vt 0.08011066 0.25336224
vt 0.08849448 0.25336224
vt 0.08845606 0.25336224
vt 0.10518530 0.49643487
vt 0.07180365 0.25336224
vt 0.08228797 0.49643487
vt 0.10300874 0.49643487
vt 0.10518531 0.48808944
vt 0.08014907 0.28626651
vt 0.10514690 0.28626651
vt 0.09897913 0.49643487
vt 0.10921493 0.48808944
vt 0.09466300 0.49643487
vt 0.09683990 0.28626651
vt 0.09680149 0.28626651
vt 0.08631760 0.49643487
vt 0.07394192 0.49643475
vt 0.10518531 0.48405975
vt 0.08845606 0.28626651
vt 0.07180365 0.28626651
vt 0.07797155 0.49643487
vt 0.10921493 0.48405975
vt 0.09063340 0.49643487
vt 0.08011066 0.28626651
vt 0.08849448 0.28626651
vt 0.08014907 0.25336224
vt 0.10518530 0.48812783
vt 0.10514690 0.25336224
vt 0.11349230 0.48812783
vt 0.09683990 0.25336224
vt 0.09680149 0.25336224
vt 0.11349233 0.49643487
vt 0.08011066 0.25336224
vt 0.08849448 0.25336224
vt 0.08845606 0.25336224
vt 0.10518530 0.49643487
vt 0.07180365 0.25336224
vt 0.10518531 0.48808944
vt 0.08228797 0.49643487
vt 0.10300874 0.49643487
vt 0.08014907 0.28626651
vt 0.10514690 0.28626651
vt 0.10921493 0.48808944
vt 0.09466300 0.49643487
vt 0.09897913 0.49643487
vt 0.09680149 0.28626651
vt 0.09683990 0.28626651
vt 0.07394192 0.49643475
vt 0.10518531 0.48405975
vt 0.08631760 0.49643487
vt 0.07180365 0.28626651
vt 0.08845606 0.28626651
vt 0.07797155 0.49643487
vt 0.10921493 0.48405975
vt 0.09063340 0.49643487
vt 0.08011066 0.28626651
vt 0.08849448 0.28626651
vt 0.08014907 0.25336224
vt 0.10518530 0.48812783
vt 0.10514690 0.25336224
vt 0.11349230 0.48812783
vt 0.09680149 0.25336224
vt 0.09683990 0.25336224
vt 0.08011066 0.25336224
vt 0.11349233 0.49643487
vt 0.08849448 0.25336224
vt 0.07180365 0.25336224
vt 0.08845606 0.25336224
vt 0.10518530 0.49643487
vt 0.10518531 0.48808944
vt 0.08228797 0.49643487
vt 0.10300874 0.49643487
vt 0.08014907 0.28626651
vt 0.10514690 0.28626651
vt 0.10921493 0.48808944
vt 0.09466300 0.49643487
vt 0.09897913 0.49643487
vt 0.09680149 0.28626651
vt 0.09683990 0.28626651
vt 0.07394192 0.49643475
vt 0.10518531 0.48405975
vt 0.08631760 0.49643487
vt 0.07180365 0.28626651
vt 0.08845606 0.28626651
vt 0.07797155 0.49643487
vt 0.10921493 0.48405975
vt 0.09063340 0.49643487
vt 0.08011066 0.28626651
vt 0.08849448 0.28626651
vt 0.08014907 0.25336224
vt 0.10518530 0.48812783
vt 0.10514690 0.25336224
vt 0.11349230 0.48812783
vt 0.09680149 0.25336224
vt 0.09683990 0.25336224
vt 0.08011066 0.25336224
vt 0.11349233 0.49643487
vt 0.08849448 0.25336224
vt 0.07180365 0.25336224
vt 0.08845606 0.25336224
vt 0.10518530 0.49643487
vt 0.08228797 0.49643487
vt 0.10518531 0.48808944
vt 0.10300874 0.49643487
vt 0.08014907 0.28626651
vt 0.10514690 0.28626651
vt 0.09466300 0.49643487
vt 0.10921493 0.48808944
vt 0.09897913 0.49643487
vt 0.09680149 0.28626651
vt 0.09683990 0.28626651
vt 0.07394192 0.49643475
vt 0.08631760 0.49643487
vt 0.10518531 0.48405975
vt 0.07180365 0.28626651
vt 0.08845606 0.28626651
vt 0.07797155 0.49643487
vt 0.09063340 0.49643487
vt 0.10921493 0.48405975
vt 0.08011066 0.28626651
vt 0.08849448 0.28626651
vt 0.10518530 0.48812783
vt 0.08014907 0.25336224
vt 0.10514690 0.25336224
vt 0.11349230 0.48812783
vt 0.09680149 0.25336224
vt 0.09683990 0.25336224
vt 0.08011066 0.25336224
vt 0.11349233 0.49643487
vt 0.08849448 0.25336224
vt 0.07180365 0.25336224
vt 0.10518530 0.49643487
vt 0.08845606 0.25336224
vt 0.08228797 0.49643487
vt 0.10518531 0.48808944
vt 0.10300874 0.49643487
vt 0.08014907 0.28626651
vt 0.10514690 0.28626651
vt 0.09466300 0.49643487
vt 0.10921493 0.48808944
vt 0.09897913 0.49643487
vt 0.09680149 0.28626651
vt 0.09683990 0.28626651
vt 0.07394192 0.49643475
vt 0.08631760 0.49643487
vt 0.10518531 0.48405975
vt 0.07180365 0.28626651
vt 0.08845606 0.28626651
vt 0.07797155 0.49643487
vt 0.09063340 0.49643487
vt 0.10921493 0.48405975
vt 0.08011066 0.28626651
vt 0.08849448 0.28626651
vt 0.10518530 0.48812783
vt 0.08014907 0.25336224
vt 0.10514690 0.25336224
vt 0.11349230 0.48812783
vt 0.09680149 0.25336224
vt 0.09683990 0.25336224
vt 0.08011066 0.25336224
vt 0.11349233 0.49643487
vt 0.08849448 0.25336224
vt 0.07180365 0.25336224
vt 0.10518530 0.49643487
vt 0.08845606 0.25336224
vt 0.10518531 0.48808944
vt 0.10300874 0.49643487
vt 0.08228797 0.49643487
vt 0.10514690 0.28626651
vt 0.08014907 0.28626651
vt 0.09466300 0.49643487
vt 0.10921493 0.48808944
vt 0.09897913 0.49643487
vt 0.09680149 0.28626651
vt 0.09683990 0.28626651
vt 0.10518531 0.48405975
vt 0.07394192 0.49643475
vt 0.08631760 0.49643487
vt 0.07180365 0.28626651
vt 0.08845606 0.28626651
vt 0.09063340 0.49643487
vt 0.10921493 0.48405975
vt 0.07797155 0.49643487
vt 0.08849448 0.28626651
vt 0.08011066 0.28626651
vt 0.10514690 0.25336224
vt 0.10518530 0.48812783
vt 0.08014907 0.25336224
vt 0.09680149 0.25336224
vt 0.09683990 0.25336224
vt 0.11349230 0.48812783
vt 0.08849448 0.25336224
vt 0.08011066 0.25336224
vt 0.11349233 0.49643487
vt 0.07180365 0.25336224
vt 0.10518530 0.49643487
vt 0.08845606 0.25336224
vt 0.10518531 0.48808944
vt 0.10300874 0.49643487
vt 0.08228797 0.49643487
vt 0.10514690 0.28626651
vt 0.08014907 0.28626651
vt 0.09466300 0.49643487
vt 0.10921493 0.48808944
vt 0.09897913 0.49643487
vt 0.09680149 0.28626651
vt 0.09683990 0.28626651
vt 0.10518531 0.48405975
vt 0.07394192 0.49643475
vt 0.08631760 0.49643487
vt 0.07180365 0.28626651
vt 0.08845606 0.28626651
vt 0.09063340 0.49643487
vt 0.10921493 0.48405975
vt 0.07797155 0.49643487
vt 0.08849448 0.28626651
vt 0.08011066 0.28626651
vt 0.10514690 0.25336224
vt 0.10518530 0.48812783
vt 0.08014907 0.25336224
vt 0.09680149 0.25336224
vt 0.09683990 0.25336224
vt 0.11349230 0.48812783
vt 0.08849448 0.25336224
vt 0.08011066 0.25336224
vt 0.11349233 0.49643487
vt 0.07180365 0.25336224
vt 0.10518530 0.49643487
vt 0.08845606 0.25336224
vt 0.08228797 0.49643487
vt 0.10300874 0.49643487
vt 0.10518531 0.48808944
vt 0.08014907 0.28626651
vt 0.10514690 0.28626651
vt 0.09897913 0.49643487
vt 0.10921493 0.48808944
vt 0.09466300 0.49643487
vt 0.09683990 0.28626651
vt 0.09680149 0.28626651
vt 0.08631760 0.49643487
vt 0.07394192 0.49643475
vt 0.10518531 0.48405975
vt 0.08845606 0.28626651
vt 0.07180365 0.28626651
vt 0.07797155 0.49643487
vt 0.10921493 0.48405975
vt 0.09063340 0.49643487
vt 0.08011066 0.28626651
vt 0.08849448 0.28626651
vt 0.08014907 0.25336224
vt 0.10518530 0.48812783
vt 0.10514690 0.25336224
vt 0.11349230 0.48812783
vt 0.09683990 0.25336224
vt 0.09680149 0.25336224
vt 0.11349233 0.49643487
vt 0.08011066 0.25336224
vt 0.08849448 0.25336224
vt 0.08845606 0.25336224
vt 0.10518530 0.49643487
vt 0.07180365 0.25336224
vt 0.08228797 0.49643487
vt 0.10300874 0.49643487
vt 0.10518531 0.48808944
vt 0.08014907 0.28626651
vt 0.10514690 0.28626651
vt 0.09897913 0.49643487
vt 0.10921493 0.48808944
vt 0.09466300 0.49643487
vt 0.09683990 0.28626651
vt 0.09680149 0.28626651
vt 0.08631760 0.49643487
vt 0.07394192 0.49643475
vt 0.10518531 0.48405975
vt 0.08845606 0.28626651
vt 0.07180365 0.28626651
vt 0.07797155 0.49643487
vt 0.10921493 0.48405975
vt 0.09063340 0.49643487
vt 0.08011066 0.28626651
vt 0.08849448 0.28626651
vt 0.08014907 0.25336224
vt 0.10518530 0.48812783
vt 0.10514690 0.25336224
vt 0.11349230 0.48812783
vt 0.09683990 0.25336224
vt 0.09680149 0.25336224
vt 0.11349233 0.49643487
vt 0.08011066 0.25336224
vt 0.08849448 0.25336224
vt 0.08845606 0.25336224
vt 0.10518530 0.49643487
vt 0.07180365 0.25336224
vt 0.10518531 0.48808944
vt 0.08228797 0.49643487
vt 0.10300874 0.49643487
vt 0.08014907 0.28626651
vt 0.10514690 0.28626651
vt 0.10921493 0.48808944
vt 0.09466300 0.49643487
vt 0.09897913 0.49643487
vt 0.09680149 0.28626651
vt 0.09683990 0.28626651
vt 0.07394192 0.49643475
vt 0.10518531 0.48405975
vt 0.08631760 0.49643487
vt 0.07180365 0.28626651
vt 0.08845606 0.28626651
vt 0.07797155 0.49643487
vt 0.10921493 0.48405975
vt 0.09063340 0.49643487
vt 0.08011066 0.28626651
vt 0.08849448 0.28626651
vt 0.08014907 0.25336224
vt 0.10518530 0.48812783
vt 0.10514690 0.25336224
vt 0.11349230 0.48812783
vt 0.09680149 0.25336224
vt 0.09683990 0.25336224
vt 0.08011066 0.25336224
vt 0.11349233 0.49643487
vt 0.08849448 0.25336224
vt 0.07180365 0.25336224
vt 0.08845606 0.25336224
vt 0.10518530 0.49643487
vt 0.10518531 0.48808944
vt 0.08228797 0.49643487
vt 0.10300874 0.49643487
vt 0.08014907 0.28626651
vt 0.10514690 0.28626651
vt 0.10921493 0.48808944
vt 0.09466300 0.49643487
vt 0.09897913 0.49643487
vt 0.09680149 0.28626651
vt 0.09683990 0.28626651
vt 0.07394192 0.49643475
vt 0.10518531 0.48405975
vt 0.08631760 0.49643487
vt 0.07180365 0.28626651
vt 0.08845606 0.28626651
vt 0.07797155 0.49643487
vt 0.10921493 0.48405975
vt 0.09063340 0.49643487
vt 0.08011066 0.28626651
vt 0.08849448 0.28626651
vt 0.08014907 0.25336224
vt 0.10518530 0.48812783
vt 0.10514690 0.25336224
vt 0.11349230 0.48812783
vt 0.09680149 0.25336224
vt 0.09683990 0.25336224
vt 0.08011066 0.25336224
vt 0.11349233 0.49643487
vt 0.08849448 0.25336224
vt 0.07180365 0.25336224
vt 0.08845606 0.25336224
vt 0.10518530 0.49643487
vt 0.08228797 0.49643487
vt 0.10518531 0.48808944
vt 0.10300874 0.49643487
vt 0.08014907 0.28626651
vt 0.10514690 0.28626651
vt 0.09466300 0.49643487
vt 0.10921493 0.48808944
vt 0.09897913 0.49643487
vt 0.09680149 0.28626651
vt 0.09683990 0.28626651
vt 0.07394192 0.49643475
vt 0.08631760 0.49643487
vt 0.10518531 0.48405975
vt 0.07180365 0.28626651
vt 0.08845606 0.28626651
vt 0.07797155 0.49643487
vt 0.09063340 0.49643487
vt 0.10921493 0.48405975
vt 0.08011066 0.28626651
vt 0.08849448 0.28626651
vt 0.10518530 0.48812783
vt 0.08014907 0.25336224
vt 0.10514690 0.25336224
vt 0.11349230 0.48812783
vt 0.09680149 0.25336224
vt 0.09683990 0.25336224
vt 0.08011066 0.25336224
vt 0.11349233 0.49643487
vt 0.08849448 0.25336224
vt 0.07180365 0.25336224
vt 0.10518530 0.49643487
vt 0.08845606 0.25336224
vt 0.08228797 0.49643487
vt 0.10518531 0.48808944
vt 0.10300874 0.49643487
vt 0.08014907 0.28626651
vt 0.10514690 0.28626651
vt 0.09466300 0.49643487
vt 0.10921493 0.48808944
vt 0.09897913 0.49643487
vt 0.09680149 0.28626651
vt 0.09683990 0.28626651
vt 0.07394192 0.49643475
vt 0.08631760 0.49643487
vt 0.10518531 0.48405975
vt 0.07180365 0.28626651
vt 0.08845606 0.28626651
vt 0.07797155 0.49643487
vt 0.09063340 0.49643487
vt 0.10921493 0.48405975
vt 0.08011066 0.28626651
vt 0.08849448 0.28626651
vt 0.10518530 0.48812783
vt 0.08014907 0.25336224
vt 0.10514690 0.25336224
vt 0.11349230 0.48812783
vt 0.09680149 0.25336224
vt 0.09683990 0.25336224
vt 0.08011066 0.25336224
vt 0.11349233 0.49643487
vt 0.08849448 0.25336224
vt 0.07180365 0.25336224
vt 0.10518530 0.49643487
vt 0.08845606 0.25336224
vt 0.10518531 0.48808944
vt 0.10300874 0.49643487
vt 0.08228797 0.49643487
vt 0.10514690 0.28626651
vt 0.08014907 0.28626651
vt 0.09466300 0.49643487
vt 0.10921493 0.48808944
vt 0.09897913 0.49643487
vt 0.09680149 0.28626651
vt 0.09683990 0.28626651
vt 0.10518531 0.48405975
vt 0.07394192 0.49643475
vt 0.08631760 0.49643487
vt 0.07180365 0.28626651
vt 0.08845606 0.28626651
vt 0.09063340 0.49643487
vt 0.10921493 0.48405975
vt 0.07797155 0.49643487
vt 0.08849448 0.28626651
vt 0.08011066 0.28626651
vt 0.10514690 0.25336224
vt 0.10518530 0.48812783
vt 0.08014907 0.25336224
vt 0.09680149 0.25336224
vt 0.09683990 0.25336224
vt 0.11349230 0.48812783
vt 0.08849448 0.25336224
vt 0.08011066 0.25336224
vt 0.11349233 0.49643487
vt 0.07180365 0.25336224
vt 0.10518530 0.49643487
vt 0.08845606 0.25336224
vt 0.10518531 0.48808944
vt 0.10300874 0.49643487
vt 0.08228797 0.49643487
vt 0.10514690 0.28626651
vt 0.08014907 0.28626651
vt 0.09466300 0.49643487
vt 0.10921493 0.48808944
vt 0.09897913 0.49643487
vt 0.09680149 0.28626651
vt 0.09683990 0.28626651
vt 0.10518531 0.48405975
vt 0.07394192 0.49643475
vt 0.08631760 0.49643487
vt 0.07180365 0.28626651
vt 0.08845606 0.28626651
vt 0.09063340 0.49643487
vt 0.10921493 0.48405975
vt 0.07797155 0.49643487
vt 0.08849448 0.28626651
vt 0.08011066 0.28626651
vt 0.10514690 0.25336224
vt 0.10518530 0.48812783
vt 0.08014907 0.25336224
vt 0.09680149 0.25336224
vt 0.09683990 0.25336224
vt 0.11349230 0.48812783
vt 0.08849448 0.25336224
vt 0.08011066 0.25336224
vt 0.11349233 0.49643487
vt 0.07180365 0.25336224
vt 0.10518530 0.49643487
vt 0.08845606 0.25336224
vt 0.08228797 0.49643487
vt 0.10300874 0.49643487
vt 0.10518531 0.48808944
vt 0.08014907 0.28626651
vt 0.10514690 0.28626651
vt 0.09897913 0.49643487
vt 0.10921493 0.48808944
vt 0.09466300 0.49643487
vt 0.09683990 0.28626651
vt 0.09680149 0.28626651
vt 0.08631760 0.49643487
vt 0.07394192 0.49643475
vt 0.10518531 0.48405975
vt 0.08845606 0.28626651
vt 0.07180365 0.28626651
vt 0.07797155 0.49643487
vt 0.10921493 0.48405975
vt 0.09063340 0.49643487
vt 0.08011066 0.28626651
vt 0.08849448 0.28626651
vt 0.08014907 0.25336224
vt 0.10518530 0.48812783
vt 0.10514690 0.25336224
vt 0.11349230 0.48812783
vt 0.09683990 0.25336224
vt 0.09680149 0.25336224
vt 0.11349233 0.49643487
vt 0.08011066 0.25336224
vt 0.08849448 0.25336224
vt 0.08845606 0.25336224
vt 0.10518530 0.49643487
vt 0.07180365 0.25336224
vt 0.08228797 0.49643487
vt 0.10300874 0.49643487
vt 0.10518531 0.48808944
vt 0.08014907 0.28626651
vt 0.10514690 0.28626651
vt 0.09897913 0.49643487
vt 0.10921493 0.48808944
vt 0.09466300 0.49643487
vt 0.09683990 0.28626651
vt 0.09680149 0.28626651
vt 0.08631760 0.49643487
vt 0.07394192 0.49643475
vt 0.10518531 0.48405975
vt 0.08845606 0.28626651
vt 0.07180365 0.28626651
vt 0.07797155 0.49643487
vt 0.10921493 0.48405975
vt 0.09063340 0.49643487
vt 0.08011066 0.28626651
vt 0.08849448 0.28626651
vt 0.08014907 0.25336224
vt 0.10518530 0.48812783
vt 0.10514690 0.25336224
vt 0.11349230 0.48812783
vt 0.09683990 0.25336224
vt 0.09680149 0.25336224
vt 0.11349233 0.49643487
vt 0.08011066 0.25336224
vt 0.08849448 0.25336224
vt 0.08845606 0.25336224
vt 0.10518530 0.49643487
vt 0.07180365 0.25336224
vt 0.10518531 0.48808944
vt 0.08228797 0.49643487
vt 0.10300874 0.49643487
vt 0.08014907 0.28626651
vt 0.10514690 0.28626651
vt 0.10921493 0.48808944
vt 0.09466300 0.49643487
vt 0.09897913 0.49643487
vt 0.09680149 0.28626651
vt 0.09683990 0.28626651
vt 0.07394192 0.49643475
vt 0.10518531 0.48405975
vt 0.08631760 0.49643487
vt 0.07180365 0.28626651
vt 0.08845606 0.28626651
vt 0.07797155 0.49643487
vt 0.10921493 0.48405975
vt 0.09063340 0.49643487
vt 0.08011066 0.28626651
vt 0.08849448 0.28626651
vt 0.08014907 0.25336224
vt 0.10518530 0.48812783
vt 0.10514690 0.25336224
vt 0.11349230 0.48812783
vt 0.09680149 0.25336224
vt 0.09683990 0.25336224
vt 0.08011066 0.25336224
vt 0.11349233 0.49643487
vt 0.08849448 0.25336224
vt 0.07180365 0.25336224
vt 0.08845606 0.25336224
vt 0.10518530 0.49643487
vt 0.10518531 0.48808944
vt 0.08228797 0.49643487
vt 0.10300874 0.49643487
vt 0.08014907 0.28626651
vt 0.10514690 0.28626651
vt 0.10921493 0.48808944
vt 0.09466300 0.49643487
vt 0.09897913 0.49643487
vt 0.09680149 0.28626651
vt 0.09683990 0.28626651
vt 0.07394192 0.49643475
vt 0.10518531 0.48405975
vt 0.08631760 0.49643487
vt 0.07180365 0.28626651
vt 0.08845606 0.28626651
vt 0.07797155 0.49643487
vt 0.10921493 0.48405975
vt 0.09063340 0.49643487
vt 0.08011066 0.28626651
vt 0.08849448 0.28626651
vt 0.08014907 0.25336224
vt 0.10518530 0.48812783
vt 0.10514690 0.25336224
vt 0.11349230 0.48812783
vt 0.09680149 0.25336224
vt 0.09683990 0.25336224
vt 0.08011066 0.25336224
vt 0.11349233 0.49643487
vt 0.08849448 0.25336224
vt 0.07180365 0.25336224
vt 0.08845606 0.25336224
vt 0.10518530 0.49643487
vt 0.08228797 0.49643487
vt 0.10518531 0.48808944
vt 0.10300874 0.49643487
vt 0.08014907 0.28626651
vt 0.10514690 0.28626651
vt 0.09466300 0.49643487
vt 0.10921493 0.48808944
vt 0.09897913 0.49643487
vt 0.09680149 0.28626651
vt 0.09683990 0.28626651
vt 0.07394192 0.49643475
vt 0.08631760 0.49643487
vt 0.10518531 0.48405975
vt 0.07180365 0.28626651
vt 0.08845606 0.28626651
vt 0.07797155 0.49643487
vt 0.09063340 0.49643487
vt 0.10921493 0.48405975
vt 0.08011066 0.28626651
vt 0.08849448 0.28626651
vt 0.10518530 0.48812783
vt 0.08014907 0.25336224
vt 0.10514690 0.25336224
vt 0.11349230 0.48812783
vt 0.09680149 0.25336224
vt 0.09683990 0.25336224
vt 0.08011066 0.25336224
vt 0.11349233 0.49643487
vt 0.08849448 0.25336224
vt 0.07180365 0.25336224
vt 0.10518530 0.49643487
vt 0.08845606 0.25336224
vt 0.08228797 0.49643487
vt 0.10518531 0.48808944
vt 0.10300874 0.49643487
vt 0.08014907 0.28626651
vt 0.10514690 0.28626651
vt 0.09466300 0.49643487
vt 0.10921493 0.48808944
vt 0.09897913 0.49643487
vt 0.09680149 0.28626651
vt 0.09683990 0.28626651
vt 0.07394192 0.49643475
vt 0.08631760 0.49643487
vt 0.10518531 0.48405975
vt 0.07180365 0.28626651
vt 0.08845606 0.28626651
vt 0.07797155 0.49643487
vt 0.09063340 0.49643487
vt 0.10921493 0.48405975
vt 0.08011066 0.28626651
vt 0.08849448 0.28626651
vt 0.10518530 0.48812783
vt 0.08014907 0.25336224
vt 0.10514690 0.25336224
vt 0.11349230 0.48812783
vt 0.09680149 0.25336224
vt 0.09683990 0.25336224
vt 0.08011066 0.25336224
vt 0.11349233 0.49643487
vt 0.08849448 0.25336224
vt 0.07180365 0.25336224
vt 0.10518530 0.49643487
vt 0.08845606 0.25336224
vt 0.10518531 0.48808944
vt 0.10300874 0.49643487
vt 0.08228797 0.49643487
vt 0.10514690 0.28626651
vt 0.08014907 0.28626651
vt 0.09466300 0.49643487
vt 0.10921493 0.48808944
vt 0.09897913 0.49643487
vt 0.09680149 0.28626651
vt 0.09683990 0.28626651
vt 0.10518531 0.48405975
vt 0.07394192 0.49643475
vt 0.08631760 0.49643487
vt 0.07180365 0.28626651
vt 0.08845606 0.28626651
vt 0.09063340 0.49643487
vt 0.10921493 0.48405975
vt 0.07797155 0.49643487
vt 0.08849448 0.28626651
vt 0.08011066 0.28626651
vt 0.10514690 0.25336224
vt 0.10518530 0.48812783
vt 0.08014907 0.25336224
vt 0.09680149 0.25336224
vt 0.09683990 0.25336224
vt 0.11349230 0.48812783
vt 0.08849448 0.25336224
vt 0.08011066 0.25336224
vt 0.11349233 0.49643487
vt 0.07180365 0.25336224
vt 0.10518530 0.49643487
vt 0.08845606 0.25336224
vt 0.10518531 0.48808944
vt 0.10300874 0.49643487
vt 0.08228797 0.49643487
vt 0.10514690 0.28626651
vt 0.08014907 0.28626651
vt 0.09466300 0.49643487
vt 0.10921493 0.48808944
vt 0.09897913 0.49643487
vt 0.09680149 0.28626651
vt 0.09683990 0.28626651
vt 0.10518531 0.48405975
vt 0.07394192 0.49643475
vt 0.08631760 0.49643487
vt 0.07180365 0.28626651
vt 0.08845606 0.28626651
vt 0.09063340 0.49643487
vt 0.10921493 0.48405975
vt 0.07797155 0.49643487
vt 0.08849448 0.28626651
vt 0.08011066 0.28626651
vt 0.10514690 0.25336224
vt 0.10518530 0.48812783
vt 0.08014907 0.25336224
vt 0.09680149 0.25336224
vt 0.09683990 0.25336224
vt 0.11349230 0.48812783
vt 0.08849448 0.25336224
vt 0.08011066 0.25336224
vt 0.11349233 0.49643487
vt 0.07180365 0.25336224
vt 0.10518530 0.49643487
vt 0.08845606 0.25336224
vt 0.08228797 0.49643487
vt 0.10300874 0.49643487
vt 0.10518531 0.48808944
vt 0.08014907 0.28626651
vt 0.10514690 0.28626651
vt 0.09897913 0.49643487
vt 0.10921493 0.48808944
vt 0.09466300 0.49643487
vt 0.09683990 0.28626651
vt 0.09680149 0.28626651
vt 0.08631760 0.49643487
vt 0.07394192 0.49643475
vt 0.10518531 0.48405975
vt 0.08845606 0.28626651
vt 0.07180365 0.28626651
vt 0.07797155 0.49643487
vt 0.10921493 0.48405975
vt 0.09063340 0.49643487
vt 0.08011066 0.28626651
vt 0.08849448 0.28626651
vt 0.08014907 0.25336224
vt 0.10518530 0.48812783
vt 0.10514690 0.25336224
vt 0.11349230 0.48812783
vt 0.09683990 0.25336224
vt 0.09680149 0.25336224
vt 0.11349233 0.49643487
vt 0.08011066 0.25336224
vt 0.08849448 0.25336224
vt 0.08845606 0.25336224
vt 0.10518530 0.49643487
vt 0.07180365 0.25336224
vt 0.08228797 0.49643487
vt 0.10300874 0.49643487
vt 0.10518531 0.48808944
vt 0.08014907 0.28626651
vt 0.10514690 0.28626651
vt 0.09897913 0.49643487
vt 0.10921493 0.48808944
vt 0.09466300 0.49643487
vt 0.09683990 0.28626651
vt 0.09680149 0.28626651
vt 0.08631760 0.49643487
vt 0.07394192 0.49643475
vt 0.10518531 0.48405975
vt 0.08845606 0.28626651
vt 0.07180365 0.28626651
vt 0.07797155 0.49643487
vt 0.10921493 0.48405975
vt 0.09063340 0.49643487
vt 0.08011066 0.28626651
vt 0.08849448 0.28626651
vt 0.08014907 0.25336224
vt 0.10518530 0.48812783
vt 0.10514690 0.25336224
vt 0.11349230 0.48812783
vt 0.09683990 0.25336224
vt 0.09680149 0.25336224
vt 0.11349233 0.49643487
vt 0.08011066 0.25336224
vt 0.08849448 0.25336224
vt 0.08845606 0.25336224
vt 0.10518530 0.49643487
vt 0.07180365 0.25336224
vt 0.10518531 0.48808944
vt 0.08228797 0.49643487
vt 0.10300874 0.49643487
vt 0.08014907 0.28626651
vt 0.10514690 0.28626651
vt 0.10921493 0.48808944
vt 0.09466300 0.49643487
vt 0.09897913 0.49643487
vt 0.09680149 0.28626651
vt 0.09683990 0.28626651
vt 0.07394192 0.49643475
vt 0.10518531 0.48405975
vt 0.08631760 0.49643487
vt 0.07180365 0.28626651
vt 0.08845606 0.28626651
vt 0.07797155 0.49643487
vt 0.10921493 0.48405975
vt 0.09063340 0.49643487
vt 0.08011066 0.28626651
vt 0.08849448 0.28626651
vt 0.08014907 0.25336224
vt 0.10518530 0.48812783
vt 0.10514690 0.25336224
vt 0.11349230 0.48812783
vt 0.09680149 0.25336224
vt 0.09683990 0.25336224
vt 0.08011066 0.25336224
vt 0.11349233 0.49643487
vt 0.08849448 0.25336224
vt 0.07180365 0.25336224
vt 0.08845606 0.25336224
vt 0.10518530 0.49643487
vt 0.10518531 0.48808944
vt 0.08228797 0.49643487
vt 0.10300874 0.49643487
vt 0.08014907 0.28626651
vt 0.10514690 0.28626651
vt 0.10921493 0.48808944
vt 0.09466300 0.49643487
vt 0.09897913 0.49643487
vt 0.09680149 0.28626651
vt 0.09683990 0.28626651
vt 0.07394192 0.49643475
vt 0.10518531 0.48405975
vt 0.08631760 0.49643487
vt 0.07180365 0.28626651
vt 0.08845606 0.28626651
vt 0.07797155 0.49643487
vt 0.10921493 0.48405975
vt 0.09063340 0.49643487
vt 0.08011066 0.28626651
vt 0.08849448 0.28626651
vt 0.08014907 0.25336224
vt 0.10518530 0.48812783
vt 0.10514690 0.25336224
vt 0.11349230 0.48812783
vt 0.09680149 0.25336224
vt 0.09683990 0.25336224
vt 0.08011066 0.25336224
vt 0.11349233 0.49643487
vt 0.08849448 0.25336224
vt 0.07180365 0.25336224
vt 0.08845606 0.25336224
vt 0.10518530 0.49643487
vt 0.08228797 0.49643487
vt 0.10518531 0.48808944
vt 0.10300874 0.49643487
vt 0.08014907 0.28626651
vt 0.10514690 0.28626651
vt 0.09466300 0.49643487
vt 0.10921493 0.48808944
vt 0.09897913 0.49643487
vt 0.09680149 0.28626651
vt 0.09683990 0.28626651
vt 0.07394192 0.49643475
vt 0.08631760 0.49643487
vt 0.10518531 0.48405975
vt 0.07180365 0.28626651
vt 0.08845606 0.28626651
vt 0.07797155 0.49643487
vt 0.09063340 0.49643487
vt 0.10921493 0.48405975
vt 0.08011066 0.28626651
vt 0.08849448 0.28626651
vt 0.10518530 0.48812783
vt 0.08014907 0.25336224
vt 0.10514690 0.25336224
vt 0.11349230 0.48812783
vt 0.09680149 0.25336224
vt 0.09683990 0.25336224
vt 0.08011066 0.25336224
vt 0.11349233 0.49643487
vt 0.08849448 0.25336224
vt 0.07180365 0.25336224
vt 0.10518530 0.49643487
vt 0.08845606 0.25336224
vt 0.08228797 0.49643487
vt 0.10518531 0.48808944
vt 0.10300874 0.49643487
vt 0.08014907 0.28626651
vt 0.10514690 0.28626651
vt 0.09466300 0.49643487
vt 0.10921493 0.48808944
vt 0.09897913 0.49643487
vt 0.09680149 0.28626651
vt 0.09683990 0.28626651
vt 0.07394192 0.49643475
vt 0.08631760 0.49643487
vt 0.10518531 0.48405975
vt 0.07180365 0.28626651
vt 0.08845606 0.28626651
vt 0.07797155 0.49643487
vt 0.09063340 0.49643487
vt 0.10921493 0.48405975
vt 0.08011066 0.28626651
vt 0.08849448 0.28626651
vt 0.10518530 0.48812783
vt 0.08014907 0.25336224
vt 0.10514690 0.25336224
vt 0.11349230 0.48812783
vt 0.09680149 0.25336224
vt 0.09683990 0.25336224
vt 0.08011066 0.25336224
vt 0.11349233 0.49643487
vt 0.08849448 0.25336224
vt 0.07180365 0.25336224
vt 0.10518530 0.49643487
vt 0.08845606 0.25336224
vt 0.10518531 0.48808944
vt 0.10300874 0.49643487
vt 0.08228797 0.49643487
vt 0.10514690 0.28626651
vt 0.08014907 0.28626651
vt 0.09466300 0.49643487
vt 0.10921493 0.48808944
vt 0.09897913 0.49643487
vt 0.09680149 0.28626651
vt 0.09683990 0.28626651
vt 0.10518531 0.48405975
vt 0.07394192 0.49643475
vt 0.08631760 0.49643487
vt 0.07180365 0.28626651
vt 0.08845606 0.28626651
vt 0.09063340 0.49643487
vt 0.10921493 0.48405975
vt 0.07797155 0.49643487
vt 0.08849448 0.28626651
vt 0.08011066 0.28626651
vt 0.10514690 0.25336224
vt 0.10518530 0.48812783
vt 0.08014907 0.25336224
vt 0.09680149 0.25336224
vt 0.09683990 0.25336224
vt 0.11349230 0.48812783
vt 0.08849448 0.25336224
vt 0.08011066 0.25336224
vt 0.11349233 0.49643487
vt 0.07180365 0.25336224
vt 0.10518530 0.49643487
vt 0.08845606 0.25336224
vt 0.10518531 0.48808944
vt 0.10300874 0.49643487
vt 0.08228797 0.49643487
vt 0.10514690 0.28626651
vt 0.08014907 0.28626651
vt 0.09466300 0.49643487
vt 0.10921493 0.48808944
vt 0.09897913 0.49643487
vt 0.09680149 0.28626651
vt 0.09683990 0.28626651
vt 0.10518531 0.48405975
vt 0.07394192 0.49643475
vt 0.08631760 0.49643487
vt 0.07180365 0.28626651
vt 0.08845606 0.28626651
vt 0.09063340 0.49643487
vt 0.10921493 0.48405975
vt 0.07797155 0.49643487
vt 0.08849448 0.28626651
vt 0.08011066 0.28626651
vt 0.10514690 0.25336224
vt 0.10518530 0.48812783
vt 0.08014907 0.25336224
vt 0.09680149 0.25336224
vt 0.09683990 0.25336224
vt 0.11349230 0.48812783
vt 0.08849448 0.25336224
vt 0.08011066 0.25336224
vt 0.11349233 0.49643487
vt 0.07180365 0.25336224
vt 0.10518530 0.49643487
vt 0.08845606 0.25336224
vt 0.08228797 0.49643487
vt 0.10300874 0.49643487
vt 0.10518531 0.48808944
vt 0.08014907 0.28626651
vt 0.10514690 0.28626651
vt 0.09897913 0.49643487
vt 0.10921493 0.48808944
vt 0.09466300 0.49643487
vt 0.09683990 0.28626651
vt 0.09680149 0.28626651
vt 0.08631760 0.49643487
vt 0.07394192 0.49643475
vt 0.10518531 0.48405975
vt 0.08845606 0.28626651
vt 0.07180365 0.28626651
vt 0.07797155 0.49643487
vt 0.10921493 0.48405975
vt 0.09063340 0.49643487
vt 0.08011066 0.28626651
vt 0.08849448 0.28626651
vt 0.08014907 0.25336224
vt 0.10518530 0.48812783
vt 0.10514690 0.25336224
vt 0.11349230 0.48812783
vt 0.09683990 0.25336224
vt 0.09680149 0.25336224
vt 0.11349233 0.49643487
vt 0.08011066 0.25336224
vt 0.08849448 0.25336224
vt 0.08845606 0.25336224
vt 0.10518530 0.49643487
vt 0.07180365 0.25336224
vt 0.08228797 0.49643487
vt 0.10300874 0.49643487
vt 0.10518531 0.48808944
vt 0.08014907 0.28626651
vt 0.10514690 0.28626651
vt 0.09897913 0.49643487
vt 0.10921493 0.48808944
vt 0.09466300 0.49643487
vt 0.09683990 0.28626651
vt 0.09680149 0.28626651
vt 0.08631760 0.49643487
vt 0.07394192 0.49643475
vt 0.10518531 0.48405975
vt 0.08845606 0.28626651
vt 0.07180365 0.28626651
vt 0.07797155 0.49643487
vt 0.10921493 0.48405975
vt 0.09063340 0.49643487
vt 0.08011066 0.28626651
vt 0.08849448 0.28626651
vt 0.08014907 0.25336224
vt 0.10518530 0.48812783
vt 0.10514690 0.25336224
vt 0.11349230 0.48812783
vt 0.09683990 0.25336224
vt 0.09680149 0.25336224
vt 0.11349233 0.49643487
vt 0.08011066 0.25336224
vt 0.08849448 0.25336224
vt 0.08845606 0.25336224
vt 0.10518530 0.49643487
vt 0.07180365 0.25336224
vt 0.10518531 0.48808944
vt 0.08228797 0.49643487
vt 0.10300874 0.49643487
vt 0.08014907 0.28626651
vt 0.10514690 0.28626651
vt 0.10921493 0.48808944
vt 0.09466300 0.49643487
vt 0.09897913 0.49643487
vt 0.09680149 0.28626651
vt 0.09683990 0.28626651
vt 0.07394192 0.49643475
vt 0.10518531 0.48405975
vt 0.08631760 0.49643487
vt 0.07180365 0.28626651
vt 0.08845606 0.28626651
vt 0.07797155 0.49643487
vt 0.10921493 0.48405975
vt 0.09063340 0.49643487
vt 0.08011066 0.28626651
vt 0.08849448 0.28626651
vt 0.08014907 0.25336224
vt 0.10518530 0.48812783
vt 0.10514690 0.25336224
vt 0.11349230 0.48812783
vt 0.09680149 0.25336224
vt 0.09683990 0.25336224
vt 0.08011066 0.25336224
vt 0.11349233 0.49643487
vt 0.08849448 0.25336224
vt 0.07180365 0.25336224
vt 0.08845606 0.25336224
vt 0.10518530 0.49643487
vt 0.10518531 0.48808944
vt 0.08228797 0.49643487
vt 0.10300874 0.49643487
vt 0.08014907 0.28626651
vt 0.10514690 0.28626651
vt 0.10921493 0.48808944
vt 0.09466300 0.49643487
vt 0.09897913 0.49643487
vt 0.09680149 0.28626651
vt 0.09683990 0.28626651
vt 0.07394192 0.49643475
vt 0.10518531 0.48405975
vt 0.08631760 0.49643487
vt 0.07180365 0.28626651
vt 0.08845606 0.28626651
vt 0.07797155 0.49643487
vt 0.10921493 0.48405975
vt 0.09063340 0.49643487
vt 0.08011066 0.28626651
vt 0.08849448 0.28626651
vt 0.08014907 0.25336224
vt 0.10518530 0.48812783
vt 0.10514690 0.25336224
vt 0.11349230 0.48812783
vt 0.09680149 0.25336224
vt 0.09683990 0.25336224
vt 0.08011066 0.25336224
vt 0.11349233 0.49643487
vt 0.08849448 0.25336224
vt 0.07180365 0.25336224
vt 0.08845606 0.25336224
vt 0.10518530 0.49643487
vt 0.08228797 0.49643487
vt 0.10518531 0.48808944
vt 0.10300874 0.49643487
vt 0.08014907 0.28626651
vt 0.10514690 0.28626651
vt 0.09466300 0.49643487
vt 0.10921493 0.48808944
vt 0.09897913 0.49643487
vt 0.09680149 0.28626651
vt 0.09683990 0.28626651
vt 0.07394192 0.49643475
vt 0.08631760 0.49643487
vt 0.10518531 0.48405975
vt 0.07180365 0.28626651
vt 0.08845606 0.28626651
vt 0.07797155 0.49643487
vt 0.09063340 0.49643487
vt 0.10921493 0.48405975
vt 0.08011066 0.28626651
vt 0.08849448 0.28626651
vt 0.10518530 0.48812783
vt 0.08014907 0.25336224
vt 0.10514690 0.25336224
vt 0.11349230 0.48812783
vt 0.09680149 0.25336224
vt 0.09683990 0.25336224
vt 0.08011066 0.25336224
vt 0.11349233 0.49643487
vt 0.08849448 0.25336224
vt 0.07180365 0.25336224
vt 0.10518530 0.49643487
vt 0.08845606 0.25336224
vt 0.08228797 0.49643487
vt 0.10518531 0.48808944
vt 0.10300874 0.49643487
vt 0.08014907 0.28626651
vt 0.10514690 0.28626651
vt 0.09466300 0.49643487
vt 0.10921493 0.48808944
vt 0.09897913 0.49643487
vt 0.09680149 0.28626651
vt 0.09683990 0.28626651
vt 0.07394192 0.49643475
vt 0.08631760 0.49643487
vt 0.10518531 0.48405975
vt 0.07180365 0.28626651
vt 0.08845606 0.28626651
vt 0.07797155 0.49643487
vt 0.09063340 0.49643487
vt 0.10921493 0.48405975
vt 0.08011066 0.28626651
vt 0.08849448 0.28626651
vt 0.10518530 0.48812783
vt 0.08014907 0.25336224
vt 0.10514690 0.25336224
vt 0.11349230 0.48812783
vt 0.09680149 0.25336224
vt 0.09683990 0.25336224
vt 0.08011066 0.25336224
vt 0.11349233 0.49643487
vt 0.08849448 0.25336224
vt 0.07180365 0.25336224
vt 0.10518530 0.49643487
vt 0.08845606 0.25336224
vt 0.10518531 0.48808944
vt 0.10300874 0.49643487
vt 0.08228797 0.49643487
vt 0.10514690 0.28626651
vt 0.08014907 0.28626651
vt 0.09466300 0.49643487
vt 0.10921493 0.48808944
vt 0.09897913 0.49643487
vt 0.09680149 0.28626651
vt 0.09683990 0.28626651
vt 0.10518531 0.48405975
vt 0.07394192 0.49643475
vt 0.08631760 0.49643487
vt 0.07180365 0.28626651
vt 0.08845606 0.28626651
vt 0.09063340 0.49643487
vt 0.10921493 0.48405975
vt 0.07797155 0.49643487
vt 0.08849448 0.28626651
vt 0.08011066 0.28626651
vt 0.10514690 0.25336224
vt 0.10518530 0.48812783
vt 0.08014907 0.25336224
vt 0.09680149 0.25336224
vt 0.09683990 0.25336224
vt 0.11349230 0.48812783
vt 0.08849448 0.25336224
vt 0.08011066 0.25336224
vt 0.11349233 0.49643487
vt 0.07180365 0.25336224
vt 0.10518530 0.49643487
vt 0.08845606 0.25336224
vt 0.10518531 0.48808944
vt 0.10300874 0.49643487
vt 0.08228797 0.49643487
vt 0.10514690 0.28626651
vt 0.08014907 0.28626651
vt 0.09466300 0.49643487
vt 0.10921493 0.48808944
vt 0.09897913 0.49643487
vt 0.09680149 0.28626651
vt 0.09683990 0.28626651
vt 0.10518531 0.48405975
vt 0.07394192 0.49643475
vt 0.08631760 0.49643487
vt 0.07180365 0.28626651
vt 0.08845606 0.28626651
vt 0.09063340 0.49643487
vt 0.10921493 0.48405975
vt 0.07797155 0.49643487
vt 0.08849448 0.28626651
vt 0.08011066 0.28626651
vt 0.10514690 0.25336224
vt 0.10518530 0.48812783
vt 0.08014907 0.25336224
vt 0.09680149 0.25336224
vt 0.09683990 0.25336224
vt 0.11349230 0.48812783
vt 0.08849448 0.25336224
vt 0.08011066 0.25336224
vt 0.11349233 0.49643487
vt 0.07180365 0.25336224
vt 0.10518530 0.49643487
vt 0.08845606 0.25336224
vt 0.08228797 0.49643487
vt 0.10300874 0.49643487
vt 0.10518531 0.48808944
vt 0.08014907 0.28626651
vt 0.10514690 0.28626651
vt 0.09897913 0.49643487
vt 0.10921493 0.48808944
vt 0.09466300 0.49643487
vt 0.09683990 0.28626651
vt 0.09680149 0.28626651
vt 0.08631760 0.49643487
vt 0.07394192 0.49643475
vt 0.10518531 0.48405975
vt 0.08845606 0.28626651
vt 0.07180365 0.28626651
vt 0.07797155 0.49643487
vt 0.10921493 0.48405975
vt 0.09063340 0.49643487
vt 0.08011066 0.28626651
vt 0.08849448 0.28626651
vt 0.08014907 0.25336224
vt 0.10518530 0.48812783
vt 0.10514690 0.25336224
vt 0.11349230 0.48812783
vt 0.09683990 0.25336224
vt 0.09680149 0.25336224
vt 0.11349233 0.49643487
vt 0.08011066 0.25336224
vt 0.08849448 0.25336224
vt 0.08845606 0.25336224
vt 0.10518530 0.49643487
vt 0.07180365 0.25336224
vt 0.08228797 0.49643487
vt 0.10300874 0.49643487
vt 0.10518531 0.48808944
vt 0.08014907 0.28626651
vt 0.10514690 0.28626651
vt 0.09897913 0.49643487
vt 0.10921493 0.48808944
vt 0.09466300 0.49643487
vt 0.09683990 0.28626651
vt 0.09680149 0.28626651
vt 0.08631760 0.49643487
vt 0.07394192 0.49643475
vt 0.10518531 0.48405975
vt 0.08845606 0.28626651
vt 0.07180365 0.28626651
vt 0.07797155 0.49643487
vt 0.10921493 0.48405975
vt 0.09063340 0.49643487
vt 0.08011066 0.28626651
vt 0.08849448 0.28626651
vt 0.08014907 0.25336224
vt 0.10518530 0.48812783
vt 0.10514690 0.25336224
vt 0.11349230 0.48812783
vt 0.09683990 0.25336224
vt 0.09680149 0.25336224
vt 0.11349233 0.49643487
vt 0.08011066 0.25336224
vt 0.08849448 0.25336224
vt 0.08845606 0.25336224
vt 0.10518530 0.49643487
vt 0.07180365 0.25336224
vt 0.10518531 0.48808944
vt 0.08228797 0.49643487
vt 0.10300874 0.49643487
vt 0.08014907 0.28626651
vt 0.10514690 0.28626651
vt 0.10921493 0.48808944
vt 0.09466300 0.49643487
vt 0.09897913 0.49643487
vt 0.09680149 0.28626651
vt 0.09683990 0.28626651
vt 0.07394192 0.49643475
vt 0.10518531 0.48405975
vt 0.08631760 0.49643487
vt 0.07180365 0.28626651
vt 0.08845606 0.28626651
vt 0.07797155 0.49643487
vt 0.10921493 0.48405975
vt 0.09063340 0.49643487
vt 0.08011066 0.28626651
vt 0.08849448 0.28626651
vt 0.08014907 0.25336224
vt 0.10518530 0.48812783
vt 0.10514690 0.25336224
vt 0.11349230 0.48812783
vt 0.09680149 0.25336224
vt 0.09683990 0.25336224
vt 0.08011066 0.25336224
vt 0.11349233 0.49643487
vt 0.08849448 0.25336224
vt 0.07180365 0.25336224
vt 0.08845606 0.25336224
vt 0.10518530 0.49643487
vt 0.10518531 0.48808944
vt 0.08228797 0.49643487
vt 0.10300874 0.49643487
vt 0.08014907 0.28626651
vt 0.10514690 0.28626651
vt 0.10921493 0.48808944
vt 0.09466300 0.49643487
vt 0.09897913 0.49643487
vt 0.09680149 0.28626651
vt 0.09683990 0.28626651
vt 0.07394192 0.49643475
vt 0.10518531 0.48405975
vt 0.08631760 0.49643487
vt 0.07180365 0.28626651
vt 0.08845606 0.28626651
vt 0.07797155 0.49643487
vt 0.10921493 0.48405975
vt 0.09063340 0.49643487
vt 0.08011066 0.28626651
vt 0.08849448 0.28626651
vt 0.08014907 0.25336224
vt 0.10518530 0.48812783
vt 0.10514690 0.25336224
vt 0.11349230 0.48812783
vt 0.09680149 0.25336224
vt 0.09683990 0.25336224
vt 0.08011066 0.25336224
vt 0.11349233 0.49643487
vt 0.08849448 0.25336224
vt 0.07180365 0.25336224
vt 0.08845606 0.25336224
vt 0.10518530 0.49643487
vt 0.08228797 0.49643487
vt 0.10518531 0.48808944
vt 0.10300874 0.49643487
vt 0.08014907 0.28626651
vt 0.10514690 0.28626651
vt 0.09466300 0.49643487
vt 0.10921493 0.48808944
vt 0.09897913 0.49643487
vt 0.09680149 0.28626651
vt 0.09683990 0.28626651
vt 0.07394192 0.49643475
vt 0.08631760 0.49643487
vt 0.10518531 0.48405975
vt 0.07180365 0.28626651
vt 0.08845606 0.28626651
vt 0.07797155 0.49643487
vt 0.09063340 0.49643487
vt 0.10921493 0.48405975
vt 0.08011066 0.28626651
vt 0.08849448 0.28626651
vt 0.10518530 0.48812783
vt 0.08014907 0.25336224
vt 0.10514690 0.25336224
vt 0.11349230 0.48812783
vt 0.09680149 0.25336224
vt 0.09683990 0.25336224
vt 0.08011066 0.25336224
vt 0.11349233 0.49643487
vt 0.08849448 0.25336224
vt 0.07180365 0.25336224
vt 0.10518530 0.49643487
vt 0.08845606 0.25336224
vt 0.08228797 0.49643487
vt 0.10518531 0.48808944
vt 0.10300874 0.49643487
vt 0.08014907 0.28626651
vt 0.10514690 0.28626651
vt 0.09466300 0.49643487
vt 0.10921493 0.48808944
vt 0.09897913 0.49643487
vt 0.09680149 0.28626651
vt 0.09683990 0.28626651
vt 0.07394192 0.49643475
vt 0.08631760 0.49643487
vt 0.10518531 0.48405975
vt 0.07180365 0.28626651
vt 0.08845606 0.28626651
vt 0.07797155 0.49643487
vt 0.09063340 0.49643487
vt 0.10921493 0.48405975
vt 0.08011066 0.28626651
vt 0.08849448 0.28626651
vt 0.10518530 0.48812783
vt 0.08014907 0.25336224
vt 0.10514690 0.25336224
vt 0.11349230 0.48812783
vt 0.09680149 0.25336224
vt 0.09683990 0.25336224
vt 0.08011066 0.25336224
vt 0.11349233 0.49643487
vt 0.08849448 0.25336224
vt 0.07180365 0.25336224
vt 0.10518530 0.49643487
vt 0.08845606 0.25336224
vt 0.10518531 0.48808944
vt 0.10300874 0.49643487
vt 0.08228797 0.49643487
vt 0.10514690 0.28626651
vt 0.08014907 0.28626651
vt 0.09466300 0.49643487
vt 0.10921493 0.48808944
vt 0.09897913 0.49643487
vt 0.09680149 0.28626651
vt 0.09683990 0.28626651
vt 0.10518531 0.48405975
vt 0.07394192 0.49643475
vt 0.08631760 0.49643487
vt 0.07180365 0.28626651
vt 0.08845606 0.28626651
vt 0.09063340 0.49643487
vt 0.10921493 0.48405975
vt 0.07797155 0.49643487
vt 0.08849448 0.28626651
vt 0.08011066 0.28626651
vt 0.10514690 0.25336224
vt 0.10518530 0.48812783
vt 0.08014907 0.25336224
vt 0.09680149 0.25336224
vt 0.09683990 0.25336224
vt 0.11349230 0.48812783
vt 0.08849448 0.25336224
vt 0.08011066 0.25336224
vt 0.11349233 0.49643487
vt 0.07180365 0.25336224
vt 0.10518530 0.49643487
vt 0.08845606 0.25336224
vt 0.10518531 0.48808944
vt 0.10300874 0.49643487
vt 0.08228797 0.49643487
vt 0.10514690 0.28626651
vt 0.08014907 0.28626651
vt 0.09466300 0.49643487
vt 0.10921493 0.48808944
vt 0.09897913 0.49643487
vt 0.09680149 0.28626651
vt 0.09683990 0.28626651
vt 0.10518531 0.48405975
vt 0.07394192 0.49643475
vt 0.08631760 0.49643487
vt 0.07180365 0.28626651
vt 0.08845606 0.28626651
vt 0.09063340 0.49643487
vt 0.10921493 0.48405975
vt 0.07797155 0.49643487
vt 0.08849448 0.28626651
vt 0.08011066 0.28626651
vt 0.10514690 0.25336224
vt 0.10518530 0.48812783
vt 0.08014907 0.25336224
vt 0.09680149 0.25336224
vt 0.09683990 0.25336224
vt 0.11349230 0.48812783
vt 0.08849448 0.25336224
vt 0.08011066 0.25336224
vt 0.11349233 0.49643487
vt 0.07180365 0.25336224
vt 0.10518530 0.49643487
vt 0.08845606 0.25336224
vt 0.08228797 0.49643487
vt 0.10300874 0.49643487
vt 0.10518531 0.48808944
vt 0.08014907 0.28626651
vt 0.10514690 0.28626651
vt 0.09897913 0.49643487
vt 0.10921493 0.48808944
vt 0.09466300 0.49643487
vt 0.09683990 0.28626651
vt 0.09680149 0.28626651
vt 0.08631760 0.49643487
vt 0.07394192 0.49643475
vt 0.10518531 0.48405975
vt 0.08845606 0.28626651
vt 0.07180365 0.28626651
vt 0.07797155 0.49643487
vt 0.10921493 0.48405975
vt 0.09063340 0.49643487
vt 0.08011066 0.28626651
vt 0.08849448 0.28626651
vt 0.08014907 0.25336224
vt 0.10518530 0.48812783
vt 0.10514690 0.25336224
vt 0.11349230 0.48812783
vt 0.09683990 0.25336224
vt 0.09680149 0.25336224
vt 0.11349233 0.49643487
vt 0.08011066 0.25336224
vt 0.08849448 0.25336224
vt 0.08845606 0.25336224
vt 0.10518530 0.49643487
vt 0.07180365 0.25336224
vt 0.08228797 0.49643487
vt 0.10300874 0.49643487
vt 0.10518531 0.48808944
vt 0.08014907 0.28626651
vt 0.10514690 0.28626651
vt 0.09897913 0.49643487
vt 0.10921493 0.48808944
vt 0.09466300 0.49643487
vt 0.09683990 0.28626651
vt 0.09680149 0.28626651
vt 0.08631760 0.49643487
vt 0.07394192 0.49643475
vt 0.10518531 0.48405975
vt 0.08845606 0.28626651
vt 0.07180365 0.28626651
vt 0.07797155 0.49643487
vt 0.10921493 0.48405975
vt 0.09063340 0.49643487
vt 0.08011066 0.28626651
vt 0.08849448 0.28626651
vt 0.08014907 0.25336224
vt 0.10518530 0.48812783
vt 0.10514690 0.25336224
vt 0.11349230 0.48812783
vt 0.09683990 0.25336224
vt 0.09680149 0.25336224
vt 0.11349233 0.49643487
vt 0.08011066 0.25336224
vt 0.08849448 0.25336224
vt 0.08845606 0.25336224
vt 0.10518530 0.49643487
vt 0.07180365 0.25336224
vt 0.10518531 0.48808944
vt 0.08228797 0.49643487
vt 0.10300874 0.49643487
vt 0.08014907 0.28626651
vt 0.10514690 0.28626651
vt 0.10921493 0.48808944
vt 0.09466300 0.49643487
vt 0.09897913 0.49643487
vt 0.09680149 0.28626651
vt 0.09683990 0.28626651
vt 0.07394192 0.49643475
vt 0.10518531 0.48405975
vt 0.08631760 0.49643487
vt 0.07180365 0.28626651
vt 0.08845606 0.28626651
vt 0.07797155 0.49643487
vt 0.10921493 0.48405975
vt 0.09063340 0.49643487
vt 0.08011066 0.28626651
vt 0.08849448 0.28626651
vt 0.08014907 0.25336224
vt 0.10518530 0.48812783
vt 0.10514690 0.25336224
vt 0.11349230 0.48812783
vt 0.09680149 0.25336224
vt 0.09683990 0.25336224
vt 0.08011066 0.25336224
vt 0.11349233 0.49643487
vt 0.08849448 0.25336224
vt 0.07180365 0.25336224
vt 0.08845606 0.25336224
vt 0.10518530 0.49643487
vt 0.10518531 0.48808944
vt 0.08228797 0.49643487
vt 0.10300874 0.49643487
vt 0.08014907 0.28626651
vt 0.10514690 0.28626651
vt 0.10921493 0.48808944
vt 0.09466300 0.49643487
vt 0.09897913 0.49643487
vt 0.09680149 0.28626651
vt 0.09683990 0.28626651
vt 0.07394192 0.49643475
vt 0.10518531 0.48405975
vt 0.08631760 0.49643487
vt 0.07180365 0.28626651
vt 0.08845606 0.28626651
vt 0.07797155 0.49643487
vt 0.10921493 0.48405975
vt 0.09063340 0.49643487
vt 0.08011066 0.28626651
vt 0.08849448 0.28626651
vt 0.08014907 0.25336224
vt 0.10518530 0.48812783
vt 0.10514690 0.25336224
vt 0.11349230 0.48812783
vt 0.09680149 0.25336224
vt 0.09683990 0.25336224
vt 0.08011066 0.25336224
vt 0.11349233 0.49643487
vt 0.08849448 0.25336224
vt 0.07180365 0.25336224
vt 0.08845606 0.25336224
vt 0.10518530 0.49643487
vt 0.08228797 0.49643487
vt 0.10518531 0.48808944
vt 0.10300874 0.49643487
vt 0.08014907 0.28626651
vt 0.10514690 0.28626651
vt 0.09466300 0.49643487
vt 0.10921493 0.48808944
vt 0.09897913 0.49643487
vt 0.09680149 0.28626651
vt 0.09683990 0.28626651
vt 0.07394192 0.49643475
vt 0.08631760 0.49643487
vt 0.10518531 0.48405975
vt 0.07180365 0.28626651
vt 0.08845606 0.28626651
vt 0.07797155 0.49643487
vt 0.09063340 0.49643487
vt 0.10921493 0.48405975
vt 0.08011066 0.28626651
vt 0.08849448 0.28626651
vt 0.10518530 0.48812783
vt 0.08014907 0.25336224
vt 0.10514690 0.25336224
vt 0.11349230 0.48812783
vt 0.09680149 0.25336224
vt 0.09683990 0.25336224
vt 0.08011066 0.25336224
vt 0.11349233 0.49643487
vt 0.08849448 0.25336224
vt 0.07180365 0.25336224
vt 0.10518530 0.49643487
vt 0.08845606 0.25336224
vt 0.08228797 0.49643487
vt 0.10518531 0.48808944
vt 0.10300874 0.49643487
vt 0.08014907 0.28626651
vt 0.10514690 0.28626651
vt 0.09466300 0.49643487
vt 0.10921493 0.48808944
vt 0.09897913 0.49643487
vt 0.09680149 0.28626651
vt 0.09683990 0.28626651
vt 0.07394192 0.49643475
vt 0.08631760 0.49643487
vt 0.10518531 0.48405975
vt 0.07180365 0.28626651
vt 0.08845606 0.28626651
vt 0.07797155 0.49643487
vt 0.09063340 0.49643487
vt 0.10921493 0.48405975
vt 0.08011066 0.28626651
vt 0.08849448 0.28626651
vt 0.10518530 0.48812783
vt 0.08014907 0.25336224
vt 0.10514690 0.25336224
vt 0.11349230 0.48812783
vt 0.09680149 0.25336224
vt 0.09683990 0.25336224
vt 0.08011066 0.25336224
vt 0.11349233 0.49643487
vt 0.08849448 0.25336224
vt 0.07180365 0.25336224
vt 0.10518530 0.49643487
vt 0.08845606 0.25336224
vt 0.10518531 0.48808944
vt 0.10300874 0.49643487
vt 0.08228797 0.49643487
vt 0.10514690 0.28626651
vt 0.08014907 0.28626651
vt 0.09466300 0.49643487
vt 0.10921493 0.48808944
vt 0.09897913 0.49643487
vt 0.09680149 0.28626651
vt 0.09683990 0.28626651
vt 0.10518531 0.48405975
vt 0.07394192 0.49643475
vt 0.08631760 0.49643487
vt 0.07180365 0.28626651
vt 0.08845606 0.28626651
vt 0.09063340 0.49643487
vt 0.10921493 0.48405975
vt 0.07797155 0.49643487
vt 0.08849448 0.28626651
vt 0.08011066 0.28626651
vt 0.10514690 0.25336224
vt 0.10518530 0.48812783
vt 0.08014907 0.25336224
vt 0.09680149 0.25336224
vt 0.09683990 0.25336224
vt 0.11349230 0.48812783
vt 0.08849448 0.25336224
vt 0.08011066 0.25336224
vt 0.11349233 0.49643487
vt 0.07180365 0.25336224
vt 0.10518530 0.49643487
vt 0.08845606 0.25336224
vt 0.10518531 0.48808944
vt 0.10300874 0.49643487
vt 0.08228797 0.49643487
vt 0.10514690 0.28626651
vt 0.08014907 0.28626651
vt 0.09466300 0.49643487
vt 0.10921493 0.48808944
vt 0.09897913 0.49643487
vt 0.09680149 0.28626651
vt 0.09683990 0.28626651
vt 0.10518531 0.48405975
vt 0.07394192 0.49643475
vt 0.08631760 0.49643487
vt 0.07180365 0.28626651
vt 0.08845606 0.28626651
vt 0.09063340 0.49643487
vt 0.10921493 0.48405975
vt 0.07797155 0.49643487
vt 0.08849448 0.28626651
vt 0.08011066 0.28626651
vt 0.10514690 0.25336224
vt 0.10518530 0.48812783
vt 0.08014907 0.25336224
vt 0.09680149 0.25336224
vt 0.09683990 0.25336224
vt 0.11349230 0.48812783
vt 0.08849448 0.25336224
vt 0.08011066 0.25336224
vt 0.11349233 0.49643487
vt 0.07180365 0.25336224
vt 0.10518530 0.49643487
vt 0.08845606 0.25336224
vt 0.08228797 0.49643487
vt 0.10300874 0.49643487
vt 0.10518531 0.48808944
vt 0.08014907 0.28626651
vt 0.10514690 0.28626651
vt 0.09897913 0.49643487
vt 0.10921493 0.48808944
vt 0.09466300 0.49643487
vt 0.09683990 0.28626651
vt 0.09680149 0.28626651
vt 0.08631760 0.49643487
vt 0.07394192 0.49643475
vt 0.10518531 0.48405975
vt 0.08845606 0.28626651
vt 0.07180365 0.28626651
vt 0.07797155 0.49643487
vt 0.10921493 0.48405975
vt 0.09063340 0.49643487
vt 0.08011066 0.28626651
vt 0.08849448 0.28626651
vt 0.08014907 0.25336224
vt 0.10518530 0.48812783
vt 0.10514690 0.25336224
vt 0.11349230 0.48812783
vt 0.09683990 0.25336224
vt 0.09680149 0.25336224
vt 0.11349233 0.49643487
vt 0.08011066 0.25336224
vt 0.08849448 0.25336224
vt 0.08845606 0.25336224
vt 0.10518530 0.49643487
vt 0.07180365 0.25336224
vt 0.08228797 0.49643487
vt 0.10300874 0.49643487
vt 0.10518531 0.48808944
vt 0.08014907 0.28626651
vt 0.10514690 0.28626651
vt 0.09897913 0.49643487
vt 0.10921493 0.48808944
vt 0.09466300 0.49643487
vt 0.09683990 0.28626651
vt 0.09680149 0.28626651
vt 0.08631760 0.49643487
vt 0.07394192 0.49643475
vt 0.10518531 0.48405975
vt 0.08845606 0.28626651
vt 0.07180365 0.28626651
vt 0.07797155 0.49643487
vt 0.10921493 0.48405975
vt 0.09063340 0.49643487
vt 0.08011066 0.28626651
vt 0.08849448 0.28626651
vt 0.08014907 0.25336224
vt 0.10518530 0.48812783
vt 0.10514690 0.25336224
vt 0.11349230 0.48812783
vt 0.09683990 0.25336224
vt 0.09680149 0.25336224
vt 0.11349233 0.49643487
vt 0.08011066 0.25336224
vt 0.08849448 0.25336224
vt 0.08845606 0.25336224
vt 0.10518530 0.49643487
vt 0.07180365 0.25336224
vt 0.10518531 0.48808944
vt 0.08228797 0.49643487
vt 0.10300874 0.49643487
vt 0.08014907 0.28626651
vt 0.10514690 0.28626651
vt 0.10921493 0.48808944
vt 0.09466300 0.49643487
vt 0.09897913 0.49643487
vt 0.09680149 0.28626651
vt 0.09683990 0.28626651
vt 0.07394192 0.49643475
vt 0.10518531 0.48405975
vt 0.08631760 0.49643487
vt 0.07180365 0.28626651
vt 0.08845606 0.28626651
vt 0.07797155 0.49643487
vt 0.10921493 0.48405975
vt 0.09063340 0.49643487
vt 0.08011066 0.28626651
vt 0.08849448 0.28626651
vt 0.08014907 0.25336224
vt 0.10518530 0.48812783
vt 0.10514690 0.25336224
vt 0.11349230 0.48812783
vt 0.09680149 0.25336224
vt 0.09683990 0.25336224
vt 0.08011066 0.25336224
vt 0.11349233 0.49643487
vt 0.08849448 0.25336224
vt 0.07180365 0.25336224
vt 0.08845606 0.25336224
vt 0.10518530 0.49643487
vt 0.10518531 0.48808944
vt 0.08228797 0.49643487
vt 0.10300874 0.49643487
vt 0.08014907 0.28626651
vt 0.10514690 0.28626651
vt 0.10921493 0.48808944
vt 0.09466300 0.49643487
vt 0.09897913 0.49643487
vt 0.09680149 0.28626651
vt 0.09683990 0.28626651
vt 0.07394192 0.49643475
vt 0.10518531 0.48405975
vt 0.08631760 0.49643487
vt 0.07180365 0.28626651
vt 0.08845606 0.28626651
vt 0.07797155 0.49643487
vt 0.10921493 0.48405975
vt 0.09063340 0.49643487
vt 0.08011066 0.28626651
vt 0.08849448 0.28626651
vt 0.08014907 0.25336224
vt 0.10518530 0.48812783
vt 0.10514690 0.25336224
vt 0.11349230 0.48812783
vt 0.09680149 0.25336224
vt 0.09683990 0.25336224
vt 0.08011066 0.25336224
vt 0.11349233 0.49643487
vt 0.08849448 0.25336224
vt 0.07180365 0.25336224
vt 0.08845606 0.25336224
vt 0.10518530 0.49643487
vt 0.08228797 0.49643487
vt 0.10518531 0.48808944
vt 0.10300874 0.49643487
vt 0.08014907 0.28626651
vt 0.10514690 0.28626651
vt 0.09466300 0.49643487
vt 0.10921493 0.48808944
vt 0.09897913 0.49643487
vt 0.09680149 0.28626651
vt 0.09683990 0.28626651
vt 0.07394192 0.49643475
vt 0.08631760 0.49643487
vt 0.10518531 0.48405975
vt 0.07180365 0.28626651
vt 0.08845606 0.28626651
vt 0.07797155 0.49643487
vt 0.09063340 0.49643487
vt 0.10921493 0.48405975
vt 0.08011066 0.28626651
vt 0.08849448 0.28626651
vt 0.10518530 0.48812783
vt 0.08014907 0.25336224
vt 0.10514690 0.25336224
vt 0.11349230 0.48812783
vt 0.09680149 0.25336224
vt 0.09683990 0.25336224
vt 0.08011066 0.25336224
vt 0.11349233 0.49643487
vt 0.08849448 0.25336224
vt 0.07180365 0.25336224
vt 0.10518530 0.49643487
vt 0.08845606 0.25336224
vt 0.08228797 0.49643487
vt 0.10518531 0.48808944
vt 0.10300874 0.49643487
vt 0.08014907 0.28626651
vt 0.10514690 0.28626651
vt 0.09466300 0.49643487
vt 0.10921493 0.48808944
vt 0.09897913 0.49643487
vt 0.09680149 0.28626651
vt 0.09683990 0.28626651
vt 0.07394192 0.49643475
vt 0.08631760 0.49643487
vt 0.10518531 0.48405975
vt 0.07180365 0.28626651
vt 0.08845606 0.28626651
vt 0.07797155 0.49643487
vt 0.09063340 0.49643487
vt 0.10921493 0.48405975
vt 0.08011066 0.28626651
vt 0.08849448 0.28626651
vt 0.10518530 0.48812783
vt 0.08014907 0.25336224
vt 0.10514690 0.25336224
vt 0.11349230 0.48812783
vt 0.09680149 0.25336224
vt 0.09683990 0.25336224
vt 0.08011066 0.25336224
vt 0.11349233 0.49643487
vt 0.08849448 0.25336224
vt 0.07180365 0.25336224
vt 0.10518530 0.49643487
vt 0.08845606 0.25336224
vt 0.10518531 0.48808944
vt 0.10300874 0.49643487
vt 0.08228797 0.49643487
vt 0.10514690 0.28626651
vt 0.08014907 0.28626651
vt 0.09466300 0.49643487
vt 0.10921493 0.48808944
vt 0.09897913 0.49643487
vt 0.09680149 0.28626651
vt 0.09683990 0.28626651
vt 0.10518531 0.48405975
vt 0.07394192 0.49643475
vt 0.08631760 0.49643487
vt 0.07180365 0.28626651
vt 0.08845606 0.28626651
vt 0.09063340 0.49643487
vt 0.10921493 0.48405975
vt 0.07797155 0.49643487
vt 0.08849448 0.28626651
vt 0.08011066 0.28626651
vt 0.10514690 0.25336224
vt 0.10518530 0.48812783
vt 0.08014907 0.25336224
vt 0.09680149 0.25336224
vt 0.09683990 0.25336224
vt 0.11349230 0.48812783
vt 0.08849448 0.25336224
vt 0.08011066 0.25336224
vt 0.11349233 0.49643487
vt 0.07180365 0.25336224
vt 0.10518530 0.49643487
vt 0.08845606 0.25336224
vt 0.10518531 0.48808944
vt 0.10300874 0.49643487
vt 0.08228797 0.49643487
vt 0.10514690 0.28626651
vt 0.08014907 0.28626651
vt 0.09466300 0.49643487
vt 0.10921493 0.48808944
vt 0.09897913 0.49643487
vt 0.09680149 0.28626651
vt 0.09683990 0.28626651
vt 0.10518531 0.48405975
vt 0.07394192 0.49643475
vt 0.08631760 0.49643487
vt 0.07180365 0.28626651
vt 0.08845606 0.28626651
vt 0.09063340 0.49643487
vt 0.10921493 0.48405975
vt 0.07797155 0.49643487
vt 0.08849448 0.28626651
vt 0.08011066 0.28626651
vt 0.10514690 0.25336224
vt 0.10518530 0.48812783
vt 0.08014907 0.25336224
vt 0.09680149 0.25336224
vt 0.09683990 0.25336224
vt 0.11349230 0.48812783
vt 0.08849448 0.25336224
vt 0.08011066 0.25336224
vt 0.11349233 0.49643487
vt 0.07180365 0.25336224
vt 0.10518530 0.49643487
vt 0.08845606 0.25336224
vt 0.08228797 0.49643487
vt 0.10300874 0.49643487
vt 0.10518531 0.48808944
vt 0.08014907 0.28626651
vt 0.10514690 0.28626651
vt 0.09897913 0.49643487
vt 0.10921493 0.48808944
vt 0.09466300 0.49643487
vt 0.09683990 0.28626651
vt 0.09680149 0.28626651
vt 0.08631760 0.49643487
vt 0.07394192 0.49643475
vt 0.10518531 0.48405975
vt 0.08845606 0.28626651
vt 0.07180365 0.28626651
vt 0.07797155 0.49643487
vt 0.10921493 0.48405975
vt 0.09063340 0.49643487
vt 0.08011066 0.28626651
vt 0.08849448 0.28626651
vt 0.08014907 0.25336224
vt 0.10518530 0.48812783
vt 0.10514690 0.25336224
vt 0.11349230 0.48812783
vt 0.09683990 0.25336224
vt 0.09680149 0.25336224
vt 0.11349233 0.49643487
vt 0.08011066 0.25336224
vt 0.08849448 0.25336224
vt 0.08845606 0.25336224
vt 0.10518530 0.49643487
vt 0.07180365 0.25336224
vt 0.08228797 0.49643487
vt 0.10300874 0.49643487
vt 0.10518531 0.48808944
vt 0.08014907 0.28626651
vt 0.10514690 0.28626651
vt 0.09897913 0.49643487
vt 0.10921493 0.48808944
vt 0.09466300 0.49643487
vt 0.09683990 0.28626651
vt 0.09680149 0.28626651
vt 0.08631760 0.49643487
vt 0.07394192 0.49643475
vt 0.10518531 0.48405975
vt 0.08845606 0.28626651
vt 0.07180365 0.28626651
vt 0.07797155 0.49643487
vt 0.10921493 0.48405975
vt 0.09063340 0.49643487
vt 0.08011066 0.28626651
vt 0.08849448 0.28626651
vt 0.08014907 0.25336224
vt 0.10518530 0.48812783
vt 0.10514690 0.25336224
vt 0.11349230 0.48812783
vt 0.09683990 0.25336224
vt 0.09680149 0.25336224
vt 0.11349233 0.49643487
vt 0.08011066 0.25336224
vt 0.08849448 0.25336224
vt 0.08845606 0.25336224
vt 0.10518530 0.49643487
vt 0.07180365 0.25336224
vt 2.28156996 2.13024855
vt -1.42548335 -1.21401334
vt 2.28156996 -1.21401334
vt -0.62585092 2.13024855
vt -0.62585092 -1.21401334
vt -1.42548335 1.28418911
vt 2.28156996 1.28418911
vt -0.62585092 1.28418911
vt 1.20348668 2.13024855
vt 1.20348668 -1.21401334
vt 1.20348668 1.28418911
vt 0.21457213 0.52490425
vt 0.23036569 0.52778637
vt 0.21232922 0.56389529
vt 0.22876762 0.55922556
vt 0.22680466 0.52494568
vt 0.21052423 0.52776468
vt 0.22878397 0.56395102
vt 0.21205282 0.55920720
vt 0.21112952 0.60381174
vt 0.22963065 0.59823811
vt 0.22971326 0.60387468
vt 0.21110439 0.59821773
vt 0.21011759 0.64903557
vt 0.23038198 0.64565516
vt 0.23041968 0.64910412
vt 0.21024916 0.64563477
vt 0.20523170 0.66260725
vt 0.20709383 0.73533559
vt 0.20750174 0.51145214
vt 0.20230204 0.72256386
vt 0.20523173 0.64053261
vt 0.23282388 0.73550797
vt 0.21176715 0.53085649
vt 0.23246095 0.53362954
vt 0.22956933 0.53091681
vt 0.20841604 0.53360331
vt 0.21871813 0.52543128
vt 0.23520391 0.51959157
vt 0.20570397 0.51955938
vt 0.22488368 0.72018301
vt 0.20302929 0.55863762
vt 0.22282971 0.67959690
vt 0.20191264 0.59773719
vt 0.21942191 0.64307833
vt 0.21370710 0.72813582
vt 0.22615688 0.72749972
vt 0.22908656 0.64546847
vt 0.21677834 0.56376231
vt 0.23779239 0.55867577
vt 0.20910154 0.64053965
vt 0.24131019 0.64518631
vt 0.19932193 0.64514017
vt 0.21470125 0.59830236
vt 0.22629848 0.72821605
vt 0.21355987 0.59825182
vt 0.23882343 0.59777772
vt 0.21393165 0.72744489
vt 0.21686134 0.64541364
vt 0.19790293 0.52873528
vt 0.22545786 0.70826310
vt 0.21926039 0.53668886
vt 0.24298474 0.52878463
vt 0.19784456 0.70812774
vt 0.20946172 0.53890651
vt 0.21045303 0.70386529
vt 0.22985473 0.70393550
vt 0.20415311 0.69663507
vt 0.24246119 0.70836675
vt 0.21091160 0.70461047
vt 0.22937830 0.70472932
vt 0.22036754 0.59821701
vt 0.23328109 0.52579117
vt 0.21120118 0.54413652
vt 0.23070303 0.54373562
vt 0.22068970 0.52454197
vt 0.20761320 0.52576303
vt 0.23004562 0.54420030
vt 0.20794588 0.55891573
vt 0.20667152 0.59815085
vt 0.22869056 0.57801437
vt 0.22880563 0.58417064
vt 0.21208870 0.57799613
vt 0.21051575 0.62427521
vt 0.23011364 0.61958897
vt 0.23018852 0.62434173
vt 0.21057472 0.61956757
vt 0.23287520 0.55894315
vt 0.22044498 0.52776635
vt 0.22026822 0.64920580
vt 0.23536599 0.64555401
vt 0.22055787 0.56354952
vt 0.20526482 0.64552176
vt 0.22031400 0.64566422
vt 0.21217065 0.58411431
vt 0.22041011 0.55931091
vt 0.21015158 0.54371309
vt 0.23406366 0.59818089
vt 0.20055033 0.72647250
vt 0.20801176 0.52117682
vt 0.22042114 0.60392135
vt 0.21133353 0.72299194
vt 0.22998407 0.68383360
vt 0.21330221 0.52638340
vt 0.23279771 0.52922642
vt 0.22806455 0.52643347
vt 0.20808904 0.52919936
vt 0.22043779 0.53426468
vt 0.22066729 0.53117114
vt 0.23540512 0.71240723
vt 0.23954205 0.53239644
vt 0.20178470 0.53226852
vt 0.22865494 0.53277510
vt 0.20849371 0.52122414
vt 0.22861616 0.52075756
vt 0.23290788 0.52130681
vt 0.23536405 0.72513175
vt 0.23073395 0.68001235
vt 0.23692012 0.56546533
vt 0.22727488 0.64250839
vt 0.23813951 0.60353428
vt 0.20278373 0.71337968
vt 0.23949656 0.72672343
vt 0.21218124 0.72209704
vt 0.20418304 0.56535453
vt 0.22424336 0.56336999
vt 0.20009802 0.64865142
vt 0.21836092 0.64121354
vt 0.22450542 0.59758890
vt 0.24044086 0.64878714
vt 0.22950783 0.68511784
vt 0.20270576 0.60341430
vt 0.22097649 0.59879005
vt 0.21635659 0.66213244
vt 0.21928117 0.51094937
vt 0.23120320 0.73371506
vt 0.23413289 0.65168381
vt 0.20319131 0.53188992
vt 0.23768941 0.53192759
vt 0.21995151 0.53117764
vt 0.24103193 0.52241755
vt 0.19975182 0.54154408
vt 0.22438687 0.69581556
vt 0.20883165 0.73361254
vt 0.21176134 0.65158129
vt 0.21342693 0.72303885
vt 0.21635662 0.64100760
vt 0.21999642 0.72896445
vt 0.21155907 0.72993004
vt 0.22842543 0.73003829
vt 0.22004376 0.72745514
vt 0.22297345 0.64542389
vt 0.21151641 0.61722267
vt 0.24013774 0.61904359
vt 0.21525577 0.58047938
vt 0.23736992 0.57773256
vt 0.20055179 0.61900020
vt 0.21725821 0.62299132
vt 0.21375906 0.51259285
vt 0.21963280 0.73377693
vt 0.22045548 0.51816690
vt 0.19986972 0.52237248
vt 0.22618967 0.71409857
vt 0.20340997 0.57769525
vt 0.22121757 0.66189635
vt 0.21824892 0.54844487
vt 0.24110755 0.54158950
vt 0.20512645 0.65156996
vt 0.21992697 0.73974168
vt 0.19799338 0.67781949
vt 0.21189381 0.56744659
vt 0.21051471 0.68382990
vt 0.22873978 0.72309768
vt 0.20645010 0.66968083
vt 0.24255885 0.67787516
vt 0.21078686 0.68503213
vt 0.22795455 0.72216654
vt 0.22012120 0.70883632
vt 0.19937788 0.70857471
vt 0.21501939 0.69742668
vt 0.22010657 0.70772898
vt 0.20461491 0.70766056
vt 0.23566701 0.70781231
vt 0.22096731 0.53806841
vt 0.24088190 0.70873702
vt 0.23560937 0.54269695
vt 0.22876376 0.66146839
vt 0.23682311 0.58429199
vt 0.20314173 0.52766240
vt 0.22044793 0.52507687
vt 0.22068387 0.52625901
vt 0.22044289 0.52967584
vt 0.22597475 0.62235773
vt 0.23935801 0.62387407
vt 0.22048831 0.58409190
vt 0.22038963 0.57800436
vt 0.23273934 0.57798111
vt 0.22035156 0.62448043
vt 0.22034402 0.61959803
vt 0.23486002 0.61946964
vt 0.21985902 0.52037036
vt 0.23747751 0.72633111
vt 0.22042683 0.54415822
vt 0.22062454 0.54382145
vt 0.20524754 0.54266369
vt 0.23774832 0.52770030
vt 0.20401695 0.52548915
vt 0.22979294 0.52634692
vt 0.23326029 0.69809872
vt 0.23890366 0.54717481
vt 0.23325586 0.72408378
vt 0.20681237 0.72391999
vt 0.22003523 0.72266805
vt 0.20262846 0.72617698
vt 0.21397267 0.71414131
vt 0.22006980 0.72151053
vt 0.20134950 0.62374556
vt 0.21974860 0.61782086
vt 0.20415252 0.58418137
vt 0.22238266 0.58088344
vt 0.20582858 0.61943781
vt 0.22071683 0.51652092
vt 0.22408885 0.50838315
vt 0.23057036 0.73823428
vt 0.23661011 0.71921360
vt 0.23735566 0.52560204
vt 0.20804001 0.57795405
vt 0.20232323 0.54705095
vt 0.22662929 0.54628849
vt 0.21997711 0.73199010
vt 0.21648242 0.65156996
vt 0.22293085 0.65489703
vt 0.22016534 0.67990506
vt 0.19976649 0.67943180
vt 0.21662885 0.67042226
vt 0.22025406 0.67885005
vt 0.20453689 0.67811620
vt 0.23599644 0.67814684
vt 0.22267143 0.56666166
vt 0.24056652 0.67956471
vt 0.23021491 0.69570243
vt 0.19751237 0.69298398
vt 0.21067776 0.55317664
vt 0.20828448 0.69457638
vt 0.20422108 0.69307184
vt 0.22181937 0.55236501
vt 0.24088190 0.69399476
vt 0.23215491 0.69463086
vt 0.20530158 0.68315804
vt 0.24298474 0.69312644
vt 0.21003988 0.69558549
vt 0.19939712 0.69386613
vt 0.21582413 0.68392450
vt 0.23624820 0.69315958
vt 0.22736093 0.68976545
vt 0.23525278 0.59556997
vt 0.22213230 0.59424078
vt 0.20963551 0.59420800
vt 0.21274921 0.68845129
vt 0.20919724 0.60761750
vt 0.21257994 0.70045900
vt 0.22182100 0.60771155
vt 0.22750723 0.70150018
vt 0.23511457 0.60801584
vt 0.20881568 0.61678386
vt 0.22011895 0.70409733
vt 0.22295721 0.61678392
vt 0.22014050 0.70533741
vt 0.23736714 0.61678386
vt 0.20919727 0.62595022
vt 0.22775194 0.70048583
vt 0.22182098 0.62585622
vt 0.21279305 0.70136678
vt 0.23511451 0.62555194
vt 0.20963551 0.63935971
vt 0.22771941 0.68843257
vt 0.22213227 0.63932693
vt 0.21290421 0.68967307
vt 0.23525275 0.63799787
vt 0.20920868 0.64871252
vt 0.20920873 0.58485532
vt 0.22025043 0.68388987
vt 0.22399490 0.64926386
vt 0.22399491 0.58430392
vt 0.22014384 0.68487996
vt 0.23880629 0.64627546
vt 0.23880629 0.58729231
vt 0.20936733 0.60106158
vt 0.21100357 0.69456923
vt 0.22173169 0.60115021
vt 0.22817345 0.69573486
vt 0.23495491 0.60184288
vt 0.21206731 0.69561851
vt 0.23495483 0.63172483
vt 0.22173166 0.63241750
vt 0.20936736 0.63250601
vt 0.22942269 0.69459867
vt 0.21563889 0.59412020
vt 0.21526459 0.60761619
vt 0.21572246 0.61678386
vt 0.21526460 0.62595153
vt 0.21563889 0.63944751
vt 0.21614985 0.64936739
vt 0.21614990 0.58420038
vt 0.21529444 0.60104722
vt 0.21529445 0.63252050
vt 0.22894596 0.59479439
vt 0.22865404 0.60785210
vt 0.23040009 0.61678386
vt 0.22865398 0.62571561
vt 0.22894591 0.63877344
vt 0.23197122 0.64795786
vt 0.23197123 0.58560991
vt 0.22855935 0.60145408
vt 0.22855929 0.63211358
vt 0.21457213 0.52490425
vt 0.23036569 0.52778637
vt 0.21232922 0.56389529
vt 0.22876762 0.55922556
vt 0.22680466 0.52494568
vt 0.21052423 0.52776468
vt 0.22878397 0.56395102
vt 0.21205282 0.55920720
vt 0.21112952 0.60381174
vt 0.22963065 0.59823811
vt 0.22971326 0.60387468
vt 0.21110439 0.59821773
vt 0.21011759 0.64903557
vt 0.23038198 0.64565516
vt 0.23041968 0.64910412
vt 0.21024916 0.64563477
vt 0.20523170 0.66260725
vt 0.20709383 0.73533559
vt 0.20750174 0.51145214
vt 0.20230204 0.72256386
vt 0.20523173 0.64053261
vt 0.23282388 0.73550797
vt 0.21176715 0.53085649
vt 0.23246095 0.53362954
vt 0.22956933 0.53091681
vt 0.20841604 0.53360331
vt 0.21871813 0.52543128
vt 0.23520391 0.51959157
vt 0.20570397 0.51955938
vt 0.22488368 0.72018301
vt 0.20302929 0.55863762
vt 0.22282971 0.67959690
vt 0.20191264 0.59773719
vt 0.21942191 0.64307833
vt 0.21370710 0.72813582
vt 0.22615688 0.72749972
vt 0.22908656 0.64546847
vt 0.21677834 0.56376231
vt 0.23779239 0.55867577
vt 0.20910154 0.64053965
vt 0.24131019 0.64518631
vt 0.19932193 0.64514017
vt 0.21470125 0.59830236
vt 0.22629848 0.72821605
vt 0.21355987 0.59825182
vt 0.23882343 0.59777772
vt 0.21393165 0.72744489
vt 0.21686134 0.64541364
vt 0.19790293 0.52873528
vt 0.22545786 0.70826310
vt 0.21926039 0.53668886
vt 0.24298474 0.52878463
vt 0.19784456 0.70812774
vt 0.20946172 0.53890651
vt 0.21045303 0.70386529
vt 0.22985473 0.70393550
vt 0.20415311 0.69663507
vt 0.24246119 0.70836675
vt 0.21091160 0.70461047
vt 0.22937830 0.70472932
vt 0.22036754 0.59821701
vt 0.23328109 0.52579117
vt 0.21120118 0.54413652
vt 0.23070303 0.54373562
vt 0.22068970 0.52454197
vt 0.20761320 0.52576303
vt 0.23004562 0.54420030
vt 0.20794588 0.55891573
vt 0.20667152 0.59815085
vt 0.22869056 0.57801437
vt 0.22880563 0.58417064
vt 0.21208870 0.57799613
vt 0.21051575 0.62427521
vt 0.23011364 0.61958897
vt 0.23018852 0.62434173
vt 0.21057472 0.61956757
vt 0.23287520 0.55894315
vt 0.22044498 0.52776635
vt 0.22026822 0.64920580
vt 0.23536599 0.64555401
vt 0.22055787 0.56354952
vt 0.20526482 0.64552176
vt 0.22031400 0.64566422
vt 0.21217065 0.58411431
vt 0.22041011 0.55931091
vt 0.21015158 0.54371309
vt 0.23406366 0.59818089
vt 0.20055033 0.72647250
vt 0.20801176 0.52117682
vt 0.22042114 0.60392135
vt 0.21133353 0.72299194
vt 0.22998407 0.68383360
vt 0.21330221 0.52638340
vt 0.23279771 0.52922642
vt 0.22806455 0.52643347
vt 0.20808904 0.52919936
vt 0.22043779 0.53426468
vt 0.22066729 0.53117114
vt 0.23540512 0.71240723
vt 0.23954205 0.53239644
vt 0.20178470 0.53226852
vt 0.22865494 0.53277510
vt 0.20849371 0.52122414
vt 0.22861616 0.52075756
vt 0.23290788 0.52130681
vt 0.23536405 0.72513175
vt 0.23073395 0.68001235
vt 0.23692012 0.56546533
vt 0.22727488 0.64250839
vt 0.23813951 0.60353428
vt 0.20278373 0.71337968
vt 0.23949656 0.72672343
vt 0.21218124 0.72209704
vt 0.20418304 0.56535453
vt 0.22424336 0.56336999
vt 0.20009802 0.64865142
vt 0.21836092 0.64121354
vt 0.22450542 0.59758890
vt 0.24044086 0.64878714
vt 0.22950783 0.68511784
vt 0.20270576 0.60341430
vt 0.22097649 0.59879005
vt 0.21635659 0.66213244
vt 0.21928117 0.51094937
vt 0.23120320 0.73371506
vt 0.23413289 0.65168381
vt 0.20319131 0.53188992
vt 0.23768941 0.53192759
vt 0.21995151 0.53117764
vt 0.24103193 0.52241755
vt 0.19975182 0.54154408
vt 0.22438687 0.69581556
vt 0.20883165 0.73361254
vt 0.21176134 0.65158129
vt 0.21342693 0.72303885
vt 0.21635662 0.64100760
vt 0.21999642 0.72896445
vt 0.21155907 0.72993004
vt 0.22842543 0.73003829
vt 0.22004376 0.72745514
vt 0.22297345 0.64542389
vt 0.21151641 0.61722267
vt 0.24013774 0.61904359
vt 0.21525577 0.58047938
vt 0.23736992 0.57773256
vt 0.20055179 0.61900020
vt 0.21725821 0.62299132
vt 0.21375906 0.51259285
vt 0.21963280 0.73377693
vt 0.22045548 0.51816690
vt 0.19986972 0.52237248
vt 0.22618967 0.71409857
vt 0.20340997 0.57769525
vt 0.22121757 0.66189635
vt 0.21824892 0.54844487
vt 0.24110755 0.54158950
vt 0.20512645 0.65156996
vt 0.21992697 0.73974168
vt 0.19799338 0.67781949
vt 0.21189381 0.56744659
vt 0.21051471 0.68382990
vt 0.22873978 0.72309768
vt 0.20645010 0.66968083
vt 0.24255885 0.67787516
vt 0.21078686 0.68503213
vt 0.22795455 0.72216654
vt 0.22012120 0.70883632
vt 0.19937788 0.70857471
vt 0.21501939 0.69742668
vt 0.22010657 0.70772898
vt 0.20461491 0.70766056
vt 0.23566701 0.70781231
vt 0.22096731 0.53806841
vt 0.24088190 0.70873702
vt 0.23560937 0.54269695
vt 0.22876376 0.66146839
vt 0.23682311 0.58429199
vt 0.20314173 0.52766240
vt 0.22044793 0.52507687
vt 0.22068387 0.52625901
vt 0.22044289 0.52967584
vt 0.22597475 0.62235773
vt 0.23935801 0.62387407
vt 0.22048831 0.58409190
vt 0.22038963 0.57800436
vt 0.23273934 0.57798111
vt 0.22035156 0.62448043
vt 0.22034402 0.61959803
vt 0.23486002 0.61946964
vt 0.21985902 0.52037036
vt 0.23747751 0.72633111
vt 0.22042683 0.54415822
vt 0.22062454 0.54382145
vt 0.20524754 0.54266369
vt 0.23774832 0.52770030
vt 0.20401695 0.52548915
vt 0.22979294 0.52634692
vt 0.23326029 0.69809872
vt 0.23890366 0.54717481
vt 0.23325586 0.72408378
vt 0.20681237 0.72391999
vt 0.22003523 0.72266805
vt 0.20262846 0.72617698
vt 0.21397267 0.71414131
vt 0.22006980 0.72151053
vt 0.20134950 0.62374556
vt 0.21974860 0.61782086
vt 0.20415252 0.58418137
vt 0.22238266 0.58088344
vt 0.20582858 0.61943781
vt 0.22071683 0.51652092
vt 0.22408885 0.50838315
vt 0.23057036 0.73823428
vt 0.23661011 0.71921360
vt 0.23735566 0.52560204
vt 0.20804001 0.57795405
vt 0.20232323 0.54705095
vt 0.22662929 0.54628849
vt 0.21997711 0.73199010
vt 0.21648242 0.65156996
vt 0.22293085 0.65489703
vt 0.22016534 0.67990506
vt 0.19976649 0.67943180
vt 0.21662885 0.67042226
vt 0.22025406 0.67885005
vt 0.20453689 0.67811620
vt 0.23599644 0.67814684
vt 0.22267143 0.56666166
vt 0.24056652 0.67956471
vt 0.23021491 0.69570243
vt 0.19751237 0.69298398
vt 0.21067776 0.55317664
vt 0.20828448 0.69457638
vt 0.20422108 0.69307184
vt 0.22181937 0.55236501
vt 0.24088190 0.69399476
vt 0.23215491 0.69463086
vt 0.20530158 0.68315804
vt 0.24298474 0.69312644
vt 0.21003988 0.69558549
vt 0.19939712 0.69386613
vt 0.21582413 0.68392450
vt 0.23624820 0.69315958
vt 0.22736093 0.68976545
vt 0.23525278 0.59556997
vt 0.22213230 0.59424078
vt 0.20963551 0.59420800
vt 0.21274921 0.68845129
vt 0.20919724 0.60761750
vt 0.21257994 0.70045900
vt 0.22182100 0.60771155
vt 0.22750723 0.70150018
vt 0.23511457 0.60801584
vt 0.20881568 0.61678386
vt 0.22011895 0.70409733
vt 0.22295721 0.61678392
vt 0.22014050 0.70533741
vt 0.23736714 0.61678386
vt 0.20919727 0.62595022
vt 0.22775194 0.70048583
vt 0.22182098 0.62585622
vt 0.21279305 0.70136678
vt 0.23511451 0.62555194
vt 0.20963551 0.63935971
vt 0.22771941 0.68843257
vt 0.22213227 0.63932693
vt 0.21290421 0.68967307
vt 0.23525275 0.63799787
vt 0.20920868 0.64871252
vt 0.20920873 0.58485532
vt 0.22025043 0.68388987
vt 0.22399490 0.64926386
vt 0.22399491 0.58430392
vt 0.22014384 0.68487996
vt 0.23880629 0.64627546
vt 0.23880629 0.58729231
vt 0.20936733 0.60106158
vt 0.21100357 0.69456923
vt 0.22173169 0.60115021
vt 0.22817345 0.69573486
vt 0.23495491 0.60184288
vt 0.21206731 0.69561851
vt 0.23495483 0.63172483
vt 0.22173166 0.63241750
vt 0.20936736 0.63250601
vt 0.22942269 0.69459867
vt 0.21563889 0.59412020
vt 0.21526459 0.60761619
vt 0.21572246 0.61678386
vt 0.21526460 0.62595153
vt 0.21563889 0.63944751
vt 0.21614985 0.64936739
vt 0.21614990 0.58420038
vt 0.21529444 0.60104722
vt 0.21529445 0.63252050
vt 0.22894596 0.59479439
vt 0.22865404 0.60785210
vt 0.23040009 0.61678386
vt 0.22865398 0.62571561
vt 0.22894591 0.63877344
vt 0.23197122 0.64795786
vt 0.23197123 0.58560991
vt 0.22855935 0.60145408
vt 0.22855929 0.63211358
vt 0.21457213 0.52490425
vt 0.23036569 0.52778637
vt 0.21232922 0.56389529
vt 0.22876762 0.55922556
vt 0.22680466 0.52494568
vt 0.21052423 0.52776468
vt 0.22878397 0.56395102
vt 0.21205282 0.55920720
vt 0.21112952 0.60381174
vt 0.22963065 0.59823811
vt 0.22971326 0.60387468
vt 0.21110439 0.59821773
vt 0.21011759 0.64903557
vt 0.23038198 0.64565516
vt 0.23041968 0.64910412
vt 0.21024916 0.64563477
vt 0.20523170 0.66260725
vt 0.20709383 0.73533559
vt 0.20750174 0.51145214
vt 0.20230204 0.72256386
vt 0.20523173 0.64053261
vt 0.23282388 0.73550797
vt 0.21176715 0.53085649
vt 0.23246095 0.53362954
vt 0.22956933 0.53091681
vt 0.20841604 0.53360331
vt 0.21871813 0.52543128
vt 0.23520391 0.51959157
vt 0.20570397 0.51955938
vt 0.22488368 0.72018301
vt 0.20302929 0.55863762
vt 0.22282971 0.67959690
vt 0.20191264 0.59773719
vt 0.21942191 0.64307833
vt 0.21370710 0.72813582
vt 0.22615688 0.72749972
vt 0.22908656 0.64546847
vt 0.21677834 0.56376231
vt 0.23779239 0.55867577
vt 0.20910154 0.64053965
vt 0.24131019 0.64518631
vt 0.19932193 0.64514017
vt 0.21470125 0.59830236
vt 0.22629848 0.72821605
vt 0.21355987 0.59825182
vt 0.23882343 0.59777772
vt 0.21393165 0.72744489
vt 0.21686134 0.64541364
vt 0.19790293 0.52873528
vt 0.22545786 0.70826310
vt 0.21926039 0.53668886
vt 0.24298474 0.52878463
vt 0.19784456 0.70812774
vt 0.20946172 0.53890651
vt 0.21045303 0.70386529
vt 0.22985473 0.70393550
vt 0.20415311 0.69663507
vt 0.24246119 0.70836675
vt 0.21091160 0.70461047
vt 0.22937830 0.70472932
vt 0.22036754 0.59821701
vt 0.23328109 0.52579117
vt 0.21120118 0.54413652
vt 0.23070303 0.54373562
vt 0.22068970 0.52454197
vt 0.20761320 0.52576303
vt 0.23004562 0.54420030
vt 0.20794588 0.55891573
vt 0.20667152 0.59815085
vt 0.22869056 0.57801437
vt 0.22880563 0.58417064
vt 0.21208870 0.57799613
vt 0.21051575 0.62427521
vt 0.23011364 0.61958897
vt 0.23018852 0.62434173
vt 0.21057472 0.61956757
vt 0.23287520 0.55894315
vt 0.22044498 0.52776635
vt 0.22026822 0.64920580
vt 0.23536599 0.64555401
vt 0.22055787 0.56354952
vt 0.20526482 0.64552176
vt 0.22031400 0.64566422
vt 0.21217065 0.58411431
vt 0.22041011 0.55931091
vt 0.21015158 0.54371309
vt 0.23406366 0.59818089
vt 0.20055033 0.72647250
vt 0.20801176 0.52117682
vt 0.22042114 0.60392135
vt 0.21133353 0.72299194
vt 0.22998407 0.68383360
vt 0.21330221 0.52638340
vt 0.23279771 0.52922642
vt 0.22806455 0.52643347
vt 0.20808904 0.52919936
vt 0.22043779 0.53426468
vt 0.22066729 0.53117114
vt 0.23540512 0.71240723
vt 0.23954205 0.53239644
vt 0.20178470 0.53226852
vt 0.22865494 0.53277510
vt 0.20849371 0.52122414
vt 0.22861616 0.52075756
vt 0.23290788 0.52130681
vt 0.23536405 0.72513175
vt 0.23073395 0.68001235
vt 0.23692012 0.56546533
vt 0.22727488 0.64250839
vt 0.23813951 0.60353428
vt 0.20278373 0.71337968
vt 0.23949656 0.72672343
vt 0.21218124 0.72209704
vt 0.20418304 0.56535453
vt 0.22424336 0.56336999
vt 0.20009802 0.64865142
vt 0.21836092 0.64121354
vt 0.22450542 0.59758890
vt 0.24044086 0.64878714
vt 0.22950783 0.68511784
vt 0.20270576 0.60341430
vt 0.22097649 0.59879005
vt 0.21635659 0.66213244
vt 0.21928117 0.51094937
vt 0.23120320 0.73371506
vt 0.23413289 0.65168381
vt 0.20319131 0.53188992
vt 0.23768941 0.53192759
vt 0.21995151 0.53117764
vt 0.24103193 0.52241755
vt 0.19975182 0.54154408
vt 0.22438687 0.69581556
vt 0.20883165 0.73361254
vt 0.21176134 0.65158129
vt 0.21342693 0.72303885
vt 0.21635662 0.64100760
vt 0.21999642 0.72896445
vt 0.21155907 0.72993004
vt 0.22842543 0.73003829
vt 0.22004376 0.72745514
vt 0.22297345 0.64542389
vt 0.21151641 0.61722267
vt 0.24013774 0.61904359
vt 0.21525577 0.58047938
vt 0.23736992 0.57773256
vt 0.20055179 0.61900020
vt 0.21725821 0.62299132
vt 0.21375906 0.51259285
vt 0.21963280 0.73377693
vt 0.22045548 0.51816690
vt 0.19986972 0.52237248
vt 0.22618967 0.71409857
vt 0.20340997 0.57769525
vt 0.22121757 0.66189635
vt 0.21824892 0.54844487
vt 0.24110755 0.54158950
vt 0.20512645 0.65156996
vt 0.21992697 0.73974168
vt 0.19799338 0.67781949
vt 0.21189381 0.56744659
vt 0.21051471 0.68382990
vt 0.22873978 0.72309768
vt 0.20645010 0.66968083
vt 0.24255885 0.67787516
vt 0.21078686 0.68503213
vt 0.22795455 0.72216654
vt 0.22012120 0.70883632
vt 0.19937788 0.70857471
vt 0.21501939 0.69742668
vt 0.22010657 0.70772898
vt 0.20461491 0.70766056
vt 0.23566701 0.70781231
vt 0.22096731 0.53806841
vt 0.24088190 0.70873702
vt 0.23560937 0.54269695
vt 0.22876376 0.66146839
vt 0.23682311 0.58429199
vt 0.20314173 0.52766240
vt 0.22044793 0.52507687
vt 0.22068387 0.52625901
vt 0.22044289 0.52967584
vt 0.22597475 0.62235773
vt 0.23935801 0.62387407
vt 0.22048831 0.58409190
vt 0.22038963 0.57800436
vt 0.23273934 0.57798111
vt 0.22035156 0.62448043
vt 0.22034402 0.61959803
vt 0.23486002 0.61946964
vt 0.21985902 0.52037036
vt 0.23747751 0.72633111
vt 0.22042683 0.54415822
vt 0.22062454 0.54382145
vt 0.20524754 0.54266369
vt 0.23774832 0.52770030
vt 0.20401695 0.52548915
vt 0.22979294 0.52634692
vt 0.23326029 0.69809872
vt 0.23890366 0.54717481
vt 0.23325586 0.72408378
vt 0.20681237 0.72391999
vt 0.22003523 0.72266805
vt 0.20262846 0.72617698
vt 0.21397267 0.71414131
vt 0.22006980 0.72151053
vt 0.20134950 0.62374556
vt 0.21974860 0.61782086
vt 0.20415252 0.58418137
vt 0.22238266 0.58088344
vt 0.20582858 0.61943781
vt 0.22071683 0.51652092
vt 0.22408885 0.50838315
vt 0.23057036 0.73823428
vt 0.23661011 0.71921360
vt 0.23735566 0.52560204
vt 0.20804001 0.57795405
vt 0.20232323 0.54705095
vt 0.22662929 0.54628849
vt 0.21997711 0.73199010
vt 0.21648242 0.65156996
vt 0.22293085 0.65489703
vt 0.22016534 0.67990506
vt 0.19976649 0.67943180
vt 0.21662885 0.67042226
vt 0.22025406 0.67885005
vt 0.20453689 0.67811620
vt 0.23599644 0.67814684
vt 0.22267143 0.56666166
vt 0.24056652 0.67956471
vt 0.23021491 0.69570243
vt 0.19751237 0.69298398
vt 0.21067776 0.55317664
vt 0.20828448 0.69457638
vt 0.20422108 0.69307184
vt 0.22181937 0.55236501
vt 0.24088190 0.69399476
vt 0.23215491 0.69463086
vt 0.20530158 0.68315804
vt 0.24298474 0.69312644
vt 0.21003988 0.69558549
vt 0.19939712 0.69386613
vt 0.21582413 0.68392450
vt 0.23624820 0.69315958
vt 0.22736093 0.68976545
vt 0.23525278 0.59556997
vt 0.22213230 0.59424078
vt 0.20963551 0.59420800
vt 0.21274921 0.68845129
vt 0.20919724 0.60761750
vt 0.21257994 0.70045900
vt 0.22182100 0.60771155
vt 0.22750723 0.70150018
vt 0.23511457 0.60801584
vt 0.20881568 0.61678386
vt 0.22011895 0.70409733
vt 0.22295721 0.61678392
vt 0.22014050 0.70533741
vt 0.23736714 0.61678386
vt 0.20919727 0.62595022
vt 0.22775194 0.70048583
vt 0.22182098 0.62585622
vt 0.21279305 0.70136678
vt 0.23511451 0.62555194
vt 0.20963551 0.63935971
vt 0.22771941 0.68843257
vt 0.22213227 0.63932693
vt 0.21290421 0.68967307
vt 0.23525275 0.63799787
vt 0.20920868 0.64871252
vt 0.20920873 0.58485532
vt 0.22025043 0.68388987
vt 0.22399490 0.64926386
vt 0.22399491 0.58430392
vt 0.22014384 0.68487996
vt 0.23880629 0.64627546
vt 0.23880629 0.58729231
vt 0.20936733 0.60106158
vt 0.21100357 0.69456923
vt 0.22173169 0.60115021
vt 0.22817345 0.69573486
vt 0.23495491 0.60184288
vt 0.21206731 0.69561851
vt 0.23495483 0.63172483
vt 0.22173166 0.63241750
vt 0.20936736 0.63250601
vt 0.22942269 0.69459867
vt 0.21563889 0.59412020
vt 0.21526459 0.60761619
vt 0.21572246 0.61678386
vt 0.21526460 0.62595153
vt 0.21563889 0.63944751
vt 0.21614985 0.64936739
vt 0.21614990 0.58420038
vt 0.21529444 0.60104722
vt 0.21529445 0.63252050
vt 0.22894596 0.59479439
vt 0.22865404 0.60785210
vt 0.23040009 0.61678386
vt 0.22865398 0.62571561
vt 0.22894591 0.63877344
vt 0.23197122 0.64795786
vt 0.23197123 0.58560991
vt 0.22855935 0.60145408
vt 0.22855929 0.63211358
vt 0.21457213 0.52490425
vt 0.23036569 0.52778637
vt 0.21232922 0.56389529
vt 0.22876762 0.55922556
vt 0.22680466 0.52494568
vt 0.21052423 0.52776468
vt 0.22878397 0.56395102
vt 0.21205282 0.55920720
vt 0.21112952 0.60381174
vt 0.22963065 0.59823811
vt 0.22971326 0.60387468
vt 0.21110439 0.59821773
vt 0.21011759 0.64903557
vt 0.23038198 0.64565516
vt 0.23041968 0.64910412
vt 0.21024916 0.64563477
vt 0.20523170 0.66260725
vt 0.20709383 0.73533559
vt 0.20750174 0.51145214
vt 0.20230204 0.72256386
vt 0.20523173 0.64053261
vt 0.23282388 0.73550797
vt 0.21176715 0.53085649
vt 0.23246095 0.53362954
vt 0.22956933 0.53091681
vt 0.20841604 0.53360331
vt 0.21871813 0.52543128
vt 0.23520391 0.51959157
vt 0.20570397 0.51955938
vt 0.22488368 0.72018301
vt 0.20302929 0.55863762
vt 0.22282971 0.67959690
vt 0.20191264 0.59773719
vt 0.21942191 0.64307833
vt 0.21370710 0.72813582
vt 0.22615688 0.72749972
vt 0.22908656 0.64546847
vt 0.21677834 0.56376231
vt 0.23779239 0.55867577
vt 0.20910154 0.64053965
vt 0.24131019 0.64518631
vt 0.19932193 0.64514017
vt 0.21470125 0.59830236
vt 0.22629848 0.72821605
vt 0.21355987 0.59825182
vt 0.23882343 0.59777772
vt 0.21393165 0.72744489
vt 0.21686134 0.64541364
vt 0.19790293 0.52873528
vt 0.22545786 0.70826310
vt 0.21926039 0.53668886
vt 0.24298474 0.52878463
vt 0.19784456 0.70812774
vt 0.20946172 0.53890651
vt 0.21045303 0.70386529
vt 0.22985473 0.70393550
vt 0.20415311 0.69663507
vt 0.24246119 0.70836675
vt 0.21091160 0.70461047
vt 0.22937830 0.70472932
vt 0.22036754 0.59821701
vt 0.23328109 0.52579117
vt 0.21120118 0.54413652
vt 0.23070303 0.54373562
vt 0.22068970 0.52454197
vt 0.20761320 0.52576303
vt 0.23004562 0.54420030
vt 0.20794588 0.55891573
vt 0.20667152 0.59815085
vt 0.22869056 0.57801437
vt 0.22880563 0.58417064
vt 0.21208870 0.57799613
vt 0.21051575 0.62427521
vt 0.23011364 0.61958897
vt 0.23018852 0.62434173
vt 0.21057472 0.61956757
vt 0.23287520 0.55894315
vt 0.22044498 0.52776635
vt 0.22026822 0.64920580
vt 0.23536599 0.64555401
vt 0.22055787 0.56354952
vt 0.20526482 0.64552176
vt 0.22031400 0.64566422
vt 0.21217065 0.58411431
vt 0.22041011 0.55931091
vt 0.21015158 0.54371309
vt 0.23406366 0.59818089
vt 0.20055033 0.72647250
vt 0.20801176 0.52117682
vt 0.22042114 0.60392135
vt 0.21133353 0.72299194
vt 0.22998407 0.68383360
vt 0.21330221 0.52638340
vt 0.23279771 0.52922642
vt 0.22806455 0.52643347
vt 0.20808904 0.52919936
vt 0.22043779 0.53426468
vt 0.22066729 0.53117114
vt 0.23540512 0.71240723
vt 0.23954205 0.53239644
vt 0.20178470 0.53226852
vt 0.22865494 0.53277510
vt 0.20849371 0.52122414
vt 0.22861616 0.52075756
vt 0.23290788 0.52130681
vt 0.23536405 0.72513175
vt 0.23073395 0.68001235
vt 0.23692012 0.56546533
vt 0.22727488 0.64250839
vt 0.23813951 0.60353428
vt 0.20278373 0.71337968
vt 0.23949656 0.72672343
vt 0.21218124 0.72209704
vt 0.20418304 0.56535453
vt 0.22424336 0.56336999
vt 0.20009802 0.64865142
vt 0.21836092 0.64121354
vt 0.22450542 0.59758890
vt 0.24044086 0.64878714
vt 0.22950783 0.68511784
vt 0.20270576 0.60341430
vt 0.22097649 0.59879005
vt 0.21635659 0.66213244
vt 0.21928117 0.51094937
vt 0.23120320 0.73371506
vt 0.23413289 0.65168381
vt 0.20319131 0.53188992
vt 0.23768941 0.53192759
vt 0.21995151 0.53117764
vt 0.24103193 0.52241755
vt 0.19975182 0.54154408
vt 0.22438687 0.69581556
vt 0.20883165 0.73361254
vt 0.21176134 0.65158129
vt 0.21342693 0.72303885
vt 0.21635662 0.64100760
vt 0.21999642 0.72896445
vt 0.21155907 0.72993004
vt 0.22842543 0.73003829
vt 0.22004376 0.72745514
vt 0.22297345 0.64542389
vt 0.21151641 0.61722267
vt 0.24013774 0.61904359
vt 0.21525577 0.58047938
vt 0.23736992 0.57773256
vt 0.20055179 0.61900020
vt 0.21725821 0.62299132
vt 0.21375906 0.51259285
vt 0.21963280 0.73377693
vt 0.22045548 0.51816690
vt 0.19986972 0.52237248
vt 0.22618967 0.71409857
vt 0.20340997 0.57769525
vt 0.22121757 0.66189635
vt 0.21824892 0.54844487
vt 0.24110755 0.54158950
vt 0.20512645 0.65156996
vt 0.21992697 0.73974168
vt 0.19799338 0.67781949
vt 0.21189381 0.56744659
vt 0.21051471 0.68382990
vt 0.22873978 0.72309768
vt 0.20645010 0.66968083
vt 0.24255885 0.67787516
vt 0.21078686 0.68503213
vt 0.22795455 0.72216654
vt 0.22012120 0.70883632
vt 0.19937788 0.70857471
vt 0.21501939 0.69742668
vt 0.22010657 0.70772898
vt 0.20461491 0.70766056
vt 0.23566701 0.70781231
vt 0.22096731 0.53806841
vt 0.24088190 0.70873702
vt 0.23560937 0.54269695
vt 0.22876376 0.66146839
vt 0.23682311 0.58429199
vt 0.20314173 0.52766240
vt 0.22044793 0.52507687
vt 0.22068387 0.52625901
vt 0.22044289 0.52967584
vt 0.22597475 0.62235773
vt 0.23935801 0.62387407
vt 0.22048831 0.58409190
vt 0.22038963 0.57800436
vt 0.23273934 0.57798111
vt 0.22035156 0.62448043
vt 0.22034402 0.61959803
vt 0.23486002 0.61946964
vt 0.21985902 0.52037036
vt 0.23747751 0.72633111
vt 0.22042683 0.54415822
vt 0.22062454 0.54382145
vt 0.20524754 0.54266369
vt 0.23774832 0.52770030
vt 0.20401695 0.52548915
vt 0.22979294 0.52634692
vt 0.23326029 0.69809872
vt 0.23890366 0.54717481
vt 0.23325586 0.72408378
vt 0.20681237 0.72391999
vt 0.22003523 0.72266805
vt 0.20262846 0.72617698
vt 0.21397267 0.71414131
vt 0.22006980 0.72151053
vt 0.20134950 0.62374556
vt 0.21974860 0.61782086
vt 0.20415252 0.58418137
vt 0.22238266 0.58088344
vt 0.20582858 0.61943781
vt 0.22071683 0.51652092
vt 0.22408885 0.50838315
vt 0.23057036 0.73823428
vt 0.23661011 0.71921360
vt 0.23735566 0.52560204
vt 0.20804001 0.57795405
vt 0.20232323 0.54705095
vt 0.22662929 0.54628849
vt 0.21997711 0.73199010
vt 0.21648242 0.65156996
vt 0.22293085 0.65489703
vt 0.22016534 0.67990506
vt 0.19976649 0.67943180
vt 0.21662885 0.67042226
vt 0.22025406 0.67885005
vt 0.20453689 0.67811620
vt 0.23599644 0.67814684
vt 0.22267143 0.56666166
vt 0.24056652 0.67956471
vt 0.23021491 0.69570243
vt 0.19751237 0.69298398
vt 0.21067776 0.55317664
vt 0.20828448 0.69457638
vt 0.20422108 0.69307184
vt 0.22181937 0.55236501
vt 0.24088190 0.69399476
vt 0.23215491 0.69463086
vt 0.20530158 0.68315804
vt 0.24298474 0.69312644
vt 0.21003988 0.69558549
vt 0.19939712 0.69386613
vt 0.21582413 0.68392450
vt 0.23624820 0.69315958
vt 0.22736093 0.68976545
vt 0.23525278 0.59556997
vt 0.22213230 0.59424078
vt 0.20963551 0.59420800
vt 0.21274921 0.68845129
vt 0.20919724 0.60761750
vt 0.21257994 0.70045900
vt 0.22182100 0.60771155
vt 0.22750723 0.70150018
vt 0.23511457 0.60801584
vt 0.20881568 0.61678386
vt 0.22011895 0.70409733
vt 0.22295721 0.61678392
vt 0.22014050 0.70533741
vt 0.23736714 0.61678386
vt 0.20919727 0.62595022
vt 0.22775194 0.70048583
vt 0.22182098 0.62585622
vt 0.21279305 0.70136678
vt 0.23511451 0.62555194
vt 0.20963551 0.63935971
vt 0.22771941 0.68843257
vt 0.22213227 0.63932693
vt 0.21290421 0.68967307
vt 0.23525275 0.63799787
vt 0.20920868 0.64871252
vt 0.20920873 0.58485532
vt 0.22025043 0.68388987
vt 0.22399490 0.64926386
vt 0.22399491 0.58430392
vt 0.22014384 0.68487996
vt 0.23880629 0.64627546
vt 0.23880629 0.58729231
vt 0.20936733 0.60106158
vt 0.21100357 0.69456923
vt 0.22173169 0.60115021
vt 0.22817345 0.69573486
vt 0.23495491 0.60184288
vt 0.21206731 0.69561851
vt 0.23495483 0.63172483
vt 0.22173166 0.63241750
vt 0.20936736 0.63250601
vt 0.22942269 0.69459867
vt 0.21563889 0.59412020
vt 0.21526459 0.60761619
vt 0.21572246 0.61678386
vt 0.21526460 0.62595153
vt 0.21563889 0.63944751
vt 0.21614985 0.64936739
vt 0.21614990 0.58420038
vt 0.21529444 0.60104722
vt 0.21529445 0.63252050
vt 0.22894596 0.59479439
vt 0.22865404 0.60785210
vt 0.23040009 0.61678386
vt 0.22865398 0.62571561
vt 0.22894591 0.63877344
vt 0.23197122 0.64795786
vt 0.23197123 0.58560991
vt 0.22855935 0.60145408
vt 0.22855929 0.63211358
vt 0.21457213 0.52490425
vt 0.23036569 0.52778637
vt 0.21232922 0.56389529
vt 0.22876762 0.55922556
vt 0.22680466 0.52494568
vt 0.21052423 0.52776468
vt 0.22878397 0.56395102
vt 0.21205282 0.55920720
vt 0.21112952 0.60381174
vt 0.22963065 0.59823811
vt 0.22971326 0.60387468
vt 0.21110439 0.59821773
vt 0.21011759 0.64903557
vt 0.23038198 0.64565516
vt 0.23041968 0.64910412
vt 0.21024916 0.64563477
vt 0.20523170 0.66260725
vt 0.20709383 0.73533559
vt 0.20750174 0.51145214
vt 0.20230204 0.72256386
vt 0.20523173 0.64053261
vt 0.23282388 0.73550797
vt 0.21176715 0.53085649
vt 0.23246095 0.53362954
vt 0.22956933 0.53091681
vt 0.20841604 0.53360331
vt 0.21871813 0.52543128
vt 0.23520391 0.51959157
vt 0.20570397 0.51955938
vt 0.22488368 0.72018301
vt 0.20302929 0.55863762
vt 0.22282971 0.67959690
vt 0.20191264 0.59773719
vt 0.21942191 0.64307833
vt 0.21370710 0.72813582
vt 0.22615688 0.72749972
vt 0.22908656 0.64546847
vt 0.21677834 0.56376231
vt 0.23779239 0.55867577
vt 0.20910154 0.64053965
vt 0.24131019 0.64518631
vt 0.19932193 0.64514017
vt 0.21470125 0.59830236
vt 0.22629848 0.72821605
vt 0.21355987 0.59825182
vt 0.23882343 0.59777772
vt 0.21393165 0.72744489
vt 0.21686134 0.64541364
vt 0.19790293 0.52873528
vt 0.22545786 0.70826310
vt 0.21926039 0.53668886
vt 0.24298474 0.52878463
vt 0.19784456 0.70812774
vt 0.20946172 0.53890651
vt 0.21045303 0.70386529
vt 0.22985473 0.70393550
vt 0.20415311 0.69663507
vt 0.24246119 0.70836675
vt 0.21091160 0.70461047
vt 0.22937830 0.70472932
vt 0.22036754 0.59821701
vt 0.23328109 0.52579117
vt 0.21120118 0.54413652
vt 0.23070303 0.54373562
vt 0.22068970 0.52454197
vt 0.20761320 0.52576303
vt 0.23004562 0.54420030
vt 0.20794588 0.55891573
vt 0.20667152 0.59815085
vt 0.22869056 0.57801437
vt 0.22880563 0.58417064
vt 0.21208870 0.57799613
vt 0.21051575 0.62427521
vt 0.23011364 0.61958897
vt 0.23018852 0.62434173
vt 0.21057472 0.61956757
vt 0.23287520 0.55894315
vt 0.22044498 0.52776635
vt 0.22026822 0.64920580
vt 0.23536599 0.64555401
vt 0.22055787 0.56354952
vt 0.20526482 0.64552176
vt 0.22031400 0.64566422
vt 0.21217065 0.58411431
vt 0.22041011 0.55931091
vt 0.21015158 0.54371309
vt 0.23406366 0.59818089
vt 0.20055033 0.72647250
vt 0.20801176 0.52117682
vt 0.22042114 0.60392135
vt 0.21133353 0.72299194
vt 0.22998407 0.68383360
vt 0.21330221 0.52638340
vt 0.23279771 0.52922642
vt 0.22806455 0.52643347
vt 0.20808904 0.52919936
vt 0.22043779 0.53426468
vt 0.22066729 0.53117114
vt 0.23540512 0.71240723
vt 0.23954205 0.53239644
vt 0.20178470 0.53226852
vt 0.22865494 0.53277510
vt 0.20849371 0.52122414
vt 0.22861616 0.52075756
vt 0.23290788 0.52130681
vt 0.23536405 0.72513175
vt 0.23073395 0.68001235
vt 0.23692012 0.56546533
vt 0.22727488 0.64250839
vt 0.23813951 0.60353428
vt 0.20278373 0.71337968
vt 0.23949656 0.72672343
vt 0.21218124 0.72209704
vt 0.20418304 0.56535453
vt 0.22424336 0.56336999
vt 0.20009802 0.64865142
vt 0.21836092 0.64121354
vt 0.22450542 0.59758890
vt 0.24044086 0.64878714
vt 0.22950783 0.68511784
vt 0.20270576 0.60341430
vt 0.22097649 0.59879005
vt 0.21635659 0.66213244
vt 0.21928117 0.51094937
vt 0.23120320 0.73371506
vt 0.23413289 0.65168381
vt 0.20319131 0.53188992
vt 0.23768941 0.53192759
vt 0.21995151 0.53117764
vt 0.24103193 0.52241755
vt 0.19975182 0.54154408
vt 0.22438687 0.69581556
vt 0.20883165 0.73361254
vt 0.21176134 0.65158129
vt 0.21342693 0.72303885
vt 0.21635662 0.64100760
vt 0.21999642 0.72896445
vt 0.21155907 0.72993004
vt 0.22842543 0.73003829
vt 0.22004376 0.72745514
vt 0.22297345 0.64542389
vt 0.21151641 0.61722267
vt 0.24013774 0.61904359
vt 0.21525577 0.58047938
vt 0.23736992 0.57773256
vt 0.20055179 0.61900020
vt 0.21725821 0.62299132
vt 0.21375906 0.51259285
vt 0.21963280 0.73377693
vt 0.22045548 0.51816690
vt 0.19986972 0.52237248
vt 0.22618967 0.71409857
vt 0.20340997 0.57769525
vt 0.22121757 0.66189635
vt 0.21824892 0.54844487
vt 0.24110755 0.54158950
vt 0.20512645 0.65156996
vt 0.21992697 0.73974168
vt 0.19799338 0.67781949
vt 0.21189381 0.56744659
vt 0.21051471 0.68382990
vt 0.22873978 0.72309768
vt 0.20645010 0.66968083
vt 0.24255885 0.67787516
vt 0.21078686 0.68503213
vt 0.22795455 0.72216654
vt 0.22012120 0.70883632
vt 0.19937788 0.70857471
vt 0.21501939 0.69742668
vt 0.22010657 0.70772898
vt 0.20461491 0.70766056
vt 0.23566701 0.70781231
vt 0.22096731 0.53806841
vt 0.24088190 0.70873702
vt 0.23560937 0.54269695
vt 0.22876376 0.66146839
vt 0.23682311 0.58429199
vt 0.20314173 0.52766240
vt 0.22044793 0.52507687
vt 0.22068387 0.52625901
vt 0.22044289 0.52967584
vt 0.22597475 0.62235773
vt 0.23935801 0.62387407
vt 0.22048831 0.58409190
vt 0.22038963 0.57800436
vt 0.23273934 0.57798111
vt 0.22035156 0.62448043
vt 0.22034402 0.61959803
vt 0.23486002 0.61946964
vt 0.21985902 0.52037036
vt 0.23747751 0.72633111
vt 0.22042683 0.54415822
vt 0.22062454 0.54382145
vt 0.20524754 0.54266369
vt 0.23774832 0.52770030
vt 0.20401695 0.52548915
vt 0.22979294 0.52634692
vt 0.23326029 0.69809872
vt 0.23890366 0.54717481
vt 0.23325586 0.72408378
vt 0.20681237 0.72391999
vt 0.22003523 0.72266805
vt 0.20262846 0.72617698
vt 0.21397267 0.71414131
vt 0.22006980 0.72151053
vt 0.20134950 0.62374556
vt 0.21974860 0.61782086
vt 0.20415252 0.58418137
vt 0.22238266 0.58088344
vt 0.20582858 0.61943781
vt 0.22071683 0.51652092
vt 0.22408885 0.50838315
vt 0.23057036 0.73823428
vt 0.23661011 0.71921360
vt 0.23735566 0.52560204
vt 0.20804001 0.57795405
vt 0.20232323 0.54705095
vt 0.22662929 0.54628849
vt 0.21997711 0.73199010
vt 0.21648242 0.65156996
vt 0.22293085 0.65489703
vt 0.22016534 0.67990506
vt 0.19976649 0.67943180
vt 0.21662885 0.67042226
vt 0.22025406 0.67885005
vt 0.20453689 0.67811620
vt 0.23599644 0.67814684
vt 0.22267143 0.56666166
vt 0.24056652 0.67956471
vt 0.23021491 0.69570243
vt 0.19751237 0.69298398
vt 0.21067776 0.55317664
vt 0.20828448 0.69457638
vt 0.20422108 0.69307184
vt 0.22181937 0.55236501
vt 0.24088190 0.69399476
vt 0.23215491 0.69463086
vt 0.20530158 0.68315804
vt 0.24298474 0.69312644
vt 0.21003988 0.69558549
vt 0.19939712 0.69386613
vt 0.21582413 0.68392450
vt 0.23624820 0.69315958
vt 0.22736093 0.68976545
vt 0.23525278 0.59556997
vt 0.22213230 0.59424078
vt 0.20963551 0.59420800
vt 0.21274921 0.68845129
vt 0.20919724 0.60761750
vt 0.21257994 0.70045900
vt 0.22182100 0.60771155
vt 0.22750723 0.70150018
vt 0.23511457 0.60801584
vt 0.20881568 0.61678386
vt 0.22011895 0.70409733
vt 0.22295721 0.61678392
vt 0.22014050 0.70533741
vt 0.23736714 0.61678386
vt 0.20919727 0.62595022
vt 0.22775194 0.70048583
vt 0.22182098 0.62585622
vt 0.21279305 0.70136678
vt 0.23511451 0.62555194
vt 0.20963551 0.63935971
vt 0.22771941 0.68843257
vt 0.22213227 0.63932693
vt 0.21290421 0.68967307
vt 0.23525275 0.63799787
vt 0.20920868 0.64871252
vt 0.20920873 0.58485532
vt 0.22025043 0.68388987
vt 0.22399490 0.64926386
vt 0.22399491 0.58430392
vt 0.22014384 0.68487996
vt 0.23880629 0.64627546
vt 0.23880629 0.58729231
vt 0.20936733 0.60106158
vt 0.21100357 0.69456923
vt 0.22173169 0.60115021
vt 0.22817345 0.69573486
vt 0.23495491 0.60184288
vt 0.21206731 0.69561851
vt 0.23495483 0.63172483
vt 0.22173166 0.63241750
vt 0.20936736 0.63250601
vt 0.22942269 0.69459867
vt 0.21563889 0.59412020
vt 0.21526459 0.60761619
vt 0.21572246 0.61678386
vt 0.21526460 0.62595153
vt 0.21563889 0.63944751
vt 0.21614985 0.64936739
vt 0.21614990 0.58420038
vt 0.21529444 0.60104722
vt 0.21529445 0.63252050
vt 0.22894596 0.59479439
vt 0.22865404 0.60785210
vt 0.23040009 0.61678386
vt 0.22865398 0.62571561
vt 0.22894591 0.63877344
vt 0.23197122 0.64795786
vt 0.23197123 0.58560991
vt 0.22855935 0.60145408
vt 0.22855929 0.63211358
vt 0.21457213 0.52490425
vt 0.23036569 0.52778637
vt 0.21232922 0.56389529
vt 0.22876762 0.55922556
vt 0.22680466 0.52494568
vt 0.21052423 0.52776468
vt 0.22878397 0.56395102
vt 0.21205282 0.55920720
vt 0.21112952 0.60381174
vt 0.22963065 0.59823811
vt 0.22971326 0.60387468
vt 0.21110439 0.59821773
vt 0.21011759 0.64903557
vt 0.23038198 0.64565516
vt 0.23041968 0.64910412
vt 0.21024916 0.64563477
vt 0.20523170 0.66260725
vt 0.20709383 0.73533559
vt 0.20750174 0.51145214
vt 0.20230204 0.72256386
vt 0.20523173 0.64053261
vt 0.23282388 0.73550797
vt 0.21176715 0.53085649
vt 0.23246095 0.53362954
vt 0.22956933 0.53091681
vt 0.20841604 0.53360331
vt 0.21871813 0.52543128
vt 0.23520391 0.51959157
vt 0.20570397 0.51955938
vt 0.22488368 0.72018301
vt 0.20302929 0.55863762
vt 0.22282971 0.67959690
vt 0.20191264 0.59773719
vt 0.21942191 0.64307833
vt 0.21370710 0.72813582
vt 0.22615688 0.72749972
vt 0.22908656 0.64546847
vt 0.21677834 0.56376231
vt 0.23779239 0.55867577
vt 0.20910154 0.64053965
vt 0.24131019 0.64518631
vt 0.19932193 0.64514017
vt 0.21470125 0.59830236
vt 0.22629848 0.72821605
vt 0.21355987 0.59825182
vt 0.23882343 0.59777772
vt 0.21393165 0.72744489
vt 0.21686134 0.64541364
vt 0.19790293 0.52873528
vt 0.22545786 0.70826310
vt 0.21926039 0.53668886
vt 0.24298474 0.52878463
vt 0.19784456 0.70812774
vt 0.20946172 0.53890651
vt 0.21045303 0.70386529
vt 0.22985473 0.70393550
vt 0.20415311 0.69663507
vt 0.24246119 0.70836675
vt 0.21091160 0.70461047
vt 0.22937830 0.70472932
vt 0.22036754 0.59821701
vt 0.23328109 0.52579117
vt 0.21120118 0.54413652
vt 0.23070303 0.54373562
vt 0.22068970 0.52454197
vt 0.20761320 0.52576303
vt 0.23004562 0.54420030
vt 0.20794588 0.55891573
vt 0.20667152 0.59815085
vt 0.22869056 0.57801437
vt 0.22880563 0.58417064
vt 0.21208870 0.57799613
vt 0.21051575 0.62427521
vt 0.23011364 0.61958897
vt 0.23018852 0.62434173
vt 0.21057472 0.61956757
vt 0.23287520 0.55894315
vt 0.22044498 0.52776635
vt 0.22026822 0.64920580
vt 0.23536599 0.64555401
vt 0.22055787 0.56354952
vt 0.20526482 0.64552176
vt 0.22031400 0.64566422
vt 0.21217065 0.58411431
vt 0.22041011 0.55931091
vt 0.21015158 0.54371309
vt 0.23406366 0.59818089
vt 0.20055033 0.72647250
vt 0.20801176 0.52117682
vt 0.22042114 0.60392135
vt 0.21133353 0.72299194
vt 0.22998407 0.68383360
vt 0.21330221 0.52638340
vt 0.23279771 0.52922642
vt 0.22806455 0.52643347
vt 0.20808904 0.52919936
vt 0.22043779 0.53426468
vt 0.22066729 0.53117114
vt 0.23540512 0.71240723
vt 0.23954205 0.53239644
vt 0.20178470 0.53226852
vt 0.22865494 0.53277510
vt 0.20849371 0.52122414
vt 0.22861616 0.52075756
vt 0.23290788 0.52130681
vt 0.23536405 0.72513175
vt 0.23073395 0.68001235
vt 0.23692012 0.56546533
vt 0.22727488 0.64250839
vt 0.23813951 0.60353428
vt 0.20278373 0.71337968
vt 0.23949656 0.72672343
vt 0.21218124 0.72209704
vt 0.20418304 0.56535453
vt 0.22424336 0.56336999
vt 0.20009802 0.64865142
vt 0.21836092 0.64121354
vt 0.22450542 0.59758890
vt 0.24044086 0.64878714
vt 0.22950783 0.68511784
vt 0.20270576 0.60341430
vt 0.22097649 0.59879005
vt 0.21635659 0.66213244
vt 0.21928117 0.51094937
vt 0.23120320 0.73371506
vt 0.23413289 0.65168381
vt 0.20319131 0.53188992
vt 0.23768941 0.53192759
vt 0.21995151 0.53117764
vt 0.24103193 0.52241755
vt 0.19975182 0.54154408
vt 0.22438687 0.69581556
vt 0.20883165 0.73361254
vt 0.21176134 0.65158129
vt 0.21342693 0.72303885
vt 0.21635662 0.64100760
vt 0.21999642 0.72896445
vt 0.21155907 0.72993004
vt 0.22842543 0.73003829
vt 0.22004376 0.72745514
vt 0.22297345 0.64542389
vt 0.21151641 0.61722267
vt 0.24013774 0.61904359
vt 0.21525577 0.58047938
vt 0.23736992 0.57773256
vt 0.20055179 0.61900020
vt 0.21725821 0.62299132
vt 0.21375906 0.51259285
vt 0.21963280 0.73377693
vt 0.22045548 0.51816690
vt 0.19986972 0.52237248
vt 0.22618967 0.71409857
vt 0.20340997 0.57769525
vt 0.22121757 0.66189635
vt 0.21824892 0.54844487
vt 0.24110755 0.54158950
vt 0.20512645 0.65156996
vt 0.21992697 0.73974168
vt 0.19799338 0.67781949
vt 0.21189381 0.56744659
vt 0.21051471 0.68382990
vt 0.22873978 0.72309768
vt 0.20645010 0.66968083
vt 0.24255885 0.67787516
vt 0.21078686 0.68503213
vt 0.22795455 0.72216654
vt 0.22012120 0.70883632
vt 0.19937788 0.70857471
vt 0.21501939 0.69742668
vt 0.22010657 0.70772898
vt 0.20461491 0.70766056
vt 0.23566701 0.70781231
vt 0.22096731 0.53806841
vt 0.24088190 0.70873702
vt 0.23560937 0.54269695
vt 0.22876376 0.66146839
vt 0.23682311 0.58429199
vt 0.20314173 0.52766240
vt 0.22044793 0.52507687
vt 0.22068387 0.52625901
vt 0.22044289 0.52967584
vt 0.22597475 0.62235773
vt 0.23935801 0.62387407
vt 0.22048831 0.58409190
vt 0.22038963 0.57800436
vt 0.23273934 0.57798111
vt 0.22035156 0.62448043
vt 0.22034402 0.61959803
vt 0.23486002 0.61946964
vt 0.21985902 0.52037036
vt 0.23747751 0.72633111
vt 0.22042683 0.54415822
vt 0.22062454 0.54382145
vt 0.20524754 0.54266369
vt 0.23774832 0.52770030
vt 0.20401695 0.52548915
vt 0.22979294 0.52634692
vt 0.23326029 0.69809872
vt 0.23890366 0.54717481
vt 0.23325586 0.72408378
vt 0.20681237 0.72391999
vt 0.22003523 0.72266805
vt 0.20262846 0.72617698
vt 0.21397267 0.71414131
vt 0.22006980 0.72151053
vt 0.20134950 0.62374556
vt 0.21974860 0.61782086
vt 0.20415252 0.58418137
vt 0.22238266 0.58088344
vt 0.20582858 0.61943781
vt 0.22071683 0.51652092
vt 0.22408885 0.50838315
vt 0.23057036 0.73823428
vt 0.23661011 0.71921360
vt 0.23735566 0.52560204
vt 0.20804001 0.57795405
vt 0.20232323 0.54705095
vt 0.22662929 0.54628849
vt 0.21997711 0.73199010
vt 0.21648242 0.65156996
vt 0.22293085 0.65489703
vt 0.22016534 0.67990506
vt 0.19976649 0.67943180
vt 0.21662885 0.67042226
vt 0.22025406 0.67885005
vt 0.20453689 0.67811620
vt 0.23599644 0.67814684
vt 0.22267143 0.56666166
vt 0.24056652 0.67956471
vt 0.23021491 0.69570243
vt 0.19751237 0.69298398
vt 0.21067776 0.55317664
vt 0.20828448 0.69457638
vt 0.20422108 0.69307184
vt 0.22181937 0.55236501
vt 0.24088190 0.69399476
vt 0.23215491 0.69463086
vt 0.20530158 0.68315804
vt 0.24298474 0.69312644
vt 0.21003988 0.69558549
vt 0.19939712 0.69386613
vt 0.21582413 0.68392450
vt 0.23624820 0.69315958
vt 0.22736093 0.68976545
vt 0.23525278 0.59556997
vt 0.22213230 0.59424078
vt 0.20963551 0.59420800
vt 0.21274921 0.68845129
vt 0.20919724 0.60761750
vt 0.21257994 0.70045900
vt 0.22182100 0.60771155
vt 0.22750723 0.70150018
vt 0.23511457 0.60801584
vt 0.20881568 0.61678386
vt 0.22011895 0.70409733
vt 0.22295721 0.61678392
vt 0.22014050 0.70533741
vt 0.23736714 0.61678386
vt 0.20919727 0.62595022
vt 0.22775194 0.70048583
vt 0.22182098 0.62585622
vt 0.21279305 0.70136678
vt 0.23511451 0.62555194
vt 0.20963551 0.63935971
vt 0.22771941 0.68843257
vt 0.22213227 0.63932693
vt 0.21290421 0.68967307
vt 0.23525275 0.63799787
vt 0.20920868 0.64871252
vt 0.20920873 0.58485532
vt 0.22025043 0.68388987
vt 0.22399490 0.64926386
vt 0.22399491 0.58430392
vt 0.22014384 0.68487996
vt 0.23880629 0.64627546
vt 0.23880629 0.58729231
vt 0.20936733 0.60106158
vt 0.21100357 0.69456923
vt 0.22173169 0.60115021
vt 0.22817345 0.69573486
vt 0.23495491 0.60184288
vt 0.21206731 0.69561851
vt 0.23495483 0.63172483
vt 0.22173166 0.63241750
vt 0.20936736 0.63250601
vt 0.22942269 0.69459867
vt 0.21563889 0.59412020
vt 0.21526459 0.60761619
vt 0.21572246 0.61678386
vt 0.21526460 0.62595153
vt 0.21563889 0.63944751
vt 0.21614985 0.64936739
vt 0.21614990 0.58420038
vt 0.21529444 0.60104722
vt 0.21529445 0.63252050
vt 0.22894596 0.59479439
vt 0.22865404 0.60785210
vt 0.23040009 0.61678386
vt 0.22865398 0.62571561
vt 0.22894591 0.63877344
vt 0.23197122 0.64795786
vt 0.23197123 0.58560991
vt 0.22855935 0.60145408
vt 0.22855929 0.63211358
vt 0.21457213 0.52490425
vt 0.23036569 0.52778637
vt 0.21232922 0.56389529
vt 0.22876762 0.55922556
vt 0.22680466 0.52494568
vt 0.21052423 0.52776468
vt 0.22878397 0.56395102
vt 0.21205282 0.55920720
vt 0.21112952 0.60381174
vt 0.22963065 0.59823811
vt 0.22971326 0.60387468
vt 0.21110439 0.59821773
vt 0.21011759 0.64903557
vt 0.23038198 0.64565516
vt 0.23041968 0.64910412
vt 0.21024916 0.64563477
vt 0.20523170 0.66260725
vt 0.20709383 0.73533559
vt 0.20750174 0.51145214
vt 0.20230204 0.72256386
vt 0.20523173 0.64053261
vt 0.23282388 0.73550797
vt 0.21176715 0.53085649
vt 0.23246095 0.53362954
vt 0.22956933 0.53091681
vt 0.20841604 0.53360331
vt 0.21871813 0.52543128
vt 0.23520391 0.51959157
vt 0.20570397 0.51955938
vt 0.22488368 0.72018301
vt 0.20302929 0.55863762
vt 0.22282971 0.67959690
vt 0.20191264 0.59773719
vt 0.21942191 0.64307833
vt 0.21370710 0.72813582
vt 0.22615688 0.72749972
vt 0.22908656 0.64546847
vt 0.21677834 0.56376231
vt 0.23779239 0.55867577
vt 0.20910154 0.64053965
vt 0.24131019 0.64518631
vt 0.19932193 0.64514017
vt 0.21470125 0.59830236
vt 0.22629848 0.72821605
vt 0.21355987 0.59825182
vt 0.23882343 0.59777772
vt 0.21393165 0.72744489
vt 0.21686134 0.64541364
vt 0.19790293 0.52873528
vt 0.22545786 0.70826310
vt 0.21926039 0.53668886
vt 0.24298474 0.52878463
vt 0.19784456 0.70812774
vt 0.20946172 0.53890651
vt 0.21045303 0.70386529
vt 0.22985473 0.70393550
vt 0.20415311 0.69663507
vt 0.24246119 0.70836675
vt 0.21091160 0.70461047
vt 0.22937830 0.70472932
vt 0.22036754 0.59821701
vt 0.23328109 0.52579117
vt 0.21120118 0.54413652
vt 0.23070303 0.54373562
vt 0.22068970 0.52454197
vt 0.20761320 0.52576303
vt 0.23004562 0.54420030
vt 0.20794588 0.55891573
vt 0.20667152 0.59815085
vt 0.22869056 0.57801437
vt 0.22880563 0.58417064
vt 0.21208870 0.57799613
vt 0.21051575 0.62427521
vt 0.23011364 0.61958897
vt 0.23018852 0.62434173
vt 0.21057472 0.61956757
vt 0.23287520 0.55894315
vt 0.22044498 0.52776635
vt 0.22026822 0.64920580
vt 0.23536599 0.64555401
vt 0.22055787 0.56354952
vt 0.20526482 0.64552176
vt 0.22031400 0.64566422
vt 0.21217065 0.58411431
vt 0.22041011 0.55931091
vt 0.21015158 0.54371309
vt 0.23406366 0.59818089
vt 0.20055033 0.72647250
vt 0.20801176 0.52117682
vt 0.22042114 0.60392135
vt 0.21133353 0.72299194
vt 0.22998407 0.68383360
vt 0.21330221 0.52638340
vt 0.23279771 0.52922642
vt 0.22806455 0.52643347
vt 0.20808904 0.52919936
vt 0.22043779 0.53426468
vt 0.22066729 0.53117114
vt 0.23540512 0.71240723
vt 0.23954205 0.53239644
vt 0.20178470 0.53226852
vt 0.22865494 0.53277510
vt 0.20849371 0.52122414
vt 0.22861616 0.52075756
vt 0.23290788 0.52130681
vt 0.23536405 0.72513175
vt 0.23073395 0.68001235
vt 0.23692012 0.56546533
vt 0.22727488 0.64250839
vt 0.23813951 0.60353428
vt 0.20278373 0.71337968
vt 0.23949656 0.72672343
vt 0.21218124 0.72209704
vt 0.20418304 0.56535453
vt 0.22424336 0.56336999
vt 0.20009802 0.64865142
vt 0.21836092 0.64121354
vt 0.22450542 0.59758890
vt 0.24044086 0.64878714
vt 0.22950783 0.68511784
vt 0.20270576 0.60341430
vt 0.22097649 0.59879005
vt 0.21635659 0.66213244
vt 0.21928117 0.51094937
vt 0.23120320 0.73371506
vt 0.23413289 0.65168381
vt 0.20319131 0.53188992
vt 0.23768941 0.53192759
vt 0.21995151 0.53117764
vt 0.24103193 0.52241755
vt 0.19975182 0.54154408
vt 0.22438687 0.69581556
vt 0.20883165 0.73361254
vt 0.21176134 0.65158129
vt 0.21342693 0.72303885
vt 0.21635662 0.64100760
vt 0.21999642 0.72896445
vt 0.21155907 0.72993004
vt 0.22842543 0.73003829
vt 0.22004376 0.72745514
vt 0.22297345 0.64542389
vt 0.21151641 0.61722267
vt 0.24013774 0.61904359
vt 0.21525577 0.58047938
vt 0.23736992 0.57773256
vt 0.20055179 0.61900020
vt 0.21725821 0.62299132
vt 0.21375906 0.51259285
vt 0.21963280 0.73377693
vt 0.22045548 0.51816690
vt 0.19986972 0.52237248
vt 0.22618967 0.71409857
vt 0.20340997 0.57769525
vt 0.22121757 0.66189635
vt 0.21824892 0.54844487
vt 0.24110755 0.54158950
vt 0.20512645 0.65156996
vt 0.21992697 0.73974168
vt 0.19799338 0.67781949
vt 0.21189381 0.56744659
vt 0.21051471 0.68382990
vt 0.22873978 0.72309768
vt 0.20645010 0.66968083
vt 0.24255885 0.67787516
vt 0.21078686 0.68503213
vt 0.22795455 0.72216654
vt 0.22012120 0.70883632
vt 0.19937788 0.70857471
vt 0.21501939 0.69742668
vt 0.22010657 0.70772898
vt 0.20461491 0.70766056
vt 0.23566701 0.70781231
vt 0.22096731 0.53806841
vt 0.24088190 0.70873702
vt 0.23560937 0.54269695
vt 0.22876376 0.66146839
vt 0.23682311 0.58429199
vt 0.20314173 0.52766240
vt 0.22044793 0.52507687
vt 0.22068387 0.52625901
vt 0.22044289 0.52967584
vt 0.22597475 0.62235773
vt 0.23935801 0.62387407
vt 0.22048831 0.58409190
vt 0.22038963 0.57800436
vt 0.23273934 0.57798111
vt 0.22035156 0.62448043
vt 0.22034402 0.61959803
vt 0.23486002 0.61946964
vt 0.21985902 0.52037036
vt 0.23747751 0.72633111
vt 0.22042683 0.54415822
vt 0.22062454 0.54382145
vt 0.20524754 0.54266369
vt 0.23774832 0.52770030
vt 0.20401695 0.52548915
vt 0.22979294 0.52634692
vt 0.23326029 0.69809872
vt 0.23890366 0.54717481
vt 0.23325586 0.72408378
vt 0.20681237 0.72391999
vt 0.22003523 0.72266805
vt 0.20262846 0.72617698
vt 0.21397267 0.71414131
vt 0.22006980 0.72151053
vt 0.20134950 0.62374556
vt 0.21974860 0.61782086
vt 0.20415252 0.58418137
vt 0.22238266 0.58088344
vt 0.20582858 0.61943781
vt 0.22071683 0.51652092
vt 0.22408885 0.50838315
vt 0.23057036 0.73823428
vt 0.23661011 0.71921360
vt 0.23735566 0.52560204
vt 0.20804001 0.57795405
vt 0.20232323 0.54705095
vt 0.22662929 0.54628849
vt 0.21997711 0.73199010
vt 0.21648242 0.65156996
vt 0.22293085 0.65489703
vt 0.22016534 0.67990506
vt 0.19976649 0.67943180
vt 0.21662885 0.67042226
vt 0.22025406 0.67885005
vt 0.20453689 0.67811620
vt 0.23599644 0.67814684
vt 0.22267143 0.56666166
vt 0.24056652 0.67956471
vt 0.23021491 0.69570243
vt 0.19751237 0.69298398
vt 0.21067776 0.55317664
vt 0.20828448 0.69457638
vt 0.20422108 0.69307184
vt 0.22181937 0.55236501
vt 0.24088190 0.69399476
vt 0.23215491 0.69463086
vt 0.20530158 0.68315804
vt 0.24298474 0.69312644
vt 0.21003988 0.69558549
vt 0.19939712 0.69386613
vt 0.21582413 0.68392450
vt 0.23624820 0.69315958
vt 0.22736093 0.68976545
vt 0.23525278 0.59556997
vt 0.22213230 0.59424078
vt 0.20963551 0.59420800
vt 0.21274921 0.68845129
vt 0.20919724 0.60761750
vt 0.21257994 0.70045900
vt 0.22182100 0.60771155
vt 0.22750723 0.70150018
vt 0.23511457 0.60801584
vt 0.20881568 0.61678386
vt 0.22011895 0.70409733
vt 0.22295721 0.61678392
vt 0.22014050 0.70533741
vt 0.23736714 0.61678386
vt 0.20919727 0.62595022
vt 0.22775194 0.70048583
vt 0.22182098 0.62585622
vt 0.21279305 0.70136678
vt 0.23511451 0.62555194
vt 0.20963551 0.63935971
vt 0.22771941 0.68843257
vt 0.22213227 0.63932693
vt 0.21290421 0.68967307
vt 0.23525275 0.63799787
vt 0.20920868 0.64871252
vt 0.20920873 0.58485532
vt 0.22025043 0.68388987
vt 0.22399490 0.64926386
vt 0.22399491 0.58430392
vt 0.22014384 0.68487996
vt 0.23880629 0.64627546
vt 0.23880629 0.58729231
vt 0.20936733 0.60106158
vt 0.21100357 0.69456923
vt 0.22173169 0.60115021
vt 0.22817345 0.69573486
vt 0.23495491 0.60184288
vt 0.21206731 0.69561851
vt 0.23495483 0.63172483
vt 0.22173166 0.63241750
vt 0.20936736 0.63250601
vt 0.22942269 0.69459867
vt 0.21563889 0.59412020
vt 0.21526459 0.60761619
vt 0.21572246 0.61678386
vt 0.21526460 0.62595153
vt 0.21563889 0.63944751
vt 0.21614985 0.64936739
vt 0.21614990 0.58420038
vt 0.21529444 0.60104722
vt 0.21529445 0.63252050
vt 0.22894596 0.59479439
vt 0.22865404 0.60785210
vt 0.23040009 0.61678386
vt 0.22865398 0.62571561
vt 0.22894591 0.63877344
vt 0.23197122 0.64795786
vt 0.23197123 0.58560991
vt 0.22855935 0.60145408
vt 0.22855929 0.63211358
vt 0.21457213 0.52490425
vt 0.23036569 0.52778637
vt 0.21232922 0.56389529
vt 0.22876762 0.55922556
vt 0.22680466 0.52494568
vt 0.21052423 0.52776468
vt 0.22878397 0.56395102
vt 0.21205282 0.55920720
vt 0.21112952 0.60381174
vt 0.22963065 0.59823811
vt 0.22971326 0.60387468
vt 0.21110439 0.59821773
vt 0.21011759 0.64903557
vt 0.23038198 0.64565516
vt 0.23041968 0.64910412
vt 0.21024916 0.64563477
vt 0.20523170 0.66260725
vt 0.20709383 0.73533559
vt 0.20750174 0.51145214
vt 0.20230204 0.72256386
vt 0.20523173 0.64053261
vt 0.23282388 0.73550797
vt 0.21176715 0.53085649
vt 0.23246095 0.53362954
vt 0.22956933 0.53091681
vt 0.20841604 0.53360331
vt 0.21871813 0.52543128
vt 0.23520391 0.51959157
vt 0.20570397 0.51955938
vt 0.22488368 0.72018301
vt 0.20302929 0.55863762
vt 0.22282971 0.67959690
vt 0.20191264 0.59773719
vt 0.21942191 0.64307833
vt 0.21370710 0.72813582
vt 0.22615688 0.72749972
vt 0.22908656 0.64546847
vt 0.21677834 0.56376231
vt 0.23779239 0.55867577
vt 0.20910154 0.64053965
vt 0.24131019 0.64518631
vt 0.19932193 0.64514017
vt 0.21470125 0.59830236
vt 0.22629848 0.72821605
vt 0.21355987 0.59825182
vt 0.23882343 0.59777772
vt 0.21393165 0.72744489
vt 0.21686134 0.64541364
vt 0.19790293 0.52873528
vt 0.22545786 0.70826310
vt 0.21926039 0.53668886
vt 0.24298474 0.52878463
vt 0.19784456 0.70812774
vt 0.20946172 0.53890651
vt 0.21045303 0.70386529
vt 0.22985473 0.70393550
vt 0.20415311 0.69663507
vt 0.24246119 0.70836675
vt 0.21091160 0.70461047
vt 0.22937830 0.70472932
vt 0.22036754 0.59821701
vt 0.23328109 0.52579117
vt 0.21120118 0.54413652
vt 0.23070303 0.54373562
vt 0.22068970 0.52454197
vt 0.20761320 0.52576303
vt 0.23004562 0.54420030
vt 0.20794588 0.55891573
vt 0.20667152 0.59815085
vt 0.22869056 0.57801437
vt 0.22880563 0.58417064
vt 0.21208870 0.57799613
vt 0.21051575 0.62427521
vt 0.23011364 0.61958897
vt 0.23018852 0.62434173
vt 0.21057472 0.61956757
vt 0.23287520 0.55894315
vt 0.22044498 0.52776635
vt 0.22026822 0.64920580
vt 0.23536599 0.64555401
vt 0.22055787 0.56354952
vt 0.20526482 0.64552176
vt 0.22031400 0.64566422
vt 0.21217065 0.58411431
vt 0.22041011 0.55931091
vt 0.21015158 0.54371309
vt 0.23406366 0.59818089
vt 0.20055033 0.72647250
vt 0.20801176 0.52117682
vt 0.22042114 0.60392135
vt 0.21133353 0.72299194
vt 0.22998407 0.68383360
vt 0.21330221 0.52638340
vt 0.23279771 0.52922642
vt 0.22806455 0.52643347
vt 0.20808904 0.52919936
vt 0.22043779 0.53426468
vt 0.22066729 0.53117114
vt 0.23540512 0.71240723
vt 0.23954205 0.53239644
vt 0.20178470 0.53226852
vt 0.22865494 0.53277510
vt 0.20849371 0.52122414
vt 0.22861616 0.52075756
vt 0.23290788 0.52130681
vt 0.23536405 0.72513175
vt 0.23073395 0.68001235
vt 0.23692012 0.56546533
vt 0.22727488 0.64250839
vt 0.23813951 0.60353428
vt 0.20278373 0.71337968
vt 0.23949656 0.72672343
vt 0.21218124 0.72209704
vt 0.20418304 0.56535453
vt 0.22424336 0.56336999
vt 0.20009802 0.64865142
vt 0.21836092 0.64121354
vt 0.22450542 0.59758890
vt 0.24044086 0.64878714
vt 0.22950783 0.68511784
vt 0.20270576 0.60341430
vt 0.22097649 0.59879005
vt 0.21635659 0.66213244
vt 0.21928117 0.51094937
vt 0.23120320 0.73371506
vt 0.23413289 0.65168381
vt 0.20319131 0.53188992
vt 0.23768941 0.53192759
vt 0.21995151 0.53117764
vt 0.24103193 0.52241755
vt 0.19975182 0.54154408
vt 0.22438687 0.69581556
vt 0.20883165 0.73361254
vt 0.21176134 0.65158129
vt 0.21342693 0.72303885
vt 0.21635662 0.64100760
vt 0.21999642 0.72896445
vt 0.21155907 0.72993004
vt 0.22842543 0.73003829
vt 0.22004376 0.72745514
vt 0.22297345 0.64542389
vt 0.21151641 0.61722267
vt 0.24013774 0.61904359
vt 0.21525577 0.58047938
vt 0.23736992 0.57773256
vt 0.20055179 0.61900020
vt 0.21725821 0.62299132
vt 0.21375906 0.51259285
vt 0.21963280 0.73377693
vt 0.22045548 0.51816690
vt 0.19986972 0.52237248
vt 0.22618967 0.71409857
vt 0.20340997 0.57769525
vt 0.22121757 0.66189635
vt 0.21824892 0.54844487
vt 0.24110755 0.54158950
vt 0.20512645 0.65156996
vt 0.21992697 0.73974168
vt 0.19799338 0.67781949
vt 0.21189381 0.56744659
vt 0.21051471 0.68382990
vt 0.22873978 0.72309768
vt 0.20645010 0.66968083
vt 0.24255885 0.67787516
vt 0.21078686 0.68503213
vt 0.22795455 0.72216654
vt 0.22012120 0.70883632
vt 0.19937788 0.70857471
vt 0.21501939 0.69742668
vt 0.22010657 0.70772898
vt 0.20461491 0.70766056
vt 0.23566701 0.70781231
vt 0.22096731 0.53806841
vt 0.24088190 0.70873702
vt 0.23560937 0.54269695
vt 0.22876376 0.66146839
vt 0.23682311 0.58429199
vt 0.20314173 0.52766240
vt 0.22044793 0.52507687
vt 0.22068387 0.52625901
vt 0.22044289 0.52967584
vt 0.22597475 0.62235773
vt 0.23935801 0.62387407
vt 0.22048831 0.58409190
vt 0.22038963 0.57800436
vt 0.23273934 0.57798111
vt 0.22035156 0.62448043
vt 0.22034402 0.61959803
vt 0.23486002 0.61946964
vt 0.21985902 0.52037036
vt 0.23747751 0.72633111
vt 0.22042683 0.54415822
vt 0.22062454 0.54382145
vt 0.20524754 0.54266369
vt 0.23774832 0.52770030
vt 0.20401695 0.52548915
vt 0.22979294 0.52634692
vt 0.23326029 0.69809872
vt 0.23890366 0.54717481
vt 0.23325586 0.72408378
vt 0.20681237 0.72391999
vt 0.22003523 0.72266805
vt 0.20262846 0.72617698
vt 0.21397267 0.71414131
vt 0.22006980 0.72151053
vt 0.20134950 0.62374556
vt 0.21974860 0.61782086
vt 0.20415252 0.58418137
vt 0.22238266 0.58088344
vt 0.20582858 0.61943781
vt 0.22071683 0.51652092
vt 0.22408885 0.50838315
vt 0.23057036 0.73823428
vt 0.23661011 0.71921360
vt 0.23735566 0.52560204
vt 0.20804001 0.57795405
vt 0.20232323 0.54705095
vt 0.22662929 0.54628849
vt 0.21997711 0.73199010
vt 0.21648242 0.65156996
vt 0.22293085 0.65489703
vt 0.22016534 0.67990506
vt 0.19976649 0.67943180
vt 0.21662885 0.67042226
vt 0.22025406 0.67885005
vt 0.20453689 0.67811620
vt 0.23599644 0.67814684
vt 0.22267143 0.56666166
vt 0.24056652 0.67956471
vt 0.23021491 0.69570243
vt 0.19751237 0.69298398
vt 0.21067776 0.55317664
vt 0.20828448 0.69457638
vt 0.20422108 0.69307184
vt 0.22181937 0.55236501
vt 0.24088190 0.69399476
vt 0.23215491 0.69463086
vt 0.20530158 0.68315804
vt 0.24298474 0.69312644
vt 0.21003988 0.69558549
vt 0.19939712 0.69386613
vt 0.21582413 0.68392450
vt 0.23624820 0.69315958
vt 0.22736093 0.68976545
vt 0.23525278 0.59556997
vt 0.22213230 0.59424078
vt 0.20963551 0.59420800
vt 0.21274921 0.68845129
vt 0.20919724 0.60761750
vt 0.21257994 0.70045900
vt 0.22182100 0.60771155
vt 0.22750723 0.70150018
vt 0.23511457 0.60801584
vt 0.20881568 0.61678386
vt 0.22011895 0.70409733
vt 0.22295721 0.61678392
vt 0.22014050 0.70533741
vt 0.23736714 0.61678386
vt 0.20919727 0.62595022
vt 0.22775194 0.70048583
vt 0.22182098 0.62585622
vt 0.21279305 0.70136678
vt 0.23511451 0.62555194
vt 0.20963551 0.63935971
vt 0.22771941 0.68843257
vt 0.22213227 0.63932693
vt 0.21290421 0.68967307
vt 0.23525275 0.63799787
vt 0.20920868 0.64871252
vt 0.20920873 0.58485532
vt 0.22025043 0.68388987
vt 0.22399490 0.64926386
vt 0.22399491 0.58430392
vt 0.22014384 0.68487996
vt 0.23880629 0.64627546
vt 0.23880629 0.58729231
vt 0.20936733 0.60106158
vt 0.21100357 0.69456923
vt 0.22173169 0.60115021
vt 0.22817345 0.69573486
vt 0.23495491 0.60184288
vt 0.21206731 0.69561851
vt 0.23495483 0.63172483
vt 0.22173166 0.63241750
vt 0.20936736 0.63250601
vt 0.22942269 0.69459867
vt 0.21563889 0.59412020
vt 0.21526459 0.60761619
vt 0.21572246 0.61678386
vt 0.21526460 0.62595153
vt 0.21563889 0.63944751
vt 0.21614985 0.64936739
vt 0.21614990 0.58420038
vt 0.21529444 0.60104722
vt 0.21529445 0.63252050
vt 0.22894596 0.59479439
vt 0.22865404 0.60785210
vt 0.23040009 0.61678386
vt 0.22865398 0.62571561
vt 0.22894591 0.63877344
vt 0.23197122 0.64795786
vt 0.23197123 0.58560991
vt 0.22855935 0.60145408
vt 0.22855929 0.63211358
vt 0.21457213 0.52490425
vt 0.23036569 0.52778637
vt 0.21232922 0.56389529
vt 0.22876762 0.55922556
vt 0.22680466 0.52494568
vt 0.21052423 0.52776468
vt 0.22878397 0.56395102
vt 0.21205282 0.55920720
vt 0.21112952 0.60381174
vt 0.22963065 0.59823811
vt 0.22971326 0.60387468
vt 0.21110439 0.59821773
vt 0.21011759 0.64903557
vt 0.23038198 0.64565516
vt 0.23041968 0.64910412
vt 0.21024916 0.64563477
vt 0.20523170 0.66260725
vt 0.20709383 0.73533559
vt 0.20750174 0.51145214
vt 0.20230204 0.72256386
vt 0.20523173 0.64053261
vt 0.23282388 0.73550797
vt 0.21176715 0.53085649
vt 0.23246095 0.53362954
vt 0.22956933 0.53091681
vt 0.20841604 0.53360331
vt 0.21871813 0.52543128
vt 0.23520391 0.51959157
vt 0.20570397 0.51955938
vt 0.22488368 0.72018301
vt 0.20302929 0.55863762
vt 0.22282971 0.67959690
vt 0.20191264 0.59773719
vt 0.21942191 0.64307833
vt 0.21370710 0.72813582
vt 0.22615688 0.72749972
vt 0.22908656 0.64546847
vt 0.21677834 0.56376231
vt 0.23779239 0.55867577
vt 0.20910154 0.64053965
vt 0.24131019 0.64518631
vt 0.19932193 0.64514017
vt 0.21470125 0.59830236
vt 0.22629848 0.72821605
vt 0.21355987 0.59825182
vt 0.23882343 0.59777772
vt 0.21393165 0.72744489
vt 0.21686134 0.64541364
vt 0.19790293 0.52873528
vt 0.22545786 0.70826310
vt 0.21926039 0.53668886
vt 0.24298474 0.52878463
vt 0.19784456 0.70812774
vt 0.20946172 0.53890651
vt 0.21045303 0.70386529
vt 0.22985473 0.70393550
vt 0.20415311 0.69663507
vt 0.24246119 0.70836675
vt 0.21091160 0.70461047
vt 0.22937830 0.70472932
vt 0.22036754 0.59821701
vt 0.23328109 0.52579117
vt 0.21120118 0.54413652
vt 0.23070303 0.54373562
vt 0.22068970 0.52454197
vt 0.20761320 0.52576303
vt 0.23004562 0.54420030
vt 0.20794588 0.55891573
vt 0.20667152 0.59815085
vt 0.22869056 0.57801437
vt 0.22880563 0.58417064
vt 0.21208870 0.57799613
vt 0.21051575 0.62427521
vt 0.23011364 0.61958897
vt 0.23018852 0.62434173
vt 0.21057472 0.61956757
vt 0.23287520 0.55894315
vt 0.22044498 0.52776635
vt 0.22026822 0.64920580
vt 0.23536599 0.64555401
vt 0.22055787 0.56354952
vt 0.20526482 0.64552176
vt 0.22031400 0.64566422
vt 0.21217065 0.58411431
vt 0.22041011 0.55931091
vt 0.21015158 0.54371309
vt 0.23406366 0.59818089
vt 0.20055033 0.72647250
vt 0.20801176 0.52117682
vt 0.22042114 0.60392135
vt 0.21133353 0.72299194
vt 0.22998407 0.68383360
vt 0.21330221 0.52638340
vt 0.23279771 0.52922642
vt 0.22806455 0.52643347
vt 0.20808904 0.52919936
vt 0.22043779 0.53426468
vt 0.22066729 0.53117114
vt 0.23540512 0.71240723
vt 0.23954205 0.53239644
vt 0.20178470 0.53226852
vt 0.22865494 0.53277510
vt 0.20849371 0.52122414
vt 0.22861616 0.52075756
vt 0.23290788 0.52130681
vt 0.23536405 0.72513175
vt 0.23073395 0.68001235
vt 0.23692012 0.56546533
vt 0.22727488 0.64250839
vt 0.23813951 0.60353428
vt 0.20278373 0.71337968
vt 0.23949656 0.72672343
vt 0.21218124 0.72209704
vt 0.20418304 0.56535453
vt 0.22424336 0.56336999
vt 0.20009802 0.64865142
vt 0.21836092 0.64121354
vt 0.22450542 0.59758890
vt 0.24044086 0.64878714
vt 0.22950783 0.68511784
vt 0.20270576 0.60341430
vt 0.22097649 0.59879005
vt 0.21635659 0.66213244
vt 0.21928117 0.51094937
vt 0.23120320 0.73371506
vt 0.23413289 0.65168381
vt 0.20319131 0.53188992
vt 0.23768941 0.53192759
vt 0.21995151 0.53117764
vt 0.24103193 0.52241755
vt 0.19975182 0.54154408
vt 0.22438687 0.69581556
vt 0.20883165 0.73361254
vt 0.21176134 0.65158129
vt 0.21342693 0.72303885
vt 0.21635662 0.64100760
vt 0.21999642 0.72896445
vt 0.21155907 0.72993004
vt 0.22842543 0.73003829
vt 0.22004376 0.72745514
vt 0.22297345 0.64542389
vt 0.21151641 0.61722267
vt 0.24013774 0.61904359
vt 0.21525577 0.58047938
vt 0.23736992 0.57773256
vt 0.20055179 0.61900020
vt 0.21725821 0.62299132
vt 0.21375906 0.51259285
vt 0.21963280 0.73377693
vt 0.22045548 0.51816690
vt 0.19986972 0.52237248
vt 0.22618967 0.71409857
vt 0.20340997 0.57769525
vt 0.22121757 0.66189635
vt 0.21824892 0.54844487
vt 0.24110755 0.54158950
vt 0.20512645 0.65156996
vt 0.21992697 0.73974168
vt 0.19799338 0.67781949
vt 0.21189381 0.56744659
vt 0.21051471 0.68382990
vt 0.22873978 0.72309768
vt 0.20645010 0.66968083
vt 0.24255885 0.67787516
vt 0.21078686 0.68503213
vt 0.22795455 0.72216654
vt 0.22012120 0.70883632
vt 0.19937788 0.70857471
vt 0.21501939 0.69742668
vt 0.22010657 0.70772898
vt 0.20461491 0.70766056
vt 0.23566701 0.70781231
vt 0.22096731 0.53806841
vt 0.24088190 0.70873702
vt 0.23560937 0.54269695
vt 0.22876376 0.66146839
vt 0.23682311 0.58429199
vt 0.20314173 0.52766240
vt 0.22044793 0.52507687
vt 0.22068387 0.52625901
vt 0.22044289 0.52967584
vt 0.22597475 0.62235773
vt 0.23935801 0.62387407
vt 0.22048831 0.58409190
vt 0.22038963 0.57800436
vt 0.23273934 0.57798111
vt 0.22035156 0.62448043
vt 0.22034402 0.61959803
vt 0.23486002 0.61946964
vt 0.21985902 0.52037036
vt 0.23747751 0.72633111
vt 0.22042683 0.54415822
vt 0.22062454 0.54382145
vt 0.20524754 0.54266369
vt 0.23774832 0.52770030
vt 0.20401695 0.52548915
vt 0.22979294 0.52634692
vt 0.23326029 0.69809872
vt 0.23890366 0.54717481
vt 0.23325586 0.72408378
vt 0.20681237 0.72391999
vt 0.22003523 0.72266805
vt 0.20262846 0.72617698
vt 0.21397267 0.71414131
vt 0.22006980 0.72151053
vt 0.20134950 0.62374556
vt 0.21974860 0.61782086
vt 0.20415252 0.58418137
vt 0.22238266 0.58088344
vt 0.20582858 0.61943781
vt 0.22071683 0.51652092
vt 0.22408885 0.50838315
vt 0.23057036 0.73823428
vt 0.23661011 0.71921360
vt 0.23735566 0.52560204
vt 0.20804001 0.57795405
vt 0.20232323 0.54705095
vt 0.22662929 0.54628849
vt 0.21997711 0.73199010
vt 0.21648242 0.65156996
vt 0.22293085 0.65489703
vt 0.22016534 0.67990506
vt 0.19976649 0.67943180
vt 0.21662885 0.67042226
vt 0.22025406 0.67885005
vt 0.20453689 0.67811620
vt 0.23599644 0.67814684
vt 0.22267143 0.56666166
vt 0.24056652 0.67956471
vt 0.23021491 0.69570243
vt 0.19751237 0.69298398
vt 0.21067776 0.55317664
vt 0.20828448 0.69457638
vt 0.20422108 0.69307184
vt 0.22181937 0.55236501
vt 0.24088190 0.69399476
vt 0.23215491 0.69463086
vt 0.20530158 0.68315804
vt 0.24298474 0.69312644
vt 0.21003988 0.69558549
vt 0.19939712 0.69386613
vt 0.21582413 0.68392450
vt 0.23624820 0.69315958
vt 0.22736093 0.68976545
vt 0.23525278 0.59556997
vt 0.22213230 0.59424078
vt 0.20963551 0.59420800
vt 0.21274921 0.68845129
vt 0.20919724 0.60761750
vt 0.21257994 0.70045900
vt 0.22182100 0.60771155
vt 0.22750723 0.70150018
vt 0.23511457 0.60801584
vt 0.20881568 0.61678386
vt 0.22011895 0.70409733
vt 0.22295721 0.61678392
vt 0.22014050 0.70533741
vt 0.23736714 0.61678386
vt 0.20919727 0.62595022
vt 0.22775194 0.70048583
vt 0.22182098 0.62585622
vt 0.21279305 0.70136678
vt 0.23511451 0.62555194
vt 0.20963551 0.63935971
vt 0.22771941 0.68843257
vt 0.22213227 0.63932693
vt 0.21290421 0.68967307
vt 0.23525275 0.63799787
vt 0.20920868 0.64871252
vt 0.20920873 0.58485532
vt 0.22025043 0.68388987
vt 0.22399490 0.64926386
vt 0.22399491 0.58430392
vt 0.22014384 0.68487996
vt 0.23880629 0.64627546
vt 0.23880629 0.58729231
vt 0.20936733 0.60106158
vt 0.21100357 0.69456923
vt 0.22173169 0.60115021
vt 0.22817345 0.69573486
vt 0.23495491 0.60184288
vt 0.21206731 0.69561851
vt 0.23495483 0.63172483
vt 0.22173166 0.63241750
vt 0.20936736 0.63250601
vt 0.22942269 0.69459867
vt 0.21563889 0.59412020
vt 0.21526459 0.60761619
vt 0.21572246 0.61678386
vt 0.21526460 0.62595153
vt 0.21563889 0.63944751
vt 0.21614985 0.64936739
vt 0.21614990 0.58420038
vt 0.21529444 0.60104722
vt 0.21529445 0.63252050
vt 0.22894596 0.59479439
vt 0.22865404 0.60785210
vt 0.23040009 0.61678386
vt 0.22865398 0.62571561
vt 0.22894591 0.63877344
vt 0.23197122 0.64795786
vt 0.23197123 0.58560991
vt 0.22855935 0.60145408
vt 0.22855929 0.63211358
vt -1.42548335 -1.21401334
vt 0.00000000 1.00000000
vt 0.00000000 1.00000000
vt -0.62585092 -1.21401334
vt -1.42548335 1.28418911
vt -0.62585092 1.28418911
vt 0.00000000 1.00000000
vt 1.20348668 -1.21401334
vt 1.20348668 1.28418911
vt 0.00000000 1.00000000
vt 0.00000000 1.00000000
vt -0.62585092 1.40631497
vt -0.62585092 1.40631497
vt 0.00000000 1.00000000
vt 1.20348668 1.40631497
vt 1.20348668 1.40631497
vt 0.00000000 1.00000000
vt 0.00000000 1.00000000
vt 0.00000000 1.00000000
vt 1.20348668 1.49080431
vt 1.20348668 1.49080431
vt 1.20348668 1.40631497
vt 1.20348668 1.40631497
vt 0.00000000 1.00000000
vt -0.62585092 1.40631497
vt -0.62585092 1.40631497
vt 0.00000000 1.00000000
vt -0.62585092 1.49080431
vt -0.62585092 1.49080431
vt 0.00000000 1.00000000
vt 0.00000000 1.00000000
vt 0.00000000 1.00000000
vt 0.00000000 1.00000000
vt 0.00000000 1.00000000
vt -0.62585092 1.49080431
vt -0.62585092 1.49080431
vt 1.20348668 1.49080431
vt 1.20348668 1.49080431
vt 1.20348668 1.57529366
vt 1.20348668 1.57529366
vt 0.00000000 1.00000000
vt -0.62585092 1.57529354
vt -0.62585092 1.57529354
vt 0.00000000 1.00000000
vt 0.00000000 1.00000000
vt -0.62585092 2.13024855
vt 0.00000000 1.00000000
vt 1.20348668 2.13024855
vt 0.00000000 1.00000000
vt -0.62585092 1.57529354
vt -0.62585092 1.57529354
vt 1.20348668 1.57529366
vt 1.20348668 1.57529366
f 3/3 5/5 10/10
f 3/3 10/10 8/8
f 7/7 9/9 20/20
f 7/7 20/20 18/18
f 16/16 19/19 14/14
f 16/16 14/14 11/11
f 13/13 15/15 4/4
f 13/13 4/4 2/2
f 6/6 17/17 12/12
f 6/6 12/12 1/1
f 10/10 5/5 23/23
f 10/10 23/23 26/26
f 28/28 24/24 22/22
f 28/28 22/22 32/32
f 4/4 15/15 31/31
f 4/4 31/31 21/21
f 20/20 9/9 25/25
f 20/20 25/25 29/29
f 14/14 19/19 27/27
f 14/14 27/27 30/30
f 35/35 37/37 42/42
f 35/35 42/42 40/40
f 39/39 41/41 52/52
f 39/39 52/52 50/50
f 48/48 51/51 46/46
f 48/48 46/46 43/43
f 45/45 47/47 36/36
f 45/45 36/36 34/34
f 38/38 49/49 44/44
f 38/38 44/44 33/33
f 42/42 37/37 55/55
f 42/42 55/55 58/58
f 60/60 56/56 54/54
f 60/60 54/54 64/64
f 36/36 47/47 63/63
f 36/36 63/63 53/53
f 52/52 41/41 57/57
f 52/52 57/57 61/61
f 46/46 51/51 59/59
f 46/46 59/59 62/62
f 67/67 69/69 74/74
f 67/67 74/74 72/72
f 70/70 73/73 84/84
f 70/70 84/84 81/81
f 80/80 83/83 78/78
f 80/80 78/78 75/75
f 76/76 79/79 68/68
f 76/76 68/68 65/65
f 71/71 82/82 77/77
f 71/71 77/77 66/66
f 74/74 69/69 87/87
f 74/74 87/87 90/90
f 92/92 88/88 85/85
f 92/92 85/85 95/95
f 68/68 79/79 96/96
f 68/68 96/96 86/86
f 84/84 73/73 89/89
f 84/84 89/89 93/93
f 78/78 83/83 91/91
f 78/78 91/91 94/94
f 99/99 101/101 106/106
f 99/99 106/106 104/104
f 102/102 105/105 116/116
f 102/102 116/116 113/113
f 112/112 115/115 110/110
f 112/112 110/110 107/107
f 108/108 111/111 100/100
f 108/108 100/100 97/97
f 103/103 114/114 109/109
f 103/103 109/109 98/98
f 106/106 101/101 119/119
f 106/106 119/119 122/122
f 124/124 120/120 117/117
f 124/124 117/117 127/127
f 100/100 111/111 128/128
f 100/100 128/128 118/118
f 116/116 105/105 121/121
f 116/116 121/121 125/125
f 110/110 115/115 123/123
f 110/110 123/123 126/126
f 130/130 132/132 138/138
f 130/130 138/138 136/136
f 134/134 137/137 147/147
f 134/134 147/147 144/144
f 146/146 148/148 142/142
f 146/146 142/142 140/140
f 141/141 143/143 133/133
f 141/141 133/133 131/131
f 135/135 145/145 139/139
f 135/135 139/139 129/129
f 138/138 132/132 149/149
f 138/138 149/149 153/153
f 157/157 154/154 150/150
f 157/157 150/150 159/159
f 133/133 143/143 160/160
f 133/133 160/160 151/151
f 147/147 137/137 152/152
f 147/147 152/152 155/155
f 142/142 148/148 156/156
f 142/142 156/156 158/158
f 162/162 164/164 170/170
f 162/162 170/170 168/168
f 166/166 169/169 179/179
f 166/166 179/179 176/176
f 178/178 180/180 174/174
f 178/178 174/174 172/172
f 173/173 175/175 165/165
f 173/173 165/165 163/163
f 167/167 177/177 171/171
f 167/167 171/171 161/161
f 170/170 164/164 181/181
f 170/170 181/181 185/185
f 189/189 186/186 182/182
f 189/189 182/182 191/191
f 165/165 175/175 192/192
f 165/165 192/192 183/183
f 179/179 169/169 184/184
f 179/179 184/184 187/187
f 174/174 180/180 188/188
f 174/174 188/188 190/190
f 194/194 197/197 201/201
f 194/194 201/201 198/198
f 200/200 202/202 212/212
f 200/200 212/212 210/210
f 208/208 211/211 207/207
f 208/208 207/207 204/204
f 203/203 206/206 196/196
f 203/203 196/196 193/193
f 199/199 209/209 205/205
f 199/199 205/205 195/195
f 201/201 197/197 215/215
f 201/201 215/215 217/217
f 219/219 216/216 214/214
f 219/219 214/214 223/223
f 196/196 206/206 222/222
f 196/196 222/222 213/213
f 212/212 202/202 218/218
f 212/212 218/218 221/221
f 207/207 211/211 220/220
f 207/207 220/220 224/224
f 226/226 229/229 233/233
f 226/226 233/233 230/230
f 232/232 234/234 244/244
f 232/232 244/244 242/242
f 240/240 243/243 239/239
f 240/240 239/239 236/236
f 235/235 238/238 228/228
f 235/235 228/228 225/225
f 231/231 241/241 237/237
f 231/231 237/237 227/227
f 233/233 229/229 247/247
f 233/233 247/247 249/249
f 251/251 248/248 246/246
f 251/251 246/246 255/255
f 228/228 238/238 254/254
f 228/228 254/254 245/245
f 244/244 234/234 250/250
f 244/244 250/250 253/253
f 239/239 243/243 252/252
f 239/239 252/252 256/256
f 259/259 261/261 266/266
f 259/259 266/266 264/264
f 263/263 265/265 276/276
f 263/263 276/276 274/274
f 272/272 275/275 270/270
f 272/272 270/270 267/267
f 269/269 271/271 260/260
f 269/269 260/260 258/258
f 262/262 273/273 268/268
f 262/262 268/268 257/257
f 266/266 261/261 279/279
f 266/266 279/279 282/282
f 284/284 280/280 278/278
f 284/284 278/278 288/288
f 260/260 271/271 287/287
f 260/260 287/287 277/277
f 276/276 265/265 281/281
f 276/276 281/281 285/285
f 270/270 275/275 283/283
f 270/270 283/283 286/286
f 291/291 293/293 298/298
f 291/291 298/298 296/296
f 295/295 297/297 308/308
f 295/295 308/308 306/306
f 304/304 307/307 302/302
f 304/304 302/302 299/299
f 301/301 303/303 292/292
f 301/301 292/292 290/290
f 294/294 305/305 300/300
f 294/294 300/300 289/289
f 298/298 293/293 311/311
f 298/298 311/311 314/314
f 316/316 312/312 310/310
f 316/316 310/310 320/320
f 292/292 303/303 319/319
f 292/292 319/319 309/309
f 308/308 297/297 313/313
f 308/308 313/313 317/317
f 302/302 307/307 315/315
f 302/302 315/315 318/318
f 323/323 325/325 330/330
f 323/323 330/330 328/328
f 326/326 329/329 340/340
f 326/326 340/340 337/337
f 336/336 339/339 334/334
f 336/336 334/334 331/331
f 332/332 335/335 324/324
f 332/332 324/324 321/321
f 327/327 338/338 333/333
f 327/327 333/333 322/322
f 330/330 325/325 343/343
f 330/330 343/343 346/346
f 348/348 344/344 341/341
f 348/348 341/341 351/351
f 324/324 335/335 352/352
f 324/324 352/352 342/342
f 340/340 329/329 345/345
f 340/340 345/345 349/349
f 334/334 339/339 347/347
f 334/334 347/347 350/350
f 355/355 357/357 362/362
f 355/355 362/362 360/360
f 358/358 361/361 372/372
f 358/358 372/372 369/369
f 368/368 371/371 366/366
f 368/368 366/366 363/363
f 364/364 367/367 356/356
f 364/364 356/356 353/353
f 359/359 370/370 365/365
f 359/359 365/365 354/354
f 362/362 357/357 375/375
f 362/362 375/375 378/378
f 380/380 376/376 373/373
f 380/380 373/373 383/383
f 356/356 367/367 384/384
f 356/356 384/384 374/374
f 372/372 361/361 377/377
f 372/372 377/377 381/381
f 366/366 371/371 379/379
f 366/366 379/379 382/382
f 386/386 388/388 394/394
f 386/386 394/394 392/392
f 390/390 393/393 403/403
f 390/390 403/403 400/400
f 402/402 404/404 398/398
f 402/402 398/398 396/396
f 397/397 399/399 389/389
f 397/397 389/389 387/387
f 391/391 401/401 395/395
f 391/391 395/395 385/385
f 394/394 388/388 405/405
f 394/394 405/405 409/409
f 413/413 410/410 406/406
f 413/413 406/406 415/415
f 389/389 399/399 416/416
f 389/389 416/416 407/407
f 403/403 393/393 408/408
f 403/403 408/408 411/411
f 398/398 404/404 412/412
f 398/398 412/412 414/414
f 418/418 420/420 426/426
f 418/418 426/426 424/424
f 422/422 425/425 435/435
f 422/422 435/435 432/432
f 434/434 436/436 430/430
f 434/434 430/430 428/428
f 429/429 431/431 421/421
f 429/429 421/421 419/419
f 423/423 433/433 427/427
f 423/423 427/427 417/417
f 426/426 420/420 437/437
f 426/426 437/437 441/441
f 445/445 442/442 438/438
f 445/445 438/438 447/447
f 421/421 431/431 448/448
f 421/421 448/448 439/439
f 435/435 425/425 440/440
f 435/435 440/440 443/443
f 430/430 436/436 444/444
f 430/430 444/444 446/446
f 450/450 453/453 457/457
f 450/450 457/457 454/454
f 456/456 458/458 468/468
f 456/456 468/468 466/466
f 464/464 467/467 463/463
f 464/464 463/463 460/460
f 459/459 462/462 452/452
f 459/459 452/452 449/449
f 455/455 465/465 461/461
f 455/455 461/461 451/451
f 457/457 453/453 471/471
f 457/457 471/471 473/473
f 475/475 472/472 470/470
f 475/475 470/470 479/479
f 452/452 462/462 478/478
f 452/452 478/478 469/469
f 468/468 458/458 474/474
f 468/468 474/474 477/477
f 463/463 467/467 476/476
f 463/463 476/476 480/480
f 482/482 485/485 489/489
f 482/482 489/489 486/486
f 488/488 490/490 500/500
f 488/488 500/500 498/498
f 496/496 499/499 495/495
f 496/496 495/495 492/492
f 491/491 494/494 484/484
f 491/491 484/484 481/481
f 487/487 497/497 493/493
f 487/487 493/493 483/483
f 489/489 485/485 503/503
f 489/489 503/503 505/505
f 507/507 504/504 502/502
f 507/507 502/502 511/511
f 484/484 494/494 510/510
f 484/484 510/510 501/501
f 500/500 490/490 506/506
f 500/500 506/506 509/509
f 495/495 499/499 508/508
f 495/495 508/508 512/512
f 515/515 517/517 522/522
f 515/515 522/522 520/520
f 519/519 521/521 532/532
f 519/519 532/532 530/530
f 528/528 531/531 526/526
f 528/528 526/526 523/523
f 525/525 527/527 516/516
f 525/525 516/516 514/514
f 518/518 529/529 524/524
f 518/518 524/524 513/513
f 522/522 517/517 535/535
f 522/522 535/535 538/538
f 540/540 536/536 534/534
f 540/540 534/534 544/544
f 516/516 527/527 543/543
f 516/516 543/543 533/533
f 532/532 521/521 537/537
f 532/532 537/537 541/541
f 526/526 531/531 539/539
f 526/526 539/539 542/542
f 547/547 549/549 554/554
f 547/547 554/554 552/552
f 551/551 553/553 564/564
f 551/551 564/564 562/562
f 560/560 563/563 558/558
f 560/560 558/558 555/555
f 557/557 559/559 548/548
f 557/557 548/548 546/546
f 550/550 561/561 556/556
f 550/550 556/556 545/545
f 554/554 549/549 567/567
f 554/554 567/567 570/570
f 572/572 568/568 566/566
f 572/572 566/566 576/576
f 548/548 559/559 575/575
f 548/548 575/575 565/565
f 564/564 553/553 569/569
f 564/564 569/569 573/573
f 558/558 563/563 571/571
f 558/558 571/571 574/574
f 579/579 581/581 586/586
f 579/579 586/586 584/584
f 582/582 585/585 596/596
f 582/582 596/596 593/593
f 592/592 595/595 590/590
f 592/592 590/590 587/587
f 588/588 591/591 580/580
f 588/588 580/580 577/577
f 583/583 594/594 589/589
f 583/583 589/589 578/578
f 586/586 581/581 599/599
f 586/586 599/599 602/602
f 604/604 600/600 597/597
f 604/604 597/597 607/607
f 580/580 591/591 608/608
f 580/580 608/608 598/598
f 596/596 585/585 601/601
f 596/596 601/601 605/605
f 590/590 595/595 603/603
f 590/590 603/603 606/606
f 611/611 613/613 618/618
f 611/611 618/618 616/616
f 614/614 617/617 628/628
f 614/614 628/628 625/625
f 624/624 627/627 622/622
f 624/624 622/622 619/619
f 620/620 623/623 612/612
f 620/620 612/612 609/609
f 615/615 626/626 621/621
f 615/615 621/621 610/610
f 618/618 613/613 631/631
f 618/618 631/631 634/634
f 636/636 632/632 629/629
f 636/636 629/629 639/639
f 612/612 623/623 640/640
f 612/612 640/640 630/630
f 628/628 617/617 633/633
f 628/628 633/633 637/637
f 622/622 627/627 635/635
f 622/622 635/635 638/638
f 642/642 644/644 650/650
f 642/642 650/650 648/648
f 646/646 649/649 659/659
f 646/646 659/659 656/656
f 658/658 660/660 654/654
f 658/658 654/654 652/652
f 653/653 655/655 645/645
f 653/653 645/645 643/643
f 647/647 657/657 651/651
f 647/647 651/651 641/641
f 650/650 644/644 661/661
f 650/650 661/661 665/665
f 669/669 666/666 662/662
f 669/669 662/662 671/671
f 645/645 655/655 672/672
f 645/645 672/672 663/663
f 659/659 649/649 664/664
f 659/659 664/664 667/667
f 654/654 660/660 668/668
f 654/654 668/668 670/670
f 674/674 676/676 682/682
f 674/674 682/682 680/680
f 678/678 681/681 691/691
f 678/678 691/691 688/688
f 690/690 692/692 686/686
f 690/690 686/686 684/684
f 685/685 687/687 677/677
f 685/685 677/677 675/675
f 679/679 689/689 683/683
f 679/679 683/683 673/673
f 682/682 676/676 693/693
f 682/682 693/693 697/697
f 701/701 698/698 694/694
f 701/701 694/694 703/703
f 677/677 687/687 704/704
f 677/677 704/704 695/695
f 691/691 681/681 696/696
f 691/691 696/696 699/699
f 686/686 692/692 700/700
f 686/686 700/700 702/702
f 706/706 709/709 713/713
f 706/706 713/713 710/710
f 712/712 714/714 724/724
f 712/712 724/724 722/722
f 720/720 723/723 719/719
f 720/720 719/719 716/716
f 715/715 718/718 708/708
f 715/715 708/708 705/705
f 711/711 721/721 717/717
f 711/711 717/717 707/707
f 713/713 709/709 727/727
f 713/713 727/727 729/729
f 731/731 728/728 726/726
f 731/731 726/726 735/735
f 708/708 718/718 734/734
f 708/708 734/734 725/725
f 724/724 714/714 730/730
f 724/724 730/730 733/733
f 719/719 723/723 732/732
f 719/719 732/732 736/736
f 738/738 741/741 745/745
f 738/738 745/745 742/742
f 744/744 746/746 756/756
f 744/744 756/756 754/754
f 752/752 755/755 751/751
f 752/752 751/751 748/748
f 747/747 750/750 740/740
f 747/747 740/740 737/737
f 743/743 753/753 749/749
f 743/743 749/749 739/739
f 745/745 741/741 759/759
f 745/745 759/759 761/761
f 763/763 760/760 758/758
f 763/763 758/758 767/767
f 740/740 750/750 766/766
f 740/740 766/766 757/757
f 756/756 746/746 762/762
f 756/756 762/762 765/765
f 751/751 755/755 764/764
f 751/751 764/764 768/768
f 771/771 773/773 778/778
f 771/771 778/778 776/776
f 775/775 777/777 788/788
f 775/775 788/788 786/786
f 784/784 787/787 782/782
f 784/784 782/782 779/779
f 781/781 783/783 772/772
f 781/781 772/772 770/770
f 774/774 785/785 780/780
f 774/774 780/780 769/769
f 778/778 773/773 791/791
f 778/778 791/791 794/794
f 796/796 792/792 790/790
f 796/796 790/790 800/800
f 772/772 783/783 799/799
f 772/772 799/799 789/789
f 788/788 777/777 793/793
f 788/788 793/793 797/797
f 782/782 787/787 795/795
f 782/782 795/795 798/798
f 803/803 805/805 810/810
f 803/803 810/810 808/808
f 807/807 809/809 820/820
f 807/807 820/820 818/818
f 816/816 819/819 814/814
f 816/816 814/814 811/811
f 813/813 815/815 804/804
f 813/813 804/804 802/802
f 806/806 817/817 812/812
f 806/806 812/812 801/801
f 810/810 805/805 823/823
f 810/810 823/823 826/826
f 828/828 824/824 822/822
f 828/828 822/822 832/832
f 804/804 815/815 831/831
f 804/804 831/831 821/821
f 820/820 809/809 825/825
f 820/820 825/825 829/829
f 814/814 819/819 827/827
f 814/814 827/827 830/830
f 835/835 837/837 842/842
f 835/835 842/842 840/840
f 838/838 841/841 852/852
f 838/838 852/852 849/849
f 848/848 851/851 846/846
f 848/848 846/846 843/843
f 844/844 847/847 836/836
f 844/844 836/836 833/833
f 839/839 850/850 845/845
f 839/839 845/845 834/834
f 842/842 837/837 855/855
f 842/842 855/855 858/858
f 860/860 856/856 853/853
f 860/860 853/853 863/863
f 836/836 847/847 864/864
f 836/836 864/864 854/854
f 852/852 841/841 857/857
f 852/852 857/857 861/861
f 846/846 851/851 859/859
f 846/846 859/859 862/862
f 867/867 869/869 874/874
f 867/867 874/874 872/872
f 870/870 873/873 884/884
f 870/870 884/884 881/881
f 880/880 883/883 878/878
f 880/880 878/878 875/875
f 876/876 879/879 868/868
f 876/876 868/868 865/865
f 871/871 882/882 877/877
f 871/871 877/877 866/866
f 874/874 869/869 887/887
f 874/874 887/887 890/890
f 892/892 888/888 885/885
f 892/892 885/885 895/895
f 868/868 879/879 896/896
f 868/868 896/896 886/886
f 884/884 873/873 889/889
f 884/884 889/889 893/893
f 878/878 883/883 891/891
f 878/878 891/891 894/894
f 898/898 900/900 906/906
f 898/898 906/906 904/904
f 902/902 905/905 915/915
f 902/902 915/915 912/912
f 914/914 916/916 910/910
f 914/914 910/910 908/908
f 909/909 911/911 901/901
f 909/909 901/901 899/899
f 903/903 913/913 907/907
f 903/903 907/907 897/897
f 906/906 900/900 917/917
f 906/906 917/917 921/921
f 925/925 922/922 918/918
f 925/925 918/918 927/927
f 901/901 911/911 928/928
f 901/901 928/928 919/919
f 915/915 905/905 920/920
f 915/915 920/920 923/923
f 910/910 916/916 924/924
f 910/910 924/924 926/926
f 930/930 932/932 938/938
f 930/930 938/938 936/936
f 934/934 937/937 947/947
f 934/934 947/947 944/944
f 946/946 948/948 942/942
f 946/946 942/942 940/940
f 941/941 943/943 933/933
f 941/941 933/933 931/931
f 935/935 945/945 939/939
f 935/935 939/939 929/929
f 938/938 932/932 949/949
f 938/938 949/949 953/953
f 957/957 954/954 950/950
f 957/957 950/950 959/959
f 933/933 943/943 960/960
f 933/933 960/960 951/951
f 947/947 937/937 952/952
f 947/947 952/952 955/955
f 942/942 948/948 956/956
f 942/942 956/956 958/958
f 962/962 965/965 969/969
f 962/962 969/969 966/966
f 968/968 970/970 980/980
f 968/968 980/980 978/978
f 976/976 979/979 975/975
f 976/976 975/975 972/972
f 971/971 974/974 964/964
f 971/971 964/964 961/961
f 967/967 977/977 973/973
f 967/967 973/973 963/963
f 969/969 965/965 983/983
f 969/969 983/983 985/985
f 987/987 984/984 982/982
f 987/987 982/982 991/991
f 964/964 974/974 990/990
f 964/964 990/990 981/981
f 980/980 970/970 986/986
f 980/980 986/986 989/989
f 975/975 979/979 988/988
f 975/975 988/988 992/992
f 994/994 997/997 1001/1001
f 994/994 1001/1001 998/998
f 1000/1000 1002/1002 1012/1012
f 1000/1000 1012/1012 1010/1010
f 1008/1008 1011/1011 1007/1007
f 1008/1008 1007/1007 1004/1004
f 1003/1003 1006/1006 996/996
f 1003/1003 996/996 993/993
f 999/999 1009/1009 1005/1005
f 999/999 1005/1005 995/995
f 1001/1001 997/997 1015/1015
f 1001/1001 1015/1015 1017/1017
f 1019/1019 1016/1016 1014/1014
f 1019/1019 1014/1014 1023/1023
f 996/996 1006/1006 1022/1022
f 996/996 1022/1022 1013/1013
f 1012/1012 1002/1002 1018/1018
f 1012/1012 1018/1018 1021/1021
f 1007/1007 1011/1011 1020/1020
f 1007/1007 1020/1020 1024/1024
f 1027/1027 1029/1029 1034/1034
f 1027/1027 1034/1034 1032/1032
f 1031/1031 1033/1033 1044/1044
f 1031/1031 1044/1044 1042/1042
f 1040/1040 1043/1043 1038/1038
f 1040/1040 1038/1038 1035/1035
f 1037/1037 1039/1039 1028/1028
f 1037/1037 1028/1028 1026/1026
f 1030/1030 1041/1041 1036/1036
f 1030/1030 1036/1036 1025/1025
f 1034/1034 1029/1029 1047/1047
f 1034/1034 1047/1047 1050/1050
f 1052/1052 1048/1048 1046/1046
f 1052/1052 1046/1046 1056/1056
f 1028/1028 1039/1039 1055/1055
f 1028/1028 1055/1055 1045/1045
f 1044/1044 1033/1033 1049/1049
f 1044/1044 1049/1049 1053/1053
f 1038/1038 1043/1043 1051/1051
f 1038/1038 1051/1051 1054/1054
f 1059/1059 1061/1061 1066/1066
f 1059/1059 1066/1066 1064/1064
f 1063/1063 1065/1065 1076/1076
f 1063/1063 1076/1076 1074/1074
f 1072/1072 1075/1075 1070/1070
f 1072/1072 1070/1070 1067/1067
f 1069/1069 1071/1071 1060/1060
f 1069/1069 1060/1060 1058/1058
f 1062/1062 1073/1073 1068/1068
f 1062/1062 1068/1068 1057/1057
f 1066/1066 1061/1061 1079/1079
f 1066/1066 1079/1079 1082/1082
f 1084/1084 1080/1080 1078/1078
f 1084/1084 1078/1078 1088/1088
f 1060/1060 1071/1071 1087/1087
f 1060/1060 1087/1087 1077/1077
f 1076/1076 1065/1065 1081/1081
f 1076/1076 1081/1081 1085/1085
f 1070/1070 1075/1075 1083/1083
f 1070/1070 1083/1083 1086/1086
f 1091/1091 1093/1093 1098/1098
f 1091/1091 1098/1098 1096/1096
f 1094/1094 1097/1097 1108/1108
f 1094/1094 1108/1108 1105/1105
f 1104/1104 1107/1107 1102/1102
f 1104/1104 1102/1102 1099/1099
f 1100/1100 1103/1103 1092/1092
f 1100/1100 1092/1092 1089/1089
f 1095/1095 1106/1106 1101/1101
f 1095/1095 1101/1101 1090/1090
f 1098/1098 1093/1093 1111/1111
f 1098/1098 1111/1111 1114/1114
f 1116/1116 1112/1112 1109/1109
f 1116/1116 1109/1109 1119/1119
f 1092/1092 1103/1103 1120/1120
f 1092/1092 1120/1120 1110/1110
f 1108/1108 1097/1097 1113/1113
f 1108/1108 1113/1113 1117/1117
f 1102/1102 1107/1107 1115/1115
f 1102/1102 1115/1115 1118/1118
f 1123/1123 1125/1125 1130/1130
f 1123/1123 1130/1130 1128/1128
f 1126/1126 1129/1129 1140/1140
f 1126/1126 1140/1140 1137/1137
f 1136/1136 1139/1139 1134/1134
f 1136/1136 1134/1134 1131/1131
f 1132/1132 1135/1135 1124/1124
f 1132/1132 1124/1124 1121/1121
f 1127/1127 1138/1138 1133/1133
f 1127/1127 1133/1133 1122/1122
f 1130/1130 1125/1125 1143/1143
f 1130/1130 1143/1143 1146/1146
f 1148/1148 1144/1144 1141/1141
f 1148/1148 1141/1141 1151/1151
f 1124/1124 1135/1135 1152/1152
f 1124/1124 1152/1152 1142/1142
f 1140/1140 1129/1129 1145/1145
f 1140/1140 1145/1145 1149/1149
f 1134/1134 1139/1139 1147/1147
f 1134/1134 1147/1147 1150/1150
f 1154/1154 1156/1156 1162/1162
f 1154/1154 1162/1162 1160/1160
f 1158/1158 1161/1161 1171/1171
f 1158/1158 1171/1171 1168/1168
f 1170/1170 1172/1172 1166/1166
f 1170/1170 1166/1166 1164/1164
f 1165/1165 1167/1167 1157/1157
f 1165/1165 1157/1157 1155/1155
f 1159/1159 1169/1169 1163/1163
f 1159/1159 1163/1163 1153/1153
f 1162/1162 1156/1156 1173/1173
f 1162/1162 1173/1173 1177/1177
f 1181/1181 1178/1178 1174/1174
f 1181/1181 1174/1174 1183/1183
f 1157/1157 1167/1167 1184/1184
f 1157/1157 1184/1184 1175/1175
f 1171/1171 1161/1161 1176/1176
f 1171/1171 1176/1176 1179/1179
f 1166/1166 1172/1172 1180/1180
f 1166/1166 1180/1180 1182/1182
f 1186/1186 1188/1188 1194/1194
f 1186/1186 1194/1194 1192/1192
f 1190/1190 1193/1193 1203/1203
f 1190/1190 1203/1203 1200/1200
f 1202/1202 1204/1204 1198/1198
f 1202/1202 1198/1198 1196/1196
f 1197/1197 1199/1199 1189/1189
f 1197/1197 1189/1189 1187/1187
f 1191/1191 1201/1201 1195/1195
f 1191/1191 1195/1195 1185/1185
f 1194/1194 1188/1188 1205/1205
f 1194/1194 1205/1205 1209/1209
f 1213/1213 1210/1210 1206/1206
f 1213/1213 1206/1206 1215/1215
f 1189/1189 1199/1199 1216/1216
f 1189/1189 1216/1216 1207/1207
f 1203/1203 1193/1193 1208/1208
f 1203/1203 1208/1208 1211/1211
f 1198/1198 1204/1204 1212/1212
f 1198/1198 1212/1212 1214/1214
f 1218/1218 1221/1221 1225/1225
f 1218/1218 1225/1225 1222/1222
f 1224/1224 1226/1226 1236/1236
f 1224/1224 1236/1236 1234/1234
f 1232/1232 1235/1235 1231/1231
f 1232/1232 1231/1231 1228/1228
f 1227/1227 1230/1230 1220/1220
f 1227/1227 1220/1220 1217/1217
f 1223/1223 1233/1233 1229/1229
f 1223/1223 1229/1229 1219/1219
f 1225/1225 1221/1221 1239/1239
f 1225/1225 1239/1239 1241/1241
f 1243/1243 1240/1240 1238/1238
f 1243/1243 1238/1238 1247/1247
f 1220/1220 1230/1230 1246/1246
f 1220/1220 1246/1246 1237/1237
f 1236/1236 1226/1226 1242/1242
f 1236/1236 1242/1242 1245/1245
f 1231/1231 1235/1235 1244/1244
f 1231/1231 1244/1244 1248/1248
f 1250/1250 1253/1253 1257/1257
f 1250/1250 1257/1257 1254/1254
f 1256/1256 1258/1258 1268/1268
f 1256/1256 1268/1268 1266/1266
f 1264/1264 1267/1267 1263/1263
f 1264/1264 1263/1263 1260/1260
f 1259/1259 1262/1262 1252/1252
f 1259/1259 1252/1252 1249/1249
f 1255/1255 1265/1265 1261/1261
f 1255/1255 1261/1261 1251/1251
f 1257/1257 1253/1253 1271/1271
f 1257/1257 1271/1271 1273/1273
f 1275/1275 1272/1272 1270/1270
f 1275/1275 1270/1270 1279/1279
f 1252/1252 1262/1262 1278/1278
f 1252/1252 1278/1278 1269/1269
f 1268/1268 1258/1258 1274/1274
f 1268/1268 1274/1274 1277/1277
f 1263/1263 1267/1267 1276/1276
f 1263/1263 1276/1276 1280/1280
f 1283/1283 1285/1285 1290/1290
f 1283/1283 1290/1290 1288/1288
f 1287/1287 1289/1289 1300/1300
f 1287/1287 1300/1300 1298/1298
f 1296/1296 1299/1299 1294/1294
f 1296/1296 1294/1294 1291/1291
f 1293/1293 1295/1295 1284/1284
f 1293/1293 1284/1284 1282/1282
f 1286/1286 1297/1297 1292/1292
f 1286/1286 1292/1292 1281/1281
f 1290/1290 1285/1285 1303/1303
f 1290/1290 1303/1303 1306/1306
f 1308/1308 1304/1304 1302/1302
f 1308/1308 1302/1302 1312/1312
f 1284/1284 1295/1295 1311/1311
f 1284/1284 1311/1311 1301/1301
f 1300/1300 1289/1289 1305/1305
f 1300/1300 1305/1305 1309/1309
f 1294/1294 1299/1299 1307/1307
f 1294/1294 1307/1307 1310/1310
f 1315/1315 1317/1317 1322/1322
f 1315/1315 1322/1322 1320/1320
f 1319/1319 1321/1321 1332/1332
f 1319/1319 1332/1332 1330/1330
f 1328/1328 1331/1331 1326/1326
f 1328/1328 1326/1326 1323/1323
f 1325/1325 1327/1327 1316/1316
f 1325/1325 1316/1316 1314/1314
f 1318/1318 1329/1329 1324/1324
f 1318/1318 1324/1324 1313/1313
f 1322/1322 1317/1317 1335/1335
f 1322/1322 1335/1335 1338/1338
f 1340/1340 1336/1336 1334/1334
f 1340/1340 1334/1334 1344/1344
f 1316/1316 1327/1327 1343/1343
f 1316/1316 1343/1343 1333/1333
f 1332/1332 1321/1321 1337/1337
f 1332/1332 1337/1337 1341/1341
f 1326/1326 1331/1331 1339/1339
f 1326/1326 1339/1339 1342/1342
f 1347/1347 1349/1349 1354/1354
f 1347/1347 1354/1354 1352/1352
f 1350/1350 1353/1353 1364/1364
f 1350/1350 1364/1364 1361/1361
f 1360/1360 1363/1363 1358/1358
f 1360/1360 1358/1358 1355/1355
f 1356/1356 1359/1359 1348/1348
f 1356/1356 1348/1348 1345/1345
f 1351/1351 1362/1362 1357/1357
f 1351/1351 1357/1357 1346/1346
f 1354/1354 1349/1349 1367/1367
f 1354/1354 1367/1367 1370/1370
f 1372/1372 1368/1368 1365/1365
f 1372/1372 1365/1365 1375/1375
f 1348/1348 1359/1359 1376/1376
f 1348/1348 1376/1376 1366/1366
f 1364/1364 1353/1353 1369/1369
f 1364/1364 1369/1369 1373/1373
f 1358/1358 1363/1363 1371/1371
f 1358/1358 1371/1371 1374/1374
f 1379/1379 1381/1381 1386/1386
f 1379/1379 1386/1386 1384/1384
f 1382/1382 1385/1385 1396/1396
f 1382/1382 1396/1396 1393/1393
f 1392/1392 1395/1395 1390/1390
f 1392/1392 1390/1390 1387/1387
f 1388/1388 1391/1391 1380/1380
f 1388/1388 1380/1380 1377/1377
f 1383/1383 1394/1394 1389/1389
f 1383/1383 1389/1389 1378/1378
f 1386/1386 1381/1381 1399/1399
f 1386/1386 1399/1399 1402/1402
f 1404/1404 1400/1400 1397/1397
f 1404/1404 1397/1397 1407/1407
f 1380/1380 1391/1391 1408/1408
f 1380/1380 1408/1408 1398/1398
f 1396/1396 1385/1385 1401/1401
f 1396/1396 1401/1401 1405/1405
f 1390/1390 1395/1395 1403/1403
f 1390/1390 1403/1403 1406/1406
f 1410/1410 1412/1412 1418/1418
f 1410/1410 1418/1418 1416/1416
f 1414/1414 1417/1417 1427/1427
f 1414/1414 1427/1427 1424/1424
f 1426/1426 1428/1428 1422/1422
f 1426/1426 1422/1422 1420/1420
f 1421/1421 1423/1423 1413/1413
f 1421/1421 1413/1413 1411/1411
f 1415/1415 1425/1425 1419/1419
f 1415/1415 1419/1419 1409/1409
f 1418/1418 1412/1412 1429/1429
f 1418/1418 1429/1429 1433/1433
f 1437/1437 1434/1434 1430/1430
f 1437/1437 1430/1430 1439/1439
f 1413/1413 1423/1423 1440/1440
f 1413/1413 1440/1440 1431/1431
f 1427/1427 1417/1417 1432/1432
f 1427/1427 1432/1432 1435/1435
f 1422/1422 1428/1428 1436/1436
f 1422/1422 1436/1436 1438/1438
f 1442/1442 1444/1444 1450/1450
f 1442/1442 1450/1450 1448/1448
f 1446/1446 1449/1449 1459/1459
f 1446/1446 1459/1459 1456/1456
f 1458/1458 1460/1460 1454/1454
f 1458/1458 1454/1454 1452/1452
f 1453/1453 1455/1455 1445/1445
f 1453/1453 1445/1445 1443/1443
f 1447/1447 1457/1457 1451/1451
f 1447/1447 1451/1451 1441/1441
f 1450/1450 1444/1444 1461/1461
f 1450/1450 1461/1461 1465/1465
f 1469/1469 1466/1466 1462/1462
f 1469/1469 1462/1462 1471/1471
f 1445/1445 1455/1455 1472/1472
f 1445/1445 1472/1472 1463/1463
f 1459/1459 1449/1449 1464/1464
f 1459/1459 1464/1464 1467/1467
f 1454/1454 1460/1460 1468/1468
f 1454/1454 1468/1468 1470/1470
f 1474/1474 1477/1477 1481/1481
f 1474/1474 1481/1481 1478/1478
f 1480/1480 1482/1482 1492/1492
f 1480/1480 1492/1492 1490/1490
f 1488/1488 1491/1491 1487/1487
f 1488/1488 1487/1487 1484/1484
f 1483/1483 1486/1486 1476/1476
f 1483/1483 1476/1476 1473/1473
f 1479/1479 1489/1489 1485/1485
f 1479/1479 1485/1485 1475/1475
f 1481/1481 1477/1477 1495/1495
f 1481/1481 1495/1495 1497/1497
f 1499/1499 1496/1496 1494/1494
f 1499/1499 1494/1494 1503/1503
f 1476/1476 1486/1486 1502/1502
f 1476/1476 1502/1502 1493/1493
f 1492/1492 1482/1482 1498/1498
f 1492/1492 1498/1498 1501/1501
f 1487/1487 1491/1491 1500/1500
f 1487/1487 1500/1500 1504/1504
f 1506/1506 1509/1509 1513/1513
f 1506/1506 1513/1513 1510/1510
f 1512/1512 1514/1514 1524/1524
f 1512/1512 1524/1524 1522/1522
f 1520/1520 1523/1523 1519/1519
f 1520/1520 1519/1519 1516/1516
f 1515/1515 1518/1518 1508/1508
f 1515/1515 1508/1508 1505/1505
f 1511/1511 1521/1521 1517/1517
f 1511/1511 1517/1517 1507/1507
f 1513/1513 1509/1509 1527/1527
f 1513/1513 1527/1527 1529/1529
f 1531/1531 1528/1528 1526/1526
f 1531/1531 1526/1526 1535/1535
f 1508/1508 1518/1518 1534/1534
f 1508/1508 1534/1534 1525/1525
f 1524/1524 1514/1514 1530/1530
f 1524/1524 1530/1530 1533/1533
f 1519/1519 1523/1523 1532/1532
f 1519/1519 1532/1532 1536/1536
f 1539/1539 1541/1541 1546/1546
f 1539/1539 1546/1546 1544/1544
f 1543/1543 1545/1545 1556/1556
f 1543/1543 1556/1556 1554/1554
f 1552/1552 1555/1555 1550/1550
f 1552/1552 1550/1550 1547/1547
f 1549/1549 1551/1551 1540/1540
f 1549/1549 1540/1540 1538/1538
f 1542/1542 1553/1553 1548/1548
f 1542/1542 1548/1548 1537/1537
f 1546/1546 1541/1541 1559/1559
f 1546/1546 1559/1559 1562/1562
f 1564/1564 1560/1560 1558/1558
f 1564/1564 1558/1558 1568/1568
f 1540/1540 1551/1551 1567/1567
f 1540/1540 1567/1567 1557/1557
f 1556/1556 1545/1545 1561/1561
f 1556/1556 1561/1561 1565/1565
f 1550/1550 1555/1555 1563/1563
f 1550/1550 1563/1563 1566/1566
f 1571/1571 1573/1573 1578/1578
f 1571/1571 1578/1578 1576/1576
f 1575/1575 1577/1577 1588/1588
f 1575/1575 1588/1588 1586/1586
f 1584/1584 1587/1587 1582/1582
f 1584/1584 1582/1582 1579/1579
f 1581/1581 1583/1583 1572/1572
f 1581/1581 1572/1572 1570/1570
f 1574/1574 1585/1585 1580/1580
f 1574/1574 1580/1580 1569/1569
f 1578/1578 1573/1573 1591/1591
f 1578/1578 1591/1591 1594/1594
f 1596/1596 1592/1592 1590/1590
f 1596/1596 1590/1590 1600/1600
f 1572/1572 1583/1583 1599/1599
f 1572/1572 1599/1599 1589/1589
f 1588/1588 1577/1577 1593/1593
f 1588/1588 1593/1593 1597/1597
f 1582/1582 1587/1587 1595/1595
f 1582/1582 1595/1595 1598/1598
f 1603/1603 1605/1605 1610/1610
f 1603/1603 1610/1610 1608/1608
f 1606/1606 1609/1609 1620/1620
f 1606/1606 1620/1620 1617/1617
f 1616/1616 1619/1619 1614/1614
f 1616/1616 1614/1614 1611/1611
f 1612/1612 1615/1615 1604/1604
f 1612/1612 1604/1604 1601/1601
f 1607/1607 1618/1618 1613/1613
f 1607/1607 1613/1613 1602/1602
f 1610/1610 1605/1605 1623/1623
f 1610/1610 1623/1623 1626/1626
f 1628/1628 1624/1624 1621/1621
f 1628/1628 1621/1621 1631/1631
f 1604/1604 1615/1615 1632/1632
f 1604/1604 1632/1632 1622/1622
f 1620/1620 1609/1609 1625/1625
f 1620/1620 1625/1625 1629/1629
f 1614/1614 1619/1619 1627/1627
f 1614/1614 1627/1627 1630/1630
f 1635/1635 1637/1637 1642/1642
f 1635/1635 1642/1642 1640/1640
f 1638/1638 1641/1641 1652/1652
f 1638/1638 1652/1652 1649/1649
f 1648/1648 1651/1651 1646/1646
f 1648/1648 1646/1646 1643/1643
f 1644/1644 1647/1647 1636/1636
f 1644/1644 1636/1636 1633/1633
f 1639/1639 1650/1650 1645/1645
f 1639/1639 1645/1645 1634/1634
f 1642/1642 1637/1637 1655/1655
f 1642/1642 1655/1655 1658/1658
f 1660/1660 1656/1656 1653/1653
f 1660/1660 1653/1653 1663/1663
f 1636/1636 1647/1647 1664/1664
f 1636/1636 1664/1664 1654/1654
f 1652/1652 1641/1641 1657/1657
f 1652/1652 1657/1657 1661/1661
f 1646/1646 1651/1651 1659/1659
f 1646/1646 1659/1659 1662/1662
f 1666/1666 1668/1668 1674/1674
f 1666/1666 1674/1674 1672/1672
f 1670/1670 1673/1673 1683/1683
f 1670/1670 1683/1683 1680/1680
f 1682/1682 1684/1684 1678/1678
f 1682/1682 1678/1678 1676/1676
f 1677/1677 1679/1679 1669/1669
f 1677/1677 1669/1669 1667/1667
f 1671/1671 1681/1681 1675/1675
f 1671/1671 1675/1675 1665/1665
f 1674/1674 1668/1668 1685/1685
f 1674/1674 1685/1685 1689/1689
f 1693/1693 1690/1690 1686/1686
f 1693/1693 1686/1686 1695/1695
f 1669/1669 1679/1679 1696/1696
f 1669/1669 1696/1696 1687/1687
f 1683/1683 1673/1673 1688/1688
f 1683/1683 1688/1688 1691/1691
f 1678/1678 1684/1684 1692/1692
f 1678/1678 1692/1692 1694/1694
f 1698/1698 1700/1700 1706/1706
f 1698/1698 1706/1706 1704/1704
f 1702/1702 1705/1705 1715/1715
f 1702/1702 1715/1715 1712/1712
f 1714/1714 1716/1716 1710/1710
f 1714/1714 1710/1710 1708/1708
f 1709/1709 1711/1711 1701/1701
f 1709/1709 1701/1701 1699/1699
f 1703/1703 1713/1713 1707/1707
f 1703/1703 1707/1707 1697/1697
f 1706/1706 1700/1700 1717/1717
f 1706/1706 1717/1717 1721/1721
f 1725/1725 1722/1722 1718/1718
f 1725/1725 1718/1718 1727/1727
f 1701/1701 1711/1711 1728/1728
f 1701/1701 1728/1728 1719/1719
f 1715/1715 1705/1705 1720/1720
f 1715/1715 1720/1720 1723/1723
f 1710/1710 1716/1716 1724/1724
f 1710/1710 1724/1724 1726/1726
f 1730/1730 1733/1733 1737/1737
f 1730/1730 1737/1737 1734/1734
f 1736/1736 1738/1738 1748/1748
f 1736/1736 1748/1748 1746/1746
f 1744/1744 1747/1747 1743/1743
f 1744/1744 1743/1743 1740/1740
f 1739/1739 1742/1742 1732/1732
f 1739/1739 1732/1732 1729/1729
f 1735/1735 1745/1745 1741/1741
f 1735/1735 1741/1741 1731/1731
f 1737/1737 1733/1733 1751/1751
f 1737/1737 1751/1751 1753/1753
f 1755/1755 1752/1752 1750/1750
f 1755/1755 1750/1750 1759/1759
f 1732/1732 1742/1742 1758/1758
f 1732/1732 1758/1758 1749/1749
f 1748/1748 1738/1738 1754/1754
f 1748/1748 1754/1754 1757/1757
f 1743/1743 1747/1747 1756/1756
f 1743/1743 1756/1756 1760/1760
f 1762/1762 1765/1765 1769/1769
f 1762/1762 1769/1769 1766/1766
f 1768/1768 1770/1770 1780/1780
f 1768/1768 1780/1780 1778/1778
f 1776/1776 1779/1779 1775/1775
f 1776/1776 1775/1775 1772/1772
f 1771/1771 1774/1774 1764/1764
f 1771/1771 1764/1764 1761/1761
f 1767/1767 1777/1777 1773/1773
f 1767/1767 1773/1773 1763/1763
f 1769/1769 1765/1765 1783/1783
f 1769/1769 1783/1783 1785/1785
f 1787/1787 1784/1784 1782/1782
f 1787/1787 1782/1782 1791/1791
f 1764/1764 1774/1774 1790/1790
f 1764/1764 1790/1790 1781/1781
f 1780/1780 1770/1770 1786/1786
f 1780/1780 1786/1786 1789/1789
f 1775/1775 1779/1779 1788/1788
f 1775/1775 1788/1788 1792/1792
f 1795/1795 1797/1797 1802/1802
f 1795/1795 1802/1802 1800/1800
f 1799/1799 1801/1801 1812/1812
f 1799/1799 1812/1812 1810/1810
f 1808/1808 1811/1811 1806/1806
f 1808/1808 1806/1806 1803/1803
f 1805/1805 1807/1807 1796/1796
f 1805/1805 1796/1796 1794/1794
f 1798/1798 1809/1809 1804/1804
f 1798/1798 1804/1804 1793/1793
f 1802/1802 1797/1797 1815/1815
f 1802/1802 1815/1815 1818/1818
f 1820/1820 1816/1816 1814/1814
f 1820/1820 1814/1814 1824/1824
f 1796/1796 1807/1807 1823/1823
f 1796/1796 1823/1823 1813/1813
f 1812/1812 1801/1801 1817/1817
f 1812/1812 1817/1817 1821/1821
f 1806/1806 1811/1811 1819/1819
f 1806/1806 1819/1819 1822/1822
f 1827/1827 1829/1829 1834/1834
f 1827/1827 1834/1834 1832/1832
f 1831/1831 1833/1833 1844/1844
f 1831/1831 1844/1844 1842/1842
f 1840/1840 1843/1843 1838/1838
f 1840/1840 1838/1838 1835/1835
f 1837/1837 1839/1839 1828/1828
f 1837/1837 1828/1828 1826/1826
f 1830/1830 1841/1841 1836/1836
f 1830/1830 1836/1836 1825/1825
f 1834/1834 1829/1829 1847/1847
f 1834/1834 1847/1847 1850/1850
f 1852/1852 1848/1848 1846/1846
f 1852/1852 1846/1846 1856/1856
f 1828/1828 1839/1839 1855/1855
f 1828/1828 1855/1855 1845/1845
f 1844/1844 1833/1833 1849/1849
f 1844/1844 1849/1849 1853/1853
f 1838/1838 1843/1843 1851/1851
f 1838/1838 1851/1851 1854/1854
f 1859/1859 1861/1861 1866/1866
f 1859/1859 1866/1866 1864/1864
f 1862/1862 1865/1865 1876/1876
f 1862/1862 1876/1876 1873/1873
f 1872/1872 1875/1875 1870/1870
f 1872/1872 1870/1870 1867/1867
f 1868/1868 1871/1871 1860/1860
f 1868/1868 1860/1860 1857/1857
f 1863/1863 1874/1874 1869/1869
f 1863/1863 1869/1869 1858/1858
f 1866/1866 1861/1861 1879/1879
f 1866/1866 1879/1879 1882/1882
f 1884/1884 1880/1880 1877/1877
f 1884/1884 1877/1877 1887/1887
f 1860/1860 1871/1871 1888/1888
f 1860/1860 1888/1888 1878/1878
f 1876/1876 1865/1865 1881/1881
f 1876/1876 1881/1881 1885/1885
f 1870/1870 1875/1875 1883/1883
f 1870/1870 1883/1883 1886/1886
f 1891/1891 1893/1893 1898/1898
f 1891/1891 1898/1898 1896/1896
f 1894/1894 1897/1897 1908/1908
f 1894/1894 1908/1908 1905/1905
f 1904/1904 1907/1907 1902/1902
f 1904/1904 1902/1902 1899/1899
f 1900/1900 1903/1903 1892/1892
f 1900/1900 1892/1892 1889/1889
f 1895/1895 1906/1906 1901/1901
f 1895/1895 1901/1901 1890/1890
f 1898/1898 1893/1893 1911/1911
f 1898/1898 1911/1911 1914/1914
f 1916/1916 1912/1912 1909/1909
f 1916/1916 1909/1909 1919/1919
f 1892/1892 1903/1903 1920/1920
f 1892/1892 1920/1920 1910/1910
f 1908/1908 1897/1897 1913/1913
f 1908/1908 1913/1913 1917/1917
f 1902/1902 1907/1907 1915/1915
f 1902/1902 1915/1915 1918/1918
f 1922/1922 1924/1924 1930/1930
f 1922/1922 1930/1930 1928/1928
f 1926/1926 1929/1929 1939/1939
f 1926/1926 1939/1939 1936/1936
f 1938/1938 1940/1940 1934/1934
f 1938/1938 1934/1934 1932/1932
f 1933/1933 1935/1935 1925/1925
f 1933/1933 1925/1925 1923/1923
f 1927/1927 1937/1937 1931/1931
f 1927/1927 1931/1931 1921/1921
f 1930/1930 1924/1924 1941/1941
f 1930/1930 1941/1941 1945/1945
f 1949/1949 1946/1946 1942/1942
f 1949/1949 1942/1942 1951/1951
f 1925/1925 1935/1935 1952/1952
f 1925/1925 1952/1952 1943/1943
f 1939/1939 1929/1929 1944/1944
f 1939/1939 1944/1944 1947/1947
f 1934/1934 1940/1940 1948/1948
f 1934/1934 1948/1948 1950/1950
f 1954/1954 1956/1956 1962/1962
f 1954/1954 1962/1962 1960/1960
f 1958/1958 1961/1961 1971/1971
f 1958/1958 1971/1971 1968/1968
f 1970/1970 1972/1972 1966/1966
f 1970/1970 1966/1966 1964/1964
f 1965/1965 1967/1967 1957/1957
f 1965/1965 1957/1957 1955/1955
f 1959/1959 1969/1969 1963/1963
f 1959/1959 1963/1963 1953/1953
f 1962/1962 1956/1956 1973/1973
f 1962/1962 1973/1973 1977/1977
f 1981/1981 1978/1978 1974/1974
f 1981/1981 1974/1974 1983/1983
f 1957/1957 1967/1967 1984/1984
f 1957/1957 1984/1984 1975/1975
f 1971/1971 1961/1961 1976/1976
f 1971/1971 1976/1976 1979/1979
f 1966/1966 1972/1972 1980/1980
f 1966/1966 1980/1980 1982/1982
f 1986/1986 1989/1989 1993/1993
f 1986/1986 1993/1993 1990/1990
f 1992/1992 1994/1994 2004/2004
f 1992/1992 2004/2004 2002/2002
f 2000/2000 2003/2003 1999/1999
f 2000/2000 1999/1999 1996/1996
f 1995/1995 1998/1998 1988/1988
f 1995/1995 1988/1988 1985/1985
f 1991/1991 2001/2001 1997/1997
f 1991/1991 1997/1997 1987/1987
f 1993/1993 1989/1989 2007/2007
f 1993/1993 2007/2007 2009/2009
f 2011/2011 2008/2008 2006/2006
f 2011/2011 2006/2006 2015/2015
f 1988/1988 1998/1998 2014/2014
f 1988/1988 2014/2014 2005/2005
f 2004/2004 1994/1994 2010/2010
f 2004/2004 2010/2010 2013/2013
f 1999/1999 2003/2003 2012/2012
f 1999/1999 2012/2012 2016/2016
f 2018/2018 2021/2021 2025/2025
f 2018/2018 2025/2025 2022/2022
f 2024/2024 2026/2026 2036/2036
f 2024/2024 2036/2036 2034/2034
f 2032/2032 2035/2035 2031/2031
f 2032/2032 2031/2031 2028/2028
f 2027/2027 2030/2030 2020/2020
f 2027/2027 2020/2020 2017/2017
f 2023/2023 2033/2033 2029/2029
f 2023/2023 2029/2029 2019/2019
f 2025/2025 2021/2021 2039/2039
f 2025/2025 2039/2039 2041/2041
f 2043/2043 2040/2040 2038/2038
f 2043/2043 2038/2038 2047/2047
f 2020/2020 2030/2030 2046/2046
f 2020/2020 2046/2046 2037/2037
f 2036/2036 2026/2026 2042/2042
f 2036/2036 2042/2042 2045/2045
f 2031/2031 2035/2035 2044/2044
f 2031/2031 2044/2044 2048/2048
f 2051/2051 2053/2053 2058/2058
f 2051/2051 2058/2058 2056/2056
f 2055/2055 2057/2057 2068/2068
f 2055/2055 2068/2068 2066/2066
f 2064/2064 2067/2067 2062/2062
f 2064/2064 2062/2062 2059/2059
f 2061/2061 2063/2063 2052/2052
f 2061/2061 2052/2052 2050/2050
f 2054/2054 2065/2065 2060/2060
f 2054/2054 2060/2060 2049/2049
f 2058/2058 2053/2053 2071/2071
f 2058/2058 2071/2071 2074/2074
f 2076/2076 2072/2072 2070/2070
f 2076/2076 2070/2070 2080/2080
f 2052/2052 2063/2063 2079/2079
f 2052/2052 2079/2079 2069/2069
f 2068/2068 2057/2057 2073/2073
f 2068/2068 2073/2073 2077/2077
f 2062/2062 2067/2067 2075/2075
f 2062/2062 2075/2075 2078/2078
f 2083/2083 2085/2085 2090/2090
f 2083/2083 2090/2090 2088/2088
f 2087/2087 2089/2089 2100/2100
f 2087/2087 2100/2100 2098/2098
f 2096/2096 2099/2099 2094/2094
f 2096/2096 2094/2094 2091/2091
f 2093/2093 2095/2095 2084/2084
f 2093/2093 2084/2084 2082/2082
f 2086/2086 2097/2097 2092/2092
f 2086/2086 2092/2092 2081/2081
f 2090/2090 2085/2085 2103/2103
f 2090/2090 2103/2103 2106/2106
f 2108/2108 2104/2104 2102/2102
f 2108/2108 2102/2102 2112/2112
f 2084/2084 2095/2095 2111/2111
f 2084/2084 2111/2111 2101/2101
f 2100/2100 2089/2089 2105/2105
f 2100/2100 2105/2105 2109/2109
f 2094/2094 2099/2099 2107/2107
f 2094/2094 2107/2107 2110/2110
f 2115/2115 2117/2117 2122/2122
f 2115/2115 2122/2122 2120/2120
f 2118/2118 2121/2121 2132/2132
f 2118/2118 2132/2132 2129/2129
f 2128/2128 2131/2131 2126/2126
f 2128/2128 2126/2126 2123/2123
f 2124/2124 2127/2127 2116/2116
f 2124/2124 2116/2116 2113/2113
f 2119/2119 2130/2130 2125/2125
f 2119/2119 2125/2125 2114/2114
f 2122/2122 2117/2117 2135/2135
f 2122/2122 2135/2135 2138/2138
f 2140/2140 2136/2136 2133/2133
f 2140/2140 2133/2133 2143/2143
f 2116/2116 2127/2127 2144/2144
f 2116/2116 2144/2144 2134/2134
f 2132/2132 2121/2121 2137/2137
f 2132/2132 2137/2137 2141/2141
f 2126/2126 2131/2131 2139/2139
f 2126/2126 2139/2139 2142/2142
f 2147/2147 2149/2149 2154/2154
f 2147/2147 2154/2154 2152/2152
f 2150/2150 2153/2153 2164/2164
f 2150/2150 2164/2164 2161/2161
f 2160/2160 2163/2163 2158/2158
f 2160/2160 2158/2158 2155/2155
f 2156/2156 2159/2159 2148/2148
f 2156/2156 2148/2148 2145/2145
f 2151/2151 2162/2162 2157/2157
f 2151/2151 2157/2157 2146/2146
f 2154/2154 2149/2149 2167/2167
f 2154/2154 2167/2167 2170/2170
f 2172/2172 2168/2168 2165/2165
f 2172/2172 2165/2165 2175/2175
f 2148/2148 2159/2159 2176/2176
f 2148/2148 2176/2176 2166/2166
f 2164/2164 2153/2153 2169/2169
f 2164/2164 2169/2169 2173/2173
f 2158/2158 2163/2163 2171/2171
f 2158/2158 2171/2171 2174/2174
f 2178/2178 2180/2180 2186/2186
f 2178/2178 2186/2186 2184/2184
f 2182/2182 2185/2185 2195/2195
f 2182/2182 2195/2195 2192/2192
f 2194/2194 2196/2196 2190/2190
f 2194/2194 2190/2190 2188/2188
f 2189/2189 2191/2191 2181/2181
f 2189/2189 2181/2181 2179/2179
f 2183/2183 2193/2193 2187/2187
f 2183/2183 2187/2187 2177/2177
f 2186/2186 2180/2180 2197/2197
f 2186/2186 2197/2197 2201/2201
f 2205/2205 2202/2202 2198/2198
f 2205/2205 2198/2198 2207/2207
f 2181/2181 2191/2191 2208/2208
f 2181/2181 2208/2208 2199/2199
f 2195/2195 2185/2185 2200/2200
f 2195/2195 2200/2200 2203/2203
f 2190/2190 2196/2196 2204/2204
f 2190/2190 2204/2204 2206/2206
f 2210/2210 2212/2212 2218/2218
f 2210/2210 2218/2218 2216/2216
f 2214/2214 2217/2217 2227/2227
f 2214/2214 2227/2227 2224/2224
f 2226/2226 2228/2228 2222/2222
f 2226/2226 2222/2222 2220/2220
f 2221/2221 2223/2223 2213/2213
f 2221/2221 2213/2213 2211/2211
f 2215/2215 2225/2225 2219/2219
f 2215/2215 2219/2219 2209/2209
f 2218/2218 2212/2212 2229/2229
f 2218/2218 2229/2229 2233/2233
f 2237/2237 2234/2234 2230/2230
f 2237/2237 2230/2230 2239/2239
f 2213/2213 2223/2223 2240/2240
f 2213/2213 2240/2240 2231/2231
f 2227/2227 2217/2217 2232/2232
f 2227/2227 2232/2232 2235/2235
f 2222/2222 2228/2228 2236/2236
f 2222/2222 2236/2236 2238/2238
f 2242/2242 2245/2245 2249/2249
f 2242/2242 2249/2249 2246/2246
f 2248/2248 2250/2250 2260/2260
f 2248/2248 2260/2260 2258/2258
f 2256/2256 2259/2259 2255/2255
f 2256/2256 2255/2255 2252/2252
f 2251/2251 2254/2254 2244/2244
f 2251/2251 2244/2244 2241/2241
f 2247/2247 2257/2257 2253/2253
f 2247/2247 2253/2253 2243/2243
f 2249/2249 2245/2245 2263/2263
f 2249/2249 2263/2263 2265/2265
f 2267/2267 2264/2264 2262/2262
f 2267/2267 2262/2262 2271/2271
f 2244/2244 2254/2254 2270/2270
f 2244/2244 2270/2270 2261/2261
f 2260/2260 2250/2250 2266/2266
f 2260/2260 2266/2266 2269/2269
f 2255/2255 2259/2259 2268/2268
f 2255/2255 2268/2268 2272/2272
f 2274/2274 2277/2277 2281/2281
f 2274/2274 2281/2281 2278/2278
f 2280/2280 2282/2282 2292/2292
f 2280/2280 2292/2292 2290/2290
f 2288/2288 2291/2291 2287/2287
f 2288/2288 2287/2287 2284/2284
f 2283/2283 2286/2286 2276/2276
f 2283/2283 2276/2276 2273/2273
f 2279/2279 2289/2289 2285/2285
f 2279/2279 2285/2285 2275/2275
f 2281/2281 2277/2277 2295/2295
f 2281/2281 2295/2295 2297/2297
f 2299/2299 2296/2296 2294/2294
f 2299/2299 2294/2294 2303/2303
f 2276/2276 2286/2286 2302/2302
f 2276/2276 2302/2302 2293/2293
f 2292/2292 2282/2282 2298/2298
f 2292/2292 2298/2298 2301/2301
f 2287/2287 2291/2291 2300/2300
f 2287/2287 2300/2300 2304/2304
f 2307/2307 2309/2309 2314/2314
f 2307/2307 2314/2314 2312/2312
f 2311/2311 2313/2313 2324/2324
f 2311/2311 2324/2324 2322/2322
f 2320/2320 2323/2323 2318/2318
f 2320/2320 2318/2318 2315/2315
f 2317/2317 2319/2319 2308/2308
f 2317/2317 2308/2308 2306/2306
f 2310/2310 2321/2321 2316/2316
f 2310/2310 2316/2316 2305/2305
f 2314/2314 2309/2309 2327/2327
f 2314/2314 2327/2327 2330/2330
f 2332/2332 2328/2328 2326/2326
f 2332/2332 2326/2326 2336/2336
f 2308/2308 2319/2319 2335/2335
f 2308/2308 2335/2335 2325/2325
f 2324/2324 2313/2313 2329/2329
f 2324/2324 2329/2329 2333/2333
f 2318/2318 2323/2323 2331/2331
f 2318/2318 2331/2331 2334/2334
f 2339/2339 2341/2341 2346/2346
f 2339/2339 2346/2346 2344/2344
f 2343/2343 2345/2345 2356/2356
f 2343/2343 2356/2356 2354/2354
f 2352/2352 2355/2355 2350/2350
f 2352/2352 2350/2350 2347/2347
f 2349/2349 2351/2351 2340/2340
f 2349/2349 2340/2340 2338/2338
f 2342/2342 2353/2353 2348/2348
f 2342/2342 2348/2348 2337/2337
f 2346/2346 2341/2341 2359/2359
f 2346/2346 2359/2359 2362/2362
f 2364/2364 2360/2360 2358/2358
f 2364/2364 2358/2358 2368/2368
f 2340/2340 2351/2351 2367/2367
f 2340/2340 2367/2367 2357/2357
f 2356/2356 2345/2345 2361/2361
f 2356/2356 2361/2361 2365/2365
f 2350/2350 2355/2355 2363/2363
f 2350/2350 2363/2363 2366/2366
f 2371/2371 2373/2373 2378/2378
f 2371/2371 2378/2378 2376/2376
f 2374/2374 2377/2377 2388/2388
f 2374/2374 2388/2388 2385/2385
f 2384/2384 2387/2387 2382/2382
f 2384/2384 2382/2382 2379/2379
f 2380/2380 2383/2383 2372/2372
f 2380/2380 2372/2372 2369/2369
f 2375/2375 2386/2386 2381/2381
f 2375/2375 2381/2381 2370/2370
f 2378/2378 2373/2373 2391/2391
f 2378/2378 2391/2391 2394/2394
f 2396/2396 2392/2392 2389/2389
f 2396/2396 2389/2389 2399/2399
f 2372/2372 2383/2383 2400/2400
f 2372/2372 2400/2400 2390/2390
f 2388/2388 2377/2377 2393/2393
f 2388/2388 2393/2393 2397/2397
f 2382/2382 2387/2387 2395/2395
f 2382/2382 2395/2395 2398/2398
f 2403/2403 2405/2405 2410/2410
f 2403/2403 2410/2410 2408/2408
f 2406/2406 2409/2409 2420/2420
f 2406/2406 2420/2420 2417/2417
f 2416/2416 2419/2419 2414/2414
f 2416/2416 2414/2414 2411/2411
f 2412/2412 2415/2415 2404/2404
f 2412/2412 2404/2404 2401/2401
f 2407/2407 2418/2418 2413/2413
f 2407/2407 2413/2413 2402/2402
f 2410/2410 2405/2405 2423/2423
f 2410/2410 2423/2423 2426/2426
f 2428/2428 2424/2424 2421/2421
f 2428/2428 2421/2421 2431/2431
f 2404/2404 2415/2415 2432/2432
f 2404/2404 2432/2432 2422/2422
f 2420/2420 2409/2409 2425/2425
f 2420/2420 2425/2425 2429/2429
f 2414/2414 2419/2419 2427/2427
f 2414/2414 2427/2427 2430/2430
f 2434/2434 2436/2436 2442/2442
f 2434/2434 2442/2442 2440/2440
f 2438/2438 2441/2441 2451/2451
f 2438/2438 2451/2451 2448/2448
f 2450/2450 2452/2452 2446/2446
f 2450/2450 2446/2446 2444/2444
f 2445/2445 2447/2447 2437/2437
f 2445/2445 2437/2437 2435/2435
f 2439/2439 2449/2449 2443/2443
f 2439/2439 2443/2443 2433/2433
f 2442/2442 2436/2436 2453/2453
f 2442/2442 2453/2453 2457/2457
f 2461/2461 2458/2458 2454/2454
f 2461/2461 2454/2454 2463/2463
f 2437/2437 2447/2447 2464/2464
f 2437/2437 2464/2464 2455/2455
f 2451/2451 2441/2441 2456/2456
f 2451/2451 2456/2456 2459/2459
f 2446/2446 2452/2452 2460/2460
f 2446/2446 2460/2460 2462/2462
f 2466/2466 2468/2468 2474/2474
f 2466/2466 2474/2474 2472/2472
f 2470/2470 2473/2473 2483/2483
f 2470/2470 2483/2483 2480/2480
f 2482/2482 2484/2484 2478/2478
f 2482/2482 2478/2478 2476/2476
f 2477/2477 2479/2479 2469/2469
f 2477/2477 2469/2469 2467/2467
f 2471/2471 2481/2481 2475/2475
f 2471/2471 2475/2475 2465/2465
f 2474/2474 2468/2468 2485/2485
f 2474/2474 2485/2485 2489/2489
f 2493/2493 2490/2490 2486/2486
f 2493/2493 2486/2486 2495/2495
f 2469/2469 2479/2479 2496/2496
f 2469/2469 2496/2496 2487/2487
f 2483/2483 2473/2473 2488/2488
f 2483/2483 2488/2488 2491/2491
f 2478/2478 2484/2484 2492/2492
f 2478/2478 2492/2492 2494/2494
f 2498/2498 2501/2501 2505/2505
f 2498/2498 2505/2505 2502/2502
f 2504/2504 2506/2506 2516/2516
f 2504/2504 2516/2516 2514/2514
f 2512/2512 2515/2515 2511/2511
f 2512/2512 2511/2511 2508/2508
f 2507/2507 2510/2510 2500/2500
f 2507/2507 2500/2500 2497/2497
f 2503/2503 2513/2513 2509/2509
f 2503/2503 2509/2509 2499/2499
f 2505/2505 2501/2501 2519/2519
f 2505/2505 2519/2519 2521/2521
f 2523/2523 2520/2520 2518/2518
f 2523/2523 2518/2518 2527/2527
f 2500/2500 2510/2510 2526/2526
f 2500/2500 2526/2526 2517/2517
f 2516/2516 2506/2506 2522/2522
f 2516/2516 2522/2522 2525/2525
f 2511/2511 2515/2515 2524/2524
f 2511/2511 2524/2524 2528/2528
f 2530/2530 2533/2533 2537/2537
f 2530/2530 2537/2537 2534/2534
f 2536/2536 2538/2538 2548/2548
f 2536/2536 2548/2548 2546/2546
f 2544/2544 2547/2547 2543/2543
f 2544/2544 2543/2543 2540/2540
f 2539/2539 2542/2542 2532/2532
f 2539/2539 2532/2532 2529/2529
f 2535/2535 2545/2545 2541/2541
f 2535/2535 2541/2541 2531/2531
f 2537/2537 2533/2533 2551/2551
f 2537/2537 2551/2551 2553/2553
f 2555/2555 2552/2552 2550/2550
f 2555/2555 2550/2550 2559/2559
f 2532/2532 2542/2542 2558/2558
f 2532/2532 2558/2558 2549/2549
f 2548/2548 2538/2538 2554/2554
f 2548/2548 2554/2554 2557/2557
f 2543/2543 2547/2547 2556/2556
f 2543/2543 2556/2556 2560/2560
f 2563/2563 2565/2565 2570/2570
f 2563/2563 2570/2570 2568/2568
f 2567/2567 2569/2569 2580/2580
f 2567/2567 2580/2580 2578/2578
f 2576/2576 2579/2579 2574/2574
f 2576/2576 2574/2574 2571/2571
f 2573/2573 2575/2575 2564/2564
f 2573/2573 2564/2564 2562/2562
f 2566/2566 2577/2577 2572/2572
f 2566/2566 2572/2572 2561/2561
f 2570/2570 2565/2565 2583/2583
f 2570/2570 2583/2583 2586/2586
f 2588/2588 2584/2584 2582/2582
f 2588/2588 2582/2582 2592/2592
f 2564/2564 2575/2575 2591/2591
f 2564/2564 2591/2591 2581/2581
f 2580/2580 2569/2569 2585/2585
f 2580/2580 2585/2585 2589/2589
f 2574/2574 2579/2579 2587/2587
f 2574/2574 2587/2587 2590/2590
f 2595/2595 2597/2597 2602/2602
f 2595/2595 2602/2602 2600/2600
f 2599/2599 2601/2601 2612/2612
f 2599/2599 2612/2612 2610/2610
f 2608/2608 2611/2611 2606/2606
f 2608/2608 2606/2606 2603/2603
f 2605/2605 2607/2607 2596/2596
f 2605/2605 2596/2596 2594/2594
f 2598/2598 2609/2609 2604/2604
f 2598/2598 2604/2604 2593/2593
f 2602/2602 2597/2597 2615/2615
f 2602/2602 2615/2615 2618/2618
f 2620/2620 2616/2616 2614/2614
f 2620/2620 2614/2614 2624/2624
f 2596/2596 2607/2607 2623/2623
f 2596/2596 2623/2623 2613/2613
f 2612/2612 2601/2601 2617/2617
f 2612/2612 2617/2617 2621/2621
f 2606/2606 2611/2611 2619/2619
f 2606/2606 2619/2619 2622/2622
f 2627/2627 2629/2629 2634/2634
f 2627/2627 2634/2634 2632/2632
f 2630/2630 2633/2633 2644/2644
f 2630/2630 2644/2644 2641/2641
f 2640/2640 2643/2643 2638/2638
f 2640/2640 2638/2638 2635/2635
f 2636/2636 2639/2639 2628/2628
f 2636/2636 2628/2628 2625/2625
f 2631/2631 2642/2642 2637/2637
f 2631/2631 2637/2637 2626/2626
f 2634/2634 2629/2629 2647/2647
f 2634/2634 2647/2647 2650/2650
f 2652/2652 2648/2648 2645/2645
f 2652/2652 2645/2645 2655/2655
f 2628/2628 2639/2639 2656/2656
f 2628/2628 2656/2656 2646/2646
f 2644/2644 2633/2633 2649/2649
f 2644/2644 2649/2649 2653/2653
f 2638/2638 2643/2643 2651/2651
f 2638/2638 2651/2651 2654/2654
f 2659/2659 2661/2661 2666/2666
f 2659/2659 2666/2666 2664/2664
f 2662/2662 2665/2665 2676/2676
f 2662/2662 2676/2676 2673/2673
f 2672/2672 2675/2675 2670/2670
f 2672/2672 2670/2670 2667/2667
f 2668/2668 2671/2671 2660/2660
f 2668/2668 2660/2660 2657/2657
f 2663/2663 2674/2674 2669/2669
f 2663/2663 2669/2669 2658/2658
f 2666/2666 2661/2661 2679/2679
f 2666/2666 2679/2679 2682/2682
f 2684/2684 2680/2680 2677/2677
f 2684/2684 2677/2677 2687/2687
f 2660/2660 2671/2671 2688/2688
f 2660/2660 2688/2688 2678/2678
f 2676/2676 2665/2665 2681/2681
f 2676/2676 2681/2681 2685/2685
f 2670/2670 2675/2675 2683/2683
f 2670/2670 2683/2683 2686/2686
f 2690/2690 2692/2692 2698/2698
f 2690/2690 2698/2698 2696/2696
f 2694/2694 2697/2697 2707/2707
f 2694/2694 2707/2707 2704/2704
f 2706/2706 2708/2708 2702/2702
f 2706/2706 2702/2702 2700/2700
f 2701/2701 2703/2703 2693/2693
f 2701/2701 2693/2693 2691/2691
f 2695/2695 2705/2705 2699/2699
f 2695/2695 2699/2699 2689/2689
f 2698/2698 2692/2692 2709/2709
f 2698/2698 2709/2709 2713/2713
f 2717/2717 2714/2714 2710/2710
f 2717/2717 2710/2710 2719/2719
f 2693/2693 2703/2703 2720/2720
f 2693/2693 2720/2720 2711/2711
f 2707/2707 2697/2697 2712/2712
f 2707/2707 2712/2712 2715/2715
f 2702/2702 2708/2708 2716/2716
f 2702/2702 2716/2716 2718/2718
f 2722/2722 2724/2724 2730/2730
f 2722/2722 2730/2730 2728/2728
f 2726/2726 2729/2729 2739/2739
f 2726/2726 2739/2739 2736/2736
f 2738/2738 2740/2740 2734/2734
f 2738/2738 2734/2734 2732/2732
f 2733/2733 2735/2735 2725/2725
f 2733/2733 2725/2725 2723/2723
f 2727/2727 2737/2737 2731/2731
f 2727/2727 2731/2731 2721/2721
f 2730/2730 2724/2724 2741/2741
f 2730/2730 2741/2741 2745/2745
f 2749/2749 2746/2746 2742/2742
f 2749/2749 2742/2742 2751/2751
f 2725/2725 2735/2735 2752/2752
f 2725/2725 2752/2752 2743/2743
f 2739/2739 2729/2729 2744/2744
f 2739/2739 2744/2744 2747/2747
f 2734/2734 2740/2740 2748/2748
f 2734/2734 2748/2748 2750/2750
f 2754/2754 2757/2757 2761/2761
f 2754/2754 2761/2761 2758/2758
f 2760/2760 2762/2762 2772/2772
f 2760/2760 2772/2772 2770/2770
f 2768/2768 2771/2771 2767/2767
f 2768/2768 2767/2767 2764/2764
f 2763/2763 2766/2766 2756/2756
f 2763/2763 2756/2756 2753/2753
f 2759/2759 2769/2769 2765/2765
f 2759/2759 2765/2765 2755/2755
f 2761/2761 2757/2757 2775/2775
f 2761/2761 2775/2775 2777/2777
f 2779/2779 2776/2776 2774/2774
f 2779/2779 2774/2774 2783/2783
f 2756/2756 2766/2766 2782/2782
f 2756/2756 2782/2782 2773/2773
f 2772/2772 2762/2762 2778/2778
f 2772/2772 2778/2778 2781/2781
f 2767/2767 2771/2771 2780/2780
f 2767/2767 2780/2780 2784/2784
f 2786/2786 2789/2789 2793/2793
f 2786/2786 2793/2793 2790/2790
f 2792/2792 2794/2794 2804/2804
f 2792/2792 2804/2804 2802/2802
f 2800/2800 2803/2803 2799/2799
f 2800/2800 2799/2799 2796/2796
f 2795/2795 2798/2798 2788/2788
f 2795/2795 2788/2788 2785/2785
f 2791/2791 2801/2801 2797/2797
f 2791/2791 2797/2797 2787/2787
f 2793/2793 2789/2789 2807/2807
f 2793/2793 2807/2807 2809/2809
f 2811/2811 2808/2808 2806/2806
f 2811/2811 2806/2806 2815/2815
f 2788/2788 2798/2798 2814/2814
f 2788/2788 2814/2814 2805/2805
f 2804/2804 2794/2794 2810/2810
f 2804/2804 2810/2810 2813/2813
f 2799/2799 2803/2803 2812/2812
f 2799/2799 2812/2812 2816/2816
f 2819/2819 2821/2821 2826/2826
f 2819/2819 2826/2826 2824/2824
f 2823/2823 2825/2825 2836/2836
f 2823/2823 2836/2836 2834/2834
f 2832/2832 2835/2835 2830/2830
f 2832/2832 2830/2830 2827/2827
f 2829/2829 2831/2831 2820/2820
f 2829/2829 2820/2820 2818/2818
f 2822/2822 2833/2833 2828/2828
f 2822/2822 2828/2828 2817/2817
f 2826/2826 2821/2821 2839/2839
f 2826/2826 2839/2839 2842/2842
f 2844/2844 2840/2840 2838/2838
f 2844/2844 2838/2838 2848/2848
f 2820/2820 2831/2831 2847/2847
f 2820/2820 2847/2847 2837/2837
f 2836/2836 2825/2825 2841/2841
f 2836/2836 2841/2841 2845/2845
f 2830/2830 2835/2835 2843/2843
f 2830/2830 2843/2843 2846/2846
f 2851/2851 2853/2853 2858/2858
f 2851/2851 2858/2858 2856/2856
f 2855/2855 2857/2857 2868/2868
f 2855/2855 2868/2868 2866/2866
f 2864/2864 2867/2867 2862/2862
f 2864/2864 2862/2862 2859/2859
f 2861/2861 2863/2863 2852/2852
f 2861/2861 2852/2852 2850/2850
f 2854/2854 2865/2865 2860/2860
f 2854/2854 2860/2860 2849/2849
f 2858/2858 2853/2853 2871/2871
f 2858/2858 2871/2871 2874/2874
f 2876/2876 2872/2872 2870/2870
f 2876/2876 2870/2870 2880/2880
f 2852/2852 2863/2863 2879/2879
f 2852/2852 2879/2879 2869/2869
f 2868/2868 2857/2857 2873/2873
f 2868/2868 2873/2873 2877/2877
f 2862/2862 2867/2867 2875/2875
f 2862/2862 2875/2875 2878/2878
f 2883/2883 2885/2885 2890/2890
f 2883/2883 2890/2890 2888/2888
f 2886/2886 2889/2889 2900/2900
f 2886/2886 2900/2900 2897/2897
f 2896/2896 2899/2899 2894/2894
f 2896/2896 2894/2894 2891/2891
f 2892/2892 2895/2895 2884/2884
f 2892/2892 2884/2884 2881/2881
f 2887/2887 2898/2898 2893/2893
f 2887/2887 2893/2893 2882/2882
f 2890/2890 2885/2885 2903/2903
f 2890/2890 2903/2903 2906/2906
f 2908/2908 2904/2904 2901/2901
f 2908/2908 2901/2901 2911/2911
f 2884/2884 2895/2895 2912/2912
f 2884/2884 2912/2912 2902/2902
f 2900/2900 2889/2889 2905/2905
f 2900/2900 2905/2905 2909/2909
f 2894/2894 2899/2899 2907/2907
f 2894/2894 2907/2907 2910/2910
f 2915/2915 2917/2917 2922/2922
f 2915/2915 2922/2922 2920/2920
f 2918/2918 2921/2921 2932/2932
f 2918/2918 2932/2932 2929/2929
f 2928/2928 2931/2931 2926/2926
f 2928/2928 2926/2926 2923/2923
f 2924/2924 2927/2927 2916/2916
f 2924/2924 2916/2916 2913/2913
f 2919/2919 2930/2930 2925/2925
f 2919/2919 2925/2925 2914/2914
f 2922/2922 2917/2917 2935/2935
f 2922/2922 2935/2935 2938/2938
f 2940/2940 2936/2936 2933/2933
f 2940/2940 2933/2933 2943/2943
f 2916/2916 2927/2927 2944/2944
f 2916/2916 2944/2944 2934/2934
f 2932/2932 2921/2921 2937/2937
f 2932/2932 2937/2937 2941/2941
f 2926/2926 2931/2931 2939/2939
f 2926/2926 2939/2939 2942/2942
f 2946/2946 2948/2948 2954/2954
f 2946/2946 2954/2954 2952/2952
f 2950/2950 2953/2953 2963/2963
f 2950/2950 2963/2963 2960/2960
f 2962/2962 2964/2964 2958/2958
f 2962/2962 2958/2958 2956/2956
f 2957/2957 2959/2959 2949/2949
f 2957/2957 2949/2949 2947/2947
f 2951/2951 2961/2961 2955/2955
f 2951/2951 2955/2955 2945/2945
f 2954/2954 2948/2948 2965/2965
f 2954/2954 2965/2965 2969/2969
f 2973/2973 2970/2970 2966/2966
f 2973/2973 2966/2966 2975/2975
f 2949/2949 2959/2959 2976/2976
f 2949/2949 2976/2976 2967/2967
f 2963/2963 2953/2953 2968/2968
f 2963/2963 2968/2968 2971/2971
f 2958/2958 2964/2964 2972/2972
f 2958/2958 2972/2972 2974/2974
f 2978/2978 2980/2980 2986/2986
f 2978/2978 2986/2986 2984/2984
f 2982/2982 2985/2985 2995/2995
f 2982/2982 2995/2995 2992/2992
f 2994/2994 2996/2996 2990/2990
f 2994/2994 2990/2990 2988/2988
f 2989/2989 2991/2991 2981/2981
f 2989/2989 2981/2981 2979/2979
f 2983/2983 2993/2993 2987/2987
f 2983/2983 2987/2987 2977/2977
f 2986/2986 2980/2980 2997/2997
f 2986/2986 2997/2997 3001/3001
f 3005/3005 3002/3002 2998/2998
f 3005/3005 2998/2998 3007/3007
f 2981/2981 2991/2991 3008/3008
f 2981/2981 3008/3008 2999/2999
f 2995/2995 2985/2985 3000/3000
f 2995/2995 3000/3000 3003/3003
f 2990/2990 2996/2996 3004/3004
f 2990/2990 3004/3004 3006/3006
f 3010/3010 3013/3013 3017/3017
f 3010/3010 3017/3017 3014/3014
f 3016/3016 3018/3018 3028/3028
f 3016/3016 3028/3028 3026/3026
f 3024/3024 3027/3027 3023/3023
f 3024/3024 3023/3023 3020/3020
f 3019/3019 3022/3022 3012/3012
f 3019/3019 3012/3012 3009/3009
f 3015/3015 3025/3025 3021/3021
f 3015/3015 3021/3021 3011/3011
f 3017/3017 3013/3013 3031/3031
f 3017/3017 3031/3031 3033/3033
f 3035/3035 3032/3032 3030/3030
f 3035/3035 3030/3030 3039/3039
f 3012/3012 3022/3022 3038/3038
f 3012/3012 3038/3038 3029/3029
f 3028/3028 3018/3018 3034/3034
f 3028/3028 3034/3034 3037/3037
f 3023/3023 3027/3027 3036/3036
f 3023/3023 3036/3036 3040/3040
f 3042/3042 3045/3045 3049/3049
f 3042/3042 3049/3049 3046/3046
f 3048/3048 3050/3050 3060/3060
f 3048/3048 3060/3060 3058/3058
f 3056/3056 3059/3059 3055/3055
f 3056/3056 3055/3055 3052/3052
f 3051/3051 3054/3054 3044/3044
f 3051/3051 3044/3044 3041/3041
f 3047/3047 3057/3057 3053/3053
f 3047/3047 3053/3053 3043/3043
f 3049/3049 3045/3045 3063/3063
f 3049/3049 3063/3063 3065/3065
f 3067/3067 3064/3064 3062/3062
f 3067/3067 3062/3062 3071/3071
f 3044/3044 3054/3054 3070/3070
f 3044/3044 3070/3070 3061/3061
f 3060/3060 3050/3050 3066/3066
f 3060/3060 3066/3066 3069/3069
f 3055/3055 3059/3059 3068/3068
f 3055/3055 3068/3068 3072/3072
f 3075/3075 3077/3077 3082/3082
f 3075/3075 3082/3082 3080/3080
f 3079/3079 3081/3081 3092/3092
f 3079/3079 3092/3092 3090/3090
f 3088/3088 3091/3091 3086/3086
f 3088/3088 3086/3086 3083/3083
f 3085/3085 3087/3087 3076/3076
f 3085/3085 3076/3076 3074/3074
f 3078/3078 3089/3089 3084/3084
f 3078/3078 3084/3084 3073/3073
f 3082/3082 3077/3077 3095/3095
f 3082/3082 3095/3095 3098/3098
f 3100/3100 3096/3096 3094/3094
f 3100/3100 3094/3094 3104/3104
f 3076/3076 3087/3087 3103/3103
f 3076/3076 3103/3103 3093/3093
f 3092/3092 3081/3081 3097/3097
f 3092/3092 3097/3097 3101/3101
f 3086/3086 3091/3091 3099/3099
f 3086/3086 3099/3099 3102/3102
f 3107/3107 3109/3109 3114/3114
f 3107/3107 3114/3114 3112/3112
f 3111/3111 3113/3113 3124/3124
f 3111/3111 3124/3124 3122/3122
f 3120/3120 3123/3123 3118/3118
f 3120/3120 3118/3118 3115/3115
f 3117/3117 3119/3119 3108/3108
f 3117/3117 3108/3108 3106/3106
f 3110/3110 3121/3121 3116/3116
f 3110/3110 3116/3116 3105/3105
f 3114/3114 3109/3109 3127/3127
f 3114/3114 3127/3127 3130/3130
f 3132/3132 3128/3128 3126/3126
f 3132/3132 3126/3126 3136/3136
f 3108/3108 3119/3119 3135/3135
f 3108/3108 3135/3135 3125/3125
f 3124/3124 3113/3113 3129/3129
f 3124/3124 3129/3129 3133/3133
f 3118/3118 3123/3123 3131/3131
f 3118/3118 3131/3131 3134/3134
f 3139/3139 3141/3141 3146/3146
f 3139/3139 3146/3146 3144/3144
f 3142/3142 3145/3145 3156/3156
f 3142/3142 3156/3156 3153/3153
f 3152/3152 3155/3155 3150/3150
f 3152/3152 3150/3150 3147/3147
f 3148/3148 3151/3151 3140/3140
f 3148/3148 3140/3140 3137/3137
f 3143/3143 3154/3154 3149/3149
f 3143/3143 3149/3149 3138/3138
f 3146/3146 3141/3141 3159/3159
f 3146/3146 3159/3159 3162/3162
f 3164/3164 3160/3160 3157/3157
f 3164/3164 3157/3157 3167/3167
f 3140/3140 3151/3151 3168/3168
f 3140/3140 3168/3168 3158/3158
f 3156/3156 3145/3145 3161/3161
f 3156/3156 3161/3161 3165/3165
f 3150/3150 3155/3155 3163/3163
f 3150/3150 3163/3163 3166/3166
f 3171/3171 3173/3173 3178/3178
f 3171/3171 3178/3178 3176/3176
f 3174/3174 3177/3177 3188/3188
f 3174/3174 3188/3188 3185/3185
f 3184/3184 3187/3187 3182/3182
f 3184/3184 3182/3182 3179/3179
f 3180/3180 3183/3183 3172/3172
f 3180/3180 3172/3172 3169/3169
f 3175/3175 3186/3186 3181/3181
f 3175/3175 3181/3181 3170/3170
f 3178/3178 3173/3173 3191/3191
f 3178/3178 3191/3191 3194/3194
f 3196/3196 3192/3192 3189/3189
f 3196/3196 3189/3189 3199/3199
f 3172/3172 3183/3183 3200/3200
f 3172/3172 3200/3200 3190/3190
f 3188/3188 3177/3177 3193/3193
f 3188/3188 3193/3193 3197/3197
f 3182/3182 3187/3187 3195/3195
f 3182/3182 3195/3195 3198/3198
f 3202/3202 3204/3204 3210/3210
f 3202/3202 3210/3210 3208/3208
f 3206/3206 3209/3209 3219/3219
f 3206/3206 3219/3219 3216/3216
f 3218/3218 3220/3220 3214/3214
f 3218/3218 3214/3214 3212/3212
f 3213/3213 3215/3215 3205/3205
f 3213/3213 3205/3205 3203/3203
f 3207/3207 3217/3217 3211/3211
f 3207/3207 3211/3211 3201/3201
f 3210/3210 3204/3204 3221/3221
f 3210/3210 3221/3221 3225/3225
f 3229/3229 3226/3226 3222/3222
f 3229/3229 3222/3222 3231/3231
f 3205/3205 3215/3215 3232/3232
f 3205/3205 3232/3232 3223/3223
f 3219/3219 3209/3209 3224/3224
f 3219/3219 3224/3224 3227/3227
f 3214/3214 3220/3220 3228/3228
f 3214/3214 3228/3228 3230/3230
f 3234/3234 3236/3236 3242/3242
f 3234/3234 3242/3242 3240/3240
f 3238/3238 3241/3241 3251/3251
f 3238/3238 3251/3251 3248/3248
f 3250/3250 3252/3252 3246/3246
f 3250/3250 3246/3246 3244/3244
f 3245/3245 3247/3247 3237/3237
f 3245/3245 3237/3237 3235/3235
f 3239/3239 3249/3249 3243/3243
f 3239/3239 3243/3243 3233/3233
f 3242/3242 3236/3236 3253/3253
f 3242/3242 3253/3253 3257/3257
f 3261/3261 3258/3258 3254/3254
f 3261/3261 3254/3254 3263/3263
f 3237/3237 3247/3247 3264/3264
f 3237/3237 3264/3264 3255/3255
f 3251/3251 3241/3241 3256/3256
f 3251/3251 3256/3256 3259/3259
f 3246/3246 3252/3252 3260/3260
f 3246/3246 3260/3260 3262/3262
f 3266/3266 3269/3269 3273/3273
f 3266/3266 3273/3273 3270/3270
f 3272/3272 3274/3274 3284/3284
f 3272/3272 3284/3284 3282/3282
f 3280/3280 3283/3283 3279/3279
f 3280/3280 3279/3279 3276/3276
f 3275/3275 3278/3278 3268/3268
f 3275/3275 3268/3268 3265/3265
f 3271/3271 3281/3281 3277/3277
f 3271/3271 3277/3277 3267/3267
f 3273/3273 3269/3269 3287/3287
f 3273/3273 3287/3287 3289/3289
f 3291/3291 3288/3288 3286/3286
f 3291/3291 3286/3286 3295/3295
f 3268/3268 3278/3278 3294/3294
f 3268/3268 3294/3294 3285/3285
f 3284/3284 3274/3274 3290/3290
f 3284/3284 3290/3290 3293/3293
f 3279/3279 3283/3283 3292/3292
f 3279/3279 3292/3292 3296/3296
f 3298/3298 3301/3301 3305/3305
f 3298/3298 3305/3305 3302/3302
f 3304/3304 3306/3306 3316/3316
f 3304/3304 3316/3316 3314/3314
f 3312/3312 3315/3315 3311/3311
f 3312/3312 3311/3311 3308/3308
f 3307/3307 3310/3310 3300/3300
f 3307/3307 3300/3300 3297/3297
f 3303/3303 3313/3313 3309/3309
f 3303/3303 3309/3309 3299/3299
f 3305/3305 3301/3301 3319/3319
f 3305/3305 3319/3319 3321/3321
f 3323/3323 3320/3320 3318/3318
f 3323/3323 3318/3318 3327/3327
f 3300/3300 3310/3310 3326/3326
f 3300/3300 3326/3326 3317/3317
f 3316/3316 3306/3306 3322/3322
f 3316/3316 3322/3322 3325/3325
f 3311/3311 3315/3315 3324/3324
f 3311/3311 3324/3324 3328/3328
f 3331/3331 3333/3333 3338/3338
f 3331/3331 3338/3338 3336/3336
f 3335/3335 3337/3337 3348/3348
f 3335/3335 3348/3348 3346/3346
f 3344/3344 3347/3347 3342/3342
f 3344/3344 3342/3342 3339/3339
f 3341/3341 3343/3343 3332/3332
f 3341/3341 3332/3332 3330/3330
f 3334/3334 3345/3345 3340/3340
f 3334/3334 3340/3340 3329/3329
f 3338/3338 3333/3333 3351/3351
f 3338/3338 3351/3351 3354/3354
f 3356/3356 3352/3352 3350/3350
f 3356/3356 3350/3350 3360/3360
f 3332/3332 3343/3343 3359/3359
f 3332/3332 3359/3359 3349/3349
f 3348/3348 3337/3337 3353/3353
f 3348/3348 3353/3353 3357/3357
f 3342/3342 3347/3347 3355/3355
f 3342/3342 3355/3355 3358/3358
f 3363/3363 3365/3365 3370/3370
f 3363/3363 3370/3370 3368/3368
f 3367/3367 3369/3369 3380/3380
f 3367/3367 3380/3380 3378/3378
f 3376/3376 3379/3379 3374/3374
f 3376/3376 3374/3374 3371/3371
f 3373/3373 3375/3375 3364/3364
f 3373/3373 3364/3364 3362/3362
f 3366/3366 3377/3377 3372/3372
f 3366/3366 3372/3372 3361/3361
f 3370/3370 3365/3365 3383/3383
f 3370/3370 3383/3383 3386/3386
f 3388/3388 3384/3384 3382/3382
f 3388/3388 3382/3382 3392/3392
f 3364/3364 3375/3375 3391/3391
f 3364/3364 3391/3391 3381/3381
f 3380/3380 3369/3369 3385/3385
f 3380/3380 3385/3385 3389/3389
f 3374/3374 3379/3379 3387/3387
f 3374/3374 3387/3387 3390/3390
f 3395/3395 3397/3397 3402/3402
f 3395/3395 3402/3402 3400/3400
f 3398/3398 3401/3401 3412/3412
f 3398/3398 3412/3412 3409/3409
f 3408/3408 3411/3411 3406/3406
f 3408/3408 3406/3406 3403/3403
f 3404/3404 3407/3407 3396/3396
f 3404/3404 3396/3396 3393/3393
f 3399/3399 3410/3410 3405/3405
f 3399/3399 3405/3405 3394/3394
f 3402/3402 3397/3397 3415/3415
f 3402/3402 3415/3415 3418/3418
f 3420/3420 3416/3416 3413/3413
f 3420/3420 3413/3413 3423/3423
f 3396/3396 3407/3407 3424/3424
f 3396/3396 3424/3424 3414/3414
f 3412/3412 3401/3401 3417/3417
f 3412/3412 3417/3417 3421/3421
f 3406/3406 3411/3411 3419/3419
f 3406/3406 3419/3419 3422/3422
f 3427/3427 3429/3429 3434/3434
f 3427/3427 3434/3434 3432/3432
f 3430/3430 3433/3433 3444/3444
f 3430/3430 3444/3444 3441/3441
f 3440/3440 3443/3443 3438/3438
f 3440/3440 3438/3438 3435/3435
f 3436/3436 3439/3439 3428/3428
f 3436/3436 3428/3428 3425/3425
f 3431/3431 3442/3442 3437/3437
f 3431/3431 3437/3437 3426/3426
f 3434/3434 3429/3429 3447/3447
f 3434/3434 3447/3447 3450/3450
f 3452/3452 3448/3448 3445/3445
f 3452/3452 3445/3445 3455/3455
f 3428/3428 3439/3439 3456/3456
f 3428/3428 3456/3456 3446/3446
f 3444/3444 3433/3433 3449/3449
f 3444/3444 3449/3449 3453/3453
f 3438/3438 3443/3443 3451/3451
f 3438/3438 3451/3451 3454/3454
f 3458/3458 3460/3460 3466/3466
f 3458/3458 3466/3466 3464/3464
f 3462/3462 3465/3465 3475/3475
f 3462/3462 3475/3475 3472/3472
f 3474/3474 3476/3476 3470/3470
f 3474/3474 3470/3470 3468/3468
f 3469/3469 3471/3471 3461/3461
f 3469/3469 3461/3461 3459/3459
f 3463/3463 3473/3473 3467/3467
f 3463/3463 3467/3467 3457/3457
f 3466/3466 3460/3460 3477/3477
f 3466/3466 3477/3477 3481/3481
f 3485/3485 3482/3482 3478/3478
f 3485/3485 3478/3478 3487/3487
f 3461/3461 3471/3471 3488/3488
f 3461/3461 3488/3488 3479/3479
f 3475/3475 3465/3465 3480/3480
f 3475/3475 3480/3480 3483/3483
f 3470/3470 3476/3476 3484/3484
f 3470/3470 3484/3484 3486/3486
f 3490/3490 3492/3492 3498/3498
f 3490/3490 3498/3498 3496/3496
f 3494/3494 3497/3497 3507/3507
f 3494/3494 3507/3507 3504/3504
f 3506/3506 3508/3508 3502/3502
f 3506/3506 3502/3502 3500/3500
f 3501/3501 3503/3503 3493/3493
f 3501/3501 3493/3493 3491/3491
f 3495/3495 3505/3505 3499/3499
f 3495/3495 3499/3499 3489/3489
f 3498/3498 3492/3492 3509/3509
f 3498/3498 3509/3509 3513/3513
f 3517/3517 3514/3514 3510/3510
f 3517/3517 3510/3510 3519/3519
f 3493/3493 3503/3503 3520/3520
f 3493/3493 3520/3520 3511/3511
f 3507/3507 3497/3497 3512/3512
f 3507/3507 3512/3512 3515/3515
f 3502/3502 3508/3508 3516/3516
f 3502/3502 3516/3516 3518/3518
f 3522/3522 3525/3525 3529/3529
f 3522/3522 3529/3529 3526/3526
f 3528/3528 3530/3530 3540/3540
f 3528/3528 3540/3540 3538/3538
f 3536/3536 3539/3539 3535/3535
f 3536/3536 3535/3535 3532/3532
f 3531/3531 3534/3534 3524/3524
f 3531/3531 3524/3524 3521/3521
f 3527/3527 3537/3537 3533/3533
f 3527/3527 3533/3533 3523/3523
f 3529/3529 3525/3525 3543/3543
f 3529/3529 3543/3543 3545/3545
f 3547/3547 3544/3544 3542/3542
f 3547/3547 3542/3542 3551/3551
f 3524/3524 3534/3534 3550/3550
f 3524/3524 3550/3550 3541/3541
f 3540/3540 3530/3530 3546/3546
f 3540/3540 3546/3546 3549/3549
f 3535/3535 3539/3539 3548/3548
f 3535/3535 3548/3548 3552/3552
f 3554/3554 3557/3557 3561/3561
f 3554/3554 3561/3561 3558/3558
f 3560/3560 3562/3562 3572/3572
f 3560/3560 3572/3572 3570/3570
f 3568/3568 3571/3571 3567/3567
f 3568/3568 3567/3567 3564/3564
f 3563/3563 3566/3566 3556/3556
f 3563/3563 3556/3556 3553/3553
f 3559/3559 3569/3569 3565/3565
f 3559/3559 3565/3565 3555/3555
f 3561/3561 3557/3557 3575/3575
f 3561/3561 3575/3575 3577/3577
f 3579/3579 3576/3576 3574/3574
f 3579/3579 3574/3574 3583/3583
f 3556/3556 3566/3566 3582/3582
f 3556/3556 3582/3582 3573/3573
f 3572/3572 3562/3562 3578/3578
f 3572/3572 3578/3578 3581/3581
f 3567/3567 3571/3571 3580/3580
f 3567/3567 3580/3580 3584/3584
f 3595/3595 3594/3594 3587/3587
f 3595/3595 3587/3587 3591/3591
f 3590/3590 3586/3586 3589/3589
f 3590/3590 3589/3589 3592/3592
f 3593/3593 3595/3595 3591/3591
f 3593/3593 3591/3591 3585/3585
f 3588/3588 3592/3592 3595/3595
f 3588/3588 3595/3595 3593/3593
f 3592/3592 3589/3589 3594/3594
f 3592/3592 3594/3594 3595/3595
f 3647/3647 3723/3723 3770/3770
f 3647/3647 3770/3770 3751/3751
f 3723/3723 3619/3619 3659/3659
f 3723/3723 3659/3659 3770/3770
f 3770/3770 3659/3659 3599/3599
f 3770/3770 3599/3599 3672/3672
f 3751/3751 3770/3770 3672/3672
f 3751/3751 3672/3672 3634/3634
f 3627/3627 3702/3702 3771/3771
f 3627/3627 3771/3771 3749/3749
f 3703/3703 3602/3602 3666/3666
f 3703/3703 3666/3666 3772/3772
f 3772/3772 3666/3666 3606/3606
f 3772/3772 3606/3606 3705/3705
f 3749/3749 3771/3771 3704/3704
f 3749/3749 3704/3704 3629/3629
f 3644/3644 3722/3722 3773/3773
f 3644/3644 3773/3773 3746/3746
f 3722/3722 3621/3621 3691/3691
f 3722/3722 3691/3691 3773/3773
f 3773/3773 3691/3691 3601/3601
f 3773/3773 3601/3601 3661/3661
f 3746/3746 3773/3773 3661/3661
f 3746/3746 3661/3661 3624/3624
f 3624/3624 3661/3661 3774/3774
f 3624/3624 3774/3774 3745/3745
f 3661/3661 3601/3601 3673/3673
f 3661/3661 3673/3673 3774/3774
f 3774/3774 3673/3673 3597/3597
f 3774/3774 3597/3597 3657/3657
f 3745/3745 3774/3774 3657/3657
f 3745/3745 3657/3657 3623/3623
f 3618/3618 3693/3693 3775/3775
f 3618/3618 3775/3775 3688/3688
f 3693/3693 3620/3620 3690/3690
f 3693/3693 3690/3690 3775/3775
f 3775/3775 3690/3690 3600/3600
f 3775/3775 3600/3600 3660/3660
f 3688/3688 3775/3775 3660/3660
f 3688/3688 3660/3660 3596/3596
f 3621/3621 3692/3692 3776/3776
f 3621/3621 3776/3776 3691/3691
f 3692/3692 3619/3619 3689/3689
f 3692/3692 3689/3689 3776/3776
f 3776/3776 3689/3689 3597/3597
f 3776/3776 3597/3597 3673/3673
f 3691/3691 3776/3776 3673/3673
f 3691/3691 3673/3673 3601/3601
f 3629/3629 3704/3704 3777/3777
f 3629/3629 3777/3777 3742/3742
f 3705/3705 3606/3606 3670/3670
f 3705/3705 3670/3670 3778/3778
f 3778/3778 3670/3670 3610/3610
f 3778/3778 3610/3610 3714/3714
f 3742/3742 3777/3777 3713/3713
f 3742/3742 3713/3713 3638/3638
f 3602/3602 3676/3676 3779/3779
f 3602/3602 3779/3779 3666/3666
f 3676/3676 3598/3598 3679/3679
f 3676/3676 3679/3679 3779/3779
f 3779/3779 3679/3679 3604/3604
f 3779/3779 3604/3604 3685/3685
f 3666/3666 3779/3779 3685/3685
f 3666/3666 3685/3685 3606/3606
f 3599/3599 3680/3680 3780/3780
f 3599/3599 3780/3780 3665/3665
f 3680/3680 3603/3603 3667/3667
f 3680/3680 3667/3667 3780/3780
f 3780/3780 3667/3667 3607/3607
f 3780/3780 3607/3607 3656/3656
f 3665/3665 3780/3780 3656/3656
f 3665/3665 3656/3656 3605/3605
f 3634/3634 3672/3672 3781/3781
f 3634/3634 3781/3781 3740/3740
f 3672/3672 3599/3599 3665/3665
f 3672/3672 3665/3665 3781/3781
f 3781/3781 3665/3665 3605/3605
f 3781/3781 3605/3605 3682/3682
f 3740/3740 3781/3781 3682/3682
f 3740/3740 3682/3682 3641/3641
f 3606/3606 3685/3685 3782/3782
f 3606/3606 3782/3782 3670/3670
f 3685/3685 3604/3604 3668/3668
f 3685/3685 3668/3668 3782/3782
f 3782/3782 3668/3668 3608/3608
f 3782/3782 3608/3608 3674/3674
f 3670/3670 3782/3782 3674/3674
f 3670/3670 3674/3674 3610/3610
f 3605/3605 3656/3656 3783/3783
f 3605/3605 3783/3783 3669/3669
f 3656/3656 3607/3607 3671/3671
f 3656/3656 3671/3671 3783/3783
f 3783/3783 3671/3671 3611/3611
f 3783/3783 3611/3611 3678/3678
f 3669/3669 3783/3783 3678/3678
f 3669/3669 3678/3678 3609/3609
f 3641/3641 3682/3682 3784/3784
f 3641/3641 3784/3784 3738/3738
f 3682/3682 3605/3605 3669/3669
f 3682/3682 3669/3669 3784/3784
f 3784/3784 3669/3669 3609/3609
f 3784/3784 3609/3609 3675/3675
f 3738/3738 3784/3784 3675/3675
f 3738/3738 3675/3675 3636/3636
f 3649/3649 3768/3768 3785/3785
f 3649/3649 3785/3785 3684/3684
f 3769/3769 3655/3655 3761/3761
f 3769/3769 3761/3761 3786/3786
f 3786/3786 3761/3761 3631/3631
f 3786/3786 3631/3631 3720/3720
f 3684/3684 3785/3785 3719/3719
f 3684/3684 3719/3719 3614/3614
f 3603/3603 3680/3680 3787/3787
f 3603/3603 3787/3787 3681/3681
f 3680/3680 3599/3599 3659/3659
f 3680/3680 3659/3659 3787/3787
f 3787/3787 3659/3659 3619/3619
f 3787/3787 3619/3619 3692/3692
f 3681/3681 3787/3787 3692/3692
f 3681/3681 3692/3692 3621/3621
f 3598/3598 3676/3676 3788/3788
f 3598/3598 3788/3788 3658/3658
f 3676/3676 3602/3602 3662/3662
f 3676/3676 3662/3662 3788/3788
f 3788/3788 3662/3662 3620/3620
f 3788/3788 3620/3620 3693/3693
f 3658/3658 3788/3788 3693/3693
f 3658/3658 3693/3693 3618/3618
f 3626/3626 3663/3663 3789/3789
f 3626/3626 3789/3789 3726/3726
f 3663/3663 3603/3603 3681/3681
f 3663/3663 3681/3681 3789/3789
f 3789/3789 3681/3681 3621/3621
f 3789/3789 3621/3621 3722/3722
f 3726/3726 3789/3789 3722/3722
f 3726/3726 3722/3722 3644/3644
f 3623/3623 3657/3657 3790/3790
f 3623/3623 3790/3790 3725/3725
f 3657/3657 3597/3597 3689/3689
f 3657/3657 3689/3689 3790/3790
f 3790/3790 3689/3689 3619/3619
f 3790/3790 3619/3619 3723/3723
f 3725/3725 3790/3790 3723/3723
f 3725/3725 3723/3723 3647/3647
f 3596/3596 3698/3698 3791/3791
f 3596/3596 3791/3791 3688/3688
f 3699/3699 3622/3622 3724/3724
f 3699/3699 3724/3724 3792/3792
f 3792/3792 3724/3724 3646/3646
f 3792/3792 3646/3646 3697/3697
f 3688/3688 3791/3791 3696/3696
f 3688/3688 3696/3696 3618/3618
f 3602/3602 3703/3703 3794/3794
f 3602/3602 3794/3794 3662/3662
f 3702/3702 3627/3627 3727/3727
f 3702/3702 3727/3727 3793/3793
f 3793/3793 3727/3727 3645/3645
f 3793/3793 3645/3645 3694/3694
f 3662/3662 3794/3794 3695/3695
f 3662/3662 3695/3695 3620/3620
f 3653/3653 3767/3767 3795/3795
f 3653/3653 3795/3795 3707/3707
f 3767/3767 3651/3651 3757/3757
f 3767/3767 3757/3757 3795/3795
f 3795/3795 3757/3757 3639/3639
f 3795/3795 3639/3639 3734/3734
f 3707/3707 3795/3795 3734/3734
f 3707/3707 3734/3734 3617/3617
f 3650/3650 3766/3766 3796/3796
f 3650/3650 3796/3796 3686/3686
f 3766/3766 3648/3648 3683/3683
f 3766/3766 3683/3683 3796/3796
f 3796/3796 3683/3683 3613/3613
f 3796/3796 3613/3613 3733/3733
f 3686/3686 3796/3796 3733/3733
f 3686/3686 3733/3733 3630/3630
f 3651/3651 3765/3765 3797/3797
f 3651/3651 3797/3797 3757/3757
f 3765/3765 3650/3650 3686/3686
f 3765/3765 3686/3686 3797/3797
f 3797/3797 3686/3686 3630/3630
f 3797/3797 3630/3630 3732/3732
f 3757/3757 3797/3797 3732/3732
f 3757/3757 3732/3732 3639/3639
f 3654/3654 3763/3763 3798/3798
f 3654/3654 3798/3798 3708/3708
f 3764/3764 3652/3652 3706/3706
f 3764/3764 3706/3706 3799/3799
f 3799/3799 3706/3706 3615/3615
f 3799/3799 3615/3615 3730/3730
f 3708/3708 3798/3798 3728/3728
f 3708/3708 3728/3728 3642/3642
f 3655/3655 3762/3762 3800/3800
f 3655/3655 3800/3800 3761/3761
f 3762/3762 3654/3654 3708/3708
f 3762/3762 3708/3708 3800/3800
f 3800/3800 3708/3708 3642/3642
f 3800/3800 3642/3642 3735/3735
f 3761/3761 3800/3800 3735/3735
f 3761/3761 3735/3735 3631/3631
f 3604/3604 3716/3716 3801/3801
f 3604/3604 3801/3801 3668/3668
f 3717/3717 3640/3640 3737/3737
f 3717/3717 3737/3737 3802/3802
f 3802/3802 3737/3737 3635/3635
f 3802/3802 3635/3635 3712/3712
f 3668/3668 3801/3801 3711/3711
f 3668/3668 3711/3711 3608/3608
f 3598/3598 3709/3709 3803/3803
f 3598/3598 3803/3803 3679/3679
f 3710/3710 3633/3633 3739/3739
f 3710/3710 3739/3739 3804/3804
f 3804/3804 3739/3739 3640/3640
f 3804/3804 3640/3640 3717/3717
f 3679/3679 3803/3803 3716/3716
f 3679/3679 3716/3716 3604/3604
f 3607/3607 3664/3664 3805/3805
f 3607/3607 3805/3805 3671/3671
f 3664/3664 3628/3628 3741/3741
f 3664/3664 3741/3741 3805/3805
f 3805/3805 3741/3741 3637/3637
f 3805/3805 3637/3637 3677/3677
f 3671/3671 3805/3805 3677/3677
f 3671/3671 3677/3677 3611/3611
f 3600/3600 3700/3700 3806/3806
f 3600/3600 3806/3806 3660/3660
f 3701/3701 3625/3625 3744/3744
f 3701/3701 3744/3744 3808/3808
f 3807/3807 3743/3743 3622/3622
f 3807/3807 3622/3622 3699/3699
f 3660/3660 3806/3806 3698/3698
f 3660/3660 3698/3698 3596/3596
f 3620/3620 3695/3695 3810/3810
f 3620/3620 3810/3810 3690/3690
f 3694/3694 3645/3645 3747/3747
f 3694/3694 3747/3747 3809/3809
f 3809/3809 3747/3747 3625/3625
f 3809/3809 3625/3625 3701/3701
f 3690/3690 3810/3810 3700/3700
f 3690/3690 3700/3700 3600/3600
f 3603/3603 3663/3663 3811/3811
f 3603/3603 3811/3811 3667/3667
f 3663/3663 3626/3626 3748/3748
f 3663/3663 3748/3748 3811/3811
f 3811/3811 3748/3748 3628/3628
f 3811/3811 3628/3628 3664/3664
f 3667/3667 3811/3811 3664/3664
f 3667/3667 3664/3664 3607/3607
f 3618/3618 3696/3696 3812/3812
f 3618/3618 3812/3812 3658/3658
f 3697/3697 3646/3646 3750/3750
f 3697/3697 3750/3750 3813/3813
f 3813/3813 3750/3750 3633/3633
f 3813/3813 3633/3633 3710/3710
f 3658/3658 3812/3812 3709/3709
f 3658/3658 3709/3709 3598/3598
f 3613/3613 3753/3753 3814/3814
f 3613/3613 3814/3814 3733/3733
f 3753/3753 3617/3617 3734/3734
f 3753/3753 3734/3734 3814/3814
f 3814/3814 3734/3734 3639/3639
f 3814/3814 3639/3639 3732/3732
f 3733/3733 3814/3814 3732/3732
f 3733/3733 3732/3732 3630/3630
f 3632/3632 3736/3736 3816/3816
f 3632/3632 3816/3816 3721/3721
f 3736/3736 3643/3643 3729/3729
f 3736/3736 3729/3729 3816/3816
f 3815/3815 3731/3731 3616/3616
f 3815/3815 3616/3616 3752/3752
f 3718/3718 3815/3815 3752/3752
f 3718/3718 3752/3752 3612/3612
f 3610/3610 3674/3674 3817/3817
f 3610/3610 3817/3817 3715/3715
f 3674/3674 3608/3608 3760/3760
f 3674/3674 3760/3760 3817/3817
f 3608/3608 3711/3711 3818/3818
f 3608/3608 3818/3818 3760/3760
f 3712/3712 3635/3635 3758/3758
f 3712/3712 3758/3758 3819/3819
f 3837/3837 3833/3833 3652/3652
f 3837/3837 3652/3652 3764/3764
f 3835/3835 3836/3836 3763/3763
f 3835/3835 3763/3763 3654/3654
f 3609/3609 3678/3678 3820/3820
f 3609/3609 3820/3820 3687/3687
f 3678/3678 3611/3611 3756/3756
f 3678/3678 3756/3756 3820/3820
f 3611/3611 3677/3677 3821/3821
f 3611/3611 3821/3821 3756/3756
f 3677/3677 3637/3637 3754/3754
f 3677/3677 3754/3754 3821/3821
f 3829/3829 3826/3826 3648/3648
f 3829/3829 3648/3648 3766/3766
f 3828/3828 3829/3829 3766/3766
f 3828/3828 3766/3766 3650/3650
f 3636/3636 3675/3675 3822/3822
f 3636/3636 3822/3822 3759/3759
f 3675/3675 3609/3609 3687/3687
f 3675/3675 3687/3687 3822/3822
f 3838/3838 3832/3832 3651/3651
f 3838/3838 3651/3651 3767/3767
f 3834/3834 3838/3838 3767/3767
f 3834/3834 3767/3767 3653/3653
f 3638/3638 3713/3713 3823/3823
f 3638/3638 3823/3823 3755/3755
f 3714/3714 3610/3610 3715/3715
f 3714/3714 3715/3715 3824/3824
f 3831/3831 3825/3825 3655/3655
f 3831/3831 3655/3655 3769/3769
f 3827/3827 3830/3830 3768/3768
f 3827/3827 3768/3768 3649/3649
f 3875/3875 3847/3847 3655/3655
f 3875/3875 3655/3655 3825/3825
f 3847/3847 3852/3852 3762/3762
f 3847/3847 3762/3762 3655/3655
f 3852/3852 3857/3857 3654/3654
f 3852/3852 3654/3654 3762/3762
f 3881/3881 3855/3855 3651/3651
f 3881/3881 3651/3651 3832/3832
f 3862/3862 3869/3869 3817/3817
f 3862/3862 3817/3817 3760/3760
f 3869/3869 3839/3839 3715/3715
f 3869/3869 3715/3715 3817/3817
f 3839/3839 3875/3875 3825/3825
f 3839/3839 3825/3825 3715/3715
f 3755/3755 3823/3823 3830/3830
f 3755/3755 3830/3830 3827/3827
f 3824/3824 3715/3715 3825/3825
f 3824/3824 3825/3825 3831/3831
f 3756/3756 3821/3821 3829/3829
f 3756/3756 3829/3829 3828/3828
f 3821/3821 3754/3754 3826/3826
f 3821/3821 3826/3826 3829/3829
f 3860/3860 3881/3881 3832/3832
f 3860/3860 3832/3832 3687/3687
f 3759/3759 3822/3822 3838/3838
f 3759/3759 3838/3838 3834/3834
f 3822/3822 3687/3687 3832/3832
f 3822/3822 3832/3832 3838/3838
f 3760/3760 3818/3818 3836/3836
f 3760/3760 3836/3836 3835/3835
f 3819/3819 3758/3758 3833/3833
f 3819/3819 3833/3833 3837/3837
f 3760/3760 3835/3835 3877/3877
f 3760/3760 3877/3877 3862/3862
f 3895/3895 3899/3899 3879/3879
f 3895/3895 3879/3879 3861/3861
f 3886/3886 3890/3890 3880/3880
f 3886/3886 3880/3880 3859/3859
f 3756/3756 3828/3828 3873/3873
f 3756/3756 3873/3873 3843/3843
f 3882/3882 3889/3889 3874/3874
f 3882/3882 3874/3874 3841/3841
f 3891/3891 3898/3898 3876/3876
f 3891/3891 3876/3876 3840/3840
f 3820/3820 3756/3756 3843/3843
f 3820/3820 3843/3843 3866/3866
f 3888/3888 3882/3882 3841/3841
f 3888/3888 3841/3841 3868/3868
f 3897/3897 3891/3891 3840/3840
f 3897/3897 3840/3840 3871/3871
f 3687/3687 3820/3820 3866/3866
f 3687/3687 3866/3866 3860/3860
f 3886/3886 3887/3887 3867/3867
f 3886/3886 3867/3867 3861/3861
f 3895/3895 3896/3896 3870/3870
f 3895/3895 3870/3870 3863/3863
f 3835/3835 3654/3654 3857/3857
f 3835/3835 3857/3857 3877/3877
f 3899/3899 3894/3894 3856/3856
f 3899/3899 3856/3856 3879/3879
f 3890/3890 3885/3885 3854/3854
f 3890/3890 3854/3854 3880/3880
f 3765/3765 3651/3651 3855/3855
f 3765/3765 3855/3855 3850/3850
f 3884/3884 3885/3885 3856/3856
f 3884/3884 3856/3856 3851/3851
f 3893/3893 3894/3894 3858/3858
f 3893/3893 3858/3858 3853/3853
f 3650/3650 3765/3765 3850/3850
f 3650/3650 3850/3850 3845/3845
f 3883/3883 3884/3884 3851/3851
f 3883/3883 3851/3851 3846/3846
f 3892/3892 3893/3893 3853/3853
f 3892/3892 3853/3853 3848/3848
f 3828/3828 3650/3650 3845/3845
f 3828/3828 3845/3845 3873/3873
f 3889/3889 3883/3883 3846/3846
f 3889/3889 3846/3846 3874/3874
f 3898/3898 3892/3892 3848/3848
f 3898/3898 3848/3848 3876/3876
f 3872/3872 3844/3844 3883/3883
f 3872/3872 3883/3883 3889/3889
f 3844/3844 3849/3849 3884/3884
f 3844/3844 3884/3884 3883/3883
f 3849/3849 3854/3854 3885/3885
f 3849/3849 3885/3885 3884/3884
f 3879/3879 3856/3856 3885/3885
f 3879/3879 3885/3885 3890/3890
f 3859/3859 3864/3864 3887/3887
f 3859/3859 3887/3887 3886/3886
f 3865/3865 3842/3842 3882/3882
f 3865/3865 3882/3882 3888/3888
f 3842/3842 3872/3872 3889/3889
f 3842/3842 3889/3889 3882/3882
f 3861/3861 3879/3879 3890/3890
f 3861/3861 3890/3890 3886/3886
f 3874/3874 3846/3846 3892/3892
f 3874/3874 3892/3892 3898/3898
f 3846/3846 3851/3851 3893/3893
f 3846/3846 3893/3893 3892/3892
f 3851/3851 3856/3856 3894/3894
f 3851/3851 3894/3894 3893/3893
f 3878/3878 3858/3858 3894/3894
f 3878/3878 3894/3894 3899/3899
f 3861/3861 3867/3867 3896/3896
f 3861/3861 3896/3896 3895/3895
f 3868/3868 3841/3841 3891/3891
f 3868/3868 3891/3891 3897/3897
f 3841/3841 3874/3874 3898/3898
f 3841/3841 3898/3898 3891/3891
f 3863/3863 3878/3878 3899/3899
f 3863/3863 3899/3899 3895/3895
f 3951/3951 4027/4027 4074/4074
f 3951/3951 4074/4074 4055/4055
f 4027/4027 3923/3923 3963/3963
f 4027/4027 3963/3963 4074/4074
f 4074/4074 3963/3963 3903/3903
f 4074/4074 3903/3903 3976/3976
f 4055/4055 4074/4074 3976/3976
f 4055/4055 3976/3976 3938/3938
f 3931/3931 4006/4006 4075/4075
f 3931/3931 4075/4075 4053/4053
f 4007/4007 3906/3906 3970/3970
f 4007/4007 3970/3970 4076/4076
f 4076/4076 3970/3970 3910/3910
f 4076/4076 3910/3910 4009/4009
f 4053/4053 4075/4075 4008/4008
f 4053/4053 4008/4008 3933/3933
f 3948/3948 4026/4026 4077/4077
f 3948/3948 4077/4077 4050/4050
f 4026/4026 3925/3925 3995/3995
f 4026/4026 3995/3995 4077/4077
f 4077/4077 3995/3995 3905/3905
f 4077/4077 3905/3905 3965/3965
f 4050/4050 4077/4077 3965/3965
f 4050/4050 3965/3965 3928/3928
f 3928/3928 3965/3965 4078/4078
f 3928/3928 4078/4078 4049/4049
f 3965/3965 3905/3905 3977/3977
f 3965/3965 3977/3977 4078/4078
f 4078/4078 3977/3977 3901/3901
f 4078/4078 3901/3901 3961/3961
f 4049/4049 4078/4078 3961/3961
f 4049/4049 3961/3961 3927/3927
f 3922/3922 3997/3997 4079/4079
f 3922/3922 4079/4079 3992/3992
f 3997/3997 3924/3924 3994/3994
f 3997/3997 3994/3994 4079/4079
f 4079/4079 3994/3994 3904/3904
f 4079/4079 3904/3904 3964/3964
f 3992/3992 4079/4079 3964/3964
f 3992/3992 3964/3964 3900/3900
f 3925/3925 3996/3996 4080/4080
f 3925/3925 4080/4080 3995/3995
f 3996/3996 3923/3923 3993/3993
f 3996/3996 3993/3993 4080/4080
f 4080/4080 3993/3993 3901/3901
f 4080/4080 3901/3901 3977/3977
f 3995/3995 4080/4080 3977/3977
f 3995/3995 3977/3977 3905/3905
f 3933/3933 4008/4008 4081/4081
f 3933/3933 4081/4081 4046/4046
f 4009/4009 3910/3910 3974/3974
f 4009/4009 3974/3974 4082/4082
f 4082/4082 3974/3974 3914/3914
f 4082/4082 3914/3914 4018/4018
f 4046/4046 4081/4081 4017/4017
f 4046/4046 4017/4017 3942/3942
f 3906/3906 3980/3980 4083/4083
f 3906/3906 4083/4083 3970/3970
f 3980/3980 3902/3902 3983/3983
f 3980/3980 3983/3983 4083/4083
f 4083/4083 3983/3983 3908/3908
f 4083/4083 3908/3908 3989/3989
f 3970/3970 4083/4083 3989/3989
f 3970/3970 3989/3989 3910/3910
f 3903/3903 3984/3984 4084/4084
f 3903/3903 4084/4084 3969/3969
f 3984/3984 3907/3907 3971/3971
f 3984/3984 3971/3971 4084/4084
f 4084/4084 3971/3971 3911/3911
f 4084/4084 3911/3911 3960/3960
f 3969/3969 4084/4084 3960/3960
f 3969/3969 3960/3960 3909/3909
f 3938/3938 3976/3976 4085/4085
f 3938/3938 4085/4085 4044/4044
f 3976/3976 3903/3903 3969/3969
f 3976/3976 3969/3969 4085/4085
f 4085/4085 3969/3969 3909/3909
f 4085/4085 3909/3909 3986/3986
f 4044/4044 4085/4085 3986/3986
f 4044/4044 3986/3986 3945/3945
f 3910/3910 3989/3989 4086/4086
f 3910/3910 4086/4086 3974/3974
f 3989/3989 3908/3908 3972/3972
f 3989/3989 3972/3972 4086/4086
f 4086/4086 3972/3972 3912/3912
f 4086/4086 3912/3912 3978/3978
f 3974/3974 4086/4086 3978/3978
f 3974/3974 3978/3978 3914/3914
f 3909/3909 3960/3960 4087/4087
f 3909/3909 4087/4087 3973/3973
f 3960/3960 3911/3911 3975/3975
f 3960/3960 3975/3975 4087/4087
f 4087/4087 3975/3975 3915/3915
f 4087/4087 3915/3915 3982/3982
f 3973/3973 4087/4087 3982/3982
f 3973/3973 3982/3982 3913/3913
f 3945/3945 3986/3986 4088/4088
f 3945/3945 4088/4088 4042/4042
f 3986/3986 3909/3909 3973/3973
f 3986/3986 3973/3973 4088/4088
f 4088/4088 3973/3973 3913/3913
f 4088/4088 3913/3913 3979/3979
f 4042/4042 4088/4088 3979/3979
f 4042/4042 3979/3979 3940/3940
f 3953/3953 4072/4072 4089/4089
f 3953/3953 4089/4089 3988/3988
f 4073/4073 3959/3959 4065/4065
f 4073/4073 4065/4065 4090/4090
f 4090/4090 4065/4065 3935/3935
f 4090/4090 3935/3935 4024/4024
f 3988/3988 4089/4089 4023/4023
f 3988/3988 4023/4023 3918/3918
f 3907/3907 3984/3984 4091/4091
f 3907/3907 4091/4091 3985/3985
f 3984/3984 3903/3903 3963/3963
f 3984/3984 3963/3963 4091/4091
f 4091/4091 3963/3963 3923/3923
f 4091/4091 3923/3923 3996/3996
f 3985/3985 4091/4091 3996/3996
f 3985/3985 3996/3996 3925/3925
f 3902/3902 3980/3980 4092/4092
f 3902/3902 4092/4092 3962/3962
f 3980/3980 3906/3906 3966/3966
f 3980/3980 3966/3966 4092/4092
f 4092/4092 3966/3966 3924/3924
f 4092/4092 3924/3924 3997/3997
f 3962/3962 4092/4092 3997/3997
f 3962/3962 3997/3997 3922/3922
f 3930/3930 3967/3967 4093/4093
f 3930/3930 4093/4093 4030/4030
f 3967/3967 3907/3907 3985/3985
f 3967/3967 3985/3985 4093/4093
f 4093/4093 3985/3985 3925/3925
f 4093/4093 3925/3925 4026/4026
f 4030/4030 4093/4093 4026/4026
f 4030/4030 4026/4026 3948/3948
f 3927/3927 3961/3961 4094/4094
f 3927/3927 4094/4094 4029/4029
f 3961/3961 3901/3901 3993/3993
f 3961/3961 3993/3993 4094/4094
f 4094/4094 3993/3993 3923/3923
f 4094/4094 3923/3923 4027/4027
f 4029/4029 4094/4094 4027/4027
f 4029/4029 4027/4027 3951/3951
f 3900/3900 4002/4002 4095/4095
f 3900/3900 4095/4095 3992/3992
f 4003/4003 3926/3926 4028/4028
f 4003/4003 4028/4028 4096/4096
f 4096/4096 4028/4028 3950/3950
f 4096/4096 3950/3950 4001/4001
f 3992/3992 4095/4095 4000/4000
f 3992/3992 4000/4000 3922/3922
f 3906/3906 4007/4007 4098/4098
f 3906/3906 4098/4098 3966/3966
f 4006/4006 3931/3931 4031/4031
f 4006/4006 4031/4031 4097/4097
f 4097/4097 4031/4031 3949/3949
f 4097/4097 3949/3949 3998/3998
f 3966/3966 4098/4098 3999/3999
f 3966/3966 3999/3999 3924/3924
f 3957/3957 4071/4071 4099/4099
f 3957/3957 4099/4099 4011/4011
f 4071/4071 3955/3955 4061/4061
f 4071/4071 4061/4061 4099/4099
f 4099/4099 4061/4061 3943/3943
f 4099/4099 3943/3943 4038/4038
f 4011/4011 4099/4099 4038/4038
f 4011/4011 4038/4038 3921/3921
f 3954/3954 4070/4070 4100/4100
f 3954/3954 4100/4100 3990/3990
f 4070/4070 3952/3952 3987/3987
f 4070/4070 3987/3987 4100/4100
f 4100/4100 3987/3987 3917/3917
f 4100/4100 3917/3917 4037/4037
f 3990/3990 4100/4100 4037/4037
f 3990/3990 4037/4037 3934/3934
f 3955/3955 4069/4069 4101/4101
f 3955/3955 4101/4101 4061/4061
f 4069/4069 3954/3954 3990/3990
f 4069/4069 3990/3990 4101/4101
f 4101/4101 3990/3990 3934/3934
f 4101/4101 3934/3934 4036/4036
f 4061/4061 4101/4101 4036/4036
f 4061/4061 4036/4036 3943/3943
f 3958/3958 4067/4067 4102/4102
f 3958/3958 4102/4102 4012/4012
f 4068/4068 3956/3956 4010/4010
f 4068/4068 4010/4010 4103/4103
f 4103/4103 4010/4010 3919/3919
f 4103/4103 3919/3919 4034/4034
f 4012/4012 4102/4102 4032/4032
f 4012/4012 4032/4032 3946/3946
f 3959/3959 4066/4066 4104/4104
f 3959/3959 4104/4104 4065/4065
f 4066/4066 3958/3958 4012/4012
f 4066/4066 4012/4012 4104/4104
f 4104/4104 4012/4012 3946/3946
f 4104/4104 3946/3946 4039/4039
f 4065/4065 4104/4104 4039/4039
f 4065/4065 4039/4039 3935/3935
f 3908/3908 4020/4020 4105/4105
f 3908/3908 4105/4105 3972/3972
f 4021/4021 3944/3944 4041/4041
f 4021/4021 4041/4041 4106/4106
f 4106/4106 4041/4041 3939/3939
f 4106/4106 3939/3939 4016/4016
f 3972/3972 4105/4105 4015/4015
f 3972/3972 4015/4015 3912/3912
f 3902/3902 4013/4013 4107/4107
f 3902/3902 4107/4107 3983/3983
f 4014/4014 3937/3937 4043/4043
f 4014/4014 4043/4043 4108/4108
f 4108/4108 4043/4043 3944/3944
f 4108/4108 3944/3944 4021/4021
f 3983/3983 4107/4107 4020/4020
f 3983/3983 4020/4020 3908/3908
f 3911/3911 3968/3968 4109/4109
f 3911/3911 4109/4109 3975/3975
f 3968/3968 3932/3932 4045/4045
f 3968/3968 4045/4045 4109/4109
f 4109/4109 4045/4045 3941/3941
f 4109/4109 3941/3941 3981/3981
f 3975/3975 4109/4109 3981/3981
f 3975/3975 3981/3981 3915/3915
f 3904/3904 4004/4004 4110/4110
f 3904/3904 4110/4110 3964/3964
f 4005/4005 3929/3929 4048/4048
f 4005/4005 4048/4048 4112/4112
f 4111/4111 4047/4047 3926/3926
f 4111/4111 3926/3926 4003/4003
f 3964/3964 4110/4110 4002/4002
f 3964/3964 4002/4002 3900/3900
f 3924/3924 3999/3999 4114/4114
f 3924/3924 4114/4114 3994/3994
f 3998/3998 3949/3949 4051/4051
f 3998/3998 4051/4051 4113/4113
f 4113/4113 4051/4051 3929/3929
f 4113/4113 3929/3929 4005/4005
f 3994/3994 4114/4114 4004/4004
f 3994/3994 4004/4004 3904/3904
f 3907/3907 3967/3967 4115/4115
f 3907/3907 4115/4115 3971/3971
f 3967/3967 3930/3930 4052/4052
f 3967/3967 4052/4052 4115/4115
f 4115/4115 4052/4052 3932/3932
f 4115/4115 3932/3932 3968/3968
f 3971/3971 4115/4115 3968/3968
f 3971/3971 3968/3968 3911/3911
f 3922/3922 4000/4000 4116/4116
f 3922/3922 4116/4116 3962/3962
f 4001/4001 3950/3950 4054/4054
f 4001/4001 4054/4054 4117/4117
f 4117/4117 4054/4054 3937/3937
f 4117/4117 3937/3937 4014/4014
f 3962/3962 4116/4116 4013/4013
f 3962/3962 4013/4013 3902/3902
f 3917/3917 4057/4057 4118/4118
f 3917/3917 4118/4118 4037/4037
f 4057/4057 3921/3921 4038/4038
f 4057/4057 4038/4038 4118/4118
f 4118/4118 4038/4038 3943/3943
f 4118/4118 3943/3943 4036/4036
f 4037/4037 4118/4118 4036/4036
f 4037/4037 4036/4036 3934/3934
f 3936/3936 4040/4040 4120/4120
f 3936/3936 4120/4120 4025/4025
f 4040/4040 3947/3947 4033/4033
f 4040/4040 4033/4033 4120/4120
f 4119/4119 4035/4035 3920/3920
f 4119/4119 3920/3920 4056/4056
f 4022/4022 4119/4119 4056/4056
f 4022/4022 4056/4056 3916/3916
f 3914/3914 3978/3978 4121/4121
f 3914/3914 4121/4121 4019/4019
f 3978/3978 3912/3912 4064/4064
f 3978/3978 4064/4064 4121/4121
f 3912/3912 4015/4015 4122/4122
f 3912/3912 4122/4122 4064/4064
f 4016/4016 3939/3939 4062/4062
f 4016/4016 4062/4062 4123/4123
f 4141/4141 4137/4137 3956/3956
f 4141/4141 3956/3956 4068/4068
f 4139/4139 4140/4140 4067/4067
f 4139/4139 4067/4067 3958/3958
f 3913/3913 3982/3982 4124/4124
f 3913/3913 4124/4124 3991/3991
f 3982/3982 3915/3915 4060/4060
f 3982/3982 4060/4060 4124/4124
f 3915/3915 3981/3981 4125/4125
f 3915/3915 4125/4125 4060/4060
f 3981/3981 3941/3941 4058/4058
f 3981/3981 4058/4058 4125/4125
f 4133/4133 4130/4130 3952/3952
f 4133/4133 3952/3952 4070/4070
f 4132/4132 4133/4133 4070/4070
f 4132/4132 4070/4070 3954/3954
f 3940/3940 3979/3979 4126/4126
f 3940/3940 4126/4126 4063/4063
f 3979/3979 3913/3913 3991/3991
f 3979/3979 3991/3991 4126/4126
f 4142/4142 4136/4136 3955/3955
f 4142/4142 3955/3955 4071/4071
f 4138/4138 4142/4142 4071/4071
f 4138/4138 4071/4071 3957/3957
f 3942/3942 4017/4017 4127/4127
f 3942/3942 4127/4127 4059/4059
f 4018/4018 3914/3914 4019/4019
f 4018/4018 4019/4019 4128/4128
f 4135/4135 4129/4129 3959/3959
f 4135/4135 3959/3959 4073/4073
f 4131/4131 4134/4134 4072/4072
f 4131/4131 4072/4072 3953/3953
f 4179/4179 4151/4151 3959/3959
f 4179/4179 3959/3959 4129/4129
f 4151/4151 4156/4156 4066/4066
f 4151/4151 4066/4066 3959/3959
f 4156/4156 4161/4161 3958/3958
f 4156/4156 3958/3958 4066/4066
f 4185/4185 4159/4159 3955/3955
f 4185/4185 3955/3955 4136/4136
f 4166/4166 4173/4173 4121/4121
f 4166/4166 4121/4121 4064/4064
f 4173/4173 4143/4143 4019/4019
f 4173/4173 4019/4019 4121/4121
f 4143/4143 4179/4179 4129/4129
f 4143/4143 4129/4129 4019/4019
f 4059/4059 4127/4127 4134/4134
f 4059/4059 4134/4134 4131/4131
f 4128/4128 4019/4019 4129/4129
f 4128/4128 4129/4129 4135/4135
f 4060/4060 4125/4125 4133/4133
f 4060/4060 4133/4133 4132/4132
f 4125/4125 4058/4058 4130/4130
f 4125/4125 4130/4130 4133/4133
f 4164/4164 4185/4185 4136/4136
f 4164/4164 4136/4136 3991/3991
f 4063/4063 4126/4126 4142/4142
f 4063/4063 4142/4142 4138/4138
f 4126/4126 3991/3991 4136/4136
f 4126/4126 4136/4136 4142/4142
f 4064/4064 4122/4122 4140/4140
f 4064/4064 4140/4140 4139/4139
f 4123/4123 4062/4062 4137/4137
f 4123/4123 4137/4137 4141/4141
f 4064/4064 4139/4139 4181/4181
f 4064/4064 4181/4181 4166/4166
f 4199/4199 4203/4203 4183/4183
f 4199/4199 4183/4183 4165/4165
f 4190/4190 4194/4194 4184/4184
f 4190/4190 4184/4184 4163/4163
f 4060/4060 4132/4132 4177/4177
f 4060/4060 4177/4177 4147/4147
f 4186/4186 4193/4193 4178/4178
f 4186/4186 4178/4178 4145/4145
f 4195/4195 4202/4202 4180/4180
f 4195/4195 4180/4180 4144/4144
f 4124/4124 4060/4060 4147/4147
f 4124/4124 4147/4147 4170/4170
f 4192/4192 4186/4186 4145/4145
f 4192/4192 4145/4145 4172/4172
f 4201/4201 4195/4195 4144/4144
f 4201/4201 4144/4144 4175/4175
f 3991/3991 4124/4124 4170/4170
f 3991/3991 4170/4170 4164/4164
f 4190/4190 4191/4191 4171/4171
f 4190/4190 4171/4171 4165/4165
f 4199/4199 4200/4200 4174/4174
f 4199/4199 4174/4174 4167/4167
f 4139/4139 3958/3958 4161/4161
f 4139/4139 4161/4161 4181/4181
f 4203/4203 4198/4198 4160/4160
f 4203/4203 4160/4160 4183/4183
f 4194/4194 4189/4189 4158/4158
f 4194/4194 4158/4158 4184/4184
f 4069/4069 3955/3955 4159/4159
f 4069/4069 4159/4159 4154/4154
f 4188/4188 4189/4189 4160/4160
f 4188/4188 4160/4160 4155/4155
f 4197/4197 4198/4198 4162/4162
f 4197/4197 4162/4162 4157/4157
f 3954/3954 4069/4069 4154/4154
f 3954/3954 4154/4154 4149/4149
f 4187/4187 4188/4188 4155/4155
f 4187/4187 4155/4155 4150/4150
f 4196/4196 4197/4197 4157/4157
f 4196/4196 4157/4157 4152/4152
f 4132/4132 3954/3954 4149/4149
f 4132/4132 4149/4149 4177/4177
f 4193/4193 4187/4187 4150/4150
f 4193/4193 4150/4150 4178/4178
f 4202/4202 4196/4196 4152/4152
f 4202/4202 4152/4152 4180/4180
f 4176/4176 4148/4148 4187/4187
f 4176/4176 4187/4187 4193/4193
f 4148/4148 4153/4153 4188/4188
f 4148/4148 4188/4188 4187/4187
f 4153/4153 4158/4158 4189/4189
f 4153/4153 4189/4189 4188/4188
f 4183/4183 4160/4160 4189/4189
f 4183/4183 4189/4189 4194/4194
f 4163/4163 4168/4168 4191/4191
f 4163/4163 4191/4191 4190/4190
f 4169/4169 4146/4146 4186/4186
f 4169/4169 4186/4186 4192/4192
f 4146/4146 4176/4176 4193/4193
f 4146/4146 4193/4193 4186/4186
f 4165/4165 4183/4183 4194/4194
f 4165/4165 4194/4194 4190/4190
f 4178/4178 4150/4150 4196/4196
f 4178/4178 4196/4196 4202/4202
f 4150/4150 4155/4155 4197/4197
f 4150/4150 4197/4197 4196/4196
f 4155/4155 4160/4160 4198/4198
f 4155/4155 4198/4198 4197/4197
f 4182/4182 4162/4162 4198/4198
f 4182/4182 4198/4198 4203/4203
f 4165/4165 4171/4171 4200/4200
f 4165/4165 4200/4200 4199/4199
f 4172/4172 4145/4145 4195/4195
f 4172/4172 4195/4195 4201/4201
f 4145/4145 4178/4178 4202/4202
f 4145/4145 4202/4202 4195/4195
f 4167/4167 4182/4182 4203/4203
f 4167/4167 4203/4203 4199/4199
f 4255/4255 4331/4331 4378/4378
f 4255/4255 4378/4378 4359/4359
f 4331/4331 4227/4227 4267/4267
f 4331/4331 4267/4267 4378/4378
f 4378/4378 4267/4267 4207/4207
f 4378/4378 4207/4207 4280/4280
f 4359/4359 4378/4378 4280/4280
f 4359/4359 4280/4280 4242/4242
f 4235/4235 4310/4310 4379/4379
f 4235/4235 4379/4379 4357/4357
f 4311/4311 4210/4210 4274/4274
f 4311/4311 4274/4274 4380/4380
f 4380/4380 4274/4274 4214/4214
f 4380/4380 4214/4214 4313/4313
f 4357/4357 4379/4379 4312/4312
f 4357/4357 4312/4312 4237/4237
f 4252/4252 4330/4330 4381/4381
f 4252/4252 4381/4381 4354/4354
f 4330/4330 4229/4229 4299/4299
f 4330/4330 4299/4299 4381/4381
f 4381/4381 4299/4299 4209/4209
f 4381/4381 4209/4209 4269/4269
f 4354/4354 4381/4381 4269/4269
f 4354/4354 4269/4269 4232/4232
f 4232/4232 4269/4269 4382/4382
f 4232/4232 4382/4382 4353/4353
f 4269/4269 4209/4209 4281/4281
f 4269/4269 4281/4281 4382/4382
f 4382/4382 4281/4281 4205/4205
f 4382/4382 4205/4205 4265/4265
f 4353/4353 4382/4382 4265/4265
f 4353/4353 4265/4265 4231/4231
f 4226/4226 4301/4301 4383/4383
f 4226/4226 4383/4383 4296/4296
f 4301/4301 4228/4228 4298/4298
f 4301/4301 4298/4298 4383/4383
f 4383/4383 4298/4298 4208/4208
f 4383/4383 4208/4208 4268/4268
f 4296/4296 4383/4383 4268/4268
f 4296/4296 4268/4268 4204/4204
f 4229/4229 4300/4300 4384/4384
f 4229/4229 4384/4384 4299/4299
f 4300/4300 4227/4227 4297/4297
f 4300/4300 4297/4297 4384/4384
f 4384/4384 4297/4297 4205/4205
f 4384/4384 4205/4205 4281/4281
f 4299/4299 4384/4384 4281/4281
f 4299/4299 4281/4281 4209/4209
f 4237/4237 4312/4312 4385/4385
f 4237/4237 4385/4385 4350/4350
f 4313/4313 4214/4214 4278/4278
f 4313/4313 4278/4278 4386/4386
f 4386/4386 4278/4278 4218/4218
f 4386/4386 4218/4218 4322/4322
f 4350/4350 4385/4385 4321/4321
f 4350/4350 4321/4321 4246/4246
f 4210/4210 4284/4284 4387/4387
f 4210/4210 4387/4387 4274/4274
f 4284/4284 4206/4206 4287/4287
f 4284/4284 4287/4287 4387/4387
f 4387/4387 4287/4287 4212/4212
f 4387/4387 4212/4212 4293/4293
f 4274/4274 4387/4387 4293/4293
f 4274/4274 4293/4293 4214/4214
f 4207/4207 4288/4288 4388/4388
f 4207/4207 4388/4388 4273/4273
f 4288/4288 4211/4211 4275/4275
f 4288/4288 4275/4275 4388/4388
f 4388/4388 4275/4275 4215/4215
f 4388/4388 4215/4215 4264/4264
f 4273/4273 4388/4388 4264/4264
f 4273/4273 4264/4264 4213/4213
f 4242/4242 4280/4280 4389/4389
f 4242/4242 4389/4389 4348/4348
f 4280/4280 4207/4207 4273/4273
f 4280/4280 4273/4273 4389/4389
f 4389/4389 4273/4273 4213/4213
f 4389/4389 4213/4213 4290/4290
f 4348/4348 4389/4389 4290/4290
f 4348/4348 4290/4290 4249/4249
f 4214/4214 4293/4293 4390/4390
f 4214/4214 4390/4390 4278/4278
f 4293/4293 4212/4212 4276/4276
f 4293/4293 4276/4276 4390/4390
f 4390/4390 4276/4276 4216/4216
f 4390/4390 4216/4216 4282/4282
f 4278/4278 4390/4390 4282/4282
f 4278/4278 4282/4282 4218/4218
f 4213/4213 4264/4264 4391/4391
f 4213/4213 4391/4391 4277/4277
f 4264/4264 4215/4215 4279/4279
f 4264/4264 4279/4279 4391/4391
f 4391/4391 4279/4279 4219/4219
f 4391/4391 4219/4219 4286/4286
f 4277/4277 4391/4391 4286/4286
f 4277/4277 4286/4286 4217/4217
f 4249/4249 4290/4290 4392/4392
f 4249/4249 4392/4392 4346/4346
f 4290/4290 4213/4213 4277/4277
f 4290/4290 4277/4277 4392/4392
f 4392/4392 4277/4277 4217/4217
f 4392/4392 4217/4217 4283/4283
f 4346/4346 4392/4392 4283/4283
f 4346/4346 4283/4283 4244/4244
f 4257/4257 4376/4376 4393/4393
f 4257/4257 4393/4393 4292/4292
f 4377/4377 4263/4263 4369/4369
f 4377/4377 4369/4369 4394/4394
f 4394/4394 4369/4369 4239/4239
f 4394/4394 4239/4239 4328/4328
f 4292/4292 4393/4393 4327/4327
f 4292/4292 4327/4327 4222/4222
f 4211/4211 4288/4288 4395/4395
f 4211/4211 4395/4395 4289/4289
f 4288/4288 4207/4207 4267/4267
f 4288/4288 4267/4267 4395/4395
f 4395/4395 4267/4267 4227/4227
f 4395/4395 4227/4227 4300/4300
f 4289/4289 4395/4395 4300/4300
f 4289/4289 4300/4300 4229/4229
f 4206/4206 4284/4284 4396/4396
f 4206/4206 4396/4396 4266/4266
f 4284/4284 4210/4210 4270/4270
f 4284/4284 4270/4270 4396/4396
f 4396/4396 4270/4270 4228/4228
f 4396/4396 4228/4228 4301/4301
f 4266/4266 4396/4396 4301/4301
f 4266/4266 4301/4301 4226/4226
f 4234/4234 4271/4271 4397/4397
f 4234/4234 4397/4397 4334/4334
f 4271/4271 4211/4211 4289/4289
f 4271/4271 4289/4289 4397/4397
f 4397/4397 4289/4289 4229/4229
f 4397/4397 4229/4229 4330/4330
f 4334/4334 4397/4397 4330/4330
f 4334/4334 4330/4330 4252/4252
f 4231/4231 4265/4265 4398/4398
f 4231/4231 4398/4398 4333/4333
f 4265/4265 4205/4205 4297/4297
f 4265/4265 4297/4297 4398/4398
f 4398/4398 4297/4297 4227/4227
f 4398/4398 4227/4227 4331/4331
f 4333/4333 4398/4398 4331/4331
f 4333/4333 4331/4331 4255/4255
f 4204/4204 4306/4306 4399/4399
f 4204/4204 4399/4399 4296/4296
f 4307/4307 4230/4230 4332/4332
f 4307/4307 4332/4332 4400/4400
f 4400/4400 4332/4332 4254/4254
f 4400/4400 4254/4254 4305/4305
f 4296/4296 4399/4399 4304/4304
f 4296/4296 4304/4304 4226/4226
f 4210/4210 4311/4311 4402/4402
f 4210/4210 4402/4402 4270/4270
f 4310/4310 4235/4235 4335/4335
f 4310/4310 4335/4335 4401/4401
f 4401/4401 4335/4335 4253/4253
f 4401/4401 4253/4253 4302/4302
f 4270/4270 4402/4402 4303/4303
f 4270/4270 4303/4303 4228/4228
f 4261/4261 4375/4375 4403/4403
f 4261/4261 4403/4403 4315/4315
f 4375/4375 4259/4259 4365/4365
f 4375/4375 4365/4365 4403/4403
f 4403/4403 4365/4365 4247/4247
f 4403/4403 4247/4247 4342/4342
f 4315/4315 4403/4403 4342/4342
f 4315/4315 4342/4342 4225/4225
f 4258/4258 4374/4374 4404/4404
f 4258/4258 4404/4404 4294/4294
f 4374/4374 4256/4256 4291/4291
f 4374/4374 4291/4291 4404/4404
f 4404/4404 4291/4291 4221/4221
f 4404/4404 4221/4221 4341/4341
f 4294/4294 4404/4404 4341/4341
f 4294/4294 4341/4341 4238/4238
f 4259/4259 4373/4373 4405/4405
f 4259/4259 4405/4405 4365/4365
f 4373/4373 4258/4258 4294/4294
f 4373/4373 4294/4294 4405/4405
f 4405/4405 4294/4294 4238/4238
f 4405/4405 4238/4238 4340/4340
f 4365/4365 4405/4405 4340/4340
f 4365/4365 4340/4340 4247/4247
f 4262/4262 4371/4371 4406/4406
f 4262/4262 4406/4406 4316/4316
f 4372/4372 4260/4260 4314/4314
f 4372/4372 4314/4314 4407/4407
f 4407/4407 4314/4314 4223/4223
f 4407/4407 4223/4223 4338/4338
f 4316/4316 4406/4406 4336/4336
f 4316/4316 4336/4336 4250/4250
f 4263/4263 4370/4370 4408/4408
f 4263/4263 4408/4408 4369/4369
f 4370/4370 4262/4262 4316/4316
f 4370/4370 4316/4316 4408/4408
f 4408/4408 4316/4316 4250/4250
f 4408/4408 4250/4250 4343/4343
f 4369/4369 4408/4408 4343/4343
f 4369/4369 4343/4343 4239/4239
f 4212/4212 4324/4324 4409/4409
f 4212/4212 4409/4409 4276/4276
f 4325/4325 4248/4248 4345/4345
f 4325/4325 4345/4345 4410/4410
f 4410/4410 4345/4345 4243/4243
f 4410/4410 4243/4243 4320/4320
f 4276/4276 4409/4409 4319/4319
f 4276/4276 4319/4319 4216/4216
f 4206/4206 4317/4317 4411/4411
f 4206/4206 4411/4411 4287/4287
f 4318/4318 4241/4241 4347/4347
f 4318/4318 4347/4347 4412/4412
f 4412/4412 4347/4347 4248/4248
f 4412/4412 4248/4248 4325/4325
f 4287/4287 4411/4411 4324/4324
f 4287/4287 4324/4324 4212/4212
f 4215/4215 4272/4272 4413/4413
f 4215/4215 4413/4413 4279/4279
f 4272/4272 4236/4236 4349/4349
f 4272/4272 4349/4349 4413/4413
f 4413/4413 4349/4349 4245/4245
f 4413/4413 4245/4245 4285/4285
f 4279/4279 4413/4413 4285/4285
f 4279/4279 4285/4285 4219/4219
f 4208/4208 4308/4308 4414/4414
f 4208/4208 4414/4414 4268/4268
f 4309/4309 4233/4233 4352/4352
f 4309/4309 4352/4352 4416/4416
f 4415/4415 4351/4351 4230/4230
f 4415/4415 4230/4230 4307/4307
f 4268/4268 4414/4414 4306/4306
f 4268/4268 4306/4306 4204/4204
f 4228/4228 4303/4303 4418/4418
f 4228/4228 4418/4418 4298/4298
f 4302/4302 4253/4253 4355/4355
f 4302/4302 4355/4355 4417/4417
f 4417/4417 4355/4355 4233/4233
f 4417/4417 4233/4233 4309/4309
f 4298/4298 4418/4418 4308/4308
f 4298/4298 4308/4308 4208/4208
f 4211/4211 4271/4271 4419/4419
f 4211/4211 4419/4419 4275/4275
f 4271/4271 4234/4234 4356/4356
f 4271/4271 4356/4356 4419/4419
f 4419/4419 4356/4356 4236/4236
f 4419/4419 4236/4236 4272/4272
f 4275/4275 4419/4419 4272/4272
f 4275/4275 4272/4272 4215/4215
f 4226/4226 4304/4304 4420/4420
f 4226/4226 4420/4420 4266/4266
f 4305/4305 4254/4254 4358/4358
f 4305/4305 4358/4358 4421/4421
f 4421/4421 4358/4358 4241/4241
f 4421/4421 4241/4241 4318/4318
f 4266/4266 4420/4420 4317/4317
f 4266/4266 4317/4317 4206/4206
f 4221/4221 4361/4361 4422/4422
f 4221/4221 4422/4422 4341/4341
f 4361/4361 4225/4225 4342/4342
f 4361/4361 4342/4342 4422/4422
f 4422/4422 4342/4342 4247/4247
f 4422/4422 4247/4247 4340/4340
f 4341/4341 4422/4422 4340/4340
f 4341/4341 4340/4340 4238/4238
f 4240/4240 4344/4344 4424/4424
f 4240/4240 4424/4424 4329/4329
f 4344/4344 4251/4251 4337/4337
f 4344/4344 4337/4337 4424/4424
f 4423/4423 4339/4339 4224/4224
f 4423/4423 4224/4224 4360/4360
f 4326/4326 4423/4423 4360/4360
f 4326/4326 4360/4360 4220/4220
f 4218/4218 4282/4282 4425/4425
f 4218/4218 4425/4425 4323/4323
f 4282/4282 4216/4216 4368/4368
f 4282/4282 4368/4368 4425/4425
f 4216/4216 4319/4319 4426/4426
f 4216/4216 4426/4426 4368/4368
f 4320/4320 4243/4243 4366/4366
f 4320/4320 4366/4366 4427/4427
f 4445/4445 4441/4441 4260/4260
f 4445/4445 4260/4260 4372/4372
f 4443/4443 4444/4444 4371/4371
f 4443/4443 4371/4371 4262/4262
f 4217/4217 4286/4286 4428/4428
f 4217/4217 4428/4428 4295/4295
f 4286/4286 4219/4219 4364/4364
f 4286/4286 4364/4364 4428/4428
f 4219/4219 4285/4285 4429/4429
f 4219/4219 4429/4429 4364/4364
f 4285/4285 4245/4245 4362/4362
f 4285/4285 4362/4362 4429/4429
f 4437/4437 4434/4434 4256/4256
f 4437/4437 4256/4256 4374/4374
f 4436/4436 4437/4437 4374/4374
f 4436/4436 4374/4374 4258/4258
f 4244/4244 4283/4283 4430/4430
f 4244/4244 4430/4430 4367/4367
f 4283/4283 4217/4217 4295/4295
f 4283/4283 4295/4295 4430/4430
f 4446/4446 4440/4440 4259/4259
f 4446/4446 4259/4259 4375/4375
f 4442/4442 4446/4446 4375/4375
f 4442/4442 4375/4375 4261/4261
f 4246/4246 4321/4321 4431/4431
f 4246/4246 4431/4431 4363/4363
f 4322/4322 4218/4218 4323/4323
f 4322/4322 4323/4323 4432/4432
f 4439/4439 4433/4433 4263/4263
f 4439/4439 4263/4263 4377/4377
f 4435/4435 4438/4438 4376/4376
f 4435/4435 4376/4376 4257/4257
f 4483/4483 4455/4455 4263/4263
f 4483/4483 4263/4263 4433/4433
f 4455/4455 4460/4460 4370/4370
f 4455/4455 4370/4370 4263/4263
f 4460/4460 4465/4465 4262/4262
f 4460/4460 4262/4262 4370/4370
f 4489/4489 4463/4463 4259/4259
f 4489/4489 4259/4259 4440/4440
f 4470/4470 4477/4477 4425/4425
f 4470/4470 4425/4425 4368/4368
f 4477/4477 4447/4447 4323/4323
f 4477/4477 4323/4323 4425/4425
f 4447/4447 4483/4483 4433/4433
f 4447/4447 4433/4433 4323/4323
f 4363/4363 4431/4431 4438/4438
f 4363/4363 4438/4438 4435/4435
f 4432/4432 4323/4323 4433/4433
f 4432/4432 4433/4433 4439/4439
f 4364/4364 4429/4429 4437/4437
f 4364/4364 4437/4437 4436/4436
f 4429/4429 4362/4362 4434/4434
f 4429/4429 4434/4434 4437/4437
f 4468/4468 4489/4489 4440/4440
f 4468/4468 4440/4440 4295/4295
f 4367/4367 4430/4430 4446/4446
f 4367/4367 4446/4446 4442/4442
f 4430/4430 4295/4295 4440/4440
f 4430/4430 4440/4440 4446/4446
f 4368/4368 4426/4426 4444/4444
f 4368/4368 4444/4444 4443/4443
f 4427/4427 4366/4366 4441/4441
f 4427/4427 4441/4441 4445/4445
f 4368/4368 4443/4443 4485/4485
f 4368/4368 4485/4485 4470/4470
f 4503/4503 4507/4507 4487/4487
f 4503/4503 4487/4487 4469/4469
f 4494/4494 4498/4498 4488/4488
f 4494/4494 4488/4488 4467/4467
f 4364/4364 4436/4436 4481/4481
f 4364/4364 4481/4481 4451/4451
f 4490/4490 4497/4497 4482/4482
f 4490/4490 4482/4482 4449/4449
f 4499/4499 4506/4506 4484/4484
f 4499/4499 4484/4484 4448/4448
f 4428/4428 4364/4364 4451/4451
f 4428/4428 4451/4451 4474/4474
f 4496/4496 4490/4490 4449/4449
f 4496/4496 4449/4449 4476/4476
f 4505/4505 4499/4499 4448/4448
f 4505/4505 4448/4448 4479/4479
f 4295/4295 4428/4428 4474/4474
f 4295/4295 4474/4474 4468/4468
f 4494/4494 4495/4495 4475/4475
f 4494/4494 4475/4475 4469/4469
f 4503/4503 4504/4504 4478/4478
f 4503/4503 4478/4478 4471/4471
f 4443/4443 4262/4262 4465/4465
f 4443/4443 4465/4465 4485/4485
f 4507/4507 4502/4502 4464/4464
f 4507/4507 4464/4464 4487/4487
f 4498/4498 4493/4493 4462/4462
f 4498/4498 4462/4462 4488/4488
f 4373/4373 4259/4259 4463/4463
f 4373/4373 4463/4463 4458/4458
f 4492/4492 4493/4493 4464/4464
f 4492/4492 4464/4464 4459/4459
f 4501/4501 4502/4502 4466/4466
f 4501/4501 4466/4466 4461/4461
f 4258/4258 4373/4373 4458/4458
f 4258/4258 4458/4458 4453/4453
f 4491/4491 4492/4492 4459/4459
f 4491/4491 4459/4459 4454/4454
f 4500/4500 4501/4501 4461/4461
f 4500/4500 4461/4461 4456/4456
f 4436/4436 4258/4258 4453/4453
f 4436/4436 4453/4453 4481/4481
f 4497/4497 4491/4491 4454/4454
f 4497/4497 4454/4454 4482/4482
f 4506/4506 4500/4500 4456/4456
f 4506/4506 4456/4456 4484/4484
f 4480/4480 4452/4452 4491/4491
f 4480/4480 4491/4491 4497/4497
f 4452/4452 4457/4457 4492/4492
f 4452/4452 4492/4492 4491/4491
f 4457/4457 4462/4462 4493/4493
f 4457/4457 4493/4493 4492/4492
f 4487/4487 4464/4464 4493/4493
f 4487/4487 4493/4493 4498/4498
f 4467/4467 4472/4472 4495/4495
f 4467/4467 4495/4495 4494/4494
f 4473/4473 4450/4450 4490/4490
f 4473/4473 4490/4490 4496/4496
f 4450/4450 4480/4480 4497/4497
f 4450/4450 4497/4497 4490/4490
f 4469/4469 4487/4487 4498/4498
f 4469/4469 4498/4498 4494/4494
f 4482/4482 4454/4454 4500/4500
f 4482/4482 4500/4500 4506/4506
f 4454/4454 4459/4459 4501/4501
f 4454/4454 4501/4501 4500/4500
f 4459/4459 4464/4464 4502/4502
f 4459/4459 4502/4502 4501/4501
f 4486/4486 4466/4466 4502/4502
f 4486/4486 4502/4502 4507/4507
f 4469/4469 4475/4475 4504/4504
f 4469/4469 4504/4504 4503/4503
f 4476/4476 4449/4449 4499/4499
f 4476/4476 4499/4499 4505/4505
f 4449/4449 4482/4482 4506/4506
f 4449/4449 4506/4506 4499/4499
f 4471/4471 4486/4486 4507/4507
f 4471/4471 4507/4507 4503/4503
f 4559/4559 4635/4635 4682/4682
f 4559/4559 4682/4682 4663/4663
f 4635/4635 4531/4531 4571/4571
f 4635/4635 4571/4571 4682/4682
f 4682/4682 4571/4571 4511/4511
f 4682/4682 4511/4511 4584/4584
f 4663/4663 4682/4682 4584/4584
f 4663/4663 4584/4584 4546/4546
f 4539/4539 4614/4614 4683/4683
f 4539/4539 4683/4683 4661/4661
f 4615/4615 4514/4514 4578/4578
f 4615/4615 4578/4578 4684/4684
f 4684/4684 4578/4578 4518/4518
f 4684/4684 4518/4518 4617/4617
f 4661/4661 4683/4683 4616/4616
f 4661/4661 4616/4616 4541/4541
f 4556/4556 4634/4634 4685/4685
f 4556/4556 4685/4685 4658/4658
f 4634/4634 4533/4533 4603/4603
f 4634/4634 4603/4603 4685/4685
f 4685/4685 4603/4603 4513/4513
f 4685/4685 4513/4513 4573/4573
f 4658/4658 4685/4685 4573/4573
f 4658/4658 4573/4573 4536/4536
f 4536/4536 4573/4573 4686/4686
f 4536/4536 4686/4686 4657/4657
f 4573/4573 4513/4513 4585/4585
f 4573/4573 4585/4585 4686/4686
f 4686/4686 4585/4585 4509/4509
f 4686/4686 4509/4509 4569/4569
f 4657/4657 4686/4686 4569/4569
f 4657/4657 4569/4569 4535/4535
f 4530/4530 4605/4605 4687/4687
f 4530/4530 4687/4687 4600/4600
f 4605/4605 4532/4532 4602/4602
f 4605/4605 4602/4602 4687/4687
f 4687/4687 4602/4602 4512/4512
f 4687/4687 4512/4512 4572/4572
f 4600/4600 4687/4687 4572/4572
f 4600/4600 4572/4572 4508/4508
f 4533/4533 4604/4604 4688/4688
f 4533/4533 4688/4688 4603/4603
f 4604/4604 4531/4531 4601/4601
f 4604/4604 4601/4601 4688/4688
f 4688/4688 4601/4601 4509/4509
f 4688/4688 4509/4509 4585/4585
f 4603/4603 4688/4688 4585/4585
f 4603/4603 4585/4585 4513/4513
f 4541/4541 4616/4616 4689/4689
f 4541/4541 4689/4689 4654/4654
f 4617/4617 4518/4518 4582/4582
f 4617/4617 4582/4582 4690/4690
f 4690/4690 4582/4582 4522/4522
f 4690/4690 4522/4522 4626/4626
f 4654/4654 4689/4689 4625/4625
f 4654/4654 4625/4625 4550/4550
f 4514/4514 4588/4588 4691/4691
f 4514/4514 4691/4691 4578/4578
f 4588/4588 4510/4510 4591/4591
f 4588/4588 4591/4591 4691/4691
f 4691/4691 4591/4591 4516/4516
f 4691/4691 4516/4516 4597/4597
f 4578/4578 4691/4691 4597/4597
f 4578/4578 4597/4597 4518/4518
f 4511/4511 4592/4592 4692/4692
f 4511/4511 4692/4692 4577/4577
f 4592/4592 4515/4515 4579/4579
f 4592/4592 4579/4579 4692/4692
f 4692/4692 4579/4579 4519/4519
f 4692/4692 4519/4519 4568/4568
f 4577/4577 4692/4692 4568/4568
f 4577/4577 4568/4568 4517/4517
f 4546/4546 4584/4584 4693/4693
f 4546/4546 4693/4693 4652/4652
f 4584/4584 4511/4511 4577/4577
f 4584/4584 4577/4577 4693/4693
f 4693/4693 4577/4577 4517/4517
f 4693/4693 4517/4517 4594/4594
f 4652/4652 4693/4693 4594/4594
f 4652/4652 4594/4594 4553/4553
f 4518/4518 4597/4597 4694/4694
f 4518/4518 4694/4694 4582/4582
f 4597/4597 4516/4516 4580/4580
f 4597/4597 4580/4580 4694/4694
f 4694/4694 4580/4580 4520/4520
f 4694/4694 4520/4520 4586/4586
f 4582/4582 4694/4694 4586/4586
f 4582/4582 4586/4586 4522/4522
f 4517/4517 4568/4568 4695/4695
f 4517/4517 4695/4695 4581/4581
f 4568/4568 4519/4519 4583/4583
f 4568/4568 4583/4583 4695/4695
f 4695/4695 4583/4583 4523/4523
f 4695/4695 4523/4523 4590/4590
f 4581/4581 4695/4695 4590/4590
f 4581/4581 4590/4590 4521/4521
f 4553/4553 4594/4594 4696/4696
f 4553/4553 4696/4696 4650/4650
f 4594/4594 4517/4517 4581/4581
f 4594/4594 4581/4581 4696/4696
f 4696/4696 4581/4581 4521/4521
f 4696/4696 4521/4521 4587/4587
f 4650/4650 4696/4696 4587/4587
f 4650/4650 4587/4587 4548/4548
f 4561/4561 4680/4680 4697/4697
f 4561/4561 4697/4697 4596/4596
f 4681/4681 4567/4567 4673/4673
f 4681/4681 4673/4673 4698/4698
f 4698/4698 4673/4673 4543/4543
f 4698/4698 4543/4543 4632/4632
f 4596/4596 4697/4697 4631/4631
f 4596/4596 4631/4631 4526/4526
f 4515/4515 4592/4592 4699/4699
f 4515/4515 4699/4699 4593/4593
f 4592/4592 4511/4511 4571/4571
f 4592/4592 4571/4571 4699/4699
f 4699/4699 4571/4571 4531/4531
f 4699/4699 4531/4531 4604/4604
f 4593/4593 4699/4699 4604/4604
f 4593/4593 4604/4604 4533/4533
f 4510/4510 4588/4588 4700/4700
f 4510/4510 4700/4700 4570/4570
f 4588/4588 4514/4514 4574/4574
f 4588/4588 4574/4574 4700/4700
f 4700/4700 4574/4574 4532/4532
f 4700/4700 4532/4532 4605/4605
f 4570/4570 4700/4700 4605/4605
f 4570/4570 4605/4605 4530/4530
f 4538/4538 4575/4575 4701/4701
f 4538/4538 4701/4701 4638/4638
f 4575/4575 4515/4515 4593/4593
f 4575/4575 4593/4593 4701/4701
f 4701/4701 4593/4593 4533/4533
f 4701/4701 4533/4533 4634/4634
f 4638/4638 4701/4701 4634/4634
f 4638/4638 4634/4634 4556/4556
f 4535/4535 4569/4569 4702/4702
f 4535/4535 4702/4702 4637/4637
f 4569/4569 4509/4509 4601/4601
f 4569/4569 4601/4601 4702/4702
f 4702/4702 4601/4601 4531/4531
f 4702/4702 4531/4531 4635/4635
f 4637/4637 4702/4702 4635/4635
f 4637/4637 4635/4635 4559/4559
f 4508/4508 4610/4610 4703/4703
f 4508/4508 4703/4703 4600/4600
f 4611/4611 4534/4534 4636/4636
f 4611/4611 4636/4636 4704/4704
f 4704/4704 4636/4636 4558/4558
f 4704/4704 4558/4558 4609/4609
f 4600/4600 4703/4703 4608/4608
f 4600/4600 4608/4608 4530/4530
f 4514/4514 4615/4615 4706/4706
f 4514/4514 4706/4706 4574/4574
f 4614/4614 4539/4539 4639/4639
f 4614/4614 4639/4639 4705/4705
f 4705/4705 4639/4639 4557/4557
f 4705/4705 4557/4557 4606/4606
f 4574/4574 4706/4706 4607/4607
f 4574/4574 4607/4607 4532/4532
f 4565/4565 4679/4679 4707/4707
f 4565/4565 4707/4707 4619/4619
f 4679/4679 4563/4563 4669/4669
f 4679/4679 4669/4669 4707/4707
f 4707/4707 4669/4669 4551/4551
f 4707/4707 4551/4551 4646/4646
f 4619/4619 4707/4707 4646/4646
f 4619/4619 4646/4646 4529/4529
f 4562/4562 4678/4678 4708/4708
f 4562/4562 4708/4708 4598/4598
f 4678/4678 4560/4560 4595/4595
f 4678/4678 4595/4595 4708/4708
f 4708/4708 4595/4595 4525/4525
f 4708/4708 4525/4525 4645/4645
f 4598/4598 4708/4708 4645/4645
f 4598/4598 4645/4645 4542/4542
f 4563/4563 4677/4677 4709/4709
f 4563/4563 4709/4709 4669/4669
f 4677/4677 4562/4562 4598/4598
f 4677/4677 4598/4598 4709/4709
f 4709/4709 4598/4598 4542/4542
f 4709/4709 4542/4542 4644/4644
f 4669/4669 4709/4709 4644/4644
f 4669/4669 4644/4644 4551/4551
f 4566/4566 4675/4675 4710/4710
f 4566/4566 4710/4710 4620/4620
f 4676/4676 4564/4564 4618/4618
f 4676/4676 4618/4618 4711/4711
f 4711/4711 4618/4618 4527/4527
f 4711/4711 4527/4527 4642/4642
f 4620/4620 4710/4710 4640/4640
f 4620/4620 4640/4640 4554/4554
f 4567/4567 4674/4674 4712/4712
f 4567/4567 4712/4712 4673/4673
f 4674/4674 4566/4566 4620/4620
f 4674/4674 4620/4620 4712/4712
f 4712/4712 4620/4620 4554/4554
f 4712/4712 4554/4554 4647/4647
f 4673/4673 4712/4712 4647/4647
f 4673/4673 4647/4647 4543/4543
f 4516/4516 4628/4628 4713/4713
f 4516/4516 4713/4713 4580/4580
f 4629/4629 4552/4552 4649/4649
f 4629/4629 4649/4649 4714/4714
f 4714/4714 4649/4649 4547/4547
f 4714/4714 4547/4547 4624/4624
f 4580/4580 4713/4713 4623/4623
f 4580/4580 4623/4623 4520/4520
f 4510/4510 4621/4621 4715/4715
f 4510/4510 4715/4715 4591/4591
f 4622/4622 4545/4545 4651/4651
f 4622/4622 4651/4651 4716/4716
f 4716/4716 4651/4651 4552/4552
f 4716/4716 4552/4552 4629/4629
f 4591/4591 4715/4715 4628/4628
f 4591/4591 4628/4628 4516/4516
f 4519/4519 4576/4576 4717/4717
f 4519/4519 4717/4717 4583/4583
f 4576/4576 4540/4540 4653/4653
f 4576/4576 4653/4653 4717/4717
f 4717/4717 4653/4653 4549/4549
f 4717/4717 4549/4549 4589/4589
f 4583/4583 4717/4717 4589/4589
f 4583/4583 4589/4589 4523/4523
f 4512/4512 4612/4612 4718/4718
f 4512/4512 4718/4718 4572/4572
f 4613/4613 4537/4537 4656/4656
f 4613/4613 4656/4656 4720/4720
f 4719/4719 4655/4655 4534/4534
f 4719/4719 4534/4534 4611/4611
f 4572/4572 4718/4718 4610/4610
f 4572/4572 4610/4610 4508/4508
f 4532/4532 4607/4607 4722/4722
f 4532/4532 4722/4722 4602/4602
f 4606/4606 4557/4557 4659/4659
f 4606/4606 4659/4659 4721/4721
f 4721/4721 4659/4659 4537/4537
f 4721/4721 4537/4537 4613/4613
f 4602/4602 4722/4722 4612/4612
f 4602/4602 4612/4612 4512/4512
f 4515/4515 4575/4575 4723/4723
f 4515/4515 4723/4723 4579/4579
f 4575/4575 4538/4538 4660/4660
f 4575/4575 4660/4660 4723/4723
f 4723/4723 4660/4660 4540/4540
f 4723/4723 4540/4540 4576/4576
f 4579/4579 4723/4723 4576/4576
f 4579/4579 4576/4576 4519/4519
f 4530/4530 4608/4608 4724/4724
f 4530/4530 4724/4724 4570/4570
f 4609/4609 4558/4558 4662/4662
f 4609/4609 4662/4662 4725/4725
f 4725/4725 4662/4662 4545/4545
f 4725/4725 4545/4545 4622/4622
f 4570/4570 4724/4724 4621/4621
f 4570/4570 4621/4621 4510/4510
f 4525/4525 4665/4665 4726/4726
f 4525/4525 4726/4726 4645/4645
f 4665/4665 4529/4529 4646/4646
f 4665/4665 4646/4646 4726/4726
f 4726/4726 4646/4646 4551/4551
f 4726/4726 4551/4551 4644/4644
f 4645/4645 4726/4726 4644/4644
f 4645/4645 4644/4644 4542/4542
f 4544/4544 4648/4648 4728/4728
f 4544/4544 4728/4728 4633/4633
f 4648/4648 4555/4555 4641/4641
f 4648/4648 4641/4641 4728/4728
f 4727/4727 4643/4643 4528/4528
f 4727/4727 4528/4528 4664/4664
f 4630/4630 4727/4727 4664/4664
f 4630/4630 4664/4664 4524/4524
f 4522/4522 4586/4586 4729/4729
f 4522/4522 4729/4729 4627/4627
f 4586/4586 4520/4520 4672/4672
f 4586/4586 4672/4672 4729/4729
f 4520/4520 4623/4623 4730/4730
f 4520/4520 4730/4730 4672/4672
f 4624/4624 4547/4547 4670/4670
f 4624/4624 4670/4670 4731/4731
f 4749/4749 4745/4745 4564/4564
f 4749/4749 4564/4564 4676/4676
f 4747/4747 4748/4748 4675/4675
f 4747/4747 4675/4675 4566/4566
f 4521/4521 4590/4590 4732/4732
f 4521/4521 4732/4732 4599/4599
f 4590/4590 4523/4523 4668/4668
f 4590/4590 4668/4668 4732/4732
f 4523/4523 4589/4589 4733/4733
f 4523/4523 4733/4733 4668/4668
f 4589/4589 4549/4549 4666/4666
f 4589/4589 4666/4666 4733/4733
f 4741/4741 4738/4738 4560/4560
f 4741/4741 4560/4560 4678/4678
f 4740/4740 4741/4741 4678/4678
f 4740/4740 4678/4678 4562/4562
f 4548/4548 4587/4587 4734/4734
f 4548/4548 4734/4734 4671/4671
f 4587/4587 4521/4521 4599/4599
f 4587/4587 4599/4599 4734/4734
f 4750/4750 4744/4744 4563/4563
f 4750/4750 4563/4563 4679/4679
f 4746/4746 4750/4750 4679/4679
f 4746/4746 4679/4679 4565/4565
f 4550/4550 4625/4625 4735/4735
f 4550/4550 4735/4735 4667/4667
f 4626/4626 4522/4522 4627/4627
f 4626/4626 4627/4627 4736/4736
f 4743/4743 4737/4737 4567/4567
f 4743/4743 4567/4567 4681/4681
f 4739/4739 4742/4742 4680/4680
f 4739/4739 4680/4680 4561/4561
f 4787/4787 4759/4759 4567/4567
f 4787/4787 4567/4567 4737/4737
f 4759/4759 4764/4764 4674/4674
f 4759/4759 4674/4674 4567/4567
f 4764/4764 4769/4769 4566/4566
f 4764/4764 4566/4566 4674/4674
f 4793/4793 4767/4767 4563/4563
f 4793/4793 4563/4563 4744/4744
f 4774/4774 4781/4781 4729/4729
f 4774/4774 4729/4729 4672/4672
f 4781/4781 4751/4751 4627/4627
f 4781/4781 4627/4627 4729/4729
f 4751/4751 4787/4787 4737/4737
f 4751/4751 4737/4737 4627/4627
f 4667/4667 4735/4735 4742/4742
f 4667/4667 4742/4742 4739/4739
f 4736/4736 4627/4627 4737/4737
f 4736/4736 4737/4737 4743/4743
f 4668/4668 4733/4733 4741/4741
f 4668/4668 4741/4741 4740/4740
f 4733/4733 4666/4666 4738/4738
f 4733/4733 4738/4738 4741/4741
f 4772/4772 4793/4793 4744/4744
f 4772/4772 4744/4744 4599/4599
f 4671/4671 4734/4734 4750/4750
f 4671/4671 4750/4750 4746/4746
f 4734/4734 4599/4599 4744/4744
f 4734/4734 4744/4744 4750/4750
f 4672/4672 4730/4730 4748/4748
f 4672/4672 4748/4748 4747/4747
f 4731/4731 4670/4670 4745/4745
f 4731/4731 4745/4745 4749/4749
f 4672/4672 4747/4747 4789/4789
f 4672/4672 4789/4789 4774/4774
f 4807/4807 4811/4811 4791/4791
f 4807/4807 4791/4791 4773/4773
f 4798/4798 4802/4802 4792/4792
f 4798/4798 4792/4792 4771/4771
f 4668/4668 4740/4740 4785/4785
f 4668/4668 4785/4785 4755/4755
f 4794/4794 4801/4801 4786/4786
f 4794/4794 4786/4786 4753/4753
f 4803/4803 4810/4810 4788/4788
f 4803/4803 4788/4788 4752/4752
f 4732/4732 4668/4668 4755/4755
f 4732/4732 4755/4755 4778/4778
f 4800/4800 4794/4794 4753/4753
f 4800/4800 4753/4753 4780/4780
f 4809/4809 4803/4803 4752/4752
f 4809/4809 4752/4752 4783/4783
f 4599/4599 4732/4732 4778/4778
f 4599/4599 4778/4778 4772/4772
f 4798/4798 4799/4799 4779/4779
f 4798/4798 4779/4779 4773/4773
f 4807/4807 4808/4808 4782/4782
f 4807/4807 4782/4782 4775/4775
f 4747/4747 4566/4566 4769/4769
f 4747/4747 4769/4769 4789/4789
f 4811/4811 4806/4806 4768/4768
f 4811/4811 4768/4768 4791/4791
f 4802/4802 4797/4797 4766/4766
f 4802/4802 4766/4766 4792/4792
f 4677/4677 4563/4563 4767/4767
f 4677/4677 4767/4767 4762/4762
f 4796/4796 4797/4797 4768/4768
f 4796/4796 4768/4768 4763/4763
f 4805/4805 4806/4806 4770/4770
f 4805/4805 4770/4770 4765/4765
f 4562/4562 4677/4677 4762/4762
f 4562/4562 4762/4762 4757/4757
f 4795/4795 4796/4796 4763/4763
f 4795/4795 4763/4763 4758/4758
f 4804/4804 4805/4805 4765/4765
f 4804/4804 4765/4765 4760/4760
f 4740/4740 4562/4562 4757/4757
f 4740/4740 4757/4757 4785/4785
f 4801/4801 4795/4795 4758/4758
f 4801/4801 4758/4758 4786/4786
f 4810/4810 4804/4804 4760/4760
f 4810/4810 4760/4760 4788/4788
f 4784/4784 4756/4756 4795/4795
f 4784/4784 4795/4795 4801/4801
f 4756/4756 4761/4761 4796/4796
f 4756/4756 4796/4796 4795/4795
f 4761/4761 4766/4766 4797/4797
f 4761/4761 4797/4797 4796/4796
f 4791/4791 4768/4768 4797/4797
f 4791/4791 4797/4797 4802/4802
f 4771/4771 4776/4776 4799/4799
f 4771/4771 4799/4799 4798/4798
f 4777/4777 4754/4754 4794/4794
f 4777/4777 4794/4794 4800/4800
f 4754/4754 4784/4784 4801/4801
f 4754/4754 4801/4801 4794/4794
f 4773/4773 4791/4791 4802/4802
f 4773/4773 4802/4802 4798/4798
f 4786/4786 4758/4758 4804/4804
f 4786/4786 4804/4804 4810/4810
f 4758/4758 4763/4763 4805/4805
f 4758/4758 4805/4805 4804/4804
f 4763/4763 4768/4768 4806/4806
f 4763/4763 4806/4806 4805/4805
f 4790/4790 4770/4770 4806/4806
f 4790/4790 4806/4806 4811/4811
f 4773/4773 4779/4779 4808/4808
f 4773/4773 4808/4808 4807/4807
f 4780/4780 4753/4753 4803/4803
f 4780/4780 4803/4803 4809/4809
f 4753/4753 4786/4786 4810/4810
f 4753/4753 4810/4810 4803/4803
f 4775/4775 4790/4790 4811/4811
f 4775/4775 4811/4811 4807/4807
f 4863/4863 4939/4939 4986/4986
f 4863/4863 4986/4986 4967/4967
f 4939/4939 4835/4835 4875/4875
f 4939/4939 4875/4875 4986/4986
f 4986/4986 4875/4875 4815/4815
f 4986/4986 4815/4815 4888/4888
f 4967/4967 4986/4986 4888/4888
f 4967/4967 4888/4888 4850/4850
f 4843/4843 4918/4918 4987/4987
f 4843/4843 4987/4987 4965/4965
f 4919/4919 4818/4818 4882/4882
f 4919/4919 4882/4882 4988/4988
f 4988/4988 4882/4882 4822/4822
f 4988/4988 4822/4822 4921/4921
f 4965/4965 4987/4987 4920/4920
f 4965/4965 4920/4920 4845/4845
f 4860/4860 4938/4938 4989/4989
f 4860/4860 4989/4989 4962/4962
f 4938/4938 4837/4837 4907/4907
f 4938/4938 4907/4907 4989/4989
f 4989/4989 4907/4907 4817/4817
f 4989/4989 4817/4817 4877/4877
f 4962/4962 4989/4989 4877/4877
f 4962/4962 4877/4877 4840/4840
f 4840/4840 4877/4877 4990/4990
f 4840/4840 4990/4990 4961/4961
f 4877/4877 4817/4817 4889/4889
f 4877/4877 4889/4889 4990/4990
f 4990/4990 4889/4889 4813/4813
f 4990/4990 4813/4813 4873/4873
f 4961/4961 4990/4990 4873/4873
f 4961/4961 4873/4873 4839/4839
f 4834/4834 4909/4909 4991/4991
f 4834/4834 4991/4991 4904/4904
f 4909/4909 4836/4836 4906/4906
f 4909/4909 4906/4906 4991/4991
f 4991/4991 4906/4906 4816/4816
f 4991/4991 4816/4816 4876/4876
f 4904/4904 4991/4991 4876/4876
f 4904/4904 4876/4876 4812/4812
f 4837/4837 4908/4908 4992/4992
f 4837/4837 4992/4992 4907/4907
f 4908/4908 4835/4835 4905/4905
f 4908/4908 4905/4905 4992/4992
f 4992/4992 4905/4905 4813/4813
f 4992/4992 4813/4813 4889/4889
f 4907/4907 4992/4992 4889/4889
f 4907/4907 4889/4889 4817/4817
f 4845/4845 4920/4920 4993/4993
f 4845/4845 4993/4993 4958/4958
f 4921/4921 4822/4822 4886/4886
f 4921/4921 4886/4886 4994/4994
f 4994/4994 4886/4886 4826/4826
f 4994/4994 4826/4826 4930/4930
f 4958/4958 4993/4993 4929/4929
f 4958/4958 4929/4929 4854/4854
f 4818/4818 4892/4892 4995/4995
f 4818/4818 4995/4995 4882/4882
f 4892/4892 4814/4814 4895/4895
f 4892/4892 4895/4895 4995/4995
f 4995/4995 4895/4895 4820/4820
f 4995/4995 4820/4820 4901/4901
f 4882/4882 4995/4995 4901/4901
f 4882/4882 4901/4901 4822/4822
f 4815/4815 4896/4896 4996/4996
f 4815/4815 4996/4996 4881/4881
f 4896/4896 4819/4819 4883/4883
f 4896/4896 4883/4883 4996/4996
f 4996/4996 4883/4883 4823/4823
f 4996/4996 4823/4823 4872/4872
f 4881/4881 4996/4996 4872/4872
f 4881/4881 4872/4872 4821/4821
f 4850/4850 4888/4888 4997/4997
f 4850/4850 4997/4997 4956/4956
f 4888/4888 4815/4815 4881/4881
f 4888/4888 4881/4881 4997/4997
f 4997/4997 4881/4881 4821/4821
f 4997/4997 4821/4821 4898/4898
f 4956/4956 4997/4997 4898/4898
f 4956/4956 4898/4898 4857/4857
f 4822/4822 4901/4901 4998/4998
f 4822/4822 4998/4998 4886/4886
f 4901/4901 4820/4820 4884/4884
f 4901/4901 4884/4884 4998/4998
f 4998/4998 4884/4884 4824/4824
f 4998/4998 4824/4824 4890/4890
f 4886/4886 4998/4998 4890/4890
f 4886/4886 4890/4890 4826/4826
f 4821/4821 4872/4872 4999/4999
f 4821/4821 4999/4999 4885/4885
f 4872/4872 4823/4823 4887/4887
f 4872/4872 4887/4887 4999/4999
f 4999/4999 4887/4887 4827/4827
f 4999/4999 4827/4827 4894/4894
f 4885/4885 4999/4999 4894/4894
f 4885/4885 4894/4894 4825/4825
f 4857/4857 4898/4898 5000/5000
f 4857/4857 5000/5000 4954/4954
f 4898/4898 4821/4821 4885/4885
f 4898/4898 4885/4885 5000/5000
f 5000/5000 4885/4885 4825/4825
f 5000/5000 4825/4825 4891/4891
f 4954/4954 5000/5000 4891/4891
f 4954/4954 4891/4891 4852/4852
f 4865/4865 4984/4984 5001/5001
f 4865/4865 5001/5001 4900/4900
f 4985/4985 4871/4871 4977/4977
f 4985/4985 4977/4977 5002/5002
f 5002/5002 4977/4977 4847/4847
f 5002/5002 4847/4847 4936/4936
f 4900/4900 5001/5001 4935/4935
f 4900/4900 4935/4935 4830/4830
f 4819/4819 4896/4896 5003/5003
f 4819/4819 5003/5003 4897/4897
f 4896/4896 4815/4815 4875/4875
f 4896/4896 4875/4875 5003/5003
f 5003/5003 4875/4875 4835/4835
f 5003/5003 4835/4835 4908/4908
f 4897/4897 5003/5003 4908/4908
f 4897/4897 4908/4908 4837/4837
f 4814/4814 4892/4892 5004/5004
f 4814/4814 5004/5004 4874/4874
f 4892/4892 4818/4818 4878/4878
f 4892/4892 4878/4878 5004/5004
f 5004/5004 4878/4878 4836/4836
f 5004/5004 4836/4836 4909/4909
f 4874/4874 5004/5004 4909/4909
f 4874/4874 4909/4909 4834/4834
f 4842/4842 4879/4879 5005/5005
f 4842/4842 5005/5005 4942/4942
f 4879/4879 4819/4819 4897/4897
f 4879/4879 4897/4897 5005/5005
f 5005/5005 4897/4897 4837/4837
f 5005/5005 4837/4837 4938/4938
f 4942/4942 5005/5005 4938/4938
f 4942/4942 4938/4938 4860/4860
f 4839/4839 4873/4873 5006/5006
f 4839/4839 5006/5006 4941/4941
f 4873/4873 4813/4813 4905/4905
f 4873/4873 4905/4905 5006/5006
f 5006/5006 4905/4905 4835/4835
f 5006/5006 4835/4835 4939/4939
f 4941/4941 5006/5006 4939/4939
f 4941/4941 4939/4939 4863/4863
f 4812/4812 4914/4914 5007/5007
f 4812/4812 5007/5007 4904/4904
f 4915/4915 4838/4838 4940/4940
f 4915/4915 4940/4940 5008/5008
f 5008/5008 4940/4940 4862/4862
f 5008/5008 4862/4862 4913/4913
f 4904/4904 5007/5007 4912/4912
f 4904/4904 4912/4912 4834/4834
f 4818/4818 4919/4919 5010/5010
f 4818/4818 5010/5010 4878/4878
f 4918/4918 4843/4843 4943/4943
f 4918/4918 4943/4943 5009/5009
f 5009/5009 4943/4943 4861/4861
f 5009/5009 4861/4861 4910/4910
f 4878/4878 5010/5010 4911/4911
f 4878/4878 4911/4911 4836/4836
f 4869/4869 4983/4983 5011/5011
f 4869/4869 5011/5011 4923/4923
f 4983/4983 4867/4867 4973/4973
f 4983/4983 4973/4973 5011/5011
f 5011/5011 4973/4973 4855/4855
f 5011/5011 4855/4855 4950/4950
f 4923/4923 5011/5011 4950/4950
f 4923/4923 4950/4950 4833/4833
f 4866/4866 4982/4982 5012/5012
f 4866/4866 5012/5012 4902/4902
f 4982/4982 4864/4864 4899/4899
f 4982/4982 4899/4899 5012/5012
f 5012/5012 4899/4899 4829/4829
f 5012/5012 4829/4829 4949/4949
f 4902/4902 5012/5012 4949/4949
f 4902/4902 4949/4949 4846/4846
f 4867/4867 4981/4981 5013/5013
f 4867/4867 5013/5013 4973/4973
f 4981/4981 4866/4866 4902/4902
f 4981/4981 4902/4902 5013/5013
f 5013/5013 4902/4902 4846/4846
f 5013/5013 4846/4846 4948/4948
f 4973/4973 5013/5013 4948/4948
f 4973/4973 4948/4948 4855/4855
f 4870/4870 4979/4979 5014/5014
f 4870/4870 5014/5014 4924/4924
f 4980/4980 4868/4868 4922/4922
f 4980/4980 4922/4922 5015/5015
f 5015/5015 4922/4922 4831/4831
f 5015/5015 4831/4831 4946/4946
f 4924/4924 5014/5014 4944/4944
f 4924/4924 4944/4944 4858/4858
f 4871/4871 4978/4978 5016/5016
f 4871/4871 5016/5016 4977/4977
f 4978/4978 4870/4870 4924/4924
f 4978/4978 4924/4924 5016/5016
f 5016/5016 4924/4924 4858/4858
f 5016/5016 4858/4858 4951/4951
f 4977/4977 5016/5016 4951/4951
f 4977/4977 4951/4951 4847/4847
f 4820/4820 4932/4932 5017/5017
f 4820/4820 5017/5017 4884/4884
f 4933/4933 4856/4856 4953/4953
f 4933/4933 4953/4953 5018/5018
f 5018/5018 4953/4953 4851/4851
f 5018/5018 4851/4851 4928/4928
f 4884/4884 5017/5017 4927/4927
f 4884/4884 4927/4927 4824/4824
f 4814/4814 4925/4925 5019/5019
f 4814/4814 5019/5019 4895/4895
f 4926/4926 4849/4849 4955/4955
f 4926/4926 4955/4955 5020/5020
f 5020/5020 4955/4955 4856/4856
f 5020/5020 4856/4856 4933/4933
f 4895/4895 5019/5019 4932/4932
f 4895/4895 4932/4932 4820/4820
f 4823/4823 4880/4880 5021/5021
f 4823/4823 5021/5021 4887/4887
f 4880/4880 4844/4844 4957/4957
f 4880/4880 4957/4957 5021/5021
f 5021/5021 4957/4957 4853/4853
f 5021/5021 4853/4853 4893/4893
f 4887/4887 5021/5021 4893/4893
f 4887/4887 4893/4893 4827/4827
f 4816/4816 4916/4916 5022/5022
f 4816/4816 5022/5022 4876/4876
f 4917/4917 4841/4841 4960/4960
f 4917/4917 4960/4960 5024/5024
f 5023/5023 4959/4959 4838/4838
f 5023/5023 4838/4838 4915/4915
f 4876/4876 5022/5022 4914/4914
f 4876/4876 4914/4914 4812/4812
f 4836/4836 4911/4911 5026/5026
f 4836/4836 5026/5026 4906/4906
f 4910/4910 4861/4861 4963/4963
f 4910/4910 4963/4963 5025/5025
f 5025/5025 4963/4963 4841/4841
f 5025/5025 4841/4841 4917/4917
f 4906/4906 5026/5026 4916/4916
f 4906/4906 4916/4916 4816/4816
f 4819/4819 4879/4879 5027/5027
f 4819/4819 5027/5027 4883/4883
f 4879/4879 4842/4842 4964/4964
f 4879/4879 4964/4964 5027/5027
f 5027/5027 4964/4964 4844/4844
f 5027/5027 4844/4844 4880/4880
f 4883/4883 5027/5027 4880/4880
f 4883/4883 4880/4880 4823/4823
f 4834/4834 4912/4912 5028/5028
f 4834/4834 5028/5028 4874/4874
f 4913/4913 4862/4862 4966/4966
f 4913/4913 4966/4966 5029/5029
f 5029/5029 4966/4966 4849/4849
f 5029/5029 4849/4849 4926/4926
f 4874/4874 5028/5028 4925/4925
f 4874/4874 4925/4925 4814/4814
f 4829/4829 4969/4969 5030/5030
f 4829/4829 5030/5030 4949/4949
f 4969/4969 4833/4833 4950/4950
f 4969/4969 4950/4950 5030/5030
f 5030/5030 4950/4950 4855/4855
f 5030/5030 4855/4855 4948/4948
f 4949/4949 5030/5030 4948/4948
f 4949/4949 4948/4948 4846/4846
f 4848/4848 4952/4952 5032/5032
f 4848/4848 5032/5032 4937/4937
f 4952/4952 4859/4859 4945/4945
f 4952/4952 4945/4945 5032/5032
f 5031/5031 4947/4947 4832/4832
f 5031/5031 4832/4832 4968/4968
f 4934/4934 5031/5031 4968/4968
f 4934/4934 4968/4968 4828/4828
f 4826/4826 4890/4890 5033/5033
f 4826/4826 5033/5033 4931/4931
f 4890/4890 4824/4824 4976/4976
f 4890/4890 4976/4976 5033/5033
f 4824/4824 4927/4927 5034/5034
f 4824/4824 5034/5034 4976/4976
f 4928/4928 4851/4851 4974/4974
f 4928/4928 4974/4974 5035/5035
f 5053/5053 5049/5049 4868/4868
f 5053/5053 4868/4868 4980/4980
f 5051/5051 5052/5052 4979/4979
f 5051/5051 4979/4979 4870/4870
f 4825/4825 4894/4894 5036/5036
f 4825/4825 5036/5036 4903/4903
f 4894/4894 4827/4827 4972/4972
f 4894/4894 4972/4972 5036/5036
f 4827/4827 4893/4893 5037/5037
f 4827/4827 5037/5037 4972/4972
f 4893/4893 4853/4853 4970/4970
f 4893/4893 4970/4970 5037/5037
f 5045/5045 5042/5042 4864/4864
f 5045/5045 4864/4864 4982/4982
f 5044/5044 5045/5045 4982/4982
f 5044/5044 4982/4982 4866/4866
f 4852/4852 4891/4891 5038/5038
f 4852/4852 5038/5038 4975/4975
f 4891/4891 4825/4825 4903/4903
f 4891/4891 4903/4903 5038/5038
f 5054/5054 5048/5048 4867/4867
f 5054/5054 4867/4867 4983/4983
f 5050/5050 5054/5054 4983/4983
f 5050/5050 4983/4983 4869/4869
f 4854/4854 4929/4929 5039/5039
f 4854/4854 5039/5039 4971/4971
f 4930/4930 4826/4826 4931/4931
f 4930/4930 4931/4931 5040/5040
f 5047/5047 5041/5041 4871/4871
f 5047/5047 4871/4871 4985/4985
f 5043/5043 5046/5046 4984/4984
f 5043/5043 4984/4984 4865/4865
f 5091/5091 5063/5063 4871/4871
f 5091/5091 4871/4871 5041/5041
f 5063/5063 5068/5068 4978/4978
f 5063/5063 4978/4978 4871/4871
f 5068/5068 5073/5073 4870/4870
f 5068/5068 4870/4870 4978/4978
f 5097/5097 5071/5071 4867/4867
f 5097/5097 4867/4867 5048/5048
f 5078/5078 5085/5085 5033/5033
f 5078/5078 5033/5033 4976/4976
f 5085/5085 5055/5055 4931/4931
f 5085/5085 4931/4931 5033/5033
f 5055/5055 5091/5091 5041/5041
f 5055/5055 5041/5041 4931/4931
f 4971/4971 5039/5039 5046/5046
f 4971/4971 5046/5046 5043/5043
f 5040/5040 4931/4931 5041/5041
f 5040/5040 5041/5041 5047/5047
f 4972/4972 5037/5037 5045/5045
f 4972/4972 5045/5045 5044/5044
f 5037/5037 4970/4970 5042/5042
f 5037/5037 5042/5042 5045/5045
f 5076/5076 5097/5097 5048/5048
f 5076/5076 5048/5048 4903/4903
f 4975/4975 5038/5038 5054/5054
f 4975/4975 5054/5054 5050/5050
f 5038/5038 4903/4903 5048/5048
f 5038/5038 5048/5048 5054/5054
f 4976/4976 5034/5034 5052/5052
f 4976/4976 5052/5052 5051/5051
f 5035/5035 4974/4974 5049/5049
f 5035/5035 5049/5049 5053/5053
f 4976/4976 5051/5051 5093/5093
f 4976/4976 5093/5093 5078/5078
f 5111/5111 5115/5115 5095/5095
f 5111/5111 5095/5095 5077/5077
f 5102/5102 5106/5106 5096/5096
f 5102/5102 5096/5096 5075/5075
f 4972/4972 5044/5044 5089/5089
f 4972/4972 5089/5089 5059/5059
f 5098/5098 5105/5105 5090/5090
f 5098/5098 5090/5090 5057/5057
f 5107/5107 5114/5114 5092/5092
f 5107/5107 5092/5092 5056/5056
f 5036/5036 4972/4972 5059/5059
f 5036/5036 5059/5059 5082/5082
f 5104/5104 5098/5098 5057/5057
f 5104/5104 5057/5057 5084/5084
f 5113/5113 5107/5107 5056/5056
f 5113/5113 5056/5056 5087/5087
f 4903/4903 5036/5036 5082/5082
f 4903/4903 5082/5082 5076/5076
f 5102/5102 5103/5103 5083/5083
f 5102/5102 5083/5083 5077/5077
f 5111/5111 5112/5112 5086/5086
f 5111/5111 5086/5086 5079/5079
f 5051/5051 4870/4870 5073/5073
f 5051/5051 5073/5073 5093/5093
f 5115/5115 5110/5110 5072/5072
f 5115/5115 5072/5072 5095/5095
f 5106/5106 5101/5101 5070/5070
f 5106/5106 5070/5070 5096/5096
f 4981/4981 4867/4867 5071/5071
f 4981/4981 5071/5071 5066/5066
f 5100/5100 5101/5101 5072/5072
f 5100/5100 5072/5072 5067/5067
f 5109/5109 5110/5110 5074/5074
f 5109/5109 5074/5074 5069/5069
f 4866/4866 4981/4981 5066/5066
f 4866/4866 5066/5066 5061/5061
f 5099/5099 5100/5100 5067/5067
f 5099/5099 5067/5067 5062/5062
f 5108/5108 5109/5109 5069/5069
f 5108/5108 5069/5069 5064/5064
f 5044/5044 4866/4866 5061/5061
f 5044/5044 5061/5061 5089/5089
f 5105/5105 5099/5099 5062/5062
f 5105/5105 5062/5062 5090/5090
f 5114/5114 5108/5108 5064/5064
f 5114/5114 5064/5064 5092/5092
f 5088/5088 5060/5060 5099/5099
f 5088/5088 5099/5099 5105/5105
f 5060/5060 5065/5065 5100/5100
f 5060/5060 5100/5100 5099/5099
f 5065/5065 5070/5070 5101/5101
f 5065/5065 5101/5101 5100/5100
f 5095/5095 5072/5072 5101/5101
f 5095/5095 5101/5101 5106/5106
f 5075/5075 5080/5080 5103/5103
f 5075/5075 5103/5103 5102/5102
f 5081/5081 5058/5058 5098/5098
f 5081/5081 5098/5098 5104/5104
f 5058/5058 5088/5088 5105/5105
f 5058/5058 5105/5105 5098/5098
f 5077/5077 5095/5095 5106/5106
f 5077/5077 5106/5106 5102/5102
f 5090/5090 5062/5062 5108/5108
f 5090/5090 5108/5108 5114/5114
f 5062/5062 5067/5067 5109/5109
f 5062/5062 5109/5109 5108/5108
f 5067/5067 5072/5072 5110/5110
f 5067/5067 5110/5110 5109/5109
f 5094/5094 5074/5074 5110/5110
f 5094/5094 5110/5110 5115/5115
f 5077/5077 5083/5083 5112/5112
f 5077/5077 5112/5112 5111/5111
f 5084/5084 5057/5057 5107/5107
f 5084/5084 5107/5107 5113/5113
f 5057/5057 5090/5090 5114/5114
f 5057/5057 5114/5114 5107/5107
f 5079/5079 5094/5094 5115/5115
f 5079/5079 5115/5115 5111/5111
f 5167/5167 5243/5243 5290/5290
f 5167/5167 5290/5290 5271/5271
f 5243/5243 5139/5139 5179/5179
f 5243/5243 5179/5179 5290/5290
f 5290/5290 5179/5179 5119/5119
f 5290/5290 5119/5119 5192/5192
f 5271/5271 5290/5290 5192/5192
f 5271/5271 5192/5192 5154/5154
f 5147/5147 5222/5222 5291/5291
f 5147/5147 5291/5291 5269/5269
f 5223/5223 5122/5122 5186/5186
f 5223/5223 5186/5186 5292/5292
f 5292/5292 5186/5186 5126/5126
f 5292/5292 5126/5126 5225/5225
f 5269/5269 5291/5291 5224/5224
f 5269/5269 5224/5224 5149/5149
f 5164/5164 5242/5242 5293/5293
f 5164/5164 5293/5293 5266/5266
f 5242/5242 5141/5141 5211/5211
f 5242/5242 5211/5211 5293/5293
f 5293/5293 5211/5211 5121/5121
f 5293/5293 5121/5121 5181/5181
f 5266/5266 5293/5293 5181/5181
f 5266/5266 5181/5181 5144/5144
f 5144/5144 5181/5181 5294/5294
f 5144/5144 5294/5294 5265/5265
f 5181/5181 5121/5121 5193/5193
f 5181/5181 5193/5193 5294/5294
f 5294/5294 5193/5193 5117/5117
f 5294/5294 5117/5117 5177/5177
f 5265/5265 5294/5294 5177/5177
f 5265/5265 5177/5177 5143/5143
f 5138/5138 5213/5213 5295/5295
f 5138/5138 5295/5295 5208/5208
f 5213/5213 5140/5140 5210/5210
f 5213/5213 5210/5210 5295/5295
f 5295/5295 5210/5210 5120/5120
f 5295/5295 5120/5120 5180/5180
f 5208/5208 5295/5295 5180/5180
f 5208/5208 5180/5180 5116/5116
f 5141/5141 5212/5212 5296/5296
f 5141/5141 5296/5296 5211/5211
f 5212/5212 5139/5139 5209/5209
f 5212/5212 5209/5209 5296/5296
f 5296/5296 5209/5209 5117/5117
f 5296/5296 5117/5117 5193/5193
f 5211/5211 5296/5296 5193/5193
f 5211/5211 5193/5193 5121/5121
f 5149/5149 5224/5224 5297/5297
f 5149/5149 5297/5297 5262/5262
f 5225/5225 5126/5126 5190/5190
f 5225/5225 5190/5190 5298/5298
f 5298/5298 5190/5190 5130/5130
f 5298/5298 5130/5130 5234/5234
f 5262/5262 5297/5297 5233/5233
f 5262/5262 5233/5233 5158/5158
f 5122/5122 5196/5196 5299/5299
f 5122/5122 5299/5299 5186/5186
f 5196/5196 5118/5118 5199/5199
f 5196/5196 5199/5199 5299/5299
f 5299/5299 5199/5199 5124/5124
f 5299/5299 5124/5124 5205/5205
f 5186/5186 5299/5299 5205/5205
f 5186/5186 5205/5205 5126/5126
f 5119/5119 5200/5200 5300/5300
f 5119/5119 5300/5300 5185/5185
f 5200/5200 5123/5123 5187/5187
f 5200/5200 5187/5187 5300/5300
f 5300/5300 5187/5187 5127/5127
f 5300/5300 5127/5127 5176/5176
f 5185/5185 5300/5300 5176/5176
f 5185/5185 5176/5176 5125/5125
f 5154/5154 5192/5192 5301/5301
f 5154/5154 5301/5301 5260/5260
f 5192/5192 5119/5119 5185/5185
f 5192/5192 5185/5185 5301/5301
f 5301/5301 5185/5185 5125/5125
f 5301/5301 5125/5125 5202/5202
f 5260/5260 5301/5301 5202/5202
f 5260/5260 5202/5202 5161/5161
f 5126/5126 5205/5205 5302/5302
f 5126/5126 5302/5302 5190/5190
f 5205/5205 5124/5124 5188/5188
f 5205/5205 5188/5188 5302/5302
f 5302/5302 5188/5188 5128/5128
f 5302/5302 5128/5128 5194/5194
f 5190/5190 5302/5302 5194/5194
f 5190/5190 5194/5194 5130/5130
f 5125/5125 5176/5176 5303/5303
f 5125/5125 5303/5303 5189/5189
f 5176/5176 5127/5127 5191/5191
f 5176/5176 5191/5191 5303/5303
f 5303/5303 5191/5191 5131/5131
f 5303/5303 5131/5131 5198/5198
f 5189/5189 5303/5303 5198/5198
f 5189/5189 5198/5198 5129/5129
f 5161/5161 5202/5202 5304/5304
f 5161/5161 5304/5304 5258/5258
f 5202/5202 5125/5125 5189/5189
f 5202/5202 5189/5189 5304/5304
f 5304/5304 5189/5189 5129/5129
f 5304/5304 5129/5129 5195/5195
f 5258/5258 5304/5304 5195/5195
f 5258/5258 5195/5195 5156/5156
f 5169/5169 5288/5288 5305/5305
f 5169/5169 5305/5305 5204/5204
f 5289/5289 5175/5175 5281/5281
f 5289/5289 5281/5281 5306/5306
f 5306/5306 5281/5281 5151/5151
f 5306/5306 5151/5151 5240/5240
f 5204/5204 5305/5305 5239/5239
f 5204/5204 5239/5239 5134/5134
f 5123/5123 5200/5200 5307/5307
f 5123/5123 5307/5307 5201/5201
f 5200/5200 5119/5119 5179/5179
f 5200/5200 5179/5179 5307/5307
f 5307/5307 5179/5179 5139/5139
f 5307/5307 5139/5139 5212/5212
f 5201/5201 5307/5307 5212/5212
f 5201/5201 5212/5212 5141/5141
f 5118/5118 5196/5196 5308/5308
f 5118/5118 5308/5308 5178/5178
f 5196/5196 5122/5122 5182/5182
f 5196/5196 5182/5182 5308/5308
f 5308/5308 5182/5182 5140/5140
f 5308/5308 5140/5140 5213/5213
f 5178/5178 5308/5308 5213/5213
f 5178/5178 5213/5213 5138/5138
f 5146/5146 5183/5183 5309/5309
f 5146/5146 5309/5309 5246/5246
f 5183/5183 5123/5123 5201/5201
f 5183/5183 5201/5201 5309/5309
f 5309/5309 5201/5201 5141/5141
f 5309/5309 5141/5141 5242/5242
f 5246/5246 5309/5309 5242/5242
f 5246/5246 5242/5242 5164/5164
f 5143/5143 5177/5177 5310/5310
f 5143/5143 5310/5310 5245/5245
f 5177/5177 5117/5117 5209/5209
f 5177/5177 5209/5209 5310/5310
f 5310/5310 5209/5209 5139/5139
f 5310/5310 5139/5139 5243/5243
f 5245/5245 5310/5310 5243/5243
f 5245/5245 5243/5243 5167/5167
f 5116/5116 5218/5218 5311/5311
f 5116/5116 5311/5311 5208/5208
f 5219/5219 5142/5142 5244/5244
f 5219/5219 5244/5244 5312/5312
f 5312/5312 5244/5244 5166/5166
f 5312/5312 5166/5166 5217/5217
f 5208/5208 5311/5311 5216/5216
f 5208/5208 5216/5216 5138/5138
f 5122/5122 5223/5223 5314/5314
f 5122/5122 5314/5314 5182/5182
f 5222/5222 5147/5147 5247/5247
f 5222/5222 5247/5247 5313/5313
f 5313/5313 5247/5247 5165/5165
f 5313/5313 5165/5165 5214/5214
f 5182/5182 5314/5314 5215/5215
f 5182/5182 5215/5215 5140/5140
f 5173/5173 5287/5287 5315/5315
f 5173/5173 5315/5315 5227/5227
f 5287/5287 5171/5171 5277/5277
f 5287/5287 5277/5277 5315/5315
f 5315/5315 5277/5277 5159/5159
f 5315/5315 5159/5159 5254/5254
f 5227/5227 5315/5315 5254/5254
f 5227/5227 5254/5254 5137/5137
f 5170/5170 5286/5286 5316/5316
f 5170/5170 5316/5316 5206/5206
f 5286/5286 5168/5168 5203/5203
f 5286/5286 5203/5203 5316/5316
f 5316/5316 5203/5203 5133/5133
f 5316/5316 5133/5133 5253/5253
f 5206/5206 5316/5316 5253/5253
f 5206/5206 5253/5253 5150/5150
f 5171/5171 5285/5285 5317/5317
f 5171/5171 5317/5317 5277/5277
f 5285/5285 5170/5170 5206/5206
f 5285/5285 5206/5206 5317/5317
f 5317/5317 5206/5206 5150/5150
f 5317/5317 5150/5150 5252/5252
f 5277/5277 5317/5317 5252/5252
f 5277/5277 5252/5252 5159/5159
f 5174/5174 5283/5283 5318/5318
f 5174/5174 5318/5318 5228/5228
f 5284/5284 5172/5172 5226/5226
f 5284/5284 5226/5226 5319/5319
f 5319/5319 5226/5226 5135/5135
f 5319/5319 5135/5135 5250/5250
f 5228/5228 5318/5318 5248/5248
f 5228/5228 5248/5248 5162/5162
f 5175/5175 5282/5282 5320/5320
f 5175/5175 5320/5320 5281/5281
f 5282/5282 5174/5174 5228/5228
f 5282/5282 5228/5228 5320/5320
f 5320/5320 5228/5228 5162/5162
f 5320/5320 5162/5162 5255/5255
f 5281/5281 5320/5320 5255/5255
f 5281/5281 5255/5255 5151/5151
f 5124/5124 5236/5236 5321/5321
f 5124/5124 5321/5321 5188/5188
f 5237/5237 5160/5160 5257/5257
f 5237/5237 5257/5257 5322/5322
f 5322/5322 5257/5257 5155/5155
f 5322/5322 5155/5155 5232/5232
f 5188/5188 5321/5321 5231/5231
f 5188/5188 5231/5231 5128/5128
f 5118/5118 5229/5229 5323/5323
f 5118/5118 5323/5323 5199/5199
f 5230/5230 5153/5153 5259/5259
f 5230/5230 5259/5259 5324/5324
f 5324/5324 5259/5259 5160/5160
f 5324/5324 5160/5160 5237/5237
f 5199/5199 5323/5323 5236/5236
f 5199/5199 5236/5236 5124/5124
f 5127/5127 5184/5184 5325/5325
f 5127/5127 5325/5325 5191/5191
f 5184/5184 5148/5148 5261/5261
f 5184/5184 5261/5261 5325/5325
f 5325/5325 5261/5261 5157/5157
f 5325/5325 5157/5157 5197/5197
f 5191/5191 5325/5325 5197/5197
f 5191/5191 5197/5197 5131/5131
f 5120/5120 5220/5220 5326/5326
f 5120/5120 5326/5326 5180/5180
f 5221/5221 5145/5145 5264/5264
f 5221/5221 5264/5264 5328/5328
f 5327/5327 5263/5263 5142/5142
f 5327/5327 5142/5142 5219/5219
f 5180/5180 5326/5326 5218/5218
f 5180/5180 5218/5218 5116/5116
f 5140/5140 5215/5215 5330/5330
f 5140/5140 5330/5330 5210/5210
f 5214/5214 5165/5165 5267/5267
f 5214/5214 5267/5267 5329/5329
f 5329/5329 5267/5267 5145/5145
f 5329/5329 5145/5145 5221/5221
f 5210/5210 5330/5330 5220/5220
f 5210/5210 5220/5220 5120/5120
f 5123/5123 5183/5183 5331/5331
f 5123/5123 5331/5331 5187/5187
f 5183/5183 5146/5146 5268/5268
f 5183/5183 5268/5268 5331/5331
f 5331/5331 5268/5268 5148/5148
f 5331/5331 5148/5148 5184/5184
f 5187/5187 5331/5331 5184/5184
f 5187/5187 5184/5184 5127/5127
f 5138/5138 5216/5216 5332/5332
f 5138/5138 5332/5332 5178/5178
f 5217/5217 5166/5166 5270/5270
f 5217/5217 5270/5270 5333/5333
f 5333/5333 5270/5270 5153/5153
f 5333/5333 5153/5153 5230/5230
f 5178/5178 5332/5332 5229/5229
f 5178/5178 5229/5229 5118/5118
f 5133/5133 5273/5273 5334/5334
f 5133/5133 5334/5334 5253/5253
f 5273/5273 5137/5137 5254/5254
f 5273/5273 5254/5254 5334/5334
f 5334/5334 5254/5254 5159/5159
f 5334/5334 5159/5159 5252/5252
f 5253/5253 5334/5334 5252/5252
f 5253/5253 5252/5252 5150/5150
f 5152/5152 5256/5256 5336/5336
f 5152/5152 5336/5336 5241/5241
f 5256/5256 5163/5163 5249/5249
f 5256/5256 5249/5249 5336/5336
f 5335/5335 5251/5251 5136/5136
f 5335/5335 5136/5136 5272/5272
f 5238/5238 5335/5335 5272/5272
f 5238/5238 5272/5272 5132/5132
f 5130/5130 5194/5194 5337/5337
f 5130/5130 5337/5337 5235/5235
f 5194/5194 5128/5128 5280/5280
f 5194/5194 5280/5280 5337/5337
f 5128/5128 5231/5231 5338/5338
f 5128/5128 5338/5338 5280/5280
f 5232/5232 5155/5155 5278/5278
f 5232/5232 5278/5278 5339/5339
f 5357/5357 5353/5353 5172/5172
f 5357/5357 5172/5172 5284/5284
f 5355/5355 5356/5356 5283/5283
f 5355/5355 5283/5283 5174/5174
f 5129/5129 5198/5198 5340/5340
f 5129/5129 5340/5340 5207/5207
f 5198/5198 5131/5131 5276/5276
f 5198/5198 5276/5276 5340/5340
f 5131/5131 5197/5197 5341/5341
f 5131/5131 5341/5341 5276/5276
f 5197/5197 5157/5157 5274/5274
f 5197/5197 5274/5274 5341/5341
f 5349/5349 5346/5346 5168/5168
f 5349/5349 5168/5168 5286/5286
f 5348/5348 5349/5349 5286/5286
f 5348/5348 5286/5286 5170/5170
f 5156/5156 5195/5195 5342/5342
f 5156/5156 5342/5342 5279/5279
f 5195/5195 5129/5129 5207/5207
f 5195/5195 5207/5207 5342/5342
f 5358/5358 5352/5352 5171/5171
f 5358/5358 5171/5171 5287/5287
f 5354/5354 5358/5358 5287/5287
f 5354/5354 5287/5287 5173/5173
f 5158/5158 5233/5233 5343/5343
f 5158/5158 5343/5343 5275/5275
f 5234/5234 5130/5130 5235/5235
f 5234/5234 5235/5235 5344/5344
f 5351/5351 5345/5345 5175/5175
f 5351/5351 5175/5175 5289/5289
f 5347/5347 5350/5350 5288/5288
f 5347/5347 5288/5288 5169/5169
f 5395/5395 5367/5367 5175/5175
f 5395/5395 5175/5175 5345/5345
f 5367/5367 5372/5372 5282/5282
f 5367/5367 5282/5282 5175/5175
f 5372/5372 5377/5377 5174/5174
f 5372/5372 5174/5174 5282/5282
f 5401/5401 5375/5375 5171/5171
f 5401/5401 5171/5171 5352/5352
f 5382/5382 5389/5389 5337/5337
f 5382/5382 5337/5337 5280/5280
f 5389/5389 5359/5359 5235/5235
f 5389/5389 5235/5235 5337/5337
f 5359/5359 5395/5395 5345/5345
f 5359/5359 5345/5345 5235/5235
f 5275/5275 5343/5343 5350/5350
f 5275/5275 5350/5350 5347/5347
f 5344/5344 5235/5235 5345/5345
f 5344/5344 5345/5345 5351/5351
f 5276/5276 5341/5341 5349/5349
f 5276/5276 5349/5349 5348/5348
f 5341/5341 5274/5274 5346/5346
f 5341/5341 5346/5346 5349/5349
f 5380/5380 5401/5401 5352/5352
f 5380/5380 5352/5352 5207/5207
f 5279/5279 5342/5342 5358/5358
f 5279/5279 5358/5358 5354/5354
f 5342/5342 5207/5207 5352/5352
f 5342/5342 5352/5352 5358/5358
f 5280/5280 5338/5338 5356/5356
f 5280/5280 5356/5356 5355/5355
f 5339/5339 5278/5278 5353/5353
f 5339/5339 5353/5353 5357/5357
f 5280/5280 5355/5355 5397/5397
f 5280/5280 5397/5397 5382/5382
f 5415/5415 5419/5419 5399/5399
f 5415/5415 5399/5399 5381/5381
f 5406/5406 5410/5410 5400/5400
f 5406/5406 5400/5400 5379/5379
f 5276/5276 5348/5348 5393/5393
f 5276/5276 5393/5393 5363/5363
f 5402/5402 5409/5409 5394/5394
f 5402/5402 5394/5394 5361/5361
f 5411/5411 5418/5418 5396/5396
f 5411/5411 5396/5396 5360/5360
f 5340/5340 5276/5276 5363/5363
f 5340/5340 5363/5363 5386/5386
f 5408/5408 5402/5402 5361/5361
f 5408/5408 5361/5361 5388/5388
f 5417/5417 5411/5411 5360/5360
f 5417/5417 5360/5360 5391/5391
f 5207/5207 5340/5340 5386/5386
f 5207/5207 5386/5386 5380/5380
f 5406/5406 5407/5407 5387/5387
f 5406/5406 5387/5387 5381/5381
f 5415/5415 5416/5416 5390/5390
f 5415/5415 5390/5390 5383/5383
f 5355/5355 5174/5174 5377/5377
f 5355/5355 5377/5377 5397/5397
f 5419/5419 5414/5414 5376/5376
f 5419/5419 5376/5376 5399/5399
f 5410/5410 5405/5405 5374/5374
f 5410/5410 5374/5374 5400/5400
f 5285/5285 5171/5171 5375/5375
f 5285/5285 5375/5375 5370/5370
f 5404/5404 5405/5405 5376/5376
f 5404/5404 5376/5376 5371/5371
f 5413/5413 5414/5414 5378/5378
f 5413/5413 5378/5378 5373/5373
f 5170/5170 5285/5285 5370/5370
f 5170/5170 5370/5370 5365/5365
f 5403/5403 5404/5404 5371/5371
f 5403/5403 5371/5371 5366/5366
f 5412/5412 5413/5413 5373/5373
f 5412/5412 5373/5373 5368/5368
f 5348/5348 5170/5170 5365/5365
f 5348/5348 5365/5365 5393/5393
f 5409/5409 5403/5403 5366/5366
f 5409/5409 5366/5366 5394/5394
f 5418/5418 5412/5412 5368/5368
f 5418/5418 5368/5368 5396/5396
f 5392/5392 5364/5364 5403/5403
f 5392/5392 5403/5403 5409/5409
f 5364/5364 5369/5369 5404/5404
f 5364/5364 5404/5404 5403/5403
f 5369/5369 5374/5374 5405/5405
f 5369/5369 5405/5405 5404/5404
f 5399/5399 5376/5376 5405/5405
f 5399/5399 5405/5405 5410/5410
f 5379/5379 5384/5384 5407/5407
f 5379/5379 5407/5407 5406/5406
f 5385/5385 5362/5362 5402/5402
f 5385/5385 5402/5402 5408/5408
f 5362/5362 5392/5392 5409/5409
f 5362/5362 5409/5409 5402/5402
f 5381/5381 5399/5399 5410/5410
f 5381/5381 5410/5410 5406/5406
f 5394/5394 5366/5366 5412/5412
f 5394/5394 5412/5412 5418/5418
f 5366/5366 5371/5371 5413/5413
f 5366/5366 5413/5413 5412/5412
f 5371/5371 5376/5376 5414/5414
f 5371/5371 5414/5414 5413/5413
f 5398/5398 5378/5378 5414/5414
f 5398/5398 5414/5414 5419/5419
f 5381/5381 5387/5387 5416/5416
f 5381/5381 5416/5416 5415/5415
f 5388/5388 5361/5361 5411/5411
f 5388/5388 5411/5411 5417/5417
f 5361/5361 5394/5394 5418/5418
f 5361/5361 5418/5418 5411/5411
f 5383/5383 5398/5398 5419/5419
f 5383/5383 5419/5419 5415/5415
f 5471/5471 5547/5547 5594/5594
f 5471/5471 5594/5594 5575/5575
f 5547/5547 5443/5443 5483/5483
f 5547/5547 5483/5483 5594/5594
f 5594/5594 5483/5483 5423/5423
f 5594/5594 5423/5423 5496/5496
f 5575/5575 5594/5594 5496/5496
f 5575/5575 5496/5496 5458/5458
f 5451/5451 5526/5526 5595/5595
f 5451/5451 5595/5595 5573/5573
f 5527/5527 5426/5426 5490/5490
f 5527/5527 5490/5490 5596/5596
f 5596/5596 5490/5490 5430/5430
f 5596/5596 5430/5430 5529/5529
f 5573/5573 5595/5595 5528/5528
f 5573/5573 5528/5528 5453/5453
f 5468/5468 5546/5546 5597/5597
f 5468/5468 5597/5597 5570/5570
f 5546/5546 5445/5445 5515/5515
f 5546/5546 5515/5515 5597/5597
f 5597/5597 5515/5515 5425/5425
f 5597/5597 5425/5425 5485/5485
f 5570/5570 5597/5597 5485/5485
f 5570/5570 5485/5485 5448/5448
f 5448/5448 5485/5485 5598/5598
f 5448/5448 5598/5598 5569/5569
f 5485/5485 5425/5425 5497/5497
f 5485/5485 5497/5497 5598/5598
f 5598/5598 5497/5497 5421/5421
f 5598/5598 5421/5421 5481/5481
f 5569/5569 5598/5598 5481/5481
f 5569/5569 5481/5481 5447/5447
f 5442/5442 5517/5517 5599/5599
f 5442/5442 5599/5599 5512/5512
f 5517/5517 5444/5444 5514/5514
f 5517/5517 5514/5514 5599/5599
f 5599/5599 5514/5514 5424/5424
f 5599/5599 5424/5424 5484/5484
f 5512/5512 5599/5599 5484/5484
f 5512/5512 5484/5484 5420/5420
f 5445/5445 5516/5516 5600/5600
f 5445/5445 5600/5600 5515/5515
f 5516/5516 5443/5443 5513/5513
f 5516/5516 5513/5513 5600/5600
f 5600/5600 5513/5513 5421/5421
f 5600/5600 5421/5421 5497/5497
f 5515/5515 5600/5600 5497/5497
f 5515/5515 5497/5497 5425/5425
f 5453/5453 5528/5528 5601/5601
f 5453/5453 5601/5601 5566/5566
f 5529/5529 5430/5430 5494/5494
f 5529/5529 5494/5494 5602/5602
f 5602/5602 5494/5494 5434/5434
f 5602/5602 5434/5434 5538/5538
f 5566/5566 5601/5601 5537/5537
f 5566/5566 5537/5537 5462/5462
f 5426/5426 5500/5500 5603/5603
f 5426/5426 5603/5603 5490/5490
f 5500/5500 5422/5422 5503/5503
f 5500/5500 5503/5503 5603/5603
f 5603/5603 5503/5503 5428/5428
f 5603/5603 5428/5428 5509/5509
f 5490/5490 5603/5603 5509/5509
f 5490/5490 5509/5509 5430/5430
f 5423/5423 5504/5504 5604/5604
f 5423/5423 5604/5604 5489/5489
f 5504/5504 5427/5427 5491/5491
f 5504/5504 5491/5491 5604/5604
f 5604/5604 5491/5491 5431/5431
f 5604/5604 5431/5431 5480/5480
f 5489/5489 5604/5604 5480/5480
f 5489/5489 5480/5480 5429/5429
f 5458/5458 5496/5496 5605/5605
f 5458/5458 5605/5605 5564/5564
f 5496/5496 5423/5423 5489/5489
f 5496/5496 5489/5489 5605/5605
f 5605/5605 5489/5489 5429/5429
f 5605/5605 5429/5429 5506/5506
f 5564/5564 5605/5605 5506/5506
f 5564/5564 5506/5506 5465/5465
f 5430/5430 5509/5509 5606/5606
f 5430/5430 5606/5606 5494/5494
f 5509/5509 5428/5428 5492/5492
f 5509/5509 5492/5492 5606/5606
f 5606/5606 5492/5492 5432/5432
f 5606/5606 5432/5432 5498/5498
f 5494/5494 5606/5606 5498/5498
f 5494/5494 5498/5498 5434/5434
f 5429/5429 5480/5480 5607/5607
f 5429/5429 5607/5607 5493/5493
f 5480/5480 5431/5431 5495/5495
f 5480/5480 5495/5495 5607/5607
f 5607/5607 5495/5495 5435/5435
f 5607/5607 5435/5435 5502/5502
f 5493/5493 5607/5607 5502/5502
f 5493/5493 5502/5502 5433/5433
f 5465/5465 5506/5506 5608/5608
f 5465/5465 5608/5608 5562/5562
f 5506/5506 5429/5429 5493/5493
f 5506/5506 5493/5493 5608/5608
f 5608/5608 5493/5493 5433/5433
f 5608/5608 5433/5433 5499/5499
f 5562/5562 5608/5608 5499/5499
f 5562/5562 5499/5499 5460/5460
f 5473/5473 5592/5592 5609/5609
f 5473/5473 5609/5609 5508/5508
f 5593/5593 5479/5479 5585/5585
f 5593/5593 5585/5585 5610/5610
f 5610/5610 5585/5585 5455/5455
f 5610/5610 5455/5455 5544/5544
f 5508/5508 5609/5609 5543/5543
f 5508/5508 5543/5543 5438/5438
f 5427/5427 5504/5504 5611/5611
f 5427/5427 5611/5611 5505/5505
f 5504/5504 5423/5423 5483/5483
f 5504/5504 5483/5483 5611/5611
f 5611/5611 5483/5483 5443/5443
f 5611/5611 5443/5443 5516/5516
f 5505/5505 5611/5611 5516/5516
f 5505/5505 5516/5516 5445/5445
f 5422/5422 5500/5500 5612/5612
f 5422/5422 5612/5612 5482/5482
f 5500/5500 5426/5426 5486/5486
f 5500/5500 5486/5486 5612/5612
f 5612/5612 5486/5486 5444/5444
f 5612/5612 5444/5444 5517/5517
f 5482/5482 5612/5612 5517/5517
f 5482/5482 5517/5517 5442/5442
f 5450/5450 5487/5487 5613/5613
f 5450/5450 5613/5613 5550/5550
f 5487/5487 5427/5427 5505/5505
f 5487/5487 5505/5505 5613/5613
f 5613/5613 5505/5505 5445/5445
f 5613/5613 5445/5445 5546/5546
f 5550/5550 5613/5613 5546/5546
f 5550/5550 5546/5546 5468/5468
f 5447/5447 5481/5481 5614/5614
f 5447/5447 5614/5614 5549/5549
f 5481/5481 5421/5421 5513/5513
f 5481/5481 5513/5513 5614/5614
f 5614/5614 5513/5513 5443/5443
f 5614/5614 5443/5443 5547/5547
f 5549/5549 5614/5614 5547/5547
f 5549/5549 5547/5547 5471/5471
f 5420/5420 5522/5522 5615/5615
f 5420/5420 5615/5615 5512/5512
f 5523/5523 5446/5446 5548/5548
f 5523/5523 5548/5548 5616/5616
f 5616/5616 5548/5548 5470/5470
f 5616/5616 5470/5470 5521/5521
f 5512/5512 5615/5615 5520/5520
f 5512/5512 5520/5520 5442/5442
f 5426/5426 5527/5527 5618/5618
f 5426/5426 5618/5618 5486/5486
f 5526/5526 5451/5451 5551/5551
f 5526/5526 5551/5551 5617/5617
f 5617/5617 5551/5551 5469/5469
f 5617/5617 5469/5469 5518/5518
f 5486/5486 5618/5618 5519/5519
f 5486/5486 5519/5519 5444/5444
f 5477/5477 5591/5591 5619/5619
f 5477/5477 5619/5619 5531/5531
f 5591/5591 5475/5475 5581/5581
f 5591/5591 5581/5581 5619/5619
f 5619/5619 5581/5581 5463/5463
f 5619/5619 5463/5463 5558/5558
f 5531/5531 5619/5619 5558/5558
f 5531/5531 5558/5558 5441/5441
f 5474/5474 5590/5590 5620/5620
f 5474/5474 5620/5620 5510/5510
f 5590/5590 5472/5472 5507/5507
f 5590/5590 5507/5507 5620/5620
f 5620/5620 5507/5507 5437/5437
f 5620/5620 5437/5437 5557/5557
f 5510/5510 5620/5620 5557/5557
f 5510/5510 5557/5557 5454/5454
f 5475/5475 5589/5589 5621/5621
f 5475/5475 5621/5621 5581/5581
f 5589/5589 5474/5474 5510/5510
f 5589/5589 5510/5510 5621/5621
f 5621/5621 5510/5510 5454/5454
f 5621/5621 5454/5454 5556/5556
f 5581/5581 5621/5621 5556/5556
f 5581/5581 5556/5556 5463/5463
f 5478/5478 5587/5587 5622/5622
f 5478/5478 5622/5622 5532/5532
f 5588/5588 5476/5476 5530/5530
f 5588/5588 5530/5530 5623/5623
f 5623/5623 5530/5530 5439/5439
f 5623/5623 5439/5439 5554/5554
f 5532/5532 5622/5622 5552/5552
f 5532/5532 5552/5552 5466/5466
f 5479/5479 5586/5586 5624/5624
f 5479/5479 5624/5624 5585/5585
f 5586/5586 5478/5478 5532/5532
f 5586/5586 5532/5532 5624/5624
f 5624/5624 5532/5532 5466/5466
f 5624/5624 5466/5466 5559/5559
f 5585/5585 5624/5624 5559/5559
f 5585/5585 5559/5559 5455/5455
f 5428/5428 5540/5540 5625/5625
f 5428/5428 5625/5625 5492/5492
f 5541/5541 5464/5464 5561/5561
f 5541/5541 5561/5561 5626/5626
f 5626/5626 5561/5561 5459/5459
f 5626/5626 5459/5459 5536/5536
f 5492/5492 5625/5625 5535/5535
f 5492/5492 5535/5535 5432/5432
f 5422/5422 5533/5533 5627/5627
f 5422/5422 5627/5627 5503/5503
f 5534/5534 5457/5457 5563/5563
f 5534/5534 5563/5563 5628/5628
f 5628/5628 5563/5563 5464/5464
f 5628/5628 5464/5464 5541/5541
f 5503/5503 5627/5627 5540/5540
f 5503/5503 5540/5540 5428/5428
f 5431/5431 5488/5488 5629/5629
f 5431/5431 5629/5629 5495/5495
f 5488/5488 5452/5452 5565/5565
f 5488/5488 5565/5565 5629/5629
f 5629/5629 5565/5565 5461/5461
f 5629/5629 5461/5461 5501/5501
f 5495/5495 5629/5629 5501/5501
f 5495/5495 5501/5501 5435/5435
f 5424/5424 5524/5524 5630/5630
f 5424/5424 5630/5630 5484/5484
f 5525/5525 5449/5449 5568/5568
f 5525/5525 5568/5568 5632/5632
f 5631/5631 5567/5567 5446/5446
f 5631/5631 5446/5446 5523/5523
f 5484/5484 5630/5630 5522/5522
f 5484/5484 5522/5522 5420/5420
f 5444/5444 5519/5519 5634/5634
f 5444/5444 5634/5634 5514/5514
f 5518/5518 5469/5469 5571/5571
f 5518/5518 5571/5571 5633/5633
f 5633/5633 5571/5571 5449/5449
f 5633/5633 5449/5449 5525/5525
f 5514/5514 5634/5634 5524/5524
f 5514/5514 5524/5524 5424/5424
f 5427/5427 5487/5487 5635/5635
f 5427/5427 5635/5635 5491/5491
f 5487/5487 5450/5450 5572/5572
f 5487/5487 5572/5572 5635/5635
f 5635/5635 5572/5572 5452/5452
f 5635/5635 5452/5452 5488/5488
f 5491/5491 5635/5635 5488/5488
f 5491/5491 5488/5488 5431/5431
f 5442/5442 5520/5520 5636/5636
f 5442/5442 5636/5636 5482/5482
f 5521/5521 5470/5470 5574/5574
f 5521/5521 5574/5574 5637/5637
f 5637/5637 5574/5574 5457/5457
f 5637/5637 5457/5457 5534/5534
f 5482/5482 5636/5636 5533/5533
f 5482/5482 5533/5533 5422/5422
f 5437/5437 5577/5577 5638/5638
f 5437/5437 5638/5638 5557/5557
f 5577/5577 5441/5441 5558/5558
f 5577/5577 5558/5558 5638/5638
f 5638/5638 5558/5558 5463/5463
f 5638/5638 5463/5463 5556/5556
f 5557/5557 5638/5638 5556/5556
f 5557/5557 5556/5556 5454/5454
f 5456/5456 5560/5560 5640/5640
f 5456/5456 5640/5640 5545/5545
f 5560/5560 5467/5467 5553/5553
f 5560/5560 5553/5553 5640/5640
f 5639/5639 5555/5555 5440/5440
f 5639/5639 5440/5440 5576/5576
f 5542/5542 5639/5639 5576/5576
f 5542/5542 5576/5576 5436/5436
f 5434/5434 5498/5498 5641/5641
f 5434/5434 5641/5641 5539/5539
f 5498/5498 5432/5432 5584/5584
f 5498/5498 5584/5584 5641/5641
f 5432/5432 5535/5535 5642/5642
f 5432/5432 5642/5642 5584/5584
f 5536/5536 5459/5459 5582/5582
f 5536/5536 5582/5582 5643/5643
f 5661/5661 5657/5657 5476/5476
f 5661/5661 5476/5476 5588/5588
f 5659/5659 5660/5660 5587/5587
f 5659/5659 5587/5587 5478/5478
f 5433/5433 5502/5502 5644/5644
f 5433/5433 5644/5644 5511/5511
f 5502/5502 5435/5435 5580/5580
f 5502/5502 5580/5580 5644/5644
f 5435/5435 5501/5501 5645/5645
f 5435/5435 5645/5645 5580/5580
f 5501/5501 5461/5461 5578/5578
f 5501/5501 5578/5578 5645/5645
f 5653/5653 5650/5650 5472/5472
f 5653/5653 5472/5472 5590/5590
f 5652/5652 5653/5653 5590/5590
f 5652/5652 5590/5590 5474/5474
f 5460/5460 5499/5499 5646/5646
f 5460/5460 5646/5646 5583/5583
f 5499/5499 5433/5433 5511/5511
f 5499/5499 5511/5511 5646/5646
f 5662/5662 5656/5656 5475/5475
f 5662/5662 5475/5475 5591/5591
f 5658/5658 5662/5662 5591/5591
f 5658/5658 5591/5591 5477/5477
f 5462/5462 5537/5537 5647/5647
f 5462/5462 5647/5647 5579/5579
f 5538/5538 5434/5434 5539/5539
f 5538/5538 5539/5539 5648/5648
f 5655/5655 5649/5649 5479/5479
f 5655/5655 5479/5479 5593/5593
f 5651/5651 5654/5654 5592/5592
f 5651/5651 5592/5592 5473/5473
f 5699/5699 5671/5671 5479/5479
f 5699/5699 5479/5479 5649/5649
f 5671/5671 5676/5676 5586/5586
f 5671/5671 5586/5586 5479/5479
f 5676/5676 5681/5681 5478/5478
f 5676/5676 5478/5478 5586/5586
f 5705/5705 5679/5679 5475/5475
f 5705/5705 5475/5475 5656/5656
f 5686/5686 5693/5693 5641/5641
f 5686/5686 5641/5641 5584/5584
f 5693/5693 5663/5663 5539/5539
f 5693/5693 5539/5539 5641/5641
f 5663/5663 5699/5699 5649/5649
f 5663/5663 5649/5649 5539/5539
f 5579/5579 5647/5647 5654/5654
f 5579/5579 5654/5654 5651/5651
f 5648/5648 5539/5539 5649/5649
f 5648/5648 5649/5649 5655/5655
f 5580/5580 5645/5645 5653/5653
f 5580/5580 5653/5653 5652/5652
f 5645/5645 5578/5578 5650/5650
f 5645/5645 5650/5650 5653/5653
f 5684/5684 5705/5705 5656/5656
f 5684/5684 5656/5656 5511/5511
f 5583/5583 5646/5646 5662/5662
f 5583/5583 5662/5662 5658/5658
f 5646/5646 5511/5511 5656/5656
f 5646/5646 5656/5656 5662/5662
f 5584/5584 5642/5642 5660/5660
f 5584/5584 5660/5660 5659/5659
f 5643/5643 5582/5582 5657/5657
f 5643/5643 5657/5657 5661/5661
f 5584/5584 5659/5659 5701/5701
f 5584/5584 5701/5701 5686/5686
f 5719/5719 5723/5723 5703/5703
f 5719/5719 5703/5703 5685/5685
f 5710/5710 5714/5714 5704/5704
f 5710/5710 5704/5704 5683/5683
f 5580/5580 5652/5652 5697/5697
f 5580/5580 5697/5697 5667/5667
f 5706/5706 5713/5713 5698/5698
f 5706/5706 5698/5698 5665/5665
f 5715/5715 5722/5722 5700/5700
f 5715/5715 5700/5700 5664/5664
f 5644/5644 5580/5580 5667/5667
f 5644/5644 5667/5667 5690/5690
f 5712/5712 5706/5706 5665/5665
f 5712/5712 5665/5665 5692/5692
f 5721/5721 5715/5715 5664/5664
f 5721/5721 5664/5664 5695/5695
f 5511/5511 5644/5644 5690/5690
f 5511/5511 5690/5690 5684/5684
f 5710/5710 5711/5711 5691/5691
f 5710/5710 5691/5691 5685/5685
f 5719/5719 5720/5720 5694/5694
f 5719/5719 5694/5694 5687/5687
f 5659/5659 5478/5478 5681/5681
f 5659/5659 5681/5681 5701/5701
f 5723/5723 5718/5718 5680/5680
f 5723/5723 5680/5680 5703/5703
f 5714/5714 5709/5709 5678/5678
f 5714/5714 5678/5678 5704/5704
f 5589/5589 5475/5475 5679/5679
f 5589/5589 5679/5679 5674/5674
f 5708/5708 5709/5709 5680/5680
f 5708/5708 5680/5680 5675/5675
f 5717/5717 5718/5718 5682/5682
f 5717/5717 5682/5682 5677/5677
f 5474/5474 5589/5589 5674/5674
f 5474/5474 5674/5674 5669/5669
f 5707/5707 5708/5708 5675/5675
f 5707/5707 5675/5675 5670/5670
f 5716/5716 5717/5717 5677/5677
f 5716/5716 5677/5677 5672/5672
f 5652/5652 5474/5474 5669/5669
f 5652/5652 5669/5669 5697/5697
f 5713/5713 5707/5707 5670/5670
f 5713/5713 5670/5670 5698/5698
f 5722/5722 5716/5716 5672/5672
f 5722/5722 5672/5672 5700/5700
f 5696/5696 5668/5668 5707/5707
f 5696/5696 5707/5707 5713/5713
f 5668/5668 5673/5673 5708/5708
f 5668/5668 5708/5708 5707/5707
f 5673/5673 5678/5678 5709/5709
f 5673/5673 5709/5709 5708/5708
f 5703/5703 5680/5680 5709/5709
f 5703/5703 5709/5709 5714/5714
f 5683/5683 5688/5688 5711/5711
f 5683/5683 5711/5711 5710/5710
f 5689/5689 5666/5666 5706/5706
f 5689/5689 5706/5706 5712/5712
f 5666/5666 5696/5696 5713/5713
f 5666/5666 5713/5713 5706/5706
f 5685/5685 5703/5703 5714/5714
f 5685/5685 5714/5714 5710/5710
f 5698/5698 5670/5670 5716/5716
f 5698/5698 5716/5716 5722/5722
f 5670/5670 5675/5675 5717/5717
f 5670/5670 5717/5717 5716/5716
f 5675/5675 5680/5680 5718/5718
f 5675/5675 5718/5718 5717/5717
f 5702/5702 5682/5682 5718/5718
f 5702/5702 5718/5718 5723/5723
f 5685/5685 5691/5691 5720/5720
f 5685/5685 5720/5720 5719/5719
f 5692/5692 5665/5665 5715/5715
f 5692/5692 5715/5715 5721/5721
f 5665/5665 5698/5698 5722/5722
f 5665/5665 5722/5722 5715/5715
f 5687/5687 5702/5702 5723/5723
f 5687/5687 5723/5723 5719/5719
f 5775/5775 5851/5851 5898/5898
f 5775/5775 5898/5898 5879/5879
f 5851/5851 5747/5747 5787/5787
f 5851/5851 5787/5787 5898/5898
f 5898/5898 5787/5787 5727/5727
f 5898/5898 5727/5727 5800/5800
f 5879/5879 5898/5898 5800/5800
f 5879/5879 5800/5800 5762/5762
f 5755/5755 5830/5830 5899/5899
f 5755/5755 5899/5899 5877/5877
f 5831/5831 5730/5730 5794/5794
f 5831/5831 5794/5794 5900/5900
f 5900/5900 5794/5794 5734/5734
f 5900/5900 5734/5734 5833/5833
f 5877/5877 5899/5899 5832/5832
f 5877/5877 5832/5832 5757/5757
f 5772/5772 5850/5850 5901/5901
f 5772/5772 5901/5901 5874/5874
f 5850/5850 5749/5749 5819/5819
f 5850/5850 5819/5819 5901/5901
f 5901/5901 5819/5819 5729/5729
f 5901/5901 5729/5729 5789/5789
f 5874/5874 5901/5901 5789/5789
f 5874/5874 5789/5789 5752/5752
f 5752/5752 5789/5789 5902/5902
f 5752/5752 5902/5902 5873/5873
f 5789/5789 5729/5729 5801/5801
f 5789/5789 5801/5801 5902/5902
f 5902/5902 5801/5801 5725/5725
f 5902/5902 5725/5725 5785/5785
f 5873/5873 5902/5902 5785/5785
f 5873/5873 5785/5785 5751/5751
f 5746/5746 5821/5821 5903/5903
f 5746/5746 5903/5903 5816/5816
f 5821/5821 5748/5748 5818/5818
f 5821/5821 5818/5818 5903/5903
f 5903/5903 5818/5818 5728/5728
f 5903/5903 5728/5728 5788/5788
f 5816/5816 5903/5903 5788/5788
f 5816/5816 5788/5788 5724/5724
f 5749/5749 5820/5820 5904/5904
f 5749/5749 5904/5904 5819/5819
f 5820/5820 5747/5747 5817/5817
f 5820/5820 5817/5817 5904/5904
f 5904/5904 5817/5817 5725/5725
f 5904/5904 5725/5725 5801/5801
f 5819/5819 5904/5904 5801/5801
f 5819/5819 5801/5801 5729/5729
f 5757/5757 5832/5832 5905/5905
f 5757/5757 5905/5905 5870/5870
f 5833/5833 5734/5734 5798/5798
f 5833/5833 5798/5798 5906/5906
f 5906/5906 5798/5798 5738/5738
f 5906/5906 5738/5738 5842/5842
f 5870/5870 5905/5905 5841/5841
f 5870/5870 5841/5841 5766/5766
f 5730/5730 5804/5804 5907/5907
f 5730/5730 5907/5907 5794/5794
f 5804/5804 5726/5726 5807/5807
f 5804/5804 5807/5807 5907/5907
f 5907/5907 5807/5807 5732/5732
f 5907/5907 5732/5732 5813/5813
f 5794/5794 5907/5907 5813/5813
f 5794/5794 5813/5813 5734/5734
f 5727/5727 5808/5808 5908/5908
f 5727/5727 5908/5908 5793/5793
f 5808/5808 5731/5731 5795/5795
f 5808/5808 5795/5795 5908/5908
f 5908/5908 5795/5795 5735/5735
f 5908/5908 5735/5735 5784/5784
f 5793/5793 5908/5908 5784/5784
f 5793/5793 5784/5784 5733/5733
f 5762/5762 5800/5800 5909/5909
f 5762/5762 5909/5909 5868/5868
f 5800/5800 5727/5727 5793/5793
f 5800/5800 5793/5793 5909/5909
f 5909/5909 5793/5793 5733/5733
f 5909/5909 5733/5733 5810/5810
f 5868/5868 5909/5909 5810/5810
f 5868/5868 5810/5810 5769/5769
f 5734/5734 5813/5813 5910/5910
f 5734/5734 5910/5910 5798/5798
f 5813/5813 5732/5732 5796/5796
f 5813/5813 5796/5796 5910/5910
f 5910/5910 5796/5796 5736/5736
f 5910/5910 5736/5736 5802/5802
f 5798/5798 5910/5910 5802/5802
f 5798/5798 5802/5802 5738/5738
f 5733/5733 5784/5784 5911/5911
f 5733/5733 5911/5911 5797/5797
f 5784/5784 5735/5735 5799/5799
f 5784/5784 5799/5799 5911/5911
f 5911/5911 5799/5799 5739/5739
f 5911/5911 5739/5739 5806/5806
f 5797/5797 5911/5911 5806/5806
f 5797/5797 5806/5806 5737/5737
f 5769/5769 5810/5810 5912/5912
f 5769/5769 5912/5912 5866/5866
f 5810/5810 5733/5733 5797/5797
f 5810/5810 5797/5797 5912/5912
f 5912/5912 5797/5797 5737/5737
f 5912/5912 5737/5737 5803/5803
f 5866/5866 5912/5912 5803/5803
f 5866/5866 5803/5803 5764/5764
f 5777/5777 5896/5896 5913/5913
f 5777/5777 5913/5913 5812/5812
f 5897/5897 5783/5783 5889/5889
f 5897/5897 5889/5889 5914/5914
f 5914/5914 5889/5889 5759/5759
f 5914/5914 5759/5759 5848/5848
f 5812/5812 5913/5913 5847/5847
f 5812/5812 5847/5847 5742/5742
f 5731/5731 5808/5808 5915/5915
f 5731/5731 5915/5915 5809/5809
f 5808/5808 5727/5727 5787/5787
f 5808/5808 5787/5787 5915/5915
f 5915/5915 5787/5787 5747/5747
f 5915/5915 5747/5747 5820/5820
f 5809/5809 5915/5915 5820/5820
f 5809/5809 5820/5820 5749/5749
f 5726/5726 5804/5804 5916/5916
f 5726/5726 5916/5916 5786/5786
f 5804/5804 5730/5730 5790/5790
f 5804/5804 5790/5790 5916/5916
f 5916/5916 5790/5790 5748/5748
f 5916/5916 5748/5748 5821/5821
f 5786/5786 5916/5916 5821/5821
f 5786/5786 5821/5821 5746/5746
f 5754/5754 5791/5791 5917/5917
f 5754/5754 5917/5917 5854/5854
f 5791/5791 5731/5731 5809/5809
f 5791/5791 5809/5809 5917/5917
f 5917/5917 5809/5809 5749/5749
f 5917/5917 5749/5749 5850/5850
f 5854/5854 5917/5917 5850/5850
f 5854/5854 5850/5850 5772/5772
f 5751/5751 5785/5785 5918/5918
f 5751/5751 5918/5918 5853/5853
f 5785/5785 5725/5725 5817/5817
f 5785/5785 5817/5817 5918/5918
f 5918/5918 5817/5817 5747/5747
f 5918/5918 5747/5747 5851/5851
f 5853/5853 5918/5918 5851/5851
f 5853/5853 5851/5851 5775/5775
f 5724/5724 5826/5826 5919/5919
f 5724/5724 5919/5919 5816/5816
f 5827/5827 5750/5750 5852/5852
f 5827/5827 5852/5852 5920/5920
f 5920/5920 5852/5852 5774/5774
f 5920/5920 5774/5774 5825/5825
f 5816/5816 5919/5919 5824/5824
f 5816/5816 5824/5824 5746/5746
f 5730/5730 5831/5831 5922/5922
f 5730/5730 5922/5922 5790/5790
f 5830/5830 5755/5755 5855/5855
f 5830/5830 5855/5855 5921/5921
f 5921/5921 5855/5855 5773/5773
f 5921/5921 5773/5773 5822/5822
f 5790/5790 5922/5922 5823/5823
f 5790/5790 5823/5823 5748/5748
f 5781/5781 5895/5895 5923/5923
f 5781/5781 5923/5923 5835/5835
f 5895/5895 5779/5779 5885/5885
f 5895/5895 5885/5885 5923/5923
f 5923/5923 5885/5885 5767/5767
f 5923/5923 5767/5767 5862/5862
f 5835/5835 5923/5923 5862/5862
f 5835/5835 5862/5862 5745/5745
f 5778/5778 5894/5894 5924/5924
f 5778/5778 5924/5924 5814/5814
f 5894/5894 5776/5776 5811/5811
f 5894/5894 5811/5811 5924/5924
f 5924/5924 5811/5811 5741/5741
f 5924/5924 5741/5741 5861/5861
f 5814/5814 5924/5924 5861/5861
f 5814/5814 5861/5861 5758/5758
f 5779/5779 5893/5893 5925/5925
f 5779/5779 5925/5925 5885/5885
f 5893/5893 5778/5778 5814/5814
f 5893/5893 5814/5814 5925/5925
f 5925/5925 5814/5814 5758/5758
f 5925/5925 5758/5758 5860/5860
f 5885/5885 5925/5925 5860/5860
f 5885/5885 5860/5860 5767/5767
f 5782/5782 5891/5891 5926/5926
f 5782/5782 5926/5926 5836/5836
f 5892/5892 5780/5780 5834/5834
f 5892/5892 5834/5834 5927/5927
f 5927/5927 5834/5834 5743/5743
f 5927/5927 5743/5743 5858/5858
f 5836/5836 5926/5926 5856/5856
f 5836/5836 5856/5856 5770/5770
f 5783/5783 5890/5890 5928/5928
f 5783/5783 5928/5928 5889/5889
f 5890/5890 5782/5782 5836/5836
f 5890/5890 5836/5836 5928/5928
f 5928/5928 5836/5836 5770/5770
f 5928/5928 5770/5770 5863/5863
f 5889/5889 5928/5928 5863/5863
f 5889/5889 5863/5863 5759/5759
f 5732/5732 5844/5844 5929/5929
f 5732/5732 5929/5929 5796/5796
f 5845/5845 5768/5768 5865/5865
f 5845/5845 5865/5865 5930/5930
f 5930/5930 5865/5865 5763/5763
f 5930/5930 5763/5763 5840/5840
f 5796/5796 5929/5929 5839/5839
f 5796/5796 5839/5839 5736/5736
f 5726/5726 5837/5837 5931/5931
f 5726/5726 5931/5931 5807/5807
f 5838/5838 5761/5761 5867/5867
f 5838/5838 5867/5867 5932/5932
f 5932/5932 5867/5867 5768/5768
f 5932/5932 5768/5768 5845/5845
f 5807/5807 5931/5931 5844/5844
f 5807/5807 5844/5844 5732/5732
f 5735/5735 5792/5792 5933/5933
f 5735/5735 5933/5933 5799/5799
f 5792/5792 5756/5756 5869/5869
f 5792/5792 5869/5869 5933/5933
f 5933/5933 5869/5869 5765/5765
f 5933/5933 5765/5765 5805/5805
f 5799/5799 5933/5933 5805/5805
f 5799/5799 5805/5805 5739/5739
f 5728/5728 5828/5828 5934/5934
f 5728/5728 5934/5934 5788/5788
f 5829/5829 5753/5753 5872/5872
f 5829/5829 5872/5872 5936/5936
f 5935/5935 5871/5871 5750/5750
f 5935/5935 5750/5750 5827/5827
f 5788/5788 5934/5934 5826/5826
f 5788/5788 5826/5826 5724/5724
f 5748/5748 5823/5823 5938/5938
f 5748/5748 5938/5938 5818/5818
f 5822/5822 5773/5773 5875/5875
f 5822/5822 5875/5875 5937/5937
f 5937/5937 5875/5875 5753/5753
f 5937/5937 5753/5753 5829/5829
f 5818/5818 5938/5938 5828/5828
f 5818/5818 5828/5828 5728/5728
f 5731/5731 5791/5791 5939/5939
f 5731/5731 5939/5939 5795/5795
f 5791/5791 5754/5754 5876/5876
f 5791/5791 5876/5876 5939/5939
f 5939/5939 5876/5876 5756/5756
f 5939/5939 5756/5756 5792/5792
f 5795/5795 5939/5939 5792/5792
f 5795/5795 5792/5792 5735/5735
f 5746/5746 5824/5824 5940/5940
f 5746/5746 5940/5940 5786/5786
f 5825/5825 5774/5774 5878/5878
f 5825/5825 5878/5878 5941/5941
f 5941/5941 5878/5878 5761/5761
f 5941/5941 5761/5761 5838/5838
f 5786/5786 5940/5940 5837/5837
f 5786/5786 5837/5837 5726/5726
f 5741/5741 5881/5881 5942/5942
f 5741/5741 5942/5942 5861/5861
f 5881/5881 5745/5745 5862/5862
f 5881/5881 5862/5862 5942/5942
f 5942/5942 5862/5862 5767/5767
f 5942/5942 5767/5767 5860/5860
f 5861/5861 5942/5942 5860/5860
f 5861/5861 5860/5860 5758/5758
f 5760/5760 5864/5864 5944/5944
f 5760/5760 5944/5944 5849/5849
f 5864/5864 5771/5771 5857/5857
f 5864/5864 5857/5857 5944/5944
f 5943/5943 5859/5859 5744/5744
f 5943/5943 5744/5744 5880/5880
f 5846/5846 5943/5943 5880/5880
f 5846/5846 5880/5880 5740/5740
f 5738/5738 5802/5802 5945/5945
f 5738/5738 5945/5945 5843/5843
f 5802/5802 5736/5736 5888/5888
f 5802/5802 5888/5888 5945/5945
f 5736/5736 5839/5839 5946/5946
f 5736/5736 5946/5946 5888/5888
f 5840/5840 5763/5763 5886/5886
f 5840/5840 5886/5886 5947/5947
f 5965/5965 5961/5961 5780/5780
f 5965/5965 5780/5780 5892/5892
f 5963/5963 5964/5964 5891/5891
f 5963/5963 5891/5891 5782/5782
f 5737/5737 5806/5806 5948/5948
f 5737/5737 5948/5948 5815/5815
f 5806/5806 5739/5739 5884/5884
f 5806/5806 5884/5884 5948/5948
f 5739/5739 5805/5805 5949/5949
f 5739/5739 5949/5949 5884/5884
f 5805/5805 5765/5765 5882/5882
f 5805/5805 5882/5882 5949/5949
f 5957/5957 5954/5954 5776/5776
f 5957/5957 5776/5776 5894/5894
f 5956/5956 5957/5957 5894/5894
f 5956/5956 5894/5894 5778/5778
f 5764/5764 5803/5803 5950/5950
f 5764/5764 5950/5950 5887/5887
f 5803/5803 5737/5737 5815/5815
f 5803/5803 5815/5815 5950/5950
f 5966/5966 5960/5960 5779/5779
f 5966/5966 5779/5779 5895/5895
f 5962/5962 5966/5966 5895/5895
f 5962/5962 5895/5895 5781/5781
f 5766/5766 5841/5841 5951/5951
f 5766/5766 5951/5951 5883/5883
f 5842/5842 5738/5738 5843/5843
f 5842/5842 5843/5843 5952/5952
f 5959/5959 5953/5953 5783/5783
f 5959/5959 5783/5783 5897/5897
f 5955/5955 5958/5958 5896/5896
f 5955/5955 5896/5896 5777/5777
f 6003/6003 5975/5975 5783/5783
f 6003/6003 5783/5783 5953/5953
f 5975/5975 5980/5980 5890/5890
f 5975/5975 5890/5890 5783/5783
f 5980/5980 5985/5985 5782/5782
f 5980/5980 5782/5782 5890/5890
f 6009/6009 5983/5983 5779/5779
f 6009/6009 5779/5779 5960/5960
f 5990/5990 5997/5997 5945/5945
f 5990/5990 5945/5945 5888/5888
f 5997/5997 5967/5967 5843/5843
f 5997/5997 5843/5843 5945/5945
f 5967/5967 6003/6003 5953/5953
f 5967/5967 5953/5953 5843/5843
f 5883/5883 5951/5951 5958/5958
f 5883/5883 5958/5958 5955/5955
f 5952/5952 5843/5843 5953/5953
f 5952/5952 5953/5953 5959/5959
f 5884/5884 5949/5949 5957/5957
f 5884/5884 5957/5957 5956/5956
f 5949/5949 5882/5882 5954/5954
f 5949/5949 5954/5954 5957/5957
f 5988/5988 6009/6009 5960/5960
f 5988/5988 5960/5960 5815/5815
f 5887/5887 5950/5950 5966/5966
f 5887/5887 5966/5966 5962/5962
f 5950/5950 5815/5815 5960/5960
f 5950/5950 5960/5960 5966/5966
f 5888/5888 5946/5946 5964/5964
f 5888/5888 5964/5964 5963/5963
f 5947/5947 5886/5886 5961/5961
f 5947/5947 5961/5961 5965/5965
f 5888/5888 5963/5963 6005/6005
f 5888/5888 6005/6005 5990/5990
f 6023/6023 6027/6027 6007/6007
f 6023/6023 6007/6007 5989/5989
f 6014/6014 6018/6018 6008/6008
f 6014/6014 6008/6008 5987/5987
f 5884/5884 5956/5956 6001/6001
f 5884/5884 6001/6001 5971/5971
f 6010/6010 6017/6017 6002/6002
f 6010/6010 6002/6002 5969/5969
f 6019/6019 6026/6026 6004/6004
f 6019/6019 6004/6004 5968/5968
f 5948/5948 5884/5884 5971/5971
f 5948/5948 5971/5971 5994/5994
f 6016/6016 6010/6010 5969/5969
f 6016/6016 5969/5969 5996/5996
f 6025/6025 6019/6019 5968/5968
f 6025/6025 5968/5968 5999/5999
f 5815/5815 5948/5948 5994/5994
f 5815/5815 5994/5994 5988/5988
f 6014/6014 6015/6015 5995/5995
f 6014/6014 5995/5995 5989/5989
f 6023/6023 6024/6024 5998/5998
f 6023/6023 5998/5998 5991/5991
f 5963/5963 5782/5782 5985/5985
f 5963/5963 5985/5985 6005/6005
f 6027/6027 6022/6022 5984/5984
f 6027/6027 5984/5984 6007/6007
f 6018/6018 6013/6013 5982/5982
f 6018/6018 5982/5982 6008/6008
f 5893/5893 5779/5779 5983/5983
f 5893/5893 5983/5983 5978/5978
f 6012/6012 6013/6013 5984/5984
f 6012/6012 5984/5984 5979/5979
f 6021/6021 6022/6022 5986/5986
f 6021/6021 5986/5986 5981/5981
f 5778/5778 5893/5893 5978/5978
f 5778/5778 5978/5978 5973/5973
f 6011/6011 6012/6012 5979/5979
f 6011/6011 5979/5979 5974/5974
f 6020/6020 6021/6021 5981/5981
f 6020/6020 5981/5981 5976/5976
f 5956/5956 5778/5778 5973/5973
f 5956/5956 5973/5973 6001/6001
f 6017/6017 6011/6011 5974/5974
f 6017/6017 5974/5974 6002/6002
f 6026/6026 6020/6020 5976/5976
f 6026/6026 5976/5976 6004/6004
f 6000/6000 5972/5972 6011/6011
f 6000/6000 6011/6011 6017/6017
f 5972/5972 5977/5977 6012/6012
f 5972/5972 6012/6012 6011/6011
f 5977/5977 5982/5982 6013/6013
f 5977/5977 6013/6013 6012/6012
f 6007/6007 5984/5984 6013/6013
f 6007/6007 6013/6013 6018/6018
f 5987/5987 5992/5992 6015/6015
f 5987/5987 6015/6015 6014/6014
f 5993/5993 5970/5970 6010/6010
f 5993/5993 6010/6010 6016/6016
f 5970/5970 6000/6000 6017/6017
f 5970/5970 6017/6017 6010/6010
f 5989/5989 6007/6007 6018/6018
f 5989/5989 6018/6018 6014/6014
f 6002/6002 5974/5974 6020/6020
f 6002/6002 6020/6020 6026/6026
f 5974/5974 5979/5979 6021/6021
f 5974/5974 6021/6021 6020/6020
f 5979/5979 5984/5984 6022/6022
f 5979/5979 6022/6022 6021/6021
f 6006/6006 5986/5986 6022/6022
f 6006/6006 6022/6022 6027/6027
f 5989/5989 5995/5995 6024/6024
f 5989/5989 6024/6024 6023/6023
f 5996/5996 5969/5969 6019/6019
f 5996/5996 6019/6019 6025/6025
f 5969/5969 6002/6002 6026/6026
f 5969/5969 6026/6026 6019/6019
f 5991/5991 6006/6006 6027/6027
f 5991/5991 6027/6027 6023/6023
f 6079/6079 6155/6155 6202/6202
f 6079/6079 6202/6202 6183/6183
f 6155/6155 6051/6051 6091/6091
f 6155/6155 6091/6091 6202/6202
f 6202/6202 6091/6091 6031/6031
f 6202/6202 6031/6031 6104/6104
f 6183/6183 6202/6202 6104/6104
f 6183/6183 6104/6104 6066/6066
f 6059/6059 6134/6134 6203/6203
f 6059/6059 6203/6203 6181/6181
f 6135/6135 6034/6034 6098/6098
f 6135/6135 6098/6098 6204/6204
f 6204/6204 6098/6098 6038/6038
f 6204/6204 6038/6038 6137/6137
f 6181/6181 6203/6203 6136/6136
f 6181/6181 6136/6136 6061/6061
f 6076/6076 6154/6154 6205/6205
f 6076/6076 6205/6205 6178/6178
f 6154/6154 6053/6053 6123/6123
f 6154/6154 6123/6123 6205/6205
f 6205/6205 6123/6123 6033/6033
f 6205/6205 6033/6033 6093/6093
f 6178/6178 6205/6205 6093/6093
f 6178/6178 6093/6093 6056/6056
f 6056/6056 6093/6093 6206/6206
f 6056/6056 6206/6206 6177/6177
f 6093/6093 6033/6033 6105/6105
f 6093/6093 6105/6105 6206/6206
f 6206/6206 6105/6105 6029/6029
f 6206/6206 6029/6029 6089/6089
f 6177/6177 6206/6206 6089/6089
f 6177/6177 6089/6089 6055/6055
f 6050/6050 6125/6125 6207/6207
f 6050/6050 6207/6207 6120/6120
f 6125/6125 6052/6052 6122/6122
f 6125/6125 6122/6122 6207/6207
f 6207/6207 6122/6122 6032/6032
f 6207/6207 6032/6032 6092/6092
f 6120/6120 6207/6207 6092/6092
f 6120/6120 6092/6092 6028/6028
f 6053/6053 6124/6124 6208/6208
f 6053/6053 6208/6208 6123/6123
f 6124/6124 6051/6051 6121/6121
f 6124/6124 6121/6121 6208/6208
f 6208/6208 6121/6121 6029/6029
f 6208/6208 6029/6029 6105/6105
f 6123/6123 6208/6208 6105/6105
f 6123/6123 6105/6105 6033/6033
f 6061/6061 6136/6136 6209/6209
f 6061/6061 6209/6209 6174/6174
f 6137/6137 6038/6038 6102/6102
f 6137/6137 6102/6102 6210/6210
f 6210/6210 6102/6102 6042/6042
f 6210/6210 6042/6042 6146/6146
f 6174/6174 6209/6209 6145/6145
f 6174/6174 6145/6145 6070/6070
f 6034/6034 6108/6108 6211/6211
f 6034/6034 6211/6211 6098/6098
f 6108/6108 6030/6030 6111/6111
f 6108/6108 6111/6111 6211/6211
f 6211/6211 6111/6111 6036/6036
f 6211/6211 6036/6036 6117/6117
f 6098/6098 6211/6211 6117/6117
f 6098/6098 6117/6117 6038/6038
f 6031/6031 6112/6112 6212/6212
f 6031/6031 6212/6212 6097/6097
f 6112/6112 6035/6035 6099/6099
f 6112/6112 6099/6099 6212/6212
f 6212/6212 6099/6099 6039/6039
f 6212/6212 6039/6039 6088/6088
f 6097/6097 6212/6212 6088/6088
f 6097/6097 6088/6088 6037/6037
f 6066/6066 6104/6104 6213/6213
f 6066/6066 6213/6213 6172/6172
f 6104/6104 6031/6031 6097/6097
f 6104/6104 6097/6097 6213/6213
f 6213/6213 6097/6097 6037/6037
f 6213/6213 6037/6037 6114/6114
f 6172/6172 6213/6213 6114/6114
f 6172/6172 6114/6114 6073/6073
f 6038/6038 6117/6117 6214/6214
f 6038/6038 6214/6214 6102/6102
f 6117/6117 6036/6036 6100/6100
f 6117/6117 6100/6100 6214/6214
f 6214/6214 6100/6100 6040/6040
f 6214/6214 6040/6040 6106/6106
f 6102/6102 6214/6214 6106/6106
f 6102/6102 6106/6106 6042/6042
f 6037/6037 6088/6088 6215/6215
f 6037/6037 6215/6215 6101/6101
f 6088/6088 6039/6039 6103/6103
f 6088/6088 6103/6103 6215/6215
f 6215/6215 6103/6103 6043/6043
f 6215/6215 6043/6043 6110/6110
f 6101/6101 6215/6215 6110/6110
f 6101/6101 6110/6110 6041/6041
f 6073/6073 6114/6114 6216/6216
f 6073/6073 6216/6216 6170/6170
f 6114/6114 6037/6037 6101/6101
f 6114/6114 6101/6101 6216/6216
f 6216/6216 6101/6101 6041/6041
f 6216/6216 6041/6041 6107/6107
f 6170/6170 6216/6216 6107/6107
f 6170/6170 6107/6107 6068/6068
f 6081/6081 6200/6200 6217/6217
f 6081/6081 6217/6217 6116/6116
f 6201/6201 6087/6087 6193/6193
f 6201/6201 6193/6193 6218/6218
f 6218/6218 6193/6193 6063/6063
f 6218/6218 6063/6063 6152/6152
f 6116/6116 6217/6217 6151/6151
f 6116/6116 6151/6151 6046/6046
f 6035/6035 6112/6112 6219/6219
f 6035/6035 6219/6219 6113/6113
f 6112/6112 6031/6031 6091/6091
f 6112/6112 6091/6091 6219/6219
f 6219/6219 6091/6091 6051/6051
f 6219/6219 6051/6051 6124/6124
f 6113/6113 6219/6219 6124/6124
f 6113/6113 6124/6124 6053/6053
f 6030/6030 6108/6108 6220/6220
f 6030/6030 6220/6220 6090/6090
f 6108/6108 6034/6034 6094/6094
f 6108/6108 6094/6094 6220/6220
f 6220/6220 6094/6094 6052/6052
f 6220/6220 6052/6052 6125/6125
f 6090/6090 6220/6220 6125/6125
f 6090/6090 6125/6125 6050/6050
f 6058/6058 6095/6095 6221/6221
f 6058/6058 6221/6221 6158/6158
f 6095/6095 6035/6035 6113/6113
f 6095/6095 6113/6113 6221/6221
f 6221/6221 6113/6113 6053/6053
f 6221/6221 6053/6053 6154/6154
f 6158/6158 6221/6221 6154/6154
f 6158/6158 6154/6154 6076/6076
f 6055/6055 6089/6089 6222/6222
f 6055/6055 6222/6222 6157/6157
f 6089/6089 6029/6029 6121/6121
f 6089/6089 6121/6121 6222/6222
f 6222/6222 6121/6121 6051/6051
f 6222/6222 6051/6051 6155/6155
f 6157/6157 6222/6222 6155/6155
f 6157/6157 6155/6155 6079/6079
f 6028/6028 6130/6130 6223/6223
f 6028/6028 6223/6223 6120/6120
f 6131/6131 6054/6054 6156/6156
f 6131/6131 6156/6156 6224/6224
f 6224/6224 6156/6156 6078/6078
f 6224/6224 6078/6078 6129/6129
f 6120/6120 6223/6223 6128/6128
f 6120/6120 6128/6128 6050/6050
f 6034/6034 6135/6135 6226/6226
f 6034/6034 6226/6226 6094/6094
f 6134/6134 6059/6059 6159/6159
f 6134/6134 6159/6159 6225/6225
f 6225/6225 6159/6159 6077/6077
f 6225/6225 6077/6077 6126/6126
f 6094/6094 6226/6226 6127/6127
f 6094/6094 6127/6127 6052/6052
f 6085/6085 6199/6199 6227/6227
f 6085/6085 6227/6227 6139/6139
f 6199/6199 6083/6083 6189/6189
f 6199/6199 6189/6189 6227/6227
f 6227/6227 6189/6189 6071/6071
f 6227/6227 6071/6071 6166/6166
f 6139/6139 6227/6227 6166/6166
f 6139/6139 6166/6166 6049/6049
f 6082/6082 6198/6198 6228/6228
f 6082/6082 6228/6228 6118/6118
f 6198/6198 6080/6080 6115/6115
f 6198/6198 6115/6115 6228/6228
f 6228/6228 6115/6115 6045/6045
f 6228/6228 6045/6045 6165/6165
f 6118/6118 6228/6228 6165/6165
f 6118/6118 6165/6165 6062/6062
f 6083/6083 6197/6197 6229/6229
f 6083/6083 6229/6229 6189/6189
f 6197/6197 6082/6082 6118/6118
f 6197/6197 6118/6118 6229/6229
f 6229/6229 6118/6118 6062/6062
f 6229/6229 6062/6062 6164/6164
f 6189/6189 6229/6229 6164/6164
f 6189/6189 6164/6164 6071/6071
f 6086/6086 6195/6195 6230/6230
f 6086/6086 6230/6230 6140/6140
f 6196/6196 6084/6084 6138/6138
f 6196/6196 6138/6138 6231/6231
f 6231/6231 6138/6138 6047/6047
f 6231/6231 6047/6047 6162/6162
f 6140/6140 6230/6230 6160/6160
f 6140/6140 6160/6160 6074/6074
f 6087/6087 6194/6194 6232/6232
f 6087/6087 6232/6232 6193/6193
f 6194/6194 6086/6086 6140/6140
f 6194/6194 6140/6140 6232/6232
f 6232/6232 6140/6140 6074/6074
f 6232/6232 6074/6074 6167/6167
f 6193/6193 6232/6232 6167/6167
f 6193/6193 6167/6167 6063/6063
f 6036/6036 6148/6148 6233/6233
f 6036/6036 6233/6233 6100/6100
f 6149/6149 6072/6072 6169/6169
f 6149/6149 6169/6169 6234/6234
f 6234/6234 6169/6169 6067/6067
f 6234/6234 6067/6067 6144/6144
f 6100/6100 6233/6233 6143/6143
f 6100/6100 6143/6143 6040/6040
f 6030/6030 6141/6141 6235/6235
f 6030/6030 6235/6235 6111/6111
f 6142/6142 6065/6065 6171/6171
f 6142/6142 6171/6171 6236/6236
f 6236/6236 6171/6171 6072/6072
f 6236/6236 6072/6072 6149/6149
f 6111/6111 6235/6235 6148/6148
f 6111/6111 6148/6148 6036/6036
f 6039/6039 6096/6096 6237/6237
f 6039/6039 6237/6237 6103/6103
f 6096/6096 6060/6060 6173/6173
f 6096/6096 6173/6173 6237/6237
f 6237/6237 6173/6173 6069/6069
f 6237/6237 6069/6069 6109/6109
f 6103/6103 6237/6237 6109/6109
f 6103/6103 6109/6109 6043/6043
f 6032/6032 6132/6132 6238/6238
f 6032/6032 6238/6238 6092/6092
f 6133/6133 6057/6057 6176/6176
f 6133/6133 6176/6176 6240/6240
f 6239/6239 6175/6175 6054/6054
f 6239/6239 6054/6054 6131/6131
f 6092/6092 6238/6238 6130/6130
f 6092/6092 6130/6130 6028/6028
f 6052/6052 6127/6127 6242/6242
f 6052/6052 6242/6242 6122/6122
f 6126/6126 6077/6077 6179/6179
f 6126/6126 6179/6179 6241/6241
f 6241/6241 6179/6179 6057/6057
f 6241/6241 6057/6057 6133/6133
f 6122/6122 6242/6242 6132/6132
f 6122/6122 6132/6132 6032/6032
f 6035/6035 6095/6095 6243/6243
f 6035/6035 6243/6243 6099/6099
f 6095/6095 6058/6058 6180/6180
f 6095/6095 6180/6180 6243/6243
f 6243/6243 6180/6180 6060/6060
f 6243/6243 6060/6060 6096/6096
f 6099/6099 6243/6243 6096/6096
f 6099/6099 6096/6096 6039/6039
f 6050/6050 6128/6128 6244/6244
f 6050/6050 6244/6244 6090/6090
f 6129/6129 6078/6078 6182/6182
f 6129/6129 6182/6182 6245/6245
f 6245/6245 6182/6182 6065/6065
f 6245/6245 6065/6065 6142/6142
f 6090/6090 6244/6244 6141/6141
f 6090/6090 6141/6141 6030/6030
f 6045/6045 6185/6185 6246/6246
f 6045/6045 6246/6246 6165/6165
f 6185/6185 6049/6049 6166/6166
f 6185/6185 6166/6166 6246/6246
f 6246/6246 6166/6166 6071/6071
f 6246/6246 6071/6071 6164/6164
f 6165/6165 6246/6246 6164/6164
f 6165/6165 6164/6164 6062/6062
f 6064/6064 6168/6168 6248/6248
f 6064/6064 6248/6248 6153/6153
f 6168/6168 6075/6075 6161/6161
f 6168/6168 6161/6161 6248/6248
f 6247/6247 6163/6163 6048/6048
f 6247/6247 6048/6048 6184/6184
f 6150/6150 6247/6247 6184/6184
f 6150/6150 6184/6184 6044/6044
f 6042/6042 6106/6106 6249/6249
f 6042/6042 6249/6249 6147/6147
f 6106/6106 6040/6040 6192/6192
f 6106/6106 6192/6192 6249/6249
f 6040/6040 6143/6143 6250/6250
f 6040/6040 6250/6250 6192/6192
f 6144/6144 6067/6067 6190/6190
f 6144/6144 6190/6190 6251/6251
f 6269/6269 6265/6265 6084/6084
f 6269/6269 6084/6084 6196/6196
f 6267/6267 6268/6268 6195/6195
f 6267/6267 6195/6195 6086/6086
f 6041/6041 6110/6110 6252/6252
f 6041/6041 6252/6252 6119/6119
f 6110/6110 6043/6043 6188/6188
f 6110/6110 6188/6188 6252/6252
f 6043/6043 6109/6109 6253/6253
f 6043/6043 6253/6253 6188/6188
f 6109/6109 6069/6069 6186/6186
f 6109/6109 6186/6186 6253/6253
f 6261/6261 6258/6258 6080/6080
f 6261/6261 6080/6080 6198/6198
f 6260/6260 6261/6261 6198/6198
f 6260/6260 6198/6198 6082/6082
f 6068/6068 6107/6107 6254/6254
f 6068/6068 6254/6254 6191/6191
f 6107/6107 6041/6041 6119/6119
f 6107/6107 6119/6119 6254/6254
f 6270/6270 6264/6264 6083/6083
f 6270/6270 6083/6083 6199/6199
f 6266/6266 6270/6270 6199/6199
f 6266/6266 6199/6199 6085/6085
f 6070/6070 6145/6145 6255/6255
f 6070/6070 6255/6255 6187/6187
f 6146/6146 6042/6042 6147/6147
f 6146/6146 6147/6147 6256/6256
f 6263/6263 6257/6257 6087/6087
f 6263/6263 6087/6087 6201/6201
f 6259/6259 6262/6262 6200/6200
f 6259/6259 6200/6200 6081/6081
f 6307/6307 6279/6279 6087/6087
f 6307/6307 6087/6087 6257/6257
f 6279/6279 6284/6284 6194/6194
f 6279/6279 6194/6194 6087/6087
f 6284/6284 6289/6289 6086/6086
f 6284/6284 6086/6086 6194/6194
f 6313/6313 6287/6287 6083/6083
f 6313/6313 6083/6083 6264/6264
f 6294/6294 6301/6301 6249/6249
f 6294/6294 6249/6249 6192/6192
f 6301/6301 6271/6271 6147/6147
f 6301/6301 6147/6147 6249/6249
f 6271/6271 6307/6307 6257/6257
f 6271/6271 6257/6257 6147/6147
f 6187/6187 6255/6255 6262/6262
f 6187/6187 6262/6262 6259/6259
f 6256/6256 6147/6147 6257/6257
f 6256/6256 6257/6257 6263/6263
f 6188/6188 6253/6253 6261/6261
f 6188/6188 6261/6261 6260/6260
f 6253/6253 6186/6186 6258/6258
f 6253/6253 6258/6258 6261/6261
f 6292/6292 6313/6313 6264/6264
f 6292/6292 6264/6264 6119/6119
f 6191/6191 6254/6254 6270/6270
f 6191/6191 6270/6270 6266/6266
f 6254/6254 6119/6119 6264/6264
f 6254/6254 6264/6264 6270/6270
f 6192/6192 6250/6250 6268/6268
f 6192/6192 6268/6268 6267/6267
f 6251/6251 6190/6190 6265/6265
f 6251/6251 6265/6265 6269/6269
f 6192/6192 6267/6267 6309/6309
f 6192/6192 6309/6309 6294/6294
f 6327/6327 6331/6331 6311/6311
f 6327/6327 6311/6311 6293/6293
f 6318/6318 6322/6322 6312/6312
f 6318/6318 6312/6312 6291/6291
f 6188/6188 6260/6260 6305/6305
f 6188/6188 6305/6305 6275/6275
f 6314/6314 6321/6321 6306/6306
f 6314/6314 6306/6306 6273/6273
f 6323/6323 6330/6330 6308/6308
f 6323/6323 6308/6308 6272/6272
f 6252/6252 6188/6188 6275/6275
f 6252/6252 6275/6275 6298/6298
f 6320/6320 6314/6314 6273/6273
f 6320/6320 6273/6273 6300/6300
f 6329/6329 6323/6323 6272/6272
f 6329/6329 6272/6272 6303/6303
f 6119/6119 6252/6252 6298/6298
f 6119/6119 6298/6298 6292/6292
f 6318/6318 6319/6319 6299/6299
f 6318/6318 6299/6299 6293/6293
f 6327/6327 6328/6328 6302/6302
f 6327/6327 6302/6302 6295/6295
f 6267/6267 6086/6086 6289/6289
f 6267/6267 6289/6289 6309/6309
f 6331/6331 6326/6326 6288/6288
f 6331/6331 6288/6288 6311/6311
f 6322/6322 6317/6317 6286/6286
f 6322/6322 6286/6286 6312/6312
f 6197/6197 6083/6083 6287/6287
f 6197/6197 6287/6287 6282/6282
f 6316/6316 6317/6317 6288/6288
f 6316/6316 6288/6288 6283/6283
f 6325/6325 6326/6326 6290/6290
f 6325/6325 6290/6290 6285/6285
f 6082/6082 6197/6197 6282/6282
f 6082/6082 6282/6282 6277/6277
f 6315/6315 6316/6316 6283/6283
f 6315/6315 6283/6283 6278/6278
f 6324/6324 6325/6325 6285/6285
f 6324/6324 6285/6285 6280/6280
f 6260/6260 6082/6082 6277/6277
f 6260/6260 6277/6277 6305/6305
f 6321/6321 6315/6315 6278/6278
f 6321/6321 6278/6278 6306/6306
f 6330/6330 6324/6324 6280/6280
f 6330/6330 6280/6280 6308/6308
f 6304/6304 6276/6276 6315/6315
f 6304/6304 6315/6315 6321/6321
f 6276/6276 6281/6281 6316/6316
f 6276/6276 6316/6316 6315/6315
f 6281/6281 6286/6286 6317/6317
f 6281/6281 6317/6317 6316/6316
f 6311/6311 6288/6288 6317/6317
f 6311/6311 6317/6317 6322/6322
f 6291/6291 6296/6296 6319/6319
f 6291/6291 6319/6319 6318/6318
f 6297/6297 6274/6274 6314/6314
f 6297/6297 6314/6314 6320/6320
f 6274/6274 6304/6304 6321/6321
f 6274/6274 6321/6321 6314/6314
f 6293/6293 6311/6311 6322/6322
f 6293/6293 6322/6322 6318/6318
f 6306/6306 6278/6278 6324/6324
f 6306/6306 6324/6324 6330/6330
f 6278/6278 6283/6283 6325/6325
f 6278/6278 6325/6325 6324/6324
f 6283/6283 6288/6288 6326/6326
f 6283/6283 6326/6326 6325/6325
f 6310/6310 6290/6290 6326/6326
f 6310/6310 6326/6326 6331/6331
f 6293/6293 6299/6299 6328/6328
f 6293/6293 6328/6328 6327/6327
f 6300/6300 6273/6273 6323/6323
f 6300/6300 6323/6323 6329/6329
f 6273/6273 6306/6306 6330/6330
f 6273/6273 6330/6330 6323/6323
f 6295/6295 6310/6310 6331/6331
f 6295/6295 6331/6331 6327/6327
f 6336/6336 6337/6337 6335/6335
f 6336/6336 6335/6335 6332/6332
f 6342/6342 6345/6345 6358/6358
f 6342/6342 6358/6358 6355/6355
f 6337/6337 6340/6340 6339/6339
f 6337/6337 6339/6339 6335/6335
f 6344/6344 6347/6347 6340/6340
f 6344/6344 6340/6340 6337/6337
f 6341/6341 6333/6333 6348/6348
f 6341/6341 6348/6348 6361/6361
f 6351/6351 6359/6359 6366/6366
f 6351/6351 6366/6366 6368/6368
f 6354/6354 6357/6357 6360/6360
f 6354/6354 6360/6360 6352/6352
f 6358/6358 6361/6361 6372/6372
f 6358/6358 6372/6372 6365/6365
f 6334/6334 6338/6338 6350/6350
f 6334/6334 6350/6350 6349/6349
f 6345/6345 6341/6341 6361/6361
f 6345/6345 6361/6361 6358/6358
f 6346/6346 6343/6343 6356/6356
f 6346/6346 6356/6356 6353/6353
f 6372/6372 6362/6362 6375/6375
f 6372/6372 6375/6375 6380/6380
f 6369/6369 6367/6367 6374/6374
f 6369/6369 6374/6374 6371/6371
f 6349/6349 6350/6350 6364/6364
f 6349/6349 6364/6364 6363/6363
f 6361/6361 6348/6348 6362/6362
f 6361/6361 6362/6362 6372/6372
f 6377/6377 6379/6379 6384/6384
f 6377/6377 6384/6384 6382/6382
f 6370/6370 6373/6373 6381/6381
f 6370/6370 6381/6381 6383/6383
f 6363/6363 6364/6364 6378/6378
f 6363/6363 6378/6378 6376/6376

