mtllib material.mtl
usemtl material_0
v 5.18057907 4.32671358 8.24301797
v 5.18057907 4.32671358 8.24301797
v -4.09008518 4.32671416 8.24301797
v -4.09008518 4.32671416 8.24301797
v 5.18057907 4.29526304 8.22999075
v 5.18057907 4.29526304 8.22999075
v -4.09008518 4.29526347 8.22999075
v -4.09008518 4.29526347 8.22999075
v 5.18057907 4.28223567 8.19854007
v 5.18057907 4.28223567 8.19854007
v -4.09008518 4.28223625 8.19854007
v -4.09008518 4.28223625 8.19854007
v 5.18057907 4.29526304 8.16708938
v 5.18057907 4.29526304 8.16708938
v -4.09008518 4.29526347 8.16708938
v -4.09008518 4.29526347 8.16708938
v 5.18057907 4.32671358 8.15406216
v 5.18057907 4.32671358 8.15406216
v 5.18057907 4.32671358 8.15406216
v -4.09008518 4.32671416 8.15406216
v -4.09008518 4.32671416 8.15406216
v -4.09008518 4.32671416 8.15406216
v 5.18057907 4.35816420 8.16708938
v 5.18057907 4.35816420 8.16708938
v -4.09008518 4.35816463 8.16708938
v -4.09008518 4.35816463 8.16708938
v 5.18057907 4.37119149 8.19854007
v 5.18057907 4.37119149 8.19854007
v -4.09008518 4.37119192 8.19854007
v -4.09008518 4.37119192 8.19854007
v 5.18057907 4.35816420 8.22999075
v 5.18057907 4.35816420 8.22999075
v -4.09008518 4.35816463 8.22999075
v -4.09008518 4.35816463 8.22999075
v -1.63964854 3.92160527 6.02595173
v -1.63964854 3.92160527 6.02595173
v -1.63964854 4.76392706 6.02595173
v -1.63964854 4.76392706 6.02595173
v -1.65825184 3.92160527 6.01824600
v -1.65825184 3.92160527 6.01824600
v -1.65825184 4.76392706 6.01824600
v -1.65825184 4.76392706 6.01824600
v -1.66595752 3.92160527 5.99964275
v -1.66595752 3.92160527 5.99964275
v -1.66595752 4.76392706 5.99964275
v -1.66595752 4.76392706 5.99964275
v -1.65825184 3.92160527 5.98103950
v -1.65825184 3.92160527 5.98103950
v -1.65825184 4.76392706 5.98103950
v -1.65825184 4.76392706 5.98103950
v -1.63964854 3.92160527 5.97333377
v -1.63964854 3.92160527 5.97333377
v -1.63964854 3.92160527 5.97333377
v -1.63964854 4.76392706 5.97333377
v -1.63964854 4.76392706 5.97333377
v -1.63964854 4.76392706 5.97333377
v -1.62104525 3.92160527 5.98103950
v -1.62104525 3.92160527 5.98103950
v -1.62104525 4.76392706 5.98103950
v -1.62104525 4.76392706 5.98103950
v -1.61333956 3.92160527 5.99964275
v -1.61333956 3.92160527 5.99964275
v -1.61333956 4.76392706 5.99964275
v -1.61333956 4.76392706 5.99964275
v -1.62104525 3.92160527 6.01824600
v -1.62104525 3.92160527 6.01824600
v -1.62104525 4.76392706 6.01824600
v -1.62104525 4.76392706 6.01824600
v 1.46076444 3.92160527 6.02595173
v 1.46076444 3.92160527 6.02595173
v 1.46076444 4.76392689 6.02595173
v 1.46076444 4.76392689 6.02595173
v 1.47936790 3.92160527 6.01824600
v 1.47936790 3.92160527 6.01824600
v 1.47936790 4.76392689 6.01824600
v 1.47936790 4.76392689 6.01824600
v 1.48707359 3.92160527 5.99964275
v 1.48707359 3.92160527 5.99964275
v 1.48707359 4.76392689 5.99964275
v 1.48707359 4.76392689 5.99964275
v 1.47936790 3.92160527 5.98103950
v 1.47936790 3.92160527 5.98103950
v 1.47936790 4.76392689 5.98103950
v 1.47936790 4.76392689 5.98103950
v 1.46076444 3.92160527 5.97333377
v 1.46076444 3.92160527 5.97333377
v 1.46076444 3.92160527 5.97333377
v 1.46076444 4.76392689 5.97333377
v 1.46076444 4.76392689 5.97333377
v 1.46076444 4.76392689 5.97333377
v 1.44216132 3.92160527 5.98103950
v 1.44216132 3.92160527 5.98103950
v 1.44216132 4.76392689 5.98103950
v 1.44216132 4.76392689 5.98103950
v 1.43445563 3.92160527 5.99964275
v 1.43445563 3.92160527 5.99964275
v 1.43445563 4.76392689 5.99964275
v 1.43445563 4.76392689 5.99964275
v 1.44216132 3.92160527 6.01824600
v 1.44216132 3.92160527 6.01824600
v 1.44216132 4.76392689 6.01824600
v 1.44216132 4.76392689 6.01824600
v -1.63964854 3.92160527 4.86647652
v -1.63964854 3.92160527 4.86647652
v -1.63964854 4.76392689 4.86647652
v -1.63964854 4.76392689 4.86647652
v -1.65825184 3.92160527 4.87418220
v -1.65825184 3.92160527 4.87418220
v -1.65825184 4.76392689 4.87418220
v -1.65825184 4.76392689 4.87418220
v -1.66595752 3.92160527 4.89278550
v -1.66595752 3.92160527 4.89278550
v -1.66595752 4.76392689 4.89278550
v -1.66595752 4.76392689 4.89278550
v -1.65825184 3.92160527 4.91138870
v -1.65825184 3.92160527 4.91138870
v -1.65825184 4.76392689 4.91138870
v -1.65825184 4.76392689 4.91138870
v -1.63964854 3.92160527 4.91909448
v -1.63964854 3.92160527 4.91909448
v -1.63964854 3.92160527 4.91909448
v -1.63964854 4.76392689 4.91909448
v -1.63964854 4.76392689 4.91909448
v -1.63964854 4.76392689 4.91909448
v -1.62104525 3.92160527 4.91138870
v -1.62104525 3.92160527 4.91138870
v -1.62104525 4.76392689 4.91138870
v -1.62104525 4.76392689 4.91138870
v -1.61333956 3.92160527 4.89278550
v -1.61333956 3.92160527 4.89278550
v -1.61333956 4.76392689 4.89278550
v -1.61333956 4.76392689 4.89278550
v -1.62104525 3.92160527 4.87418220
v -1.62104525 3.92160527 4.87418220
v -1.62104525 4.76392689 4.87418220
v -1.62104525 4.76392689 4.87418220
v 1.46076444 3.92160527 4.86647652
v 1.46076444 3.92160527 4.86647652
v 1.46076444 4.76392681 4.86647652
v 1.46076444 4.76392681 4.86647652
v 1.47936790 3.92160527 4.87418220
v 1.47936790 3.92160527 4.87418220
v 1.47936790 4.76392681 4.87418220
v 1.47936790 4.76392681 4.87418220
v 1.48707359 3.92160527 4.89278550
v 1.48707359 3.92160527 4.89278550
v 1.48707359 4.76392681 4.89278550
v 1.48707359 4.76392681 4.89278550
v 1.47936790 3.92160527 4.91138870
v 1.47936790 3.92160527 4.91138870
v 1.47936790 4.76392681 4.91138870
v 1.47936790 4.76392681 4.91138870
v 1.46076444 3.92160527 4.91909448
v 1.46076444 3.92160527 4.91909448
v 1.46076444 3.92160527 4.91909448
v 1.46076444 4.76392681 4.91909448
v 1.46076444 4.76392681 4.91909448
v 1.46076444 4.76392681 4.91909448
v 1.44216132 3.92160527 4.91138870
v 1.44216132 3.92160527 4.91138870
v 1.44216132 4.76392681 4.91138870
v 1.44216132 4.76392681 4.91138870
v 1.43445563 3.92160527 4.89278550
v 1.43445563 3.92160527 4.89278550
v 1.43445563 4.76392681 4.89278550
v 1.43445563 4.76392681 4.89278550
v 1.44216132 3.92160527 4.87418220
v 1.44216132 3.92160527 4.87418220
v 1.44216132 4.76392681 4.87418220
v 1.44216132 4.76392681 4.87418220
v -1.38230319 3.35944184 5.47252310
v -1.38230319 3.35944184 5.47252310
v -1.38230319 3.88237809 5.47252310
v -1.38230319 3.88237809 5.47252310
v -1.40090648 3.35944184 5.46481738
v -1.40090648 3.35944184 5.46481738
v -1.40090648 3.88237809 5.46481738
v -1.40090648 3.88237809 5.46481738
v -1.40861217 3.35944184 5.44621412
v -1.40861217 3.35944184 5.44621412
v -1.40861217 3.88237809 5.44621412
v -1.40861217 3.88237809 5.44621412
v -1.40090648 3.35944184 5.42761087
v -1.40090648 3.35944184 5.42761087
v -1.40090648 3.88237809 5.42761087
v -1.40090648 3.88237809 5.42761087
v -1.38230319 3.35944184 5.41990515
v -1.38230319 3.35944184 5.41990515
v -1.38230319 3.35944184 5.41990515
v -1.38230319 3.88237809 5.41990515
v -1.38230319 3.88237809 5.41990515
v -1.38230319 3.88237809 5.41990515
v -1.36369989 3.35944184 5.42761087
v -1.36369989 3.35944184 5.42761087
v -1.36369989 3.88237809 5.42761087
v -1.36369989 3.88237809 5.42761087
v -1.35599421 3.35944184 5.44621412
v -1.35599421 3.35944184 5.44621412
v -1.35599421 3.88237809 5.44621412
v -1.35599421 3.88237809 5.44621412
v -1.36369989 3.35944184 5.46481738
v -1.36369989 3.35944184 5.46481738
v -1.36369989 3.88237809 5.46481738
v -1.36369989 3.88237809 5.46481738
v 1.22685461 3.35944184 5.47252310
v 1.22685461 3.35944184 5.47252310
v 1.22685461 3.88237809 5.47252310
v 1.22685461 3.88237809 5.47252310
v 1.20825132 3.35944184 5.46481738
v 1.20825132 3.35944184 5.46481738
v 1.20825132 3.88237809 5.46481738
v 1.20825132 3.88237809 5.46481738
v 1.20054563 3.35944184 5.44621412
v 1.20054563 3.35944184 5.44621412
v 1.20054563 3.88237809 5.44621412
v 1.20054563 3.88237809 5.44621412
v 1.20825132 3.35944184 5.42761087
v 1.20825132 3.35944184 5.42761087
v 1.20825132 3.88237809 5.42761087
v 1.20825132 3.88237809 5.42761087
v 1.22685461 3.35944184 5.41990515
v 1.22685461 3.35944184 5.41990515
v 1.22685461 3.35944184 5.41990515
v 1.22685461 3.88237809 5.41990515
v 1.22685461 3.88237809 5.41990515
v 1.22685461 3.88237809 5.41990515
v 1.24545790 3.35944184 5.42761087
v 1.24545790 3.35944184 5.42761087
v 1.24545790 3.88237809 5.42761087
v 1.24545790 3.88237809 5.42761087
v 1.25316359 3.35944184 5.44621412
v 1.25316359 3.35944184 5.44621412
v 1.25316359 3.88237809 5.44621412
v 1.25316359 3.88237809 5.44621412
v 1.24545790 3.35944184 5.46481738
v 1.24545790 3.35944184 5.46481738
v 1.24545790 3.88237809 5.46481738
v 1.24545790 3.88237809 5.46481738
v 1.40867186 3.23949753 5.90370601
v 1.40867186 3.23949753 5.90370601
v -1.59139296 3.23949788 5.90370601
v -1.59139296 3.23949788 5.90370601
v 1.40867186 3.22089433 5.89600028
v 1.40867186 3.22089433 5.89600028
v -1.59139296 3.22089458 5.89600028
v -1.59139296 3.22089458 5.89600028
v 1.40867186 3.21318855 5.87739703
v 1.40867186 3.21318855 5.87739703
v -1.59139296 3.21318890 5.87739703
v -1.59139296 3.21318890 5.87739703
v 1.40867186 3.22089433 5.85879378
v 1.40867186 3.22089433 5.85879378
v -1.59139296 3.22089458 5.85879378
v -1.59139296 3.22089458 5.85879378
v 1.40867186 3.23949753 5.85108805
v 1.40867186 3.23949753 5.85108805
v 1.40867186 3.23949753 5.85108805
v -1.59139296 3.23949788 5.85108805
v -1.59139296 3.23949788 5.85108805
v -1.59139296 3.23949788 5.85108805
v 1.40867186 3.25810083 5.85879378
v 1.40867186 3.25810083 5.85879378
v -1.59139296 3.25810108 5.85879378
v -1.59139296 3.25810108 5.85879378
v 1.40867186 3.26580656 5.87739703
v 1.40867186 3.26580656 5.87739703
v -1.59139296 3.26580681 5.87739703
v -1.59139296 3.26580681 5.87739703
v 1.40867186 3.25810083 5.89600028
v 1.40867186 3.25810083 5.89600028
v -1.59139296 3.25810108 5.89600028
v -1.59139296 3.25810108 5.89600028
v 1.40867186 3.23949753 5.03849331
v 1.40867186 3.23949753 5.03849331
v -1.59139296 3.23949788 5.03849331
v -1.59139296 3.23949788 5.03849331
v 1.40867186 3.22089433 5.03078758
v 1.40867186 3.22089433 5.03078758
v -1.59139296 3.22089458 5.03078758
v -1.59139296 3.22089458 5.03078758
v 1.40867186 3.21318855 5.01218433
v 1.40867186 3.21318855 5.01218433
v -1.59139296 3.21318890 5.01218433
v -1.59139296 3.21318890 5.01218433
v 1.40867186 3.22089433 4.99358108
v 1.40867186 3.22089433 4.99358108
v -1.59139296 3.22089458 4.99358108
v -1.59139296 3.22089458 4.99358108
v 1.40867186 3.23949753 4.98587535
v 1.40867186 3.23949753 4.98587535
v 1.40867186 3.23949753 4.98587535
v -1.59139296 3.23949788 4.98587535
v -1.59139296 3.23949788 4.98587535
v -1.59139296 3.23949788 4.98587535
v 1.40867186 3.25810083 4.99358108
v 1.40867186 3.25810083 4.99358108
v -1.59139296 3.25810108 4.99358108
v -1.59139296 3.25810108 4.99358108
v 1.40867186 3.26580656 5.01218433
v 1.40867186 3.26580656 5.01218433
v -1.59139296 3.26580681 5.01218433
v -1.59139296 3.26580681 5.01218433
v 1.40867186 3.25810083 5.03078758
v 1.40867186 3.25810083 5.03078758
v -1.59139296 3.25810108 5.03078758
v -1.59139296 3.25810108 5.03078758
v -0.21227975 2.52554661 5.89796647
v -0.21227975 2.52554661 5.89796647
v -1.58991613 2.52554695 5.89796647
v -1.58991613 2.52554695 5.89796647
v -0.21227975 2.51350852 5.89298003
v -0.21227975 2.51350852 5.89298003
v -1.58991613 2.51350852 5.89298003
v -1.58991613 2.51350852 5.89298003
v -0.21227975 2.50852216 5.88094180
v -0.21227975 2.50852216 5.88094180
v -1.58991613 2.50852216 5.88094180
v -1.58991613 2.50852216 5.88094180
v -0.21227975 2.51350852 5.86890358
v -0.21227975 2.51350852 5.86890358
v -1.58991613 2.51350852 5.86890358
v -1.58991613 2.51350852 5.86890358
v -0.21227975 2.52554661 5.86391714
v -0.21227975 2.52554661 5.86391714
v -0.21227975 2.52554661 5.86391714
v -1.58991613 2.52554695 5.86391714
v -1.58991613 2.52554695 5.86391714
v -1.58991613 2.52554695 5.86391714
v -0.21227975 2.53758505 5.86890358
v -0.21227975 2.53758505 5.86890358
v -1.58991613 2.53758505 5.86890358
v -1.58991613 2.53758505 5.86890358
v -0.21227975 2.54257140 5.88094180
v -0.21227975 2.54257140 5.88094180
v -1.58991613 2.54257149 5.88094180
v -1.58991613 2.54257149 5.88094180
v -0.21227975 2.53758505 5.89298003
v -0.21227975 2.53758505 5.89298003
v -1.58991613 2.53758505 5.89298003
v -1.58991613 2.53758505 5.89298003
v 1.37697615 2.52554661 5.89796647
v 1.37697615 2.52554661 5.89796647
v -0.00066040 2.52554695 5.89796647
v -0.00066040 2.52554695 5.89796647
v 1.37697615 2.51350852 5.89298003
v 1.37697615 2.51350852 5.89298003
v -0.00066040 2.51350852 5.89298003
v -0.00066040 2.51350852 5.89298003
v 1.37697615 2.50852216 5.88094180
v 1.37697615 2.50852216 5.88094180
v -0.00066040 2.50852216 5.88094180
v -0.00066040 2.50852216 5.88094180
v 1.37697615 2.51350852 5.86890358
v 1.37697615 2.51350852 5.86890358
v -0.00066040 2.51350852 5.86890358
v -0.00066040 2.51350852 5.86890358
v 1.37697615 2.52554661 5.86391714
v 1.37697615 2.52554661 5.86391714
v 1.37697615 2.52554661 5.86391714
v -0.00066040 2.52554695 5.86391714
v -0.00066040 2.52554695 5.86391714
v -0.00066040 2.52554695 5.86391714
v 1.37697615 2.53758505 5.86890358
v 1.37697615 2.53758505 5.86890358
v -0.00066040 2.53758505 5.86890358
v -0.00066040 2.53758505 5.86890358
v 1.37697615 2.54257140 5.88094180
v 1.37697615 2.54257140 5.88094180
v -0.00066040 2.54257149 5.88094180
v -0.00066040 2.54257149 5.88094180
v 1.37697615 2.53758505 5.89298003
v 1.37697615 2.53758505 5.89298003
v -0.00066040 2.53758505 5.89298003
v -0.00066040 2.53758505 5.89298003
v -0.21227975 2.52554661 5.02357993
v -0.21227975 2.52554661 5.02357993
v -1.58991613 2.52554695 5.02357993
v -1.58991613 2.52554695 5.02357993
v -0.21227975 2.51350852 5.01859349
v -0.21227975 2.51350852 5.01859349
v -1.58991613 2.51350852 5.01859349
v -1.58991613 2.51350852 5.01859349
v -0.21227975 2.50852216 5.00655527
v -0.21227975 2.50852216 5.00655527
v -1.58991613 2.50852216 5.00655527
v -1.58991613 2.50852216 5.00655527
v -0.21227975 2.51350852 4.99451705
v -0.21227975 2.51350852 4.99451705
v -1.58991613 2.51350852 4.99451705
v -1.58991613 2.51350852 4.99451705
v -0.21227975 2.52554661 4.98953061
v -0.21227975 2.52554661 4.98953061
v -0.21227975 2.52554661 4.98953061
v -1.58991613 2.52554695 4.98953061
v -1.58991613 2.52554695 4.98953061
v -1.58991613 2.52554695 4.98953061
v -0.21227975 2.53758505 4.99451705
v -0.21227975 2.53758505 4.99451705
v -1.58991613 2.53758505 4.99451705
v -1.58991613 2.53758505 4.99451705
v -0.21227975 2.54257140 5.00655527
v -0.21227975 2.54257140 5.00655527
v -1.58991613 2.54257149 5.00655527
v -1.58991613 2.54257149 5.00655527
v -0.21227975 2.53758505 5.01859349
v -0.21227975 2.53758505 5.01859349
v -1.58991613 2.53758505 5.01859349
v -1.58991613 2.53758505 5.01859349
v 1.37697615 2.52554661 5.02357993
v 1.37697615 2.52554661 5.02357993
v -0.00066040 2.52554695 5.02357993
v -0.00066040 2.52554695 5.02357993
v 1.37697615 2.51350852 5.01859349
v 1.37697615 2.51350852 5.01859349
v -0.00066040 2.51350852 5.01859349
v -0.00066040 2.51350852 5.01859349
v 1.37697615 2.50852216 5.00655527
v 1.37697615 2.50852216 5.00655527
v -0.00066040 2.50852216 5.00655527
v -0.00066040 2.50852216 5.00655527
v 1.37697615 2.51350852 4.99451705
v 1.37697615 2.51350852 4.99451705
v -0.00066040 2.51350852 4.99451705
v -0.00066040 2.51350852 4.99451705
v 1.37697615 2.52554661 4.98953061
v 1.37697615 2.52554661 4.98953061
v 1.37697615 2.52554661 4.98953061
v -0.00066040 2.52554695 4.98953061
v -0.00066040 2.52554695 4.98953061
v -0.00066040 2.52554695 4.98953061
v 1.37697615 2.53758505 4.99451705
v 1.37697615 2.53758505 4.99451705
v -0.00066040 2.53758505 4.99451705
v -0.00066040 2.53758505 4.99451705
v 1.37697615 2.54257140 5.00655527
v 1.37697615 2.54257140 5.00655527
v -0.00066040 2.54257149 5.00655527
v -0.00066040 2.54257149 5.00655527
v 1.37697615 2.53758505 5.01859349
v 1.37697615 2.53758505 5.01859349
v -0.00066040 2.53758505 5.01859349
v -0.00066040 2.53758505 5.01859349
v -6.11415401 3.92160527 3.81359927
v -6.11415401 3.92160527 3.81359927
v -6.11415401 4.76392706 3.81359927
v -6.11415401 4.76392706 3.81359927
v -6.13275730 3.92160527 3.80589354
v -6.13275730 3.92160527 3.80589354
v -6.13275730 4.76392706 3.80589354
v -6.13275730 4.76392706 3.80589354
v -6.14046299 3.92160527 3.78729029
v -6.14046299 3.92160527 3.78729029
v -6.14046299 4.76392706 3.78729029
v -6.14046299 4.76392706 3.78729029
v -6.13275730 3.92160527 3.76868704
v -6.13275730 3.92160527 3.76868704
v -6.13275730 4.76392706 3.76868704
v -6.13275730 4.76392706 3.76868704
v -6.11415401 3.92160527 3.76098131
v -6.11415401 3.92160527 3.76098131
v -6.11415401 3.92160527 3.76098131
v -6.11415401 4.76392706 3.76098131
v -6.11415401 4.76392706 3.76098131
v -6.11415401 4.76392706 3.76098131
v -6.09555072 3.92160527 3.76868704
v -6.09555072 3.92160527 3.76868704
v -6.09555072 4.76392706 3.76868704
v -6.09555072 4.76392706 3.76868704
v -6.08784503 3.92160527 3.78729029
v -6.08784503 3.92160527 3.78729029
v -6.08784503 4.76392706 3.78729029
v -6.08784503 4.76392706 3.78729029
v -6.09555072 3.92160527 3.80589354
v -6.09555072 3.92160527 3.80589354
v -6.09555072 4.76392706 3.80589354
v -6.09555072 4.76392706 3.80589354
v -3.01374102 3.92160527 3.81359927
v -3.01374102 3.92160527 3.81359927
v -3.01374102 4.76392689 3.81359927
v -3.01374102 4.76392689 3.81359927
v -2.99513756 3.92160527 3.80589354
v -2.99513756 3.92160527 3.80589354
v -2.99513756 4.76392689 3.80589354
v -2.99513756 4.76392689 3.80589354
v -2.98743187 3.92160527 3.78729029
v -2.98743187 3.92160527 3.78729029
v -2.98743187 4.76392689 3.78729029
v -2.98743187 4.76392689 3.78729029
v -2.99513756 3.92160527 3.76868704
v -2.99513756 3.92160527 3.76868704
v -2.99513756 4.76392689 3.76868704
v -2.99513756 4.76392689 3.76868704
v -3.01374102 3.92160527 3.76098131
v -3.01374102 3.92160527 3.76098131
v -3.01374102 3.92160527 3.76098131
v -3.01374102 4.76392689 3.76098131
v -3.01374102 4.76392689 3.76098131
v -3.01374102 4.76392689 3.76098131
v -3.03234414 3.92160527 3.76868704
v -3.03234414 3.92160527 3.76868704
v -3.03234414 4.76392689 3.76868704
v -3.03234414 4.76392689 3.76868704
v -3.04004983 3.92160527 3.78729029
v -3.04004983 3.92160527 3.78729029
v -3.04004983 4.76392689 3.78729029
v -3.04004983 4.76392689 3.78729029
v -3.03234414 3.92160527 3.80589354
v -3.03234414 3.92160527 3.80589354
v -3.03234414 4.76392689 3.80589354
v -3.03234414 4.76392689 3.80589354
v -6.11415401 3.92160527 2.65412405
v -6.11415401 3.92160527 2.65412405
v -6.11415401 4.76392689 2.65412405
v -6.11415401 4.76392689 2.65412405
v -6.13275730 3.92160527 2.66182974
v -6.13275730 3.92160527 2.66182974
v -6.13275730 4.76392689 2.66182974
v -6.13275730 4.76392689 2.66182974
v -6.14046299 3.92160527 2.68043303
v -6.14046299 3.92160527 2.68043303
v -6.14046299 4.76392689 2.68043303
v -6.14046299 4.76392689 2.68043303
v -6.13275730 3.92160527 2.69903624
v -6.13275730 3.92160527 2.69903624
v -6.13275730 4.76392689 2.69903624
v -6.13275730 4.76392689 2.69903624
v -6.11415401 3.92160527 2.70674201
v -6.11415401 3.92160527 2.70674201
v -6.11415401 3.92160527 2.70674201
v -6.11415401 4.76392689 2.70674201
v -6.11415401 4.76392689 2.70674201
v -6.11415401 4.76392689 2.70674201
v -6.09555072 3.92160527 2.69903624
v -6.09555072 3.92160527 2.69903624
v -6.09555072 4.76392689 2.69903624
v -6.09555072 4.76392689 2.69903624
v -6.08784503 3.92160527 2.68043303
v -6.08784503 3.92160527 2.68043303
v -6.08784503 4.76392689 2.68043303
v -6.08784503 4.76392689 2.68043303
v -6.09555072 3.92160527 2.66182974
v -6.09555072 3.92160527 2.66182974
v -6.09555072 4.76392689 2.66182974
v -6.09555072 4.76392689 2.66182974
v -3.01374102 3.92160527 2.65412405
v -3.01374102 3.92160527 2.65412405
v -3.01374102 4.76392681 2.65412405
v -3.01374102 4.76392681 2.65412405
v -2.99513756 3.92160527 2.66182974
v -2.99513756 3.92160527 2.66182974
v -2.99513756 4.76392681 2.66182974
v -2.99513756 4.76392681 2.66182974
v -2.98743187 3.92160527 2.68043303
v -2.98743187 3.92160527 2.68043303
v -2.98743187 4.76392681 2.68043303
v -2.98743187 4.76392681 2.68043303
v -2.99513756 3.92160527 2.69903624
v -2.99513756 3.92160527 2.69903624
v -2.99513756 4.76392681 2.69903624
v -2.99513756 4.76392681 2.69903624
v -3.01374102 3.92160527 2.70674201
v -3.01374102 3.92160527 2.70674201
v -3.01374102 3.92160527 2.70674201
v -3.01374102 4.76392681 2.70674201
v -3.01374102 4.76392681 2.70674201
v -3.01374102 4.76392681 2.70674201
v -3.03234414 3.92160527 2.69903624
v -3.03234414 3.92160527 2.69903624
v -3.03234414 4.76392681 2.69903624
v -3.03234414 4.76392681 2.69903624
v -3.04004983 3.92160527 2.68043303
v -3.04004983 3.92160527 2.68043303
v -3.04004983 4.76392681 2.68043303
v -3.04004983 4.76392681 2.68043303
v -3.03234414 3.92160527 2.66182974
v -3.03234414 3.92160527 2.66182974
v -3.03234414 4.76392681 2.66182974
v -3.03234414 4.76392681 2.66182974
v -5.85680865 3.35944184 3.26017063
v -5.85680865 3.35944184 3.26017063
v -5.85680865 3.88237809 3.26017063
v -5.85680865 3.88237809 3.26017063
v -5.87541194 3.35944184 3.25246491
v -5.87541194 3.35944184 3.25246491
v -5.87541194 3.88237809 3.25246491
v -5.87541194 3.88237809 3.25246491
v -5.88311763 3.35944184 3.23386166
v -5.88311763 3.35944184 3.23386166
v -5.88311763 3.88237809 3.23386166
v -5.88311763 3.88237809 3.23386166
v -5.87541194 3.35944184 3.21525841
v -5.87541194 3.35944184 3.21525841
v -5.87541194 3.88237809 3.21525841
v -5.87541194 3.88237809 3.21525841
v -5.85680865 3.35944184 3.20755269
v -5.85680865 3.35944184 3.20755269
v -5.85680865 3.35944184 3.20755269
v -5.85680865 3.88237809 3.20755269
v -5.85680865 3.88237809 3.20755269
v -5.85680865 3.88237809 3.20755269
v -5.83820536 3.35944184 3.21525841
v -5.83820536 3.35944184 3.21525841
v -5.83820536 3.88237809 3.21525841
v -5.83820536 3.88237809 3.21525841
v -5.83049967 3.35944184 3.23386166
v -5.83049967 3.35944184 3.23386166
v -5.83049967 3.88237809 3.23386166
v -5.83049967 3.88237809 3.23386166
v -5.83820536 3.35944184 3.25246491
v -5.83820536 3.35944184 3.25246491
v -5.83820536 3.88237809 3.25246491
v -5.83820536 3.88237809 3.25246491
v -3.24765085 3.35944184 3.26017063
v -3.24765085 3.35944184 3.26017063
v -3.24765085 3.88237809 3.26017063
v -3.24765085 3.88237809 3.26017063
v -3.26625415 3.35944184 3.25246491
v -3.26625415 3.35944184 3.25246491
v -3.26625415 3.88237809 3.25246491
v -3.26625415 3.88237809 3.25246491
v -3.27395983 3.35944184 3.23386166
v -3.27395983 3.35944184 3.23386166
v -3.27395983 3.88237809 3.23386166
v -3.27395983 3.88237809 3.23386166
v -3.26625415 3.35944184 3.21525841
v -3.26625415 3.35944184 3.21525841
v -3.26625415 3.88237809 3.21525841
v -3.26625415 3.88237809 3.21525841
v -3.24765085 3.35944184 3.20755269
v -3.24765085 3.35944184 3.20755269
v -3.24765085 3.35944184 3.20755269
v -3.24765085 3.88237809 3.20755269
v -3.24765085 3.88237809 3.20755269
v -3.24765085 3.88237809 3.20755269
v -3.22904756 3.35944184 3.21525841
v -3.22904756 3.35944184 3.21525841
v -3.22904756 3.88237809 3.21525841
v -3.22904756 3.88237809 3.21525841
v -3.22134187 3.35944184 3.23386166
v -3.22134187 3.35944184 3.23386166
v -3.22134187 3.88237809 3.23386166
v -3.22134187 3.88237809 3.23386166
v -3.22904756 3.35944184 3.25246491
v -3.22904756 3.35944184 3.25246491
v -3.22904756 3.88237809 3.25246491
v -3.22904756 3.88237809 3.25246491
v -3.06583361 3.23949753 3.69135355
v -3.06583361 3.23949753 3.69135355
v -6.06589843 3.23949788 3.69135355
v -6.06589843 3.23949788 3.69135355
v -3.06583361 3.22089433 3.68364781
v -3.06583361 3.22089433 3.68364781
v -6.06589843 3.22089458 3.68364781
v -6.06589843 3.22089458 3.68364781
v -3.06583361 3.21318855 3.66504457
v -3.06583361 3.21318855 3.66504457
v -6.06589843 3.21318890 3.66504457
v -6.06589843 3.21318890 3.66504457
v -3.06583361 3.22089433 3.64644132
v -3.06583361 3.22089433 3.64644132
v -6.06589843 3.22089458 3.64644132
v -6.06589843 3.22089458 3.64644132
v -3.06583361 3.23949753 3.63873559
v -3.06583361 3.23949753 3.63873559
v -3.06583361 3.23949753 3.63873559
v -6.06589843 3.23949788 3.63873559
v -6.06589843 3.23949788 3.63873559
v -6.06589843 3.23949788 3.63873559
v -3.06583361 3.25810083 3.64644132
v -3.06583361 3.25810083 3.64644132
v -6.06589843 3.25810108 3.64644132
v -6.06589843 3.25810108 3.64644132
v -3.06583361 3.26580656 3.66504457
v -3.06583361 3.26580656 3.66504457
v -6.06589843 3.26580681 3.66504457
v -6.06589843 3.26580681 3.66504457
v -3.06583361 3.25810083 3.68364781
v -3.06583361 3.25810083 3.68364781
v -6.06589843 3.25810108 3.68364781
v -6.06589843 3.25810108 3.68364781
v -3.06583361 3.23949753 2.82614085
v -3.06583361 3.23949753 2.82614085
v -6.06589843 3.23949788 2.82614085
v -6.06589843 3.23949788 2.82614085
v -3.06583361 3.22089433 2.81843511
v -3.06583361 3.22089433 2.81843511
v -6.06589843 3.22089458 2.81843511
v -6.06589843 3.22089458 2.81843511
v -3.06583361 3.21318855 2.79983187
v -3.06583361 3.21318855 2.79983187
v -6.06589843 3.21318890 2.79983187
v -6.06589843 3.21318890 2.79983187
v -3.06583361 3.22089433 2.78122862
v -3.06583361 3.22089433 2.78122862
v -6.06589843 3.22089458 2.78122862
v -6.06589843 3.22089458 2.78122862
v -3.06583361 3.23949753 2.77352289
v -3.06583361 3.23949753 2.77352289
v -3.06583361 3.23949753 2.77352289
v -6.06589843 3.23949788 2.77352289
v -6.06589843 3.23949788 2.77352289
v -6.06589843 3.23949788 2.77352289
v -3.06583361 3.25810083 2.78122862
v -3.06583361 3.25810083 2.78122862
v -6.06589843 3.25810108 2.78122862
v -6.06589843 3.25810108 2.78122862
v -3.06583361 3.26580656 2.79983187
v -3.06583361 3.26580656 2.79983187
v -6.06589843 3.26580681 2.79983187
v -6.06589843 3.26580681 2.79983187
v -3.06583361 3.25810083 2.81843511
v -3.06583361 3.25810083 2.81843511
v -6.06589843 3.25810108 2.81843511
v -6.06589843 3.25810108 2.81843511
v -4.68678522 2.52554661 3.68561400
v -4.68678522 2.52554661 3.68561400
v -6.06442159 2.52554695 3.68561400
v -6.06442159 2.52554695 3.68561400
v -4.68678522 2.51350852 3.68062756
v -4.68678522 2.51350852 3.68062756
v -6.06442159 2.51350852 3.68062756
v -6.06442159 2.51350852 3.68062756
v -4.68678522 2.50852216 3.66858934
v -4.68678522 2.50852216 3.66858934
v -6.06442159 2.50852216 3.66858934
v -6.06442159 2.50852216 3.66858934
v -4.68678522 2.51350852 3.65655112
v -4.68678522 2.51350852 3.65655112
v -6.06442159 2.51350852 3.65655112
v -6.06442159 2.51350852 3.65655112
v -4.68678522 2.52554661 3.65156468
v -4.68678522 2.52554661 3.65156468
v -4.68678522 2.52554661 3.65156468
v -6.06442159 2.52554695 3.65156468
v -6.06442159 2.52554695 3.65156468
v -6.06442159 2.52554695 3.65156468
v -4.68678522 2.53758505 3.65655112
v -4.68678522 2.53758505 3.65655112
v -6.06442159 2.53758505 3.65655112
v -6.06442159 2.53758505 3.65655112
v -4.68678522 2.54257140 3.66858934
v -4.68678522 2.54257140 3.66858934
v -6.06442159 2.54257149 3.66858934
v -6.06442159 2.54257149 3.66858934
v -4.68678522 2.53758505 3.68062756
v -4.68678522 2.53758505 3.68062756
v -6.06442159 2.53758505 3.68062756
v -6.06442159 2.53758505 3.68062756
v -3.09752931 2.52554661 3.68561400
v -3.09752931 2.52554661 3.68561400
v -4.47516586 2.52554695 3.68561400
v -4.47516586 2.52554695 3.68561400
v -3.09752931 2.51350852 3.68062756
v -3.09752931 2.51350852 3.68062756
v -4.47516586 2.51350852 3.68062756
v -4.47516586 2.51350852 3.68062756
v -3.09752931 2.50852216 3.66858934
v -3.09752931 2.50852216 3.66858934
v -4.47516586 2.50852216 3.66858934
v -4.47516586 2.50852216 3.66858934
v -3.09752931 2.51350852 3.65655112
v -3.09752931 2.51350852 3.65655112
v -4.47516586 2.51350852 3.65655112
v -4.47516586 2.51350852 3.65655112
v -3.09752931 2.52554661 3.65156468
v -3.09752931 2.52554661 3.65156468
v -3.09752931 2.52554661 3.65156468
v -4.47516586 2.52554695 3.65156468
v -4.47516586 2.52554695 3.65156468
v -4.47516586 2.52554695 3.65156468
v -3.09752931 2.53758505 3.65655112
v -3.09752931 2.53758505 3.65655112
v -4.47516586 2.53758505 3.65655112
v -4.47516586 2.53758505 3.65655112
v -3.09752931 2.54257140 3.66858934
v -3.09752931 2.54257140 3.66858934
v -4.47516586 2.54257149 3.66858934
v -4.47516586 2.54257149 3.66858934
v -3.09752931 2.53758505 3.68062756
v -3.09752931 2.53758505 3.68062756
v -4.47516586 2.53758505 3.68062756
v -4.47516586 2.53758505 3.68062756
v -4.68678522 2.52554661 2.81122747
v -4.68678522 2.52554661 2.81122747
v -6.06442159 2.52554695 2.81122747
v -6.06442159 2.52554695 2.81122747
v -4.68678522 2.51350852 2.80624103
v -4.68678522 2.51350852 2.80624103
v -6.06442159 2.51350852 2.80624103
v -6.06442159 2.51350852 2.80624103
v -4.68678522 2.50852216 2.79420280
v -4.68678522 2.50852216 2.79420280
v -6.06442159 2.50852216 2.79420280
v -6.06442159 2.50852216 2.79420280
v -4.68678522 2.51350852 2.78216458
v -4.68678522 2.51350852 2.78216458
v -6.06442159 2.51350852 2.78216458
v -6.06442159 2.51350852 2.78216458
v -4.68678522 2.52554661 2.77717814
v -4.68678522 2.52554661 2.77717814
v -4.68678522 2.52554661 2.77717814
v -6.06442159 2.52554695 2.77717814
v -6.06442159 2.52554695 2.77717814
v -6.06442159 2.52554695 2.77717814
v -4.68678522 2.53758505 2.78216458
v -4.68678522 2.53758505 2.78216458
v -6.06442159 2.53758505 2.78216458
v -6.06442159 2.53758505 2.78216458
v -4.68678522 2.54257140 2.79420280
v -4.68678522 2.54257140 2.79420280
v -6.06442159 2.54257149 2.79420280
v -6.06442159 2.54257149 2.79420280
v -4.68678522 2.53758505 2.80624103
v -4.68678522 2.53758505 2.80624103
v -6.06442159 2.53758505 2.80624103
v -6.06442159 2.53758505 2.80624103
v -3.09752931 2.52554661 2.81122747
v -3.09752931 2.52554661 2.81122747
v -4.47516586 2.52554695 2.81122747
v -4.47516586 2.52554695 2.81122747
v -3.09752931 2.51350852 2.80624103
v -3.09752931 2.51350852 2.80624103
v -4.47516586 2.51350852 2.80624103
v -4.47516586 2.51350852 2.80624103
v -3.09752931 2.50852216 2.79420280
v -3.09752931 2.50852216 2.79420280
v -4.47516586 2.50852216 2.79420280
v -4.47516586 2.50852216 2.79420280
v -3.09752931 2.51350852 2.78216458
v -3.09752931 2.51350852 2.78216458
v -4.47516586 2.51350852 2.78216458
v -4.47516586 2.51350852 2.78216458
v -3.09752931 2.52554661 2.77717814
v -3.09752931 2.52554661 2.77717814
v -3.09752931 2.52554661 2.77717814
v -4.47516586 2.52554695 2.77717814
v -4.47516586 2.52554695 2.77717814
v -4.47516586 2.52554695 2.77717814
v -3.09752931 2.53758505 2.78216458
v -3.09752931 2.53758505 2.78216458
v -4.47516586 2.53758505 2.78216458
v -4.47516586 2.53758505 2.78216458
v -3.09752931 2.54257140 2.79420280
v -3.09752931 2.54257140 2.79420280
v -4.47516586 2.54257149 2.79420280
v -4.47516586 2.54257149 2.79420280
v -3.09752931 2.53758505 2.80624103
v -3.09752931 2.53758505 2.80624103
v -4.47516586 2.53758505 2.80624103
v -4.47516586 2.53758505 2.80624103
v 1.46076425 3.92160527 2.65412355
v 1.46076425 3.92160527 2.65412355
v 1.46076425 4.76392706 2.65412355
v 1.46076425 4.76392706 2.65412355
v 1.47936755 3.92160527 2.66182927
v 1.47936755 3.92160527 2.66182927
v 1.47936755 4.76392706 2.66182927
v 1.47936755 4.76392706 2.66182927
v 1.48707324 3.92160527 2.68043252
v 1.48707324 3.92160527 2.68043252
v 1.48707324 4.76392706 2.68043252
v 1.48707324 4.76392706 2.68043252
v 1.47936756 3.92160527 2.69903577
v 1.47936756 3.92160527 2.69903577
v 1.47936756 4.76392706 2.69903577
v 1.47936756 4.76392706 2.69903577
v 1.46076427 3.92160527 2.70674151
v 1.46076427 3.92160527 2.70674151
v 1.46076427 3.92160527 2.70674151
v 1.46076427 4.76392706 2.70674151
v 1.46076427 4.76392706 2.70674151
v 1.46076427 4.76392706 2.70674151
v 1.44216098 3.92160527 2.69903578
v 1.44216098 3.92160527 2.69903578
v 1.44216098 4.76392706 2.69903578
v 1.44216098 4.76392706 2.69903578
v 1.43445528 3.92160527 2.68043253
v 1.43445528 3.92160527 2.68043253
v 1.43445528 4.76392706 2.68043253
v 1.43445528 4.76392706 2.68043253
v 1.44216097 3.92160527 2.66182928
v 1.44216097 3.92160527 2.66182928
v 1.44216097 4.76392706 2.66182928
v 1.44216097 4.76392706 2.66182928
v -1.63964873 3.92160527 2.65412456
v -1.63964873 3.92160527 2.65412456
v -1.63964873 4.76392689 2.65412456
v -1.63964873 4.76392689 2.65412456
v -1.65825219 3.92160527 2.66183029
v -1.65825219 3.92160527 2.66183029
v -1.65825219 4.76392689 2.66183029
v -1.65825219 4.76392689 2.66183029
v -1.66595788 3.92160527 2.68043354
v -1.66595788 3.92160527 2.68043354
v -1.66595788 4.76392689 2.68043354
v -1.66595788 4.76392689 2.68043354
v -1.65825218 3.92160527 2.69903679
v -1.65825218 3.92160527 2.69903679
v -1.65825218 4.76392689 2.69903679
v -1.65825218 4.76392689 2.69903679
v -1.63964872 3.92160527 2.70674252
v -1.63964872 3.92160527 2.70674252
v -1.63964872 3.92160527 2.70674252
v -1.63964872 4.76392689 2.70674252
v -1.63964872 4.76392689 2.70674252
v -1.63964872 4.76392689 2.70674252
v -1.62104560 3.92160527 2.69903678
v -1.62104560 3.92160527 2.69903678
v -1.62104560 4.76392689 2.69903678
v -1.62104560 4.76392689 2.69903678
v -1.61333992 3.92160527 2.68043353
v -1.61333992 3.92160527 2.68043353
v -1.61333992 4.76392689 2.68043353
v -1.61333992 4.76392689 2.68043353
v -1.62104561 3.92160527 2.66183028
v -1.62104561 3.92160527 2.66183028
v -1.62104561 4.76392689 2.66183028
v -1.62104561 4.76392689 2.66183028
v 1.46076463 3.92160527 3.81359876
v 1.46076463 3.92160527 3.81359876
v 1.46076463 4.76392689 3.81359876
v 1.46076463 4.76392689 3.81359876
v 1.47936792 3.92160527 3.80589307
v 1.47936792 3.92160527 3.80589307
v 1.47936792 4.76392689 3.80589307
v 1.47936792 4.76392689 3.80589307
v 1.48707360 3.92160527 3.78728978
v 1.48707360 3.92160527 3.78728978
v 1.48707360 4.76392689 3.78728978
v 1.48707360 4.76392689 3.78728978
v 1.47936791 3.92160527 3.76868657
v 1.47936791 3.92160527 3.76868657
v 1.47936791 4.76392689 3.76868657
v 1.47936791 4.76392689 3.76868657
v 1.46076461 3.92160527 3.76098080
v 1.46076461 3.92160527 3.76098080
v 1.46076461 3.92160527 3.76098080
v 1.46076461 4.76392689 3.76098080
v 1.46076461 4.76392689 3.76098080
v 1.46076461 4.76392689 3.76098080
v 1.44216133 3.92160527 3.76868658
v 1.44216133 3.92160527 3.76868658
v 1.44216133 4.76392689 3.76868658
v 1.44216133 4.76392689 3.76868658
v 1.43445564 3.92160527 3.78728979
v 1.43445564 3.92160527 3.78728979
v 1.43445564 4.76392689 3.78728979
v 1.43445564 4.76392689 3.78728979
v 1.44216134 3.92160527 3.80589308
v 1.44216134 3.92160527 3.80589308
v 1.44216134 4.76392689 3.80589308
v 1.44216134 4.76392689 3.80589308
v -1.63964836 3.92160527 3.81359977
v -1.63964836 3.92160527 3.81359977
v -1.63964836 4.76392681 3.81359977
v -1.63964836 4.76392681 3.81359977
v -1.65825182 3.92160527 3.80589409
v -1.65825182 3.92160527 3.80589409
v -1.65825182 4.76392681 3.80589409
v -1.65825182 4.76392681 3.80589409
v -1.66595751 3.92160527 3.78729080
v -1.66595751 3.92160527 3.78729080
v -1.66595751 4.76392681 3.78729080
v -1.66595751 4.76392681 3.78729080
v -1.65825183 3.92160527 3.76868759
v -1.65825183 3.92160527 3.76868759
v -1.65825183 4.76392681 3.76868759
v -1.65825183 4.76392681 3.76868759
v -1.63964837 3.92160527 3.76098181
v -1.63964837 3.92160527 3.76098181
v -1.63964837 3.92160527 3.76098181
v -1.63964837 4.76392681 3.76098181
v -1.63964837 4.76392681 3.76098181
v -1.63964837 4.76392681 3.76098181
v -1.62104525 3.92160527 3.76868758
v -1.62104525 3.92160527 3.76868758
v -1.62104525 4.76392681 3.76868758
v -1.62104525 4.76392681 3.76868758
v -1.61333955 3.92160527 3.78729079
v -1.61333955 3.92160527 3.78729079
v -1.61333955 4.76392681 3.78729079
v -1.61333955 4.76392681 3.78729079
v -1.62104524 3.92160527 3.80589408
v -1.62104524 3.92160527 3.80589408
v -1.62104524 4.76392681 3.80589408
v -1.62104524 4.76392681 3.80589408
v 1.20341908 3.35944184 3.20755226
v 1.20341908 3.35944184 3.20755226
v 1.20341908 3.88237809 3.20755226
v 1.20341908 3.88237809 3.20755226
v 1.22202237 3.35944184 3.21525798
v 1.22202237 3.35944184 3.21525798
v 1.22202237 3.88237809 3.21525798
v 1.22202237 3.88237809 3.21525798
v 1.22972806 3.35944184 3.23386123
v 1.22972806 3.35944184 3.23386123
v 1.22972806 3.88237809 3.23386123
v 1.22972806 3.88237809 3.23386123
v 1.22202238 3.35944184 3.25246449
v 1.22202238 3.35944184 3.25246449
v 1.22202238 3.88237809 3.25246449
v 1.22202238 3.88237809 3.25246449
v 1.20341909 3.35944184 3.26017021
v 1.20341909 3.35944184 3.26017021
v 1.20341909 3.35944184 3.26017021
v 1.20341909 3.88237809 3.26017021
v 1.20341909 3.88237809 3.26017021
v 1.20341909 3.88237809 3.26017021
v 1.18481580 3.35944184 3.25246450
v 1.18481580 3.35944184 3.25246450
v 1.18481580 3.88237809 3.25246450
v 1.18481580 3.88237809 3.25246450
v 1.17711010 3.35944184 3.23386125
v 1.17711010 3.35944184 3.23386125
v 1.17711010 3.88237809 3.23386125
v 1.17711010 3.88237809 3.23386125
v 1.18481579 3.35944184 3.21525799
v 1.18481579 3.35944184 3.21525799
v 1.18481579 3.88237809 3.21525799
v 1.18481579 3.88237809 3.21525799
v -1.40573872 3.35944184 3.20755311
v -1.40573872 3.35944184 3.20755311
v -1.40573872 3.88237809 3.20755311
v -1.40573872 3.88237809 3.20755311
v -1.38713543 3.35944184 3.21525883
v -1.38713543 3.35944184 3.21525883
v -1.38713543 3.88237809 3.21525883
v -1.38713543 3.88237809 3.21525883
v -1.37942973 3.35944184 3.23386208
v -1.37942973 3.35944184 3.23386208
v -1.37942973 3.88237809 3.23386208
v -1.37942973 3.88237809 3.23386208
v -1.38713541 3.35944184 3.25246534
v -1.38713541 3.35944184 3.25246534
v -1.38713541 3.88237809 3.25246534
v -1.38713541 3.88237809 3.25246534
v -1.40573870 3.35944184 3.26017106
v -1.40573870 3.35944184 3.26017106
v -1.40573870 3.35944184 3.26017106
v -1.40573870 3.88237809 3.26017106
v -1.40573870 3.88237809 3.26017106
v -1.40573870 3.88237809 3.26017106
v -1.42434200 3.35944184 3.25246535
v -1.42434200 3.35944184 3.25246535
v -1.42434200 3.88237809 3.25246535
v -1.42434200 3.88237809 3.25246535
v -1.43204769 3.35944184 3.23386210
v -1.43204769 3.35944184 3.23386210
v -1.43204769 3.88237809 3.23386210
v -1.43204769 3.88237809 3.23386210
v -1.42434201 3.35944184 3.21525884
v -1.42434201 3.35944184 3.21525884
v -1.42434201 3.88237809 3.21525884
v -1.42434201 3.88237809 3.21525884
v -1.58755611 3.23949753 2.77637026
v -1.58755611 3.23949753 2.77637026
v 1.41250871 3.23949788 2.77636928
v 1.41250871 3.23949788 2.77636928
v -1.58755610 3.22089433 2.78407599
v -1.58755610 3.22089433 2.78407599
v 1.41250872 3.22089458 2.78407502
v 1.41250872 3.22089458 2.78407502
v -1.58755610 3.21318855 2.80267924
v -1.58755610 3.21318855 2.80267924
v 1.41250872 3.21318890 2.80267826
v 1.41250872 3.21318890 2.80267826
v -1.58755609 3.22089433 2.82128249
v -1.58755609 3.22089433 2.82128249
v 1.41250873 3.22089458 2.82128151
v 1.41250873 3.22089458 2.82128151
v -1.58755609 3.23949753 2.82898822
v -1.58755609 3.23949753 2.82898822
v -1.58755609 3.23949753 2.82898822
v 1.41250873 3.23949788 2.82898724
v 1.41250873 3.23949788 2.82898724
v 1.41250873 3.23949788 2.82898724
v -1.58755609 3.25810083 2.82128249
v -1.58755609 3.25810083 2.82128249
v 1.41250873 3.25810108 2.82128151
v 1.41250873 3.25810108 2.82128151
v -1.58755610 3.26580656 2.80267924
v -1.58755610 3.26580656 2.80267924
v 1.41250872 3.26580681 2.80267826
v 1.41250872 3.26580681 2.80267826
v -1.58755610 3.25810083 2.78407599
v -1.58755610 3.25810083 2.78407599
v 1.41250872 3.25810108 2.78407502
v 1.41250872 3.25810108 2.78407502
v -1.58755582 3.23949753 3.64158296
v -1.58755582 3.23949753 3.64158296
v 1.41250899 3.23949788 3.64158198
v 1.41250899 3.23949788 3.64158198
v -1.58755582 3.22089433 3.64928869
v -1.58755582 3.22089433 3.64928869
v 1.41250900 3.22089458 3.64928772
v 1.41250900 3.22089458 3.64928772
v -1.58755582 3.21318855 3.66789194
v -1.58755582 3.21318855 3.66789194
v 1.41250900 3.21318890 3.66789096
v 1.41250900 3.21318890 3.66789096
v -1.58755581 3.22089433 3.68649519
v -1.58755581 3.22089433 3.68649519
v 1.41250901 3.22089458 3.68649421
v 1.41250901 3.22089458 3.68649421
v -1.58755581 3.23949753 3.69420092
v -1.58755581 3.23949753 3.69420092
v -1.58755581 3.23949753 3.69420092
v 1.41250901 3.23949788 3.69419994
v 1.41250901 3.23949788 3.69419994
v 1.41250901 3.23949788 3.69419994
v -1.58755581 3.25810083 3.68649519
v -1.58755581 3.25810083 3.68649519
v 1.41250901 3.25810108 3.68649421
v 1.41250901 3.25810108 3.68649421
v -1.58755582 3.26580656 3.66789194
v -1.58755582 3.26580656 3.66789194
v 1.41250900 3.26580681 3.66789096
v 1.41250900 3.26580681 3.66789096
v -1.58755582 3.25810083 3.64928869
v -1.58755582 3.25810083 3.64928869
v 1.41250900 3.25810108 3.64928772
v 1.41250900 3.25810108 3.64928772
v 0.03339551 2.52554661 2.78210928
v 0.03339551 2.52554661 2.78210928
v 1.41103188 2.52554695 2.78210883
v 1.41103188 2.52554695 2.78210883
v 0.03339551 2.51350852 2.78709572
v 0.03339551 2.51350852 2.78709572
v 1.41103188 2.51350852 2.78709527
v 1.41103188 2.51350852 2.78709527
v 0.03339551 2.50852216 2.79913394
v 0.03339551 2.50852216 2.79913394
v 1.41103189 2.50852216 2.79913349
v 1.41103189 2.50852216 2.79913349
v 0.03339552 2.51350852 2.81117216
v 0.03339552 2.51350852 2.81117216
v 1.41103189 2.51350852 2.81117171
v 1.41103189 2.51350852 2.81117171
v 0.03339552 2.52554661 2.81615860
v 0.03339552 2.52554661 2.81615860
v 0.03339552 2.52554661 2.81615860
v 1.41103189 2.52554695 2.81615815
v 1.41103189 2.52554695 2.81615815
v 1.41103189 2.52554695 2.81615815
v 0.03339552 2.53758505 2.81117216
v 0.03339552 2.53758505 2.81117216
v 1.41103189 2.53758505 2.81117171
v 1.41103189 2.53758505 2.81117171
v 0.03339551 2.54257140 2.79913394
v 0.03339551 2.54257140 2.79913394
v 1.41103189 2.54257149 2.79913349
v 1.41103189 2.54257149 2.79913349
v 0.03339551 2.53758505 2.78709572
v 0.03339551 2.53758505 2.78709572
v 1.41103188 2.53758505 2.78709527
v 1.41103188 2.53758505 2.78709527
v -1.55586040 2.52554661 2.78210980
v -1.55586040 2.52554661 2.78210980
v -0.17822385 2.52554695 2.78210935
v -0.17822385 2.52554695 2.78210935
v -1.55586040 2.51350852 2.78709624
v -1.55586040 2.51350852 2.78709624
v -0.17822385 2.51350852 2.78709579
v -0.17822385 2.51350852 2.78709579
v -1.55586039 2.50852216 2.79913446
v -1.55586039 2.50852216 2.79913446
v -0.17822385 2.50852216 2.79913401
v -0.17822385 2.50852216 2.79913401
v -1.55586039 2.51350852 2.81117268
v -1.55586039 2.51350852 2.81117268
v -0.17822384 2.51350852 2.81117223
v -0.17822384 2.51350852 2.81117223
v -1.55586039 2.52554661 2.81615912
v -1.55586039 2.52554661 2.81615912
v -1.55586039 2.52554661 2.81615912
v -0.17822384 2.52554695 2.81615867
v -0.17822384 2.52554695 2.81615867
v -0.17822384 2.52554695 2.81615867
v -1.55586039 2.53758505 2.81117268
v -1.55586039 2.53758505 2.81117268
v -0.17822384 2.53758505 2.81117223
v -0.17822384 2.53758505 2.81117223
v -1.55586039 2.54257140 2.79913446
v -1.55586039 2.54257140 2.79913446
v -0.17822385 2.54257149 2.79913401
v -0.17822385 2.54257149 2.79913401
v -1.55586040 2.53758505 2.78709624
v -1.55586040 2.53758505 2.78709624
v -0.17822385 2.53758505 2.78709579
v -0.17822385 2.53758505 2.78709579
v 0.03339579 2.52554661 3.65649581
v 0.03339579 2.52554661 3.65649581
v 1.41103217 2.52554695 3.65649537
v 1.41103217 2.52554695 3.65649537
v 0.03339579 2.51350852 3.66148225
v 0.03339579 2.51350852 3.66148225
v 1.41103217 2.51350852 3.66148180
v 1.41103217 2.51350852 3.66148180
v 0.03339580 2.50852216 3.67352048
v 0.03339580 2.50852216 3.67352048
v 1.41103217 2.50852216 3.67352003
v 1.41103217 2.50852216 3.67352003
v 0.03339580 2.51350852 3.68555870
v 0.03339580 2.51350852 3.68555870
v 1.41103218 2.51350852 3.68555825
v 1.41103218 2.51350852 3.68555825
v 0.03339580 2.52554661 3.69054514
v 0.03339580 2.52554661 3.69054514
v 0.03339580 2.52554661 3.69054514
v 1.41103218 2.52554695 3.69054469
v 1.41103218 2.52554695 3.69054469
v 1.41103218 2.52554695 3.69054469
v 0.03339580 2.53758505 3.68555870
v 0.03339580 2.53758505 3.68555870
v 1.41103218 2.53758505 3.68555825
v 1.41103218 2.53758505 3.68555825
v 0.03339580 2.54257140 3.67352048
v 0.03339580 2.54257140 3.67352048
v 1.41103217 2.54257149 3.67352003
v 1.41103217 2.54257149 3.67352003
v 0.03339579 2.53758505 3.66148225
v 0.03339579 2.53758505 3.66148225
v 1.41103217 2.53758505 3.66148180
v 1.41103217 2.53758505 3.66148180
v -1.55586011 2.52554661 3.65649633
v -1.55586011 2.52554661 3.65649633
v -0.17822357 2.52554695 3.65649588
v -0.17822357 2.52554695 3.65649588
v -1.55586011 2.51350852 3.66148277
v -1.55586011 2.51350852 3.66148277
v -0.17822356 2.51350852 3.66148232
v -0.17822356 2.51350852 3.66148232
v -1.55586011 2.50852216 3.67352099
v -1.55586011 2.50852216 3.67352099
v -0.17822356 2.50852216 3.67352055
v -0.17822356 2.50852216 3.67352055
v -1.55586010 2.51350852 3.68555922
v -1.55586010 2.51350852 3.68555922
v -0.17822356 2.51350852 3.68555877
v -0.17822356 2.51350852 3.68555877
v -1.55586010 2.52554661 3.69054566
v -1.55586010 2.52554661 3.69054566
v -1.55586010 2.52554661 3.69054566
v -0.17822355 2.52554695 3.69054521
v -0.17822355 2.52554695 3.69054521
v -0.17822355 2.52554695 3.69054521
v -1.55586010 2.53758505 3.68555922
v -1.55586010 2.53758505 3.68555922
v -0.17822356 2.53758505 3.68555877
v -0.17822356 2.53758505 3.68555877
v -1.55586011 2.54257140 3.67352099
v -1.55586011 2.54257140 3.67352099
v -0.17822356 2.54257149 3.67352055
v -0.17822356 2.54257149 3.67352055
v -1.55586011 2.53758505 3.66148277
v -1.55586011 2.53758505 3.66148277
v -0.17822356 2.53758505 3.66148232
v -0.17822356 2.53758505 3.66148232
v -3.01374121 3.92160527 0.51875133
v -3.01374121 3.92160527 0.51875133
v -3.01374121 4.76392706 0.51875133
v -3.01374121 4.76392706 0.51875133
v -2.99513792 3.92160527 0.52645706
v -2.99513792 3.92160527 0.52645706
v -2.99513792 4.76392706 0.52645706
v -2.99513792 4.76392706 0.52645706
v -2.98743222 3.92160527 0.54506030
v -2.98743222 3.92160527 0.54506030
v -2.98743222 4.76392706 0.54506030
v -2.98743222 4.76392706 0.54506030
v -2.99513790 3.92160527 0.56366356
v -2.99513790 3.92160527 0.56366356
v -2.99513790 4.76392706 0.56366356
v -2.99513790 4.76392706 0.56366356
v -3.01374119 3.92160527 0.57136929
v -3.01374119 3.92160527 0.57136929
v -3.01374119 3.92160527 0.57136929
v -3.01374119 4.76392706 0.57136929
v -3.01374119 4.76392706 0.57136929
v -3.01374119 4.76392706 0.57136929
v -3.03234449 3.92160527 0.56366357
v -3.03234449 3.92160527 0.56366357
v -3.03234449 4.76392706 0.56366357
v -3.03234449 4.76392706 0.56366357
v -3.04005018 3.92160527 0.54506032
v -3.04005018 3.92160527 0.54506032
v -3.04005018 4.76392706 0.54506032
v -3.04005018 4.76392706 0.54506032
v -3.03234450 3.92160527 0.52645707
v -3.03234450 3.92160527 0.52645707
v -3.03234450 4.76392706 0.52645707
v -3.03234450 4.76392706 0.52645707
v -6.11415420 3.92160527 0.51875234
v -6.11415420 3.92160527 0.51875234
v -6.11415420 4.76392689 0.51875234
v -6.11415420 4.76392689 0.51875234
v -6.13275766 3.92160527 0.52645808
v -6.13275766 3.92160527 0.52645808
v -6.13275766 4.76392689 0.52645808
v -6.13275766 4.76392689 0.52645808
v -6.14046334 3.92160527 0.54506133
v -6.14046334 3.92160527 0.54506133
v -6.14046334 4.76392689 0.54506133
v -6.14046334 4.76392689 0.54506133
v -6.13275764 3.92160527 0.56366458
v -6.13275764 3.92160527 0.56366458
v -6.13275764 4.76392689 0.56366458
v -6.13275764 4.76392689 0.56366458
v -6.11415418 3.92160527 0.57137030
v -6.11415418 3.92160527 0.57137030
v -6.11415418 3.92160527 0.57137030
v -6.11415418 4.76392689 0.57137030
v -6.11415418 4.76392689 0.57137030
v -6.11415418 4.76392689 0.57137030
v -6.09555106 3.92160527 0.56366457
v -6.09555106 3.92160527 0.56366457
v -6.09555106 4.76392689 0.56366457
v -6.09555106 4.76392689 0.56366457
v -6.08784538 3.92160527 0.54506131
v -6.08784538 3.92160527 0.54506131
v -6.08784538 4.76392689 0.54506131
v -6.08784538 4.76392689 0.54506131
v -6.09555107 3.92160527 0.52645807
v -6.09555107 3.92160527 0.52645807
v -6.09555107 4.76392689 0.52645807
v -6.09555107 4.76392689 0.52645807
v -3.01374083 3.92160527 1.67822655
v -3.01374083 3.92160527 1.67822655
v -3.01374083 4.76392689 1.67822655
v -3.01374083 4.76392689 1.67822655
v -2.99513754 3.92160527 1.67052086
v -2.99513754 3.92160527 1.67052086
v -2.99513754 4.76392689 1.67052086
v -2.99513754 4.76392689 1.67052086
v -2.98743186 3.92160527 1.65191756
v -2.98743186 3.92160527 1.65191756
v -2.98743186 4.76392689 1.65191756
v -2.98743186 4.76392689 1.65191756
v -2.99513755 3.92160527 1.63331436
v -2.99513755 3.92160527 1.63331436
v -2.99513755 4.76392689 1.63331436
v -2.99513755 4.76392689 1.63331436
v -3.01374085 3.92160527 1.62560859
v -3.01374085 3.92160527 1.62560859
v -3.01374085 3.92160527 1.62560859
v -3.01374085 4.76392689 1.62560859
v -3.01374085 4.76392689 1.62560859
v -3.01374085 4.76392689 1.62560859
v -3.03234414 3.92160527 1.63331437
v -3.03234414 3.92160527 1.63331437
v -3.03234414 4.76392689 1.63331437
v -3.03234414 4.76392689 1.63331437
v -3.04004982 3.92160527 1.65191758
v -3.04004982 3.92160527 1.65191758
v -3.04004982 4.76392689 1.65191758
v -3.04004982 4.76392689 1.65191758
v -3.03234413 3.92160527 1.67052087
v -3.03234413 3.92160527 1.67052087
v -3.03234413 4.76392689 1.67052087
v -3.03234413 4.76392689 1.67052087
v -6.11415382 3.92160527 1.67822756
v -6.11415382 3.92160527 1.67822756
v -6.11415382 4.76392681 1.67822756
v -6.11415382 4.76392681 1.67822756
v -6.13275728 3.92160527 1.67052188
v -6.13275728 3.92160527 1.67052188
v -6.13275728 4.76392681 1.67052188
v -6.13275728 4.76392681 1.67052188
v -6.14046298 3.92160527 1.65191859
v -6.14046298 3.92160527 1.65191859
v -6.14046298 4.76392681 1.65191859
v -6.14046298 4.76392681 1.65191859
v -6.13275730 3.92160527 1.63331538
v -6.13275730 3.92160527 1.63331538
v -6.13275730 4.76392681 1.63331538
v -6.13275730 4.76392681 1.63331538
v -6.11415384 3.92160527 1.62560960
v -6.11415384 3.92160527 1.62560960
v -6.11415384 3.92160527 1.62560960
v -6.11415384 4.76392681 1.62560960
v -6.11415384 4.76392681 1.62560960
v -6.11415384 4.76392681 1.62560960
v -6.09555071 3.92160527 1.63331537
v -6.09555071 3.92160527 1.63331537
v -6.09555071 4.76392681 1.63331537
v -6.09555071 4.76392681 1.63331537
v -6.08784502 3.92160527 1.65191857
v -6.08784502 3.92160527 1.65191857
v -6.08784502 4.76392681 1.65191857
v -6.08784502 4.76392681 1.65191857
v -6.09555070 3.92160527 1.67052187
v -6.09555070 3.92160527 1.67052187
v -6.09555070 4.76392681 1.67052187
v -6.09555070 4.76392681 1.67052187
v -3.27108639 3.35944184 1.07218005
v -3.27108639 3.35944184 1.07218005
v -3.27108639 3.88237809 1.07218005
v -3.27108639 3.88237809 1.07218005
v -3.25248309 3.35944184 1.07988577
v -3.25248309 3.35944184 1.07988577
v -3.25248309 3.88237809 1.07988577
v -3.25248309 3.88237809 1.07988577
v -3.24477740 3.35944184 1.09848902
v -3.24477740 3.35944184 1.09848902
v -3.24477740 3.88237809 1.09848902
v -3.24477740 3.88237809 1.09848902
v -3.25248308 3.35944184 1.11709227
v -3.25248308 3.35944184 1.11709227
v -3.25248308 3.88237809 1.11709227
v -3.25248308 3.88237809 1.11709227
v -3.27108637 3.35944184 1.12479800
v -3.27108637 3.35944184 1.12479800
v -3.27108637 3.35944184 1.12479800
v -3.27108637 3.88237809 1.12479800
v -3.27108637 3.88237809 1.12479800
v -3.27108637 3.88237809 1.12479800
v -3.28968966 3.35944184 1.11709229
v -3.28968966 3.35944184 1.11709229
v -3.28968966 3.88237809 1.11709229
v -3.28968966 3.88237809 1.11709229
v -3.29739536 3.35944184 1.09848903
v -3.29739536 3.35944184 1.09848903
v -3.29739536 3.88237809 1.09848903
v -3.29739536 3.88237809 1.09848903
v -3.28968968 3.35944184 1.07988578
v -3.28968968 3.35944184 1.07988578
v -3.28968968 3.88237809 1.07988578
v -3.28968968 3.88237809 1.07988578
v -5.88024418 3.35944184 1.07218090
v -5.88024418 3.35944184 1.07218090
v -5.88024418 3.88237809 1.07218090
v -5.88024418 3.88237809 1.07218090
v -5.86164089 3.35944184 1.07988662
v -5.86164089 3.35944184 1.07988662
v -5.86164089 3.88237809 1.07988662
v -5.86164089 3.88237809 1.07988662
v -5.85393519 3.35944184 1.09848987
v -5.85393519 3.35944184 1.09848987
v -5.85393519 3.88237809 1.09848987
v -5.85393519 3.88237809 1.09848987
v -5.86164088 3.35944184 1.11709312
v -5.86164088 3.35944184 1.11709312
v -5.86164088 3.88237809 1.11709312
v -5.86164088 3.88237809 1.11709312
v -5.88024417 3.35944184 1.12479885
v -5.88024417 3.35944184 1.12479885
v -5.88024417 3.35944184 1.12479885
v -5.88024417 3.88237809 1.12479885
v -5.88024417 3.88237809 1.12479885
v -5.88024417 3.88237809 1.12479885
v -5.89884746 3.35944184 1.11709314
v -5.89884746 3.35944184 1.11709314
v -5.89884746 3.88237809 1.11709314
v -5.89884746 3.88237809 1.11709314
v -5.90655315 3.35944184 1.09848988
v -5.90655315 3.35944184 1.09848988
v -5.90655315 3.88237809 1.09848988
v -5.90655315 3.88237809 1.09848988
v -5.89884747 3.35944184 1.07988663
v -5.89884747 3.35944184 1.07988663
v -5.89884747 3.88237809 1.07988663
v -5.89884747 3.88237809 1.07988663
v -6.06206157 3.23949753 0.64099805
v -6.06206157 3.23949753 0.64099805
v -3.06199675 3.23949788 0.64099707
v -3.06199675 3.23949788 0.64099707
v -6.06206157 3.22089433 0.64870378
v -6.06206157 3.22089433 0.64870378
v -3.06199675 3.22089458 0.64870280
v -3.06199675 3.22089458 0.64870280
v -6.06206156 3.21318855 0.66730703
v -6.06206156 3.21318855 0.66730703
v -3.06199674 3.21318890 0.66730605
v -3.06199674 3.21318890 0.66730605
v -6.06206155 3.22089433 0.68591028
v -6.06206155 3.22089433 0.68591028
v -3.06199674 3.22089458 0.68590930
v -3.06199674 3.22089458 0.68590930
v -6.06206155 3.23949753 0.69361601
v -6.06206155 3.23949753 0.69361601
v -6.06206155 3.23949753 0.69361601
v -3.06199673 3.23949788 0.69361503
v -3.06199673 3.23949788 0.69361503
v -3.06199673 3.23949788 0.69361503
v -6.06206155 3.25810083 0.68591028
v -6.06206155 3.25810083 0.68591028
v -3.06199674 3.25810108 0.68590930
v -3.06199674 3.25810108 0.68590930
v -6.06206156 3.26580656 0.66730703
v -6.06206156 3.26580656 0.66730703
v -3.06199674 3.26580681 0.66730605
v -3.06199674 3.26580681 0.66730605
v -6.06206157 3.25810083 0.64870378
v -6.06206157 3.25810083 0.64870378
v -3.06199675 3.25810108 0.64870280
v -3.06199675 3.25810108 0.64870280
v -6.06206129 3.23949753 1.50621075
v -6.06206129 3.23949753 1.50621075
v -3.06199647 3.23949788 1.50620977
v -3.06199647 3.23949788 1.50620977
v -6.06206128 3.22089433 1.51391648
v -6.06206128 3.22089433 1.51391648
v -3.06199647 3.22089458 1.51391550
v -3.06199647 3.22089458 1.51391550
v -6.06206128 3.21318855 1.53251973
v -6.06206128 3.21318855 1.53251973
v -3.06199646 3.21318890 1.53251875
v -3.06199646 3.21318890 1.53251875
v -6.06206127 3.22089433 1.55112298
v -6.06206127 3.22089433 1.55112298
v -3.06199645 3.22089458 1.55112200
v -3.06199645 3.22089458 1.55112200
v -6.06206127 3.23949753 1.55882871
v -6.06206127 3.23949753 1.55882871
v -6.06206127 3.23949753 1.55882871
v -3.06199645 3.23949788 1.55882773
v -3.06199645 3.23949788 1.55882773
v -3.06199645 3.23949788 1.55882773
v -6.06206127 3.25810083 1.55112298
v -6.06206127 3.25810083 1.55112298
v -3.06199645 3.25810108 1.55112200
v -3.06199645 3.25810108 1.55112200
v -6.06206128 3.26580656 1.53251973
v -6.06206128 3.26580656 1.53251973
v -3.06199646 3.26580681 1.53251875
v -3.06199646 3.26580681 1.53251875
v -6.06206128 3.25810083 1.51391648
v -6.06206128 3.25810083 1.51391648
v -3.06199647 3.25810108 1.51391550
v -3.06199647 3.25810108 1.51391550
v -4.44110996 2.52554661 0.64673707
v -4.44110996 2.52554661 0.64673707
v -3.06347358 2.52554695 0.64673662
v -3.06347358 2.52554695 0.64673662
v -4.44110996 2.51350852 0.65172351
v -4.44110996 2.51350852 0.65172351
v -3.06347358 2.51350852 0.65172306
v -3.06347358 2.51350852 0.65172306
v -4.44110995 2.50852216 0.66376173
v -4.44110995 2.50852216 0.66376173
v -3.06347358 2.50852216 0.66376128
v -3.06347358 2.50852216 0.66376128
v -4.44110995 2.51350852 0.67579995
v -4.44110995 2.51350852 0.67579995
v -3.06347357 2.51350852 0.67579950
v -3.06347357 2.51350852 0.67579950
v -4.44110995 2.52554661 0.68078639
v -4.44110995 2.52554661 0.68078639
v -4.44110995 2.52554661 0.68078639
v -3.06347357 2.52554695 0.68078594
v -3.06347357 2.52554695 0.68078594
v -3.06347357 2.52554695 0.68078594
v -4.44110995 2.53758505 0.67579995
v -4.44110995 2.53758505 0.67579995
v -3.06347357 2.53758505 0.67579950
v -3.06347357 2.53758505 0.67579950
v -4.44110995 2.54257140 0.66376173
v -4.44110995 2.54257140 0.66376173
v -3.06347358 2.54257149 0.66376128
v -3.06347358 2.54257149 0.66376128
v -4.44110996 2.53758505 0.65172351
v -4.44110996 2.53758505 0.65172351
v -3.06347358 2.53758505 0.65172306
v -3.06347358 2.53758505 0.65172306
v -6.03036586 2.52554661 0.64673758
v -6.03036586 2.52554661 0.64673758
v -4.65272931 2.52554695 0.64673713
v -4.65272931 2.52554695 0.64673713
v -6.03036586 2.51350852 0.65172402
v -6.03036586 2.51350852 0.65172402
v -4.65272931 2.51350852 0.65172357
v -4.65272931 2.51350852 0.65172357
v -6.03036585 2.50852216 0.66376225
v -6.03036585 2.50852216 0.66376225
v -4.65272931 2.50852216 0.66376180
v -4.65272931 2.50852216 0.66376180
v -6.03036585 2.51350852 0.67580047
v -6.03036585 2.51350852 0.67580047
v -4.65272930 2.51350852 0.67580002
v -4.65272930 2.51350852 0.67580002
v -6.03036585 2.52554661 0.68078691
v -6.03036585 2.52554661 0.68078691
v -6.03036585 2.52554661 0.68078691
v -4.65272930 2.52554695 0.68078646
v -4.65272930 2.52554695 0.68078646
v -4.65272930 2.52554695 0.68078646
v -6.03036585 2.53758505 0.67580047
v -6.03036585 2.53758505 0.67580047
v -4.65272930 2.53758505 0.67580002
v -4.65272930 2.53758505 0.67580002
v -6.03036585 2.54257140 0.66376225
v -6.03036585 2.54257140 0.66376225
v -4.65272931 2.54257149 0.66376180
v -4.65272931 2.54257149 0.66376180
v -6.03036586 2.53758505 0.65172402
v -6.03036586 2.53758505 0.65172402
v -4.65272931 2.53758505 0.65172357
v -4.65272931 2.53758505 0.65172357
v -4.44110967 2.52554661 1.52112360
v -4.44110967 2.52554661 1.52112360
v -3.06347330 2.52554695 1.52112315
v -3.06347330 2.52554695 1.52112315
v -4.44110967 2.51350852 1.52611004
v -4.44110967 2.51350852 1.52611004
v -3.06347329 2.51350852 1.52610959
v -3.06347329 2.51350852 1.52610959
v -4.44110967 2.50852216 1.53814826
v -4.44110967 2.50852216 1.53814826
v -3.06347329 2.50852216 1.53814781
v -3.06347329 2.50852216 1.53814781
v -4.44110966 2.51350852 1.55018649
v -4.44110966 2.51350852 1.55018649
v -3.06347329 2.51350852 1.55018604
v -3.06347329 2.51350852 1.55018604
v -4.44110966 2.52554661 1.55517293
v -4.44110966 2.52554661 1.55517293
v -4.44110966 2.52554661 1.55517293
v -3.06347329 2.52554695 1.55517248
v -3.06347329 2.52554695 1.55517248
v -3.06347329 2.52554695 1.55517248
v -4.44110966 2.53758505 1.55018649
v -4.44110966 2.53758505 1.55018649
v -3.06347329 2.53758505 1.55018604
v -3.06347329 2.53758505 1.55018604
v -4.44110967 2.54257140 1.53814826
v -4.44110967 2.54257140 1.53814826
v -3.06347329 2.54257149 1.53814781
v -3.06347329 2.54257149 1.53814781
v -4.44110967 2.53758505 1.52611004
v -4.44110967 2.53758505 1.52611004
v -3.06347329 2.53758505 1.52610959
v -3.06347329 2.53758505 1.52610959
v -6.03036558 2.52554661 1.52112412
v -6.03036558 2.52554661 1.52112412
v -4.65272903 2.52554695 1.52112367
v -4.65272903 2.52554695 1.52112367
v -6.03036557 2.51350852 1.52611056
v -6.03036557 2.51350852 1.52611056
v -4.65272903 2.51350852 1.52611011
v -4.65272903 2.51350852 1.52611011
v -6.03036557 2.50852216 1.53814878
v -6.03036557 2.50852216 1.53814878
v -4.65272902 2.50852216 1.53814833
v -4.65272902 2.50852216 1.53814833
v -6.03036557 2.51350852 1.55018700
v -6.03036557 2.51350852 1.55018700
v -4.65272902 2.51350852 1.55018656
v -4.65272902 2.51350852 1.55018656
v -6.03036556 2.52554661 1.55517344
v -6.03036556 2.52554661 1.55517344
v -6.03036556 2.52554661 1.55517344
v -4.65272902 2.52554695 1.55517299
v -4.65272902 2.52554695 1.55517299
v -4.65272902 2.52554695 1.55517299
v -6.03036557 2.53758505 1.55018700
v -6.03036557 2.53758505 1.55018700
v -4.65272902 2.53758505 1.55018656
v -4.65272902 2.53758505 1.55018656
v -6.03036557 2.54257140 1.53814878
v -6.03036557 2.54257140 1.53814878
v -4.65272902 2.54257149 1.53814833
v -4.65272902 2.54257149 1.53814833
v -6.03036557 2.53758505 1.52611056
v -6.03036557 2.53758505 1.52611056
v -4.65272903 2.53758505 1.52611011
v -4.65272903 2.53758505 1.52611011
v -1.63964854 3.92160527 1.67822706
v -1.63964854 3.92160527 1.67822706
v -1.63964854 4.76392706 1.67822706
v -1.63964854 4.76392706 1.67822706
v -1.65825184 3.92160527 1.67052132
v -1.65825184 3.92160527 1.67052132
v -1.65825184 4.76392706 1.67052132
v -1.65825184 4.76392706 1.67052132
v -1.66595752 3.92160527 1.65191808
v -1.66595752 3.92160527 1.65191808
v -1.66595752 4.76392706 1.65191808
v -1.66595752 4.76392706 1.65191808
v -1.65825184 3.92160527 1.63331483
v -1.65825184 3.92160527 1.63331483
v -1.65825184 4.76392706 1.63331483
v -1.65825184 4.76392706 1.63331483
v -1.63964854 3.92160527 1.62560910
v -1.63964854 3.92160527 1.62560910
v -1.63964854 3.92160527 1.62560910
v -1.63964854 4.76392706 1.62560910
v -1.63964854 4.76392706 1.62560910
v -1.63964854 4.76392706 1.62560910
v -1.62104525 3.92160527 1.63331483
v -1.62104525 3.92160527 1.63331483
v -1.62104525 4.76392706 1.63331483
v -1.62104525 4.76392706 1.63331483
v -1.61333956 3.92160527 1.65191808
v -1.61333956 3.92160527 1.65191808
v -1.61333956 4.76392706 1.65191808
v -1.61333956 4.76392706 1.65191808
v -1.62104525 3.92160527 1.67052132
v -1.62104525 3.92160527 1.67052132
v -1.62104525 4.76392706 1.67052132
v -1.62104525 4.76392706 1.67052132
v 1.46076444 3.92160527 1.67822706
v 1.46076444 3.92160527 1.67822706
v 1.46076444 4.76392689 1.67822706
v 1.46076444 4.76392689 1.67822706
v 1.47936790 3.92160527 1.67052132
v 1.47936790 3.92160527 1.67052132
v 1.47936790 4.76392689 1.67052132
v 1.47936790 4.76392689 1.67052132
v 1.48707359 3.92160527 1.65191808
v 1.48707359 3.92160527 1.65191808
v 1.48707359 4.76392689 1.65191808
v 1.48707359 4.76392689 1.65191808
v 1.47936790 3.92160527 1.63331483
v 1.47936790 3.92160527 1.63331483
v 1.47936790 4.76392689 1.63331483
v 1.47936790 4.76392689 1.63331483
v 1.46076444 3.92160527 1.62560910
v 1.46076444 3.92160527 1.62560910
v 1.46076444 3.92160527 1.62560910
v 1.46076444 4.76392689 1.62560910
v 1.46076444 4.76392689 1.62560910
v 1.46076444 4.76392689 1.62560910
v 1.44216132 3.92160527 1.63331483
v 1.44216132 3.92160527 1.63331483
v 1.44216132 4.76392689 1.63331483
v 1.44216132 4.76392689 1.63331483
v 1.43445563 3.92160527 1.65191808
v 1.43445563 3.92160527 1.65191808
v 1.43445563 4.76392689 1.65191808
v 1.43445563 4.76392689 1.65191808
v 1.44216132 3.92160527 1.67052132
v 1.44216132 3.92160527 1.67052132
v 1.44216132 4.76392689 1.67052132
v 1.44216132 4.76392689 1.67052132
v -1.63964854 3.92160527 0.51875184
v -1.63964854 3.92160527 0.51875184
v -1.63964854 4.76392689 0.51875184
v -1.63964854 4.76392689 0.51875184
v -1.65825184 3.92160527 0.52645753
v -1.65825184 3.92160527 0.52645753
v -1.65825184 4.76392689 0.52645753
v -1.65825184 4.76392689 0.52645753
v -1.66595752 3.92160527 0.54506082
v -1.66595752 3.92160527 0.54506082
v -1.66595752 4.76392689 0.54506082
v -1.66595752 4.76392689 0.54506082
v -1.65825184 3.92160527 0.56366402
v -1.65825184 3.92160527 0.56366402
v -1.65825184 4.76392689 0.56366402
v -1.65825184 4.76392689 0.56366402
v -1.63964854 3.92160527 0.57136980
v -1.63964854 3.92160527 0.57136980
v -1.63964854 3.92160527 0.57136980
v -1.63964854 4.76392689 0.57136980
v -1.63964854 4.76392689 0.57136980
v -1.63964854 4.76392689 0.57136980
v -1.62104525 3.92160527 0.56366402
v -1.62104525 3.92160527 0.56366402
v -1.62104525 4.76392689 0.56366402
v -1.62104525 4.76392689 0.56366402
v -1.61333956 3.92160527 0.54506082
v -1.61333956 3.92160527 0.54506082
v -1.61333956 4.76392689 0.54506082
v -1.61333956 4.76392689 0.54506082
v -1.62104525 3.92160527 0.52645753
v -1.62104525 3.92160527 0.52645753
v -1.62104525 4.76392689 0.52645753
v -1.62104525 4.76392689 0.52645753
v 1.46076444 3.92160527 0.51875184
v 1.46076444 3.92160527 0.51875184
v 1.46076444 4.76392681 0.51875184
v 1.46076444 4.76392681 0.51875184
v 1.47936790 3.92160527 0.52645753
v 1.47936790 3.92160527 0.52645753
v 1.47936790 4.76392681 0.52645753
v 1.47936790 4.76392681 0.52645753
v 1.48707359 3.92160527 0.54506082
v 1.48707359 3.92160527 0.54506082
v 1.48707359 4.76392681 0.54506082
v 1.48707359 4.76392681 0.54506082
v 1.47936790 3.92160527 0.56366402
v 1.47936790 3.92160527 0.56366402
v 1.47936790 4.76392681 0.56366402
v 1.47936790 4.76392681 0.56366402
v 1.46076444 3.92160527 0.57136980
v 1.46076444 3.92160527 0.57136980
v 1.46076444 3.92160527 0.57136980
v 1.46076444 4.76392681 0.57136980
v 1.46076444 4.76392681 0.57136980
v 1.46076444 4.76392681 0.57136980
v 1.44216132 3.92160527 0.56366402
v 1.44216132 3.92160527 0.56366402
v 1.44216132 4.76392681 0.56366402
v 1.44216132 4.76392681 0.56366402
v 1.43445563 3.92160527 0.54506082
v 1.43445563 3.92160527 0.54506082
v 1.43445563 4.76392681 0.54506082
v 1.43445563 4.76392681 0.54506082
v 1.44216132 3.92160527 0.52645753
v 1.44216132 3.92160527 0.52645753
v 1.44216132 4.76392681 0.52645753
v 1.44216132 4.76392681 0.52645753
v -1.38230319 3.35944184 1.12479842
v -1.38230319 3.35944184 1.12479842
v -1.38230319 3.88237809 1.12479842
v -1.38230319 3.88237809 1.12479842
v -1.40090648 3.35944184 1.11709270
v -1.40090648 3.35944184 1.11709270
v -1.40090648 3.88237809 1.11709270
v -1.40090648 3.88237809 1.11709270
v -1.40861217 3.35944184 1.09848945
v -1.40861217 3.35944184 1.09848945
v -1.40861217 3.88237809 1.09848945
v -1.40861217 3.88237809 1.09848945
v -1.40090648 3.35944184 1.07988619
v -1.40090648 3.35944184 1.07988619
v -1.40090648 3.88237809 1.07988619
v -1.40090648 3.88237809 1.07988619
v -1.38230319 3.35944184 1.07218047
v -1.38230319 3.35944184 1.07218047
v -1.38230319 3.35944184 1.07218047
v -1.38230319 3.88237809 1.07218047
v -1.38230319 3.88237809 1.07218047
v -1.38230319 3.88237809 1.07218047
v -1.36369989 3.35944184 1.07988619
v -1.36369989 3.35944184 1.07988619
v -1.36369989 3.88237809 1.07988619
v -1.36369989 3.88237809 1.07988619
v -1.35599421 3.35944184 1.09848945
v -1.35599421 3.35944184 1.09848945
v -1.35599421 3.88237809 1.09848945
v -1.35599421 3.88237809 1.09848945
v -1.36369989 3.35944184 1.11709270
v -1.36369989 3.35944184 1.11709270
v -1.36369989 3.88237809 1.11709270
v -1.36369989 3.88237809 1.11709270
v 1.22685461 3.35944184 1.12479842
v 1.22685461 3.35944184 1.12479842
v 1.22685461 3.88237809 1.12479842
v 1.22685461 3.88237809 1.12479842
v 1.20825132 3.35944184 1.11709270
v 1.20825132 3.35944184 1.11709270
v 1.20825132 3.88237809 1.11709270
v 1.20825132 3.88237809 1.11709270
v 1.20054563 3.35944184 1.09848945
v 1.20054563 3.35944184 1.09848945
v 1.20054563 3.88237809 1.09848945
v 1.20054563 3.88237809 1.09848945
v 1.20825132 3.35944184 1.07988619
v 1.20825132 3.35944184 1.07988619
v 1.20825132 3.88237809 1.07988619
v 1.20825132 3.88237809 1.07988619
v 1.22685461 3.35944184 1.07218047
v 1.22685461 3.35944184 1.07218047
v 1.22685461 3.35944184 1.07218047
v 1.22685461 3.88237809 1.07218047
v 1.22685461 3.88237809 1.07218047
v 1.22685461 3.88237809 1.07218047
v 1.24545790 3.35944184 1.07988619
v 1.24545790 3.35944184 1.07988619
v 1.24545790 3.88237809 1.07988619
v 1.24545790 3.88237809 1.07988619
v 1.25316359 3.35944184 1.09848945
v 1.25316359 3.35944184 1.09848945
v 1.25316359 3.88237809 1.09848945
v 1.25316359 3.88237809 1.09848945
v 1.24545790 3.35944184 1.11709270
v 1.24545790 3.35944184 1.11709270
v 1.24545790 3.88237809 1.11709270
v 1.24545790 3.88237809 1.11709270
v 1.40867186 3.23949753 1.55598133
v 1.40867186 3.23949753 1.55598133
v -1.59139296 3.23949788 1.55598133
v -1.59139296 3.23949788 1.55598133
v 1.40867186 3.22089433 1.54827560
v 1.40867186 3.22089433 1.54827560
v -1.59139296 3.22089458 1.54827560
v -1.59139296 3.22089458 1.54827560
v 1.40867186 3.21318855 1.52967235
v 1.40867186 3.21318855 1.52967235
v -1.59139296 3.21318890 1.52967235
v -1.59139296 3.21318890 1.52967235
v 1.40867186 3.22089433 1.51106910
v 1.40867186 3.22089433 1.51106910
v -1.59139296 3.22089458 1.51106910
v -1.59139296 3.22089458 1.51106910
v 1.40867186 3.23949753 1.50336337
v 1.40867186 3.23949753 1.50336337
v 1.40867186 3.23949753 1.50336337
v -1.59139296 3.23949788 1.50336337
v -1.59139296 3.23949788 1.50336337
v -1.59139296 3.23949788 1.50336337
v 1.40867186 3.25810083 1.51106910
v 1.40867186 3.25810083 1.51106910
v -1.59139296 3.25810108 1.51106910
v -1.59139296 3.25810108 1.51106910
v 1.40867186 3.26580656 1.52967235
v 1.40867186 3.26580656 1.52967235
v -1.59139296 3.26580681 1.52967235
v -1.59139296 3.26580681 1.52967235
v 1.40867186 3.25810083 1.54827560
v 1.40867186 3.25810083 1.54827560
v -1.59139296 3.25810108 1.54827560
v -1.59139296 3.25810108 1.54827560
v 1.40867186 3.23949753 0.69076863
v 1.40867186 3.23949753 0.69076863
v -1.59139296 3.23949788 0.69076863
v -1.59139296 3.23949788 0.69076863
v 1.40867186 3.22089433 0.68306290
v 1.40867186 3.22089433 0.68306290
v -1.59139296 3.22089458 0.68306290
v -1.59139296 3.22089458 0.68306290
v 1.40867186 3.21318855 0.66445965
v 1.40867186 3.21318855 0.66445965
v -1.59139296 3.21318890 0.66445965
v -1.59139296 3.21318890 0.66445965
v 1.40867186 3.22089433 0.64585640
v 1.40867186 3.22089433 0.64585640
v -1.59139296 3.22089458 0.64585640
v -1.59139296 3.22089458 0.64585640
v 1.40867186 3.23949753 0.63815067
v 1.40867186 3.23949753 0.63815067
v 1.40867186 3.23949753 0.63815067
v -1.59139296 3.23949788 0.63815067
v -1.59139296 3.23949788 0.63815067
v -1.59139296 3.23949788 0.63815067
v 1.40867186 3.25810083 0.64585640
v 1.40867186 3.25810083 0.64585640
v -1.59139296 3.25810108 0.64585640
v -1.59139296 3.25810108 0.64585640
v 1.40867186 3.26580656 0.66445965
v 1.40867186 3.26580656 0.66445965
v -1.59139296 3.26580681 0.66445965
v -1.59139296 3.26580681 0.66445965
v 1.40867186 3.25810083 0.68306290
v 1.40867186 3.25810083 0.68306290
v -1.59139296 3.25810108 0.68306290
v -1.59139296 3.25810108 0.68306290
v -0.21227975 2.52554661 1.55024179
v -0.21227975 2.52554661 1.55024179
v -1.58991613 2.52554695 1.55024179
v -1.58991613 2.52554695 1.55024179
v -0.21227975 2.51350852 1.54525535
v -0.21227975 2.51350852 1.54525535
v -1.58991613 2.51350852 1.54525535
v -1.58991613 2.51350852 1.54525535
v -0.21227975 2.50852216 1.53321713
v -0.21227975 2.50852216 1.53321713
v -1.58991613 2.50852216 1.53321713
v -1.58991613 2.50852216 1.53321713
v -0.21227975 2.51350852 1.52117890
v -0.21227975 2.51350852 1.52117890
v -1.58991613 2.51350852 1.52117890
v -1.58991613 2.51350852 1.52117890
v -0.21227975 2.52554661 1.51619246
v -0.21227975 2.52554661 1.51619246
v -0.21227975 2.52554661 1.51619246
v -1.58991613 2.52554695 1.51619246
v -1.58991613 2.52554695 1.51619246
v -1.58991613 2.52554695 1.51619246
v -0.21227975 2.53758505 1.52117890
v -0.21227975 2.53758505 1.52117890
v -1.58991613 2.53758505 1.52117890
v -1.58991613 2.53758505 1.52117890
v -0.21227975 2.54257140 1.53321713
v -0.21227975 2.54257140 1.53321713
v -1.58991613 2.54257149 1.53321713
v -1.58991613 2.54257149 1.53321713
v -0.21227975 2.53758505 1.54525535
v -0.21227975 2.53758505 1.54525535
v -1.58991613 2.53758505 1.54525535
v -1.58991613 2.53758505 1.54525535
v 1.37697615 2.52554661 1.55024179
v 1.37697615 2.52554661 1.55024179
v -0.00066040 2.52554695 1.55024179
v -0.00066040 2.52554695 1.55024179
v 1.37697615 2.51350852 1.54525535
v 1.37697615 2.51350852 1.54525535
v -0.00066040 2.51350852 1.54525535
v -0.00066040 2.51350852 1.54525535
v 1.37697615 2.50852216 1.53321713
v 1.37697615 2.50852216 1.53321713
v -0.00066040 2.50852216 1.53321713
v -0.00066040 2.50852216 1.53321713
v 1.37697615 2.51350852 1.52117890
v 1.37697615 2.51350852 1.52117890
v -0.00066040 2.51350852 1.52117890
v -0.00066040 2.51350852 1.52117890
v 1.37697615 2.52554661 1.51619246
v 1.37697615 2.52554661 1.51619246
v 1.37697615 2.52554661 1.51619246
v -0.00066040 2.52554695 1.51619246
v -0.00066040 2.52554695 1.51619246
v -0.00066040 2.52554695 1.51619246
v 1.37697615 2.53758505 1.52117890
v 1.37697615 2.53758505 1.52117890
v -0.00066040 2.53758505 1.52117890
v -0.00066040 2.53758505 1.52117890
v 1.37697615 2.54257140 1.53321713
v 1.37697615 2.54257140 1.53321713
v -0.00066040 2.54257149 1.53321713
v -0.00066040 2.54257149 1.53321713
v 1.37697615 2.53758505 1.54525535
v 1.37697615 2.53758505 1.54525535
v -0.00066040 2.53758505 1.54525535
v -0.00066040 2.53758505 1.54525535
v -0.21227975 2.52554661 0.67585525
v -0.21227975 2.52554661 0.67585525
v -1.58991613 2.52554695 0.67585525
v -1.58991613 2.52554695 0.67585525
v -0.21227975 2.51350852 0.67086881
v -0.21227975 2.51350852 0.67086881
v -1.58991613 2.51350852 0.67086881
v -1.58991613 2.51350852 0.67086881
v -0.21227975 2.50852216 0.65883059
v -0.21227975 2.50852216 0.65883059
v -1.58991613 2.50852216 0.65883059
v -1.58991613 2.50852216 0.65883059
v -0.21227975 2.51350852 0.64679237
v -0.21227975 2.51350852 0.64679237
v -1.58991613 2.51350852 0.64679237
v -1.58991613 2.51350852 0.64679237
v -0.21227975 2.52554661 0.64180593
v -0.21227975 2.52554661 0.64180593
v -0.21227975 2.52554661 0.64180593
v -1.58991613 2.52554695 0.64180593
v -1.58991613 2.52554695 0.64180593
v -1.58991613 2.52554695 0.64180593
v -0.21227975 2.53758505 0.64679237
v -0.21227975 2.53758505 0.64679237
v -1.58991613 2.53758505 0.64679237
v -1.58991613 2.53758505 0.64679237
v -0.21227975 2.54257140 0.65883059
v -0.21227975 2.54257140 0.65883059
v -1.58991613 2.54257149 0.65883059
v -1.58991613 2.54257149 0.65883059
v -0.21227975 2.53758505 0.67086881
v -0.21227975 2.53758505 0.67086881
v -1.58991613 2.53758505 0.67086881
v -1.58991613 2.53758505 0.67086881
v 1.37697615 2.52554661 0.67585525
v 1.37697615 2.52554661 0.67585525
v -0.00066040 2.52554695 0.67585525
v -0.00066040 2.52554695 0.67585525
v 1.37697615 2.51350852 0.67086881
v 1.37697615 2.51350852 0.67086881
v -0.00066040 2.51350852 0.67086881
v -0.00066040 2.51350852 0.67086881
v 1.37697615 2.50852216 0.65883059
v 1.37697615 2.50852216 0.65883059
v -0.00066040 2.50852216 0.65883059
v -0.00066040 2.50852216 0.65883059
v 1.37697615 2.51350852 0.64679237
v 1.37697615 2.51350852 0.64679237
v -0.00066040 2.51350852 0.64679237
v -0.00066040 2.51350852 0.64679237
v 1.37697615 2.52554661 0.64180593
v 1.37697615 2.52554661 0.64180593
v 1.37697615 2.52554661 0.64180593
v -0.00066040 2.52554695 0.64180593
v -0.00066040 2.52554695 0.64180593
v -0.00066040 2.52554695 0.64180593
v 1.37697615 2.53758505 0.64679237
v 1.37697615 2.53758505 0.64679237
v -0.00066040 2.53758505 0.64679237
v -0.00066040 2.53758505 0.64679237
v 1.37697615 2.54257140 0.65883059
v 1.37697615 2.54257140 0.65883059
v -0.00066040 2.54257149 0.65883059
v -0.00066040 2.54257149 0.65883059
v 1.37697615 2.53758505 0.67086881
v 1.37697615 2.53758505 0.67086881
v -0.00066040 2.53758505 0.67086881
v -0.00066040 2.53758505 0.67086881
v -6.11415401 3.92160527 -0.46478528
v -6.11415401 3.92160527 -0.46478528
v -6.11415401 4.76392706 -0.46478528
v -6.11415401 4.76392706 -0.46478528
v -6.13275730 3.92160527 -0.47249101
v -6.13275730 3.92160527 -0.47249101
v -6.13275730 4.76392706 -0.47249101
v -6.13275730 4.76392706 -0.47249101
v -6.14046299 3.92160527 -0.49109426
v -6.14046299 3.92160527 -0.49109426
v -6.14046299 4.76392706 -0.49109426
v -6.14046299 4.76392706 -0.49109426
v -6.13275730 3.92160527 -0.50969751
v -6.13275730 3.92160527 -0.50969751
v -6.13275730 4.76392706 -0.50969751
v -6.13275730 4.76392706 -0.50969751
v -6.11415401 3.92160527 -0.51740324
v -6.11415401 3.92160527 -0.51740324
v -6.11415401 3.92160527 -0.51740324
v -6.11415401 4.76392706 -0.51740324
v -6.11415401 4.76392706 -0.51740324
v -6.11415401 4.76392706 -0.51740324
v -6.09555072 3.92160527 -0.50969751
v -6.09555072 3.92160527 -0.50969751
v -6.09555072 4.76392706 -0.50969751
v -6.09555072 4.76392706 -0.50969751
v -6.08784503 3.92160527 -0.49109426
v -6.08784503 3.92160527 -0.49109426
v -6.08784503 4.76392706 -0.49109426
v -6.08784503 4.76392706 -0.49109426
v -6.09555072 3.92160527 -0.47249101
v -6.09555072 3.92160527 -0.47249101
v -6.09555072 4.76392706 -0.47249101
v -6.09555072 4.76392706 -0.47249101
v -3.01374102 3.92160527 -0.46478528
v -3.01374102 3.92160527 -0.46478528
v -3.01374102 4.76392689 -0.46478528
v -3.01374102 4.76392689 -0.46478528
v -2.99513756 3.92160527 -0.47249101
v -2.99513756 3.92160527 -0.47249101
v -2.99513756 4.76392689 -0.47249101
v -2.99513756 4.76392689 -0.47249101
v -2.98743187 3.92160527 -0.49109426
v -2.98743187 3.92160527 -0.49109426
v -2.98743187 4.76392689 -0.49109426
v -2.98743187 4.76392689 -0.49109426
v -2.99513756 3.92160527 -0.50969751
v -2.99513756 3.92160527 -0.50969751
v -2.99513756 4.76392689 -0.50969751
v -2.99513756 4.76392689 -0.50969751
v -3.01374102 3.92160527 -0.51740324
v -3.01374102 3.92160527 -0.51740324
v -3.01374102 3.92160527 -0.51740324
v -3.01374102 4.76392689 -0.51740324
v -3.01374102 4.76392689 -0.51740324
v -3.01374102 4.76392689 -0.51740324
v -3.03234414 3.92160527 -0.50969751
v -3.03234414 3.92160527 -0.50969751
v -3.03234414 4.76392689 -0.50969751
v -3.03234414 4.76392689 -0.50969751
v -3.04004983 3.92160527 -0.49109426
v -3.04004983 3.92160527 -0.49109426
v -3.04004983 4.76392689 -0.49109426
v -3.04004983 4.76392689 -0.49109426
v -3.03234414 3.92160527 -0.47249101
v -3.03234414 3.92160527 -0.47249101
v -3.03234414 4.76392689 -0.47249101
v -3.03234414 4.76392689 -0.47249101
v -6.11415401 3.92160527 -1.62426050
v -6.11415401 3.92160527 -1.62426050
v -6.11415401 4.76392689 -1.62426050
v -6.11415401 4.76392689 -1.62426050
v -6.13275730 3.92160527 -1.61655481
v -6.13275730 3.92160527 -1.61655481
v -6.13275730 4.76392689 -1.61655481
v -6.13275730 4.76392689 -1.61655481
v -6.14046299 3.92160527 -1.59795152
v -6.14046299 3.92160527 -1.59795152
v -6.14046299 4.76392689 -1.59795152
v -6.14046299 4.76392689 -1.59795152
v -6.13275730 3.92160527 -1.57934831
v -6.13275730 3.92160527 -1.57934831
v -6.13275730 4.76392689 -1.57934831
v -6.13275730 4.76392689 -1.57934831
v -6.11415401 3.92160527 -1.57164254
v -6.11415401 3.92160527 -1.57164254
v -6.11415401 3.92160527 -1.57164254
v -6.11415401 4.76392689 -1.57164254
v -6.11415401 4.76392689 -1.57164254
v -6.11415401 4.76392689 -1.57164254
v -6.09555072 3.92160527 -1.57934831
v -6.09555072 3.92160527 -1.57934831
v -6.09555072 4.76392689 -1.57934831
v -6.09555072 4.76392689 -1.57934831
v -6.08784503 3.92160527 -1.59795152
v -6.08784503 3.92160527 -1.59795152
v -6.08784503 4.76392689 -1.59795152
v -6.08784503 4.76392689 -1.59795152
v -6.09555072 3.92160527 -1.61655481
v -6.09555072 3.92160527 -1.61655481
v -6.09555072 4.76392689 -1.61655481
v -6.09555072 4.76392689 -1.61655481
v -3.01374102 3.92160527 -1.62426050
v -3.01374102 3.92160527 -1.62426050
v -3.01374102 4.76392681 -1.62426050
v -3.01374102 4.76392681 -1.62426050
v -2.99513756 3.92160527 -1.61655481
v -2.99513756 3.92160527 -1.61655481
v -2.99513756 4.76392681 -1.61655481
v -2.99513756 4.76392681 -1.61655481
v -2.98743187 3.92160527 -1.59795152
v -2.98743187 3.92160527 -1.59795152
v -2.98743187 4.76392681 -1.59795152
v -2.98743187 4.76392681 -1.59795152
v -2.99513756 3.92160527 -1.57934831
v -2.99513756 3.92160527 -1.57934831
v -2.99513756 4.76392681 -1.57934831
v -2.99513756 4.76392681 -1.57934831
v -3.01374102 3.92160527 -1.57164254
v -3.01374102 3.92160527 -1.57164254
v -3.01374102 3.92160527 -1.57164254
v -3.01374102 4.76392681 -1.57164254
v -3.01374102 4.76392681 -1.57164254
v -3.01374102 4.76392681 -1.57164254
v -3.03234414 3.92160527 -1.57934831
v -3.03234414 3.92160527 -1.57934831
v -3.03234414 4.76392681 -1.57934831
v -3.03234414 4.76392681 -1.57934831
v -3.04004983 3.92160527 -1.59795152
v -3.04004983 3.92160527 -1.59795152
v -3.04004983 4.76392681 -1.59795152
v -3.04004983 4.76392681 -1.59795152
v -3.03234414 3.92160527 -1.61655481
v -3.03234414 3.92160527 -1.61655481
v -3.03234414 4.76392681 -1.61655481
v -3.03234414 4.76392681 -1.61655481
v -5.85680865 3.35944184 -1.01821391
v -5.85680865 3.35944184 -1.01821391
v -5.85680865 3.88237809 -1.01821391
v -5.85680865 3.88237809 -1.01821391
v -5.87541194 3.35944184 -1.02591964
v -5.87541194 3.35944184 -1.02591964
v -5.87541194 3.88237809 -1.02591964
v -5.87541194 3.88237809 -1.02591964
v -5.88311763 3.35944184 -1.04452289
v -5.88311763 3.35944184 -1.04452289
v -5.88311763 3.88237809 -1.04452289
v -5.88311763 3.88237809 -1.04452289
v -5.87541194 3.35944184 -1.06312614
v -5.87541194 3.35944184 -1.06312614
v -5.87541194 3.88237809 -1.06312614
v -5.87541194 3.88237809 -1.06312614
v -5.85680865 3.35944184 -1.07083186
v -5.85680865 3.35944184 -1.07083186
v -5.85680865 3.35944184 -1.07083186
v -5.85680865 3.88237809 -1.07083186
v -5.85680865 3.88237809 -1.07083186
v -5.85680865 3.88237809 -1.07083186
v -5.83820536 3.35944184 -1.06312614
v -5.83820536 3.35944184 -1.06312614
v -5.83820536 3.88237809 -1.06312614
v -5.83820536 3.88237809 -1.06312614
v -5.83049967 3.35944184 -1.04452289
v -5.83049967 3.35944184 -1.04452289
v -5.83049967 3.88237809 -1.04452289
v -5.83049967 3.88237809 -1.04452289
v -5.83820536 3.35944184 -1.02591964
v -5.83820536 3.35944184 -1.02591964
v -5.83820536 3.88237809 -1.02591964
v -5.83820536 3.88237809 -1.02591964
v -3.24765085 3.35944184 -1.01821391
v -3.24765085 3.35944184 -1.01821391
v -3.24765085 3.88237809 -1.01821391
v -3.24765085 3.88237809 -1.01821391
v -3.26625415 3.35944184 -1.02591964
v -3.26625415 3.35944184 -1.02591964
v -3.26625415 3.88237809 -1.02591964
v -3.26625415 3.88237809 -1.02591964
v -3.27395983 3.35944184 -1.04452289
v -3.27395983 3.35944184 -1.04452289
v -3.27395983 3.88237809 -1.04452289
v -3.27395983 3.88237809 -1.04452289
v -3.26625415 3.35944184 -1.06312614
v -3.26625415 3.35944184 -1.06312614
v -3.26625415 3.88237809 -1.06312614
v -3.26625415 3.88237809 -1.06312614
v -3.24765085 3.35944184 -1.07083186
v -3.24765085 3.35944184 -1.07083186
v -3.24765085 3.35944184 -1.07083186
v -3.24765085 3.88237809 -1.07083186
v -3.24765085 3.88237809 -1.07083186
v -3.24765085 3.88237809 -1.07083186
v -3.22904756 3.35944184 -1.06312614
v -3.22904756 3.35944184 -1.06312614
v -3.22904756 3.88237809 -1.06312614
v -3.22904756 3.88237809 -1.06312614
v -3.22134187 3.35944184 -1.04452289
v -3.22134187 3.35944184 -1.04452289
v -3.22134187 3.88237809 -1.04452289
v -3.22134187 3.88237809 -1.04452289
v -3.22904756 3.35944184 -1.02591964
v -3.22904756 3.35944184 -1.02591964
v -3.22904756 3.88237809 -1.02591964
v -3.22904756 3.88237809 -1.02591964
v -3.06583361 3.23949753 -0.58703100
v -3.06583361 3.23949753 -0.58703100
v -6.06589843 3.23949788 -0.58703100
v -6.06589843 3.23949788 -0.58703100
v -3.06583361 3.22089433 -0.59473674
v -3.06583361 3.22089433 -0.59473674
v -6.06589843 3.22089458 -0.59473674
v -6.06589843 3.22089458 -0.59473674
v -3.06583361 3.21318855 -0.61333998
v -3.06583361 3.21318855 -0.61333998
v -6.06589843 3.21318890 -0.61333998
v -6.06589843 3.21318890 -0.61333998
v -3.06583361 3.22089433 -0.63194323
v -3.06583361 3.22089433 -0.63194323
v -6.06589843 3.22089458 -0.63194323
v -6.06589843 3.22089458 -0.63194323
v -3.06583361 3.23949753 -0.63964896
v -3.06583361 3.23949753 -0.63964896
v -3.06583361 3.23949753 -0.63964896
v -6.06589843 3.23949788 -0.63964896
v -6.06589843 3.23949788 -0.63964896
v -6.06589843 3.23949788 -0.63964896
v -3.06583361 3.25810083 -0.63194323
v -3.06583361 3.25810083 -0.63194323
v -6.06589843 3.25810108 -0.63194323
v -6.06589843 3.25810108 -0.63194323
v -3.06583361 3.26580656 -0.61333998
v -3.06583361 3.26580656 -0.61333998
v -6.06589843 3.26580681 -0.61333998
v -6.06589843 3.26580681 -0.61333998
v -3.06583361 3.25810083 -0.59473674
v -3.06583361 3.25810083 -0.59473674
v -6.06589843 3.25810108 -0.59473674
v -6.06589843 3.25810108 -0.59473674
v -3.06583361 3.23949753 -1.45224370
v -3.06583361 3.23949753 -1.45224370
v -6.06589843 3.23949788 -1.45224370
v -6.06589843 3.23949788 -1.45224370
v -3.06583361 3.22089433 -1.45994943
v -3.06583361 3.22089433 -1.45994943
v -6.06589843 3.22089458 -1.45994943
v -6.06589843 3.22089458 -1.45994943
v -3.06583361 3.21318855 -1.47855268
v -3.06583361 3.21318855 -1.47855268
v -6.06589843 3.21318890 -1.47855268
v -6.06589843 3.21318890 -1.47855268
v -3.06583361 3.22089433 -1.49715593
v -3.06583361 3.22089433 -1.49715593
v -6.06589843 3.22089458 -1.49715593
v -6.06589843 3.22089458 -1.49715593
v -3.06583361 3.23949753 -1.50486166
v -3.06583361 3.23949753 -1.50486166
v -3.06583361 3.23949753 -1.50486166
v -6.06589843 3.23949788 -1.50486166
v -6.06589843 3.23949788 -1.50486166
v -6.06589843 3.23949788 -1.50486166
v -3.06583361 3.25810083 -1.49715593
v -3.06583361 3.25810083 -1.49715593
v -6.06589843 3.25810108 -1.49715593
v -6.06589843 3.25810108 -1.49715593
v -3.06583361 3.26580656 -1.47855268
v -3.06583361 3.26580656 -1.47855268
v -6.06589843 3.26580681 -1.47855268
v -6.06589843 3.26580681 -1.47855268
v -3.06583361 3.25810083 -1.45994943
v -3.06583361 3.25810083 -1.45994943
v -6.06589843 3.25810108 -1.45994943
v -6.06589843 3.25810108 -1.45994943
v -4.68678522 2.52554661 -0.59277055
v -4.68678522 2.52554661 -0.59277055
v -6.06442159 2.52554695 -0.59277055
v -6.06442159 2.52554695 -0.59277055
v -4.68678522 2.51350852 -0.59775699
v -4.68678522 2.51350852 -0.59775699
v -6.06442159 2.51350852 -0.59775699
v -6.06442159 2.51350852 -0.59775699
v -4.68678522 2.50852216 -0.60979521
v -4.68678522 2.50852216 -0.60979521
v -6.06442159 2.50852216 -0.60979521
v -6.06442159 2.50852216 -0.60979521
v -4.68678522 2.51350852 -0.62183343
v -4.68678522 2.51350852 -0.62183343
v -6.06442159 2.51350852 -0.62183343
v -6.06442159 2.51350852 -0.62183343
v -4.68678522 2.52554661 -0.62681987
v -4.68678522 2.52554661 -0.62681987
v -4.68678522 2.52554661 -0.62681987
v -6.06442159 2.52554695 -0.62681987
v -6.06442159 2.52554695 -0.62681987
v -6.06442159 2.52554695 -0.62681987
v -4.68678522 2.53758505 -0.62183343
v -4.68678522 2.53758505 -0.62183343
v -6.06442159 2.53758505 -0.62183343
v -6.06442159 2.53758505 -0.62183343
v -4.68678522 2.54257140 -0.60979521
v -4.68678522 2.54257140 -0.60979521
v -6.06442159 2.54257149 -0.60979521
v -6.06442159 2.54257149 -0.60979521
v -4.68678522 2.53758505 -0.59775699
v -4.68678522 2.53758505 -0.59775699
v -6.06442159 2.53758505 -0.59775699
v -6.06442159 2.53758505 -0.59775699
v -3.09752931 2.52554661 -0.59277055
v -3.09752931 2.52554661 -0.59277055
v -4.47516586 2.52554695 -0.59277055
v -4.47516586 2.52554695 -0.59277055
v -3.09752931 2.51350852 -0.59775699
v -3.09752931 2.51350852 -0.59775699
v -4.47516586 2.51350852 -0.59775699
v -4.47516586 2.51350852 -0.59775699
v -3.09752931 2.50852216 -0.60979521
v -3.09752931 2.50852216 -0.60979521
v -4.47516586 2.50852216 -0.60979521
v -4.47516586 2.50852216 -0.60979521
v -3.09752931 2.51350852 -0.62183343
v -3.09752931 2.51350852 -0.62183343
v -4.47516586 2.51350852 -0.62183343
v -4.47516586 2.51350852 -0.62183343
v -3.09752931 2.52554661 -0.62681987
v -3.09752931 2.52554661 -0.62681987
v -3.09752931 2.52554661 -0.62681987
v -4.47516586 2.52554695 -0.62681987
v -4.47516586 2.52554695 -0.62681987
v -4.47516586 2.52554695 -0.62681987
v -3.09752931 2.53758505 -0.62183343
v -3.09752931 2.53758505 -0.62183343
v -4.47516586 2.53758505 -0.62183343
v -4.47516586 2.53758505 -0.62183343
v -3.09752931 2.54257140 -0.60979521
v -3.09752931 2.54257140 -0.60979521
v -4.47516586 2.54257149 -0.60979521
v -4.47516586 2.54257149 -0.60979521
v -3.09752931 2.53758505 -0.59775699
v -3.09752931 2.53758505 -0.59775699
v -4.47516586 2.53758505 -0.59775699
v -4.47516586 2.53758505 -0.59775699
v -4.68678522 2.52554661 -1.46715708
v -4.68678522 2.52554661 -1.46715708
v -6.06442159 2.52554695 -1.46715708
v -6.06442159 2.52554695 -1.46715708
v -4.68678522 2.51350852 -1.47214352
v -4.68678522 2.51350852 -1.47214352
v -6.06442159 2.51350852 -1.47214352
v -6.06442159 2.51350852 -1.47214352
v -4.68678522 2.50852216 -1.48418175
v -4.68678522 2.50852216 -1.48418175
v -6.06442159 2.50852216 -1.48418175
v -6.06442159 2.50852216 -1.48418175
v -4.68678522 2.51350852 -1.49621997
v -4.68678522 2.51350852 -1.49621997
v -6.06442159 2.51350852 -1.49621997
v -6.06442159 2.51350852 -1.49621997
v -4.68678522 2.52554661 -1.50120641
v -4.68678522 2.52554661 -1.50120641
v -4.68678522 2.52554661 -1.50120641
v -6.06442159 2.52554695 -1.50120641
v -6.06442159 2.52554695 -1.50120641
v -6.06442159 2.52554695 -1.50120641
v -4.68678522 2.53758505 -1.49621997
v -4.68678522 2.53758505 -1.49621997
v -6.06442159 2.53758505 -1.49621997
v -6.06442159 2.53758505 -1.49621997
v -4.68678522 2.54257140 -1.48418175
v -4.68678522 2.54257140 -1.48418175
v -6.06442159 2.54257149 -1.48418175
v -6.06442159 2.54257149 -1.48418175
v -4.68678522 2.53758505 -1.47214352
v -4.68678522 2.53758505 -1.47214352
v -6.06442159 2.53758505 -1.47214352
v -6.06442159 2.53758505 -1.47214352
v -3.09752931 2.52554661 -1.46715708
v -3.09752931 2.52554661 -1.46715708
v -4.47516586 2.52554695 -1.46715708
v -4.47516586 2.52554695 -1.46715708
v -3.09752931 2.51350852 -1.47214352
v -3.09752931 2.51350852 -1.47214352
v -4.47516586 2.51350852 -1.47214352
v -4.47516586 2.51350852 -1.47214352
v -3.09752931 2.50852216 -1.48418175
v -3.09752931 2.50852216 -1.48418175
v -4.47516586 2.50852216 -1.48418175
v -4.47516586 2.50852216 -1.48418175
v -3.09752931 2.51350852 -1.49621997
v -3.09752931 2.51350852 -1.49621997
v -4.47516586 2.51350852 -1.49621997
v -4.47516586 2.51350852 -1.49621997
v -3.09752931 2.52554661 -1.50120641
v -3.09752931 2.52554661 -1.50120641
v -3.09752931 2.52554661 -1.50120641
v -4.47516586 2.52554695 -1.50120641
v -4.47516586 2.52554695 -1.50120641
v -4.47516586 2.52554695 -1.50120641
v -3.09752931 2.53758505 -1.49621997
v -3.09752931 2.53758505 -1.49621997
v -4.47516586 2.53758505 -1.49621997
v -4.47516586 2.53758505 -1.49621997
v -3.09752931 2.54257140 -1.48418175
v -3.09752931 2.54257140 -1.48418175
v -4.47516586 2.54257149 -1.48418175
v -4.47516586 2.54257149 -1.48418175
v -3.09752931 2.53758505 -1.47214352
v -3.09752931 2.53758505 -1.47214352
v -4.47516586 2.53758505 -1.47214352
v -4.47516586 2.53758505 -1.47214352
v 1.46076425 3.92160527 -1.62426100
v 1.46076425 3.92160527 -1.62426100
v 1.46076425 4.76392706 -1.62426100
v 1.46076425 4.76392706 -1.62426100
v 1.47936755 3.92160527 -1.61655528
v 1.47936755 3.92160527 -1.61655528
v 1.47936755 4.76392706 -1.61655528
v 1.47936755 4.76392706 -1.61655528
v 1.48707324 3.92160527 -1.59795203
v 1.48707324 3.92160527 -1.59795203
v 1.48707324 4.76392706 -1.59795203
v 1.48707324 4.76392706 -1.59795203
v 1.47936756 3.92160527 -1.57934878
v 1.47936756 3.92160527 -1.57934878
v 1.47936756 4.76392706 -1.57934878
v 1.47936756 4.76392706 -1.57934878
v 1.46076427 3.92160527 -1.57164304
v 1.46076427 3.92160527 -1.57164304
v 1.46076427 3.92160527 -1.57164304
v 1.46076427 4.76392706 -1.57164304
v 1.46076427 4.76392706 -1.57164304
v 1.46076427 4.76392706 -1.57164304
v 1.44216098 3.92160527 -1.57934877
v 1.44216098 3.92160527 -1.57934877
v 1.44216098 4.76392706 -1.57934877
v 1.44216098 4.76392706 -1.57934877
v 1.43445528 3.92160527 -1.59795201
v 1.43445528 3.92160527 -1.59795201
v 1.43445528 4.76392706 -1.59795201
v 1.43445528 4.76392706 -1.59795201
v 1.44216097 3.92160527 -1.61655527
v 1.44216097 3.92160527 -1.61655527
v 1.44216097 4.76392706 -1.61655527
v 1.44216097 4.76392706 -1.61655527
v -1.63964873 3.92160527 -1.62425999
v -1.63964873 3.92160527 -1.62425999
v -1.63964873 4.76392689 -1.62425999
v -1.63964873 4.76392689 -1.62425999
v -1.65825219 3.92160527 -1.61655426
v -1.65825219 3.92160527 -1.61655426
v -1.65825219 4.76392689 -1.61655426
v -1.65825219 4.76392689 -1.61655426
v -1.66595788 3.92160527 -1.59795100
v -1.66595788 3.92160527 -1.59795100
v -1.66595788 4.76392689 -1.59795100
v -1.66595788 4.76392689 -1.59795100
v -1.65825218 3.92160527 -1.57934776
v -1.65825218 3.92160527 -1.57934776
v -1.65825218 4.76392689 -1.57934776
v -1.65825218 4.76392689 -1.57934776
v -1.63964872 3.92160527 -1.57164203
v -1.63964872 3.92160527 -1.57164203
v -1.63964872 3.92160527 -1.57164203
v -1.63964872 4.76392689 -1.57164203
v -1.63964872 4.76392689 -1.57164203
v -1.63964872 4.76392689 -1.57164203
v -1.62104560 3.92160527 -1.57934777
v -1.62104560 3.92160527 -1.57934777
v -1.62104560 4.76392689 -1.57934777
v -1.62104560 4.76392689 -1.57934777
v -1.61333992 3.92160527 -1.59795102
v -1.61333992 3.92160527 -1.59795102
v -1.61333992 4.76392689 -1.59795102
v -1.61333992 4.76392689 -1.59795102
v -1.62104561 3.92160527 -1.61655427
v -1.62104561 3.92160527 -1.61655427
v -1.62104561 4.76392689 -1.61655427
v -1.62104561 4.76392689 -1.61655427
v 1.46076463 3.92160527 -0.46478579
v 1.46076463 3.92160527 -0.46478579
v 1.46076463 4.76392689 -0.46478579
v 1.46076463 4.76392689 -0.46478579
v 1.47936792 3.92160527 -0.47249148
v 1.47936792 3.92160527 -0.47249148
v 1.47936792 4.76392689 -0.47249148
v 1.47936792 4.76392689 -0.47249148
v 1.48707360 3.92160527 -0.49109477
v 1.48707360 3.92160527 -0.49109477
v 1.48707360 4.76392689 -0.49109477
v 1.48707360 4.76392689 -0.49109477
v 1.47936791 3.92160527 -0.50969798
v 1.47936791 3.92160527 -0.50969798
v 1.47936791 4.76392689 -0.50969798
v 1.47936791 4.76392689 -0.50969798
v 1.46076461 3.92160527 -0.51740375
v 1.46076461 3.92160527 -0.51740375
v 1.46076461 3.92160527 -0.51740375
v 1.46076461 4.76392689 -0.51740375
v 1.46076461 4.76392689 -0.51740375
v 1.46076461 4.76392689 -0.51740375
v 1.44216133 3.92160527 -0.50969797
v 1.44216133 3.92160527 -0.50969797
v 1.44216133 4.76392689 -0.50969797
v 1.44216133 4.76392689 -0.50969797
v 1.43445564 3.92160527 -0.49109476
v 1.43445564 3.92160527 -0.49109476
v 1.43445564 4.76392689 -0.49109476
v 1.43445564 4.76392689 -0.49109476
v 1.44216134 3.92160527 -0.47249147
v 1.44216134 3.92160527 -0.47249147
v 1.44216134 4.76392689 -0.47249147
v 1.44216134 4.76392689 -0.47249147
v -1.63964836 3.92160527 -0.46478478
v -1.63964836 3.92160527 -0.46478478
v -1.63964836 4.76392681 -0.46478478
v -1.63964836 4.76392681 -0.46478478
v -1.65825182 3.92160527 -0.47249046
v -1.65825182 3.92160527 -0.47249046
v -1.65825182 4.76392681 -0.47249046
v -1.65825182 4.76392681 -0.47249046
v -1.66595751 3.92160527 -0.49109375
v -1.66595751 3.92160527 -0.49109375
v -1.66595751 4.76392681 -0.49109375
v -1.66595751 4.76392681 -0.49109375
v -1.65825183 3.92160527 -0.50969696
v -1.65825183 3.92160527 -0.50969696
v -1.65825183 4.76392681 -0.50969696
v -1.65825183 4.76392681 -0.50969696
v -1.63964837 3.92160527 -0.51740274
v -1.63964837 3.92160527 -0.51740274
v -1.63964837 3.92160527 -0.51740274
v -1.63964837 4.76392681 -0.51740274
v -1.63964837 4.76392681 -0.51740274
v -1.63964837 4.76392681 -0.51740274
v -1.62104525 3.92160527 -0.50969697
v -1.62104525 3.92160527 -0.50969697
v -1.62104525 4.76392681 -0.50969697
v -1.62104525 4.76392681 -0.50969697
v -1.61333955 3.92160527 -0.49109376
v -1.61333955 3.92160527 -0.49109376
v -1.61333955 4.76392681 -0.49109376
v -1.61333955 4.76392681 -0.49109376
v -1.62104524 3.92160527 -0.47249047
v -1.62104524 3.92160527 -0.47249047
v -1.62104524 4.76392681 -0.47249047
v -1.62104524 4.76392681 -0.47249047
v 1.20341908 3.35944184 -1.07083229
v 1.20341908 3.35944184 -1.07083229
v 1.20341908 3.88237809 -1.07083229
v 1.20341908 3.88237809 -1.07083229
v 1.22202237 3.35944184 -1.06312657
v 1.22202237 3.35944184 -1.06312657
v 1.22202237 3.88237809 -1.06312657
v 1.22202237 3.88237809 -1.06312657
v 1.22972806 3.35944184 -1.04452332
v 1.22972806 3.35944184 -1.04452332
v 1.22972806 3.88237809 -1.04452332
v 1.22972806 3.88237809 -1.04452332
v 1.22202238 3.35944184 -1.02592006
v 1.22202238 3.35944184 -1.02592006
v 1.22202238 3.88237809 -1.02592006
v 1.22202238 3.88237809 -1.02592006
v 1.20341909 3.35944184 -1.01821434
v 1.20341909 3.35944184 -1.01821434
v 1.20341909 3.35944184 -1.01821434
v 1.20341909 3.88237809 -1.01821434
v 1.20341909 3.88237809 -1.01821434
v 1.20341909 3.88237809 -1.01821434
v 1.18481580 3.35944184 -1.02592005
v 1.18481580 3.35944184 -1.02592005
v 1.18481580 3.88237809 -1.02592005
v 1.18481580 3.88237809 -1.02592005
v 1.17711010 3.35944184 -1.04452330
v 1.17711010 3.35944184 -1.04452330
v 1.17711010 3.88237809 -1.04452330
v 1.17711010 3.88237809 -1.04452330
v 1.18481579 3.35944184 -1.06312656
v 1.18481579 3.35944184 -1.06312656
v 1.18481579 3.88237809 -1.06312656
v 1.18481579 3.88237809 -1.06312656
v -1.40573872 3.35944184 -1.07083144
v -1.40573872 3.35944184 -1.07083144
v -1.40573872 3.88237809 -1.07083144
v -1.40573872 3.88237809 -1.07083144
v -1.38713543 3.35944184 -1.06312572
v -1.38713543 3.35944184 -1.06312572
v -1.38713543 3.88237809 -1.06312572
v -1.38713543 3.88237809 -1.06312572
v -1.37942973 3.35944184 -1.04452247
v -1.37942973 3.35944184 -1.04452247
v -1.37942973 3.88237809 -1.04452247
v -1.37942973 3.88237809 -1.04452247
v -1.38713541 3.35944184 -1.02591921
v -1.38713541 3.35944184 -1.02591921
v -1.38713541 3.88237809 -1.02591921
v -1.38713541 3.88237809 -1.02591921
v -1.40573870 3.35944184 -1.01821349
v -1.40573870 3.35944184 -1.01821349
v -1.40573870 3.35944184 -1.01821349
v -1.40573870 3.88237809 -1.01821349
v -1.40573870 3.88237809 -1.01821349
v -1.40573870 3.88237809 -1.01821349
v -1.42434200 3.35944184 -1.02591920
v -1.42434200 3.35944184 -1.02591920
v -1.42434200 3.88237809 -1.02591920
v -1.42434200 3.88237809 -1.02591920
v -1.43204769 3.35944184 -1.04452245
v -1.43204769 3.35944184 -1.04452245
v -1.43204769 3.88237809 -1.04452245
v -1.43204769 3.88237809 -1.04452245
v -1.42434201 3.35944184 -1.06312571
v -1.42434201 3.35944184 -1.06312571
v -1.42434201 3.88237809 -1.06312571
v -1.42434201 3.88237809 -1.06312571
v -1.58755611 3.23949753 -1.50201429
v -1.58755611 3.23949753 -1.50201429
v 1.41250871 3.23949788 -1.50201526
v 1.41250871 3.23949788 -1.50201526
v -1.58755610 3.22089433 -1.49430856
v -1.58755610 3.22089433 -1.49430856
v 1.41250872 3.22089458 -1.49430953
v 1.41250872 3.22089458 -1.49430953
v -1.58755610 3.21318855 -1.47570531
v -1.58755610 3.21318855 -1.47570531
v 1.41250872 3.21318890 -1.47570628
v 1.41250872 3.21318890 -1.47570628
v -1.58755609 3.22089433 -1.45710206
v -1.58755609 3.22089433 -1.45710206
v 1.41250873 3.22089458 -1.45710304
v 1.41250873 3.22089458 -1.45710304
v -1.58755609 3.23949753 -1.44939633
v -1.58755609 3.23949753 -1.44939633
v -1.58755609 3.23949753 -1.44939633
v 1.41250873 3.23949788 -1.44939730
v 1.41250873 3.23949788 -1.44939730
v 1.41250873 3.23949788 -1.44939730
v -1.58755609 3.25810083 -1.45710206
v -1.58755609 3.25810083 -1.45710206
v 1.41250873 3.25810108 -1.45710304
v 1.41250873 3.25810108 -1.45710304
v -1.58755610 3.26580656 -1.47570531
v -1.58755610 3.26580656 -1.47570531
v 1.41250872 3.26580681 -1.47570628
v 1.41250872 3.26580681 -1.47570628
v -1.58755610 3.25810083 -1.49430856
v -1.58755610 3.25810083 -1.49430856
v 1.41250872 3.25810108 -1.49430953
v 1.41250872 3.25810108 -1.49430953
v -1.58755582 3.23949753 -0.63680159
v -1.58755582 3.23949753 -0.63680159
v 1.41250899 3.23949788 -0.63680256
v 1.41250899 3.23949788 -0.63680256
v -1.58755582 3.22089433 -0.62909586
v -1.58755582 3.22089433 -0.62909586
v 1.41250900 3.22089458 -0.62909683
v 1.41250900 3.22089458 -0.62909683
v -1.58755582 3.21318855 -0.61049261
v -1.58755582 3.21318855 -0.61049261
v 1.41250900 3.21318890 -0.61049358
v 1.41250900 3.21318890 -0.61049358
v -1.58755581 3.22089433 -0.59188936
v -1.58755581 3.22089433 -0.59188936
v 1.41250901 3.22089458 -0.59189034
v 1.41250901 3.22089458 -0.59189034
v -1.58755581 3.23949753 -0.58418363
v -1.58755581 3.23949753 -0.58418363
v -1.58755581 3.23949753 -0.58418363
v 1.41250901 3.23949788 -0.58418460
v 1.41250901 3.23949788 -0.58418460
v 1.41250901 3.23949788 -0.58418460
v -1.58755581 3.25810083 -0.59188936
v -1.58755581 3.25810083 -0.59188936
v 1.41250901 3.25810108 -0.59189034
v 1.41250901 3.25810108 -0.59189034
v -1.58755582 3.26580656 -0.61049261
v -1.58755582 3.26580656 -0.61049261
v 1.41250900 3.26580681 -0.61049358
v 1.41250900 3.26580681 -0.61049358
v -1.58755582 3.25810083 -0.62909586
v -1.58755582 3.25810083 -0.62909586
v 1.41250900 3.25810108 -0.62909683
v 1.41250900 3.25810108 -0.62909683
v 0.03339551 2.52554661 -1.49627527
v 0.03339551 2.52554661 -1.49627527
v 1.41103188 2.52554695 -1.49627572
v 1.41103188 2.52554695 -1.49627572
v 0.03339551 2.51350852 -1.49128883
v 0.03339551 2.51350852 -1.49128883
v 1.41103188 2.51350852 -1.49128928
v 1.41103188 2.51350852 -1.49128928
v 0.03339551 2.50852216 -1.47925061
v 0.03339551 2.50852216 -1.47925061
v 1.41103189 2.50852216 -1.47925106
v 1.41103189 2.50852216 -1.47925106
v 0.03339552 2.51350852 -1.46721239
v 0.03339552 2.51350852 -1.46721239
v 1.41103189 2.51350852 -1.46721283
v 1.41103189 2.51350852 -1.46721283
v 0.03339552 2.52554661 -1.46222595
v 0.03339552 2.52554661 -1.46222595
v 0.03339552 2.52554661 -1.46222595
v 1.41103189 2.52554695 -1.46222640
v 1.41103189 2.52554695 -1.46222640
v 1.41103189 2.52554695 -1.46222640
v 0.03339552 2.53758505 -1.46721239
v 0.03339552 2.53758505 -1.46721239
v 1.41103189 2.53758505 -1.46721283
v 1.41103189 2.53758505 -1.46721283
v 0.03339551 2.54257140 -1.47925061
v 0.03339551 2.54257140 -1.47925061
v 1.41103189 2.54257149 -1.47925106
v 1.41103189 2.54257149 -1.47925106
v 0.03339551 2.53758505 -1.49128883
v 0.03339551 2.53758505 -1.49128883
v 1.41103188 2.53758505 -1.49128928
v 1.41103188 2.53758505 -1.49128928
v -1.55586040 2.52554661 -1.49627475
v -1.55586040 2.52554661 -1.49627475
v -0.17822385 2.52554695 -1.49627520
v -0.17822385 2.52554695 -1.49627520
v -1.55586040 2.51350852 -1.49128831
v -1.55586040 2.51350852 -1.49128831
v -0.17822385 2.51350852 -1.49128876
v -0.17822385 2.51350852 -1.49128876
v -1.55586039 2.50852216 -1.47925009
v -1.55586039 2.50852216 -1.47925009
v -0.17822385 2.50852216 -1.47925054
v -0.17822385 2.50852216 -1.47925054
v -1.55586039 2.51350852 -1.46721187
v -1.55586039 2.51350852 -1.46721187
v -0.17822384 2.51350852 -1.46721232
v -0.17822384 2.51350852 -1.46721232
v -1.55586039 2.52554661 -1.46222543
v -1.55586039 2.52554661 -1.46222543
v -1.55586039 2.52554661 -1.46222543
v -0.17822384 2.52554695 -1.46222588
v -0.17822384 2.52554695 -1.46222588
v -0.17822384 2.52554695 -1.46222588
v -1.55586039 2.53758505 -1.46721187
v -1.55586039 2.53758505 -1.46721187
v -0.17822384 2.53758505 -1.46721232
v -0.17822384 2.53758505 -1.46721232
v -1.55586039 2.54257140 -1.47925009
v -1.55586039 2.54257140 -1.47925009
v -0.17822385 2.54257149 -1.47925054
v -0.17822385 2.54257149 -1.47925054
v -1.55586040 2.53758505 -1.49128831
v -1.55586040 2.53758505 -1.49128831
v -0.17822385 2.53758505 -1.49128876
v -0.17822385 2.53758505 -1.49128876
v 0.03339579 2.52554661 -0.62188873
v 0.03339579 2.52554661 -0.62188873
v 1.41103217 2.52554695 -0.62188918
v 1.41103217 2.52554695 -0.62188918
v 0.03339579 2.51350852 -0.61690230
v 0.03339579 2.51350852 -0.61690230
v 1.41103217 2.51350852 -0.61690274
v 1.41103217 2.51350852 -0.61690274
v 0.03339580 2.50852216 -0.60486407
v 0.03339580 2.50852216 -0.60486407
v 1.41103217 2.50852216 -0.60486452
v 1.41103217 2.50852216 -0.60486452
v 0.03339580 2.51350852 -0.59282585
v 0.03339580 2.51350852 -0.59282585
v 1.41103218 2.51350852 -0.59282630
v 1.41103218 2.51350852 -0.59282630
v 0.03339580 2.52554661 -0.58783941
v 0.03339580 2.52554661 -0.58783941
v 0.03339580 2.52554661 -0.58783941
v 1.41103218 2.52554695 -0.58783986
v 1.41103218 2.52554695 -0.58783986
v 1.41103218 2.52554695 -0.58783986
v 0.03339580 2.53758505 -0.59282585
v 0.03339580 2.53758505 -0.59282585
v 1.41103218 2.53758505 -0.59282630
v 1.41103218 2.53758505 -0.59282630
v 0.03339580 2.54257140 -0.60486407
v 0.03339580 2.54257140 -0.60486407
v 1.41103217 2.54257149 -0.60486452
v 1.41103217 2.54257149 -0.60486452
v 0.03339579 2.53758505 -0.61690230
v 0.03339579 2.53758505 -0.61690230
v 1.41103217 2.53758505 -0.61690274
v 1.41103217 2.53758505 -0.61690274
v -1.55586011 2.52554661 -0.62188822
v -1.55586011 2.52554661 -0.62188822
v -0.17822357 2.52554695 -0.62188867
v -0.17822357 2.52554695 -0.62188867
v -1.55586011 2.51350852 -0.61690178
v -1.55586011 2.51350852 -0.61690178
v -0.17822356 2.51350852 -0.61690223
v -0.17822356 2.51350852 -0.61690223
v -1.55586011 2.50852216 -0.60486355
v -1.55586011 2.50852216 -0.60486355
v -0.17822356 2.50852216 -0.60486400
v -0.17822356 2.50852216 -0.60486400
v -1.55586010 2.51350852 -0.59282533
v -1.55586010 2.51350852 -0.59282533
v -0.17822356 2.51350852 -0.59282578
v -0.17822356 2.51350852 -0.59282578
v -1.55586010 2.52554661 -0.58783889
v -1.55586010 2.52554661 -0.58783889
v -1.55586010 2.52554661 -0.58783889
v -0.17822355 2.52554695 -0.58783934
v -0.17822355 2.52554695 -0.58783934
v -0.17822355 2.52554695 -0.58783934
v -1.55586010 2.53758505 -0.59282533
v -1.55586010 2.53758505 -0.59282533
v -0.17822356 2.53758505 -0.59282578
v -0.17822356 2.53758505 -0.59282578
v -1.55586011 2.54257140 -0.60486355
v -1.55586011 2.54257140 -0.60486355
v -0.17822356 2.54257149 -0.60486400
v -0.17822356 2.54257149 -0.60486400
v -1.55586011 2.53758505 -0.61690178
v -1.55586011 2.53758505 -0.61690178
v -0.17822356 2.53758505 -0.61690223
v -0.17822356 2.53758505 -0.61690223
v -3.01374121 3.92160527 -3.75963305
v -3.01374121 3.92160527 -3.75963305
v -3.01374121 4.76392706 -3.75963305
v -3.01374121 4.76392706 -3.75963305
v -2.99513792 3.92160527 -3.75192732
v -2.99513792 3.92160527 -3.75192732
v -2.99513792 4.76392706 -3.75192732
v -2.99513792 4.76392706 -3.75192732
v -2.98743222 3.92160527 -3.73332407
v -2.98743222 3.92160527 -3.73332407
v -2.98743222 4.76392706 -3.73332407
v -2.98743222 4.76392706 -3.73332407
v -2.99513790 3.92160527 -3.71472082
v -2.99513790 3.92160527 -3.71472082
v -2.99513790 4.76392706 -3.71472082
v -2.99513790 4.76392706 -3.71472082
v -3.01374119 3.92160527 -3.70701509
v -3.01374119 3.92160527 -3.70701509
v -3.01374119 3.92160527 -3.70701509
v -3.01374119 4.76392706 -3.70701509
v -3.01374119 4.76392706 -3.70701509
v -3.01374119 4.76392706 -3.70701509
v -3.03234449 3.92160527 -3.71472081
v -3.03234449 3.92160527 -3.71472081
v -3.03234449 4.76392706 -3.71472081
v -3.03234449 4.76392706 -3.71472081
v -3.04005018 3.92160527 -3.73332406
v -3.04005018 3.92160527 -3.73332406
v -3.04005018 4.76392706 -3.73332406
v -3.04005018 4.76392706 -3.73332406
v -3.03234450 3.92160527 -3.75192731
v -3.03234450 3.92160527 -3.75192731
v -3.03234450 4.76392706 -3.75192731
v -3.03234450 4.76392706 -3.75192731
v -6.11415420 3.92160527 -3.75963204
v -6.11415420 3.92160527 -3.75963204
v -6.11415420 4.76392689 -3.75963204
v -6.11415420 4.76392689 -3.75963204
v -6.13275766 3.92160527 -3.75192630
v -6.13275766 3.92160527 -3.75192630
v -6.13275766 4.76392689 -3.75192630
v -6.13275766 4.76392689 -3.75192630
v -6.14046334 3.92160527 -3.73332305
v -6.14046334 3.92160527 -3.73332305
v -6.14046334 4.76392689 -3.73332305
v -6.14046334 4.76392689 -3.73332305
v -6.13275764 3.92160527 -3.71471980
v -6.13275764 3.92160527 -3.71471980
v -6.13275764 4.76392689 -3.71471980
v -6.13275764 4.76392689 -3.71471980
v -6.11415418 3.92160527 -3.70701408
v -6.11415418 3.92160527 -3.70701408
v -6.11415418 3.92160527 -3.70701408
v -6.11415418 4.76392689 -3.70701408
v -6.11415418 4.76392689 -3.70701408
v -6.11415418 4.76392689 -3.70701408
v -6.09555106 3.92160527 -3.71471981
v -6.09555106 3.92160527 -3.71471981
v -6.09555106 4.76392689 -3.71471981
v -6.09555106 4.76392689 -3.71471981
v -6.08784538 3.92160527 -3.73332306
v -6.08784538 3.92160527 -3.73332306
v -6.08784538 4.76392689 -3.73332306
v -6.08784538 4.76392689 -3.73332306
v -6.09555107 3.92160527 -3.75192631
v -6.09555107 3.92160527 -3.75192631
v -6.09555107 4.76392689 -3.75192631
v -6.09555107 4.76392689 -3.75192631
v -3.01374083 3.92160527 -2.60015783
v -3.01374083 3.92160527 -2.60015783
v -3.01374083 4.76392689 -2.60015783
v -3.01374083 4.76392689 -2.60015783
v -2.99513754 3.92160527 -2.60786352
v -2.99513754 3.92160527 -2.60786352
v -2.99513754 4.76392689 -2.60786352
v -2.99513754 4.76392689 -2.60786352
v -2.98743186 3.92160527 -2.62646682
v -2.98743186 3.92160527 -2.62646682
v -2.98743186 4.76392689 -2.62646682
v -2.98743186 4.76392689 -2.62646682
v -2.99513755 3.92160527 -2.64507002
v -2.99513755 3.92160527 -2.64507002
v -2.99513755 4.76392689 -2.64507002
v -2.99513755 4.76392689 -2.64507002
v -3.01374085 3.92160527 -2.65277579
v -3.01374085 3.92160527 -2.65277579
v -3.01374085 3.92160527 -2.65277579
v -3.01374085 4.76392689 -2.65277579
v -3.01374085 4.76392689 -2.65277579
v -3.01374085 4.76392689 -2.65277579
v -3.03234414 3.92160527 -2.64507001
v -3.03234414 3.92160527 -2.64507001
v -3.03234414 4.76392689 -2.64507001
v -3.03234414 4.76392689 -2.64507001
v -3.04004982 3.92160527 -2.62646680
v -3.04004982 3.92160527 -2.62646680
v -3.04004982 4.76392689 -2.62646680
v -3.04004982 4.76392689 -2.62646680
v -3.03234413 3.92160527 -2.60786351
v -3.03234413 3.92160527 -2.60786351
v -3.03234413 4.76392689 -2.60786351
v -3.03234413 4.76392689 -2.60786351
v -6.11415382 3.92160527 -2.60015682
v -6.11415382 3.92160527 -2.60015682
v -6.11415382 4.76392681 -2.60015682
v -6.11415382 4.76392681 -2.60015682
v -6.13275728 3.92160527 -2.60786250
v -6.13275728 3.92160527 -2.60786250
v -6.13275728 4.76392681 -2.60786250
v -6.13275728 4.76392681 -2.60786250
v -6.14046298 3.92160527 -2.62646579
v -6.14046298 3.92160527 -2.62646579
v -6.14046298 4.76392681 -2.62646579
v -6.14046298 4.76392681 -2.62646579
v -6.13275730 3.92160527 -2.64506900
v -6.13275730 3.92160527 -2.64506900
v -6.13275730 4.76392681 -2.64506900
v -6.13275730 4.76392681 -2.64506900
v -6.11415384 3.92160527 -2.65277478
v -6.11415384 3.92160527 -2.65277478
v -6.11415384 3.92160527 -2.65277478
v -6.11415384 4.76392681 -2.65277478
v -6.11415384 4.76392681 -2.65277478
v -6.11415384 4.76392681 -2.65277478
v -6.09555071 3.92160527 -2.64506901
v -6.09555071 3.92160527 -2.64506901
v -6.09555071 4.76392681 -2.64506901
v -6.09555071 4.76392681 -2.64506901
v -6.08784502 3.92160527 -2.62646581
v -6.08784502 3.92160527 -2.62646581
v -6.08784502 4.76392681 -2.62646581
v -6.08784502 4.76392681 -2.62646581
v -6.09555070 3.92160527 -2.60786251
v -6.09555070 3.92160527 -2.60786251
v -6.09555070 4.76392681 -2.60786251
v -6.09555070 4.76392681 -2.60786251
v -3.27108639 3.35944184 -3.20620433
v -3.27108639 3.35944184 -3.20620433
v -3.27108639 3.88237809 -3.20620433
v -3.27108639 3.88237809 -3.20620433
v -3.25248309 3.35944184 -3.19849861
v -3.25248309 3.35944184 -3.19849861
v -3.25248309 3.88237809 -3.19849861
v -3.25248309 3.88237809 -3.19849861
v -3.24477740 3.35944184 -3.17989536
v -3.24477740 3.35944184 -3.17989536
v -3.24477740 3.88237809 -3.17989536
v -3.24477740 3.88237809 -3.17989536
v -3.25248308 3.35944184 -3.16129211
v -3.25248308 3.35944184 -3.16129211
v -3.25248308 3.88237809 -3.16129211
v -3.25248308 3.88237809 -3.16129211
v -3.27108637 3.35944184 -3.15358638
v -3.27108637 3.35944184 -3.15358638
v -3.27108637 3.35944184 -3.15358638
v -3.27108637 3.88237809 -3.15358638
v -3.27108637 3.88237809 -3.15358638
v -3.27108637 3.88237809 -3.15358638
v -3.28968966 3.35944184 -3.16129209
v -3.28968966 3.35944184 -3.16129209
v -3.28968966 3.88237809 -3.16129209
v -3.28968966 3.88237809 -3.16129209
v -3.29739536 3.35944184 -3.17989534
v -3.29739536 3.35944184 -3.17989534
v -3.29739536 3.88237809 -3.17989534
v -3.29739536 3.88237809 -3.17989534
v -3.28968968 3.35944184 -3.19849860
v -3.28968968 3.35944184 -3.19849860
v -3.28968968 3.88237809 -3.19849860
v -3.28968968 3.88237809 -3.19849860
v -5.88024418 3.35944184 -3.20620348
v -5.88024418 3.35944184 -3.20620348
v -5.88024418 3.88237809 -3.20620348
v -5.88024418 3.88237809 -3.20620348
v -5.86164089 3.35944184 -3.19849776
v -5.86164089 3.35944184 -3.19849776
v -5.86164089 3.88237809 -3.19849776
v -5.86164089 3.88237809 -3.19849776
v -5.85393519 3.35944184 -3.17989451
v -5.85393519 3.35944184 -3.17989451
v -5.85393519 3.88237809 -3.17989451
v -5.85393519 3.88237809 -3.17989451
v -5.86164088 3.35944184 -3.16129125
v -5.86164088 3.35944184 -3.16129125
v -5.86164088 3.88237809 -3.16129125
v -5.86164088 3.88237809 -3.16129125
v -5.88024417 3.35944184 -3.15358553
v -5.88024417 3.35944184 -3.15358553
v -5.88024417 3.35944184 -3.15358553
v -5.88024417 3.88237809 -3.15358553
v -5.88024417 3.88237809 -3.15358553
v -5.88024417 3.88237809 -3.15358553
v -5.89884746 3.35944184 -3.16129124
v -5.89884746 3.35944184 -3.16129124
v -5.89884746 3.88237809 -3.16129124
v -5.89884746 3.88237809 -3.16129124
v -5.90655315 3.35944184 -3.17989449
v -5.90655315 3.35944184 -3.17989449
v -5.90655315 3.88237809 -3.17989449
v -5.90655315 3.88237809 -3.17989449
v -5.89884747 3.35944184 -3.19849775
v -5.89884747 3.35944184 -3.19849775
v -5.89884747 3.88237809 -3.19849775
v -5.89884747 3.88237809 -3.19849775
v -6.06206157 3.23949753 -3.63738633
v -6.06206157 3.23949753 -3.63738633
v -3.06199675 3.23949788 -3.63738731
v -3.06199675 3.23949788 -3.63738731
v -6.06206157 3.22089433 -3.62968060
v -6.06206157 3.22089433 -3.62968060
v -3.06199675 3.22089458 -3.62968158
v -3.06199675 3.22089458 -3.62968158
v -6.06206156 3.21318855 -3.61107735
v -6.06206156 3.21318855 -3.61107735
v -3.06199674 3.21318890 -3.61107833
v -3.06199674 3.21318890 -3.61107833
v -6.06206155 3.22089433 -3.59247410
v -6.06206155 3.22089433 -3.59247410
v -3.06199674 3.22089458 -3.59247508
v -3.06199674 3.22089458 -3.59247508
v -6.06206155 3.23949753 -3.58476837
v -6.06206155 3.23949753 -3.58476837
v -6.06206155 3.23949753 -3.58476837
v -3.06199673 3.23949788 -3.58476935
v -3.06199673 3.23949788 -3.58476935
v -3.06199673 3.23949788 -3.58476935
v -6.06206155 3.25810083 -3.59247410
v -6.06206155 3.25810083 -3.59247410
v -3.06199674 3.25810108 -3.59247508
v -3.06199674 3.25810108 -3.59247508
v -6.06206156 3.26580656 -3.61107735
v -6.06206156 3.26580656 -3.61107735
v -3.06199674 3.26580681 -3.61107833
v -3.06199674 3.26580681 -3.61107833
v -6.06206157 3.25810083 -3.62968060
v -6.06206157 3.25810083 -3.62968060
v -3.06199675 3.25810108 -3.62968158
v -3.06199675 3.25810108 -3.62968158
v -6.06206129 3.23949753 -2.77217363
v -6.06206129 3.23949753 -2.77217363
v -3.06199647 3.23949788 -2.77217461
v -3.06199647 3.23949788 -2.77217461
v -6.06206128 3.22089433 -2.76446790
v -6.06206128 3.22089433 -2.76446790
v -3.06199647 3.22089458 -2.76446888
v -3.06199647 3.22089458 -2.76446888
v -6.06206128 3.21318855 -2.74586465
v -6.06206128 3.21318855 -2.74586465
v -3.06199646 3.21318890 -2.74586563
v -3.06199646 3.21318890 -2.74586563
v -6.06206127 3.22089433 -2.72726140
v -6.06206127 3.22089433 -2.72726140
v -3.06199645 3.22089458 -2.72726238
v -3.06199645 3.22089458 -2.72726238
v -6.06206127 3.23949753 -2.71955567
v -6.06206127 3.23949753 -2.71955567
v -6.06206127 3.23949753 -2.71955567
v -3.06199645 3.23949788 -2.71955665
v -3.06199645 3.23949788 -2.71955665
v -3.06199645 3.23949788 -2.71955665
v -6.06206127 3.25810083 -2.72726140
v -6.06206127 3.25810083 -2.72726140
v -3.06199645 3.25810108 -2.72726238
v -3.06199645 3.25810108 -2.72726238
v -6.06206128 3.26580656 -2.74586465
v -6.06206128 3.26580656 -2.74586465
v -3.06199646 3.26580681 -2.74586563
v -3.06199646 3.26580681 -2.74586563
v -6.06206128 3.25810083 -2.76446790
v -6.06206128 3.25810083 -2.76446790
v -3.06199647 3.25810108 -2.76446888
v -3.06199647 3.25810108 -2.76446888
v -4.44110996 2.52554661 -3.63164731
v -4.44110996 2.52554661 -3.63164731
v -3.06347358 2.52554695 -3.63164776
v -3.06347358 2.52554695 -3.63164776
v -4.44110996 2.51350852 -3.62666087
v -4.44110996 2.51350852 -3.62666087
v -3.06347358 2.51350852 -3.62666132
v -3.06347358 2.51350852 -3.62666132
v -4.44110995 2.50852216 -3.61462265
v -4.44110995 2.50852216 -3.61462265
v -3.06347358 2.50852216 -3.61462310
v -3.06347358 2.50852216 -3.61462310
v -4.44110995 2.51350852 -3.60258443
v -4.44110995 2.51350852 -3.60258443
v -3.06347357 2.51350852 -3.60258488
v -3.06347357 2.51350852 -3.60258488
v -4.44110995 2.52554661 -3.59759799
v -4.44110995 2.52554661 -3.59759799
v -4.44110995 2.52554661 -3.59759799
v -3.06347357 2.52554695 -3.59759844
v -3.06347357 2.52554695 -3.59759844
v -3.06347357 2.52554695 -3.59759844
v -4.44110995 2.53758505 -3.60258443
v -4.44110995 2.53758505 -3.60258443
v -3.06347357 2.53758505 -3.60258488
v -3.06347357 2.53758505 -3.60258488
v -4.44110995 2.54257140 -3.61462265
v -4.44110995 2.54257140 -3.61462265
v -3.06347358 2.54257149 -3.61462310
v -3.06347358 2.54257149 -3.61462310
v -4.44110996 2.53758505 -3.62666087
v -4.44110996 2.53758505 -3.62666087
v -3.06347358 2.53758505 -3.62666132
v -3.06347358 2.53758505 -3.62666132
v -6.03036586 2.52554661 -3.63164680
v -6.03036586 2.52554661 -3.63164680
v -4.65272931 2.52554695 -3.63164724
v -4.65272931 2.52554695 -3.63164724
v -6.03036586 2.51350852 -3.62666036
v -6.03036586 2.51350852 -3.62666036
v -4.65272931 2.51350852 -3.62666080
v -4.65272931 2.51350852 -3.62666080
v -6.03036585 2.50852216 -3.61462213
v -6.03036585 2.50852216 -3.61462213
v -4.65272931 2.50852216 -3.61462258
v -4.65272931 2.50852216 -3.61462258
v -6.03036585 2.51350852 -3.60258391
v -6.03036585 2.51350852 -3.60258391
v -4.65272930 2.51350852 -3.60258436
v -4.65272930 2.51350852 -3.60258436
v -6.03036585 2.52554661 -3.59759747
v -6.03036585 2.52554661 -3.59759747
v -6.03036585 2.52554661 -3.59759747
v -4.65272930 2.52554695 -3.59759792
v -4.65272930 2.52554695 -3.59759792
v -4.65272930 2.52554695 -3.59759792
v -6.03036585 2.53758505 -3.60258391
v -6.03036585 2.53758505 -3.60258391
v -4.65272930 2.53758505 -3.60258436
v -4.65272930 2.53758505 -3.60258436
v -6.03036585 2.54257140 -3.61462213
v -6.03036585 2.54257140 -3.61462213
v -4.65272931 2.54257149 -3.61462258
v -4.65272931 2.54257149 -3.61462258
v -6.03036586 2.53758505 -3.62666036
v -6.03036586 2.53758505 -3.62666036
v -4.65272931 2.53758505 -3.62666080
v -4.65272931 2.53758505 -3.62666080
v -4.44110967 2.52554661 -2.75726078
v -4.44110967 2.52554661 -2.75726078
v -3.06347330 2.52554695 -2.75726123
v -3.06347330 2.52554695 -2.75726123
v -4.44110967 2.51350852 -2.75227434
v -4.44110967 2.51350852 -2.75227434
v -3.06347329 2.51350852 -2.75227479
v -3.06347329 2.51350852 -2.75227479
v -4.44110967 2.50852216 -2.74023612
v -4.44110967 2.50852216 -2.74023612
v -3.06347329 2.50852216 -2.74023656
v -3.06347329 2.50852216 -2.74023656
v -4.44110966 2.51350852 -2.72819789
v -4.44110966 2.51350852 -2.72819789
v -3.06347329 2.51350852 -2.72819834
v -3.06347329 2.51350852 -2.72819834
v -4.44110966 2.52554661 -2.72321145
v -4.44110966 2.52554661 -2.72321145
v -4.44110966 2.52554661 -2.72321145
v -3.06347329 2.52554695 -2.72321190
v -3.06347329 2.52554695 -2.72321190
v -3.06347329 2.52554695 -2.72321190
v -4.44110966 2.53758505 -2.72819789
v -4.44110966 2.53758505 -2.72819789
v -3.06347329 2.53758505 -2.72819834
v -3.06347329 2.53758505 -2.72819834
v -4.44110967 2.54257140 -2.74023612
v -4.44110967 2.54257140 -2.74023612
v -3.06347329 2.54257149 -2.74023656
v -3.06347329 2.54257149 -2.74023656
v -4.44110967 2.53758505 -2.75227434
v -4.44110967 2.53758505 -2.75227434
v -3.06347329 2.53758505 -2.75227479
v -3.06347329 2.53758505 -2.75227479
v -6.03036558 2.52554661 -2.75726026
v -6.03036558 2.52554661 -2.75726026
v -4.65272903 2.52554695 -2.75726071
v -4.65272903 2.52554695 -2.75726071
v -6.03036557 2.51350852 -2.75227382
v -6.03036557 2.51350852 -2.75227382
v -4.65272903 2.51350852 -2.75227427
v -4.65272903 2.51350852 -2.75227427
v -6.03036557 2.50852216 -2.74023560
v -6.03036557 2.50852216 -2.74023560
v -4.65272902 2.50852216 -2.74023605
v -4.65272902 2.50852216 -2.74023605
v -6.03036557 2.51350852 -2.72819737
v -6.03036557 2.51350852 -2.72819737
v -4.65272902 2.51350852 -2.72819782
v -4.65272902 2.51350852 -2.72819782
v -6.03036556 2.52554661 -2.72321094
v -6.03036556 2.52554661 -2.72321094
v -6.03036556 2.52554661 -2.72321094
v -4.65272902 2.52554695 -2.72321138
v -4.65272902 2.52554695 -2.72321138
v -4.65272902 2.52554695 -2.72321138
v -6.03036557 2.53758505 -2.72819737
v -6.03036557 2.53758505 -2.72819737
v -4.65272902 2.53758505 -2.72819782
v -4.65272902 2.53758505 -2.72819782
v -6.03036557 2.54257140 -2.74023560
v -6.03036557 2.54257140 -2.74023560
v -4.65272902 2.54257149 -2.74023605
v -4.65272902 2.54257149 -2.74023605
v -6.03036557 2.53758505 -2.75227382
v -6.03036557 2.53758505 -2.75227382
v -4.65272903 2.53758505 -2.75227427
v -4.65272903 2.53758505 -2.75227427
v -1.63964854 3.92160527 -2.60015732
v -1.63964854 3.92160527 -2.60015732
v -1.63964854 4.76392706 -2.60015732
v -1.63964854 4.76392706 -2.60015732
v -1.65825184 3.92160527 -2.60786305
v -1.65825184 3.92160527 -2.60786305
v -1.65825184 4.76392706 -2.60786305
v -1.65825184 4.76392706 -2.60786305
v -1.66595752 3.92160527 -2.62646630
v -1.66595752 3.92160527 -2.62646630
v -1.66595752 4.76392706 -2.62646630
v -1.66595752 4.76392706 -2.62646630
v -1.65825184 3.92160527 -2.64506955
v -1.65825184 3.92160527 -2.64506955
v -1.65825184 4.76392706 -2.64506955
v -1.65825184 4.76392706 -2.64506955
v -1.63964854 3.92160527 -2.65277528
v -1.63964854 3.92160527 -2.65277528
v -1.63964854 3.92160527 -2.65277528
v -1.63964854 4.76392706 -2.65277528
v -1.63964854 4.76392706 -2.65277528
v -1.63964854 4.76392706 -2.65277528
v -1.62104525 3.92160527 -2.64506955
v -1.62104525 3.92160527 -2.64506955
v -1.62104525 4.76392706 -2.64506955
v -1.62104525 4.76392706 -2.64506955
v -1.61333956 3.92160527 -2.62646630
v -1.61333956 3.92160527 -2.62646630
v -1.61333956 4.76392706 -2.62646630
v -1.61333956 4.76392706 -2.62646630
v -1.62104525 3.92160527 -2.60786305
v -1.62104525 3.92160527 -2.60786305
v -1.62104525 4.76392706 -2.60786305
v -1.62104525 4.76392706 -2.60786305
v 1.46076444 3.92160527 -2.60015732
v 1.46076444 3.92160527 -2.60015732
v 1.46076444 4.76392689 -2.60015732
v 1.46076444 4.76392689 -2.60015732
v 1.47936790 3.92160527 -2.60786305
v 1.47936790 3.92160527 -2.60786305
v 1.47936790 4.76392689 -2.60786305
v 1.47936790 4.76392689 -2.60786305
v 1.48707359 3.92160527 -2.62646630
v 1.48707359 3.92160527 -2.62646630
v 1.48707359 4.76392689 -2.62646630
v 1.48707359 4.76392689 -2.62646630
v 1.47936790 3.92160527 -2.64506955
v 1.47936790 3.92160527 -2.64506955
v 1.47936790 4.76392689 -2.64506955
v 1.47936790 4.76392689 -2.64506955
v 1.46076444 3.92160527 -2.65277528
v 1.46076444 3.92160527 -2.65277528
v 1.46076444 3.92160527 -2.65277528
v 1.46076444 4.76392689 -2.65277528
v 1.46076444 4.76392689 -2.65277528
v 1.46076444 4.76392689 -2.65277528
v 1.44216132 3.92160527 -2.64506955
v 1.44216132 3.92160527 -2.64506955
v 1.44216132 4.76392689 -2.64506955
v 1.44216132 4.76392689 -2.64506955
v 1.43445563 3.92160527 -2.62646630
v 1.43445563 3.92160527 -2.62646630
v 1.43445563 4.76392689 -2.62646630
v 1.43445563 4.76392689 -2.62646630
v 1.44216132 3.92160527 -2.60786305
v 1.44216132 3.92160527 -2.60786305
v 1.44216132 4.76392689 -2.60786305
v 1.44216132 4.76392689 -2.60786305
v -1.63964854 3.92160527 -3.75963254
v -1.63964854 3.92160527 -3.75963254
v -1.63964854 4.76392689 -3.75963254
v -1.63964854 4.76392689 -3.75963254
v -1.65825184 3.92160527 -3.75192685
v -1.65825184 3.92160527 -3.75192685
v -1.65825184 4.76392689 -3.75192685
v -1.65825184 4.76392689 -3.75192685
v -1.66595752 3.92160527 -3.73332356
v -1.66595752 3.92160527 -3.73332356
v -1.66595752 4.76392689 -3.73332356
v -1.66595752 4.76392689 -3.73332356
v -1.65825184 3.92160527 -3.71472035
v -1.65825184 3.92160527 -3.71472035
v -1.65825184 4.76392689 -3.71472035
v -1.65825184 4.76392689 -3.71472035
v -1.63964854 3.92160527 -3.70701458
v -1.63964854 3.92160527 -3.70701458
v -1.63964854 3.92160527 -3.70701458
v -1.63964854 4.76392689 -3.70701458
v -1.63964854 4.76392689 -3.70701458
v -1.63964854 4.76392689 -3.70701458
v -1.62104525 3.92160527 -3.71472035
v -1.62104525 3.92160527 -3.71472035
v -1.62104525 4.76392689 -3.71472035
v -1.62104525 4.76392689 -3.71472035
v -1.61333956 3.92160527 -3.73332356
v -1.61333956 3.92160527 -3.73332356
v -1.61333956 4.76392689 -3.73332356
v -1.61333956 4.76392689 -3.73332356
v -1.62104525 3.92160527 -3.75192685
v -1.62104525 3.92160527 -3.75192685
v -1.62104525 4.76392689 -3.75192685
v -1.62104525 4.76392689 -3.75192685
v 1.46076444 3.92160527 -3.75963254
v 1.46076444 3.92160527 -3.75963254
v 1.46076444 4.76392681 -3.75963254
v 1.46076444 4.76392681 -3.75963254
v 1.47936790 3.92160527 -3.75192685
v 1.47936790 3.92160527 -3.75192685
v 1.47936790 4.76392681 -3.75192685
v 1.47936790 4.76392681 -3.75192685
v 1.48707359 3.92160527 -3.73332356
v 1.48707359 3.92160527 -3.73332356
v 1.48707359 4.76392681 -3.73332356
v 1.48707359 4.76392681 -3.73332356
v 1.47936790 3.92160527 -3.71472035
v 1.47936790 3.92160527 -3.71472035
v 1.47936790 4.76392681 -3.71472035
v 1.47936790 4.76392681 -3.71472035
v 1.46076444 3.92160527 -3.70701458
v 1.46076444 3.92160527 -3.70701458
v 1.46076444 3.92160527 -3.70701458
v 1.46076444 4.76392681 -3.70701458
v 1.46076444 4.76392681 -3.70701458
v 1.46076444 4.76392681 -3.70701458
v 1.44216132 3.92160527 -3.71472035
v 1.44216132 3.92160527 -3.71472035
v 1.44216132 4.76392681 -3.71472035
v 1.44216132 4.76392681 -3.71472035
v 1.43445563 3.92160527 -3.73332356
v 1.43445563 3.92160527 -3.73332356
v 1.43445563 4.76392681 -3.73332356
v 1.43445563 4.76392681 -3.73332356
v 1.44216132 3.92160527 -3.75192685
v 1.44216132 3.92160527 -3.75192685
v 1.44216132 4.76392681 -3.75192685
v 1.44216132 4.76392681 -3.75192685
v -1.38230319 3.35944184 -3.15358596
v -1.38230319 3.35944184 -3.15358596
v -1.38230319 3.88237809 -3.15358596
v -1.38230319 3.88237809 -3.15358596
v -1.40090648 3.35944184 -3.16129168
v -1.40090648 3.35944184 -3.16129168
v -1.40090648 3.88237809 -3.16129168
v -1.40090648 3.88237809 -3.16129168
v -1.40861217 3.35944184 -3.17989493
v -1.40861217 3.35944184 -3.17989493
v -1.40861217 3.88237809 -3.17989493
v -1.40861217 3.88237809 -3.17989493
v -1.40090648 3.35944184 -3.19849819
v -1.40090648 3.35944184 -3.19849819
v -1.40090648 3.88237809 -3.19849819
v -1.40090648 3.88237809 -3.19849819
v -1.38230319 3.35944184 -3.20620391
v -1.38230319 3.35944184 -3.20620391
v -1.38230319 3.35944184 -3.20620391
v -1.38230319 3.88237809 -3.20620391
v -1.38230319 3.88237809 -3.20620391
v -1.38230319 3.88237809 -3.20620391
v -1.36369989 3.35944184 -3.19849819
v -1.36369989 3.35944184 -3.19849819
v -1.36369989 3.88237809 -3.19849819
v -1.36369989 3.88237809 -3.19849819
v -1.35599421 3.35944184 -3.17989493
v -1.35599421 3.35944184 -3.17989493
v -1.35599421 3.88237809 -3.17989493
v -1.35599421 3.88237809 -3.17989493
v -1.36369989 3.35944184 -3.16129168
v -1.36369989 3.35944184 -3.16129168
v -1.36369989 3.88237809 -3.16129168
v -1.36369989 3.88237809 -3.16129168
v 1.22685461 3.35944184 -3.15358596
v 1.22685461 3.35944184 -3.15358596
v 1.22685461 3.88237809 -3.15358596
v 1.22685461 3.88237809 -3.15358596
v 1.20825132 3.35944184 -3.16129168
v 1.20825132 3.35944184 -3.16129168
v 1.20825132 3.88237809 -3.16129168
v 1.20825132 3.88237809 -3.16129168
v 1.20054563 3.35944184 -3.17989493
v 1.20054563 3.35944184 -3.17989493
v 1.20054563 3.88237809 -3.17989493
v 1.20054563 3.88237809 -3.17989493
v 1.20825132 3.35944184 -3.19849819
v 1.20825132 3.35944184 -3.19849819
v 1.20825132 3.88237809 -3.19849819
v 1.20825132 3.88237809 -3.19849819
v 1.22685461 3.35944184 -3.20620391
v 1.22685461 3.35944184 -3.20620391
v 1.22685461 3.35944184 -3.20620391
v 1.22685461 3.88237809 -3.20620391
v 1.22685461 3.88237809 -3.20620391
v 1.22685461 3.88237809 -3.20620391
v 1.24545790 3.35944184 -3.19849819
v 1.24545790 3.35944184 -3.19849819
v 1.24545790 3.88237809 -3.19849819
v 1.24545790 3.88237809 -3.19849819
v 1.25316359 3.35944184 -3.17989493
v 1.25316359 3.35944184 -3.17989493
v 1.25316359 3.88237809 -3.17989493
v 1.25316359 3.88237809 -3.17989493
v 1.24545790 3.35944184 -3.16129168
v 1.24545790 3.35944184 -3.16129168
v 1.24545790 3.88237809 -3.16129168
v 1.24545790 3.88237809 -3.16129168
v 1.40867186 3.23949753 -2.72240305
v 1.40867186 3.23949753 -2.72240305
v -1.59139296 3.23949788 -2.72240305
v -1.59139296 3.23949788 -2.72240305
v 1.40867186 3.22089433 -2.73010878
v 1.40867186 3.22089433 -2.73010878
v -1.59139296 3.22089458 -2.73010878
v -1.59139296 3.22089458 -2.73010878
v 1.40867186 3.21318855 -2.74871203
v 1.40867186 3.21318855 -2.74871203
v -1.59139296 3.21318890 -2.74871203
v -1.59139296 3.21318890 -2.74871203
v 1.40867186 3.22089433 -2.76731527
v 1.40867186 3.22089433 -2.76731527
v -1.59139296 3.22089458 -2.76731527
v -1.59139296 3.22089458 -2.76731527
v 1.40867186 3.23949753 -2.77502101
v 1.40867186 3.23949753 -2.77502101
v 1.40867186 3.23949753 -2.77502101
v -1.59139296 3.23949788 -2.77502101
v -1.59139296 3.23949788 -2.77502101
v -1.59139296 3.23949788 -2.77502101
v 1.40867186 3.25810083 -2.76731527
v 1.40867186 3.25810083 -2.76731527
v -1.59139296 3.25810108 -2.76731527
v -1.59139296 3.25810108 -2.76731527
v 1.40867186 3.26580656 -2.74871203
v 1.40867186 3.26580656 -2.74871203
v -1.59139296 3.26580681 -2.74871203
v -1.59139296 3.26580681 -2.74871203
v 1.40867186 3.25810083 -2.73010878
v 1.40867186 3.25810083 -2.73010878
v -1.59139296 3.25810108 -2.73010878
v -1.59139296 3.25810108 -2.73010878
v 1.40867186 3.23949753 -3.58761575
v 1.40867186 3.23949753 -3.58761575
v -1.59139296 3.23949788 -3.58761575
v -1.59139296 3.23949788 -3.58761575
v 1.40867186 3.22089433 -3.59532148
v 1.40867186 3.22089433 -3.59532148
v -1.59139296 3.22089458 -3.59532148
v -1.59139296 3.22089458 -3.59532148
v 1.40867186 3.21318855 -3.61392473
v 1.40867186 3.21318855 -3.61392473
v -1.59139296 3.21318890 -3.61392473
v -1.59139296 3.21318890 -3.61392473
v 1.40867186 3.22089433 -3.63252797
v 1.40867186 3.22089433 -3.63252797
v -1.59139296 3.22089458 -3.63252797
v -1.59139296 3.22089458 -3.63252797
v 1.40867186 3.23949753 -3.64023371
v 1.40867186 3.23949753 -3.64023371
v 1.40867186 3.23949753 -3.64023371
v -1.59139296 3.23949788 -3.64023371
v -1.59139296 3.23949788 -3.64023371
v -1.59139296 3.23949788 -3.64023371
v 1.40867186 3.25810083 -3.63252797
v 1.40867186 3.25810083 -3.63252797
v -1.59139296 3.25810108 -3.63252797
v -1.59139296 3.25810108 -3.63252797
v 1.40867186 3.26580656 -3.61392473
v 1.40867186 3.26580656 -3.61392473
v -1.59139296 3.26580681 -3.61392473
v -1.59139296 3.26580681 -3.61392473
v 1.40867186 3.25810083 -3.59532148
v 1.40867186 3.25810083 -3.59532148
v -1.59139296 3.25810108 -3.59532148
v -1.59139296 3.25810108 -3.59532148
v -0.21227975 2.52554661 -2.72814259
v -0.21227975 2.52554661 -2.72814259
v -1.58991613 2.52554695 -2.72814259
v -1.58991613 2.52554695 -2.72814259
v -0.21227975 2.51350852 -2.73312903
v -0.21227975 2.51350852 -2.73312903
v -1.58991613 2.51350852 -2.73312903
v -1.58991613 2.51350852 -2.73312903
v -0.21227975 2.50852216 -2.74516725
v -0.21227975 2.50852216 -2.74516725
v -1.58991613 2.50852216 -2.74516725
v -1.58991613 2.50852216 -2.74516725
v -0.21227975 2.51350852 -2.75720548
v -0.21227975 2.51350852 -2.75720548
v -1.58991613 2.51350852 -2.75720548
v -1.58991613 2.51350852 -2.75720548
v -0.21227975 2.52554661 -2.76219191
v -0.21227975 2.52554661 -2.76219191
v -0.21227975 2.52554661 -2.76219191
v -1.58991613 2.52554695 -2.76219191
v -1.58991613 2.52554695 -2.76219191
v -1.58991613 2.52554695 -2.76219191
v -0.21227975 2.53758505 -2.75720548
v -0.21227975 2.53758505 -2.75720548
v -1.58991613 2.53758505 -2.75720548
v -1.58991613 2.53758505 -2.75720548
v -0.21227975 2.54257140 -2.74516725
v -0.21227975 2.54257140 -2.74516725
v -1.58991613 2.54257149 -2.74516725
v -1.58991613 2.54257149 -2.74516725
v -0.21227975 2.53758505 -2.73312903
v -0.21227975 2.53758505 -2.73312903
v -1.58991613 2.53758505 -2.73312903
v -1.58991613 2.53758505 -2.73312903
v 1.37697615 2.52554661 -2.72814259
v 1.37697615 2.52554661 -2.72814259
v -0.00066040 2.52554695 -2.72814259
v -0.00066040 2.52554695 -2.72814259
v 1.37697615 2.51350852 -2.73312903
v 1.37697615 2.51350852 -2.73312903
v -0.00066040 2.51350852 -2.73312903
v -0.00066040 2.51350852 -2.73312903
v 1.37697615 2.50852216 -2.74516725
v 1.37697615 2.50852216 -2.74516725
v -0.00066040 2.50852216 -2.74516725
v -0.00066040 2.50852216 -2.74516725
v 1.37697615 2.51350852 -2.75720548
v 1.37697615 2.51350852 -2.75720548
v -0.00066040 2.51350852 -2.75720548
v -0.00066040 2.51350852 -2.75720548
v 1.37697615 2.52554661 -2.76219191
v 1.37697615 2.52554661 -2.76219191
v 1.37697615 2.52554661 -2.76219191
v -0.00066040 2.52554695 -2.76219191
v -0.00066040 2.52554695 -2.76219191
v -0.00066040 2.52554695 -2.76219191
v 1.37697615 2.53758505 -2.75720548
v 1.37697615 2.53758505 -2.75720548
v -0.00066040 2.53758505 -2.75720548
v -0.00066040 2.53758505 -2.75720548
v 1.37697615 2.54257140 -2.74516725
v 1.37697615 2.54257140 -2.74516725
v -0.00066040 2.54257149 -2.74516725
v -0.00066040 2.54257149 -2.74516725
v 1.37697615 2.53758505 -2.73312903
v 1.37697615 2.53758505 -2.73312903
v -0.00066040 2.53758505 -2.73312903
v -0.00066040 2.53758505 -2.73312903
v -0.21227975 2.52554661 -3.60252913
v -0.21227975 2.52554661 -3.60252913
v -1.58991613 2.52554695 -3.60252913
v -1.58991613 2.52554695 -3.60252913
v -0.21227975 2.51350852 -3.60751557
v -0.21227975 2.51350852 -3.60751557
v -1.58991613 2.51350852 -3.60751557
v -1.58991613 2.51350852 -3.60751557
v -0.21227975 2.50852216 -3.61955379
v -0.21227975 2.50852216 -3.61955379
v -1.58991613 2.50852216 -3.61955379
v -1.58991613 2.50852216 -3.61955379
v -0.21227975 2.51350852 -3.63159201
v -0.21227975 2.51350852 -3.63159201
v -1.58991613 2.51350852 -3.63159201
v -1.58991613 2.51350852 -3.63159201
v -0.21227975 2.52554661 -3.63657845
v -0.21227975 2.52554661 -3.63657845
v -0.21227975 2.52554661 -3.63657845
v -1.58991613 2.52554695 -3.63657845
v -1.58991613 2.52554695 -3.63657845
v -1.58991613 2.52554695 -3.63657845
v -0.21227975 2.53758505 -3.63159201
v -0.21227975 2.53758505 -3.63159201
v -1.58991613 2.53758505 -3.63159201
v -1.58991613 2.53758505 -3.63159201
v -0.21227975 2.54257140 -3.61955379
v -0.21227975 2.54257140 -3.61955379
v -1.58991613 2.54257149 -3.61955379
v -1.58991613 2.54257149 -3.61955379
v -0.21227975 2.53758505 -3.60751557
v -0.21227975 2.53758505 -3.60751557
v -1.58991613 2.53758505 -3.60751557
v -1.58991613 2.53758505 -3.60751557
v 1.37697615 2.52554661 -3.60252913
v 1.37697615 2.52554661 -3.60252913
v -0.00066040 2.52554695 -3.60252913
v -0.00066040 2.52554695 -3.60252913
v 1.37697615 2.51350852 -3.60751557
v 1.37697615 2.51350852 -3.60751557
v -0.00066040 2.51350852 -3.60751557
v -0.00066040 2.51350852 -3.60751557
v 1.37697615 2.50852216 -3.61955379
v 1.37697615 2.50852216 -3.61955379
v -0.00066040 2.50852216 -3.61955379
v -0.00066040 2.50852216 -3.61955379
v 1.37697615 2.51350852 -3.63159201
v 1.37697615 2.51350852 -3.63159201
v -0.00066040 2.51350852 -3.63159201
v -0.00066040 2.51350852 -3.63159201
v 1.37697615 2.52554661 -3.63657845
v 1.37697615 2.52554661 -3.63657845
v 1.37697615 2.52554661 -3.63657845
v -0.00066040 2.52554695 -3.63657845
v -0.00066040 2.52554695 -3.63657845
v -0.00066040 2.52554695 -3.63657845
v 1.37697615 2.53758505 -3.63159201
v 1.37697615 2.53758505 -3.63159201
v -0.00066040 2.53758505 -3.63159201
v -0.00066040 2.53758505 -3.63159201
v 1.37697615 2.54257140 -3.61955379
v 1.37697615 2.54257140 -3.61955379
v -0.00066040 2.54257149 -3.61955379
v -0.00066040 2.54257149 -3.61955379
v 1.37697615 2.53758505 -3.60751557
v 1.37697615 2.53758505 -3.60751557
v -0.00066040 2.53758505 -3.60751557
v -0.00066040 2.53758505 -3.60751557
vt 0.01586419 -0.67711973
vt 0.09036732 1.60069990
vt 0.07919409 1.66594648
vt 0.01586440 1.67711949
vt 0.03166552 -0.67711973
vt 0.07919409 1.61187291
vt 0.07919409 1.65014505
vt 0.03166573 1.67711949
vt 0.04746684 -0.67711973
vt 0.07919409 1.62767434
vt 0.09036753 1.63897192
vt 0.04746705 1.67711949
vt 0.06326817 -0.67711973
vt 0.09036739 1.63884759
vt 0.10616880 1.63897192
vt 0.06326838 1.67711949
vt -0.04734113 -0.67711949
vt 0.07906950 -0.67711973
vt 0.10616866 1.63884759
vt 0.11734196 1.65014505
vt -0.04734092 1.67711997
vt 0.07906970 1.67711949
vt -0.03153979 -0.67711949
vt 0.11734182 1.62767434
vt 0.11734196 1.66594648
vt -0.03153960 1.67711997
vt -0.01573846 -0.67711973
vt 0.11734182 1.61187315
vt 0.10616866 1.67711973
vt -0.01573825 1.67711949
vt 0.00006286 -0.67711973
vt 0.10616859 1.60069990
vt 0.09036739 1.67711949
vt 0.00006308 1.67711949
vt 0.01586419 -0.67711973
vt 0.09036732 1.60069990
vt 0.01586440 1.67711949
vt 0.07919409 1.66594648
vt 0.03166552 -0.67711973
vt 0.07919409 1.61187291
vt 0.03166573 1.67711949
vt 0.07919409 1.65014505
vt 0.04746684 -0.67711973
vt 0.07919409 1.62767434
vt 0.04746705 1.67711949
vt 0.09036753 1.63897192
vt 0.06326817 -0.67711973
vt 0.09036739 1.63884759
vt 0.06326838 1.67711949
vt 0.10616880 1.63897192
vt -0.04734113 -0.67711949
vt 0.07906950 -0.67711973
vt 0.10616866 1.63884759
vt -0.04734092 1.67711997
vt 0.07906970 1.67711949
vt 0.11734196 1.65014505
vt 0.11734182 1.62767434
vt -0.03153979 -0.67711949
vt 0.11734196 1.66594648
vt -0.03153960 1.67711997
vt 0.11734182 1.61187315
vt -0.01573846 -0.67711973
vt 0.10616866 1.67711973
vt -0.01573825 1.67711949
vt 0.10616859 1.60069990
vt 0.00006286 -0.67711973
vt 0.09036739 1.67711949
vt 0.00006308 1.67711949
vt 0.01586419 -0.67711973
vt 0.09036732 1.60069990
vt 0.01586440 1.67711949
vt 0.07919409 1.66594648
vt 0.07919409 1.61187291
vt 0.03166552 -0.67711973
vt 0.07919409 1.65014505
vt 0.03166573 1.67711949
vt 0.07919409 1.62767434
vt 0.04746684 -0.67711973
vt 0.09036753 1.63897192
vt 0.04746705 1.67711949
vt 0.09036739 1.63884759
vt 0.06326817 -0.67711973
vt 0.10616880 1.63897192
vt 0.06326838 1.67711949
vt -0.04734113 -0.67711949
vt 0.07906950 -0.67711973
vt 0.10616866 1.63884759
vt -0.04734092 1.67711997
vt 0.07906970 1.67711949
vt 0.11734196 1.65014505
vt -0.03153979 -0.67711949
vt 0.11734182 1.62767434
vt -0.03153960 1.67711997
vt 0.11734196 1.66594648
vt -0.01573846 -0.67711973
vt 0.11734182 1.61187315
vt -0.01573825 1.67711949
vt 0.10616866 1.67711973
vt 0.00006286 -0.67711973
vt 0.10616859 1.60069990
vt 0.00006308 1.67711949
vt 0.09036739 1.67711949
vt 0.09036732 1.60069990
vt 0.01586419 -0.67711973
vt 0.07919409 1.66594648
vt 0.01586440 1.67711949
vt 0.03166552 -0.67711973
vt 0.07919409 1.61187291
vt 0.03166573 1.67711949
vt 0.07919409 1.65014505
vt 0.04746684 -0.67711973
vt 0.07919409 1.62767434
vt 0.04746705 1.67711949
vt 0.09036753 1.63897192
vt 0.06326817 -0.67711973
vt 0.09036739 1.63884759
vt 0.06326838 1.67711949
vt 0.10616880 1.63897192
vt 0.10616866 1.63884759
vt -0.04734113 -0.67711949
vt 0.07906950 -0.67711973
vt 0.11734196 1.65014505
vt -0.04734092 1.67711997
vt 0.07906970 1.67711949
vt 0.11734182 1.62767434
vt -0.03153979 -0.67711949
vt 0.11734196 1.66594648
vt -0.03153960 1.67711997
vt 0.11734182 1.61187315
vt -0.01573846 -0.67711973
vt 0.10616866 1.67711973
vt -0.01573825 1.67711949
vt 0.10616859 1.60069990
vt 0.00006286 -0.67711973
vt 0.09036739 1.67711949
vt 0.00006308 1.67711949
vt 0.01586419 -0.67711973
vt 0.09036732 1.60069990
vt 0.01586440 1.67711949
vt 0.07919409 1.66594648
vt 0.07919409 1.61187291
vt 0.03166552 -0.67711973
vt 0.07919409 1.65014505
vt 0.03166573 1.67711949
vt 0.07919409 1.62767434
vt 0.04746684 -0.67711973
vt 0.09036753 1.63897192
vt 0.04746705 1.67711949
vt 0.09036739 1.63884759
vt 0.06326817 -0.67711973
vt 0.10616880 1.63897192
vt 0.06326838 1.67711949
vt -0.04734113 -0.67711949
vt 0.07906950 -0.67711973
vt 0.10616866 1.63884759
vt -0.04734092 1.67711997
vt 0.07906970 1.67711949
vt 0.11734196 1.65014505
vt -0.03153979 -0.67711949
vt 0.11734182 1.62767434
vt -0.03153960 1.67711997
vt 0.11734196 1.66594648
vt -0.01573846 -0.67711973
vt 0.11734182 1.61187315
vt -0.01573825 1.67711949
vt 0.10616866 1.67711973
vt 0.00006286 -0.67711973
vt 0.10616859 1.60069990
vt 0.00006308 1.67711949
vt 0.09036739 1.67711949
vt 0.09036732 1.60069990
vt 0.01586419 -0.67711973
vt 0.01586440 1.67711949
vt 0.07919409 1.66594648
vt 0.03166552 -0.67711973
vt 0.07919409 1.61187291
vt 0.03166573 1.67711949
vt 0.07919409 1.65014505
vt 0.04746684 -0.67711973
vt 0.07919409 1.62767434
vt 0.04746705 1.67711949
vt 0.09036753 1.63897192
vt 0.06326817 -0.67711973
vt 0.09036739 1.63884759
vt 0.06326838 1.67711949
vt 0.10616880 1.63897192
vt 0.10616866 1.63884759
vt -0.04734113 -0.67711949
vt 0.07906950 -0.67711973
vt -0.04734092 1.67711997
vt 0.07906970 1.67711949
vt 0.11734196 1.65014505
vt 0.11734182 1.62767434
vt -0.03153979 -0.67711949
vt 0.11734196 1.66594648
vt -0.03153960 1.67711997
vt 0.11734182 1.61187315
vt -0.01573846 -0.67711973
vt 0.10616866 1.67711973
vt -0.01573825 1.67711949
vt 0.10616859 1.60069990
vt 0.00006286 -0.67711973
vt 0.09036739 1.67711949
vt 0.00006308 1.67711949
vt 0.09036732 1.60069990
vt 0.01586419 -0.67711973
vt 0.01586440 1.67711949
vt 0.07919409 1.66594648
vt 0.03166552 -0.67711973
vt 0.07919409 1.61187291
vt 0.03166573 1.67711949
vt 0.07919409 1.65014505
vt 0.04746684 -0.67711973
vt 0.07919409 1.62767434
vt 0.04746705 1.67711949
vt 0.09036753 1.63897192
vt 0.06326817 -0.67711973
vt 0.09036739 1.63884759
vt 0.06326838 1.67711949
vt 0.10616880 1.63897192
vt 0.10616866 1.63884759
vt -0.04734113 -0.67711949
vt 0.07906950 -0.67711973
vt -0.04734092 1.67711997
vt 0.07906970 1.67711949
vt 0.11734196 1.65014505
vt 0.11734182 1.62767434
vt -0.03153979 -0.67711949
vt 0.11734196 1.66594648
vt -0.03153960 1.67711997
vt 0.11734182 1.61187315
vt -0.01573846 -0.67711973
vt 0.10616866 1.67711973
vt -0.01573825 1.67711949
vt 0.10616859 1.60069990
vt 0.00006286 -0.67711973
vt 0.09036739 1.67711949
vt 0.00006308 1.67711949
vt 0.01586419 -0.67711973
vt 0.09036732 1.60069990
vt 0.07919409 1.66594648
vt 0.01586440 1.67711949
vt 0.03166552 -0.67711973
vt 0.07919409 1.61187291
vt 0.07919409 1.65014505
vt 0.03166573 1.67711949
vt 0.04746684 -0.67711973
vt 0.07919409 1.62767434
vt 0.09036753 1.63897192
vt 0.04746705 1.67711949
vt 0.06326817 -0.67711973
vt 0.09036739 1.63884759
vt 0.10616880 1.63897192
vt 0.06326838 1.67711949
vt -0.04734113 -0.67711949
vt 0.07906950 -0.67711973
vt 0.10616866 1.63884759
vt 0.11734196 1.65014505
vt -0.04734092 1.67711997
vt 0.07906970 1.67711949
vt -0.03153979 -0.67711949
vt 0.11734182 1.62767434
vt 0.11734196 1.66594648
vt -0.03153960 1.67711997
vt -0.01573846 -0.67711973
vt 0.11734182 1.61187315
vt 0.10616866 1.67711973
vt -0.01573825 1.67711949
vt 0.00006286 -0.67711973
vt 0.10616859 1.60069990
vt 0.09036739 1.67711949
vt 0.00006308 1.67711949
vt 0.01586419 -0.67711973
vt 0.09036732 1.60069990
vt 0.07919409 1.66594648
vt 0.01586440 1.67711949
vt 0.03166552 -0.67711973
vt 0.07919409 1.61187291
vt 0.07919409 1.65014505
vt 0.03166573 1.67711949
vt 0.04746684 -0.67711973
vt 0.07919409 1.62767434
vt 0.09036753 1.63897192
vt 0.04746705 1.67711949
vt 0.06326817 -0.67711973
vt 0.09036739 1.63884759
vt 0.10616880 1.63897192
vt 0.06326838 1.67711949
vt -0.04734113 -0.67711949
vt 0.07906950 -0.67711973
vt 0.10616866 1.63884759
vt 0.11734196 1.65014505
vt -0.04734092 1.67711997
vt 0.07906970 1.67711949
vt -0.03153979 -0.67711949
vt 0.11734182 1.62767434
vt 0.11734196 1.66594648
vt -0.03153960 1.67711997
vt -0.01573846 -0.67711973
vt 0.11734182 1.61187315
vt 0.10616866 1.67711973
vt -0.01573825 1.67711949
vt 0.00006286 -0.67711973
vt 0.10616859 1.60069990
vt 0.09036739 1.67711949
vt 0.00006308 1.67711949
vt 0.01586419 -0.67711973
vt 0.09036732 1.60069990
vt 0.07919409 1.66594648
vt 0.01586440 1.67711949
vt 0.03166552 -0.67711973
vt 0.07919409 1.61187291
vt 0.07919409 1.65014505
vt 0.03166573 1.67711949
vt 0.04746684 -0.67711973
vt 0.07919409 1.62767434
vt 0.09036753 1.63897192
vt 0.04746705 1.67711949
vt 0.06326817 -0.67711973
vt 0.09036739 1.63884759
vt 0.10616880 1.63897192
vt 0.06326838 1.67711949
vt -0.04734113 -0.67711949
vt 0.07906950 -0.67711973
vt 0.10616866 1.63884759
vt 0.11734196 1.65014505
vt -0.04734092 1.67711997
vt 0.07906970 1.67711949
vt -0.03153979 -0.67711949
vt 0.11734182 1.62767434
vt 0.11734196 1.66594648
vt -0.03153960 1.67711997
vt -0.01573846 -0.67711973
vt 0.11734182 1.61187315
vt 0.10616866 1.67711973
vt -0.01573825 1.67711949
vt 0.00006286 -0.67711973
vt 0.10616859 1.60069990
vt 0.09036739 1.67711949
vt 0.00006308 1.67711949
vt 0.01586419 -0.67711973
vt 0.09036732 1.60069990
vt 0.07919409 1.66594648
vt 0.01586440 1.67711949
vt 0.03166552 -0.67711973
vt 0.07919409 1.61187291
vt 0.07919409 1.65014505
vt 0.03166573 1.67711949
vt 0.04746684 -0.67711973
vt 0.07919409 1.62767434
vt 0.09036753 1.63897192
vt 0.04746705 1.67711949
vt 0.06326817 -0.67711973
vt 0.09036739 1.63884759
vt 0.10616880 1.63897192
vt 0.06326838 1.67711949
vt -0.04734113 -0.67711949
vt 0.07906950 -0.67711973
vt 0.10616866 1.63884759
vt 0.11734196 1.65014505
vt -0.04734092 1.67711997
vt 0.07906970 1.67711949
vt -0.03153979 -0.67711949
vt 0.11734182 1.62767434
vt 0.11734196 1.66594648
vt -0.03153960 1.67711997
vt -0.01573846 -0.67711973
vt 0.11734182 1.61187315
vt 0.10616866 1.67711973
vt -0.01573825 1.67711949
vt 0.00006286 -0.67711973
vt 0.10616859 1.60069990
vt 0.09036739 1.67711949
vt 0.00006308 1.67711949
vt 0.01586419 -0.67711973
vt 0.09036732 1.60069990
vt 0.07919409 1.66594648
vt 0.01586440 1.67711949
vt 0.03166552 -0.67711973
vt 0.07919409 1.61187291
vt 0.07919409 1.65014505
vt 0.03166573 1.67711949
vt 0.04746684 -0.67711973
vt 0.07919409 1.62767434
vt 0.09036753 1.63897192
vt 0.04746705 1.67711949
vt 0.06326817 -0.67711973
vt 0.09036739 1.63884759
vt 0.10616880 1.63897192
vt 0.06326838 1.67711949
vt -0.04734113 -0.67711949
vt 0.07906950 -0.67711973
vt 0.10616866 1.63884759
vt 0.11734196 1.65014505
vt -0.04734092 1.67711997
vt 0.07906970 1.67711949
vt -0.03153979 -0.67711949
vt 0.11734182 1.62767434
vt 0.11734196 1.66594648
vt -0.03153960 1.67711997
vt -0.01573846 -0.67711973
vt 0.11734182 1.61187315
vt 0.10616866 1.67711973
vt -0.01573825 1.67711949
vt 0.00006286 -0.67711973
vt 0.10616859 1.60069990
vt 0.09036739 1.67711949
vt 0.00006308 1.67711949
vt 0.01586419 -0.67711973
vt 0.09036732 1.60069990
vt 0.07919409 1.66594648
vt 0.01586440 1.67711949
vt 0.03166552 -0.67711973
vt 0.07919409 1.61187291
vt 0.07919409 1.65014505
vt 0.03166573 1.67711949
vt 0.04746684 -0.67711973
vt 0.07919409 1.62767434
vt 0.09036753 1.63897192
vt 0.04746705 1.67711949
vt 0.06326817 -0.67711973
vt 0.09036739 1.63884759
vt 0.10616880 1.63897192
vt 0.06326838 1.67711949
vt -0.04734113 -0.67711949
vt 0.07906950 -0.67711973
vt 0.10616866 1.63884759
vt 0.11734196 1.65014505
vt -0.04734092 1.67711997
vt 0.07906970 1.67711949
vt -0.03153979 -0.67711949
vt 0.11734182 1.62767434
vt 0.11734196 1.66594648
vt -0.03153960 1.67711997
vt -0.01573846 -0.67711973
vt 0.11734182 1.61187315
vt 0.10616866 1.67711973
vt -0.01573825 1.67711949
vt 0.00006286 -0.67711973
vt 0.10616859 1.60069990
vt 0.09036739 1.67711949
vt 0.00006308 1.67711949
vt 0.01586419 -0.67711973
vt 0.09036732 1.60069990
vt 0.01586440 1.67711949
vt 0.07919409 1.66594648
vt 0.03166552 -0.67711973
vt 0.07919409 1.61187291
vt 0.03166573 1.67711949
vt 0.07919409 1.65014505
vt 0.04746684 -0.67711973
vt 0.07919409 1.62767434
vt 0.04746705 1.67711949
vt 0.09036753 1.63897192
vt 0.06326817 -0.67711973
vt 0.09036739 1.63884759
vt 0.06326838 1.67711949
vt 0.10616880 1.63897192
vt -0.04734113 -0.67711949
vt 0.07906950 -0.67711973
vt 0.10616866 1.63884759
vt -0.04734092 1.67711997
vt 0.07906970 1.67711949
vt 0.11734196 1.65014505
vt 0.11734182 1.62767434
vt -0.03153979 -0.67711949
vt 0.11734196 1.66594648
vt -0.03153960 1.67711997
vt 0.11734182 1.61187315
vt -0.01573846 -0.67711973
vt 0.10616866 1.67711973
vt -0.01573825 1.67711949
vt 0.10616859 1.60069990
vt 0.00006286 -0.67711973
vt 0.09036739 1.67711949
vt 0.00006308 1.67711949
vt 0.01586419 -0.67711973
vt 0.09036732 1.60069990
vt 0.01586440 1.67711949
vt 0.07919409 1.66594648
vt 0.07919409 1.61187291
vt 0.03166552 -0.67711973
vt 0.07919409 1.65014505
vt 0.03166573 1.67711949
vt 0.07919409 1.62767434
vt 0.04746684 -0.67711973
vt 0.09036753 1.63897192
vt 0.04746705 1.67711949
vt 0.09036739 1.63884759
vt 0.06326817 -0.67711973
vt 0.10616880 1.63897192
vt 0.06326838 1.67711949
vt -0.04734113 -0.67711949
vt 0.07906950 -0.67711973
vt 0.10616866 1.63884759
vt -0.04734092 1.67711997
vt 0.07906970 1.67711949
vt 0.11734196 1.65014505
vt -0.03153979 -0.67711949
vt 0.11734182 1.62767434
vt -0.03153960 1.67711997
vt 0.11734196 1.66594648
vt -0.01573846 -0.67711973
vt 0.11734182 1.61187315
vt -0.01573825 1.67711949
vt 0.10616866 1.67711973
vt 0.00006286 -0.67711973
vt 0.10616859 1.60069990
vt 0.00006308 1.67711949
vt 0.09036739 1.67711949
vt 0.09036732 1.60069990
vt 0.01586419 -0.67711973
vt 0.07919409 1.66594648
vt 0.01586440 1.67711949
vt 0.03166552 -0.67711973
vt 0.07919409 1.61187291
vt 0.03166573 1.67711949
vt 0.07919409 1.65014505
vt 0.04746684 -0.67711973
vt 0.07919409 1.62767434
vt 0.04746705 1.67711949
vt 0.09036753 1.63897192
vt 0.06326817 -0.67711973
vt 0.09036739 1.63884759
vt 0.06326838 1.67711949
vt 0.10616880 1.63897192
vt 0.10616866 1.63884759
vt -0.04734113 -0.67711949
vt 0.07906950 -0.67711973
vt 0.11734196 1.65014505
vt -0.04734092 1.67711997
vt 0.07906970 1.67711949
vt 0.11734182 1.62767434
vt -0.03153979 -0.67711949
vt 0.11734196 1.66594648
vt -0.03153960 1.67711997
vt 0.11734182 1.61187315
vt -0.01573846 -0.67711973
vt 0.10616866 1.67711973
vt -0.01573825 1.67711949
vt 0.10616859 1.60069990
vt 0.00006286 -0.67711973
vt 0.09036739 1.67711949
vt 0.00006308 1.67711949
vt 0.01586419 -0.67711973
vt 0.09036732 1.60069990
vt 0.01586440 1.67711949
vt 0.07919409 1.66594648
vt 0.07919409 1.61187291
vt 0.03166552 -0.67711973
vt 0.07919409 1.65014505
vt 0.03166573 1.67711949
vt 0.07919409 1.62767434
vt 0.04746684 -0.67711973
vt 0.09036753 1.63897192
vt 0.04746705 1.67711949
vt 0.09036739 1.63884759
vt 0.06326817 -0.67711973
vt 0.10616880 1.63897192
vt 0.06326838 1.67711949
vt -0.04734113 -0.67711949
vt 0.07906950 -0.67711973
vt 0.10616866 1.63884759
vt -0.04734092 1.67711997
vt 0.07906970 1.67711949
vt 0.11734196 1.65014505
vt -0.03153979 -0.67711949
vt 0.11734182 1.62767434
vt -0.03153960 1.67711997
vt 0.11734196 1.66594648
vt -0.01573846 -0.67711973
vt 0.11734182 1.61187315
vt -0.01573825 1.67711949
vt 0.10616866 1.67711973
vt 0.00006286 -0.67711973
vt 0.10616859 1.60069990
vt 0.00006308 1.67711949
vt 0.09036739 1.67711949
vt 0.09036732 1.60069990
vt 0.01586419 -0.67711973
vt 0.01586440 1.67711949
vt 0.07919409 1.66594648
vt 0.03166552 -0.67711973
vt 0.07919409 1.61187291
vt 0.03166573 1.67711949
vt 0.07919409 1.65014505
vt 0.04746684 -0.67711973
vt 0.07919409 1.62767434
vt 0.04746705 1.67711949
vt 0.09036753 1.63897192
vt 0.06326817 -0.67711973
vt 0.09036739 1.63884759
vt 0.06326838 1.67711949
vt 0.10616880 1.63897192
vt 0.10616866 1.63884759
vt -0.04734113 -0.67711949
vt 0.07906950 -0.67711973
vt -0.04734092 1.67711997
vt 0.07906970 1.67711949
vt 0.11734196 1.65014505
vt 0.11734182 1.62767434
vt -0.03153979 -0.67711949
vt 0.11734196 1.66594648
vt -0.03153960 1.67711997
vt 0.11734182 1.61187315
vt -0.01573846 -0.67711973
vt 0.10616866 1.67711973
vt -0.01573825 1.67711949
vt 0.10616859 1.60069990
vt 0.00006286 -0.67711973
vt 0.09036739 1.67711949
vt 0.00006308 1.67711949
vt 0.09036732 1.60069990
vt 0.01586419 -0.67711973
vt 0.01586440 1.67711949
vt 0.07919409 1.66594648
vt 0.03166552 -0.67711973
vt 0.07919409 1.61187291
vt 0.03166573 1.67711949
vt 0.07919409 1.65014505
vt 0.04746684 -0.67711973
vt 0.07919409 1.62767434
vt 0.04746705 1.67711949
vt 0.09036753 1.63897192
vt 0.06326817 -0.67711973
vt 0.09036739 1.63884759
vt 0.06326838 1.67711949
vt 0.10616880 1.63897192
vt 0.10616866 1.63884759
vt -0.04734113 -0.67711949
vt 0.07906950 -0.67711973
vt -0.04734092 1.67711997
vt 0.07906970 1.67711949
vt 0.11734196 1.65014505
vt 0.11734182 1.62767434
vt -0.03153979 -0.67711949
vt 0.11734196 1.66594648
vt -0.03153960 1.67711997
vt 0.11734182 1.61187315
vt -0.01573846 -0.67711973
vt 0.10616866 1.67711973
vt -0.01573825 1.67711949
vt 0.10616859 1.60069990
vt 0.00006286 -0.67711973
vt 0.09036739 1.67711949
vt 0.00006308 1.67711949
vt 0.01586419 -0.67711973
vt 0.09036732 1.60069990
vt 0.07919409 1.66594648
vt 0.01586440 1.67711949
vt 0.03166552 -0.67711973
vt 0.07919409 1.61187291
vt 0.07919409 1.65014505
vt 0.03166573 1.67711949
vt 0.04746684 -0.67711973
vt 0.07919409 1.62767434
vt 0.09036753 1.63897192
vt 0.04746705 1.67711949
vt 0.06326817 -0.67711973
vt 0.09036739 1.63884759
vt 0.10616880 1.63897192
vt 0.06326838 1.67711949
vt -0.04734113 -0.67711949
vt 0.07906950 -0.67711973
vt 0.10616866 1.63884759
vt 0.11734196 1.65014505
vt -0.04734092 1.67711997
vt 0.07906970 1.67711949
vt -0.03153979 -0.67711949
vt 0.11734182 1.62767434
vt 0.11734196 1.66594648
vt -0.03153960 1.67711997
vt -0.01573846 -0.67711973
vt 0.11734182 1.61187315
vt 0.10616866 1.67711973
vt -0.01573825 1.67711949
vt 0.00006286 -0.67711973
vt 0.10616859 1.60069990
vt 0.09036739 1.67711949
vt 0.00006308 1.67711949
vt 0.01586419 -0.67711973
vt 0.09036732 1.60069990
vt 0.07919409 1.66594648
vt 0.01586440 1.67711949
vt 0.03166552 -0.67711973
vt 0.07919409 1.61187291
vt 0.07919409 1.65014505
vt 0.03166573 1.67711949
vt 0.04746684 -0.67711973
vt 0.07919409 1.62767434
vt 0.09036753 1.63897192
vt 0.04746705 1.67711949
vt 0.06326817 -0.67711973
vt 0.09036739 1.63884759
vt 0.10616880 1.63897192
vt 0.06326838 1.67711949
vt -0.04734113 -0.67711949
vt 0.07906950 -0.67711973
vt 0.10616866 1.63884759
vt 0.11734196 1.65014505
vt -0.04734092 1.67711997
vt 0.07906970 1.67711949
vt -0.03153979 -0.67711949
vt 0.11734182 1.62767434
vt 0.11734196 1.66594648
vt -0.03153960 1.67711997
vt -0.01573846 -0.67711973
vt 0.11734182 1.61187315
vt 0.10616866 1.67711973
vt -0.01573825 1.67711949
vt 0.00006286 -0.67711973
vt 0.10616859 1.60069990
vt 0.09036739 1.67711949
vt 0.00006308 1.67711949
vt 0.01586419 -0.67711973
vt 0.09036732 1.60069990
vt 0.07919409 1.66594648
vt 0.01586440 1.67711949
vt 0.03166552 -0.67711973
vt 0.07919409 1.61187291
vt 0.07919409 1.65014505
vt 0.03166573 1.67711949
vt 0.04746684 -0.67711973
vt 0.07919409 1.62767434
vt 0.09036753 1.63897192
vt 0.04746705 1.67711949
vt 0.06326817 -0.67711973
vt 0.09036739 1.63884759
vt 0.10616880 1.63897192
vt 0.06326838 1.67711949
vt -0.04734113 -0.67711949
vt 0.07906950 -0.67711973
vt 0.10616866 1.63884759
vt 0.11734196 1.65014505
vt -0.04734092 1.67711997
vt 0.07906970 1.67711949
vt -0.03153979 -0.67711949
vt 0.11734182 1.62767434
vt 0.11734196 1.66594648
vt -0.03153960 1.67711997
vt -0.01573846 -0.67711973
vt 0.11734182 1.61187315
vt 0.10616866 1.67711973
vt -0.01573825 1.67711949
vt 0.00006286 -0.67711973
vt 0.10616859 1.60069990
vt 0.09036739 1.67711949
vt 0.00006308 1.67711949
vt 0.01586419 -0.67711973
vt 0.09036732 1.60069990
vt 0.07919409 1.66594648
vt 0.01586440 1.67711949
vt 0.03166552 -0.67711973
vt 0.07919409 1.61187291
vt 0.07919409 1.65014505
vt 0.03166573 1.67711949
vt 0.04746684 -0.67711973
vt 0.07919409 1.62767434
vt 0.09036753 1.63897192
vt 0.04746705 1.67711949
vt 0.06326817 -0.67711973
vt 0.09036739 1.63884759
vt 0.10616880 1.63897192
vt 0.06326838 1.67711949
vt -0.04734113 -0.67711949
vt 0.07906950 -0.67711973
vt 0.10616866 1.63884759
vt 0.11734196 1.65014505
vt -0.04734092 1.67711997
vt 0.07906970 1.67711949
vt -0.03153979 -0.67711949
vt 0.11734182 1.62767434
vt 0.11734196 1.66594648
vt -0.03153960 1.67711997
vt -0.01573846 -0.67711973
vt 0.11734182 1.61187315
vt 0.10616866 1.67711973
vt -0.01573825 1.67711949
vt 0.00006286 -0.67711973
vt 0.10616859 1.60069990
vt 0.09036739 1.67711949
vt 0.00006308 1.67711949
vt 0.01586419 -0.67711973
vt 0.09036732 1.60069990
vt 0.07919409 1.66594648
vt 0.01586440 1.67711949
vt 0.03166552 -0.67711973
vt 0.07919409 1.61187291
vt 0.07919409 1.65014505
vt 0.03166573 1.67711949
vt 0.04746684 -0.67711973
vt 0.07919409 1.62767434
vt 0.09036753 1.63897192
vt 0.04746705 1.67711949
vt 0.06326817 -0.67711973
vt 0.09036739 1.63884759
vt 0.10616880 1.63897192
vt 0.06326838 1.67711949
vt -0.04734113 -0.67711949
vt 0.07906950 -0.67711973
vt 0.10616866 1.63884759
vt 0.11734196 1.65014505
vt -0.04734092 1.67711997
vt 0.07906970 1.67711949
vt -0.03153979 -0.67711949
vt 0.11734182 1.62767434
vt 0.11734196 1.66594648
vt -0.03153960 1.67711997
vt -0.01573846 -0.67711973
vt 0.11734182 1.61187315
vt 0.10616866 1.67711973
vt -0.01573825 1.67711949
vt 0.00006286 -0.67711973
vt 0.10616859 1.60069990
vt 0.09036739 1.67711949
vt 0.00006308 1.67711949
vt 0.01586419 -0.67711973
vt 0.09036732 1.60069990
vt 0.07919409 1.66594648
vt 0.01586440 1.67711949
vt 0.03166552 -0.67711973
vt 0.07919409 1.61187291
vt 0.07919409 1.65014505
vt 0.03166573 1.67711949
vt 0.04746684 -0.67711973
vt 0.07919409 1.62767434
vt 0.09036753 1.63897192
vt 0.04746705 1.67711949
vt 0.06326817 -0.67711973
vt 0.09036739 1.63884759
vt 0.10616880 1.63897192
vt 0.06326838 1.67711949
vt -0.04734113 -0.67711949
vt 0.07906950 -0.67711973
vt 0.10616866 1.63884759
vt 0.11734196 1.65014505
vt -0.04734092 1.67711997
vt 0.07906970 1.67711949
vt -0.03153979 -0.67711949
vt 0.11734182 1.62767434
vt 0.11734196 1.66594648
vt -0.03153960 1.67711997
vt -0.01573846 -0.67711973
vt 0.11734182 1.61187315
vt 0.10616866 1.67711973
vt -0.01573825 1.67711949
vt 0.00006286 -0.67711973
vt 0.10616859 1.60069990
vt 0.09036739 1.67711949
vt 0.00006308 1.67711949
vt 0.01586419 -0.67711973
vt 0.09036732 1.60069990
vt 0.01586440 1.67711949
vt 0.07919409 1.66594648
vt 0.03166552 -0.67711973
vt 0.07919409 1.61187291
vt 0.03166573 1.67711949
vt 0.07919409 1.65014505
vt 0.04746684 -0.67711973
vt 0.07919409 1.62767434
vt 0.04746705 1.67711949
vt 0.09036753 1.63897192
vt 0.06326817 -0.67711973
vt 0.09036739 1.63884759
vt 0.06326838 1.67711949
vt 0.10616880 1.63897192
vt -0.04734113 -0.67711949
vt 0.07906950 -0.67711973
vt 0.10616866 1.63884759
vt -0.04734092 1.67711997
vt 0.07906970 1.67711949
vt 0.11734196 1.65014505
vt 0.11734182 1.62767434
vt -0.03153979 -0.67711949
vt 0.11734196 1.66594648
vt -0.03153960 1.67711997
vt 0.11734182 1.61187315
vt -0.01573846 -0.67711973
vt 0.10616866 1.67711973
vt -0.01573825 1.67711949
vt 0.10616859 1.60069990
vt 0.00006286 -0.67711973
vt 0.09036739 1.67711949
vt 0.00006308 1.67711949
vt 0.01586419 -0.67711973
vt 0.09036732 1.60069990
vt 0.01586440 1.67711949
vt 0.07919409 1.66594648
vt 0.07919409 1.61187291
vt 0.03166552 -0.67711973
vt 0.07919409 1.65014505
vt 0.03166573 1.67711949
vt 0.07919409 1.62767434
vt 0.04746684 -0.67711973
vt 0.09036753 1.63897192
vt 0.04746705 1.67711949
vt 0.09036739 1.63884759
vt 0.06326817 -0.67711973
vt 0.10616880 1.63897192
vt 0.06326838 1.67711949
vt -0.04734113 -0.67711949
vt 0.07906950 -0.67711973
vt 0.10616866 1.63884759
vt -0.04734092 1.67711997
vt 0.07906970 1.67711949
vt 0.11734196 1.65014505
vt -0.03153979 -0.67711949
vt 0.11734182 1.62767434
vt -0.03153960 1.67711997
vt 0.11734196 1.66594648
vt -0.01573846 -0.67711973
vt 0.11734182 1.61187315
vt -0.01573825 1.67711949
vt 0.10616866 1.67711973
vt 0.00006286 -0.67711973
vt 0.10616859 1.60069990
vt 0.00006308 1.67711949
vt 0.09036739 1.67711949
vt 0.09036732 1.60069990
vt 0.01586419 -0.67711973
vt 0.07919409 1.66594648
vt 0.01586440 1.67711949
vt 0.03166552 -0.67711973
vt 0.07919409 1.61187291
vt 0.03166573 1.67711949
vt 0.07919409 1.65014505
vt 0.04746684 -0.67711973
vt 0.07919409 1.62767434
vt 0.04746705 1.67711949
vt 0.09036753 1.63897192
vt 0.06326817 -0.67711973
vt 0.09036739 1.63884759
vt 0.06326838 1.67711949
vt 0.10616880 1.63897192
vt 0.10616866 1.63884759
vt -0.04734113 -0.67711949
vt 0.07906950 -0.67711973
vt 0.11734196 1.65014505
vt -0.04734092 1.67711997
vt 0.07906970 1.67711949
vt 0.11734182 1.62767434
vt -0.03153979 -0.67711949
vt 0.11734196 1.66594648
vt -0.03153960 1.67711997
vt 0.11734182 1.61187315
vt -0.01573846 -0.67711973
vt 0.10616866 1.67711973
vt -0.01573825 1.67711949
vt 0.10616859 1.60069990
vt 0.00006286 -0.67711973
vt 0.09036739 1.67711949
vt 0.00006308 1.67711949
vt 0.01586419 -0.67711973
vt 0.09036732 1.60069990
vt 0.01586440 1.67711949
vt 0.07919409 1.66594648
vt 0.07919409 1.61187291
vt 0.03166552 -0.67711973
vt 0.07919409 1.65014505
vt 0.03166573 1.67711949
vt 0.07919409 1.62767434
vt 0.04746684 -0.67711973
vt 0.09036753 1.63897192
vt 0.04746705 1.67711949
vt 0.09036739 1.63884759
vt 0.06326817 -0.67711973
vt 0.10616880 1.63897192
vt 0.06326838 1.67711949
vt -0.04734113 -0.67711949
vt 0.07906950 -0.67711973
vt 0.10616866 1.63884759
vt -0.04734092 1.67711997
vt 0.07906970 1.67711949
vt 0.11734196 1.65014505
vt -0.03153979 -0.67711949
vt 0.11734182 1.62767434
vt -0.03153960 1.67711997
vt 0.11734196 1.66594648
vt -0.01573846 -0.67711973
vt 0.11734182 1.61187315
vt -0.01573825 1.67711949
vt 0.10616866 1.67711973
vt 0.00006286 -0.67711973
vt 0.10616859 1.60069990
vt 0.00006308 1.67711949
vt 0.09036739 1.67711949
vt 0.09036732 1.60069990
vt 0.01586419 -0.67711973
vt 0.01586440 1.67711949
vt 0.07919409 1.66594648
vt 0.03166552 -0.67711973
vt 0.07919409 1.61187291
vt 0.03166573 1.67711949
vt 0.07919409 1.65014505
vt 0.04746684 -0.67711973
vt 0.07919409 1.62767434
vt 0.04746705 1.67711949
vt 0.09036753 1.63897192
vt 0.06326817 -0.67711973
vt 0.09036739 1.63884759
vt 0.06326838 1.67711949
vt 0.10616880 1.63897192
vt 0.10616866 1.63884759
vt -0.04734113 -0.67711949
vt 0.07906950 -0.67711973
vt -0.04734092 1.67711997
vt 0.07906970 1.67711949
vt 0.11734196 1.65014505
vt 0.11734182 1.62767434
vt -0.03153979 -0.67711949
vt 0.11734196 1.66594648
vt -0.03153960 1.67711997
vt 0.11734182 1.61187315
vt -0.01573846 -0.67711973
vt 0.10616866 1.67711973
vt -0.01573825 1.67711949
vt 0.10616859 1.60069990
vt 0.00006286 -0.67711973
vt 0.09036739 1.67711949
vt 0.00006308 1.67711949
vt 0.09036732 1.60069990
vt 0.01586419 -0.67711973
vt 0.01586440 1.67711949
vt 0.07919409 1.66594648
vt 0.03166552 -0.67711973
vt 0.07919409 1.61187291
vt 0.03166573 1.67711949
vt 0.07919409 1.65014505
vt 0.04746684 -0.67711973
vt 0.07919409 1.62767434
vt 0.04746705 1.67711949
vt 0.09036753 1.63897192
vt 0.06326817 -0.67711973
vt 0.09036739 1.63884759
vt 0.06326838 1.67711949
vt 0.10616880 1.63897192
vt 0.10616866 1.63884759
vt -0.04734113 -0.67711949
vt 0.07906950 -0.67711973
vt -0.04734092 1.67711997
vt 0.07906970 1.67711949
vt 0.11734196 1.65014505
vt 0.11734182 1.62767434
vt -0.03153979 -0.67711949
vt 0.11734196 1.66594648
vt -0.03153960 1.67711997
vt 0.11734182 1.61187315
vt -0.01573846 -0.67711973
vt 0.10616866 1.67711973
vt -0.01573825 1.67711949
vt 0.10616859 1.60069990
vt 0.00006286 -0.67711973
vt 0.09036739 1.67711949
vt 0.00006308 1.67711949
vt 0.01586419 -0.67711973
vt 0.09036732 1.60069990
vt 0.07919409 1.66594648
vt 0.01586440 1.67711949
vt 0.03166552 -0.67711973
vt 0.07919409 1.61187291
vt 0.07919409 1.65014505
vt 0.03166573 1.67711949
vt 0.04746684 -0.67711973
vt 0.07919409 1.62767434
vt 0.09036753 1.63897192
vt 0.04746705 1.67711949
vt 0.06326817 -0.67711973
vt 0.09036739 1.63884759
vt 0.10616880 1.63897192
vt 0.06326838 1.67711949
vt -0.04734113 -0.67711949
vt 0.07906950 -0.67711973
vt 0.10616866 1.63884759
vt 0.11734196 1.65014505
vt -0.04734092 1.67711997
vt 0.07906970 1.67711949
vt -0.03153979 -0.67711949
vt 0.11734182 1.62767434
vt 0.11734196 1.66594648
vt -0.03153960 1.67711997
vt -0.01573846 -0.67711973
vt 0.11734182 1.61187315
vt 0.10616866 1.67711973
vt -0.01573825 1.67711949
vt 0.00006286 -0.67711973
vt 0.10616859 1.60069990
vt 0.09036739 1.67711949
vt 0.00006308 1.67711949
vt 0.01586419 -0.67711973
vt 0.09036732 1.60069990
vt 0.07919409 1.66594648
vt 0.01586440 1.67711949
vt 0.03166552 -0.67711973
vt 0.07919409 1.61187291
vt 0.07919409 1.65014505
vt 0.03166573 1.67711949
vt 0.04746684 -0.67711973
vt 0.07919409 1.62767434
vt 0.09036753 1.63897192
vt 0.04746705 1.67711949
vt 0.06326817 -0.67711973
vt 0.09036739 1.63884759
vt 0.10616880 1.63897192
vt 0.06326838 1.67711949
vt -0.04734113 -0.67711949
vt 0.07906950 -0.67711973
vt 0.10616866 1.63884759
vt 0.11734196 1.65014505
vt -0.04734092 1.67711997
vt 0.07906970 1.67711949
vt -0.03153979 -0.67711949
vt 0.11734182 1.62767434
vt 0.11734196 1.66594648
vt -0.03153960 1.67711997
vt -0.01573846 -0.67711973
vt 0.11734182 1.61187315
vt 0.10616866 1.67711973
vt -0.01573825 1.67711949
vt 0.00006286 -0.67711973
vt 0.10616859 1.60069990
vt 0.09036739 1.67711949
vt 0.00006308 1.67711949
vt 0.01586419 -0.67711973
vt 0.09036732 1.60069990
vt 0.07919409 1.66594648
vt 0.01586440 1.67711949
vt 0.03166552 -0.67711973
vt 0.07919409 1.61187291
vt 0.07919409 1.65014505
vt 0.03166573 1.67711949
vt 0.04746684 -0.67711973
vt 0.07919409 1.62767434
vt 0.09036753 1.63897192
vt 0.04746705 1.67711949
vt 0.06326817 -0.67711973
vt 0.09036739 1.63884759
vt 0.10616880 1.63897192
vt 0.06326838 1.67711949
vt -0.04734113 -0.67711949
vt 0.07906950 -0.67711973
vt 0.10616866 1.63884759
vt 0.11734196 1.65014505
vt -0.04734092 1.67711997
vt 0.07906970 1.67711949
vt -0.03153979 -0.67711949
vt 0.11734182 1.62767434
vt 0.11734196 1.66594648
vt -0.03153960 1.67711997
vt -0.01573846 -0.67711973
vt 0.11734182 1.61187315
vt 0.10616866 1.67711973
vt -0.01573825 1.67711949
vt 0.00006286 -0.67711973
vt 0.10616859 1.60069990
vt 0.09036739 1.67711949
vt 0.00006308 1.67711949
vt 0.01586419 -0.67711973
vt 0.09036732 1.60069990
vt 0.07919409 1.66594648
vt 0.01586440 1.67711949
vt 0.03166552 -0.67711973
vt 0.07919409 1.61187291
vt 0.07919409 1.65014505
vt 0.03166573 1.67711949
vt 0.04746684 -0.67711973
vt 0.07919409 1.62767434
vt 0.09036753 1.63897192
vt 0.04746705 1.67711949
vt 0.06326817 -0.67711973
vt 0.09036739 1.63884759
vt 0.10616880 1.63897192
vt 0.06326838 1.67711949
vt -0.04734113 -0.67711949
vt 0.07906950 -0.67711973
vt 0.10616866 1.63884759
vt 0.11734196 1.65014505
vt -0.04734092 1.67711997
vt 0.07906970 1.67711949
vt -0.03153979 -0.67711949
vt 0.11734182 1.62767434
vt 0.11734196 1.66594648
vt -0.03153960 1.67711997
vt -0.01573846 -0.67711973
vt 0.11734182 1.61187315
vt 0.10616866 1.67711973
vt -0.01573825 1.67711949
vt 0.00006286 -0.67711973
vt 0.10616859 1.60069990
vt 0.09036739 1.67711949
vt 0.00006308 1.67711949
vt 0.01586419 -0.67711973
vt 0.09036732 1.60069990
vt 0.07919409 1.66594648
vt 0.01586440 1.67711949
vt 0.03166552 -0.67711973
vt 0.07919409 1.61187291
vt 0.07919409 1.65014505
vt 0.03166573 1.67711949
vt 0.04746684 -0.67711973
vt 0.07919409 1.62767434
vt 0.09036753 1.63897192
vt 0.04746705 1.67711949
vt 0.06326817 -0.67711973
vt 0.09036739 1.63884759
vt 0.10616880 1.63897192
vt 0.06326838 1.67711949
vt -0.04734113 -0.67711949
vt 0.07906950 -0.67711973
vt 0.10616866 1.63884759
vt 0.11734196 1.65014505
vt -0.04734092 1.67711997
vt 0.07906970 1.67711949
vt -0.03153979 -0.67711949
vt 0.11734182 1.62767434
vt 0.11734196 1.66594648
vt -0.03153960 1.67711997
vt -0.01573846 -0.67711973
vt 0.11734182 1.61187315
vt 0.10616866 1.67711973
vt -0.01573825 1.67711949
vt 0.00006286 -0.67711973
vt 0.10616859 1.60069990
vt 0.09036739 1.67711949
vt 0.00006308 1.67711949
vt 0.01586419 -0.67711973
vt 0.09036732 1.60069990
vt 0.07919409 1.66594648
vt 0.01586440 1.67711949
vt 0.03166552 -0.67711973
vt 0.07919409 1.61187291
vt 0.07919409 1.65014505
vt 0.03166573 1.67711949
vt 0.04746684 -0.67711973
vt 0.07919409 1.62767434
vt 0.09036753 1.63897192
vt 0.04746705 1.67711949
vt 0.06326817 -0.67711973
vt 0.09036739 1.63884759
vt 0.10616880 1.63897192
vt 0.06326838 1.67711949
vt -0.04734113 -0.67711949
vt 0.07906950 -0.67711973
vt 0.10616866 1.63884759
vt 0.11734196 1.65014505
vt -0.04734092 1.67711997
vt 0.07906970 1.67711949
vt -0.03153979 -0.67711949
vt 0.11734182 1.62767434
vt 0.11734196 1.66594648
vt -0.03153960 1.67711997
vt -0.01573846 -0.67711973
vt 0.11734182 1.61187315
vt 0.10616866 1.67711973
vt -0.01573825 1.67711949
vt 0.00006286 -0.67711973
vt 0.10616859 1.60069990
vt 0.09036739 1.67711949
vt 0.00006308 1.67711949
vt 0.01586419 -0.67711973
vt 0.09036732 1.60069990
vt 0.01586440 1.67711949
vt 0.07919409 1.66594648
vt 0.03166552 -0.67711973
vt 0.07919409 1.61187291
vt 0.03166573 1.67711949
vt 0.07919409 1.65014505
vt 0.04746684 -0.67711973
vt 0.07919409 1.62767434
vt 0.04746705 1.67711949
vt 0.09036753 1.63897192
vt 0.06326817 -0.67711973
vt 0.09036739 1.63884759
vt 0.06326838 1.67711949
vt 0.10616880 1.63897192
vt -0.04734113 -0.67711949
vt 0.07906950 -0.67711973
vt 0.10616866 1.63884759
vt -0.04734092 1.67711997
vt 0.07906970 1.67711949
vt 0.11734196 1.65014505
vt 0.11734182 1.62767434
vt -0.03153979 -0.67711949
vt 0.11734196 1.66594648
vt -0.03153960 1.67711997
vt 0.11734182 1.61187315
vt -0.01573846 -0.67711973
vt 0.10616866 1.67711973
vt -0.01573825 1.67711949
vt 0.10616859 1.60069990
vt 0.00006286 -0.67711973
vt 0.09036739 1.67711949
vt 0.00006308 1.67711949
vt 0.01586419 -0.67711973
vt 0.09036732 1.60069990
vt 0.01586440 1.67711949
vt 0.07919409 1.66594648
vt 0.07919409 1.61187291
vt 0.03166552 -0.67711973
vt 0.07919409 1.65014505
vt 0.03166573 1.67711949
vt 0.07919409 1.62767434
vt 0.04746684 -0.67711973
vt 0.09036753 1.63897192
vt 0.04746705 1.67711949
vt 0.09036739 1.63884759
vt 0.06326817 -0.67711973
vt 0.10616880 1.63897192
vt 0.06326838 1.67711949
vt -0.04734113 -0.67711949
vt 0.07906950 -0.67711973
vt 0.10616866 1.63884759
vt -0.04734092 1.67711997
vt 0.07906970 1.67711949
vt 0.11734196 1.65014505
vt -0.03153979 -0.67711949
vt 0.11734182 1.62767434
vt -0.03153960 1.67711997
vt 0.11734196 1.66594648
vt -0.01573846 -0.67711973
vt 0.11734182 1.61187315
vt -0.01573825 1.67711949
vt 0.10616866 1.67711973
vt 0.00006286 -0.67711973
vt 0.10616859 1.60069990
vt 0.00006308 1.67711949
vt 0.09036739 1.67711949
vt 0.09036732 1.60069990
vt 0.01586419 -0.67711973
vt 0.07919409 1.66594648
vt 0.01586440 1.67711949
vt 0.03166552 -0.67711973
vt 0.07919409 1.61187291
vt 0.03166573 1.67711949
vt 0.07919409 1.65014505
vt 0.04746684 -0.67711973
vt 0.07919409 1.62767434
vt 0.04746705 1.67711949
vt 0.09036753 1.63897192
vt 0.06326817 -0.67711973
vt 0.09036739 1.63884759
vt 0.06326838 1.67711949
vt 0.10616880 1.63897192
vt 0.10616866 1.63884759
vt -0.04734113 -0.67711949
vt 0.07906950 -0.67711973
vt 0.11734196 1.65014505
vt -0.04734092 1.67711997
vt 0.07906970 1.67711949
vt 0.11734182 1.62767434
vt -0.03153979 -0.67711949
vt 0.11734196 1.66594648
vt -0.03153960 1.67711997
vt 0.11734182 1.61187315
vt -0.01573846 -0.67711973
vt 0.10616866 1.67711973
vt -0.01573825 1.67711949
vt 0.10616859 1.60069990
vt 0.00006286 -0.67711973
vt 0.09036739 1.67711949
vt 0.00006308 1.67711949
vt 0.01586419 -0.67711973
vt 0.09036732 1.60069990
vt 0.01586440 1.67711949
vt 0.07919409 1.66594648
vt 0.07919409 1.61187291
vt 0.03166552 -0.67711973
vt 0.07919409 1.65014505
vt 0.03166573 1.67711949
vt 0.07919409 1.62767434
vt 0.04746684 -0.67711973
vt 0.09036753 1.63897192
vt 0.04746705 1.67711949
vt 0.09036739 1.63884759
vt 0.06326817 -0.67711973
vt 0.10616880 1.63897192
vt 0.06326838 1.67711949
vt -0.04734113 -0.67711949
vt 0.07906950 -0.67711973
vt 0.10616866 1.63884759
vt -0.04734092 1.67711997
vt 0.07906970 1.67711949
vt 0.11734196 1.65014505
vt -0.03153979 -0.67711949
vt 0.11734182 1.62767434
vt -0.03153960 1.67711997
vt 0.11734196 1.66594648
vt -0.01573846 -0.67711973
vt 0.11734182 1.61187315
vt -0.01573825 1.67711949
vt 0.10616866 1.67711973
vt 0.00006286 -0.67711973
vt 0.10616859 1.60069990
vt 0.00006308 1.67711949
vt 0.09036739 1.67711949
vt 0.09036732 1.60069990
vt 0.01586419 -0.67711973
vt 0.01586440 1.67711949
vt 0.07919409 1.66594648
vt 0.03166552 -0.67711973
vt 0.07919409 1.61187291
vt 0.03166573 1.67711949
vt 0.07919409 1.65014505
vt 0.04746684 -0.67711973
vt 0.07919409 1.62767434
vt 0.04746705 1.67711949
vt 0.09036753 1.63897192
vt 0.06326817 -0.67711973
vt 0.09036739 1.63884759
vt 0.06326838 1.67711949
vt 0.10616880 1.63897192
vt 0.10616866 1.63884759
vt -0.04734113 -0.67711949
vt 0.07906950 -0.67711973
vt -0.04734092 1.67711997
vt 0.07906970 1.67711949
vt 0.11734196 1.65014505
vt 0.11734182 1.62767434
vt -0.03153979 -0.67711949
vt 0.11734196 1.66594648
vt -0.03153960 1.67711997
vt 0.11734182 1.61187315
vt -0.01573846 -0.67711973
vt 0.10616866 1.67711973
vt -0.01573825 1.67711949
vt 0.10616859 1.60069990
vt 0.00006286 -0.67711973
vt 0.09036739 1.67711949
vt 0.00006308 1.67711949
vt 0.09036732 1.60069990
vt 0.01586419 -0.67711973
vt 0.01586440 1.67711949
vt 0.07919409 1.66594648
vt 0.03166552 -0.67711973
vt 0.07919409 1.61187291
vt 0.03166573 1.67711949
vt 0.07919409 1.65014505
vt 0.04746684 -0.67711973
vt 0.07919409 1.62767434
vt 0.04746705 1.67711949
vt 0.09036753 1.63897192
vt 0.06326817 -0.67711973
vt 0.09036739 1.63884759
vt 0.06326838 1.67711949
vt 0.10616880 1.63897192
vt 0.10616866 1.63884759
vt -0.04734113 -0.67711949
vt 0.07906950 -0.67711973
vt -0.04734092 1.67711997
vt 0.07906970 1.67711949
vt 0.11734196 1.65014505
vt 0.11734182 1.62767434
vt -0.03153979 -0.67711949
vt 0.11734196 1.66594648
vt -0.03153960 1.67711997
vt 0.11734182 1.61187315
vt -0.01573846 -0.67711973
vt 0.10616866 1.67711973
vt -0.01573825 1.67711949
vt 0.10616859 1.60069990
vt 0.00006286 -0.67711973
vt 0.09036739 1.67711949
vt 0.00006308 1.67711949
vt 0.01586419 -0.67711973
vt 0.09036732 1.60069990
vt 0.07919409 1.66594648
vt 0.01586440 1.67711949
vt 0.03166552 -0.67711973
vt 0.07919409 1.61187291
vt 0.07919409 1.65014505
vt 0.03166573 1.67711949
vt 0.04746684 -0.67711973
vt 0.07919409 1.62767434
vt 0.09036753 1.63897192
vt 0.04746705 1.67711949
vt 0.06326817 -0.67711973
vt 0.09036739 1.63884759
vt 0.10616880 1.63897192
vt 0.06326838 1.67711949
vt -0.04734113 -0.67711949
vt 0.07906950 -0.67711973
vt 0.10616866 1.63884759
vt 0.11734196 1.65014505
vt -0.04734092 1.67711997
vt 0.07906970 1.67711949
vt -0.03153979 -0.67711949
vt 0.11734182 1.62767434
vt 0.11734196 1.66594648
vt -0.03153960 1.67711997
vt -0.01573846 -0.67711973
vt 0.11734182 1.61187315
vt 0.10616866 1.67711973
vt -0.01573825 1.67711949
vt 0.00006286 -0.67711973
vt 0.10616859 1.60069990
vt 0.09036739 1.67711949
vt 0.00006308 1.67711949
vt 0.01586419 -0.67711973
vt 0.09036732 1.60069990
vt 0.07919409 1.66594648
vt 0.01586440 1.67711949
vt 0.03166552 -0.67711973
vt 0.07919409 1.61187291
vt 0.07919409 1.65014505
vt 0.03166573 1.67711949
vt 0.04746684 -0.67711973
vt 0.07919409 1.62767434
vt 0.09036753 1.63897192
vt 0.04746705 1.67711949
vt 0.06326817 -0.67711973
vt 0.09036739 1.63884759
vt 0.10616880 1.63897192
vt 0.06326838 1.67711949
vt -0.04734113 -0.67711949
vt 0.07906950 -0.67711973
vt 0.10616866 1.63884759
vt 0.11734196 1.65014505
vt -0.04734092 1.67711997
vt 0.07906970 1.67711949
vt -0.03153979 -0.67711949
vt 0.11734182 1.62767434
vt 0.11734196 1.66594648
vt -0.03153960 1.67711997
vt -0.01573846 -0.67711973
vt 0.11734182 1.61187315
vt 0.10616866 1.67711973
vt -0.01573825 1.67711949
vt 0.00006286 -0.67711973
vt 0.10616859 1.60069990
vt 0.09036739 1.67711949
vt 0.00006308 1.67711949
vt 0.01586419 -0.67711973
vt 0.09036732 1.60069990
vt 0.07919409 1.66594648
vt 0.01586440 1.67711949
vt 0.03166552 -0.67711973
vt 0.07919409 1.61187291
vt 0.07919409 1.65014505
vt 0.03166573 1.67711949
vt 0.04746684 -0.67711973
vt 0.07919409 1.62767434
vt 0.09036753 1.63897192
vt 0.04746705 1.67711949
vt 0.06326817 -0.67711973
vt 0.09036739 1.63884759
vt 0.10616880 1.63897192
vt 0.06326838 1.67711949
vt -0.04734113 -0.67711949
vt 0.07906950 -0.67711973
vt 0.10616866 1.63884759
vt 0.11734196 1.65014505
vt -0.04734092 1.67711997
vt 0.07906970 1.67711949
vt -0.03153979 -0.67711949
vt 0.11734182 1.62767434
vt 0.11734196 1.66594648
vt -0.03153960 1.67711997
vt -0.01573846 -0.67711973
vt 0.11734182 1.61187315
vt 0.10616866 1.67711973
vt -0.01573825 1.67711949
vt 0.00006286 -0.67711973
vt 0.10616859 1.60069990
vt 0.09036739 1.67711949
vt 0.00006308 1.67711949
vt 0.01586419 -0.67711973
vt 0.09036732 1.60069990
vt 0.07919409 1.66594648
vt 0.01586440 1.67711949
vt 0.03166552 -0.67711973
vt 0.07919409 1.61187291
vt 0.07919409 1.65014505
vt 0.03166573 1.67711949
vt 0.04746684 -0.67711973
vt 0.07919409 1.62767434
vt 0.09036753 1.63897192
vt 0.04746705 1.67711949
vt 0.06326817 -0.67711973
vt 0.09036739 1.63884759
vt 0.10616880 1.63897192
vt 0.06326838 1.67711949
vt -0.04734113 -0.67711949
vt 0.07906950 -0.67711973
vt 0.10616866 1.63884759
vt 0.11734196 1.65014505
vt -0.04734092 1.67711997
vt 0.07906970 1.67711949
vt -0.03153979 -0.67711949
vt 0.11734182 1.62767434
vt 0.11734196 1.66594648
vt -0.03153960 1.67711997
vt -0.01573846 -0.67711973
vt 0.11734182 1.61187315
vt 0.10616866 1.67711973
vt -0.01573825 1.67711949
vt 0.00006286 -0.67711973
vt 0.10616859 1.60069990
vt 0.09036739 1.67711949
vt 0.00006308 1.67711949
vt 0.01586419 -0.67711973
vt 0.09036732 1.60069990
vt 0.07919409 1.66594648
vt 0.01586440 1.67711949
vt 0.03166552 -0.67711973
vt 0.07919409 1.61187291
vt 0.07919409 1.65014505
vt 0.03166573 1.67711949
vt 0.04746684 -0.67711973
vt 0.07919409 1.62767434
vt 0.09036753 1.63897192
vt 0.04746705 1.67711949
vt 0.06326817 -0.67711973
vt 0.09036739 1.63884759
vt 0.10616880 1.63897192
vt 0.06326838 1.67711949
vt -0.04734113 -0.67711949
vt 0.07906950 -0.67711973
vt 0.10616866 1.63884759
vt 0.11734196 1.65014505
vt -0.04734092 1.67711997
vt 0.07906970 1.67711949
vt -0.03153979 -0.67711949
vt 0.11734182 1.62767434
vt 0.11734196 1.66594648
vt -0.03153960 1.67711997
vt -0.01573846 -0.67711973
vt 0.11734182 1.61187315
vt 0.10616866 1.67711973
vt -0.01573825 1.67711949
vt 0.00006286 -0.67711973
vt 0.10616859 1.60069990
vt 0.09036739 1.67711949
vt 0.00006308 1.67711949
vt 0.01586419 -0.67711973
vt 0.09036732 1.60069990
vt 0.07919409 1.66594648
vt 0.01586440 1.67711949
vt 0.03166552 -0.67711973
vt 0.07919409 1.61187291
vt 0.07919409 1.65014505
vt 0.03166573 1.67711949
vt 0.04746684 -0.67711973
vt 0.07919409 1.62767434
vt 0.09036753 1.63897192
vt 0.04746705 1.67711949
vt 0.06326817 -0.67711973
vt 0.09036739 1.63884759
vt 0.10616880 1.63897192
vt 0.06326838 1.67711949
vt -0.04734113 -0.67711949
vt 0.07906950 -0.67711973
vt 0.10616866 1.63884759
vt 0.11734196 1.65014505
vt -0.04734092 1.67711997
vt 0.07906970 1.67711949
vt -0.03153979 -0.67711949
vt 0.11734182 1.62767434
vt 0.11734196 1.66594648
vt -0.03153960 1.67711997
vt -0.01573846 -0.67711973
vt 0.11734182 1.61187315
vt 0.10616866 1.67711973
vt -0.01573825 1.67711949
vt 0.00006286 -0.67711973
vt 0.10616859 1.60069990
vt 0.09036739 1.67711949
vt 0.00006308 1.67711949
vt 0.01586419 -0.67711973
vt 0.09036732 1.60069990
vt 0.01586440 1.67711949
vt 0.07919409 1.66594648
vt 0.03166552 -0.67711973
vt 0.07919409 1.61187291
vt 0.03166573 1.67711949
vt 0.07919409 1.65014505
vt 0.04746684 -0.67711973
vt 0.07919409 1.62767434
vt 0.04746705 1.67711949
vt 0.09036753 1.63897192
vt 0.06326817 -0.67711973
vt 0.09036739 1.63884759
vt 0.06326838 1.67711949
vt 0.10616880 1.63897192
vt -0.04734113 -0.67711949
vt 0.07906950 -0.67711973
vt 0.10616866 1.63884759
vt -0.04734092 1.67711997
vt 0.07906970 1.67711949
vt 0.11734196 1.65014505
vt 0.11734182 1.62767434
vt -0.03153979 -0.67711949
vt 0.11734196 1.66594648
vt -0.03153960 1.67711997
vt 0.11734182 1.61187315
vt -0.01573846 -0.67711973
vt 0.10616866 1.67711973
vt -0.01573825 1.67711949
vt 0.10616859 1.60069990
vt 0.00006286 -0.67711973
vt 0.09036739 1.67711949
vt 0.00006308 1.67711949
vt 0.01586419 -0.67711973
vt 0.09036732 1.60069990
vt 0.01586440 1.67711949
vt 0.07919409 1.66594648
vt 0.07919409 1.61187291
vt 0.03166552 -0.67711973
vt 0.07919409 1.65014505
vt 0.03166573 1.67711949
vt 0.07919409 1.62767434
vt 0.04746684 -0.67711973
vt 0.09036753 1.63897192
vt 0.04746705 1.67711949
vt 0.09036739 1.63884759
vt 0.06326817 -0.67711973
vt 0.10616880 1.63897192
vt 0.06326838 1.67711949
vt -0.04734113 -0.67711949
vt 0.07906950 -0.67711973
vt 0.10616866 1.63884759
vt -0.04734092 1.67711997
vt 0.07906970 1.67711949
vt 0.11734196 1.65014505
vt -0.03153979 -0.67711949
vt 0.11734182 1.62767434
vt -0.03153960 1.67711997
vt 0.11734196 1.66594648
vt -0.01573846 -0.67711973
vt 0.11734182 1.61187315
vt -0.01573825 1.67711949
vt 0.10616866 1.67711973
vt 0.00006286 -0.67711973
vt 0.10616859 1.60069990
vt 0.00006308 1.67711949
vt 0.09036739 1.67711949
vt 0.09036732 1.60069990
vt 0.01586419 -0.67711973
vt 0.07919409 1.66594648
vt 0.01586440 1.67711949
vt 0.03166552 -0.67711973
vt 0.07919409 1.61187291
vt 0.03166573 1.67711949
vt 0.07919409 1.65014505
vt 0.04746684 -0.67711973
vt 0.07919409 1.62767434
vt 0.04746705 1.67711949
vt 0.09036753 1.63897192
vt 0.06326817 -0.67711973
vt 0.09036739 1.63884759
vt 0.06326838 1.67711949
vt 0.10616880 1.63897192
vt 0.10616866 1.63884759
vt -0.04734113 -0.67711949
vt 0.07906950 -0.67711973
vt 0.11734196 1.65014505
vt -0.04734092 1.67711997
vt 0.07906970 1.67711949
vt 0.11734182 1.62767434
vt -0.03153979 -0.67711949
vt 0.11734196 1.66594648
vt -0.03153960 1.67711997
vt 0.11734182 1.61187315
vt -0.01573846 -0.67711973
vt 0.10616866 1.67711973
vt -0.01573825 1.67711949
vt 0.10616859 1.60069990
vt 0.00006286 -0.67711973
vt 0.09036739 1.67711949
vt 0.00006308 1.67711949
vt 0.01586419 -0.67711973
vt 0.09036732 1.60069990
vt 0.01586440 1.67711949
vt 0.07919409 1.66594648
vt 0.07919409 1.61187291
vt 0.03166552 -0.67711973
vt 0.07919409 1.65014505
vt 0.03166573 1.67711949
vt 0.07919409 1.62767434
vt 0.04746684 -0.67711973
vt 0.09036753 1.63897192
vt 0.04746705 1.67711949
vt 0.09036739 1.63884759
vt 0.06326817 -0.67711973
vt 0.10616880 1.63897192
vt 0.06326838 1.67711949
vt -0.04734113 -0.67711949
vt 0.07906950 -0.67711973
vt 0.10616866 1.63884759
vt -0.04734092 1.67711997
vt 0.07906970 1.67711949
vt 0.11734196 1.65014505
vt -0.03153979 -0.67711949
vt 0.11734182 1.62767434
vt -0.03153960 1.67711997
vt 0.11734196 1.66594648
vt -0.01573846 -0.67711973
vt 0.11734182 1.61187315
vt -0.01573825 1.67711949
vt 0.10616866 1.67711973
vt 0.00006286 -0.67711973
vt 0.10616859 1.60069990
vt 0.00006308 1.67711949
vt 0.09036739 1.67711949
vt 0.09036732 1.60069990
vt 0.01586419 -0.67711973
vt 0.01586440 1.67711949
vt 0.07919409 1.66594648
vt 0.03166552 -0.67711973
vt 0.07919409 1.61187291
vt 0.03166573 1.67711949
vt 0.07919409 1.65014505
vt 0.04746684 -0.67711973
vt 0.07919409 1.62767434
vt 0.04746705 1.67711949
vt 0.09036753 1.63897192
vt 0.06326817 -0.67711973
vt 0.09036739 1.63884759
vt 0.06326838 1.67711949
vt 0.10616880 1.63897192
vt 0.10616866 1.63884759
vt -0.04734113 -0.67711949
vt 0.07906950 -0.67711973
vt -0.04734092 1.67711997
vt 0.07906970 1.67711949
vt 0.11734196 1.65014505
vt 0.11734182 1.62767434
vt -0.03153979 -0.67711949
vt 0.11734196 1.66594648
vt -0.03153960 1.67711997
vt 0.11734182 1.61187315
vt -0.01573846 -0.67711973
vt 0.10616866 1.67711973
vt -0.01573825 1.67711949
vt 0.10616859 1.60069990
vt 0.00006286 -0.67711973
vt 0.09036739 1.67711949
vt 0.00006308 1.67711949
vt 0.09036732 1.60069990
vt 0.01586419 -0.67711973
vt 0.01586440 1.67711949
vt 0.07919409 1.66594648
vt 0.03166552 -0.67711973
vt 0.07919409 1.61187291
vt 0.03166573 1.67711949
vt 0.07919409 1.65014505
vt 0.04746684 -0.67711973
vt 0.07919409 1.62767434
vt 0.04746705 1.67711949
vt 0.09036753 1.63897192
vt 0.06326817 -0.67711973
vt 0.09036739 1.63884759
vt 0.06326838 1.67711949
vt 0.10616880 1.63897192
vt 0.10616866 1.63884759
vt -0.04734113 -0.67711949
vt 0.07906950 -0.67711973
vt -0.04734092 1.67711997
vt 0.07906970 1.67711949
vt 0.11734196 1.65014505
vt 0.11734182 1.62767434
vt -0.03153979 -0.67711949
vt 0.11734196 1.66594648
vt -0.03153960 1.67711997
vt 0.11734182 1.61187315
vt -0.01573846 -0.67711973
vt 0.10616866 1.67711973
vt -0.01573825 1.67711949
vt 0.10616859 1.60069990
vt 0.00006286 -0.67711973
vt 0.09036739 1.67711949
vt 0.00006308 1.67711949
vt 0.01586419 -0.67711973
vt 0.09036732 1.60069990
vt 0.07919409 1.66594648
vt 0.01586440 1.67711949
vt 0.03166552 -0.67711973
vt 0.07919409 1.61187291
vt 0.07919409 1.65014505
vt 0.03166573 1.67711949
vt 0.04746684 -0.67711973
vt 0.07919409 1.62767434
vt 0.09036753 1.63897192
vt 0.04746705 1.67711949
vt 0.06326817 -0.67711973
vt 0.09036739 1.63884759
vt 0.10616880 1.63897192
vt 0.06326838 1.67711949
vt -0.04734113 -0.67711949
vt 0.07906950 -0.67711973
vt 0.10616866 1.63884759
vt 0.11734196 1.65014505
vt -0.04734092 1.67711997
vt 0.07906970 1.67711949
vt -0.03153979 -0.67711949
vt 0.11734182 1.62767434
vt 0.11734196 1.66594648
vt -0.03153960 1.67711997
vt -0.01573846 -0.67711973
vt 0.11734182 1.61187315
vt 0.10616866 1.67711973
vt -0.01573825 1.67711949
vt 0.00006286 -0.67711973
vt 0.10616859 1.60069990
vt 0.09036739 1.67711949
vt 0.00006308 1.67711949
vt 0.01586419 -0.67711973
vt 0.09036732 1.60069990
vt 0.07919409 1.66594648
vt 0.01586440 1.67711949
vt 0.03166552 -0.67711973
vt 0.07919409 1.61187291
vt 0.07919409 1.65014505
vt 0.03166573 1.67711949
vt 0.04746684 -0.67711973
vt 0.07919409 1.62767434
vt 0.09036753 1.63897192
vt 0.04746705 1.67711949
vt 0.06326817 -0.67711973
vt 0.09036739 1.63884759
vt 0.10616880 1.63897192
vt 0.06326838 1.67711949
vt -0.04734113 -0.67711949
vt 0.07906950 -0.67711973
vt 0.10616866 1.63884759
vt 0.11734196 1.65014505
vt -0.04734092 1.67711997
vt 0.07906970 1.67711949
vt -0.03153979 -0.67711949
vt 0.11734182 1.62767434
vt 0.11734196 1.66594648
vt -0.03153960 1.67711997
vt -0.01573846 -0.67711973
vt 0.11734182 1.61187315
vt 0.10616866 1.67711973
vt -0.01573825 1.67711949
vt 0.00006286 -0.67711973
vt 0.10616859 1.60069990
vt 0.09036739 1.67711949
vt 0.00006308 1.67711949
vt 0.01586419 -0.67711973
vt 0.09036732 1.60069990
vt 0.07919409 1.66594648
vt 0.01586440 1.67711949
vt 0.03166552 -0.67711973
vt 0.07919409 1.61187291
vt 0.07919409 1.65014505
vt 0.03166573 1.67711949
vt 0.04746684 -0.67711973
vt 0.07919409 1.62767434
vt 0.09036753 1.63897192
vt 0.04746705 1.67711949
vt 0.06326817 -0.67711973
vt 0.09036739 1.63884759
vt 0.10616880 1.63897192
vt 0.06326838 1.67711949
vt -0.04734113 -0.67711949
vt 0.07906950 -0.67711973
vt 0.10616866 1.63884759
vt 0.11734196 1.65014505
vt -0.04734092 1.67711997
vt 0.07906970 1.67711949
vt -0.03153979 -0.67711949
vt 0.11734182 1.62767434
vt 0.11734196 1.66594648
vt -0.03153960 1.67711997
vt -0.01573846 -0.67711973
vt 0.11734182 1.61187315
vt 0.10616866 1.67711973
vt -0.01573825 1.67711949
vt 0.00006286 -0.67711973
vt 0.10616859 1.60069990
vt 0.09036739 1.67711949
vt 0.00006308 1.67711949
vt 0.01586419 -0.67711973
vt 0.09036732 1.60069990
vt 0.07919409 1.66594648
vt 0.01586440 1.67711949
vt 0.03166552 -0.67711973
vt 0.07919409 1.61187291
vt 0.07919409 1.65014505
vt 0.03166573 1.67711949
vt 0.04746684 -0.67711973
vt 0.07919409 1.62767434
vt 0.09036753 1.63897192
vt 0.04746705 1.67711949
vt 0.06326817 -0.67711973
vt 0.09036739 1.63884759
vt 0.10616880 1.63897192
vt 0.06326838 1.67711949
vt -0.04734113 -0.67711949
vt 0.07906950 -0.67711973
vt 0.10616866 1.63884759
vt 0.11734196 1.65014505
vt -0.04734092 1.67711997
vt 0.07906970 1.67711949
vt -0.03153979 -0.67711949
vt 0.11734182 1.62767434
vt 0.11734196 1.66594648
vt -0.03153960 1.67711997
vt -0.01573846 -0.67711973
vt 0.11734182 1.61187315
vt 0.10616866 1.67711973
vt -0.01573825 1.67711949
vt 0.00006286 -0.67711973
vt 0.10616859 1.60069990
vt 0.09036739 1.67711949
vt 0.00006308 1.67711949
vt 0.01586419 -0.67711973
vt 0.09036732 1.60069990
vt 0.07919409 1.66594648
vt 0.01586440 1.67711949
vt 0.03166552 -0.67711973
vt 0.07919409 1.61187291
vt 0.07919409 1.65014505
vt 0.03166573 1.67711949
vt 0.04746684 -0.67711973
vt 0.07919409 1.62767434
vt 0.09036753 1.63897192
vt 0.04746705 1.67711949
vt 0.06326817 -0.67711973
vt 0.09036739 1.63884759
vt 0.10616880 1.63897192
vt 0.06326838 1.67711949
vt -0.04734113 -0.67711949
vt 0.07906950 -0.67711973
vt 0.10616866 1.63884759
vt 0.11734196 1.65014505
vt -0.04734092 1.67711997
vt 0.07906970 1.67711949
vt -0.03153979 -0.67711949
vt 0.11734182 1.62767434
vt 0.11734196 1.66594648
vt -0.03153960 1.67711997
vt -0.01573846 -0.67711973
vt 0.11734182 1.61187315
vt 0.10616866 1.67711973
vt -0.01573825 1.67711949
vt 0.00006286 -0.67711973
vt 0.10616859 1.60069990
vt 0.09036739 1.67711949
vt 0.00006308 1.67711949
vt 0.01586419 -0.67711973
vt 0.09036732 1.60069990
vt 0.07919409 1.66594648
vt 0.01586440 1.67711949
vt 0.03166552 -0.67711973
vt 0.07919409 1.61187291
vt 0.07919409 1.65014505
vt 0.03166573 1.67711949
vt 0.04746684 -0.67711973
vt 0.07919409 1.62767434
vt 0.09036753 1.63897192
vt 0.04746705 1.67711949
vt 0.06326817 -0.67711973
vt 0.09036739 1.63884759
vt 0.10616880 1.63897192
vt 0.06326838 1.67711949
vt -0.04734113 -0.67711949
vt 0.07906950 -0.67711973
vt 0.10616866 1.63884759
vt 0.11734196 1.65014505
vt -0.04734092 1.67711997
vt 0.07906970 1.67711949
vt -0.03153979 -0.67711949
vt 0.11734182 1.62767434
vt 0.11734196 1.66594648
vt -0.03153960 1.67711997
vt -0.01573846 -0.67711973
vt 0.11734182 1.61187315
vt 0.10616866 1.67711973
vt -0.01573825 1.67711949
vt 0.00006286 -0.67711973
vt 0.10616859 1.60069990
vt 0.09036739 1.67711949
vt 0.00006308 1.67711949
vt 0.01586419 -0.67711973
vt 0.09036732 1.60069990
vt 0.01586440 1.67711949
vt 0.07919409 1.66594648
vt 0.03166552 -0.67711973
vt 0.07919409 1.61187291
vt 0.03166573 1.67711949
vt 0.07919409 1.65014505
vt 0.04746684 -0.67711973
vt 0.07919409 1.62767434
vt 0.04746705 1.67711949
vt 0.09036753 1.63897192
vt 0.06326817 -0.67711973
vt 0.09036739 1.63884759
vt 0.06326838 1.67711949
vt 0.10616880 1.63897192
vt -0.04734113 -0.67711949
vt 0.07906950 -0.67711973
vt 0.10616866 1.63884759
vt -0.04734092 1.67711997
vt 0.07906970 1.67711949
vt 0.11734196 1.65014505
vt 0.11734182 1.62767434
vt -0.03153979 -0.67711949
vt 0.11734196 1.66594648
vt -0.03153960 1.67711997
vt 0.11734182 1.61187315
vt -0.01573846 -0.67711973
vt 0.10616866 1.67711973
vt -0.01573825 1.67711949
vt 0.10616859 1.60069990
vt 0.00006286 -0.67711973
vt 0.09036739 1.67711949
vt 0.00006308 1.67711949
vt 0.01586419 -0.67711973
vt 0.09036732 1.60069990
vt 0.01586440 1.67711949
vt 0.07919409 1.66594648
vt 0.07919409 1.61187291
vt 0.03166552 -0.67711973
vt 0.07919409 1.65014505
vt 0.03166573 1.67711949
vt 0.07919409 1.62767434
vt 0.04746684 -0.67711973
vt 0.09036753 1.63897192
vt 0.04746705 1.67711949
vt 0.09036739 1.63884759
vt 0.06326817 -0.67711973
vt 0.10616880 1.63897192
vt 0.06326838 1.67711949
vt -0.04734113 -0.67711949
vt 0.07906950 -0.67711973
vt 0.10616866 1.63884759
vt -0.04734092 1.67711997
vt 0.07906970 1.67711949
vt 0.11734196 1.65014505
vt -0.03153979 -0.67711949
vt 0.11734182 1.62767434
vt -0.03153960 1.67711997
vt 0.11734196 1.66594648
vt -0.01573846 -0.67711973
vt 0.11734182 1.61187315
vt -0.01573825 1.67711949
vt 0.10616866 1.67711973
vt 0.00006286 -0.67711973
vt 0.10616859 1.60069990
vt 0.00006308 1.67711949
vt 0.09036739 1.67711949
vt 0.09036732 1.60069990
vt 0.01586419 -0.67711973
vt 0.07919409 1.66594648
vt 0.01586440 1.67711949
vt 0.03166552 -0.67711973
vt 0.07919409 1.61187291
vt 0.03166573 1.67711949
vt 0.07919409 1.65014505
vt 0.04746684 -0.67711973
vt 0.07919409 1.62767434
vt 0.04746705 1.67711949
vt 0.09036753 1.63897192
vt 0.06326817 -0.67711973
vt 0.09036739 1.63884759
vt 0.06326838 1.67711949
vt 0.10616880 1.63897192
vt 0.10616866 1.63884759
vt -0.04734113 -0.67711949
vt 0.07906950 -0.67711973
vt 0.11734196 1.65014505
vt -0.04734092 1.67711997
vt 0.07906970 1.67711949
vt 0.11734182 1.62767434
vt -0.03153979 -0.67711949
vt 0.11734196 1.66594648
vt -0.03153960 1.67711997
vt 0.11734182 1.61187315
vt -0.01573846 -0.67711973
vt 0.10616866 1.67711973
vt -0.01573825 1.67711949
vt 0.10616859 1.60069990
vt 0.00006286 -0.67711973
vt 0.09036739 1.67711949
vt 0.00006308 1.67711949
vt 0.01586419 -0.67711973
vt 0.09036732 1.60069990
vt 0.01586440 1.67711949
vt 0.07919409 1.66594648
vt 0.07919409 1.61187291
vt 0.03166552 -0.67711973
vt 0.07919409 1.65014505
vt 0.03166573 1.67711949
vt 0.07919409 1.62767434
vt 0.04746684 -0.67711973
vt 0.09036753 1.63897192
vt 0.04746705 1.67711949
vt 0.09036739 1.63884759
vt 0.06326817 -0.67711973
vt 0.10616880 1.63897192
vt 0.06326838 1.67711949
vt -0.04734113 -0.67711949
vt 0.07906950 -0.67711973
vt 0.10616866 1.63884759
vt -0.04734092 1.67711997
vt 0.07906970 1.67711949
vt 0.11734196 1.65014505
vt -0.03153979 -0.67711949
vt 0.11734182 1.62767434
vt -0.03153960 1.67711997
vt 0.11734196 1.66594648
vt -0.01573846 -0.67711973
vt 0.11734182 1.61187315
vt -0.01573825 1.67711949
vt 0.10616866 1.67711973
vt 0.00006286 -0.67711973
vt 0.10616859 1.60069990
vt 0.00006308 1.67711949
vt 0.09036739 1.67711949
vt 0.09036732 1.60069990
vt 0.01586419 -0.67711973
vt 0.01586440 1.67711949
vt 0.07919409 1.66594648
vt 0.03166552 -0.67711973
vt 0.07919409 1.61187291
vt 0.03166573 1.67711949
vt 0.07919409 1.65014505
vt 0.04746684 -0.67711973
vt 0.07919409 1.62767434
vt 0.04746705 1.67711949
vt 0.09036753 1.63897192
vt 0.06326817 -0.67711973
vt 0.09036739 1.63884759
vt 0.06326838 1.67711949
vt 0.10616880 1.63897192
vt 0.10616866 1.63884759
vt -0.04734113 -0.67711949
vt 0.07906950 -0.67711973
vt -0.04734092 1.67711997
vt 0.07906970 1.67711949
vt 0.11734196 1.65014505
vt 0.11734182 1.62767434
vt -0.03153979 -0.67711949
vt 0.11734196 1.66594648
vt -0.03153960 1.67711997
vt 0.11734182 1.61187315
vt -0.01573846 -0.67711973
vt 0.10616866 1.67711973
vt -0.01573825 1.67711949
vt 0.10616859 1.60069990
vt 0.00006286 -0.67711973
vt 0.09036739 1.67711949
vt 0.00006308 1.67711949
vt 0.09036732 1.60069990
vt 0.01586419 -0.67711973
vt 0.01586440 1.67711949
vt 0.07919409 1.66594648
vt 0.03166552 -0.67711973
vt 0.07919409 1.61187291
vt 0.03166573 1.67711949
vt 0.07919409 1.65014505
vt 0.04746684 -0.67711973
vt 0.07919409 1.62767434
vt 0.04746705 1.67711949
vt 0.09036753 1.63897192
vt 0.06326817 -0.67711973
vt 0.09036739 1.63884759
vt 0.06326838 1.67711949
vt 0.10616880 1.63897192
vt 0.10616866 1.63884759
vt -0.04734113 -0.67711949
vt 0.07906950 -0.67711973
vt -0.04734092 1.67711997
vt 0.07906970 1.67711949
vt 0.11734196 1.65014505
vt 0.11734182 1.62767434
vt -0.03153979 -0.67711949
vt 0.11734196 1.66594648
vt -0.03153960 1.67711997
vt 0.11734182 1.61187315
vt -0.01573846 -0.67711973
vt 0.10616866 1.67711973
vt -0.01573825 1.67711949
vt 0.10616859 1.60069990
vt 0.00006286 -0.67711973
vt 0.09036739 1.67711949
vt 0.00006308 1.67711949
vt 0.01586419 -0.67711973
vt 0.09036732 1.60069990
vt 0.07919409 1.66594648
vt 0.01586440 1.67711949
vt 0.03166552 -0.67711973
vt 0.07919409 1.61187291
vt 0.07919409 1.65014505
vt 0.03166573 1.67711949
vt 0.04746684 -0.67711973
vt 0.07919409 1.62767434
vt 0.09036753 1.63897192
vt 0.04746705 1.67711949
vt 0.06326817 -0.67711973
vt 0.09036739 1.63884759
vt 0.10616880 1.63897192
vt 0.06326838 1.67711949
vt -0.04734113 -0.67711949
vt 0.07906950 -0.67711973
vt 0.10616866 1.63884759
vt 0.11734196 1.65014505
vt -0.04734092 1.67711997
vt 0.07906970 1.67711949
vt -0.03153979 -0.67711949
vt 0.11734182 1.62767434
vt 0.11734196 1.66594648
vt -0.03153960 1.67711997
vt -0.01573846 -0.67711973
vt 0.11734182 1.61187315
vt 0.10616866 1.67711973
vt -0.01573825 1.67711949
vt 0.00006286 -0.67711973
vt 0.10616859 1.60069990
vt 0.09036739 1.67711949
vt 0.00006308 1.67711949
vt 0.01586419 -0.67711973
vt 0.09036732 1.60069990
vt 0.07919409 1.66594648
vt 0.01586440 1.67711949
vt 0.03166552 -0.67711973
vt 0.07919409 1.61187291
vt 0.07919409 1.65014505
vt 0.03166573 1.67711949
vt 0.04746684 -0.67711973
vt 0.07919409 1.62767434
vt 0.09036753 1.63897192
vt 0.04746705 1.67711949
vt 0.06326817 -0.67711973
vt 0.09036739 1.63884759
vt 0.10616880 1.63897192
vt 0.06326838 1.67711949
vt -0.04734113 -0.67711949
vt 0.07906950 -0.67711973
vt 0.10616866 1.63884759
vt 0.11734196 1.65014505
vt -0.04734092 1.67711997
vt 0.07906970 1.67711949
vt -0.03153979 -0.67711949
vt 0.11734182 1.62767434
vt 0.11734196 1.66594648
vt -0.03153960 1.67711997
vt -0.01573846 -0.67711973
vt 0.11734182 1.61187315
vt 0.10616866 1.67711973
vt -0.01573825 1.67711949
vt 0.00006286 -0.67711973
vt 0.10616859 1.60069990
vt 0.09036739 1.67711949
vt 0.00006308 1.67711949
vt 0.01586419 -0.67711973
vt 0.09036732 1.60069990
vt 0.07919409 1.66594648
vt 0.01586440 1.67711949
vt 0.03166552 -0.67711973
vt 0.07919409 1.61187291
vt 0.07919409 1.65014505
vt 0.03166573 1.67711949
vt 0.04746684 -0.67711973
vt 0.07919409 1.62767434
vt 0.09036753 1.63897192
vt 0.04746705 1.67711949
vt 0.06326817 -0.67711973
vt 0.09036739 1.63884759
vt 0.10616880 1.63897192
vt 0.06326838 1.67711949
vt -0.04734113 -0.67711949
vt 0.07906950 -0.67711973
vt 0.10616866 1.63884759
vt 0.11734196 1.65014505
vt -0.04734092 1.67711997
vt 0.07906970 1.67711949
vt -0.03153979 -0.67711949
vt 0.11734182 1.62767434
vt 0.11734196 1.66594648
vt -0.03153960 1.67711997
vt -0.01573846 -0.67711973
vt 0.11734182 1.61187315
vt 0.10616866 1.67711973
vt -0.01573825 1.67711949
vt 0.00006286 -0.67711973
vt 0.10616859 1.60069990
vt 0.09036739 1.67711949
vt 0.00006308 1.67711949
vt 0.01586419 -0.67711973
vt 0.09036732 1.60069990
vt 0.07919409 1.66594648
vt 0.01586440 1.67711949
vt 0.03166552 -0.67711973
vt 0.07919409 1.61187291
vt 0.07919409 1.65014505
vt 0.03166573 1.67711949
vt 0.04746684 -0.67711973
vt 0.07919409 1.62767434
vt 0.09036753 1.63897192
vt 0.04746705 1.67711949
vt 0.06326817 -0.67711973
vt 0.09036739 1.63884759
vt 0.10616880 1.63897192
vt 0.06326838 1.67711949
vt -0.04734113 -0.67711949
vt 0.07906950 -0.67711973
vt 0.10616866 1.63884759
vt 0.11734196 1.65014505
vt -0.04734092 1.67711997
vt 0.07906970 1.67711949
vt -0.03153979 -0.67711949
vt 0.11734182 1.62767434
vt 0.11734196 1.66594648
vt -0.03153960 1.67711997
vt -0.01573846 -0.67711973
vt 0.11734182 1.61187315
vt 0.10616866 1.67711973
vt -0.01573825 1.67711949
vt 0.00006286 -0.67711973
vt 0.10616859 1.60069990
vt 0.09036739 1.67711949
vt 0.00006308 1.67711949
vt 0.01586419 -0.67711973
vt 0.09036732 1.60069990
vt 0.07919409 1.66594648
vt 0.01586440 1.67711949
vt 0.03166552 -0.67711973
vt 0.07919409 1.61187291
vt 0.07919409 1.65014505
vt 0.03166573 1.67711949
vt 0.04746684 -0.67711973
vt 0.07919409 1.62767434
vt 0.09036753 1.63897192
vt 0.04746705 1.67711949
vt 0.06326817 -0.67711973
vt 0.09036739 1.63884759
vt 0.10616880 1.63897192
vt 0.06326838 1.67711949
vt -0.04734113 -0.67711949
vt 0.07906950 -0.67711973
vt 0.10616866 1.63884759
vt 0.11734196 1.65014505
vt -0.04734092 1.67711997
vt 0.07906970 1.67711949
vt -0.03153979 -0.67711949
vt 0.11734182 1.62767434
vt 0.11734196 1.66594648
vt -0.03153960 1.67711997
vt -0.01573846 -0.67711973
vt 0.11734182 1.61187315
vt 0.10616866 1.67711973
vt -0.01573825 1.67711949
vt 0.00006286 -0.67711973
vt 0.10616859 1.60069990
vt 0.09036739 1.67711949
vt 0.00006308 1.67711949
vt 0.01586419 -0.67711973
vt 0.09036732 1.60069990
vt 0.07919409 1.66594648
vt 0.01586440 1.67711949
vt 0.03166552 -0.67711973
vt 0.07919409 1.61187291
vt 0.07919409 1.65014505
vt 0.03166573 1.67711949
vt 0.04746684 -0.67711973
vt 0.07919409 1.62767434
vt 0.09036753 1.63897192
vt 0.04746705 1.67711949
vt 0.06326817 -0.67711973
vt 0.09036739 1.63884759
vt 0.10616880 1.63897192
vt 0.06326838 1.67711949
vt -0.04734113 -0.67711949
vt 0.07906950 -0.67711973
vt 0.10616866 1.63884759
vt 0.11734196 1.65014505
vt -0.04734092 1.67711997
vt 0.07906970 1.67711949
vt -0.03153979 -0.67711949
vt 0.11734182 1.62767434
vt 0.11734196 1.66594648
vt -0.03153960 1.67711997
vt -0.01573846 -0.67711973
vt 0.11734182 1.61187315
vt 0.10616866 1.67711973
vt -0.01573825 1.67711949
vt 0.00006286 -0.67711973
vt 0.10616859 1.60069990
vt 0.09036739 1.67711949
vt 0.00006308 1.67711949
vt 0.01586419 -0.67711973
vt 0.09036732 1.60069990
vt 0.01586440 1.67711949
vt 0.07919409 1.66594648
vt 0.03166552 -0.67711973
vt 0.07919409 1.61187291
vt 0.03166573 1.67711949
vt 0.07919409 1.65014505
vt 0.04746684 -0.67711973
vt 0.07919409 1.62767434
vt 0.04746705 1.67711949
vt 0.09036753 1.63897192
vt 0.06326817 -0.67711973
vt 0.09036739 1.63884759
vt 0.06326838 1.67711949
vt 0.10616880 1.63897192
vt -0.04734113 -0.67711949
vt 0.07906950 -0.67711973
vt 0.10616866 1.63884759
vt -0.04734092 1.67711997
vt 0.07906970 1.67711949
vt 0.11734196 1.65014505
vt 0.11734182 1.62767434
vt -0.03153979 -0.67711949
vt 0.11734196 1.66594648
vt -0.03153960 1.67711997
vt 0.11734182 1.61187315
vt -0.01573846 -0.67711973
vt 0.10616866 1.67711973
vt -0.01573825 1.67711949
vt 0.10616859 1.60069990
vt 0.00006286 -0.67711973
vt 0.09036739 1.67711949
vt 0.00006308 1.67711949
vt 0.01586419 -0.67711973
vt 0.09036732 1.60069990
vt 0.01586440 1.67711949
vt 0.07919409 1.66594648
vt 0.07919409 1.61187291
vt 0.03166552 -0.67711973
vt 0.07919409 1.65014505
vt 0.03166573 1.67711949
vt 0.07919409 1.62767434
vt 0.04746684 -0.67711973
vt 0.09036753 1.63897192
vt 0.04746705 1.67711949
vt 0.09036739 1.63884759
vt 0.06326817 -0.67711973
vt 0.10616880 1.63897192
vt 0.06326838 1.67711949
vt -0.04734113 -0.67711949
vt 0.07906950 -0.67711973
vt 0.10616866 1.63884759
vt -0.04734092 1.67711997
vt 0.07906970 1.67711949
vt 0.11734196 1.65014505
vt -0.03153979 -0.67711949
vt 0.11734182 1.62767434
vt -0.03153960 1.67711997
vt 0.11734196 1.66594648
vt -0.01573846 -0.67711973
vt 0.11734182 1.61187315
vt -0.01573825 1.67711949
vt 0.10616866 1.67711973
vt 0.00006286 -0.67711973
vt 0.10616859 1.60069990
vt 0.00006308 1.67711949
vt 0.09036739 1.67711949
vt 0.09036732 1.60069990
vt 0.01586419 -0.67711973
vt 0.07919409 1.66594648
vt 0.01586440 1.67711949
vt 0.03166552 -0.67711973
vt 0.07919409 1.61187291
vt 0.03166573 1.67711949
vt 0.07919409 1.65014505
vt 0.04746684 -0.67711973
vt 0.07919409 1.62767434
vt 0.04746705 1.67711949
vt 0.09036753 1.63897192
vt 0.06326817 -0.67711973
vt 0.09036739 1.63884759
vt 0.06326838 1.67711949
vt 0.10616880 1.63897192
vt 0.10616866 1.63884759
vt -0.04734113 -0.67711949
vt 0.07906950 -0.67711973
vt 0.11734196 1.65014505
vt -0.04734092 1.67711997
vt 0.07906970 1.67711949
vt 0.11734182 1.62767434
vt -0.03153979 -0.67711949
vt 0.11734196 1.66594648
vt -0.03153960 1.67711997
vt 0.11734182 1.61187315
vt -0.01573846 -0.67711973
vt 0.10616866 1.67711973
vt -0.01573825 1.67711949
vt 0.10616859 1.60069990
vt 0.00006286 -0.67711973
vt 0.09036739 1.67711949
vt 0.00006308 1.67711949
vt 0.01586419 -0.67711973
vt 0.09036732 1.60069990
vt 0.01586440 1.67711949
vt 0.07919409 1.66594648
vt 0.07919409 1.61187291
vt 0.03166552 -0.67711973
vt 0.07919409 1.65014505
vt 0.03166573 1.67711949
vt 0.07919409 1.62767434
vt 0.04746684 -0.67711973
vt 0.09036753 1.63897192
vt 0.04746705 1.67711949
vt 0.09036739 1.63884759
vt 0.06326817 -0.67711973
vt 0.10616880 1.63897192
vt 0.06326838 1.67711949
vt -0.04734113 -0.67711949
vt 0.07906950 -0.67711973
vt 0.10616866 1.63884759
vt -0.04734092 1.67711997
vt 0.07906970 1.67711949
vt 0.11734196 1.65014505
vt -0.03153979 -0.67711949
vt 0.11734182 1.62767434
vt -0.03153960 1.67711997
vt 0.11734196 1.66594648
vt -0.01573846 -0.67711973
vt 0.11734182 1.61187315
vt -0.01573825 1.67711949
vt 0.10616866 1.67711973
vt 0.00006286 -0.67711973
vt 0.10616859 1.60069990
vt 0.00006308 1.67711949
vt 0.09036739 1.67711949
vt 0.09036732 1.60069990
vt 0.01586419 -0.67711973
vt 0.01586440 1.67711949
vt 0.07919409 1.66594648
vt 0.03166552 -0.67711973
vt 0.07919409 1.61187291
vt 0.03166573 1.67711949
vt 0.07919409 1.65014505
vt 0.04746684 -0.67711973
vt 0.07919409 1.62767434
vt 0.04746705 1.67711949
vt 0.09036753 1.63897192
vt 0.06326817 -0.67711973
vt 0.09036739 1.63884759
vt 0.06326838 1.67711949
vt 0.10616880 1.63897192
vt 0.10616866 1.63884759
vt -0.04734113 -0.67711949
vt 0.07906950 -0.67711973
vt -0.04734092 1.67711997
vt 0.07906970 1.67711949
vt 0.11734196 1.65014505
vt 0.11734182 1.62767434
vt -0.03153979 -0.67711949
vt 0.11734196 1.66594648
vt -0.03153960 1.67711997
vt 0.11734182 1.61187315
vt -0.01573846 -0.67711973
vt 0.10616866 1.67711973
vt -0.01573825 1.67711949
vt 0.10616859 1.60069990
vt 0.00006286 -0.67711973
vt 0.09036739 1.67711949
vt 0.00006308 1.67711949
vt 0.09036732 1.60069990
vt 0.01586419 -0.67711973
vt 0.01586440 1.67711949
vt 0.07919409 1.66594648
vt 0.03166552 -0.67711973
vt 0.07919409 1.61187291
vt 0.03166573 1.67711949
vt 0.07919409 1.65014505
vt 0.04746684 -0.67711973
vt 0.07919409 1.62767434
vt 0.04746705 1.67711949
vt 0.09036753 1.63897192
vt 0.06326817 -0.67711973
vt 0.09036739 1.63884759
vt 0.06326838 1.67711949
vt 0.10616880 1.63897192
vt 0.10616866 1.63884759
vt -0.04734113 -0.67711949
vt 0.07906950 -0.67711973
vt -0.04734092 1.67711997
vt 0.07906970 1.67711949
vt 0.11734196 1.65014505
vt 0.11734182 1.62767434
vt -0.03153979 -0.67711949
vt 0.11734196 1.66594648
vt -0.03153960 1.67711997
vt 0.11734182 1.61187315
vt -0.01573846 -0.67711973
vt 0.10616866 1.67711973
vt -0.01573825 1.67711949
vt 0.10616859 1.60069990
vt 0.00006286 -0.67711973
vt 0.09036739 1.67711949
vt 0.00006308 1.67711949
vt 0.01586419 -0.67711973
vt 0.09036732 1.60069990
vt 0.07919409 1.66594648
vt 0.01586440 1.67711949
vt 0.03166552 -0.67711973
vt 0.07919409 1.61187291
vt 0.07919409 1.65014505
vt 0.03166573 1.67711949
vt 0.04746684 -0.67711973
vt 0.07919409 1.62767434
vt 0.09036753 1.63897192
vt 0.04746705 1.67711949
vt 0.06326817 -0.67711973
vt 0.09036739 1.63884759
vt 0.10616880 1.63897192
vt 0.06326838 1.67711949
vt -0.04734113 -0.67711949
vt 0.07906950 -0.67711973
vt 0.10616866 1.63884759
vt 0.11734196 1.65014505
vt -0.04734092 1.67711997
vt 0.07906970 1.67711949
vt -0.03153979 -0.67711949
vt 0.11734182 1.62767434
vt 0.11734196 1.66594648
vt -0.03153960 1.67711997
vt -0.01573846 -0.67711973
vt 0.11734182 1.61187315
vt 0.10616866 1.67711973
vt -0.01573825 1.67711949
vt 0.00006286 -0.67711973
vt 0.10616859 1.60069990
vt 0.09036739 1.67711949
vt 0.00006308 1.67711949
vt 0.01586419 -0.67711973
vt 0.09036732 1.60069990
vt 0.07919409 1.66594648
vt 0.01586440 1.67711949
vt 0.03166552 -0.67711973
vt 0.07919409 1.61187291
vt 0.07919409 1.65014505
vt 0.03166573 1.67711949
vt 0.04746684 -0.67711973
vt 0.07919409 1.62767434
vt 0.09036753 1.63897192
vt 0.04746705 1.67711949
vt 0.06326817 -0.67711973
vt 0.09036739 1.63884759
vt 0.10616880 1.63897192
vt 0.06326838 1.67711949
vt -0.04734113 -0.67711949
vt 0.07906950 -0.67711973
vt 0.10616866 1.63884759
vt 0.11734196 1.65014505
vt -0.04734092 1.67711997
vt 0.07906970 1.67711949
vt -0.03153979 -0.67711949
vt 0.11734182 1.62767434
vt 0.11734196 1.66594648
vt -0.03153960 1.67711997
vt -0.01573846 -0.67711973
vt 0.11734182 1.61187315
vt 0.10616866 1.67711973
vt -0.01573825 1.67711949
vt 0.00006286 -0.67711973
vt 0.10616859 1.60069990
vt 0.09036739 1.67711949
vt 0.00006308 1.67711949
vt 0.01586419 -0.67711973
vt 0.09036732 1.60069990
vt 0.07919409 1.66594648
vt 0.01586440 1.67711949
vt 0.03166552 -0.67711973
vt 0.07919409 1.61187291
vt 0.07919409 1.65014505
vt 0.03166573 1.67711949
vt 0.04746684 -0.67711973
vt 0.07919409 1.62767434
vt 0.09036753 1.63897192
vt 0.04746705 1.67711949
vt 0.06326817 -0.67711973
vt 0.09036739 1.63884759
vt 0.10616880 1.63897192
vt 0.06326838 1.67711949
vt -0.04734113 -0.67711949
vt 0.07906950 -0.67711973
vt 0.10616866 1.63884759
vt 0.11734196 1.65014505
vt -0.04734092 1.67711997
vt 0.07906970 1.67711949
vt -0.03153979 -0.67711949
vt 0.11734182 1.62767434
vt 0.11734196 1.66594648
vt -0.03153960 1.67711997
vt -0.01573846 -0.67711973
vt 0.11734182 1.61187315
vt 0.10616866 1.67711973
vt -0.01573825 1.67711949
vt 0.00006286 -0.67711973
vt 0.10616859 1.60069990
vt 0.09036739 1.67711949
vt 0.00006308 1.67711949
vt 0.01586419 -0.67711973
vt 0.09036732 1.60069990
vt 0.07919409 1.66594648
vt 0.01586440 1.67711949
vt 0.03166552 -0.67711973
vt 0.07919409 1.61187291
vt 0.07919409 1.65014505
vt 0.03166573 1.67711949
vt 0.04746684 -0.67711973
vt 0.07919409 1.62767434
vt 0.09036753 1.63897192
vt 0.04746705 1.67711949
vt 0.06326817 -0.67711973
vt 0.09036739 1.63884759
vt 0.10616880 1.63897192
vt 0.06326838 1.67711949
vt -0.04734113 -0.67711949
vt 0.07906950 -0.67711973
vt 0.10616866 1.63884759
vt 0.11734196 1.65014505
vt -0.04734092 1.67711997
vt 0.07906970 1.67711949
vt -0.03153979 -0.67711949
vt 0.11734182 1.62767434
vt 0.11734196 1.66594648
vt -0.03153960 1.67711997
vt -0.01573846 -0.67711973
vt 0.11734182 1.61187315
vt 0.10616866 1.67711973
vt -0.01573825 1.67711949
vt 0.00006286 -0.67711973
vt 0.10616859 1.60069990
vt 0.09036739 1.67711949
vt 0.00006308 1.67711949
vt 0.01586419 -0.67711973
vt 0.09036732 1.60069990
vt 0.07919409 1.66594648
vt 0.01586440 1.67711949
vt 0.03166552 -0.67711973
vt 0.07919409 1.61187291
vt 0.07919409 1.65014505
vt 0.03166573 1.67711949
vt 0.04746684 -0.67711973
vt 0.07919409 1.62767434
vt 0.09036753 1.63897192
vt 0.04746705 1.67711949
vt 0.06326817 -0.67711973
vt 0.09036739 1.63884759
vt 0.10616880 1.63897192
vt 0.06326838 1.67711949
vt -0.04734113 -0.67711949
vt 0.07906950 -0.67711973
vt 0.10616866 1.63884759
vt 0.11734196 1.65014505
vt -0.04734092 1.67711997
vt 0.07906970 1.67711949
vt -0.03153979 -0.67711949
vt 0.11734182 1.62767434
vt 0.11734196 1.66594648
vt -0.03153960 1.67711997
vt -0.01573846 -0.67711973
vt 0.11734182 1.61187315
vt 0.10616866 1.67711973
vt -0.01573825 1.67711949
vt 0.00006286 -0.67711973
vt 0.10616859 1.60069990
vt 0.09036739 1.67711949
vt 0.00006308 1.67711949
vt 0.01586419 -0.67711973
vt 0.09036732 1.60069990
vt 0.07919409 1.66594648
vt 0.01586440 1.67711949
vt 0.03166552 -0.67711973
vt 0.07919409 1.61187291
vt 0.07919409 1.65014505
vt 0.03166573 1.67711949
vt 0.04746684 -0.67711973
vt 0.07919409 1.62767434
vt 0.09036753 1.63897192
vt 0.04746705 1.67711949
vt 0.06326817 -0.67711973
vt 0.09036739 1.63884759
vt 0.10616880 1.63897192
vt 0.06326838 1.67711949
vt -0.04734113 -0.67711949
vt 0.07906950 -0.67711973
vt 0.10616866 1.63884759
vt 0.11734196 1.65014505
vt -0.04734092 1.67711997
vt 0.07906970 1.67711949
vt -0.03153979 -0.67711949
vt 0.11734182 1.62767434
vt 0.11734196 1.66594648
vt -0.03153960 1.67711997
vt -0.01573846 -0.67711973
vt 0.11734182 1.61187315
vt 0.10616866 1.67711973
vt -0.01573825 1.67711949
vt 0.00006286 -0.67711973
vt 0.10616859 1.60069990
vt 0.09036739 1.67711949
vt 0.00006308 1.67711949
vt 0.01586419 -0.67711973
vt 0.09036732 1.60069990
vt 0.01586440 1.67711949
vt 0.07919409 1.66594648
vt 0.03166552 -0.67711973
vt 0.07919409 1.61187291
vt 0.03166573 1.67711949
vt 0.07919409 1.65014505
vt 0.04746684 -0.67711973
vt 0.07919409 1.62767434
vt 0.04746705 1.67711949
vt 0.09036753 1.63897192
vt 0.06326817 -0.67711973
vt 0.09036739 1.63884759
vt 0.06326838 1.67711949
vt 0.10616880 1.63897192
vt -0.04734113 -0.67711949
vt 0.07906950 -0.67711973
vt 0.10616866 1.63884759
vt -0.04734092 1.67711997
vt 0.07906970 1.67711949
vt 0.11734196 1.65014505
vt 0.11734182 1.62767434
vt -0.03153979 -0.67711949
vt 0.11734196 1.66594648
vt -0.03153960 1.67711997
vt 0.11734182 1.61187315
vt -0.01573846 -0.67711973
vt 0.10616866 1.67711973
vt -0.01573825 1.67711949
vt 0.10616859 1.60069990
vt 0.00006286 -0.67711973
vt 0.09036739 1.67711949
vt 0.00006308 1.67711949
vt 0.01586419 -0.67711973
vt 0.09036732 1.60069990
vt 0.01586440 1.67711949
vt 0.07919409 1.66594648
vt 0.07919409 1.61187291
vt 0.03166552 -0.67711973
vt 0.07919409 1.65014505
vt 0.03166573 1.67711949
vt 0.07919409 1.62767434
vt 0.04746684 -0.67711973
vt 0.09036753 1.63897192
vt 0.04746705 1.67711949
vt 0.09036739 1.63884759
vt 0.06326817 -0.67711973
vt 0.10616880 1.63897192
vt 0.06326838 1.67711949
vt -0.04734113 -0.67711949
vt 0.07906950 -0.67711973
vt 0.10616866 1.63884759
vt -0.04734092 1.67711997
vt 0.07906970 1.67711949
vt 0.11734196 1.65014505
vt -0.03153979 -0.67711949
vt 0.11734182 1.62767434
vt -0.03153960 1.67711997
vt 0.11734196 1.66594648
vt -0.01573846 -0.67711973
vt 0.11734182 1.61187315
vt -0.01573825 1.67711949
vt 0.10616866 1.67711973
vt 0.00006286 -0.67711973
vt 0.10616859 1.60069990
vt 0.00006308 1.67711949
vt 0.09036739 1.67711949
vt 0.09036732 1.60069990
vt 0.01586419 -0.67711973
vt 0.07919409 1.66594648
vt 0.01586440 1.67711949
vt 0.03166552 -0.67711973
vt 0.07919409 1.61187291
vt 0.03166573 1.67711949
vt 0.07919409 1.65014505
vt 0.04746684 -0.67711973
vt 0.07919409 1.62767434
vt 0.04746705 1.67711949
vt 0.09036753 1.63897192
vt 0.06326817 -0.67711973
vt 0.09036739 1.63884759
vt 0.06326838 1.67711949
vt 0.10616880 1.63897192
vt 0.10616866 1.63884759
vt -0.04734113 -0.67711949
vt 0.07906950 -0.67711973
vt 0.11734196 1.65014505
vt -0.04734092 1.67711997
vt 0.07906970 1.67711949
vt 0.11734182 1.62767434
vt -0.03153979 -0.67711949
vt 0.11734196 1.66594648
vt -0.03153960 1.67711997
vt 0.11734182 1.61187315
vt -0.01573846 -0.67711973
vt 0.10616866 1.67711973
vt -0.01573825 1.67711949
vt 0.10616859 1.60069990
vt 0.00006286 -0.67711973
vt 0.09036739 1.67711949
vt 0.00006308 1.67711949
vt 0.01586419 -0.67711973
vt 0.09036732 1.60069990
vt 0.01586440 1.67711949
vt 0.07919409 1.66594648
vt 0.07919409 1.61187291
vt 0.03166552 -0.67711973
vt 0.07919409 1.65014505
vt 0.03166573 1.67711949
vt 0.07919409 1.62767434
vt 0.04746684 -0.67711973
vt 0.09036753 1.63897192
vt 0.04746705 1.67711949
vt 0.09036739 1.63884759
vt 0.06326817 -0.67711973
vt 0.10616880 1.63897192
vt 0.06326838 1.67711949
vt -0.04734113 -0.67711949
vt 0.07906950 -0.67711973
vt 0.10616866 1.63884759
vt -0.04734092 1.67711997
vt 0.07906970 1.67711949
vt 0.11734196 1.65014505
vt -0.03153979 -0.67711949
vt 0.11734182 1.62767434
vt -0.03153960 1.67711997
vt 0.11734196 1.66594648
vt -0.01573846 -0.67711973
vt 0.11734182 1.61187315
vt -0.01573825 1.67711949
vt 0.10616866 1.67711973
vt 0.00006286 -0.67711973
vt 0.10616859 1.60069990
vt 0.00006308 1.67711949
vt 0.09036739 1.67711949
vt 0.09036732 1.60069990
vt 0.01586419 -0.67711973
vt 0.01586440 1.67711949
vt 0.07919409 1.66594648
vt 0.03166552 -0.67711973
vt 0.07919409 1.61187291
vt 0.03166573 1.67711949
vt 0.07919409 1.65014505
vt 0.04746684 -0.67711973
vt 0.07919409 1.62767434
vt 0.04746705 1.67711949
vt 0.09036753 1.63897192
vt 0.06326817 -0.67711973
vt 0.09036739 1.63884759
vt 0.06326838 1.67711949
vt 0.10616880 1.63897192
vt 0.10616866 1.63884759
vt -0.04734113 -0.67711949
vt 0.07906950 -0.67711973
vt -0.04734092 1.67711997
vt 0.07906970 1.67711949
vt 0.11734196 1.65014505
vt 0.11734182 1.62767434
vt -0.03153979 -0.67711949
vt 0.11734196 1.66594648
vt -0.03153960 1.67711997
vt 0.11734182 1.61187315
vt -0.01573846 -0.67711973
vt 0.10616866 1.67711973
vt -0.01573825 1.67711949
vt 0.10616859 1.60069990
vt 0.00006286 -0.67711973
vt 0.09036739 1.67711949
vt 0.00006308 1.67711949
vt 0.09036732 1.60069990
vt 0.01586419 -0.67711973
vt 0.01586440 1.67711949
vt 0.07919409 1.66594648
vt 0.03166552 -0.67711973
vt 0.07919409 1.61187291
vt 0.03166573 1.67711949
vt 0.07919409 1.65014505
vt 0.04746684 -0.67711973
vt 0.07919409 1.62767434
vt 0.04746705 1.67711949
vt 0.09036753 1.63897192
vt 0.06326817 -0.67711973
vt 0.09036739 1.63884759
vt 0.06326838 1.67711949
vt 0.10616880 1.63897192
vt 0.10616866 1.63884759
vt -0.04734113 -0.67711949
vt 0.07906950 -0.67711973
vt -0.04734092 1.67711997
vt 0.07906970 1.67711949
vt 0.11734196 1.65014505
vt 0.11734182 1.62767434
vt -0.03153979 -0.67711949
vt 0.11734196 1.66594648
vt -0.03153960 1.67711997
vt 0.11734182 1.61187315
vt -0.01573846 -0.67711973
vt 0.10616866 1.67711973
vt -0.01573825 1.67711949
vt 0.10616859 1.60069990
vt 0.00006286 -0.67711973
vt 0.09036739 1.67711949
vt 0.00006308 1.67711949
vt 0.01586419 -0.67711973
vt 0.09036732 1.60069990
vt 0.07919409 1.66594648
vt 0.01586440 1.67711949
vt 0.03166552 -0.67711973
vt 0.07919409 1.61187291
vt 0.07919409 1.65014505
vt 0.03166573 1.67711949
vt 0.04746684 -0.67711973
vt 0.07919409 1.62767434
vt 0.09036753 1.63897192
vt 0.04746705 1.67711949
vt 0.06326817 -0.67711973
vt 0.09036739 1.63884759
vt 0.10616880 1.63897192
vt 0.06326838 1.67711949
vt -0.04734113 -0.67711949
vt 0.07906950 -0.67711973
vt 0.10616866 1.63884759
vt 0.11734196 1.65014505
vt -0.04734092 1.67711997
vt 0.07906970 1.67711949
vt -0.03153979 -0.67711949
vt 0.11734182 1.62767434
vt 0.11734196 1.66594648
vt -0.03153960 1.67711997
vt -0.01573846 -0.67711973
vt 0.11734182 1.61187315
vt 0.10616866 1.67711973
vt -0.01573825 1.67711949
vt 0.00006286 -0.67711973
vt 0.10616859 1.60069990
vt 0.09036739 1.67711949
vt 0.00006308 1.67711949
vt 0.01586419 -0.67711973
vt 0.09036732 1.60069990
vt 0.07919409 1.66594648
vt 0.01586440 1.67711949
vt 0.03166552 -0.67711973
vt 0.07919409 1.61187291
vt 0.07919409 1.65014505
vt 0.03166573 1.67711949
vt 0.04746684 -0.67711973
vt 0.07919409 1.62767434
vt 0.09036753 1.63897192
vt 0.04746705 1.67711949
vt 0.06326817 -0.67711973
vt 0.09036739 1.63884759
vt 0.10616880 1.63897192
vt 0.06326838 1.67711949
vt -0.04734113 -0.67711949
vt 0.07906950 -0.67711973
vt 0.10616866 1.63884759
vt 0.11734196 1.65014505
vt -0.04734092 1.67711997
vt 0.07906970 1.67711949
vt -0.03153979 -0.67711949
vt 0.11734182 1.62767434
vt 0.11734196 1.66594648
vt -0.03153960 1.67711997
vt -0.01573846 -0.67711973
vt 0.11734182 1.61187315
vt 0.10616866 1.67711973
vt -0.01573825 1.67711949
vt 0.00006286 -0.67711973
vt 0.10616859 1.60069990
vt 0.09036739 1.67711949
vt 0.00006308 1.67711949
vt 0.01586419 -0.67711973
vt 0.09036732 1.60069990
vt 0.07919409 1.66594648
vt 0.01586440 1.67711949
vt 0.03166552 -0.67711973
vt 0.07919409 1.61187291
vt 0.07919409 1.65014505
vt 0.03166573 1.67711949
vt 0.04746684 -0.67711973
vt 0.07919409 1.62767434
vt 0.09036753 1.63897192
vt 0.04746705 1.67711949
vt 0.06326817 -0.67711973
vt 0.09036739 1.63884759
vt 0.10616880 1.63897192
vt 0.06326838 1.67711949
vt -0.04734113 -0.67711949
vt 0.07906950 -0.67711973
vt 0.10616866 1.63884759
vt 0.11734196 1.65014505
vt -0.04734092 1.67711997
vt 0.07906970 1.67711949
vt -0.03153979 -0.67711949
vt 0.11734182 1.62767434
vt 0.11734196 1.66594648
vt -0.03153960 1.67711997
vt -0.01573846 -0.67711973
vt 0.11734182 1.61187315
vt 0.10616866 1.67711973
vt -0.01573825 1.67711949
vt 0.00006286 -0.67711973
vt 0.10616859 1.60069990
vt 0.09036739 1.67711949
vt 0.00006308 1.67711949
vt 0.01586419 -0.67711973
vt 0.09036732 1.60069990
vt 0.07919409 1.66594648
vt 0.01586440 1.67711949
vt 0.03166552 -0.67711973
vt 0.07919409 1.61187291
vt 0.07919409 1.65014505
vt 0.03166573 1.67711949
vt 0.04746684 -0.67711973
vt 0.07919409 1.62767434
vt 0.09036753 1.63897192
vt 0.04746705 1.67711949
vt 0.06326817 -0.67711973
vt 0.09036739 1.63884759
vt 0.10616880 1.63897192
vt 0.06326838 1.67711949
vt -0.04734113 -0.67711949
vt 0.07906950 -0.67711973
vt 0.10616866 1.63884759
vt 0.11734196 1.65014505
vt -0.04734092 1.67711997
vt 0.07906970 1.67711949
vt -0.03153979 -0.67711949
vt 0.11734182 1.62767434
vt 0.11734196 1.66594648
vt -0.03153960 1.67711997
vt -0.01573846 -0.67711973
vt 0.11734182 1.61187315
vt 0.10616866 1.67711973
vt -0.01573825 1.67711949
vt 0.00006286 -0.67711973
vt 0.10616859 1.60069990
vt 0.09036739 1.67711949
vt 0.00006308 1.67711949
vt 0.01586419 -0.67711973
vt 0.09036732 1.60069990
vt 0.07919409 1.66594648
vt 0.01586440 1.67711949
vt 0.03166552 -0.67711973
vt 0.07919409 1.61187291
vt 0.07919409 1.65014505
vt 0.03166573 1.67711949
vt 0.04746684 -0.67711973
vt 0.07919409 1.62767434
vt 0.09036753 1.63897192
vt 0.04746705 1.67711949
vt 0.06326817 -0.67711973
vt 0.09036739 1.63884759
vt 0.10616880 1.63897192
vt 0.06326838 1.67711949
vt -0.04734113 -0.67711949
vt 0.07906950 -0.67711973
vt 0.10616866 1.63884759
vt 0.11734196 1.65014505
vt -0.04734092 1.67711997
vt 0.07906970 1.67711949
vt -0.03153979 -0.67711949
vt 0.11734182 1.62767434
vt 0.11734196 1.66594648
vt -0.03153960 1.67711997
vt -0.01573846 -0.67711973
vt 0.11734182 1.61187315
vt 0.10616866 1.67711973
vt -0.01573825 1.67711949
vt 0.00006286 -0.67711973
vt 0.10616859 1.60069990
vt 0.09036739 1.67711949
vt 0.00006308 1.67711949
vt 0.01586419 -0.67711973
vt 0.09036732 1.60069990
vt 0.07919409 1.66594648
vt 0.01586440 1.67711949
vt 0.03166552 -0.67711973
vt 0.07919409 1.61187291
vt 0.07919409 1.65014505
vt 0.03166573 1.67711949
vt 0.04746684 -0.67711973
vt 0.07919409 1.62767434
vt 0.09036753 1.63897192
vt 0.04746705 1.67711949
vt 0.06326817 -0.67711973
vt 0.09036739 1.63884759
vt 0.10616880 1.63897192
vt 0.06326838 1.67711949
vt -0.04734113 -0.67711949
vt 0.07906950 -0.67711973
vt 0.10616866 1.63884759
vt 0.11734196 1.65014505
vt -0.04734092 1.67711997
vt 0.07906970 1.67711949
vt -0.03153979 -0.67711949
vt 0.11734182 1.62767434
vt 0.11734196 1.66594648
vt -0.03153960 1.67711997
vt -0.01573846 -0.67711973
vt 0.11734182 1.61187315
vt 0.10616866 1.67711973
vt -0.01573825 1.67711949
vt 0.00006286 -0.67711973
vt 0.10616859 1.60069990
vt 0.09036739 1.67711949
vt 0.00006308 1.67711949
vt 0.01586419 -0.67711973
vt 0.09036732 1.60069990
vt 0.01586440 1.67711949
vt 0.07919409 1.66594648
vt 0.03166552 -0.67711973
vt 0.07919409 1.61187291
vt 0.03166573 1.67711949
vt 0.07919409 1.65014505
vt 0.04746684 -0.67711973
vt 0.07919409 1.62767434
vt 0.04746705 1.67711949
vt 0.09036753 1.63897192
vt 0.06326817 -0.67711973
vt 0.09036739 1.63884759
vt 0.06326838 1.67711949
vt 0.10616880 1.63897192
vt -0.04734113 -0.67711949
vt 0.07906950 -0.67711973
vt 0.10616866 1.63884759
vt -0.04734092 1.67711997
vt 0.07906970 1.67711949
vt 0.11734196 1.65014505
vt 0.11734182 1.62767434
vt -0.03153979 -0.67711949
vt 0.11734196 1.66594648
vt -0.03153960 1.67711997
vt 0.11734182 1.61187315
vt -0.01573846 -0.67711973
vt 0.10616866 1.67711973
vt -0.01573825 1.67711949
vt 0.10616859 1.60069990
vt 0.00006286 -0.67711973
vt 0.09036739 1.67711949
vt 0.00006308 1.67711949
vt 0.01586419 -0.67711973
vt 0.09036732 1.60069990
vt 0.01586440 1.67711949
vt 0.07919409 1.66594648
vt 0.07919409 1.61187291
vt 0.03166552 -0.67711973
vt 0.07919409 1.65014505
vt 0.03166573 1.67711949
vt 0.07919409 1.62767434
vt 0.04746684 -0.67711973
vt 0.09036753 1.63897192
vt 0.04746705 1.67711949
vt 0.09036739 1.63884759
vt 0.06326817 -0.67711973
vt 0.10616880 1.63897192
vt 0.06326838 1.67711949
vt -0.04734113 -0.67711949
vt 0.07906950 -0.67711973
vt 0.10616866 1.63884759
vt -0.04734092 1.67711997
vt 0.07906970 1.67711949
vt 0.11734196 1.65014505
vt -0.03153979 -0.67711949
vt 0.11734182 1.62767434
vt -0.03153960 1.67711997
vt 0.11734196 1.66594648
vt -0.01573846 -0.67711973
vt 0.11734182 1.61187315
vt -0.01573825 1.67711949
vt 0.10616866 1.67711973
vt 0.00006286 -0.67711973
vt 0.10616859 1.60069990
vt 0.00006308 1.67711949
vt 0.09036739 1.67711949
vt 0.09036732 1.60069990
vt 0.01586419 -0.67711973
vt 0.07919409 1.66594648
vt 0.01586440 1.67711949
vt 0.03166552 -0.67711973
vt 0.07919409 1.61187291
vt 0.03166573 1.67711949
vt 0.07919409 1.65014505
vt 0.04746684 -0.67711973
vt 0.07919409 1.62767434
vt 0.04746705 1.67711949
vt 0.09036753 1.63897192
vt 0.06326817 -0.67711973
vt 0.09036739 1.63884759
vt 0.06326838 1.67711949
vt 0.10616880 1.63897192
vt 0.10616866 1.63884759
vt -0.04734113 -0.67711949
vt 0.07906950 -0.67711973
vt 0.11734196 1.65014505
vt -0.04734092 1.67711997
vt 0.07906970 1.67711949
vt 0.11734182 1.62767434
vt -0.03153979 -0.67711949
vt 0.11734196 1.66594648
vt -0.03153960 1.67711997
vt 0.11734182 1.61187315
vt -0.01573846 -0.67711973
vt 0.10616866 1.67711973
vt -0.01573825 1.67711949
vt 0.10616859 1.60069990
vt 0.00006286 -0.67711973
vt 0.09036739 1.67711949
vt 0.00006308 1.67711949
vt 0.01586419 -0.67711973
vt 0.09036732 1.60069990
vt 0.01586440 1.67711949
vt 0.07919409 1.66594648
vt 0.07919409 1.61187291
vt 0.03166552 -0.67711973
vt 0.07919409 1.65014505
vt 0.03166573 1.67711949
vt 0.07919409 1.62767434
vt 0.04746684 -0.67711973
vt 0.09036753 1.63897192
vt 0.04746705 1.67711949
vt 0.09036739 1.63884759
vt 0.06326817 -0.67711973
vt 0.10616880 1.63897192
vt 0.06326838 1.67711949
vt -0.04734113 -0.67711949
vt 0.07906950 -0.67711973
vt 0.10616866 1.63884759
vt -0.04734092 1.67711997
vt 0.07906970 1.67711949
vt 0.11734196 1.65014505
vt -0.03153979 -0.67711949
vt 0.11734182 1.62767434
vt -0.03153960 1.67711997
vt 0.11734196 1.66594648
vt -0.01573846 -0.67711973
vt 0.11734182 1.61187315
vt -0.01573825 1.67711949
vt 0.10616866 1.67711973
vt 0.00006286 -0.67711973
vt 0.10616859 1.60069990
vt 0.00006308 1.67711949
vt 0.09036739 1.67711949
vt 0.09036732 1.60069990
vt 0.01586419 -0.67711973
vt 0.01586440 1.67711949
vt 0.07919409 1.66594648
vt 0.03166552 -0.67711973
vt 0.07919409 1.61187291
vt 0.03166573 1.67711949
vt 0.07919409 1.65014505
vt 0.04746684 -0.67711973
vt 0.07919409 1.62767434
vt 0.04746705 1.67711949
vt 0.09036753 1.63897192
vt 0.06326817 -0.67711973
vt 0.09036739 1.63884759
vt 0.06326838 1.67711949
vt 0.10616880 1.63897192
vt 0.10616866 1.63884759
vt -0.04734113 -0.67711949
vt 0.07906950 -0.67711973
vt -0.04734092 1.67711997
vt 0.07906970 1.67711949
vt 0.11734196 1.65014505
vt 0.11734182 1.62767434
vt -0.03153979 -0.67711949
vt 0.11734196 1.66594648
vt -0.03153960 1.67711997
vt 0.11734182 1.61187315
vt -0.01573846 -0.67711973
vt 0.10616866 1.67711973
vt -0.01573825 1.67711949
vt 0.10616859 1.60069990
vt 0.00006286 -0.67711973
vt 0.09036739 1.67711949
vt 0.00006308 1.67711949
vt 0.09036732 1.60069990
vt 0.01586419 -0.67711973
vt 0.01586440 1.67711949
vt 0.07919409 1.66594648
vt 0.03166552 -0.67711973
vt 0.07919409 1.61187291
vt 0.03166573 1.67711949
vt 0.07919409 1.65014505
vt 0.04746684 -0.67711973
vt 0.07919409 1.62767434
vt 0.04746705 1.67711949
vt 0.09036753 1.63897192
vt 0.06326817 -0.67711973
vt 0.09036739 1.63884759
vt 0.06326838 1.67711949
vt 0.10616880 1.63897192
vt 0.10616866 1.63884759
vt -0.04734113 -0.67711949
vt 0.07906950 -0.67711973
vt -0.04734092 1.67711997
vt 0.07906970 1.67711949
vt 0.11734196 1.65014505
vt 0.11734182 1.62767434
vt -0.03153979 -0.67711949
vt 0.11734196 1.66594648
vt -0.03153960 1.67711997
vt 0.11734182 1.61187315
vt -0.01573846 -0.67711973
vt 0.10616866 1.67711973
vt -0.01573825 1.67711949
vt 0.10616859 1.60069990
vt 0.00006286 -0.67711973
vt 0.09036739 1.67711949
vt 0.00006308 1.67711949
vt 0.01586419 -0.67711973
vt 0.09036732 1.60069990
vt 0.07919409 1.66594648
vt 0.01586440 1.67711949
vt 0.03166552 -0.67711973
vt 0.07919409 1.61187291
vt 0.07919409 1.65014505
vt 0.03166573 1.67711949
vt 0.04746684 -0.67711973
vt 0.07919409 1.62767434
vt 0.09036753 1.63897192
vt 0.04746705 1.67711949
vt 0.06326817 -0.67711973
vt 0.09036739 1.63884759
vt 0.10616880 1.63897192
vt 0.06326838 1.67711949
vt -0.04734113 -0.67711949
vt 0.07906950 -0.67711973
vt 0.10616866 1.63884759
vt 0.11734196 1.65014505
vt -0.04734092 1.67711997
vt 0.07906970 1.67711949
vt -0.03153979 -0.67711949
vt 0.11734182 1.62767434
vt 0.11734196 1.66594648
vt -0.03153960 1.67711997
vt -0.01573846 -0.67711973
vt 0.11734182 1.61187315
vt 0.10616866 1.67711973
vt -0.01573825 1.67711949
vt 0.00006286 -0.67711973
vt 0.10616859 1.60069990
vt 0.09036739 1.67711949
vt 0.00006308 1.67711949
vt 0.01586419 -0.67711973
vt 0.09036732 1.60069990
vt 0.07919409 1.66594648
vt 0.01586440 1.67711949
vt 0.03166552 -0.67711973
vt 0.07919409 1.61187291
vt 0.07919409 1.65014505
vt 0.03166573 1.67711949
vt 0.04746684 -0.67711973
vt 0.07919409 1.62767434
vt 0.09036753 1.63897192
vt 0.04746705 1.67711949
vt 0.06326817 -0.67711973
vt 0.09036739 1.63884759
vt 0.10616880 1.63897192
vt 0.06326838 1.67711949
vt -0.04734113 -0.67711949
vt 0.07906950 -0.67711973
vt 0.10616866 1.63884759
vt 0.11734196 1.65014505
vt -0.04734092 1.67711997
vt 0.07906970 1.67711949
vt -0.03153979 -0.67711949
vt 0.11734182 1.62767434
vt 0.11734196 1.66594648
vt -0.03153960 1.67711997
vt -0.01573846 -0.67711973
vt 0.11734182 1.61187315
vt 0.10616866 1.67711973
vt -0.01573825 1.67711949
vt 0.00006286 -0.67711973
vt 0.10616859 1.60069990
vt 0.09036739 1.67711949
vt 0.00006308 1.67711949
vt 0.01586419 -0.67711973
vt 0.09036732 1.60069990
vt 0.07919409 1.66594648
vt 0.01586440 1.67711949
vt 0.03166552 -0.67711973
vt 0.07919409 1.61187291
vt 0.07919409 1.65014505
vt 0.03166573 1.67711949
vt 0.04746684 -0.67711973
vt 0.07919409 1.62767434
vt 0.09036753 1.63897192
vt 0.04746705 1.67711949
vt 0.06326817 -0.67711973
vt 0.09036739 1.63884759
vt 0.10616880 1.63897192
vt 0.06326838 1.67711949
vt -0.04734113 -0.67711949
vt 0.07906950 -0.67711973
vt 0.10616866 1.63884759
vt 0.11734196 1.65014505
vt -0.04734092 1.67711997
vt 0.07906970 1.67711949
vt -0.03153979 -0.67711949
vt 0.11734182 1.62767434
vt 0.11734196 1.66594648
vt -0.03153960 1.67711997
vt -0.01573846 -0.67711973
vt 0.11734182 1.61187315
vt 0.10616866 1.67711973
vt -0.01573825 1.67711949
vt 0.00006286 -0.67711973
vt 0.10616859 1.60069990
vt 0.09036739 1.67711949
vt 0.00006308 1.67711949
vt 0.01586419 -0.67711973
vt 0.09036732 1.60069990
vt 0.07919409 1.66594648
vt 0.01586440 1.67711949
vt 0.03166552 -0.67711973
vt 0.07919409 1.61187291
vt 0.07919409 1.65014505
vt 0.03166573 1.67711949
vt 0.04746684 -0.67711973
vt 0.07919409 1.62767434
vt 0.09036753 1.63897192
vt 0.04746705 1.67711949
vt 0.06326817 -0.67711973
vt 0.09036739 1.63884759
vt 0.10616880 1.63897192
vt 0.06326838 1.67711949
vt -0.04734113 -0.67711949
vt 0.07906950 -0.67711973
vt 0.10616866 1.63884759
vt 0.11734196 1.65014505
vt -0.04734092 1.67711997
vt 0.07906970 1.67711949
vt -0.03153979 -0.67711949
vt 0.11734182 1.62767434
vt 0.11734196 1.66594648
vt -0.03153960 1.67711997
vt -0.01573846 -0.67711973
vt 0.11734182 1.61187315
vt 0.10616866 1.67711973
vt -0.01573825 1.67711949
vt 0.00006286 -0.67711973
vt 0.10616859 1.60069990
vt 0.09036739 1.67711949
vt 0.00006308 1.67711949
vt 0.01586419 -0.67711973
vt 0.09036732 1.60069990
vt 0.07919409 1.66594648
vt 0.01586440 1.67711949
vt 0.03166552 -0.67711973
vt 0.07919409 1.61187291
vt 0.07919409 1.65014505
vt 0.03166573 1.67711949
vt 0.04746684 -0.67711973
vt 0.07919409 1.62767434
vt 0.09036753 1.63897192
vt 0.04746705 1.67711949
vt 0.06326817 -0.67711973
vt 0.09036739 1.63884759
vt 0.10616880 1.63897192
vt 0.06326838 1.67711949
vt -0.04734113 -0.67711949
vt 0.07906950 -0.67711973
vt 0.10616866 1.63884759
vt 0.11734196 1.65014505
vt -0.04734092 1.67711997
vt 0.07906970 1.67711949
vt -0.03153979 -0.67711949
vt 0.11734182 1.62767434
vt 0.11734196 1.66594648
vt -0.03153960 1.67711997
vt -0.01573846 -0.67711973
vt 0.11734182 1.61187315
vt 0.10616866 1.67711973
vt -0.01573825 1.67711949
vt 0.00006286 -0.67711973
vt 0.10616859 1.60069990
vt 0.09036739 1.67711949
vt 0.00006308 1.67711949
vt 0.01586419 -0.67711973
vt 0.09036732 1.60069990
vt 0.07919409 1.66594648
vt 0.01586440 1.67711949
vt 0.03166552 -0.67711973
vt 0.07919409 1.61187291
vt 0.07919409 1.65014505
vt 0.03166573 1.67711949
vt 0.04746684 -0.67711973
vt 0.07919409 1.62767434
vt 0.09036753 1.63897192
vt 0.04746705 1.67711949
vt 0.06326817 -0.67711973
vt 0.09036739 1.63884759
vt 0.10616880 1.63897192
vt 0.06326838 1.67711949
vt -0.04734113 -0.67711949
vt 0.07906950 -0.67711973
vt 0.10616866 1.63884759
vt 0.11734196 1.65014505
vt -0.04734092 1.67711997
vt 0.07906970 1.67711949
vt -0.03153979 -0.67711949
vt 0.11734182 1.62767434
vt 0.11734196 1.66594648
vt -0.03153960 1.67711997
vt -0.01573846 -0.67711973
vt 0.11734182 1.61187315
vt 0.10616866 1.67711973
vt -0.01573825 1.67711949
vt 0.00006286 -0.67711973
vt 0.10616859 1.60069990
vt 0.09036739 1.67711949
vt 0.00006308 1.67711949
f 1/1 4/4 8/8
f 1/1 8/8 5/5
f 5/5 8/8 12/12
f 5/5 12/12 9/9
f 9/9 12/12 16/16
f 9/9 16/16 13/13
f 13/13 16/16 22/22
f 13/13 22/22 18/18
f 17/17 21/21 26/26
f 17/17 26/26 23/23
f 23/23 26/26 30/30
f 23/23 30/30 27/27
f 27/27 30/30 34/34
f 27/27 34/34 31/31
f 31/31 34/34 4/4
f 31/31 4/4 1/1
f 7/7 15/15 11/11
f 15/15 7/7 3/3
f 15/15 3/3 20/20
f 20/20 3/3 33/33
f 20/20 33/33 25/25
f 25/25 33/33 29/29
f 14/14 6/6 10/10
f 6/6 14/14 19/19
f 6/6 19/19 2/2
f 2/2 19/19 24/24
f 2/2 24/24 32/32
f 32/32 24/24 28/28
f 35/35 37/37 41/41
f 35/35 41/41 39/39
f 39/39 41/41 45/45
f 39/39 45/45 43/43
f 43/43 45/45 49/49
f 43/43 49/49 47/47
f 47/47 49/49 55/55
f 47/47 55/55 52/52
f 51/51 54/54 60/60
f 51/51 60/60 58/58
f 58/58 60/60 64/64
f 58/58 64/64 62/62
f 62/62 64/64 68/68
f 62/62 68/68 66/66
f 66/66 68/68 37/37
f 66/66 37/37 35/35
f 69/69 74/74 76/76
f 69/69 76/76 71/71
f 74/74 78/78 80/80
f 74/74 80/80 76/76
f 78/78 82/82 84/84
f 78/78 84/84 80/80
f 82/82 86/86 89/89
f 82/82 89/89 84/84
f 85/85 91/91 93/93
f 85/85 93/93 88/88
f 91/91 95/95 97/97
f 91/91 97/97 93/93
f 95/95 99/99 101/101
f 95/95 101/101 97/97
f 99/99 69/69 71/71
f 99/99 71/71 101/101
f 104/104 107/107 109/109
f 104/104 109/109 106/106
f 107/107 111/111 113/113
f 107/107 113/113 109/109
f 111/111 115/115 117/117
f 111/111 117/117 113/113
f 115/115 121/121 124/124
f 115/115 124/124 117/117
f 120/120 126/126 128/128
f 120/120 128/128 123/123
f 126/126 130/130 132/132
f 126/126 132/132 128/128
f 130/130 134/134 136/136
f 130/130 136/136 132/132
f 134/134 104/104 106/106
f 134/134 106/106 136/136
f 137/137 139/139 144/144
f 137/137 144/144 142/142
f 142/142 144/144 148/148
f 142/142 148/148 146/146
f 146/146 148/148 152/152
f 146/146 152/152 150/150
f 150/150 152/152 157/157
f 150/150 157/157 154/154
f 153/153 156/156 161/161
f 153/153 161/161 159/159
f 159/159 161/161 165/165
f 159/159 165/165 163/163
f 163/163 165/165 169/169
f 163/163 169/169 167/167
f 167/167 169/169 139/139
f 167/167 139/139 137/137
f 172/172 173/173 177/177
f 172/172 177/177 175/175
f 175/175 177/177 181/181
f 175/175 181/181 179/179
f 179/179 181/181 185/185
f 179/179 185/185 183/183
f 183/183 185/185 191/191
f 183/183 191/191 189/189
f 188/188 190/190 196/196
f 188/188 196/196 194/194
f 194/194 196/196 200/200
f 194/194 200/200 198/198
f 198/198 200/200 204/204
f 198/198 204/204 202/202
f 202/202 204/204 173/173
f 202/202 173/173 172/172
f 206/206 207/207 211/211
f 206/206 211/211 209/209
f 209/209 211/211 215/215
f 209/209 215/215 213/213
f 213/213 215/215 219/219
f 213/213 219/219 217/217
f 217/217 219/219 225/225
f 217/217 225/225 223/223
f 222/222 224/224 230/230
f 222/222 230/230 228/228
f 228/228 230/230 234/234
f 228/228 234/234 232/232
f 232/232 234/234 238/238
f 232/232 238/238 236/236
f 236/236 238/238 207/207
f 236/236 207/207 206/206
f 239/239 242/242 246/246
f 239/239 246/246 243/243
f 243/243 246/246 250/250
f 243/243 250/250 247/247
f 247/247 250/250 254/254
f 247/247 254/254 251/251
f 251/251 254/254 260/260
f 251/251 260/260 256/256
f 255/255 259/259 264/264
f 255/255 264/264 261/261
f 261/261 264/264 268/268
f 261/261 268/268 265/265
f 265/265 268/268 272/272
f 265/265 272/272 269/269
f 269/269 272/272 242/242
f 269/269 242/242 239/239
f 273/273 276/276 280/280
f 273/273 280/280 277/277
f 277/277 280/280 284/284
f 277/277 284/284 281/281
f 281/281 284/284 288/288
f 281/281 288/288 285/285
f 285/285 288/288 294/294
f 285/285 294/294 290/290
f 289/289 293/293 298/298
f 289/289 298/298 295/295
f 295/295 298/298 302/302
f 295/295 302/302 299/299
f 299/299 302/302 306/306
f 299/299 306/306 303/303
f 303/303 306/306 276/276
f 303/303 276/276 273/273
f 307/307 310/310 314/314
f 307/307 314/314 311/311
f 311/311 314/314 318/318
f 311/311 318/318 315/315
f 315/315 318/318 322/322
f 315/315 322/322 319/319
f 319/319 322/322 328/328
f 319/319 328/328 324/324
f 323/323 327/327 332/332
f 323/323 332/332 329/329
f 329/329 332/332 336/336
f 329/329 336/336 333/333
f 333/333 336/336 340/340
f 333/333 340/340 337/337
f 337/337 340/340 310/310
f 337/337 310/310 307/307
f 341/341 344/344 348/348
f 341/341 348/348 345/345
f 345/345 348/348 352/352
f 345/345 352/352 349/349
f 349/349 352/352 356/356
f 349/349 356/356 353/353
f 353/353 356/356 362/362
f 353/353 362/362 358/358
f 357/357 361/361 366/366
f 357/357 366/366 363/363
f 363/363 366/366 370/370
f 363/363 370/370 367/367
f 367/367 370/370 374/374
f 367/367 374/374 371/371
f 371/371 374/374 344/344
f 371/371 344/344 341/341
f 375/375 378/378 382/382
f 375/375 382/382 379/379
f 379/379 382/382 386/386
f 379/379 386/386 383/383
f 383/383 386/386 390/390
f 383/383 390/390 387/387
f 387/387 390/390 396/396
f 387/387 396/396 392/392
f 391/391 395/395 400/400
f 391/391 400/400 397/397
f 397/397 400/400 404/404
f 397/397 404/404 401/401
f 401/401 404/404 408/408
f 401/401 408/408 405/405
f 405/405 408/408 378/378
f 405/405 378/378 375/375
f 409/409 412/412 416/416
f 409/409 416/416 413/413
f 413/413 416/416 420/420
f 413/413 420/420 417/417
f 417/417 420/420 424/424
f 417/417 424/424 421/421
f 421/421 424/424 430/430
f 421/421 430/430 426/426
f 425/425 429/429 434/434
f 425/425 434/434 431/431
f 431/431 434/434 438/438
f 431/431 438/438 435/435
f 435/435 438/438 442/442
f 435/435 442/442 439/439
f 439/439 442/442 412/412
f 439/439 412/412 409/409
f 50/50 59/59 56/56
f 59/59 50/50 46/46
f 59/59 46/46 63/63
f 63/63 46/46 42/42
f 63/63 42/42 67/67
f 67/67 42/42 38/38
f 57/57 48/48 53/53
f 48/48 57/57 61/61
f 48/48 61/61 44/44
f 44/44 61/61 65/65
f 44/44 65/65 40/40
f 40/40 65/65 36/36
f 94/94 83/83 90/90
f 83/83 94/94 98/98
f 83/83 98/98 79/79
f 79/79 98/98 102/102
f 79/79 102/102 75/75
f 75/75 102/102 72/72
f 81/81 92/92 87/87
f 92/92 81/81 77/77
f 92/92 77/77 96/96
f 96/96 77/77 73/73
f 96/96 73/73 100/100
f 100/100 73/73 70/70
f 110/110 135/135 105/105
f 135/135 110/110 114/114
f 135/135 114/114 131/131
f 131/131 114/114 118/118
f 131/131 118/118 127/127
f 127/127 118/118 122/122
f 133/133 108/108 103/103
f 108/108 133/133 129/129
f 108/108 129/129 112/112
f 112/112 129/129 125/125
f 112/112 125/125 116/116
f 116/116 125/125 119/119
f 170/170 143/143 140/140
f 143/143 170/170 166/166
f 143/143 166/166 147/147
f 147/147 166/166 162/162
f 147/147 162/162 151/151
f 151/151 162/162 158/158
f 141/141 168/168 138/138
f 168/168 141/141 145/145
f 168/168 145/145 164/164
f 164/164 145/145 149/149
f 164/164 149/149 160/160
f 160/160 149/149 155/155
f 186/186 195/195 192/192
f 195/195 186/186 182/182
f 195/195 182/182 199/199
f 199/199 182/182 178/178
f 199/199 178/178 203/203
f 203/203 178/178 174/174
f 193/193 184/184 187/187
f 184/184 193/193 197/197
f 184/184 197/197 180/180
f 180/180 197/197 201/201
f 180/180 201/201 176/176
f 176/176 201/201 171/171
f 220/220 229/229 226/226
f 229/229 220/220 216/216
f 229/229 216/216 233/233
f 233/233 216/216 212/212
f 233/233 212/212 237/237
f 237/237 212/212 208/208
f 227/227 218/218 221/221
f 218/218 227/227 231/231
f 218/218 231/231 214/214
f 214/214 231/231 235/235
f 214/214 235/235 210/210
f 210/210 235/235 205/205
f 245/245 253/253 249/249
f 253/253 245/245 241/241
f 253/253 241/241 258/258
f 258/258 241/241 271/271
f 258/258 271/271 263/263
f 263/263 271/271 267/267
f 252/252 244/244 248/248
f 244/244 252/252 257/257
f 244/244 257/257 240/240
f 240/240 257/257 262/262
f 240/240 262/262 270/270
f 270/270 262/262 266/266
f 279/279 287/287 283/283
f 287/287 279/279 275/275
f 287/287 275/275 292/292
f 292/292 275/275 305/305
f 292/292 305/305 297/297
f 297/297 305/305 301/301
f 286/286 278/278 282/282
f 278/278 286/286 291/291
f 278/278 291/291 274/274
f 274/274 291/291 296/296
f 274/274 296/296 304/304
f 304/304 296/296 300/300
f 313/313 321/321 317/317
f 321/321 313/313 309/309
f 321/321 309/309 326/326
f 326/326 309/309 339/339
f 326/326 339/339 331/331
f 331/331 339/339 335/335
f 320/320 312/312 316/316
f 312/312 320/320 325/325
f 312/312 325/325 308/308
f 308/308 325/325 330/330
f 308/308 330/330 338/338
f 338/338 330/330 334/334
f 347/347 355/355 351/351
f 355/355 347/347 343/343
f 355/355 343/343 360/360
f 360/360 343/343 373/373
f 360/360 373/373 365/365
f 365/365 373/373 369/369
f 354/354 346/346 350/350
f 346/346 354/354 359/359
f 346/346 359/359 342/342
f 342/342 359/359 364/364
f 342/342 364/364 372/372
f 372/372 364/364 368/368
f 381/381 389/389 385/385
f 389/389 381/381 377/377
f 389/389 377/377 394/394
f 394/394 377/377 407/407
f 394/394 407/407 399/399
f 399/399 407/407 403/403
f 388/388 380/380 384/384
f 380/380 388/388 393/393
f 380/380 393/393 376/376
f 376/376 393/393 398/398
f 376/376 398/398 406/406
f 406/406 398/398 402/402
f 415/415 423/423 419/419
f 423/423 415/415 411/411
f 423/423 411/411 428/428
f 428/428 411/411 441/441
f 428/428 441/441 433/433
f 433/433 441/441 437/437
f 422/422 414/414 418/418
f 414/414 422/422 427/427
f 414/414 427/427 410/410
f 410/410 427/427 432/432
f 410/410 432/432 440/440
f 440/440 432/432 436/436
f 443/443 445/445 449/449
f 443/443 449/449 447/447
f 447/447 449/449 453/453
f 447/447 453/453 451/451
f 451/451 453/453 457/457
f 451/451 457/457 455/455
f 455/455 457/457 463/463
f 455/455 463/463 460/460
f 459/459 462/462 468/468
f 459/459 468/468 466/466
f 466/466 468/468 472/472
f 466/466 472/472 470/470
f 470/470 472/472 476/476
f 470/470 476/476 474/474
f 474/474 476/476 445/445
f 474/474 445/445 443/443
f 477/477 482/482 484/484
f 477/477 484/484 479/479
f 482/482 486/486 488/488
f 482/482 488/488 484/484
f 486/486 490/490 492/492
f 486/486 492/492 488/488
f 490/490 494/494 497/497
f 490/490 497/497 492/492
f 493/493 499/499 501/501
f 493/493 501/501 496/496
f 499/499 503/503 505/505
f 499/499 505/505 501/501
f 503/503 507/507 509/509
f 503/503 509/509 505/505
f 507/507 477/477 479/479
f 507/507 479/479 509/509
f 512/512 515/515 517/517
f 512/512 517/517 514/514
f 515/515 519/519 521/521
f 515/515 521/521 517/517
f 519/519 523/523 525/525
f 519/519 525/525 521/521
f 523/523 529/529 532/532
f 523/523 532/532 525/525
f 528/528 534/534 536/536
f 528/528 536/536 531/531
f 534/534 538/538 540/540
f 534/534 540/540 536/536
f 538/538 542/542 544/544
f 538/538 544/544 540/540
f 542/542 512/512 514/514
f 542/542 514/514 544/544
f 545/545 547/547 552/552
f 545/545 552/552 550/550
f 550/550 552/552 556/556
f 550/550 556/556 554/554
f 554/554 556/556 560/560
f 554/554 560/560 558/558
f 558/558 560/560 565/565
f 558/558 565/565 562/562
f 561/561 564/564 569/569
f 561/561 569/569 567/567
f 567/567 569/569 573/573
f 567/567 573/573 571/571
f 571/571 573/573 577/577
f 571/571 577/577 575/575
f 575/575 577/577 547/547
f 575/575 547/547 545/545
f 580/580 581/581 585/585
f 580/580 585/585 583/583
f 583/583 585/585 589/589
f 583/583 589/589 587/587
f 587/587 589/589 593/593
f 587/587 593/593 591/591
f 591/591 593/593 599/599
f 591/591 599/599 597/597
f 596/596 598/598 604/604
f 596/596 604/604 602/602
f 602/602 604/604 608/608
f 602/602 608/608 606/606
f 606/606 608/608 612/612
f 606/606 612/612 610/610
f 610/610 612/612 581/581
f 610/610 581/581 580/580
f 614/614 615/615 619/619
f 614/614 619/619 617/617
f 617/617 619/619 623/623
f 617/617 623/623 621/621
f 621/621 623/623 627/627
f 621/621 627/627 625/625
f 625/625 627/627 633/633
f 625/625 633/633 631/631
f 630/630 632/632 638/638
f 630/630 638/638 636/636
f 636/636 638/638 642/642
f 636/636 642/642 640/640
f 640/640 642/642 646/646
f 640/640 646/646 644/644
f 644/644 646/646 615/615
f 644/644 615/615 614/614
f 647/647 650/650 654/654
f 647/647 654/654 651/651
f 651/651 654/654 658/658
f 651/651 658/658 655/655
f 655/655 658/658 662/662
f 655/655 662/662 659/659
f 659/659 662/662 668/668
f 659/659 668/668 664/664
f 663/663 667/667 672/672
f 663/663 672/672 669/669
f 669/669 672/672 676/676
f 669/669 676/676 673/673
f 673/673 676/676 680/680
f 673/673 680/680 677/677
f 677/677 680/680 650/650
f 677/677 650/650 647/647
f 681/681 684/684 688/688
f 681/681 688/688 685/685
f 685/685 688/688 692/692
f 685/685 692/692 689/689
f 689/689 692/692 696/696
f 689/689 696/696 693/693
f 693/693 696/696 702/702
f 693/693 702/702 698/698
f 697/697 701/701 706/706
f 697/697 706/706 703/703
f 703/703 706/706 710/710
f 703/703 710/710 707/707
f 707/707 710/710 714/714
f 707/707 714/714 711/711
f 711/711 714/714 684/684
f 711/711 684/684 681/681
f 715/715 718/718 722/722
f 715/715 722/722 719/719
f 719/719 722/722 726/726
f 719/719 726/726 723/723
f 723/723 726/726 730/730
f 723/723 730/730 727/727
f 727/727 730/730 736/736
f 727/727 736/736 732/732
f 731/731 735/735 740/740
f 731/731 740/740 737/737
f 737/737 740/740 744/744
f 737/737 744/744 741/741
f 741/741 744/744 748/748
f 741/741 748/748 745/745
f 745/745 748/748 718/718
f 745/745 718/718 715/715
f 749/749 752/752 756/756
f 749/749 756/756 753/753
f 753/753 756/756 760/760
f 753/753 760/760 757/757
f 757/757 760/760 764/764
f 757/757 764/764 761/761
f 761/761 764/764 770/770
f 761/761 770/770 766/766
f 765/765 769/769 774/774
f 765/765 774/774 771/771
f 771/771 774/774 778/778
f 771/771 778/778 775/775
f 775/775 778/778 782/782
f 775/775 782/782 779/779
f 779/779 782/782 752/752
f 779/779 752/752 749/749
f 783/783 786/786 790/790
f 783/783 790/790 787/787
f 787/787 790/790 794/794
f 787/787 794/794 791/791
f 791/791 794/794 798/798
f 791/791 798/798 795/795
f 795/795 798/798 804/804
f 795/795 804/804 800/800
f 799/799 803/803 808/808
f 799/799 808/808 805/805
f 805/805 808/808 812/812
f 805/805 812/812 809/809
f 809/809 812/812 816/816
f 809/809 816/816 813/813
f 813/813 816/816 786/786
f 813/813 786/786 783/783
f 817/817 820/820 824/824
f 817/817 824/824 821/821
f 821/821 824/824 828/828
f 821/821 828/828 825/825
f 825/825 828/828 832/832
f 825/825 832/832 829/829
f 829/829 832/832 838/838
f 829/829 838/838 834/834
f 833/833 837/837 842/842
f 833/833 842/842 839/839
f 839/839 842/842 846/846
f 839/839 846/846 843/843
f 843/843 846/846 850/850
f 843/843 850/850 847/847
f 847/847 850/850 820/820
f 847/847 820/820 817/817
f 458/458 467/467 464/464
f 467/467 458/458 454/454
f 467/467 454/454 471/471
f 471/471 454/454 450/450
f 471/471 450/450 475/475
f 475/475 450/450 446/446
f 465/465 456/456 461/461
f 456/456 465/465 469/469
f 456/456 469/469 452/452
f 452/452 469/469 473/473
f 452/452 473/473 448/448
f 448/448 473/473 444/444
f 502/502 491/491 498/498
f 491/491 502/502 506/506
f 491/491 506/506 487/487
f 487/487 506/506 510/510
f 487/487 510/510 483/483
f 483/483 510/510 480/480
f 489/489 500/500 495/495
f 500/500 489/489 485/485
f 500/500 485/485 504/504
f 504/504 485/485 481/481
f 504/504 481/481 508/508
f 508/508 481/481 478/478
f 518/518 543/543 513/513
f 543/543 518/518 522/522
f 543/543 522/522 539/539
f 539/539 522/522 526/526
f 539/539 526/526 535/535
f 535/535 526/526 530/530
f 541/541 516/516 511/511
f 516/516 541/541 537/537
f 516/516 537/537 520/520
f 520/520 537/537 533/533
f 520/520 533/533 524/524
f 524/524 533/533 527/527
f 578/578 551/551 548/548
f 551/551 578/578 574/574
f 551/551 574/574 555/555
f 555/555 574/574 570/570
f 555/555 570/570 559/559
f 559/559 570/570 566/566
f 549/549 576/576 546/546
f 576/576 549/549 553/553
f 576/576 553/553 572/572
f 572/572 553/553 557/557
f 572/572 557/557 568/568
f 568/568 557/557 563/563
f 594/594 603/603 600/600
f 603/603 594/594 590/590
f 603/603 590/590 607/607
f 607/607 590/590 586/586
f 607/607 586/586 611/611
f 611/611 586/586 582/582
f 601/601 592/592 595/595
f 592/592 601/601 605/605
f 592/592 605/605 588/588
f 588/588 605/605 609/609
f 588/588 609/609 584/584
f 584/584 609/609 579/579
f 628/628 637/637 634/634
f 637/637 628/628 624/624
f 637/637 624/624 641/641
f 641/641 624/624 620/620
f 641/641 620/620 645/645
f 645/645 620/620 616/616
f 635/635 626/626 629/629
f 626/626 635/635 639/639
f 626/626 639/639 622/622
f 622/622 639/639 643/643
f 622/622 643/643 618/618
f 618/618 643/643 613/613
f 653/653 661/661 657/657
f 661/661 653/653 649/649
f 661/661 649/649 666/666
f 666/666 649/649 679/679
f 666/666 679/679 671/671
f 671/671 679/679 675/675
f 660/660 652/652 656/656
f 652/652 660/660 665/665
f 652/652 665/665 648/648
f 648/648 665/665 670/670
f 648/648 670/670 678/678
f 678/678 670/670 674/674
f 687/687 695/695 691/691
f 695/695 687/687 683/683
f 695/695 683/683 700/700
f 700/700 683/683 713/713
f 700/700 713/713 705/705
f 705/705 713/713 709/709
f 694/694 686/686 690/690
f 686/686 694/694 699/699
f 686/686 699/699 682/682
f 682/682 699/699 704/704
f 682/682 704/704 712/712
f 712/712 704/704 708/708
f 721/721 729/729 725/725
f 729/729 721/721 717/717
f 729/729 717/717 734/734
f 734/734 717/717 747/747
f 734/734 747/747 739/739
f 739/739 747/747 743/743
f 728/728 720/720 724/724
f 720/720 728/728 733/733
f 720/720 733/733 716/716
f 716/716 733/733 738/738
f 716/716 738/738 746/746
f 746/746 738/738 742/742
f 755/755 763/763 759/759
f 763/763 755/755 751/751
f 763/763 751/751 768/768
f 768/768 751/751 781/781
f 768/768 781/781 773/773
f 773/773 781/781 777/777
f 762/762 754/754 758/758
f 754/754 762/762 767/767
f 754/754 767/767 750/750
f 750/750 767/767 772/772
f 750/750 772/772 780/780
f 780/780 772/772 776/776
f 789/789 797/797 793/793
f 797/797 789/789 785/785
f 797/797 785/785 802/802
f 802/802 785/785 815/815
f 802/802 815/815 807/807
f 807/807 815/815 811/811
f 796/796 788/788 792/792
f 788/788 796/796 801/801
f 788/788 801/801 784/784
f 784/784 801/801 806/806
f 784/784 806/806 814/814
f 814/814 806/806 810/810
f 823/823 831/831 827/827
f 831/831 823/823 819/819
f 831/831 819/819 836/836
f 836/836 819/819 849/849
f 836/836 849/849 841/841
f 841/841 849/849 845/845
f 830/830 822/822 826/826
f 822/822 830/830 835/835
f 822/822 835/835 818/818
f 818/818 835/835 840/840
f 818/818 840/840 848/848
f 848/848 840/840 844/844
f 851/851 853/853 857/857
f 851/851 857/857 855/855
f 855/855 857/857 861/861
f 855/855 861/861 859/859
f 859/859 861/861 865/865
f 859/859 865/865 863/863
f 863/863 865/865 871/871
f 863/863 871/871 868/868
f 867/867 870/870 876/876
f 867/867 876/876 874/874
f 874/874 876/876 880/880
f 874/874 880/880 878/878
f 878/878 880/880 884/884
f 878/878 884/884 882/882
f 882/882 884/884 853/853
f 882/882 853/853 851/851
f 885/885 890/890 892/892
f 885/885 892/892 887/887
f 890/890 894/894 896/896
f 890/890 896/896 892/892
f 894/894 898/898 900/900
f 894/894 900/900 896/896
f 898/898 902/902 905/905
f 898/898 905/905 900/900
f 901/901 907/907 909/909
f 901/901 909/909 904/904
f 907/907 911/911 913/913
f 907/907 913/913 909/909
f 911/911 915/915 917/917
f 911/911 917/917 913/913
f 915/915 885/885 887/887
f 915/915 887/887 917/917
f 920/920 923/923 925/925
f 920/920 925/925 922/922
f 923/923 927/927 929/929
f 923/923 929/929 925/925
f 927/927 931/931 933/933
f 927/927 933/933 929/929
f 931/931 937/937 940/940
f 931/931 940/940 933/933
f 936/936 942/942 944/944
f 936/936 944/944 939/939
f 942/942 946/946 948/948
f 942/942 948/948 944/944
f 946/946 950/950 952/952
f 946/946 952/952 948/948
f 950/950 920/920 922/922
f 950/950 922/922 952/952
f 953/953 955/955 960/960
f 953/953 960/960 958/958
f 958/958 960/960 964/964
f 958/958 964/964 962/962
f 962/962 964/964 968/968
f 962/962 968/968 966/966
f 966/966 968/968 973/973
f 966/966 973/973 970/970
f 969/969 972/972 977/977
f 969/969 977/977 975/975
f 975/975 977/977 981/981
f 975/975 981/981 979/979
f 979/979 981/981 985/985
f 979/979 985/985 983/983
f 983/983 985/985 955/955
f 983/983 955/955 953/953
f 988/988 989/989 993/993
f 988/988 993/993 991/991
f 991/991 993/993 997/997
f 991/991 997/997 995/995
f 995/995 997/997 1001/1001
f 995/995 1001/1001 999/999
f 999/999 1001/1001 1007/1007
f 999/999 1007/1007 1005/1005
f 1004/1004 1006/1006 1012/1012
f 1004/1004 1012/1012 1010/1010
f 1010/1010 1012/1012 1016/1016
f 1010/1010 1016/1016 1014/1014
f 1014/1014 1016/1016 1020/1020
f 1014/1014 1020/1020 1018/1018
f 1018/1018 1020/1020 989/989
f 1018/1018 989/989 988/988
f 1022/1022 1023/1023 1027/1027
f 1022/1022 1027/1027 1025/1025
f 1025/1025 1027/1027 1031/1031
f 1025/1025 1031/1031 1029/1029
f 1029/1029 1031/1031 1035/1035
f 1029/1029 1035/1035 1033/1033
f 1033/1033 1035/1035 1041/1041
f 1033/1033 1041/1041 1039/1039
f 1038/1038 1040/1040 1046/1046
f 1038/1038 1046/1046 1044/1044
f 1044/1044 1046/1046 1050/1050
f 1044/1044 1050/1050 1048/1048
f 1048/1048 1050/1050 1054/1054
f 1048/1048 1054/1054 1052/1052
f 1052/1052 1054/1054 1023/1023
f 1052/1052 1023/1023 1022/1022
f 1055/1055 1058/1058 1062/1062
f 1055/1055 1062/1062 1059/1059
f 1059/1059 1062/1062 1066/1066
f 1059/1059 1066/1066 1063/1063
f 1063/1063 1066/1066 1070/1070
f 1063/1063 1070/1070 1067/1067
f 1067/1067 1070/1070 1076/1076
f 1067/1067 1076/1076 1072/1072
f 1071/1071 1075/1075 1080/1080
f 1071/1071 1080/1080 1077/1077
f 1077/1077 1080/1080 1084/1084
f 1077/1077 1084/1084 1081/1081
f 1081/1081 1084/1084 1088/1088
f 1081/1081 1088/1088 1085/1085
f 1085/1085 1088/1088 1058/1058
f 1085/1085 1058/1058 1055/1055
f 1089/1089 1092/1092 1096/1096
f 1089/1089 1096/1096 1093/1093
f 1093/1093 1096/1096 1100/1100
f 1093/1093 1100/1100 1097/1097
f 1097/1097 1100/1100 1104/1104
f 1097/1097 1104/1104 1101/1101
f 1101/1101 1104/1104 1110/1110
f 1101/1101 1110/1110 1106/1106
f 1105/1105 1109/1109 1114/1114
f 1105/1105 1114/1114 1111/1111
f 1111/1111 1114/1114 1118/1118
f 1111/1111 1118/1118 1115/1115
f 1115/1115 1118/1118 1122/1122
f 1115/1115 1122/1122 1119/1119
f 1119/1119 1122/1122 1092/1092
f 1119/1119 1092/1092 1089/1089
f 1123/1123 1126/1126 1130/1130
f 1123/1123 1130/1130 1127/1127
f 1127/1127 1130/1130 1134/1134
f 1127/1127 1134/1134 1131/1131
f 1131/1131 1134/1134 1138/1138
f 1131/1131 1138/1138 1135/1135
f 1135/1135 1138/1138 1144/1144
f 1135/1135 1144/1144 1140/1140
f 1139/1139 1143/1143 1148/1148
f 1139/1139 1148/1148 1145/1145
f 1145/1145 1148/1148 1152/1152
f 1145/1145 1152/1152 1149/1149
f 1149/1149 1152/1152 1156/1156
f 1149/1149 1156/1156 1153/1153
f 1153/1153 1156/1156 1126/1126
f 1153/1153 1126/1126 1123/1123
f 1157/1157 1160/1160 1164/1164
f 1157/1157 1164/1164 1161/1161
f 1161/1161 1164/1164 1168/1168
f 1161/1161 1168/1168 1165/1165
f 1165/1165 1168/1168 1172/1172
f 1165/1165 1172/1172 1169/1169
f 1169/1169 1172/1172 1178/1178
f 1169/1169 1178/1178 1174/1174
f 1173/1173 1177/1177 1182/1182
f 1173/1173 1182/1182 1179/1179
f 1179/1179 1182/1182 1186/1186
f 1179/1179 1186/1186 1183/1183
f 1183/1183 1186/1186 1190/1190
f 1183/1183 1190/1190 1187/1187
f 1187/1187 1190/1190 1160/1160
f 1187/1187 1160/1160 1157/1157
f 1191/1191 1194/1194 1198/1198
f 1191/1191 1198/1198 1195/1195
f 1195/1195 1198/1198 1202/1202
f 1195/1195 1202/1202 1199/1199
f 1199/1199 1202/1202 1206/1206
f 1199/1199 1206/1206 1203/1203
f 1203/1203 1206/1206 1212/1212
f 1203/1203 1212/1212 1208/1208
f 1207/1207 1211/1211 1216/1216
f 1207/1207 1216/1216 1213/1213
f 1213/1213 1216/1216 1220/1220
f 1213/1213 1220/1220 1217/1217
f 1217/1217 1220/1220 1224/1224
f 1217/1217 1224/1224 1221/1221
f 1221/1221 1224/1224 1194/1194
f 1221/1221 1194/1194 1191/1191
f 1225/1225 1228/1228 1232/1232
f 1225/1225 1232/1232 1229/1229
f 1229/1229 1232/1232 1236/1236
f 1229/1229 1236/1236 1233/1233
f 1233/1233 1236/1236 1240/1240
f 1233/1233 1240/1240 1237/1237
f 1237/1237 1240/1240 1246/1246
f 1237/1237 1246/1246 1242/1242
f 1241/1241 1245/1245 1250/1250
f 1241/1241 1250/1250 1247/1247
f 1247/1247 1250/1250 1254/1254
f 1247/1247 1254/1254 1251/1251
f 1251/1251 1254/1254 1258/1258
f 1251/1251 1258/1258 1255/1255
f 1255/1255 1258/1258 1228/1228
f 1255/1255 1228/1228 1225/1225
f 866/866 875/875 872/872
f 875/875 866/866 862/862
f 875/875 862/862 879/879
f 879/879 862/862 858/858
f 879/879 858/858 883/883
f 883/883 858/858 854/854
f 873/873 864/864 869/869
f 864/864 873/873 877/877
f 864/864 877/877 860/860
f 860/860 877/877 881/881
f 860/860 881/881 856/856
f 856/856 881/881 852/852
f 910/910 899/899 906/906
f 899/899 910/910 914/914
f 899/899 914/914 895/895
f 895/895 914/914 918/918
f 895/895 918/918 891/891
f 891/891 918/918 888/888
f 897/897 908/908 903/903
f 908/908 897/897 893/893
f 908/908 893/893 912/912
f 912/912 893/893 889/889
f 912/912 889/889 916/916
f 916/916 889/889 886/886
f 926/926 951/951 921/921
f 951/951 926/926 930/930
f 951/951 930/930 947/947
f 947/947 930/930 934/934
f 947/947 934/934 943/943
f 943/943 934/934 938/938
f 949/949 924/924 919/919
f 924/924 949/949 945/945
f 924/924 945/945 928/928
f 928/928 945/945 941/941
f 928/928 941/941 932/932
f 932/932 941/941 935/935
f 986/986 959/959 956/956
f 959/959 986/986 982/982
f 959/959 982/982 963/963
f 963/963 982/982 978/978
f 963/963 978/978 967/967
f 967/967 978/978 974/974
f 957/957 984/984 954/954
f 984/984 957/957 961/961
f 984/984 961/961 980/980
f 980/980 961/961 965/965
f 980/980 965/965 976/976
f 976/976 965/965 971/971
f 1002/1002 1011/1011 1008/1008
f 1011/1011 1002/1002 998/998
f 1011/1011 998/998 1015/1015
f 1015/1015 998/998 994/994
f 1015/1015 994/994 1019/1019
f 1019/1019 994/994 990/990
f 1009/1009 1000/1000 1003/1003
f 1000/1000 1009/1009 1013/1013
f 1000/1000 1013/1013 996/996
f 996/996 1013/1013 1017/1017
f 996/996 1017/1017 992/992
f 992/992 1017/1017 987/987
f 1036/1036 1045/1045 1042/1042
f 1045/1045 1036/1036 1032/1032
f 1045/1045 1032/1032 1049/1049
f 1049/1049 1032/1032 1028/1028
f 1049/1049 1028/1028 1053/1053
f 1053/1053 1028/1028 1024/1024
f 1043/1043 1034/1034 1037/1037
f 1034/1034 1043/1043 1047/1047
f 1034/1034 1047/1047 1030/1030
f 1030/1030 1047/1047 1051/1051
f 1030/1030 1051/1051 1026/1026
f 1026/1026 1051/1051 1021/1021
f 1061/1061 1069/1069 1065/1065
f 1069/1069 1061/1061 1057/1057
f 1069/1069 1057/1057 1074/1074
f 1074/1074 1057/1057 1087/1087
f 1074/1074 1087/1087 1079/1079
f 1079/1079 1087/1087 1083/1083
f 1068/1068 1060/1060 1064/1064
f 1060/1060 1068/1068 1073/1073
f 1060/1060 1073/1073 1056/1056
f 1056/1056 1073/1073 1078/1078
f 1056/1056 1078/1078 1086/1086
f 1086/1086 1078/1078 1082/1082
f 1095/1095 1103/1103 1099/1099
f 1103/1103 1095/1095 1091/1091
f 1103/1103 1091/1091 1108/1108
f 1108/1108 1091/1091 1121/1121
f 1108/1108 1121/1121 1113/1113
f 1113/1113 1121/1121 1117/1117
f 1102/1102 1094/1094 1098/1098
f 1094/1094 1102/1102 1107/1107
f 1094/1094 1107/1107 1090/1090
f 1090/1090 1107/1107 1112/1112
f 1090/1090 1112/1112 1120/1120
f 1120/1120 1112/1112 1116/1116
f 1129/1129 1137/1137 1133/1133
f 1137/1137 1129/1129 1125/1125
f 1137/1137 1125/1125 1142/1142
f 1142/1142 1125/1125 1155/1155
f 1142/1142 1155/1155 1147/1147
f 1147/1147 1155/1155 1151/1151
f 1136/1136 1128/1128 1132/1132
f 1128/1128 1136/1136 1141/1141
f 1128/1128 1141/1141 1124/1124
f 1124/1124 1141/1141 1146/1146
f 1124/1124 1146/1146 1154/1154
f 1154/1154 1146/1146 1150/1150
f 1163/1163 1171/1171 1167/1167
f 1171/1171 1163/1163 1159/1159
f 1171/1171 1159/1159 1176/1176
f 1176/1176 1159/1159 1189/1189
f 1176/1176 1189/1189 1181/1181
f 1181/1181 1189/1189 1185/1185
f 1170/1170 1162/1162 1166/1166
f 1162/1162 1170/1170 1175/1175
f 1162/1162 1175/1175 1158/1158
f 1158/1158 1175/1175 1180/1180
f 1158/1158 1180/1180 1188/1188
f 1188/1188 1180/1180 1184/1184
f 1197/1197 1205/1205 1201/1201
f 1205/1205 1197/1197 1193/1193
f 1205/1205 1193/1193 1210/1210
f 1210/1210 1193/1193 1223/1223
f 1210/1210 1223/1223 1215/1215
f 1215/1215 1223/1223 1219/1219
f 1204/1204 1196/1196 1200/1200
f 1196/1196 1204/1204 1209/1209
f 1196/1196 1209/1209 1192/1192
f 1192/1192 1209/1209 1214/1214
f 1192/1192 1214/1214 1222/1222
f 1222/1222 1214/1214 1218/1218
f 1231/1231 1239/1239 1235/1235
f 1239/1239 1231/1231 1227/1227
f 1239/1239 1227/1227 1244/1244
f 1244/1244 1227/1227 1257/1257
f 1244/1244 1257/1257 1249/1249
f 1249/1249 1257/1257 1253/1253
f 1238/1238 1230/1230 1234/1234
f 1230/1230 1238/1238 1243/1243
f 1230/1230 1243/1243 1226/1226
f 1226/1226 1243/1243 1248/1248
f 1226/1226 1248/1248 1256/1256
f 1256/1256 1248/1248 1252/1252
f 1259/1259 1261/1261 1265/1265
f 1259/1259 1265/1265 1263/1263
f 1263/1263 1265/1265 1269/1269
f 1263/1263 1269/1269 1267/1267
f 1267/1267 1269/1269 1273/1273
f 1267/1267 1273/1273 1271/1271
f 1271/1271 1273/1273 1279/1279
f 1271/1271 1279/1279 1276/1276
f 1275/1275 1278/1278 1284/1284
f 1275/1275 1284/1284 1282/1282
f 1282/1282 1284/1284 1288/1288
f 1282/1282 1288/1288 1286/1286
f 1286/1286 1288/1288 1292/1292
f 1286/1286 1292/1292 1290/1290
f 1290/1290 1292/1292 1261/1261
f 1290/1290 1261/1261 1259/1259
f 1293/1293 1298/1298 1300/1300
f 1293/1293 1300/1300 1295/1295
f 1298/1298 1302/1302 1304/1304
f 1298/1298 1304/1304 1300/1300
f 1302/1302 1306/1306 1308/1308
f 1302/1302 1308/1308 1304/1304
f 1306/1306 1310/1310 1313/1313
f 1306/1306 1313/1313 1308/1308
f 1309/1309 1315/1315 1317/1317
f 1309/1309 1317/1317 1312/1312
f 1315/1315 1319/1319 1321/1321
f 1315/1315 1321/1321 1317/1317
f 1319/1319 1323/1323 1325/1325
f 1319/1319 1325/1325 1321/1321
f 1323/1323 1293/1293 1295/1295
f 1323/1323 1295/1295 1325/1325
f 1328/1328 1331/1331 1333/1333
f 1328/1328 1333/1333 1330/1330
f 1331/1331 1335/1335 1337/1337
f 1331/1331 1337/1337 1333/1333
f 1335/1335 1339/1339 1341/1341
f 1335/1335 1341/1341 1337/1337
f 1339/1339 1345/1345 1348/1348
f 1339/1339 1348/1348 1341/1341
f 1344/1344 1350/1350 1352/1352
f 1344/1344 1352/1352 1347/1347
f 1350/1350 1354/1354 1356/1356
f 1350/1350 1356/1356 1352/1352
f 1354/1354 1358/1358 1360/1360
f 1354/1354 1360/1360 1356/1356
f 1358/1358 1328/1328 1330/1330
f 1358/1358 1330/1330 1360/1360
f 1361/1361 1363/1363 1368/1368
f 1361/1361 1368/1368 1366/1366
f 1366/1366 1368/1368 1372/1372
f 1366/1366 1372/1372 1370/1370
f 1370/1370 1372/1372 1376/1376
f 1370/1370 1376/1376 1374/1374
f 1374/1374 1376/1376 1381/1381
f 1374/1374 1381/1381 1378/1378
f 1377/1377 1380/1380 1385/1385
f 1377/1377 1385/1385 1383/1383
f 1383/1383 1385/1385 1389/1389
f 1383/1383 1389/1389 1387/1387
f 1387/1387 1389/1389 1393/1393
f 1387/1387 1393/1393 1391/1391
f 1391/1391 1393/1393 1363/1363
f 1391/1391 1363/1363 1361/1361
f 1396/1396 1397/1397 1401/1401
f 1396/1396 1401/1401 1399/1399
f 1399/1399 1401/1401 1405/1405
f 1399/1399 1405/1405 1403/1403
f 1403/1403 1405/1405 1409/1409
f 1403/1403 1409/1409 1407/1407
f 1407/1407 1409/1409 1415/1415
f 1407/1407 1415/1415 1413/1413
f 1412/1412 1414/1414 1420/1420
f 1412/1412 1420/1420 1418/1418
f 1418/1418 1420/1420 1424/1424
f 1418/1418 1424/1424 1422/1422
f 1422/1422 1424/1424 1428/1428
f 1422/1422 1428/1428 1426/1426
f 1426/1426 1428/1428 1397/1397
f 1426/1426 1397/1397 1396/1396
f 1430/1430 1431/1431 1435/1435
f 1430/1430 1435/1435 1433/1433
f 1433/1433 1435/1435 1439/1439
f 1433/1433 1439/1439 1437/1437
f 1437/1437 1439/1439 1443/1443
f 1437/1437 1443/1443 1441/1441
f 1441/1441 1443/1443 1449/1449
f 1441/1441 1449/1449 1447/1447
f 1446/1446 1448/1448 1454/1454
f 1446/1446 1454/1454 1452/1452
f 1452/1452 1454/1454 1458/1458
f 1452/1452 1458/1458 1456/1456
f 1456/1456 1458/1458 1462/1462
f 1456/1456 1462/1462 1460/1460
f 1460/1460 1462/1462 1431/1431
f 1460/1460 1431/1431 1430/1430
f 1463/1463 1466/1466 1470/1470
f 1463/1463 1470/1470 1467/1467
f 1467/1467 1470/1470 1474/1474
f 1467/1467 1474/1474 1471/1471
f 1471/1471 1474/1474 1478/1478
f 1471/1471 1478/1478 1475/1475
f 1475/1475 1478/1478 1484/1484
f 1475/1475 1484/1484 1480/1480
f 1479/1479 1483/1483 1488/1488
f 1479/1479 1488/1488 1485/1485
f 1485/1485 1488/1488 1492/1492
f 1485/1485 1492/1492 1489/1489
f 1489/1489 1492/1492 1496/1496
f 1489/1489 1496/1496 1493/1493
f 1493/1493 1496/1496 1466/1466
f 1493/1493 1466/1466 1463/1463
f 1497/1497 1500/1500 1504/1504
f 1497/1497 1504/1504 1501/1501
f 1501/1501 1504/1504 1508/1508
f 1501/1501 1508/1508 1505/1505
f 1505/1505 1508/1508 1512/1512
f 1505/1505 1512/1512 1509/1509
f 1509/1509 1512/1512 1518/1518
f 1509/1509 1518/1518 1514/1514
f 1513/1513 1517/1517 1522/1522
f 1513/1513 1522/1522 1519/1519
f 1519/1519 1522/1522 1526/1526
f 1519/1519 1526/1526 1523/1523
f 1523/1523 1526/1526 1530/1530
f 1523/1523 1530/1530 1527/1527
f 1527/1527 1530/1530 1500/1500
f 1527/1527 1500/1500 1497/1497
f 1531/1531 1534/1534 1538/1538
f 1531/1531 1538/1538 1535/1535
f 1535/1535 1538/1538 1542/1542
f 1535/1535 1542/1542 1539/1539
f 1539/1539 1542/1542 1546/1546
f 1539/1539 1546/1546 1543/1543
f 1543/1543 1546/1546 1552/1552
f 1543/1543 1552/1552 1548/1548
f 1547/1547 1551/1551 1556/1556
f 1547/1547 1556/1556 1553/1553
f 1553/1553 1556/1556 1560/1560
f 1553/1553 1560/1560 1557/1557
f 1557/1557 1560/1560 1564/1564
f 1557/1557 1564/1564 1561/1561
f 1561/1561 1564/1564 1534/1534
f 1561/1561 1534/1534 1531/1531
f 1565/1565 1568/1568 1572/1572
f 1565/1565 1572/1572 1569/1569
f 1569/1569 1572/1572 1576/1576
f 1569/1569 1576/1576 1573/1573
f 1573/1573 1576/1576 1580/1580
f 1573/1573 1580/1580 1577/1577
f 1577/1577 1580/1580 1586/1586
f 1577/1577 1586/1586 1582/1582
f 1581/1581 1585/1585 1590/1590
f 1581/1581 1590/1590 1587/1587
f 1587/1587 1590/1590 1594/1594
f 1587/1587 1594/1594 1591/1591
f 1591/1591 1594/1594 1598/1598
f 1591/1591 1598/1598 1595/1595
f 1595/1595 1598/1598 1568/1568
f 1595/1595 1568/1568 1565/1565
f 1599/1599 1602/1602 1606/1606
f 1599/1599 1606/1606 1603/1603
f 1603/1603 1606/1606 1610/1610
f 1603/1603 1610/1610 1607/1607
f 1607/1607 1610/1610 1614/1614
f 1607/1607 1614/1614 1611/1611
f 1611/1611 1614/1614 1620/1620
f 1611/1611 1620/1620 1616/1616
f 1615/1615 1619/1619 1624/1624
f 1615/1615 1624/1624 1621/1621
f 1621/1621 1624/1624 1628/1628
f 1621/1621 1628/1628 1625/1625
f 1625/1625 1628/1628 1632/1632
f 1625/1625 1632/1632 1629/1629
f 1629/1629 1632/1632 1602/1602
f 1629/1629 1602/1602 1599/1599
f 1633/1633 1636/1636 1640/1640
f 1633/1633 1640/1640 1637/1637
f 1637/1637 1640/1640 1644/1644
f 1637/1637 1644/1644 1641/1641
f 1641/1641 1644/1644 1648/1648
f 1641/1641 1648/1648 1645/1645
f 1645/1645 1648/1648 1654/1654
f 1645/1645 1654/1654 1650/1650
f 1649/1649 1653/1653 1658/1658
f 1649/1649 1658/1658 1655/1655
f 1655/1655 1658/1658 1662/1662
f 1655/1655 1662/1662 1659/1659
f 1659/1659 1662/1662 1666/1666
f 1659/1659 1666/1666 1663/1663
f 1663/1663 1666/1666 1636/1636
f 1663/1663 1636/1636 1633/1633
f 1274/1274 1283/1283 1280/1280
f 1283/1283 1274/1274 1270/1270
f 1283/1283 1270/1270 1287/1287
f 1287/1287 1270/1270 1266/1266
f 1287/1287 1266/1266 1291/1291
f 1291/1291 1266/1266 1262/1262
f 1281/1281 1272/1272 1277/1277
f 1272/1272 1281/1281 1285/1285
f 1272/1272 1285/1285 1268/1268
f 1268/1268 1285/1285 1289/1289
f 1268/1268 1289/1289 1264/1264
f 1264/1264 1289/1289 1260/1260
f 1318/1318 1307/1307 1314/1314
f 1307/1307 1318/1318 1322/1322
f 1307/1307 1322/1322 1303/1303
f 1303/1303 1322/1322 1326/1326
f 1303/1303 1326/1326 1299/1299
f 1299/1299 1326/1326 1296/1296
f 1305/1305 1316/1316 1311/1311
f 1316/1316 1305/1305 1301/1301
f 1316/1316 1301/1301 1320/1320
f 1320/1320 1301/1301 1297/1297
f 1320/1320 1297/1297 1324/1324
f 1324/1324 1297/1297 1294/1294
f 1334/1334 1359/1359 1329/1329
f 1359/1359 1334/1334 1338/1338
f 1359/1359 1338/1338 1355/1355
f 1355/1355 1338/1338 1342/1342
f 1355/1355 1342/1342 1351/1351
f 1351/1351 1342/1342 1346/1346
f 1357/1357 1332/1332 1327/1327
f 1332/1332 1357/1357 1353/1353
f 1332/1332 1353/1353 1336/1336
f 1336/1336 1353/1353 1349/1349
f 1336/1336 1349/1349 1340/1340
f 1340/1340 1349/1349 1343/1343
f 1394/1394 1367/1367 1364/1364
f 1367/1367 1394/1394 1390/1390
f 1367/1367 1390/1390 1371/1371
f 1371/1371 1390/1390 1386/1386
f 1371/1371 1386/1386 1375/1375
f 1375/1375 1386/1386 1382/1382
f 1365/1365 1392/1392 1362/1362
f 1392/1392 1365/1365 1369/1369
f 1392/1392 1369/1369 1388/1388
f 1388/1388 1369/1369 1373/1373
f 1388/1388 1373/1373 1384/1384
f 1384/1384 1373/1373 1379/1379
f 1410/1410 1419/1419 1416/1416
f 1419/1419 1410/1410 1406/1406
f 1419/1419 1406/1406 1423/1423
f 1423/1423 1406/1406 1402/1402
f 1423/1423 1402/1402 1427/1427
f 1427/1427 1402/1402 1398/1398
f 1417/1417 1408/1408 1411/1411
f 1408/1408 1417/1417 1421/1421
f 1408/1408 1421/1421 1404/1404
f 1404/1404 1421/1421 1425/1425
f 1404/1404 1425/1425 1400/1400
f 1400/1400 1425/1425 1395/1395
f 1444/1444 1453/1453 1450/1450
f 1453/1453 1444/1444 1440/1440
f 1453/1453 1440/1440 1457/1457
f 1457/1457 1440/1440 1436/1436
f 1457/1457 1436/1436 1461/1461
f 1461/1461 1436/1436 1432/1432
f 1451/1451 1442/1442 1445/1445
f 1442/1442 1451/1451 1455/1455
f 1442/1442 1455/1455 1438/1438
f 1438/1438 1455/1455 1459/1459
f 1438/1438 1459/1459 1434/1434
f 1434/1434 1459/1459 1429/1429
f 1469/1469 1477/1477 1473/1473
f 1477/1477 1469/1469 1465/1465
f 1477/1477 1465/1465 1482/1482
f 1482/1482 1465/1465 1495/1495
f 1482/1482 1495/1495 1487/1487
f 1487/1487 1495/1495 1491/1491
f 1476/1476 1468/1468 1472/1472
f 1468/1468 1476/1476 1481/1481
f 1468/1468 1481/1481 1464/1464
f 1464/1464 1481/1481 1486/1486
f 1464/1464 1486/1486 1494/1494
f 1494/1494 1486/1486 1490/1490
f 1503/1503 1511/1511 1507/1507
f 1511/1511 1503/1503 1499/1499
f 1511/1511 1499/1499 1516/1516
f 1516/1516 1499/1499 1529/1529
f 1516/1516 1529/1529 1521/1521
f 1521/1521 1529/1529 1525/1525
f 1510/1510 1502/1502 1506/1506
f 1502/1502 1510/1510 1515/1515
f 1502/1502 1515/1515 1498/1498
f 1498/1498 1515/1515 1520/1520
f 1498/1498 1520/1520 1528/1528
f 1528/1528 1520/1520 1524/1524
f 1537/1537 1545/1545 1541/1541
f 1545/1545 1537/1537 1533/1533
f 1545/1545 1533/1533 1550/1550
f 1550/1550 1533/1533 1563/1563
f 1550/1550 1563/1563 1555/1555
f 1555/1555 1563/1563 1559/1559
f 1544/1544 1536/1536 1540/1540
f 1536/1536 1544/1544 1549/1549
f 1536/1536 1549/1549 1532/1532
f 1532/1532 1549/1549 1554/1554
f 1532/1532 1554/1554 1562/1562
f 1562/1562 1554/1554 1558/1558
f 1571/1571 1579/1579 1575/1575
f 1579/1579 1571/1571 1567/1567
f 1579/1579 1567/1567 1584/1584
f 1584/1584 1567/1567 1597/1597
f 1584/1584 1597/1597 1589/1589
f 1589/1589 1597/1597 1593/1593
f 1578/1578 1570/1570 1574/1574
f 1570/1570 1578/1578 1583/1583
f 1570/1570 1583/1583 1566/1566
f 1566/1566 1583/1583 1588/1588
f 1566/1566 1588/1588 1596/1596
f 1596/1596 1588/1588 1592/1592
f 1605/1605 1613/1613 1609/1609
f 1613/1613 1605/1605 1601/1601
f 1613/1613 1601/1601 1618/1618
f 1618/1618 1601/1601 1631/1631
f 1618/1618 1631/1631 1623/1623
f 1623/1623 1631/1631 1627/1627
f 1612/1612 1604/1604 1608/1608
f 1604/1604 1612/1612 1617/1617
f 1604/1604 1617/1617 1600/1600
f 1600/1600 1617/1617 1622/1622
f 1600/1600 1622/1622 1630/1630
f 1630/1630 1622/1622 1626/1626
f 1639/1639 1647/1647 1643/1643
f 1647/1647 1639/1639 1635/1635
f 1647/1647 1635/1635 1652/1652
f 1652/1652 1635/1635 1665/1665
f 1652/1652 1665/1665 1657/1657
f 1657/1657 1665/1665 1661/1661
f 1646/1646 1638/1638 1642/1642
f 1638/1638 1646/1646 1651/1651
f 1638/1638 1651/1651 1634/1634
f 1634/1634 1651/1651 1656/1656
f 1634/1634 1656/1656 1664/1664
f 1664/1664 1656/1656 1660/1660
f 1667/1667 1669/1669 1673/1673
f 1667/1667 1673/1673 1671/1671
f 1671/1671 1673/1673 1677/1677
f 1671/1671 1677/1677 1675/1675
f 1675/1675 1677/1677 1681/1681
f 1675/1675 1681/1681 1679/1679
f 1679/1679 1681/1681 1687/1687
f 1679/1679 1687/1687 1684/1684
f 1683/1683 1686/1686 1692/1692
f 1683/1683 1692/1692 1690/1690
f 1690/1690 1692/1692 1696/1696
f 1690/1690 1696/1696 1694/1694
f 1694/1694 1696/1696 1700/1700
f 1694/1694 1700/1700 1698/1698
f 1698/1698 1700/1700 1669/1669
f 1698/1698 1669/1669 1667/1667
f 1701/1701 1706/1706 1708/1708
f 1701/1701 1708/1708 1703/1703
f 1706/1706 1710/1710 1712/1712
f 1706/1706 1712/1712 1708/1708
f 1710/1710 1714/1714 1716/1716
f 1710/1710 1716/1716 1712/1712
f 1714/1714 1718/1718 1721/1721
f 1714/1714 1721/1721 1716/1716
f 1717/1717 1723/1723 1725/1725
f 1717/1717 1725/1725 1720/1720
f 1723/1723 1727/1727 1729/1729
f 1723/1723 1729/1729 1725/1725
f 1727/1727 1731/1731 1733/1733
f 1727/1727 1733/1733 1729/1729
f 1731/1731 1701/1701 1703/1703
f 1731/1731 1703/1703 1733/1733
f 1736/1736 1739/1739 1741/1741
f 1736/1736 1741/1741 1738/1738
f 1739/1739 1743/1743 1745/1745
f 1739/1739 1745/1745 1741/1741
f 1743/1743 1747/1747 1749/1749
f 1743/1743 1749/1749 1745/1745
f 1747/1747 1753/1753 1756/1756
f 1747/1747 1756/1756 1749/1749
f 1752/1752 1758/1758 1760/1760
f 1752/1752 1760/1760 1755/1755
f 1758/1758 1762/1762 1764/1764
f 1758/1758 1764/1764 1760/1760
f 1762/1762 1766/1766 1768/1768
f 1762/1762 1768/1768 1764/1764
f 1766/1766 1736/1736 1738/1738
f 1766/1766 1738/1738 1768/1768
f 1769/1769 1771/1771 1776/1776
f 1769/1769 1776/1776 1774/1774
f 1774/1774 1776/1776 1780/1780
f 1774/1774 1780/1780 1778/1778
f 1778/1778 1780/1780 1784/1784
f 1778/1778 1784/1784 1782/1782
f 1782/1782 1784/1784 1789/1789
f 1782/1782 1789/1789 1786/1786
f 1785/1785 1788/1788 1793/1793
f 1785/1785 1793/1793 1791/1791
f 1791/1791 1793/1793 1797/1797
f 1791/1791 1797/1797 1795/1795
f 1795/1795 1797/1797 1801/1801
f 1795/1795 1801/1801 1799/1799
f 1799/1799 1801/1801 1771/1771
f 1799/1799 1771/1771 1769/1769
f 1804/1804 1805/1805 1809/1809
f 1804/1804 1809/1809 1807/1807
f 1807/1807 1809/1809 1813/1813
f 1807/1807 1813/1813 1811/1811
f 1811/1811 1813/1813 1817/1817
f 1811/1811 1817/1817 1815/1815
f 1815/1815 1817/1817 1823/1823
f 1815/1815 1823/1823 1821/1821
f 1820/1820 1822/1822 1828/1828
f 1820/1820 1828/1828 1826/1826
f 1826/1826 1828/1828 1832/1832
f 1826/1826 1832/1832 1830/1830
f 1830/1830 1832/1832 1836/1836
f 1830/1830 1836/1836 1834/1834
f 1834/1834 1836/1836 1805/1805
f 1834/1834 1805/1805 1804/1804
f 1838/1838 1839/1839 1843/1843
f 1838/1838 1843/1843 1841/1841
f 1841/1841 1843/1843 1847/1847
f 1841/1841 1847/1847 1845/1845
f 1845/1845 1847/1847 1851/1851
f 1845/1845 1851/1851 1849/1849
f 1849/1849 1851/1851 1857/1857
f 1849/1849 1857/1857 1855/1855
f 1854/1854 1856/1856 1862/1862
f 1854/1854 1862/1862 1860/1860
f 1860/1860 1862/1862 1866/1866
f 1860/1860 1866/1866 1864/1864
f 1864/1864 1866/1866 1870/1870
f 1864/1864 1870/1870 1868/1868
f 1868/1868 1870/1870 1839/1839
f 1868/1868 1839/1839 1838/1838
f 1871/1871 1874/1874 1878/1878
f 1871/1871 1878/1878 1875/1875
f 1875/1875 1878/1878 1882/1882
f 1875/1875 1882/1882 1879/1879
f 1879/1879 1882/1882 1886/1886
f 1879/1879 1886/1886 1883/1883
f 1883/1883 1886/1886 1892/1892
f 1883/1883 1892/1892 1888/1888
f 1887/1887 1891/1891 1896/1896
f 1887/1887 1896/1896 1893/1893
f 1893/1893 1896/1896 1900/1900
f 1893/1893 1900/1900 1897/1897
f 1897/1897 1900/1900 1904/1904
f 1897/1897 1904/1904 1901/1901
f 1901/1901 1904/1904 1874/1874
f 1901/1901 1874/1874 1871/1871
f 1905/1905 1908/1908 1912/1912
f 1905/1905 1912/1912 1909/1909
f 1909/1909 1912/1912 1916/1916
f 1909/1909 1916/1916 1913/1913
f 1913/1913 1916/1916 1920/1920
f 1913/1913 1920/1920 1917/1917
f 1917/1917 1920/1920 1926/1926
f 1917/1917 1926/1926 1922/1922
f 1921/1921 1925/1925 1930/1930
f 1921/1921 1930/1930 1927/1927
f 1927/1927 1930/1930 1934/1934
f 1927/1927 1934/1934 1931/1931
f 1931/1931 1934/1934 1938/1938
f 1931/1931 1938/1938 1935/1935
f 1935/1935 1938/1938 1908/1908
f 1935/1935 1908/1908 1905/1905
f 1939/1939 1942/1942 1946/1946
f 1939/1939 1946/1946 1943/1943
f 1943/1943 1946/1946 1950/1950
f 1943/1943 1950/1950 1947/1947
f 1947/1947 1950/1950 1954/1954
f 1947/1947 1954/1954 1951/1951
f 1951/1951 1954/1954 1960/1960
f 1951/1951 1960/1960 1956/1956
f 1955/1955 1959/1959 1964/1964
f 1955/1955 1964/1964 1961/1961
f 1961/1961 1964/1964 1968/1968
f 1961/1961 1968/1968 1965/1965
f 1965/1965 1968/1968 1972/1972
f 1965/1965 1972/1972 1969/1969
f 1969/1969 1972/1972 1942/1942
f 1969/1969 1942/1942 1939/1939
f 1973/1973 1976/1976 1980/1980
f 1973/1973 1980/1980 1977/1977
f 1977/1977 1980/1980 1984/1984
f 1977/1977 1984/1984 1981/1981
f 1981/1981 1984/1984 1988/1988
f 1981/1981 1988/1988 1985/1985
f 1985/1985 1988/1988 1994/1994
f 1985/1985 1994/1994 1990/1990
f 1989/1989 1993/1993 1998/1998
f 1989/1989 1998/1998 1995/1995
f 1995/1995 1998/1998 2002/2002
f 1995/1995 2002/2002 1999/1999
f 1999/1999 2002/2002 2006/2006
f 1999/1999 2006/2006 2003/2003
f 2003/2003 2006/2006 1976/1976
f 2003/2003 1976/1976 1973/1973
f 2007/2007 2010/2010 2014/2014
f 2007/2007 2014/2014 2011/2011
f 2011/2011 2014/2014 2018/2018
f 2011/2011 2018/2018 2015/2015
f 2015/2015 2018/2018 2022/2022
f 2015/2015 2022/2022 2019/2019
f 2019/2019 2022/2022 2028/2028
f 2019/2019 2028/2028 2024/2024
f 2023/2023 2027/2027 2032/2032
f 2023/2023 2032/2032 2029/2029
f 2029/2029 2032/2032 2036/2036
f 2029/2029 2036/2036 2033/2033
f 2033/2033 2036/2036 2040/2040
f 2033/2033 2040/2040 2037/2037
f 2037/2037 2040/2040 2010/2010
f 2037/2037 2010/2010 2007/2007
f 2041/2041 2044/2044 2048/2048
f 2041/2041 2048/2048 2045/2045
f 2045/2045 2048/2048 2052/2052
f 2045/2045 2052/2052 2049/2049
f 2049/2049 2052/2052 2056/2056
f 2049/2049 2056/2056 2053/2053
f 2053/2053 2056/2056 2062/2062
f 2053/2053 2062/2062 2058/2058
f 2057/2057 2061/2061 2066/2066
f 2057/2057 2066/2066 2063/2063
f 2063/2063 2066/2066 2070/2070
f 2063/2063 2070/2070 2067/2067
f 2067/2067 2070/2070 2074/2074
f 2067/2067 2074/2074 2071/2071
f 2071/2071 2074/2074 2044/2044
f 2071/2071 2044/2044 2041/2041
f 1682/1682 1691/1691 1688/1688
f 1691/1691 1682/1682 1678/1678
f 1691/1691 1678/1678 1695/1695
f 1695/1695 1678/1678 1674/1674
f 1695/1695 1674/1674 1699/1699
f 1699/1699 1674/1674 1670/1670
f 1689/1689 1680/1680 1685/1685
f 1680/1680 1689/1689 1693/1693
f 1680/1680 1693/1693 1676/1676
f 1676/1676 1693/1693 1697/1697
f 1676/1676 1697/1697 1672/1672
f 1672/1672 1697/1697 1668/1668
f 1726/1726 1715/1715 1722/1722
f 1715/1715 1726/1726 1730/1730
f 1715/1715 1730/1730 1711/1711
f 1711/1711 1730/1730 1734/1734
f 1711/1711 1734/1734 1707/1707
f 1707/1707 1734/1734 1704/1704
f 1713/1713 1724/1724 1719/1719
f 1724/1724 1713/1713 1709/1709
f 1724/1724 1709/1709 1728/1728
f 1728/1728 1709/1709 1705/1705
f 1728/1728 1705/1705 1732/1732
f 1732/1732 1705/1705 1702/1702
f 1742/1742 1767/1767 1737/1737
f 1767/1767 1742/1742 1746/1746
f 1767/1767 1746/1746 1763/1763
f 1763/1763 1746/1746 1750/1750
f 1763/1763 1750/1750 1759/1759
f 1759/1759 1750/1750 1754/1754
f 1765/1765 1740/1740 1735/1735
f 1740/1740 1765/1765 1761/1761
f 1740/1740 1761/1761 1744/1744
f 1744/1744 1761/1761 1757/1757
f 1744/1744 1757/1757 1748/1748
f 1748/1748 1757/1757 1751/1751
f 1802/1802 1775/1775 1772/1772
f 1775/1775 1802/1802 1798/1798
f 1775/1775 1798/1798 1779/1779
f 1779/1779 1798/1798 1794/1794
f 1779/1779 1794/1794 1783/1783
f 1783/1783 1794/1794 1790/1790
f 1773/1773 1800/1800 1770/1770
f 1800/1800 1773/1773 1777/1777
f 1800/1800 1777/1777 1796/1796
f 1796/1796 1777/1777 1781/1781
f 1796/1796 1781/1781 1792/1792
f 1792/1792 1781/1781 1787/1787
f 1818/1818 1827/1827 1824/1824
f 1827/1827 1818/1818 1814/1814
f 1827/1827 1814/1814 1831/1831
f 1831/1831 1814/1814 1810/1810
f 1831/1831 1810/1810 1835/1835
f 1835/1835 1810/1810 1806/1806
f 1825/1825 1816/1816 1819/1819
f 1816/1816 1825/1825 1829/1829
f 1816/1816 1829/1829 1812/1812
f 1812/1812 1829/1829 1833/1833
f 1812/1812 1833/1833 1808/1808
f 1808/1808 1833/1833 1803/1803
f 1852/1852 1861/1861 1858/1858
f 1861/1861 1852/1852 1848/1848
f 1861/1861 1848/1848 1865/1865
f 1865/1865 1848/1848 1844/1844
f 1865/1865 1844/1844 1869/1869
f 1869/1869 1844/1844 1840/1840
f 1859/1859 1850/1850 1853/1853
f 1850/1850 1859/1859 1863/1863
f 1850/1850 1863/1863 1846/1846
f 1846/1846 1863/1863 1867/1867
f 1846/1846 1867/1867 1842/1842
f 1842/1842 1867/1867 1837/1837
f 1877/1877 1885/1885 1881/1881
f 1885/1885 1877/1877 1873/1873
f 1885/1885 1873/1873 1890/1890
f 1890/1890 1873/1873 1903/1903
f 1890/1890 1903/1903 1895/1895
f 1895/1895 1903/1903 1899/1899
f 1884/1884 1876/1876 1880/1880
f 1876/1876 1884/1884 1889/1889
f 1876/1876 1889/1889 1872/1872
f 1872/1872 1889/1889 1894/1894
f 1872/1872 1894/1894 1902/1902
f 1902/1902 1894/1894 1898/1898
f 1911/1911 1919/1919 1915/1915
f 1919/1919 1911/1911 1907/1907
f 1919/1919 1907/1907 1924/1924
f 1924/1924 1907/1907 1937/1937
f 1924/1924 1937/1937 1929/1929
f 1929/1929 1937/1937 1933/1933
f 1918/1918 1910/1910 1914/1914
f 1910/1910 1918/1918 1923/1923
f 1910/1910 1923/1923 1906/1906
f 1906/1906 1923/1923 1928/1928
f 1906/1906 1928/1928 1936/1936
f 1936/1936 1928/1928 1932/1932
f 1945/1945 1953/1953 1949/1949
f 1953/1953 1945/1945 1941/1941
f 1953/1953 1941/1941 1958/1958
f 1958/1958 1941/1941 1971/1971
f 1958/1958 1971/1971 1963/1963
f 1963/1963 1971/1971 1967/1967
f 1952/1952 1944/1944 1948/1948
f 1944/1944 1952/1952 1957/1957
f 1944/1944 1957/1957 1940/1940
f 1940/1940 1957/1957 1962/1962
f 1940/1940 1962/1962 1970/1970
f 1970/1970 1962/1962 1966/1966
f 1979/1979 1987/1987 1983/1983
f 1987/1987 1979/1979 1975/1975
f 1987/1987 1975/1975 1992/1992
f 1992/1992 1975/1975 2005/2005
f 1992/1992 2005/2005 1997/1997
f 1997/1997 2005/2005 2001/2001
f 1986/1986 1978/1978 1982/1982
f 1978/1978 1986/1986 1991/1991
f 1978/1978 1991/1991 1974/1974
f 1974/1974 1991/1991 1996/1996
f 1974/1974 1996/1996 2004/2004
f 2004/2004 1996/1996 2000/2000
f 2013/2013 2021/2021 2017/2017
f 2021/2021 2013/2013 2009/2009
f 2021/2021 2009/2009 2026/2026
f 2026/2026 2009/2009 2039/2039
f 2026/2026 2039/2039 2031/2031
f 2031/2031 2039/2039 2035/2035
f 2020/2020 2012/2012 2016/2016
f 2012/2012 2020/2020 2025/2025
f 2012/2012 2025/2025 2008/2008
f 2008/2008 2025/2025 2030/2030
f 2008/2008 2030/2030 2038/2038
f 2038/2038 2030/2030 2034/2034
f 2047/2047 2055/2055 2051/2051
f 2055/2055 2047/2047 2043/2043
f 2055/2055 2043/2043 2060/2060
f 2060/2060 2043/2043 2073/2073
f 2060/2060 2073/2073 2065/2065
f 2065/2065 2073/2073 2069/2069
f 2054/2054 2046/2046 2050/2050
f 2046/2046 2054/2054 2059/2059
f 2046/2046 2059/2059 2042/2042
f 2042/2042 2059/2059 2064/2064
f 2042/2042 2064/2064 2072/2072
f 2072/2072 2064/2064 2068/2068
f 2075/2075 2077/2077 2081/2081
f 2075/2075 2081/2081 2079/2079
f 2079/2079 2081/2081 2085/2085
f 2079/2079 2085/2085 2083/2083
f 2083/2083 2085/2085 2089/2089
f 2083/2083 2089/2089 2087/2087
f 2087/2087 2089/2089 2095/2095
f 2087/2087 2095/2095 2092/2092
f 2091/2091 2094/2094 2100/2100
f 2091/2091 2100/2100 2098/2098
f 2098/2098 2100/2100 2104/2104
f 2098/2098 2104/2104 2102/2102
f 2102/2102 2104/2104 2108/2108
f 2102/2102 2108/2108 2106/2106
f 2106/2106 2108/2108 2077/2077
f 2106/2106 2077/2077 2075/2075
f 2109/2109 2114/2114 2116/2116
f 2109/2109 2116/2116 2111/2111
f 2114/2114 2118/2118 2120/2120
f 2114/2114 2120/2120 2116/2116
f 2118/2118 2122/2122 2124/2124
f 2118/2118 2124/2124 2120/2120
f 2122/2122 2126/2126 2129/2129
f 2122/2122 2129/2129 2124/2124
f 2125/2125 2131/2131 2133/2133
f 2125/2125 2133/2133 2128/2128
f 2131/2131 2135/2135 2137/2137
f 2131/2131 2137/2137 2133/2133
f 2135/2135 2139/2139 2141/2141
f 2135/2135 2141/2141 2137/2137
f 2139/2139 2109/2109 2111/2111
f 2139/2139 2111/2111 2141/2141
f 2144/2144 2147/2147 2149/2149
f 2144/2144 2149/2149 2146/2146
f 2147/2147 2151/2151 2153/2153
f 2147/2147 2153/2153 2149/2149
f 2151/2151 2155/2155 2157/2157
f 2151/2151 2157/2157 2153/2153
f 2155/2155 2161/2161 2164/2164
f 2155/2155 2164/2164 2157/2157
f 2160/2160 2166/2166 2168/2168
f 2160/2160 2168/2168 2163/2163
f 2166/2166 2170/2170 2172/2172
f 2166/2166 2172/2172 2168/2168
f 2170/2170 2174/2174 2176/2176
f 2170/2170 2176/2176 2172/2172
f 2174/2174 2144/2144 2146/2146
f 2174/2174 2146/2146 2176/2176
f 2177/2177 2179/2179 2184/2184
f 2177/2177 2184/2184 2182/2182
f 2182/2182 2184/2184 2188/2188
f 2182/2182 2188/2188 2186/2186
f 2186/2186 2188/2188 2192/2192
f 2186/2186 2192/2192 2190/2190
f 2190/2190 2192/2192 2197/2197
f 2190/2190 2197/2197 2194/2194
f 2193/2193 2196/2196 2201/2201
f 2193/2193 2201/2201 2199/2199
f 2199/2199 2201/2201 2205/2205
f 2199/2199 2205/2205 2203/2203
f 2203/2203 2205/2205 2209/2209
f 2203/2203 2209/2209 2207/2207
f 2207/2207 2209/2209 2179/2179
f 2207/2207 2179/2179 2177/2177
f 2212/2212 2213/2213 2217/2217
f 2212/2212 2217/2217 2215/2215
f 2215/2215 2217/2217 2221/2221
f 2215/2215 2221/2221 2219/2219
f 2219/2219 2221/2221 2225/2225
f 2219/2219 2225/2225 2223/2223
f 2223/2223 2225/2225 2231/2231
f 2223/2223 2231/2231 2229/2229
f 2228/2228 2230/2230 2236/2236
f 2228/2228 2236/2236 2234/2234
f 2234/2234 2236/2236 2240/2240
f 2234/2234 2240/2240 2238/2238
f 2238/2238 2240/2240 2244/2244
f 2238/2238 2244/2244 2242/2242
f 2242/2242 2244/2244 2213/2213
f 2242/2242 2213/2213 2212/2212
f 2246/2246 2247/2247 2251/2251
f 2246/2246 2251/2251 2249/2249
f 2249/2249 2251/2251 2255/2255
f 2249/2249 2255/2255 2253/2253
f 2253/2253 2255/2255 2259/2259
f 2253/2253 2259/2259 2257/2257
f 2257/2257 2259/2259 2265/2265
f 2257/2257 2265/2265 2263/2263
f 2262/2262 2264/2264 2270/2270
f 2262/2262 2270/2270 2268/2268
f 2268/2268 2270/2270 2274/2274
f 2268/2268 2274/2274 2272/2272
f 2272/2272 2274/2274 2278/2278
f 2272/2272 2278/2278 2276/2276
f 2276/2276 2278/2278 2247/2247
f 2276/2276 2247/2247 2246/2246
f 2279/2279 2282/2282 2286/2286
f 2279/2279 2286/2286 2283/2283
f 2283/2283 2286/2286 2290/2290
f 2283/2283 2290/2290 2287/2287
f 2287/2287 2290/2290 2294/2294
f 2287/2287 2294/2294 2291/2291
f 2291/2291 2294/2294 2300/2300
f 2291/2291 2300/2300 2296/2296
f 2295/2295 2299/2299 2304/2304
f 2295/2295 2304/2304 2301/2301
f 2301/2301 2304/2304 2308/2308
f 2301/2301 2308/2308 2305/2305
f 2305/2305 2308/2308 2312/2312
f 2305/2305 2312/2312 2309/2309
f 2309/2309 2312/2312 2282/2282
f 2309/2309 2282/2282 2279/2279
f 2313/2313 2316/2316 2320/2320
f 2313/2313 2320/2320 2317/2317
f 2317/2317 2320/2320 2324/2324
f 2317/2317 2324/2324 2321/2321
f 2321/2321 2324/2324 2328/2328
f 2321/2321 2328/2328 2325/2325
f 2325/2325 2328/2328 2334/2334
f 2325/2325 2334/2334 2330/2330
f 2329/2329 2333/2333 2338/2338
f 2329/2329 2338/2338 2335/2335
f 2335/2335 2338/2338 2342/2342
f 2335/2335 2342/2342 2339/2339
f 2339/2339 2342/2342 2346/2346
f 2339/2339 2346/2346 2343/2343
f 2343/2343 2346/2346 2316/2316
f 2343/2343 2316/2316 2313/2313
f 2347/2347 2350/2350 2354/2354
f 2347/2347 2354/2354 2351/2351
f 2351/2351 2354/2354 2358/2358
f 2351/2351 2358/2358 2355/2355
f 2355/2355 2358/2358 2362/2362
f 2355/2355 2362/2362 2359/2359
f 2359/2359 2362/2362 2368/2368
f 2359/2359 2368/2368 2364/2364
f 2363/2363 2367/2367 2372/2372
f 2363/2363 2372/2372 2369/2369
f 2369/2369 2372/2372 2376/2376
f 2369/2369 2376/2376 2373/2373
f 2373/2373 2376/2376 2380/2380
f 2373/2373 2380/2380 2377/2377
f 2377/2377 2380/2380 2350/2350
f 2377/2377 2350/2350 2347/2347
f 2381/2381 2384/2384 2388/2388
f 2381/2381 2388/2388 2385/2385
f 2385/2385 2388/2388 2392/2392
f 2385/2385 2392/2392 2389/2389
f 2389/2389 2392/2392 2396/2396
f 2389/2389 2396/2396 2393/2393
f 2393/2393 2396/2396 2402/2402
f 2393/2393 2402/2402 2398/2398
f 2397/2397 2401/2401 2406/2406
f 2397/2397 2406/2406 2403/2403
f 2403/2403 2406/2406 2410/2410
f 2403/2403 2410/2410 2407/2407
f 2407/2407 2410/2410 2414/2414
f 2407/2407 2414/2414 2411/2411
f 2411/2411 2414/2414 2384/2384
f 2411/2411 2384/2384 2381/2381
f 2415/2415 2418/2418 2422/2422
f 2415/2415 2422/2422 2419/2419
f 2419/2419 2422/2422 2426/2426
f 2419/2419 2426/2426 2423/2423
f 2423/2423 2426/2426 2430/2430
f 2423/2423 2430/2430 2427/2427
f 2427/2427 2430/2430 2436/2436
f 2427/2427 2436/2436 2432/2432
f 2431/2431 2435/2435 2440/2440
f 2431/2431 2440/2440 2437/2437
f 2437/2437 2440/2440 2444/2444
f 2437/2437 2444/2444 2441/2441
f 2441/2441 2444/2444 2448/2448
f 2441/2441 2448/2448 2445/2445
f 2445/2445 2448/2448 2418/2418
f 2445/2445 2418/2418 2415/2415
f 2449/2449 2452/2452 2456/2456
f 2449/2449 2456/2456 2453/2453
f 2453/2453 2456/2456 2460/2460
f 2453/2453 2460/2460 2457/2457
f 2457/2457 2460/2460 2464/2464
f 2457/2457 2464/2464 2461/2461
f 2461/2461 2464/2464 2470/2470
f 2461/2461 2470/2470 2466/2466
f 2465/2465 2469/2469 2474/2474
f 2465/2465 2474/2474 2471/2471
f 2471/2471 2474/2474 2478/2478
f 2471/2471 2478/2478 2475/2475
f 2475/2475 2478/2478 2482/2482
f 2475/2475 2482/2482 2479/2479
f 2479/2479 2482/2482 2452/2452
f 2479/2479 2452/2452 2449/2449
f 2090/2090 2099/2099 2096/2096
f 2099/2099 2090/2090 2086/2086
f 2099/2099 2086/2086 2103/2103
f 2103/2103 2086/2086 2082/2082
f 2103/2103 2082/2082 2107/2107
f 2107/2107 2082/2082 2078/2078
f 2097/2097 2088/2088 2093/2093
f 2088/2088 2097/2097 2101/2101
f 2088/2088 2101/2101 2084/2084
f 2084/2084 2101/2101 2105/2105
f 2084/2084 2105/2105 2080/2080
f 2080/2080 2105/2105 2076/2076
f 2134/2134 2123/2123 2130/2130
f 2123/2123 2134/2134 2138/2138
f 2123/2123 2138/2138 2119/2119
f 2119/2119 2138/2138 2142/2142
f 2119/2119 2142/2142 2115/2115
f 2115/2115 2142/2142 2112/2112
f 2121/2121 2132/2132 2127/2127
f 2132/2132 2121/2121 2117/2117
f 2132/2132 2117/2117 2136/2136
f 2136/2136 2117/2117 2113/2113
f 2136/2136 2113/2113 2140/2140
f 2140/2140 2113/2113 2110/2110
f 2150/2150 2175/2175 2145/2145
f 2175/2175 2150/2150 2154/2154
f 2175/2175 2154/2154 2171/2171
f 2171/2171 2154/2154 2158/2158
f 2171/2171 2158/2158 2167/2167
f 2167/2167 2158/2158 2162/2162
f 2173/2173 2148/2148 2143/2143
f 2148/2148 2173/2173 2169/2169
f 2148/2148 2169/2169 2152/2152
f 2152/2152 2169/2169 2165/2165
f 2152/2152 2165/2165 2156/2156
f 2156/2156 2165/2165 2159/2159
f 2210/2210 2183/2183 2180/2180
f 2183/2183 2210/2210 2206/2206
f 2183/2183 2206/2206 2187/2187
f 2187/2187 2206/2206 2202/2202
f 2187/2187 2202/2202 2191/2191
f 2191/2191 2202/2202 2198/2198
f 2181/2181 2208/2208 2178/2178
f 2208/2208 2181/2181 2185/2185
f 2208/2208 2185/2185 2204/2204
f 2204/2204 2185/2185 2189/2189
f 2204/2204 2189/2189 2200/2200
f 2200/2200 2189/2189 2195/2195
f 2226/2226 2235/2235 2232/2232
f 2235/2235 2226/2226 2222/2222
f 2235/2235 2222/2222 2239/2239
f 2239/2239 2222/2222 2218/2218
f 2239/2239 2218/2218 2243/2243
f 2243/2243 2218/2218 2214/2214
f 2233/2233 2224/2224 2227/2227
f 2224/2224 2233/2233 2237/2237
f 2224/2224 2237/2237 2220/2220
f 2220/2220 2237/2237 2241/2241
f 2220/2220 2241/2241 2216/2216
f 2216/2216 2241/2241 2211/2211
f 2260/2260 2269/2269 2266/2266
f 2269/2269 2260/2260 2256/2256
f 2269/2269 2256/2256 2273/2273
f 2273/2273 2256/2256 2252/2252
f 2273/2273 2252/2252 2277/2277
f 2277/2277 2252/2252 2248/2248
f 2267/2267 2258/2258 2261/2261
f 2258/2258 2267/2267 2271/2271
f 2258/2258 2271/2271 2254/2254
f 2254/2254 2271/2271 2275/2275
f 2254/2254 2275/2275 2250/2250
f 2250/2250 2275/2275 2245/2245
f 2285/2285 2293/2293 2289/2289
f 2293/2293 2285/2285 2281/2281
f 2293/2293 2281/2281 2298/2298
f 2298/2298 2281/2281 2311/2311
f 2298/2298 2311/2311 2303/2303
f 2303/2303 2311/2311 2307/2307
f 2292/2292 2284/2284 2288/2288
f 2284/2284 2292/2292 2297/2297
f 2284/2284 2297/2297 2280/2280
f 2280/2280 2297/2297 2302/2302
f 2280/2280 2302/2302 2310/2310
f 2310/2310 2302/2302 2306/2306
f 2319/2319 2327/2327 2323/2323
f 2327/2327 2319/2319 2315/2315
f 2327/2327 2315/2315 2332/2332
f 2332/2332 2315/2315 2345/2345
f 2332/2332 2345/2345 2337/2337
f 2337/2337 2345/2345 2341/2341
f 2326/2326 2318/2318 2322/2322
f 2318/2318 2326/2326 2331/2331
f 2318/2318 2331/2331 2314/2314
f 2314/2314 2331/2331 2336/2336
f 2314/2314 2336/2336 2344/2344
f 2344/2344 2336/2336 2340/2340
f 2353/2353 2361/2361 2357/2357
f 2361/2361 2353/2353 2349/2349
f 2361/2361 2349/2349 2366/2366
f 2366/2366 2349/2349 2379/2379
f 2366/2366 2379/2379 2371/2371
f 2371/2371 2379/2379 2375/2375
f 2360/2360 2352/2352 2356/2356
f 2352/2352 2360/2360 2365/2365
f 2352/2352 2365/2365 2348/2348
f 2348/2348 2365/2365 2370/2370
f 2348/2348 2370/2370 2378/2378
f 2378/2378 2370/2370 2374/2374
f 2387/2387 2395/2395 2391/2391
f 2395/2395 2387/2387 2383/2383
f 2395/2395 2383/2383 2400/2400
f 2400/2400 2383/2383 2413/2413
f 2400/2400 2413/2413 2405/2405
f 2405/2405 2413/2413 2409/2409
f 2394/2394 2386/2386 2390/2390
f 2386/2386 2394/2394 2399/2399
f 2386/2386 2399/2399 2382/2382
f 2382/2382 2399/2399 2404/2404
f 2382/2382 2404/2404 2412/2412
f 2412/2412 2404/2404 2408/2408
f 2421/2421 2429/2429 2425/2425
f 2429/2429 2421/2421 2417/2417
f 2429/2429 2417/2417 2434/2434
f 2434/2434 2417/2417 2447/2447
f 2434/2434 2447/2447 2439/2439
f 2439/2439 2447/2447 2443/2443
f 2428/2428 2420/2420 2424/2424
f 2420/2420 2428/2428 2433/2433
f 2420/2420 2433/2433 2416/2416
f 2416/2416 2433/2433 2438/2438
f 2416/2416 2438/2438 2446/2446
f 2446/2446 2438/2438 2442/2442
f 2455/2455 2463/2463 2459/2459
f 2463/2463 2455/2455 2451/2451
f 2463/2463 2451/2451 2468/2468
f 2468/2468 2451/2451 2481/2481
f 2468/2468 2481/2481 2473/2473
f 2473/2473 2481/2481 2477/2477
f 2462/2462 2454/2454 2458/2458
f 2454/2454 2462/2462 2467/2467
f 2454/2454 2467/2467 2450/2450
f 2450/2450 2467/2467 2472/2472
f 2450/2450 2472/2472 2480/2480
f 2480/2480 2472/2472 2476/2476
f 2483/2483 2485/2485 2489/2489
f 2483/2483 2489/2489 2487/2487
f 2487/2487 2489/2489 2493/2493
f 2487/2487 2493/2493 2491/2491
f 2491/2491 2493/2493 2497/2497
f 2491/2491 2497/2497 2495/2495
f 2495/2495 2497/2497 2503/2503
f 2495/2495 2503/2503 2500/2500
f 2499/2499 2502/2502 2508/2508
f 2499/2499 2508/2508 2506/2506
f 2506/2506 2508/2508 2512/2512
f 2506/2506 2512/2512 2510/2510
f 2510/2510 2512/2512 2516/2516
f 2510/2510 2516/2516 2514/2514
f 2514/2514 2516/2516 2485/2485
f 2514/2514 2485/2485 2483/2483
f 2517/2517 2522/2522 2524/2524
f 2517/2517 2524/2524 2519/2519
f 2522/2522 2526/2526 2528/2528
f 2522/2522 2528/2528 2524/2524
f 2526/2526 2530/2530 2532/2532
f 2526/2526 2532/2532 2528/2528
f 2530/2530 2534/2534 2537/2537
f 2530/2530 2537/2537 2532/2532
f 2533/2533 2539/2539 2541/2541
f 2533/2533 2541/2541 2536/2536
f 2539/2539 2543/2543 2545/2545
f 2539/2539 2545/2545 2541/2541
f 2543/2543 2547/2547 2549/2549
f 2543/2543 2549/2549 2545/2545
f 2547/2547 2517/2517 2519/2519
f 2547/2547 2519/2519 2549/2549
f 2552/2552 2555/2555 2557/2557
f 2552/2552 2557/2557 2554/2554
f 2555/2555 2559/2559 2561/2561
f 2555/2555 2561/2561 2557/2557
f 2559/2559 2563/2563 2565/2565
f 2559/2559 2565/2565 2561/2561
f 2563/2563 2569/2569 2572/2572
f 2563/2563 2572/2572 2565/2565
f 2568/2568 2574/2574 2576/2576
f 2568/2568 2576/2576 2571/2571
f 2574/2574 2578/2578 2580/2580
f 2574/2574 2580/2580 2576/2576
f 2578/2578 2582/2582 2584/2584
f 2578/2578 2584/2584 2580/2580
f 2582/2582 2552/2552 2554/2554
f 2582/2582 2554/2554 2584/2584
f 2585/2585 2587/2587 2592/2592
f 2585/2585 2592/2592 2590/2590
f 2590/2590 2592/2592 2596/2596
f 2590/2590 2596/2596 2594/2594
f 2594/2594 2596/2596 2600/2600
f 2594/2594 2600/2600 2598/2598
f 2598/2598 2600/2600 2605/2605
f 2598/2598 2605/2605 2602/2602
f 2601/2601 2604/2604 2609/2609
f 2601/2601 2609/2609 2607/2607
f 2607/2607 2609/2609 2613/2613
f 2607/2607 2613/2613 2611/2611
f 2611/2611 2613/2613 2617/2617
f 2611/2611 2617/2617 2615/2615
f 2615/2615 2617/2617 2587/2587
f 2615/2615 2587/2587 2585/2585
f 2620/2620 2621/2621 2625/2625
f 2620/2620 2625/2625 2623/2623
f 2623/2623 2625/2625 2629/2629
f 2623/2623 2629/2629 2627/2627
f 2627/2627 2629/2629 2633/2633
f 2627/2627 2633/2633 2631/2631
f 2631/2631 2633/2633 2639/2639
f 2631/2631 2639/2639 2637/2637
f 2636/2636 2638/2638 2644/2644
f 2636/2636 2644/2644 2642/2642
f 2642/2642 2644/2644 2648/2648
f 2642/2642 2648/2648 2646/2646
f 2646/2646 2648/2648 2652/2652
f 2646/2646 2652/2652 2650/2650
f 2650/2650 2652/2652 2621/2621
f 2650/2650 2621/2621 2620/2620
f 2654/2654 2655/2655 2659/2659
f 2654/2654 2659/2659 2657/2657
f 2657/2657 2659/2659 2663/2663
f 2657/2657 2663/2663 2661/2661
f 2661/2661 2663/2663 2667/2667
f 2661/2661 2667/2667 2665/2665
f 2665/2665 2667/2667 2673/2673
f 2665/2665 2673/2673 2671/2671
f 2670/2670 2672/2672 2678/2678
f 2670/2670 2678/2678 2676/2676
f 2676/2676 2678/2678 2682/2682
f 2676/2676 2682/2682 2680/2680
f 2680/2680 2682/2682 2686/2686
f 2680/2680 2686/2686 2684/2684
f 2684/2684 2686/2686 2655/2655
f 2684/2684 2655/2655 2654/2654
f 2687/2687 2690/2690 2694/2694
f 2687/2687 2694/2694 2691/2691
f 2691/2691 2694/2694 2698/2698
f 2691/2691 2698/2698 2695/2695
f 2695/2695 2698/2698 2702/2702
f 2695/2695 2702/2702 2699/2699
f 2699/2699 2702/2702 2708/2708
f 2699/2699 2708/2708 2704/2704
f 2703/2703 2707/2707 2712/2712
f 2703/2703 2712/2712 2709/2709
f 2709/2709 2712/2712 2716/2716
f 2709/2709 2716/2716 2713/2713
f 2713/2713 2716/2716 2720/2720
f 2713/2713 2720/2720 2717/2717
f 2717/2717 2720/2720 2690/2690
f 2717/2717 2690/2690 2687/2687
f 2721/2721 2724/2724 2728/2728
f 2721/2721 2728/2728 2725/2725
f 2725/2725 2728/2728 2732/2732
f 2725/2725 2732/2732 2729/2729
f 2729/2729 2732/2732 2736/2736
f 2729/2729 2736/2736 2733/2733
f 2733/2733 2736/2736 2742/2742
f 2733/2733 2742/2742 2738/2738
f 2737/2737 2741/2741 2746/2746
f 2737/2737 2746/2746 2743/2743
f 2743/2743 2746/2746 2750/2750
f 2743/2743 2750/2750 2747/2747
f 2747/2747 2750/2750 2754/2754
f 2747/2747 2754/2754 2751/2751
f 2751/2751 2754/2754 2724/2724
f 2751/2751 2724/2724 2721/2721
f 2755/2755 2758/2758 2762/2762
f 2755/2755 2762/2762 2759/2759
f 2759/2759 2762/2762 2766/2766
f 2759/2759 2766/2766 2763/2763
f 2763/2763 2766/2766 2770/2770
f 2763/2763 2770/2770 2767/2767
f 2767/2767 2770/2770 2776/2776
f 2767/2767 2776/2776 2772/2772
f 2771/2771 2775/2775 2780/2780
f 2771/2771 2780/2780 2777/2777
f 2777/2777 2780/2780 2784/2784
f 2777/2777 2784/2784 2781/2781
f 2781/2781 2784/2784 2788/2788
f 2781/2781 2788/2788 2785/2785
f 2785/2785 2788/2788 2758/2758
f 2785/2785 2758/2758 2755/2755
f 2789/2789 2792/2792 2796/2796
f 2789/2789 2796/2796 2793/2793
f 2793/2793 2796/2796 2800/2800
f 2793/2793 2800/2800 2797/2797
f 2797/2797 2800/2800 2804/2804
f 2797/2797 2804/2804 2801/2801
f 2801/2801 2804/2804 2810/2810
f 2801/2801 2810/2810 2806/2806
f 2805/2805 2809/2809 2814/2814
f 2805/2805 2814/2814 2811/2811
f 2811/2811 2814/2814 2818/2818
f 2811/2811 2818/2818 2815/2815
f 2815/2815 2818/2818 2822/2822
f 2815/2815 2822/2822 2819/2819
f 2819/2819 2822/2822 2792/2792
f 2819/2819 2792/2792 2789/2789
f 2823/2823 2826/2826 2830/2830
f 2823/2823 2830/2830 2827/2827
f 2827/2827 2830/2830 2834/2834
f 2827/2827 2834/2834 2831/2831
f 2831/2831 2834/2834 2838/2838
f 2831/2831 2838/2838 2835/2835
f 2835/2835 2838/2838 2844/2844
f 2835/2835 2844/2844 2840/2840
f 2839/2839 2843/2843 2848/2848
f 2839/2839 2848/2848 2845/2845
f 2845/2845 2848/2848 2852/2852
f 2845/2845 2852/2852 2849/2849
f 2849/2849 2852/2852 2856/2856
f 2849/2849 2856/2856 2853/2853
f 2853/2853 2856/2856 2826/2826
f 2853/2853 2826/2826 2823/2823
f 2857/2857 2860/2860 2864/2864
f 2857/2857 2864/2864 2861/2861
f 2861/2861 2864/2864 2868/2868
f 2861/2861 2868/2868 2865/2865
f 2865/2865 2868/2868 2872/2872
f 2865/2865 2872/2872 2869/2869
f 2869/2869 2872/2872 2878/2878
f 2869/2869 2878/2878 2874/2874
f 2873/2873 2877/2877 2882/2882
f 2873/2873 2882/2882 2879/2879
f 2879/2879 2882/2882 2886/2886
f 2879/2879 2886/2886 2883/2883
f 2883/2883 2886/2886 2890/2890
f 2883/2883 2890/2890 2887/2887
f 2887/2887 2890/2890 2860/2860
f 2887/2887 2860/2860 2857/2857
f 2498/2498 2507/2507 2504/2504
f 2507/2507 2498/2498 2494/2494
f 2507/2507 2494/2494 2511/2511
f 2511/2511 2494/2494 2490/2490
f 2511/2511 2490/2490 2515/2515
f 2515/2515 2490/2490 2486/2486
f 2505/2505 2496/2496 2501/2501
f 2496/2496 2505/2505 2509/2509
f 2496/2496 2509/2509 2492/2492
f 2492/2492 2509/2509 2513/2513
f 2492/2492 2513/2513 2488/2488
f 2488/2488 2513/2513 2484/2484
f 2542/2542 2531/2531 2538/2538
f 2531/2531 2542/2542 2546/2546
f 2531/2531 2546/2546 2527/2527
f 2527/2527 2546/2546 2550/2550
f 2527/2527 2550/2550 2523/2523
f 2523/2523 2550/2550 2520/2520
f 2529/2529 2540/2540 2535/2535
f 2540/2540 2529/2529 2525/2525
f 2540/2540 2525/2525 2544/2544
f 2544/2544 2525/2525 2521/2521
f 2544/2544 2521/2521 2548/2548
f 2548/2548 2521/2521 2518/2518
f 2558/2558 2583/2583 2553/2553
f 2583/2583 2558/2558 2562/2562
f 2583/2583 2562/2562 2579/2579
f 2579/2579 2562/2562 2566/2566
f 2579/2579 2566/2566 2575/2575
f 2575/2575 2566/2566 2570/2570
f 2581/2581 2556/2556 2551/2551
f 2556/2556 2581/2581 2577/2577
f 2556/2556 2577/2577 2560/2560
f 2560/2560 2577/2577 2573/2573
f 2560/2560 2573/2573 2564/2564
f 2564/2564 2573/2573 2567/2567
f 2618/2618 2591/2591 2588/2588
f 2591/2591 2618/2618 2614/2614
f 2591/2591 2614/2614 2595/2595
f 2595/2595 2614/2614 2610/2610
f 2595/2595 2610/2610 2599/2599
f 2599/2599 2610/2610 2606/2606
f 2589/2589 2616/2616 2586/2586
f 2616/2616 2589/2589 2593/2593
f 2616/2616 2593/2593 2612/2612
f 2612/2612 2593/2593 2597/2597
f 2612/2612 2597/2597 2608/2608
f 2608/2608 2597/2597 2603/2603
f 2634/2634 2643/2643 2640/2640
f 2643/2643 2634/2634 2630/2630
f 2643/2643 2630/2630 2647/2647
f 2647/2647 2630/2630 2626/2626
f 2647/2647 2626/2626 2651/2651
f 2651/2651 2626/2626 2622/2622
f 2641/2641 2632/2632 2635/2635
f 2632/2632 2641/2641 2645/2645
f 2632/2632 2645/2645 2628/2628
f 2628/2628 2645/2645 2649/2649
f 2628/2628 2649/2649 2624/2624
f 2624/2624 2649/2649 2619/2619
f 2668/2668 2677/2677 2674/2674
f 2677/2677 2668/2668 2664/2664
f 2677/2677 2664/2664 2681/2681
f 2681/2681 2664/2664 2660/2660
f 2681/2681 2660/2660 2685/2685
f 2685/2685 2660/2660 2656/2656
f 2675/2675 2666/2666 2669/2669
f 2666/2666 2675/2675 2679/2679
f 2666/2666 2679/2679 2662/2662
f 2662/2662 2679/2679 2683/2683
f 2662/2662 2683/2683 2658/2658
f 2658/2658 2683/2683 2653/2653
f 2693/2693 2701/2701 2697/2697
f 2701/2701 2693/2693 2689/2689
f 2701/2701 2689/2689 2706/2706
f 2706/2706 2689/2689 2719/2719
f 2706/2706 2719/2719 2711/2711
f 2711/2711 2719/2719 2715/2715
f 2700/2700 2692/2692 2696/2696
f 2692/2692 2700/2700 2705/2705
f 2692/2692 2705/2705 2688/2688
f 2688/2688 2705/2705 2710/2710
f 2688/2688 2710/2710 2718/2718
f 2718/2718 2710/2710 2714/2714
f 2727/2727 2735/2735 2731/2731
f 2735/2735 2727/2727 2723/2723
f 2735/2735 2723/2723 2740/2740
f 2740/2740 2723/2723 2753/2753
f 2740/2740 2753/2753 2745/2745
f 2745/2745 2753/2753 2749/2749
f 2734/2734 2726/2726 2730/2730
f 2726/2726 2734/2734 2739/2739
f 2726/2726 2739/2739 2722/2722
f 2722/2722 2739/2739 2744/2744
f 2722/2722 2744/2744 2752/2752
f 2752/2752 2744/2744 2748/2748
f 2761/2761 2769/2769 2765/2765
f 2769/2769 2761/2761 2757/2757
f 2769/2769 2757/2757 2774/2774
f 2774/2774 2757/2757 2787/2787
f 2774/2774 2787/2787 2779/2779
f 2779/2779 2787/2787 2783/2783
f 2768/2768 2760/2760 2764/2764
f 2760/2760 2768/2768 2773/2773
f 2760/2760 2773/2773 2756/2756
f 2756/2756 2773/2773 2778/2778
f 2756/2756 2778/2778 2786/2786
f 2786/2786 2778/2778 2782/2782
f 2795/2795 2803/2803 2799/2799
f 2803/2803 2795/2795 2791/2791
f 2803/2803 2791/2791 2808/2808
f 2808/2808 2791/2791 2821/2821
f 2808/2808 2821/2821 2813/2813
f 2813/2813 2821/2821 2817/2817
f 2802/2802 2794/2794 2798/2798
f 2794/2794 2802/2802 2807/2807
f 2794/2794 2807/2807 2790/2790
f 2790/2790 2807/2807 2812/2812
f 2790/2790 2812/2812 2820/2820
f 2820/2820 2812/2812 2816/2816
f 2829/2829 2837/2837 2833/2833
f 2837/2837 2829/2829 2825/2825
f 2837/2837 2825/2825 2842/2842
f 2842/2842 2825/2825 2855/2855
f 2842/2842 2855/2855 2847/2847
f 2847/2847 2855/2855 2851/2851
f 2836/2836 2828/2828 2832/2832
f 2828/2828 2836/2836 2841/2841
f 2828/2828 2841/2841 2824/2824
f 2824/2824 2841/2841 2846/2846
f 2824/2824 2846/2846 2854/2854
f 2854/2854 2846/2846 2850/2850
f 2863/2863 2871/2871 2867/2867
f 2871/2871 2863/2863 2859/2859
f 2871/2871 2859/2859 2876/2876
f 2876/2876 2859/2859 2889/2889
f 2876/2876 2889/2889 2881/2881
f 2881/2881 2889/2889 2885/2885
f 2870/2870 2862/2862 2866/2866
f 2862/2862 2870/2870 2875/2875
f 2862/2862 2875/2875 2858/2858
f 2858/2858 2875/2875 2880/2880
f 2858/2858 2880/2880 2888/2888
f 2888/2888 2880/2880 2884/2884
f 2891/2891 2893/2893 2897/2897
f 2891/2891 2897/2897 2895/2895
f 2895/2895 2897/2897 2901/2901
f 2895/2895 2901/2901 2899/2899
f 2899/2899 2901/2901 2905/2905
f 2899/2899 2905/2905 2903/2903
f 2903/2903 2905/2905 2911/2911
f 2903/2903 2911/2911 2908/2908
f 2907/2907 2910/2910 2916/2916
f 2907/2907 2916/2916 2914/2914
f 2914/2914 2916/2916 2920/2920
f 2914/2914 2920/2920 2918/2918
f 2918/2918 2920/2920 2924/2924
f 2918/2918 2924/2924 2922/2922
f 2922/2922 2924/2924 2893/2893
f 2922/2922 2893/2893 2891/2891
f 2925/2925 2930/2930 2932/2932
f 2925/2925 2932/2932 2927/2927
f 2930/2930 2934/2934 2936/2936
f 2930/2930 2936/2936 2932/2932
f 2934/2934 2938/2938 2940/2940
f 2934/2934 2940/2940 2936/2936
f 2938/2938 2942/2942 2945/2945
f 2938/2938 2945/2945 2940/2940
f 2941/2941 2947/2947 2949/2949
f 2941/2941 2949/2949 2944/2944
f 2947/2947 2951/2951 2953/2953
f 2947/2947 2953/2953 2949/2949
f 2951/2951 2955/2955 2957/2957
f 2951/2951 2957/2957 2953/2953
f 2955/2955 2925/2925 2927/2927
f 2955/2955 2927/2927 2957/2957
f 2960/2960 2963/2963 2965/2965
f 2960/2960 2965/2965 2962/2962
f 2963/2963 2967/2967 2969/2969
f 2963/2963 2969/2969 2965/2965
f 2967/2967 2971/2971 2973/2973
f 2967/2967 2973/2973 2969/2969
f 2971/2971 2977/2977 2980/2980
f 2971/2971 2980/2980 2973/2973
f 2976/2976 2982/2982 2984/2984
f 2976/2976 2984/2984 2979/2979
f 2982/2982 2986/2986 2988/2988
f 2982/2982 2988/2988 2984/2984
f 2986/2986 2990/2990 2992/2992
f 2986/2986 2992/2992 2988/2988
f 2990/2990 2960/2960 2962/2962
f 2990/2990 2962/2962 2992/2992
f 2993/2993 2995/2995 3000/3000
f 2993/2993 3000/3000 2998/2998
f 2998/2998 3000/3000 3004/3004
f 2998/2998 3004/3004 3002/3002
f 3002/3002 3004/3004 3008/3008
f 3002/3002 3008/3008 3006/3006
f 3006/3006 3008/3008 3013/3013
f 3006/3006 3013/3013 3010/3010
f 3009/3009 3012/3012 3017/3017
f 3009/3009 3017/3017 3015/3015
f 3015/3015 3017/3017 3021/3021
f 3015/3015 3021/3021 3019/3019
f 3019/3019 3021/3021 3025/3025
f 3019/3019 3025/3025 3023/3023
f 3023/3023 3025/3025 2995/2995
f 3023/3023 2995/2995 2993/2993
f 3028/3028 3029/3029 3033/3033
f 3028/3028 3033/3033 3031/3031
f 3031/3031 3033/3033 3037/3037
f 3031/3031 3037/3037 3035/3035
f 3035/3035 3037/3037 3041/3041
f 3035/3035 3041/3041 3039/3039
f 3039/3039 3041/3041 3047/3047
f 3039/3039 3047/3047 3045/3045
f 3044/3044 3046/3046 3052/3052
f 3044/3044 3052/3052 3050/3050
f 3050/3050 3052/3052 3056/3056
f 3050/3050 3056/3056 3054/3054
f 3054/3054 3056/3056 3060/3060
f 3054/3054 3060/3060 3058/3058
f 3058/3058 3060/3060 3029/3029
f 3058/3058 3029/3029 3028/3028
f 3062/3062 3063/3063 3067/3067
f 3062/3062 3067/3067 3065/3065
f 3065/3065 3067/3067 3071/3071
f 3065/3065 3071/3071 3069/3069
f 3069/3069 3071/3071 3075/3075
f 3069/3069 3075/3075 3073/3073
f 3073/3073 3075/3075 3081/3081
f 3073/3073 3081/3081 3079/3079
f 3078/3078 3080/3080 3086/3086
f 3078/3078 3086/3086 3084/3084
f 3084/3084 3086/3086 3090/3090
f 3084/3084 3090/3090 3088/3088
f 3088/3088 3090/3090 3094/3094
f 3088/3088 3094/3094 3092/3092
f 3092/3092 3094/3094 3063/3063
f 3092/3092 3063/3063 3062/3062
f 3095/3095 3098/3098 3102/3102
f 3095/3095 3102/3102 3099/3099
f 3099/3099 3102/3102 3106/3106
f 3099/3099 3106/3106 3103/3103
f 3103/3103 3106/3106 3110/3110
f 3103/3103 3110/3110 3107/3107
f 3107/3107 3110/3110 3116/3116
f 3107/3107 3116/3116 3112/3112
f 3111/3111 3115/3115 3120/3120
f 3111/3111 3120/3120 3117/3117
f 3117/3117 3120/3120 3124/3124
f 3117/3117 3124/3124 3121/3121
f 3121/3121 3124/3124 3128/3128
f 3121/3121 3128/3128 3125/3125
f 3125/3125 3128/3128 3098/3098
f 3125/3125 3098/3098 3095/3095
f 3129/3129 3132/3132 3136/3136
f 3129/3129 3136/3136 3133/3133
f 3133/3133 3136/3136 3140/3140
f 3133/3133 3140/3140 3137/3137
f 3137/3137 3140/3140 3144/3144
f 3137/3137 3144/3144 3141/3141
f 3141/3141 3144/3144 3150/3150
f 3141/3141 3150/3150 3146/3146
f 3145/3145 3149/3149 3154/3154
f 3145/3145 3154/3154 3151/3151
f 3151/3151 3154/3154 3158/3158
f 3151/3151 3158/3158 3155/3155
f 3155/3155 3158/3158 3162/3162
f 3155/3155 3162/3162 3159/3159
f 3159/3159 3162/3162 3132/3132
f 3159/3159 3132/3132 3129/3129
f 3163/3163 3166/3166 3170/3170
f 3163/3163 3170/3170 3167/3167
f 3167/3167 3170/3170 3174/3174
f 3167/3167 3174/3174 3171/3171
f 3171/3171 3174/3174 3178/3178
f 3171/3171 3178/3178 3175/3175
f 3175/3175 3178/3178 3184/3184
f 3175/3175 3184/3184 3180/3180
f 3179/3179 3183/3183 3188/3188
f 3179/3179 3188/3188 3185/3185
f 3185/3185 3188/3188 3192/3192
f 3185/3185 3192/3192 3189/3189
f 3189/3189 3192/3192 3196/3196
f 3189/3189 3196/3196 3193/3193
f 3193/3193 3196/3196 3166/3166
f 3193/3193 3166/3166 3163/3163
f 3197/3197 3200/3200 3204/3204
f 3197/3197 3204/3204 3201/3201
f 3201/3201 3204/3204 3208/3208
f 3201/3201 3208/3208 3205/3205
f 3205/3205 3208/3208 3212/3212
f 3205/3205 3212/3212 3209/3209
f 3209/3209 3212/3212 3218/3218
f 3209/3209 3218/3218 3214/3214
f 3213/3213 3217/3217 3222/3222
f 3213/3213 3222/3222 3219/3219
f 3219/3219 3222/3222 3226/3226
f 3219/3219 3226/3226 3223/3223
f 3223/3223 3226/3226 3230/3230
f 3223/3223 3230/3230 3227/3227
f 3227/3227 3230/3230 3200/3200
f 3227/3227 3200/3200 3197/3197
f 3231/3231 3234/3234 3238/3238
f 3231/3231 3238/3238 3235/3235
f 3235/3235 3238/3238 3242/3242
f 3235/3235 3242/3242 3239/3239
f 3239/3239 3242/3242 3246/3246
f 3239/3239 3246/3246 3243/3243
f 3243/3243 3246/3246 3252/3252
f 3243/3243 3252/3252 3248/3248
f 3247/3247 3251/3251 3256/3256
f 3247/3247 3256/3256 3253/3253
f 3253/3253 3256/3256 3260/3260
f 3253/3253 3260/3260 3257/3257
f 3257/3257 3260/3260 3264/3264
f 3257/3257 3264/3264 3261/3261
f 3261/3261 3264/3264 3234/3234
f 3261/3261 3234/3234 3231/3231
f 3265/3265 3268/3268 3272/3272
f 3265/3265 3272/3272 3269/3269
f 3269/3269 3272/3272 3276/3276
f 3269/3269 3276/3276 3273/3273
f 3273/3273 3276/3276 3280/3280
f 3273/3273 3280/3280 3277/3277
f 3277/3277 3280/3280 3286/3286
f 3277/3277 3286/3286 3282/3282
f 3281/3281 3285/3285 3290/3290
f 3281/3281 3290/3290 3287/3287
f 3287/3287 3290/3290 3294/3294
f 3287/3287 3294/3294 3291/3291
f 3291/3291 3294/3294 3298/3298
f 3291/3291 3298/3298 3295/3295
f 3295/3295 3298/3298 3268/3268
f 3295/3295 3268/3268 3265/3265
f 2906/2906 2915/2915 2912/2912
f 2915/2915 2906/2906 2902/2902
f 2915/2915 2902/2902 2919/2919
f 2919/2919 2902/2902 2898/2898
f 2919/2919 2898/2898 2923/2923
f 2923/2923 2898/2898 2894/2894
f 2913/2913 2904/2904 2909/2909
f 2904/2904 2913/2913 2917/2917
f 2904/2904 2917/2917 2900/2900
f 2900/2900 2917/2917 2921/2921
f 2900/2900 2921/2921 2896/2896
f 2896/2896 2921/2921 2892/2892
f 2950/2950 2939/2939 2946/2946
f 2939/2939 2950/2950 2954/2954
f 2939/2939 2954/2954 2935/2935
f 2935/2935 2954/2954 2958/2958
f 2935/2935 2958/2958 2931/2931
f 2931/2931 2958/2958 2928/2928
f 2937/2937 2948/2948 2943/2943
f 2948/2948 2937/2937 2933/2933
f 2948/2948 2933/2933 2952/2952
f 2952/2952 2933/2933 2929/2929
f 2952/2952 2929/2929 2956/2956
f 2956/2956 2929/2929 2926/2926
f 2966/2966 2991/2991 2961/2961
f 2991/2991 2966/2966 2970/2970
f 2991/2991 2970/2970 2987/2987
f 2987/2987 2970/2970 2974/2974
f 2987/2987 2974/2974 2983/2983
f 2983/2983 2974/2974 2978/2978
f 2989/2989 2964/2964 2959/2959
f 2964/2964 2989/2989 2985/2985
f 2964/2964 2985/2985 2968/2968
f 2968/2968 2985/2985 2981/2981
f 2968/2968 2981/2981 2972/2972
f 2972/2972 2981/2981 2975/2975
f 3026/3026 2999/2999 2996/2996
f 2999/2999 3026/3026 3022/3022
f 2999/2999 3022/3022 3003/3003
f 3003/3003 3022/3022 3018/3018
f 3003/3003 3018/3018 3007/3007
f 3007/3007 3018/3018 3014/3014
f 2997/2997 3024/3024 2994/2994
f 3024/3024 2997/2997 3001/3001
f 3024/3024 3001/3001 3020/3020
f 3020/3020 3001/3001 3005/3005
f 3020/3020 3005/3005 3016/3016
f 3016/3016 3005/3005 3011/3011
f 3042/3042 3051/3051 3048/3048
f 3051/3051 3042/3042 3038/3038
f 3051/3051 3038/3038 3055/3055
f 3055/3055 3038/3038 3034/3034
f 3055/3055 3034/3034 3059/3059
f 3059/3059 3034/3034 3030/3030
f 3049/3049 3040/3040 3043/3043
f 3040/3040 3049/3049 3053/3053
f 3040/3040 3053/3053 3036/3036
f 3036/3036 3053/3053 3057/3057
f 3036/3036 3057/3057 3032/3032
f 3032/3032 3057/3057 3027/3027
f 3076/3076 3085/3085 3082/3082
f 3085/3085 3076/3076 3072/3072
f 3085/3085 3072/3072 3089/3089
f 3089/3089 3072/3072 3068/3068
f 3089/3089 3068/3068 3093/3093
f 3093/3093 3068/3068 3064/3064
f 3083/3083 3074/3074 3077/3077
f 3074/3074 3083/3083 3087/3087
f 3074/3074 3087/3087 3070/3070
f 3070/3070 3087/3087 3091/3091
f 3070/3070 3091/3091 3066/3066
f 3066/3066 3091/3091 3061/3061
f 3101/3101 3109/3109 3105/3105
f 3109/3109 3101/3101 3097/3097
f 3109/3109 3097/3097 3114/3114
f 3114/3114 3097/3097 3127/3127
f 3114/3114 3127/3127 3119/3119
f 3119/3119 3127/3127 3123/3123
f 3108/3108 3100/3100 3104/3104
f 3100/3100 3108/3108 3113/3113
f 3100/3100 3113/3113 3096/3096
f 3096/3096 3113/3113 3118/3118
f 3096/3096 3118/3118 3126/3126
f 3126/3126 3118/3118 3122/3122
f 3135/3135 3143/3143 3139/3139
f 3143/3143 3135/3135 3131/3131
f 3143/3143 3131/3131 3148/3148
f 3148/3148 3131/3131 3161/3161
f 3148/3148 3161/3161 3153/3153
f 3153/3153 3161/3161 3157/3157
f 3142/3142 3134/3134 3138/3138
f 3134/3134 3142/3142 3147/3147
f 3134/3134 3147/3147 3130/3130
f 3130/3130 3147/3147 3152/3152
f 3130/3130 3152/3152 3160/3160
f 3160/3160 3152/3152 3156/3156
f 3169/3169 3177/3177 3173/3173
f 3177/3177 3169/3169 3165/3165
f 3177/3177 3165/3165 3182/3182
f 3182/3182 3165/3165 3195/3195
f 3182/3182 3195/3195 3187/3187
f 3187/3187 3195/3195 3191/3191
f 3176/3176 3168/3168 3172/3172
f 3168/3168 3176/3176 3181/3181
f 3168/3168 3181/3181 3164/3164
f 3164/3164 3181/3181 3186/3186
f 3164/3164 3186/3186 3194/3194
f 3194/3194 3186/3186 3190/3190
f 3203/3203 3211/3211 3207/3207
f 3211/3211 3203/3203 3199/3199
f 3211/3211 3199/3199 3216/3216
f 3216/3216 3199/3199 3229/3229
f 3216/3216 3229/3229 3221/3221
f 3221/3221 3229/3229 3225/3225
f 3210/3210 3202/3202 3206/3206
f 3202/3202 3210/3210 3215/3215
f 3202/3202 3215/3215 3198/3198
f 3198/3198 3215/3215 3220/3220
f 3198/3198 3220/3220 3228/3228
f 3228/3228 3220/3220 3224/3224
f 3237/3237 3245/3245 3241/3241
f 3245/3245 3237/3237 3233/3233
f 3245/3245 3233/3233 3250/3250
f 3250/3250 3233/3233 3263/3263
f 3250/3250 3263/3263 3255/3255
f 3255/3255 3263/3263 3259/3259
f 3244/3244 3236/3236 3240/3240
f 3236/3236 3244/3244 3249/3249
f 3236/3236 3249/3249 3232/3232
f 3232/3232 3249/3249 3254/3254
f 3232/3232 3254/3254 3262/3262
f 3262/3262 3254/3254 3258/3258
f 3271/3271 3279/3279 3275/3275
f 3279/3279 3271/3271 3267/3267
f 3279/3279 3267/3267 3284/3284
f 3284/3284 3267/3267 3297/3297
f 3284/3284 3297/3297 3289/3289
f 3289/3289 3297/3297 3293/3293
f 3278/3278 3270/3270 3274/3274
f 3270/3270 3278/3278 3283/3283
f 3270/3270 3283/3283 3266/3266
f 3266/3266 3283/3283 3288/3288
f 3266/3266 3288/3288 3296/3296
f 3296/3296 3288/3288 3292/3292
f 3299/3299 3301/3301 3305/3305
f 3299/3299 3305/3305 3303/3303
f 3303/3303 3305/3305 3309/3309
f 3303/3303 3309/3309 3307/3307
f 3307/3307 3309/3309 3313/3313
f 3307/3307 3313/3313 3311/3311
f 3311/3311 3313/3313 3319/3319
f 3311/3311 3319/3319 3316/3316
f 3315/3315 3318/3318 3324/3324
f 3315/3315 3324/3324 3322/3322
f 3322/3322 3324/3324 3328/3328
f 3322/3322 3328/3328 3326/3326
f 3326/3326 3328/3328 3332/3332
f 3326/3326 3332/3332 3330/3330
f 3330/3330 3332/3332 3301/3301
f 3330/3330 3301/3301 3299/3299
f 3333/3333 3338/3338 3340/3340
f 3333/3333 3340/3340 3335/3335
f 3338/3338 3342/3342 3344/3344
f 3338/3338 3344/3344 3340/3340
f 3342/3342 3346/3346 3348/3348
f 3342/3342 3348/3348 3344/3344
f 3346/3346 3350/3350 3353/3353
f 3346/3346 3353/3353 3348/3348
f 3349/3349 3355/3355 3357/3357
f 3349/3349 3357/3357 3352/3352
f 3355/3355 3359/3359 3361/3361
f 3355/3355 3361/3361 3357/3357
f 3359/3359 3363/3363 3365/3365
f 3359/3359 3365/3365 3361/3361
f 3363/3363 3333/3333 3335/3335
f 3363/3363 3335/3335 3365/3365
f 3368/3368 3371/3371 3373/3373
f 3368/3368 3373/3373 3370/3370
f 3371/3371 3375/3375 3377/3377
f 3371/3371 3377/3377 3373/3373
f 3375/3375 3379/3379 3381/3381
f 3375/3375 3381/3381 3377/3377
f 3379/3379 3385/3385 3388/3388
f 3379/3379 3388/3388 3381/3381
f 3384/3384 3390/3390 3392/3392
f 3384/3384 3392/3392 3387/3387
f 3390/3390 3394/3394 3396/3396
f 3390/3390 3396/3396 3392/3392
f 3394/3394 3398/3398 3400/3400
f 3394/3394 3400/3400 3396/3396
f 3398/3398 3368/3368 3370/3370
f 3398/3398 3370/3370 3400/3400
f 3401/3401 3403/3403 3408/3408
f 3401/3401 3408/3408 3406/3406
f 3406/3406 3408/3408 3412/3412
f 3406/3406 3412/3412 3410/3410
f 3410/3410 3412/3412 3416/3416
f 3410/3410 3416/3416 3414/3414
f 3414/3414 3416/3416 3421/3421
f 3414/3414 3421/3421 3418/3418
f 3417/3417 3420/3420 3425/3425
f 3417/3417 3425/3425 3423/3423
f 3423/3423 3425/3425 3429/3429
f 3423/3423 3429/3429 3427/3427
f 3427/3427 3429/3429 3433/3433
f 3427/3427 3433/3433 3431/3431
f 3431/3431 3433/3433 3403/3403
f 3431/3431 3403/3403 3401/3401
f 3436/3436 3437/3437 3441/3441
f 3436/3436 3441/3441 3439/3439
f 3439/3439 3441/3441 3445/3445
f 3439/3439 3445/3445 3443/3443
f 3443/3443 3445/3445 3449/3449
f 3443/3443 3449/3449 3447/3447
f 3447/3447 3449/3449 3455/3455
f 3447/3447 3455/3455 3453/3453
f 3452/3452 3454/3454 3460/3460
f 3452/3452 3460/3460 3458/3458
f 3458/3458 3460/3460 3464/3464
f 3458/3458 3464/3464 3462/3462
f 3462/3462 3464/3464 3468/3468
f 3462/3462 3468/3468 3466/3466
f 3466/3466 3468/3468 3437/3437
f 3466/3466 3437/3437 3436/3436
f 3470/3470 3471/3471 3475/3475
f 3470/3470 3475/3475 3473/3473
f 3473/3473 3475/3475 3479/3479
f 3473/3473 3479/3479 3477/3477
f 3477/3477 3479/3479 3483/3483
f 3477/3477 3483/3483 3481/3481
f 3481/3481 3483/3483 3489/3489
f 3481/3481 3489/3489 3487/3487
f 3486/3486 3488/3488 3494/3494
f 3486/3486 3494/3494 3492/3492
f 3492/3492 3494/3494 3498/3498
f 3492/3492 3498/3498 3496/3496
f 3496/3496 3498/3498 3502/3502
f 3496/3496 3502/3502 3500/3500
f 3500/3500 3502/3502 3471/3471
f 3500/3500 3471/3471 3470/3470
f 3503/3503 3506/3506 3510/3510
f 3503/3503 3510/3510 3507/3507
f 3507/3507 3510/3510 3514/3514
f 3507/3507 3514/3514 3511/3511
f 3511/3511 3514/3514 3518/3518
f 3511/3511 3518/3518 3515/3515
f 3515/3515 3518/3518 3524/3524
f 3515/3515 3524/3524 3520/3520
f 3519/3519 3523/3523 3528/3528
f 3519/3519 3528/3528 3525/3525
f 3525/3525 3528/3528 3532/3532
f 3525/3525 3532/3532 3529/3529
f 3529/3529 3532/3532 3536/3536
f 3529/3529 3536/3536 3533/3533
f 3533/3533 3536/3536 3506/3506
f 3533/3533 3506/3506 3503/3503
f 3537/3537 3540/3540 3544/3544
f 3537/3537 3544/3544 3541/3541
f 3541/3541 3544/3544 3548/3548
f 3541/3541 3548/3548 3545/3545
f 3545/3545 3548/3548 3552/3552
f 3545/3545 3552/3552 3549/3549
f 3549/3549 3552/3552 3558/3558
f 3549/3549 3558/3558 3554/3554
f 3553/3553 3557/3557 3562/3562
f 3553/3553 3562/3562 3559/3559
f 3559/3559 3562/3562 3566/3566
f 3559/3559 3566/3566 3563/3563
f 3563/3563 3566/3566 3570/3570
f 3563/3563 3570/3570 3567/3567
f 3567/3567 3570/3570 3540/3540
f 3567/3567 3540/3540 3537/3537
f 3571/3571 3574/3574 3578/3578
f 3571/3571 3578/3578 3575/3575
f 3575/3575 3578/3578 3582/3582
f 3575/3575 3582/3582 3579/3579
f 3579/3579 3582/3582 3586/3586
f 3579/3579 3586/3586 3583/3583
f 3583/3583 3586/3586 3592/3592
f 3583/3583 3592/3592 3588/3588
f 3587/3587 3591/3591 3596/3596
f 3587/3587 3596/3596 3593/3593
f 3593/3593 3596/3596 3600/3600
f 3593/3593 3600/3600 3597/3597
f 3597/3597 3600/3600 3604/3604
f 3597/3597 3604/3604 3601/3601
f 3601/3601 3604/3604 3574/3574
f 3601/3601 3574/3574 3571/3571
f 3605/3605 3608/3608 3612/3612
f 3605/3605 3612/3612 3609/3609
f 3609/3609 3612/3612 3616/3616
f 3609/3609 3616/3616 3613/3613
f 3613/3613 3616/3616 3620/3620
f 3613/3613 3620/3620 3617/3617
f 3617/3617 3620/3620 3626/3626
f 3617/3617 3626/3626 3622/3622
f 3621/3621 3625/3625 3630/3630
f 3621/3621 3630/3630 3627/3627
f 3627/3627 3630/3630 3634/3634
f 3627/3627 3634/3634 3631/3631
f 3631/3631 3634/3634 3638/3638
f 3631/3631 3638/3638 3635/3635
f 3635/3635 3638/3638 3608/3608
f 3635/3635 3608/3608 3605/3605
f 3639/3639 3642/3642 3646/3646
f 3639/3639 3646/3646 3643/3643
f 3643/3643 3646/3646 3650/3650
f 3643/3643 3650/3650 3647/3647
f 3647/3647 3650/3650 3654/3654
f 3647/3647 3654/3654 3651/3651
f 3651/3651 3654/3654 3660/3660
f 3651/3651 3660/3660 3656/3656
f 3655/3655 3659/3659 3664/3664
f 3655/3655 3664/3664 3661/3661
f 3661/3661 3664/3664 3668/3668
f 3661/3661 3668/3668 3665/3665
f 3665/3665 3668/3668 3672/3672
f 3665/3665 3672/3672 3669/3669
f 3669/3669 3672/3672 3642/3642
f 3669/3669 3642/3642 3639/3639
f 3673/3673 3676/3676 3680/3680
f 3673/3673 3680/3680 3677/3677
f 3677/3677 3680/3680 3684/3684
f 3677/3677 3684/3684 3681/3681
f 3681/3681 3684/3684 3688/3688
f 3681/3681 3688/3688 3685/3685
f 3685/3685 3688/3688 3694/3694
f 3685/3685 3694/3694 3690/3690
f 3689/3689 3693/3693 3698/3698
f 3689/3689 3698/3698 3695/3695
f 3695/3695 3698/3698 3702/3702
f 3695/3695 3702/3702 3699/3699
f 3699/3699 3702/3702 3706/3706
f 3699/3699 3706/3706 3703/3703
f 3703/3703 3706/3706 3676/3676
f 3703/3703 3676/3676 3673/3673
f 3314/3314 3323/3323 3320/3320
f 3323/3323 3314/3314 3310/3310
f 3323/3323 3310/3310 3327/3327
f 3327/3327 3310/3310 3306/3306
f 3327/3327 3306/3306 3331/3331
f 3331/3331 3306/3306 3302/3302
f 3321/3321 3312/3312 3317/3317
f 3312/3312 3321/3321 3325/3325
f 3312/3312 3325/3325 3308/3308
f 3308/3308 3325/3325 3329/3329
f 3308/3308 3329/3329 3304/3304
f 3304/3304 3329/3329 3300/3300
f 3358/3358 3347/3347 3354/3354
f 3347/3347 3358/3358 3362/3362
f 3347/3347 3362/3362 3343/3343
f 3343/3343 3362/3362 3366/3366
f 3343/3343 3366/3366 3339/3339
f 3339/3339 3366/3366 3336/3336
f 3345/3345 3356/3356 3351/3351
f 3356/3356 3345/3345 3341/3341
f 3356/3356 3341/3341 3360/3360
f 3360/3360 3341/3341 3337/3337
f 3360/3360 3337/3337 3364/3364
f 3364/3364 3337/3337 3334/3334
f 3374/3374 3399/3399 3369/3369
f 3399/3399 3374/3374 3378/3378
f 3399/3399 3378/3378 3395/3395
f 3395/3395 3378/3378 3382/3382
f 3395/3395 3382/3382 3391/3391
f 3391/3391 3382/3382 3386/3386
f 3397/3397 3372/3372 3367/3367
f 3372/3372 3397/3397 3393/3393
f 3372/3372 3393/3393 3376/3376
f 3376/3376 3393/3393 3389/3389
f 3376/3376 3389/3389 3380/3380
f 3380/3380 3389/3389 3383/3383
f 3434/3434 3407/3407 3404/3404
f 3407/3407 3434/3434 3430/3430
f 3407/3407 3430/3430 3411/3411
f 3411/3411 3430/3430 3426/3426
f 3411/3411 3426/3426 3415/3415
f 3415/3415 3426/3426 3422/3422
f 3405/3405 3432/3432 3402/3402
f 3432/3432 3405/3405 3409/3409
f 3432/3432 3409/3409 3428/3428
f 3428/3428 3409/3409 3413/3413
f 3428/3428 3413/3413 3424/3424
f 3424/3424 3413/3413 3419/3419
f 3450/3450 3459/3459 3456/3456
f 3459/3459 3450/3450 3446/3446
f 3459/3459 3446/3446 3463/3463
f 3463/3463 3446/3446 3442/3442
f 3463/3463 3442/3442 3467/3467
f 3467/3467 3442/3442 3438/3438
f 3457/3457 3448/3448 3451/3451
f 3448/3448 3457/3457 3461/3461
f 3448/3448 3461/3461 3444/3444
f 3444/3444 3461/3461 3465/3465
f 3444/3444 3465/3465 3440/3440
f 3440/3440 3465/3465 3435/3435
f 3484/3484 3493/3493 3490/3490
f 3493/3493 3484/3484 3480/3480
f 3493/3493 3480/3480 3497/3497
f 3497/3497 3480/3480 3476/3476
f 3497/3497 3476/3476 3501/3501
f 3501/3501 3476/3476 3472/3472
f 3491/3491 3482/3482 3485/3485
f 3482/3482 3491/3491 3495/3495
f 3482/3482 3495/3495 3478/3478
f 3478/3478 3495/3495 3499/3499
f 3478/3478 3499/3499 3474/3474
f 3474/3474 3499/3499 3469/3469
f 3509/3509 3517/3517 3513/3513
f 3517/3517 3509/3509 3505/3505
f 3517/3517 3505/3505 3522/3522
f 3522/3522 3505/3505 3535/3535
f 3522/3522 3535/3535 3527/3527
f 3527/3527 3535/3535 3531/3531
f 3516/3516 3508/3508 3512/3512
f 3508/3508 3516/3516 3521/3521
f 3508/3508 3521/3521 3504/3504
f 3504/3504 3521/3521 3526/3526
f 3504/3504 3526/3526 3534/3534
f 3534/3534 3526/3526 3530/3530
f 3543/3543 3551/3551 3547/3547
f 3551/3551 3543/3543 3539/3539
f 3551/3551 3539/3539 3556/3556
f 3556/3556 3539/3539 3569/3569
f 3556/3556 3569/3569 3561/3561
f 3561/3561 3569/3569 3565/3565
f 3550/3550 3542/3542 3546/3546
f 3542/3542 3550/3550 3555/3555
f 3542/3542 3555/3555 3538/3538
f 3538/3538 3555/3555 3560/3560
f 3538/3538 3560/3560 3568/3568
f 3568/3568 3560/3560 3564/3564
f 3577/3577 3585/3585 3581/3581
f 3585/3585 3577/3577 3573/3573
f 3585/3585 3573/3573 3590/3590
f 3590/3590 3573/3573 3603/3603
f 3590/3590 3603/3603 3595/3595
f 3595/3595 3603/3603 3599/3599
f 3584/3584 3576/3576 3580/3580
f 3576/3576 3584/3584 3589/3589
f 3576/3576 3589/3589 3572/3572
f 3572/3572 3589/3589 3594/3594
f 3572/3572 3594/3594 3602/3602
f 3602/3602 3594/3594 3598/3598
f 3611/3611 3619/3619 3615/3615
f 3619/3619 3611/3611 3607/3607
f 3619/3619 3607/3607 3624/3624
f 3624/3624 3607/3607 3637/3637
f 3624/3624 3637/3637 3629/3629
f 3629/3629 3637/3637 3633/3633
f 3618/3618 3610/3610 3614/3614
f 3610/3610 3618/3618 3623/3623
f 3610/3610 3623/3623 3606/3606
f 3606/3606 3623/3623 3628/3628
f 3606/3606 3628/3628 3636/3636
f 3636/3636 3628/3628 3632/3632
f 3645/3645 3653/3653 3649/3649
f 3653/3653 3645/3645 3641/3641
f 3653/3653 3641/3641 3658/3658
f 3658/3658 3641/3641 3671/3671
f 3658/3658 3671/3671 3663/3663
f 3663/3663 3671/3671 3667/3667
f 3652/3652 3644/3644 3648/3648
f 3644/3644 3652/3652 3657/3657
f 3644/3644 3657/3657 3640/3640
f 3640/3640 3657/3657 3662/3662
f 3640/3640 3662/3662 3670/3670
f 3670/3670 3662/3662 3666/3666
f 3679/3679 3687/3687 3683/3683
f 3687/3687 3679/3679 3675/3675
f 3687/3687 3675/3675 3692/3692
f 3692/3692 3675/3675 3705/3705
f 3692/3692 3705/3705 3697/3697
f 3697/3697 3705/3705 3701/3701
f 3686/3686 3678/3678 3682/3682
f 3678/3678 3686/3686 3691/3691
f 3678/3678 3691/3691 3674/3674
f 3674/3674 3691/3691 3696/3696
f 3674/3674 3696/3696 3704/3704
f 3704/3704 3696/3696 3700/3700

