# https://github.com/mikedh/trimesh
mtllib material.mtl

o Object_0
usemtl material
v 10.96514941 -2.18760014 0.83660001
v 12.48514985 -2.21940017 0.84250003
v 12.48234987 -1.24720001 0.84650001
v 10.30524968 -3.34420013 0.83660001
v 9.36984967 -2.15429998 0.83680001
v 5.29644965 -6.48530006 1.01790005
v 5.19364976 -6.67799997 0.83670002
v 6.20224952 -7.57950020 0.83670002
v 8.90035009 -4.92890025 1.01450002
v 9.00094939 -4.95720006 0.84430003
v 10.18914937 -3.54760003 0.83670002
v 7.47294997 -6.41840028 1.05480003
v 7.42314958 -6.34409999 1.12930000
v 7.51034974 -6.47520018 0.87810001
v 8.79505014 -4.88960028 1.11890000
v 8.89335012 -6.37400007 1.04060000
v 9.21824980 -4.94950009 0.83680001
v 10.07704973 -4.92439985 0.83680001
v 10.16704988 -3.81900000 0.83660001
v 9.12214994 -2.20280004 0.83670002
v 9.07334947 -2.26450014 1.03260005
v 5.22794961 -6.52500010 0.83670002
v 5.20474958 -7.56020022 0.83650002
v -3.20905019 -6.60769987 0.83660001
v -1.97545028 -6.59740018 0.83640003
v -1.95775021 -6.42659998 0.83660001
v 10.35615014 -3.57080007 0.83670002
v 9.10884999 -6.40799999 0.83680001
v 8.90044927 -6.40969992 0.83670002
v 8.87674952 -6.62599993 0.83670002
v -8.05824996 -6.54419994 0.83670002
v -8.14685012 -7.98940038 0.87050003
v -6.83705045 -7.96939993 0.86910003
v -5.90595008 -6.30570031 0.86040002
v -5.90275002 -6.46010018 0.83670002
v -4.47045041 -6.65190029 0.83650002
v -4.36835004 -7.84259987 0.84260002
v -4.29585028 -7.84360028 0.95940003
v -3.05675031 -7.74140025 0.98000002
v -3.00255037 -7.75210000 0.90140003
v -1.98245025 -7.42430019 0.83680001
v 6.36144971 -5.26310015 1.10550004
v 5.29934978 -5.31029988 1.08210003
v -7.93155003 -8.66920042 0.87960002
v -7.54985047 -8.57770014 0.87930003
v -4.57335044 -8.20830012 0.87760001
v -4.82425023 -8.19780015 0.87640002
v -4.28865004 -8.36269999 0.87900001
v -4.21215010 -8.34400034 1.14870000
v -4.31255008 -8.38079977 1.13130003
v -4.12945033 -8.56450033 1.43440002
v -4.01585007 -9.33809996 1.53930002
v -2.87845016 -9.29929972 1.52550000
v -2.94535018 -8.65000009 1.23010004
v -7.54865027 -8.55629969 1.15290004
v -7.53925038 -8.56650019 1.46680003
v -6.79035044 -8.47180033 1.46890002
v -5.95995045 -8.34209966 1.47160000
v -5.97225047 -8.34130048 1.14380002
v -5.98465014 -8.32329989 0.88150001
v -6.80685044 -8.45700026 0.88030002
v -5.95465041 -7.95599985 0.86940002
v -9.00995017 -9.73129987 1.49320000
v -8.65654994 -9.70879984 1.59330004
v -8.66665030 -9.62990045 1.47520000
v -11.11185027 -9.41360045 0.90900001
v -11.09495020 -9.35539961 0.85700002
v -11.31265021 -9.46289969 0.85950002
v -11.12774992 -9.49270011 0.92750001
v -11.45165015 -10.82430028 0.93410003
v -11.44374991 -10.78340005 0.98200002
v -11.83665038 -10.63859988 0.85750002
v -9.15665007 -11.13719988 1.47490001
v -8.79085017 -11.19920015 1.48100001
v -8.76825000 -11.10780000 1.61040002
v -8.48275041 -12.76219988 1.48070002
v -8.22155046 -12.88159990 1.47440004
v -7.97465039 -12.50260019 1.48820001
v -3.06905032 -13.44710017 0.85820001
v -3.35785032 -12.34810018 1.42520005
v -3.35285021 -12.38130045 1.11660004
v -4.02665044 -13.12760019 1.12930000
v -4.02325011 -13.11959982 1.46619999
v -4.31675006 -13.19790030 1.46910000
v -6.39955045 -13.52759982 1.46390003
v -7.06745005 -13.60240030 1.46590000
v -7.08565045 -13.59880018 1.13990003
v -2.14655019 -11.92540025 1.02120000
v -2.21055032 -11.93390036 1.18370003
v -1.84655023 -13.03840017 0.87600002
v -3.73505021 -11.48329973 1.52940005
v -3.50995017 -11.88769960 1.48920000
v -3.62465025 -11.43370008 1.53700000
v -3.65805031 -12.28910017 1.49080002
v -8.07945014 -9.81819964 1.55619997
v -8.26105071 -9.69850015 1.49599999
v -8.25134993 -9.77170039 1.64440006
v -7.95225049 -11.07819987 1.55849999
v -8.20695067 -11.10430003 1.49800003
v -4.80295039 -8.73119974 1.55849999
v -4.94555045 -8.70609998 1.55870003
v -4.89475013 -8.98889970 1.54609996
v -4.65855027 -8.82399988 1.55900007
v -7.60705043 -9.07860040 1.55570000
v -7.79095031 -9.23889970 1.55619997
v -7.48445035 -9.38779973 1.53029996
v -8.00085021 -9.66039991 1.55720001
v -7.72995044 -9.96729993 1.54539996
v -7.56185008 -11.01699972 1.54740006
v -7.92335034 -11.19269990 1.55870003
v -7.25305033 -12.93969964 1.55839998
v -7.12295008 -13.04000043 1.55820006
v -6.94695044 -12.80209970 1.54860002
v -6.89495040 -13.09600020 1.55780000
v -4.49905015 -12.41999960 1.53749996
v -4.45435048 -12.69189977 1.55849999
v -4.27835036 -12.64960051 1.55780000
v -7.35305024 -12.33050013 1.53290004
v -7.19765044 -12.51929998 1.51889998
v -5.95815039 -10.93820048 1.55339998
v -6.54155017 -12.73590041 1.54490000
v -4.37405015 -12.37990045 1.53899997
v -4.14365006 -11.84620047 1.53660005
v -4.19085027 -11.56810045 1.52080005
v -4.35115004 -10.50760031 1.52440006
v -4.50295020 -9.43279981 1.55080003
v -4.74945021 -9.15300035 1.53969997
v -5.84415007 -9.11870050 1.54170007
v -6.68305016 -9.25070048 1.53720003
v -7.33985043 -9.35240030 1.53520006
v -11.45175029 -10.84919978 0.86580002
v -6.44935036 -13.55209970 0.88450003
v -7.10245038 -13.61010026 0.87870002
v -4.34265042 -13.21919966 0.87380001
v -4.02705003 -13.13839961 0.87220001
v -3.34875036 -12.40119982 0.86250001
v -2.13685036 -11.92680025 0.87650001
v -2.95115019 -7.76090002 0.83530003
v -2.89965034 -8.35899973 0.85000002
v -2.86265016 -8.64220000 0.86830002
v -1.95495022 -8.54620028 0.86850002
v -1.77755023 -11.66369962 0.87390003
v -2.33695031 -11.52510024 0.88930002
v -7.79815007 -13.42810011 0.86270002
v -8.04805041 -13.26320028 0.86090001
v -8.05075026 -13.98880053 0.80420002
v -8.32375003 -13.14940023 0.85850003
v -8.56444979 -13.04999972 0.85530001
v -8.55905009 -13.99830007 0.78500003
v -8.75665046 -13.02990008 0.85810003
v -9.67005015 -13.08389997 0.85530001
v -8.90945006 -13.01390029 0.85950002
v -8.95205069 -12.75280046 0.86090001
v -10.98995066 -6.62760020 0.83660001
v -12.51495028 -8.16770029 0.82920003
v -11.13835002 -8.11129999 0.86470002
v -8.22645045 -8.98479986 0.88160002
v -10.82315017 -8.99959994 0.86420003
v -11.10745002 -9.00110006 0.86240003
v -11.25334979 -9.00460005 0.86020002
v -8.95424987 -8.98860025 0.87750003
v -8.95214987 -9.81040049 0.89540002
v -8.69845056 -9.62159968 0.88240001
v -8.93145036 -9.52129984 0.87490001
v -8.49675036 -9.39260053 0.88290003
v -9.33315039 -9.63460017 0.87050003
v -9.95955039 -8.99449968 0.86960003
v -9.51964999 -8.04540015 0.86430001
v -8.83605052 -13.96989966 0.54680002
v -8.74065066 -13.99630023 0.19450003
v -8.62095023 -13.96989966 0.56340002
v -8.05254985 -13.96989966 0.54300002
v -8.06555033 -13.99440050 0.19100001
v -7.77975035 -13.96989966 0.47070002
v -6.87195016 -13.96980047 0.60520002
v -6.49395037 -13.96810008 0.17480001
v -6.42805005 -13.96999979 0.55600002
v -4.30955029 -13.96970034 0.53200002
v -4.29605008 -13.92950011 0.16190001
v -4.13385011 -13.96970034 0.55120002
v -3.29255033 -13.96880006 0.59070002
v -3.10735036 -13.90030051 0.16260001
v -3.08975030 -13.96919966 0.58780002
v -1.78625024 -13.96980047 0.53690002
v -1.69565023 -13.91400004 0.17540002
v -1.68685032 -13.96980047 0.55320002
v -8.48315001 13.95089961 0.16880003
v -8.49424983 13.80870008 0.00250000
v -9.40434981 13.82910013 0.00600004
v -9.32105017 -4.43470001 0.00000000
v -8.50845004 -5.14109992 0.00000000
v -9.29545069 -5.95020008 0.00000000
v -9.31885005 -9.13900041 0.00000000
v -8.51275016 -8.75169993 0.00000000
v -9.28265048 -9.67799998 0.00000000
v -9.32795000 -8.25019980 0.00000000
v -11.36434985 -12.83169984 0.00000000
v -11.99035025 -12.84820033 0.00010002
v -11.40815020 -10.74169969 0.00000000
v -10.32915068 -12.80439996 0.00000000
v -11.13535071 -13.82570028 0.10390002
v -11.63675071 -13.82589961 0.11160001
v -8.04515029 -13.83939982 0.09810001
v -8.72314978 -13.84390021 0.11820003
v -8.62405061 -12.75939989 0.00000000
v -3.81745029 -13.84940004 0.07480001
v -4.27885009 -13.84019995 0.06710002
v -4.17485047 -12.68849993 0.00000000
v -1.63955022 -12.66700029 0.00000000
v -1.69815028 -13.85069991 0.06170002
v -3.10895015 -13.84839963 0.06690001
v 5.95414972 -12.49239969 0.00000000
v 5.87094974 -13.87640048 0.04800001
v 4.93684959 -13.86440038 0.04230002
v 9.71304940 -11.30680037 0.00000000
v 12.53644990 -10.99889994 0.04270002
v 12.53264951 -11.68310023 0.04650003
v 9.66194963 -7.78730011 0.00000000
v 12.54654932 -7.48409987 0.03280002
v 12.55164956 -7.87249995 0.03880003
v 12.54674958 -9.37519980 0.03900003
v 12.54234933 -9.97950029 0.04140002
v 9.70814943 -9.46239996 0.00000000
v 12.53674936 -8.74160052 0.03190002
v 9.65325021 -5.70230008 0.00000000
v 12.55194997 -4.90540027 0.02800003
v 12.55524968 -6.42070008 0.03770003
v 12.57194947 -2.21379996 0.03220001
v 12.55244970 -3.88810015 0.02650002
v 9.61064958 -2.58820009 0.00000000
v 12.65644979 13.71799993 0.04140002
v 12.61304998 8.76549959 0.01840001
v 9.70944928 8.78189992 0.00000000
v 9.71604966 4.59409999 0.00000000
v 8.12664937 4.63779973 0.00000000
v 5.21734952 13.73879957 0.00300002
v 5.66584968 8.98370028 0.00000000
v -4.27525044 -9.03290034 0.00000000
v -6.32865048 -8.89660025 0.00000000
v -4.26415015 -5.33990002 0.00000000
v -1.34735025 -5.47650003 0.00000000
v -1.39695025 -6.83550025 0.00000000
v -4.31375027 3.55949998 0.00000000
v -8.55625010 4.57730008 0.00000000
v -4.39725018 4.64759970 0.00000000
v 1.87594973 -9.15280009 0.97030002
v 2.14244985 -9.19179964 0.98210001
v 1.90204977 -8.90319967 0.97170001
v 1.54014968 -8.84660005 0.97550002
v 1.20184969 -9.05069972 0.98710001
v 1.51384973 -9.09760046 0.98670003
v 0.92374974 -12.09089995 0.98540002
v 0.67914974 -12.05380011 1.04150003
v 0.85584974 -12.34009982 1.00620002
v 1.34994971 -12.41099978 1.01620001
v 1.63804971 -12.21429967 1.03160000
v 1.39544975 -12.17130041 1.00590003
v 2.01214980 -10.16550016 1.06200004
v 1.94374978 -10.34190035 1.35060000
v 2.01394963 -10.37570048 1.11600000
v 1.91264974 -10.85390043 1.12290001
v 1.82574975 -10.83620023 1.45280004
v 1.77284979 -11.15770007 1.12080002
v 0.82834976 -10.99959994 1.11970001
v 0.91674977 -10.68240023 1.44970000
v 0.80944972 -10.67330026 1.17630005
v 0.93194973 -10.12640048 1.13560003
v 1.01294970 -10.18219995 1.36320001
v 1.03134977 -9.95169974 1.09830004
v 9.40704965 -9.90920020 0.98750001
v 9.67904996 -9.94170045 1.01630002
v 9.44784974 -9.65249967 1.01190001
v 8.92504930 -9.55130053 0.99910003
v 8.56314992 -9.79789973 1.03240001
v 8.87904977 -9.84120035 0.98380002
v 8.46635007 -12.76670027 1.00490001
v 8.25884961 -12.74529981 0.99890003
v 8.43064927 -13.10329962 1.00999999
v 9.03114938 -13.15700007 0.99670002
v 9.28904962 -12.85150004 1.01680005
v 9.07194947 -12.82790040 0.97180003
v 9.37445020 -11.51400041 1.27240002
v 9.30314970 -11.49469995 1.42220002
v 9.30494928 -11.79229974 1.11489999
v 9.44194936 -10.89569997 1.19490004
v 9.36875009 -11.10769987 1.40970004
v 9.43494939 -11.10110045 1.29080004
v 8.39504956 -10.93709994 1.34299999
v 8.49274968 -10.96690035 1.45760000
v 8.47354936 -10.79729986 1.26240003
v 8.40815019 -11.72310018 1.13990003
v 8.44224977 -11.42639970 1.46330005
v 8.33044957 -11.43499994 1.34250003
v -0.82705028 -10.27259970 1.00110003
v -0.82405026 -10.30550050 0.93160003
v -1.67095030 -10.32070016 1.03390002
v -0.82985026 -10.31520032 1.15930003
v -0.85185028 -10.44090032 1.17739999
v -0.86405028 -10.52329970 1.04790002
v -0.88025028 -10.45140029 0.93120003
v 9.53124952 -11.12770032 1.36940002
v 9.49274968 -11.50999976 1.37450004
v 10.27825021 -11.40710021 1.39480001
v 9.47405004 -11.71130038 1.05960000
v 10.26475000 -11.70239974 1.21160001
v 11.56654977 -11.48710012 0.85370001
v 11.55514955 -11.22339963 0.85510001
v 11.57924985 -11.29729986 0.90350002
v 11.55114984 -11.65790034 0.92440003
v 11.50244951 -11.76900053 0.86020002
v 10.24744939 -11.73090029 0.97420001
v 10.25674962 -11.78020048 1.06190002
v 10.27344941 -11.57980013 1.37810004
v 10.29554986 -11.19430018 1.37459999
v 10.30415010 -11.08760024 1.22580004
v 10.30774926 -11.04289961 1.12830001
v 10.31154966 -10.99640036 1.04560000
v 9.54954957 -10.93170023 1.04470003
v 10.30555009 -11.03329992 0.94230002
v 10.29964971 -11.07749987 0.86420003
v 9.52605008 -11.00890017 0.86570001
v 11.56885003 -11.47470046 1.02980000
v 11.54484987 -11.71449996 0.97770002
v 11.53894948 -11.74749994 1.05140001
v 11.54124975 -11.71099997 1.14850003
v 11.54814958 -11.63050032 1.24550003
v 11.56504965 -11.49480010 1.25700003
v 11.57544947 -11.36230040 1.23500001
v 11.58155011 -11.30170012 1.14950001
v 11.58334970 -11.28060008 1.09380001
v 11.58354997 -11.24920035 1.04150003
v 11.58204984 -11.26230001 0.96560001
v -10.93145036 0.80109995 0.83680001
v -12.55205012 0.87779992 0.80900002
v -12.53895045 -2.39409996 0.82080001
v -10.89475012 -2.45880008 0.83670002
v -11.00264979 -5.34479999 0.83670002
v -12.52675010 -5.34159995 0.83340001
v -11.12405061 8.20480013 0.83670002
v -12.57725000 8.18199968 0.70100002
v -12.56605005 4.31949997 0.81130001
v -11.10265017 4.21959973 0.83660001
v -10.99345065 12.48990011 0.83660001
v -12.59945060 14.04550028 0.65710002
v 2.79774975 13.95360040 0.83140001
v -1.40925027 13.99029970 0.80560002
v -1.44685031 12.53399992 0.83670002
v 2.77584981 12.50190019 0.83680001
v 9.08544969 8.71569967 0.83670002
v 12.45225000 8.73160029 0.73850001
v 12.43734979 13.86659956 0.76790002
v 9.17664956 12.45340014 0.83680001
v 9.16204976 4.52920008 0.83680001
v 12.46604966 4.51999999 0.84410003
v -8.41965056 12.50309991 0.83680001
v -8.43975020 14.02039958 0.78840002
v -5.64105035 12.45869971 0.83670002
v -5.63875008 14.00029993 0.79770002
v 9.24954938 1.45119988 0.83660001
v 12.47454976 1.50989997 0.82460001
v 9.31414937 -1.19450009 0.83670002
v 7.70354985 -3.68490005 1.08840001
v 8.77274942 -7.57859992 0.83680001
v 9.93504953 -6.40110015 0.83670002
v 12.52144956 -6.38470030 0.85530001
v 12.47335005 -4.91340018 0.84460002
v 9.80594968 -7.58150006 0.83670002
v 12.51894998 -7.52570010 0.82890001
v 9.11604928 -1.19120002 0.83660001
v 9.09135007 -1.22940004 1.02670002
v 9.03124952 1.44719994 0.83650002
v 8.93214940 4.52979993 0.83660001
v 8.91474961 4.50839996 1.01500005
v 9.02214956 1.44639992 1.02990001
v 8.87214994 8.71470022 0.83660001
v 8.83964967 8.72880029 1.05170000
v 9.00874948 12.37980032 0.83680001
v 8.95085000 12.37159968 1.04809999
v 2.76784968 12.37739993 0.83680001
v -1.45085026 12.37579965 0.83670002
v -1.44335020 12.35319948 1.05190003
v 2.73784970 12.37029981 1.06200004
v -5.64125014 12.30820036 0.83670002
v -5.66695023 12.25530005 1.05500001
v -8.41735030 12.32690001 0.83680001
v -8.42595053 12.29719973 1.04550004
v -10.88124991 12.38120031 0.83660001
v -10.86165000 12.34660005 1.03960001
v -10.96385050 8.20690011 0.83660001
v -10.95225000 8.22090005 1.04770005
v -10.93454982 4.20830012 0.83660001
v -10.87945033 4.21309995 1.03740001
v -10.76495028 0.79339992 0.83680001
v -10.75264979 0.78769993 1.03250003
v -10.72985030 -2.46530008 0.83680001
v -10.69374991 -2.47810007 1.02570003
v -10.84425020 -5.34509993 0.83670002
v -10.89125013 -6.52799987 0.83670002
v -10.84695006 -6.49860001 1.04510003
v -10.79855014 -5.35879994 1.03310001
v 2.59284972 -6.50190020 1.04460001
v 2.58734965 -6.51609992 0.87150002
v 6.18794965 -7.92770004 0.85250002
v 8.77675008 -7.91639996 0.84440002
v 5.18744992 -7.90910005 0.84830001
v 2.59434985 -6.68359995 0.83670002
v 2.62594985 -7.51320028 0.83660001
v 2.66134977 -7.91149997 0.85800001
v -1.61095024 9.06520032 1.04730004
v 2.82264971 8.92250013 1.06160003
v -6.00925017 8.99579955 1.02380002
v -8.55385066 8.59730005 1.04050004
v -8.55824996 4.03310012 1.04990000
v -6.02945042 3.83859993 1.03710002
v -8.45525027 0.73809993 1.04820001
v -8.37055064 -2.65680004 1.04370004
v -5.95775033 0.57579994 1.04190004
v -5.89775039 -2.62930011 1.04190004
v -8.05964995 -6.38150024 0.83670002
v -5.91825009 -6.23260021 1.05000001
v -8.03965045 -6.33370018 1.02890003
v -8.12725020 -5.36360025 1.05090004
v -5.91305018 -5.33099985 1.05550003
v -1.72305024 4.03170014 1.02060002
v 2.83604979 4.23579979 1.05239999
v -1.76495028 0.81949990 1.03510004
v 2.80574965 1.08509993 1.07880002
v -1.78055025 -2.58990001 1.05900002
v 2.74074983 -2.11230016 1.10960001
v -1.86445022 -4.17710019 1.06220001
v 2.64544963 -4.09089995 1.09710002
v 5.35394954 -1.75010002 1.10930002
v 5.32204961 -3.87600017 1.09900004
v 5.38904952 1.23519992 1.08660001
v 2.63764977 -5.43050003 1.08000004
v -1.87875021 -5.27059985 1.06250000
v -5.90675021 -4.20879983 1.04910004
v -8.22875071 -4.23420000 1.04960001
v -10.74475051 -4.06890010 1.02100003
v -10.79385043 -4.07570028 0.83680001
v -12.53205062 -4.05700016 0.82320002
v -10.96095038 -4.07390023 0.83660001
v -1.96075023 -6.38750028 1.03370005
v 9.79324960 -7.88899994 0.83280003
v 12.51415014 -7.87419987 0.83330002
v -1.98545028 -7.77029991 0.83560002
v 5.35394954 4.34859992 1.06630003
v 5.30974960 8.84250021 1.06700003
v 5.27124976 12.37480020 1.06080002
v 5.25934982 12.37840032 0.83680001
v 5.24484967 12.48319960 0.83680001
v 5.23974990 13.93170023 0.82700002
v -4.84125043 -8.17079973 1.16330004
v -7.92515040 -8.68240023 1.14000005
v -4.59225035 -8.22470046 1.14690000
v -2.98545028 -8.35390043 1.10080004
v -8.21935035 -8.99329997 1.14230001
v -8.47655059 -9.38820028 1.13180000
v -8.67805053 -9.61510038 1.13780004
v -9.00455046 -9.65210009 1.29629999
v -9.36574984 -9.62249994 1.18840003
v -9.92614985 -9.52600049 0.87100002
v -9.95634986 -9.55810023 1.01650000
v -10.67395068 -9.42209960 0.86180002
v -10.69905043 -9.45319987 0.95330003
v -10.72405005 -9.51979971 0.99830002
v -9.99095012 -9.67540025 1.08780003
v -9.40714980 -9.74420023 1.33630002
v -8.45424987 -9.37799979 1.47310001
v -8.20575000 -9.00770044 1.47310001
v -7.92135049 -8.69210005 1.47090000
v -4.85975028 -8.20840024 1.47880000
v -4.60895015 -8.22639990 1.46840000
v -4.33385039 -8.36739969 1.45460004
v -10.98815013 -10.87630033 0.97430003
v -10.99395036 -10.90529966 0.92790002
v -10.21995020 -11.00490045 0.96050003
v -10.19014979 -10.92079973 1.03640002
v -9.54435015 -11.08070040 1.30220002
v -8.20535041 -9.52619982 1.49360001
v -8.03795005 -9.08150053 1.48930001
v -7.81825019 -8.79879999 1.48730004
v -7.50395013 -8.70379972 1.48650002
v -6.77115012 -8.59960031 1.49020004
v -5.94515038 -8.47370004 1.48840004
v -4.85705043 -8.33509970 1.48760003
v -4.66215039 -8.37200021 1.48570001
v -4.45045043 -8.54149961 1.48790002
v -4.28585006 -8.73940038 1.48989999
v -4.07715035 -9.33610010 1.54909998
v -8.41675044 -11.13979959 1.65050000
v -9.56465007 -11.16449975 1.11420000
v -9.17655040 -11.16439962 1.14080000
v -8.92845012 -12.74589968 1.15480000
v -8.90434981 -12.73979998 1.47100002
v -8.43145036 -11.22849988 1.48110002
v -8.70405055 -12.74510050 1.47980005
v -8.19654990 -11.23450041 1.49510002
v -7.92795039 -13.05970049 1.46960002
v -7.70045043 -12.87850047 1.48980004
v -7.62385035 -13.29379987 1.47160000
v -7.47035027 -13.16570043 1.48850000
v -7.36865044 -13.49990035 1.46170002
v -7.26775027 -13.38629962 1.48540002
v -7.04755021 -13.45900012 1.48660004
v -6.42285014 -13.39220000 1.48750001
v -4.33505011 -13.04040003 1.48960000
v -4.08285046 -12.97240018 1.48730004
v -3.80135036 -12.95529985 1.47290003
v -3.91545034 -12.83109998 1.48890001
v -3.41235019 -12.45169974 1.46040004
v -3.85475016 -10.41970015 1.58340007
v -2.68565036 -10.20400000 1.53800005
v -2.46395016 -11.01950026 1.48250002
v -2.32535029 -11.51499987 1.39710003
v -3.40675021 -12.45850039 1.11300004
v -3.79375029 -12.97390031 1.12099999
v -7.38665009 -13.49020051 1.13859999
v -7.65565015 -13.28210021 1.15900004
v -7.93335009 -13.06839990 1.14510000
v -8.23285056 -12.89069987 1.15290004
v -8.51445055 -12.80180025 1.15970004
v -8.73815013 -12.77390051 1.15259999
v -2.24005032 -11.49500036 1.19570005
v -2.39295030 -10.98370028 1.34080005
v -2.77835036 -10.19660044 1.28680003
v -2.91285015 -9.32280015 1.28760004
v -2.88225032 -8.63030005 1.06670004
v -2.92235018 -8.34919978 0.98510003
v -3.95625020 -10.44080019 1.54049999
v -7.39335013 -9.05820036 1.55880004
v -6.72875024 -8.96480035 1.55919999
v -5.88525010 -8.84620047 1.55930001
v -4.53035022 -8.93860006 1.55890006
v -4.20675040 -9.35409976 1.55930001
v -4.05845023 -10.45570040 1.55890006
v -3.87675024 -11.51120043 1.55890006
v -3.91155029 -12.11010026 1.55919999
v -4.11545039 -12.53360034 1.55790001
v -6.49925042 -13.00200033 1.55930001
v -7.48255015 -12.72689962 1.55780000
v -7.72495032 -12.39750052 1.55870003
v -10.99765063 -10.92299986 0.86920002
v -10.23325015 -11.03760004 0.88670003
v -9.55085040 -11.15809966 0.86620003
v -9.20595027 -11.20019960 0.86530003
v -8.76505042 -12.77419996 0.86220002
v -8.53455020 -12.80499982 0.86560002
v -8.24315023 -12.89950038 0.87380001
v -7.93755008 -13.07519960 0.87420002
v -7.68345023 -13.27080012 0.87800002
v -7.40505029 -13.48800040 0.86970001
v -3.78905035 -12.98650027 0.86850002
v -3.40015031 -12.46509982 0.86230001
v -2.55965019 -10.99809981 0.86570001
v -2.74485017 -10.22930003 0.86500001
v -2.86385036 -9.34390021 0.86100003
v -1.95465029 -9.35870028 0.86700001
v -1.94265021 -10.15969992 0.86630002
v -1.85555030 -10.90980005 0.86820003
v -1.68275023 -13.01830053 0.86420003
v -3.09865022 -13.95650053 0.79730001
v -1.85995031 -13.93079997 0.78660002
v -1.70555020 -13.92900037 0.78480002
v -3.39325023 -13.44360018 0.86460003
v -3.79125024 -13.44619989 0.86320001
v -4.01835013 -13.45389987 0.86100003
v -4.33055020 -13.46449996 0.85700002
v -3.39785028 -13.95679998 0.79790002
v -4.32145024 -13.95930052 0.81430003
v -4.03105021 -13.95840024 0.80760002
v -3.81305028 -13.95749999 0.80130002
v -6.43985034 -13.65730047 0.85350001
v -7.09405041 -13.69339990 0.85440001
v -6.44045020 -13.99080039 0.81390002
v -7.07815028 -13.98329973 0.81590003
v -7.45255042 -13.65520048 0.85700002
v -7.48565007 -13.98240042 0.81350002
v -8.90315009 -14.00649977 0.78060001
v -9.60725070 -13.97090005 0.80630001
v -10.38865042 -13.02679967 0.85390002
v -11.12764979 -12.91579962 0.84380001
v -11.62645007 -12.87120008 0.74790002
v -11.99755049 -12.86930037 0.74280003
v -10.41105033 -13.94949960 0.80570003
v -11.16634990 -13.92989969 0.81500003
v -11.65265036 -13.91150046 0.82480001
v -12.01225043 -13.89759970 0.81700003
v -12.65745020 -12.86640024 0.79080001
v -12.56045008 -13.89580012 0.76680002
v -12.58064986 -10.62879992 0.82300001
v -12.55935050 -9.39540052 0.82860002
v -12.54484988 -8.99770022 0.82250002
v -9.43845034 -8.99150037 0.87180001
v 2.67524981 -8.63579989 0.87370002
v 5.10844993 -8.68279981 0.87670001
v 2.68954968 -9.35479974 0.87140003
v 5.07674979 -9.35290003 0.87570003
v 2.71014976 -10.11000013 0.87370002
v 5.04214954 -10.08509970 0.87480003
v 8.76195002 -8.69910002 0.87420002
v 9.81844949 -8.70389987 0.86170003
v 9.80004930 -9.34229993 0.86540002
v 8.75215005 -9.33890009 0.87100002
v 6.20514964 -8.68769980 0.87400001
v 6.16834974 -9.36949968 0.87510002
v 6.12984990 -10.08309984 0.87020001
v 8.74064970 -10.07809972 0.83670002
v 9.77874994 -10.07630014 0.85860002
v 12.53634977 -8.72419978 0.78680003
v 12.51444959 -9.36660052 0.78170002
v 12.50925016 -10.01180028 0.82840002
v 5.03224992 -10.90339995 0.86960003
v 6.09184980 -10.90240050 0.86760002
v 4.98914956 -11.74440050 0.86770001
v 6.05234956 -11.75709963 0.86770001
v 4.95484971 -12.92729998 0.86350003
v 5.97694968 -12.91330004 0.86590001
v 4.89854955 -13.82370043 0.82250002
v 5.91854953 -13.80820036 0.84540001
v 9.74674940 -10.99879981 0.86900002
v 8.69675016 -10.98290015 0.87130001
v 9.69404935 -12.87109994 0.86580002
v 9.72074937 -11.74440050 0.87330002
v 8.65964936 -11.74809981 0.87010002
v 8.62804937 -12.87770032 0.83650002
v 12.50864934 -10.98039961 0.81300002
v 12.57884931 -12.82580041 0.81470001
v 12.53284978 -11.69490003 0.81080002
v 8.60125016 -13.84050035 0.84780002
v 9.67075013 -13.85320043 0.84180003
v 12.55364942 -13.86570024 0.75100002
v 2.71754979 -10.90549993 0.87550002
v 2.66984963 -11.71670008 0.86980003
v 2.61914968 -12.95900012 0.85400003
v 2.59264969 -13.85829973 0.76200002
v 12.68244982 -12.82210017 0.49680002
v 12.62824964 -13.92750025 0.45750002
v 12.67414998 -10.98580026 0.52650002
v 12.68114995 -11.68569994 0.49010002
v 12.66894960 -8.70850039 0.44430002
v 12.67154932 -9.36370040 0.45840002
v 12.67474984 -9.99920035 0.45870002
v 12.66855001 -6.39919997 0.56310002
v 12.66614962 -7.50559997 0.50280002
v 12.66944932 -7.86649991 0.47010002
v 12.64974927 -3.87330007 0.51710002
v 12.43884992 -3.86120010 0.84920001
v 12.68094968 -4.89209985 0.54540002
v 12.66044950 -1.24280012 0.49640002
v 12.64774942 -2.21469999 0.52820002
v 12.67384958 4.56540013 0.53760002
v 12.65815019 1.49499988 0.55240002
v 12.66524934 8.75820016 0.44810002
v 12.60424947 13.97390031 0.56670002
v 5.22974967 14.03049993 0.61570002
v 2.78164982 14.03089953 0.53980002
v -1.42305029 14.02549983 0.56170002
v -5.65455008 14.00690031 0.52840002
v -8.45914983 13.99089956 0.51230002
v -12.54064990 14.01540040 0.42670002
v -12.64685012 8.18219995 0.43050002
v -12.64174987 4.29960012 0.54960002
v -12.66064978 0.88139992 0.52240002
v -12.65945006 -2.42960001 0.53670002
v -12.65845061 -4.07490015 0.53750002
v -12.65595007 -5.36189985 0.54300002
v -12.61005069 -8.16369962 0.48740002
v -12.61545039 -9.39129972 0.49540002
v -12.61625052 -9.00169993 0.46910002
v -12.62045050 -10.60720015 0.48080002
v -12.66045047 -12.86310053 0.50280002
v -12.59334994 -13.89919996 0.44760002
v -10.40005065 -13.96989966 0.48110002
v -11.15014983 -13.96980047 0.49720002
v -11.64125013 -13.96980047 0.48280002
v -12.03035022 -13.96980047 0.47750002
v -8.05254985 -13.96989966 0.54300002
v -8.62095023 -13.96989966 0.56340002
v -8.83605052 -13.96989966 0.54680002
v -9.60535002 -13.96989966 0.48240002
v -7.77975035 -13.96989966 0.47070002
v -6.42805005 -13.96999979 0.55600002
v -6.87195016 -13.96980047 0.60520002
v -4.30955029 -13.96970034 0.53200002
v -3.08975030 -13.96919966 0.58780002
v -3.29255033 -13.96880006 0.59070002
v -3.80605031 -13.96980047 0.52730002
v -4.13385011 -13.96970034 0.55120002
v -1.68685032 -13.96980047 0.55320002
v -1.78625024 -13.96980047 0.53690002
v 2.61484980 -13.96989966 0.47520002
v 4.91304969 -13.96999979 0.48400002
v 5.90024995 -13.96999979 0.45400002
v 8.60924958 -13.96999979 0.52330002
v 9.68905020 -13.96999979 0.52270002
v 12.62824964 -13.92750025 0.45750002
v 12.61245012 -13.90420008 0.20840001
v 12.61914969 -12.83010053 0.18640003
v 12.68244982 -12.82210017 0.49680002
v 12.60195016 -11.68540049 0.16520002
v 12.68114995 -11.68569994 0.49010002
v 12.61014985 -10.99609994 0.16810003
v 12.67414998 -10.98580026 0.52650002
v 12.65185022 -9.99550008 0.19120002
v 12.67474984 -9.99920035 0.45870002
v 12.65424967 -9.36860037 0.19100001
v 12.67154932 -9.36370040 0.45840002
v 12.64934968 -8.72580004 0.19170001
v 12.66894960 -8.70850039 0.44430002
v 12.65815019 -7.87279988 0.20290002
v 12.66944932 -7.86649991 0.47010002
v 12.66524934 -7.49889993 0.20670003
v 12.66614962 -7.50559997 0.50280002
v 12.68755006 -6.41550017 0.21780002
v 12.66855001 -6.39919997 0.56310002
v 12.65484952 -4.88250017 0.19050002
v 12.68094968 -4.89209985 0.54540002
v 12.64774942 -3.88670016 0.17680001
v 12.64974927 -3.87330007 0.51710002
v 12.67554998 -2.21060013 0.20460001
v 12.64774942 -2.21469999 0.52820002
v 12.69974947 -1.24120009 0.22330001
v 12.66044950 -1.24280012 0.49640002
v 12.66995000 1.47989989 0.19460002
v 12.65815019 1.49499988 0.55240002
v 12.68284940 4.60039998 0.17750001
v 12.67384958 4.56540013 0.53760002
v 12.70375013 8.77349996 0.20560002
v 12.66524934 8.75820016 0.44810002
v 12.65455007 13.96349954 0.28840002
v 12.60424947 13.97390031 0.56670002
v 5.22164964 13.92719985 0.17110002
v 5.22974967 14.03049993 0.61570002
v 2.78794979 13.96810008 0.18220001
v 2.78164982 14.03089953 0.53980002
v -1.44115032 13.90889978 0.13520002
v -1.42305029 14.02549983 0.56170002
v -5.67575026 13.93049955 0.13540003
v -5.65455008 14.00690031 0.52840002
v -8.45914983 13.99089956 0.51230002
v -12.51324988 14.00509977 0.22000003
v -12.54064990 14.01540040 0.42670002
v -12.66625071 8.18199968 0.22460002
v -12.64685012 8.18219995 0.43050002
v -12.70235015 4.27689982 0.23640001
v -12.64174987 4.29960012 0.54960002
v -12.70375013 0.88489991 0.26080002
v -12.66064978 0.88139992 0.52240002
v -12.66035033 -2.45550012 0.21890002
v -12.65945006 -2.42960001 0.53670002
v -12.64884997 -4.08139992 0.21170002
v -12.65845061 -4.07490015 0.53750002
v -12.65125037 -5.37779999 0.21340001
v -12.65595007 -5.36189985 0.54300002
v -12.65745020 -8.15969992 0.21970001
v -12.61005069 -8.16369962 0.48740002
v -12.66055060 -9.00460005 0.20290002
v -12.61625052 -9.00169993 0.46910002
v -12.65455008 -9.38760043 0.19070002
v -12.61545039 -9.39129972 0.49540002
v -12.64705039 -10.58799983 0.17170003
v -12.62045050 -10.60720015 0.48080002
v -12.66494990 -12.85959960 0.20190001
v -12.66045047 -12.86310053 0.50280002
v -12.65405036 -13.93470049 0.22240001
v -12.59334994 -13.89919996 0.44760002
v -12.04545069 -14.04550028 0.23490003
v -12.03035022 -13.96980047 0.47750002
v -11.63325072 -14.03729964 0.22790003
v -11.64125013 -13.96980047 0.48280002
v -11.13625003 -14.03179979 0.22200003
v -11.15014983 -13.96980047 0.49720002
v -10.39034987 -14.02749967 0.21520001
v -10.40005065 -13.96989966 0.48110002
v -9.61025000 -13.98179961 0.18750003
v -9.60535002 -13.96989966 0.48240002
v -3.81155015 -13.92170000 0.16200003
v -3.80605031 -13.96980047 0.52730002
v 2.63404965 -13.91099978 0.14830002
v 2.61484980 -13.96989966 0.47520002
v 4.92634963 -13.92900037 0.14980003
v 4.91304969 -13.96999979 0.48400002
v 5.88744973 -13.95650053 0.16790003
v 5.90024995 -13.96999979 0.45400002
v 8.61784982 -13.96569967 0.17180002
v 8.60924958 -13.96999979 0.52330002
v 9.70424985 -13.99679994 0.18810001
v 9.68905020 -13.96999979 0.52270002
v -12.42235041 13.87900019 0.04840001
v -12.50115062 8.19249964 0.08580002
v -12.51405001 4.25460005 0.06510001
v -12.53065062 0.86869990 0.05980003
v -12.55324984 -2.44190001 0.07070002
v -12.56065035 -4.09479999 0.06830001
v -12.55995035 -5.39629983 0.05560002
v -12.58265067 -8.17229986 0.06990001
v -12.58445025 -9.00740003 0.06140003
v -12.58564996 -9.40280009 0.06080002
v -12.59145022 -10.58680010 0.06250003
v -12.60664988 -12.86430025 0.06800002
v -12.51375056 -13.80859994 0.09170002
v -12.02215051 -13.82630014 0.11690003
v -10.36955024 -13.82959985 0.10380003
v -9.60905028 -13.83330012 0.10390002
v -6.47275019 -13.83169984 0.07380003
v 2.62434983 -13.86440038 0.05280003
v 8.61035013 -13.88200045 0.03990003
v 9.71435022 -13.90010024 0.05240002
v 12.49274968 -13.84200048 0.03120002
v 12.52724981 -12.83980035 0.04310003
v 12.57904958 -1.22730005 0.03240001
v 12.55275010 1.47799992 0.01390001
v 12.56545018 4.59389972 0.00840002
v 2.80694985 13.74679994 0.00270003
v -1.44795025 13.73689986 0.00020003
v -5.65815020 13.76960039 0.00110000
v -8.61285066 7.87559986 0.00000000
v -9.60535002 7.95629978 0.00000000
v -9.50305033 4.50029994 0.00000000
v -8.56915046 0.90809994 0.00000000
v -9.44665004 0.89939993 0.00000000
v -9.36294986 -2.52320003 0.00000000
v -8.57105017 -2.54330016 0.00000000
v -8.53265048 -10.88139963 0.00000000
v -9.28975058 -10.92439986 0.00000000
v -9.45155001 -12.78130006 0.00000000
v -6.47755004 -12.72520017 0.00000000
v 2.52924966 -12.57119989 0.00000000
v 8.55714940 -12.39569997 0.00000000
v 9.68774939 -12.35360003 0.00000000
v 9.62324952 -1.24920011 0.00000000
v 9.71664952 1.43889999 0.00000000
v 2.97454976 9.11799955 0.00000000
v 8.24524926 1.50819993 0.00000000
v 8.32315015 -1.18970001 0.00000000
v 8.35325002 -2.57459998 0.00000000
v 8.42344999 -5.70109987 0.00000000
v 8.40974950 -7.82189990 0.00000000
v 5.88374995 -7.89150000 0.00000000
v 3.33094978 -7.96199989 0.00000000
v 3.34064984 -5.69610024 0.00000000
v 5.93384980 -5.69869996 0.00000000
v 3.05994963 -9.51970052 0.00000000
v 5.90884971 -9.52769995 0.00000000
v 8.50834989 -11.30940009 0.00000000
v 8.42664956 -9.49350024 0.00000000
v 2.73554968 -11.38489962 0.00000000
v 5.93854951 -11.46910047 0.00000000
v 5.91334962 -2.54820014 0.00000000
v 5.92604970 -1.08000005 0.00000000
v 5.91104984 1.61809992 0.00000000
v 5.80444955 4.70169974 0.00000000
v 3.35434984 -2.52060008 0.00000000
v 3.36104964 -0.96250004 0.00000000
v 3.25734972 1.74309992 0.00000000
v 3.14104985 4.77489995 0.00000000
v -6.28435040 8.12529993 0.00000000
v -1.25665022 8.66429949 0.00000000
v -1.58445025 -11.19179964 0.00000000
v -4.18575049 -11.07560014 0.00000000
v -6.39295007 -10.97699975 0.00000000
v -1.47175027 -9.21890021 0.00000000
v -1.33135021 -2.52950001 0.00000000
v -4.28905011 -2.53520011 0.00000000
v -1.31915022 -0.22870008 0.00000000
v -1.23075021 2.81990003 0.00000000
v -1.28545023 4.70009994 0.00000000
v -4.27835036 0.23529992 0.00000000
v 1.71924972 -10.08640051 1.15340000
v 1.36154973 -10.00239993 1.18950003
v 1.67564975 -10.29449987 1.35560000
v 1.31894969 -10.21579980 1.37880003
v 1.88514971 -10.58729983 1.48840004
v 1.64734971 -10.57070016 1.49870002
v 1.26554977 -10.49879981 1.52640003
v 0.95034974 -10.42919969 1.49210000
v 1.58884978 -11.14030027 1.13330001
v 1.60624968 -10.79920054 1.45109999
v 1.15024971 -11.08239984 1.14840001
v 1.21984970 -10.72940016 1.47610003
v 1.51944970 -8.77479983 0.83830002
v 1.16404974 -9.02269984 0.84580001
v 1.91474973 -8.85699987 0.83630002
v 2.21114969 -9.17050028 0.83630002
v 2.06634974 -10.17239999 0.86830002
v 2.21114969 -9.17050028 0.83630002
v 1.96284973 -10.63649988 1.12920004
v 1.87994968 -11.20410014 0.86960003
v 1.69474971 -12.26569987 0.83660001
v 1.69474971 -12.26569987 0.83660001
v 1.37454974 -12.45809984 0.83680001
v 0.84174972 -12.38139963 0.83670002
v 0.59074973 -12.08570051 0.83720002
v 0.59074973 -12.08570051 0.83720002
v 0.74454974 -10.94959975 0.86270002
v 0.85184973 -10.39569997 1.19069999
v 0.85184973 -10.39569997 1.19069999
v 1.96284973 -10.63649988 1.12920004
v 0.93954974 -9.91799974 0.86840001
v 1.16404974 -9.02269984 0.84580001
v 1.92884969 -10.84830046 0.86930001
v 1.96404969 -10.66249991 0.86720002
v 1.96404969 -10.66249991 0.86720002
v 2.02624964 -10.41379977 0.86720002
v 0.91674977 -10.10460042 0.86740002
v 0.85644972 -10.38800001 0.86460003
v 0.85644972 -10.38800001 0.86460003
v 0.79244976 -10.65730047 0.86340001
v 9.26384973 -10.62080049 1.10120004
v 9.50705003 -10.66039991 1.08370000
v 8.75514936 -10.53970003 1.11630005
v 8.50264978 -10.50420045 1.09040004
v 9.20804929 -10.88079977 1.21680003
v 8.72354936 -10.81870032 1.25300002
v 9.15934991 -11.07109976 1.40680003
v 9.11144971 -11.27790022 1.48470002
v 9.31564950 -11.31030036 1.49860001
v 8.45114946 -11.17040015 1.50680000
v 8.68284940 -11.20560026 1.49300003
v 8.71124982 -11.01170015 1.44490004
v 9.10714959 -11.47629977 1.41400003
v 8.66295003 -11.44070006 1.43529999
v 9.12354993 -11.77689982 1.11840004
v 8.62734937 -11.75040007 1.14410001
v 9.11334943 -12.18310023 1.01650000
v 9.31024980 -12.20560026 1.05070001
v 8.35784959 -12.13139963 1.05950004
v 8.61904954 -12.14909983 1.04300004
v 8.18724965 -12.78000021 0.85440001
v 8.32175016 -13.15370035 0.86140001
v 9.04075002 -13.24109983 0.85070002
v 9.38264990 -12.90510034 0.85820001
v 9.38264990 -12.90510034 0.85820001
v 9.44654988 -12.20749999 0.86690003
v 9.43224954 -11.77199984 0.87480003
v 9.40234994 -11.30719995 1.34570003
v 9.40234994 -11.30719995 1.34570003
v 9.52804994 -10.90640021 0.87010002
v 9.59495019 -10.67209960 0.86880001
v 9.76394986 -9.94720030 0.85650003
v 9.76394986 -9.94720030 0.85650003
v 9.52934980 -9.59299993 0.85200003
v 8.93564939 -9.44949960 0.85900003
v 8.51704931 -9.72639990 0.86510003
v 8.51704931 -9.72639990 0.86510003
v 8.40494967 -10.51059962 0.87410003
v 8.38544988 -10.78930045 0.87170002
v 8.34464978 -11.16249991 1.40619999
v 8.34464978 -11.16249991 1.40619999
v 8.21985006 -12.12700033 0.86810002
v 8.18724965 -12.78000021 0.85440001
v 8.25194978 -11.68930006 0.87160003
v 8.37834978 -10.97450017 0.86950001
v 8.36444997 -11.15910005 0.86870003
v 8.36444997 -11.15910005 0.86870003
v 8.30065011 -11.43670035 0.87200001
v 9.43345021 -11.50880002 0.87430003
v 9.45004987 -11.28469992 0.87270001
v 9.45004987 -11.28469992 0.87270001
v 9.48404932 -11.11259985 0.87120003
v 0.90464973 -10.15590047 1.03610003
v 0.90314972 -10.33869982 1.37529999
v 0.83874976 -10.75369977 1.36560005
v 0.78854971 -10.94049979 1.03380001
v 0.73414975 -10.88279963 0.86270002
v 0.92354976 -10.23319960 0.87640002
v 9.47434949 -11.63909959 0.87400001
v 10.23414945 -11.70669984 0.87430003
v 10.35244989 -11.76709985 0.96680003
v 10.34534978 -11.71569967 0.87630001
v 10.37634992 -11.71120023 1.20860004
v 10.35884999 -11.78690004 1.06250000
v 10.38275003 -11.59079980 1.37420005
v 10.39584970 -11.41519975 1.39210004
v 10.41155004 -11.20830012 1.37350005
v 10.42624997 -11.09670020 1.21790004
v 10.43884992 -11.01050044 1.04600000
v 10.44185018 -11.04050016 0.95660001
v 11.19364976 -11.08809996 0.94570002
v 11.18574952 -11.07080031 1.04980004
v 11.21104955 -11.10399961 1.04010004
v 11.21594954 -11.13400031 0.93850002
v 11.18854952 -11.16560030 1.22940004
v 11.17145013 -11.28319979 1.39910001
v 11.19644975 -11.30709982 1.35650003
v 11.20585012 -11.20309972 1.20050001
v 11.16054963 -11.49980020 1.39780003
v 11.13514947 -11.68279981 1.37520003
v 11.16935014 -11.67139960 1.33110005
v 11.17974996 -11.49700021 1.33870000
v 11.11984967 -11.77899980 1.19940001
v 11.13034963 -11.84960031 1.06850004
v 11.17794942 -11.81990003 1.06480002
v 11.15754937 -11.74189996 1.18480003
v 11.12804937 -11.84390021 0.96730003
v 11.12074995 -11.81880045 0.87760001
v 11.15304994 -11.76650000 0.86100003
v 11.17334985 -11.81189967 0.96760002
v 11.22984933 -11.81549979 0.96430001
v 11.22545003 -11.76919984 0.85990003
v 11.25474977 -11.77710009 1.19970000
v 11.23764943 -11.82430028 1.06420004
v 11.26004934 -11.67519999 1.33180004
v 11.27354955 -11.49700021 1.38740003
v 11.27494955 -11.31250048 1.34100002
v 11.28424979 -11.17190028 1.22400004
v 11.27524995 -11.12159968 1.04110003
v 11.27494955 -11.13880014 0.94160002
v 11.51405000 -11.74690009 1.16510004
v 11.48684930 -11.79400015 1.04870003
v 11.50724935 -11.79289961 0.95590001
v 11.55345010 -11.49980020 1.31360000
v 11.50724935 -11.65609979 1.28410000
v 11.57074975 -11.24710036 1.18670005
v 11.53614950 -11.32889987 1.29230005
v 11.56154966 -11.20280027 0.94920003
v 11.56094979 -11.18600035 1.04699999
v 11.02924967 -11.81749964 0.87180001
v 11.02084970 -11.84820033 0.96270001
v 11.03245019 -11.85730029 1.07620001
v 11.04384946 -11.77360010 1.20010000
v 11.05284929 -11.67799998 1.38310003
v 11.07585000 -11.49589968 1.39870000
v 11.10904932 -11.15609979 1.22630000
v 11.10384988 -11.27290010 1.40330005
v 11.11084985 -11.07189989 0.94220001
v 11.11274957 -11.05769968 1.05030000
v 11.45804929 -11.80779981 0.95620003
v 11.44094991 -11.76790000 0.86080003
v 11.44354964 -11.79890012 1.05130005
v 11.45694970 -11.75859976 1.17540002
v 11.46435022 -11.66050005 1.29390001
v 11.50474977 -11.50060033 1.34320003
v 11.50654935 -11.22009992 1.20289999
v 11.48175000 -11.32510043 1.30340004
v 11.52704953 -11.17610025 0.94310001
v 11.51934957 -11.16809989 1.04550004
v 11.57175016 -11.21200038 1.11739999
v 11.52354955 -11.18520022 1.12279999
v 11.28064965 -11.13270044 1.13050002
v 11.21044969 -11.14860010 1.11849999
v 11.18174981 -11.12439967 1.13560003
v 11.10965013 -11.11790037 1.13690001
v 10.43345021 -11.04519987 1.12760001
v 11.51714944 -11.21639967 0.85580003
v 11.27054929 -11.17519999 0.86260003
v 11.21495008 -11.16420030 0.86370003
v 11.18924952 -11.11560011 0.87540001
v 11.10784959 -11.09890031 0.87000003
v 10.44334935 -11.09120035 0.86890003
v 2.05724978 -10.26180028 1.03720003
v 8.34234952 -10.82270002 1.04360002
v 8.33155011 -10.90070009 0.86700001
v 2.03574967 -10.33439971 0.87540001
v 2.02144980 -10.44770002 1.36360002
v 8.33484983 -11.01970052 1.36790001
v 1.94984972 -10.85129977 1.36760002
v 8.30284929 -11.40510034 1.37160003
v 1.91254973 -11.04110003 1.03729999
v 8.26984930 -11.60170030 1.05580002
v 1.90764975 -10.96840047 0.86980003
v 8.28534937 -11.53749991 0.87200001
v 11.50244951 -11.76900053 0.86020002
v 11.50724935 -11.79289961 0.95590001
v 11.48684930 -11.79400015 1.04870003
v 11.51405000 -11.74690009 1.16510004
v 11.50724935 -11.65609979 1.28410000
v 11.55345010 -11.49980020 1.31360000
v 11.53614950 -11.32889987 1.29230005
v 11.57074975 -11.24710036 1.18670005
v 11.57175016 -11.21200038 1.11739999
v 11.56094979 -11.18600035 1.04699999
v 11.56154966 -11.20280027 0.94920003
v 11.55514955 -11.22339963 0.85510001
vt 0.32020000 0.53540003
vt 0.32100001 0.50660002
vt 0.30250001 0.50639999
vt 0.34189999 0.54869998
vt 0.31860000 0.56550002
vt 0.40040001 0.64579999
vt 0.40590000 0.64800000
vt 0.42199999 0.62779999
vt 0.37140000 0.57650000
vt 0.37279999 0.57290000
vt 0.34560001 0.55129999
vt 0.39910001 0.60409999
vt 0.39730000 0.60549998
vt 0.40220001 0.60240000
vt 0.37009999 0.57900000
vt 0.39829999 0.57760000
vt 0.37270001 0.56889999
vt 0.37200001 0.55280000
vt 0.35080001 0.55149996
vt 0.31920001 0.57019997
vt 0.32110000 0.57359999
vt 0.40340000 0.64730000
vt 0.42250001 0.64680004
vt 0.40509999 0.80869997
vt 0.40500000 0.78509998
vt 0.40180001 0.78490001
vt 0.34619999 0.54789996
vt 0.40079999 0.57139999
vt 0.40099999 0.57519996
vt 0.40500000 0.57589996
vt 0.40310001 0.90340000
vt 0.42950001 0.90730000
vt 0.42800000 0.88150001
vt 0.39800000 0.86100000
vt 0.40079999 0.86129999
vt 0.40380001 0.83359998
vt 0.42550001 0.83300000
vt 0.42640001 0.83029997
vt 0.42730001 0.80629998
vt 0.42719999 0.80449998
vt 0.42030001 0.78460002
vt 0.37709999 0.62559998
vt 0.37810001 0.64590001
vt 0.44240001 0.90340000
vt 0.43959999 0.89579999
vt 0.43140000 0.83789998
vt 0.43120000 0.84270000
vt 0.43470001 0.83380002
vt 0.43779999 0.82980001
vt 0.43799999 0.83190000
vt 0.44540000 0.82929999
vt 0.46079999 0.82780004
vt 0.45960000 0.80769998
vt 0.44569999 0.80640000
vt 0.44420001 0.89399999
vt 0.44960001 0.89219999
vt 0.44729999 0.87879997
vt 0.44450000 0.86379999
vt 0.43849999 0.86460000
vt 0.43380001 0.86519998
vt 0.43669999 0.88120002
vt 0.42719999 0.86399996
vt 0.47170001 0.92100000
vt 0.47110000 0.91430002
vt 0.46840000 0.91450000
vt 0.46230000 0.96289998
vt 0.46070001 0.96270001
vt 0.46300000 0.96679997
vt 0.46390000 0.96319997
vt 0.48960000 0.97030002
vt 0.48850000 0.96980000
vt 0.48559999 0.97740000
vt 0.49829999 0.92339998
vt 0.50000000 0.91670001
vt 0.49720001 0.91610003
vt 0.52950001 0.90820003
vt 0.53189999 0.90380001
vt 0.52410001 0.89980000
vt 0.54229999 0.80290002
vt 0.51800001 0.81279999
vt 0.52300000 0.81370002
vt 0.53810000 0.82569999
vt 0.53219998 0.82819998
vt 0.53380001 0.83319998
vt 0.54170001 0.87059999
vt 0.54339999 0.88249999
vt 0.54909998 0.88360000
vt 0.50779998 0.78670001
vt 0.50860000 0.79009998
vt 0.52920002 0.77999997
vt 0.50160003 0.82150000
vt 0.50919998 0.81680000
vt 0.50070000 0.81959999
vt 0.51660001 0.81930000
vt 0.47319999 0.90350002
vt 0.47000000 0.90680003
vt 0.47260001 0.90689999
vt 0.49700001 0.90060002
vt 0.49770001 0.90520000
vt 0.45150000 0.84200001
vt 0.45130000 0.84469998
vt 0.45629999 0.84360003
vt 0.45249999 0.83910000
vt 0.45969999 0.89380002
vt 0.46270001 0.89730000
vt 0.46550000 0.89190000
vt 0.47029999 0.90189999
vt 0.47600001 0.89690000
vt 0.49550000 0.89349997
vt 0.49910000 0.90030003
vt 0.53119999 0.88660002
vt 0.53280002 0.88410002
vt 0.52819997 0.88120002
vt 0.53369999 0.87989998
vt 0.51859999 0.83599997
vt 0.52380002 0.83539999
vt 0.52289999 0.83219999
vt 0.51980001 0.88889998
vt 0.52319998 0.88599998
vt 0.49309999 0.86339998
vt 0.52670002 0.87370002
vt 0.51789999 0.83370000
vt 0.50849998 0.82889998
vt 0.50330001 0.82999998
vt 0.48370001 0.83399999
vt 0.46370000 0.83630002
vt 0.45879999 0.84070003
vt 0.45919999 0.86150002
vt 0.46210000 0.87720001
vt 0.46460000 0.88929999
vt 0.49090001 0.97079998
vt 0.55210000 0.87129998
vt 0.55360001 0.88480002
vt 0.54460001 0.82969999
vt 0.54220003 0.82359999
vt 0.52780002 0.81589997
vt 0.50730002 0.78390002
vt 0.42710000 0.80280000
vt 0.43840000 0.80089998
vt 0.44369999 0.79949999
vt 0.44100001 0.78230000
vt 0.50230002 0.77649999
vt 0.49880001 0.78610003
vt 0.55150002 0.89940000
vt 0.54860002 0.90490001
vt 0.56199998 0.90359998
vt 0.54619998 0.91079998
vt 0.54380000 0.91579998
vt 0.56160003 0.91430002
vt 0.54250002 0.91970003
vt 0.54020000 0.93750000
vt 0.54119998 0.92260003
vt 0.53570002 0.92339998
vt 0.40540001 0.95950001
vt 0.43610001 0.98839998
vt 0.43590000 0.96329999
vt 0.44830000 0.90999997
vt 0.45339999 0.95789999
vt 0.45359999 0.96300000
vt 0.45390001 0.96560001
vt 0.44790000 0.92369998
vt 0.46149999 0.92369998
vt 0.45879999 0.91900003
vt 0.45710000 0.92339998
vt 0.45530000 0.91530001
vt 0.46160001 0.93050003
vt 0.45170000 0.94200003
vt 0.43180001 0.93339998
vt 0.00150000 0.41780001
vt 0.00820000 0.41619998
vt 0.00120000 0.41369998
vt 0.00160000 0.40280002
vt 0.00830000 0.40319997
vt 0.00300000 0.39760000
vt 0.00050000 0.38020003
vt 0.00880000 0.37320000
vt 0.00160000 0.37180001
vt 0.00240000 0.33139998
vt 0.00950000 0.33130002
vt 0.00210000 0.32800001
vt 0.00160000 0.31199998
vt 0.00990000 0.30860001
vt 0.00170000 0.30820000
vt 0.00260000 0.28340000
vt 0.00950000 0.28170002
vt 0.00230000 0.28149998
vt 0.54079998 0.41030002
vt 0.53659999 0.41049999
vt 0.53670001 0.42760003
vt 0.18960001 0.42629999
vt 0.17620000 0.41100001
vt 0.16069999 0.42570001
vt 0.10010000 0.42629999
vt 0.10750000 0.41119999
vt 0.08990000 0.42589998
vt 0.11700000 0.42650002
vt 0.02970000 0.46590000
vt 0.02940000 0.47729999
vt 0.06940000 0.46619999
vt 0.03050000 0.44660002
vt 0.01080000 0.46200001
vt 0.01050000 0.47160000
vt 0.01170000 0.40280002
vt 0.01140000 0.41579998
vt 0.03190000 0.41409999
vt 0.01180000 0.32220000
vt 0.01190000 0.33099997
vt 0.03380000 0.32910001
vt 0.03440000 0.28090000
vt 0.01200000 0.28179997
vt 0.01190000 0.30870003
vt 0.03840000 0.13639998
vt 0.01220000 0.13779998
vt 0.01230000 0.15560001
vt 0.06150000 0.06500000
vt 0.06750000 0.01139998
vt 0.05460000 0.01130003
vt 0.12800001 0.06610000
vt 0.13420001 0.01139998
vt 0.12680000 0.01130003
vt 0.09830000 0.01130003
vt 0.08680000 0.01139998
vt 0.09630000 0.06519997
vt 0.11030000 0.01150000
vt 0.16750000 0.06639999
vt 0.18310000 0.01150000
vt 0.15430000 0.01130003
vt 0.23410000 0.01120001
vt 0.20240000 0.01150000
vt 0.22660001 0.06750000
vt 0.53520000 0.01080000
vt 0.44220001 0.01120001
vt 0.44190001 0.06629997
vt 0.36269999 0.06590003
vt 0.36320001 0.09600002
vt 0.53560001 0.15079999
vt 0.44540000 0.14270002
vt 0.10290000 0.33109999
vt 0.10510000 0.37000000
vt 0.17270000 0.33069998
vt 0.17039999 0.27530003
vt 0.14470001 0.27630001
vt 0.34160000 0.33139998
vt 0.36109999 0.41170001
vt 0.36230001 0.33300000
vt 0.72930002 0.51080000
vt 0.75440001 0.50610000
vt 0.72640002 0.48750001
vt 0.69410002 0.48909998
vt 0.66570002 0.51129997
vt 0.69480002 0.51310003
vt 0.69910002 0.82370001
vt 0.67580003 0.82830000
vt 0.70020002 0.84790003
vt 0.74470001 0.84380001
vt 0.76819998 0.82370001
vt 0.74479997 0.82139999
vt 0.76980001 0.59869999
vt 0.75770003 0.62880003
vt 0.77740002 0.61809999
vt 0.78179997 0.69200003
vt 0.75449997 0.67919999
vt 0.76609999 0.72119999
vt 0.66280001 0.72600001
vt 0.67250001 0.68320000
vt 0.64960003 0.69589996
vt 0.65210003 0.61790001
vt 0.66990000 0.63150001
vt 0.66000003 0.59979999
vt 0.67479998 0.40689999
vt 0.64870000 0.40939999
vt 0.67350000 0.43140000
vt 0.72130001 0.43720001
vt 0.75430000 0.41420001
vt 0.72469997 0.40899998
vt 0.73629999 0.10519999
vt 0.75590003 0.10229999
vt 0.73310000 0.07359999
vt 0.67940003 0.07419997
vt 0.65710002 0.10299999
vt 0.67860001 0.10540003
vt 0.66079998 0.23720002
vt 0.67350000 0.24489999
vt 0.66369998 0.20550001
vt 0.66100001 0.31220001
vt 0.67040002 0.28430003
vt 0.65960002 0.29030001
vt 0.76230001 0.29479998
vt 0.75070000 0.28789997
vt 0.75720000 0.31160003
vt 0.75739998 0.20389998
vt 0.75050002 0.24440002
vt 0.76260000 0.23780000
vt 0.94160002 0.08109999
vt 0.94720000 0.08039999
vt 0.92470002 0.02170002
vt 0.92949998 0.08270001
vt 0.91979998 0.08209997
vt 0.90850002 0.08029997
vt 0.89940000 0.07599998
vt 0.93370003 0.83700001
vt 0.90340000 0.83700001
vt 0.91710001 0.89190000
vt 0.87470001 0.83880001
vt 0.88800001 0.89469999
vt 0.64700001 0.90069997
vt 0.64740002 0.92589998
vt 0.65219998 0.91869998
vt 0.65359998 0.88440001
vt 0.64730000 0.87300003
vt 0.86820000 0.89609998
vt 0.87550002 0.89630002
vt 0.90380001 0.89300001
vt 0.93320000 0.89200002
vt 0.94709998 0.89279997
vt 0.95539999 0.89349997
vt 0.96259999 0.89429998
vt 0.96310002 0.83840001
vt 0.97060001 0.89499998
vt 0.97710001 0.89560002
vt 0.97750002 0.83819997
vt 0.66369998 0.90179998
vt 0.65859997 0.87900001
vt 0.66549999 0.87580001
vt 0.67470002 0.87910002
vt 0.68379998 0.88660002
vt 0.68519998 0.89940000
vt 0.68330002 0.91200000
vt 0.67540002 0.91799998
vt 0.67019999 0.92009997
vt 0.66530001 0.92309999
vt 0.65810001 0.92199999
vt 0.26300001 0.95709997
vt 0.26109999 0.98780000
vt 0.32380000 0.98820001
vt 0.32490000 0.95700002
vt 0.38049999 0.95990002
vt 0.38090000 0.98850000
vt 0.12190000 0.95880002
vt 0.12140000 0.98640001
vt 0.19540000 0.98689997
vt 0.19790000 0.95910001
vt 0.04010000 0.95410001
vt 0.01060000 0.98310000
vt 0.01000000 0.69130003
vt 0.00930000 0.77170002
vt 0.03690000 0.77230000
vt 0.03750000 0.69200003
vt 0.11200000 0.57019997
vt 0.11180000 0.50670004
vt 0.01450000 0.50790000
vt 0.04080000 0.56970000
vt 0.19180000 0.56889999
vt 0.19220001 0.50610000
vt 0.03840000 0.90499997
vt 0.00980000 0.90619999
vt 0.03870000 0.85189998
vt 0.00940000 0.85250002
vt 0.25020000 0.56709999
vt 0.24969999 0.50600004
vt 0.30039999 0.56620002
vt 0.34750000 0.59969997
vt 0.42289999 0.57830000
vt 0.40040001 0.55570000
vt 0.40050000 0.50680000
vt 0.37239999 0.50760001
vt 0.42300001 0.55849999
vt 0.42230001 0.50680000
vt 0.30019999 0.56990004
vt 0.30100000 0.57350004
vt 0.25020000 0.57120001
vt 0.19180000 0.57319999
vt 0.19220001 0.57659996
vt 0.25029999 0.57490003
vt 0.11230000 0.57429999
vt 0.11230000 0.57840002
vt 0.04220000 0.57290000
vt 0.04470000 0.57599998
vt 0.03990000 0.69220001
vt 0.04000000 0.77230000
vt 0.04410000 0.77209997
vt 0.04410000 0.69279999
vt 0.04160000 0.85179996
vt 0.04590000 0.85210001
vt 0.04170000 0.90429997
vt 0.04570000 0.90399998
vt 0.04230000 0.95220000
vt 0.04430000 0.94919997
vt 0.12210000 0.95580000
vt 0.12200000 0.95179999
vt 0.19820000 0.95590001
vt 0.19810000 0.95190001
vt 0.26310000 0.95400000
vt 0.26320001 0.95020002
vt 0.32499999 0.95389998
vt 0.32510000 0.95020002
vt 0.37959999 0.95709997
vt 0.40349999 0.95749998
vt 0.40020001 0.95550001
vt 0.37900001 0.95330000
vt 0.40000001 0.69770002
vt 0.40320000 0.69790000
vt 0.42879999 0.62779999
vt 0.42930001 0.57819998
vt 0.42910001 0.64680004
vt 0.40640000 0.69770002
vt 0.42190000 0.69620001
vt 0.42940000 0.69490004
vt 0.10640000 0.77560002
vt 0.10930000 0.69190001
vt 0.10790000 0.85860002
vt 0.11550000 0.90660000
vt 0.20200001 0.90780002
vt 0.20570000 0.86000001
vt 0.26420000 0.90670002
vt 0.32820001 0.90609998
vt 0.26719999 0.85940003
vt 0.32749999 0.85909998
vt 0.40020001 0.90270001
vt 0.39440000 0.86100000
vt 0.39660001 0.90179998
vt 0.37860000 0.90250003
vt 0.37790000 0.86040002
vt 0.20190001 0.77829999
vt 0.19800000 0.69190001
vt 0.26260000 0.77960002
vt 0.25749999 0.69270003
vt 0.32690001 0.78049999
vt 0.31779999 0.69430000
vt 0.35670000 0.78250003
vt 0.35490000 0.69639999
vt 0.31099999 0.64450002
vt 0.35100001 0.64530003
vt 0.25459999 0.64370000
vt 0.38000000 0.69669998
vt 0.37720001 0.78310001
vt 0.35710001 0.85969996
vt 0.35769999 0.90390003
vt 0.35519999 0.95179999
vt 0.35550001 0.95550001
vt 0.35589999 0.98830003
vt 0.35569999 0.95859998
vt 0.39800000 0.78509998
vt 0.42890000 0.55879998
vt 0.42899999 0.50709999
vt 0.42670000 0.78410000
vt 0.19580001 0.64429998
vt 0.11110000 0.64499998
vt 0.04450000 0.64489996
vt 0.04030000 0.64489996
vt 0.03830000 0.64499998
vt 0.01110000 0.64469999
vt 0.43640000 0.84319997
vt 0.44679999 0.90120000
vt 0.43640000 0.83829999
vt 0.43950000 0.80599999
vt 0.45249999 0.90770000
vt 0.45899999 0.91310000
vt 0.46309999 0.91689998
vt 0.46840000 0.92220002
vt 0.46790001 0.93000001
vt 0.46230000 0.94110000
vt 0.46550000 0.94139999
vt 0.46140000 0.95480001
vt 0.46329999 0.95520002
vt 0.46500000 0.95560002
vt 0.46849999 0.94180000
vt 0.47160000 0.92949998
vt 0.46380001 0.90979999
vt 0.45750001 0.90439999
vt 0.45220000 0.89859998
vt 0.44220001 0.84360003
vt 0.44209999 0.83899999
vt 0.44310001 0.83359998
vt 0.49120000 0.96149999
vt 0.49210000 0.96200001
vt 0.49559999 0.94749999
vt 0.49349999 0.94630003
vt 0.49640000 0.93190002
vt 0.46709999 0.90549999
vt 0.45930001 0.90149999
vt 0.45440000 0.89719999
vt 0.45230001 0.89170003
vt 0.44980001 0.87860000
vt 0.44700000 0.86339998
vt 0.44440001 0.84340000
vt 0.44479999 0.83969998
vt 0.44670001 0.83550000
vt 0.44949999 0.83210003
vt 0.46110001 0.82879996
vt 0.49710000 0.90969998
vt 0.49869999 0.93480003
vt 0.50190002 0.92729998
vt 0.53189999 0.91939998
vt 0.52829999 0.91470003
vt 0.50040001 0.90979999
vt 0.52850002 0.91159999
vt 0.50010002 0.90549999
vt 0.53520000 0.89829999
vt 0.53100002 0.89459997
vt 0.53890002 0.89260000
vt 0.53600001 0.89029998
vt 0.54200000 0.88779998
vt 0.53960001 0.88639998
vt 0.54079998 0.88239998
vt 0.53920001 0.87110001
vt 0.53070003 0.83370000
vt 0.52920002 0.82910001
vt 0.52890003 0.82420003
vt 0.52620000 0.82560003
vt 0.51920003 0.81500000
vt 0.48150000 0.82510000
vt 0.47690001 0.80449998
vt 0.49239999 0.79970002
vt 0.50099999 0.79530001
vt 0.52440000 0.81349999
vt 0.53509998 0.82160002
vt 0.54750001 0.88959998
vt 0.54400003 0.89510000
vt 0.54070002 0.90090001
vt 0.53740001 0.90670002
vt 0.53490001 0.91189998
vt 0.53350002 0.91619998
vt 0.50040001 0.79159999
vt 0.49120000 0.79710001
vt 0.47479999 0.80019999
vt 0.45829999 0.80369997
vt 0.44450000 0.80330002
vt 0.43889999 0.80350000
vt 0.48210001 0.82679999
vt 0.45910001 0.88989997
vt 0.45680001 0.87779999
vt 0.45410001 0.86210001
vt 0.45420000 0.83660001
vt 0.46169999 0.83109999
vt 0.48269999 0.82859999
vt 0.50220001 0.82410002
vt 0.51330000 0.82440001
vt 0.52060002 0.82889998
vt 0.53170002 0.87269998
vt 0.52759999 0.89090002
vt 0.52160001 0.89550000
vt 0.49320000 0.96249998
vt 0.49700001 0.94840002
vt 0.50290000 0.93669999
vt 0.50529999 0.93070000
vt 0.53759998 0.91960001
vt 0.53950000 0.91490000
vt 0.54189998 0.90920001
vt 0.54509997 0.90320003
vt 0.54839998 0.89779997
vt 0.55190003 0.89150000
vt 0.53890002 0.81919998
vt 0.52810001 0.81419998
vt 0.48809999 0.78890002
vt 0.47360000 0.79280001
vt 0.45680001 0.79649997
vt 0.45620000 0.77999997
vt 0.47200000 0.77829999
vt 0.48710001 0.77649999
vt 0.52859998 0.77670002
vt 0.55250001 0.80290002
vt 0.54689997 0.77939999
vt 0.54629999 0.77649999
vt 0.54470003 0.80970001
vt 0.54689997 0.81790000
vt 0.54790002 0.82260001
vt 0.54900002 0.82900000
vt 0.55449998 0.80869997
vt 0.55790001 0.82760000
vt 0.55729997 0.82150000
vt 0.55650002 0.81700003
vt 0.55409998 0.87110001
vt 0.55530000 0.88450003
vt 0.56000000 0.87070000
vt 0.56089997 0.88340002
vt 0.55510002 0.89179999
vt 0.56140000 0.89170003
vt 0.56059998 0.92129999
vt 0.55760002 0.93580002
vt 0.53659999 0.95169997
vt 0.53210002 0.96570003
vt 0.52990001 0.97530001
vt 0.52869999 0.98210001
vt 0.55470002 0.95200002
vt 0.55199999 0.96700001
vt 0.55019999 0.97630000
vt 0.54900002 0.98299998
vt 0.52759999 0.99419999
vt 0.54699999 0.99299997
vt 0.48469999 0.99119997
vt 0.46059999 0.99000001
vt 0.45260000 0.98940003
vt 0.44949999 0.93309999
vt 0.44299999 0.69360000
vt 0.44369999 0.64770001
vt 0.45670000 0.69250000
vt 0.45640001 0.64789999
vt 0.47110000 0.69169998
vt 0.47040001 0.64810002
vt 0.44409999 0.57830000
vt 0.44430000 0.55830002
vt 0.45649999 0.55860001
vt 0.45620000 0.57840002
vt 0.44340000 0.62699997
vt 0.45649999 0.62730002
vt 0.47020000 0.62779999
vt 0.47029999 0.57850003
vt 0.47040001 0.55890000
vt 0.44520000 0.50660002
vt 0.45760000 0.50699997
vt 0.46990001 0.50720000
vt 0.48600000 0.64820004
vt 0.48580000 0.62830001
vt 0.50209999 0.64899999
vt 0.50220001 0.62900001
vt 0.52460003 0.64980000
vt 0.52429998 0.63049996
vt 0.54170001 0.65090001
vt 0.54140002 0.63160002
vt 0.48789999 0.55939996
vt 0.48750001 0.57910001
vt 0.52340001 0.56029999
vt 0.50199997 0.55980003
vt 0.50199997 0.57980001
vt 0.52350003 0.58029997
vt 0.48840001 0.50709999
vt 0.52310002 0.50559998
vt 0.50199997 0.50660002
vt 0.54189998 0.58080000
vt 0.54200000 0.56070000
vt 0.54229999 0.50629997
vt 0.48640001 0.69169998
vt 0.50199997 0.69299996
vt 0.52579999 0.69430000
vt 0.54320002 0.69470000
vt 0.52380002 0.49940002
vt 0.54729998 0.50389999
vt 0.48850000 0.50080001
vt 0.50190002 0.49989998
vt 0.44520000 0.49970001
vt 0.45760000 0.50020003
vt 0.46959999 0.49959999
vt 0.40090001 0.50059998
vt 0.42210001 0.50000000
vt 0.42910001 0.49959999
vt 0.35260001 0.50059998
vt 0.35229999 0.50810003
vt 0.37200001 0.50070000
vt 0.30239999 0.49900001
vt 0.32100001 0.49989998
vt 0.19120000 0.49910003
vt 0.25000000 0.49980003
vt 0.11120000 0.49989998
vt 0.01090000 0.50389999
vt 0.00660000 0.64480001
vt 0.00430000 0.69159997
vt 0.00460000 0.77200001
vt 0.00430000 0.85299999
vt 0.00460000 0.90700001
vt 0.00880000 0.98710001
vt 0.12130000 0.99169999
vt 0.19570000 0.99210000
vt 0.26109999 0.99360001
vt 0.32460001 0.99400002
vt 0.35640001 0.99430001
vt 0.38159999 0.99440002
vt 0.43610001 0.99500000
vt 0.45940000 0.99640000
vt 0.45190001 0.99610001
vt 0.48320001 0.99769998
vt 0.52740002 0.99949998
vt 0.54930001 0.99790001
vt 0.56110001 0.95150000
vt 0.55820000 0.96660000
vt 0.55669999 0.97680002
vt 0.55510002 0.98540002
vt 0.56669998 0.90399998
vt 0.56540000 0.91589999
vt 0.56500000 0.92009997
vt 0.56389999 0.93550003
vt 0.56770003 0.89770001
vt 0.56470001 0.86949998
vt 0.56430000 0.87900001
vt 0.56300002 0.82650000
vt 0.55610001 0.80180001
vt 0.55750000 0.80550003
vt 0.56129998 0.81569999
vt 0.56230003 0.82290000
vt 0.55059999 0.77539998
vt 0.55140001 0.77719998
vt 0.54900002 0.69420004
vt 0.54879999 0.65069997
vt 0.54939997 0.63199997
vt 0.54850000 0.58070004
vt 0.54850000 0.56019998
vt 0.00770000 0.00819999
vt 0.01190000 0.00959998
vt 0.03270000 0.00809997
vt 0.03140000 0.00220001
vt 0.05440000 0.00870001
vt 0.05430000 0.00239998
vt 0.06750000 0.00870001
vt 0.06770000 0.00180000
vt 0.08650000 0.00790000
vt 0.08640000 0.00279999
vt 0.09840000 0.00779998
vt 0.09850000 0.00269997
vt 0.11060000 0.00779998
vt 0.11100000 0.00300002
vt 0.12680000 0.00760001
vt 0.12690000 0.00250000
vt 0.13390000 0.00739998
vt 0.13380000 0.00180000
vt 0.15449999 0.00709999
vt 0.15480000 0.00050002
vt 0.18350001 0.00779998
vt 0.18340001 0.00099999
vt 0.20240000 0.00809997
vt 0.20270000 0.00160003
vt 0.23430000 0.00739998
vt 0.23420000 0.00120002
vt 0.25260001 0.00690001
vt 0.25260001 0.00169998
vt 0.30419999 0.00779998
vt 0.30460000 0.00099999
vt 0.36340001 0.00790000
vt 0.36280000 0.00110000
vt 0.44260001 0.00720000
vt 0.44279999 0.00260001
vt 0.54149997 0.00970000
vt 0.54650003 0.00819999
vt 0.54040003 0.15050000
vt 0.54909998 0.15009999
vt 0.54110003 0.19669998
vt 0.54799998 0.19679999
vt 0.53950000 0.27689999
vt 0.54790002 0.27649999
vt 0.53979999 0.35720003
vt 0.54740000 0.35680002
vt 0.54740000 0.41020000
vt 0.54040003 0.48689997
vt 0.54229999 0.49040002
vt 0.42980000 0.49019998
vt 0.43000001 0.49409997
vt 0.35560000 0.49150002
vt 0.35609999 0.49750000
vt 0.29110000 0.49210000
vt 0.29110000 0.49720001
vt 0.22759999 0.49110001
vt 0.22820000 0.49710000
vt 0.19670001 0.49100000
vt 0.19690000 0.49720001
vt 0.17200001 0.49129999
vt 0.17240000 0.49750000
vt 0.11900000 0.49119997
vt 0.11900000 0.49640000
vt 0.10280000 0.49110001
vt 0.10310000 0.49620003
vt 0.09550000 0.49100000
vt 0.09560000 0.49669999
vt 0.07260000 0.49080002
vt 0.07220000 0.49659997
vt 0.02910000 0.49110001
vt 0.02880000 0.49669999
vt 0.00870000 0.49000001
vt 0.00790000 0.49320000
vt 0.00610000 0.47990000
vt 0.00180000 0.48079997
vt 0.00580000 0.47210002
vt 0.00090000 0.47250003
vt 0.00630000 0.46219999
vt 0.00110000 0.46249998
vt 0.00690000 0.44779998
vt 0.00180000 0.44779998
vt 0.00810000 0.43279999
vt 0.00260000 0.43250000
vt 0.00970000 0.32200003
vt 0.00270000 0.32179999
vt 0.01000000 0.19929999
vt 0.00370000 0.19970000
vt 0.00990000 0.15570003
vt 0.00350000 0.15600002
vt 0.00940000 0.13749999
vt 0.00400000 0.13720000
vt 0.00960000 0.08550000
vt 0.00290000 0.08560002
vt 0.00950000 0.06489998
vt 0.00320000 0.06489998
vt 0.53759998 0.48369998
vt 0.42989999 0.48610002
vt 0.35510001 0.48670000
vt 0.29080001 0.48710001
vt 0.22780000 0.48760003
vt 0.19630000 0.48780000
vt 0.17160000 0.48780000
vt 0.11860000 0.48799998
vt 0.10270000 0.48809999
vt 0.09510000 0.48820001
vt 0.07250000 0.48839998
vt 0.02920000 0.48850000
vt 0.01170000 0.48760003
vt 0.01070000 0.47869998
vt 0.01110000 0.44739997
vt 0.01130000 0.43279999
vt 0.01200000 0.37279999
vt 0.01200000 0.19959998
vt 0.01260000 0.08569998
vt 0.01260000 0.06480002
vt 0.01470000 0.01239997
vt 0.03320000 0.01130003
vt 0.25279999 0.01120001
vt 0.30410001 0.01190001
vt 0.36320001 0.01179999
vt 0.53570002 0.19639999
vt 0.53530002 0.27710003
vt 0.53579998 0.35689998
vt 0.42370000 0.41259998
vt 0.42530000 0.43140000
vt 0.35960001 0.42960000
vt 0.29120001 0.41200000
vt 0.29100001 0.42869997
vt 0.22600000 0.42710000
vt 0.22550000 0.41210002
vt 0.06730000 0.41200000
vt 0.06630000 0.42640001
vt 0.03130000 0.43000001
vt 0.03280000 0.37300003
vt 0.03650000 0.20160002
vt 0.04070000 0.08690000
vt 0.04180000 0.06540000
vt 0.25189999 0.06730002
vt 0.30289999 0.06580001
vt 0.44769999 0.19349998
vt 0.30390000 0.09359998
vt 0.25279999 0.09200001
vt 0.22660001 0.09140003
vt 0.16740000 0.08980000
vt 0.12720001 0.08999997
vt 0.12549999 0.13800001
vt 0.12390000 0.18660003
vt 0.16680001 0.18640000
vt 0.16710000 0.13720000
vt 0.09440000 0.19169998
vt 0.09460000 0.13749999
vt 0.06130000 0.08789998
vt 0.09560000 0.08960003
vt 0.05900000 0.19770002
vt 0.05780000 0.13679999
vt 0.22669999 0.13770002
vt 0.25450000 0.13739997
vt 0.30559999 0.13779998
vt 0.36410001 0.13990003
vt 0.22690000 0.18620002
vt 0.25639999 0.18599999
vt 0.30759999 0.18800002
vt 0.36510000 0.19029999
vt 0.42850000 0.36860001
vt 0.43880001 0.27359998
vt 0.06230000 0.27990001
vt 0.06430000 0.32929999
vt 0.06590000 0.37129998
vt 0.09960000 0.27780002
vt 0.22620000 0.27499998
vt 0.22589999 0.33099997
vt 0.26980001 0.27469999
vt 0.32769999 0.27310002
vt 0.36340001 0.27399999
vt 0.27849999 0.33080000
vt 0.73610002 0.60020000
vt 0.69679999 0.60140002
vt 0.73269999 0.62769997
vt 0.69849998 0.62830001
vt 0.75720000 0.65540004
vt 0.73490000 0.65740001
vt 0.69959998 0.65840000
vt 0.66900003 0.65890002
vt 0.74610001 0.72360003
vt 0.73500001 0.68040001
vt 0.69849998 0.72650003
vt 0.69970000 0.68089998
vt 0.68989998 0.47509998
vt 0.65560001 0.49980003
vt 0.72880000 0.47430003
vt 0.76539999 0.49330002
vt 0.78799999 0.59050000
vt 0.76670003 0.49750000
vt 0.78939998 0.64080000
vt 0.79200000 0.72990000
vt 0.78579998 0.83169997
vt 0.77999997 0.84029996
vt 0.75050002 0.85960001
vt 0.69830000 0.86430001
vt 0.66369998 0.84860003
vt 0.65759999 0.83850002
vt 0.63569999 0.73199999
vt 0.64310002 0.64390004
vt 0.63970000 0.67030001
vt 0.79000002 0.67149997
vt 0.63730001 0.58980000
vt 0.65369999 0.50459999
vt 0.80299997 0.70010000
vt 0.81110001 0.68390000
vt 0.81150001 0.62989998
vt 0.79860002 0.60940003
vt 0.63139999 0.60500002
vt 0.61710000 0.62800002
vt 0.61170000 0.68270004
vt 0.62250000 0.70660001
vt 0.68019998 0.33829999
vt 0.65539998 0.33789998
vt 0.73259997 0.34160000
vt 0.75870001 0.34500003
vt 0.68480003 0.31190002
vt 0.73210001 0.31260002
vt 0.68959999 0.28609997
vt 0.69160002 0.26419997
vt 0.67269999 0.26330000
vt 0.75410002 0.26830000
vt 0.73119998 0.26700002
vt 0.73079997 0.28640002
vt 0.69110000 0.24390000
vt 0.73140001 0.24330002
vt 0.68300003 0.20459998
vt 0.73430002 0.20330000
vt 0.67989999 0.16610003
vt 0.66030002 0.16490000
vt 0.75520003 0.16310000
vt 0.72909999 0.16500002
vt 0.76880002 0.09069997
vt 0.74440002 0.05989999
vt 0.67460001 0.05919999
vt 0.64130002 0.09079999
vt 0.64069998 0.09609997
vt 0.63810003 0.16250002
vt 0.63720000 0.20190001
vt 0.65730000 0.25830001
vt 0.65710002 0.26959997
vt 0.63020003 0.32120001
vt 0.63290000 0.34249997
vt 0.63239998 0.41299999
vt 0.63450003 0.41960001
vt 0.66439998 0.44620001
vt 0.72219998 0.45380002
vt 0.76400000 0.43049997
vt 0.76779997 0.42530000
vt 0.78130001 0.35149997
vt 0.79060000 0.32880002
vt 0.76800001 0.27230000
vt 0.76789999 0.26450002
vt 0.77749997 0.15670002
vt 0.76929998 0.09500003
vt 0.78670001 0.19559997
vt 0.80040002 0.31519997
vt 0.81080002 0.30110002
vt 0.81320000 0.23909998
vt 0.79720002 0.21579999
vt 0.62809998 0.22259998
vt 0.61669999 0.24070001
vt 0.61659998 0.28909999
vt 0.62349999 0.30400002
vt 0.96020001 0.20639998
vt 0.93440002 0.20929998
vt 0.90649998 0.20690000
vt 0.88090003 0.20190001
vt 0.86930001 0.19489998
vt 0.97289997 0.20700002
vt 0.86009997 0.83939999
vt 0.86089998 0.89569998
vt 0.86890000 0.90420002
vt 0.86150002 0.90410000
vt 0.88779998 0.90259999
vt 0.87589997 0.90359998
vt 0.90329999 0.90079999
vt 0.91689998 0.89999998
vt 0.93290001 0.90020001
vt 0.94760001 0.90170002
vt 0.96210003 0.90350002
vt 0.96910000 0.90469998
vt 0.96539998 0.96039999
vt 0.95840001 0.95810002
vt 0.95840001 0.96130002
vt 0.96590000 0.96410000
vt 0.94470000 0.95679998
vt 0.93110001 0.95410001
vt 0.93070000 0.95810002
vt 0.94440001 0.96020001
vt 0.91619998 0.95490003
vt 0.90359998 0.95499998
vt 0.90319997 0.95910001
vt 0.91630000 0.95899999
vt 0.89010000 0.95740002
vt 0.88010001 0.96020001
vt 0.88099998 0.96429998
vt 0.89130002 0.96100003
vt 0.87320000 0.96179998
vt 0.86669999 0.96259999
vt 0.86540002 0.96719998
vt 0.87390000 0.96590000
vt 0.87489998 0.97009999
vt 0.86699998 0.97229999
vt 0.89240003 0.96810001
vt 0.88200003 0.96869999
vt 0.90399998 0.96590000
vt 0.91750002 0.96590000
vt 0.93099999 0.96420002
vt 0.94389999 0.96630001
vt 0.95749998 0.96619999
vt 0.96469998 0.96829998
vt 0.67650002 0.87489998
vt 0.66549999 0.86930001
vt 0.65649998 0.87070000
vt 0.69069999 0.89870000
vt 0.68830001 0.88300002
vt 0.67919999 0.92299998
vt 0.68980002 0.91520000
vt 0.65649998 0.92790002
vt 0.66589999 0.92939997
vt 0.86540002 0.95569998
vt 0.87180001 0.95380002
vt 0.87930000 0.95289999
vt 0.88919997 0.95179999
vt 0.90329999 0.94910002
vt 0.91579998 0.94889998
vt 0.94520003 0.95120001
vt 0.93089998 0.94919997
vt 0.96660000 0.95429999
vt 0.95880002 0.95270002
vt 0.87900001 0.98650002
vt 0.87159997 0.98760003
vt 0.88540000 0.98379999
vt 0.89490002 0.98259997
vt 0.90600002 0.98119998
vt 0.91850001 0.98240000
vt 0.94190001 0.98240000
vt 0.93150002 0.98040003
vt 0.96079999 0.98650002
vt 0.95370001 0.98439997
vt 0.67259997 0.92659998
vt 0.94800001 0.98400003
vt 0.95109999 0.96619999
vt 0.95169997 0.96079999
vt 0.95160002 0.95770001
vt 0.95160002 0.95220000
vt 0.95550001 0.90270001
vt 0.96749997 0.98809999
vt 0.97079998 0.97000003
vt 0.97160000 0.96590000
vt 0.97060001 0.96179998
vt 0.97200000 0.95569998
vt 0.97640002 0.90609998
vt 0.96240002 0.29060000
vt 0.96139997 0.75070000
vt 0.97560000 0.75049996
vt 0.97539997 0.28880000
vt 0.93449998 0.29049999
vt 0.93309999 0.75110000
vt 0.90399998 0.28789997
vt 0.90380001 0.75150001
vt 0.87540001 0.28450000
vt 0.87550002 0.75080001
vt 0.86199999 0.28230000
vt 0.86100000 0.75150001
vt 0.87309998 0.99199998
vt 0.88000000 0.99010003
vt 0.88620001 0.98689997
vt 0.89579999 0.98689997
vt 0.90649998 0.98439997
vt 0.91880000 0.98650002
vt 0.93159997 0.98449999
vt 0.94139999 0.98760003
vt 0.94720000 0.98799998
vt 0.95289999 0.98769999
vt 0.95990002 0.98960000
vt 0.96689999 0.99089998
f 1/1 2/2 3/3
f 4/4 1/1 5/5
f 6/6 7/7 8/8
f 9/9 10/10 11/11
f 12/12 13/13 8/8
f 8/8 14/14 12/12
f 11/11 15/15 9/9
f 12/12 16/16 9/9
f 17/17 18/18 19/19
f 11/11 20/20 21/21
f 22/22 7/7 6/6
f 7/7 23/23 8/8
f 24/24 25/25 26/26
f 4/4 11/11 27/27
f 27/27 11/11 19/19
f 28/28 29/29 30/30
f 30/30 29/29 14/14
f 31/31 32/32 33/33
f 34/34 35/35 36/36
f 36/36 37/37 38/38
f 24/24 39/39 40/40
f 41/41 25/25 24/24
f 6/6 42/42 43/43
f 32/32 44/44 45/45
f 46/46 37/37 47/47
f 46/46 48/48 37/37
f 49/49 48/48 50/50
f 51/51 52/52 53/53
f 53/53 54/54 51/51
f 55/55 56/56 57/57
f 57/57 58/58 59/59
f 59/59 60/60 61/61
f 61/61 45/45 55/55
f 35/35 31/31 33/33
f 33/33 62/62 35/35
f 63/63 64/64 65/65
f 66/66 67/67 68/68
f 68/68 69/69 66/66
f 70/70 71/71 72/72
f 73/73 74/74 75/75
f 76/76 77/77 78/78
f 79/79 80/80 81/81
f 82/82 83/83 84/84
f 85/85 86/86 87/87
f 88/88 89/89 90/90
f 91/91 92/92 93/93
f 94/94 92/92 91/91
f 95/95 96/96 97/97
f 98/98 95/95 99/99
f 100/100 101/101 102/102
f 103/103 100/100 102/102
f 104/104 105/105 106/106
f 107/107 95/95 108/108
f 109/109 98/98 110/110
f 111/111 112/112 113/113
f 113/113 112/112 114/114
f 115/115 116/116 117/117
f 118/118 119/119 120/120
f 119/119 113/113 120/120
f 113/113 121/121 120/120
f 121/121 115/115 120/120
f 115/115 122/122 120/120
f 122/122 123/123 120/120
f 123/123 124/124 120/120
f 124/124 125/125 120/120
f 125/125 126/126 120/120
f 126/126 127/127 120/120
f 127/127 102/102 120/120
f 102/102 128/128 120/120
f 128/128 129/129 120/120
f 129/129 130/130 120/120
f 130/130 106/106 120/120
f 106/106 108/108 120/120
f 108/108 109/109 120/120
f 109/109 118/118 120/120
f 72/72 131/131 70/70
f 132/132 85/85 87/87
f 87/87 133/133 132/132
f 134/134 135/135 82/82
f 82/82 84/84 134/134
f 81/81 136/136 79/79
f 90/90 137/137 88/88
f 40/40 138/138 24/24
f 139/139 140/140 141/141
f 142/142 143/143 137/137
f 144/144 145/145 146/146
f 147/147 148/148 149/149
f 149/149 148/148 150/150
f 151/151 152/152 153/153
f 154/154 155/155 156/156
f 32/32 157/157 44/44
f 158/158 156/156 159/159
f 159/159 156/156 160/160
f 161/161 157/157 32/32
f 162/162 163/163 164/164
f 163/163 165/165 164/164
f 164/164 166/166 162/162
f 156/156 158/158 167/167
f 154/154 156/156 168/168
f 169/169 170/170 171/171
f 172/172 173/173 174/174
f 175/175 176/176 177/177
f 178/178 179/179 180/180
f 181/181 182/182 183/183
f 184/184 185/185 186/186
f 187/187 188/188 189/189
f 190/190 191/191 192/192
f 193/193 194/194 195/195
f 196/196 194/194 193/193
f 197/197 198/198 199/199
f 200/200 197/197 199/199
f 201/201 202/202 197/197
f 203/203 204/204 205/205
f 206/206 207/207 208/208
f 209/209 210/210 211/211
f 212/212 213/213 214/214
f 215/215 216/216 217/217
f 218/218 219/219 220/220
f 221/221 222/222 223/223
f 224/224 221/221 223/223
f 225/225 226/226 227/227
f 228/228 229/229 230/230
f 231/231 232/232 233/233
f 233/233 234/234 235/235
f 236/236 233/233 237/237
f 238/238 239/239 240/240
f 241/241 242/242 240/240
f 233/233 236/236 231/231
f 243/243 244/244 245/245
f 246/246 247/247 248/248
f 249/249 250/250 251/251
f 252/252 253/253 254/254
f 255/255 256/256 257/257
f 258/258 259/259 260/260
f 261/261 262/262 263/263
f 264/264 265/265 266/266
f 267/267 268/268 269/269
f 270/270 271/271 272/272
f 273/273 274/274 275/275
f 276/276 277/277 278/278
f 279/279 280/280 281/281
f 282/282 283/283 284/284
f 285/285 286/286 287/287
f 288/288 289/289 290/290
f 291/291 292/292 293/293
f 294/294 295/295 296/296
f 296/296 297/297 294/294
f 296/296 298/298 297/297
f 296/296 299/299 298/298
f 296/296 300/300 299/299
f 301/301 302/302 303/303
f 302/302 304/304 305/305
f 306/306 307/307 308/308
f 309/309 310/310 306/306
f 311/311 312/312 304/304
f 304/304 312/312 305/305
f 305/305 313/313 302/302
f 302/302 313/313 303/303
f 303/303 314/314 301/301
f 301/301 314/314 315/315
f 316/316 317/317 318/318
f 319/319 320/320 321/321
f 306/306 322/322 309/309
f 309/309 322/322 323/323
f 323/323 322/322 324/324
f 324/324 322/322 325/325
f 325/325 322/322 326/326
f 326/326 322/322 327/327
f 327/327 322/322 328/328
f 328/328 322/322 329/329
f 329/329 322/322 330/330
f 330/330 322/322 331/331
f 331/331 322/322 332/332
f 332/332 322/322 308/308
f 308/308 322/322 306/306
f 333/333 334/334 335/335
f 333/333 335/335 336/336
f 337/337 338/338 155/155
f 337/337 155/155 154/154
f 339/339 340/340 341/341
f 339/339 341/341 342/342
f 343/343 344/344 340/340
f 343/343 340/340 339/339
f 342/342 341/341 334/334
f 342/342 334/334 333/333
f 345/345 346/346 347/347
f 345/345 347/347 348/348
f 349/349 350/350 351/351
f 349/349 351/351 352/352
f 353/353 354/354 350/350
f 353/353 350/350 349/349
f 355/355 356/356 344/344
f 355/355 344/344 343/343
f 357/357 358/358 356/356
f 357/357 356/356 355/355
f 347/347 346/346 358/358
f 347/347 358/358 357/357
f 359/359 360/360 354/354
f 359/359 354/354 353/353
f 5/5 1/1 3/3
f 5/5 3/3 361/361
f 21/21 362/362 15/15
f 21/21 15/15 11/11
f 15/15 362/362 42/42
f 15/15 42/42 13/13
f 14/14 8/8 363/363
f 14/14 363/363 30/30
f 12/12 14/14 29/29
f 12/12 29/29 16/16
f 10/10 9/9 16/16
f 10/10 16/16 29/29
f 9/9 15/15 13/13
f 9/9 13/13 12/12
f 28/28 364/364 18/18
f 28/28 18/18 17/17
f 365/365 366/366 18/18
f 365/365 18/18 364/364
f 364/364 367/367 368/368
f 364/364 368/368 365/365
f 21/21 20/20 369/369
f 21/21 369/369 370/370
f 371/371 372/372 373/373
f 371/371 373/373 374/374
f 373/373 372/372 375/375
f 373/373 375/375 376/376
f 376/376 375/375 377/377
f 376/376 377/377 378/378
f 379/379 380/380 381/381
f 379/379 381/381 382/382
f 381/381 380/380 383/383
f 381/381 383/383 384/384
f 384/384 383/383 385/385
f 384/384 385/385 386/386
f 386/386 385/385 387/387
f 386/386 387/387 388/388
f 388/388 387/387 389/389
f 388/388 389/389 390/390
f 390/390 389/389 391/391
f 390/390 391/391 392/392
f 392/392 391/391 393/393
f 392/392 393/393 394/394
f 394/394 393/393 395/395
f 394/394 395/395 396/396
f 397/397 398/398 399/399
f 397/397 399/399 400/400
f 8/8 13/13 42/42
f 8/8 42/42 6/6
f 6/6 401/401 402/402
f 6/6 402/402 22/22
f 363/363 8/8 403/403
f 363/363 403/403 404/404
f 403/403 8/8 23/23
f 403/403 23/23 405/405
f 406/406 407/407 23/23
f 406/406 23/23 7/7
f 407/407 408/408 405/405
f 407/407 405/405 23/23
f 7/7 22/22 402/402
f 7/7 402/402 406/406
f 382/382 381/381 409/409
f 382/382 409/409 410/410
f 409/409 381/381 384/384
f 409/409 384/384 411/411
f 412/412 411/411 384/384
f 412/412 384/384 386/386
f 386/386 388/388 390/390
f 386/386 390/390 412/412
f 413/413 414/414 411/411
f 413/413 411/411 412/412
f 412/412 390/390 392/392
f 412/412 392/392 413/413
f 415/415 413/413 392/392
f 415/415 392/392 394/394
f 394/394 396/396 416/416
f 394/394 416/416 415/415
f 417/417 414/414 413/413
f 417/417 413/413 415/415
f 415/415 416/416 418/418
f 415/415 418/418 417/417
f 419/419 34/34 420/420
f 419/419 420/420 421/421
f 422/422 421/421 420/420
f 422/422 420/420 423/423
f 400/400 399/399 421/421
f 400/400 421/421 422/422
f 421/421 399/399 398/398
f 421/421 398/398 419/419
f 410/410 409/409 424/424
f 410/410 424/424 425/425
f 409/409 411/411 414/414
f 409/409 414/414 424/424
f 425/425 424/424 426/426
f 425/425 426/426 427/427
f 427/427 426/426 428/428
f 427/427 428/428 429/429
f 424/424 414/414 417/417
f 424/424 417/417 426/426
f 426/426 417/417 418/418
f 426/426 418/418 428/428
f 374/374 370/370 369/369
f 374/374 369/369 371/371
f 361/361 3/3 360/360
f 361/361 360/360 359/359
f 429/429 428/428 430/430
f 429/429 430/430 431/431
f 432/432 429/429 431/431
f 432/432 431/431 433/433
f 434/434 427/427 429/429
f 434/434 429/429 432/432
f 43/43 435/435 401/401
f 43/43 401/401 6/6
f 433/433 431/431 435/435
f 433/433 435/435 43/43
f 435/435 431/431 430/430
f 435/435 430/430 436/436
f 437/437 418/418 416/416
f 437/437 416/416 438/438
f 438/438 416/416 396/396
f 438/438 396/396 439/439
f 439/439 396/396 395/395
f 439/439 395/395 440/440
f 336/336 335/335 441/441
f 336/336 441/441 442/442
f 437/437 430/430 428/428
f 437/437 428/428 418/418
f 401/401 435/435 436/436
f 401/401 436/436 443/443
f 423/423 437/437 438/438
f 423/423 438/438 422/422
f 422/422 438/438 439/439
f 422/422 439/439 400/400
f 423/423 436/436 430/430
f 423/423 430/430 437/437
f 420/420 443/443 436/436
f 420/420 436/436 423/423
f 400/400 439/439 440/440
f 400/400 440/440 397/397
f 442/442 441/441 338/338
f 442/442 338/338 337/337
f 34/34 26/26 443/443
f 34/34 443/443 420/420
f 26/26 402/402 401/401
f 26/26 401/401 443/443
f 406/406 402/402 26/26
f 406/406 26/26 25/25
f 35/35 34/34 419/419
f 35/35 419/419 31/31
f 168/168 32/32 31/31
f 168/168 31/31 154/154
f 31/31 419/419 398/398
f 31/31 398/398 154/154
f 154/154 398/398 397/397
f 154/154 397/397 337/337
f 337/337 397/397 440/440
f 337/337 440/440 442/442
f 442/442 440/440 395/395
f 442/442 395/395 336/336
f 336/336 395/395 393/393
f 336/336 393/393 333/333
f 333/333 393/393 391/391
f 333/333 391/391 342/342
f 342/342 391/391 389/389
f 342/342 389/389 339/339
f 339/339 389/389 387/387
f 339/339 387/387 343/343
f 343/343 387/387 385/385
f 343/343 385/385 355/355
f 355/355 385/385 383/383
f 355/355 383/383 357/357
f 357/357 383/383 380/380
f 357/357 380/380 347/347
f 348/348 347/347 380/380
f 348/348 380/380 379/379
f 352/352 377/377 375/375
f 352/352 375/375 349/349
f 349/349 375/375 372/372
f 349/349 372/372 353/353
f 353/353 372/372 371/371
f 353/353 371/371 359/359
f 359/359 371/371 369/369
f 359/359 369/369 361/361
f 361/361 369/369 20/20
f 361/361 20/20 5/5
f 5/5 20/20 11/11
f 5/5 11/11 4/4
f 19/19 11/11 10/10
f 19/19 10/10 17/17
f 17/17 10/10 29/29
f 17/17 29/29 28/28
f 404/404 444/444 367/367
f 404/404 367/367 363/363
f 444/444 445/445 368/368
f 444/444 368/368 367/367
f 26/26 34/34 36/36
f 26/26 36/36 24/24
f 24/24 36/36 38/38
f 24/24 38/38 39/39
f 37/37 36/36 35/35
f 37/37 35/35 62/62
f 24/24 138/138 446/446
f 24/24 446/446 41/41
f 41/41 446/446 408/408
f 41/41 408/408 407/407
f 407/407 406/406 25/25
f 407/407 25/25 41/41
f 447/447 425/425 427/427
f 447/447 427/427 434/434
f 448/448 410/410 425/425
f 448/448 425/425 447/447
f 449/449 382/382 410/410
f 449/449 410/410 448/448
f 450/450 379/379 382/382
f 450/450 382/382 449/449
f 451/451 348/348 379/379
f 451/451 379/379 450/450
f 452/452 345/345 348/348
f 452/452 348/348 451/451
f 43/43 42/42 362/362
f 43/43 362/362 433/433
f 432/432 370/370 374/374
f 432/432 374/374 434/434
f 434/434 374/374 373/373
f 434/434 373/373 447/447
f 447/447 373/373 376/376
f 447/447 376/376 448/448
f 448/448 376/376 378/378
f 448/448 378/378 449/449
f 449/449 378/378 377/377
f 449/449 377/377 450/450
f 450/450 377/377 352/352
f 450/450 352/352 451/451
f 451/451 352/352 351/351
f 451/451 351/351 452/452
f 37/37 62/62 60/60
f 37/37 60/60 47/47
f 453/453 47/47 60/60
f 453/453 60/60 59/59
f 33/33 32/32 45/45
f 33/33 45/45 61/61
f 55/55 57/57 59/59
f 55/55 59/59 61/61
f 55/55 45/45 44/44
f 55/55 44/44 454/454
f 455/455 46/46 47/47
f 455/455 47/47 453/453
f 38/38 37/37 48/48
f 38/38 48/48 49/49
f 50/50 48/48 46/46
f 50/50 46/46 455/455
f 49/49 456/456 39/39
f 49/49 39/39 38/38
f 51/51 54/54 456/456
f 51/51 456/456 49/49
f 454/454 44/44 157/157
f 454/454 157/157 457/457
f 457/457 157/157 165/165
f 457/457 165/165 458/458
f 458/458 165/165 163/163
f 458/458 163/163 459/459
f 459/459 163/163 162/162
f 459/459 162/162 460/460
f 460/460 162/162 166/166
f 460/460 166/166 461/461
f 461/461 166/166 462/462
f 461/461 462/462 463/463
f 463/463 462/462 464/464
f 463/463 464/464 465/465
f 465/465 464/464 67/67
f 465/465 67/67 66/66
f 66/66 69/69 466/466
f 66/66 466/466 465/465
f 465/465 466/466 467/467
f 465/465 467/467 463/463
f 463/463 467/467 468/468
f 463/463 468/468 461/461
f 461/461 468/468 63/63
f 461/461 63/63 460/460
f 460/460 63/63 65/65
f 460/460 65/65 459/459
f 459/459 65/65 469/469
f 459/459 469/469 458/458
f 458/458 469/469 470/470
f 458/458 470/470 457/457
f 457/457 470/470 471/471
f 457/457 471/471 454/454
f 454/454 471/471 56/56
f 454/454 56/56 55/55
f 59/59 58/58 472/472
f 59/59 472/472 453/453
f 453/453 472/472 473/473
f 453/453 473/473 455/455
f 455/455 473/473 474/474
f 455/455 474/474 50/50
f 50/50 474/474 51/51
f 50/50 51/51 49/49
f 61/61 60/60 62/62
f 61/61 62/62 33/33
f 69/69 71/71 475/475
f 69/69 475/475 466/466
f 476/476 475/475 71/71
f 476/476 71/71 70/70
f 477/477 478/478 475/475
f 477/477 475/475 476/476
f 467/467 466/466 475/475
f 467/467 475/475 478/478
f 468/468 467/467 478/478
f 468/468 478/478 479/479
f 63/63 468/468 479/479
f 63/63 479/479 73/73
f 64/64 97/97 96/96
f 64/64 96/96 65/65
f 469/469 65/65 96/96
f 469/469 96/96 480/480
f 470/470 469/469 480/480
f 470/470 480/480 481/481
f 471/471 470/470 481/481
f 471/471 481/481 482/482
f 56/56 471/471 482/482
f 56/56 482/482 483/483
f 57/57 56/56 483/483
f 57/57 483/483 484/484
f 484/484 485/485 58/58
f 484/484 58/58 57/57
f 485/485 486/486 472/472
f 485/485 472/472 58/58
f 486/486 487/487 473/473
f 486/486 473/473 472/472
f 487/487 488/488 474/474
f 487/487 474/474 473/473
f 488/488 489/489 51/51
f 488/488 51/51 474/474
f 489/489 490/490 52/52
f 489/489 52/52 51/51
f 64/64 63/63 73/73
f 64/64 73/73 75/75
f 97/97 64/64 75/75
f 97/97 75/75 491/491
f 492/492 479/479 478/478
f 492/492 478/478 477/477
f 493/493 73/73 479/479
f 493/493 479/479 492/492
f 68/68 72/72 71/71
f 68/68 71/71 69/69
f 494/494 495/495 73/73
f 494/494 73/73 493/493
f 74/74 496/496 491/491
f 74/74 491/491 75/75
f 74/74 73/73 495/495
f 74/74 495/495 497/497
f 496/496 74/74 497/497
f 496/496 497/497 76/76
f 496/496 76/76 78/78
f 496/496 78/78 498/498
f 77/77 499/499 500/500
f 77/77 500/500 78/78
f 499/499 501/501 502/502
f 499/499 502/502 500/500
f 501/501 503/503 504/504
f 501/501 504/504 502/502
f 504/504 503/503 86/86
f 504/504 86/86 505/505
f 86/86 85/85 506/506
f 86/86 506/506 505/505
f 85/85 84/84 507/507
f 85/85 507/507 506/506
f 84/84 83/83 508/508
f 84/84 508/508 507/507
f 83/83 509/509 510/510
f 83/83 510/510 508/508
f 509/509 511/511 94/94
f 509/509 94/94 510/510
f 511/511 80/80 92/92
f 511/511 92/92 94/94
f 52/52 512/512 513/513
f 52/52 513/513 53/53
f 512/512 93/93 514/514
f 512/512 514/514 513/513
f 93/93 92/92 515/515
f 93/93 515/515 514/514
f 80/80 89/89 515/515
f 80/80 515/515 92/92
f 80/80 79/79 90/90
f 80/80 90/90 89/89
f 81/81 80/80 511/511
f 81/81 511/511 516/516
f 516/516 511/511 509/509
f 516/516 509/509 517/517
f 517/517 509/509 83/83
f 517/517 83/83 82/82
f 134/134 84/84 85/85
f 134/134 85/85 132/132
f 87/87 86/86 503/503
f 87/87 503/503 518/518
f 518/518 503/503 501/501
f 518/518 501/501 519/519
f 519/519 501/501 499/499
f 519/519 499/499 520/520
f 520/520 499/499 77/77
f 520/520 77/77 521/521
f 521/521 77/77 76/76
f 521/521 76/76 522/522
f 523/523 497/497 495/495
f 523/523 495/495 494/494
f 522/522 76/76 497/497
f 522/522 497/497 523/523
f 524/524 515/515 89/89
f 524/524 89/89 88/88
f 525/525 514/514 515/515
f 525/525 515/515 524/524
f 526/526 513/513 514/514
f 526/526 514/514 525/525
f 527/527 53/53 513/513
f 527/527 513/513 526/526
f 528/528 54/54 53/53
f 528/528 53/53 527/527
f 40/40 39/39 456/456
f 40/40 456/456 529/529
f 529/529 456/456 54/54
f 529/529 54/54 528/528
f 490/490 530/530 512/512
f 490/490 512/512 52/52
f 530/530 91/91 93/93
f 530/530 93/93 512/512
f 491/491 496/496 498/498
f 491/491 498/498 99/99
f 99/99 95/95 97/97
f 99/99 97/97 491/491
f 107/107 105/105 481/481
f 107/107 481/481 480/480
f 480/480 96/96 95/95
f 480/480 95/95 107/107
f 104/104 531/531 483/483
f 104/104 483/483 482/482
f 482/482 481/481 105/105
f 482/482 105/105 104/104
f 532/532 533/533 485/485
f 532/532 485/485 484/484
f 484/484 483/483 531/531
f 484/484 531/531 532/532
f 533/533 101/101 486/486
f 533/533 486/486 485/485
f 103/103 534/534 489/489
f 103/103 489/489 488/488
f 487/487 486/486 101/101
f 487/487 101/101 100/100
f 488/488 487/487 100/100
f 488/488 100/100 103/103
f 534/534 535/535 490/490
f 534/534 490/490 489/489
f 535/535 536/536 530/530
f 535/535 530/530 490/490
f 536/536 537/537 91/91
f 536/536 91/91 530/530
f 537/537 538/538 94/94
f 537/537 94/94 91/91
f 117/117 116/116 507/507
f 117/117 507/507 508/508
f 539/539 117/117 508/508
f 539/539 508/508 510/510
f 510/510 94/94 538/538
f 510/510 538/538 539/539
f 116/116 540/540 506/506
f 116/116 506/506 507/507
f 112/112 111/111 502/502
f 112/112 502/502 504/504
f 114/114 112/112 504/504
f 114/114 504/504 505/505
f 505/505 506/506 540/540
f 505/505 540/540 114/114
f 541/541 542/542 78/78
f 541/541 78/78 500/500
f 500/500 502/502 111/111
f 500/500 111/111 541/541
f 542/542 110/110 498/498
f 542/542 498/498 78/78
f 110/110 98/98 99/99
f 110/110 99/99 498/498
f 538/538 537/537 124/124
f 538/538 124/124 123/123
f 124/124 537/537 536/536
f 124/124 536/536 125/125
f 125/125 536/536 535/535
f 125/125 535/535 126/126
f 127/127 126/126 535/535
f 127/127 535/535 534/534
f 534/534 103/103 102/102
f 534/534 102/102 127/127
f 102/102 101/101 533/533
f 102/102 533/533 128/128
f 128/128 533/533 532/532
f 128/128 532/532 129/129
f 129/129 532/532 531/531
f 129/129 531/531 130/130
f 106/106 130/130 531/531
f 106/106 531/531 104/104
f 108/108 106/106 105/105
f 108/108 105/105 107/107
f 108/108 95/95 98/98
f 108/108 98/98 109/109
f 110/110 542/542 118/118
f 110/110 118/118 109/109
f 119/119 118/118 542/542
f 119/119 542/542 541/541
f 541/541 111/111 113/113
f 541/541 113/113 119/119
f 114/114 540/540 121/121
f 114/114 121/121 113/113
f 121/121 540/540 116/116
f 121/121 116/116 115/115
f 115/115 117/117 539/539
f 115/115 539/539 122/122
f 122/122 539/539 538/538
f 122/122 538/538 123/123
f 70/70 131/131 543/543
f 70/70 543/543 476/476
f 476/476 543/543 544/544
f 476/476 544/544 477/477
f 477/477 544/544 545/545
f 477/477 545/545 492/492
f 492/492 545/545 546/546
f 492/492 546/546 493/493
f 493/493 546/546 153/153
f 493/493 153/153 494/494
f 494/494 153/153 547/547
f 494/494 547/547 523/523
f 523/523 547/547 548/548
f 523/523 548/548 522/522
f 522/522 548/548 549/549
f 522/522 549/549 521/521
f 521/521 549/549 550/550
f 521/521 550/550 520/520
f 520/520 550/550 551/551
f 520/520 551/551 519/519
f 519/519 551/551 552/552
f 519/519 552/552 518/518
f 518/518 552/552 133/133
f 518/518 133/133 87/87
f 82/82 135/135 553/553
f 82/82 553/553 517/517
f 517/517 553/553 554/554
f 517/517 554/554 516/516
f 516/516 554/554 136/136
f 516/516 136/136 81/81
f 88/88 137/137 143/143
f 88/88 143/143 524/524
f 524/524 143/143 555/555
f 524/524 555/555 525/525
f 525/525 555/555 556/556
f 525/525 556/556 526/526
f 526/526 556/556 557/557
f 526/526 557/557 527/527
f 527/527 557/557 140/140
f 527/527 140/140 528/528
f 528/528 140/140 139/139
f 528/528 139/139 529/529
f 529/529 139/139 138/138
f 529/529 138/138 40/40
f 141/141 446/446 138/138
f 141/141 138/138 139/139
f 558/558 141/141 140/140
f 558/558 140/140 557/557
f 557/557 556/556 559/559
f 557/557 559/559 558/558
f 560/560 559/559 556/556
f 560/560 556/556 555/555
f 555/555 143/143 142/142
f 555/555 142/142 560/560
f 137/137 90/90 561/561
f 137/137 561/561 142/142
f 79/79 562/562 563/563
f 79/79 563/563 90/90
f 561/561 90/90 563/563
f 561/561 563/563 564/564
f 554/554 565/565 79/79
f 554/554 79/79 136/136
f 553/553 566/566 565/565
f 553/553 565/565 554/554
f 567/567 566/566 553/553
f 567/567 553/553 135/135
f 135/135 134/134 568/568
f 135/135 568/568 567/567
f 569/569 562/562 79/79
f 569/569 79/79 565/565
f 567/567 568/568 570/570
f 567/567 570/570 571/571
f 566/566 567/567 571/571
f 566/566 571/571 572/572
f 565/565 566/566 572/572
f 565/565 572/572 569/569
f 568/568 134/134 132/132
f 568/568 132/132 573/573
f 573/573 132/132 133/133
f 573/573 133/133 574/574
f 570/570 568/568 573/573
f 570/570 573/573 575/575
f 575/575 573/573 574/574
f 575/575 574/574 576/576
f 574/574 133/133 552/552
f 574/574 552/552 577/577
f 144/144 577/577 552/552
f 144/144 552/552 551/551
f 551/551 550/550 145/145
f 551/551 145/145 144/144
f 147/147 145/145 550/550
f 147/147 550/550 549/549
f 549/549 548/548 148/148
f 549/549 148/148 147/147
f 150/150 148/148 548/548
f 150/150 548/548 547/547
f 547/547 153/153 152/152
f 547/547 152/152 150/150
f 576/576 574/574 577/577
f 576/576 577/577 578/578
f 146/146 578/578 577/577
f 146/146 577/577 144/144
f 149/149 146/146 145/145
f 149/149 145/145 147/147
f 150/150 152/152 579/579
f 150/150 579/579 149/149
f 579/579 152/152 151/151
f 579/579 151/151 580/580
f 153/153 546/546 545/545
f 153/153 545/545 151/151
f 544/544 581/581 151/151
f 544/544 151/151 545/545
f 543/543 582/582 581/581
f 543/543 581/581 544/544
f 583/583 582/582 543/543
f 583/583 543/543 131/131
f 131/131 72/72 584/584
f 131/131 584/584 583/583
f 585/585 580/580 151/151
f 585/585 151/151 581/581
f 581/581 582/582 586/586
f 581/581 586/586 585/585
f 587/587 586/586 582/582
f 587/587 582/582 583/583
f 583/583 584/584 588/588
f 583/583 588/588 587/587
f 588/588 584/584 589/589
f 588/588 589/589 590/590
f 72/72 591/591 589/589
f 72/72 589/589 584/584
f 591/591 72/72 68/68
f 591/591 68/68 592/592
f 593/593 592/592 68/68
f 593/593 68/68 160/160
f 160/160 68/68 67/67
f 160/160 67/67 159/159
f 159/159 67/67 464/464
f 159/159 464/464 158/158
f 160/160 156/156 155/155
f 160/160 155/155 593/593
f 594/594 161/161 32/32
f 594/594 32/32 168/168
f 161/161 164/164 165/165
f 161/161 165/165 157/157
f 167/167 158/158 464/464
f 167/167 464/464 462/462
f 168/168 156/156 167/167
f 168/168 167/167 594/594
f 594/594 166/166 164/164
f 594/594 164/164 161/161
f 166/166 594/594 167/167
f 166/166 167/167 462/462
f 595/595 596/596 405/405
f 595/595 405/405 408/408
f 408/408 446/446 141/141
f 408/408 141/141 595/595
f 597/597 598/598 596/596
f 597/597 596/596 595/595
f 599/599 600/600 598/598
f 599/599 598/598 597/597
f 595/595 141/141 558/558
f 595/595 558/558 597/597
f 597/597 558/558 559/559
f 597/597 559/559 599/599
f 601/601 602/602 444/444
f 601/601 444/444 404/404
f 603/603 602/602 601/601
f 603/603 601/601 604/604
f 605/605 601/601 404/404
f 605/605 404/404 403/403
f 604/604 601/601 605/605
f 604/604 605/605 606/606
f 403/403 405/405 596/596
f 403/403 596/596 605/605
f 606/606 605/605 596/596
f 606/606 596/596 598/598
f 598/598 600/600 607/607
f 598/598 607/607 606/606
f 606/606 607/607 608/608
f 606/606 608/608 604/604
f 604/604 608/608 609/609
f 604/604 609/609 603/603
f 610/610 445/445 444/444
f 610/610 444/444 602/602
f 611/611 610/610 602/602
f 611/611 602/602 603/603
f 603/603 609/609 612/612
f 603/603 612/612 611/611
f 613/613 614/614 607/607
f 613/613 607/607 600/600
f 615/615 616/616 614/614
f 615/615 614/614 613/613
f 617/617 618/618 616/616
f 617/617 616/616 615/615
f 619/619 620/620 618/618
f 619/619 618/618 617/617
f 621/621 609/609 608/608
f 621/621 608/608 622/622
f 623/623 624/624 625/625
f 623/623 625/625 626/626
f 627/627 612/612 609/609
f 627/627 609/609 621/621
f 628/628 629/629 624/624
f 628/628 624/624 623/623
f 622/622 608/608 607/607
f 622/622 607/607 614/614
f 626/626 625/625 616/616
f 626/626 616/616 618/618
f 618/618 620/620 630/630
f 618/618 630/630 626/626
f 626/626 630/630 631/631
f 626/626 631/631 623/623
f 623/623 631/631 632/632
f 623/623 632/632 628/628
f 614/614 616/616 625/625
f 614/614 625/625 622/622
f 622/622 625/625 624/624
f 622/622 624/624 621/621
f 621/621 624/624 629/629
f 621/621 629/629 627/627
f 599/599 559/559 560/560
f 599/599 560/560 633/633
f 633/633 560/560 142/142
f 633/633 142/142 634/634
f 634/634 142/142 561/561
f 634/634 561/561 635/635
f 635/635 561/561 564/564
f 635/635 564/564 636/636
f 600/600 599/599 633/633
f 600/600 633/633 613/613
f 613/613 633/633 634/634
f 613/613 634/634 615/615
f 615/615 634/634 635/635
f 615/615 635/635 617/617
f 617/617 635/635 636/636
f 617/617 636/636 619/619
f 637/637 628/628 632/632
f 637/637 632/632 638/638
f 639/639 627/627 629/629
f 639/639 629/629 640/640
f 640/640 629/629 628/628
f 640/640 628/628 637/637
f 641/641 610/610 611/611
f 641/641 611/611 642/642
f 643/643 612/612 627/627
f 643/643 627/627 639/639
f 642/642 611/611 612/612
f 642/642 612/612 643/643
f 644/644 365/365 368/368
f 644/644 368/368 645/645
f 645/645 368/368 445/445
f 645/645 445/445 646/646
f 646/646 445/445 610/610
f 646/646 610/610 641/641
f 647/647 648/648 366/366
f 647/647 366/366 649/649
f 649/649 366/366 365/365
f 649/649 365/365 644/644
f 650/650 3/3 2/2
f 650/650 2/2 651/651
f 651/651 2/2 648/648
f 651/651 648/648 647/647
f 652/652 354/354 360/360
f 652/652 360/360 653/653
f 653/653 360/360 3/3
f 653/653 3/3 650/650
f 654/654 350/350 354/354
f 654/654 354/354 652/652
f 655/655 351/351 350/350
f 655/655 350/350 654/654
f 656/656 452/452 351/351
f 656/656 351/351 655/655
f 657/657 345/345 452/452
f 657/657 452/452 656/656
f 658/658 346/346 345/345
f 658/658 345/345 657/657
f 659/659 358/358 346/346
f 659/659 346/346 658/658
f 660/660 356/356 358/358
f 660/660 358/358 659/659
f 661/661 344/344 356/356
f 661/661 356/356 660/660
f 662/662 340/340 344/344
f 662/662 344/344 661/661
f 663/663 341/341 340/340
f 663/663 340/340 662/662
f 664/664 334/334 341/341
f 664/664 341/341 663/663
f 665/665 335/335 334/334
f 665/665 334/334 664/664
f 666/666 441/441 335/335
f 666/666 335/335 665/665
f 667/667 338/338 441/441
f 667/667 441/441 666/666
f 668/668 155/155 338/338
f 668/668 338/338 667/667
f 669/669 592/592 593/593
f 669/669 593/593 670/670
f 670/670 593/593 155/155
f 670/670 155/155 668/668
f 671/671 591/591 592/592
f 671/671 592/592 669/669
f 672/672 589/589 591/591
f 672/672 591/591 671/671
f 673/673 590/590 589/589
f 673/673 589/589 672/672
f 674/674 585/585 586/586
f 674/674 586/586 675/675
f 675/675 586/586 587/587
f 675/675 587/587 676/676
f 676/676 587/587 588/588
f 676/676 588/588 677/677
f 677/677 588/588 590/590
f 677/677 590/590 673/673
f 678/678 146/146 149/149
f 678/678 149/149 679/679
f 680/680 579/579 580/580
f 680/680 580/580 681/681
f 679/679 149/149 579/579
f 679/679 579/579 680/680
f 681/681 580/580 585/585
f 681/681 585/585 674/674
f 682/682 578/578 146/146
f 682/682 146/146 678/678
f 683/683 575/575 576/576
f 683/683 576/576 684/684
f 684/684 576/576 578/578
f 684/684 578/578 682/682
f 685/685 570/570 575/575
f 685/685 575/575 683/683
f 686/686 562/562 569/569
f 686/686 569/569 687/687
f 687/687 569/569 572/572
f 687/687 572/572 688/688
f 689/689 571/571 570/570
f 689/689 570/570 685/685
f 688/688 572/572 571/571
f 688/688 571/571 689/689
f 690/690 564/564 563/563
f 690/690 563/563 691/691
f 691/691 563/563 562/562
f 691/691 562/562 686/686
f 692/692 636/636 564/564
f 692/692 564/564 690/690
f 693/693 619/619 636/636
f 693/693 636/636 692/692
f 694/694 620/620 619/619
f 694/694 619/619 693/693
f 695/695 630/630 620/620
f 695/695 620/620 694/694
f 696/696 631/631 630/630
f 696/696 630/630 695/695
f 638/638 632/632 631/631
f 638/638 631/631 696/696
f 697/697 698/698 699/699
f 697/697 699/699 700/700
f 700/700 699/699 701/701
f 700/700 701/701 702/702
f 702/702 701/701 703/703
f 702/702 703/703 704/704
f 704/704 703/703 705/705
f 704/704 705/705 706/706
f 706/706 705/705 707/707
f 706/706 707/707 708/708
f 708/708 707/707 709/709
f 708/708 709/709 710/710
f 710/710 709/709 711/711
f 710/710 711/711 712/712
f 712/712 711/711 713/713
f 712/712 713/713 714/714
f 714/714 713/713 715/715
f 714/714 715/715 716/716
f 716/716 715/715 717/717
f 716/716 717/717 718/718
f 718/718 717/717 719/719
f 718/718 719/719 720/720
f 720/720 719/719 721/721
f 720/720 721/721 722/722
f 722/722 721/721 723/723
f 722/722 723/723 724/724
f 724/724 723/723 725/725
f 724/724 725/725 726/726
f 726/726 725/725 727/727
f 726/726 727/727 728/728
f 728/728 727/727 729/729
f 728/728 729/729 730/730
f 730/730 729/729 731/731
f 730/730 731/731 732/732
f 732/732 731/731 733/733
f 732/732 733/733 734/734
f 734/734 733/733 735/735
f 734/734 735/735 736/736
f 736/736 735/735 737/737
f 736/736 737/737 738/738
f 738/738 737/737 739/739
f 738/738 739/739 740/740
f 740/740 739/739 187/187
f 740/740 187/187 741/741
f 741/741 187/187 742/742
f 741/741 742/742 743/743
f 743/743 742/742 744/744
f 743/743 744/744 745/745
f 745/745 744/744 746/746
f 745/745 746/746 747/747
f 747/747 746/746 748/748
f 747/747 748/748 749/749
f 749/749 748/748 750/750
f 749/749 750/750 751/751
f 751/751 750/750 752/752
f 751/751 752/752 753/753
f 753/753 752/752 754/754
f 753/753 754/754 755/755
f 755/755 754/754 756/756
f 755/755 756/756 757/757
f 757/757 756/756 758/758
f 757/757 758/758 759/759
f 759/759 758/758 760/760
f 759/759 760/760 761/761
f 761/761 760/760 762/762
f 761/761 762/762 763/763
f 763/763 762/762 764/764
f 763/763 764/764 765/765
f 765/765 764/764 766/766
f 765/765 766/766 767/767
f 767/767 766/766 768/768
f 767/767 768/768 769/769
f 769/769 768/768 770/770
f 769/769 770/770 771/771
f 771/771 770/770 772/772
f 771/771 772/772 773/773
f 773/773 772/772 774/774
f 773/773 774/774 775/775
f 775/775 774/774 776/776
f 775/775 776/776 777/777
f 777/777 776/776 170/170
f 777/777 170/170 169/169
f 171/171 170/170 173/173
f 171/171 173/173 172/172
f 174/174 173/173 176/176
f 174/174 176/176 175/175
f 177/177 176/176 179/179
f 177/177 179/179 178/178
f 180/180 179/179 778/778
f 180/180 778/778 779/779
f 779/779 778/778 182/182
f 779/779 182/182 181/181
f 183/183 182/182 185/185
f 183/183 185/185 184/184
f 186/186 185/185 780/780
f 186/186 780/780 781/781
f 781/781 780/780 782/782
f 781/781 782/782 783/783
f 783/783 782/782 784/784
f 783/783 784/784 785/785
f 785/785 784/784 786/786
f 785/785 786/786 787/787
f 787/787 786/786 788/788
f 787/787 788/788 789/789
f 789/789 788/788 698/698
f 789/789 698/698 697/697
f 742/742 790/790 791/791
f 742/742 791/791 744/744
f 791/791 792/792 746/746
f 791/791 746/746 744/744
f 792/792 793/793 748/748
f 792/792 748/748 746/746
f 793/793 794/794 750/750
f 793/793 750/750 748/748
f 794/794 795/795 752/752
f 794/794 752/752 750/750
f 795/795 796/796 754/754
f 795/795 754/754 752/752
f 796/796 797/797 756/756
f 796/796 756/756 754/754
f 797/797 798/798 758/758
f 797/797 758/758 756/756
f 798/798 799/799 760/760
f 798/798 760/760 758/758
f 799/799 800/800 762/762
f 799/799 762/762 760/760
f 800/800 801/801 764/764
f 800/800 764/764 762/762
f 801/801 802/802 766/766
f 801/801 766/766 764/764
f 802/802 803/803 768/768
f 802/802 768/768 766/766
f 202/202 201/201 772/772
f 202/202 772/772 770/770
f 770/770 768/768 803/803
f 770/770 803/803 202/202
f 774/774 772/772 201/201
f 774/774 201/201 804/804
f 804/804 805/805 776/776
f 804/804 776/776 774/774
f 805/805 204/204 170/170
f 805/805 170/170 776/776
f 204/204 203/203 173/173
f 204/204 173/173 170/170
f 203/203 806/806 176/176
f 203/203 176/176 173/173
f 806/806 207/207 179/179
f 806/806 179/179 176/176
f 207/207 206/206 778/778
f 207/207 778/778 179/179
f 206/206 211/211 182/182
f 206/206 182/182 778/778
f 211/211 210/210 185/185
f 211/211 185/185 182/182
f 210/210 807/807 780/780
f 210/210 780/780 185/185
f 807/807 214/214 782/782
f 807/807 782/782 780/780
f 214/214 213/213 784/784
f 214/214 784/784 782/782
f 213/213 808/808 786/786
f 213/213 786/786 784/784
f 808/808 809/809 788/788
f 808/808 788/788 786/786
f 809/809 810/810 698/698
f 809/809 698/698 788/788
f 810/810 811/811 699/699
f 810/810 699/699 698/698
f 811/811 217/217 701/701
f 811/811 701/701 699/699
f 217/217 216/216 703/703
f 217/217 703/703 701/701
f 216/216 222/222 705/705
f 216/216 705/705 703/703
f 222/222 221/221 707/707
f 222/222 707/707 705/705
f 221/221 224/224 709/709
f 221/221 709/709 707/707
f 224/224 220/220 711/711
f 224/224 711/711 709/709
f 220/220 219/219 713/713
f 220/220 713/713 711/711
f 219/219 227/227 715/715
f 219/219 715/715 713/713
f 227/227 226/226 717/717
f 227/227 717/717 715/715
f 226/226 229/229 719/719
f 226/226 719/719 717/717
f 229/229 228/228 721/721
f 229/229 721/721 719/719
f 228/228 812/812 723/723
f 228/228 723/723 721/721
f 812/812 813/813 725/725
f 812/812 725/725 723/723
f 813/813 814/814 727/727
f 813/813 727/727 725/725
f 814/814 232/232 729/729
f 814/814 729/729 727/727
f 232/232 231/231 731/731
f 232/232 731/731 729/729
f 231/231 236/236 733/733
f 231/231 733/733 731/731
f 236/236 815/815 735/735
f 236/236 735/735 733/733
f 815/815 816/816 737/737
f 815/815 737/737 735/735
f 816/816 817/817 739/739
f 816/816 739/739 737/737
f 817/817 188/188 187/187
f 817/817 187/187 739/739
f 189/189 188/188 818/818
f 189/189 818/818 819/819
f 819/819 818/818 244/244
f 819/819 244/244 820/820
f 820/820 244/244 821/821
f 820/820 821/821 822/822
f 823/823 824/824 191/191
f 823/823 191/191 190/190
f 822/822 821/821 824/824
f 822/822 824/824 823/823
f 195/195 194/194 825/825
f 195/195 825/825 826/826
f 192/192 191/191 194/194
f 192/192 194/194 196/196
f 198/198 801/801 800/800
f 198/198 800/800 199/199
f 198/198 803/803 802/802
f 198/198 802/802 801/801
f 197/197 202/202 803/803
f 197/197 803/803 198/198
f 827/827 200/200 199/199
f 827/827 199/199 826/826
f 200/200 804/804 201/201
f 200/200 201/201 197/197
f 826/826 825/825 205/205
f 826/826 205/205 827/827
f 827/827 805/805 804/804
f 827/827 804/804 200/200
f 204/204 805/805 827/827
f 204/204 827/827 205/205
f 195/195 799/799 798/798
f 195/195 798/798 193/193
f 193/193 798/798 797/797
f 193/193 797/797 196/196
f 196/196 797/797 796/796
f 196/196 796/796 192/192
f 192/192 796/796 795/795
f 192/192 795/795 190/190
f 190/190 795/795 794/794
f 190/190 794/794 823/823
f 823/823 794/794 793/793
f 823/823 793/793 822/822
f 822/822 793/793 792/792
f 822/822 792/792 820/820
f 820/820 792/792 791/791
f 820/820 791/791 819/819
f 819/819 791/791 790/790
f 819/819 790/790 189/189
f 189/189 790/790 742/742
f 189/189 742/742 187/187
f 828/828 208/208 207/207
f 828/828 207/207 806/806
f 205/205 828/828 806/806
f 205/205 806/806 203/203
f 211/211 206/206 208/208
f 211/211 208/208 209/209
f 829/829 212/212 214/214
f 829/829 214/214 807/807
f 807/807 210/210 209/209
f 807/807 209/209 829/829
f 830/830 831/831 809/809
f 830/830 809/809 808/808
f 808/808 213/213 212/212
f 808/808 212/212 830/830
f 831/831 811/811 810/810
f 831/831 810/810 809/809
f 215/215 223/223 222/222
f 215/215 222/222 216/216
f 217/217 811/811 831/831
f 217/217 831/831 215/215
f 223/223 218/218 220/220
f 223/223 220/220 224/224
f 225/225 230/230 229/229
f 225/225 229/229 226/226
f 227/227 219/219 218/218
f 227/227 218/218 225/225
f 230/230 832/832 812/812
f 230/230 812/812 228/228
f 813/813 812/812 832/832
f 813/813 832/832 833/833
f 833/833 234/234 814/814
f 833/833 814/814 813/813
f 234/234 233/233 232/232
f 234/234 232/232 814/814
f 237/237 834/834 815/815
f 237/237 815/815 236/236
f 835/835 833/833 832/832
f 835/835 832/832 836/836
f 235/235 234/234 833/833
f 235/235 833/833 835/835
f 836/836 832/832 230/230
f 836/836 230/230 837/837
f 838/838 225/225 218/218
f 838/838 218/218 839/839
f 837/837 230/230 225/225
f 837/837 225/225 838/838
f 840/840 841/841 842/842
f 840/840 842/842 843/843
f 844/844 841/841 840/840
f 844/844 840/840 845/845
f 846/846 847/847 223/223
f 846/846 223/223 215/215
f 215/215 831/831 830/830
f 215/215 830/830 846/846
f 839/839 840/840 843/843
f 839/839 843/843 838/838
f 839/839 218/218 223/223
f 839/839 223/223 847/847
f 848/848 844/844 845/845
f 848/848 845/845 849/849
f 849/849 212/212 829/829
f 849/849 829/829 848/848
f 840/840 839/839 847/847
f 840/840 847/847 845/845
f 845/845 847/847 846/846
f 845/845 846/846 849/849
f 212/212 849/849 846/846
f 212/212 846/846 830/830
f 850/850 837/837 838/838
f 850/850 838/838 843/843
f 851/851 836/836 837/837
f 851/851 837/837 850/850
f 852/852 835/835 836/836
f 852/852 836/836 851/851
f 853/853 235/235 835/835
f 853/853 835/835 852/852
f 237/237 233/233 235/235
f 237/237 235/235 853/853
f 843/843 842/842 854/854
f 843/843 854/854 850/850
f 850/850 854/854 855/855
f 850/850 855/855 851/851
f 851/851 855/855 856/856
f 851/851 856/856 852/852
f 852/852 856/856 857/857
f 852/852 857/857 853/853
f 853/853 857/857 834/834
f 853/853 834/834 237/237
f 858/858 818/818 188/188
f 858/858 188/188 817/817
f 816/816 815/815 834/834
f 816/816 834/834 859/859
f 817/817 816/816 859/859
f 817/817 859/859 858/858
f 860/860 848/848 829/829
f 860/860 829/829 209/209
f 861/861 860/860 209/209
f 861/861 209/209 208/208
f 862/862 861/861 208/208
f 862/862 208/208 828/828
f 828/828 205/205 825/825
f 828/828 825/825 862/862
f 863/863 844/844 848/848
f 863/863 848/848 860/860
f 862/862 825/825 194/194
f 862/862 194/194 239/239
f 861/861 862/862 239/239
f 861/861 239/239 238/238
f 860/860 861/861 238/238
f 860/860 238/238 863/863
f 242/242 841/841 844/844
f 242/242 844/844 863/863
f 239/239 194/194 191/191
f 239/239 191/191 240/240
f 863/863 238/238 240/240
f 863/863 240/240 242/242
f 241/241 842/842 841/841
f 241/241 841/841 242/242
f 864/864 854/854 842/842
f 864/864 842/842 241/241
f 240/240 191/191 824/824
f 240/240 824/824 865/865
f 241/241 240/240 865/865
f 241/241 865/865 864/864
f 866/866 855/855 854/854
f 866/866 854/854 864/864
f 867/867 856/856 855/855
f 867/867 855/855 866/866
f 868/868 857/857 856/856
f 868/868 856/856 867/867
f 865/865 824/824 821/821
f 865/865 821/821 869/869
f 869/869 821/821 244/244
f 869/869 244/244 243/243
f 245/245 244/244 818/818
f 245/245 818/818 858/858
f 864/864 865/865 869/869
f 864/864 869/869 866/866
f 866/866 869/869 243/243
f 866/866 243/243 867/867
f 867/867 243/243 245/245
f 867/867 245/245 868/868
f 868/868 245/245 858/858
f 868/868 858/858 859/859
f 859/859 834/834 857/857
f 859/859 857/857 868/868
f 870/870 258/258 247/247
f 870/870 247/247 246/246
f 251/251 246/246 248/248
f 251/251 248/248 249/249
f 251/251 250/250 269/269
f 251/251 269/269 871/871
f 246/246 251/251 871/871
f 246/246 871/871 870/870
f 872/872 259/259 258/258
f 872/872 258/258 870/870
f 873/873 872/872 870/870
f 873/873 870/870 871/871
f 871/871 269/269 268/268
f 871/871 268/268 873/873
f 874/874 259/259 872/872
f 874/874 872/872 875/875
f 875/875 872/872 873/873
f 875/875 873/873 876/876
f 876/876 873/873 268/268
f 876/876 268/268 877/877
f 878/878 263/263 262/262
f 878/878 262/262 879/879
f 880/880 878/878 879/879
f 880/880 879/879 881/881
f 881/881 265/265 264/264
f 881/881 264/264 880/880
f 880/880 264/264 253/253
f 880/880 253/253 252/252
f 257/257 256/256 263/263
f 257/257 263/263 878/878
f 254/254 255/255 257/257
f 254/254 257/257 252/252
f 252/252 257/257 878/878
f 252/252 878/878 880/880
f 249/249 882/882 883/883
f 249/249 883/883 250/250
f 882/882 249/249 248/248
f 882/882 248/248 884/884
f 884/884 248/248 247/247
f 884/884 247/247 885/885
f 258/258 886/886 887/887
f 258/258 887/887 247/247
f 260/260 259/259 874/874
f 260/260 874/874 888/888
f 889/889 263/263 256/256
f 889/889 256/256 890/890
f 891/891 256/256 255/255
f 891/891 255/255 892/892
f 892/892 255/255 254/254
f 892/892 254/254 893/893
f 893/893 254/254 253/253
f 893/893 253/253 894/894
f 895/895 253/253 264/264
f 895/895 264/264 896/896
f 897/897 877/877 268/268
f 897/897 268/268 267/267
f 266/266 265/265 877/877
f 266/266 877/877 898/898
f 877/877 265/265 881/881
f 877/877 881/881 876/876
f 876/876 881/881 879/879
f 876/876 879/879 875/875
f 875/875 879/879 262/262
f 875/875 262/262 874/874
f 899/899 874/874 262/262
f 899/899 262/262 261/261
f 900/900 269/269 250/250
f 900/900 250/250 901/901
f 263/263 889/889 902/902
f 263/263 902/902 261/261
f 261/261 902/902 903/903
f 261/261 903/903 899/899
f 888/888 904/904 905/905
f 888/888 905/905 260/260
f 260/260 905/905 886/886
f 260/260 886/886 258/258
f 269/269 900/900 906/906
f 269/269 906/906 267/267
f 267/267 906/906 907/907
f 267/267 907/907 897/897
f 898/898 908/908 909/909
f 898/898 909/909 266/266
f 266/266 909/909 896/896
f 266/266 896/896 264/264
f 910/910 911/911 271/271
f 910/910 271/271 270/270
f 275/275 270/270 272/272
f 275/275 272/272 273/273
f 912/912 910/910 270/270
f 912/912 270/270 275/275
f 275/275 274/274 913/913
f 275/275 913/913 912/912
f 914/914 285/285 911/911
f 914/914 911/911 910/910
f 912/912 913/913 290/290
f 912/912 290/290 915/915
f 910/910 912/912 915/915
f 910/910 915/915 914/914
f 916/916 917/917 918/918
f 916/916 918/918 286/286
f 289/289 919/919 920/920
f 289/289 920/920 921/921
f 921/921 920/920 917/917
f 921/921 917/917 916/916
f 922/922 283/283 918/918
f 922/922 918/918 917/917
f 923/923 922/922 917/917
f 923/923 917/917 920/920
f 920/920 919/919 292/292
f 920/920 292/292 923/923
f 924/924 284/284 283/283
f 924/924 283/283 922/922
f 923/923 292/292 291/291
f 923/923 291/291 925/925
f 922/922 923/923 925/925
f 922/922 925/925 924/924
f 926/926 927/927 284/284
f 926/926 284/284 924/924
f 925/925 291/291 928/928
f 925/925 928/928 929/929
f 924/924 925/925 929/929
f 924/924 929/929 926/926
f 929/929 928/928 277/277
f 929/929 277/277 276/276
f 281/281 280/280 927/927
f 281/281 927/927 926/926
f 926/926 929/929 276/276
f 926/926 276/276 281/281
f 281/281 276/276 278/278
f 281/281 278/278 279/279
f 277/277 930/930 931/931
f 277/277 931/931 278/278
f 931/931 932/932 279/279
f 931/931 279/279 278/278
f 932/932 933/933 280/280
f 932/932 280/280 279/279
f 927/927 280/280 934/934
f 927/927 934/934 935/935
f 935/935 936/936 284/284
f 935/935 284/284 927/927
f 937/937 918/918 283/283
f 937/937 283/283 282/282
f 286/286 285/285 914/914
f 286/286 914/914 916/916
f 916/916 914/914 915/915
f 916/916 915/915 921/921
f 921/921 915/915 290/290
f 921/921 290/290 289/289
f 287/287 286/286 918/918
f 287/287 918/918 938/938
f 911/911 285/285 939/939
f 911/911 939/939 940/940
f 940/940 941/941 271/271
f 940/940 271/271 911/911
f 272/272 271/271 942/942
f 272/272 942/942 943/943
f 943/943 944/944 273/273
f 943/943 273/273 272/272
f 944/944 945/945 274/274
f 944/944 274/274 273/273
f 946/946 947/947 913/913
f 946/946 913/913 274/274
f 947/947 948/948 290/290
f 947/947 290/290 913/913
f 949/949 919/919 289/289
f 949/949 289/289 288/288
f 293/293 292/292 919/919
f 293/293 919/919 950/950
f 951/951 952/952 277/277
f 951/951 277/277 928/928
f 928/928 291/291 953/953
f 928/928 953/953 951/951
f 290/290 948/948 954/954
f 290/290 954/954 288/288
f 288/288 954/954 955/955
f 288/288 955/955 949/949
f 950/950 956/956 957/957
f 950/950 957/957 293/293
f 293/293 957/957 953/953
f 293/293 953/953 291/291
f 284/284 936/936 958/958
f 284/284 958/958 282/282
f 282/282 958/958 959/959
f 282/282 959/959 937/937
f 938/938 960/960 961/961
f 938/938 961/961 287/287
f 287/287 961/961 939/939
f 287/287 939/939 285/285
f 962/962 294/294 297/297
f 962/962 297/297 963/963
f 297/297 298/298 964/964
f 297/297 964/964 963/963
f 298/298 299/299 965/965
f 298/298 965/965 964/964
f 299/299 300/300 966/966
f 299/299 966/966 965/965
f 962/962 967/967 295/295
f 962/962 295/295 294/294
f 318/318 301/301 315/315
f 318/318 315/315 316/316
f 321/321 318/318 317/317
f 321/321 317/317 319/319
f 304/304 968/968 969/969
f 304/304 969/969 311/311
f 970/970 311/311 969/969
f 970/970 969/969 971/971
f 972/972 305/305 312/312
f 972/972 312/312 973/973
f 303/303 313/313 974/974
f 303/303 974/974 975/975
f 315/315 314/314 976/976
f 315/315 976/976 977/977
f 319/319 317/317 978/978
f 319/319 978/978 979/979
f 980/980 981/981 982/982
f 980/980 982/982 983/983
f 984/984 985/985 986/986
f 984/984 986/986 987/987
f 988/988 989/989 990/990
f 988/988 990/990 991/991
f 992/992 993/993 994/994
f 992/992 994/994 995/995
f 996/996 997/997 998/998
f 996/996 998/998 999/999
f 1000/1000 999/999 998/998
f 1000/1000 998/998 1001/1001
f 1002/1002 995/995 994/994
f 1002/1002 994/994 1003/1003
f 991/991 990/990 1004/1004
f 991/991 1004/1004 1005/1005
f 987/987 986/986 1006/1006
f 987/987 1006/1006 1007/1007
f 983/983 982/982 1008/1008
f 983/983 1008/1008 1009/1009
f 325/325 1010/1010 1011/1011
f 325/325 1011/1011 324/324
f 323/323 1012/1012 310/310
f 323/323 310/310 309/309
f 327/327 1013/1013 1014/1014
f 327/327 1014/1014 326/326
f 329/329 1015/1015 1016/1016
f 329/329 1016/1016 328/328
f 332/332 1017/1017 1018/1018
f 332/332 1018/1018 331/331
f 324/324 1011/1011 1012/1012
f 324/324 1012/1012 323/323
f 1003/1003 994/994 999/999
f 1003/1003 999/999 1000/1000
f 999/999 994/994 993/993
f 999/999 993/993 996/996
f 973/973 312/312 311/311
f 973/973 311/311 970/970
f 326/326 1014/1014 1010/1010
f 326/326 1010/1010 325/325
f 1004/1004 990/990 995/995
f 1004/1004 995/995 1002/1002
f 995/995 990/990 989/989
f 995/995 989/989 992/992
f 974/974 313/313 305/305
f 974/974 305/305 972/972
f 1019/1019 997/997 996/996
f 1019/1019 996/996 1020/1020
f 1020/1020 996/996 993/993
f 1020/1020 993/993 1021/1021
f 1021/1021 993/993 992/992
f 1021/1021 992/992 1022/1022
f 1022/1022 992/992 989/989
f 1022/1022 989/989 1023/1023
f 1024/1024 1023/1023 989/989
f 1024/1024 989/989 988/988
f 1025/1025 1026/1026 985/985
f 1025/1025 985/985 984/984
f 1027/1027 1028/1028 981/981
f 1027/1027 981/981 980/980
f 979/979 978/978 1028/1028
f 979/979 1028/1028 1027/1027
f 977/977 976/976 1026/1026
f 977/977 1026/1026 1025/1025
f 975/975 974/974 1023/1023
f 975/975 1023/1023 1024/1024
f 1023/1023 974/974 972/972
f 1023/1023 972/972 1022/1022
f 1022/1022 972/972 973/973
f 1022/1022 973/973 1021/1021
f 1021/1021 973/973 970/970
f 1021/1021 970/970 1020/1020
f 1020/1020 970/970 971/971
f 1020/1020 971/971 1019/1019
f 1029/1029 1000/1000 1001/1001
f 1029/1029 1001/1001 1030/1030
f 1031/1031 1003/1003 1000/1000
f 1031/1031 1000/1000 1029/1029
f 1032/1032 1002/1002 1003/1003
f 1032/1032 1003/1003 1031/1031
f 1033/1033 1004/1004 1002/1002
f 1033/1033 1002/1002 1032/1032
f 1034/1034 1005/1005 1004/1004
f 1034/1034 1004/1004 1033/1033
f 1035/1035 1007/1007 1006/1006
f 1035/1035 1006/1006 1036/1036
f 1037/1037 1009/1009 1008/1008
f 1037/1037 1008/1008 1038/1038
f 328/328 1016/1016 1013/1013
f 328/328 1013/1013 327/327
f 1036/1036 1006/1006 1005/1005
f 1036/1036 1005/1005 1034/1034
f 1005/1005 1006/1006 986/986
f 1005/1005 986/986 991/991
f 991/991 986/986 985/985
f 991/991 985/985 988/988
f 988/988 985/985 1026/1026
f 988/988 1026/1026 1024/1024
f 1024/1024 1026/1026 976/976
f 1024/1024 976/976 975/975
f 975/975 976/976 314/314
f 975/975 314/314 303/303
f 330/330 1039/1039 1015/1015
f 330/330 1015/1015 329/329
f 1040/1040 1041/1041 1007/1007
f 1040/1040 1007/1007 1035/1035
f 1042/1042 987/987 1007/1007
f 1042/1042 1007/1007 1041/1041
f 1043/1043 984/984 987/987
f 1043/1043 987/987 1042/1042
f 1044/1044 1025/1025 984/984
f 1044/1044 984/984 1043/1043
f 1045/1045 977/977 1025/1025
f 1045/1045 1025/1025 1044/1044
f 316/316 315/315 977/977
f 316/316 977/977 1045/1045
f 331/331 1018/1018 1039/1039
f 331/331 1039/1039 330/330
f 1038/1038 1008/1008 1041/1041
f 1038/1038 1041/1041 1040/1040
f 1041/1041 1008/1008 982/982
f 1041/1041 982/982 1042/1042
f 1042/1042 982/982 981/981
f 1042/1042 981/981 1043/1043
f 1043/1043 981/981 1028/1028
f 1043/1043 1028/1028 1044/1044
f 1044/1044 1028/1028 978/978
f 1044/1044 978/978 1045/1045
f 1045/1045 978/978 317/317
f 1045/1045 317/317 316/316
f 308/308 307/307 1017/1017
f 308/308 1017/1017 332/332
f 1046/1046 1047/1047 1009/1009
f 1046/1046 1009/1009 1037/1037
f 1009/1009 1047/1047 1048/1048
f 1009/1009 1048/1048 983/983
f 983/983 1048/1048 1049/1049
f 983/983 1049/1049 980/980
f 980/980 1049/1049 1050/1050
f 980/980 1050/1050 1027/1027
f 1027/1027 1050/1050 1051/1051
f 1027/1027 1051/1051 979/979
f 979/979 1051/1051 320/320
f 979/979 320/320 319/319
f 1052/1052 1053/1053 1054/1054
f 1052/1052 1054/1054 1055/1055
f 1056/1056 1057/1057 1053/1053
f 1056/1056 1053/1053 1052/1052
f 1058/1058 1059/1059 1057/1057
f 1058/1058 1057/1057 1056/1056
f 1060/1060 1061/1061 1059/1059
f 1060/1060 1059/1059 1058/1058
f 1062/1062 1063/1063 1061/1061
f 1062/1062 1061/1061 1060/1060
f 1030/1030 1064/1064 1065/1065
f 1030/1030 1065/1065 1029/1029
f 1029/1029 1065/1065 1066/1066
f 1029/1029 1066/1066 1031/1031
f 1031/1031 1066/1066 1067/1067
f 1031/1031 1067/1067 1032/1032
f 1032/1032 1067/1067 1068/1068
f 1032/1032 1068/1068 1033/1033
f 1033/1033 1068/1068 1069/1069
f 1033/1033 1069/1069 1034/1034
f 1034/1034 1069/1069 1070/1070
f 1034/1034 1070/1070 1036/1036
f 1036/1036 1070/1070 1071/1071
f 1036/1036 1071/1071 1035/1035
f 1035/1035 1071/1071 1072/1072
f 1035/1035 1072/1072 1040/1040
f 1040/1040 1072/1072 1073/1073
f 1040/1040 1073/1073 1038/1038
f 1038/1038 1073/1073 1074/1074
f 1038/1038 1074/1074 1037/1037
f 1037/1037 1074/1074 1075/1075
f 1037/1037 1075/1075 1046/1046
f 1063/1063 968/968 304/304
f 1063/1063 304/304 1061/1061
f 1061/1061 304/304 302/302
f 1061/1061 302/302 1059/1059
f 1059/1059 302/302 301/301
f 1059/1059 301/301 1057/1057
f 1057/1057 301/301 318/318
f 1057/1057 318/318 1053/1053
f 1053/1053 318/318 321/321
f 1053/1053 321/321 1054/1054
f 1055/1055 967/967 962/962
f 1055/1055 962/962 1052/1052
f 1052/1052 962/962 963/963
f 1052/1052 963/963 1056/1056
f 1056/1056 963/963 964/964
f 1056/1056 964/964 1058/1058
f 1058/1058 964/964 965/965
f 1058/1058 965/965 1060/1060
f 1060/1060 965/965 966/966
f 1060/1060 966/966 1062/1062
f 27/27 1/1 4/4
f 1/1 27/27 648/648
f 1/1 648/648 2/2
f 367/367 30/30 363/363
f 30/30 367/367 28/28
f 28/28 367/367 364/364
f 366/366 19/19 18/18
f 19/19 366/366 27/27
f 27/27 366/366 648/648
f 362/362 432/432 433/433
f 432/432 362/362 370/370
f 370/370 362/362 21/21
f 799/799 199/199 800/800
f 199/199 799/799 195/195
f 199/199 195/195 826/826

