mtllib material.mtl
usemtl material_0
v -2.38835196 2.48183942 -2.72504711
v -2.38835217 2.45613644 -2.71033875
v -2.37173626 2.45613644 -2.71033875
v -2.37173605 2.48183942 -2.72504711
v -2.37173605 2.48183942 -2.72504711
v -2.37173626 2.45613644 -2.71033875
v -2.37173626 2.45613644 -2.71914842
v -2.37173605 2.48183942 -2.73385678
v -2.37173605 2.48183942 -2.73385678
v -2.37173626 2.45613644 -2.71914842
v -2.38835217 2.45613644 -2.71914842
v -2.38835196 2.48183942 -2.73385678
v -2.38835196 2.48183942 -2.73385678
v -2.38835217 2.45613644 -2.71914842
v -2.38835217 2.45613644 -2.71033875
v -2.38835196 2.48183942 -2.72504711
v -2.38835196 2.37902772 -2.72504711
v -2.38835196 2.37902772 -2.73385678
v -2.37173626 2.37902752 -2.73385678
v -2.37173626 2.37902752 -2.72504711
v -2.38835196 2.48183942 -2.73385678
v -2.38835196 2.48183942 -2.72504711
v -2.37173605 2.48183942 -2.72504711
v -2.37173605 2.48183942 -2.73385678
v -2.37173605 2.40473049 -2.71914842
v -2.37173626 2.37902752 -2.73385678
v -2.38835196 2.37902772 -2.73385678
v -2.38835196 2.40473049 -2.71914842
v -2.38835196 2.40473049 -2.71033875
v -2.38835196 2.40473049 -2.71914842
v -2.38835196 2.37902772 -2.73385678
v -2.38835196 2.37902772 -2.72504711
v -2.37173605 2.40473049 -2.71033875
v -2.38835196 2.40473049 -2.71033875
v -2.38835196 2.37902772 -2.72504711
v -2.37173626 2.37902752 -2.72504711
v -2.37173605 2.40473049 -2.71914842
v -2.37173605 2.40473049 -2.71033875
v -2.37173626 2.37902752 -2.72504711
v -2.37173626 2.37902752 -2.73385678
v -2.37173605 2.43043347 -2.71474576
v -2.38835196 2.43043347 -2.71474576
v -2.38835196 2.43043347 -2.70593630
v -2.38835196 2.43043347 -2.71474576
v -2.37173605 2.43043347 -2.70593630
v -2.38835196 2.43043347 -2.70593630
v -2.37173605 2.43043347 -2.71474576
v -2.37173605 2.43043347 -2.70593630
v -2.28495955 2.48183935 -2.72504722
v -2.28495955 2.45613641 -2.71033889
v -2.26834368 2.45613641 -2.71033889
v -2.26834368 2.48183935 -2.72504722
v -2.26834368 2.48183935 -2.72504722
v -2.26834368 2.45613641 -2.71033889
v -2.26834368 2.45613641 -2.71914854
v -2.26834368 2.48183935 -2.73385687
v -2.26834368 2.48183935 -2.73385687
v -2.26834368 2.45613641 -2.71914854
v -2.28495955 2.45613641 -2.71914854
v -2.28495955 2.48183935 -2.73385687
v -2.28495955 2.48183935 -2.73385687
v -2.28495955 2.45613641 -2.71914854
v -2.28495955 2.45613641 -2.71033889
v -2.28495955 2.48183935 -2.72504722
v -2.28495955 2.37902758 -2.72504722
v -2.28495955 2.37902758 -2.73385687
v -2.26834368 2.37902758 -2.73385687
v -2.26834368 2.37902758 -2.72504722
v -2.28495955 2.48183935 -2.73385687
v -2.28495955 2.48183935 -2.72504722
v -2.26834368 2.48183935 -2.72504722
v -2.26834368 2.48183935 -2.73385687
v -2.26834368 2.40473052 -2.71914854
v -2.26834368 2.37902758 -2.73385687
v -2.28495955 2.37902758 -2.73385687
v -2.28495955 2.40473052 -2.71914854
v -2.28495955 2.40473052 -2.71033889
v -2.28495955 2.40473052 -2.71914854
v -2.28495955 2.37902758 -2.73385687
v -2.28495955 2.37902758 -2.72504722
v -2.26834368 2.40473052 -2.71033889
v -2.28495955 2.40473052 -2.71033889
v -2.28495955 2.37902758 -2.72504722
v -2.26834368 2.37902758 -2.72504722
v -2.26834368 2.40473052 -2.71914854
v -2.26834368 2.40473052 -2.71033889
v -2.26834368 2.37902758 -2.72504722
v -2.26834368 2.37902758 -2.73385687
v -2.26834368 2.43043347 -2.71474595
v -2.28495955 2.43043347 -2.71474595
v -2.28495955 2.43043347 -2.70593630
v -2.28495955 2.43043347 -2.71474595
v -2.26834368 2.43043347 -2.70593630
v -2.28495955 2.43043347 -2.70593630
v -2.26834368 2.43043347 -2.71474595
v -2.26834368 2.43043347 -2.70593630
v 0.30089534 2.38806497 -2.72504722
v 0.30089534 2.36236203 -2.71033889
v 0.31751121 2.36236203 -2.71033889
v 0.31751121 2.38806497 -2.72504722
v 0.31751121 2.38806497 -2.72504722
v 0.31751121 2.36236203 -2.71033889
v 0.31751121 2.36236203 -2.71914854
v 0.31751121 2.38806497 -2.73385687
v 0.31751121 2.38806497 -2.73385687
v 0.31751121 2.36236203 -2.71914854
v 0.30089534 2.36236203 -2.71914854
v 0.30089534 2.38806497 -2.73385687
v 0.30089534 2.38806497 -2.73385687
v 0.30089534 2.36236203 -2.71914854
v 0.30089534 2.36236203 -2.71033889
v 0.30089534 2.38806497 -2.72504722
v 0.30089534 2.28525320 -2.72504722
v 0.30089534 2.28525320 -2.73385687
v 0.31751121 2.28525320 -2.73385687
v 0.31751121 2.28525320 -2.72504722
v 0.30089534 2.38806497 -2.73385687
v 0.30089534 2.38806497 -2.72504722
v 0.31751121 2.38806497 -2.72504722
v 0.31751121 2.38806497 -2.73385687
v 0.31751121 2.31095614 -2.71914854
v 0.31751121 2.28525320 -2.73385687
v 0.30089534 2.28525320 -2.73385687
v 0.30089534 2.31095614 -2.71914854
v 0.30089534 2.31095614 -2.71033889
v 0.30089534 2.31095614 -2.71914854
v 0.30089534 2.28525320 -2.73385687
v 0.30089534 2.28525320 -2.72504722
v 0.31751121 2.31095614 -2.71033889
v 0.30089534 2.31095614 -2.71033889
v 0.30089534 2.28525320 -2.72504722
v 0.31751121 2.28525320 -2.72504722
v 0.31751121 2.31095614 -2.71914854
v 0.31751121 2.31095614 -2.71033889
v 0.31751121 2.28525320 -2.72504722
v 0.31751121 2.28525320 -2.73385687
v 0.31751121 2.33665909 -2.71474595
v 0.30089534 2.33665909 -2.71474595
v 0.30089534 2.33665909 -2.70593630
v 0.30089534 2.33665909 -2.71474595
v 0.31751121 2.33665909 -2.70593630
v 0.30089534 2.33665909 -2.70593630
v 0.31751121 2.33665909 -2.71474595
v 0.31751121 2.33665909 -2.70593630
v -0.33105860 1.89296763 -2.72504722
v -0.33105860 1.86726469 -2.71033889
v -0.31444272 1.86726469 -2.71033889
v -0.31444272 1.89296763 -2.72504722
v -0.31444272 1.89296763 -2.72504722
v -0.31444272 1.86726469 -2.71033889
v -0.31444272 1.86726469 -2.71914854
v -0.31444272 1.89296763 -2.73385687
v -0.31444272 1.89296763 -2.73385687
v -0.31444272 1.86726469 -2.71914854
v -0.33105860 1.86726469 -2.71914854
v -0.33105860 1.89296763 -2.73385687
v -0.33105860 1.89296763 -2.73385687
v -0.33105860 1.86726469 -2.71914854
v -0.33105860 1.86726469 -2.71033889
v -0.33105860 1.89296763 -2.72504722
v -0.33105860 1.79015586 -2.72504722
v -0.33105860 1.79015586 -2.73385687
v -0.31444272 1.79015586 -2.73385687
v -0.31444272 1.79015586 -2.72504722
v -0.33105860 1.89296763 -2.73385687
v -0.33105860 1.89296763 -2.72504722
v -0.31444272 1.89296763 -2.72504722
v -0.31444272 1.89296763 -2.73385687
v -0.31444272 1.81585880 -2.71914854
v -0.31444272 1.79015586 -2.73385687
v -0.33105860 1.79015586 -2.73385687
v -0.33105860 1.81585880 -2.71914854
v -0.33105860 1.81585880 -2.71033889
v -0.33105860 1.81585880 -2.71914854
v -0.33105860 1.79015586 -2.73385687
v -0.33105860 1.79015586 -2.72504722
v -0.31444272 1.81585880 -2.71033889
v -0.33105860 1.81585880 -2.71033889
v -0.33105860 1.79015586 -2.72504722
v -0.31444272 1.79015586 -2.72504722
v -0.31444272 1.81585880 -2.71914854
v -0.31444272 1.81585880 -2.71033889
v -0.31444272 1.79015586 -2.72504722
v -0.31444272 1.79015586 -2.73385687
v -0.31444272 1.84156174 -2.71474595
v -0.33105860 1.84156174 -2.71474595
v -0.33105860 1.84156174 -2.70593630
v -0.33105860 1.84156174 -2.71474595
v -0.31444272 1.84156174 -2.70593630
v -0.33105860 1.84156174 -2.70593630
v -0.31444272 1.84156174 -2.71474595
v -0.31444272 1.84156174 -2.70593630
v -1.25775878 1.89296763 -2.72504722
v -1.25775878 1.86726469 -2.71033889
v -1.24114291 1.86726469 -2.71033889
v -1.24114291 1.89296763 -2.72504722
v -1.24114291 1.89296763 -2.72504722
v -1.24114291 1.86726469 -2.71033889
v -1.24114291 1.86726469 -2.71914854
v -1.24114291 1.89296763 -2.73385687
v -1.24114291 1.89296763 -2.73385687
v -1.24114291 1.86726469 -2.71914854
v -1.25775878 1.86726469 -2.71914854
v -1.25775878 1.89296763 -2.73385687
v -1.25775878 1.89296763 -2.73385687
v -1.25775878 1.86726469 -2.71914854
v -1.25775878 1.86726469 -2.71033889
v -1.25775878 1.89296763 -2.72504722
v -1.25775878 1.79015586 -2.72504722
v -1.25775878 1.79015586 -2.73385687
v -1.24114291 1.79015586 -2.73385687
v -1.24114291 1.79015586 -2.72504722
v -1.25775878 1.89296763 -2.73385687
v -1.25775878 1.89296763 -2.72504722
v -1.24114291 1.89296763 -2.72504722
v -1.24114291 1.89296763 -2.73385687
v -1.24114291 1.81585880 -2.71914854
v -1.24114291 1.79015586 -2.73385687
v -1.25775878 1.79015586 -2.73385687
v -1.25775878 1.81585880 -2.71914854
v -1.25775878 1.81585880 -2.71033889
v -1.25775878 1.81585880 -2.71914854
v -1.25775878 1.79015586 -2.73385687
v -1.25775878 1.79015586 -2.72504722
v -1.24114291 1.81585880 -2.71033889
v -1.25775878 1.81585880 -2.71033889
v -1.25775878 1.79015586 -2.72504722
v -1.24114291 1.79015586 -2.72504722
v -1.24114291 1.81585880 -2.71914854
v -1.24114291 1.81585880 -2.71033889
v -1.24114291 1.79015586 -2.72504722
v -1.24114291 1.79015586 -2.73385687
v -1.24114291 1.84156174 -2.71474595
v -1.25775878 1.84156174 -2.71474595
v -1.25775878 1.84156174 -2.70593630
v -1.25775878 1.84156174 -2.71474595
v -1.24114291 1.84156174 -2.70593630
v -1.25775878 1.84156174 -2.70593630
v -1.24114291 1.84156174 -2.71474595
v -1.24114291 1.84156174 -2.70593630
v -1.37433821 1.89296763 -2.72504722
v -1.37433821 1.86726469 -2.71033889
v -1.35772234 1.86726469 -2.71033889
v -1.35772234 1.89296763 -2.72504722
v -1.35772234 1.89296763 -2.72504722
v -1.35772234 1.86726469 -2.71033889
v -1.35772234 1.86726469 -2.71914854
v -1.35772234 1.89296763 -2.73385687
v -1.35772234 1.89296763 -2.73385687
v -1.35772234 1.86726469 -2.71914854
v -1.37433821 1.86726469 -2.71914854
v -1.37433821 1.89296763 -2.73385687
v -1.37433821 1.89296763 -2.73385687
v -1.37433821 1.86726469 -2.71914854
v -1.37433821 1.86726469 -2.71033889
v -1.37433821 1.89296763 -2.72504722
v -1.37433821 1.79015586 -2.72504722
v -1.37433821 1.79015586 -2.73385687
v -1.35772234 1.79015586 -2.73385687
v -1.35772234 1.79015586 -2.72504722
v -1.37433821 1.89296763 -2.73385687
v -1.37433821 1.89296763 -2.72504722
v -1.35772234 1.89296763 -2.72504722
v -1.35772234 1.89296763 -2.73385687
v -1.35772234 1.81585880 -2.71914854
v -1.35772234 1.79015586 -2.73385687
v -1.37433821 1.79015586 -2.73385687
v -1.37433821 1.81585880 -2.71914854
v -1.37433821 1.81585880 -2.71033889
v -1.37433821 1.81585880 -2.71914854
v -1.37433821 1.79015586 -2.73385687
v -1.37433821 1.79015586 -2.72504722
v -1.35772234 1.81585880 -2.71033889
v -1.37433821 1.81585880 -2.71033889
v -1.37433821 1.79015586 -2.72504722
v -1.35772234 1.79015586 -2.72504722
v -1.35772234 1.81585880 -2.71914854
v -1.35772234 1.81585880 -2.71033889
v -1.35772234 1.79015586 -2.72504722
v -1.35772234 1.79015586 -2.73385687
v -1.35772234 1.84156174 -2.71474595
v -1.37433821 1.84156174 -2.71474595
v -1.37433821 1.84156174 -2.70593630
v -1.37433821 1.84156174 -2.71474595
v -1.35772234 1.84156174 -2.70593630
v -1.37433821 1.84156174 -2.70593630
v -1.35772234 1.84156174 -2.71474595
v -1.35772234 1.84156174 -2.70593630
v -0.21447913 1.89296763 -2.72504722
v -0.21447913 1.86726469 -2.71033889
v -0.19786325 1.86726469 -2.71033889
v -0.19786325 1.89296763 -2.72504722
v -0.19786325 1.89296763 -2.72504722
v -0.19786325 1.86726469 -2.71033889
v -0.19786325 1.86726469 -2.71914854
v -0.19786325 1.89296763 -2.73385687
v -0.19786325 1.89296763 -2.73385687
v -0.19786325 1.86726469 -2.71914854
v -0.21447913 1.86726469 -2.71914854
v -0.21447913 1.89296763 -2.73385687
v -0.21447913 1.89296763 -2.73385687
v -0.21447913 1.86726469 -2.71914854
v -0.21447913 1.86726469 -2.71033889
v -0.21447913 1.89296763 -2.72504722
v -0.21447913 1.79015586 -2.72504722
v -0.21447913 1.79015586 -2.73385687
v -0.19786325 1.79015586 -2.73385687
v -0.19786325 1.79015586 -2.72504722
v -0.21447913 1.89296763 -2.73385687
v -0.21447913 1.89296763 -2.72504722
v -0.19786325 1.89296763 -2.72504722
v -0.19786325 1.89296763 -2.73385687
v -0.19786325 1.81585880 -2.71914854
v -0.19786325 1.79015586 -2.73385687
v -0.21447913 1.79015586 -2.73385687
v -0.21447913 1.81585880 -2.71914854
v -0.21447913 1.81585880 -2.71033889
v -0.21447913 1.81585880 -2.71914854
v -0.21447913 1.79015586 -2.73385687
v -0.21447913 1.79015586 -2.72504722
v -0.19786325 1.81585880 -2.71033889
v -0.21447913 1.81585880 -2.71033889
v -0.21447913 1.79015586 -2.72504722
v -0.19786325 1.79015586 -2.72504722
v -0.19786325 1.81585880 -2.71914854
v -0.19786325 1.81585880 -2.71033889
v -0.19786325 1.79015586 -2.72504722
v -0.19786325 1.79015586 -2.73385687
v -0.19786325 1.84156174 -2.71474595
v -0.21447913 1.84156174 -2.71474595
v -0.21447913 1.84156174 -2.70593630
v -0.21447913 1.84156174 -2.71474595
v -0.19786325 1.84156174 -2.70593630
v -0.21447913 1.84156174 -2.70593630
v -0.19786325 1.84156174 -2.71474595
v -0.19786325 1.84156174 -2.70593630
v -1.64507178 0.74417336 -2.41182663
v -1.60616145 0.74417336 -2.38565240
v -1.60616145 0.76542720 -2.38565240
v -1.64507178 0.76542720 -2.41182663
v -1.64507178 0.76542720 -2.41182663
v -1.60616145 0.76542720 -2.38565240
v -1.60616145 0.76542720 -2.40132962
v -1.64507178 0.76542720 -2.42750385
v -1.64507178 0.76542720 -2.42750385
v -1.60616145 0.76542720 -2.40132962
v -1.60616145 0.74417336 -2.40132962
v -1.64507178 0.74417336 -2.42750385
v -1.64507178 0.74417336 -2.42750385
v -1.60616145 0.74417336 -2.40132962
v -1.60616145 0.74417336 -2.38565240
v -1.64507178 0.74417336 -2.41182663
v -1.48943043 0.74417336 -2.41182663
v -1.48943043 0.74417336 -2.42750385
v -1.48943043 0.76542720 -2.42750385
v -1.48943043 0.76542720 -2.41182663
v -1.64507178 0.74417336 -2.42750385
v -1.64507178 0.74417336 -2.41182663
v -1.64507178 0.76542720 -2.41182663
v -1.64507178 0.76542720 -2.42750385
v -1.52834076 0.76542720 -2.40132962
v -1.48943043 0.76542720 -2.42750385
v -1.48943043 0.74417336 -2.42750385
v -1.52834076 0.74417336 -2.40132962
v -1.52834076 0.74417336 -2.38565240
v -1.52834076 0.74417336 -2.40132962
v -1.48943043 0.74417336 -2.42750385
v -1.48943043 0.74417336 -2.41182663
v -1.52834076 0.76542720 -2.38565240
v -1.52834076 0.74417336 -2.38565240
v -1.48943043 0.74417336 -2.41182663
v -1.48943043 0.76542720 -2.41182663
v -1.52834076 0.76542720 -2.40132962
v -1.52834076 0.76542720 -2.38565240
v -1.48943043 0.76542720 -2.41182663
v -1.48943043 0.76542720 -2.42750385
v -1.56725111 0.76542720 -2.39349498
v -1.56725111 0.74417336 -2.39349498
v -1.56725111 0.74417336 -2.37781776
v -1.56725111 0.74417336 -2.39349498
v -1.56725111 0.76542720 -2.37781776
v -1.56725111 0.74417336 -2.37781776
v -1.56725111 0.76542720 -2.39349498
v -1.56725111 0.76542720 -2.37781776
v -0.95051242 0.60591950 -2.41182663
v -0.91160208 0.60591950 -2.38565240
v -0.91160208 0.62717334 -2.38565240
v -0.95051242 0.62717334 -2.41182663
v -0.95051242 0.62717334 -2.41182663
v -0.91160208 0.62717334 -2.38565240
v -0.91160208 0.62717334 -2.40132962
v -0.95051242 0.62717334 -2.42750385
v -0.95051242 0.62717334 -2.42750385
v -0.91160208 0.62717334 -2.40132962
v -0.91160208 0.60591950 -2.40132962
v -0.95051242 0.60591950 -2.42750385
v -0.95051242 0.60591950 -2.42750385
v -0.91160208 0.60591950 -2.40132962
v -0.91160208 0.60591950 -2.38565240
v -0.95051242 0.60591950 -2.41182663
v -0.79487106 0.60591950 -2.41182663
v -0.79487106 0.60591950 -2.42750385
v -0.79487106 0.62717334 -2.42750385
v -0.79487106 0.62717334 -2.41182663
v -0.95051242 0.60591950 -2.42750385
v -0.95051242 0.60591950 -2.41182663
v -0.95051242 0.62717334 -2.41182663
v -0.95051242 0.62717334 -2.42750385
v -0.83378140 0.62717334 -2.40132962
v -0.79487106 0.62717334 -2.42750385
v -0.79487106 0.60591950 -2.42750385
v -0.83378140 0.60591950 -2.40132962
v -0.83378140 0.60591950 -2.38565240
v -0.83378140 0.60591950 -2.40132962
v -0.79487106 0.60591950 -2.42750385
v -0.79487106 0.60591950 -2.41182663
v -0.83378140 0.62717334 -2.38565240
v -0.83378140 0.60591950 -2.38565240
v -0.79487106 0.60591950 -2.41182663
v -0.79487106 0.62717334 -2.41182663
v -0.83378140 0.62717334 -2.40132962
v -0.83378140 0.62717334 -2.38565240
v -0.79487106 0.62717334 -2.41182663
v -0.79487106 0.62717334 -2.42750385
v -0.87269174 0.62717334 -2.39349498
v -0.87269174 0.60591950 -2.39349498
v -0.87269174 0.60591950 -2.37781776
v -0.87269174 0.60591950 -2.39349498
v -0.87269174 0.62717334 -2.37781776
v -0.87269174 0.60591950 -2.37781776
v -0.87269174 0.62717334 -2.39349498
v -0.87269174 0.62717334 -2.37781776
v -0.15266228 0.78359255 -2.41182663
v -0.11375194 0.78359255 -2.38565240
v -0.11375194 0.80484640 -2.38565240
v -0.15266228 0.80484640 -2.41182663
v -0.15266228 0.80484640 -2.41182663
v -0.11375194 0.80484640 -2.38565240
v -0.11375194 0.80484640 -2.40132962
v -0.15266228 0.80484640 -2.42750385
v -0.15266228 0.80484640 -2.42750385
v -0.11375194 0.80484640 -2.40132962
v -0.11375194 0.78359255 -2.40132962
v -0.15266228 0.78359255 -2.42750385
v -0.15266228 0.78359255 -2.42750385
v -0.11375194 0.78359255 -2.40132962
v -0.11375194 0.78359255 -2.38565240
v -0.15266228 0.78359255 -2.41182663
v 0.00297908 0.78359255 -2.41182663
v 0.00297908 0.78359255 -2.42750385
v 0.00297908 0.80484640 -2.42750385
v 0.00297908 0.80484640 -2.41182663
v -0.15266228 0.78359255 -2.42750385
v -0.15266228 0.78359255 -2.41182663
v -0.15266228 0.80484640 -2.41182663
v -0.15266228 0.80484640 -2.42750385
v -0.03593126 0.80484640 -2.40132962
v 0.00297908 0.80484640 -2.42750385
v 0.00297908 0.78359255 -2.42750385
v -0.03593126 0.78359255 -2.40132962
v -0.03593126 0.78359255 -2.38565240
v -0.03593126 0.78359255 -2.40132962
v 0.00297908 0.78359255 -2.42750385
v 0.00297908 0.78359255 -2.41182663
v -0.03593126 0.80484640 -2.38565240
v -0.03593126 0.78359255 -2.38565240
v 0.00297908 0.78359255 -2.41182663
v 0.00297908 0.80484640 -2.41182663
v -0.03593126 0.80484640 -2.40132962
v -0.03593126 0.80484640 -2.38565240
v 0.00297908 0.80484640 -2.41182663
v 0.00297908 0.80484640 -2.42750385
v -0.07484161 0.80484640 -2.39349498
v -0.07484161 0.78359255 -2.39349498
v -0.07484161 0.78359255 -2.37781776
v -0.07484161 0.78359255 -2.39349498
v -0.07484161 0.80484640 -2.37781776
v -0.07484161 0.78359255 -2.37781776
v -0.07484161 0.80484640 -2.39349498
v -0.07484161 0.80484640 -2.37781776
v -0.15266228 0.61199243 -2.41182663
v -0.11375194 0.61199243 -2.38565240
v -0.11375194 0.63324628 -2.38565240
v -0.15266228 0.63324628 -2.41182663
v -0.15266228 0.63324628 -2.41182663
v -0.11375194 0.63324628 -2.38565240
v -0.11375194 0.63324628 -2.40132962
v -0.15266228 0.63324628 -2.42750385
v -0.15266228 0.63324628 -2.42750385
v -0.11375194 0.63324628 -2.40132962
v -0.11375194 0.61199243 -2.40132962
v -0.15266228 0.61199243 -2.42750385
v -0.15266228 0.61199243 -2.42750385
v -0.11375194 0.61199243 -2.40132962
v -0.11375194 0.61199243 -2.38565240
v -0.15266228 0.61199243 -2.41182663
v 0.00297908 0.61199243 -2.41182663
v 0.00297908 0.61199243 -2.42750385
v 0.00297908 0.63324628 -2.42750385
v 0.00297908 0.63324628 -2.41182663
v -0.15266228 0.61199243 -2.42750385
v -0.15266228 0.61199243 -2.41182663
v -0.15266228 0.63324628 -2.41182663
v -0.15266228 0.63324628 -2.42750385
v -0.03593126 0.63324628 -2.40132962
v 0.00297908 0.63324628 -2.42750385
v 0.00297908 0.61199243 -2.42750385
v -0.03593126 0.61199243 -2.40132962
v -0.03593126 0.61199243 -2.38565240
v -0.03593126 0.61199243 -2.40132962
v 0.00297908 0.61199243 -2.42750385
v 0.00297908 0.61199243 -2.41182663
v -0.03593126 0.63324628 -2.38565240
v -0.03593126 0.61199243 -2.38565240
v 0.00297908 0.61199243 -2.41182663
v 0.00297908 0.63324628 -2.41182663
v -0.03593126 0.63324628 -2.40132962
v -0.03593126 0.63324628 -2.38565240
v 0.00297908 0.63324628 -2.41182663
v 0.00297908 0.63324628 -2.42750385
v -0.07484161 0.63324628 -2.39349498
v -0.07484161 0.61199243 -2.39349498
v -0.07484161 0.61199243 -2.37781776
v -0.07484161 0.61199243 -2.39349498
v -0.07484161 0.63324628 -2.37781776
v -0.07484161 0.61199243 -2.37781776
v -0.07484161 0.63324628 -2.39349498
v -0.07484161 0.63324628 -2.37781776
v 0.75533810 0.61199243 -2.41182663
v 0.79424843 0.61199243 -2.38565240
v 0.79424843 0.63324628 -2.38565240
v 0.75533810 0.63324628 -2.41182663
v 0.75533810 0.63324628 -2.41182663
v 0.79424843 0.63324628 -2.38565240
v 0.79424843 0.63324628 -2.40132962
v 0.75533810 0.63324628 -2.42750385
v 0.75533810 0.63324628 -2.42750385
v 0.79424843 0.63324628 -2.40132962
v 0.79424843 0.61199243 -2.40132962
v 0.75533810 0.61199243 -2.42750385
v 0.75533810 0.61199243 -2.42750385
v 0.79424843 0.61199243 -2.40132962
v 0.79424843 0.61199243 -2.38565240
v 0.75533810 0.61199243 -2.41182663
v 0.91097945 0.61199243 -2.41182663
v 0.91097945 0.61199243 -2.42750385
v 0.91097945 0.63324628 -2.42750385
v 0.91097945 0.63324628 -2.41182663
v 0.75533810 0.61199243 -2.42750385
v 0.75533810 0.61199243 -2.41182663
v 0.75533810 0.63324628 -2.41182663
v 0.75533810 0.63324628 -2.42750385
v 0.87206912 0.63324628 -2.40132962
v 0.91097945 0.63324628 -2.42750385
v 0.91097945 0.61199243 -2.42750385
v 0.87206912 0.61199243 -2.40132962
v 0.87206912 0.61199243 -2.38565240
v 0.87206912 0.61199243 -2.40132962
v 0.91097945 0.61199243 -2.42750385
v 0.91097945 0.61199243 -2.41182663
v 0.87206912 0.63324628 -2.38565240
v 0.87206912 0.61199243 -2.38565240
v 0.91097945 0.61199243 -2.41182663
v 0.91097945 0.63324628 -2.41182663
v 0.87206912 0.63324628 -2.40132962
v 0.87206912 0.63324628 -2.38565240
v 0.91097945 0.63324628 -2.41182663
v 0.91097945 0.63324628 -2.42750385
v 0.83315877 0.63324628 -2.39349498
v 0.83315877 0.61199243 -2.39349498
v 0.83315877 0.61199243 -2.37781776
v 0.83315877 0.61199243 -2.39349498
v 0.83315877 0.63324628 -2.37781776
v 0.83315877 0.61199243 -2.37781776
v 0.83315877 0.63324628 -2.39349498
v 0.83315877 0.63324628 -2.37781776
v 1.94399475 0.41173659 -2.41182663
v 1.94399475 0.45064693 -2.38565240
v 1.92274090 0.45064693 -2.38565240
v 1.92274090 0.41173659 -2.41182663
v 1.92274090 0.41173659 -2.41182663
v 1.92274090 0.45064693 -2.38565240
v 1.92274090 0.45064693 -2.40132962
v 1.92274090 0.41173659 -2.42750385
v 1.92274090 0.41173659 -2.42750385
v 1.92274090 0.45064693 -2.40132962
v 1.94399475 0.45064693 -2.40132962
v 1.94399475 0.41173659 -2.42750385
v 1.94399475 0.41173659 -2.42750385
v 1.94399475 0.45064693 -2.40132962
v 1.94399475 0.45064693 -2.38565240
v 1.94399475 0.41173659 -2.41182663
v 1.94399475 0.56737795 -2.41182663
v 1.94399475 0.56737795 -2.42750385
v 1.92274090 0.56737795 -2.42750385
v 1.92274090 0.56737795 -2.41182663
v 1.94399475 0.41173659 -2.42750385
v 1.94399475 0.41173659 -2.41182663
v 1.92274090 0.41173659 -2.41182663
v 1.92274090 0.41173659 -2.42750385
v 1.92274090 0.52846761 -2.40132962
v 1.92274090 0.56737795 -2.42750385
v 1.94399475 0.56737795 -2.42750385
v 1.94399475 0.52846761 -2.40132962
v 1.94399475 0.52846761 -2.38565240
v 1.94399475 0.52846761 -2.40132962
v 1.94399475 0.56737795 -2.42750385
v 1.94399475 0.56737795 -2.41182663
v 1.92274090 0.52846761 -2.38565240
v 1.94399475 0.52846761 -2.38565240
v 1.94399475 0.56737795 -2.41182663
v 1.92274090 0.56737795 -2.41182663
v 1.92274090 0.52846761 -2.40132962
v 1.92274090 0.52846761 -2.38565240
v 1.92274090 0.56737795 -2.41182663
v 1.92274090 0.56737795 -2.42750385
v 1.92274090 0.48955727 -2.39349498
v 1.94399475 0.48955727 -2.39349498
v 1.94399475 0.48955727 -2.37781776
v 1.94399475 0.48955727 -2.39349498
v 1.92274090 0.48955727 -2.37781776
v 1.94399475 0.48955727 -2.37781776
v 1.92274090 0.48955727 -2.39349498
v 1.92274090 0.48955727 -2.37781776
v 2.10394563 0.41173659 -2.41182663
v 2.10394563 0.45064693 -2.38565240
v 2.08269179 0.45064693 -2.38565240
v 2.08269179 0.41173659 -2.41182663
v 2.08269179 0.41173659 -2.41182663
v 2.08269179 0.45064693 -2.38565240
v 2.08269179 0.45064693 -2.40132962
v 2.08269179 0.41173659 -2.42750385
v 2.08269179 0.41173659 -2.42750385
v 2.08269179 0.45064693 -2.40132962
v 2.10394563 0.45064693 -2.40132962
v 2.10394563 0.41173659 -2.42750385
v 2.10394563 0.41173659 -2.42750385
v 2.10394563 0.45064693 -2.40132962
v 2.10394563 0.45064693 -2.38565240
v 2.10394563 0.41173659 -2.41182663
v 2.10394563 0.56737795 -2.41182663
v 2.10394563 0.56737795 -2.42750385
v 2.08269179 0.56737795 -2.42750385
v 2.08269179 0.56737795 -2.41182663
v 2.10394563 0.41173659 -2.42750385
v 2.10394563 0.41173659 -2.41182663
v 2.08269179 0.41173659 -2.41182663
v 2.08269179 0.41173659 -2.42750385
v 2.08269179 0.52846761 -2.40132962
v 2.08269179 0.56737795 -2.42750385
v 2.10394563 0.56737795 -2.42750385
v 2.10394563 0.52846761 -2.40132962
v 2.10394563 0.52846761 -2.38565240
v 2.10394563 0.52846761 -2.40132962
v 2.10394563 0.56737795 -2.42750385
v 2.10394563 0.56737795 -2.41182663
v 2.08269179 0.52846761 -2.38565240
v 2.10394563 0.52846761 -2.38565240
v 2.10394563 0.56737795 -2.41182663
v 2.08269179 0.56737795 -2.41182663
v 2.08269179 0.52846761 -2.40132962
v 2.08269179 0.52846761 -2.38565240
v 2.08269179 0.56737795 -2.41182663
v 2.08269179 0.56737795 -2.42750385
v 2.08269179 0.48955727 -2.39349498
v 2.10394563 0.48955727 -2.39349498
v 2.10394563 0.48955727 -2.37781776
v 2.10394563 0.48955727 -2.39349498
v 2.08269179 0.48955727 -2.37781776
v 2.10394563 0.48955727 -2.37781776
v 2.08269179 0.48955727 -2.39349498
v 2.08269179 0.48955727 -2.37781776
v 0.75533810 0.78359255 -2.41182663
v 0.79424843 0.78359255 -2.38565240
v 0.79424843 0.80484640 -2.38565240
v 0.75533810 0.80484640 -2.41182663
v 0.75533810 0.80484640 -2.41182663
v 0.79424843 0.80484640 -2.38565240
v 0.79424843 0.80484640 -2.40132962
v 0.75533810 0.80484640 -2.42750385
v 0.75533810 0.80484640 -2.42750385
v 0.79424843 0.80484640 -2.40132962
v 0.79424843 0.78359255 -2.40132962
v 0.75533810 0.78359255 -2.42750385
v 0.75533810 0.78359255 -2.42750385
v 0.79424843 0.78359255 -2.40132962
v 0.79424843 0.78359255 -2.38565240
v 0.75533810 0.78359255 -2.41182663
v 0.91097945 0.78359255 -2.41182663
v 0.91097945 0.78359255 -2.42750385
v 0.91097945 0.80484640 -2.42750385
v 0.91097945 0.80484640 -2.41182663
v 0.75533810 0.78359255 -2.42750385
v 0.75533810 0.78359255 -2.41182663
v 0.75533810 0.80484640 -2.41182663
v 0.75533810 0.80484640 -2.42750385
v 0.87206912 0.80484640 -2.40132962
v 0.91097945 0.80484640 -2.42750385
v 0.91097945 0.78359255 -2.42750385
v 0.87206912 0.78359255 -2.40132962
v 0.87206912 0.78359255 -2.38565240
v 0.87206912 0.78359255 -2.40132962
v 0.91097945 0.78359255 -2.42750385
v 0.91097945 0.78359255 -2.41182663
v 0.87206912 0.80484640 -2.38565240
v 0.87206912 0.78359255 -2.38565240
v 0.91097945 0.78359255 -2.41182663
v 0.91097945 0.80484640 -2.41182663
v 0.87206912 0.80484640 -2.40132962
v 0.87206912 0.80484640 -2.38565240
v 0.91097945 0.80484640 -2.41182663
v 0.91097945 0.80484640 -2.42750385
v 0.83315877 0.80484640 -2.39349498
v 0.83315877 0.78359255 -2.39349498
v 0.83315877 0.78359255 -2.37781776
v 0.83315877 0.78359255 -2.39349498
v 0.83315877 0.80484640 -2.37781776
v 0.83315877 0.78359255 -2.37781776
v 0.83315877 0.80484640 -2.39349498
v 0.83315877 0.80484640 -2.37781776
v -0.89594926 0.99310442 -3.04035962
v -0.88075101 0.99310442 -3.02931711
v -0.88075101 1.00213323 -3.02931711
v -0.89594926 1.00213323 -3.04035962
v -0.88075101 0.99310442 -3.02931711
v -0.86196498 0.99310442 -3.02931711
v -0.86196498 1.00213323 -3.02931711
v -0.88075101 1.00213323 -3.02931711
v -0.86196498 0.99310442 -3.02931711
v -0.84676672 0.99310442 -3.04035962
v -0.84676672 1.00213323 -3.04035962
v -0.86196498 1.00213323 -3.02931711
v -0.84676672 0.99310442 -3.04035962
v -0.84096154 0.99310442 -3.05822588
v -0.84096154 1.00213323 -3.05822588
v -0.84676672 1.00213323 -3.04035962
v -0.84096154 0.99310442 -3.05822588
v -0.84676672 0.99310442 -3.07609277
v -0.84676672 1.00213323 -3.07609277
v -0.84096154 1.00213323 -3.05822588
v -0.84676672 0.99310442 -3.07609277
v -0.86196498 0.99310442 -3.08713466
v -0.86196498 1.00213323 -3.08713466
v -0.84676672 1.00213323 -3.07609277
v -0.86196498 0.99310442 -3.08713466
v -0.88075101 0.99310442 -3.08713466
v -0.88075101 1.00213323 -3.08713466
v -0.86196498 1.00213323 -3.08713466
v -0.88075101 0.99310442 -3.08713466
v -0.89594926 0.99310442 -3.07609277
v -0.89594926 1.00213323 -3.07609277
v -0.88075101 1.00213323 -3.08713466
v -0.89594926 0.99310442 -3.07609277
v -0.90175445 0.99310442 -3.05822588
v -0.90175445 1.00213323 -3.05822588
v -0.89594926 1.00213323 -3.07609277
v -0.90175445 0.99310442 -3.05822588
v -0.89594926 0.99310442 -3.04035962
v -0.89594926 1.00213323 -3.04035962
v -0.90175445 1.00213323 -3.05822588
v -0.89594926 1.00213323 -3.04035962
v -0.88075101 1.00213323 -3.02931711
v -0.87942789 1.00213323 -3.03338930
v -0.89248525 1.00213323 -3.04287587
v -0.88075101 1.00213323 -3.02931711
v -0.86196498 1.00213323 -3.02931711
v -0.86328810 1.00213323 -3.03338930
v -0.87942789 1.00213323 -3.03338930
v -0.86196498 1.00213323 -3.02931711
v -0.84676672 1.00213323 -3.04035962
v -0.85023069 1.00213323 -3.04287587
v -0.86328810 1.00213323 -3.03338930
v -0.84676672 1.00213323 -3.04035962
v -0.84096154 1.00213323 -3.05822588
v -0.84524323 1.00213323 -3.05822588
v -0.85023069 1.00213323 -3.04287587
v -0.84096154 1.00213323 -3.05822588
v -0.84676672 1.00213323 -3.07609277
v -0.85023069 1.00213323 -3.07357590
v -0.84524323 1.00213323 -3.05822588
v -0.84676672 1.00213323 -3.07609277
v -0.86196498 1.00213323 -3.08713466
v -0.86328810 1.00213323 -3.08306267
v -0.85023069 1.00213323 -3.07357590
v -0.86196498 1.00213323 -3.08713466
v -0.88075101 1.00213323 -3.08713466
v -0.87942789 1.00213323 -3.08306267
v -0.86328810 1.00213323 -3.08306267
v -0.88075101 1.00213323 -3.08713466
v -0.89594926 1.00213323 -3.07609277
v -0.89248525 1.00213323 -3.07357590
v -0.87942789 1.00213323 -3.08306267
v -0.89594926 1.00213323 -3.07609277
v -0.90175445 1.00213323 -3.05822588
v -0.89747276 1.00213323 -3.05822588
v -0.89248525 1.00213323 -3.07357590
v -0.89594926 1.00213323 -3.04035962
v -0.89248525 1.00213323 -3.04287587
v -0.89248525 1.00213323 -3.04287587
v -0.87942789 1.00213323 -3.03338930
v -0.87942789 1.09027762 -3.03338930
v -0.89248525 1.09027762 -3.04287587
v -0.87942789 1.00213323 -3.03338930
v -0.86328810 1.00213323 -3.03338930
v -0.86328810 1.09027762 -3.03338930
v -0.87942789 1.09027762 -3.03338930
v -0.86328810 1.00213323 -3.03338930
v -0.85023069 1.00213323 -3.04287587
v -0.85023069 1.09027762 -3.04287587
v -0.86328810 1.09027762 -3.03338930
v -0.85023069 1.00213323 -3.04287587
v -0.84524323 1.00213323 -3.05822588
v -0.84524323 1.09027762 -3.05822588
v -0.85023069 1.09027762 -3.04287587
v -0.84524323 1.00213323 -3.05822588
v -0.85023069 1.00213323 -3.07357590
v -0.85023069 1.09027762 -3.07357590
v -0.84524323 1.09027762 -3.05822588
v -0.85023069 1.00213323 -3.07357590
v -0.86328810 1.00213323 -3.08306267
v -0.86328810 1.09027762 -3.08306267
v -0.85023069 1.09027762 -3.07357590
v -0.86328810 1.00213323 -3.08306267
v -0.87942789 1.00213323 -3.08306267
v -0.87942789 1.09027762 -3.08306267
v -0.86328810 1.09027762 -3.08306267
v -0.87942789 1.00213323 -3.08306267
v -0.89248525 1.00213323 -3.07357590
v -0.89248525 1.09027762 -3.07357590
v -0.87942789 1.09027762 -3.08306267
v -0.89248525 1.00213323 -3.07357590
v -0.89747276 1.00213323 -3.05822588
v -0.89747276 1.09027762 -3.05822588
v -0.89248525 1.09027762 -3.07357590
v -0.89747276 1.00213323 -3.05822588
v -0.89248525 1.00213323 -3.04287587
v -0.89248525 1.09027762 -3.04287587
v -0.89747276 1.09027762 -3.05822588
v -0.89248525 1.09027762 -3.04287587
v -0.87942789 1.09027762 -3.03338930
v -0.87514258 1.09027762 -3.04657820
v -0.88126631 1.09027762 -3.05102751
v -0.87942789 1.09027762 -3.03338930
v -0.86328810 1.09027762 -3.03338930
v -0.86757331 1.09027762 -3.04657820
v -0.87514258 1.09027762 -3.04657820
v -0.86328810 1.09027762 -3.03338930
v -0.85023069 1.09027762 -3.04287587
v -0.86144963 1.09027762 -3.05102751
v -0.86757331 1.09027762 -3.04657820
v -0.84524323 1.09027762 -3.05822588
v -0.85911059 1.09027762 -3.05822588
v -0.84524323 1.09027762 -3.05822588
v -0.85023069 1.09027762 -3.07357590
v -0.86144963 1.09027762 -3.06542488
v -0.85911059 1.09027762 -3.05822588
v -0.85023069 1.09027762 -3.07357590
v -0.86328810 1.09027762 -3.08306267
v -0.86757331 1.09027762 -3.06987398
v -0.86144963 1.09027762 -3.06542488
v -0.87942789 1.09027762 -3.08306267
v -0.87514258 1.09027762 -3.06987398
v -0.87942789 1.09027762 -3.08306267
v -0.89248525 1.09027762 -3.07357590
v -0.88126631 1.09027762 -3.06542488
v -0.87514258 1.09027762 -3.06987398
v -0.89248525 1.09027762 -3.07357590
v -0.89747276 1.09027762 -3.05822588
v -0.88360530 1.09027762 -3.05822588
v -0.88126631 1.09027762 -3.06542488
v -0.88126631 1.09027762 -3.05102751
v -0.87514258 1.09027762 -3.04657820
v -0.87514258 1.18956777 -3.04657779
v -0.88126631 1.18956777 -3.05102709
v -0.87514258 1.09027762 -3.04657820
v -0.86757331 1.09027762 -3.04657820
v -0.86757331 1.18956777 -3.04657779
v -0.87514258 1.18956777 -3.04657779
v -0.86757331 1.09027762 -3.04657820
v -0.86144963 1.09027762 -3.05102751
v -0.86144963 1.18956777 -3.05102709
v -0.86757331 1.18956777 -3.04657779
v -0.86144963 1.09027762 -3.05102751
v -0.85911059 1.09027762 -3.05822588
v -0.85911059 1.18956777 -3.05822588
v -0.86144963 1.18956777 -3.05102709
v -0.85911059 1.09027762 -3.05822588
v -0.86144963 1.09027762 -3.06542488
v -0.86144963 1.18956777 -3.06542488
v -0.85911059 1.18956777 -3.05822588
v -0.86144963 1.09027762 -3.06542488
v -0.86757331 1.09027762 -3.06987398
v -0.86757331 1.18956777 -3.06987398
v -0.86144963 1.18956777 -3.06542488
v -0.86757331 1.09027762 -3.06987398
v -0.87514258 1.09027762 -3.06987398
v -0.87514258 1.18956777 -3.06987398
v -0.86757331 1.18956777 -3.06987398
v -0.87514258 1.09027762 -3.06987398
v -0.88126631 1.09027762 -3.06542488
v -0.88126631 1.18956777 -3.06542488
v -0.87514258 1.18956777 -3.06987398
v -0.88126631 1.09027762 -3.06542488
v -0.88360530 1.09027762 -3.05822588
v -0.88360530 1.18956777 -3.05822588
v -0.88126631 1.18956777 -3.06542488
v -0.88360530 1.09027762 -3.05822588
v -0.88126631 1.09027762 -3.05102751
v -0.88126631 1.18956777 -3.05102709
v -0.88360530 1.18956777 -3.05822588
v -0.85911059 1.35508583 -2.84400658
v -0.86144963 1.35904150 -2.83822503
v -0.86144963 1.28781571 -2.82915870
v -0.85911059 1.28827617 -2.83634028
v -0.86144963 1.35113015 -2.84978792
v -0.85911059 1.35508583 -2.84400658
v -0.85911059 1.28827617 -2.83634028
v -0.86144963 1.28873673 -2.84352186
v -0.86757331 1.34868532 -2.85336109
v -0.86144963 1.35113015 -2.84978792
v -0.86144963 1.28873673 -2.84352186
v -0.86757331 1.28902149 -2.84796018
v -0.87514258 1.34868532 -2.85336109
v -0.86757331 1.34868532 -2.85336109
v -0.86757331 1.28902149 -2.84796018
v -0.87514258 1.28902149 -2.84796018
v -0.88126631 1.35113015 -2.84978792
v -0.87514258 1.34868532 -2.85336109
v -0.87514258 1.28902149 -2.84796018
v -0.88126631 1.28873673 -2.84352186
v -0.88360530 1.35508583 -2.84400658
v -0.88126631 1.35113015 -2.84978792
v -0.88126631 1.28873673 -2.84352186
v -0.88360530 1.28827617 -2.83634028
v -0.88126631 1.35904150 -2.83822503
v -0.88360530 1.35508583 -2.84400658
v -0.88360530 1.28827617 -2.83634028
v -0.88126631 1.28781571 -2.82915870
v -0.87514258 1.36148622 -2.83465186
v -0.88126631 1.35904150 -2.83822503
v -0.88126631 1.28781571 -2.82915870
v -0.87514258 1.28753106 -2.82472038
v -0.86757331 1.36148622 -2.83465186
v -0.87514258 1.36148622 -2.83465186
v -0.87514258 1.28753106 -2.82472038
v -0.86757331 1.28753106 -2.82472038
v -0.86144963 1.35904150 -2.83822503
v -0.86757331 1.36148622 -2.83465186
v -0.86757331 1.28753106 -2.82472038
v -0.86144963 1.28781571 -2.82915870
v -0.85911059 1.40949896 -2.87478186
v -0.86144963 1.41570748 -2.87223161
v -0.86144963 1.40329013 -2.87733169
v -0.85911059 1.40949896 -2.87478186
v -0.86757331 1.39945304 -2.87890774
v -0.86144963 1.40329013 -2.87733169
v -0.87514258 1.39945304 -2.87890774
v -0.86757331 1.39945304 -2.87890774
v -0.88126631 1.40329013 -2.87733169
v -0.87514258 1.39945304 -2.87890774
v -0.88360530 1.40949896 -2.87478186
v -0.88126631 1.40329013 -2.87733169
v -0.88126631 1.41570748 -2.87223161
v -0.88360530 1.40949896 -2.87478186
v -0.87514258 1.41954478 -2.87065556
v -0.88126631 1.41570748 -2.87223161
v -0.86757331 1.41954478 -2.87065556
v -0.87514258 1.41954478 -2.87065556
v -0.86144963 1.41570748 -2.87223161
v -0.86757331 1.41954478 -2.87065556
v -0.85911059 1.43097654 -2.94239778
v -0.86144963 1.43761577 -2.94242971
v -0.86144963 1.42433751 -2.94236606
v -0.85911059 1.43097654 -2.94239778
v -0.86757331 1.42023443 -2.94234616
v -0.86144963 1.42433751 -2.94236606
v -0.87514258 1.42023443 -2.94234616
v -0.86757331 1.42023443 -2.94234616
v -0.88126631 1.42433751 -2.94236606
v -0.87514258 1.42023443 -2.94234616
v -0.88360530 1.43097654 -2.94239778
v -0.88126631 1.42433751 -2.94236606
v -0.88126631 1.43761577 -2.94242971
v -0.88360530 1.43097654 -2.94239778
v -0.87514258 1.44171874 -2.94244920
v -0.88126631 1.43761577 -2.94242971
v -0.86757331 1.44171874 -2.94244920
v -0.87514258 1.44171874 -2.94244920
v -0.86144963 1.43761577 -2.94242971
v -0.86757331 1.44171874 -2.94244920
v -0.85911059 1.41168329 -3.00834001
v -0.86144963 1.41701858 -3.01262449
v -0.86144963 1.40634810 -3.00405532
v -0.85911059 1.41168329 -3.00834001
v -0.86757331 1.40305067 -3.00140763
v -0.86144963 1.40634810 -3.00405532
v -0.87514258 1.40305067 -3.00140763
v -0.86757331 1.40305067 -3.00140763
v -0.88126631 1.40634810 -3.00405532
v -0.87514258 1.40305067 -3.00140763
v -0.88360530 1.41168329 -3.00834001
v -0.88126631 1.40634810 -3.00405532
v -0.88126631 1.41701858 -3.01262449
v -0.88360530 1.41168329 -3.00834001
v -0.87514258 1.42031601 -3.01527239
v -0.88126631 1.41701858 -3.01262449
v -0.86757331 1.42031601 -3.01527239
v -0.87514258 1.42031601 -3.01527239
v -0.86144963 1.41701858 -3.01262449
v -0.86757331 1.42031601 -3.01527239
v -0.85911059 1.36338466 -3.04197963
v -0.86144963 1.36439991 -3.04909383
v -0.86144963 1.36236962 -3.03486584
v -0.85911059 1.36338466 -3.04197963
v -0.86757331 1.36174227 -3.03046899
v -0.86144963 1.36236962 -3.03486584
v -0.87514258 1.36174227 -3.03046899
v -0.86757331 1.36174227 -3.03046899
v -0.88126631 1.36236962 -3.03486584
v -0.87514258 1.36174227 -3.03046899
v -0.88360530 1.36338466 -3.04197963
v -0.88126631 1.36236962 -3.03486584
v -0.88126631 1.36439991 -3.04909383
v -0.88360530 1.36338466 -3.04197963
v -0.87514258 1.36502726 -3.05349068
v -0.88126631 1.36439991 -3.04909383
v -0.86757331 1.36502726 -3.05349068
v -0.87514258 1.36502726 -3.05349068
v -0.86144963 1.36439991 -3.04909383
v -0.86757331 1.36502726 -3.05349068
v -0.85911059 1.29895007 -3.05822588
v -0.86144963 1.29895007 -3.06542488
v -0.86144963 1.29895007 -3.05102709
v -0.85911059 1.29895007 -3.05822588
v -0.86757331 1.29895007 -3.04657779
v -0.86144963 1.29895007 -3.05102709
v -0.87514258 1.29895007 -3.04657779
v -0.86757331 1.29895007 -3.04657779
v -0.88126631 1.29895007 -3.05102709
v -0.87514258 1.29895007 -3.04657779
v -0.88360530 1.29895007 -3.05822588
v -0.88126631 1.29895007 -3.05102709
v -0.88126631 1.29895007 -3.06542488
v -0.88360530 1.29895007 -3.05822588
v -0.87514258 1.29895007 -3.06987377
v -0.88126631 1.29895007 -3.06542488
v -0.86757331 1.29895007 -3.06987377
v -0.87514258 1.29895007 -3.06987377
v -0.86144963 1.29895007 -3.06542488
v -0.86757331 1.29895007 -3.06987377
v -0.84524748 0.72758620 -2.73423140
v -0.86138453 0.72758620 -2.74595559
v -0.85667208 0.76381115 -2.76045931
v -0.83290973 0.76381115 -2.74319511
v -0.86138453 0.72758620 -2.74595559
v -0.88133130 0.72758620 -2.74595559
v -0.88604391 0.76381115 -2.76045931
v -0.85667208 0.76381115 -2.76045931
v -0.88133130 0.72758620 -2.74595559
v -0.89746861 0.72758620 -2.73423120
v -0.90980615 0.76381115 -2.74319511
v -0.88604391 0.76381115 -2.76045931
v -0.89746861 0.72758620 -2.73423120
v -0.90363246 0.72758620 -2.71526075
v -0.91888264 0.76381115 -2.71526075
v -0.90980615 0.76381115 -2.74319511
v -0.90363246 0.72758620 -2.71526075
v -0.89746861 0.72758620 -2.69629051
v -0.90980615 0.76381115 -2.68732659
v -0.91888264 0.76381115 -2.71526075
v -0.89746861 0.72758620 -2.69629051
v -0.88133130 0.72758620 -2.68456591
v -0.88604391 0.76381115 -2.67006239
v -0.90980615 0.76381115 -2.68732659
v -0.88133130 0.72758620 -2.68456591
v -0.86138453 0.72758620 -2.68456591
v -0.85667208 0.76381115 -2.67006239
v -0.88604391 0.76381115 -2.67006239
v -0.86138453 0.72758620 -2.68456591
v -0.84524748 0.72758620 -2.69629051
v -0.83290973 0.76381115 -2.68732659
v -0.85667208 0.76381115 -2.67006239
v -0.84524748 0.72758620 -2.69629051
v -0.83908348 0.72758620 -2.71526075
v -0.82383334 0.76381115 -2.71526075
v -0.83290973 0.76381115 -2.68732659
v -0.83908348 0.72758620 -2.71526075
v -0.84524748 0.72758620 -2.73423140
v -0.83290973 0.76381115 -2.74319511
v -0.82383334 0.76381115 -2.71526075
v -0.83290973 0.76381115 -2.74319511
v -0.85667208 0.76381115 -2.76045931
v -0.85830660 0.76381115 -2.75542868
v -0.83718909 0.76381115 -2.74008593
v -0.85667208 0.76381115 -2.76045931
v -0.88604391 0.76381115 -2.76045931
v -0.88440939 0.76381115 -2.75542868
v -0.85830660 0.76381115 -2.75542868
v -0.88604391 0.76381115 -2.76045931
v -0.90980615 0.76381115 -2.74319511
v -0.90552695 0.76381115 -2.74008593
v -0.88440939 0.76381115 -2.75542868
v -0.90980615 0.76381115 -2.74319511
v -0.91888264 0.76381115 -2.71526075
v -0.91359307 0.76381115 -2.71526075
v -0.90552695 0.76381115 -2.74008593
v -0.91888264 0.76381115 -2.71526075
v -0.90980615 0.76381115 -2.68732659
v -0.90552695 0.76381115 -2.69043557
v -0.91359307 0.76381115 -2.71526075
v -0.90980615 0.76381115 -2.68732659
v -0.88604391 0.76381115 -2.67006239
v -0.88440939 0.76381115 -2.67509281
v -0.90552695 0.76381115 -2.69043557
v -0.88604391 0.76381115 -2.67006239
v -0.85667208 0.76381115 -2.67006239
v -0.85830660 0.76381115 -2.67509281
v -0.88440939 0.76381115 -2.67509281
v -0.85667208 0.76381115 -2.67006239
v -0.83290973 0.76381115 -2.68732659
v -0.83718909 0.76381115 -2.69043557
v -0.85830660 0.76381115 -2.67509281
v -0.83290973 0.76381115 -2.68732659
v -0.82383334 0.76381115 -2.71526075
v -0.82912282 0.76381115 -2.71526075
v -0.83718909 0.76381115 -2.69043557
v -0.82383334 0.76381115 -2.71526075
v -0.83290973 0.76381115 -2.74319511
v -0.83718909 0.76381115 -2.74008593
v -0.82912282 0.76381115 -2.71526075
v -0.83718909 0.76381115 -2.74008593
v -0.85830660 0.76381115 -2.75542868
v -0.86113849 0.73848379 -2.74671314
v -0.84460313 0.73848379 -2.73469933
v -0.85830660 0.76381115 -2.75542868
v -0.88440939 0.76381115 -2.75542868
v -0.88157750 0.73848379 -2.74671314
v -0.86113849 0.73848379 -2.74671314
v -0.88440939 0.76381115 -2.75542868
v -0.90552695 0.76381115 -2.74008593
v -0.89811286 0.73848379 -2.73469933
v -0.88157750 0.73848379 -2.74671314
v -0.90552695 0.76381115 -2.74008593
v -0.91359307 0.76381115 -2.71526075
v -0.90442888 0.73848379 -2.71526075
v -0.89811286 0.73848379 -2.73469933
v -0.91359307 0.76381115 -2.71526075
v -0.90552695 0.76381115 -2.69043557
v -0.89811286 0.73848379 -2.69582238
v -0.90442888 0.73848379 -2.71526075
v -0.90552695 0.76381115 -2.69043557
v -0.88440939 0.76381115 -2.67509281
v -0.88157750 0.73848379 -2.68380857
v -0.89811286 0.73848379 -2.69582238
v -0.88440939 0.76381115 -2.67509281
v -0.85830660 0.76381115 -2.67509281
v -0.86113849 0.73848379 -2.68380857
v -0.88157750 0.73848379 -2.68380857
v -0.85830660 0.76381115 -2.67509281
v -0.83718909 0.76381115 -2.69043557
v -0.84460313 0.73848379 -2.69582238
v -0.86113849 0.73848379 -2.68380857
v -0.83718909 0.76381115 -2.69043557
v -0.82912282 0.76381115 -2.71526075
v -0.83828711 0.73848379 -2.71526075
v -0.84460313 0.73848379 -2.69582238
v -0.82912282 0.76381115 -2.71526075
v -0.83718909 0.76381115 -2.74008593
v -0.84460313 0.73848379 -2.73469933
v -0.83828711 0.73848379 -2.71526075
v -0.82170338 1.05850565 -3.07267612
v -0.82170338 1.04666775 -3.08127661
v -0.85868024 1.04666775 -3.08127661
v -0.85868024 1.05850565 -3.07267612
v -0.82170338 1.04666775 -3.08127661
v -0.82170338 1.03203538 -3.08127661
v -0.85868024 1.03203538 -3.08127661
v -0.85868024 1.04666775 -3.08127661
v -0.82170338 1.03203538 -3.08127661
v -0.82170338 1.02019759 -3.07267612
v -0.85868024 1.02019759 -3.07267612
v -0.85868024 1.03203538 -3.08127661
v -0.82170338 1.02019759 -3.07267612
v -0.82170338 1.01567593 -3.05875973
v -0.85868024 1.01567593 -3.05875973
v -0.85868024 1.02019759 -3.07267612
v -0.82170338 1.01567593 -3.05875973
v -0.82170338 1.02019759 -3.04484335
v -0.85868024 1.02019759 -3.04484335
v -0.85868024 1.01567593 -3.05875973
v -0.82170338 1.02019759 -3.04484335
v -0.82170338 1.03203538 -3.03624265
v -0.85868024 1.03203538 -3.03624265
v -0.85868024 1.02019759 -3.04484335
v -0.82170338 1.03203538 -3.03624265
v -0.82170338 1.04666785 -3.03624265
v -0.85868024 1.04666785 -3.03624265
v -0.85868024 1.03203538 -3.03624265
v -0.82170338 1.04666785 -3.03624265
v -0.82170338 1.05850565 -3.04484335
v -0.85868024 1.05850565 -3.04484335
v -0.85868024 1.04666785 -3.03624265
v -0.82170338 1.05850565 -3.04484335
v -0.82170338 1.06302720 -3.05875973
v -0.85868024 1.06302720 -3.05875973
v -0.85868024 1.05850565 -3.04484335
v -0.82170338 1.06302720 -3.05875973
v -0.82170338 1.05850565 -3.07267612
v -0.85868024 1.05850565 -3.07267612
v -0.85868024 1.06302720 -3.05875973
v -0.80007462 1.06302720 -3.05875973
v -0.80007462 1.05850565 -3.07267612
v -0.80007462 1.05850565 -3.04484335
v -0.80007462 1.06302720 -3.05875973
v -0.80007462 1.04666785 -3.03624265
v -0.80007462 1.05850565 -3.04484335
v -0.80007462 1.03203538 -3.03624265
v -0.80007462 1.04666785 -3.03624265
v -0.80007462 1.02019759 -3.04484335
v -0.80007462 1.03203538 -3.03624265
v -0.80007462 1.01567593 -3.05875973
v -0.80007462 1.02019759 -3.04484335
v -0.80007462 1.02019759 -3.07267612
v -0.80007462 1.01567593 -3.05875973
v -0.80007462 1.03203538 -3.08127661
v -0.80007462 1.02019759 -3.07267612
v -0.80007462 1.04666775 -3.08127661
v -0.80007462 1.03203538 -3.08127661
v -0.80007462 1.05850565 -3.07267612
v -0.80007462 1.04666775 -3.08127661
v -1.24347089 0.70085268 -2.40607206
v -1.22527043 0.70085268 -2.38787160
v -1.22527043 0.96783744 -2.38787160
v -1.24347089 0.96783744 -2.40607206
v -1.24347089 0.96783744 -2.40607206
v -1.22527043 0.96783744 -2.38787160
v -1.24982236 0.96783744 -2.36331946
v -1.26802282 0.96783744 -2.38151992
v -0.51744551 0.70085268 -2.38787160
v -0.49924510 0.70085268 -2.40607206
v -0.49924510 0.96783744 -2.40607206
v -0.51744551 0.96783744 -2.38787160
v -0.51744551 0.96783744 -2.38787160
v -0.49924510 0.96783744 -2.40607206
v -0.47469317 0.96783744 -2.38151992
v -0.49289347 0.96783744 -2.36331946
v -1.22527043 0.70085268 -3.13209708
v -1.24347089 0.70085268 -3.11389704
v -1.24347089 0.96783744 -3.11389704
v -1.22527043 0.96783744 -3.13209708
v -1.22527043 0.96783744 -3.13209708
v -1.24347089 0.96783744 -3.11389704
v -1.26802282 0.96783744 -3.13844897
v -1.24982236 0.96783744 -3.15664922
v -0.49924510 0.70085268 -3.11389704
v -0.51744551 0.70085268 -3.13209708
v -0.51744551 0.96783744 -3.13209708
v -0.49924510 0.96783744 -3.11389704
v -0.49924510 0.96783744 -3.11389704
v -0.51744551 0.96783744 -3.13209708
v -0.49289347 0.96783744 -3.15664922
v -0.47469317 0.96783744 -3.13844897
v -1.26802282 0.96783744 -2.38151992
v -1.24982236 0.96783744 -2.36331946
v -1.24982236 0.99289037 -2.36331946
v -1.26802282 0.99289037 -2.38151992
v -1.24982236 0.96783744 -3.15664922
v -1.26802282 0.96783744 -3.13844897
v -1.26802282 0.99289037 -3.13844897
v -1.24982236 0.99289037 -3.15664922
v -1.24347089 0.99289037 -2.40607206
v -1.22527043 0.99289037 -2.38787160
v -1.20763907 0.99289037 -2.40550297
v -1.22583953 0.99289037 -2.42370322
v -1.26802282 0.99289037 -2.38151992
v -1.24982236 0.99289037 -2.36331946
v -1.23119607 0.99289037 -3.13802272
v -1.25574561 0.99289037 -3.12617166
v -1.22583953 0.99289037 -2.95752451
v -1.20511743 0.99289037 -2.97824661
v -1.24982236 0.99289037 -3.15664922
v -1.26802282 0.99289037 -3.13844897
v -0.48697038 0.99289037 -3.12617166
v -0.51151987 0.99289037 -3.13802272
v -0.53759861 0.99289037 -2.97824661
v -0.51687646 0.99289037 -2.95752451
v -0.47469317 0.99289037 -3.13844897
v -0.49289347 0.99289037 -3.15664922
v -0.49289347 0.99289037 -3.15664922
v -0.47469317 0.99289037 -3.13844897
v -0.47469317 0.96783744 -3.13844897
v -0.49289347 0.96783744 -3.15664922
v -0.49289347 0.96783744 -2.36331946
v -0.47469317 0.96783744 -2.38151992
v -0.47469317 0.99289037 -2.38151992
v -0.49289347 0.99289037 -2.36331946
v -0.51744551 0.99289037 -2.38787160
v -0.49924510 0.99289037 -2.40607206
v -0.51687646 0.99289037 -2.42370322
v -0.53507687 0.99289037 -2.40550297
v -0.49289347 0.99289037 -2.36331946
v -0.47469317 0.99289037 -2.38151992
v -1.22583953 0.99289037 -2.42370322
v -1.20763907 0.99289037 -2.40550297
v -1.20763907 0.75044873 -2.40550297
v -1.22583953 0.75044873 -2.42370322
v -0.53507687 0.99289037 -2.40550297
v -0.51687646 0.99289037 -2.42370322
v -0.51687646 0.75044873 -2.42370322
v -0.53507687 0.75044873 -2.40550297
v -0.51687646 0.99289037 -2.95752451
v -0.53759861 0.99289037 -2.97824661
v -0.53507687 0.75044873 -2.97824661
v -0.51687646 0.75044873 -2.96004656
v -1.20511743 0.99289037 -2.97824661
v -1.22583953 0.99289037 -2.95752451
v -1.22583953 0.75044873 -2.96004656
v -1.20763907 0.75044873 -2.97824661
v -1.22527043 0.96783744 -2.38787160
v -1.22527043 0.70085268 -2.38787160
v -0.51744551 0.70085268 -2.38787160
v -0.51744551 0.96783744 -2.38787160
v -1.22527043 0.96783744 -3.13209708
v -0.51744551 0.96783744 -3.13209708
v -0.51744551 0.70085268 -3.13209708
v -1.22527043 0.70085268 -3.13209708
v -0.49924510 0.96783744 -2.40607206
v -0.49924510 0.70085268 -2.40607206
v -0.49924510 0.70085268 -3.11389704
v -0.49924510 0.96783744 -3.11389704
v -1.24347089 0.96783744 -3.11389704
v -1.24347089 0.70085268 -3.11389704
v -1.24347089 0.70085268 -2.40607206
v -1.24347089 0.96783744 -2.40607206
v -1.26802282 0.96783744 -3.13844897
v -1.26802282 0.96783744 -2.38151992
v -1.26802282 0.99289037 -2.38151992
v -1.26802282 0.99289037 -3.13844897
v -1.24982236 0.99289037 -3.15664922
v -0.49289347 0.99289037 -3.15664922
v -0.49289347 0.96783744 -3.15664922
v -1.24982236 0.96783744 -3.15664922
v -0.47469317 0.96783744 -2.38151992
v -0.47469317 0.96783744 -3.13844897
v -0.47469317 0.99289037 -3.13844897
v -0.47469317 0.99289037 -2.38151992
v -1.24982236 0.96783744 -2.36331946
v -0.49289347 0.96783744 -2.36331946
v -0.49289347 0.99289037 -2.36331946
v -1.24982236 0.99289037 -2.36331946
v -1.20763907 0.99289037 -2.40550297
v -0.53507687 0.99289037 -2.40550297
v -0.53507687 0.75044873 -2.40550297
v -1.20763907 0.75044873 -2.40550297
v -0.51687646 0.99289037 -2.42370322
v -0.51687646 0.99289037 -2.95752451
v -0.51687646 0.75044873 -2.96004656
v -0.51687646 0.75044873 -2.42370322
v -0.53759861 0.99289037 -2.97824661
v -1.20511743 0.99289037 -2.97824661
v -1.20763907 0.75044873 -2.97824661
v -0.53507687 0.75044873 -2.97824661
v -1.22583953 0.99289037 -2.95752451
v -1.22583953 0.99289037 -2.42370322
v -1.22583953 0.75044873 -2.42370322
v -1.22583953 0.75044873 -2.96004656
v -0.80662781 1.07454842 -3.04969091
v -0.80910281 1.07525196 -3.05134595
v -0.80910281 1.10530048 -3.03857190
v -0.80662781 1.10459694 -3.03691748
v -0.80910281 1.07525196 -3.05134595
v -0.81216203 1.07525196 -3.05134595
v -0.81216203 1.10530048 -3.03857190
v -0.80910281 1.10530048 -3.03857190
v -0.81216203 1.07525196 -3.05134595
v -0.81463692 1.07454842 -3.04969091
v -0.81463692 1.10459694 -3.03691748
v -0.81216203 1.10530048 -3.03857190
v -0.81463692 1.07454842 -3.04969091
v -0.81558219 1.07341023 -3.04701378
v -0.81558219 1.10345864 -3.03423952
v -0.81463692 1.10459694 -3.03691748
v -0.81558219 1.07341023 -3.04701378
v -0.81463692 1.07227194 -3.04433624
v -0.81463692 1.10232045 -3.03156198
v -0.81558219 1.10345864 -3.03423952
v -0.81463692 1.07227194 -3.04433624
v -0.81216203 1.07156850 -3.04268120
v -0.81216203 1.10161691 -3.02990735
v -0.81463692 1.10232045 -3.03156198
v -0.81216203 1.07156850 -3.04268120
v -0.80910281 1.07156850 -3.04268120
v -0.80910281 1.10161691 -3.02990735
v -0.81216203 1.10161691 -3.02990735
v -0.80910281 1.07156850 -3.04268120
v -0.80662781 1.07227194 -3.04433624
v -0.80662781 1.10232045 -3.03156198
v -0.80910281 1.10161691 -3.02990735
v -0.80662781 1.07227194 -3.04433624
v -0.80568249 1.07341023 -3.04701378
v -0.80568249 1.10345864 -3.03423952
v -0.80662781 1.10232045 -3.03156198
v -0.80568249 1.07341023 -3.04701378
v -0.80662781 1.07454842 -3.04969091
v -0.80662781 1.10459694 -3.03691748
v -0.80568249 1.10345864 -3.03423952
v -0.80691682 1.07304079 -3.04717073
v -0.80762643 1.07389515 -3.04918049
v -0.80762643 1.07218631 -3.04516075
v -0.80691682 1.07304079 -3.04717073
v -0.80948428 1.07165827 -3.04391890
v -0.80762643 1.07218631 -3.04516075
v -0.81178061 1.07165827 -3.04391890
v -0.80948428 1.07165827 -3.04391890
v -0.81363836 1.07218631 -3.04516075
v -0.81178061 1.07165827 -3.04391890
v -0.81434791 1.07304079 -3.04717073
v -0.81363836 1.07218631 -3.04516075
v -0.81363836 1.07389515 -3.04918049
v -0.81434791 1.07304079 -3.04717073
v -0.81178061 1.07442320 -3.05042234
v -0.81363836 1.07389515 -3.04918049
v -0.80948428 1.07442320 -3.05042234
v -0.81178061 1.07442320 -3.05042234
v -0.80762643 1.07389515 -3.04918049
v -0.80948428 1.07442320 -3.05042234
v -0.80762643 1.05985603 -3.05040244
v -0.80691682 1.06071040 -3.05241241
v -0.80691682 1.06071040 -3.05241241
v -0.80762643 1.06156477 -3.05442218
v -0.80762643 1.06156477 -3.05442218
v -0.80948428 1.06209291 -3.05566485
v -0.80948428 1.06209291 -3.05566485
v -0.81178061 1.06209291 -3.05566485
v -0.81178061 1.06209291 -3.05566485
v -0.81363836 1.06156477 -3.05442218
v -0.81363836 1.06156477 -3.05442218
v -0.81434791 1.06071040 -3.05241241
v -0.81434791 1.06071040 -3.05241241
v -0.81363836 1.05985603 -3.05040244
v -0.81363836 1.05985603 -3.05040244
v -0.81178061 1.05932788 -3.04916017
v -0.81178061 1.05932788 -3.04916017
v -0.80948428 1.05932788 -3.04916017
v -0.80948428 1.05932788 -3.04916017
v -0.80762643 1.05985603 -3.05040244
v -0.80007462 1.05850565 -3.07267612
v -0.80007462 1.06302720 -3.05875973
v -0.80007462 1.05850565 -3.04484335
v -0.80007462 1.04666785 -3.03624265
v -0.80007462 1.03203538 -3.03624265
v -0.80007462 1.02019759 -3.04484335
v -0.80007462 1.01567593 -3.05875973
v -0.80007462 1.02019759 -3.07267612
v -0.80007462 1.03203538 -3.08127661
v -0.80007462 1.04666775 -3.08127661
v -0.85868024 1.05850565 -3.07267612
v -0.85868024 1.04666775 -3.08127661
v -0.85868024 1.03203538 -3.08127661
v -0.85868024 1.02019759 -3.07267612
v -0.85868024 1.01567593 -3.05875973
v -0.85868024 1.02019759 -3.04484335
v -0.85868024 1.03203538 -3.03624265
v -0.85868024 1.04666785 -3.03624265
v -0.85868024 1.05850565 -3.04484335
v -0.85868024 1.06302720 -3.05875973
v -1.24347089 0.70085268 -3.11389704
v -1.22527043 0.70085268 -3.13209708
v -0.51744551 0.70085268 -3.13209708
v -0.49924510 0.70085268 -3.11389704
v -0.49924510 0.70085268 -2.40607206
v -0.51744551 0.70085268 -2.38787160
v -1.22527043 0.70085268 -2.38787160
v -1.24347089 0.70085268 -2.40607206
v -1.22583953 0.75044873 -2.42370322
v -1.20763907 0.75044873 -2.40550297
v -0.53507687 0.75044873 -2.40550297
v -0.51687646 0.75044873 -2.42370322
v -0.51687646 0.75044873 -2.96004656
v -0.53507687 0.75044873 -2.97824661
v -1.20763907 0.75044873 -2.97824661
v -1.22583953 0.75044873 -2.96004656
v -0.80662781 1.10459694 -3.03691748
v -0.80910281 1.10530048 -3.03857190
v -0.81216203 1.10530048 -3.03857190
v -0.81463692 1.10459694 -3.03691748
v -0.81558219 1.10345864 -3.03423952
v -0.81463692 1.10232045 -3.03156198
v -0.81216203 1.10161691 -3.02990735
v -0.80910281 1.10161691 -3.02990735
v -0.80662781 1.10232045 -3.03156198
v -0.80568249 1.10345864 -3.03423952
v -2.06408288 1.90802158 -2.45976994
v -2.06408288 1.90802158 -2.44914746
v -1.97782738 1.90802158 -2.44914746
v -1.97782738 1.90802158 -2.45976994
v -2.06408288 1.87083533 -2.44914746
v -2.06408288 1.87083533 -2.45976994
v -1.97782738 1.87083533 -2.45976994
v -1.97782738 1.87083533 -2.44914746
v -1.97486249 1.87455383 -2.44914746
v -1.97486249 1.87455383 -2.45976994
v -1.97486249 1.90430308 -2.45976994
v -1.97486249 1.90430308 -2.44914746
v -2.06704818 1.87455383 -2.45976994
v -2.06704818 1.87455383 -2.44914746
v -2.06704818 1.90430308 -2.44914746
v -2.06704818 1.90430308 -2.45976994
v -2.06704818 1.90430308 -2.44914746
v -2.06408288 1.90802158 -2.44914746
v -2.06408288 1.90802158 -2.45976994
v -2.06704818 1.90430308 -2.45976994
v -1.97782738 1.90802158 -2.44914746
v -1.97486249 1.90430308 -2.44914746
v -1.97486249 1.90430308 -2.45976994
v -1.97782738 1.90802158 -2.45976994
v -2.06408288 1.87083533 -2.44914746
v -2.06704818 1.87455383 -2.44914746
v -2.06704818 1.87455383 -2.45976994
v -2.06408288 1.87083533 -2.45976994
v -1.97486249 1.87455383 -2.44914746
v -1.97782738 1.87083533 -2.44914746
v -1.97782738 1.87083533 -2.45976994
v -1.97486249 1.87455383 -2.45976994
v -2.15736363 1.86383433 -2.44372872
v -2.13304784 1.86383433 -2.44372872
v -2.12892983 1.92500714 -2.42357323
v -2.16148164 1.92500714 -2.42357323
v -2.15736363 2.23087082 -2.44372872
v -2.13304784 2.23087082 -2.44372872
v -2.13304784 2.23087082 -2.45274426
v -2.15736363 2.23087082 -2.45274426
v -2.16148164 1.92500714 -2.44231894
v -2.12892983 1.92500714 -2.44231894
v -2.13304784 1.86383433 -2.45274426
v -2.15736363 1.86383433 -2.45274426
v -2.15736363 1.86383433 -2.45274426
v -2.13304784 1.86383433 -2.45274426
v -2.13304784 1.86383433 -2.44372872
v -2.15736363 1.86383433 -2.44372872
v -2.13304784 1.86383433 -2.44372872
v -2.13304784 1.86383433 -2.45274426
v -2.12892983 1.92500714 -2.44231894
v -2.12892983 1.92500714 -2.42357323
v -2.15736363 1.86383433 -2.45274426
v -2.15736363 1.86383433 -2.44372872
v -2.16148164 1.92500714 -2.42357323
v -2.16148164 1.92500714 -2.44231894
v -2.16148164 2.16969800 -2.42357323
v -2.12892983 2.16969800 -2.42357323
v -2.13304784 2.23087082 -2.44372872
v -2.15736363 2.23087082 -2.44372872
v -2.16148164 2.16969800 -2.44231894
v -2.16148164 2.16969800 -2.42357323
v -2.15736363 2.23087082 -2.44372872
v -2.15736363 2.23087082 -2.45274426
v -2.15736363 2.23087082 -2.45274426
v -2.13304784 2.23087082 -2.45274426
v -2.12892983 2.16969800 -2.44231894
v -2.16148164 2.16969800 -2.44231894
v -2.12892983 2.16969800 -2.42357323
v -2.12892983 2.16969800 -2.44231894
v -2.13304784 2.23087082 -2.45274426
v -2.13304784 2.23087082 -2.44372872
v -2.16285431 2.10852539 -2.41106310
v -2.12755716 2.10852539 -2.41106310
v -2.16285431 2.10852539 -2.43536894
v -2.16285431 2.10852539 -2.41106310
v -2.12755716 2.10852539 -2.43536894
v -2.16285431 2.10852539 -2.43536894
v -2.12755716 2.10852539 -2.41106310
v -2.12755716 2.10852539 -2.43536894
v -2.16344268 2.04735257 -2.40619791
v -2.12696878 2.04735257 -2.40619791
v -2.16344268 2.04735257 -2.43328392
v -2.16344268 2.04735257 -2.40619791
v -2.12696878 2.04735257 -2.43328392
v -2.16344268 2.04735257 -2.43328392
v -2.12696878 2.04735257 -2.40619791
v -2.12696878 2.04735257 -2.43328392
v -2.16285431 1.98617976 -2.41106310
v -2.12755716 1.98617976 -2.41106310
v -2.16285431 1.98617976 -2.43536894
v -2.16285431 1.98617976 -2.41106310
v -2.12755716 1.98617976 -2.43536894
v -2.16285431 1.98617976 -2.43536894
v -2.12755716 1.98617976 -2.41106310
v -2.12755716 1.98617976 -2.43536894
v -1.99237548 1.96879946 -2.45783523
v -2.00490427 1.98699805 -2.45783523
v -2.00490427 1.98699805 -2.43624901
v -1.99237548 1.96879946 -2.43624901
v -2.00490427 1.98699805 -2.45783523
v -2.02663188 1.99100721 -2.45783523
v -2.02663188 1.99100721 -2.43624901
v -2.00490427 1.98699805 -2.43624901
v -2.02663188 1.99100721 -2.45783523
v -2.04483047 1.97847842 -2.45783523
v -2.04483047 1.97847842 -2.43624901
v -2.02663188 1.99100721 -2.43624901
v -2.04483047 1.97847842 -2.45783523
v -2.04883964 1.95675082 -2.45783523
v -2.04883964 1.95675082 -2.43624901
v -2.04483047 1.97847842 -2.43624901
v -2.04883964 1.95675082 -2.45783523
v -2.03631084 1.93855222 -2.45783523
v -2.03631084 1.93855222 -2.43624901
v -2.04883964 1.95675082 -2.43624901
v -2.03631084 1.93855222 -2.45783523
v -2.01458324 1.93454306 -2.45783523
v -2.01458324 1.93454306 -2.43624901
v -2.03631084 1.93855222 -2.43624901
v -2.01458324 1.93454306 -2.45783523
v -1.99638464 1.94707185 -2.45783523
v -1.99638464 1.94707185 -2.43624901
v -2.01458324 1.93454306 -2.43624901
v -1.99638464 1.94707185 -2.45783523
v -1.99237548 1.96879946 -2.45783523
v -1.99237548 1.96879946 -2.43624901
v -1.99638464 1.94707185 -2.43624901
v -2.60441817 1.85094998 -2.84699863
v -2.60262236 1.85094998 -2.44801632
v -2.60262236 2.23951049 -2.44801632
v -2.60441817 2.23951049 -2.84699863
v -2.60441817 2.23951049 -2.84699863
v -2.60262236 2.23951049 -2.44801632
v -2.10991709 2.23951049 -2.45023403
v -2.11171290 2.23951049 -2.84921571
v -1.93148254 2.23951049 -2.85002675
v -1.92968694 2.23951049 -2.45104527
v -1.92968694 1.85094998 -2.45104527
v -1.93148254 1.85094998 -2.85002675
v -2.60262236 1.85094998 -2.44801632
v -2.10991709 1.85094998 -2.45023403
v -2.10991709 2.23951049 -2.45023403
v -2.60262236 2.23951049 -2.44801632
v -2.11171290 1.85094998 -2.84921571
v -2.60441817 1.85094998 -2.84699863
v -2.60441817 2.23951049 -2.84699863
v -2.11171290 2.23951049 -2.84921571
v -1.92968694 2.23951049 -2.45104527
v -1.93148254 2.23951049 -2.85002675
v -1.93148254 1.85094998 -2.85002675
v -1.93148254 2.23951049 -2.85002675
v -2.09249885 2.21010125 -2.45643415
v -2.09249885 2.12775479 -2.45643415
v -1.94715971 2.12775479 -2.45708866
v -1.94715971 2.21010125 -2.45708866
v -2.09247148 2.12775479 -2.45031239
v -2.09247148 2.21010125 -2.45031239
v -1.92968694 1.85094998 -2.45104527
v -1.94713255 2.12775479 -2.45096690
v -1.92968694 2.23951049 -2.45104527
v -1.94713255 2.21010125 -2.45096690
v -2.09247148 2.21010125 -2.45031239
v -2.09247148 2.12775479 -2.45031239
v -2.09249885 2.12775479 -2.45643415
v -2.09249885 2.21010125 -2.45643415
v -2.09247148 2.12775479 -2.45031239
v -1.94713255 2.12775479 -2.45096690
v -1.94715971 2.12775479 -2.45708866
v -2.09249885 2.12775479 -2.45643415
v -1.94713255 2.12775479 -2.45096690
v -1.94713255 2.21010125 -2.45096690
v -1.94715971 2.21010125 -2.45708866
v -1.94715971 2.12775479 -2.45708866
v -1.94713255 2.21010125 -2.45096690
v -2.09247148 2.21010125 -2.45031239
v -2.09249885 2.21010125 -2.45643415
v -1.94715971 2.21010125 -2.45708866
v -2.05581970 2.10830957 -2.45620009
v -2.06653921 2.11274976 -2.45620009
v -2.06653921 2.11274976 -2.44634988
v -2.05581970 2.10830957 -2.44634988
v -2.06653921 2.11274976 -2.45620009
v -2.07725872 2.10830957 -2.45620009
v -2.07725872 2.10830957 -2.44634988
v -2.06653921 2.11274976 -2.44634988
v -2.07725872 2.10830957 -2.45620009
v -2.08169890 2.09759007 -2.45620009
v -2.08169890 2.09759007 -2.44634988
v -2.07725872 2.10830957 -2.44634988
v -2.08169890 2.09759007 -2.45620009
v -2.07725872 2.08687056 -2.45620009
v -2.07725872 2.08687056 -2.44634988
v -2.08169890 2.09759007 -2.44634988
v -2.07725872 2.08687056 -2.45620009
v -2.06653921 2.08243038 -2.45620009
v -2.06653921 2.08243038 -2.44634988
v -2.07725872 2.08687056 -2.44634988
v -2.06653921 2.08243038 -2.45620009
v -2.05581970 2.08687056 -2.45620009
v -2.05581970 2.08687056 -2.44634988
v -2.06653921 2.08243038 -2.44634988
v -2.05581970 2.08687056 -2.45620009
v -2.05137952 2.09759007 -2.45620009
v -2.05137952 2.09759007 -2.44634988
v -2.05581970 2.08687056 -2.44634988
v -2.05137952 2.09759007 -2.45620009
v -2.05581970 2.10830957 -2.45620009
v -2.05581970 2.10830957 -2.44634988
v -2.05137952 2.09759007 -2.44634988
v -1.95695519 2.10830957 -2.45620009
v -1.96767469 2.11274976 -2.45620009
v -1.96767469 2.11274976 -2.44634988
v -1.95695519 2.10830957 -2.44634988
v -1.96767469 2.11274976 -2.45620009
v -1.97839420 2.10830957 -2.45620009
v -1.97839420 2.10830957 -2.44634988
v -1.96767469 2.11274976 -2.44634988
v -1.97839420 2.10830957 -2.45620009
v -1.98283438 2.09759007 -2.45620009
v -1.98283438 2.09759007 -2.44634988
v -1.97839420 2.10830957 -2.44634988
v -1.98283438 2.09759007 -2.45620009
v -1.97839420 2.08687056 -2.45620009
v -1.97839420 2.08687056 -2.44634988
v -1.98283438 2.09759007 -2.44634988
v -1.97839420 2.08687056 -2.45620009
v -1.96767469 2.08243038 -2.45620009
v -1.96767469 2.08243038 -2.44634988
v -1.97839420 2.08687056 -2.44634988
v -1.96767469 2.08243038 -2.45620009
v -1.95695519 2.08687056 -2.45620009
v -1.95695519 2.08687056 -2.44634988
v -1.96767469 2.08243038 -2.44634988
v -1.95695519 2.08687056 -2.45620009
v -1.95251500 2.09759007 -2.45620009
v -1.95251500 2.09759007 -2.44634988
v -1.95695519 2.08687056 -2.44634988
v -1.95251500 2.09759007 -2.45620009
v -1.95695519 2.10830957 -2.45620009
v -1.95695519 2.10830957 -2.44634988
v -1.95251500 2.09759007 -2.44634988
v -2.00638744 2.10830957 -2.45620009
v -2.01710695 2.11274976 -2.45620009
v -2.01710695 2.11274976 -2.44634988
v -2.00638744 2.10830957 -2.44634988
v -2.01710695 2.11274976 -2.45620009
v -2.02782646 2.10830957 -2.45620009
v -2.02782646 2.10830957 -2.44634988
v -2.01710695 2.11274976 -2.44634988
v -2.02782646 2.10830957 -2.45620009
v -2.03226664 2.09759007 -2.45620009
v -2.03226664 2.09759007 -2.44634988
v -2.02782646 2.10830957 -2.44634988
v -2.03226664 2.09759007 -2.45620009
v -2.02782646 2.08687056 -2.45620009
v -2.02782646 2.08687056 -2.44634988
v -2.03226664 2.09759007 -2.44634988
v -2.02782646 2.08687056 -2.45620009
v -2.01710695 2.08243038 -2.45620009
v -2.01710695 2.08243038 -2.44634988
v -2.02782646 2.08687056 -2.44634988
v -2.01710695 2.08243038 -2.45620009
v -2.00638744 2.08687056 -2.45620009
v -2.00638744 2.08687056 -2.44634988
v -2.01710695 2.08243038 -2.44634988
v -2.00638744 2.08687056 -2.45620009
v -2.00194726 2.09759007 -2.45620009
v -2.00194726 2.09759007 -2.44634988
v -2.00638744 2.08687056 -2.44634988
v -2.00194726 2.09759007 -2.45620009
v -2.00638744 2.10830957 -2.45620009
v -2.00638744 2.10830957 -2.44634988
v -2.00194726 2.09759007 -2.44634988
v -1.99237548 2.03887399 -2.45783523
v -2.00490427 2.05707259 -2.45783523
v -2.00490427 2.05707259 -2.43624901
v -1.99237548 2.03887399 -2.43624901
v -2.00490427 2.05707259 -2.45783523
v -2.02663188 2.06108175 -2.45783523
v -2.02663188 2.06108175 -2.43624901
v -2.00490427 2.05707259 -2.43624901
v -2.02663188 2.06108175 -2.45783523
v -2.04483047 2.04855296 -2.45783523
v -2.04483047 2.04855296 -2.43624901
v -2.02663188 2.06108175 -2.43624901
v -2.04483047 2.04855296 -2.45783523
v -2.04883964 2.02682536 -2.45783523
v -2.04883964 2.02682536 -2.43624901
v -2.04483047 2.04855296 -2.43624901
v -2.04883964 2.02682536 -2.45783523
v -2.03631084 2.00862676 -2.45783523
v -2.03631084 2.00862676 -2.43624901
v -2.04883964 2.02682536 -2.43624901
v -2.03631084 2.00862676 -2.45783523
v -2.01458324 2.00461760 -2.45783523
v -2.01458324 2.00461760 -2.43624901
v -2.03631084 2.00862676 -2.43624901
v -2.01458324 2.00461760 -2.45783523
v -1.99638464 2.01714639 -2.45783523
v -1.99638464 2.01714639 -2.43624901
v -2.01458324 2.00461760 -2.43624901
v -1.99638464 2.01714639 -2.45783523
v -1.99237548 2.03887399 -2.45783523
v -1.99237548 2.03887399 -2.43624901
v -1.99638464 2.01714639 -2.43624901
v -2.06704818 1.87455383 -2.44914746
v -2.06408288 1.87083533 -2.44914746
v -1.97782738 1.87083533 -2.44914746
v -1.97486249 1.87455383 -2.44914746
v -1.97486249 1.90430308 -2.44914746
v -1.97782738 1.90802158 -2.44914746
v -2.06408288 1.90802158 -2.44914746
v -2.06704818 1.90430308 -2.44914746
v -1.99237548 1.96879946 -2.43624901
v -2.00490427 1.98699805 -2.43624901
v -2.02663188 1.99100721 -2.43624901
v -2.04483047 1.97847842 -2.43624901
v -2.04883964 1.95675082 -2.43624901
v -2.03631084 1.93855222 -2.43624901
v -2.01458324 1.93454306 -2.43624901
v -1.99638464 1.94707185 -2.43624901
v -2.05581970 2.10830957 -2.44634988
v -2.06653921 2.11274976 -2.44634988
v -2.07725872 2.10830957 -2.44634988
v -2.08169890 2.09759007 -2.44634988
v -2.07725872 2.08687056 -2.44634988
v -2.06653921 2.08243038 -2.44634988
v -2.05581970 2.08687056 -2.44634988
v -2.05137952 2.09759007 -2.44634988
v -1.95695519 2.10830957 -2.44634988
v -1.96767469 2.11274976 -2.44634988
v -1.97839420 2.10830957 -2.44634988
v -1.98283438 2.09759007 -2.44634988
v -1.97839420 2.08687056 -2.44634988
v -1.96767469 2.08243038 -2.44634988
v -1.95695519 2.08687056 -2.44634988
v -1.95251500 2.09759007 -2.44634988
v -2.00638744 2.10830957 -2.44634988
v -2.01710695 2.11274976 -2.44634988
v -2.02782646 2.10830957 -2.44634988
v -2.03226664 2.09759007 -2.44634988
v -2.02782646 2.08687056 -2.44634988
v -2.01710695 2.08243038 -2.44634988
v -2.00638744 2.08687056 -2.44634988
v -2.00194726 2.09759007 -2.44634988
v -1.99237548 2.03887399 -2.43624901
v -2.00490427 2.05707259 -2.43624901
v -2.02663188 2.06108175 -2.43624901
v -2.04483047 2.04855296 -2.43624901
v -2.04883964 2.02682536 -2.43624901
v -2.03631084 2.00862676 -2.43624901
v -2.01458324 2.00461760 -2.43624901
v -1.99638464 2.01714639 -2.43624901
v 0.63948384 1.92547265 -2.54707302
v 0.63948384 1.92938188 -2.54122223
v 0.63948384 1.94718491 -2.55311683
v 0.63948384 1.94327567 -2.55896762
v 0.63948384 1.94327567 -2.55896762
v 0.63948384 1.94718491 -2.55311683
v 0.68299752 1.94718491 -2.55311683
v 0.68299752 1.94327567 -2.55896762
v 0.68299752 1.94327567 -2.55896762
v 0.68299752 1.94718491 -2.55311683
v 0.68299752 1.92938188 -2.54122223
v 0.68299752 1.92547265 -2.54707302
v 0.68299752 1.92547265 -2.54707302
v 0.68299752 1.92938188 -2.54122223
v 0.63948384 1.92938188 -2.54122223
v 0.63948384 1.92547265 -2.54707302
v 0.63948384 1.92938188 -2.54122223
v 0.68299752 1.92938188 -2.54122223
v 0.68299752 1.94718491 -2.55311683
v 0.63948384 1.94718491 -2.55311683
v 0.68299752 1.92547265 -2.54707302
v 0.63948384 1.92547265 -2.54707302
v 0.63948384 1.94327567 -2.55896762
v 0.68299752 1.94327567 -2.55896762
v 0.72911607 1.92547265 -2.54707302
v 0.72911607 1.92938188 -2.54122223
v 0.72911607 1.94718491 -2.55311683
v 0.72911607 1.94327567 -2.55896762
v 0.72911607 1.94327567 -2.55896762
v 0.72911607 1.94718491 -2.55311683
v 0.77262974 1.94718491 -2.55311683
v 0.77262974 1.94327567 -2.55896762
v 0.77262974 1.94327567 -2.55896762
v 0.77262974 1.94718491 -2.55311683
v 0.77262974 1.92938188 -2.54122223
v 0.77262974 1.92547265 -2.54707302
v 0.77262974 1.92547265 -2.54707302
v 0.77262974 1.92938188 -2.54122223
v 0.72911607 1.92938188 -2.54122223
v 0.72911607 1.92547265 -2.54707302
v 0.72911607 1.92938188 -2.54122223
v 0.77262974 1.92938188 -2.54122223
v 0.77262974 1.94718491 -2.55311683
v 0.72911607 1.94718491 -2.55311683
v 0.77262974 1.92547265 -2.54707302
v 0.72911607 1.92547265 -2.54707302
v 0.72911607 1.94327567 -2.55896762
v 0.77262974 1.94327567 -2.55896762
v 0.91154723 1.92547265 -2.54707302
v 0.91154723 1.92938188 -2.54122223
v 0.91154723 1.94718491 -2.55311683
v 0.91154723 1.94327567 -2.55896762
v 0.91154723 1.94327567 -2.55896762
v 0.91154723 1.94718491 -2.55311683
v 0.95506101 1.94718491 -2.55311683
v 0.95506101 1.94327567 -2.55896762
v 0.95506101 1.94327567 -2.55896762
v 0.95506101 1.94718491 -2.55311683
v 0.95506101 1.92938188 -2.54122223
v 0.95506101 1.92547265 -2.54707302
v 0.95506101 1.92547265 -2.54707302
v 0.95506101 1.92938188 -2.54122223
v 0.91154723 1.92938188 -2.54122223
v 0.91154723 1.92547265 -2.54707302
v 0.91154723 1.92938188 -2.54122223
v 0.95506101 1.92938188 -2.54122223
v 0.95506101 1.94718491 -2.55311683
v 0.91154723 1.94718491 -2.55311683
v 0.95506101 1.92547265 -2.54707302
v 0.91154723 1.92547265 -2.54707302
v 0.91154723 1.94327567 -2.55896762
v 0.95506101 1.94327567 -2.55896762
v 0.82262010 1.92547265 -2.54707302
v 0.82262010 1.92938188 -2.54122223
v 0.82262010 1.94718491 -2.55311683
v 0.82262010 1.94327567 -2.55896762
v 0.82262010 1.94327567 -2.55896762
v 0.82262010 1.94718491 -2.55311683
v 0.86613378 1.94718491 -2.55311683
v 0.86613378 1.94327567 -2.55896762
v 0.86613378 1.94327567 -2.55896762
v 0.86613378 1.94718491 -2.55311683
v 0.86613378 1.92938188 -2.54122223
v 0.86613378 1.92547265 -2.54707302
v 0.86613378 1.92547265 -2.54707302
v 0.86613378 1.92938188 -2.54122223
v 0.82262010 1.92938188 -2.54122223
v 0.82262010 1.92547265 -2.54707302
v 0.82262010 1.92938188 -2.54122223
v 0.86613378 1.92938188 -2.54122223
v 0.86613378 1.94718491 -2.55311683
v 0.82262010 1.94718491 -2.55311683
v 0.86613378 1.92547265 -2.54707302
v 0.82262010 1.92547265 -2.54707302
v 0.82262010 1.94327567 -2.55896762
v 0.86613378 1.94327567 -2.55896762
v 0.35998910 1.89135951 -2.92430927
v 0.34084228 1.86072728 -2.93166729
v 0.32371745 1.87211063 -2.93449638
v 0.34286402 1.90274306 -2.92713733
v 0.34084228 1.86072728 -2.93166729
v 0.32052691 1.83391079 -2.91659363
v 0.30340206 1.84529434 -2.91942273
v 0.32371745 1.87211063 -2.93449638
v 0.32052691 1.83391079 -2.91659363
v 0.30680134 1.82115311 -2.88484602
v 0.28967659 1.83253667 -2.88767491
v 0.30340206 1.84529434 -2.91942273
v 0.30680134 1.82115311 -2.88484602
v 0.30490923 1.82732691 -2.84855001
v 0.28778476 1.83871088 -2.85137910
v 0.28967659 1.83253667 -2.88767491
v 0.30490923 1.82732691 -2.84855001
v 0.31557278 1.85007474 -2.82157035
v 0.29844819 1.86145871 -2.82439924
v 0.28778476 1.83871088 -2.85137910
v 0.31557278 1.85007474 -2.82157035
v 0.33471969 1.88070759 -2.81421275
v 0.31759468 1.89209052 -2.81704185
v 0.29844819 1.86145871 -2.82439924
v 0.33471969 1.88070759 -2.81421275
v 0.35503526 1.90752408 -2.82928599
v 0.33791043 1.91890743 -2.83211550
v 0.31759468 1.89209052 -2.81704185
v 0.35503526 1.90752408 -2.82928599
v 0.36876091 1.92028134 -2.86103423
v 0.35163575 1.93166489 -2.86386291
v 0.33791043 1.91890743 -2.83211550
v 0.36876091 1.92028134 -2.86103423
v 0.37065253 1.91410671 -2.89732962
v 0.35352783 1.92549048 -2.90015913
v 0.35163575 1.93166489 -2.86386291
v 0.37065253 1.91410671 -2.89732962
v 0.35998910 1.89135951 -2.92430927
v 0.34286402 1.90274306 -2.92713733
v 0.35352783 1.92549048 -2.90015913
v 0.35998910 1.89135951 -2.92430927
v 0.37065253 1.91410671 -2.89732962
v 0.36575769 1.90764578 -2.89369778
v 0.35668175 1.88828536 -2.91665998
v 0.37065253 1.91410671 -2.89732962
v 0.36876091 1.92028134 -2.86103423
v 0.36414762 1.91290114 -2.86280702
v 0.36575769 1.90764578 -2.89369778
v 0.36876091 1.92028134 -2.86103423
v 0.35503526 1.90752408 -2.82928599
v 0.35246596 1.90204294 -2.83578673
v 0.36414762 1.91290114 -2.86280702
v 0.35503526 1.90752408 -2.82928599
v 0.33471969 1.88070759 -2.81421275
v 0.33517543 1.87921985 -2.82295733
v 0.35246596 1.90204294 -2.83578673
v 0.33471969 1.88070759 -2.81421275
v 0.31557278 1.85007474 -2.82157035
v 0.31888004 1.85314889 -2.82921965
v 0.33517543 1.87921985 -2.82295733
v 0.31557278 1.85007474 -2.82157035
v 0.30490923 1.82732691 -2.84855001
v 0.30980422 1.83378826 -2.85218226
v 0.31888004 1.85314889 -2.82921965
v 0.30490923 1.82732691 -2.84855001
v 0.30680134 1.82115311 -2.88484602
v 0.31141482 1.82853372 -2.88307302
v 0.30980422 1.83378826 -2.85218226
v 0.30680134 1.82115311 -2.88484602
v 0.32052691 1.83391079 -2.91659363
v 0.32309569 1.83939110 -2.91009289
v 0.31141482 1.82853372 -2.88307302
v 0.32052691 1.83391079 -2.91659363
v 0.34084228 1.86072728 -2.93166729
v 0.34038654 1.86221501 -2.92292272
v 0.32309569 1.83939110 -2.91009289
v 0.34084228 1.86072728 -2.93166729
v 0.35998910 1.89135951 -2.92430927
v 0.35668175 1.88828536 -2.91665998
v 0.34038654 1.86221501 -2.92292272
v 0.35668175 1.88828536 -2.91665998
v 0.36575769 1.90764578 -2.89369778
v 0.36097201 1.91082773 -2.89448829
v 0.35189614 1.89146669 -2.91745028
v 0.36575769 1.90764578 -2.89369778
v 0.36414762 1.91290114 -2.86280702
v 0.35936186 1.91608227 -2.86359754
v 0.36097201 1.91082773 -2.89448829
v 0.36414762 1.91290114 -2.86280702
v 0.35246596 1.90204294 -2.83578673
v 0.34768015 1.90522448 -2.83657745
v 0.35936186 1.91608227 -2.86359754
v 0.35246596 1.90204294 -2.83578673
v 0.33517543 1.87921985 -2.82295733
v 0.33038949 1.88240098 -2.82374805
v 0.34768015 1.90522448 -2.83657745
v 0.33517543 1.87921985 -2.82295733
v 0.31888004 1.85314889 -2.82921965
v 0.31409391 1.85632980 -2.83001078
v 0.33038949 1.88240098 -2.82374805
v 0.31888004 1.85314889 -2.82921965
v 0.30980422 1.83378826 -2.85218226
v 0.30501815 1.83696897 -2.85297278
v 0.31409391 1.85632980 -2.83001078
v 0.30980422 1.83378826 -2.85218226
v 0.31141482 1.82853372 -2.88307302
v 0.30662859 1.83171485 -2.88386415
v 0.30501815 1.83696897 -2.85297278
v 0.31141482 1.82853372 -2.88307302
v 0.32309569 1.83939110 -2.91009289
v 0.31831019 1.84257285 -2.91088403
v 0.30662859 1.83171485 -2.88386415
v 0.32309569 1.83939110 -2.91009289
v 0.34038654 1.86221501 -2.92292272
v 0.33560057 1.86539572 -2.92371302
v 0.31831019 1.84257285 -2.91088403
v 0.34038654 1.86221501 -2.92292272
v 0.35668175 1.88828536 -2.91665998
v 0.35189614 1.89146669 -2.91745028
v 0.33560057 1.86539572 -2.92371302
v 1.22262036 1.89135930 -2.92430927
v 1.23974503 1.90274306 -2.92713775
v 1.25889129 1.87211083 -2.93449638
v 1.24176682 1.86072749 -2.93166729
v 1.24176682 1.86072749 -2.93166729
v 1.25889129 1.87211083 -2.93449638
v 1.27920704 1.84529393 -2.91942273
v 1.26208236 1.83391079 -2.91659363
v 1.26208236 1.83391079 -2.91659363
v 1.27920704 1.84529393 -2.91942273
v 1.29293259 1.83253667 -2.88767491
v 1.27580740 1.82115290 -2.88484602
v 1.27580740 1.82115290 -2.88484602
v 1.29293259 1.83253667 -2.88767491
v 1.29482449 1.83871046 -2.85137910
v 1.27769961 1.82732691 -2.84855021
v 1.27769961 1.82732691 -2.84855021
v 1.29482449 1.83871046 -2.85137910
v 1.28416075 1.86145871 -2.82439924
v 1.26703598 1.85007453 -2.82157035
v 1.26703598 1.85007453 -2.82157035
v 1.28416075 1.86145871 -2.82439924
v 1.26501439 1.89209031 -2.81704185
v 1.24788962 1.88070759 -2.81421234
v 1.24788962 1.88070759 -2.81421234
v 1.26501439 1.89209031 -2.81704185
v 1.24469875 1.91890743 -2.83211530
v 1.22757397 1.90752387 -2.82928641
v 1.22757397 1.90752387 -2.82928641
v 1.24469875 1.91890743 -2.83211530
v 1.23097351 1.93166469 -2.86386291
v 1.21384863 1.92028155 -2.86103402
v 1.21384863 1.92028155 -2.86103402
v 1.23097351 1.93166469 -2.86386291
v 1.22908160 1.92549048 -2.90015913
v 1.21195662 1.91410671 -2.89732962
v 1.21195662 1.91410671 -2.89732962
v 1.22908160 1.92549048 -2.90015913
v 1.23974503 1.90274306 -2.92713775
v 1.22262036 1.89135930 -2.92430927
v 1.22262036 1.89135930 -2.92430927
v 1.22592722 1.88828557 -2.91665998
v 1.21685125 1.90764619 -2.89369778
v 1.21195662 1.91410671 -2.89732962
v 1.21195662 1.91410671 -2.89732962
v 1.21685125 1.90764619 -2.89369778
v 1.21846140 1.91290114 -2.86280702
v 1.21384863 1.92028155 -2.86103402
v 1.21384863 1.92028155 -2.86103402
v 1.21846140 1.91290114 -2.86280702
v 1.23014257 1.90204294 -2.83578673
v 1.22757397 1.90752387 -2.82928641
v 1.22757397 1.90752387 -2.82928641
v 1.23014257 1.90204294 -2.83578673
v 1.24743372 1.87921985 -2.82295691
v 1.24788962 1.88070759 -2.81421234
v 1.24788962 1.88070759 -2.81421234
v 1.24743372 1.87921985 -2.82295691
v 1.26372932 1.85314868 -2.82921965
v 1.26703598 1.85007453 -2.82157035
v 1.26703598 1.85007453 -2.82157035
v 1.26372932 1.85314868 -2.82921965
v 1.27280498 1.83378805 -2.85218226
v 1.27769961 1.82732691 -2.84855021
v 1.27769961 1.82732691 -2.84855021
v 1.27280498 1.83378805 -2.85218226
v 1.27119441 1.82853351 -2.88307260
v 1.27580740 1.82115290 -2.88484602
v 1.27580740 1.82115290 -2.88484602
v 1.27119441 1.82853351 -2.88307260
v 1.25951325 1.83939151 -2.91009331
v 1.26208236 1.83391079 -2.91659363
v 1.26208236 1.83391079 -2.91659363
v 1.25951325 1.83939151 -2.91009331
v 1.24222282 1.86221501 -2.92292272
v 1.24176682 1.86072749 -2.93166729
v 1.24176682 1.86072749 -2.93166729
v 1.24222282 1.86221501 -2.92292272
v 1.22592722 1.88828557 -2.91665998
v 1.22262036 1.89135930 -2.92430927
v 1.22592722 1.88828557 -2.91665998
v 1.23071301 1.89146648 -2.91745028
v 1.22163735 1.91082773 -2.89448829
v 1.21685125 1.90764619 -2.89369778
v 1.21685125 1.90764619 -2.89369778
v 1.22163735 1.91082773 -2.89448829
v 1.22324719 1.91608227 -2.86359774
v 1.21846140 1.91290114 -2.86280702
v 1.21846140 1.91290114 -2.86280702
v 1.22324719 1.91608227 -2.86359774
v 1.23492877 1.90522427 -2.83657704
v 1.23014257 1.90204294 -2.83578673
v 1.23014257 1.90204294 -2.83578673
v 1.23492877 1.90522427 -2.83657704
v 1.25221940 1.88240077 -2.82374805
v 1.24743372 1.87921985 -2.82295691
v 1.24743372 1.87921985 -2.82295691
v 1.25221940 1.88240077 -2.82374805
v 1.26851552 1.85633001 -2.83001078
v 1.26372932 1.85314868 -2.82921965
v 1.26372932 1.85314868 -2.82921965
v 1.26851552 1.85633001 -2.83001078
v 1.27759066 1.83696918 -2.85297278
v 1.27280498 1.83378805 -2.85218226
v 1.27280498 1.83378805 -2.85218226
v 1.27759066 1.83696918 -2.85297278
v 1.27598092 1.83171464 -2.88386415
v 1.27119441 1.82853351 -2.88307260
v 1.27119441 1.82853351 -2.88307260
v 1.27598092 1.83171464 -2.88386415
v 1.26429903 1.84257305 -2.91088403
v 1.25951325 1.83939151 -2.91009331
v 1.25951325 1.83939151 -2.91009331
v 1.26429903 1.84257305 -2.91088403
v 1.24700861 1.86539614 -2.92371302
v 1.24222282 1.86221501 -2.92292272
v 1.24222282 1.86221501 -2.92292272
v 1.24700861 1.86539614 -2.92371302
v 1.23071301 1.89146648 -2.91745028
v 1.22592722 1.88828557 -2.91665998
v 0.25097060 1.91144389 -2.53628697
v 1.32695834 1.91144389 -2.53628697
v 1.32695834 2.19449734 -2.72758284
v 0.25097060 2.19449734 -2.72758284
v 0.25097060 2.19449734 -2.72758284
v 1.32695834 2.19449734 -2.72758284
v 1.32695834 2.20059816 -3.23888601
v 0.25097060 2.20059816 -3.23888601
v 0.36873388 1.85680747 -3.20999486
v 1.20919501 1.85680747 -3.20999486
v 1.20919501 2.00036428 -2.69375125
v 0.36873388 2.00036428 -2.69375125
v 1.32695834 1.91144389 -2.53628697
v 1.32695834 1.76270469 -3.23477381
v 1.32695834 2.20059816 -3.23888601
v 1.32695834 2.19449734 -2.72758284
v 0.25097060 1.76270469 -3.23477381
v 0.25097060 1.91144389 -2.53628697
v 0.25097060 2.19449734 -2.72758284
v 0.25097060 2.20059816 -3.23888601
v 0.25097060 1.76270469 -3.23477381
v 1.32695834 1.76270469 -3.23477381
v 1.29268992 1.75281219 -3.18180487
v 0.29038233 1.75281219 -3.18180487
v 1.32695834 1.76270469 -3.23477381
v 1.32695834 1.91144389 -2.53628697
v 1.30904502 1.89176192 -2.56460239
v 1.29268992 1.75281219 -3.18180487
v 1.32695834 1.91144389 -2.53628697
v 0.25097060 1.91144389 -2.53628697
v 0.26888392 1.89176192 -2.56460239
v 1.30904502 1.89176192 -2.56460239
v 0.25097060 1.91144389 -2.53628697
v 0.25097060 1.76270469 -3.23477381
v 0.29038233 1.75281219 -3.18180487
v 0.26888392 1.89176192 -2.56460239
v 0.36873388 2.00036428 -2.69375125
v 1.20919501 2.00036428 -2.69375125
v 1.20919501 2.00036428 -2.69375125
v 1.20919501 1.85680747 -3.20999486
v 1.20919501 1.85680747 -3.20999486
v 0.36873388 1.85680747 -3.20999486
v 0.36873388 1.85680747 -3.20999486
v 0.36873388 2.00036428 -2.69375125
v 0.35189614 1.89146669 -2.91745028
v 0.36097201 1.91082773 -2.89448829
v 0.35936186 1.91608227 -2.86359754
v 0.34768015 1.90522448 -2.83657745
v 0.33038949 1.88240098 -2.82374805
v 0.31409391 1.85632980 -2.83001078
v 0.30501815 1.83696897 -2.85297278
v 0.30662859 1.83171485 -2.88386415
v 0.31831019 1.84257285 -2.91088403
v 0.33560057 1.86539572 -2.92371302
v 1.23071301 1.89146648 -2.91745028
v 1.24700861 1.86539614 -2.92371302
v 1.26429903 1.84257305 -2.91088403
v 1.27598092 1.83171464 -2.88386415
v 1.27759066 1.83696918 -2.85297278
v 1.26851552 1.85633001 -2.83001078
v 1.25221940 1.88240077 -2.82374805
v 1.23492877 1.90522427 -2.83657704
v 1.22324719 1.91608227 -2.86359774
v 1.22163735 1.91082773 -2.89448829
v -2.67922347 1.37419331 -2.35287756
v -2.68366324 1.37868398 -2.35355073
v -2.68938528 1.37868398 -2.31621272
v -2.68488539 1.37413288 -2.31553064
v -2.68488539 1.37413288 -2.31553064
v -2.68938528 1.37868398 -2.31621272
v -2.70076137 1.37158947 -2.31793721
v -2.69618498 1.36705703 -2.31724352
v -2.76324757 1.37868398 -2.36561595
v -2.76768734 1.37419331 -2.36628912
v -2.77334926 1.37413288 -2.32894178
v -2.76884958 1.37868398 -2.32825970
v -2.76884958 1.37868398 -2.32825970
v -2.77334926 1.37413288 -2.32894178
v -2.76204926 1.36703837 -2.32722890
v -2.75754957 1.37158947 -2.32654661
v -2.68366324 1.32314406 -2.35355073
v -2.67922347 1.32763462 -2.35287756
v -2.68488539 1.32769547 -2.31553064
v -2.68938528 1.32314406 -2.31621272
v -2.68938528 1.32314406 -2.31621272
v -2.68488539 1.32769547 -2.31553064
v -2.69618498 1.33477121 -2.31724352
v -2.70076137 1.33023857 -2.31793721
v -2.76768734 1.32763462 -2.36628912
v -2.76324757 1.32314406 -2.36561595
v -2.76884958 1.32314406 -2.32825970
v -2.77334926 1.32769547 -2.32894178
v -2.77334926 1.32769547 -2.32894178
v -2.76884958 1.32314406 -2.32825970
v -2.75754957 1.33023857 -2.32654661
v -2.76204926 1.33478946 -2.32722890
v -2.69618498 1.36705703 -2.31724352
v -2.70076137 1.37158947 -2.31793721
v -2.70634306 1.37158947 -2.30272320
v -2.70195803 1.36709912 -2.30163477
v -2.75754957 1.37158947 -2.32654661
v -2.76204926 1.36703837 -2.32722890
v -2.76454021 1.36709912 -2.31079958
v -2.75999201 1.37158947 -2.31084022
v -2.76204926 1.33478946 -2.32722890
v -2.75754957 1.33023857 -2.32654661
v -2.75999201 1.33023857 -2.31084022
v -2.76454021 1.33472892 -2.31079958
v -2.70076137 1.33023857 -2.31793721
v -2.69618498 1.33477121 -2.31724352
v -2.70195803 1.33472892 -2.30163477
v -2.70634306 1.33023857 -2.30272320
v -2.70932703 1.37158947 -2.28253184
v -2.70436460 1.36701629 -2.28355414
v -2.75802807 1.36710710 -2.27249795
v -2.75353626 1.37162192 -2.27406363
v -2.75327068 1.33023857 -2.27347816
v -2.75802807 1.33476728 -2.27249795
v -2.70436460 1.33489944 -2.28355414
v -2.70919932 1.33023857 -2.28255797
v -2.69522758 1.36889669 -2.26331821
v -2.69203795 1.36432641 -2.26687604
v -2.75353626 1.37162192 -2.27406363
v -2.75802807 1.36710710 -2.27249795
v -2.72195596 1.36516212 -2.24468839
v -2.71875576 1.36972587 -2.24811623
v -2.75802807 1.33476728 -2.27249795
v -2.75327068 1.33023857 -2.27347816
v -2.71885776 1.33503482 -2.24800821
v -2.72195596 1.33972286 -2.24468839
v -2.69203795 1.33896510 -2.26687604
v -2.69529806 1.33454679 -2.26318179
v -2.69203795 1.36432641 -2.26687604
v -2.69522758 1.36889669 -2.26331821
v -2.66406896 1.36659046 -2.25727108
v -2.66340678 1.36202298 -2.26164036
v -2.66722438 1.36268371 -2.23755138
v -2.66637685 1.36710088 -2.24204816
v -2.66639924 1.33749541 -2.24190034
v -2.66721049 1.34206102 -2.23754951
v -2.69529806 1.33454679 -2.26318179
v -2.69203795 1.33896510 -2.26687604
v -2.66340678 1.34140350 -2.26164036
v -2.66409156 1.33698488 -2.25712347
v -2.50903759 1.36169168 -2.24031330
v -2.50837375 1.35713073 -2.24468922
v -2.51102911 1.35753459 -2.22717561
v -2.51034516 1.36195487 -2.23168794
v -2.51036547 1.34239408 -2.23155380
v -2.51102911 1.34694953 -2.22717561
v -2.50837375 1.34655645 -2.24468922
v -2.50905790 1.34213089 -2.24017896
v -2.68938528 1.37868398 -2.31621272
v -2.68366324 1.37868398 -2.35355073
v -2.76324757 1.37868398 -2.36561595
v -2.76884958 1.37868398 -2.32825970
v -2.68938528 1.32314406 -2.31621272
v -2.76884958 1.32314406 -2.32825970
v -2.76324757 1.32314406 -2.36561595
v -2.68366324 1.32314406 -2.35355073
v -2.76768734 1.32763462 -2.36628912
v -2.77334926 1.32769547 -2.32894178
v -2.77334926 1.37413288 -2.32894178
v -2.76768734 1.37419331 -2.36628912
v -2.68488539 1.32769547 -2.31553064
v -2.67922347 1.32763462 -2.35287756
v -2.67922347 1.37419331 -2.35287756
v -2.68488539 1.37413288 -2.31553064
v -2.68938528 1.37868398 -2.31621272
v -2.70076137 1.37158947 -2.31793721
v -2.70076137 1.37158947 -2.31793721
v -2.75754957 1.37158947 -2.32654661
v -2.75999201 1.37158947 -2.31084022
v -2.70634306 1.37158947 -2.30272320
v -2.76204926 1.36703837 -2.32722890
v -2.76204926 1.33478946 -2.32722890
v -2.76454021 1.33472892 -2.31079958
v -2.76454021 1.36709912 -2.31079958
v -2.75754957 1.33023857 -2.32654661
v -2.70076137 1.33023857 -2.31793721
v -2.70634306 1.33023857 -2.30272320
v -2.75999201 1.33023857 -2.31084022
v -2.69618498 1.33477121 -2.31724352
v -2.69618498 1.36705703 -2.31724352
v -2.70195803 1.36709912 -2.30163477
v -2.70195803 1.33472892 -2.30163477
v -2.75353626 1.37162192 -2.27406363
v -2.70932703 1.37158947 -2.28253184
v -2.75802807 1.33476728 -2.27249795
v -2.75802807 1.36710710 -2.27249795
v -2.70919932 1.33023857 -2.28255797
v -2.75327068 1.33023857 -2.27347816
v -2.70436460 1.36701629 -2.28355414
v -2.70436460 1.33489944 -2.28355414
v -2.71875576 1.36972587 -2.24811623
v -2.69522758 1.36889669 -2.26331821
v -2.75802807 1.36710710 -2.27249795
v -2.75802807 1.33476728 -2.27249795
v -2.72195596 1.33972286 -2.24468839
v -2.72195596 1.36516212 -2.24468839
v -2.69529806 1.33454679 -2.26318179
v -2.71885776 1.33503482 -2.24800821
v -2.70436460 1.33489944 -2.28355414
v -2.70436460 1.36701629 -2.28355414
v -2.69203795 1.36432641 -2.26687604
v -2.69203795 1.33896510 -2.26687604
v -2.66637685 1.36710088 -2.24204816
v -2.66406896 1.36659046 -2.25727108
v -2.72195596 1.36516212 -2.24468839
v -2.72195596 1.33972286 -2.24468839
v -2.66721049 1.34206102 -2.23754951
v -2.66722438 1.36268371 -2.23755138
v -2.66409156 1.33698488 -2.25712347
v -2.66639924 1.33749541 -2.24190034
v -2.69203795 1.33896510 -2.26687604
v -2.69203795 1.36432641 -2.26687604
v -2.66340678 1.36202298 -2.26164036
v -2.66340678 1.34140350 -2.26164036
v -2.51034516 1.36195487 -2.23168794
v -2.50903759 1.36169168 -2.24031330
v -2.51102911 1.34694953 -2.22717561
v -2.51102911 1.35753459 -2.22717561
v -2.50905790 1.34213089 -2.24017896
v -2.51036547 1.34239408 -2.23155380
v -2.50837375 1.35713073 -2.24468922
v -2.50837375 1.34655645 -2.24468922
v -1.90306088 1.86716106 -2.35602344
v -1.90306088 1.86716106 -2.41483757
v -2.09488688 1.86716106 -2.41483757
v -2.09488688 1.86716106 -2.31939385
v -2.81421649 1.26180217 -2.41483757
v -2.81421649 1.26180217 -2.36517975
v -2.81421649 1.81921031 -2.36517975
v -2.81421649 1.81921031 -2.41483757
v -1.85511035 1.26180217 -2.36517975
v -1.85511035 1.26180217 -2.41483757
v -1.85511035 1.81921031 -2.41483757
v -1.85511035 1.81921031 -2.36517975
v -2.57443995 1.86716106 -2.31939385
v -2.57443995 1.86716106 -2.41483757
v -2.76626595 1.86716106 -2.41483757
v -2.76626595 1.86716106 -2.35602344
v -2.33466342 1.86716106 -2.30949823
v -2.57443995 1.86716106 -2.31939385
v -2.57443995 1.26180217 -2.31939385
v -2.33466342 1.26180217 -2.30949823
v -2.33466342 1.86716106 -2.30949823
v -2.33466342 1.86716106 -2.41483757
v -2.09488688 1.86716106 -2.31939385
v -2.09488688 1.26180217 -2.31939385
v -1.85511035 1.26180217 -2.36517975
v -2.09488688 1.26180217 -2.31939385
v -2.09488688 1.26180217 -2.41483757
v -1.85511035 1.26180217 -2.41483757
v -2.33466342 1.26180217 -2.30949823
v -2.33466342 1.26180217 -2.41483757
v -2.57443995 1.26180217 -2.31939385
v -2.57443995 1.26180217 -2.41483757
v -2.81421649 1.26180217 -2.36517975
v -2.81421649 1.26180217 -2.41483757
v -1.86915465 1.85311675 -2.41483757
v -1.86915465 1.85311675 -2.36249785
v -1.86915465 1.85311675 -2.41483757
v -1.86915465 1.85311675 -2.36249785
v -2.80017218 1.85311675 -2.41483757
v -2.80017218 1.85311675 -2.36249785
v -2.80017218 1.85311675 -2.41483757
v -2.80017218 1.85311675 -2.36249785
v -1.90306088 0.00094997 -2.41483757
v -1.90306088 0.00094997 -2.35602344
v -2.09488688 0.00094997 -2.31939385
v -2.09488688 0.00094997 -2.41483757
v -2.57443995 0.00094997 -2.41483757
v -2.57443995 0.00094997 -2.31939385
v -2.76626595 0.00094997 -2.35602344
v -2.76626595 0.00094997 -2.41483757
v -2.33466342 0.00094997 -2.41483757
v -2.33466342 0.00094997 -2.30949823
v -1.85511035 1.24537606 -2.41483757
v -1.85511035 1.24537606 -2.36517975
v -1.85511035 0.04890046 -2.36517975
v -1.85511035 0.04890046 -2.41483757
v -2.81421649 0.04890046 -2.41483757
v -2.81421649 0.04890046 -2.36517975
v -2.81421649 1.24537606 -2.36517975
v -2.81421649 1.24537606 -2.41483757
v -2.33466342 0.00094997 -2.30949823
v -2.33466342 1.24537606 -2.30949823
v -2.57443995 1.24537606 -2.31939385
v -2.57443995 0.00094997 -2.31939385
v -2.09488688 0.00094997 -2.31939385
v -2.09488688 1.24537606 -2.31939385
v -2.81421649 1.24537606 -2.36517975
v -2.57443995 1.24537606 -2.31939385
v -2.57443995 1.24537606 -2.41483757
v -2.81421649 1.24537606 -2.41483757
v -2.33466342 1.24537606 -2.30949823
v -2.33466342 1.24537606 -2.41483757
v -2.09488688 1.24537606 -2.31939385
v -2.09488688 1.24537606 -2.41483757
v -1.85511035 1.24537606 -2.36517975
v -1.85511035 1.24537606 -2.41483757
v -1.86915465 0.01499438 -2.41483757
v -1.86915465 0.01499438 -2.36249785
v -1.86915465 0.01499438 -2.41483757
v -1.86915465 0.01499438 -2.36249785
v -2.80017218 0.01499438 -2.41483757
v -2.80017218 0.01499438 -2.36249785
v -2.80017218 0.01499438 -2.41483757
v -2.80017218 0.01499438 -2.36249785
v -1.90306088 1.85103173 -2.42942216
v -1.90306088 1.85103173 -3.18864230
v -2.76626574 1.85103173 -3.18864230
v -2.76626574 1.85103173 -2.42942216
v -2.81421649 0.02378951 -3.18864230
v -2.81421649 0.02378951 -2.42942216
v -2.81421649 1.80308078 -2.42942216
v -2.81421649 1.80308078 -3.18864230
v -1.85511035 0.02378951 -2.42942216
v -1.85511035 0.02378951 -3.18864230
v -1.85511035 1.80308078 -3.18864230
v -1.85511035 1.80308078 -2.42942216
v -1.86915444 1.83698722 -3.18864230
v -1.86915444 1.83698722 -2.42942216
v -1.86915444 1.83698722 -3.18864230
v -1.86915444 1.83698722 -2.42942216
v -2.80017218 1.83698722 -3.18864230
v -2.80017218 1.83698722 -2.42942216
v -2.80017218 1.83698722 -3.18864230
v -2.80017218 1.83698722 -2.42942216
v -2.67922347 1.18564858 -2.35287756
v -2.68366324 1.19013924 -2.35355073
v -2.68938528 1.19013924 -2.31621272
v -2.68488539 1.18558814 -2.31553064
v -2.68488539 1.18558814 -2.31553064
v -2.68938528 1.19013924 -2.31621272
v -2.70076137 1.18304474 -2.31793721
v -2.69618498 1.17851230 -2.31724352
v -2.76324757 1.19013924 -2.36561595
v -2.76768734 1.18564858 -2.36628912
v -2.77334926 1.18558814 -2.32894178
v -2.76884958 1.19013924 -2.32825970
v -2.76884958 1.19013924 -2.32825970
v -2.77334926 1.18558814 -2.32894178
v -2.76204926 1.17849364 -2.32722890
v -2.75754957 1.18304474 -2.32654661
v -2.68366324 1.13459932 -2.35355073
v -2.67922347 1.13908989 -2.35287756
v -2.68488539 1.13915073 -2.31553064
v -2.68938528 1.13459932 -2.31621272
v -2.68938528 1.13459932 -2.31621272
v -2.68488539 1.13915073 -2.31553064
v -2.69618498 1.14622648 -2.31724352
v -2.70076137 1.14169383 -2.31793721
v -2.76768734 1.13908989 -2.36628912
v -2.76324757 1.13459932 -2.36561595
v -2.76884958 1.13459932 -2.32825970
v -2.77334926 1.13915073 -2.32894178
v -2.77334926 1.13915073 -2.32894178
v -2.76884958 1.13459932 -2.32825970
v -2.75754957 1.14169383 -2.32654661
v -2.76204926 1.14624472 -2.32722890
v -2.69618498 1.17851230 -2.31724352
v -2.70076137 1.18304474 -2.31793721
v -2.70634306 1.18304474 -2.30272320
v -2.70195803 1.17855438 -2.30163477
v -2.75754957 1.18304474 -2.32654661
v -2.76204926 1.17849364 -2.32722890
v -2.76454021 1.17855438 -2.31079958
v -2.75999201 1.18304474 -2.31084022
v -2.76204926 1.14624472 -2.32722890
v -2.75754957 1.14169383 -2.32654661
v -2.75999201 1.14169383 -2.31084022
v -2.76454021 1.14618419 -2.31079958
v -2.70076137 1.14169383 -2.31793721
v -2.69618498 1.14622648 -2.31724352
v -2.70195803 1.14618419 -2.30163477
v -2.70634306 1.14169383 -2.30272320
v -2.70932703 1.18304474 -2.28253184
v -2.70436460 1.17847156 -2.28355414
v -2.75802807 1.17856236 -2.27249795
v -2.75353626 1.18307718 -2.27406363
v -2.75327068 1.14169383 -2.27347816
v -2.75802807 1.14622254 -2.27249795
v -2.70436460 1.14635471 -2.28355414
v -2.70919932 1.14169383 -2.28255797
v -2.69522758 1.18035195 -2.26331821
v -2.69203795 1.17578168 -2.26687604
v -2.75353626 1.18307718 -2.27406363
v -2.75802807 1.17856236 -2.27249795
v -2.72195596 1.17661739 -2.24468839
v -2.71875576 1.18118113 -2.24811623
v -2.75802807 1.14622254 -2.27249795
v -2.75327068 1.14169383 -2.27347816
v -2.71885776 1.14649009 -2.24800821
v -2.72195596 1.15117812 -2.24468839
v -2.69203795 1.15042037 -2.26687604
v -2.69529806 1.14600206 -2.26318179
v -2.69203795 1.17578168 -2.26687604
v -2.69522758 1.18035195 -2.26331821
v -2.66406896 1.17804572 -2.25727108
v -2.66340678 1.17347824 -2.26164036
v -2.66722438 1.17413897 -2.23755138
v -2.66637685 1.17855614 -2.24204816
v -2.66639924 1.14895067 -2.24190034
v -2.66721049 1.15351628 -2.23754951
v -2.69529806 1.14600206 -2.26318179
v -2.69203795 1.15042037 -2.26687604
v -2.66340678 1.15285877 -2.26164036
v -2.66409156 1.14844014 -2.25712347
v -2.50903759 1.17314694 -2.24031330
v -2.50837375 1.16858600 -2.24468922
v -2.51102911 1.16898986 -2.22717561
v -2.51034516 1.17341014 -2.23168794
v -2.51036547 1.15384934 -2.23155380
v -2.51102911 1.15840480 -2.22717561
v -2.50837375 1.15801172 -2.24468922
v -2.50905790 1.15358615 -2.24017896
v -2.68938528 1.19013924 -2.31621272
v -2.68366324 1.19013924 -2.35355073
v -2.76324757 1.19013924 -2.36561595
v -2.76884958 1.19013924 -2.32825970
v -2.68938528 1.13459932 -2.31621272
v -2.76884958 1.13459932 -2.32825970
v -2.76324757 1.13459932 -2.36561595
v -2.68366324 1.13459932 -2.35355073
v -2.76768734 1.13908989 -2.36628912
v -2.77334926 1.13915073 -2.32894178
v -2.77334926 1.18558814 -2.32894178
v -2.76768734 1.18564858 -2.36628912
v -2.68488539 1.13915073 -2.31553064
v -2.67922347 1.13908989 -2.35287756
v -2.67922347 1.18564858 -2.35287756
v -2.68488539 1.18558814 -2.31553064
v -2.68938528 1.19013924 -2.31621272
v -2.70076137 1.18304474 -2.31793721
v -2.70076137 1.18304474 -2.31793721
v -2.75754957 1.18304474 -2.32654661
v -2.75999201 1.18304474 -2.31084022
v -2.70634306 1.18304474 -2.30272320
v -2.76204926 1.17849364 -2.32722890
v -2.76204926 1.14624472 -2.32722890
v -2.76454021 1.14618419 -2.31079958
v -2.76454021 1.17855438 -2.31079958
v -2.75754957 1.14169383 -2.32654661
v -2.70076137 1.14169383 -2.31793721
v -2.70634306 1.14169383 -2.30272320
v -2.75999201 1.14169383 -2.31084022
v -2.69618498 1.14622648 -2.31724352
v -2.69618498 1.17851230 -2.31724352
v -2.70195803 1.17855438 -2.30163477
v -2.70195803 1.14618419 -2.30163477
v -2.75353626 1.18307718 -2.27406363
v -2.70932703 1.18304474 -2.28253184
v -2.75802807 1.14622254 -2.27249795
v -2.75802807 1.17856236 -2.27249795
v -2.70919932 1.14169383 -2.28255797
v -2.75327068 1.14169383 -2.27347816
v -2.70436460 1.17847156 -2.28355414
v -2.70436460 1.14635471 -2.28355414
v -2.71875576 1.18118113 -2.24811623
v -2.69522758 1.18035195 -2.26331821
v -2.75802807 1.17856236 -2.27249795
v -2.75802807 1.14622254 -2.27249795
v -2.72195596 1.15117812 -2.24468839
v -2.72195596 1.17661739 -2.24468839
v -2.69529806 1.14600206 -2.26318179
v -2.71885776 1.14649009 -2.24800821
v -2.70436460 1.14635471 -2.28355414
v -2.70436460 1.17847156 -2.28355414
v -2.69203795 1.17578168 -2.26687604
v -2.69203795 1.15042037 -2.26687604
v -2.66637685 1.17855614 -2.24204816
v -2.66406896 1.17804572 -2.25727108
v -2.72195596 1.17661739 -2.24468839
v -2.72195596 1.15117812 -2.24468839
v -2.66721049 1.15351628 -2.23754951
v -2.66722438 1.17413897 -2.23755138
v -2.66409156 1.14844014 -2.25712347
v -2.66639924 1.14895067 -2.24190034
v -2.69203795 1.15042037 -2.26687604
v -2.69203795 1.17578168 -2.26687604
v -2.66340678 1.17347824 -2.26164036
v -2.66340678 1.15285877 -2.26164036
v -2.51034516 1.17341014 -2.23168794
v -2.50903759 1.17314694 -2.24031330
v -2.51102911 1.15840480 -2.22717561
v -2.51102911 1.16898986 -2.22717561
v -2.50905790 1.15358615 -2.24017896
v -2.51036547 1.15384934 -2.23155380
v -2.50837375 1.16858600 -2.24468922
v -2.50837375 1.15801172 -2.24468922
v -2.50837375 1.35713073 -2.24468922
v -2.50903759 1.36169168 -2.24031330
v -2.51034516 1.36195487 -2.23168794
v -2.51102911 1.35753459 -2.22717561
v -2.51102911 1.34694953 -2.22717561
v -2.51036547 1.34239408 -2.23155380
v -2.50905790 1.34213089 -2.24017896
v -2.50837375 1.34655645 -2.24468922
v -1.85511035 1.26180217 -2.36517975
v -1.85511035 1.81921031 -2.36517975
v -1.86915465 1.85311675 -2.36249785
v -1.90306088 1.86716106 -2.35602344
v -2.81421649 1.26180217 -2.36517975
v -2.76626595 1.86716106 -2.35602344
v -2.80017218 1.85311675 -2.36249785
v -2.81421649 1.81921031 -2.36517975
v -1.85511035 0.04890046 -2.36517975
v -1.85511035 1.24537606 -2.36517975
v -1.90306088 0.00094997 -2.35602344
v -1.86915465 0.01499438 -2.36249785
v -2.81421649 1.24537606 -2.36517975
v -2.81421649 0.04890046 -2.36517975
v -2.80017218 0.01499438 -2.36249785
v -2.76626595 0.00094997 -2.35602344
v -2.50837375 1.16858600 -2.24468922
v -2.50903759 1.17314694 -2.24031330
v -2.51034516 1.17341014 -2.23168794
v -2.51102911 1.16898986 -2.22717561
v -2.51102911 1.15840480 -2.22717561
v -2.51036547 1.15384934 -2.23155380
v -2.50905790 1.15358615 -2.24017896
v -2.50837375 1.15801172 -2.24468922
v -1.82460873 2.86246992 -3.24187205
v -1.82460873 2.86246992 -2.72850044
v -1.82460873 2.26394826 -2.72850044
v -1.82460873 2.26394826 -3.24187205
v -1.82460873 2.26394826 -3.24187205
v -1.82460873 2.26394826 -2.72850044
v -2.32231271 2.26394826 -2.72850044
v -2.32231271 2.26394826 -3.24187205
v -2.32231271 2.26394826 -2.72850044
v -1.82460873 2.26394826 -2.72850044
v -1.82460873 2.86246992 -2.72850044
v -2.32231271 2.86246992 -2.72850044
v -2.82447989 2.26394826 -2.72850044
v -2.33460516 2.26394826 -2.72850044
v -2.33460516 2.86246992 -2.72850044
v -2.82447989 2.86246992 -2.72850044
v -2.33460516 2.26394826 -3.24187205
v -2.33460516 2.26394826 -2.72850044
v -2.82447989 2.26394826 -2.72850044
v -2.82447989 2.26394826 -3.24187205
v -0.25984501 1.63790438 -3.24669122
v -0.25984501 1.63790438 -2.72480641
v -0.25984501 2.87169299 -2.72480641
v -0.25984501 2.87169299 -3.24669122
v 0.24229864 2.87169299 -3.24669122
v 0.24229864 2.87169299 -2.72480641
v 0.24229864 1.63790438 -2.72480641
v 0.24229864 1.63790438 -3.24669122
v 0.24229864 1.63790438 -3.24669122
v 0.24229864 1.63790438 -2.72480641
v -0.25984501 1.63790438 -2.72480641
v -0.25984501 1.63790438 -3.24669122
v -0.25984501 1.63790438 -2.72480641
v 0.24229864 1.63790438 -2.72480641
v 0.24229864 2.87169299 -2.72480641
v -0.25984501 2.87169299 -2.72480641
v -0.77229585 1.63619357 -3.24669122
v -0.77229585 1.63619699 -2.72480641
v -0.77229585 2.87169299 -2.72480641
v -0.77229585 2.87169299 -3.24669122
v -0.27015220 2.87169299 -3.24669122
v -0.27015220 2.87169299 -2.72480641
v -0.27015220 1.63619699 -2.72480641
v -0.27015220 1.63619357 -3.24669122
v -0.27015220 1.63619357 -3.24669122
v -0.27015220 1.63619699 -2.72480641
v -0.77229585 1.63619699 -2.72480641
v -0.77229585 1.63619357 -3.24669122
v -0.77229585 1.63619699 -2.72480641
v -0.27015220 1.63619699 -2.72480641
v -0.27015220 2.87169299 -2.72480641
v -0.77229585 2.87169299 -2.72480641
v -1.29107355 1.63790438 -3.24669122
v -1.29107355 1.63790438 -2.72480641
v -1.29107355 2.87169299 -2.72480641
v -1.29107355 2.87169299 -3.24669122
v -0.78892985 2.87169299 -3.24669122
v -0.78892985 2.87169299 -2.72480641
v -0.78892985 1.63790438 -2.72480641
v -0.78892985 1.63790438 -3.24669122
v -0.78892985 1.63790438 -3.24669122
v -0.78892985 1.63790438 -2.72480641
v -1.29107355 1.63790438 -2.72480641
v -1.29107355 1.63790438 -3.24669122
v -1.29107355 1.63790438 -2.72480641
v -0.78892985 1.63790438 -2.72480641
v -0.78892985 2.87169299 -2.72480641
v -1.29107355 2.87169299 -2.72480641
v -1.80758233 1.63790438 -3.24669122
v -1.80758233 1.63790438 -2.72480641
v -1.80758233 2.87169299 -2.72480641
v -1.80758233 2.87169299 -3.24669122
v -1.30543858 2.87169299 -3.24669122
v -1.30543858 2.87169299 -2.72480641
v -1.30543858 1.63790438 -2.72480641
v -1.30543858 1.63790438 -3.24669122
v -1.30543858 1.63790438 -3.24669122
v -1.30543858 1.63790438 -2.72480641
v -1.80758233 1.63790438 -2.72480641
v -1.80758233 1.63790438 -3.24669122
v -1.80758233 1.63790438 -2.72480641
v -1.30543858 1.63790438 -2.72480641
v -1.30543858 2.87169299 -2.72480641
v -1.80758233 2.87169299 -2.72480641
v 0.24995115 2.19779912 -3.25876059
v 0.24995115 2.19779912 -2.72480641
v 0.24995115 2.86658150 -2.72480641
v 0.24995115 2.86658150 -3.25876059
v 1.33339658 2.86658150 -3.25876059
v 1.33339658 2.86658150 -2.72480641
v 1.33339658 2.19779912 -2.72480641
v 1.33339658 2.19779912 -3.25876059
v 1.33339658 2.19779912 -3.25876059
v 1.33339658 2.19779912 -2.72480641
v 0.24995115 2.19779912 -2.72480641
v 0.24995115 2.19779912 -3.25876059
v 0.24995115 2.19779912 -2.72480641
v 1.33339658 2.19779912 -2.72480641
v 1.33339658 2.86658150 -2.72480641
v 0.24995115 2.86658150 -2.72480641
v -1.83416538 0.84210305 -3.23568229
v -1.83416538 0.84210305 -2.52637933
v -1.26025121 0.84210305 -2.52637933
v -1.26025121 0.84210305 -3.23568229
v -1.83416538 0.68888117 -2.42157673
v -1.26025121 0.68888117 -2.42157673
v -1.26025121 0.84210305 -2.42157673
v -1.83416538 0.84210305 -2.42157673
v -1.83416538 -0.01257744 -2.52637933
v -1.26025121 -0.01257744 -2.52637933
v -1.26025121 0.09296314 -2.52637933
v -1.83416538 0.09296314 -2.52637933
v -1.83416538 0.09296314 -2.52637933
v -1.26025121 0.09296314 -2.52637933
v -1.26025121 0.09296314 -2.42157673
v -1.83416538 0.09296314 -2.42157673
v -1.83416538 0.84210305 -2.42157673
v -1.26025121 0.84210305 -2.42157673
v -1.24773195 -0.01257744 -2.52637933
v -1.24773195 0.09296314 -2.52637933
v -1.24773195 0.09296314 -2.52637933
v -1.24773195 0.09296314 -2.42157673
v -1.24773195 0.68888117 -2.42157673
v -1.24773195 0.84210305 -2.42157673
v -1.24773195 0.73335276 -2.52637933
v -1.26025121 0.84210305 -2.52637933
v -1.26025121 0.84210305 -2.42157673
v -1.24773195 0.84210305 -2.42157673
v -1.26025121 0.84210305 -3.23568229
v -1.24773195 0.73335276 -3.23568229
v -0.49036831 -0.01257744 -2.52637933
v -0.49036831 0.09296314 -2.52637933
v -0.49036831 0.09296314 -2.52637933
v -0.49036831 0.09296314 -2.42157673
v -0.49036831 0.68888117 -2.42157673
v -0.49036831 0.84210305 -2.42157673
v -0.49036831 0.73335276 -2.52637933
v -0.49036831 0.84210305 -2.42157673
v -0.49036831 0.73335276 -3.23568229
v -0.47987768 0.84210305 -2.52637933
v -0.47987768 0.84210305 -3.23568229
v -0.47987768 -0.01257744 -2.52637933
v -0.47987768 0.09296314 -2.52637933
v -0.47987768 0.84210305 -2.42157673
v -0.47987768 0.68888117 -2.42157673
v -0.47987768 0.84210305 -2.42157673
v -0.47987768 0.09296314 -2.52637933
v -0.47987768 0.09296314 -2.42157673
v 0.34535938 0.84210305 -2.52637933
v 0.34535938 0.84210305 -2.42157673
v 0.35692838 0.84210305 -2.42157673
v 0.35692838 0.84210305 -2.52637933
v 0.34535938 0.84210305 -3.23568229
v 0.35692838 0.84210305 -3.23568229
v 0.34535938 0.09296314 -2.52637933
v 0.34535938 -0.01257744 -2.52637933
v 0.35692838 -0.01257744 -2.52637933
v 0.35692838 0.09296314 -2.52637933
v 0.34535938 0.09296314 -2.42157673
v 0.34535938 0.09296314 -2.52637933
v 0.35692838 0.09296314 -2.52637933
v 0.35692838 0.09296314 -2.42157673
v 0.34535938 0.84210305 -2.42157673
v 0.34535938 0.68888117 -2.42157673
v 0.35692838 0.68888117 -2.42157673
v 0.35692838 0.84210305 -2.42157673
v -1.83416538 0.67728677 -2.42157673
v -1.26025121 0.67728677 -2.42157673
v -1.24773195 0.67728677 -2.42157673
v -0.49036831 0.67728677 -2.42157694
v -0.47987768 0.67728677 -2.42157694
v 0.34535938 0.67728677 -2.42157673
v 0.35692838 0.67728677 -2.42157673
v -1.83416538 0.09296314 -2.42157673
v -1.26025121 0.09296314 -2.42157673
v -1.24773195 0.09296314 -2.42157673
v -0.49036831 0.09296314 -2.42157673
v -0.47987768 0.09296314 -2.42157673
v 0.34535938 0.09296314 -2.42157673
v 0.35692838 0.09296314 -2.42157673
v -0.47987768 0.84210305 -2.52637933
v -0.47987768 0.84210305 -2.42157673
v -0.47987768 0.84210305 -3.23568229
v 1.30280250 -0.01257744 -2.52637933
v 1.30280250 0.09296314 -2.52637933
v 1.30280250 0.09296314 -2.52637933
v 1.30280250 0.09296314 -2.42157673
v 1.30280229 0.67728677 -2.42157694
v 1.30280250 0.09296314 -2.42157673
v 1.30280250 0.68888117 -2.42157673
v 1.30280250 0.84210305 -2.42157673
v 1.30280250 0.84210305 -2.42157673
v 1.30280250 0.84210305 -2.52637933
v 1.30280250 0.84210305 -3.23568229
v 1.30612273 0.84210305 -2.52637933
v 1.30612273 0.84210305 -2.42157673
v 1.31456400 0.84210305 -2.42157673
v 1.31456400 0.84210305 -2.52637933
v 1.30612273 0.84210305 -3.23568229
v 1.31456400 0.84210305 -3.23568229
v 1.30612273 0.09296314 -2.52637933
v 1.30612273 -0.01257744 -2.52637933
v 1.31456400 -0.01257744 -2.52637933
v 1.31456400 0.09296314 -2.52637933
v 1.30612273 0.09296314 -2.42157673
v 1.30612273 0.09296314 -2.52637933
v 1.31456400 0.09296314 -2.52637933
v 1.31456400 0.09296314 -2.42157673
v 1.31456400 0.09296314 -2.42157673
v 1.31456400 0.84210305 -2.42157673
v 1.30612273 0.84210305 -2.42157673
v 1.30612273 0.09296314 -2.42157673
v 2.00471904 -0.01257744 -2.52637933
v 2.00471904 0.09296314 -2.52637933
v 2.00471904 0.09296314 -2.52637933
v 2.00471904 0.09296314 -2.42157673
v 2.00471904 0.09296314 -2.42157673
v 2.00471904 0.84210305 -2.42157673
v 2.00471904 0.84210305 -2.42157673
v 2.00471904 0.84210305 -2.52637933
v 2.00471904 0.84210305 -3.23568229
v 2.70579615 0.84210305 -2.52637933
v 2.70579615 0.84210305 -2.42157673
v 2.70579615 0.09296314 -2.42157673
v 2.70579615 0.09296314 -2.52637933
v 2.00719984 0.84210305 -2.52637933
v 2.00719984 0.84210305 -2.42157673
v 2.01564110 0.84210305 -2.42157673
v 2.01564110 0.84210305 -2.52637933
v 2.00719984 0.84210305 -3.23568229
v 2.01564110 0.84210305 -3.23568229
v 2.00719984 0.09296314 -2.52637933
v 2.00719984 -0.01257744 -2.52637933
v 2.01564110 -0.01257744 -2.52637933
v 2.01564110 0.09296314 -2.52637933
v 2.00719984 0.09296314 -2.42157673
v 2.00719984 0.09296314 -2.52637933
v 2.01564110 0.09296314 -2.52637933
v 2.01564110 0.09296314 -2.42157673
v 2.01564110 0.09296314 -2.42157673
v 2.01564110 0.84210305 -2.42157673
v 2.00719984 0.84210305 -2.42157673
v 2.00719984 0.09296314 -2.42157673
v 2.70579615 -0.01257744 -2.52637933
v 2.70579615 0.09296314 -2.52637933
v 2.70579615 0.09296314 -2.52637933
v 2.70579615 0.09296314 -2.42157673
v 2.70579615 0.09296314 -2.42157673
v 2.70579615 0.84210305 -2.42157673
v 2.70579615 0.84210305 -2.42157673
v 2.70579615 0.84210305 -2.52637933
v 2.70579615 0.84210305 -3.23568229
v 2.70579615 0.09296314 -3.23476116
v 2.70579615 0.84210305 -3.23476116
v 2.70579615 -0.01257744 -2.52637933
v 2.70579615 -0.01257744 -3.23476116
v 1.30612149 0.90514248 -3.23854331
v 1.30612149 0.90514248 -2.40644752
v 2.70356310 0.90514248 -2.40644752
v 2.70356310 0.90514248 -3.23854331
v 2.70356310 0.83030884 -3.23854331
v 2.70356310 0.83030884 -2.40644752
v 1.30612149 0.83030884 -2.40644752
v 1.30612149 0.83030884 -3.23854331
v 1.30612149 0.84901537 -2.38774099
v 2.70356310 0.84901537 -2.38774099
v 2.70356310 0.88643595 -2.38774099
v 1.30612149 0.88643595 -2.38774099
v 1.30612149 0.90514248 -2.40644752
v 1.30612149 0.88643595 -2.38774099
v 2.70356310 0.88643595 -2.38774099
v 2.70356310 0.90514248 -2.40644752
v 1.30612149 0.84901537 -2.38774099
v 1.30612149 0.83030884 -2.40644752
v 2.70356310 0.83030884 -2.40644752
v 2.70356310 0.84901537 -2.38774099
v -0.49765303 0.90514248 -3.23854331
v -0.49765303 0.90514248 -2.40644752
v 1.30468797 0.90514248 -2.40644752
v 1.30468797 0.90514248 -3.23854331
v 1.30468797 0.83030884 -3.23854331
v 1.30468797 0.83030884 -2.40644752
v -0.49765303 0.83030884 -2.40644752
v -0.49765303 0.83030884 -3.23854331
v -0.49765303 0.84901537 -2.38774099
v 1.30468797 0.84901537 -2.38774099
v 1.30468797 0.88643595 -2.38774099
v -0.49765303 0.88643595 -2.38774099
v -0.49765303 0.90514248 -2.40644752
v -0.49765303 0.88643595 -2.38774099
v 1.30468797 0.88643595 -2.38774099
v 1.30468797 0.90514248 -2.40644752
v -0.49765303 0.84901537 -2.38774099
v -0.49765303 0.83030884 -2.40644752
v 1.30468797 0.83030884 -2.40644752
v 1.30468797 0.84901537 -2.38774099
v -1.83657879 0.90514248 -3.24683219
v -1.83657879 0.90514248 -3.14105375
v -1.24462878 0.90514248 -3.14128118
v -1.24462878 0.90514248 -3.24683219
v -1.83657879 0.84901537 -2.38774099
v -1.24462878 0.84901537 -2.38774099
v -1.24462878 0.88643595 -2.38774099
v -1.83657879 0.88643595 -2.38774099
v -1.83657879 0.90514248 -2.40644752
v -1.83657879 0.88643595 -2.38774099
v -1.24462878 0.88643595 -2.38774099
v -1.24462878 0.90514248 -2.40644752
v -1.83657879 0.84901537 -2.38774099
v -1.83657879 0.83030884 -2.40644752
v -1.24462878 0.83030884 -2.40644752
v -1.24462878 0.84901537 -2.38774099
v -1.83657879 0.90514248 -2.40644752
v -1.24462878 0.90514248 -2.40644752
v -1.24462878 0.90514248 -3.24683219
v -1.24462878 0.90514248 -3.14128118
v -0.49667966 0.90514248 -3.14128118
v -0.49667966 0.90514248 -3.24683219
v -1.24462878 0.90514248 -3.14128118
v -1.24462878 0.83030884 -3.14128118
v -0.49667966 0.83030884 -3.14128118
v -0.49667966 0.90514248 -3.14128118
v -1.24462878 0.83030884 -3.14128118
v -1.24462878 0.83030884 -3.24683219
v -0.49667966 0.83030884 -3.24683219
v -0.49667966 0.83030884 -3.14128118
v 1.30612149 0.84901537 -2.38774099
v 1.30612149 0.83030884 -3.23854331
v 1.30612149 0.83030884 -2.40644752
v 1.30612149 0.90514248 -3.23854331
v 1.30612149 0.88643595 -2.38774099
v 1.30612149 0.90514248 -2.40644752
v 2.70356310 0.90514248 -3.23854331
v 2.70356310 0.83030884 -2.40644752
v 2.70356310 0.83030884 -3.23854331
v 2.70356310 0.84901537 -2.38774099
v 2.70356310 0.88643595 -2.38774099
v 2.70356310 0.90514248 -2.40644752
v -0.49765303 0.84901537 -2.38774099
v -0.49765303 0.83030884 -3.23854331
v -0.49765303 0.83030884 -2.40644752
v -0.49765303 0.90514248 -3.23854331
v -0.49765303 0.88643595 -2.38774099
v -0.49765303 0.90514248 -2.40644752
v 1.30468797 0.90514248 -3.23854331
v 1.30468797 0.83030884 -2.40644752
v 1.30468797 0.83030884 -3.23854331
v 1.30468797 0.84901537 -2.38774099
v 1.30468797 0.88643595 -2.38774099
v 1.30468797 0.90514248 -2.40644752
v -1.83657879 0.84901537 -2.38774099
v -1.83657879 0.83030884 -3.24683219
v -1.83657879 0.83030884 -2.40644752
v -1.83657879 0.90514248 -3.24683219
v -1.83657879 0.88643595 -2.38774099
v -1.83657879 0.90514248 -2.40644752
v -1.24462878 0.83030884 -3.14128118
v -1.83657879 0.83030884 -3.24683219
v -1.24462878 0.83030884 -3.24683219
v -1.83657879 0.83030884 -2.40644752
v -1.24462878 0.83030884 -2.40644752
v -1.24462878 0.90514248 -3.14128118
v -1.24462878 0.83030884 -2.40644752
v -1.24462878 0.83030884 -3.14128118
v -1.24462878 0.84901537 -2.38774099
v -1.24462878 0.88643595 -2.38774099
v -1.24462878 0.90514248 -2.40644752
v 0.93399776 0.92589858 -2.46484473
v 0.93399776 0.93323534 -2.46599391
v 0.94855394 0.93323534 -2.46599391
v 0.94855394 0.92589858 -2.46484473
v 0.93399776 0.94057210 -2.46484473
v 0.94855394 0.94057210 -2.46484473
v 0.93399776 0.94719060 -2.46150957
v 0.94855394 0.94719060 -2.46150957
v 0.93399776 0.95244307 -2.45631494
v 0.94855394 0.95244307 -2.45631494
v 0.93399776 0.95581545 -2.44976921
v 0.94855394 0.95581545 -2.44976921
v 0.93399776 0.95697748 -2.44251341
v 0.94855394 0.95697748 -2.44251341
v 0.93399776 0.95581545 -2.43525761
v 0.94855394 0.95581545 -2.43525761
v 0.93399776 0.95244307 -2.42871188
v 0.94855394 0.95244307 -2.42871188
v 0.93399776 0.94719060 -2.42351725
v 0.94855394 0.94719060 -2.42351725
v 0.93399776 0.94057210 -2.42018209
v 0.94855394 0.94057210 -2.42018209
v 0.93399776 0.93323534 -2.41903291
v 0.94855394 0.93323534 -2.41903291
v 0.93399776 0.92589858 -2.42018209
v 0.94855394 0.92589858 -2.42018209
v 0.96659197 0.92507531 -2.45064846
v 0.96281096 0.92507531 -2.45798719
v 0.96281096 0.94139537 -2.45798719
v 0.96659197 0.94139537 -2.45064846
v 0.95692202 0.92507531 -2.46381124
v 0.95692202 0.94139537 -2.46381124
v 0.94950160 0.92507531 -2.46755047
v 0.94950160 0.94139537 -2.46755047
v 0.94127585 0.92507531 -2.46883897
v 0.94127585 0.94139537 -2.46883897
v 0.93305010 0.92507531 -2.46755047
v 0.93305010 0.94139537 -2.46755047
v 0.92562968 0.92507531 -2.46381124
v 0.92562968 0.94139537 -2.46381124
v 0.91974074 0.92507531 -2.45798719
v 0.91974074 0.94139537 -2.45798719
v 0.91595974 0.92507531 -2.45064846
v 0.91595974 0.94139537 -2.45064846
v 0.91465693 0.92507531 -2.44251341
v 0.91465693 0.94139537 -2.44251341
v 0.91595974 0.92507531 -2.43437836
v 0.91595974 0.94139537 -2.43437836
v 0.91974074 0.92507531 -2.42703963
v 0.91974074 0.94139537 -2.42703963
v 0.92562968 0.92507531 -2.42121558
v 0.92562968 0.94139537 -2.42121558
v 0.93305010 0.92507531 -2.41747635
v 0.93305010 0.94139537 -2.41747635
v 0.94127585 0.92507531 -2.41618785
v 0.94127585 0.94139537 -2.41618785
v 0.94950160 0.92507531 -2.41747635
v 0.94950160 0.94139537 -2.41747635
v 0.95692202 0.92507531 -2.42121558
v 0.95692202 0.94139537 -2.42121558
v 0.96281096 0.92507531 -2.42703963
v 0.96281096 0.94139537 -2.42703963
v 0.96659197 0.92507531 -2.43437836
v 0.96659197 0.94139537 -2.43437836
v 0.96789477 0.92507531 -2.44251341
v 0.96789477 0.94139537 -2.44251341
v 0.53516783 0.92589858 -2.46484473
v 0.53516783 0.93323534 -2.46599391
v 0.54972412 0.93323534 -2.46599391
v 0.54972412 0.92589858 -2.46484473
v 0.53516783 0.94057210 -2.46484473
v 0.54972412 0.94057210 -2.46484473
v 0.53516783 0.94719060 -2.46150957
v 0.54972412 0.94719060 -2.46150957
v 0.53516783 0.95244307 -2.45631494
v 0.54972412 0.95244307 -2.45631494
v 0.53516783 0.95581545 -2.44976921
v 0.54972412 0.95581545 -2.44976921
v 0.53516783 0.95697748 -2.44251341
v 0.54972412 0.95697748 -2.44251341
v 0.53516783 0.95581545 -2.43525761
v 0.54972412 0.95581545 -2.43525761
v 0.53516783 0.95244307 -2.42871188
v 0.54972412 0.95244307 -2.42871188
v 0.53516783 0.94719060 -2.42351725
v 0.54972412 0.94719060 -2.42351725
v 0.53516783 0.94057210 -2.42018209
v 0.54972412 0.94057210 -2.42018209
v 0.53516783 0.93323534 -2.41903291
v 0.54972412 0.93323534 -2.41903291
v 0.53516783 0.92589858 -2.42018209
v 0.54972412 0.92589858 -2.42018209
v 0.56776209 0.92507531 -2.45064846
v 0.56398113 0.92507531 -2.45798719
v 0.56398113 0.94139537 -2.45798719
v 0.56776209 0.94139537 -2.45064846
v 0.55809220 0.92507531 -2.46381124
v 0.55809220 0.94139537 -2.46381124
v 0.55067168 0.92507531 -2.46755047
v 0.55067168 0.94139537 -2.46755047
v 0.54244598 0.92507531 -2.46883897
v 0.54244598 0.94139537 -2.46883897
v 0.53422028 0.92507531 -2.46755047
v 0.53422028 0.94139537 -2.46755047
v 0.52679976 0.92507531 -2.46381124
v 0.52679976 0.94139537 -2.46381124
v 0.52091082 0.92507531 -2.45798719
v 0.52091082 0.94139537 -2.45798719
v 0.51712986 0.92507531 -2.45064846
v 0.51712986 0.94139537 -2.45064846
v 0.51582706 0.92507531 -2.44251341
v 0.51582706 0.94139537 -2.44251341
v 0.51712986 0.92507531 -2.43437836
v 0.51712986 0.94139537 -2.43437836
v 0.52091082 0.92507531 -2.42703963
v 0.52091082 0.94139537 -2.42703963
v 0.52679976 0.92507531 -2.42121558
v 0.52679976 0.94139537 -2.42121558
v 0.53422028 0.92507531 -2.41747635
v 0.53422028 0.94139537 -2.41747635
v 0.54244598 0.92507531 -2.41618785
v 0.54244598 0.94139537 -2.41618785
v 0.55067168 0.92507531 -2.41747635
v 0.55067168 0.94139537 -2.41747635
v 0.55809220 0.92507531 -2.42121558
v 0.55809220 0.94139537 -2.42121558
v 0.56398113 0.92507531 -2.42703963
v 0.56398113 0.94139537 -2.42703963
v 0.56776209 0.92507531 -2.43437836
v 0.56776209 0.94139537 -2.43437836
v 0.56906489 0.92507531 -2.44251341
v 0.56906489 0.94139537 -2.44251341
v 0.71169052 0.92589858 -2.46484473
v 0.71169052 0.93323534 -2.46599391
v 0.72624675 0.93323534 -2.46599391
v 0.72624675 0.92589858 -2.46484473
v 0.71169052 0.94057210 -2.46484473
v 0.72624675 0.94057210 -2.46484473
v 0.71169052 0.94719060 -2.46150957
v 0.72624675 0.94719060 -2.46150957
v 0.71169052 0.95244307 -2.45631494
v 0.72624675 0.95244307 -2.45631494
v 0.71169052 0.95581545 -2.44976921
v 0.72624675 0.95581545 -2.44976921
v 0.71169052 0.95697748 -2.44251341
v 0.72624675 0.95697748 -2.44251341
v 0.71169052 0.95581545 -2.43525761
v 0.72624675 0.95581545 -2.43525761
v 0.71169052 0.95244307 -2.42871188
v 0.72624675 0.95244307 -2.42871188
v 0.71169052 0.94719060 -2.42351725
v 0.72624675 0.94719060 -2.42351725
v 0.71169052 0.94057210 -2.42018209
v 0.72624675 0.94057210 -2.42018209
v 0.71169052 0.93323534 -2.41903291
v 0.72624675 0.93323534 -2.41903291
v 0.71169052 0.92589858 -2.42018209
v 0.72624675 0.92589858 -2.42018209
v 0.74428467 0.92507531 -2.45064846
v 0.74050377 0.92507531 -2.45798719
v 0.74050377 0.94139537 -2.45798719
v 0.74428467 0.94139537 -2.45064846
v 0.73461483 0.92507531 -2.46381124
v 0.73461483 0.94139537 -2.46381124
v 0.72719426 0.92507531 -2.46755047
v 0.72719426 0.94139537 -2.46755047
v 0.71896856 0.92507531 -2.46883897
v 0.71896856 0.94139537 -2.46883897
v 0.71074291 0.92507531 -2.46755047
v 0.71074291 0.94139537 -2.46755047
v 0.70332239 0.92507531 -2.46381124
v 0.70332239 0.94139537 -2.46381124
v 0.69743350 0.92507531 -2.45798719
v 0.69743350 0.94139537 -2.45798719
v 0.69365244 0.92507531 -2.45064846
v 0.69365244 0.94139537 -2.45064846
v 0.69234964 0.92507531 -2.44251341
v 0.69234964 0.94139537 -2.44251341
v 0.69365244 0.92507531 -2.43437836
v 0.69365244 0.94139537 -2.43437836
v 0.69743350 0.92507531 -2.42703963
v 0.69743350 0.94139537 -2.42703963
v 0.70332239 0.92507531 -2.42121558
v 0.70332239 0.94139537 -2.42121558
v 0.71074291 0.92507531 -2.41747635
v 0.71074291 0.94139537 -2.41747635
v 0.71896856 0.92507531 -2.41618785
v 0.71896856 0.94139537 -2.41618785
v 0.72719426 0.92507531 -2.41747635
v 0.72719426 0.94139537 -2.41747635
v 0.73461483 0.92507531 -2.42121558
v 0.73461483 0.94139537 -2.42121558
v 0.74050377 0.92507531 -2.42703963
v 0.74050377 0.94139537 -2.42703963
v 0.74428467 0.92507531 -2.43437836
v 0.74428467 0.94139537 -2.43437836
v 0.74558747 0.92507531 -2.44251341
v 0.74558747 0.94139537 -2.44251341
v 1.11075633 0.92589858 -2.46484473
v 1.11075633 0.93323534 -2.46599391
v 1.12531251 0.93323534 -2.46599391
v 1.12531251 0.92589858 -2.46484473
v 1.11075633 0.94057210 -2.46484473
v 1.12531251 0.94057210 -2.46484473
v 1.11075633 0.94719060 -2.46150957
v 1.12531251 0.94719060 -2.46150957
v 1.11075633 0.95244307 -2.45631494
v 1.12531251 0.95244307 -2.45631494
v 1.11075633 0.95581545 -2.44976921
v 1.12531251 0.95581545 -2.44976921
v 1.11075633 0.95697748 -2.44251341
v 1.12531251 0.95697748 -2.44251341
v 1.11075633 0.95581545 -2.43525761
v 1.12531251 0.95581545 -2.43525761
v 1.11075633 0.95244307 -2.42871188
v 1.12531251 0.95244307 -2.42871188
v 1.11075633 0.94719060 -2.42351725
v 1.12531251 0.94719060 -2.42351725
v 1.11075633 0.94057210 -2.42018209
v 1.12531251 0.94057210 -2.42018209
v 1.11075633 0.93323534 -2.41903291
v 1.12531251 0.93323534 -2.41903291
v 1.11075633 0.92589858 -2.42018209
v 1.12531251 0.92589858 -2.42018209
v 1.14335053 0.92507531 -2.45064846
v 1.13956952 0.92507531 -2.45798719
v 1.13956952 0.94139537 -2.45798719
v 1.14335053 0.94139537 -2.45064846
v 1.13368058 0.92507531 -2.46381124
v 1.13368058 0.94139537 -2.46381124
v 1.12626017 0.92507531 -2.46755047
v 1.12626017 0.94139537 -2.46755047
v 1.11803442 0.92507531 -2.46883897
v 1.11803442 0.94139537 -2.46883897
v 1.10980866 0.92507531 -2.46755047
v 1.10980866 0.94139537 -2.46755047
v 1.10238825 0.92507531 -2.46381124
v 1.10238825 0.94139537 -2.46381124
v 1.09649931 0.92507531 -2.45798719
v 1.09649931 0.94139537 -2.45798719
v 1.09271830 0.92507531 -2.45064846
v 1.09271830 0.94139537 -2.45064846
v 1.09141550 0.92507531 -2.44251341
v 1.09141550 0.94139537 -2.44251341
v 1.09271830 0.92507531 -2.43437836
v 1.09271830 0.94139537 -2.43437836
v 1.09649931 0.92507531 -2.42703963
v 1.09649931 0.94139537 -2.42703963
v 1.10238825 0.92507531 -2.42121558
v 1.10238825 0.94139537 -2.42121558
v 1.10980866 0.92507531 -2.41747635
v 1.10980866 0.94139537 -2.41747635
v 1.11803442 0.92507531 -2.41618785
v 1.11803442 0.94139537 -2.41618785
v 1.12626017 0.92507531 -2.41747635
v 1.12626017 0.94139537 -2.41747635
v 1.13368058 0.92507531 -2.42121558
v 1.13368058 0.94139537 -2.42121558
v 1.13956952 0.92507531 -2.42703963
v 1.13956952 0.94139537 -2.42703963
v 1.14335053 0.92507531 -2.43437836
v 1.14335053 0.94139537 -2.43437836
v 1.14465333 0.92507531 -2.44251341
v 1.14465333 0.94139537 -2.44251341
v 0.38396976 0.90381583 -3.20260720
v 0.38396976 0.90381583 -2.38906681
v 0.38396976 0.92951311 -2.38906681
v 0.38396976 0.92951311 -3.20260720
v 0.38396976 0.92951311 -3.20260720
v 0.38396976 0.92951311 -2.38906681
v 1.27099704 0.92951311 -2.38906681
v 1.27099704 0.92951311 -3.20260720
v 1.27099704 0.92951311 -3.20260720
v 1.27099704 0.92951311 -2.38906681
v 1.27099704 0.90381583 -2.38906681
v 1.27099704 0.90381583 -3.20260720
v 0.38396976 0.90381583 -2.38906681
v 1.27099704 0.90381583 -2.38906681
v 1.27099704 0.92951311 -2.38906681
v 0.38396976 0.92951311 -2.38906681
v 1.27099704 0.90381583 -3.20260720
v 0.38396976 0.90381583 -3.20260720
v 0.38396976 0.92951311 -3.20260720
v 1.27099704 0.92951311 -3.20260720
v 1.01562669 0.94861852 -2.83349024
v 1.03079550 0.94861852 -2.83349024
v 1.02936312 0.98790928 -2.84594938
v 1.01705865 0.98790928 -2.84594938
v 1.01705865 0.99982918 -2.84968675
v 1.02936312 0.99982918 -2.84968675
v 1.02877247 0.99982918 -2.87345687
v 1.01764972 0.99982918 -2.87345687
v 1.01764972 0.98790928 -2.86961066
v 1.02877247 0.98790928 -2.86961066
v 1.03079550 0.94861852 -2.85715194
v 1.01562669 0.94861852 -2.85715194
v 1.03079550 0.94861852 -2.83349024
v 1.03079550 0.94861852 -2.85715194
v 1.02877247 0.98790928 -2.86961066
v 1.02936312 0.98790928 -2.84594938
v 1.01562669 0.94861852 -2.85715194
v 1.01562669 0.94861852 -2.83349024
v 1.01705865 0.98790928 -2.84594938
v 1.01764972 0.98790928 -2.86961066
v 1.02936312 0.99982918 -2.84968675
v 1.01705865 0.99982918 -2.84968675
v 1.02877247 0.99982918 -2.87345687
v 1.02936312 0.99982918 -2.84968675
v 1.02636195 0.98790928 -2.96161100
v 1.02006003 0.98790928 -2.96161100
v 1.02006003 0.99982918 -2.96161100
v 1.02636195 0.99982918 -2.96161100
v 1.01705865 0.99982918 -2.84968675
v 1.01764972 0.99982918 -2.87345687
v 1.02877247 0.98790928 -2.86961066
v 1.01764972 0.98790928 -2.86961066
v 1.02006003 0.98790928 -2.96161100
v 1.02636195 0.98790928 -2.96161100
v 1.02006003 0.99982918 -2.96161100
v 1.02006003 0.98790928 -2.96161100
v 1.02636195 0.99982918 -2.96161100
v 1.02006003 0.99982918 -2.96161100
v 1.02636195 0.98790928 -2.96161100
v 1.02636195 0.99982918 -2.96161100
v 1.03079550 0.94861852 -3.16038099
v 1.01562669 0.94861852 -3.16038099
v 1.01705906 0.98790928 -3.14792186
v 1.02936354 0.98790928 -3.14792186
v 1.02936354 0.99982918 -3.14418428
v 1.01705906 0.99982918 -3.14418428
v 1.01764972 0.99982918 -3.12041374
v 1.02877247 0.99982918 -3.12041374
v 1.02877247 0.98790928 -3.12426037
v 1.01764972 0.98790928 -3.12426037
v 1.01562669 0.94861852 -3.13671909
v 1.03079550 0.94861852 -3.13671909
v 1.01562669 0.94861852 -3.16038099
v 1.01562669 0.94861852 -3.13671909
v 1.01764972 0.98790928 -3.12426037
v 1.01705906 0.98790928 -3.14792186
v 1.03079550 0.94861852 -3.13671909
v 1.03079550 0.94861852 -3.16038099
v 1.02936354 0.98790928 -3.14792186
v 1.02877247 0.98790928 -3.12426037
v 1.01705906 0.99982918 -3.14418428
v 1.02936354 0.99982918 -3.14418428
v 1.01764972 0.99982918 -3.12041374
v 1.01705906 0.99982918 -3.14418428
v 1.02006024 0.98790928 -3.03226023
v 1.02636216 0.98790928 -3.03226023
v 1.02636216 0.99982918 -3.03226023
v 1.02006024 0.99982918 -3.03226023
v 1.02936354 0.99982918 -3.14418428
v 1.02877247 0.99982918 -3.12041374
v 1.01764972 0.98790928 -3.12426037
v 1.02877247 0.98790928 -3.12426037
v 1.02636216 0.98790928 -3.03226023
v 1.02006024 0.98790928 -3.03226023
v 1.02636216 0.99982918 -3.03226023
v 1.02636216 0.98790928 -3.03226023
v 1.02006024 0.99982918 -3.03226023
v 1.02636216 0.99982918 -3.03226023
v 1.02006024 0.98790928 -3.03226023
v 1.02006024 0.99982918 -3.03226023
v 0.83076490 0.94861852 -3.00441481
v 0.83076490 0.94861852 -2.98924600
v 0.84322377 0.98790928 -2.99067796
v 0.84322377 0.98790928 -3.00298243
v 0.84696135 0.99982918 -3.00298243
v 0.84696135 0.99982918 -2.99067796
v 0.87073173 0.99982918 -2.99126903
v 0.87073173 0.99982918 -3.00239178
v 0.86688542 0.98790928 -3.00239178
v 0.86688542 0.98790928 -2.99126903
v 0.85442654 0.94861852 -2.98924600
v 0.85442654 0.94861852 -3.00441481
v 0.83076490 0.94861852 -2.98924600
v 0.85442654 0.94861852 -2.98924600
v 0.86688542 0.98790928 -2.99126903
v 0.84322377 0.98790928 -2.99067796
v 0.85442654 0.94861852 -3.00441481
v 0.83076490 0.94861852 -3.00441481
v 0.84322377 0.98790928 -3.00298243
v 0.86688542 0.98790928 -3.00239178
v 0.84696135 0.99982918 -2.99067796
v 0.84696135 0.99982918 -3.00298243
v 0.87073173 0.99982918 -2.99126903
v 0.84696135 0.99982918 -2.99067796
v 0.98780749 0.98790928 -2.99367934
v 0.98780749 0.98790928 -2.99998126
v 0.98780749 0.99982918 -2.99998126
v 0.98780749 0.99982918 -2.99367934
v 0.84696135 0.99982918 -3.00298243
v 0.87073173 0.99982918 -3.00239178
v 0.86688542 0.98790928 -2.99126903
v 0.86688542 0.98790928 -3.00239178
v 0.98780749 0.98790928 -2.99998126
v 0.98780749 0.98790928 -2.99367934
v 0.98780749 0.99982918 -2.99998126
v 0.98780749 0.98790928 -2.99998126
v 0.98780749 0.99982918 -2.99367934
v 0.98780749 0.99982918 -2.99998126
v 0.98780749 0.98790928 -2.99367934
v 0.98780749 0.99982918 -2.99367934
v 1.08779496 0.94447989 -3.01666766
v 1.07835565 0.94447989 -3.03519341
v 1.07835565 0.95355793 -3.03519341
v 1.08779496 0.95355793 -3.01666766
v 1.06365383 0.94447989 -3.04989492
v 1.06365383 0.95355793 -3.04989492
v 1.04512850 0.94447989 -3.05933422
v 1.04512850 0.95355793 -3.05933422
v 1.02459288 0.94447989 -3.06258666
v 1.02459288 0.95355793 -3.06258666
v 1.00405737 0.94447989 -3.05933422
v 1.00405737 0.95355793 -3.05933422
v 0.98553204 0.94447989 -3.04989492
v 0.98553204 0.95355793 -3.04989492
v 0.97083012 0.94447989 -3.03519341
v 0.97083012 0.95355793 -3.03519341
v 0.96139102 0.94447989 -3.01666807
v 0.96139102 0.95355793 -3.01666807
v 0.95813837 0.94447989 -2.99613236
v 0.95813837 0.95355793 -2.99613236
v 0.96139102 0.94447989 -2.97559664
v 0.96139102 0.95355793 -2.97559664
v 0.97083012 0.94447989 -2.95707089
v 0.97083012 0.95355793 -2.95707089
v 0.98553204 0.94447989 -2.94236938
v 0.98553204 0.95355793 -2.94236938
v 1.00405727 0.94447989 -2.93293049
v 1.00405727 0.95355793 -2.93293049
v 1.02459288 0.94447989 -2.92967763
v 1.02459288 0.95355793 -2.92967763
v 1.04512850 0.94447989 -2.93293049
v 1.04512850 0.95355793 -2.93293049
v 1.06365393 0.94447989 -2.94236938
v 1.06365393 0.95355793 -2.94236938
v 1.07835576 0.94447989 -2.95707151
v 1.07835576 0.95355793 -2.95707151
v 1.08779485 0.94447989 -2.97559664
v 1.08779485 0.95355793 -2.97559664
v 1.09104740 0.94447989 -2.99613236
v 1.09104740 0.95355793 -2.99613236
v 1.08098323 0.94447989 -3.01445410
v 1.08098323 0.95355793 -3.01445410
v 1.07256136 0.95355793 -3.03098335
v 1.07256136 0.94447989 -3.03098335
v 1.05944388 0.95355793 -3.04410072
v 1.05944388 0.94447989 -3.04410072
v 1.04291525 0.95355793 -3.05252208
v 1.04291525 0.94447989 -3.05252208
v 1.02459288 0.95355793 -3.05542436
v 1.02459288 0.94447989 -3.05542436
v 1.00627052 0.95355793 -3.05252208
v 1.00627052 0.94447989 -3.05252208
v 0.98974189 0.95355793 -3.04410072
v 0.98974189 0.94447989 -3.04410072
v 0.97662452 0.95355793 -3.03098335
v 0.97662452 0.94447989 -3.03098335
v 0.96820264 0.95355793 -3.01445410
v 0.96820264 0.94447989 -3.01445410
v 0.96530067 0.95355793 -2.99613236
v 0.96530067 0.94447989 -2.99613236
v 0.96820264 0.95355793 -2.97780978
v 0.96820264 0.94447989 -2.97780978
v 0.97662452 0.95355793 -2.96128095
v 0.97662452 0.94447989 -2.96128095
v 0.98974189 0.95355793 -2.94816357
v 0.98974189 0.94447989 -2.94816357
v 1.00627052 0.95355793 -2.93974221
v 1.00627052 0.94447989 -2.93974221
v 1.02459288 0.95355793 -2.93683993
v 1.02459288 0.94447989 -2.93683993
v 1.04291515 0.95355793 -2.93974221
v 1.04291515 0.94447989 -2.93974221
v 1.05944388 0.95355793 -2.94816357
v 1.05944388 0.94447989 -2.94816357
v 1.07256136 0.95355793 -2.96128116
v 1.07256136 0.94447989 -2.96128116
v 1.08098323 0.95355793 -2.97780978
v 1.08098323 0.94447989 -2.97780978
v 1.08388510 0.95355793 -2.99613236
v 1.08388510 0.94447989 -2.99613236
v 1.07256136 0.95355793 -3.03098335
v 1.08098323 0.95355793 -3.01445410
v 1.08779496 0.95355793 -3.01666766
v 1.07835565 0.95355793 -3.03519341
v 1.05944388 0.95355793 -3.04410072
v 1.06365383 0.95355793 -3.04989492
v 1.04291525 0.95355793 -3.05252208
v 1.04512850 0.95355793 -3.05933422
v 1.02459288 0.95355793 -3.05542436
v 1.02459288 0.95355793 -3.06258666
v 1.00627052 0.95355793 -3.05252208
v 1.00405737 0.95355793 -3.05933422
v 0.98974189 0.95355793 -3.04410072
v 0.98553204 0.95355793 -3.04989492
v 0.97662452 0.95355793 -3.03098335
v 0.97083012 0.95355793 -3.03519341
v 0.96820264 0.95355793 -3.01445410
v 0.96139102 0.95355793 -3.01666807
v 0.96530067 0.95355793 -2.99613236
v 0.95813837 0.95355793 -2.99613236
v 0.96820264 0.95355793 -2.97780978
v 0.96139102 0.95355793 -2.97559664
v 0.97662452 0.95355793 -2.96128095
v 0.97083012 0.95355793 -2.95707089
v 0.98974189 0.95355793 -2.94816357
v 0.98553204 0.95355793 -2.94236938
v 1.00627052 0.95355793 -2.93974221
v 1.00405727 0.95355793 -2.93293049
v 1.02459288 0.95355793 -2.93683993
v 1.02459288 0.95355793 -2.92967763
v 1.04291515 0.95355793 -2.93974221
v 1.04512850 0.95355793 -2.93293049
v 1.05944388 0.95355793 -2.94816357
v 1.06365393 0.95355793 -2.94236938
v 1.07256136 0.95355793 -2.96128116
v 1.07835576 0.95355793 -2.95707151
v 1.08098323 0.95355793 -2.97780978
v 1.08779485 0.95355793 -2.97559664
v 1.08388510 0.95355793 -2.99613236
v 1.09104740 0.95355793 -2.99613236
v 0.83106696 0.92604971 -3.15972752
v 0.83106696 0.92604971 -3.13592961
v 0.83106696 0.95004675 -3.13592961
v 0.83106696 0.95004675 -3.15972752
v 0.83106696 0.95004675 -3.15972752
v 0.83106696 0.95004675 -3.13592961
v 0.85412443 0.95004675 -3.13592961
v 0.85412443 0.95004675 -3.15972752
v 1.21271251 0.95004675 -3.15972752
v 1.21271251 0.95004675 -3.13592961
v 1.21271251 0.92604971 -3.13592961
v 1.21271251 0.92604971 -3.15972752
v 0.83106696 0.92604971 -2.83438276
v 0.85412443 0.92604971 -2.83438276
v 0.85412443 0.95004675 -2.83438276
v 0.83106696 0.95004675 -2.83438276
v 0.85412443 0.92604971 -3.15972752
v 0.83106696 0.92604971 -3.15972752
v 0.83106696 0.95004675 -3.15972752
v 0.85412443 0.95004675 -3.15972752
v 0.85412443 0.95004675 -3.13592961
v 0.85412443 0.95004675 -2.85305861
v 0.85412443 0.92604971 -2.85305861
v 0.85412443 0.92604971 -3.13592961
v 0.83106696 0.92604971 -2.85305861
v 0.83106696 0.95004675 -2.85305861
v 0.83106696 0.95004675 -2.85305861
v 0.85412443 0.95004675 -2.85305861
v 1.21271251 0.95004675 -2.85305861
v 1.21271251 0.95004675 -2.83438276
v 1.21271251 0.92604971 -2.83438276
v 1.21271251 0.92604971 -2.85305861
v 0.83106696 0.92604971 -2.83438276
v 0.83106696 0.95004675 -2.83438276
v 0.83106696 0.95004675 -2.83438276
v 0.85412443 0.95004675 -2.83438276
v 1.18986983 0.95004675 -3.13592961
v 1.18986983 0.95004675 -3.15972752
v 0.85412443 0.95004675 -3.13592961
v 0.85412443 0.92604971 -3.13592961
v 1.18986983 0.92604971 -3.13592961
v 1.18986983 0.95004675 -3.13592961
v 1.18986983 0.95004675 -3.15972752
v 1.18986983 0.92604971 -3.15972752
v 1.18986983 0.95004675 -2.83438276
v 1.18986983 0.95004675 -2.85305861
v 1.18986983 0.92604971 -2.83438276
v 1.18986983 0.95004675 -2.83438276
v 0.85412443 0.92604971 -2.85305861
v 0.85412443 0.95004675 -2.85305861
v 1.18986983 0.95004675 -2.85305861
v 1.18986983 0.92604971 -2.85305861
v 1.21271251 0.95004675 -3.13592961
v 1.21271251 0.95004675 -3.15972752
v 1.21271251 0.95004675 -3.15972752
v 1.21271251 0.92604971 -3.15972752
v 1.21271251 0.95004675 -2.83438276
v 1.21271251 0.95004675 -2.85305861
v 1.21271251 0.92604971 -2.83438276
v 1.21271251 0.95004675 -2.83438276
v 1.18986983 0.95004675 -3.13592961
v 1.18986983 0.92604971 -3.13592961
v 1.18986983 0.92604971 -2.85305861
v 1.18986983 0.95004675 -2.85305861
v 1.05343967 0.94170013 -3.00550511
v 1.04913155 0.94170013 -3.01396047
v 1.04913155 0.95549534 -3.01396047
v 1.05343967 0.95549534 -3.00550511
v 1.04242120 0.94170013 -3.02067081
v 1.04242120 0.95549534 -3.02067081
v 1.03396585 0.94170013 -3.02497935
v 1.03396585 0.95549534 -3.02497935
v 1.02459288 0.94170013 -3.02646355
v 1.02459288 0.95549534 -3.02646355
v 1.01522003 0.94170013 -3.02497935
v 1.01522003 0.95549534 -3.02497935
v 1.00676456 0.94170013 -3.02067081
v 1.00676456 0.95549534 -3.02067081
v 1.00005433 0.94170013 -3.01396047
v 1.00005433 0.95549534 -3.01396047
v 0.99574610 0.94170013 -3.00550511
v 0.99574610 0.95549534 -3.00550511
v 0.99426148 0.94170013 -2.99613236
v 0.99426148 0.95549534 -2.99613236
v 0.99574610 0.94170013 -2.98675940
v 0.99574610 0.95549534 -2.98675940
v 1.00005433 0.94170013 -2.97830404
v 1.00005433 0.95549534 -2.97830404
v 1.00676456 0.94170013 -2.97159390
v 1.00676456 0.95549534 -2.97159390
v 1.01522003 0.94170013 -2.96728516
v 1.01522003 0.95549534 -2.96728516
v 1.02459288 0.94170013 -2.96580074
v 1.02459288 0.95549534 -2.96580074
v 1.03396585 0.94170013 -2.96728516
v 1.03396585 0.95549534 -2.96728516
v 1.04242120 0.94170013 -2.97159390
v 1.04242120 0.95549534 -2.97159390
v 1.04913155 0.94170013 -2.97830404
v 1.04913155 0.95549534 -2.97830404
v 1.05343967 0.94170013 -2.98675940
v 1.05343967 0.95549534 -2.98675940
v 1.05492419 0.94170013 -2.99613236
v 1.05492419 0.95549534 -2.99613236
v 1.21297840 0.94861852 -2.98924600
v 1.21297840 0.94861852 -3.00441481
v 1.20051947 0.98790928 -3.00298243
v 1.20051947 0.98790928 -2.99067796
v 1.19678190 0.99982918 -2.99067796
v 1.19678190 0.99982918 -3.00298243
v 1.17301146 0.99982918 -3.00239178
v 1.17301146 0.99982918 -2.99126903
v 1.17685777 0.98790928 -2.99126903
v 1.17685777 0.98790928 -3.00239178
v 1.18931670 0.94861852 -3.00441481
v 1.18931670 0.94861852 -2.98924600
v 1.21297840 0.94861852 -3.00441481
v 1.18931670 0.94861852 -3.00441481
v 1.17685777 0.98790928 -3.00239178
v 1.20051947 0.98790928 -3.00298243
v 1.18931670 0.94861852 -2.98924600
v 1.21297840 0.94861852 -2.98924600
v 1.20051947 0.98790928 -2.99067796
v 1.17685777 0.98790928 -2.99126903
v 1.19678190 0.99982918 -3.00298243
v 1.19678190 0.99982918 -2.99067796
v 1.17301146 0.99982918 -3.00239178
v 1.19678190 0.99982918 -3.00298243
v 1.05836664 0.98790928 -2.99998126
v 1.05836664 0.98790928 -2.99367934
v 1.05836664 0.99982918 -2.99367934
v 1.05836664 0.99982918 -2.99998126
v 1.19678190 0.99982918 -2.99067796
v 1.17301146 0.99982918 -2.99126903
v 1.17685777 0.98790928 -3.00239178
v 1.17685777 0.98790928 -2.99126903
v 1.05836664 0.98790928 -2.99367934
v 1.05836664 0.98790928 -2.99998126
v 1.05836664 0.99982918 -2.99367934
v 1.05836664 0.98790928 -2.99367934
v 1.05836664 0.99982918 -2.99998126
v 1.05836664 0.99982918 -2.99367934
v 1.05836664 0.98790928 -2.99998126
v 1.05836664 0.99982918 -2.99998126
v 0.62611851 0.94861852 -2.83349024
v 0.64128732 0.94861852 -2.83349024
v 0.63985495 0.98790928 -2.84594938
v 0.62755047 0.98790928 -2.84594938
v 0.62755047 0.99982918 -2.84968675
v 0.63985495 0.99982918 -2.84968675
v 0.63926429 0.99982918 -2.87345687
v 0.62814155 0.99982918 -2.87345687
v 0.62814155 0.98790928 -2.86961066
v 0.63926429 0.98790928 -2.86961066
v 0.64128732 0.94861852 -2.85715194
v 0.62611851 0.94861852 -2.85715194
v 0.64128732 0.94861852 -2.83349024
v 0.64128732 0.94861852 -2.85715194
v 0.63926429 0.98790928 -2.86961066
v 0.63985495 0.98790928 -2.84594938
v 0.62611851 0.94861852 -2.85715194
v 0.62611851 0.94861852 -2.83349024
v 0.62755047 0.98790928 -2.84594938
v 0.62814155 0.98790928 -2.86961066
v 0.63985495 0.99982918 -2.84968675
v 0.62755047 0.99982918 -2.84968675
v 0.63926429 0.99982918 -2.87345687
v 0.63985495 0.99982918 -2.84968675
v 0.63685378 0.98790928 -2.96161100
v 0.63055185 0.98790928 -2.96161100
v 0.63055185 0.99982918 -2.96161100
v 0.63685378 0.99982918 -2.96161100
v 0.62755047 0.99982918 -2.84968675
v 0.62814155 0.99982918 -2.87345687
v 0.63926429 0.98790928 -2.86961066
v 0.62814155 0.98790928 -2.86961066
v 0.63055185 0.98790928 -2.96161100
v 0.63685378 0.98790928 -2.96161100
v 0.63055185 0.99982918 -2.96161100
v 0.63055185 0.98790928 -2.96161100
v 0.63685378 0.99982918 -2.96161100
v 0.63055185 0.99982918 -2.96161100
v 0.63685378 0.98790928 -2.96161100
v 0.63685378 0.99982918 -2.96161100
v 0.64128732 0.94861852 -3.16038099
v 0.62611851 0.94861852 -3.16038099
v 0.62755089 0.98790928 -3.14792186
v 0.63985536 0.98790928 -3.14792186
v 0.63985536 0.99982918 -3.14418428
v 0.62755089 0.99982918 -3.14418428
v 0.62814155 0.99982918 -3.12041374
v 0.63926429 0.99982918 -3.12041374
v 0.63926429 0.98790928 -3.12426037
v 0.62814155 0.98790928 -3.12426037
v 0.62611851 0.94861852 -3.13671909
v 0.64128732 0.94861852 -3.13671909
v 0.62611851 0.94861852 -3.16038099
v 0.62611851 0.94861852 -3.13671909
v 0.62814155 0.98790928 -3.12426037
v 0.62755089 0.98790928 -3.14792186
v 0.64128732 0.94861852 -3.13671909
v 0.64128732 0.94861852 -3.16038099
v 0.63985536 0.98790928 -3.14792186
v 0.63926429 0.98790928 -3.12426037
v 0.62755089 0.99982918 -3.14418428
v 0.63985536 0.99982918 -3.14418428
v 0.62814155 0.99982918 -3.12041374
v 0.62755089 0.99982918 -3.14418428
v 0.63055206 0.98790928 -3.03226023
v 0.63685398 0.98790928 -3.03226023
v 0.63685398 0.99982918 -3.03226023
v 0.63055206 0.99982918 -3.03226023
v 0.63985536 0.99982918 -3.14418428
v 0.63926429 0.99982918 -3.12041374
v 0.62814155 0.98790928 -3.12426037
v 0.63926429 0.98790928 -3.12426037
v 0.63685398 0.98790928 -3.03226023
v 0.63055206 0.98790928 -3.03226023
v 0.63685398 0.99982918 -3.03226023
v 0.63685398 0.98790928 -3.03226023
v 0.63055206 0.99982918 -3.03226023
v 0.63685398 0.99982918 -3.03226023
v 0.63055206 0.98790928 -3.03226023
v 0.63055206 0.99982918 -3.03226023
v 0.44125677 0.94861852 -3.00441481
v 0.44125677 0.94861852 -2.98924600
v 0.45371565 0.98790928 -2.99067796
v 0.45371565 0.98790928 -3.00298243
v 0.45745317 0.99982918 -3.00298243
v 0.45745317 0.99982918 -2.99067796
v 0.48122361 0.99982918 -2.99126903
v 0.48122361 0.99982918 -3.00239178
v 0.47737729 0.98790928 -3.00239178
v 0.47737729 0.98790928 -2.99126903
v 0.46491837 0.94861852 -2.98924600
v 0.46491837 0.94861852 -3.00441481
v 0.44125677 0.94861852 -2.98924600
v 0.46491837 0.94861852 -2.98924600
v 0.47737729 0.98790928 -2.99126903
v 0.45371565 0.98790928 -2.99067796
v 0.46491837 0.94861852 -3.00441481
v 0.44125677 0.94861852 -3.00441481
v 0.45371565 0.98790928 -3.00298243
v 0.47737729 0.98790928 -3.00239178
v 0.45745317 0.99982918 -2.99067796
v 0.45745317 0.99982918 -3.00298243
v 0.48122361 0.99982918 -2.99126903
v 0.45745317 0.99982918 -2.99067796
v 0.59829936 0.98790928 -2.99367934
v 0.59829936 0.98790928 -2.99998126
v 0.59829936 0.99982918 -2.99998126
v 0.59829936 0.99982918 -2.99367934
v 0.45745317 0.99982918 -3.00298243
v 0.48122361 0.99982918 -3.00239178
v 0.47737729 0.98790928 -2.99126903
v 0.47737729 0.98790928 -3.00239178
v 0.59829936 0.98790928 -2.99998126
v 0.59829936 0.98790928 -2.99367934
v 0.59829936 0.99982918 -2.99998126
v 0.59829936 0.98790928 -2.99998126
v 0.59829936 0.99982918 -2.99367934
v 0.59829936 0.99982918 -2.99998126
v 0.59829936 0.98790928 -2.99367934
v 0.59829936 0.99982918 -2.99367934
v 0.70226008 0.94420954 -3.01795864
v 0.69222742 0.94420954 -3.03764891
v 0.69222742 0.95499954 -3.03764891
v 0.70226008 0.95499954 -3.01795864
v 0.67660132 0.94420954 -3.05327507
v 0.67660132 0.95499954 -3.05327507
v 0.65691136 0.94420954 -3.06330752
v 0.65691136 0.95499954 -3.06330752
v 0.63508481 0.94420954 -3.06676417
v 0.63508481 0.95499954 -3.06676417
v 0.61325821 0.94420954 -3.06330752
v 0.61325821 0.95499954 -3.06330752
v 0.59356826 0.94420954 -3.05327507
v 0.59356826 0.95499954 -3.05327507
v 0.57794215 0.94420954 -3.03764891
v 0.57794215 0.95499954 -3.03764891
v 0.56790960 0.94420954 -3.01795906
v 0.56790960 0.95499954 -3.01795906
v 0.56445258 0.94420954 -2.99613236
v 0.56445258 0.95499954 -2.99613236
v 0.56790960 0.94420954 -2.97430565
v 0.56790960 0.95499954 -2.97430565
v 0.57794215 0.94420954 -2.95461539
v 0.57794215 0.95499954 -2.95461539
v 0.59356826 0.94420954 -2.93898943
v 0.59356826 0.95499954 -2.93898943
v 0.61325816 0.94420954 -2.92895719
v 0.61325816 0.95499954 -2.92895719
v 0.63508481 0.94420954 -2.92550012
v 0.63508481 0.95499954 -2.92550012
v 0.65691136 0.94420954 -2.92895719
v 0.65691136 0.95499954 -2.92895719
v 0.67660137 0.94420954 -2.93898943
v 0.67660137 0.95499954 -2.93898943
v 0.69222748 0.94420954 -2.95461580
v 0.69222748 0.95499954 -2.95461580
v 0.70225998 0.94420954 -2.97430565
v 0.70225998 0.95499954 -2.97430565
v 0.70571704 0.94420954 -2.99613236
v 0.70571704 0.95499954 -2.99613236
v 0.69502008 0.94420954 -3.01560618
v 0.69502008 0.95499954 -3.01560618
v 0.68606881 0.95499954 -3.03317431
v 0.68606881 0.94420954 -3.03317431
v 0.67212677 0.95499954 -3.04711599
v 0.67212677 0.94420954 -3.04711599
v 0.65455895 0.95499954 -3.05606747
v 0.65455895 0.94420954 -3.05606747
v 0.63508481 0.95499954 -3.05915178
v 0.63508481 0.94420954 -3.05915178
v 0.61561058 0.95499954 -3.05606747
v 0.61561058 0.94420954 -3.05606747
v 0.59804275 0.95499954 -3.04711599
v 0.59804275 0.94420954 -3.04711599
v 0.58410076 0.95499954 -3.03317431
v 0.58410076 0.94420954 -3.03317431
v 0.57514949 0.95499954 -3.01560618
v 0.57514949 0.94420954 -3.01560618
v 0.57206508 0.95499954 -2.99613236
v 0.57206508 0.94420954 -2.99613236
v 0.57514949 0.95499954 -2.97665812
v 0.57514949 0.94420954 -2.97665812
v 0.58410076 0.95499954 -2.95908999
v 0.58410076 0.94420954 -2.95908999
v 0.59804275 0.95499954 -2.94514810
v 0.59804275 0.94420954 -2.94514810
v 0.61561058 0.95499954 -2.93619703
v 0.61561058 0.94420954 -2.93619703
v 0.63508481 0.95499954 -2.93311252
v 0.63508481 0.94420954 -2.93311252
v 0.65455889 0.95499954 -2.93619703
v 0.65455889 0.94420954 -2.93619703
v 0.67212677 0.95499954 -2.94514810
v 0.67212677 0.94420954 -2.94514810
v 0.68606881 0.95499954 -2.95909019
v 0.68606881 0.94420954 -2.95909019
v 0.69502008 0.95499954 -2.97665812
v 0.69502008 0.94420954 -2.97665812
v 0.69810444 0.95499954 -2.99613236
v 0.69810444 0.94420954 -2.99613236
v 0.68606881 0.95499954 -3.03317431
v 0.69502008 0.95499954 -3.01560618
v 0.70226008 0.95499954 -3.01795864
v 0.69222742 0.95499954 -3.03764891
v 0.67212677 0.95499954 -3.04711599
v 0.67660132 0.95499954 -3.05327507
v 0.65455895 0.95499954 -3.05606747
v 0.65691136 0.95499954 -3.06330752
v 0.63508481 0.95499954 -3.05915178
v 0.63508481 0.95499954 -3.06676417
v 0.61561058 0.95499954 -3.05606747
v 0.61325821 0.95499954 -3.06330752
v 0.59804275 0.95499954 -3.04711599
v 0.59356826 0.95499954 -3.05327507
v 0.58410076 0.95499954 -3.03317431
v 0.57794215 0.95499954 -3.03764891
v 0.57514949 0.95499954 -3.01560618
v 0.56790960 0.95499954 -3.01795906
v 0.57206508 0.95499954 -2.99613236
v 0.56445258 0.95499954 -2.99613236
v 0.57514949 0.95499954 -2.97665812
v 0.56790960 0.95499954 -2.97430565
v 0.58410076 0.95499954 -2.95908999
v 0.57794215 0.95499954 -2.95461539
v 0.59804275 0.95499954 -2.94514810
v 0.59356826 0.95499954 -2.93898943
v 0.61561058 0.95499954 -2.93619703
v 0.61325816 0.95499954 -2.92895719
v 0.63508481 0.95499954 -2.93311252
v 0.63508481 0.95499954 -2.92550012
v 0.65455889 0.95499954 -2.93619703
v 0.65691136 0.95499954 -2.92895719
v 0.67212677 0.95499954 -2.94514810
v 0.67660137 0.95499954 -2.93898943
v 0.68606881 0.95499954 -2.95909019
v 0.69222748 0.95499954 -2.95461580
v 0.69502008 0.95499954 -2.97665812
v 0.70225998 0.95499954 -2.97430565
v 0.69810444 0.95499954 -2.99613236
v 0.70571704 0.95499954 -2.99613236
v 0.73174199 0.93682738 -3.02753830
v 0.71730616 0.93682738 -3.05586948
v 0.71730616 0.94532327 -3.05586948
v 0.73174199 0.94532327 -3.02753830
v 0.69482225 0.93682738 -3.07835339
v 0.69482225 0.94532327 -3.07835339
v 0.66649066 0.93682738 -3.09278912
v 0.66649066 0.94532327 -3.09278912
v 0.63508481 0.93682738 -3.09776356
v 0.63508481 0.94532327 -3.09776356
v 0.60367892 0.93682738 -3.09278912
v 0.60367892 0.94532327 -3.09278912
v 0.57534738 0.93682738 -3.07835339
v 0.57534738 0.94532327 -3.07835339
v 0.55286336 0.93682738 -3.05586948
v 0.55286336 0.94532327 -3.05586948
v 0.53842759 0.93682738 -3.02753830
v 0.53842759 0.94532327 -3.02753830
v 0.53345345 0.93682738 -2.99613236
v 0.53345345 0.94532327 -2.99613236
v 0.53842759 0.93682738 -2.96472641
v 0.53842759 0.94532327 -2.96472641
v 0.55286336 0.93682738 -2.93639440
v 0.55286336 0.94532327 -2.93639440
v 0.57534738 0.93682738 -2.91391070
v 0.57534738 0.94532327 -2.91391070
v 0.60367892 0.93682738 -2.89947477
v 0.60367892 0.94532327 -2.89947477
v 0.63508481 0.93682738 -2.89450073
v 0.63508481 0.94532327 -2.89450073
v 0.66649066 0.93682738 -2.89947477
v 0.66649066 0.94532327 -2.89947477
v 0.69482214 0.93682738 -2.91391070
v 0.69482214 0.94532327 -2.91391070
v 0.71730616 0.93682738 -2.93639440
v 0.71730616 0.94532327 -2.93639440
v 0.73174199 0.93682738 -2.96472641
v 0.73174199 0.94532327 -2.96472641
v 0.73671607 0.93682738 -2.99613236
v 0.73671607 0.94532327 -2.99613236
v 0.73174199 0.94781464 -3.02753830
v 0.71730616 0.94781464 -3.05586948
v 0.70827870 0.94781464 -3.04931048
v 0.72112946 0.94781464 -3.02408932
v 0.71730616 0.94781464 -3.05586948
v 0.69482225 0.94781464 -3.07835339
v 0.68826330 0.94781464 -3.06932603
v 0.70827870 0.94781464 -3.04931048
v 0.69482225 0.94781464 -3.07835339
v 0.66649066 0.94781464 -3.09278912
v 0.66304240 0.94781464 -3.08217638
v 0.68826330 0.94781464 -3.06932603
v 0.66649066 0.94781464 -3.09278912
v 0.63508481 0.94781464 -3.09776356
v 0.63508481 0.94781464 -3.08660495
v 0.66304240 0.94781464 -3.08217638
v 0.63508481 0.94781464 -3.09776356
v 0.60367892 0.94781464 -3.09278912
v 0.60712707 0.94781464 -3.08217638
v 0.63508481 0.94781464 -3.08660495
v 0.60367892 0.94781464 -3.09278912
v 0.57534738 0.94781464 -3.07835339
v 0.58190617 0.94781464 -3.06932603
v 0.60712707 0.94781464 -3.08217638
v 0.57534738 0.94781464 -3.07835339
v 0.55286336 0.94781464 -3.05586948
v 0.56189077 0.94781464 -3.04931048
v 0.58190617 0.94781464 -3.06932603
v 0.55286336 0.94781464 -3.05586948
v 0.53842759 0.94781464 -3.02753830
v 0.54904001 0.94781464 -3.02408932
v 0.56189077 0.94781464 -3.04931048
v 0.53842759 0.94781464 -3.02753830
v 0.53345345 0.94781464 -2.99613236
v 0.54461201 0.94781464 -2.99613236
v 0.54904001 0.94781464 -3.02408932
v 0.53842759 0.94781464 -2.96472641
v 0.54904001 0.94781464 -2.96817456
v 0.53842759 0.94781464 -2.96472641
v 0.55286336 0.94781464 -2.93639440
v 0.56189077 0.94781464 -2.94295319
v 0.54904001 0.94781464 -2.96817456
v 0.55286336 0.94781464 -2.93639440
v 0.57534738 0.94781464 -2.91391070
v 0.58190617 0.94781464 -2.92293847
v 0.56189077 0.94781464 -2.94295319
v 0.57534738 0.94781464 -2.91391070
v 0.60367892 0.94781464 -2.89947477
v 0.60712707 0.94781464 -2.91008729
v 0.58190617 0.94781464 -2.92293847
v 0.60367892 0.94781464 -2.89947477
v 0.63508481 0.94781464 -2.89450073
v 0.63508481 0.94781464 -2.90565893
v 0.60712707 0.94781464 -2.91008729
v 0.63508481 0.94781464 -2.89450073
v 0.66649066 0.94781464 -2.89947477
v 0.66304240 0.94781464 -2.91008729
v 0.63508481 0.94781464 -2.90565893
v 0.66649066 0.94781464 -2.89947477
v 0.69482214 0.94781464 -2.91391070
v 0.68826320 0.94781464 -2.92293847
v 0.66304240 0.94781464 -2.91008729
v 0.69482214 0.94781464 -2.91391070
v 0.71730616 0.94781464 -2.93639440
v 0.70827870 0.94781464 -2.94295319
v 0.68826320 0.94781464 -2.92293847
v 0.71730616 0.94781464 -2.93639440
v 0.73174199 0.94781464 -2.96472641
v 0.72112946 0.94781464 -2.96817456
v 0.70827870 0.94781464 -2.94295319
v 0.73174199 0.94781464 -2.96472641
v 0.73671607 0.94781464 -2.99613236
v 0.72555736 0.94781464 -2.99613236
v 0.72112946 0.94781464 -2.96817456
v 0.73174199 0.94781464 -3.02753830
v 0.72112946 0.94781464 -3.02408932
v 0.71730616 0.94781464 -3.05586948
v 0.73174199 0.94781464 -3.02753830
v 0.70827870 0.94532327 -3.04931048
v 0.72112946 0.94532327 -3.02408932
v 0.72112946 0.94781464 -3.02408932
v 0.70827870 0.94781464 -3.04931048
v 0.69482225 0.94781464 -3.07835339
v 0.68826330 0.94532327 -3.06932603
v 0.68826330 0.94781464 -3.06932603
v 0.66649066 0.94781464 -3.09278912
v 0.66304240 0.94532327 -3.08217638
v 0.66304240 0.94781464 -3.08217638
v 0.63508481 0.94781464 -3.09776356
v 0.63508481 0.94532327 -3.08660495
v 0.63508481 0.94781464 -3.08660495
v 0.60367892 0.94781464 -3.09278912
v 0.60712707 0.94532327 -3.08217638
v 0.60712707 0.94781464 -3.08217638
v 0.57534738 0.94781464 -3.07835339
v 0.58190617 0.94532327 -3.06932603
v 0.58190617 0.94781464 -3.06932603
v 0.55286336 0.94781464 -3.05586948
v 0.56189077 0.94532327 -3.04931048
v 0.56189077 0.94781464 -3.04931048
v 0.53842759 0.94781464 -3.02753830
v 0.54904001 0.94532327 -3.02408932
v 0.54904001 0.94781464 -3.02408932
v 0.53345345 0.94781464 -2.99613236
v 0.54461201 0.94532327 -2.99613236
v 0.54461201 0.94781464 -2.99613236
v 0.53842759 0.94781464 -2.96472641
v 0.54904001 0.94532327 -2.96817456
v 0.54904001 0.94781464 -2.96817456
v 0.55286336 0.94781464 -2.93639440
v 0.56189077 0.94532327 -2.94295319
v 0.56189077 0.94781464 -2.94295319
v 0.57534738 0.94781464 -2.91391070
v 0.58190617 0.94532327 -2.92293847
v 0.58190617 0.94781464 -2.92293847
v 0.60367892 0.94781464 -2.89947477
v 0.60712707 0.94532327 -2.91008729
v 0.60712707 0.94781464 -2.91008729
v 0.63508481 0.94781464 -2.89450073
v 0.63508481 0.94532327 -2.90565893
v 0.63508481 0.94781464 -2.90565893
v 0.66649066 0.94781464 -2.89947477
v 0.66304240 0.94532327 -2.91008729
v 0.66304240 0.94781464 -2.91008729
v 0.69482214 0.94781464 -2.91391070
v 0.68826320 0.94532327 -2.92293847
v 0.68826320 0.94781464 -2.92293847
v 0.71730616 0.94781464 -2.93639440
v 0.70827870 0.94532327 -2.94295319
v 0.70827870 0.94781464 -2.94295319
v 0.73174199 0.94781464 -2.96472641
v 0.72112946 0.94532327 -2.96817456
v 0.72112946 0.94781464 -2.96817456
v 0.73671607 0.94781464 -2.99613236
v 0.72555736 0.94532327 -2.99613236
v 0.72555736 0.94781464 -2.99613236
v 0.44155889 0.92604971 -3.15972752
v 0.44155889 0.92604971 -3.13592961
v 0.44155889 0.95004675 -3.13592961
v 0.44155889 0.95004675 -3.15972752
v 0.44155889 0.95004675 -3.15972752
v 0.44155889 0.95004675 -3.13592961
v 0.46461630 0.95004675 -3.13592961
v 0.46461630 0.95004675 -3.15972752
v 0.82320439 0.95004675 -3.15972752
v 0.82320439 0.95004675 -3.13592961
v 0.82320439 0.92604971 -3.13592961
v 0.82320439 0.92604971 -3.15972752
v 0.44155889 0.92604971 -2.83438276
v 0.46461630 0.92604971 -2.83438276
v 0.46461630 0.95004675 -2.83438276
v 0.44155889 0.95004675 -2.83438276
v 0.46461630 0.92604971 -3.15972752
v 0.44155889 0.92604971 -3.15972752
v 0.44155889 0.95004675 -3.15972752
v 0.46461630 0.95004675 -3.15972752
v 0.46461630 0.95004675 -3.13592961
v 0.46461630 0.95004675 -2.85305861
v 0.46461630 0.92604971 -2.85305861
v 0.46461630 0.92604971 -3.13592961
v 0.44155889 0.92604971 -2.85305861
v 0.44155889 0.95004675 -2.85305861
v 0.44155889 0.95004675 -2.85305861
v 0.46461630 0.95004675 -2.85305861
v 0.82320439 0.95004675 -2.85305861
v 0.82320439 0.95004675 -2.83438276
v 0.82320439 0.92604971 -2.83438276
v 0.82320439 0.92604971 -2.85305861
v 0.44155889 0.92604971 -2.83438276
v 0.44155889 0.95004675 -2.83438276
v 0.44155889 0.95004675 -2.83438276
v 0.46461630 0.95004675 -2.83438276
v 0.80036166 0.95004675 -3.13592961
v 0.80036166 0.95004675 -3.15972752
v 0.46461630 0.95004675 -3.13592961
v 0.46461630 0.92604971 -3.13592961
v 0.80036166 0.92604971 -3.13592961
v 0.80036166 0.95004675 -3.13592961
v 0.80036166 0.95004675 -3.15972752
v 0.80036166 0.92604971 -3.15972752
v 0.80036166 0.95004675 -2.83438276
v 0.80036166 0.95004675 -2.85305861
v 0.80036166 0.92604971 -2.83438276
v 0.80036166 0.95004675 -2.83438276
v 0.46461630 0.92604971 -2.85305861
v 0.46461630 0.95004675 -2.85305861
v 0.80036166 0.95004675 -2.85305861
v 0.80036166 0.92604971 -2.85305861
v 0.82320439 0.95004675 -3.13592961
v 0.82320439 0.95004675 -3.15972752
v 0.82320439 0.95004675 -3.15972752
v 0.82320439 0.92604971 -3.15972752
v 0.82320439 0.95004675 -2.83438276
v 0.82320439 0.95004675 -2.85305861
v 0.82320439 0.92604971 -2.83438276
v 0.82320439 0.95004675 -2.83438276
v 0.80036166 0.95004675 -3.13592961
v 0.80036166 0.92604971 -3.13592961
v 0.80036166 0.92604971 -2.85305861
v 0.80036166 0.95004675 -2.85305861
v 0.67746408 0.94170013 -3.00990238
v 0.67113484 0.94170013 -3.02232440
v 0.67113484 0.95549534 -3.02232440
v 0.67746408 0.95549534 -3.00990238
v 0.66127665 0.94170013 -3.03218228
v 0.66127665 0.95549534 -3.03218228
v 0.64885468 0.94170013 -3.03851198
v 0.64885468 0.95549534 -3.03851198
v 0.63508481 0.94170013 -3.04069258
v 0.63508481 0.95549534 -3.04069258
v 0.62131495 0.94170013 -3.03851198
v 0.62131495 0.95549534 -3.03851198
v 0.60889292 0.94170013 -3.03218228
v 0.60889292 0.95549534 -3.03218228
v 0.59903478 0.94170013 -3.02232440
v 0.59903478 0.95549534 -3.02232440
v 0.59270549 0.94170013 -3.00990238
v 0.59270549 0.95549534 -3.00990238
v 0.59052448 0.94170013 -2.99613236
v 0.59052448 0.95549534 -2.99613236
v 0.59270549 0.94170013 -2.98236233
v 0.59270549 0.95549534 -2.98236233
v 0.59903478 0.94170013 -2.96994052
v 0.59903478 0.95549534 -2.96994052
v 0.60889292 0.94170013 -2.96008243
v 0.60889292 0.95549534 -2.96008243
v 0.62131495 0.94170013 -2.95375293
v 0.62131495 0.95549534 -2.95375293
v 0.63508481 0.94170013 -2.95157192
v 0.63508481 0.95549534 -2.95157192
v 0.64885468 0.94170013 -2.95375293
v 0.64885468 0.95549534 -2.95375293
v 0.66127665 0.94170013 -2.96008243
v 0.66127665 0.95549534 -2.96008243
v 0.67113484 0.94170013 -2.96994052
v 0.67113484 0.95549534 -2.96994052
v 0.67746408 0.94170013 -2.98236233
v 0.67746408 0.95549534 -2.98236233
v 0.67964499 0.94170013 -2.99613236
v 0.67964499 0.95549534 -2.99613236
v 0.82347027 0.94861852 -2.98924600
v 0.82347027 0.94861852 -3.00441481
v 0.81101140 0.98790928 -3.00298243
v 0.81101140 0.98790928 -2.99067796
v 0.80727383 0.99982918 -2.99067796
v 0.80727383 0.99982918 -3.00298243
v 0.78350334 0.99982918 -3.00239178
v 0.78350334 0.99982918 -2.99126903
v 0.78734970 0.98790928 -2.99126903
v 0.78734970 0.98790928 -3.00239178
v 0.79980863 0.94861852 -3.00441481
v 0.79980863 0.94861852 -2.98924600
v 0.82347027 0.94861852 -3.00441481
v 0.79980863 0.94861852 -3.00441481
v 0.78734970 0.98790928 -3.00239178
v 0.81101140 0.98790928 -3.00298243
v 0.79980863 0.94861852 -2.98924600
v 0.82347027 0.94861852 -2.98924600
v 0.81101140 0.98790928 -2.99067796
v 0.78734970 0.98790928 -2.99126903
v 0.80727383 0.99982918 -3.00298243
v 0.80727383 0.99982918 -2.99067796
v 0.78350334 0.99982918 -3.00239178
v 0.80727383 0.99982918 -3.00298243
v 0.66885846 0.98790928 -2.99998126
v 0.66885846 0.98790928 -2.99367934
v 0.66885846 0.99982918 -2.99367934
v 0.66885846 0.99982918 -2.99998126
v 0.80727383 0.99982918 -2.99067796
v 0.78350334 0.99982918 -2.99126903
v 0.78734970 0.98790928 -3.00239178
v 0.78734970 0.98790928 -2.99126903
v 0.66885846 0.98790928 -2.99367934
v 0.66885846 0.98790928 -2.99998126
v 0.66885846 0.99982918 -2.99367934
v 0.66885846 0.98790928 -2.99367934
v 0.66885846 0.99982918 -2.99998126
v 0.66885846 0.99982918 -2.99367934
v 0.66885846 0.98790928 -2.99998126
v 0.66885846 0.99982918 -2.99998126
v 1.01562669 0.94861852 -2.50392589
v 1.03079550 0.94861852 -2.50392589
v 1.02936312 0.98790928 -2.51638482
v 1.01705865 0.98790928 -2.51638482
v 1.01705865 0.99982918 -2.52012239
v 1.02936312 0.99982918 -2.52012239
v 1.02877247 0.99982918 -2.54389273
v 1.01764972 0.99982918 -2.54389273
v 1.01764972 0.98790928 -2.54004631
v 1.02877247 0.98790928 -2.54004631
v 1.03079550 0.94861852 -2.52758759
v 1.01562669 0.94861852 -2.52758759
v 1.03079550 0.94861852 -2.50392589
v 1.03079550 0.94861852 -2.52758759
v 1.02877247 0.98790928 -2.54004631
v 1.02936312 0.98790928 -2.51638482
v 1.01562669 0.94861852 -2.52758759
v 1.01562669 0.94861852 -2.50392589
v 1.01705865 0.98790928 -2.51638482
v 1.01764972 0.98790928 -2.54004631
v 1.02936312 0.99982918 -2.52012239
v 1.01705865 0.99982918 -2.52012239
v 1.02877247 0.99982918 -2.54389273
v 1.02936312 0.99982918 -2.52012239
v 1.02636195 0.98790928 -2.63204644
v 1.02006003 0.98790928 -2.63204644
v 1.02006003 0.99982918 -2.63204644
v 1.02636195 0.99982918 -2.63204644
v 1.01705865 0.99982918 -2.52012239
v 1.01764972 0.99982918 -2.54389273
v 1.02877247 0.98790928 -2.54004631
v 1.01764972 0.98790928 -2.54004631
v 1.02006003 0.98790928 -2.63204644
v 1.02636195 0.98790928 -2.63204644
v 1.02006003 0.99982918 -2.63204644
v 1.02006003 0.98790928 -2.63204644
v 1.02636195 0.99982918 -2.63204644
v 1.02006003 0.99982918 -2.63204644
v 1.02636195 0.98790928 -2.63204644
v 1.02636195 0.99982918 -2.63204644
v 1.03079550 0.94861852 -2.83081664
v 1.01562669 0.94861852 -2.83081664
v 1.01705906 0.98790928 -2.81835751
v 1.02936354 0.98790928 -2.81835751
v 1.02936354 0.99982918 -2.81462014
v 1.01705906 0.99982918 -2.81462014
v 1.01764972 0.99982918 -2.79084960
v 1.02877247 0.99982918 -2.79084960
v 1.02877247 0.98790928 -2.79469602
v 1.01764972 0.98790928 -2.79469602
v 1.01562669 0.94861852 -2.80715494
v 1.03079550 0.94861852 -2.80715494
v 1.01562669 0.94861852 -2.83081664
v 1.01562669 0.94861852 -2.80715494
v 1.01764972 0.98790928 -2.79469602
v 1.01705906 0.98790928 -2.81835751
v 1.03079550 0.94861852 -2.80715494
v 1.03079550 0.94861852 -2.83081664
v 1.02936354 0.98790928 -2.81835751
v 1.02877247 0.98790928 -2.79469602
v 1.01705906 0.99982918 -2.81462014
v 1.02936354 0.99982918 -2.81462014
v 1.01764972 0.99982918 -2.79084960
v 1.01705906 0.99982918 -2.81462014
v 1.02006024 0.98790928 -2.70269588
v 1.02636216 0.98790928 -2.70269588
v 1.02636216 0.99982918 -2.70269588
v 1.02006024 0.99982918 -2.70269588
v 1.02936354 0.99982918 -2.81462014
v 1.02877247 0.99982918 -2.79084960
v 1.01764972 0.98790928 -2.79469602
v 1.02877247 0.98790928 -2.79469602
v 1.02636216 0.98790928 -2.70269588
v 1.02006024 0.98790928 -2.70269588
v 1.02636216 0.99982918 -2.70269588
v 1.02636216 0.98790928 -2.70269588
v 1.02006024 0.99982918 -2.70269588
v 1.02636216 0.99982918 -2.70269588
v 1.02006024 0.98790928 -2.70269588
v 1.02006024 0.99982918 -2.70269588
v 0.83076490 0.94861852 -2.67485046
v 0.83076490 0.94861852 -2.65968164
v 0.84322377 0.98790928 -2.66111361
v 0.84322377 0.98790928 -2.67341808
v 0.84696135 0.99982918 -2.67341808
v 0.84696135 0.99982918 -2.66111361
v 0.87073173 0.99982918 -2.66170468
v 0.87073173 0.99982918 -2.67282742
v 0.86688542 0.98790928 -2.67282742
v 0.86688542 0.98790928 -2.66170468
v 0.85442654 0.94861852 -2.65968164
v 0.85442654 0.94861852 -2.67485046
v 0.83076490 0.94861852 -2.65968164
v 0.85442654 0.94861852 -2.65968164
v 0.86688542 0.98790928 -2.66170468
v 0.84322377 0.98790928 -2.66111361
v 0.85442654 0.94861852 -2.67485046
v 0.83076490 0.94861852 -2.67485046
v 0.84322377 0.98790928 -2.67341808
v 0.86688542 0.98790928 -2.67282742
v 0.84696135 0.99982918 -2.66111361
v 0.84696135 0.99982918 -2.67341808
v 0.87073173 0.99982918 -2.66170468
v 0.84696135 0.99982918 -2.66111361
v 0.98780749 0.98790928 -2.66411499
v 0.98780749 0.98790928 -2.67041691
v 0.98780749 0.99982918 -2.67041691
v 0.98780749 0.99982918 -2.66411499
v 0.84696135 0.99982918 -2.67341808
v 0.87073173 0.99982918 -2.67282742
v 0.86688542 0.98790928 -2.66170468
v 0.86688542 0.98790928 -2.67282742
v 0.98780749 0.98790928 -2.67041691
v 0.98780749 0.98790928 -2.66411499
v 0.98780749 0.99982918 -2.67041691
v 0.98780749 0.98790928 -2.67041691
v 0.98780749 0.99982918 -2.66411499
v 0.98780749 0.99982918 -2.67041691
v 0.98780749 0.98790928 -2.66411499
v 0.98780749 0.99982918 -2.66411499
v 1.08779496 0.94447989 -2.68710331
v 1.07835565 0.94447989 -2.70562905
v 1.07835565 0.95355793 -2.70562905
v 1.08779496 0.95355793 -2.68710331
v 1.06365383 0.94447989 -2.72033077
v 1.06365383 0.95355793 -2.72033077
v 1.04512850 0.94447989 -2.72976987
v 1.04512850 0.95355793 -2.72976987
v 1.02459288 0.94447989 -2.73302231
v 1.02459288 0.95355793 -2.73302231
v 1.00405737 0.94447989 -2.72976987
v 1.00405737 0.95355793 -2.72976987
v 0.98553204 0.94447989 -2.72033077
v 0.98553204 0.95355793 -2.72033077
v 0.97083012 0.94447989 -2.70562905
v 0.97083012 0.95355793 -2.70562905
v 0.96139102 0.94447989 -2.68710372
v 0.96139102 0.95355793 -2.68710372
v 0.95813837 0.94447989 -2.66656800
v 0.95813837 0.95355793 -2.66656800
v 0.96139102 0.94447989 -2.64603228
v 0.96139102 0.95355793 -2.64603228
v 0.97083012 0.94447989 -2.62750654
v 0.97083012 0.95355793 -2.62750654
v 0.98553204 0.94447989 -2.61280482
v 0.98553204 0.95355793 -2.61280482
v 1.00405727 0.94447989 -2.60336614
v 1.00405727 0.95355793 -2.60336614
v 1.02459288 0.94447989 -2.60011328
v 1.02459288 0.95355793 -2.60011328
v 1.04512850 0.94447989 -2.60336614
v 1.04512850 0.95355793 -2.60336614
v 1.06365393 0.94447989 -2.61280482
v 1.06365393 0.95355793 -2.61280482
v 1.07835576 0.94447989 -2.62750716
v 1.07835576 0.95355793 -2.62750716
v 1.08779485 0.94447989 -2.64603228
v 1.08779485 0.95355793 -2.64603228
v 1.09104740 0.94447989 -2.66656800
v 1.09104740 0.95355793 -2.66656800
v 1.08098323 0.94447989 -2.68488995
v 1.08098323 0.95355793 -2.68488995
v 1.07256136 0.95355793 -2.70141899
v 1.07256136 0.94447989 -2.70141899
v 1.05944388 0.95355793 -2.71453616
v 1.05944388 0.94447989 -2.71453616
v 1.04291525 0.95355793 -2.72295794
v 1.04291525 0.94447989 -2.72295794
v 1.02459288 0.95355793 -2.72586001
v 1.02459288 0.94447989 -2.72586001
v 1.00627052 0.95355793 -2.72295794
v 1.00627052 0.94447989 -2.72295794
v 0.98974189 0.95355793 -2.71453616
v 0.98974189 0.94447989 -2.71453616
v 0.97662452 0.95355793 -2.70141899
v 0.97662452 0.94447989 -2.70141899
v 0.96820264 0.95355793 -2.68488995
v 0.96820264 0.94447989 -2.68488995
v 0.96530067 0.95355793 -2.66656800
v 0.96530067 0.94447989 -2.66656800
v 0.96820264 0.95355793 -2.64824564
v 0.96820264 0.94447989 -2.64824564
v 0.97662452 0.95355793 -2.63171660
v 0.97662452 0.94447989 -2.63171660
v 0.98974189 0.95355793 -2.61859922
v 0.98974189 0.94447989 -2.61859922
v 1.00627052 0.95355793 -2.61017765
v 1.00627052 0.94447989 -2.61017765
v 1.02459288 0.95355793 -2.60727558
v 1.02459288 0.94447989 -2.60727558
v 1.04291515 0.95355793 -2.61017765
v 1.04291515 0.94447989 -2.61017765
v 1.05944388 0.95355793 -2.61859922
v 1.05944388 0.94447989 -2.61859922
v 1.07256136 0.95355793 -2.63171680
v 1.07256136 0.94447989 -2.63171680
v 1.08098323 0.95355793 -2.64824564
v 1.08098323 0.94447989 -2.64824564
v 1.08388510 0.95355793 -2.66656800
v 1.08388510 0.94447989 -2.66656800
v 1.07256136 0.95355793 -2.70141899
v 1.08098323 0.95355793 -2.68488995
v 1.08779496 0.95355793 -2.68710331
v 1.07835565 0.95355793 -2.70562905
v 1.05944388 0.95355793 -2.71453616
v 1.06365383 0.95355793 -2.72033077
v 1.04291525 0.95355793 -2.72295794
v 1.04512850 0.95355793 -2.72976987
v 1.02459288 0.95355793 -2.72586001
v 1.02459288 0.95355793 -2.73302231
v 1.00627052 0.95355793 -2.72295794
v 1.00405737 0.95355793 -2.72976987
v 0.98974189 0.95355793 -2.71453616
v 0.98553204 0.95355793 -2.72033077
v 0.97662452 0.95355793 -2.70141899
v 0.97083012 0.95355793 -2.70562905
v 0.96820264 0.95355793 -2.68488995
v 0.96139102 0.95355793 -2.68710372
v 0.96530067 0.95355793 -2.66656800
v 0.95813837 0.95355793 -2.66656800
v 0.96820264 0.95355793 -2.64824564
v 0.96139102 0.95355793 -2.64603228
v 0.97662452 0.95355793 -2.63171660
v 0.97083012 0.95355793 -2.62750654
v 0.98974189 0.95355793 -2.61859922
v 0.98553204 0.95355793 -2.61280482
v 1.00627052 0.95355793 -2.61017765
v 1.00405727 0.95355793 -2.60336614
v 1.02459288 0.95355793 -2.60727558
v 1.02459288 0.95355793 -2.60011328
v 1.04291515 0.95355793 -2.61017765
v 1.04512850 0.95355793 -2.60336614
v 1.05944388 0.95355793 -2.61859922
v 1.06365393 0.95355793 -2.61280482
v 1.07256136 0.95355793 -2.63171680
v 1.07835576 0.95355793 -2.62750716
v 1.08098323 0.95355793 -2.64824564
v 1.08779485 0.95355793 -2.64603228
v 1.08388510 0.95355793 -2.66656800
v 1.09104740 0.95355793 -2.66656800
v 0.83106696 0.92604971 -2.83016317
v 0.83106696 0.92604971 -2.80636547
v 0.83106696 0.95004675 -2.80636547
v 0.83106696 0.95004675 -2.83016317
v 0.83106696 0.95004675 -2.83016317
v 0.83106696 0.95004675 -2.80636547
v 0.85412443 0.95004675 -2.80636547
v 0.85412443 0.95004675 -2.83016317
v 1.21271251 0.95004675 -2.83016317
v 1.21271251 0.95004675 -2.80636547
v 1.21271251 0.92604971 -2.80636547
v 1.21271251 0.92604971 -2.83016317
v 0.83106696 0.92604971 -2.50481841
v 0.85412443 0.92604971 -2.50481841
v 0.85412443 0.95004675 -2.50481841
v 0.83106696 0.95004675 -2.50481841
v 0.85412443 0.92604971 -2.83016317
v 0.83106696 0.92604971 -2.83016317
v 0.83106696 0.95004675 -2.83016317
v 0.85412443 0.95004675 -2.83016317
v 0.85412443 0.95004675 -2.80636547
v 0.85412443 0.95004675 -2.52349425
v 0.85412443 0.92604971 -2.52349425
v 0.85412443 0.92604971 -2.80636547
v 0.83106696 0.92604971 -2.52349425
v 0.83106696 0.95004675 -2.52349425
v 0.83106696 0.95004675 -2.52349425
v 0.85412443 0.95004675 -2.52349425
v 1.21271251 0.95004675 -2.52349425
v 1.21271251 0.95004675 -2.50481841
v 1.21271251 0.92604971 -2.50481841
v 1.21271251 0.92604971 -2.52349425
v 0.83106696 0.92604971 -2.50481841
v 0.83106696 0.95004675 -2.50481841
v 0.83106696 0.95004675 -2.50481841
v 0.85412443 0.95004675 -2.50481841
v 1.18986983 0.95004675 -2.80636547
v 1.18986983 0.95004675 -2.83016317
v 0.85412443 0.95004675 -2.80636547
v 0.85412443 0.92604971 -2.80636547
v 1.18986983 0.92604971 -2.80636547
v 1.18986983 0.95004675 -2.80636547
v 1.18986983 0.95004675 -2.83016317
v 1.18986983 0.92604971 -2.83016317
v 1.18986983 0.95004675 -2.50481841
v 1.18986983 0.95004675 -2.52349425
v 1.18986983 0.92604971 -2.50481841
v 1.18986983 0.95004675 -2.50481841
v 0.85412443 0.92604971 -2.52349425
v 0.85412443 0.95004675 -2.52349425
v 1.18986983 0.95004675 -2.52349425
v 1.18986983 0.92604971 -2.52349425
v 1.21271251 0.95004675 -2.80636547
v 1.21271251 0.95004675 -2.83016317
v 1.21271251 0.95004675 -2.83016317
v 1.21271251 0.92604971 -2.83016317
v 1.21271251 0.95004675 -2.50481841
v 1.21271251 0.95004675 -2.52349425
v 1.21271251 0.92604971 -2.50481841
v 1.21271251 0.95004675 -2.50481841
v 1.18986983 0.95004675 -2.80636547
v 1.18986983 0.92604971 -2.80636547
v 1.18986983 0.92604971 -2.52349425
v 1.18986983 0.95004675 -2.52349425
v 1.05343967 0.94170013 -2.67594096
v 1.04913155 0.94170013 -2.68439632
v 1.04913155 0.95549534 -2.68439632
v 1.05343967 0.95549534 -2.67594096
v 1.04242120 0.94170013 -2.69110646
v 1.04242120 0.95549534 -2.69110646
v 1.03396585 0.94170013 -2.69541499
v 1.03396585 0.95549534 -2.69541499
v 1.02459288 0.94170013 -2.69689920
v 1.02459288 0.95549534 -2.69689920
v 1.01522003 0.94170013 -2.69541499
v 1.01522003 0.95549534 -2.69541499
v 1.00676456 0.94170013 -2.69110646
v 1.00676456 0.95549534 -2.69110646
v 1.00005433 0.94170013 -2.68439632
v 1.00005433 0.95549534 -2.68439632
v 0.99574610 0.94170013 -2.67594096
v 0.99574610 0.95549534 -2.67594096
v 0.99426148 0.94170013 -2.66656800
v 0.99426148 0.95549534 -2.66656800
v 0.99574610 0.94170013 -2.65719504
v 0.99574610 0.95549534 -2.65719504
v 1.00005433 0.94170013 -2.64873968
v 1.00005433 0.95549534 -2.64873968
v 1.00676456 0.94170013 -2.64202955
v 1.00676456 0.95549534 -2.64202955
v 1.01522003 0.94170013 -2.63772101
v 1.01522003 0.95549534 -2.63772101
v 1.02459288 0.94170013 -2.63623660
v 1.02459288 0.95549534 -2.63623660
v 1.03396585 0.94170013 -2.63772101
v 1.03396585 0.95549534 -2.63772101
v 1.04242120 0.94170013 -2.64202955
v 1.04242120 0.95549534 -2.64202955
v 1.04913155 0.94170013 -2.64873968
v 1.04913155 0.95549534 -2.64873968
v 1.05343967 0.94170013 -2.65719504
v 1.05343967 0.95549534 -2.65719504
v 1.05492419 0.94170013 -2.66656800
v 1.05492419 0.95549534 -2.66656800
v 1.21297840 0.94861852 -2.65968164
v 1.21297840 0.94861852 -2.67485046
v 1.20051947 0.98790928 -2.67341808
v 1.20051947 0.98790928 -2.66111361
v 1.19678190 0.99982918 -2.66111361
v 1.19678190 0.99982918 -2.67341808
v 1.17301146 0.99982918 -2.67282742
v 1.17301146 0.99982918 -2.66170468
v 1.17685777 0.98790928 -2.66170468
v 1.17685777 0.98790928 -2.67282742
v 1.18931670 0.94861852 -2.67485046
v 1.18931670 0.94861852 -2.65968164
v 1.21297840 0.94861852 -2.67485046
v 1.18931670 0.94861852 -2.67485046
v 1.17685777 0.98790928 -2.67282742
v 1.20051947 0.98790928 -2.67341808
v 1.18931670 0.94861852 -2.65968164
v 1.21297840 0.94861852 -2.65968164
v 1.20051947 0.98790928 -2.66111361
v 1.17685777 0.98790928 -2.66170468
v 1.19678190 0.99982918 -2.67341808
v 1.19678190 0.99982918 -2.66111361
v 1.17301146 0.99982918 -2.67282742
v 1.19678190 0.99982918 -2.67341808
v 1.05836664 0.98790928 -2.67041691
v 1.05836664 0.98790928 -2.66411499
v 1.05836664 0.99982918 -2.66411499
v 1.05836664 0.99982918 -2.67041691
v 1.19678190 0.99982918 -2.66111361
v 1.17301146 0.99982918 -2.66170468
v 1.17685777 0.98790928 -2.67282742
v 1.17685777 0.98790928 -2.66170468
v 1.05836664 0.98790928 -2.66411499
v 1.05836664 0.98790928 -2.67041691
v 1.05836664 0.99982918 -2.66411499
v 1.05836664 0.98790928 -2.66411499
v 1.05836664 0.99982918 -2.67041691
v 1.05836664 0.99982918 -2.66411499
v 1.05836664 0.98790928 -2.67041691
v 1.05836664 0.99982918 -2.67041691
v 0.62611851 0.94861852 -2.50314803
v 0.64128732 0.94861852 -2.50314803
v 0.63985495 0.98790928 -2.51560674
v 0.62755047 0.98790928 -2.51560674
v 0.62755047 0.99982918 -2.51934432
v 0.63985495 0.99982918 -2.51934432
v 0.63926429 0.99982918 -2.54311486
v 0.62814155 0.99982918 -2.54311486
v 0.62814155 0.98790928 -2.53926823
v 0.63926429 0.98790928 -2.53926823
v 0.64128732 0.94861852 -2.52680952
v 0.62611851 0.94861852 -2.52680952
v 0.64128732 0.94861852 -2.50314803
v 0.64128732 0.94861852 -2.52680952
v 0.63926429 0.98790928 -2.53926823
v 0.63985495 0.98790928 -2.51560674
v 0.62611851 0.94861852 -2.52680952
v 0.62611851 0.94861852 -2.50314803
v 0.62755047 0.98790928 -2.51560674
v 0.62814155 0.98790928 -2.53926823
v 0.63985495 0.99982918 -2.51934432
v 0.62755047 0.99982918 -2.51934432
v 0.63926429 0.99982918 -2.54311486
v 0.63985495 0.99982918 -2.51934432
v 0.63685378 0.98790928 -2.63126837
v 0.63055185 0.98790928 -2.63126837
v 0.63055185 0.99982918 -2.63126837
v 0.63685378 0.99982918 -2.63126837
v 0.62755047 0.99982918 -2.51934432
v 0.62814155 0.99982918 -2.54311486
v 0.63926429 0.98790928 -2.53926823
v 0.62814155 0.98790928 -2.53926823
v 0.63055185 0.98790928 -2.63126837
v 0.63685378 0.98790928 -2.63126837
v 0.63055185 0.99982918 -2.63126837
v 0.63055185 0.98790928 -2.63126837
v 0.63685378 0.99982918 -2.63126837
v 0.63055185 0.99982918 -2.63126837
v 0.63685378 0.98790928 -2.63126837
v 0.63685378 0.99982918 -2.63126837
v 0.64128732 0.94861852 -2.83003836
v 0.62611851 0.94861852 -2.83003836
v 0.62755089 0.98790928 -2.81757923
v 0.63985536 0.98790928 -2.81757923
v 0.63985536 0.99982918 -2.81384186
v 0.62755089 0.99982918 -2.81384186
v 0.62814155 0.99982918 -2.79007173
v 0.63926429 0.99982918 -2.79007173
v 0.63926429 0.98790928 -2.79391794
v 0.62814155 0.98790928 -2.79391794
v 0.62611851 0.94861852 -2.80637666
v 0.64128732 0.94861852 -2.80637666
v 0.62611851 0.94861852 -2.83003836
v 0.62611851 0.94861852 -2.80637666
v 0.62814155 0.98790928 -2.79391794
v 0.62755089 0.98790928 -2.81757923
v 0.64128732 0.94861852 -2.80637666
v 0.64128732 0.94861852 -2.83003836
v 0.63985536 0.98790928 -2.81757923
v 0.63926429 0.98790928 -2.79391794
v 0.62755089 0.99982918 -2.81384186
v 0.63985536 0.99982918 -2.81384186
v 0.62814155 0.99982918 -2.79007173
v 0.62755089 0.99982918 -2.81384186
v 0.63055206 0.98790928 -2.70191781
v 0.63685398 0.98790928 -2.70191781
v 0.63685398 0.99982918 -2.70191781
v 0.63055206 0.99982918 -2.70191781
v 0.63985536 0.99982918 -2.81384186
v 0.63926429 0.99982918 -2.79007173
v 0.62814155 0.98790928 -2.79391794
v 0.63926429 0.98790928 -2.79391794
v 0.63685398 0.98790928 -2.70191781
v 0.63055206 0.98790928 -2.70191781
v 0.63685398 0.99982918 -2.70191781
v 0.63685398 0.98790928 -2.70191781
v 0.63055206 0.99982918 -2.70191781
v 0.63685398 0.99982918 -2.70191781
v 0.63055206 0.98790928 -2.70191781
v 0.63055206 0.99982918 -2.70191781
v 0.44125677 0.94861852 -2.67407259
v 0.44125677 0.94861852 -2.65890378
v 0.45371565 0.98790928 -2.66033553
v 0.45371565 0.98790928 -2.67264001
v 0.45745317 0.99982918 -2.67264001
v 0.45745317 0.99982918 -2.66033553
v 0.48122361 0.99982918 -2.66092681
v 0.48122361 0.99982918 -2.67204956
v 0.47737729 0.98790928 -2.67204956
v 0.47737729 0.98790928 -2.66092681
v 0.46491837 0.94861852 -2.65890378
v 0.46491837 0.94861852 -2.67407259
v 0.44125677 0.94861852 -2.65890378
v 0.46491837 0.94861852 -2.65890378
v 0.47737729 0.98790928 -2.66092681
v 0.45371565 0.98790928 -2.66033553
v 0.46491837 0.94861852 -2.67407259
v 0.44125677 0.94861852 -2.67407259
v 0.45371565 0.98790928 -2.67264001
v 0.47737729 0.98790928 -2.67204956
v 0.45745317 0.99982918 -2.66033553
v 0.45745317 0.99982918 -2.67264001
v 0.48122361 0.99982918 -2.66092681
v 0.45745317 0.99982918 -2.66033553
v 0.59829936 0.98790928 -2.66333712
v 0.59829936 0.98790928 -2.66963883
v 0.59829936 0.99982918 -2.66963883
v 0.59829936 0.99982918 -2.66333712
v 0.45745317 0.99982918 -2.67264001
v 0.48122361 0.99982918 -2.67204956
v 0.47737729 0.98790928 -2.66092681
v 0.47737729 0.98790928 -2.67204956
v 0.59829936 0.98790928 -2.66963883
v 0.59829936 0.98790928 -2.66333712
v 0.59829936 0.99982918 -2.66963883
v 0.59829936 0.98790928 -2.66963883
v 0.59829936 0.99982918 -2.66333712
v 0.59829936 0.99982918 -2.66963883
v 0.59829936 0.98790928 -2.66333712
v 0.59829936 0.99982918 -2.66333712
v 0.70226008 0.94420954 -2.68761642
v 0.69222742 0.94420954 -2.70730648
v 0.69222742 0.95499954 -2.70730648
v 0.70226008 0.95499954 -2.68761642
v 0.67660132 0.94420954 -2.72293264
v 0.67660132 0.95499954 -2.72293264
v 0.65691136 0.94420954 -2.73296530
v 0.65691136 0.95499954 -2.73296530
v 0.63508481 0.94420954 -2.73642175
v 0.63508481 0.95499954 -2.73642175
v 0.61325821 0.94420954 -2.73296530
v 0.61325821 0.95499954 -2.73296530
v 0.59356826 0.94420954 -2.72293264
v 0.59356826 0.95499954 -2.72293264
v 0.57794215 0.94420954 -2.70730648
v 0.57794215 0.95499954 -2.70730648
v 0.56790960 0.94420954 -2.68761684
v 0.56790960 0.95499954 -2.68761684
v 0.56445258 0.94420954 -2.66579014
v 0.56445258 0.95499954 -2.66579014
v 0.56790960 0.94420954 -2.64396343
v 0.56790960 0.95499954 -2.64396343
v 0.57794215 0.94420954 -2.62427296
v 0.57794215 0.95499954 -2.62427296
v 0.59356826 0.94420954 -2.60864721
v 0.59356826 0.95499954 -2.60864721
v 0.61325816 0.94420954 -2.59861497
v 0.61325816 0.95499954 -2.59861497
v 0.63508481 0.94420954 -2.59515770
v 0.63508481 0.95499954 -2.59515770
v 0.65691136 0.94420954 -2.59861497
v 0.65691136 0.95499954 -2.59861497
v 0.67660137 0.94420954 -2.60864721
v 0.67660137 0.95499954 -2.60864721
v 0.69222748 0.94420954 -2.62427337
v 0.69222748 0.95499954 -2.62427337
v 0.70225998 0.94420954 -2.64396343
v 0.70225998 0.95499954 -2.64396343
v 0.70571704 0.94420954 -2.66579014
v 0.70571704 0.95499954 -2.66579014
v 0.69502008 0.94420954 -2.68526375
v 0.69502008 0.95499954 -2.68526375
v 0.68606881 0.95499954 -2.70283209
v 0.68606881 0.94420954 -2.70283209
v 0.67212677 0.95499954 -2.71677357
v 0.67212677 0.94420954 -2.71677357
v 0.65455895 0.95499954 -2.72572525
v 0.65455895 0.94420954 -2.72572525
v 0.63508481 0.95499954 -2.72880935
v 0.63508481 0.94420954 -2.72880935
v 0.61561058 0.95499954 -2.72572525
v 0.61561058 0.94420954 -2.72572525
v 0.59804275 0.95499954 -2.71677357
v 0.59804275 0.94420954 -2.71677357
v 0.58410076 0.95499954 -2.70283209
v 0.58410076 0.94420954 -2.70283209
v 0.57514949 0.95499954 -2.68526375
v 0.57514949 0.94420954 -2.68526375
v 0.57206508 0.95499954 -2.66579014
v 0.57206508 0.94420954 -2.66579014
v 0.57514949 0.95499954 -2.64631569
v 0.57514949 0.94420954 -2.64631569
v 0.58410076 0.95499954 -2.62874777
v 0.58410076 0.94420954 -2.62874777
v 0.59804275 0.95499954 -2.61480588
v 0.59804275 0.94420954 -2.61480588
v 0.61561058 0.95499954 -2.60585461
v 0.61561058 0.94420954 -2.60585461
v 0.63508481 0.95499954 -2.60277009
v 0.63508481 0.94420954 -2.60277009
v 0.65455889 0.95499954 -2.60585461
v 0.65455889 0.94420954 -2.60585461
v 0.67212677 0.95499954 -2.61480588
v 0.67212677 0.94420954 -2.61480588
v 0.68606881 0.95499954 -2.62874777
v 0.68606881 0.94420954 -2.62874777
v 0.69502008 0.95499954 -2.64631569
v 0.69502008 0.94420954 -2.64631569
v 0.69810444 0.95499954 -2.66579014
v 0.69810444 0.94420954 -2.66579014
v 0.68606881 0.95499954 -2.70283209
v 0.69502008 0.95499954 -2.68526375
v 0.70226008 0.95499954 -2.68761642
v 0.69222742 0.95499954 -2.70730648
v 0.67212677 0.95499954 -2.71677357
v 0.67660132 0.95499954 -2.72293264
v 0.65455895 0.95499954 -2.72572525
v 0.65691136 0.95499954 -2.73296530
v 0.63508481 0.95499954 -2.72880935
v 0.63508481 0.95499954 -2.73642175
v 0.61561058 0.95499954 -2.72572525
v 0.61325821 0.95499954 -2.73296530
v 0.59804275 0.95499954 -2.71677357
v 0.59356826 0.95499954 -2.72293264
v 0.58410076 0.95499954 -2.70283209
v 0.57794215 0.95499954 -2.70730648
v 0.57514949 0.95499954 -2.68526375
v 0.56790960 0.95499954 -2.68761684
v 0.57206508 0.95499954 -2.66579014
v 0.56445258 0.95499954 -2.66579014
v 0.57514949 0.95499954 -2.64631569
v 0.56790960 0.95499954 -2.64396343
v 0.58410076 0.95499954 -2.62874777
v 0.57794215 0.95499954 -2.62427296
v 0.59804275 0.95499954 -2.61480588
v 0.59356826 0.95499954 -2.60864721
v 0.61561058 0.95499954 -2.60585461
v 0.61325816 0.95499954 -2.59861497
v 0.63508481 0.95499954 -2.60277009
v 0.63508481 0.95499954 -2.59515770
v 0.65455889 0.95499954 -2.60585461
v 0.65691136 0.95499954 -2.59861497
v 0.67212677 0.95499954 -2.61480588
v 0.67660137 0.95499954 -2.60864721
v 0.68606881 0.95499954 -2.62874777
v 0.69222748 0.95499954 -2.62427337
v 0.69502008 0.95499954 -2.64631569
v 0.70225998 0.95499954 -2.64396343
v 0.69810444 0.95499954 -2.66579014
v 0.70571704 0.95499954 -2.66579014
v 0.73174199 0.93682738 -2.69719588
v 0.71730616 0.93682738 -2.72552705
v 0.71730616 0.94532327 -2.72552705
v 0.73174199 0.94532327 -2.69719588
v 0.69482225 0.93682738 -2.74801096
v 0.69482225 0.94532327 -2.74801096
v 0.66649066 0.93682738 -2.76244669
v 0.66649066 0.94532327 -2.76244669
v 0.63508481 0.93682738 -2.76742114
v 0.63508481 0.94532327 -2.76742114
v 0.60367892 0.93682738 -2.76244669
v 0.60367892 0.94532327 -2.76244669
v 0.57534738 0.93682738 -2.74801096
v 0.57534738 0.94532327 -2.74801096
v 0.55286336 0.93682738 -2.72552705
v 0.55286336 0.94532327 -2.72552705
v 0.53842759 0.93682738 -2.69719588
v 0.53842759 0.94532327 -2.69719588
v 0.53345345 0.93682738 -2.66579014
v 0.53345345 0.94532327 -2.66579014
v 0.53842759 0.93682738 -2.63438398
v 0.53842759 0.94532327 -2.63438398
v 0.55286336 0.93682738 -2.60605198
v 0.55286336 0.94532327 -2.60605198
v 0.57534738 0.93682738 -2.58356848
v 0.57534738 0.94532327 -2.58356848
v 0.60367892 0.93682738 -2.56913234
v 0.60367892 0.94532327 -2.56913234
v 0.63508481 0.93682738 -2.56415831
v 0.63508481 0.94532327 -2.56415831
v 0.66649066 0.93682738 -2.56913234
v 0.66649066 0.94532327 -2.56913234
v 0.69482214 0.93682738 -2.58356848
v 0.69482214 0.94532327 -2.58356848
v 0.71730616 0.93682738 -2.60605198
v 0.71730616 0.94532327 -2.60605198
v 0.73174199 0.93682738 -2.63438398
v 0.73174199 0.94532327 -2.63438398
v 0.73671607 0.93682738 -2.66579014
v 0.73671607 0.94532327 -2.66579014
v 0.73174199 0.94781464 -2.69719588
v 0.71730616 0.94781464 -2.72552705
v 0.70827870 0.94781464 -2.71896826
v 0.72112946 0.94781464 -2.69374689
v 0.71730616 0.94781464 -2.72552705
v 0.69482225 0.94781464 -2.74801096
v 0.68826330 0.94781464 -2.73898381
v 0.70827870 0.94781464 -2.71896826
v 0.69482225 0.94781464 -2.74801096
v 0.66649066 0.94781464 -2.76244669
v 0.66304240 0.94781464 -2.75183395
v 0.68826330 0.94781464 -2.73898381
v 0.66649066 0.94781464 -2.76244669
v 0.63508481 0.94781464 -2.76742114
v 0.63508481 0.94781464 -2.75626273
v 0.66304240 0.94781464 -2.75183395
v 0.63508481 0.94781464 -2.76742114
v 0.60367892 0.94781464 -2.76244669
v 0.60712707 0.94781464 -2.75183395
v 0.63508481 0.94781464 -2.75626273
v 0.60367892 0.94781464 -2.76244669
v 0.57534738 0.94781464 -2.74801096
v 0.58190617 0.94781464 -2.73898381
v 0.60712707 0.94781464 -2.75183395
v 0.57534738 0.94781464 -2.74801096
v 0.55286336 0.94781464 -2.72552705
v 0.56189077 0.94781464 -2.71896826
v 0.58190617 0.94781464 -2.73898381
v 0.55286336 0.94781464 -2.72552705
v 0.53842759 0.94781464 -2.69719588
v 0.54904001 0.94781464 -2.69374689
v 0.56189077 0.94781464 -2.71896826
v 0.53842759 0.94781464 -2.69719588
v 0.53345345 0.94781464 -2.66579014
v 0.54461201 0.94781464 -2.66579014
v 0.54904001 0.94781464 -2.69374689
v 0.53842759 0.94781464 -2.63438398
v 0.54904001 0.94781464 -2.63783214
v 0.53842759 0.94781464 -2.63438398
v 0.55286336 0.94781464 -2.60605198
v 0.56189077 0.94781464 -2.61261077
v 0.54904001 0.94781464 -2.63783214
v 0.55286336 0.94781464 -2.60605198
v 0.57534738 0.94781464 -2.58356848
v 0.58190617 0.94781464 -2.59259604
v 0.56189077 0.94781464 -2.61261077
v 0.57534738 0.94781464 -2.58356848
v 0.60367892 0.94781464 -2.56913234
v 0.60712707 0.94781464 -2.57974508
v 0.58190617 0.94781464 -2.59259604
v 0.60367892 0.94781464 -2.56913234
v 0.63508481 0.94781464 -2.56415831
v 0.63508481 0.94781464 -2.57531671
v 0.60712707 0.94781464 -2.57974508
v 0.63508481 0.94781464 -2.56415831
v 0.66649066 0.94781464 -2.56913234
v 0.66304240 0.94781464 -2.57974508
v 0.63508481 0.94781464 -2.57531671
v 0.66649066 0.94781464 -2.56913234
v 0.69482214 0.94781464 -2.58356848
v 0.68826320 0.94781464 -2.59259604
v 0.66304240 0.94781464 -2.57974508
v 0.69482214 0.94781464 -2.58356848
v 0.71730616 0.94781464 -2.60605198
v 0.70827870 0.94781464 -2.61261077
v 0.68826320 0.94781464 -2.59259604
v 0.71730616 0.94781464 -2.60605198
v 0.73174199 0.94781464 -2.63438398
v 0.72112946 0.94781464 -2.63783214
v 0.70827870 0.94781464 -2.61261077
v 0.73174199 0.94781464 -2.63438398
v 0.73671607 0.94781464 -2.66579014
v 0.72555736 0.94781464 -2.66579014
v 0.72112946 0.94781464 -2.63783214
v 0.73174199 0.94781464 -2.69719588
v 0.72112946 0.94781464 -2.69374689
v 0.71730616 0.94781464 -2.72552705
v 0.73174199 0.94781464 -2.69719588
v 0.70827870 0.94532327 -2.71896826
v 0.72112946 0.94532327 -2.69374689
v 0.72112946 0.94781464 -2.69374689
v 0.70827870 0.94781464 -2.71896826
v 0.69482225 0.94781464 -2.74801096
v 0.68826330 0.94532327 -2.73898381
v 0.68826330 0.94781464 -2.73898381
v 0.66649066 0.94781464 -2.76244669
v 0.66304240 0.94532327 -2.75183395
v 0.66304240 0.94781464 -2.75183395
v 0.63508481 0.94781464 -2.76742114
v 0.63508481 0.94532327 -2.75626273
v 0.63508481 0.94781464 -2.75626273
v 0.60367892 0.94781464 -2.76244669
v 0.60712707 0.94532327 -2.75183395
v 0.60712707 0.94781464 -2.75183395
v 0.57534738 0.94781464 -2.74801096
v 0.58190617 0.94532327 -2.73898381
v 0.58190617 0.94781464 -2.73898381
v 0.55286336 0.94781464 -2.72552705
v 0.56189077 0.94532327 -2.71896826
v 0.56189077 0.94781464 -2.71896826
v 0.53842759 0.94781464 -2.69719588
v 0.54904001 0.94532327 -2.69374689
v 0.54904001 0.94781464 -2.69374689
v 0.53345345 0.94781464 -2.66579014
v 0.54461201 0.94532327 -2.66579014
v 0.54461201 0.94781464 -2.66579014
v 0.53842759 0.94781464 -2.63438398
v 0.54904001 0.94532327 -2.63783214
v 0.54904001 0.94781464 -2.63783214
v 0.55286336 0.94781464 -2.60605198
v 0.56189077 0.94532327 -2.61261077
v 0.56189077 0.94781464 -2.61261077
v 0.57534738 0.94781464 -2.58356848
v 0.58190617 0.94532327 -2.59259604
v 0.58190617 0.94781464 -2.59259604
v 0.60367892 0.94781464 -2.56913234
v 0.60712707 0.94532327 -2.57974508
v 0.60712707 0.94781464 -2.57974508
v 0.63508481 0.94781464 -2.56415831
v 0.63508481 0.94532327 -2.57531671
v 0.63508481 0.94781464 -2.57531671
v 0.66649066 0.94781464 -2.56913234
v 0.66304240 0.94532327 -2.57974508
v 0.66304240 0.94781464 -2.57974508
v 0.69482214 0.94781464 -2.58356848
v 0.68826320 0.94532327 -2.59259604
v 0.68826320 0.94781464 -2.59259604
v 0.71730616 0.94781464 -2.60605198
v 0.70827870 0.94532327 -2.61261077
v 0.70827870 0.94781464 -2.61261077
v 0.73174199 0.94781464 -2.63438398
v 0.72112946 0.94532327 -2.63783214
v 0.72112946 0.94781464 -2.63783214
v 0.73671607 0.94781464 -2.66579014
v 0.72555736 0.94532327 -2.66579014
v 0.72555736 0.94781464 -2.66579014
v 0.44155889 0.92604971 -2.82938488
v 0.44155889 0.92604971 -2.80558718
v 0.44155889 0.95004675 -2.80558718
v 0.44155889 0.95004675 -2.82938488
v 0.44155889 0.95004675 -2.82938488
v 0.44155889 0.95004675 -2.80558718
v 0.46461630 0.95004675 -2.80558718
v 0.46461630 0.95004675 -2.82938488
v 0.82320439 0.95004675 -2.82938488
v 0.82320439 0.95004675 -2.80558718
v 0.82320439 0.92604971 -2.80558718
v 0.82320439 0.92604971 -2.82938488
v 0.44155889 0.92604971 -2.50404033
v 0.46461630 0.92604971 -2.50404033
v 0.46461630 0.95004675 -2.50404033
v 0.44155889 0.95004675 -2.50404033
v 0.46461630 0.92604971 -2.82938488
v 0.44155889 0.92604971 -2.82938488
v 0.44155889 0.95004675 -2.82938488
v 0.46461630 0.95004675 -2.82938488
v 0.46461630 0.95004675 -2.80558718
v 0.46461630 0.95004675 -2.52271618
v 0.46461630 0.92604971 -2.52271618
v 0.46461630 0.92604971 -2.80558718
v 0.44155889 0.92604971 -2.52271618
v 0.44155889 0.95004675 -2.52271618
v 0.44155889 0.95004675 -2.52271618
v 0.46461630 0.95004675 -2.52271618
v 0.82320439 0.95004675 -2.52271618
v 0.82320439 0.95004675 -2.50404033
v 0.82320439 0.92604971 -2.50404033
v 0.82320439 0.92604971 -2.52271618
v 0.44155889 0.92604971 -2.50404033
v 0.44155889 0.95004675 -2.50404033
v 0.44155889 0.95004675 -2.50404033
v 0.46461630 0.95004675 -2.50404033
v 0.80036166 0.95004675 -2.80558718
v 0.80036166 0.95004675 -2.82938488
v 0.46461630 0.95004675 -2.80558718
v 0.46461630 0.92604971 -2.80558718
v 0.80036166 0.92604971 -2.80558718
v 0.80036166 0.95004675 -2.80558718
v 0.80036166 0.95004675 -2.82938488
v 0.80036166 0.92604971 -2.82938488
v 0.80036166 0.95004675 -2.50404033
v 0.80036166 0.95004675 -2.52271618
v 0.80036166 0.92604971 -2.50404033
v 0.80036166 0.95004675 -2.50404033
v 0.46461630 0.92604971 -2.52271618
v 0.46461630 0.95004675 -2.52271618
v 0.80036166 0.95004675 -2.52271618
v 0.80036166 0.92604971 -2.52271618
v 0.82320439 0.95004675 -2.80558718
v 0.82320439 0.95004675 -2.82938488
v 0.82320439 0.95004675 -2.82938488
v 0.82320439 0.92604971 -2.82938488
v 0.82320439 0.95004675 -2.50404033
v 0.82320439 0.95004675 -2.52271618
v 0.82320439 0.92604971 -2.50404033
v 0.82320439 0.95004675 -2.50404033
v 0.80036166 0.95004675 -2.80558718
v 0.80036166 0.92604971 -2.80558718
v 0.80036166 0.92604971 -2.52271618
v 0.80036166 0.95004675 -2.52271618
v 0.67746408 0.94170013 -2.67955995
v 0.67113484 0.94170013 -2.69198218
v 0.67113484 0.95549534 -2.69198218
v 0.67746408 0.95549534 -2.67955995
v 0.66127665 0.94170013 -2.70183986
v 0.66127665 0.95549534 -2.70183986
v 0.64885468 0.94170013 -2.70816977
v 0.64885468 0.95549534 -2.70816977
v 0.63508481 0.94170013 -2.71035036
v 0.63508481 0.95549534 -2.71035036
v 0.62131495 0.94170013 -2.70816977
v 0.62131495 0.95549534 -2.70816977
v 0.60889292 0.94170013 -2.70183986
v 0.60889292 0.95549534 -2.70183986
v 0.59903478 0.94170013 -2.69198218
v 0.59903478 0.95549534 -2.69198218
v 0.59270549 0.94170013 -2.67955995
v 0.59270549 0.95549534 -2.67955995
v 0.59052448 0.94170013 -2.66579014
v 0.59052448 0.95549534 -2.66579014
v 0.59270549 0.94170013 -2.65201991
v 0.59270549 0.95549534 -2.65201991
v 0.59903478 0.94170013 -2.63959809
v 0.59903478 0.95549534 -2.63959809
v 0.60889292 0.94170013 -2.62974000
v 0.60889292 0.95549534 -2.62974000
v 0.62131495 0.94170013 -2.62341051
v 0.62131495 0.95549534 -2.62341051
v 0.63508481 0.94170013 -2.62122950
v 0.63508481 0.95549534 -2.62122950
v 0.64885468 0.94170013 -2.62341051
v 0.64885468 0.95549534 -2.62341051
v 0.66127665 0.94170013 -2.62974000
v 0.66127665 0.95549534 -2.62974000
v 0.67113484 0.94170013 -2.63959809
v 0.67113484 0.95549534 -2.63959809
v 0.67746408 0.94170013 -2.65201991
v 0.67746408 0.95549534 -2.65201991
v 0.67964499 0.94170013 -2.66579014
v 0.67964499 0.95549534 -2.66579014
v 0.82347027 0.94861852 -2.65890378
v 0.82347027 0.94861852 -2.67407259
v 0.81101140 0.98790928 -2.67264001
v 0.81101140 0.98790928 -2.66033553
v 0.80727383 0.99982918 -2.66033553
v 0.80727383 0.99982918 -2.67264001
v 0.78350334 0.99982918 -2.67204956
v 0.78350334 0.99982918 -2.66092681
v 0.78734970 0.98790928 -2.66092681
v 0.78734970 0.98790928 -2.67204956
v 0.79980863 0.94861852 -2.67407259
v 0.79980863 0.94861852 -2.65890378
v 0.82347027 0.94861852 -2.67407259
v 0.79980863 0.94861852 -2.67407259
v 0.78734970 0.98790928 -2.67204956
v 0.81101140 0.98790928 -2.67264001
v 0.79980863 0.94861852 -2.65890378
v 0.82347027 0.94861852 -2.65890378
v 0.81101140 0.98790928 -2.66033553
v 0.78734970 0.98790928 -2.66092681
v 0.80727383 0.99982918 -2.67264001
v 0.80727383 0.99982918 -2.66033553
v 0.78350334 0.99982918 -2.67204956
v 0.80727383 0.99982918 -2.67264001
v 0.66885846 0.98790928 -2.66963883
v 0.66885846 0.98790928 -2.66333712
v 0.66885846 0.99982918 -2.66333712
v 0.66885846 0.99982918 -2.66963883
v 0.80727383 0.99982918 -2.66033553
v 0.78350334 0.99982918 -2.66092681
v 0.78734970 0.98790928 -2.67204956
v 0.78734970 0.98790928 -2.66092681
v 0.66885846 0.98790928 -2.66333712
v 0.66885846 0.98790928 -2.66963883
v 0.66885846 0.99982918 -2.66333712
v 0.66885846 0.98790928 -2.66333712
v 0.66885846 0.99982918 -2.66963883
v 0.66885846 0.99982918 -2.66333712
v 0.66885846 0.98790928 -2.66963883
v 0.66885846 0.99982918 -2.66963883
v 0.93399776 0.91065523 -2.44976921
v 0.93399776 0.90949320 -2.44251341
v 0.93399776 0.91065523 -2.43525761
v 0.93399776 0.91402761 -2.42871188
v 0.93399776 0.91928008 -2.42351725
v 0.93399776 0.92589858 -2.42018209
v 0.93399776 0.93323534 -2.41903291
v 0.93399776 0.94057210 -2.42018209
v 0.93399776 0.94719060 -2.42351725
v 0.93399776 0.95244307 -2.42871188
v 0.93399776 0.95581545 -2.43525761
v 0.93399776 0.95697748 -2.44251341
v 0.93399776 0.95581545 -2.44976921
v 0.93399776 0.95244307 -2.45631494
v 0.93399776 0.94719060 -2.46150957
v 0.93399776 0.94057210 -2.46484473
v 0.93399776 0.93323534 -2.46599391
v 0.93399776 0.92589858 -2.46484473
v 0.93399776 0.91928008 -2.46150957
v 0.93399776 0.91402761 -2.45631494
v 0.94855394 0.91065523 -2.44976921
v 0.94855394 0.91402761 -2.45631494
v 0.94855394 0.91928008 -2.46150957
v 0.94855394 0.92589858 -2.46484473
v 0.94855394 0.93323534 -2.46599391
v 0.94855394 0.94057210 -2.46484473
v 0.94855394 0.94719060 -2.46150957
v 0.94855394 0.95244307 -2.45631494
v 0.94855394 0.95581545 -2.44976921
v 0.94855394 0.95697748 -2.44251341
v 0.94855394 0.95581545 -2.43525761
v 0.94855394 0.95244307 -2.42871188
v 0.94855394 0.94719060 -2.42351725
v 0.94855394 0.94057210 -2.42018209
v 0.94855394 0.93323534 -2.41903291
v 0.94855394 0.92589858 -2.42018209
v 0.94855394 0.91928008 -2.42351725
v 0.94855394 0.91402761 -2.42871188
v 0.94855394 0.91065523 -2.43525761
v 0.94855394 0.90949320 -2.44251341
v 0.96659197 0.94139537 -2.45064846
v 0.96281096 0.94139537 -2.45798719
v 0.95692202 0.94139537 -2.46381124
v 0.94950160 0.94139537 -2.46755047
v 0.94127585 0.94139537 -2.46883897
v 0.93305010 0.94139537 -2.46755047
v 0.92562968 0.94139537 -2.46381124
v 0.91974074 0.94139537 -2.45798719
v 0.91595974 0.94139537 -2.45064846
v 0.91465693 0.94139537 -2.44251341
v 0.91595974 0.94139537 -2.43437836
v 0.91974074 0.94139537 -2.42703963
v 0.92562968 0.94139537 -2.42121558
v 0.93305010 0.94139537 -2.41747635
v 0.94127585 0.94139537 -2.41618785
v 0.94950160 0.94139537 -2.41747635
v 0.95692202 0.94139537 -2.42121558
v 0.96281096 0.94139537 -2.42703963
v 0.96659197 0.94139537 -2.43437836
v 0.96789477 0.94139537 -2.44251341
v 0.53516783 0.91065523 -2.44976921
v 0.53516783 0.90949320 -2.44251341
v 0.53516783 0.91065523 -2.43525761
v 0.53516783 0.91402761 -2.42871188
v 0.53516783 0.91928008 -2.42351725
v 0.53516783 0.92589858 -2.42018209
v 0.53516783 0.93323534 -2.41903291
v 0.53516783 0.94057210 -2.42018209
v 0.53516783 0.94719060 -2.42351725
v 0.53516783 0.95244307 -2.42871188
v 0.53516783 0.95581545 -2.43525761
v 0.53516783 0.95697748 -2.44251341
v 0.53516783 0.95581545 -2.44976921
v 0.53516783 0.95244307 -2.45631494
v 0.53516783 0.94719060 -2.46150957
v 0.53516783 0.94057210 -2.46484473
v 0.53516783 0.93323534 -2.46599391
v 0.53516783 0.92589858 -2.46484473
v 0.53516783 0.91928008 -2.46150957
v 0.53516783 0.91402761 -2.45631494
v 0.54972412 0.91065523 -2.44976921
v 0.54972412 0.91402761 -2.45631494
v 0.54972412 0.91928008 -2.46150957
v 0.54972412 0.92589858 -2.46484473
v 0.54972412 0.93323534 -2.46599391
v 0.54972412 0.94057210 -2.46484473
v 0.54972412 0.94719060 -2.46150957
v 0.54972412 0.95244307 -2.45631494
v 0.54972412 0.95581545 -2.44976921
v 0.54972412 0.95697748 -2.44251341
v 0.54972412 0.95581545 -2.43525761
v 0.54972412 0.95244307 -2.42871188
v 0.54972412 0.94719060 -2.42351725
v 0.54972412 0.94057210 -2.42018209
v 0.54972412 0.93323534 -2.41903291
v 0.54972412 0.92589858 -2.42018209
v 0.54972412 0.91928008 -2.42351725
v 0.54972412 0.91402761 -2.42871188
v 0.54972412 0.91065523 -2.43525761
v 0.54972412 0.90949320 -2.44251341
v 0.56776209 0.94139537 -2.45064846
v 0.56398113 0.94139537 -2.45798719
v 0.55809220 0.94139537 -2.46381124
v 0.55067168 0.94139537 -2.46755047
v 0.54244598 0.94139537 -2.46883897
v 0.53422028 0.94139537 -2.46755047
v 0.52679976 0.94139537 -2.46381124
v 0.52091082 0.94139537 -2.45798719
v 0.51712986 0.94139537 -2.45064846
v 0.51582706 0.94139537 -2.44251341
v 0.51712986 0.94139537 -2.43437836
v 0.52091082 0.94139537 -2.42703963
v 0.52679976 0.94139537 -2.42121558
v 0.53422028 0.94139537 -2.41747635
v 0.54244598 0.94139537 -2.41618785
v 0.55067168 0.94139537 -2.41747635
v 0.55809220 0.94139537 -2.42121558
v 0.56398113 0.94139537 -2.42703963
v 0.56776209 0.94139537 -2.43437836
v 0.56906489 0.94139537 -2.44251341
v 0.71169052 0.91065523 -2.44976921
v 0.71169052 0.90949320 -2.44251341
v 0.71169052 0.91065523 -2.43525761
v 0.71169052 0.91402761 -2.42871188
v 0.71169052 0.91928008 -2.42351725
v 0.71169052 0.92589858 -2.42018209
v 0.71169052 0.93323534 -2.41903291
v 0.71169052 0.94057210 -2.42018209
v 0.71169052 0.94719060 -2.42351725
v 0.71169052 0.95244307 -2.42871188
v 0.71169052 0.95581545 -2.43525761
v 0.71169052 0.95697748 -2.44251341
v 0.71169052 0.95581545 -2.44976921
v 0.71169052 0.95244307 -2.45631494
v 0.71169052 0.94719060 -2.46150957
v 0.71169052 0.94057210 -2.46484473
v 0.71169052 0.93323534 -2.46599391
v 0.71169052 0.92589858 -2.46484473
v 0.71169052 0.91928008 -2.46150957
v 0.71169052 0.91402761 -2.45631494
v 0.72624675 0.91065523 -2.44976921
v 0.72624675 0.91402761 -2.45631494
v 0.72624675 0.91928008 -2.46150957
v 0.72624675 0.92589858 -2.46484473
v 0.72624675 0.93323534 -2.46599391
v 0.72624675 0.94057210 -2.46484473
v 0.72624675 0.94719060 -2.46150957
v 0.72624675 0.95244307 -2.45631494
v 0.72624675 0.95581545 -2.44976921
v 0.72624675 0.95697748 -2.44251341
v 0.72624675 0.95581545 -2.43525761
v 0.72624675 0.95244307 -2.42871188
v 0.72624675 0.94719060 -2.42351725
v 0.72624675 0.94057210 -2.42018209
v 0.72624675 0.93323534 -2.41903291
v 0.72624675 0.92589858 -2.42018209
v 0.72624675 0.91928008 -2.42351725
v 0.72624675 0.91402761 -2.42871188
v 0.72624675 0.91065523 -2.43525761
v 0.72624675 0.90949320 -2.44251341
v 0.74428467 0.94139537 -2.45064846
v 0.74050377 0.94139537 -2.45798719
v 0.73461483 0.94139537 -2.46381124
v 0.72719426 0.94139537 -2.46755047
v 0.71896856 0.94139537 -2.46883897
v 0.71074291 0.94139537 -2.46755047
v 0.70332239 0.94139537 -2.46381124
v 0.69743350 0.94139537 -2.45798719
v 0.69365244 0.94139537 -2.45064846
v 0.69234964 0.94139537 -2.44251341
v 0.69365244 0.94139537 -2.43437836
v 0.69743350 0.94139537 -2.42703963
v 0.70332239 0.94139537 -2.42121558
v 0.71074291 0.94139537 -2.41747635
v 0.71896856 0.94139537 -2.41618785
v 0.72719426 0.94139537 -2.41747635
v 0.73461483 0.94139537 -2.42121558
v 0.74050377 0.94139537 -2.42703963
v 0.74428467 0.94139537 -2.43437836
v 0.74558747 0.94139537 -2.44251341
v 1.11075633 0.91065523 -2.44976921
v 1.11075633 0.90949320 -2.44251341
v 1.11075633 0.91065523 -2.43525761
v 1.11075633 0.91402761 -2.42871188
v 1.11075633 0.91928008 -2.42351725
v 1.11075633 0.92589858 -2.42018209
v 1.11075633 0.93323534 -2.41903291
v 1.11075633 0.94057210 -2.42018209
v 1.11075633 0.94719060 -2.42351725
v 1.11075633 0.95244307 -2.42871188
v 1.11075633 0.95581545 -2.43525761
v 1.11075633 0.95697748 -2.44251341
v 1.11075633 0.95581545 -2.44976921
v 1.11075633 0.95244307 -2.45631494
v 1.11075633 0.94719060 -2.46150957
v 1.11075633 0.94057210 -2.46484473
v 1.11075633 0.93323534 -2.46599391
v 1.11075633 0.92589858 -2.46484473
v 1.11075633 0.91928008 -2.46150957
v 1.11075633 0.91402761 -2.45631494
v 1.12531251 0.91065523 -2.44976921
v 1.12531251 0.91402761 -2.45631494
v 1.12531251 0.91928008 -2.46150957
v 1.12531251 0.92589858 -2.46484473
v 1.12531251 0.93323534 -2.46599391
v 1.12531251 0.94057210 -2.46484473
v 1.12531251 0.94719060 -2.46150957
v 1.12531251 0.95244307 -2.45631494
v 1.12531251 0.95581545 -2.44976921
v 1.12531251 0.95697748 -2.44251341
v 1.12531251 0.95581545 -2.43525761
v 1.12531251 0.95244307 -2.42871188
v 1.12531251 0.94719060 -2.42351725
v 1.12531251 0.94057210 -2.42018209
v 1.12531251 0.93323534 -2.41903291
v 1.12531251 0.92589858 -2.42018209
v 1.12531251 0.91928008 -2.42351725
v 1.12531251 0.91402761 -2.42871188
v 1.12531251 0.91065523 -2.43525761
v 1.12531251 0.90949320 -2.44251341
v 1.14335053 0.94139537 -2.45064846
v 1.13956952 0.94139537 -2.45798719
v 1.13368058 0.94139537 -2.46381124
v 1.12626017 0.94139537 -2.46755047
v 1.11803442 0.94139537 -2.46883897
v 1.10980866 0.94139537 -2.46755047
v 1.10238825 0.94139537 -2.46381124
v 1.09649931 0.94139537 -2.45798719
v 1.09271830 0.94139537 -2.45064846
v 1.09141550 0.94139537 -2.44251341
v 1.09271830 0.94139537 -2.43437836
v 1.09649931 0.94139537 -2.42703963
v 1.10238825 0.94139537 -2.42121558
v 1.10980866 0.94139537 -2.41747635
v 1.11803442 0.94139537 -2.41618785
v 1.12626017 0.94139537 -2.41747635
v 1.13368058 0.94139537 -2.42121558
v 1.13956952 0.94139537 -2.42703963
v 1.14335053 0.94139537 -2.43437836
v 1.14465333 0.94139537 -2.44251341
v 1.05343967 0.95549534 -3.00550511
v 1.04913155 0.95549534 -3.01396047
v 1.04242120 0.95549534 -3.02067081
v 1.03396585 0.95549534 -3.02497935
v 1.02459288 0.95549534 -3.02646355
v 1.01522003 0.95549534 -3.02497935
v 1.00676456 0.95549534 -3.02067081
v 1.00005433 0.95549534 -3.01396047
v 0.99574610 0.95549534 -3.00550511
v 0.99426148 0.95549534 -2.99613236
v 0.99574610 0.95549534 -2.98675940
v 1.00005433 0.95549534 -2.97830404
v 1.00676456 0.95549534 -2.97159390
v 1.01522003 0.95549534 -2.96728516
v 1.02459288 0.95549534 -2.96580074
v 1.03396585 0.95549534 -2.96728516
v 1.04242120 0.95549534 -2.97159390
v 1.04913155 0.95549534 -2.97830404
v 1.05343967 0.95549534 -2.98675940
v 1.05492419 0.95549534 -2.99613236
v 0.72112946 0.94532327 -3.02408932
v 0.70827870 0.94532327 -3.04931048
v 0.68826330 0.94532327 -3.06932603
v 0.66304240 0.94532327 -3.08217638
v 0.63508481 0.94532327 -3.08660495
v 0.60712707 0.94532327 -3.08217638
v 0.58190617 0.94532327 -3.06932603
v 0.56189077 0.94532327 -3.04931048
v 0.54904001 0.94532327 -3.02408932
v 0.54461201 0.94532327 -2.99613236
v 0.54904001 0.94532327 -2.96817456
v 0.56189077 0.94532327 -2.94295319
v 0.58190617 0.94532327 -2.92293847
v 0.60712707 0.94532327 -2.91008729
v 0.63508481 0.94532327 -2.90565893
v 0.66304240 0.94532327 -2.91008729
v 0.68826320 0.94532327 -2.92293847
v 0.70827870 0.94532327 -2.94295319
v 0.72112946 0.94532327 -2.96817456
v 0.72555736 0.94532327 -2.99613236
v 0.67746408 0.95549534 -3.00990238
v 0.67113484 0.95549534 -3.02232440
v 0.66127665 0.95549534 -3.03218228
v 0.64885468 0.95549534 -3.03851198
v 0.63508481 0.95549534 -3.04069258
v 0.62131495 0.95549534 -3.03851198
v 0.60889292 0.95549534 -3.03218228
v 0.59903478 0.95549534 -3.02232440
v 0.59270549 0.95549534 -3.00990238
v 0.59052448 0.95549534 -2.99613236
v 0.59270549 0.95549534 -2.98236233
v 0.59903478 0.95549534 -2.96994052
v 0.60889292 0.95549534 -2.96008243
v 0.62131495 0.95549534 -2.95375293
v 0.63508481 0.95549534 -2.95157192
v 0.64885468 0.95549534 -2.95375293
v 0.66127665 0.95549534 -2.96008243
v 0.67113484 0.95549534 -2.96994052
v 0.67746408 0.95549534 -2.98236233
v 0.67964499 0.95549534 -2.99613236
v 1.05343967 0.95549534 -2.67594096
v 1.04913155 0.95549534 -2.68439632
v 1.04242120 0.95549534 -2.69110646
v 1.03396585 0.95549534 -2.69541499
v 1.02459288 0.95549534 -2.69689920
v 1.01522003 0.95549534 -2.69541499
v 1.00676456 0.95549534 -2.69110646
v 1.00005433 0.95549534 -2.68439632
v 0.99574610 0.95549534 -2.67594096
v 0.99426148 0.95549534 -2.66656800
v 0.99574610 0.95549534 -2.65719504
v 1.00005433 0.95549534 -2.64873968
v 1.00676456 0.95549534 -2.64202955
v 1.01522003 0.95549534 -2.63772101
v 1.02459288 0.95549534 -2.63623660
v 1.03396585 0.95549534 -2.63772101
v 1.04242120 0.95549534 -2.64202955
v 1.04913155 0.95549534 -2.64873968
v 1.05343967 0.95549534 -2.65719504
v 1.05492419 0.95549534 -2.66656800
v 0.72112946 0.94532327 -2.69374689
v 0.70827870 0.94532327 -2.71896826
v 0.68826330 0.94532327 -2.73898381
v 0.66304240 0.94532327 -2.75183395
v 0.63508481 0.94532327 -2.75626273
v 0.60712707 0.94532327 -2.75183395
v 0.58190617 0.94532327 -2.73898381
v 0.56189077 0.94532327 -2.71896826
v 0.54904001 0.94532327 -2.69374689
v 0.54461201 0.94532327 -2.66579014
v 0.54904001 0.94532327 -2.63783214
v 0.56189077 0.94532327 -2.61261077
v 0.58190617 0.94532327 -2.59259604
v 0.60712707 0.94532327 -2.57974508
v 0.63508481 0.94532327 -2.57531671
v 0.66304240 0.94532327 -2.57974508
v 0.68826320 0.94532327 -2.59259604
v 0.70827870 0.94532327 -2.61261077
v 0.72112946 0.94532327 -2.63783214
v 0.72555736 0.94532327 -2.66579014
v 0.67746408 0.95549534 -2.67955995
v 0.67113484 0.95549534 -2.69198218
v 0.66127665 0.95549534 -2.70183986
v 0.64885468 0.95549534 -2.70816977
v 0.63508481 0.95549534 -2.71035036
v 0.62131495 0.95549534 -2.70816977
v 0.60889292 0.95549534 -2.70183986
v 0.59903478 0.95549534 -2.69198218
v 0.59270549 0.95549534 -2.67955995
v 0.59052448 0.95549534 -2.66579014
v 0.59270549 0.95549534 -2.65201991
v 0.59903478 0.95549534 -2.63959809
v 0.60889292 0.95549534 -2.62974000
v 0.62131495 0.95549534 -2.62341051
v 0.63508481 0.95549534 -2.62122950
v 0.64885468 0.95549534 -2.62341051
v 0.66127665 0.95549534 -2.62974000
v 0.67113484 0.95549534 -2.63959809
v 0.67746408 0.95549534 -2.65201991
v 0.67964499 0.95549534 -2.66579014
vt 0.93830818 0.45178801
vt 0.93903816 0.48110986
vt 0.95581955 0.48123771
vt 0.95603073 0.45142174
vt 0.95603073 0.45142174
vt 0.95581955 0.48123771
vt 0.96400243 0.47832340
vt 0.96408755 0.44723272
vt 0.96408755 0.44723272
vt 0.96400243 0.47832340
vt 0.98117399 0.47849071
vt 0.98124856 0.44766712
vt 0.93026268 0.44773859
vt 0.93083572 0.47825897
vt 0.93903816 0.48110986
vt 0.93830818 0.45178801
vt 0.93841261 0.56142247
vt 0.93830711 0.57048988
vt 0.95582849 0.57086718
vt 0.95615953 0.56178045
vt 0.93819594 0.44271994
vt 0.93830818 0.45178801
vt 0.95603073 0.45142174
vt 0.95570171 0.44233572
vt 0.96406829 0.53488117
vt 0.96424246 0.56594956
vt 0.98150045 0.56543171
vt 0.98121667 0.53456050
vt 0.93908495 0.53211033
vt 0.93088496 0.53494906
vt 0.93037170 0.56547379
vt 0.93841261 0.56142247
vt 0.95587438 0.53197312
vt 0.93908495 0.53211033
vt 0.93841261 0.56142247
vt 0.95615953 0.56178045
vt 0.96406829 0.53488117
vt 0.95587438 0.53197312
vt 0.95615953 0.56178045
vt 0.96424246 0.56594956
vt 0.96468717 0.50657308
vt 0.98163575 0.50657618
vt 0.93890136 0.50664055
vt 0.92982191 0.50661969
vt 0.95570248 0.50656557
vt 0.93890136 0.50664055
vt 0.96468717 0.50657308
vt 0.95570248 0.50656557
vt 0.93830818 0.45178801
vt 0.93903816 0.48110986
vt 0.95581955 0.48123771
vt 0.95603073 0.45142174
vt 0.95603073 0.45142174
vt 0.95581955 0.48123771
vt 0.96400243 0.47832340
vt 0.96408755 0.44723272
vt 0.96408755 0.44723272
vt 0.96400243 0.47832340
vt 0.98117399 0.47849071
vt 0.98124856 0.44766712
vt 0.93026268 0.44773859
vt 0.93083572 0.47825897
vt 0.93903816 0.48110986
vt 0.93830818 0.45178801
vt 0.93841261 0.56142247
vt 0.93830711 0.57048988
vt 0.95582849 0.57086718
vt 0.95615953 0.56178045
vt 0.93819594 0.44271994
vt 0.93830818 0.45178801
vt 0.95603073 0.45142174
vt 0.95570171 0.44233572
vt 0.96406829 0.53488117
vt 0.96424246 0.56594956
vt 0.98150045 0.56543171
vt 0.98121667 0.53456050
vt 0.93908495 0.53211033
vt 0.93088496 0.53494906
vt 0.93037170 0.56547379
vt 0.93841261 0.56142247
vt 0.95587438 0.53197312
vt 0.93908495 0.53211033
vt 0.93841261 0.56142247
vt 0.95615953 0.56178045
vt 0.96406829 0.53488117
vt 0.95587438 0.53197312
vt 0.95615953 0.56178045
vt 0.96424246 0.56594956
vt 0.96468717 0.50657308
vt 0.98163575 0.50657618
vt 0.93890136 0.50664055
vt 0.92982191 0.50661969
vt 0.95570248 0.50656557
vt 0.93890136 0.50664055
vt 0.96468717 0.50657308
vt 0.95570248 0.50656557
vt 0.93830818 0.45178801
vt 0.93903816 0.48110986
vt 0.95581955 0.48123771
vt 0.95603073 0.45142174
vt 0.95603073 0.45142174
vt 0.95581955 0.48123771
vt 0.96400243 0.47832340
vt 0.96408755 0.44723272
vt 0.96408755 0.44723272
vt 0.96400243 0.47832340
vt 0.98117399 0.47849071
vt 0.98124856 0.44766712
vt 0.93026268 0.44773859
vt 0.93083572 0.47825897
vt 0.93903816 0.48110986
vt 0.93830818 0.45178801
vt 0.93841261 0.56142247
vt 0.93830711 0.57048988
vt 0.95582849 0.57086718
vt 0.95615953 0.56178045
vt 0.93819594 0.44271994
vt 0.93830818 0.45178801
vt 0.95603073 0.45142174
vt 0.95570171 0.44233572
vt 0.96406829 0.53488117
vt 0.96424246 0.56594956
vt 0.98150045 0.56543171
vt 0.98121667 0.53456050
vt 0.93908495 0.53211033
vt 0.93088496 0.53494906
vt 0.93037170 0.56547379
vt 0.93841261 0.56142247
vt 0.95587438 0.53197312
vt 0.93908495 0.53211033
vt 0.93841261 0.56142247
vt 0.95615953 0.56178045
vt 0.96406829 0.53488117
vt 0.95587438 0.53197312
vt 0.95615953 0.56178045
vt 0.96424246 0.56594956
vt 0.96468717 0.50657308
vt 0.98163575 0.50657618
vt 0.93890136 0.50664055
vt 0.92982191 0.50661969
vt 0.95570248 0.50656557
vt 0.93890136 0.50664055
vt 0.96468717 0.50657308
vt 0.95570248 0.50656557
vt 0.93830818 0.45178801
vt 0.93903816 0.48110986
vt 0.95581955 0.48123771
vt 0.95603073 0.45142174
vt 0.95603073 0.45142174
vt 0.95581955 0.48123771
vt 0.96400243 0.47832340
vt 0.96408755 0.44723272
vt 0.96408755 0.44723272
vt 0.96400243 0.47832340
vt 0.98117399 0.47849071
vt 0.98124856 0.44766712
vt 0.93026268 0.44773859
vt 0.93083572 0.47825897
vt 0.93903816 0.48110986
vt 0.93830818 0.45178801
vt 0.93841261 0.56142247
vt 0.93830711 0.57048988
vt 0.95582849 0.57086718
vt 0.95615953 0.56178045
vt 0.93819594 0.44271994
vt 0.93830818 0.45178801
vt 0.95603073 0.45142174
vt 0.95570171 0.44233572
vt 0.96406829 0.53488117
vt 0.96424246 0.56594956
vt 0.98150045 0.56543171
vt 0.98121667 0.53456050
vt 0.93908495 0.53211033
vt 0.93088496 0.53494906
vt 0.93037170 0.56547379
vt 0.93841261 0.56142247
vt 0.95587438 0.53197312
vt 0.93908495 0.53211033
vt 0.93841261 0.56142247
vt 0.95615953 0.56178045
vt 0.96406829 0.53488117
vt 0.95587438 0.53197312
vt 0.95615953 0.56178045
vt 0.96424246 0.56594956
vt 0.96468717 0.50657308
vt 0.98163575 0.50657618
vt 0.93890136 0.50664055
vt 0.92982191 0.50661969
vt 0.95570248 0.50656557
vt 0.93890136 0.50664055
vt 0.96468717 0.50657308
vt 0.95570248 0.50656557
vt 0.93830818 0.45178801
vt 0.93903816 0.48110986
vt 0.95581955 0.48123771
vt 0.95603073 0.45142174
vt 0.95603073 0.45142174
vt 0.95581955 0.48123771
vt 0.96400243 0.47832340
vt 0.96408755 0.44723272
vt 0.96408755 0.44723272
vt 0.96400243 0.47832340
vt 0.98117399 0.47849071
vt 0.98124856 0.44766712
vt 0.93026268 0.44773859
vt 0.93083572 0.47825897
vt 0.93903816 0.48110986
vt 0.93830818 0.45178801
vt 0.93841261 0.56142247
vt 0.93830711 0.57048988
vt 0.95582849 0.57086718
vt 0.95615953 0.56178045
vt 0.93819594 0.44271994
vt 0.93830818 0.45178801
vt 0.95603073 0.45142174
vt 0.95570171 0.44233572
vt 0.96406829 0.53488117
vt 0.96424246 0.56594956
vt 0.98150045 0.56543171
vt 0.98121667 0.53456050
vt 0.93908495 0.53211033
vt 0.93088496 0.53494906
vt 0.93037170 0.56547379
vt 0.93841261 0.56142247
vt 0.95587438 0.53197312
vt 0.93908495 0.53211033
vt 0.93841261 0.56142247
vt 0.95615953 0.56178045
vt 0.96406829 0.53488117
vt 0.95587438 0.53197312
vt 0.95615953 0.56178045
vt 0.96424246 0.56594956
vt 0.96468717 0.50657308
vt 0.98163575 0.50657618
vt 0.93890136 0.50664055
vt 0.92982191 0.50661969
vt 0.95570248 0.50656557
vt 0.93890136 0.50664055
vt 0.96468717 0.50657308
vt 0.95570248 0.50656557
vt 0.93830818 0.45178801
vt 0.93903816 0.48110986
vt 0.95581955 0.48123771
vt 0.95603073 0.45142174
vt 0.95603073 0.45142174
vt 0.95581955 0.48123771
vt 0.96400243 0.47832340
vt 0.96408755 0.44723272
vt 0.96408755 0.44723272
vt 0.96400243 0.47832340
vt 0.98117399 0.47849071
vt 0.98124856 0.44766712
vt 0.93026268 0.44773859
vt 0.93083572 0.47825897
vt 0.93903816 0.48110986
vt 0.93830818 0.45178801
vt 0.93841261 0.56142247
vt 0.93830711 0.57048988
vt 0.95582849 0.57086718
vt 0.95615953 0.56178045
vt 0.93819594 0.44271994
vt 0.93830818 0.45178801
vt 0.95603073 0.45142174
vt 0.95570171 0.44233572
vt 0.96406829 0.53488117
vt 0.96424246 0.56594956
vt 0.98150045 0.56543171
vt 0.98121667 0.53456050
vt 0.93908495 0.53211033
vt 0.93088496 0.53494906
vt 0.93037170 0.56547379
vt 0.93841261 0.56142247
vt 0.95587438 0.53197312
vt 0.93908495 0.53211033
vt 0.93841261 0.56142247
vt 0.95615953 0.56178045
vt 0.96406829 0.53488117
vt 0.95587438 0.53197312
vt 0.95615953 0.56178045
vt 0.96424246 0.56594956
vt 0.96468717 0.50657308
vt 0.98163575 0.50657618
vt 0.93890136 0.50664055
vt 0.92982191 0.50661969
vt 0.95570248 0.50656557
vt 0.93890136 0.50664055
vt 0.96468717 0.50657308
vt 0.95570248 0.50656557
vt 0.93830818 0.45178801
vt 0.93903816 0.48110986
vt 0.95581955 0.48123771
vt 0.95603073 0.45142174
vt 0.95603073 0.45142174
vt 0.95581955 0.48123771
vt 0.96400243 0.47832340
vt 0.96408755 0.44723272
vt 0.96408755 0.44723272
vt 0.96400243 0.47832340
vt 0.98117399 0.47849071
vt 0.98124856 0.44766712
vt 0.93026268 0.44773859
vt 0.93083572 0.47825897
vt 0.93903816 0.48110986
vt 0.93830818 0.45178801
vt 0.93841261 0.56142247
vt 0.93830711 0.57048988
vt 0.95582849 0.57086718
vt 0.95615953 0.56178045
vt 0.93819594 0.44271994
vt 0.93830818 0.45178801
vt 0.95603073 0.45142174
vt 0.95570171 0.44233572
vt 0.96406829 0.53488117
vt 0.96424246 0.56594956
vt 0.98150045 0.56543171
vt 0.98121667 0.53456050
vt 0.93908495 0.53211033
vt 0.93088496 0.53494906
vt 0.93037170 0.56547379
vt 0.93841261 0.56142247
vt 0.95587438 0.53197312
vt 0.93908495 0.53211033
vt 0.93841261 0.56142247
vt 0.95615953 0.56178045
vt 0.96406829 0.53488117
vt 0.95587438 0.53197312
vt 0.95615953 0.56178045
vt 0.96424246 0.56594956
vt 0.96468717 0.50657308
vt 0.98163575 0.50657618
vt 0.93890136 0.50664055
vt 0.92982191 0.50661969
vt 0.95570248 0.50656557
vt 0.93890136 0.50664055
vt 0.96468717 0.50657308
vt 0.95570248 0.50656557
vt 0.93830818 0.45178801
vt 0.93903816 0.48110986
vt 0.95581955 0.48123771
vt 0.95603073 0.45142174
vt 0.95603073 0.45142174
vt 0.95581955 0.48123771
vt 0.96400243 0.47832340
vt 0.96408755 0.44723272
vt 0.96408755 0.44723272
vt 0.96400243 0.47832340
vt 0.98117399 0.47849071
vt 0.98124856 0.44766712
vt 0.93026268 0.44773859
vt 0.93083572 0.47825897
vt 0.93903816 0.48110986
vt 0.93830818 0.45178801
vt 0.93841261 0.56142247
vt 0.93830711 0.57048988
vt 0.95582849 0.57086718
vt 0.95615953 0.56178045
vt 0.93819594 0.44271994
vt 0.93830818 0.45178801
vt 0.95603073 0.45142174
vt 0.95570171 0.44233572
vt 0.96406829 0.53488117
vt 0.96424246 0.56594956
vt 0.98150045 0.56543171
vt 0.98121667 0.53456050
vt 0.93908495 0.53211033
vt 0.93088496 0.53494906
vt 0.93037170 0.56547379
vt 0.93841261 0.56142247
vt 0.95587438 0.53197312
vt 0.93908495 0.53211033
vt 0.93841261 0.56142247
vt 0.95615953 0.56178045
vt 0.96406829 0.53488117
vt 0.95587438 0.53197312
vt 0.95615953 0.56178045
vt 0.96424246 0.56594956
vt 0.96468717 0.50657308
vt 0.98163575 0.50657618
vt 0.93890136 0.50664055
vt 0.92982191 0.50661969
vt 0.95570248 0.50656557
vt 0.93890136 0.50664055
vt 0.96468717 0.50657308
vt 0.95570248 0.50656557
vt 0.93830818 0.45178801
vt 0.93903816 0.48110986
vt 0.95581955 0.48123771
vt 0.95603073 0.45142174
vt 0.95603073 0.45142174
vt 0.95581955 0.48123771
vt 0.96400243 0.47832340
vt 0.96408755 0.44723272
vt 0.96408755 0.44723272
vt 0.96400243 0.47832340
vt 0.98117399 0.47849071
vt 0.98124856 0.44766712
vt 0.93026268 0.44773859
vt 0.93083572 0.47825897
vt 0.93903816 0.48110986
vt 0.93830818 0.45178801
vt 0.93841261 0.56142247
vt 0.93830711 0.57048988
vt 0.95582849 0.57086718
vt 0.95615953 0.56178045
vt 0.93819594 0.44271994
vt 0.93830818 0.45178801
vt 0.95603073 0.45142174
vt 0.95570171 0.44233572
vt 0.96406829 0.53488117
vt 0.96424246 0.56594956
vt 0.98150045 0.56543171
vt 0.98121667 0.53456050
vt 0.93908495 0.53211033
vt 0.93088496 0.53494906
vt 0.93037170 0.56547379
vt 0.93841261 0.56142247
vt 0.95587438 0.53197312
vt 0.93908495 0.53211033
vt 0.93841261 0.56142247
vt 0.95615953 0.56178045
vt 0.96406829 0.53488117
vt 0.95587438 0.53197312
vt 0.95615953 0.56178045
vt 0.96424246 0.56594956
vt 0.96468717 0.50657308
vt 0.98163575 0.50657618
vt 0.93890136 0.50664055
vt 0.92982191 0.50661969
vt 0.95570248 0.50656557
vt 0.93890136 0.50664055
vt 0.96468717 0.50657308
vt 0.95570248 0.50656557
vt 0.93830818 0.45178801
vt 0.93903816 0.48110986
vt 0.95581955 0.48123771
vt 0.95603073 0.45142174
vt 0.95603073 0.45142174
vt 0.95581955 0.48123771
vt 0.96400243 0.47832340
vt 0.96408755 0.44723272
vt 0.96408755 0.44723272
vt 0.96400243 0.47832340
vt 0.98117399 0.47849071
vt 0.98124856 0.44766712
vt 0.93026268 0.44773859
vt 0.93083572 0.47825897
vt 0.93903816 0.48110986
vt 0.93830818 0.45178801
vt 0.93841261 0.56142247
vt 0.93830711 0.57048988
vt 0.95582849 0.57086718
vt 0.95615953 0.56178045
vt 0.93819594 0.44271994
vt 0.93830818 0.45178801
vt 0.95603073 0.45142174
vt 0.95570171 0.44233572
vt 0.96406829 0.53488117
vt 0.96424246 0.56594956
vt 0.98150045 0.56543171
vt 0.98121667 0.53456050
vt 0.93908495 0.53211033
vt 0.93088496 0.53494906
vt 0.93037170 0.56547379
vt 0.93841261 0.56142247
vt 0.95587438 0.53197312
vt 0.93908495 0.53211033
vt 0.93841261 0.56142247
vt 0.95615953 0.56178045
vt 0.96406829 0.53488117
vt 0.95587438 0.53197312
vt 0.95615953 0.56178045
vt 0.96424246 0.56594956
vt 0.96468717 0.50657308
vt 0.98163575 0.50657618
vt 0.93890136 0.50664055
vt 0.92982191 0.50661969
vt 0.95570248 0.50656557
vt 0.93890136 0.50664055
vt 0.96468717 0.50657308
vt 0.95570248 0.50656557
vt 0.93830818 0.45178801
vt 0.93903816 0.48110986
vt 0.95581955 0.48123771
vt 0.95603073 0.45142174
vt 0.95603073 0.45142174
vt 0.95581955 0.48123771
vt 0.96400243 0.47832340
vt 0.96408755 0.44723272
vt 0.96408755 0.44723272
vt 0.96400243 0.47832340
vt 0.98117399 0.47849071
vt 0.98124856 0.44766712
vt 0.93026268 0.44773859
vt 0.93083572 0.47825897
vt 0.93903816 0.48110986
vt 0.93830818 0.45178801
vt 0.93841261 0.56142247
vt 0.93830711 0.57048988
vt 0.95582849 0.57086718
vt 0.95615953 0.56178045
vt 0.93819594 0.44271994
vt 0.93830818 0.45178801
vt 0.95603073 0.45142174
vt 0.95570171 0.44233572
vt 0.96406829 0.53488117
vt 0.96424246 0.56594956
vt 0.98150045 0.56543171
vt 0.98121667 0.53456050
vt 0.93908495 0.53211033
vt 0.93088496 0.53494906
vt 0.93037170 0.56547379
vt 0.93841261 0.56142247
vt 0.95587438 0.53197312
vt 0.93908495 0.53211033
vt 0.93841261 0.56142247
vt 0.95615953 0.56178045
vt 0.96406829 0.53488117
vt 0.95587438 0.53197312
vt 0.95615953 0.56178045
vt 0.96424246 0.56594956
vt 0.96468717 0.50657308
vt 0.98163575 0.50657618
vt 0.93890136 0.50664055
vt 0.92982191 0.50661969
vt 0.95570248 0.50656557
vt 0.93890136 0.50664055
vt 0.96468717 0.50657308
vt 0.95570248 0.50656557
vt 0.93830818 0.45178801
vt 0.93903816 0.48110986
vt 0.95581955 0.48123771
vt 0.95603073 0.45142174
vt 0.95603073 0.45142174
vt 0.95581955 0.48123771
vt 0.96400243 0.47832340
vt 0.96408755 0.44723272
vt 0.96408755 0.44723272
vt 0.96400243 0.47832340
vt 0.98117399 0.47849071
vt 0.98124856 0.44766712
vt 0.93026268 0.44773859
vt 0.93083572 0.47825897
vt 0.93903816 0.48110986
vt 0.93830818 0.45178801
vt 0.93841261 0.56142247
vt 0.93830711 0.57048988
vt 0.95582849 0.57086718
vt 0.95615953 0.56178045
vt 0.93819594 0.44271994
vt 0.93830818 0.45178801
vt 0.95603073 0.45142174
vt 0.95570171 0.44233572
vt 0.96406829 0.53488117
vt 0.96424246 0.56594956
vt 0.98150045 0.56543171
vt 0.98121667 0.53456050
vt 0.93908495 0.53211033
vt 0.93088496 0.53494906
vt 0.93037170 0.56547379
vt 0.93841261 0.56142247
vt 0.95587438 0.53197312
vt 0.93908495 0.53211033
vt 0.93841261 0.56142247
vt 0.95615953 0.56178045
vt 0.96406829 0.53488117
vt 0.95587438 0.53197312
vt 0.95615953 0.56178045
vt 0.96424246 0.56594956
vt 0.96468717 0.50657308
vt 0.98163575 0.50657618
vt 0.93890136 0.50664055
vt 0.92982191 0.50661969
vt 0.95570248 0.50656557
vt 0.93890136 0.50664055
vt 0.96468717 0.50657308
vt 0.95570248 0.50656557
vt 0.93830818 0.45178801
vt 0.93903816 0.48110986
vt 0.95581955 0.48123771
vt 0.95603073 0.45142174
vt 0.95603073 0.45142174
vt 0.95581955 0.48123771
vt 0.96400243 0.47832340
vt 0.96408755 0.44723272
vt 0.96408755 0.44723272
vt 0.96400243 0.47832340
vt 0.98117399 0.47849071
vt 0.98124856 0.44766712
vt 0.93026268 0.44773859
vt 0.93083572 0.47825897
vt 0.93903816 0.48110986
vt 0.93830818 0.45178801
vt 0.93841261 0.56142247
vt 0.93830711 0.57048988
vt 0.95582849 0.57086718
vt 0.95615953 0.56178045
vt 0.93819594 0.44271994
vt 0.93830818 0.45178801
vt 0.95603073 0.45142174
vt 0.95570171 0.44233572
vt 0.96406829 0.53488117
vt 0.96424246 0.56594956
vt 0.98150045 0.56543171
vt 0.98121667 0.53456050
vt 0.93908495 0.53211033
vt 0.93088496 0.53494906
vt 0.93037170 0.56547379
vt 0.93841261 0.56142247
vt 0.95587438 0.53197312
vt 0.93908495 0.53211033
vt 0.93841261 0.56142247
vt 0.95615953 0.56178045
vt 0.96406829 0.53488117
vt 0.95587438 0.53197312
vt 0.95615953 0.56178045
vt 0.96424246 0.56594956
vt 0.96468717 0.50657308
vt 0.98163575 0.50657618
vt 0.93890136 0.50664055
vt 0.92982191 0.50661969
vt 0.95570248 0.50656557
vt 0.93890136 0.50664055
vt 0.96468717 0.50657308
vt 0.95570248 0.50656557
vt 0.93830818 0.45178801
vt 0.93903816 0.48110986
vt 0.95581955 0.48123771
vt 0.95603073 0.45142174
vt 0.95603073 0.45142174
vt 0.95581955 0.48123771
vt 0.96400243 0.47832340
vt 0.96408755 0.44723272
vt 0.96408755 0.44723272
vt 0.96400243 0.47832340
vt 0.98117399 0.47849071
vt 0.98124856 0.44766712
vt 0.93026268 0.44773859
vt 0.93083572 0.47825897
vt 0.93903816 0.48110986
vt 0.93830818 0.45178801
vt 0.93841261 0.56142247
vt 0.93830711 0.57048988
vt 0.95582849 0.57086718
vt 0.95615953 0.56178045
vt 0.93819594 0.44271994
vt 0.93830818 0.45178801
vt 0.95603073 0.45142174
vt 0.95570171 0.44233572
vt 0.96406829 0.53488117
vt 0.96424246 0.56594956
vt 0.98150045 0.56543171
vt 0.98121667 0.53456050
vt 0.93908495 0.53211033
vt 0.93088496 0.53494906
vt 0.93037170 0.56547379
vt 0.93841261 0.56142247
vt 0.95587438 0.53197312
vt 0.93908495 0.53211033
vt 0.93841261 0.56142247
vt 0.95615953 0.56178045
vt 0.96406829 0.53488117
vt 0.95587438 0.53197312
vt 0.95615953 0.56178045
vt 0.96424246 0.56594956
vt 0.96468717 0.50657308
vt 0.98163575 0.50657618
vt 0.93890136 0.50664055
vt 0.92982191 0.50661969
vt 0.95570248 0.50656557
vt 0.93890136 0.50664055
vt 0.96468717 0.50657308
vt 0.95570248 0.50656557
vt 0.93830818 0.45178801
vt 0.93903816 0.48110986
vt 0.95581955 0.48123771
vt 0.95603073 0.45142174
vt 0.95603073 0.45142174
vt 0.95581955 0.48123771
vt 0.96400243 0.47832340
vt 0.96408755 0.44723272
vt 0.96408755 0.44723272
vt 0.96400243 0.47832340
vt 0.98117399 0.47849071
vt 0.98124856 0.44766712
vt 0.93026268 0.44773859
vt 0.93083572 0.47825897
vt 0.93903816 0.48110986
vt 0.93830818 0.45178801
vt 0.93841261 0.56142247
vt 0.93830711 0.57048988
vt 0.95582849 0.57086718
vt 0.95615953 0.56178045
vt 0.93819594 0.44271994
vt 0.93830818 0.45178801
vt 0.95603073 0.45142174
vt 0.95570171 0.44233572
vt 0.96406829 0.53488117
vt 0.96424246 0.56594956
vt 0.98150045 0.56543171
vt 0.98121667 0.53456050
vt 0.93908495 0.53211033
vt 0.93088496 0.53494906
vt 0.93037170 0.56547379
vt 0.93841261 0.56142247
vt 0.95587438 0.53197312
vt 0.93908495 0.53211033
vt 0.93841261 0.56142247
vt 0.95615953 0.56178045
vt 0.96406829 0.53488117
vt 0.95587438 0.53197312
vt 0.95615953 0.56178045
vt 0.96424246 0.56594956
vt 0.96468717 0.50657308
vt 0.98163575 0.50657618
vt 0.93890136 0.50664055
vt 0.92982191 0.50661969
vt 0.95570248 0.50656557
vt 0.93890136 0.50664055
vt 0.96468717 0.50657308
vt 0.95570248 0.50656557
vt 0.90559804 0.81846458
vt 0.90789288 0.81763637
vt 0.90742493 0.81655252
vt 0.90522021 0.81734467
vt 0.88502276 0.81818902
vt 0.88735139 0.81886590
vt 0.88765848 0.81772774
vt 0.88538724 0.81708062
vt 0.88735139 0.81886590
vt 0.88969338 0.81929386
vt 0.88987070 0.81811643
vt 0.88765848 0.81772774
vt 0.88969338 0.81929386
vt 0.89198983 0.81954092
vt 0.89207554 0.81835699
vt 0.88987070 0.81811643
vt 0.89198983 0.81954092
vt 0.89425600 0.81966072
vt 0.89427239 0.81847650
vt 0.89207554 0.81835699
vt 0.89425600 0.81966072
vt 0.89650774 0.81966817
vt 0.89646327 0.81848574
vt 0.89427239 0.81847650
vt 0.89650774 0.81966817
vt 0.89875662 0.81956542
vt 0.89865190 0.81838697
vt 0.89646327 0.81848574
vt 0.89875662 0.81956542
vt 0.90101331 0.81934714
vt 0.90084153 0.81817615
vt 0.89865190 0.81838697
vt 0.90101331 0.81934714
vt 0.90329021 0.81899667
vt 0.90303284 0.81784099
vt 0.90084153 0.81817615
vt 0.90329021 0.81899667
vt 0.90559804 0.81846458
vt 0.90522021 0.81734467
vt 0.90303284 0.81784099
vt 0.90522021 0.81734467
vt 0.90742493 0.81655252
vt 0.90705901 0.81616294
vt 0.90502745 0.81684583
vt 0.88538724 0.81708062
vt 0.88765848 0.81772774
vt 0.88779950 0.81719959
vt 0.88573551 0.81664693
vt 0.88765848 0.81772774
vt 0.88987070 0.81811643
vt 0.88994002 0.81758112
vt 0.88779950 0.81719959
vt 0.88987070 0.81811643
vt 0.89207554 0.81835699
vt 0.89210188 0.81782317
vt 0.88994002 0.81758112
vt 0.89207554 0.81835699
vt 0.89427239 0.81847650
vt 0.89426666 0.81794477
vt 0.89210188 0.81782317
vt 0.89427239 0.81847650
vt 0.89646327 0.81848574
vt 0.89642948 0.81795591
vt 0.89426666 0.81794477
vt 0.89646327 0.81848574
vt 0.89865190 0.81838697
vt 0.89859051 0.81785929
vt 0.89642948 0.81795591
vt 0.89865190 0.81838697
vt 0.90084153 0.81817615
vt 0.90074968 0.81765139
vt 0.89859051 0.81785929
vt 0.90084153 0.81817615
vt 0.90303284 0.81784099
vt 0.90290177 0.81732106
vt 0.90074968 0.81765139
vt 0.90522021 0.81734467
vt 0.90502745 0.81684583
vt 0.90502745 0.81684583
vt 0.90705901 0.81616294
vt 0.90410066 0.80501866
vt 0.90228695 0.80565947
vt 0.88573551 0.81664693
vt 0.88779950 0.81719959
vt 0.88998485 0.80589211
vt 0.88810658 0.80531943
vt 0.88779950 0.81719959
vt 0.88994002 0.81758112
vt 0.89167237 0.80619037
vt 0.88998485 0.80589211
vt 0.88994002 0.81758112
vt 0.89210188 0.81782317
vt 0.89323598 0.80635291
vt 0.89167237 0.80619037
vt 0.89210188 0.81782317
vt 0.89426666 0.81794477
vt 0.89473128 0.80643046
vt 0.89323598 0.80635291
vt 0.89426666 0.81794477
vt 0.89642948 0.81795591
vt 0.89619493 0.80644196
vt 0.89473128 0.80643046
vt 0.89642948 0.81795591
vt 0.89859051 0.81785929
vt 0.89765286 0.80638981
vt 0.89619493 0.80644196
vt 0.89859051 0.81785929
vt 0.90074968 0.81765139
vt 0.89912939 0.80626428
vt 0.89765286 0.80638981
vt 0.90074968 0.81765139
vt 0.90290177 0.81732106
vt 0.90065706 0.80603886
vt 0.89912939 0.80626428
vt 0.90290177 0.81732106
vt 0.90502745 0.81684583
vt 0.90228695 0.80565947
vt 0.90065706 0.80603886
vt 0.90228695 0.80565947
vt 0.90410066 0.80501866
vt 0.90192527 0.80409610
vt 0.90088606 0.80429155
vt 0.88810658 0.80531943
vt 0.88998485 0.80589211
vt 0.89122206 0.80425423
vt 0.89019692 0.80403095
vt 0.88998485 0.80589211
vt 0.89167237 0.80619037
vt 0.89235675 0.80440986
vt 0.89122206 0.80425423
vt 0.89323598 0.80635291
vt 0.89355624 0.80451441
vt 0.89323598 0.80635291
vt 0.89473128 0.80643046
vt 0.89479154 0.80457437
vt 0.89355624 0.80451441
vt 0.89473128 0.80643046
vt 0.89619493 0.80644196
vt 0.89604294 0.80459291
vt 0.89479154 0.80457437
vt 0.89765286 0.80638981
vt 0.89729500 0.80457193
vt 0.89765286 0.80638981
vt 0.89912939 0.80626428
vt 0.89853293 0.80451423
vt 0.89729500 0.80457193
vt 0.89912939 0.80626428
vt 0.90065706 0.80603886
vt 0.89973885 0.80442166
vt 0.89853293 0.80451423
vt 0.90088606 0.80429155
vt 0.90192527 0.80409610
vt 0.90128970 0.79150409
vt 0.90029520 0.79150242
vt 0.89019692 0.80403095
vt 0.89122206 0.80425423
vt 0.89232999 0.79135460
vt 0.89134264 0.79131848
vt 0.89122206 0.80425423
vt 0.89235675 0.80440986
vt 0.89331818 0.79139006
vt 0.89232999 0.79135460
vt 0.89235675 0.80440986
vt 0.89355624 0.80451441
vt 0.89430928 0.79142296
vt 0.89331818 0.79139006
vt 0.89355624 0.80451441
vt 0.89479154 0.80457437
vt 0.89530408 0.79145116
vt 0.89430928 0.79142296
vt 0.89479154 0.80457437
vt 0.89604294 0.80459291
vt 0.89630216 0.79147333
vt 0.89530408 0.79145116
vt 0.89604294 0.80459291
vt 0.89729500 0.80457193
vt 0.89730209 0.79148865
vt 0.89630216 0.79147333
vt 0.89729500 0.80457193
vt 0.89853293 0.80451423
vt 0.89830190 0.79149753
vt 0.89730209 0.79148865
vt 0.89853293 0.80451423
vt 0.89973885 0.80442166
vt 0.89929986 0.79150116
vt 0.89830190 0.79149753
vt 0.89973885 0.80442166
vt 0.90088606 0.80429155
vt 0.90029520 0.79150242
vt 0.89929986 0.79150116
vt 0.89546072 0.73531544
vt 0.89636034 0.73555577
vt 0.89647043 0.72644818
vt 0.89546311 0.72663885
vt 0.89455986 0.73506582
vt 0.89546072 0.73531544
vt 0.89546311 0.72663885
vt 0.89446807 0.72683227
vt 0.89360142 0.73492885
vt 0.89455986 0.73506582
vt 0.89446807 0.72683227
vt 0.89347517 0.72696579
vt 0.89261127 0.73497295
vt 0.89360142 0.73492885
vt 0.89347517 0.72696579
vt 0.89248180 0.72700429
vt 0.90107822 0.73521721
vt 0.90204108 0.73512506
vt 0.90251362 0.72716820
vt 0.90153259 0.72699225
vt 0.90016752 0.73542440
vt 0.90107822 0.73521721
vt 0.90153259 0.72699225
vt 0.90055072 0.72675580
vt 0.89925808 0.73562264
vt 0.90016752 0.73542440
vt 0.90055072 0.72675580
vt 0.89955521 0.72652113
vt 0.89829957 0.73571980
vt 0.89925808 0.73562264
vt 0.89955521 0.72652113
vt 0.89853513 0.72636276
vt 0.89731330 0.73569763
vt 0.89829957 0.73571980
vt 0.89853513 0.72636276
vt 0.89749783 0.72633505
vt 0.89636034 0.73555577
vt 0.89731330 0.73569763
vt 0.89749783 0.72633505
vt 0.89647043 0.72644818
vt 0.89541268 0.74324858
vt 0.89622355 0.74350202
vt 0.89460105 0.74297321
vt 0.89541268 0.74324858
vt 0.89367300 0.74282002
vt 0.89460105 0.74297321
vt 0.89268237 0.74283123
vt 0.89367300 0.74282002
vt 0.90067196 0.74310422
vt 0.90160650 0.74299312
vt 0.89984852 0.74334222
vt 0.90067196 0.74310422
vt 0.89902669 0.74355894
vt 0.89984852 0.74334222
vt 0.89810711 0.74365473
vt 0.89902669 0.74355894
vt 0.89713776 0.74363780
vt 0.89810711 0.74365473
vt 0.89622355 0.74350202
vt 0.89713776 0.74363780
vt 0.89515471 0.75231773
vt 0.89603293 0.75234371
vt 0.89428097 0.75228405
vt 0.89515471 0.75231773
vt 0.89333773 0.75224990
vt 0.89428097 0.75228405
vt 0.89234835 0.75222820
vt 0.89333773 0.75224990
vt 0.90068746 0.75239503
vt 0.90163398 0.75239223
vt 0.89981151 0.75239837
vt 0.90068746 0.75239503
vt 0.89893204 0.75239396
vt 0.89981151 0.75239837
vt 0.89797950 0.75238216
vt 0.89893204 0.75239396
vt 0.89698488 0.75236487
vt 0.89797950 0.75238216
vt 0.89603293 0.75234371
vt 0.89698488 0.75236487
vt 0.89503413 0.76100963
vt 0.89591151 0.76108277
vt 0.89415199 0.76092619
vt 0.89503413 0.76100963
vt 0.89319938 0.76086009
vt 0.89415199 0.76092619
vt 0.89220816 0.76082730
vt 0.89319938 0.76086009
vt 0.90053415 0.76102322
vt 0.90148759 0.76098454
vt 0.89965016 0.76107955
vt 0.90053415 0.76102322
vt 0.89877105 0.76112545
vt 0.89965016 0.76107955
vt 0.89782965 0.76114243
vt 0.89877105 0.76112545
vt 0.89685196 0.76112962
vt 0.89782965 0.76114243
vt 0.89591151 0.76108277
vt 0.89685196 0.76112962
vt 0.89481890 0.76846218
vt 0.89575195 0.76875603
vt 0.89388829 0.76814950
vt 0.89481890 0.76846218
vt 0.89292175 0.76793849
vt 0.89388829 0.76814950
vt 0.89193118 0.76789850
vt 0.89292175 0.76793849
vt 0.90057814 0.76826584
vt 0.90155131 0.76808935
vt 0.89963782 0.76854587
vt 0.90057814 0.76826584
vt 0.89869571 0.76880729
vt 0.89963782 0.76854587
vt 0.89771843 0.76894808
vt 0.89869571 0.76880729
vt 0.89672410 0.76893032
vt 0.89771843 0.76894808
vt 0.89575195 0.76875603
vt 0.89672410 0.76893032
vt 0.89461809 0.77710813
vt 0.89559662 0.77724129
vt 0.89363939 0.77696800
vt 0.89461809 0.77710813
vt 0.89265329 0.77686727
vt 0.89363939 0.77696800
vt 0.89166296 0.77683711
vt 0.89265329 0.77686727
vt 0.90051496 0.77709836
vt 0.90150273 0.77703702
vt 0.89953423 0.77720028
vt 0.90051496 0.77709836
vt 0.89855397 0.77729625
vt 0.89953423 0.77720028
vt 0.89756852 0.77734518
vt 0.89855397 0.77729625
vt 0.89658111 0.77732670
vt 0.89756852 0.77734518
vt 0.89559662 0.77724129
vt 0.89658111 0.77732670
vt 0.53933734 0.98612672
vt 0.54086268 0.98780137
vt 0.54471093 0.98679107
vt 0.54187387 0.98303056
vt 0.54086268 0.98780137
vt 0.54109377 0.99005234
vt 0.54479724 0.99150008
vt 0.54471093 0.98679107
vt 0.54109377 0.99005234
vt 0.53995740 0.99200982
vt 0.54210138 0.99535912
vt 0.54479724 0.99150008
vt 0.53995740 0.99200982
vt 0.53788900 0.99292535
vt 0.53765446 0.99689490
vt 0.54210138 0.99535912
vt 0.53788900 0.99292535
vt 0.53567421 0.99244571
vt 0.53315693 0.99552506
vt 0.53765446 0.99689490
vt 0.53567421 0.99244571
vt 0.53416324 0.99075353
vt 0.53032106 0.99177700
vt 0.53315693 0.99552506
vt 0.53416324 0.99075353
vt 0.53393197 0.98849803
vt 0.53022391 0.98707414
vt 0.53032106 0.99177700
vt 0.53393197 0.98849803
vt 0.53506416 0.98653871
vt 0.53291470 0.98320329
vt 0.53022391 0.98707414
vt 0.53506416 0.98653871
vt 0.53713655 0.98562407
vt 0.53737676 0.98165828
vt 0.53291470 0.98320329
vt 0.53713655 0.98562407
vt 0.53933734 0.98612672
vt 0.54187387 0.98303056
vt 0.53737676 0.98165828
vt 0.54187387 0.98303056
vt 0.54471093 0.98679107
vt 0.54511970 0.98660880
vt 0.54210371 0.98264509
vt 0.54471093 0.98679107
vt 0.54479724 0.99150008
vt 0.54523313 0.99159431
vt 0.54511970 0.98660880
vt 0.54479724 0.99150008
vt 0.54210138 0.99535912
vt 0.54239708 0.99569255
vt 0.54523313 0.99159431
vt 0.54210138 0.99535912
vt 0.53765446 0.99689490
vt 0.53769833 0.99733901
vt 0.54239708 0.99569255
vt 0.53765446 0.99689490
vt 0.53315693 0.99552506
vt 0.53293240 0.99591142
vt 0.53769833 0.99733901
vt 0.53315693 0.99552506
vt 0.53032106 0.99177700
vt 0.52991301 0.99195832
vt 0.53293240 0.99591142
vt 0.53032106 0.99177700
vt 0.53022391 0.98707414
vt 0.52978885 0.98698038
vt 0.52991301 0.99195832
vt 0.53022391 0.98707414
vt 0.53291470 0.98320329
vt 0.53262079 0.98287123
vt 0.52978885 0.98698038
vt 0.53291470 0.98320329
vt 0.53737676 0.98165828
vt 0.53733581 0.98121560
vt 0.53262079 0.98287123
vt 0.53737676 0.98165828
vt 0.54187387 0.98303056
vt 0.54210371 0.98264509
vt 0.53733581 0.98121560
vt 0.54210371 0.98264509
vt 0.54511970 0.98660880
vt 0.54752529 0.98545748
vt 0.54334539 0.98027235
vt 0.54511970 0.98660880
vt 0.54523313 0.99159431
vt 0.54785699 0.99208689
vt 0.54752529 0.98545748
vt 0.54523313 0.99159431
vt 0.54239708 0.99569255
vt 0.54423857 0.99763268
vt 0.54785699 0.99208689
vt 0.54239708 0.99569255
vt 0.53769833 0.99733901
vt 0.53806317 0.99999368
vt 0.54423857 0.99763268
vt 0.53769833 0.99733901
vt 0.53293240 0.99591142
vt 0.53168285 0.99828488
vt 0.53806317 0.99999368
vt 0.53293240 0.99591142
vt 0.52991301 0.99195832
vt 0.52751601 0.99316084
vt 0.53168285 0.99828488
vt 0.52991301 0.99195832
vt 0.52978885 0.98698038
vt 0.52714467 0.98656029
vt 0.52751601 0.99316084
vt 0.52978885 0.98698038
vt 0.53262079 0.98287123
vt 0.53072596 0.98098695
vt 0.52714467 0.98656029
vt 0.53262079 0.98287123
vt 0.53733581 0.98121560
vt 0.53691357 0.97857761
vt 0.53072596 0.98098695
vt 0.53733581 0.98121560
vt 0.54210371 0.98264509
vt 0.54334539 0.98027235
vt 0.53691357 0.97857761
vt 0.72897649 0.99521267
vt 0.72708923 0.99520880
vt 0.72707945 0.99997789
vt 0.72896665 0.99998182
vt 0.72708923 0.99520880
vt 0.72520196 0.99520499
vt 0.72519225 0.99997407
vt 0.72707945 0.99997789
vt 0.72520196 0.99520499
vt 0.72331476 0.99520105
vt 0.72330499 0.99997020
vt 0.72519225 0.99997407
vt 0.72331476 0.99520105
vt 0.72142756 0.99519718
vt 0.72141778 0.99996632
vt 0.72330499 0.99997020
vt 0.72142756 0.99519718
vt 0.71954036 0.99519336
vt 0.71953052 0.99996245
vt 0.72141778 0.99996632
vt 0.71954036 0.99519336
vt 0.71765310 0.99518943
vt 0.71764332 0.99995852
vt 0.71953052 0.99996245
vt 0.71765310 0.99518943
vt 0.71576583 0.99518555
vt 0.71575612 0.99995470
vt 0.71764332 0.99995852
vt 0.73463809 0.99522442
vt 0.73275089 0.99522042
vt 0.73274112 0.99998951
vt 0.73462832 0.99999344
vt 0.73275089 0.99522042
vt 0.73086363 0.99521661
vt 0.73085386 0.99998569
vt 0.73274112 0.99998951
vt 0.73086363 0.99521661
vt 0.72897649 0.99521267
vt 0.72896665 0.99998182
vt 0.73085386 0.99998569
vt 0.73086935 0.99242693
vt 0.72898215 0.99242312
vt 0.73275661 0.99243087
vt 0.73086935 0.99242693
vt 0.73464382 0.99243474
vt 0.73275661 0.99243087
vt 0.71765882 0.99239987
vt 0.71577162 0.99239600
vt 0.71954602 0.99240375
vt 0.71765882 0.99239987
vt 0.72143334 0.99240756
vt 0.71954602 0.99240375
vt 0.72332048 0.99241149
vt 0.72143334 0.99240756
vt 0.72520769 0.99241531
vt 0.72332048 0.99241149
vt 0.72709495 0.99241918
vt 0.72520769 0.99241531
vt 0.72898215 0.99242312
vt 0.72709495 0.99241918
vt 0.85140878 0.47947222
vt 0.85140878 0.48182678
vt 0.88594764 0.48182678
vt 0.88594764 0.47947222
vt 0.21283193 0.55330956
vt 0.21048383 0.55565763
vt 0.21365136 0.55882525
vt 0.21599941 0.55647719
vt 0.75513113 0.48182666
vt 0.75513113 0.47947222
vt 0.72059226 0.47947216
vt 0.72059226 0.48182660
vt 0.11916553 0.55565774
vt 0.11681746 0.55330956
vt 0.11364994 0.55647713
vt 0.11599801 0.55882525
vt 0.85140878 0.38554913
vt 0.85140884 0.38790363
vt 0.88594764 0.38790363
vt 0.88594764 0.38554913
vt 0.21048383 0.45964324
vt 0.21283190 0.46199131
vt 0.21599941 0.45882368
vt 0.21365130 0.45647573
vt 0.75513119 0.38790357
vt 0.75513119 0.38554901
vt 0.72059238 0.38554883
vt 0.72059238 0.38790339
vt 0.11681744 0.46199131
vt 0.11916552 0.45964324
vt 0.11599801 0.45647573
vt 0.11364994 0.45882380
vt 0.00483619 0.55647713
vt 0.00483619 0.55882525
vt 0.00806829 0.55882525
vt 0.00806829 0.55647713
vt 0.00483619 0.45647573
vt 0.00483619 0.45882380
vt 0.00806829 0.45882380
vt 0.00806829 0.45647573
vt 0.01123579 0.55330956
vt 0.01358389 0.55565774
vt 0.01585856 0.55338305
vt 0.01351043 0.55103505
vt 0.00806829 0.55647713
vt 0.01041639 0.55882525
vt 0.01281940 0.45887864
vt 0.00965221 0.46040767
vt 0.01351043 0.48216528
vt 0.01618385 0.47949195
vt 0.01041639 0.45647573
vt 0.00806829 0.45882380
vt 0.10883386 0.46040767
vt 0.10566667 0.45887864
vt 0.10230218 0.47949195
vt 0.10497561 0.48216528
vt 0.11041777 0.45882380
vt 0.10806973 0.45647573
vt 0.11041777 0.45647573
vt 0.11041777 0.45882380
vt 0.11364994 0.45882380
vt 0.11364994 0.45647573
vt 0.11364994 0.55882525
vt 0.11364994 0.55647713
vt 0.11041777 0.55647713
vt 0.11041777 0.55882525
vt 0.10490219 0.55565774
vt 0.10725027 0.55330956
vt 0.10497561 0.55103505
vt 0.10262752 0.55338305
vt 0.10806973 0.55882525
vt 0.11041777 0.55647713
vt 0.41087204 0.19021326
vt 0.41087204 0.18785715
vt 0.37948585 0.18785715
vt 0.37948585 0.19021326
vt 0.25631806 0.18785733
vt 0.25631806 0.19021338
vt 0.28770423 0.19021338
vt 0.28770423 0.18785733
vt 0.25631818 0.25932133
vt 0.25631818 0.26200396
vt 0.28770432 0.26200396
vt 0.28770432 0.25964779
vt 0.41087204 0.26200390
vt 0.41087204 0.25932127
vt 0.37948585 0.25964773
vt 0.37948585 0.26200390
vt 0.84905416 0.51636565
vt 0.84905422 0.48182678
vt 0.75748563 0.48182666
vt 0.75748563 0.51636547
vt 0.84905440 0.35101026
vt 0.75748563 0.35101020
vt 0.75748569 0.38554907
vt 0.84905434 0.38554913
vt 0.72059226 0.47947216
vt 0.75513113 0.47947222
vt 0.75513119 0.38790357
vt 0.72059238 0.38790339
vt 0.88594764 0.38790363
vt 0.85140884 0.38790363
vt 0.85140878 0.47947222
vt 0.88594764 0.47947222
vt 0.00483619 0.45882380
vt 0.00483619 0.55647713
vt 0.00806829 0.55647713
vt 0.00806829 0.45882380
vt 0.21365127 0.45324361
vt 0.11599803 0.45324361
vt 0.11599801 0.45647573
vt 0.21365130 0.45647573
vt 0.11364994 0.55647713
vt 0.11364994 0.45882380
vt 0.11041777 0.45882380
vt 0.11041777 0.55647713
vt 0.21365136 0.55882525
vt 0.11599801 0.55882525
vt 0.11599801 0.56205726
vt 0.21365133 0.56205726
vt 0.37712952 0.15647107
vt 0.29006046 0.15647089
vt 0.29006043 0.18785715
vt 0.37712952 0.18785715
vt 0.25631806 0.19021338
vt 0.25631818 0.25932133
vt 0.28770432 0.25964779
vt 0.28770423 0.19021338
vt 0.29038706 0.29339015
vt 0.37680316 0.29339004
vt 0.37712952 0.26200390
vt 0.29006052 0.26200396
vt 0.41087204 0.25932127
vt 0.41087204 0.19021326
vt 0.37948585 0.19021326
vt 0.37948585 0.25964773
vt 0.72793061 0.98869127
vt 0.72779912 0.98902225
vt 0.73170614 0.99060184
vt 0.73185486 0.99023134
vt 0.72779912 0.98902225
vt 0.72766393 0.98935181
vt 0.73155445 0.99097115
vt 0.73170614 0.99060184
vt 0.72766393 0.98935181
vt 0.72752440 0.98968124
vt 0.73139989 0.99133915
vt 0.73155445 0.99097115
vt 0.72752440 0.98968124
vt 0.72737879 0.99001211
vt 0.73124266 0.99170595
vt 0.73139989 0.99133915
vt 0.72737879 0.99001211
vt 0.72722155 0.99034673
vt 0.73108357 0.99207133
vt 0.73124266 0.99170595
vt 0.72722155 0.99034673
vt 0.72703093 0.99068397
vt 0.73092604 0.99243438
vt 0.73108357 0.99207133
vt 0.72839457 0.98730075
vt 0.72829908 0.98767120
vt 0.73228425 0.98911184
vt 0.73242193 0.98873705
vt 0.72829908 0.98767120
vt 0.72818249 0.98801959
vt 0.73214388 0.98948616
vt 0.73228425 0.98911184
vt 0.72818249 0.98801959
vt 0.72805858 0.98835790
vt 0.73200083 0.98985946
vt 0.73214388 0.98948616
vt 0.72805858 0.98835790
vt 0.72793061 0.98869127
vt 0.73185486 0.99023134
vt 0.73200083 0.98985946
vt 0.72790366 0.98831671
vt 0.72777849 0.98864293
vt 0.72802299 0.98799217
vt 0.72790366 0.98831671
vt 0.72813177 0.98767388
vt 0.72802299 0.98799217
vt 0.72821116 0.98737139
vt 0.72813177 0.98767388
vt 0.72709346 0.99023300
vt 0.72693688 0.99050510
vt 0.72723883 0.98993027
vt 0.72709346 0.99023300
vt 0.72737920 0.98961443
vt 0.72723883 0.98993027
vt 0.72751594 0.98929298
vt 0.72737920 0.98961443
vt 0.72764909 0.98896867
vt 0.72751594 0.98929298
vt 0.72777849 0.98864293
vt 0.72764909 0.98896867
vt 0.72636563 0.98745608
vt 0.72626126 0.98774141
vt 0.72626126 0.98774141
vt 0.72615242 0.98802722
vt 0.72615242 0.98802722
vt 0.72603953 0.98831272
vt 0.72603953 0.98831272
vt 0.72592294 0.98859638
vt 0.72592294 0.98859638
vt 0.72580320 0.98887730
vt 0.72580320 0.98887730
vt 0.72568059 0.98915428
vt 0.72568059 0.98915428
vt 0.72555554 0.98942631
vt 0.72555554 0.98942631
vt 0.72542846 0.98969370
vt 0.72656459 0.98688883
vt 0.72646558 0.98717213
vt 0.72646558 0.98717213
vt 0.72636563 0.98745608
vt 0.71957415 0.98648763
vt 0.71769023 0.98659956
vt 0.71623188 0.98779738
vt 0.71575612 0.98962373
vt 0.71644473 0.99138081
vt 0.71803457 0.99239761
vt 0.71991855 0.99228573
vt 0.72137690 0.99108791
vt 0.72185266 0.98926163
vt 0.72116405 0.98750460
vt 0.00000000 1.00000000
vt 0.00000000 1.00000000
vt 0.00000000 1.00000000
vt 0.00000000 1.00000000
vt 0.00000000 1.00000000
vt 0.00000000 1.00000000
vt 0.00000000 1.00000000
vt 0.00000000 1.00000000
vt 0.00000000 1.00000000
vt 0.00000000 1.00000000
vt 0.85140884 0.38790363
vt 0.84905434 0.38554913
vt 0.75748569 0.38554907
vt 0.75513119 0.38790357
vt 0.75513113 0.47947222
vt 0.75748563 0.48182666
vt 0.84905422 0.48182678
vt 0.85140878 0.47947222
vt 0.37948585 0.19021326
vt 0.37712952 0.18785715
vt 0.29006043 0.18785715
vt 0.28770423 0.19021338
vt 0.28770432 0.25964779
vt 0.29006052 0.26200396
vt 0.37712952 0.26200390
vt 0.37948585 0.25964773
vt 0.40683067 0.99871927
vt 0.40646011 0.99885476
vt 0.40623996 0.99918222
vt 0.40625426 0.99957645
vt 0.40649769 0.99988705
vt 0.40687710 0.99999529
vt 0.40724766 0.99985975
vt 0.40746781 0.99953228
vt 0.40745348 0.99913806
vt 0.40721014 0.99882746
vt 0.77168167 0.98706877
vt 0.77030665 0.98706871
vt 0.77030665 0.99823427
vt 0.77168167 0.99823427
vt 0.76549298 0.98706871
vt 0.76411802 0.98706871
vt 0.76411802 0.99823433
vt 0.76549298 0.99823433
vt 0.76597440 0.99861819
vt 0.76597452 0.99999332
vt 0.76982546 0.99999285
vt 0.76982528 0.99861795
vt 0.76597434 0.98530996
vt 0.76597440 0.98668492
vt 0.76982528 0.98668486
vt 0.76982528 0.98530984
vt 0.76982528 0.98668486
vt 0.77030671 0.98668480
vt 0.77030665 0.98530984
vt 0.76982528 0.98530984
vt 0.77030671 0.99861783
vt 0.76982528 0.99861795
vt 0.76982546 0.99999285
vt 0.77030689 0.99999279
vt 0.76549298 0.98668498
vt 0.76597440 0.98668492
vt 0.76597434 0.98530996
vt 0.76549298 0.98530996
vt 0.76597440 0.99861819
vt 0.76549298 0.99861842
vt 0.76549315 0.99999338
vt 0.76597452 0.99999332
vt 0.51308519 0.99883014
vt 0.51626557 0.99865627
vt 0.51616919 0.99043101
vt 0.51200902 0.99065310
vt 0.51318938 0.95115471
vt 0.51636815 0.95141214
vt 0.51644295 0.95024574
vt 0.51330245 0.94999242
vt 0.52263933 0.99156356
vt 0.51847965 0.99099404
vt 0.51742053 0.99898046
vt 0.52055436 0.99954432
vt 0.51316595 0.99999541
vt 0.51631194 0.99982387
vt 0.51626557 0.99865627
vt 0.51308519 0.99883014
vt 0.51626557 0.99865627
vt 0.51742053 0.99898046
vt 0.51847965 0.99099404
vt 0.51616919 0.99043101
vt 0.51200926 0.99931443
vt 0.51308519 0.99883014
vt 0.51200902 0.99065310
vt 0.50976908 0.99146897
vt 0.51204425 0.95938647
vt 0.51621068 0.95961136
vt 0.51636815 0.95141214
vt 0.51318938 0.95115471
vt 0.50981146 0.95854944
vt 0.51204425 0.95938647
vt 0.51318938 0.95115471
vt 0.51211560 0.95066023
vt 0.52063549 0.95056772
vt 0.51752633 0.95109189
vt 0.51852453 0.95906556
vt 0.52265763 0.95850521
vt 0.51621068 0.95961136
vt 0.51852453 0.95906556
vt 0.51752633 0.95109189
vt 0.51636815 0.95141214
vt 0.51150298 0.96728319
vt 0.51606590 0.96741569
vt 0.50843829 0.96671325
vt 0.51150298 0.96728319
vt 0.51917112 0.96704429
vt 0.52371567 0.96673381
vt 0.51606590 0.96741569
vt 0.51917112 0.96704429
vt 0.51132083 0.97502702
vt 0.51597148 0.97501904
vt 0.50779992 0.97501737
vt 0.51132083 0.97502702
vt 0.51946175 0.97502613
vt 0.52414930 0.97502166
vt 0.51597148 0.97501904
vt 0.51946175 0.97502613
vt 0.51149273 0.98275018
vt 0.51605332 0.98263663
vt 0.50842553 0.98330551
vt 0.51149273 0.98275018
vt 0.51915842 0.98301220
vt 0.52370906 0.98332781
vt 0.51605332 0.98263663
vt 0.51915842 0.98301220
vt 0.76130408 0.99362051
vt 0.75922143 0.98975915
vt 0.75749600 0.99125051
vt 0.75874847 0.99355531
vt 0.75922143 0.98975915
vt 0.75189871 0.98987770
vt 0.75356925 0.99129808
vt 0.75749600 0.99125051
vt 0.75189871 0.98987770
vt 0.74960941 0.99318081
vt 0.75221217 0.99322170
vt 0.75356925 0.99129808
vt 0.74960941 0.99318081
vt 0.74960959 0.99613285
vt 0.75216514 0.99619788
vt 0.75221217 0.99322170
vt 0.74960959 0.99613285
vt 0.75169307 0.99999452
vt 0.75341773 0.99850291
vt 0.75216514 0.99619788
vt 0.75169307 0.99999452
vt 0.75901556 0.99987513
vt 0.75734431 0.99845475
vt 0.75341773 0.99850291
vt 0.75901556 0.99987513
vt 0.76130408 0.99657249
vt 0.75870138 0.99653149
vt 0.75734431 0.99845475
vt 0.76130408 0.99657249
vt 0.76130408 0.99362051
vt 0.75874847 0.99355531
vt 0.75870138 0.99653149
vt 0.25631806 0.42745894
vt 0.25631818 0.47891837
vt 0.30643329 0.47891814
vt 0.30643332 0.42745894
vt 0.35789320 0.47891796
vt 0.30643329 0.47891814
vt 0.30643332 0.54246581
vt 0.35789305 0.54246581
vt 0.30643332 0.61717051
vt 0.30643332 0.56571132
vt 0.25631812 0.56571120
vt 0.25631812 0.61717051
vt 0.25631818 0.47891837
vt 0.25631806 0.54246581
vt 0.30643332 0.54246581
vt 0.30643329 0.47891814
vt 0.40800819 0.54246581
vt 0.40800843 0.47891819
vt 0.35789320 0.47891796
vt 0.35789305 0.54246581
vt 0.30643332 0.56571132
vt 0.35789305 0.56571138
vt 0.40800819 0.56571126
vt 0.35789305 0.56571138
vt 0.68364078 0.98045844
vt 0.67302001 0.98045832
vt 0.67301995 0.99920368
vt 0.68364078 0.99920380
vt 0.29201946 0.54471582
vt 0.30264023 0.54471582
vt 0.25631812 0.56571120
vt 0.29201946 0.56346118
vt 0.30643332 0.56571132
vt 0.30264023 0.56346118
vt 0.68364078 0.97966897
vt 0.67302001 0.97966874
vt 0.67302001 0.98045832
vt 0.68364078 0.98045844
vt 0.67223036 0.98045832
vt 0.67223036 0.99920368
vt 0.67301995 0.99920368
vt 0.67302001 0.98045832
vt 0.67301995 0.99999321
vt 0.68364078 0.99999338
vt 0.68364078 0.99920380
vt 0.67301995 0.99920368
vt 0.68443030 0.99920380
vt 0.68443036 0.98045838
vt 0.68364078 0.98045844
vt 0.68364078 0.99920380
vt 0.74026209 0.98905271
vt 0.74105030 0.98686475
vt 0.73990941 0.98686469
vt 0.73957163 0.98836124
vt 0.74105030 0.98686475
vt 0.74026310 0.98467898
vt 0.73957098 0.98536980
vt 0.73990941 0.98686469
vt 0.74026310 0.98467898
vt 0.73807681 0.98389053
vt 0.73807496 0.98503137
vt 0.73957098 0.98536980
vt 0.73807681 0.98389053
vt 0.73588878 0.98467803
vt 0.73657912 0.98536915
vt 0.73807496 0.98503137
vt 0.73588878 0.98467803
vt 0.73510087 0.98686659
vt 0.73624164 0.98686582
vt 0.73657912 0.98536915
vt 0.73510087 0.98686659
vt 0.73588860 0.98905212
vt 0.73658031 0.98836088
vt 0.73624164 0.98686582
vt 0.73588860 0.98905212
vt 0.73807466 0.98983997
vt 0.73807609 0.98869914
vt 0.73658031 0.98836088
vt 0.73807466 0.98983997
vt 0.74026209 0.98905271
vt 0.73957163 0.98836124
vt 0.73807609 0.98869914
vt 0.74993485 0.98915839
vt 0.75072265 0.98697096
vt 0.74958187 0.98697096
vt 0.74924397 0.98846710
vt 0.75072265 0.98697096
vt 0.74993473 0.98478413
vt 0.74924356 0.98547524
vt 0.74958187 0.98697096
vt 0.74993473 0.98478413
vt 0.74774748 0.98399663
vt 0.74774760 0.98513740
vt 0.74924356 0.98547524
vt 0.74774748 0.98399663
vt 0.74556059 0.98478478
vt 0.74625176 0.98547578
vt 0.74774760 0.98513740
vt 0.74556059 0.98478478
vt 0.74477321 0.98697197
vt 0.74591404 0.98697174
vt 0.74625176 0.98547578
vt 0.74477321 0.98697197
vt 0.74556112 0.98915839
vt 0.74625242 0.98846716
vt 0.74591404 0.98697174
vt 0.74556112 0.98915839
vt 0.74774784 0.98994607
vt 0.74774832 0.98880523
vt 0.74625242 0.98846716
vt 0.74774784 0.98994607
vt 0.74993485 0.98915839
vt 0.74924397 0.98846710
vt 0.74774832 0.98880523
vt 0.75960732 0.98897582
vt 0.76039499 0.98678941
vt 0.75925422 0.98678952
vt 0.75891578 0.98828483
vt 0.76039499 0.98678941
vt 0.75960892 0.98460382
vt 0.75891650 0.98529452
vt 0.75925422 0.98678952
vt 0.75960892 0.98460382
vt 0.75742370 0.98381418
vt 0.75742096 0.98495501
vt 0.75891650 0.98529452
vt 0.75742370 0.98381418
vt 0.75523520 0.98459995
vt 0.75592494 0.98529172
vt 0.75742096 0.98495501
vt 0.75523520 0.98459995
vt 0.75444561 0.98678803
vt 0.75558645 0.98678833
vt 0.75592494 0.98529172
vt 0.75444561 0.98678803
vt 0.75523317 0.98897582
vt 0.75592405 0.98828465
vt 0.75558645 0.98678833
vt 0.75523317 0.98897582
vt 0.75742036 0.98976362
vt 0.75741971 0.98862278
vt 0.75592405 0.98828465
vt 0.75742036 0.98976362
vt 0.75960732 0.98897582
vt 0.75891578 0.98828483
vt 0.75741971 0.98862278
vt 0.74679554 0.99362051
vt 0.74471188 0.98975861
vt 0.74298739 0.99125016
vt 0.74423999 0.99355531
vt 0.74471188 0.98975861
vt 0.73738909 0.98987824
vt 0.73906058 0.99129850
vt 0.74298739 0.99125016
vt 0.73738909 0.98987824
vt 0.73510087 0.99318093
vt 0.73770362 0.99322176
vt 0.73906058 0.99129850
vt 0.73510087 0.99318093
vt 0.73510104 0.99613291
vt 0.73765665 0.99619794
vt 0.73770362 0.99322176
vt 0.73510104 0.99613291
vt 0.73718452 0.99999452
vt 0.73890918 0.99850291
vt 0.73765665 0.99619794
vt 0.73718452 0.99999452
vt 0.74450701 0.99987513
vt 0.74283582 0.99845481
vt 0.73890918 0.99850291
vt 0.74450701 0.99987513
vt 0.74679554 0.99657243
vt 0.74419284 0.99653143
vt 0.74283582 0.99845481
vt 0.74679554 0.99657243
vt 0.74679554 0.99362051
vt 0.74423999 0.99355531
vt 0.74419284 0.99653143
vt 0.76597440 0.98668492
vt 0.76549298 0.98706871
vt 0.76549298 0.99823433
vt 0.76597440 0.99861819
vt 0.76982528 0.99861795
vt 0.77030665 0.99823427
vt 0.77030665 0.98706871
vt 0.76982528 0.98668486
vt 0.75874847 0.99355531
vt 0.75749600 0.99125051
vt 0.75356925 0.99129808
vt 0.75221217 0.99322170
vt 0.75216514 0.99619788
vt 0.75341773 0.99850291
vt 0.75734431 0.99845475
vt 0.75870138 0.99653149
vt 0.73957163 0.98836124
vt 0.73990941 0.98686469
vt 0.73957098 0.98536980
vt 0.73807496 0.98503137
vt 0.73657912 0.98536915
vt 0.73624164 0.98686582
vt 0.73658031 0.98836088
vt 0.73807609 0.98869914
vt 0.74924397 0.98846710
vt 0.74958187 0.98697096
vt 0.74924356 0.98547524
vt 0.74774760 0.98513740
vt 0.74625176 0.98547578
vt 0.74591404 0.98697174
vt 0.74625242 0.98846716
vt 0.74774832 0.98880523
vt 0.75891578 0.98828483
vt 0.75925422 0.98678952
vt 0.75891650 0.98529452
vt 0.75742096 0.98495501
vt 0.75592494 0.98529172
vt 0.75558645 0.98678833
vt 0.75592405 0.98828465
vt 0.75741971 0.98862278
vt 0.74423999 0.99355531
vt 0.74298739 0.99125016
vt 0.73906058 0.99129850
vt 0.73770362 0.99322176
vt 0.73765665 0.99619794
vt 0.73890918 0.99850291
vt 0.74283582 0.99845481
vt 0.74419284 0.99653143
vt 0.78113818 0.98597109
vt 0.78113979 0.98506355
vt 0.77837825 0.98505872
vt 0.77837670 0.98596627
vt 0.77837670 0.98596627
vt 0.77746916 0.98596472
vt 0.77745944 0.99157691
vt 0.77836692 0.99157852
vt 0.77836692 0.99157852
vt 0.77836537 0.99248606
vt 0.78112686 0.99249089
vt 0.78112847 0.99158329
vt 0.77379036 0.99157053
vt 0.77469790 0.99157214
vt 0.77470767 0.98595989
vt 0.77380013 0.98595834
vt 0.77470767 0.98595989
vt 0.77469790 0.99157214
vt 0.77745944 0.99157691
vt 0.77746916 0.98596472
vt 0.78112847 0.99158329
vt 0.78113818 0.98597109
vt 0.77837670 0.98596627
vt 0.77836692 0.99157852
vt 0.99875593 0.99342817
vt 0.99874049 0.99252075
vt 0.99597937 0.99256772
vt 0.99599487 0.99347514
vt 0.99599487 0.99347514
vt 0.99508744 0.99349064
vt 0.99518299 0.99910200
vt 0.99609041 0.99908656
vt 0.99609041 0.99908656
vt 0.99610579 0.99999398
vt 0.99886692 0.99994695
vt 0.99885148 0.99903953
vt 0.99151444 0.99916446
vt 0.99242187 0.99914902
vt 0.99232632 0.99353766
vt 0.99141890 0.99355310
vt 0.99232632 0.99353766
vt 0.99242187 0.99914902
vt 0.99518299 0.99910200
vt 0.99508744 0.99349064
vt 0.99885148 0.99903953
vt 0.99875593 0.99342817
vt 0.99599487 0.99347514
vt 0.99609041 0.99908656
vt 0.78021824 0.99339747
vt 0.78019196 0.99249029
vt 0.77743161 0.99257022
vt 0.77745789 0.99347740
vt 0.77745789 0.99347740
vt 0.77655071 0.99350363
vt 0.77671307 0.99911350
vt 0.77762026 0.99908727
vt 0.77762026 0.99908727
vt 0.77764648 0.99999440
vt 0.78040683 0.99991453
vt 0.78038055 0.99900740
vt 0.78038055 0.99900740
vt 0.78128773 0.99898112
vt 0.78112543 0.99337125
vt 0.78021824 0.99339747
vt 0.77379036 0.99358350
vt 0.77395272 0.99919337
vt 0.77671307 0.99911350
vt 0.77655071 0.99350363
vt 0.78038055 0.99900740
vt 0.78021824 0.99339747
vt 0.77745789 0.99347740
vt 0.77762026 0.99908727
vt 0.99875671 0.98597735
vt 0.99874789 0.98506981
vt 0.99598652 0.98509657
vt 0.99599528 0.98600405
vt 0.99599528 0.98600405
vt 0.99508780 0.98601288
vt 0.99514210 0.99162483
vt 0.99604964 0.99161601
vt 0.99604964 0.99161601
vt 0.99605840 0.99252349
vt 0.99881977 0.99249679
vt 0.99881101 0.99158931
vt 0.99147326 0.99166030
vt 0.99238074 0.99165154
vt 0.99232644 0.98603958
vt 0.99141890 0.98604834
vt 0.99232644 0.98603958
vt 0.99238074 0.99165154
vt 0.99514210 0.99162483
vt 0.99508780 0.98601288
vt 0.99881101 0.99158931
vt 0.99875671 0.98597735
vt 0.99599528 0.98600405
vt 0.99604964 0.99161601
vt 0.66102040 0.98218733
vt 0.66509789 0.98501480
vt 0.66718769 0.98350406
vt 0.66183305 0.97973889
vt 0.66509789 0.98501480
vt 0.66673225 0.98971236
vt 0.66930789 0.98972833
vt 0.66718769 0.98350406
vt 0.66673225 0.98971236
vt 0.66527724 0.99447203
vt 0.66734660 0.99600536
vt 0.66930789 0.98972833
vt 0.66527724 0.99447203
vt 0.66130173 0.99746102
vt 0.66207612 0.99991852
vt 0.66734660 0.99600536
vt 0.66130173 0.99746102
vt 0.65633202 0.99754763
vt 0.65552050 0.99999392
vt 0.66207612 0.99991852
vt 0.65633202 0.99754763
vt 0.65225559 0.99470228
vt 0.65016454 0.99620879
vt 0.65552050 0.99999392
vt 0.65225559 0.99470228
vt 0.65062582 0.99000114
vt 0.64804941 0.98998797
vt 0.65016454 0.99620879
vt 0.65062582 0.99000114
vt 0.65207946 0.98523867
vt 0.65000999 0.98370540
vt 0.64804941 0.98998797
vt 0.65207946 0.98523867
vt 0.65606076 0.98225516
vt 0.65529567 0.97979569
vt 0.65000999 0.98370540
vt 0.65606076 0.98225516
vt 0.66102040 0.98218733
vt 0.66183305 0.97973889
vt 0.65529567 0.97979569
vt 0.66102040 0.98218733
vt 0.65606076 0.98225516
vt 0.65641767 0.98330551
vt 0.66069937 0.98324859
vt 0.65606076 0.98225516
vt 0.65207946 0.98523867
vt 0.65298790 0.98587579
vt 0.65641767 0.98330551
vt 0.65207946 0.98523867
vt 0.65062582 0.99000114
vt 0.65173513 0.98997653
vt 0.65298790 0.98587579
vt 0.65062582 0.99000114
vt 0.65225559 0.99470228
vt 0.65313745 0.99402970
vt 0.65173513 0.98997653
vt 0.65225559 0.99470228
vt 0.65633202 0.99754763
vt 0.65665269 0.99648619
vt 0.65313745 0.99402970
vt 0.65633202 0.99754763
vt 0.66130173 0.99746102
vt 0.66094095 0.99641252
vt 0.65665269 0.99648619
vt 0.66130173 0.99746102
vt 0.66527724 0.99447203
vt 0.66436875 0.99383557
vt 0.66094095 0.99641252
vt 0.66527724 0.99447203
vt 0.66673225 0.98971236
vt 0.66562271 0.98973680
vt 0.66436875 0.99383557
vt 0.66673225 0.98971236
vt 0.66509789 0.98501480
vt 0.66421682 0.98568958
vt 0.66562271 0.98973680
vt 0.66509789 0.98501480
vt 0.66102040 0.98218733
vt 0.66069937 0.98324859
vt 0.66421682 0.98568958
vt 0.66069937 0.98324859
vt 0.65641767 0.98330551
vt 0.65663689 0.98397428
vt 0.66048968 0.98391831
vt 0.65641767 0.98330551
vt 0.65298790 0.98587579
vt 0.65355980 0.98628598
vt 0.65663689 0.98397428
vt 0.65298790 0.98587579
vt 0.65173513 0.98997653
vt 0.65243864 0.98996675
vt 0.65355980 0.98628598
vt 0.65173513 0.98997653
vt 0.65313745 0.99402970
vt 0.65369970 0.99360824
vt 0.65243864 0.98996675
vt 0.65313745 0.99402970
vt 0.65665269 0.99648619
vt 0.65686244 0.99581599
vt 0.65369970 0.99360824
vt 0.65665269 0.99648619
vt 0.66094095 0.99641252
vt 0.66071904 0.99574590
vt 0.65686244 0.99581599
vt 0.66094095 0.99641252
vt 0.66436875 0.99383557
vt 0.66379642 0.99342650
vt 0.66071904 0.99574590
vt 0.66436875 0.99383557
vt 0.66562271 0.98973680
vt 0.66491872 0.98974735
vt 0.66379642 0.99342650
vt 0.66562271 0.98973680
vt 0.66421682 0.98568958
vt 0.66365498 0.98611361
vt 0.66491872 0.98974735
vt 0.66421682 0.98568958
vt 0.66069937 0.98324859
vt 0.66048968 0.98391831
vt 0.66365498 0.98611361
vt 0.56935763 0.99148667
vt 0.57186151 0.99209440
vt 0.57149404 0.98554677
vt 0.56910831 0.98652190
vt 0.56910831 0.98652190
vt 0.57149404 0.98554677
vt 0.56735313 0.98045856
vt 0.56599283 0.98264742
vt 0.56599283 0.98264742
vt 0.56735313 0.98045856
vt 0.56100273 0.97877049
vt 0.56119150 0.98133999
vt 0.56119150 0.98133999
vt 0.56100273 0.97877049
vt 0.55486768 0.98115271
vt 0.55653834 0.98311299
vt 0.55653834 0.98311299
vt 0.55486768 0.98115271
vt 0.55132562 0.98669076
vt 0.55383146 0.98728693
vt 0.55383146 0.98728693
vt 0.55132562 0.98669076
vt 0.55171210 0.99321616
vt 0.55409974 0.99223918
vt 0.55409974 0.99223918
vt 0.55171210 0.99321616
vt 0.55583060 0.99830294
vt 0.55719632 0.99611557
vt 0.55719632 0.99611557
vt 0.55583060 0.99830294
vt 0.56218249 0.99999690
vt 0.56199324 0.99742812
vt 0.56199324 0.99742812
vt 0.56218249 0.99999690
vt 0.56831223 0.99761719
vt 0.56664354 0.99565530
vt 0.56664354 0.99565530
vt 0.56831223 0.99761719
vt 0.57186151 0.99209440
vt 0.56935763 0.99148667
vt 0.56935763 0.99148667
vt 0.56828701 0.99119765
vt 0.56594741 0.99479181
vt 0.56664354 0.99565530
vt 0.56664354 0.99565530
vt 0.56594741 0.99479181
vt 0.56194264 0.99631959
vt 0.56199324 0.99742812
vt 0.56199324 0.99742812
vt 0.56194264 0.99631959
vt 0.55780995 0.99519092
vt 0.55719632 0.99611557
vt 0.55719632 0.99611557
vt 0.55780995 0.99519092
vt 0.55513674 0.99184686
vt 0.55409974 0.99223918
vt 0.55409974 0.99223918
vt 0.55513674 0.99184686
vt 0.55490369 0.98757172
vt 0.55383146 0.98728693
vt 0.55383146 0.98728693
vt 0.55490369 0.98757172
vt 0.55723578 0.98397607
vt 0.55653834 0.98311299
vt 0.55653834 0.98311299
vt 0.55723578 0.98397607
vt 0.56124234 0.98244834
vt 0.56119150 0.98133999
vt 0.56119150 0.98133999
vt 0.56124234 0.98244834
vt 0.56538177 0.98357296
vt 0.56599283 0.98264742
vt 0.56599283 0.98264742
vt 0.56538177 0.98357296
vt 0.56807107 0.98691416
vt 0.56910831 0.98652190
vt 0.56910831 0.98652190
vt 0.56807107 0.98691416
vt 0.56828701 0.99119765
vt 0.56935763 0.99148667
vt 0.56828701 0.99119765
vt 0.56760681 0.99102139
vt 0.56550068 0.99424845
vt 0.56594741 0.99479181
vt 0.56594741 0.99479181
vt 0.56550068 0.99424845
vt 0.56190568 0.99561667
vt 0.56194264 0.99631959
vt 0.56194264 0.99631959
vt 0.56190568 0.99561667
vt 0.55819499 0.99460155
vt 0.55780995 0.99519092
vt 0.55780995 0.99519092
vt 0.55819499 0.99460155
vt 0.55579078 0.99159211
vt 0.55513674 0.99184686
vt 0.55513674 0.99184686
vt 0.55579078 0.99159211
vt 0.55558580 0.98774505
vt 0.55490369 0.98757172
vt 0.55490369 0.98757172
vt 0.55558580 0.98774505
vt 0.55768383 0.98451871
vt 0.55723578 0.98397607
vt 0.55723578 0.98397607
vt 0.55768383 0.98451871
vt 0.56128055 0.98315084
vt 0.56124234 0.98244834
vt 0.56124234 0.98244834
vt 0.56128055 0.98315084
vt 0.56499958 0.98416251
vt 0.56538177 0.98357296
vt 0.56538177 0.98357296
vt 0.56499958 0.98416251
vt 0.56741655 0.98716873
vt 0.56807107 0.98691416
vt 0.56807107 0.98691416
vt 0.56741655 0.98716873
vt 0.56760681 0.99102139
vt 0.56828701 0.99119765
vt 0.18328238 0.61347705
vt 0.17976885 0.76138049
vt 0.22442837 0.76110202
vt 0.22804019 0.61614513
vt 0.22804019 0.61614513
vt 0.22442837 0.76110202
vt 0.29132581 0.76223642
vt 0.29497868 0.61856914
vt 0.09551934 0.63545245
vt 0.09487344 0.73656571
vt 0.15776324 0.73983043
vt 0.15948430 0.63409126
vt 0.17935841 0.76226640
vt 0.07737904 0.75685167
vt 0.08569548 0.81279892
vt 0.15560690 0.80312765
vt 0.07801252 0.61462140
vt 0.18292853 0.61249465
vt 0.15993059 0.57098448
vt 0.08938223 0.55881673
vt 0.07801533 0.61496902
vt 0.07751703 0.75675124
vt 0.08458340 0.75219339
vt 0.08505481 0.62011510
vt 0.07737904 0.75685167
vt 0.17935841 0.76226640
vt 0.17532289 0.75902164
vt 0.08458340 0.75219339
vt 0.17976885 0.76138049
vt 0.18328238 0.61347705
vt 0.17870279 0.61559129
vt 0.17532289 0.75902164
vt 0.18292853 0.61249465
vt 0.07801252 0.61462140
vt 0.08505481 0.62011510
vt 0.17870279 0.61559129
vt 0.15948430 0.63409126
vt 0.15776324 0.73983043
vt 0.15776324 0.73983043
vt 0.09487344 0.73656571
vt 0.09487344 0.73656571
vt 0.09551934 0.63545245
vt 0.09551934 0.63545245
vt 0.15948430 0.63409126
vt 0.68960947 0.98792088
vt 0.68701386 0.99102563
vt 0.68673897 0.99506301
vt 0.68888968 0.99849087
vt 0.69264454 1.00000000
vt 0.69656932 0.99901378
vt 0.69916493 0.99590904
vt 0.69943976 0.99187160
vt 0.69728899 0.98844379
vt 0.69353420 0.98693466
vt 0.71323317 0.99005407
vt 0.71005422 0.98755008
vt 0.70601058 0.98739278
vt 0.70264667 0.98964232
vt 0.70124751 0.99343956
vt 0.70234752 0.99733388
vt 0.70552653 0.99983799
vt 0.70957023 0.99999529
vt 0.71293414 0.99774563
vt 0.71433324 0.99394852
vt 0.62024188 0.04675114
vt 0.61809248 0.04918647
vt 0.63093656 0.06205261
vt 0.63254547 0.05952895
vt 0.63254547 0.05952895
vt 0.63093656 0.06205261
vt 0.63613534 0.06470108
vt 0.63796914 0.06204152
vt 0.72312254 0.02781463
vt 0.71974510 0.02517772
vt 0.70995516 0.04000688
vt 0.71186125 0.04126799
vt 0.71186125 0.04126799
vt 0.70995516 0.04000688
vt 0.70708895 0.04473543
vt 0.71137899 0.04704297
vt 0.64249450 0.02830279
vt 0.63905203 0.03015661
vt 0.64812648 0.04719496
vt 0.65001041 0.04639363
vt 0.65001041 0.04639363
vt 0.64812648 0.04719496
vt 0.65146130 0.05183280
vt 0.65516889 0.04888308
vt 0.69218928 0.01649332
vt 0.68784058 0.01609361
vt 0.68775052 0.03318572
vt 0.69006884 0.03303909
vt 0.69006884 0.03303909
vt 0.68775052 0.03318572
vt 0.68430001 0.03801966
vt 0.68930310 0.03828657
vt 0.63796914 0.06204152
vt 0.63613534 0.06470108
vt 0.63981169 0.07012510
vt 0.64246351 0.06856251
vt 0.71137899 0.04704297
vt 0.70708895 0.04473543
vt 0.70366126 0.05019820
vt 0.70632756 0.05200863
vt 0.68930310 0.03828657
vt 0.68430001 0.03801966
vt 0.68462455 0.04519224
vt 0.68789929 0.04545450
vt 0.65516889 0.04888308
vt 0.65146130 0.05183280
vt 0.65610427 0.05915427
vt 0.65868968 0.05676329
vt 0.64272588 0.07801497
vt 0.64581811 0.07678843
vt 0.69641644 0.06447995
vt 0.69865930 0.06576526
vt 0.68156916 0.06043661
vt 0.68423247 0.06022096
vt 0.66040933 0.06919098
vt 0.66320390 0.06718993
vt 0.64686126 0.08709431
vt 0.64979327 0.08646011
vt 0.69865930 0.06576526
vt 0.69641644 0.06447995
vt 0.69101536 0.08066630
vt 0.69374013 0.08180749
vt 0.68423247 0.06022096
vt 0.68156916 0.06043661
vt 0.67655396 0.07748365
vt 0.67942452 0.07785225
vt 0.66255528 0.08294725
vt 0.66581368 0.08212709
vt 0.64979327 0.08646011
vt 0.64686126 0.08709431
vt 0.64968103 0.10166061
vt 0.65276724 0.10125017
vt 0.68670934 0.10254294
vt 0.68988591 0.10310978
vt 0.67324895 0.10043013
vt 0.67640901 0.10080862
vt 0.66581368 0.08212709
vt 0.66255528 0.08294725
vt 0.66271162 0.10005730
vt 0.66578114 0.09999466
vt 0.65534854 0.17900991
vt 0.65849137 0.17891240
vt 0.67943794 0.17859238
vt 0.68256485 0.17902464
vt 0.67109305 0.17822856
vt 0.67422110 0.17823255
vt 0.66371202 0.17864877
vt 0.66682070 0.17844415
vt 0.73304468 0.07497311
vt 0.74960965 0.06431305
vt 0.72312254 0.02781463
vt 0.71186125 0.04126799
vt 0.65001041 0.04639363
vt 0.68775052 0.03318572
vt 0.68784058 0.01609361
vt 0.64249450 0.02830279
vt 0.69218928 0.01649332
vt 0.69006884 0.03303909
vt 0.70995516 0.04000688
vt 0.71974510 0.02517772
vt 0.64812648 0.04719496
vt 0.63905203 0.03015661
vt 0.62024188 0.04675114
vt 0.63254547 0.05952895
vt 0.73304468 0.07497311
vt 0.72688669 0.07182574
vt 0.72688669 0.07182574
vt 0.71137899 0.04704297
vt 0.70632756 0.05200863
vt 0.71988338 0.07499719
vt 0.70708895 0.04473543
vt 0.68930310 0.03828657
vt 0.68789929 0.04545450
vt 0.70366126 0.05019820
vt 0.68430001 0.03801966
vt 0.65516889 0.04888308
vt 0.65868968 0.05676329
vt 0.68462455 0.04519224
vt 0.65146130 0.05183280
vt 0.63796914 0.06204152
vt 0.64246351 0.06856251
vt 0.65610427 0.05915427
vt 0.69865930 0.06576526
vt 0.71076930 0.08055556
vt 0.68423247 0.06022096
vt 0.69641644 0.06447995
vt 0.66320390 0.06718993
vt 0.68156916 0.06043661
vt 0.64581811 0.07678843
vt 0.66040933 0.06919098
vt 0.69374013 0.08180749
vt 0.70158154 0.09062040
vt 0.69641644 0.06447995
vt 0.68423247 0.06022096
vt 0.67942452 0.07785225
vt 0.69101536 0.08066630
vt 0.66581368 0.08212709
vt 0.67655396 0.07748365
vt 0.66040933 0.06919098
vt 0.64581811 0.07678843
vt 0.64979327 0.08646011
vt 0.66255528 0.08294725
vt 0.68988591 0.10310978
vt 0.69744599 0.10453457
vt 0.69101536 0.08066630
vt 0.67942452 0.07785225
vt 0.67640901 0.10080862
vt 0.68670934 0.10254294
vt 0.66578114 0.09999466
vt 0.67324895 0.10043013
vt 0.66255528 0.08294725
vt 0.64979327 0.08646011
vt 0.65276724 0.10125017
vt 0.66271162 0.10005730
vt 0.68256485 0.17902464
vt 0.68682867 0.17981112
vt 0.67422110 0.17823255
vt 0.67943794 0.17859238
vt 0.66682070 0.17844415
vt 0.67109305 0.17822856
vt 0.65849137 0.17891240
vt 0.66371202 0.17864877
vt 0.30949911 0.64651358
vt 0.30244735 0.64437401
vt 0.29702133 0.66966361
vt 0.30915290 0.67140245
vt 0.38679001 0.77124286
vt 0.38691488 0.76483119
vt 0.31425688 0.76428187
vt 0.31366262 0.77062798
vt 0.38738009 0.64014721
vt 0.38722271 0.63369322
vt 0.31479290 0.63393152
vt 0.31542200 0.64023638
vt 0.30865058 0.73284578
vt 0.29651254 0.73384666
vt 0.30031151 0.75897008
vt 0.30787864 0.75802797
vt 0.30874720 0.70212340
vt 0.30865058 0.73284578
vt 0.38643354 0.73342931
vt 0.38672063 0.70254201
vt 0.30874720 0.70212340
vt 0.29500759 0.70186913
vt 0.30915290 0.67140245
vt 0.38683864 0.67170179
vt 0.38738009 0.64014721
vt 0.38683864 0.67170179
vt 0.39894095 0.67054999
vt 0.39375201 0.63925469
vt 0.38672063 0.70254201
vt 0.40040413 0.70257264
vt 0.38643354 0.73342931
vt 0.39855322 0.73457193
vt 0.38691488 0.76483119
vt 0.39329803 0.76570773
vt 0.30985177 0.63495648
vt 0.31094304 0.64198279
vt 0.30427381 0.63983315
vt 0.31094304 0.64198279
vt 0.30093566 0.76367456
vt 0.30868223 0.76266050
vt 0.30869630 0.76959670
vt 0.30868223 0.76266050
vt 0.01029882 0.12011027
vt 0.01257109 0.12711072
vt 0.03764774 0.12631905
vt 0.03571565 0.11420584
vt 0.10087152 0.11299175
vt 0.09939035 0.12516928
vt 0.12447871 0.12501073
vt 0.12648425 0.11792922
vt 0.06827302 0.11160797
vt 0.06853755 0.12541997
vt 0.00287875 0.28796434
vt 0.00928934 0.28790510
vt 0.00637621 0.13318837
vt 0.00000000 0.13273603
vt 0.13723709 0.13014674
vt 0.13090165 0.13084120
vt 0.13387360 0.28553438
vt 0.14030160 0.28534621
vt 0.06853755 0.12541997
vt 0.07154340 0.28598440
vt 0.10241384 0.28538215
vt 0.09939035 0.12516928
vt 0.03764774 0.12631905
vt 0.04072137 0.28656185
vt 0.13387360 0.28553438
vt 0.10241384 0.28538215
vt 0.10372481 0.29748476
vt 0.13483584 0.29190195
vt 0.07154340 0.28598440
vt 0.07180654 0.29966271
vt 0.04072137 0.28656185
vt 0.03986524 0.29870439
vt 0.00928934 0.28790510
vt 0.00856839 0.29430485
vt 0.00579708 0.12205625
vt 0.00810120 0.12867486
vt 0.00099542 0.12773073
vt 0.00810120 0.12867486
vt 0.13605680 0.12518394
vt 0.12900476 0.12640262
vt 0.13105638 0.11970252
vt 0.12900476 0.12640262
vt 0.51174784 0.64979029
vt 0.41384977 0.64766294
vt 0.41143110 0.75896972
vt 0.50932914 0.76109707
vt 0.40623996 0.99786586
vt 0.50413787 0.99999344
vt 0.50912344 0.77056170
vt 0.41122541 0.76843441
vt 0.51693904 0.41089386
vt 0.41904107 0.40876651
vt 0.41405541 0.63819826
vt 0.51195359 0.64032614
vt 0.41395268 0.64293063
vt 0.51185077 0.64505792
vt 0.41395268 0.64293063
vt 0.51185077 0.64505792
vt 0.41132820 0.76370203
vt 0.50922626 0.76582891
vt 0.41132820 0.76370203
vt 0.50922626 0.76582891
vt 0.62024188 0.04675114
vt 0.61809248 0.04918647
vt 0.63093656 0.06205261
vt 0.63254547 0.05952895
vt 0.63254547 0.05952895
vt 0.63093656 0.06205261
vt 0.63613534 0.06470108
vt 0.63796914 0.06204152
vt 0.72312254 0.02781463
vt 0.71974510 0.02517772
vt 0.70995516 0.04000688
vt 0.71186125 0.04126799
vt 0.71186125 0.04126799
vt 0.70995516 0.04000688
vt 0.70708895 0.04473543
vt 0.71137899 0.04704297
vt 0.64249450 0.02830279
vt 0.63905203 0.03015661
vt 0.64812648 0.04719496
vt 0.65001041 0.04639363
vt 0.65001041 0.04639363
vt 0.64812648 0.04719496
vt 0.65146130 0.05183280
vt 0.65516889 0.04888308
vt 0.69218928 0.01649332
vt 0.68784058 0.01609361
vt 0.68775052 0.03318572
vt 0.69006884 0.03303909
vt 0.69006884 0.03303909
vt 0.68775052 0.03318572
vt 0.68430001 0.03801966
vt 0.68930310 0.03828657
vt 0.63796914 0.06204152
vt 0.63613534 0.06470108
vt 0.63981169 0.07012510
vt 0.64246351 0.06856251
vt 0.71137899 0.04704297
vt 0.70708895 0.04473543
vt 0.70366126 0.05019820
vt 0.70632756 0.05200863
vt 0.68930310 0.03828657
vt 0.68430001 0.03801966
vt 0.68462455 0.04519224
vt 0.68789929 0.04545450
vt 0.65516889 0.04888308
vt 0.65146130 0.05183280
vt 0.65610427 0.05915427
vt 0.65868968 0.05676329
vt 0.64272588 0.07801497
vt 0.64581811 0.07678843
vt 0.69641644 0.06447995
vt 0.69865930 0.06576526
vt 0.68156916 0.06043661
vt 0.68423247 0.06022096
vt 0.66040933 0.06919098
vt 0.66320390 0.06718993
vt 0.64686126 0.08709431
vt 0.64979327 0.08646011
vt 0.69865930 0.06576526
vt 0.69641644 0.06447995
vt 0.69101536 0.08066630
vt 0.69374013 0.08180749
vt 0.68423247 0.06022096
vt 0.68156916 0.06043661
vt 0.67655396 0.07748365
vt 0.67942452 0.07785225
vt 0.66255528 0.08294725
vt 0.66581368 0.08212709
vt 0.64979327 0.08646011
vt 0.64686126 0.08709431
vt 0.64968103 0.10166061
vt 0.65276724 0.10125017
vt 0.68670934 0.10254294
vt 0.68988591 0.10310978
vt 0.67324895 0.10043013
vt 0.67640901 0.10080862
vt 0.66581368 0.08212709
vt 0.66255528 0.08294725
vt 0.66271162 0.10005730
vt 0.66578114 0.09999466
vt 0.65534854 0.17900991
vt 0.65849137 0.17891240
vt 0.67943794 0.17859238
vt 0.68256485 0.17902464
vt 0.67109305 0.17822856
vt 0.67422110 0.17823255
vt 0.66371202 0.17864877
vt 0.66682070 0.17844415
vt 0.73304468 0.07497311
vt 0.74960965 0.06431305
vt 0.72312254 0.02781463
vt 0.71186125 0.04126799
vt 0.65001041 0.04639363
vt 0.68775052 0.03318572
vt 0.68784058 0.01609361
vt 0.64249450 0.02830279
vt 0.69218928 0.01649332
vt 0.69006884 0.03303909
vt 0.70995516 0.04000688
vt 0.71974510 0.02517772
vt 0.64812648 0.04719496
vt 0.63905203 0.03015661
vt 0.62024188 0.04675114
vt 0.63254547 0.05952895
vt 0.73304468 0.07497311
vt 0.72688669 0.07182574
vt 0.72688669 0.07182574
vt 0.71137899 0.04704297
vt 0.70632756 0.05200863
vt 0.71988338 0.07499719
vt 0.70708895 0.04473543
vt 0.68930310 0.03828657
vt 0.68789929 0.04545450
vt 0.70366126 0.05019820
vt 0.68430001 0.03801966
vt 0.65516889 0.04888308
vt 0.65868968 0.05676329
vt 0.68462455 0.04519224
vt 0.65146130 0.05183280
vt 0.63796914 0.06204152
vt 0.64246351 0.06856251
vt 0.65610427 0.05915427
vt 0.69865930 0.06576526
vt 0.71076930 0.08055556
vt 0.68423247 0.06022096
vt 0.69641644 0.06447995
vt 0.66320390 0.06718993
vt 0.68156916 0.06043661
vt 0.64581811 0.07678843
vt 0.66040933 0.06919098
vt 0.69374013 0.08180749
vt 0.70158154 0.09062040
vt 0.69641644 0.06447995
vt 0.68423247 0.06022096
vt 0.67942452 0.07785225
vt 0.69101536 0.08066630
vt 0.66581368 0.08212709
vt 0.67655396 0.07748365
vt 0.66040933 0.06919098
vt 0.64581811 0.07678843
vt 0.64979327 0.08646011
vt 0.66255528 0.08294725
vt 0.68988591 0.10310978
vt 0.69744599 0.10453457
vt 0.69101536 0.08066630
vt 0.67942452 0.07785225
vt 0.67640901 0.10080862
vt 0.68670934 0.10254294
vt 0.66578114 0.09999466
vt 0.67324895 0.10043013
vt 0.66255528 0.08294725
vt 0.64979327 0.08646011
vt 0.65276724 0.10125017
vt 0.66271162 0.10005730
vt 0.68256485 0.17902464
vt 0.68682867 0.17981112
vt 0.67422110 0.17823255
vt 0.67943794 0.17859238
vt 0.66682070 0.17844415
vt 0.67109305 0.17822856
vt 0.65849137 0.17891240
vt 0.66371202 0.17864877
vt 0.63416719 0.13957691
vt 0.63642305 0.13742852
vt 0.64065063 0.13801271
vt 0.64272600 0.14090025
vt 0.64230806 0.14683658
vt 0.63997108 0.14892536
vt 0.63579184 0.14820540
vt 0.63380462 0.14535928
vt 0.38738009 0.64014721
vt 0.31542200 0.64023638
vt 0.31094304 0.64198279
vt 0.30949911 0.64651358
vt 0.38691488 0.76483119
vt 0.30787864 0.75802797
vt 0.30868223 0.76266050
vt 0.31425688 0.76428187
vt 0.00637621 0.13318837
vt 0.00928934 0.28790510
vt 0.01257109 0.12711072
vt 0.00810120 0.12867486
vt 0.13387360 0.28553438
vt 0.13090165 0.13084120
vt 0.12900476 0.12640262
vt 0.12447871 0.12501073
vt 0.63416719 0.13957691
vt 0.63642305 0.13742852
vt 0.64065063 0.13801271
vt 0.64272600 0.14090025
vt 0.64230806 0.14683658
vt 0.63997108 0.14892536
vt 0.63579184 0.14820540
vt 0.63380462 0.14535928
vt 0.76411802 0.72252023
vt 0.83033073 0.72252047
vt 0.83033091 0.64532530
vt 0.76411849 0.64532518
vt 0.76411849 0.64532518
vt 0.83033091 0.64532530
vt 0.83033079 0.58113313
vt 0.76411849 0.58113325
vt 0.83033079 0.58113313
vt 0.83033091 0.64532530
vt 0.90752578 0.64532530
vt 0.90752578 0.58113313
vt 0.83033073 0.51636565
vt 0.83033079 0.57954776
vt 0.90752578 0.57954776
vt 0.90752578 0.51636565
vt 0.76411849 0.57954776
vt 0.83033079 0.57954776
vt 0.83033073 0.51636565
vt 0.76411849 0.51636565
vt 0.51747239 0.47958279
vt 0.58478296 0.47958267
vt 0.58478284 0.32045364
vt 0.51747233 0.32045364
vt 0.71685815 0.32045364
vt 0.64954752 0.32045364
vt 0.64954752 0.47958291
vt 0.71685815 0.47958279
vt 0.64954704 0.54689360
vt 0.64954752 0.47958291
vt 0.58478296 0.47958267
vt 0.58478236 0.54689312
vt 0.58478296 0.47958267
vt 0.64954752 0.47958291
vt 0.64954752 0.32045364
vt 0.58478284 0.32045364
vt 0.51263613 0.93268335
vt 0.57994676 0.93268263
vt 0.57994676 0.77333349
vt 0.51263613 0.77333349
vt 0.71202195 0.77333349
vt 0.64471138 0.77333349
vt 0.64471138 0.93268281
vt 0.71202195 0.93268317
vt 0.64471114 0.99999338
vt 0.64471138 0.93268281
vt 0.57994676 0.93268263
vt 0.57994640 0.99999326
vt 0.57994676 0.93268263
vt 0.64471138 0.93268281
vt 0.64471138 0.77333349
vt 0.57994676 0.77333349
vt 0.42558476 0.25314289
vt 0.49289536 0.25314265
vt 0.49289536 0.09401375
vt 0.42558470 0.09401375
vt 0.87585622 0.02740145
vt 0.80854565 0.02740145
vt 0.80854565 0.18653059
vt 0.87585622 0.18653059
vt 0.55765945 0.32045364
vt 0.55765998 0.25314289
vt 0.49289536 0.25314265
vt 0.49289471 0.32045317
vt 0.49289536 0.25314265
vt 0.55765998 0.25314289
vt 0.55765998 0.09401375
vt 0.49289536 0.09401375
vt 0.51747233 0.70602262
vt 0.58478290 0.70602262
vt 0.58478302 0.54689360
vt 0.51747245 0.54689348
vt 0.71685839 0.54689372
vt 0.64954770 0.54689360
vt 0.64954752 0.70602286
vt 0.71685797 0.70602286
vt 0.64954710 0.77333349
vt 0.64954752 0.70602286
vt 0.58478290 0.70602262
vt 0.58478254 0.77333307
vt 0.58478290 0.70602262
vt 0.64954752 0.70602286
vt 0.64954770 0.54689360
vt 0.58478302 0.54689360
vt 0.78462362 0.72252035
vt 0.78462344 0.79138768
vt 0.87088037 0.79138780
vt 0.87088060 0.72252059
vt 0.87088025 0.99999338
vt 0.87088037 0.93112606
vt 0.78462344 0.93112606
vt 0.78462321 0.99999326
vt 0.71575612 0.93112606
vt 0.78462344 0.93112606
vt 0.78462344 0.79138768
vt 0.71575618 0.79138768
vt 0.78462344 0.79138768
vt 0.78462344 0.93112606
vt 0.87088037 0.93112606
vt 0.87088037 0.79138780
vt 0.00000000 0.77124292
vt 0.00000000 0.86272609
vt 0.07402116 0.86272609
vt 0.07402116 0.77124292
vt 0.00000000 0.89600515
vt 0.07402122 0.89600497
vt 0.07402122 0.87624311
vt 0.00000000 0.87624311
vt 0.00000010 0.99999338
vt 0.07402129 0.99999338
vt 0.07402129 0.98638123
vt 0.00000010 0.98638123
vt 0.00000010 0.98638123
vt 0.07402129 0.98638123
vt 0.07402129 0.97286433
vt 0.00000010 0.97286433
vt 0.00000000 0.87624311
vt 0.07402122 0.87624311
vt 0.07563595 0.99999338
vt 0.07563595 0.98638123
vt 0.07563595 0.98638123
vt 0.07563595 0.97286433
vt 0.07563589 0.89600497
vt 0.07563589 0.87624311
vt 0.30926445 0.14273190
vt 0.29500785 0.14273202
vt 0.29500791 0.15647089
vt 0.30213615 0.15647089
vt 0.29500759 0.04974651
vt 0.30926424 0.04974639
vt 0.17331769 0.99999326
vt 0.17331769 0.98638123
vt 0.17331769 0.98638123
vt 0.17331769 0.97286409
vt 0.17331763 0.89600497
vt 0.17331763 0.87624311
vt 0.40855023 0.14273190
vt 0.41567856 0.15647089
vt 0.40855038 0.04974639
vt 0.42280686 0.14273190
vt 0.42280707 0.04974651
vt 0.17467080 0.99999326
vt 0.17467080 0.98638123
vt 0.42280686 0.15647089
vt 0.17467074 0.89600497
vt 0.17467067 0.87624311
vt 0.17467080 0.98638123
vt 0.17467080 0.97286409
vt 0.28110656 0.86272597
vt 0.28110656 0.87624300
vt 0.28259864 0.87624300
vt 0.28259864 0.86272597
vt 0.28110656 0.77124292
vt 0.28259858 0.77124292
vt 0.28110656 0.98638105
vt 0.28110656 0.99999326
vt 0.28259870 0.99999326
vt 0.28259870 0.98638105
vt 0.28110656 0.97286409
vt 0.28110656 0.98638105
vt 0.28259870 0.98638105
vt 0.28259870 0.97286409
vt 0.28110656 0.87624300
vt 0.28110656 0.89600497
vt 0.28259870 0.89600497
vt 0.28259864 0.87624300
vt 0.00000000 0.89750057
vt 0.07402122 0.89750057
vt 0.07563589 0.89750057
vt 0.17331763 0.89750040
vt 0.17467074 0.89750040
vt 0.28110656 0.89750040
vt 0.28259870 0.89750040
vt 0.00000010 0.97286433
vt 0.07402129 0.97286433
vt 0.07563595 0.97286433
vt 0.17331769 0.97286409
vt 0.17467080 0.97286409
vt 0.28110656 0.97286409
vt 0.28259870 0.97286409
vt 0.17467067 0.86272609
vt 0.17467067 0.87624311
vt 0.17467067 0.77124292
vt 0.40459380 0.99999326
vt 0.40459380 0.98638105
vt 0.40459380 0.98638105
vt 0.40459380 0.97286409
vt 0.40459371 0.89750028
vt 0.40459380 0.97286409
vt 0.40459371 0.89600497
vt 0.40459371 0.87624300
vt 0.40459371 0.87624300
vt 0.40459371 0.86272597
vt 0.40459371 0.77124274
vt 0.90920371 0.68241465
vt 0.90920371 0.69593167
vt 0.91029251 0.69593167
vt 0.91029251 0.68241465
vt 0.90920371 0.59093118
vt 0.91029251 0.59093118
vt 0.90920436 0.80606961
vt 0.90920419 0.81968141
vt 0.91029310 0.81968141
vt 0.91029316 0.80606961
vt 0.90920442 0.79255271
vt 0.90920436 0.80606973
vt 0.91029316 0.80606961
vt 0.91029322 0.79255301
vt 0.91029322 0.79255301
vt 0.91029251 0.69593167
vt 0.90920371 0.69593191
vt 0.90920448 0.79255325
vt 0.99930638 0.81968206
vt 0.99930650 0.80607015
vt 0.99930650 0.80607015
vt 0.99930650 0.79255271
vt 0.99930650 0.79255271
vt 0.99930578 0.69593138
vt 0.99930578 0.69593138
vt 0.99930578 0.68241465
vt 0.99930578 0.59093118
vt 0.81453943 0.19670421
vt 0.80102235 0.19670433
vt 0.80102223 0.29332530
vt 0.81453925 0.29332542
vt 0.71092033 0.18318737
vt 0.71092033 0.19670433
vt 0.71200913 0.19670421
vt 0.71200913 0.18318737
vt 0.71092033 0.09170377
vt 0.71200913 0.09170377
vt 0.71092004 0.30684173
vt 0.71091992 0.32045352
vt 0.71200877 0.32045352
vt 0.71200901 0.30684215
vt 0.71092004 0.29332542
vt 0.71092016 0.30684268
vt 0.71200901 0.30684215
vt 0.71200889 0.29332542
vt 0.71200889 0.29332542
vt 0.71200913 0.19670421
vt 0.71092033 0.19670421
vt 0.71092004 0.29332542
vt 0.80102205 0.32045472
vt 0.80102229 0.30684227
vt 0.80102229 0.30684227
vt 0.80102223 0.29332530
vt 0.80102223 0.29332530
vt 0.80102235 0.19670433
vt 0.80102235 0.19670433
vt 0.80102247 0.18318737
vt 0.80102247 0.09170377
vt 0.90590358 0.29332554
vt 0.90590376 0.19670433
vt 0.81453925 0.30693758
vt 0.90590358 0.30693769
vt 0.25581816 0.10407382
vt 0.14849776 0.10410911
vt 0.14855702 0.28434557
vt 0.25587744 0.28431034
vt 0.87535036 0.99988663
vt 0.98267072 0.99998581
vt 0.98283726 0.81974941
vt 0.87551689 0.81965029
vt 0.98624933 0.81975257
vt 0.98608285 0.99998897
vt 0.99090916 0.99999344
vt 0.99107563 0.81975698
vt 0.14849776 0.10410911
vt 0.14508569 0.10411024
vt 0.14514495 0.28434670
vt 0.14855702 0.28434557
vt 0.98624933 0.81975257
vt 0.98283726 0.81974941
vt 0.98267072 0.99998581
vt 0.98608285 0.99998897
vt 0.47508913 0.40848619
vt 0.47458011 0.30116701
vt 0.24212399 0.30226952
vt 0.24263297 0.40958869
vt 0.23298132 0.40963447
vt 0.23247236 0.30231524
vt 0.00001618 0.30341774
vt 0.00052516 0.41073692
vt 0.47454104 0.29292870
vt 0.24208494 0.29403114
vt 0.24210781 0.29885745
vt 0.47456393 0.29775500
vt 0.47458011 0.30116701
vt 0.47456393 0.29775500
vt 0.24210781 0.29885745
vt 0.24212399 0.30226952
vt 0.00000000 0.30000567
vt 0.00001618 0.30341774
vt 0.23247236 0.30231524
vt 0.23245618 0.29890323
vt 0.88048393 0.10110730
vt 0.89412665 0.10105419
vt 0.89379996 0.02470750
vt 0.88018656 0.02476054
vt 0.99711090 0.10065311
vt 0.99681354 0.02430630
vt 0.99198723 0.02432513
vt 0.99228460 0.10067195
vt 0.98887247 0.10068518
vt 0.99228460 0.10067195
vt 0.99198723 0.02432513
vt 0.98857510 0.02433842
vt 0.99232221 0.11032355
vt 0.98891020 0.11033690
vt 0.98920745 0.18668360
vt 0.99261957 0.18667036
vt 0.98887247 0.10068518
vt 0.98857510 0.02433842
vt 0.75747114 0.69492012
vt 0.74385756 0.69492006
vt 0.74385756 0.79138768
vt 0.75747108 0.79138768
vt 0.74385756 0.69492006
vt 0.73420590 0.69492006
vt 0.73420578 0.79138768
vt 0.74385756 0.79138768
vt 0.73420590 0.69492006
vt 0.72059226 0.69492012
vt 0.72059226 0.79138768
vt 0.73420578 0.79138768
vt 0.14608270 0.09687084
vt 0.25581500 0.09442210
vt 0.14849459 0.09445739
vt 0.25581816 0.10407382
vt 0.14608426 0.10169721
vt 0.14849776 0.10410911
vt 0.25587744 0.28431034
vt 0.14856023 0.29399735
vt 0.25588062 0.29396206
vt 0.14614673 0.29158545
vt 0.14614514 0.28675908
vt 0.14855702 0.28434557
vt 0.48180771 0.29872000
vt 0.48474079 0.40844047
vt 0.48423180 0.30112123
vt 0.47508913 0.40848619
vt 0.47698146 0.29874289
vt 0.47458011 0.30116701
vt 0.24263297 0.40958869
vt 0.23247236 0.30231524
vt 0.23298132 0.40963447
vt 0.23487358 0.29989117
vt 0.23969989 0.29986823
vt 0.24212399 0.30226952
vt 0.99131334 0.10791481
vt 0.88052148 0.11075902
vt 0.98891020 0.11033690
vt 0.88048393 0.10110730
vt 0.99129462 0.10308850
vt 0.98887247 0.10068518
vt 0.89443225 0.18705285
vt 0.88052148 0.11075902
vt 0.88081884 0.18710583
vt 0.98891020 0.11033690
vt 0.98920745 0.18668360
vt 0.89446986 0.19670445
vt 0.98920745 0.18668360
vt 0.89443225 0.18705285
vt 0.99162954 0.18908697
vt 0.99164826 0.19391328
vt 0.98924512 0.19633532
vt 0.04637811 0.67342770
vt 0.04641757 0.67911172
vt 0.05755889 0.67903429
vt 0.05751943 0.67335033
vt 0.04645709 0.68479562
vt 0.05759836 0.68471825
vt 0.04649643 0.69046819
vt 0.05763770 0.69039083
vt 0.04653574 0.69612247
vt 0.05767701 0.69604516
vt 0.04657488 0.70175833
vt 0.05771614 0.70168090
vt 0.04661391 0.70738268
vt 0.05775524 0.70730525
vt 0.04665301 0.71300697
vt 0.05779427 0.71292961
vt 0.04669214 0.71864283
vt 0.05783341 0.71856546
vt 0.04673139 0.72429705
vt 0.05787271 0.72421968
vt 0.04677079 0.72996968
vt 0.05791212 0.72989225
vt 0.04681031 0.73565364
vt 0.05795164 0.73557621
vt 0.04684976 0.74133754
vt 0.05799104 0.74126023
vt 0.62715149 0.09457910
vt 0.62254053 0.08629560
vt 0.61354017 0.09315258
vt 0.61647940 0.09830630
vt 0.61556697 0.07982373
vt 0.60912716 0.08914632
vt 0.60690606 0.07581711
vt 0.60367060 0.08668834
vt 0.59741783 0.07468450
vt 0.59770900 0.08602780
vt 0.58805162 0.07653832
vt 0.59183514 0.08723366
vt 0.57973760 0.08118045
vt 0.58663189 0.09018475
vt 0.57327878 0.08813220
vt 0.58259112 0.09457409
vt 0.56928372 0.09671807
vt 0.58011389 0.09997857
vt 0.56813699 0.10611039
vt 0.57943785 0.10586935
vt 0.56995595 0.11540401
vt 0.58062828 0.11167467
vt 0.57457691 0.12369412
vt 0.58357352 0.11683095
vt 0.58155948 0.13016135
vt 0.58799148 0.12083411
vt 0.59021991 0.13416058
vt 0.59344947 0.12328815
vt 0.59970236 0.13529396
vt 0.59941024 0.12395006
vt 0.60906851 0.13344729
vt 0.60528690 0.12275422
vt 0.61738992 0.12880629
vt 0.61049688 0.11980975
vt 0.62385166 0.12184221
vt 0.61452973 0.11541319
vt 0.62783575 0.11324811
vt 0.61699653 0.11000192
vt 0.62897038 0.10386032
vt 0.61766374 0.10410559
vt 0.04637811 0.67342770
vt 0.04641757 0.67911172
vt 0.05755889 0.67903429
vt 0.05751943 0.67335033
vt 0.04645709 0.68479562
vt 0.05759836 0.68471825
vt 0.04649643 0.69046819
vt 0.05763770 0.69039083
vt 0.04653574 0.69612247
vt 0.05767701 0.69604516
vt 0.04657488 0.70175833
vt 0.05771614 0.70168090
vt 0.04661391 0.70738268
vt 0.05775524 0.70730525
vt 0.04665301 0.71300697
vt 0.05779427 0.71292961
vt 0.04669214 0.71864283
vt 0.05783341 0.71856546
vt 0.04673139 0.72429705
vt 0.05787271 0.72421968
vt 0.04677079 0.72996968
vt 0.05791212 0.72989225
vt 0.04681031 0.73565364
vt 0.05795164 0.73557621
vt 0.04684976 0.74133754
vt 0.05799104 0.74126023
vt 0.62715149 0.09457910
vt 0.62254053 0.08629560
vt 0.61354017 0.09315258
vt 0.61647940 0.09830630
vt 0.61556697 0.07982373
vt 0.60912716 0.08914632
vt 0.60690606 0.07581711
vt 0.60367060 0.08668834
vt 0.59741783 0.07468450
vt 0.59770900 0.08602780
vt 0.58805162 0.07653832
vt 0.59183514 0.08723366
vt 0.57973760 0.08118045
vt 0.58663189 0.09018475
vt 0.57327878 0.08813220
vt 0.58259112 0.09457409
vt 0.56928372 0.09671807
vt 0.58011389 0.09997857
vt 0.56813699 0.10611039
vt 0.57943785 0.10586935
vt 0.56995595 0.11540401
vt 0.58062828 0.11167467
vt 0.57457691 0.12369412
vt 0.58357352 0.11683095
vt 0.58155948 0.13016135
vt 0.58799148 0.12083411
vt 0.59021991 0.13416058
vt 0.59344947 0.12328815
vt 0.59970236 0.13529396
vt 0.59941024 0.12395006
vt 0.60906851 0.13344729
vt 0.60528690 0.12275422
vt 0.61738992 0.12880629
vt 0.61049688 0.11980975
vt 0.62385166 0.12184221
vt 0.61452973 0.11541319
vt 0.62783575 0.11324811
vt 0.61699653 0.11000192
vt 0.62897038 0.10386032
vt 0.61766374 0.10410559
vt 0.04637811 0.67342770
vt 0.04641757 0.67911172
vt 0.05755889 0.67903429
vt 0.05751943 0.67335033
vt 0.04645709 0.68479562
vt 0.05759836 0.68471825
vt 0.04649643 0.69046819
vt 0.05763770 0.69039083
vt 0.04653574 0.69612247
vt 0.05767701 0.69604516
vt 0.04657488 0.70175833
vt 0.05771614 0.70168090
vt 0.04661391 0.70738268
vt 0.05775524 0.70730525
vt 0.04665301 0.71300697
vt 0.05779427 0.71292961
vt 0.04669214 0.71864283
vt 0.05783341 0.71856546
vt 0.04673139 0.72429705
vt 0.05787271 0.72421968
vt 0.04677079 0.72996968
vt 0.05791212 0.72989225
vt 0.04681031 0.73565364
vt 0.05795164 0.73557621
vt 0.04684976 0.74133754
vt 0.05799104 0.74126023
vt 0.62715149 0.09457910
vt 0.62254053 0.08629560
vt 0.61354017 0.09315258
vt 0.61647940 0.09830630
vt 0.61556697 0.07982373
vt 0.60912716 0.08914632
vt 0.60690606 0.07581711
vt 0.60367060 0.08668834
vt 0.59741783 0.07468450
vt 0.59770900 0.08602780
vt 0.58805162 0.07653832
vt 0.59183514 0.08723366
vt 0.57973760 0.08118045
vt 0.58663189 0.09018475
vt 0.57327878 0.08813220
vt 0.58259112 0.09457409
vt 0.56928372 0.09671807
vt 0.58011389 0.09997857
vt 0.56813699 0.10611039
vt 0.57943785 0.10586935
vt 0.56995595 0.11540401
vt 0.58062828 0.11167467
vt 0.57457691 0.12369412
vt 0.58357352 0.11683095
vt 0.58155948 0.13016135
vt 0.58799148 0.12083411
vt 0.59021991 0.13416058
vt 0.59344947 0.12328815
vt 0.59970236 0.13529396
vt 0.59941024 0.12395006
vt 0.60906851 0.13344729
vt 0.60528690 0.12275422
vt 0.61738992 0.12880629
vt 0.61049688 0.11980975
vt 0.62385166 0.12184221
vt 0.61452973 0.11541319
vt 0.62783575 0.11324811
vt 0.61699653 0.11000192
vt 0.62897038 0.10386032
vt 0.61766374 0.10410559
vt 0.04637811 0.67342770
vt 0.04641757 0.67911172
vt 0.05755889 0.67903429
vt 0.05751943 0.67335033
vt 0.04645709 0.68479562
vt 0.05759836 0.68471825
vt 0.04649643 0.69046819
vt 0.05763770 0.69039083
vt 0.04653574 0.69612247
vt 0.05767701 0.69604516
vt 0.04657488 0.70175833
vt 0.05771614 0.70168090
vt 0.04661391 0.70738268
vt 0.05775524 0.70730525
vt 0.04665301 0.71300697
vt 0.05779427 0.71292961
vt 0.04669214 0.71864283
vt 0.05783341 0.71856546
vt 0.04673139 0.72429705
vt 0.05787271 0.72421968
vt 0.04677079 0.72996968
vt 0.05791212 0.72989225
vt 0.04681031 0.73565364
vt 0.05795164 0.73557621
vt 0.04684976 0.74133754
vt 0.05799104 0.74126023
vt 0.62715149 0.09457910
vt 0.62254053 0.08629560
vt 0.61354017 0.09315258
vt 0.61647940 0.09830630
vt 0.61556697 0.07982373
vt 0.60912716 0.08914632
vt 0.60690606 0.07581711
vt 0.60367060 0.08668834
vt 0.59741783 0.07468450
vt 0.59770900 0.08602780
vt 0.58805162 0.07653832
vt 0.59183514 0.08723366
vt 0.57973760 0.08118045
vt 0.58663189 0.09018475
vt 0.57327878 0.08813220
vt 0.58259112 0.09457409
vt 0.56928372 0.09671807
vt 0.58011389 0.09997857
vt 0.56813699 0.10611039
vt 0.57943785 0.10586935
vt 0.56995595 0.11540401
vt 0.58062828 0.11167467
vt 0.57457691 0.12369412
vt 0.58357352 0.11683095
vt 0.58155948 0.13016135
vt 0.58799148 0.12083411
vt 0.59021991 0.13416058
vt 0.59344947 0.12328815
vt 0.59970236 0.13529396
vt 0.59941024 0.12395006
vt 0.60906851 0.13344729
vt 0.60528690 0.12275422
vt 0.61738992 0.12880629
vt 0.61049688 0.11980975
vt 0.62385166 0.12184221
vt 0.61452973 0.11541319
vt 0.62783575 0.11324811
vt 0.61699653 0.11000192
vt 0.62897038 0.10386032
vt 0.61766374 0.10410559
vt 0.02467459 0.00000000
vt 0.02418095 0.11137450
vt 0.02652663 0.10913879
vt 0.02684142 0.00239664
vt 0.02684142 0.00239664
vt 0.02652663 0.10913879
vt 0.14284840 0.10956055
vt 0.14316250 0.00281912
vt 0.14316250 0.00281912
vt 0.14284840 0.10956055
vt 0.14501511 0.11195737
vt 0.14550860 0.00058317
vt 0.02418095 0.11137450
vt 0.14501511 0.11195737
vt 0.14284840 0.10956055
vt 0.02652663 0.10913879
vt 0.14550860 0.00058317
vt 0.02467459 0.00000000
vt 0.02684142 0.00239664
vt 0.14316250 0.00281912
vt 0.28349134 0.00269586
vt 0.27354705 0.00250500
vt 0.27396742 0.02954507
vt 0.28203329 0.02969986
vt 0.28187311 0.03788936
vt 0.27381316 0.03773463
vt 0.27389500 0.05333561
vt 0.28118932 0.05347705
vt 0.01434904 0.62692595
vt 0.02372863 0.62689281
vt 0.02531160 0.59212780
vt 0.01252007 0.59217310
vt 0.24018021 0.02725071
vt 0.24024116 0.04276520
vt 0.26607221 0.05083603
vt 0.26599100 0.03531951
vt 0.31522605 0.04421270
vt 0.31588557 0.02871186
vt 0.28978273 0.03577876
vt 0.28910291 0.05128121
vt 0.27381316 0.03773463
vt 0.28187311 0.03788936
vt 0.27389500 0.05333561
vt 0.27381316 0.03773463
vt 0.27384093 0.13793302
vt 0.27797222 0.13801295
vt 0.27812311 0.13019848
vt 0.27399221 0.13011867
vt 0.28187311 0.03788936
vt 0.28118932 0.05347705
vt 0.02372863 0.62689281
vt 0.01434904 0.62692595
vt 0.01674262 0.72888970
vt 0.02205687 0.72887087
vt 0.27812311 0.13019848
vt 0.28593180 0.13051075
vt 0.27399221 0.13011867
vt 0.27812311 0.13019848
vt 0.26617736 0.13012856
vt 0.27399221 0.13011867
vt 0.28349134 0.00269586
vt 0.27354705 0.00250500
vt 0.27396742 0.02954507
vt 0.28203329 0.02969986
vt 0.28187311 0.03788936
vt 0.27381316 0.03773463
vt 0.27389500 0.05333561
vt 0.28118932 0.05347705
vt 0.01434904 0.62692595
vt 0.02372863 0.62689281
vt 0.02531160 0.59212780
vt 0.01252007 0.59217310
vt 0.24018021 0.02725071
vt 0.24024116 0.04276520
vt 0.26607221 0.05083603
vt 0.26599100 0.03531951
vt 0.31522605 0.04421270
vt 0.31588557 0.02871186
vt 0.28978273 0.03577876
vt 0.28910291 0.05128121
vt 0.27381316 0.03773463
vt 0.28187311 0.03788936
vt 0.27389500 0.05333561
vt 0.27381316 0.03773463
vt 0.27384093 0.13793302
vt 0.27797222 0.13801295
vt 0.27812311 0.13019848
vt 0.27399221 0.13011867
vt 0.28187311 0.03788936
vt 0.28118932 0.05347705
vt 0.02372863 0.62689281
vt 0.01434904 0.62692595
vt 0.01674262 0.72888970
vt 0.02205687 0.72887087
vt 0.27812311 0.13019848
vt 0.28593180 0.13051075
vt 0.27399221 0.13011867
vt 0.27812311 0.13019848
vt 0.26617736 0.13012856
vt 0.27399221 0.13011867
vt 0.28349134 0.00269586
vt 0.27354705 0.00250500
vt 0.27396742 0.02954507
vt 0.28203329 0.02969986
vt 0.28187311 0.03788936
vt 0.27381316 0.03773463
vt 0.27389500 0.05333561
vt 0.28118932 0.05347705
vt 0.01434904 0.62692595
vt 0.02372863 0.62689281
vt 0.02531160 0.59212780
vt 0.01252007 0.59217310
vt 0.24018021 0.02725071
vt 0.24024116 0.04276520
vt 0.26607221 0.05083603
vt 0.26599100 0.03531951
vt 0.31522605 0.04421270
vt 0.31588557 0.02871186
vt 0.28978273 0.03577876
vt 0.28910291 0.05128121
vt 0.27381316 0.03773463
vt 0.28187311 0.03788936
vt 0.27389500 0.05333561
vt 0.27381316 0.03773463
vt 0.27384093 0.13793302
vt 0.27797222 0.13801295
vt 0.27812311 0.13019848
vt 0.27399221 0.13011867
vt 0.28187311 0.03788936
vt 0.28118932 0.05347705
vt 0.02372863 0.62689281
vt 0.01434904 0.62692595
vt 0.01674262 0.72888970
vt 0.02205687 0.72887087
vt 0.27812311 0.13019848
vt 0.28593180 0.13051075
vt 0.27399221 0.13011867
vt 0.27812311 0.13019848
vt 0.26617736 0.13012856
vt 0.27399221 0.13011867
vt 0.99397308 0.38906771
vt 0.99242598 0.37690914
vt 0.98792154 0.37820399
vt 0.98928958 0.38889897
vt 0.98718983 0.36582839
vt 0.98331076 0.36845797
vt 0.97878128 0.35692370
vt 0.97590917 0.36062741
vt 0.96804315 0.35106874
vt 0.96645600 0.35547924
vt 0.95603842 0.34881574
vt 0.95588499 0.35350090
vt 0.94393128 0.35036498
vt 0.94522291 0.35487098
vt 0.93288511 0.35556298
vt 0.93549758 0.35945421
vt 0.92396814 0.36391878
vt 0.92765182 0.36681551
vt 0.91806120 0.37463671
vt 0.92246038 0.37625098
vt 0.91576451 0.38667125
vt 0.92044812 0.38683999
vt 0.91731173 0.39883012
vt 0.92181605 0.39753520
vt 0.92254800 0.40991092
vt 0.92642707 0.40728122
vt 0.93095678 0.41881555
vt 0.93382889 0.41511190
vt 0.94169515 0.42467064
vt 0.94328219 0.42026007
vt 0.95370013 0.42692333
vt 0.95385331 0.42223817
vt 0.96580726 0.42537367
vt 0.96451515 0.42086786
vt 0.97685331 0.42017537
vt 0.97424048 0.41628426
vt 0.98576993 0.41181946
vt 0.98208600 0.40892285
vt 0.99167639 0.40110183
vt 0.98727721 0.39948761
vt 0.98148769 0.38867897
vt 0.98601359 0.38879877
vt 0.98477620 0.37912577
vt 0.98043543 0.38041449
vt 0.98060721 0.37030971
vt 0.97688121 0.37288100
vt 0.97391421 0.36322719
vt 0.97117430 0.36682874
vt 0.96536273 0.35856837
vt 0.96387142 0.36283946
vt 0.95579511 0.35677630
vt 0.95568782 0.36129844
vt 0.94614202 0.35801589
vt 0.94742423 0.36235398
vt 0.93733746 0.36216503
vt 0.93988842 0.36590201
vt 0.93023735 0.36882770
vt 0.93381709 0.37159711
vt 0.92554241 0.37736338
vt 0.92980558 0.37888467
vt 0.92372411 0.38694024
vt 0.92824990 0.38705999
vt 0.92496151 0.39661342
vt 0.92930216 0.39532459
vt 0.92913061 0.40542966
vt 0.93285638 0.40285838
vt 0.93582374 0.41251224
vt 0.93856341 0.40891045
vt 0.94437522 0.41717088
vt 0.94586641 0.41289979
vt 0.95394284 0.41896278
vt 0.95404989 0.41444063
vt 0.96359581 0.41772312
vt 0.96231323 0.41338509
vt 0.97240037 0.41357362
vt 0.96984929 0.40983689
vt 0.97950035 0.40691096
vt 0.97592062 0.40414172
vt 0.98419529 0.39837521
vt 0.97993201 0.39685386
vt 0.98477620 0.37912577
vt 0.98601359 0.38879877
vt 0.98928958 0.38889897
vt 0.98792154 0.37820399
vt 0.98060721 0.37030971
vt 0.98331076 0.36845797
vt 0.97391421 0.36322719
vt 0.97590917 0.36062741
vt 0.96536273 0.35856837
vt 0.96645600 0.35547924
vt 0.95579511 0.35677630
vt 0.95588499 0.35350090
vt 0.94614202 0.35801589
vt 0.94522291 0.35487098
vt 0.93733746 0.36216503
vt 0.93549758 0.35945421
vt 0.93023735 0.36882770
vt 0.92765182 0.36681551
vt 0.92554241 0.37736338
vt 0.92246038 0.37625098
vt 0.92372411 0.38694024
vt 0.92044812 0.38683999
vt 0.92496151 0.39661342
vt 0.92181605 0.39753520
vt 0.92913061 0.40542966
vt 0.92642707 0.40728122
vt 0.93582374 0.41251224
vt 0.93382889 0.41511190
vt 0.94437522 0.41717088
vt 0.94328219 0.42026007
vt 0.95394284 0.41896278
vt 0.95385331 0.42223817
vt 0.96359581 0.41772312
vt 0.96451515 0.42086786
vt 0.97240037 0.41357362
vt 0.97424048 0.41628426
vt 0.97950035 0.40691096
vt 0.98208600 0.40892285
vt 0.98419529 0.39837521
vt 0.98727721 0.39948761
vt 0.69062412 0.16853148
vt 0.68286657 0.16889685
vt 0.68314433 0.17671359
vt 0.69090056 0.17627287
vt 0.69089305 0.17668307
vt 0.68314433 0.17671359
vt 0.68313920 0.18424881
vt 0.69090557 0.18421072
vt 0.69064367 0.30177981
vt 0.68286586 0.30136305
vt 0.68255067 0.30920798
vt 0.69028556 0.30964762
vt 0.57658249 0.17671782
vt 0.57689416 0.18423629
vt 0.58471227 0.18399763
vt 0.58432645 0.17648083
vt 0.69874823 0.18449533
vt 0.69914174 0.17700458
vt 0.69128394 0.17666829
vt 0.69090557 0.18421072
vt 0.59474009 0.27518749
vt 0.66756439 0.27589113
vt 0.66351688 0.27220100
vt 0.59848404 0.27175736
vt 0.59101647 0.16868705
vt 0.59075868 0.17653888
vt 0.59075868 0.17653888
vt 0.59081227 0.18405914
vt 0.59044588 0.30107474
vt 0.58435029 0.30138969
vt 0.58458459 0.30913460
vt 0.59066755 0.30888802
vt 0.58491594 0.16846448
vt 0.58468026 0.17621559
vt 0.58468091 0.17651343
vt 0.58471227 0.18399763
vt 0.68283176 0.29390264
vt 0.69060612 0.29394203
vt 0.59474009 0.27518749
vt 0.59848404 0.27175736
vt 0.59947300 0.19579697
vt 0.59559244 0.19217706
vt 0.69060612 0.29394203
vt 0.69841874 0.29370785
vt 0.58435780 0.29365516
vt 0.59045231 0.29361707
vt 0.57650775 0.29336542
vt 0.58435780 0.29365516
vt 0.66351688 0.27220100
vt 0.66756439 0.27589113
vt 0.66705990 0.19152147
vt 0.66346383 0.19538265
vt 0.68286586 0.30136305
vt 0.69058764 0.30133587
vt 0.69099092 0.30144149
vt 0.69881952 0.30110067
vt 0.58436650 0.30110610
vt 0.59044588 0.30107474
vt 0.57621706 0.30083698
vt 0.58395904 0.30107826
vt 0.59559244 0.19217706
vt 0.59947300 0.19579697
vt 0.66346383 0.19538265
vt 0.66705990 0.19152147
vt 0.96039718 0.32550025
vt 0.96036822 0.31770140
vt 0.95456368 0.31858569
vt 0.95460624 0.32455170
vt 0.95791763 0.31027734
vt 0.95267349 0.31292206
vt 0.95327955 0.30397224
vt 0.94911855 0.30811697
vt 0.94691330 0.29941380
vt 0.94424659 0.30464554
vt 0.93944854 0.29705060
vt 0.93853623 0.30285048
vt 0.93162006 0.29711330
vt 0.93254858 0.30291009
vt 0.92419678 0.29959369
vt 0.92687172 0.30481887
vt 0.91790551 0.30424654
vt 0.92206281 0.30839032
vt 0.91336089 0.31061536
vt 0.91859394 0.31327385
vt 0.91100711 0.31807649
vt 0.91680497 0.31899065
vt 0.91107422 0.32590008
vt 0.91687125 0.32498002
vt 0.91355652 0.33332109
vt 0.91878611 0.33065468
vt 0.91821259 0.33961201
vt 0.92236072 0.33545792
vt 0.92458731 0.34415460
vt 0.92724365 0.33891863
vt 0.93205518 0.34650075
vt 0.93295425 0.34069771
vt 0.93988019 0.34641808
vt 0.93892998 0.34062183
vt 0.94728738 0.34391600
vt 0.94458336 0.33870047
vt 0.95354229 0.33925092
vt 0.94936007 0.33512473
vt 0.95803910 0.33290160
vt 0.95279759 0.33024335
vt 0.28349134 0.00269586
vt 0.27354705 0.00250500
vt 0.27396742 0.02954507
vt 0.28203329 0.02969986
vt 0.28187311 0.03788936
vt 0.27381316 0.03773463
vt 0.27389500 0.05333561
vt 0.28118932 0.05347705
vt 0.01434904 0.62692595
vt 0.02372863 0.62689281
vt 0.02531160 0.59212780
vt 0.01252007 0.59217310
vt 0.24018021 0.02725071
vt 0.24024116 0.04276520
vt 0.26607221 0.05083603
vt 0.26599100 0.03531951
vt 0.31522605 0.04421270
vt 0.31588557 0.02871186
vt 0.28978273 0.03577876
vt 0.28910291 0.05128121
vt 0.27381316 0.03773463
vt 0.28187311 0.03788936
vt 0.27389500 0.05333561
vt 0.27381316 0.03773463
vt 0.27384093 0.13793302
vt 0.27797222 0.13801295
vt 0.27812311 0.13019848
vt 0.27399221 0.13011867
vt 0.28187311 0.03788936
vt 0.28118932 0.05347705
vt 0.02372863 0.62689281
vt 0.01434904 0.62692595
vt 0.01674262 0.72888970
vt 0.02205687 0.72887087
vt 0.27812311 0.13019848
vt 0.28593180 0.13051075
vt 0.27399221 0.13011867
vt 0.27812311 0.13019848
vt 0.26617736 0.13012856
vt 0.27399221 0.13011867
vt 0.28349134 0.00269586
vt 0.27354705 0.00250500
vt 0.27396742 0.02954507
vt 0.28203329 0.02969986
vt 0.28187311 0.03788936
vt 0.27381316 0.03773463
vt 0.27389500 0.05333561
vt 0.28118932 0.05347705
vt 0.01434904 0.62692595
vt 0.02372863 0.62689281
vt 0.02531160 0.59212780
vt 0.01252007 0.59217310
vt 0.24018021 0.02725071
vt 0.24024116 0.04276520
vt 0.26607221 0.05083603
vt 0.26599100 0.03531951
vt 0.31522605 0.04421270
vt 0.31588557 0.02871186
vt 0.28978273 0.03577876
vt 0.28910291 0.05128121
vt 0.27381316 0.03773463
vt 0.28187311 0.03788936
vt 0.27389500 0.05333561
vt 0.27381316 0.03773463
vt 0.27384093 0.13793302
vt 0.27797222 0.13801295
vt 0.27812311 0.13019848
vt 0.27399221 0.13011867
vt 0.28187311 0.03788936
vt 0.28118932 0.05347705
vt 0.02372863 0.62689281
vt 0.01434904 0.62692595
vt 0.01674262 0.72888970
vt 0.02205687 0.72887087
vt 0.27812311 0.13019848
vt 0.28593180 0.13051075
vt 0.27399221 0.13011867
vt 0.27812311 0.13019848
vt 0.26617736 0.13012856
vt 0.27399221 0.13011867
vt 0.28349134 0.00269586
vt 0.27354705 0.00250500
vt 0.27396742 0.02954507
vt 0.28203329 0.02969986
vt 0.28187311 0.03788936
vt 0.27381316 0.03773463
vt 0.27389500 0.05333561
vt 0.28118932 0.05347705
vt 0.01434904 0.62692595
vt 0.02372863 0.62689281
vt 0.02531160 0.59212780
vt 0.01252007 0.59217310
vt 0.24018021 0.02725071
vt 0.24024116 0.04276520
vt 0.26607221 0.05083603
vt 0.26599100 0.03531951
vt 0.31522605 0.04421270
vt 0.31588557 0.02871186
vt 0.28978273 0.03577876
vt 0.28910291 0.05128121
vt 0.27381316 0.03773463
vt 0.28187311 0.03788936
vt 0.27389500 0.05333561
vt 0.27381316 0.03773463
vt 0.27384093 0.13793302
vt 0.27797222 0.13801295
vt 0.27812311 0.13019848
vt 0.27399221 0.13011867
vt 0.28187311 0.03788936
vt 0.28118932 0.05347705
vt 0.02372863 0.62689281
vt 0.01434904 0.62692595
vt 0.01674262 0.72888970
vt 0.02205687 0.72887087
vt 0.27812311 0.13019848
vt 0.28593180 0.13051075
vt 0.27399221 0.13011867
vt 0.27812311 0.13019848
vt 0.26617736 0.13012856
vt 0.27399221 0.13011867
vt 0.28349134 0.00269586
vt 0.27354705 0.00250500
vt 0.27396742 0.02954507
vt 0.28203329 0.02969986
vt 0.28187311 0.03788936
vt 0.27381316 0.03773463
vt 0.27389500 0.05333561
vt 0.28118932 0.05347705
vt 0.01434904 0.62692595
vt 0.02372863 0.62689281
vt 0.02531160 0.59212780
vt 0.01252007 0.59217310
vt 0.24018021 0.02725071
vt 0.24024116 0.04276520
vt 0.26607221 0.05083603
vt 0.26599100 0.03531951
vt 0.31522605 0.04421270
vt 0.31588557 0.02871186
vt 0.28978273 0.03577876
vt 0.28910291 0.05128121
vt 0.27381316 0.03773463
vt 0.28187311 0.03788936
vt 0.27389500 0.05333561
vt 0.27381316 0.03773463
vt 0.27384093 0.13793302
vt 0.27797222 0.13801295
vt 0.27812311 0.13019848
vt 0.27399221 0.13011867
vt 0.28187311 0.03788936
vt 0.28118932 0.05347705
vt 0.02372863 0.62689281
vt 0.01434904 0.62692595
vt 0.01674262 0.72888970
vt 0.02205687 0.72887087
vt 0.27812311 0.13019848
vt 0.28593180 0.13051075
vt 0.27399221 0.13011867
vt 0.27812311 0.13019848
vt 0.26617736 0.13012856
vt 0.27399221 0.13011867
vt 0.99397308 0.38906771
vt 0.99242598 0.37690914
vt 0.98792154 0.37820399
vt 0.98928958 0.38889897
vt 0.98718983 0.36582839
vt 0.98331076 0.36845797
vt 0.97878128 0.35692370
vt 0.97590917 0.36062741
vt 0.96804315 0.35106874
vt 0.96645600 0.35547924
vt 0.95603842 0.34881574
vt 0.95588499 0.35350090
vt 0.94393128 0.35036498
vt 0.94522291 0.35487098
vt 0.93288511 0.35556298
vt 0.93549758 0.35945421
vt 0.92396814 0.36391878
vt 0.92765182 0.36681551
vt 0.91806120 0.37463671
vt 0.92246038 0.37625098
vt 0.91576451 0.38667125
vt 0.92044812 0.38683999
vt 0.91731173 0.39883012
vt 0.92181605 0.39753520
vt 0.92254800 0.40991092
vt 0.92642707 0.40728122
vt 0.93095678 0.41881555
vt 0.93382889 0.41511190
vt 0.94169515 0.42467064
vt 0.94328219 0.42026007
vt 0.95370013 0.42692333
vt 0.95385331 0.42223817
vt 0.96580726 0.42537367
vt 0.96451515 0.42086786
vt 0.97685331 0.42017537
vt 0.97424048 0.41628426
vt 0.98576993 0.41181946
vt 0.98208600 0.40892285
vt 0.99167639 0.40110183
vt 0.98727721 0.39948761
vt 0.98148769 0.38867897
vt 0.98601359 0.38879877
vt 0.98477620 0.37912577
vt 0.98043543 0.38041449
vt 0.98060721 0.37030971
vt 0.97688121 0.37288100
vt 0.97391421 0.36322719
vt 0.97117430 0.36682874
vt 0.96536273 0.35856837
vt 0.96387142 0.36283946
vt 0.95579511 0.35677630
vt 0.95568782 0.36129844
vt 0.94614202 0.35801589
vt 0.94742423 0.36235398
vt 0.93733746 0.36216503
vt 0.93988842 0.36590201
vt 0.93023735 0.36882770
vt 0.93381709 0.37159711
vt 0.92554241 0.37736338
vt 0.92980558 0.37888467
vt 0.92372411 0.38694024
vt 0.92824990 0.38705999
vt 0.92496151 0.39661342
vt 0.92930216 0.39532459
vt 0.92913061 0.40542966
vt 0.93285638 0.40285838
vt 0.93582374 0.41251224
vt 0.93856341 0.40891045
vt 0.94437522 0.41717088
vt 0.94586641 0.41289979
vt 0.95394284 0.41896278
vt 0.95404989 0.41444063
vt 0.96359581 0.41772312
vt 0.96231323 0.41338509
vt 0.97240037 0.41357362
vt 0.96984929 0.40983689
vt 0.97950035 0.40691096
vt 0.97592062 0.40414172
vt 0.98419529 0.39837521
vt 0.97993201 0.39685386
vt 0.98477620 0.37912577
vt 0.98601359 0.38879877
vt 0.98928958 0.38889897
vt 0.98792154 0.37820399
vt 0.98060721 0.37030971
vt 0.98331076 0.36845797
vt 0.97391421 0.36322719
vt 0.97590917 0.36062741
vt 0.96536273 0.35856837
vt 0.96645600 0.35547924
vt 0.95579511 0.35677630
vt 0.95588499 0.35350090
vt 0.94614202 0.35801589
vt 0.94522291 0.35487098
vt 0.93733746 0.36216503
vt 0.93549758 0.35945421
vt 0.93023735 0.36882770
vt 0.92765182 0.36681551
vt 0.92554241 0.37736338
vt 0.92246038 0.37625098
vt 0.92372411 0.38694024
vt 0.92044812 0.38683999
vt 0.92496151 0.39661342
vt 0.92181605 0.39753520
vt 0.92913061 0.40542966
vt 0.92642707 0.40728122
vt 0.93582374 0.41251224
vt 0.93382889 0.41511190
vt 0.94437522 0.41717088
vt 0.94328219 0.42026007
vt 0.95394284 0.41896278
vt 0.95385331 0.42223817
vt 0.96359581 0.41772312
vt 0.96451515 0.42086786
vt 0.97240037 0.41357362
vt 0.97424048 0.41628426
vt 0.97950035 0.40691096
vt 0.98208600 0.40892285
vt 0.98419529 0.39837521
vt 0.98727721 0.39948761
vt 0.99584621 0.25718129
vt 0.99518424 0.24432832
vt 0.99220562 0.24495077
vt 0.99282163 0.25685096
vt 0.99056625 0.23230338
vt 0.98792869 0.23382086
vt 0.98244947 0.22230107
vt 0.98041308 0.22456241
vt 0.97163725 0.21530199
vt 0.97040188 0.21808296
vt 0.95919234 0.21198952
vt 0.95887822 0.21501631
vt 0.94633532 0.21268600
vt 0.94697219 0.21566147
vt 0.93432575 0.21732044
vt 0.93585038 0.21995378
vt 0.92433792 0.22543675
vt 0.92660064 0.22747123
vt 0.91734695 0.23624033
vt 0.92012668 0.23747784
vt 0.91403490 0.24867463
vt 0.91706085 0.24899477
vt 0.91472578 0.26152539
vt 0.91770291 0.26089650
vt 0.91935343 0.27353603
vt 0.92199099 0.27201885
vt 0.92746735 0.28353143
vt 0.92950696 0.28127325
vt 0.93827486 0.29053092
vt 0.93951589 0.28775257
vt 0.95071828 0.29384673
vt 0.95103770 0.29082054
vt 0.96357930 0.29314971
vt 0.96294385 0.29017389
vt 0.97559351 0.28850228
vt 0.97406411 0.28587139
vt 0.98556840 0.28036410
vt 0.98329860 0.27833670
vt 0.99252146 0.26957244
vt 0.98974133 0.26833498
vt 0.99193656 0.25675535
vt 0.99133402 0.24513304
vt 0.98742235 0.24595529
vt 0.98796552 0.25632697
vt 0.99133402 0.24513304
vt 0.98715705 0.23426539
vt 0.98369485 0.23626453
vt 0.98742235 0.24595529
vt 0.98715705 0.23426539
vt 0.97981799 0.22522473
vt 0.97714901 0.22820073
vt 0.98369485 0.23626453
vt 0.97981799 0.22522473
vt 0.97004133 0.21889704
vt 0.96842754 0.22255355
vt 0.97714901 0.22820073
vt 0.97004133 0.21889704
vt 0.95878732 0.21590197
vt 0.95838481 0.21987790
vt 0.96842754 0.22255355
vt 0.95878732 0.21590197
vt 0.94715959 0.21653181
vt 0.94800568 0.22043687
vt 0.95838481 0.21987790
vt 0.94715959 0.21653181
vt 0.93629724 0.22072375
vt 0.93830717 0.22417647
vt 0.94800568 0.22043687
vt 0.93629724 0.22072375
vt 0.92726320 0.22806585
vt 0.93023956 0.23073047
vt 0.93830717 0.22417647
vt 0.92726320 0.22806585
vt 0.92094028 0.23783916
vt 0.92459285 0.23945659
vt 0.93023956 0.23073047
vt 0.91794616 0.24908775
vt 0.92191947 0.24950087
vt 0.91794616 0.24908775
vt 0.91857374 0.26071179
vt 0.92248112 0.25987983
vt 0.92191947 0.24950087
vt 0.91857374 0.26071179
vt 0.92276239 0.27157426
vt 0.92622274 0.26957685
vt 0.92248112 0.25987983
vt 0.92276239 0.27157426
vt 0.93010330 0.28061217
vt 0.93277752 0.27764297
vt 0.92622274 0.26957685
vt 0.93010330 0.28061217
vt 0.93987840 0.28693932
vt 0.94150275 0.28328800
vt 0.93277752 0.27764297
vt 0.93987840 0.28693932
vt 0.95113045 0.28993487
vt 0.95154268 0.28595912
vt 0.94150275 0.28328800
vt 0.95113045 0.28993487
vt 0.96275675 0.28930324
vt 0.96191269 0.28539544
vt 0.95154268 0.28595912
vt 0.96275675 0.28930324
vt 0.97361517 0.28510225
vt 0.97159672 0.28165114
vt 0.96191269 0.28539544
vt 0.97361517 0.28510225
vt 0.98263413 0.27774411
vt 0.97964776 0.27508861
vt 0.97159672 0.28165114
vt 0.98263413 0.27774411
vt 0.98892802 0.26797354
vt 0.98527646 0.26635981
vt 0.97964776 0.27508861
vt 0.99193656 0.25675535
vt 0.98796552 0.25632697
vt 0.99133402 0.24513304
vt 0.99193656 0.25675535
vt 0.98655283 0.24613470
vt 0.98708367 0.25623029
vt 0.98796552 0.25632697
vt 0.98742235 0.24595529
vt 0.98715705 0.23426539
vt 0.98292506 0.23670757
vt 0.98369485 0.23626453
vt 0.97981799 0.22522473
vt 0.97655582 0.22886157
vt 0.97714901 0.22820073
vt 0.97004133 0.21889704
vt 0.96806878 0.22336543
vt 0.96842754 0.22255355
vt 0.95878732 0.21590197
vt 0.95829499 0.22076076
vt 0.95838481 0.21987790
vt 0.94715959 0.21653181
vt 0.94819301 0.22130400
vt 0.94800568 0.22043687
vt 0.93629724 0.22072375
vt 0.93875283 0.22494328
vt 0.93830717 0.22417647
vt 0.92726320 0.22806585
vt 0.93089974 0.23132253
vt 0.93023956 0.23073047
vt 0.92094028 0.23783916
vt 0.92540330 0.23981655
vt 0.92459285 0.23945659
vt 0.91794616 0.24908775
vt 0.92280143 0.24959379
vt 0.92191947 0.24950087
vt 0.91857374 0.26071179
vt 0.92334890 0.25969636
vt 0.92248112 0.25987983
vt 0.92276239 0.27157426
vt 0.92699182 0.26913464
vt 0.92622274 0.26957685
vt 0.93010330 0.28061217
vt 0.93337244 0.27698457
vt 0.93277752 0.27764297
vt 0.93987840 0.28693932
vt 0.94186479 0.28247750
vt 0.94150275 0.28328800
vt 0.95113045 0.28993487
vt 0.95163536 0.28507602
vt 0.95154268 0.28595912
vt 0.96275675 0.28930324
vt 0.96172547 0.28452718
vt 0.96191269 0.28539544
vt 0.97361517 0.28510225
vt 0.97114676 0.28088546
vt 0.97159672 0.28165114
vt 0.98263413 0.27774411
vt 0.97898477 0.27449912
vt 0.97964776 0.27508861
vt 0.98892802 0.26797354
vt 0.98446792 0.26600027
vt 0.98527646 0.26635981
vt 0.69062412 0.16853148
vt 0.68286657 0.16889685
vt 0.68314433 0.17671359
vt 0.69090056 0.17627287
vt 0.69089305 0.17668307
vt 0.68314433 0.17671359
vt 0.68313920 0.18424881
vt 0.69090557 0.18421072
vt 0.69064367 0.30177981
vt 0.68286586 0.30136305
vt 0.68255067 0.30920798
vt 0.69028556 0.30964762
vt 0.57658249 0.17671782
vt 0.57689416 0.18423629
vt 0.58471227 0.18399763
vt 0.58432645 0.17648083
vt 0.69874823 0.18449533
vt 0.69914174 0.17700458
vt 0.69128394 0.17666829
vt 0.69090557 0.18421072
vt 0.59474009 0.27518749
vt 0.66756439 0.27589113
vt 0.66351688 0.27220100
vt 0.59848404 0.27175736
vt 0.59101647 0.16868705
vt 0.59075868 0.17653888
vt 0.59075868 0.17653888
vt 0.59081227 0.18405914
vt 0.59044588 0.30107474
vt 0.58435029 0.30138969
vt 0.58458459 0.30913460
vt 0.59066755 0.30888802
vt 0.58491594 0.16846448
vt 0.58468026 0.17621559
vt 0.58468091 0.17651343
vt 0.58471227 0.18399763
vt 0.68283176 0.29390264
vt 0.69060612 0.29394203
vt 0.59474009 0.27518749
vt 0.59848404 0.27175736
vt 0.59947300 0.19579697
vt 0.59559244 0.19217706
vt 0.69060612 0.29394203
vt 0.69841874 0.29370785
vt 0.58435780 0.29365516
vt 0.59045231 0.29361707
vt 0.57650775 0.29336542
vt 0.58435780 0.29365516
vt 0.66351688 0.27220100
vt 0.66756439 0.27589113
vt 0.66705990 0.19152147
vt 0.66346383 0.19538265
vt 0.68286586 0.30136305
vt 0.69058764 0.30133587
vt 0.69099092 0.30144149
vt 0.69881952 0.30110067
vt 0.58436650 0.30110610
vt 0.59044588 0.30107474
vt 0.57621706 0.30083698
vt 0.58395904 0.30107826
vt 0.59559244 0.19217706
vt 0.59947300 0.19579697
vt 0.66346383 0.19538265
vt 0.66705990 0.19152147
vt 0.96039718 0.32550025
vt 0.96036822 0.31770140
vt 0.95456368 0.31858569
vt 0.95460624 0.32455170
vt 0.95791763 0.31027734
vt 0.95267349 0.31292206
vt 0.95327955 0.30397224
vt 0.94911855 0.30811697
vt 0.94691330 0.29941380
vt 0.94424659 0.30464554
vt 0.93944854 0.29705060
vt 0.93853623 0.30285048
vt 0.93162006 0.29711330
vt 0.93254858 0.30291009
vt 0.92419678 0.29959369
vt 0.92687172 0.30481887
vt 0.91790551 0.30424654
vt 0.92206281 0.30839032
vt 0.91336089 0.31061536
vt 0.91859394 0.31327385
vt 0.91100711 0.31807649
vt 0.91680497 0.31899065
vt 0.91107422 0.32590008
vt 0.91687125 0.32498002
vt 0.91355652 0.33332109
vt 0.91878611 0.33065468
vt 0.91821259 0.33961201
vt 0.92236072 0.33545792
vt 0.92458731 0.34415460
vt 0.92724365 0.33891863
vt 0.93205518 0.34650075
vt 0.93295425 0.34069771
vt 0.93988019 0.34641808
vt 0.93892998 0.34062183
vt 0.94728738 0.34391600
vt 0.94458336 0.33870047
vt 0.95354229 0.33925092
vt 0.94936007 0.33512473
vt 0.95803910 0.33290160
vt 0.95279759 0.33024335
vt 0.28349134 0.00269586
vt 0.27354705 0.00250500
vt 0.27396742 0.02954507
vt 0.28203329 0.02969986
vt 0.28187311 0.03788936
vt 0.27381316 0.03773463
vt 0.27389500 0.05333561
vt 0.28118932 0.05347705
vt 0.01434904 0.62692595
vt 0.02372863 0.62689281
vt 0.02531160 0.59212780
vt 0.01252007 0.59217310
vt 0.24018021 0.02725071
vt 0.24024116 0.04276520
vt 0.26607221 0.05083603
vt 0.26599100 0.03531951
vt 0.31522605 0.04421270
vt 0.31588557 0.02871186
vt 0.28978273 0.03577876
vt 0.28910291 0.05128121
vt 0.27381316 0.03773463
vt 0.28187311 0.03788936
vt 0.27389500 0.05333561
vt 0.27381316 0.03773463
vt 0.27384093 0.13793302
vt 0.27797222 0.13801295
vt 0.27812311 0.13019848
vt 0.27399221 0.13011867
vt 0.28187311 0.03788936
vt 0.28118932 0.05347705
vt 0.02372863 0.62689281
vt 0.01434904 0.62692595
vt 0.01674262 0.72888970
vt 0.02205687 0.72887087
vt 0.27812311 0.13019848
vt 0.28593180 0.13051075
vt 0.27399221 0.13011867
vt 0.27812311 0.13019848
vt 0.26617736 0.13012856
vt 0.27399221 0.13011867
vt 0.28349134 0.00269586
vt 0.27354705 0.00250500
vt 0.27396742 0.02954507
vt 0.28203329 0.02969986
vt 0.28187311 0.03788936
vt 0.27381316 0.03773463
vt 0.27389500 0.05333561
vt 0.28118932 0.05347705
vt 0.01434904 0.62692595
vt 0.02372863 0.62689281
vt 0.02531160 0.59212780
vt 0.01252007 0.59217310
vt 0.24018021 0.02725071
vt 0.24024116 0.04276520
vt 0.26607221 0.05083603
vt 0.26599100 0.03531951
vt 0.31522605 0.04421270
vt 0.31588557 0.02871186
vt 0.28978273 0.03577876
vt 0.28910291 0.05128121
vt 0.27381316 0.03773463
vt 0.28187311 0.03788936
vt 0.27389500 0.05333561
vt 0.27381316 0.03773463
vt 0.27384093 0.13793302
vt 0.27797222 0.13801295
vt 0.27812311 0.13019848
vt 0.27399221 0.13011867
vt 0.28187311 0.03788936
vt 0.28118932 0.05347705
vt 0.02372863 0.62689281
vt 0.01434904 0.62692595
vt 0.01674262 0.72888970
vt 0.02205687 0.72887087
vt 0.27812311 0.13019848
vt 0.28593180 0.13051075
vt 0.27399221 0.13011867
vt 0.27812311 0.13019848
vt 0.26617736 0.13012856
vt 0.27399221 0.13011867
vt 0.28349134 0.00269586
vt 0.27354705 0.00250500
vt 0.27396742 0.02954507
vt 0.28203329 0.02969986
vt 0.28187311 0.03788936
vt 0.27381316 0.03773463
vt 0.27389500 0.05333561
vt 0.28118932 0.05347705
vt 0.01434904 0.62692595
vt 0.02372863 0.62689281
vt 0.02531160 0.59212780
vt 0.01252007 0.59217310
vt 0.24018021 0.02725071
vt 0.24024116 0.04276520
vt 0.26607221 0.05083603
vt 0.26599100 0.03531951
vt 0.31522605 0.04421270
vt 0.31588557 0.02871186
vt 0.28978273 0.03577876
vt 0.28910291 0.05128121
vt 0.27381316 0.03773463
vt 0.28187311 0.03788936
vt 0.27389500 0.05333561
vt 0.27381316 0.03773463
vt 0.27384093 0.13793302
vt 0.27797222 0.13801295
vt 0.27812311 0.13019848
vt 0.27399221 0.13011867
vt 0.28187311 0.03788936
vt 0.28118932 0.05347705
vt 0.02372863 0.62689281
vt 0.01434904 0.62692595
vt 0.01674262 0.72888970
vt 0.02205687 0.72887087
vt 0.27812311 0.13019848
vt 0.28593180 0.13051075
vt 0.27399221 0.13011867
vt 0.27812311 0.13019848
vt 0.26617736 0.13012856
vt 0.27399221 0.13011867
vt 0.28349134 0.00269586
vt 0.27354705 0.00250500
vt 0.27396742 0.02954507
vt 0.28203329 0.02969986
vt 0.28187311 0.03788936
vt 0.27381316 0.03773463
vt 0.27389500 0.05333561
vt 0.28118932 0.05347705
vt 0.01434904 0.62692595
vt 0.02372863 0.62689281
vt 0.02531160 0.59212780
vt 0.01252007 0.59217310
vt 0.24018021 0.02725071
vt 0.24024116 0.04276520
vt 0.26607221 0.05083603
vt 0.26599100 0.03531951
vt 0.31522605 0.04421270
vt 0.31588557 0.02871186
vt 0.28978273 0.03577876
vt 0.28910291 0.05128121
vt 0.27381316 0.03773463
vt 0.28187311 0.03788936
vt 0.27389500 0.05333561
vt 0.27381316 0.03773463
vt 0.27384093 0.13793302
vt 0.27797222 0.13801295
vt 0.27812311 0.13019848
vt 0.27399221 0.13011867
vt 0.28187311 0.03788936
vt 0.28118932 0.05347705
vt 0.02372863 0.62689281
vt 0.01434904 0.62692595
vt 0.01674262 0.72888970
vt 0.02205687 0.72887087
vt 0.27812311 0.13019848
vt 0.28593180 0.13051075
vt 0.27399221 0.13011867
vt 0.27812311 0.13019848
vt 0.26617736 0.13012856
vt 0.27399221 0.13011867
vt 0.99397308 0.38906771
vt 0.99242598 0.37690914
vt 0.98792154 0.37820399
vt 0.98928958 0.38889897
vt 0.98718983 0.36582839
vt 0.98331076 0.36845797
vt 0.97878128 0.35692370
vt 0.97590917 0.36062741
vt 0.96804315 0.35106874
vt 0.96645600 0.35547924
vt 0.95603842 0.34881574
vt 0.95588499 0.35350090
vt 0.94393128 0.35036498
vt 0.94522291 0.35487098
vt 0.93288511 0.35556298
vt 0.93549758 0.35945421
vt 0.92396814 0.36391878
vt 0.92765182 0.36681551
vt 0.91806120 0.37463671
vt 0.92246038 0.37625098
vt 0.91576451 0.38667125
vt 0.92044812 0.38683999
vt 0.91731173 0.39883012
vt 0.92181605 0.39753520
vt 0.92254800 0.40991092
vt 0.92642707 0.40728122
vt 0.93095678 0.41881555
vt 0.93382889 0.41511190
vt 0.94169515 0.42467064
vt 0.94328219 0.42026007
vt 0.95370013 0.42692333
vt 0.95385331 0.42223817
vt 0.96580726 0.42537367
vt 0.96451515 0.42086786
vt 0.97685331 0.42017537
vt 0.97424048 0.41628426
vt 0.98576993 0.41181946
vt 0.98208600 0.40892285
vt 0.99167639 0.40110183
vt 0.98727721 0.39948761
vt 0.98148769 0.38867897
vt 0.98601359 0.38879877
vt 0.98477620 0.37912577
vt 0.98043543 0.38041449
vt 0.98060721 0.37030971
vt 0.97688121 0.37288100
vt 0.97391421 0.36322719
vt 0.97117430 0.36682874
vt 0.96536273 0.35856837
vt 0.96387142 0.36283946
vt 0.95579511 0.35677630
vt 0.95568782 0.36129844
vt 0.94614202 0.35801589
vt 0.94742423 0.36235398
vt 0.93733746 0.36216503
vt 0.93988842 0.36590201
vt 0.93023735 0.36882770
vt 0.93381709 0.37159711
vt 0.92554241 0.37736338
vt 0.92980558 0.37888467
vt 0.92372411 0.38694024
vt 0.92824990 0.38705999
vt 0.92496151 0.39661342
vt 0.92930216 0.39532459
vt 0.92913061 0.40542966
vt 0.93285638 0.40285838
vt 0.93582374 0.41251224
vt 0.93856341 0.40891045
vt 0.94437522 0.41717088
vt 0.94586641 0.41289979
vt 0.95394284 0.41896278
vt 0.95404989 0.41444063
vt 0.96359581 0.41772312
vt 0.96231323 0.41338509
vt 0.97240037 0.41357362
vt 0.96984929 0.40983689
vt 0.97950035 0.40691096
vt 0.97592062 0.40414172
vt 0.98419529 0.39837521
vt 0.97993201 0.39685386
vt 0.98477620 0.37912577
vt 0.98601359 0.38879877
vt 0.98928958 0.38889897
vt 0.98792154 0.37820399
vt 0.98060721 0.37030971
vt 0.98331076 0.36845797
vt 0.97391421 0.36322719
vt 0.97590917 0.36062741
vt 0.96536273 0.35856837
vt 0.96645600 0.35547924
vt 0.95579511 0.35677630
vt 0.95588499 0.35350090
vt 0.94614202 0.35801589
vt 0.94522291 0.35487098
vt 0.93733746 0.36216503
vt 0.93549758 0.35945421
vt 0.93023735 0.36882770
vt 0.92765182 0.36681551
vt 0.92554241 0.37736338
vt 0.92246038 0.37625098
vt 0.92372411 0.38694024
vt 0.92044812 0.38683999
vt 0.92496151 0.39661342
vt 0.92181605 0.39753520
vt 0.92913061 0.40542966
vt 0.92642707 0.40728122
vt 0.93582374 0.41251224
vt 0.93382889 0.41511190
vt 0.94437522 0.41717088
vt 0.94328219 0.42026007
vt 0.95394284 0.41896278
vt 0.95385331 0.42223817
vt 0.96359581 0.41772312
vt 0.96451515 0.42086786
vt 0.97240037 0.41357362
vt 0.97424048 0.41628426
vt 0.97950035 0.40691096
vt 0.98208600 0.40892285
vt 0.98419529 0.39837521
vt 0.98727721 0.39948761
vt 0.69062412 0.16853148
vt 0.68286657 0.16889685
vt 0.68314433 0.17671359
vt 0.69090056 0.17627287
vt 0.69089305 0.17668307
vt 0.68314433 0.17671359
vt 0.68313920 0.18424881
vt 0.69090557 0.18421072
vt 0.69064367 0.30177981
vt 0.68286586 0.30136305
vt 0.68255067 0.30920798
vt 0.69028556 0.30964762
vt 0.57658249 0.17671782
vt 0.57689416 0.18423629
vt 0.58471227 0.18399763
vt 0.58432645 0.17648083
vt 0.69874823 0.18449533
vt 0.69914174 0.17700458
vt 0.69128394 0.17666829
vt 0.69090557 0.18421072
vt 0.59474009 0.27518749
vt 0.66756439 0.27589113
vt 0.66351688 0.27220100
vt 0.59848404 0.27175736
vt 0.59101647 0.16868705
vt 0.59075868 0.17653888
vt 0.59075868 0.17653888
vt 0.59081227 0.18405914
vt 0.59044588 0.30107474
vt 0.58435029 0.30138969
vt 0.58458459 0.30913460
vt 0.59066755 0.30888802
vt 0.58491594 0.16846448
vt 0.58468026 0.17621559
vt 0.58468091 0.17651343
vt 0.58471227 0.18399763
vt 0.68283176 0.29390264
vt 0.69060612 0.29394203
vt 0.59474009 0.27518749
vt 0.59848404 0.27175736
vt 0.59947300 0.19579697
vt 0.59559244 0.19217706
vt 0.69060612 0.29394203
vt 0.69841874 0.29370785
vt 0.58435780 0.29365516
vt 0.59045231 0.29361707
vt 0.57650775 0.29336542
vt 0.58435780 0.29365516
vt 0.66351688 0.27220100
vt 0.66756439 0.27589113
vt 0.66705990 0.19152147
vt 0.66346383 0.19538265
vt 0.68286586 0.30136305
vt 0.69058764 0.30133587
vt 0.69099092 0.30144149
vt 0.69881952 0.30110067
vt 0.58436650 0.30110610
vt 0.59044588 0.30107474
vt 0.57621706 0.30083698
vt 0.58395904 0.30107826
vt 0.59559244 0.19217706
vt 0.59947300 0.19579697
vt 0.66346383 0.19538265
vt 0.66705990 0.19152147
vt 0.96039718 0.32550025
vt 0.96036822 0.31770140
vt 0.95456368 0.31858569
vt 0.95460624 0.32455170
vt 0.95791763 0.31027734
vt 0.95267349 0.31292206
vt 0.95327955 0.30397224
vt 0.94911855 0.30811697
vt 0.94691330 0.29941380
vt 0.94424659 0.30464554
vt 0.93944854 0.29705060
vt 0.93853623 0.30285048
vt 0.93162006 0.29711330
vt 0.93254858 0.30291009
vt 0.92419678 0.29959369
vt 0.92687172 0.30481887
vt 0.91790551 0.30424654
vt 0.92206281 0.30839032
vt 0.91336089 0.31061536
vt 0.91859394 0.31327385
vt 0.91100711 0.31807649
vt 0.91680497 0.31899065
vt 0.91107422 0.32590008
vt 0.91687125 0.32498002
vt 0.91355652 0.33332109
vt 0.91878611 0.33065468
vt 0.91821259 0.33961201
vt 0.92236072 0.33545792
vt 0.92458731 0.34415460
vt 0.92724365 0.33891863
vt 0.93205518 0.34650075
vt 0.93295425 0.34069771
vt 0.93988019 0.34641808
vt 0.93892998 0.34062183
vt 0.94728738 0.34391600
vt 0.94458336 0.33870047
vt 0.95354229 0.33925092
vt 0.94936007 0.33512473
vt 0.95803910 0.33290160
vt 0.95279759 0.33024335
vt 0.28349134 0.00269586
vt 0.27354705 0.00250500
vt 0.27396742 0.02954507
vt 0.28203329 0.02969986
vt 0.28187311 0.03788936
vt 0.27381316 0.03773463
vt 0.27389500 0.05333561
vt 0.28118932 0.05347705
vt 0.01434904 0.62692595
vt 0.02372863 0.62689281
vt 0.02531160 0.59212780
vt 0.01252007 0.59217310
vt 0.24018021 0.02725071
vt 0.24024116 0.04276520
vt 0.26607221 0.05083603
vt 0.26599100 0.03531951
vt 0.31522605 0.04421270
vt 0.31588557 0.02871186
vt 0.28978273 0.03577876
vt 0.28910291 0.05128121
vt 0.27381316 0.03773463
vt 0.28187311 0.03788936
vt 0.27389500 0.05333561
vt 0.27381316 0.03773463
vt 0.27384093 0.13793302
vt 0.27797222 0.13801295
vt 0.27812311 0.13019848
vt 0.27399221 0.13011867
vt 0.28187311 0.03788936
vt 0.28118932 0.05347705
vt 0.02372863 0.62689281
vt 0.01434904 0.62692595
vt 0.01674262 0.72888970
vt 0.02205687 0.72887087
vt 0.27812311 0.13019848
vt 0.28593180 0.13051075
vt 0.27399221 0.13011867
vt 0.27812311 0.13019848
vt 0.26617736 0.13012856
vt 0.27399221 0.13011867
vt 0.28349134 0.00269586
vt 0.27354705 0.00250500
vt 0.27396742 0.02954507
vt 0.28203329 0.02969986
vt 0.28187311 0.03788936
vt 0.27381316 0.03773463
vt 0.27389500 0.05333561
vt 0.28118932 0.05347705
vt 0.01434904 0.62692595
vt 0.02372863 0.62689281
vt 0.02531160 0.59212780
vt 0.01252007 0.59217310
vt 0.24018021 0.02725071
vt 0.24024116 0.04276520
vt 0.26607221 0.05083603
vt 0.26599100 0.03531951
vt 0.31522605 0.04421270
vt 0.31588557 0.02871186
vt 0.28978273 0.03577876
vt 0.28910291 0.05128121
vt 0.27381316 0.03773463
vt 0.28187311 0.03788936
vt 0.27389500 0.05333561
vt 0.27381316 0.03773463
vt 0.27384093 0.13793302
vt 0.27797222 0.13801295
vt 0.27812311 0.13019848
vt 0.27399221 0.13011867
vt 0.28187311 0.03788936
vt 0.28118932 0.05347705
vt 0.02372863 0.62689281
vt 0.01434904 0.62692595
vt 0.01674262 0.72888970
vt 0.02205687 0.72887087
vt 0.27812311 0.13019848
vt 0.28593180 0.13051075
vt 0.27399221 0.13011867
vt 0.27812311 0.13019848
vt 0.26617736 0.13012856
vt 0.27399221 0.13011867
vt 0.28349134 0.00269586
vt 0.27354705 0.00250500
vt 0.27396742 0.02954507
vt 0.28203329 0.02969986
vt 0.28187311 0.03788936
vt 0.27381316 0.03773463
vt 0.27389500 0.05333561
vt 0.28118932 0.05347705
vt 0.01434904 0.62692595
vt 0.02372863 0.62689281
vt 0.02531160 0.59212780
vt 0.01252007 0.59217310
vt 0.24018021 0.02725071
vt 0.24024116 0.04276520
vt 0.26607221 0.05083603
vt 0.26599100 0.03531951
vt 0.31522605 0.04421270
vt 0.31588557 0.02871186
vt 0.28978273 0.03577876
vt 0.28910291 0.05128121
vt 0.27381316 0.03773463
vt 0.28187311 0.03788936
vt 0.27389500 0.05333561
vt 0.27381316 0.03773463
vt 0.27384093 0.13793302
vt 0.27797222 0.13801295
vt 0.27812311 0.13019848
vt 0.27399221 0.13011867
vt 0.28187311 0.03788936
vt 0.28118932 0.05347705
vt 0.02372863 0.62689281
vt 0.01434904 0.62692595
vt 0.01674262 0.72888970
vt 0.02205687 0.72887087
vt 0.27812311 0.13019848
vt 0.28593180 0.13051075
vt 0.27399221 0.13011867
vt 0.27812311 0.13019848
vt 0.26617736 0.13012856
vt 0.27399221 0.13011867
vt 0.28349134 0.00269586
vt 0.27354705 0.00250500
vt 0.27396742 0.02954507
vt 0.28203329 0.02969986
vt 0.28187311 0.03788936
vt 0.27381316 0.03773463
vt 0.27389500 0.05333561
vt 0.28118932 0.05347705
vt 0.01434904 0.62692595
vt 0.02372863 0.62689281
vt 0.02531160 0.59212780
vt 0.01252007 0.59217310
vt 0.24018021 0.02725071
vt 0.24024116 0.04276520
vt 0.26607221 0.05083603
vt 0.26599100 0.03531951
vt 0.31522605 0.04421270
vt 0.31588557 0.02871186
vt 0.28978273 0.03577876
vt 0.28910291 0.05128121
vt 0.27381316 0.03773463
vt 0.28187311 0.03788936
vt 0.27389500 0.05333561
vt 0.27381316 0.03773463
vt 0.27384093 0.13793302
vt 0.27797222 0.13801295
vt 0.27812311 0.13019848
vt 0.27399221 0.13011867
vt 0.28187311 0.03788936
vt 0.28118932 0.05347705
vt 0.02372863 0.62689281
vt 0.01434904 0.62692595
vt 0.01674262 0.72888970
vt 0.02205687 0.72887087
vt 0.27812311 0.13019848
vt 0.28593180 0.13051075
vt 0.27399221 0.13011867
vt 0.27812311 0.13019848
vt 0.26617736 0.13012856
vt 0.27399221 0.13011867
vt 0.99397308 0.38906771
vt 0.99242598 0.37690914
vt 0.98792154 0.37820399
vt 0.98928958 0.38889897
vt 0.98718983 0.36582839
vt 0.98331076 0.36845797
vt 0.97878128 0.35692370
vt 0.97590917 0.36062741
vt 0.96804315 0.35106874
vt 0.96645600 0.35547924
vt 0.95603842 0.34881574
vt 0.95588499 0.35350090
vt 0.94393128 0.35036498
vt 0.94522291 0.35487098
vt 0.93288511 0.35556298
vt 0.93549758 0.35945421
vt 0.92396814 0.36391878
vt 0.92765182 0.36681551
vt 0.91806120 0.37463671
vt 0.92246038 0.37625098
vt 0.91576451 0.38667125
vt 0.92044812 0.38683999
vt 0.91731173 0.39883012
vt 0.92181605 0.39753520
vt 0.92254800 0.40991092
vt 0.92642707 0.40728122
vt 0.93095678 0.41881555
vt 0.93382889 0.41511190
vt 0.94169515 0.42467064
vt 0.94328219 0.42026007
vt 0.95370013 0.42692333
vt 0.95385331 0.42223817
vt 0.96580726 0.42537367
vt 0.96451515 0.42086786
vt 0.97685331 0.42017537
vt 0.97424048 0.41628426
vt 0.98576993 0.41181946
vt 0.98208600 0.40892285
vt 0.99167639 0.40110183
vt 0.98727721 0.39948761
vt 0.98148769 0.38867897
vt 0.98601359 0.38879877
vt 0.98477620 0.37912577
vt 0.98043543 0.38041449
vt 0.98060721 0.37030971
vt 0.97688121 0.37288100
vt 0.97391421 0.36322719
vt 0.97117430 0.36682874
vt 0.96536273 0.35856837
vt 0.96387142 0.36283946
vt 0.95579511 0.35677630
vt 0.95568782 0.36129844
vt 0.94614202 0.35801589
vt 0.94742423 0.36235398
vt 0.93733746 0.36216503
vt 0.93988842 0.36590201
vt 0.93023735 0.36882770
vt 0.93381709 0.37159711
vt 0.92554241 0.37736338
vt 0.92980558 0.37888467
vt 0.92372411 0.38694024
vt 0.92824990 0.38705999
vt 0.92496151 0.39661342
vt 0.92930216 0.39532459
vt 0.92913061 0.40542966
vt 0.93285638 0.40285838
vt 0.93582374 0.41251224
vt 0.93856341 0.40891045
vt 0.94437522 0.41717088
vt 0.94586641 0.41289979
vt 0.95394284 0.41896278
vt 0.95404989 0.41444063
vt 0.96359581 0.41772312
vt 0.96231323 0.41338509
vt 0.97240037 0.41357362
vt 0.96984929 0.40983689
vt 0.97950035 0.40691096
vt 0.97592062 0.40414172
vt 0.98419529 0.39837521
vt 0.97993201 0.39685386
vt 0.98477620 0.37912577
vt 0.98601359 0.38879877
vt 0.98928958 0.38889897
vt 0.98792154 0.37820399
vt 0.98060721 0.37030971
vt 0.98331076 0.36845797
vt 0.97391421 0.36322719
vt 0.97590917 0.36062741
vt 0.96536273 0.35856837
vt 0.96645600 0.35547924
vt 0.95579511 0.35677630
vt 0.95588499 0.35350090
vt 0.94614202 0.35801589
vt 0.94522291 0.35487098
vt 0.93733746 0.36216503
vt 0.93549758 0.35945421
vt 0.93023735 0.36882770
vt 0.92765182 0.36681551
vt 0.92554241 0.37736338
vt 0.92246038 0.37625098
vt 0.92372411 0.38694024
vt 0.92044812 0.38683999
vt 0.92496151 0.39661342
vt 0.92181605 0.39753520
vt 0.92913061 0.40542966
vt 0.92642707 0.40728122
vt 0.93582374 0.41251224
vt 0.93382889 0.41511190
vt 0.94437522 0.41717088
vt 0.94328219 0.42026007
vt 0.95394284 0.41896278
vt 0.95385331 0.42223817
vt 0.96359581 0.41772312
vt 0.96451515 0.42086786
vt 0.97240037 0.41357362
vt 0.97424048 0.41628426
vt 0.97950035 0.40691096
vt 0.98208600 0.40892285
vt 0.98419529 0.39837521
vt 0.98727721 0.39948761
vt 0.99584621 0.25718129
vt 0.99518424 0.24432832
vt 0.99220562 0.24495077
vt 0.99282163 0.25685096
vt 0.99056625 0.23230338
vt 0.98792869 0.23382086
vt 0.98244947 0.22230107
vt 0.98041308 0.22456241
vt 0.97163725 0.21530199
vt 0.97040188 0.21808296
vt 0.95919234 0.21198952
vt 0.95887822 0.21501631
vt 0.94633532 0.21268600
vt 0.94697219 0.21566147
vt 0.93432575 0.21732044
vt 0.93585038 0.21995378
vt 0.92433792 0.22543675
vt 0.92660064 0.22747123
vt 0.91734695 0.23624033
vt 0.92012668 0.23747784
vt 0.91403490 0.24867463
vt 0.91706085 0.24899477
vt 0.91472578 0.26152539
vt 0.91770291 0.26089650
vt 0.91935343 0.27353603
vt 0.92199099 0.27201885
vt 0.92746735 0.28353143
vt 0.92950696 0.28127325
vt 0.93827486 0.29053092
vt 0.93951589 0.28775257
vt 0.95071828 0.29384673
vt 0.95103770 0.29082054
vt 0.96357930 0.29314971
vt 0.96294385 0.29017389
vt 0.97559351 0.28850228
vt 0.97406411 0.28587139
vt 0.98556840 0.28036410
vt 0.98329860 0.27833670
vt 0.99252146 0.26957244
vt 0.98974133 0.26833498
vt 0.99193656 0.25675535
vt 0.99133402 0.24513304
vt 0.98742235 0.24595529
vt 0.98796552 0.25632697
vt 0.99133402 0.24513304
vt 0.98715705 0.23426539
vt 0.98369485 0.23626453
vt 0.98742235 0.24595529
vt 0.98715705 0.23426539
vt 0.97981799 0.22522473
vt 0.97714901 0.22820073
vt 0.98369485 0.23626453
vt 0.97981799 0.22522473
vt 0.97004133 0.21889704
vt 0.96842754 0.22255355
vt 0.97714901 0.22820073
vt 0.97004133 0.21889704
vt 0.95878732 0.21590197
vt 0.95838481 0.21987790
vt 0.96842754 0.22255355
vt 0.95878732 0.21590197
vt 0.94715959 0.21653181
vt 0.94800568 0.22043687
vt 0.95838481 0.21987790
vt 0.94715959 0.21653181
vt 0.93629724 0.22072375
vt 0.93830717 0.22417647
vt 0.94800568 0.22043687
vt 0.93629724 0.22072375
vt 0.92726320 0.22806585
vt 0.93023956 0.23073047
vt 0.93830717 0.22417647
vt 0.92726320 0.22806585
vt 0.92094028 0.23783916
vt 0.92459285 0.23945659
vt 0.93023956 0.23073047
vt 0.91794616 0.24908775
vt 0.92191947 0.24950087
vt 0.91794616 0.24908775
vt 0.91857374 0.26071179
vt 0.92248112 0.25987983
vt 0.92191947 0.24950087
vt 0.91857374 0.26071179
vt 0.92276239 0.27157426
vt 0.92622274 0.26957685
vt 0.92248112 0.25987983
vt 0.92276239 0.27157426
vt 0.93010330 0.28061217
vt 0.93277752 0.27764297
vt 0.92622274 0.26957685
vt 0.93010330 0.28061217
vt 0.93987840 0.28693932
vt 0.94150275 0.28328800
vt 0.93277752 0.27764297
vt 0.93987840 0.28693932
vt 0.95113045 0.28993487
vt 0.95154268 0.28595912
vt 0.94150275 0.28328800
vt 0.95113045 0.28993487
vt 0.96275675 0.28930324
vt 0.96191269 0.28539544
vt 0.95154268 0.28595912
vt 0.96275675 0.28930324
vt 0.97361517 0.28510225
vt 0.97159672 0.28165114
vt 0.96191269 0.28539544
vt 0.97361517 0.28510225
vt 0.98263413 0.27774411
vt 0.97964776 0.27508861
vt 0.97159672 0.28165114
vt 0.98263413 0.27774411
vt 0.98892802 0.26797354
vt 0.98527646 0.26635981
vt 0.97964776 0.27508861
vt 0.99193656 0.25675535
vt 0.98796552 0.25632697
vt 0.99133402 0.24513304
vt 0.99193656 0.25675535
vt 0.98655283 0.24613470
vt 0.98708367 0.25623029
vt 0.98796552 0.25632697
vt 0.98742235 0.24595529
vt 0.98715705 0.23426539
vt 0.98292506 0.23670757
vt 0.98369485 0.23626453
vt 0.97981799 0.22522473
vt 0.97655582 0.22886157
vt 0.97714901 0.22820073
vt 0.97004133 0.21889704
vt 0.96806878 0.22336543
vt 0.96842754 0.22255355
vt 0.95878732 0.21590197
vt 0.95829499 0.22076076
vt 0.95838481 0.21987790
vt 0.94715959 0.21653181
vt 0.94819301 0.22130400
vt 0.94800568 0.22043687
vt 0.93629724 0.22072375
vt 0.93875283 0.22494328
vt 0.93830717 0.22417647
vt 0.92726320 0.22806585
vt 0.93089974 0.23132253
vt 0.93023956 0.23073047
vt 0.92094028 0.23783916
vt 0.92540330 0.23981655
vt 0.92459285 0.23945659
vt 0.91794616 0.24908775
vt 0.92280143 0.24959379
vt 0.92191947 0.24950087
vt 0.91857374 0.26071179
vt 0.92334890 0.25969636
vt 0.92248112 0.25987983
vt 0.92276239 0.27157426
vt 0.92699182 0.26913464
vt 0.92622274 0.26957685
vt 0.93010330 0.28061217
vt 0.93337244 0.27698457
vt 0.93277752 0.27764297
vt 0.93987840 0.28693932
vt 0.94186479 0.28247750
vt 0.94150275 0.28328800
vt 0.95113045 0.28993487
vt 0.95163536 0.28507602
vt 0.95154268 0.28595912
vt 0.96275675 0.28930324
vt 0.96172547 0.28452718
vt 0.96191269 0.28539544
vt 0.97361517 0.28510225
vt 0.97114676 0.28088546
vt 0.97159672 0.28165114
vt 0.98263413 0.27774411
vt 0.97898477 0.27449912
vt 0.97964776 0.27508861
vt 0.98892802 0.26797354
vt 0.98446792 0.26600027
vt 0.98527646 0.26635981
vt 0.69062412 0.16853148
vt 0.68286657 0.16889685
vt 0.68314433 0.17671359
vt 0.69090056 0.17627287
vt 0.69089305 0.17668307
vt 0.68314433 0.17671359
vt 0.68313920 0.18424881
vt 0.69090557 0.18421072
vt 0.69064367 0.30177981
vt 0.68286586 0.30136305
vt 0.68255067 0.30920798
vt 0.69028556 0.30964762
vt 0.57658249 0.17671782
vt 0.57689416 0.18423629
vt 0.58471227 0.18399763
vt 0.58432645 0.17648083
vt 0.69874823 0.18449533
vt 0.69914174 0.17700458
vt 0.69128394 0.17666829
vt 0.69090557 0.18421072
vt 0.59474009 0.27518749
vt 0.66756439 0.27589113
vt 0.66351688 0.27220100
vt 0.59848404 0.27175736
vt 0.59101647 0.16868705
vt 0.59075868 0.17653888
vt 0.59075868 0.17653888
vt 0.59081227 0.18405914
vt 0.59044588 0.30107474
vt 0.58435029 0.30138969
vt 0.58458459 0.30913460
vt 0.59066755 0.30888802
vt 0.58491594 0.16846448
vt 0.58468026 0.17621559
vt 0.58468091 0.17651343
vt 0.58471227 0.18399763
vt 0.68283176 0.29390264
vt 0.69060612 0.29394203
vt 0.59474009 0.27518749
vt 0.59848404 0.27175736
vt 0.59947300 0.19579697
vt 0.59559244 0.19217706
vt 0.69060612 0.29394203
vt 0.69841874 0.29370785
vt 0.58435780 0.29365516
vt 0.59045231 0.29361707
vt 0.57650775 0.29336542
vt 0.58435780 0.29365516
vt 0.66351688 0.27220100
vt 0.66756439 0.27589113
vt 0.66705990 0.19152147
vt 0.66346383 0.19538265
vt 0.68286586 0.30136305
vt 0.69058764 0.30133587
vt 0.69099092 0.30144149
vt 0.69881952 0.30110067
vt 0.58436650 0.30110610
vt 0.59044588 0.30107474
vt 0.57621706 0.30083698
vt 0.58395904 0.30107826
vt 0.59559244 0.19217706
vt 0.59947300 0.19579697
vt 0.66346383 0.19538265
vt 0.66705990 0.19152147
vt 0.96039718 0.32550025
vt 0.96036822 0.31770140
vt 0.95456368 0.31858569
vt 0.95460624 0.32455170
vt 0.95791763 0.31027734
vt 0.95267349 0.31292206
vt 0.95327955 0.30397224
vt 0.94911855 0.30811697
vt 0.94691330 0.29941380
vt 0.94424659 0.30464554
vt 0.93944854 0.29705060
vt 0.93853623 0.30285048
vt 0.93162006 0.29711330
vt 0.93254858 0.30291009
vt 0.92419678 0.29959369
vt 0.92687172 0.30481887
vt 0.91790551 0.30424654
vt 0.92206281 0.30839032
vt 0.91336089 0.31061536
vt 0.91859394 0.31327385
vt 0.91100711 0.31807649
vt 0.91680497 0.31899065
vt 0.91107422 0.32590008
vt 0.91687125 0.32498002
vt 0.91355652 0.33332109
vt 0.91878611 0.33065468
vt 0.91821259 0.33961201
vt 0.92236072 0.33545792
vt 0.92458731 0.34415460
vt 0.92724365 0.33891863
vt 0.93205518 0.34650075
vt 0.93295425 0.34069771
vt 0.93988019 0.34641808
vt 0.93892998 0.34062183
vt 0.94728738 0.34391600
vt 0.94458336 0.33870047
vt 0.95354229 0.33925092
vt 0.94936007 0.33512473
vt 0.95803910 0.33290160
vt 0.95279759 0.33024335
vt 0.28349134 0.00269586
vt 0.27354705 0.00250500
vt 0.27396742 0.02954507
vt 0.28203329 0.02969986
vt 0.28187311 0.03788936
vt 0.27381316 0.03773463
vt 0.27389500 0.05333561
vt 0.28118932 0.05347705
vt 0.01434904 0.62692595
vt 0.02372863 0.62689281
vt 0.02531160 0.59212780
vt 0.01252007 0.59217310
vt 0.24018021 0.02725071
vt 0.24024116 0.04276520
vt 0.26607221 0.05083603
vt 0.26599100 0.03531951
vt 0.31522605 0.04421270
vt 0.31588557 0.02871186
vt 0.28978273 0.03577876
vt 0.28910291 0.05128121
vt 0.27381316 0.03773463
vt 0.28187311 0.03788936
vt 0.27389500 0.05333561
vt 0.27381316 0.03773463
vt 0.27384093 0.13793302
vt 0.27797222 0.13801295
vt 0.27812311 0.13019848
vt 0.27399221 0.13011867
vt 0.28187311 0.03788936
vt 0.28118932 0.05347705
vt 0.02372863 0.62689281
vt 0.01434904 0.62692595
vt 0.01674262 0.72888970
vt 0.02205687 0.72887087
vt 0.27812311 0.13019848
vt 0.28593180 0.13051075
vt 0.27399221 0.13011867
vt 0.27812311 0.13019848
vt 0.26617736 0.13012856
vt 0.27399221 0.13011867
vt 0.57191277 0.04741013
vt 0.56918842 0.05233073
vt 0.56813699 0.05785608
vt 0.56886137 0.06344533
vt 0.57129061 0.06855118
vt 0.57518709 0.07267404
vt 0.58016926 0.07541025
vt 0.58574951 0.07649195
vt 0.59138149 0.07581335
vt 0.59651399 0.07344079
vt 0.60064465 0.06960642
vt 0.60336900 0.06468582
vt 0.60442048 0.05916053
vt 0.60369605 0.05357122
vt 0.60126680 0.04846531
vt 0.59737039 0.04434252
vt 0.59238815 0.04160631
vt 0.58680797 0.04052460
vt 0.58117592 0.04120320
vt 0.57604349 0.04357576
vt 0.07137615 0.63895530
vt 0.06968433 0.63357919
vt 0.06639863 0.62897748
vt 0.06184059 0.62560052
vt 0.05645622 0.62377888
vt 0.05077288 0.62369084
vt 0.04534668 0.62534499
vt 0.04070888 0.62857950
vt 0.03731325 0.63307786
vt 0.03549243 0.63839948
vt 0.03542466 0.64402348
vt 0.03711648 0.64939964
vt 0.04040218 0.65400136
vt 0.04496012 0.65737832
vt 0.05034447 0.65919995
vt 0.05602793 0.65928799
vt 0.06145412 0.65763378
vt 0.06609193 0.65439928
vt 0.06948746 0.64990091
vt 0.07130826 0.64457935
vt 0.61647940 0.09830630
vt 0.61354017 0.09315258
vt 0.60912716 0.08914632
vt 0.60367060 0.08668834
vt 0.59770900 0.08602780
vt 0.59183514 0.08723366
vt 0.58663189 0.09018475
vt 0.58259112 0.09457409
vt 0.58011389 0.09997857
vt 0.57943785 0.10586935
vt 0.58062828 0.11167467
vt 0.58357352 0.11683095
vt 0.58799148 0.12083411
vt 0.59344947 0.12328815
vt 0.59941024 0.12395006
vt 0.60528690 0.12275422
vt 0.61049688 0.11980975
vt 0.61452973 0.11541319
vt 0.61699653 0.11000192
vt 0.61766374 0.10410559
vt 0.57191277 0.04741013
vt 0.56918842 0.05233073
vt 0.56813699 0.05785608
vt 0.56886137 0.06344533
vt 0.57129061 0.06855118
vt 0.57518709 0.07267404
vt 0.58016926 0.07541025
vt 0.58574951 0.07649195
vt 0.59138149 0.07581335
vt 0.59651399 0.07344079
vt 0.60064465 0.06960642
vt 0.60336900 0.06468582
vt 0.60442048 0.05916053
vt 0.60369605 0.05357122
vt 0.60126680 0.04846531
vt 0.59737039 0.04434252
vt 0.59238815 0.04160631
vt 0.58680797 0.04052460
vt 0.58117592 0.04120320
vt 0.57604349 0.04357576
vt 0.07137615 0.63895530
vt 0.06968433 0.63357919
vt 0.06639863 0.62897748
vt 0.06184059 0.62560052
vt 0.05645622 0.62377888
vt 0.05077288 0.62369084
vt 0.04534668 0.62534499
vt 0.04070888 0.62857950
vt 0.03731325 0.63307786
vt 0.03549243 0.63839948
vt 0.03542466 0.64402348
vt 0.03711648 0.64939964
vt 0.04040218 0.65400136
vt 0.04496012 0.65737832
vt 0.05034447 0.65919995
vt 0.05602793 0.65928799
vt 0.06145412 0.65763378
vt 0.06609193 0.65439928
vt 0.06948746 0.64990091
vt 0.07130826 0.64457935
vt 0.61647940 0.09830630
vt 0.61354017 0.09315258
vt 0.60912716 0.08914632
vt 0.60367060 0.08668834
vt 0.59770900 0.08602780
vt 0.59183514 0.08723366
vt 0.58663189 0.09018475
vt 0.58259112 0.09457409
vt 0.58011389 0.09997857
vt 0.57943785 0.10586935
vt 0.58062828 0.11167467
vt 0.58357352 0.11683095
vt 0.58799148 0.12083411
vt 0.59344947 0.12328815
vt 0.59941024 0.12395006
vt 0.60528690 0.12275422
vt 0.61049688 0.11980975
vt 0.61452973 0.11541319
vt 0.61699653 0.11000192
vt 0.61766374 0.10410559
vt 0.57191277 0.04741013
vt 0.56918842 0.05233073
vt 0.56813699 0.05785608
vt 0.56886137 0.06344533
vt 0.57129061 0.06855118
vt 0.57518709 0.07267404
vt 0.58016926 0.07541025
vt 0.58574951 0.07649195
vt 0.59138149 0.07581335
vt 0.59651399 0.07344079
vt 0.60064465 0.06960642
vt 0.60336900 0.06468582
vt 0.60442048 0.05916053
vt 0.60369605 0.05357122
vt 0.60126680 0.04846531
vt 0.59737039 0.04434252
vt 0.59238815 0.04160631
vt 0.58680797 0.04052460
vt 0.58117592 0.04120320
vt 0.57604349 0.04357576
vt 0.07137615 0.63895530
vt 0.06968433 0.63357919
vt 0.06639863 0.62897748
vt 0.06184059 0.62560052
vt 0.05645622 0.62377888
vt 0.05077288 0.62369084
vt 0.04534668 0.62534499
vt 0.04070888 0.62857950
vt 0.03731325 0.63307786
vt 0.03549243 0.63839948
vt 0.03542466 0.64402348
vt 0.03711648 0.64939964
vt 0.04040218 0.65400136
vt 0.04496012 0.65737832
vt 0.05034447 0.65919995
vt 0.05602793 0.65928799
vt 0.06145412 0.65763378
vt 0.06609193 0.65439928
vt 0.06948746 0.64990091
vt 0.07130826 0.64457935
vt 0.61647940 0.09830630
vt 0.61354017 0.09315258
vt 0.60912716 0.08914632
vt 0.60367060 0.08668834
vt 0.59770900 0.08602780
vt 0.59183514 0.08723366
vt 0.58663189 0.09018475
vt 0.58259112 0.09457409
vt 0.58011389 0.09997857
vt 0.57943785 0.10586935
vt 0.58062828 0.11167467
vt 0.58357352 0.11683095
vt 0.58799148 0.12083411
vt 0.59344947 0.12328815
vt 0.59941024 0.12395006
vt 0.60528690 0.12275422
vt 0.61049688 0.11980975
vt 0.61452973 0.11541319
vt 0.61699653 0.11000192
vt 0.61766374 0.10410559
vt 0.57191277 0.04741013
vt 0.56918842 0.05233073
vt 0.56813699 0.05785608
vt 0.56886137 0.06344533
vt 0.57129061 0.06855118
vt 0.57518709 0.07267404
vt 0.58016926 0.07541025
vt 0.58574951 0.07649195
vt 0.59138149 0.07581335
vt 0.59651399 0.07344079
vt 0.60064465 0.06960642
vt 0.60336900 0.06468582
vt 0.60442048 0.05916053
vt 0.60369605 0.05357122
vt 0.60126680 0.04846531
vt 0.59737039 0.04434252
vt 0.59238815 0.04160631
vt 0.58680797 0.04052460
vt 0.58117592 0.04120320
vt 0.57604349 0.04357576
vt 0.07137615 0.63895530
vt 0.06968433 0.63357919
vt 0.06639863 0.62897748
vt 0.06184059 0.62560052
vt 0.05645622 0.62377888
vt 0.05077288 0.62369084
vt 0.04534668 0.62534499
vt 0.04070888 0.62857950
vt 0.03731325 0.63307786
vt 0.03549243 0.63839948
vt 0.03542466 0.64402348
vt 0.03711648 0.64939964
vt 0.04040218 0.65400136
vt 0.04496012 0.65737832
vt 0.05034447 0.65919995
vt 0.05602793 0.65928799
vt 0.06145412 0.65763378
vt 0.06609193 0.65439928
vt 0.06948746 0.64990091
vt 0.07130826 0.64457935
vt 0.61647940 0.09830630
vt 0.61354017 0.09315258
vt 0.60912716 0.08914632
vt 0.60367060 0.08668834
vt 0.59770900 0.08602780
vt 0.59183514 0.08723366
vt 0.58663189 0.09018475
vt 0.58259112 0.09457409
vt 0.58011389 0.09997857
vt 0.57943785 0.10586935
vt 0.58062828 0.11167467
vt 0.58357352 0.11683095
vt 0.58799148 0.12083411
vt 0.59344947 0.12328815
vt 0.59941024 0.12395006
vt 0.60528690 0.12275422
vt 0.61049688 0.11980975
vt 0.61452973 0.11541319
vt 0.61699653 0.11000192
vt 0.61766374 0.10410559
vt 0.95460624 0.32455170
vt 0.95456368 0.31858569
vt 0.95267349 0.31292206
vt 0.94911855 0.30811697
vt 0.94424659 0.30464554
vt 0.93853623 0.30285048
vt 0.93254858 0.30291009
vt 0.92687172 0.30481887
vt 0.92206281 0.30839032
vt 0.91859394 0.31327385
vt 0.91680497 0.31899065
vt 0.91687125 0.32498002
vt 0.91878611 0.33065468
vt 0.92236072 0.33545792
vt 0.92724365 0.33891863
vt 0.93295425 0.34069771
vt 0.93892998 0.34062183
vt 0.94458336 0.33870047
vt 0.94936007 0.33512473
vt 0.95279759 0.33024335
vt 0.98708367 0.25623029
vt 0.98655283 0.24613470
vt 0.98292506 0.23670757
vt 0.97655582 0.22886157
vt 0.96806878 0.22336543
vt 0.95829499 0.22076076
vt 0.94819301 0.22130400
vt 0.93875283 0.22494328
vt 0.93089974 0.23132253
vt 0.92540330 0.23981655
vt 0.92280143 0.24959379
vt 0.92334890 0.25969636
vt 0.92699182 0.26913464
vt 0.93337244 0.27698457
vt 0.94186479 0.28247750
vt 0.95163536 0.28507602
vt 0.96172547 0.28452718
vt 0.97114676 0.28088546
vt 0.97898477 0.27449912
vt 0.98446792 0.26600027
vt 0.95460624 0.32455170
vt 0.95456368 0.31858569
vt 0.95267349 0.31292206
vt 0.94911855 0.30811697
vt 0.94424659 0.30464554
vt 0.93853623 0.30285048
vt 0.93254858 0.30291009
vt 0.92687172 0.30481887
vt 0.92206281 0.30839032
vt 0.91859394 0.31327385
vt 0.91680497 0.31899065
vt 0.91687125 0.32498002
vt 0.91878611 0.33065468
vt 0.92236072 0.33545792
vt 0.92724365 0.33891863
vt 0.93295425 0.34069771
vt 0.93892998 0.34062183
vt 0.94458336 0.33870047
vt 0.94936007 0.33512473
vt 0.95279759 0.33024335
vt 0.95460624 0.32455170
vt 0.95456368 0.31858569
vt 0.95267349 0.31292206
vt 0.94911855 0.30811697
vt 0.94424659 0.30464554
vt 0.93853623 0.30285048
vt 0.93254858 0.30291009
vt 0.92687172 0.30481887
vt 0.92206281 0.30839032
vt 0.91859394 0.31327385
vt 0.91680497 0.31899065
vt 0.91687125 0.32498002
vt 0.91878611 0.33065468
vt 0.92236072 0.33545792
vt 0.92724365 0.33891863
vt 0.93295425 0.34069771
vt 0.93892998 0.34062183
vt 0.94458336 0.33870047
vt 0.94936007 0.33512473
vt 0.95279759 0.33024335
vt 0.98708367 0.25623029
vt 0.98655283 0.24613470
vt 0.98292506 0.23670757
vt 0.97655582 0.22886157
vt 0.96806878 0.22336543
vt 0.95829499 0.22076076
vt 0.94819301 0.22130400
vt 0.93875283 0.22494328
vt 0.93089974 0.23132253
vt 0.92540330 0.23981655
vt 0.92280143 0.24959379
vt 0.92334890 0.25969636
vt 0.92699182 0.26913464
vt 0.93337244 0.27698457
vt 0.94186479 0.28247750
vt 0.95163536 0.28507602
vt 0.96172547 0.28452718
vt 0.97114676 0.28088546
vt 0.97898477 0.27449912
vt 0.98446792 0.26600027
vt 0.95460624 0.32455170
vt 0.95456368 0.31858569
vt 0.95267349 0.31292206
vt 0.94911855 0.30811697
vt 0.94424659 0.30464554
vt 0.93853623 0.30285048
vt 0.93254858 0.30291009
vt 0.92687172 0.30481887
vt 0.92206281 0.30839032
vt 0.91859394 0.31327385
vt 0.91680497 0.31899065
vt 0.91687125 0.32498002
vt 0.91878611 0.33065468
vt 0.92236072 0.33545792
vt 0.92724365 0.33891863
vt 0.93295425 0.34069771
vt 0.93892998 0.34062183
vt 0.94458336 0.33870047
vt 0.94936007 0.33512473
vt 0.95279759 0.33024335
f 1/1 2/2 3/3
f 1/1 3/3 4/4
f 5/5 6/6 7/7
f 5/5 7/7 8/8
f 9/9 10/10 11/11
f 9/9 11/11 12/12
f 13/13 14/14 15/15
f 13/13 15/15 16/16
f 17/17 18/18 19/19
f 17/17 19/19 20/20
f 21/21 22/22 23/23
f 21/21 23/23 24/24
f 25/25 26/26 27/27
f 25/25 27/27 28/28
f 29/29 30/30 31/31
f 29/29 31/31 32/32
f 33/33 34/34 35/35
f 33/33 35/35 36/36
f 37/37 38/38 39/39
f 37/37 39/39 40/40
f 41/41 25/25 28/28
f 41/41 28/28 42/42
f 43/43 44/44 30/30
f 43/43 30/30 29/29
f 45/45 46/46 34/34
f 45/45 34/34 33/33
f 47/47 48/48 38/38
f 47/47 38/38 37/37
f 10/10 41/41 42/42
f 10/10 42/42 11/11
f 15/15 14/14 44/44
f 15/15 44/44 43/43
f 3/3 2/2 46/46
f 3/3 46/46 45/45
f 7/7 6/6 48/48
f 7/7 48/48 47/47
f 49/49 50/50 51/51
f 49/49 51/51 52/52
f 53/53 54/54 55/55
f 53/53 55/55 56/56
f 57/57 58/58 59/59
f 57/57 59/59 60/60
f 61/61 62/62 63/63
f 61/61 63/63 64/64
f 65/65 66/66 67/67
f 65/65 67/67 68/68
f 69/69 70/70 71/71
f 69/69 71/71 72/72
f 73/73 74/74 75/75
f 73/73 75/75 76/76
f 77/77 78/78 79/79
f 77/77 79/79 80/80
f 81/81 82/82 83/83
f 81/81 83/83 84/84
f 85/85 86/86 87/87
f 85/85 87/87 88/88
f 89/89 73/73 76/76
f 89/89 76/76 90/90
f 91/91 92/92 78/78
f 91/91 78/78 77/77
f 93/93 94/94 82/82
f 93/93 82/82 81/81
f 95/95 96/96 86/86
f 95/95 86/86 85/85
f 58/58 89/89 90/90
f 58/58 90/90 59/59
f 63/63 62/62 92/92
f 63/63 92/92 91/91
f 51/51 50/50 94/94
f 51/51 94/94 93/93
f 55/55 54/54 96/96
f 55/55 96/96 95/95
f 97/97 98/98 99/99
f 97/97 99/99 100/100
f 101/101 102/102 103/103
f 101/101 103/103 104/104
f 105/105 106/106 107/107
f 105/105 107/107 108/108
f 109/109 110/110 111/111
f 109/109 111/111 112/112
f 113/113 114/114 115/115
f 113/113 115/115 116/116
f 117/117 118/118 119/119
f 117/117 119/119 120/120
f 121/121 122/122 123/123
f 121/121 123/123 124/124
f 125/125 126/126 127/127
f 125/125 127/127 128/128
f 129/129 130/130 131/131
f 129/129 131/131 132/132
f 133/133 134/134 135/135
f 133/133 135/135 136/136
f 137/137 121/121 124/124
f 137/137 124/124 138/138
f 139/139 140/140 126/126
f 139/139 126/126 125/125
f 141/141 142/142 130/130
f 141/141 130/130 129/129
f 143/143 144/144 134/134
f 143/143 134/134 133/133
f 106/106 137/137 138/138
f 106/106 138/138 107/107
f 111/111 110/110 140/140
f 111/111 140/140 139/139
f 99/99 98/98 142/142
f 99/99 142/142 141/141
f 103/103 102/102 144/144
f 103/103 144/144 143/143
f 145/145 146/146 147/147
f 145/145 147/147 148/148
f 149/149 150/150 151/151
f 149/149 151/151 152/152
f 153/153 154/154 155/155
f 153/153 155/155 156/156
f 157/157 158/158 159/159
f 157/157 159/159 160/160
f 161/161 162/162 163/163
f 161/161 163/163 164/164
f 165/165 166/166 167/167
f 165/165 167/167 168/168
f 169/169 170/170 171/171
f 169/169 171/171 172/172
f 173/173 174/174 175/175
f 173/173 175/175 176/176
f 177/177 178/178 179/179
f 177/177 179/179 180/180
f 181/181 182/182 183/183
f 181/181 183/183 184/184
f 185/185 169/169 172/172
f 185/185 172/172 186/186
f 187/187 188/188 174/174
f 187/187 174/174 173/173
f 189/189 190/190 178/178
f 189/189 178/178 177/177
f 191/191 192/192 182/182
f 191/191 182/182 181/181
f 154/154 185/185 186/186
f 154/154 186/186 155/155
f 159/159 158/158 188/188
f 159/159 188/188 187/187
f 147/147 146/146 190/190
f 147/147 190/190 189/189
f 151/151 150/150 192/192
f 151/151 192/192 191/191
f 193/193 194/194 195/195
f 193/193 195/195 196/196
f 197/197 198/198 199/199
f 197/197 199/199 200/200
f 201/201 202/202 203/203
f 201/201 203/203 204/204
f 205/205 206/206 207/207
f 205/205 207/207 208/208
f 209/209 210/210 211/211
f 209/209 211/211 212/212
f 213/213 214/214 215/215
f 213/213 215/215 216/216
f 217/217 218/218 219/219
f 217/217 219/219 220/220
f 221/221 222/222 223/223
f 221/221 223/223 224/224
f 225/225 226/226 227/227
f 225/225 227/227 228/228
f 229/229 230/230 231/231
f 229/229 231/231 232/232
f 233/233 217/217 220/220
f 233/233 220/220 234/234
f 235/235 236/236 222/222
f 235/235 222/222 221/221
f 237/237 238/238 226/226
f 237/237 226/226 225/225
f 239/239 240/240 230/230
f 239/239 230/230 229/229
f 202/202 233/233 234/234
f 202/202 234/234 203/203
f 207/207 206/206 236/236
f 207/207 236/236 235/235
f 195/195 194/194 238/238
f 195/195 238/238 237/237
f 199/199 198/198 240/240
f 199/199 240/240 239/239
f 241/241 242/242 243/243
f 241/241 243/243 244/244
f 245/245 246/246 247/247
f 245/245 247/247 248/248
f 249/249 250/250 251/251
f 249/249 251/251 252/252
f 253/253 254/254 255/255
f 253/253 255/255 256/256
f 257/257 258/258 259/259
f 257/257 259/259 260/260
f 261/261 262/262 263/263
f 261/261 263/263 264/264
f 265/265 266/266 267/267
f 265/265 267/267 268/268
f 269/269 270/270 271/271
f 269/269 271/271 272/272
f 273/273 274/274 275/275
f 273/273 275/275 276/276
f 277/277 278/278 279/279
f 277/277 279/279 280/280
f 281/281 265/265 268/268
f 281/281 268/268 282/282
f 283/283 284/284 270/270
f 283/283 270/270 269/269
f 285/285 286/286 274/274
f 285/285 274/274 273/273
f 287/287 288/288 278/278
f 287/287 278/278 277/277
f 250/250 281/281 282/282
f 250/250 282/282 251/251
f 255/255 254/254 284/284
f 255/255 284/284 283/283
f 243/243 242/242 286/286
f 243/243 286/286 285/285
f 247/247 246/246 288/288
f 247/247 288/288 287/287
f 289/289 290/290 291/291
f 289/289 291/291 292/292
f 293/293 294/294 295/295
f 293/293 295/295 296/296
f 297/297 298/298 299/299
f 297/297 299/299 300/300
f 301/301 302/302 303/303
f 301/301 303/303 304/304
f 305/305 306/306 307/307
f 305/305 307/307 308/308
f 309/309 310/310 311/311
f 309/309 311/311 312/312
f 313/313 314/314 315/315
f 313/313 315/315 316/316
f 317/317 318/318 319/319
f 317/317 319/319 320/320
f 321/321 322/322 323/323
f 321/321 323/323 324/324
f 325/325 326/326 327/327
f 325/325 327/327 328/328
f 329/329 313/313 316/316
f 329/329 316/316 330/330
f 331/331 332/332 318/318
f 331/331 318/318 317/317
f 333/333 334/334 322/322
f 333/333 322/322 321/321
f 335/335 336/336 326/326
f 335/335 326/326 325/325
f 298/298 329/329 330/330
f 298/298 330/330 299/299
f 303/303 302/302 332/332
f 303/303 332/332 331/331
f 291/291 290/290 334/334
f 291/291 334/334 333/333
f 295/295 294/294 336/336
f 295/295 336/336 335/335
f 337/337 338/338 339/339
f 337/337 339/339 340/340
f 341/341 342/342 343/343
f 341/341 343/343 344/344
f 345/345 346/346 347/347
f 345/345 347/347 348/348
f 349/349 350/350 351/351
f 349/349 351/351 352/352
f 353/353 354/354 355/355
f 353/353 355/355 356/356
f 357/357 358/358 359/359
f 357/357 359/359 360/360
f 361/361 362/362 363/363
f 361/361 363/363 364/364
f 365/365 366/366 367/367
f 365/365 367/367 368/368
f 369/369 370/370 371/371
f 369/369 371/371 372/372
f 373/373 374/374 375/375
f 373/373 375/375 376/376
f 377/377 361/361 364/364
f 377/377 364/364 378/378
f 379/379 380/380 366/366
f 379/379 366/366 365/365
f 381/381 382/382 370/370
f 381/381 370/370 369/369
f 383/383 384/384 374/374
f 383/383 374/374 373/373
f 346/346 377/377 378/378
f 346/346 378/378 347/347
f 351/351 350/350 380/380
f 351/351 380/380 379/379
f 339/339 338/338 382/382
f 339/339 382/382 381/381
f 343/343 342/342 384/384
f 343/343 384/384 383/383
f 385/385 386/386 387/387
f 385/385 387/387 388/388
f 389/389 390/390 391/391
f 389/389 391/391 392/392
f 393/393 394/394 395/395
f 393/393 395/395 396/396
f 397/397 398/398 399/399
f 397/397 399/399 400/400
f 401/401 402/402 403/403
f 401/401 403/403 404/404
f 405/405 406/406 407/407
f 405/405 407/407 408/408
f 409/409 410/410 411/411
f 409/409 411/411 412/412
f 413/413 414/414 415/415
f 413/413 415/415 416/416
f 417/417 418/418 419/419
f 417/417 419/419 420/420
f 421/421 422/422 423/423
f 421/421 423/423 424/424
f 425/425 409/409 412/412
f 425/425 412/412 426/426
f 427/427 428/428 414/414
f 427/427 414/414 413/413
f 429/429 430/430 418/418
f 429/429 418/418 417/417
f 431/431 432/432 422/422
f 431/431 422/422 421/421
f 394/394 425/425 426/426
f 394/394 426/426 395/395
f 399/399 398/398 428/428
f 399/399 428/428 427/427
f 387/387 386/386 430/430
f 387/387 430/430 429/429
f 391/391 390/390 432/432
f 391/391 432/432 431/431
f 433/433 434/434 435/435
f 433/433 435/435 436/436
f 437/437 438/438 439/439
f 437/437 439/439 440/440
f 441/441 442/442 443/443
f 441/441 443/443 444/444
f 445/445 446/446 447/447
f 445/445 447/447 448/448
f 449/449 450/450 451/451
f 449/449 451/451 452/452
f 453/453 454/454 455/455
f 453/453 455/455 456/456
f 457/457 458/458 459/459
f 457/457 459/459 460/460
f 461/461 462/462 463/463
f 461/461 463/463 464/464
f 465/465 466/466 467/467
f 465/465 467/467 468/468
f 469/469 470/470 471/471
f 469/469 471/471 472/472
f 473/473 457/457 460/460
f 473/473 460/460 474/474
f 475/475 476/476 462/462
f 475/475 462/462 461/461
f 477/477 478/478 466/466
f 477/477 466/466 465/465
f 479/479 480/480 470/470
f 479/479 470/470 469/469
f 442/442 473/473 474/474
f 442/442 474/474 443/443
f 447/447 446/446 476/476
f 447/447 476/476 475/475
f 435/435 434/434 478/478
f 435/435 478/478 477/477
f 439/439 438/438 480/480
f 439/439 480/480 479/479
f 481/481 482/482 483/483
f 481/481 483/483 484/484
f 485/485 486/486 487/487
f 485/485 487/487 488/488
f 489/489 490/490 491/491
f 489/489 491/491 492/492
f 493/493 494/494 495/495
f 493/493 495/495 496/496
f 497/497 498/498 499/499
f 497/497 499/499 500/500
f 501/501 502/502 503/503
f 501/501 503/503 504/504
f 505/505 506/506 507/507
f 505/505 507/507 508/508
f 509/509 510/510 511/511
f 509/509 511/511 512/512
f 513/513 514/514 515/515
f 513/513 515/515 516/516
f 517/517 518/518 519/519
f 517/517 519/519 520/520
f 521/521 505/505 508/508
f 521/521 508/508 522/522
f 523/523 524/524 510/510
f 523/523 510/510 509/509
f 525/525 526/526 514/514
f 525/525 514/514 513/513
f 527/527 528/528 518/518
f 527/527 518/518 517/517
f 490/490 521/521 522/522
f 490/490 522/522 491/491
f 495/495 494/494 524/524
f 495/495 524/524 523/523
f 483/483 482/482 526/526
f 483/483 526/526 525/525
f 487/487 486/486 528/528
f 487/487 528/528 527/527
f 529/529 530/530 531/531
f 529/529 531/531 532/532
f 533/533 534/534 535/535
f 533/533 535/535 536/536
f 537/537 538/538 539/539
f 537/537 539/539 540/540
f 541/541 542/542 543/543
f 541/541 543/543 544/544
f 545/545 546/546 547/547
f 545/545 547/547 548/548
f 549/549 550/550 551/551
f 549/549 551/551 552/552
f 553/553 554/554 555/555
f 553/553 555/555 556/556
f 557/557 558/558 559/559
f 557/557 559/559 560/560
f 561/561 562/562 563/563
f 561/561 563/563 564/564
f 565/565 566/566 567/567
f 565/565 567/567 568/568
f 569/569 553/553 556/556
f 569/569 556/556 570/570
f 571/571 572/572 558/558
f 571/571 558/558 557/557
f 573/573 574/574 562/562
f 573/573 562/562 561/561
f 575/575 576/576 566/566
f 575/575 566/566 565/565
f 538/538 569/569 570/570
f 538/538 570/570 539/539
f 543/543 542/542 572/572
f 543/543 572/572 571/571
f 531/531 530/530 574/574
f 531/531 574/574 573/573
f 535/535 534/534 576/576
f 535/535 576/576 575/575
f 577/577 578/578 579/579
f 577/577 579/579 580/580
f 581/581 582/582 583/583
f 581/581 583/583 584/584
f 585/585 586/586 587/587
f 585/585 587/587 588/588
f 589/589 590/590 591/591
f 589/589 591/591 592/592
f 593/593 594/594 595/595
f 593/593 595/595 596/596
f 597/597 598/598 599/599
f 597/597 599/599 600/600
f 601/601 602/602 603/603
f 601/601 603/603 604/604
f 605/605 606/606 607/607
f 605/605 607/607 608/608
f 609/609 610/610 611/611
f 609/609 611/611 612/612
f 613/613 614/614 615/615
f 613/613 615/615 616/616
f 617/617 601/601 604/604
f 617/617 604/604 618/618
f 619/619 620/620 606/606
f 619/619 606/606 605/605
f 621/621 622/622 610/610
f 621/621 610/610 609/609
f 623/623 624/624 614/614
f 623/623 614/614 613/613
f 586/586 617/617 618/618
f 586/586 618/618 587/587
f 591/591 590/590 620/620
f 591/591 620/620 619/619
f 579/579 578/578 622/622
f 579/579 622/622 621/621
f 583/583 582/582 624/624
f 583/583 624/624 623/623
f 625/625 626/626 627/627
f 625/625 627/627 628/628
f 629/629 630/630 631/631
f 629/629 631/631 632/632
f 633/633 634/634 635/635
f 633/633 635/635 636/636
f 637/637 638/638 639/639
f 637/637 639/639 640/640
f 641/641 642/642 643/643
f 641/641 643/643 644/644
f 645/645 646/646 647/647
f 645/645 647/647 648/648
f 649/649 650/650 651/651
f 649/649 651/651 652/652
f 653/653 654/654 655/655
f 653/653 655/655 656/656
f 657/657 658/658 659/659
f 657/657 659/659 660/660
f 661/661 662/662 663/663
f 661/661 663/663 664/664
f 665/665 649/649 652/652
f 665/665 652/652 666/666
f 667/667 668/668 654/654
f 667/667 654/654 653/653
f 669/669 670/670 658/658
f 669/669 658/658 657/657
f 671/671 672/672 662/662
f 671/671 662/662 661/661
f 634/634 665/665 666/666
f 634/634 666/666 635/635
f 639/639 638/638 668/668
f 639/639 668/668 667/667
f 627/627 626/626 670/670
f 627/627 670/670 669/669
f 631/631 630/630 672/672
f 631/631 672/672 671/671
f 673/673 674/674 675/675
f 673/673 675/675 676/676
f 677/677 678/678 679/679
f 677/677 679/679 680/680
f 681/681 682/682 683/683
f 681/681 683/683 684/684
f 685/685 686/686 687/687
f 685/685 687/687 688/688
f 689/689 690/690 691/691
f 689/689 691/691 692/692
f 693/693 694/694 695/695
f 693/693 695/695 696/696
f 697/697 698/698 699/699
f 697/697 699/699 700/700
f 701/701 702/702 703/703
f 701/701 703/703 704/704
f 705/705 706/706 707/707
f 705/705 707/707 708/708
f 709/709 710/710 711/711
f 709/709 711/711 712/712
f 713/713 697/697 700/700
f 713/713 700/700 714/714
f 715/715 716/716 702/702
f 715/715 702/702 701/701
f 717/717 718/718 706/706
f 717/717 706/706 705/705
f 719/719 720/720 710/710
f 719/719 710/710 709/709
f 682/682 713/713 714/714
f 682/682 714/714 683/683
f 687/687 686/686 716/716
f 687/687 716/716 715/715
f 675/675 674/674 718/718
f 675/675 718/718 717/717
f 679/679 678/678 720/720
f 679/679 720/720 719/719
f 721/721 722/722 723/723
f 721/721 723/723 724/724
f 725/725 726/726 727/727
f 725/725 727/727 728/728
f 729/729 730/730 731/731
f 729/729 731/731 732/732
f 733/733 734/734 735/735
f 733/733 735/735 736/736
f 737/737 738/738 739/739
f 737/737 739/739 740/740
f 741/741 742/742 743/743
f 741/741 743/743 744/744
f 745/745 746/746 747/747
f 745/745 747/747 748/748
f 749/749 750/750 751/751
f 749/749 751/751 752/752
f 753/753 754/754 755/755
f 753/753 755/755 756/756
f 757/757 758/758 759/759
f 757/757 759/759 760/760
f 761/761 762/762 763/763
f 761/761 763/763 764/764
f 765/765 766/766 767/767
f 765/765 767/767 768/768
f 769/769 770/770 771/771
f 769/769 771/771 772/772
f 773/773 774/774 775/775
f 773/773 775/775 776/776
f 777/777 778/778 779/779
f 777/777 779/779 780/780
f 781/781 782/782 783/783
f 781/781 783/783 784/784
f 785/785 786/786 787/787
f 785/785 787/787 788/788
f 789/789 790/790 791/791
f 789/789 791/791 792/792
f 793/793 794/794 795/795
f 793/793 795/795 796/796
f 794/794 797/797 798/798
f 794/794 798/798 795/795
f 799/799 800/800 801/801
f 799/799 801/801 802/802
f 803/803 804/804 805/805
f 803/803 805/805 806/806
f 807/807 808/808 809/809
f 807/807 809/809 810/810
f 811/811 812/812 813/813
f 811/811 813/813 814/814
f 815/815 816/816 817/817
f 815/815 817/817 818/818
f 819/819 820/820 821/821
f 819/819 821/821 822/822
f 823/823 824/824 825/825
f 823/823 825/825 826/826
f 827/827 828/828 829/829
f 827/827 829/829 830/830
f 831/831 832/832 833/833
f 831/831 833/833 834/834
f 835/835 836/836 837/837
f 835/835 837/837 838/838
f 839/839 840/840 841/841
f 839/839 841/841 842/842
f 843/843 844/844 845/845
f 843/843 845/845 846/846
f 847/847 848/848 849/849
f 847/847 849/849 850/850
f 848/848 851/851 852/852
f 848/848 852/852 849/849
f 853/853 854/854 855/855
f 853/853 855/855 856/856
f 857/857 858/858 859/859
f 857/857 859/859 860/860
f 858/858 861/861 862/862
f 858/858 862/862 859/859
f 863/863 864/864 865/865
f 863/863 865/865 866/866
f 867/867 868/868 869/869
f 867/867 869/869 870/870
f 868/868 839/839 842/842
f 868/868 842/842 869/869
f 871/871 872/872 873/873
f 871/871 873/873 874/874
f 875/875 876/876 877/877
f 875/875 877/877 878/878
f 879/879 880/880 881/881
f 879/879 881/881 882/882
f 883/883 884/884 885/885
f 883/883 885/885 886/886
f 887/887 888/888 889/889
f 887/887 889/889 890/890
f 891/891 892/892 893/893
f 891/891 893/893 894/894
f 895/895 896/896 897/897
f 895/895 897/897 898/898
f 899/899 900/900 901/901
f 899/899 901/901 902/902
f 903/903 904/904 905/905
f 903/903 905/905 906/906
f 907/907 908/908 909/909
f 907/907 909/909 910/910
f 911/911 912/912 913/913
f 911/911 913/913 914/914
f 915/915 916/916 917/917
f 915/915 917/917 918/918
f 919/919 920/920 921/921
f 919/919 921/921 922/922
f 923/923 924/924 925/925
f 923/923 925/925 926/926
f 927/927 928/928 929/929
f 927/927 929/929 930/930
f 931/931 932/932 933/933
f 931/931 933/933 934/934
f 935/935 936/936 937/937
f 935/935 937/937 938/938
f 939/939 940/940 941/941
f 939/939 941/941 942/942
f 943/943 944/944 945/945
f 943/943 945/945 946/946
f 947/947 948/948 949/949
f 947/947 949/949 950/950
f 951/951 952/952 912/912
f 951/951 912/912 911/911
f 953/953 954/954 916/916
f 953/953 916/916 915/915
f 955/955 956/956 920/920
f 955/955 920/920 919/919
f 957/957 958/958 924/924
f 957/957 924/924 923/923
f 959/959 960/960 928/928
f 959/959 928/928 927/927
f 961/961 962/962 932/932
f 961/961 932/932 931/931
f 963/963 964/964 936/936
f 963/963 936/936 935/935
f 965/965 966/966 940/940
f 965/965 940/940 939/939
f 967/967 968/968 944/944
f 967/967 944/944 943/943
f 969/969 970/970 948/948
f 969/969 948/948 947/947
f 971/971 972/972 952/952
f 971/971 952/952 951/951
f 973/973 974/974 954/954
f 973/973 954/954 953/953
f 975/975 976/976 956/956
f 975/975 956/956 955/955
f 977/977 978/978 958/958
f 977/977 958/958 957/957
f 979/979 980/980 960/960
f 979/979 960/960 959/959
f 981/981 982/982 962/962
f 981/981 962/962 961/961
f 983/983 984/984 964/964
f 983/983 964/964 963/963
f 985/985 986/986 966/966
f 985/985 966/966 965/965
f 987/987 988/988 968/968
f 987/987 968/968 967/967
f 989/989 990/990 970/970
f 989/989 970/970 969/969
f 991/991 992/992 972/972
f 991/991 972/972 971/971
f 993/993 994/994 974/974
f 993/993 974/974 973/973
f 995/995 996/996 976/976
f 995/995 976/976 975/975
f 997/997 998/998 978/978
f 997/997 978/978 977/977
f 999/999 1000/1000 980/980
f 999/999 980/980 979/979
f 1001/1001 1002/1002 982/982
f 1001/1001 982/982 981/981
f 1003/1003 1004/1004 984/984
f 1003/1003 984/984 983/983
f 1005/1005 1006/1006 986/986
f 1005/1005 986/986 985/985
f 1007/1007 1008/1008 988/988
f 1007/1007 988/988 987/987
f 1009/1009 1010/1010 990/990
f 1009/1009 990/990 989/989
f 1011/1011 1012/1012 992/992
f 1011/1011 992/992 991/991
f 1013/1013 1014/1014 994/994
f 1013/1013 994/994 993/993
f 1015/1015 1016/1016 996/996
f 1015/1015 996/996 995/995
f 1017/1017 1018/1018 998/998
f 1017/1017 998/998 997/997
f 1019/1019 1020/1020 1000/1000
f 1019/1019 1000/1000 999/999
f 1021/1021 1022/1022 1002/1002
f 1021/1021 1002/1002 1001/1001
f 1023/1023 1024/1024 1004/1004
f 1023/1023 1004/1004 1003/1003
f 1025/1025 1026/1026 1006/1006
f 1025/1025 1006/1006 1005/1005
f 1027/1027 1028/1028 1008/1008
f 1027/1027 1008/1008 1007/1007
f 1029/1029 1030/1030 1010/1010
f 1029/1029 1010/1010 1009/1009
f 1031/1031 1032/1032 1012/1012
f 1031/1031 1012/1012 1011/1011
f 1033/1033 1034/1034 1014/1014
f 1033/1033 1014/1014 1013/1013
f 1035/1035 1036/1036 1016/1016
f 1035/1035 1016/1016 1015/1015
f 1037/1037 1038/1038 1018/1018
f 1037/1037 1018/1018 1017/1017
f 1039/1039 1040/1040 1020/1020
f 1039/1039 1020/1020 1019/1019
f 1041/1041 1042/1042 1022/1022
f 1041/1041 1022/1022 1021/1021
f 1043/1043 1044/1044 1024/1024
f 1043/1043 1024/1024 1023/1023
f 1045/1045 1046/1046 1026/1026
f 1045/1045 1026/1026 1025/1025
f 1047/1047 1048/1048 1028/1028
f 1047/1047 1028/1028 1027/1027
f 1049/1049 1050/1050 1030/1030
f 1049/1049 1030/1030 1029/1029
f 890/890 889/889 1032/1032
f 890/890 1032/1032 1031/1031
f 886/886 885/885 1034/1034
f 886/886 1034/1034 1033/1033
f 882/882 881/881 1036/1036
f 882/882 1036/1036 1035/1035
f 878/878 877/877 1038/1038
f 878/878 1038/1038 1037/1037
f 874/874 873/873 1040/1040
f 874/874 1040/1040 1039/1039
f 910/910 909/909 1042/1042
f 910/910 1042/1042 1041/1041
f 906/906 905/905 1044/1044
f 906/906 1044/1044 1043/1043
f 902/902 901/901 1046/1046
f 902/902 1046/1046 1045/1045
f 898/898 897/897 1048/1048
f 898/898 1048/1048 1047/1047
f 894/894 893/893 1050/1050
f 894/894 1050/1050 1049/1049
f 1051/1051 1052/1052 1053/1053
f 1051/1051 1053/1053 1054/1054
f 1055/1055 1056/1056 1057/1057
f 1055/1055 1057/1057 1058/1058
f 1059/1059 1060/1060 1061/1061
f 1059/1059 1061/1061 1062/1062
f 1063/1063 1064/1064 1065/1065
f 1063/1063 1065/1065 1066/1066
f 1067/1067 1068/1068 1069/1069
f 1067/1067 1069/1069 1070/1070
f 1071/1071 1072/1072 1073/1073
f 1071/1071 1073/1073 1074/1074
f 1075/1075 1076/1076 1077/1077
f 1075/1075 1077/1077 1078/1078
f 1079/1079 1080/1080 1081/1081
f 1079/1079 1081/1081 1082/1082
f 1083/1083 1084/1084 1085/1085
f 1083/1083 1085/1085 1086/1086
f 1087/1087 1088/1088 1089/1089
f 1087/1087 1089/1089 1090/1090
f 1091/1091 1092/1092 1093/1093
f 1091/1091 1093/1093 1094/1094
f 1095/1095 1096/1096 1097/1097
f 1095/1095 1097/1097 1098/1098
f 1099/1099 1100/1100 1101/1101
f 1099/1099 1101/1101 1102/1102
f 1103/1103 1104/1104 1105/1105
f 1103/1103 1105/1105 1106/1106
f 1107/1107 1108/1108 1109/1109
f 1107/1107 1109/1109 1110/1110
f 1111/1111 1112/1112 1113/1113
f 1111/1111 1113/1113 1114/1114
f 1115/1115 1116/1116 1117/1117
f 1115/1115 1117/1117 1118/1118
f 1119/1119 1120/1120 1121/1121
f 1119/1119 1121/1121 1122/1122
f 1123/1123 1124/1124 1125/1125
f 1123/1123 1125/1125 1126/1126
f 1127/1127 1128/1128 1129/1129
f 1127/1127 1129/1129 1130/1130
f 1131/1131 1132/1132 1133/1133
f 1131/1131 1133/1133 1134/1134
f 1135/1135 1136/1136 1137/1137
f 1135/1135 1137/1137 1138/1138
f 1139/1139 1140/1140 1141/1141
f 1139/1139 1141/1141 1142/1142
f 1143/1143 1144/1144 1145/1145
f 1143/1143 1145/1145 1146/1146
f 1147/1147 1148/1148 1149/1149
f 1147/1147 1149/1149 1150/1150
f 1151/1151 1152/1152 1153/1153
f 1151/1151 1153/1153 1154/1154
f 1155/1155 1156/1156 1157/1157
f 1155/1155 1157/1157 1158/1158
f 1159/1159 1160/1160 1161/1161
f 1159/1159 1161/1161 1162/1162
f 1163/1163 1164/1164 1165/1165
f 1163/1163 1165/1165 1166/1166
f 1167/1167 1168/1168 1169/1169
f 1167/1167 1169/1169 1170/1170
f 1171/1171 1172/1172 1173/1173
f 1171/1171 1173/1173 1174/1174
f 1175/1175 1176/1176 1177/1177
f 1175/1175 1177/1177 1178/1178
f 1179/1179 1180/1180 1181/1181
f 1179/1179 1181/1181 1182/1182
f 1183/1183 1184/1184 1185/1185
f 1183/1183 1185/1185 1186/1186
f 1187/1187 1188/1188 1189/1189
f 1187/1187 1189/1189 1190/1190
f 1191/1191 1192/1192 1193/1193
f 1191/1191 1193/1193 1194/1194
f 1195/1195 1196/1196 1197/1197
f 1195/1195 1197/1197 1198/1198
f 1199/1199 1200/1200 1201/1201
f 1199/1199 1201/1201 1202/1202
f 1203/1203 1204/1204 1205/1205
f 1203/1203 1205/1205 1206/1206
f 1207/1207 1208/1208 1209/1209
f 1207/1207 1209/1209 1210/1210
f 1208/1208 1207/1207 1211/1211
f 1208/1208 1211/1211 1212/1212
f 1204/1204 1203/1203 1213/1213
f 1204/1204 1213/1213 1214/1214
f 1200/1200 1199/1199 1215/1215
f 1200/1200 1215/1215 1216/1216
f 1196/1196 1195/1195 1217/1217
f 1196/1196 1217/1217 1218/1218
f 1192/1192 1191/1191 1219/1219
f 1192/1192 1219/1219 1220/1220
f 1188/1188 1187/1187 1221/1221
f 1188/1188 1221/1221 1222/1222
f 1184/1184 1183/1183 1223/1223
f 1184/1184 1223/1223 1224/1224
f 1180/1180 1179/1179 1225/1225
f 1180/1180 1225/1225 1226/1226
f 1176/1176 1175/1175 1227/1227
f 1176/1176 1227/1227 1228/1228
f 1172/1172 1171/1171 1229/1229
f 1172/1172 1229/1229 1230/1230
f 1231/1231 1232/1232 1233/1233
f 1231/1231 1233/1233 1234/1234
f 1235/1235 1236/1236 1237/1237
f 1235/1235 1237/1237 1238/1238
f 1239/1239 1240/1240 1241/1241
f 1239/1239 1241/1241 1242/1242
f 1243/1243 1244/1244 1245/1245
f 1243/1243 1245/1245 1246/1246
f 1247/1247 1248/1248 1249/1249
f 1247/1247 1249/1249 1250/1250
f 1251/1251 1252/1252 1253/1253
f 1251/1251 1253/1253 1254/1254
f 1255/1255 1256/1256 1257/1257
f 1255/1255 1257/1257 1258/1258
f 1259/1259 1260/1260 1261/1261
f 1259/1259 1261/1261 1262/1262
f 1263/1263 1264/1264 1265/1265
f 1263/1263 1265/1265 1266/1266
f 1267/1267 1268/1268 1269/1269
f 1267/1267 1269/1269 1270/1270
f 1271/1271 1272/1272 1273/1273
f 1271/1271 1273/1273 1274/1274
f 1272/1272 1271/1271 1275/1275
f 1272/1272 1275/1275 1276/1276
f 1277/1277 1278/1278 1279/1279
f 1277/1277 1279/1279 1280/1280
f 1278/1278 1277/1277 1281/1281
f 1278/1278 1281/1281 1282/1282
f 1283/1283 1284/1284 1285/1285
f 1283/1283 1285/1285 1286/1286
f 1284/1284 1283/1283 1287/1287
f 1284/1284 1287/1287 1288/1288
f 1289/1289 1290/1290 1291/1291
f 1289/1289 1291/1291 1292/1292
f 1293/1293 1294/1294 1295/1295
f 1293/1293 1295/1295 1296/1296
f 1297/1297 1298/1298 1299/1299
f 1297/1297 1299/1299 1300/1300
f 1298/1298 1297/1297 1301/1301
f 1298/1298 1301/1301 1302/1302
f 1303/1303 1304/1304 1305/1305
f 1303/1303 1305/1305 1306/1306
f 1307/1307 1308/1308 1309/1309
f 1307/1307 1309/1309 1310/1310
f 1311/1311 1312/1312 1313/1313
f 1311/1311 1313/1313 1314/1314
f 1315/1315 1316/1316 1317/1317
f 1315/1315 1317/1317 1318/1318
f 1319/1319 1320/1320 1321/1321
f 1319/1319 1321/1321 1322/1322
f 1323/1323 1324/1324 1325/1325
f 1323/1323 1325/1325 1326/1326
f 1327/1327 1328/1328 1329/1329
f 1327/1327 1329/1329 1330/1330
f 1331/1331 1332/1332 1333/1333
f 1331/1331 1333/1333 1334/1334
f 1335/1335 1336/1336 1337/1337
f 1335/1335 1337/1337 1338/1338
f 1339/1339 1340/1340 1341/1341
f 1339/1339 1341/1341 1342/1342
f 1343/1343 1344/1344 1345/1345
f 1343/1343 1345/1345 1346/1346
f 1347/1347 1348/1348 1349/1349
f 1347/1347 1349/1349 1350/1350
f 1252/1252 1235/1235 1238/1238
f 1252/1252 1238/1238 1253/1253
f 1271/1271 1278/1278 1282/1282
f 1271/1271 1282/1282 1275/1275
f 1277/1277 1284/1284 1288/1288
f 1277/1277 1288/1288 1281/1281
f 1260/1260 1251/1251 1254/1254
f 1260/1260 1254/1254 1261/1261
f 1244/1244 1259/1259 1262/1262
f 1244/1244 1262/1262 1245/1245
f 1283/1283 1298/1298 1302/1302
f 1283/1283 1302/1302 1287/1287
f 1236/1236 1243/1243 1246/1246
f 1236/1236 1246/1246 1237/1237
f 1297/1297 1272/1272 1276/1276
f 1297/1297 1276/1276 1301/1301
f 1272/1272 1297/1297 1300/1300
f 1272/1272 1300/1300 1273/1273
f 1298/1298 1283/1283 1286/1286
f 1298/1298 1286/1286 1299/1299
f 1284/1284 1277/1277 1280/1280
f 1284/1284 1280/1280 1285/1285
f 1278/1278 1271/1271 1274/1274
f 1278/1278 1274/1274 1279/1279
f 1351/1351 1352/1352 1353/1353
f 1351/1351 1353/1353 1354/1354
f 1355/1355 1356/1356 1357/1357
f 1355/1355 1357/1357 1358/1358
f 1359/1359 1360/1360 1361/1361
f 1359/1359 1361/1361 1362/1362
f 1363/1363 1364/1364 1365/1365
f 1363/1363 1365/1365 1366/1366
f 1367/1367 1368/1368 1369/1369
f 1367/1367 1369/1369 1370/1370
f 1371/1371 1372/1372 1373/1373
f 1371/1371 1373/1373 1374/1374
f 1375/1375 1376/1376 1377/1377
f 1375/1375 1377/1377 1378/1378
f 1379/1379 1380/1380 1381/1381
f 1379/1379 1381/1381 1382/1382
f 1383/1383 1384/1384 1385/1385
f 1383/1383 1385/1385 1386/1386
f 1387/1387 1388/1388 1389/1389
f 1387/1387 1389/1389 1390/1390
f 1391/1391 1392/1392 1393/1393
f 1391/1391 1393/1393 1394/1394
f 1395/1395 1396/1396 1397/1397
f 1395/1395 1397/1397 1398/1398
f 1399/1399 1400/1400 1401/1401
f 1399/1399 1401/1401 1402/1402
f 1403/1403 1404/1404 1405/1405
f 1403/1403 1405/1405 1406/1406
f 1404/1404 1403/1403 1407/1407
f 1404/1404 1407/1407 1408/1408
f 1400/1400 1399/1399 1409/1409
f 1400/1400 1409/1409 1410/1410
f 1396/1396 1395/1395 1411/1411
f 1396/1396 1411/1411 1412/1412
f 1392/1392 1391/1391 1413/1413
f 1392/1392 1413/1413 1414/1414
f 1388/1388 1387/1387 1415/1415
f 1388/1388 1415/1415 1416/1416
f 1384/1384 1383/1383 1417/1417
f 1384/1384 1417/1417 1418/1418
f 1380/1380 1379/1379 1419/1419
f 1380/1380 1419/1419 1420/1420
f 1376/1376 1375/1375 1421/1421
f 1376/1376 1421/1421 1422/1422
f 1372/1372 1371/1371 1423/1423
f 1372/1372 1423/1423 1424/1424
f 1368/1368 1367/1367 1425/1425
f 1368/1368 1425/1425 1426/1426
f 1410/1410 1409/1409 1427/1427
f 1410/1410 1427/1427 1428/1428
f 1408/1408 1407/1407 1429/1429
f 1408/1408 1429/1429 1430/1430
f 1426/1426 1425/1425 1431/1431
f 1426/1426 1431/1431 1432/1432
f 1424/1424 1423/1423 1433/1433
f 1424/1424 1433/1433 1434/1434
f 1422/1422 1421/1421 1435/1435
f 1422/1422 1435/1435 1436/1436
f 1420/1420 1419/1419 1437/1437
f 1420/1420 1437/1437 1438/1438
f 1418/1418 1417/1417 1439/1439
f 1418/1418 1439/1439 1440/1440
f 1416/1416 1415/1415 1441/1441
f 1416/1416 1441/1441 1442/1442
f 1414/1414 1413/1413 1443/1443
f 1414/1414 1443/1443 1444/1444
f 1412/1412 1411/1411 1445/1445
f 1412/1412 1445/1445 1446/1446
f 1454/1454 1452/1452 1453/1453
f 1452/1452 1454/1454 1455/1455
f 1452/1452 1455/1455 1451/1451
f 1451/1451 1455/1455 1456/1456
f 1451/1451 1456/1456 1450/1450
f 1450/1450 1456/1456 1447/1447
f 1450/1450 1447/1447 1449/1449
f 1449/1449 1447/1447 1448/1448
f 1462/1462 1460/1460 1461/1461
f 1460/1460 1462/1462 1463/1463
f 1460/1460 1463/1463 1459/1459
f 1459/1459 1463/1463 1464/1464
f 1459/1459 1464/1464 1458/1458
f 1458/1458 1464/1464 1457/1457
f 1457/1457 1464/1464 1465/1465
f 1457/1457 1465/1465 1466/1466
f 1470/1470 1468/1468 1469/1469
f 1468/1468 1470/1470 1467/1467
f 1467/1467 1470/1470 1471/1471
f 1467/1467 1471/1471 1474/1474
f 1474/1474 1471/1471 1472/1472
f 1474/1474 1472/1472 1473/1473
f 1482/1482 1480/1480 1481/1481
f 1480/1480 1482/1482 1479/1479
f 1479/1479 1482/1482 1475/1475
f 1479/1479 1475/1475 1478/1478
f 1478/1478 1475/1475 1476/1476
f 1478/1478 1476/1476 1477/1477
f 1486/1486 1484/1484 1485/1485
f 1484/1484 1486/1486 1483/1483
f 1483/1483 1486/1486 1487/1487
f 1483/1483 1487/1487 1492/1492
f 1492/1492 1487/1487 1488/1488
f 1492/1492 1488/1488 1491/1491
f 1491/1491 1488/1488 1489/1489
f 1491/1491 1489/1489 1490/1490
f 1493/1493 1494/1494 1495/1495
f 1493/1493 1495/1495 1496/1496
f 1497/1497 1498/1498 1499/1499
f 1497/1497 1499/1499 1500/1500
f 1501/1501 1502/1502 1503/1503
f 1501/1501 1503/1503 1504/1504
f 1505/1505 1506/1506 1507/1507
f 1505/1505 1507/1507 1508/1508
f 1509/1509 1510/1510 1511/1511
f 1509/1509 1511/1511 1512/1512
f 1513/1513 1514/1514 1515/1515
f 1513/1513 1515/1515 1516/1516
f 1517/1517 1518/1518 1519/1519
f 1517/1517 1519/1519 1520/1520
f 1521/1521 1522/1522 1523/1523
f 1521/1521 1523/1523 1524/1524
f 1525/1525 1526/1526 1527/1527
f 1525/1525 1527/1527 1528/1528
f 1529/1529 1530/1530 1531/1531
f 1529/1529 1531/1531 1532/1532
f 1533/1533 1534/1534 1535/1535
f 1533/1533 1535/1535 1536/1536
f 1537/1537 1538/1538 1539/1539
f 1537/1537 1539/1539 1540/1540
f 1541/1541 1542/1542 1543/1543
f 1541/1541 1543/1543 1544/1544
f 1545/1545 1546/1546 1547/1547
f 1545/1545 1547/1547 1548/1548
f 1549/1549 1550/1550 1551/1551
f 1549/1549 1551/1551 1552/1552
f 1553/1553 1554/1554 1555/1555
f 1553/1553 1555/1555 1556/1556
f 1557/1557 1558/1558 1559/1559
f 1557/1557 1559/1559 1560/1560
f 1561/1561 1562/1562 1563/1563
f 1561/1561 1563/1563 1564/1564
f 1565/1565 1566/1566 1550/1550
f 1565/1565 1550/1550 1549/1549
f 1567/1567 1568/1568 1554/1554
f 1567/1567 1554/1554 1553/1553
f 1560/1560 1559/1559 1569/1569
f 1560/1560 1569/1569 1570/1570
f 1571/1571 1572/1572 1562/1562
f 1571/1571 1562/1562 1561/1561
f 1573/1573 1574/1574 1566/1566
f 1573/1573 1566/1566 1565/1565
f 1575/1575 1576/1576 1568/1568
f 1575/1575 1568/1568 1567/1567
f 1570/1570 1569/1569 1577/1577
f 1570/1570 1577/1577 1578/1578
f 1579/1579 1580/1580 1572/1572
f 1579/1579 1572/1572 1571/1571
f 1581/1581 1582/1582 1574/1574
f 1581/1581 1574/1574 1573/1573
f 1583/1583 1584/1584 1576/1576
f 1583/1583 1576/1576 1575/1575
f 1578/1578 1577/1577 1585/1585
f 1578/1578 1585/1585 1586/1586
f 1587/1587 1588/1588 1580/1580
f 1587/1587 1580/1580 1579/1579
f 1528/1528 1527/1527 1582/1582
f 1528/1528 1582/1582 1581/1581
f 1548/1548 1547/1547 1584/1584
f 1548/1548 1584/1584 1583/1583
f 1586/1586 1585/1585 1534/1534
f 1586/1586 1534/1534 1533/1533
f 1544/1544 1543/1543 1588/1588
f 1544/1544 1588/1588 1587/1587
f 1589/1589 1590/1590 1591/1591
f 1589/1589 1591/1591 1592/1592
f 1593/1593 1594/1594 1595/1595
f 1593/1593 1595/1595 1596/1596
f 1597/1597 1598/1598 1599/1599
f 1597/1597 1599/1599 1600/1600
f 1601/1601 1602/1602 1603/1603
f 1601/1601 1603/1603 1604/1604
f 1605/1605 1606/1606 1607/1607
f 1605/1605 1607/1607 1608/1608
f 1609/1609 1610/1610 1611/1611
f 1609/1609 1611/1611 1612/1612
f 1613/1613 1614/1614 1615/1615
f 1613/1613 1615/1615 1616/1616
f 1617/1617 1618/1618 1619/1619
f 1617/1617 1619/1619 1620/1620
f 1621/1621 1622/1622 1623/1623
f 1621/1621 1623/1623 1624/1624
f 1625/1625 1626/1626 1627/1627
f 1625/1625 1627/1627 1628/1628
f 1629/1629 1630/1630 1631/1631
f 1629/1629 1631/1631 1632/1632
f 1633/1633 1634/1634 1635/1635
f 1633/1633 1635/1635 1636/1636
f 1637/1637 1638/1638 1639/1639
f 1637/1637 1639/1639 1640/1640
f 1628/1628 1627/1627 1641/1641
f 1628/1628 1641/1641 1642/1642
f 1643/1643 1637/1637 1640/1640
f 1643/1643 1640/1640 1644/1644
f 1645/1645 1646/1646 1647/1647
f 1645/1645 1647/1647 1648/1648
f 1635/1635 1634/1634 1649/1649
f 1635/1635 1649/1649 1650/1650
f 1634/1634 1651/1651 1652/1652
f 1634/1634 1652/1652 1649/1649
f 1651/1651 1653/1653 1654/1654
f 1651/1651 1654/1654 1652/1652
f 1653/1653 1635/1635 1650/1650
f 1653/1653 1650/1650 1654/1654
f 1655/1655 1656/1656 1657/1657
f 1655/1655 1657/1657 1658/1658
f 1659/1659 1660/1660 1661/1661
f 1659/1659 1661/1661 1662/1662
f 1663/1663 1664/1664 1665/1665
f 1663/1663 1665/1665 1666/1666
f 1667/1667 1668/1668 1669/1669
f 1667/1667 1669/1669 1670/1670
f 1671/1671 1672/1672 1673/1673
f 1671/1671 1673/1673 1674/1674
f 1675/1675 1676/1676 1677/1677
f 1675/1675 1677/1677 1678/1678
f 1679/1679 1680/1680 1681/1681
f 1679/1679 1681/1681 1682/1682
f 1683/1683 1684/1684 1685/1685
f 1683/1683 1685/1685 1686/1686
f 1687/1687 1688/1688 1689/1689
f 1687/1687 1689/1689 1690/1690
f 1691/1691 1692/1692 1693/1693
f 1691/1691 1693/1693 1694/1694
f 1695/1695 1696/1696 1697/1697
f 1695/1695 1697/1697 1698/1698
f 1699/1699 1700/1700 1701/1701
f 1699/1699 1701/1701 1702/1702
f 1703/1703 1704/1704 1705/1705
f 1703/1703 1705/1705 1706/1706
f 1707/1707 1708/1708 1709/1709
f 1707/1707 1709/1709 1710/1710
f 1711/1711 1712/1712 1713/1713
f 1711/1711 1713/1713 1714/1714
f 1715/1715 1716/1716 1717/1717
f 1715/1715 1717/1717 1718/1718
f 1719/1719 1720/1720 1721/1721
f 1719/1719 1721/1721 1722/1722
f 1723/1723 1724/1724 1725/1725
f 1723/1723 1725/1725 1726/1726
f 1727/1727 1728/1728 1729/1729
f 1727/1727 1729/1729 1730/1730
f 1731/1731 1732/1732 1733/1733
f 1731/1731 1733/1733 1734/1734
f 1735/1735 1736/1736 1737/1737
f 1735/1735 1737/1737 1738/1738
f 1739/1739 1740/1740 1741/1741
f 1739/1739 1741/1741 1742/1742
f 1743/1743 1744/1744 1745/1745
f 1743/1743 1745/1745 1746/1746
f 1747/1747 1748/1748 1749/1749
f 1747/1747 1749/1749 1750/1750
f 1751/1751 1752/1752 1753/1753
f 1751/1751 1753/1753 1754/1754
f 1755/1755 1756/1756 1757/1757
f 1755/1755 1757/1757 1758/1758
f 1759/1759 1760/1760 1761/1761
f 1759/1759 1761/1761 1762/1762
f 1763/1763 1764/1764 1765/1765
f 1763/1763 1765/1765 1766/1766
f 1767/1767 1768/1768 1769/1769
f 1767/1767 1769/1769 1770/1770
f 1771/1771 1772/1772 1773/1773
f 1771/1771 1773/1773 1774/1774
f 1775/1775 1776/1776 1777/1777
f 1775/1775 1777/1777 1778/1778
f 1779/1779 1780/1780 1781/1781
f 1779/1779 1781/1781 1782/1782
f 1783/1783 1784/1784 1785/1785
f 1783/1783 1785/1785 1786/1786
f 1787/1787 1788/1788 1789/1789
f 1787/1787 1789/1789 1790/1790
f 1791/1791 1792/1792 1793/1793
f 1791/1791 1793/1793 1794/1794
f 1795/1795 1796/1796 1797/1797
f 1795/1795 1797/1797 1798/1798
f 1800/1800 1806/1806 1799/1799
f 1806/1806 1800/1800 1805/1805
f 1805/1805 1800/1800 1801/1801
f 1805/1805 1801/1801 1804/1804
f 1804/1804 1801/1801 1802/1802
f 1804/1804 1802/1802 1803/1803
f 1812/1812 1810/1810 1811/1811
f 1810/1810 1812/1812 1809/1809
f 1809/1809 1812/1812 1813/1813
f 1809/1809 1813/1813 1808/1808
f 1808/1808 1813/1813 1814/1814
f 1808/1808 1814/1814 1807/1807
f 1819/1819 1817/1817 1818/1818
f 1817/1817 1819/1819 1820/1820
f 1817/1817 1820/1820 1816/1816
f 1816/1816 1820/1820 1821/1821
f 1816/1816 1821/1821 1815/1815
f 1815/1815 1821/1821 1822/1822
f 1827/1827 1825/1825 1826/1826
f 1825/1825 1827/1827 1828/1828
f 1825/1825 1828/1828 1824/1824
f 1824/1824 1828/1828 1829/1829
f 1824/1824 1829/1829 1823/1823
f 1823/1823 1829/1829 1830/1830
f 1835/1835 1833/1833 1834/1834
f 1833/1833 1835/1835 1836/1836
f 1833/1833 1836/1836 1832/1832
f 1832/1832 1836/1836 1837/1837
f 1832/1832 1837/1837 1831/1831
f 1831/1831 1837/1837 1838/1838
f 1844/1844 1842/1842 1843/1843
f 1842/1842 1844/1844 1841/1841
f 1841/1841 1844/1844 1845/1845
f 1841/1841 1845/1845 1840/1840
f 1840/1840 1845/1845 1846/1846
f 1840/1840 1846/1846 1839/1839
f 1847/1847 1848/1848 1849/1849
f 1847/1847 1849/1849 1850/1850
f 1851/1851 1852/1852 1853/1853
f 1851/1851 1853/1853 1854/1854
f 1855/1855 1856/1856 1857/1857
f 1855/1855 1857/1857 1858/1858
f 1859/1859 1860/1860 1861/1861
f 1859/1859 1861/1861 1862/1862
f 1863/1863 1864/1864 1865/1865
f 1863/1863 1865/1865 1866/1866
f 1867/1867 1868/1868 1869/1869
f 1867/1867 1869/1869 1870/1870
f 1871/1871 1872/1872 1873/1873
f 1871/1871 1873/1873 1874/1874
f 1875/1875 1876/1876 1877/1877
f 1875/1875 1877/1877 1878/1878
f 1879/1879 1880/1880 1881/1881
f 1879/1879 1881/1881 1882/1882
f 1883/1883 1884/1884 1885/1885
f 1883/1883 1885/1885 1886/1886
f 1887/1887 1888/1888 1889/1889
f 1887/1887 1889/1889 1890/1890
f 1891/1891 1892/1892 1893/1893
f 1891/1891 1893/1893 1894/1894
f 1895/1895 1896/1896 1897/1897
f 1895/1895 1897/1897 1898/1898
f 1899/1899 1900/1900 1901/1901
f 1899/1899 1901/1901 1902/1902
f 1903/1903 1904/1904 1905/1905
f 1903/1903 1905/1905 1906/1906
f 1907/1907 1908/1908 1909/1909
f 1907/1907 1909/1909 1910/1910
f 1911/1911 1912/1912 1913/1913
f 1911/1911 1913/1913 1914/1914
f 1915/1915 1916/1916 1917/1917
f 1915/1915 1917/1917 1918/1918
f 1919/1919 1920/1920 1921/1921
f 1919/1919 1921/1921 1922/1922
f 1923/1923 1924/1924 1925/1925
f 1923/1923 1925/1925 1926/1926
f 1927/1927 1928/1928 1929/1929
f 1927/1927 1929/1929 1930/1930
f 1931/1931 1932/1932 1933/1933
f 1931/1931 1933/1933 1934/1934
f 1935/1935 1936/1936 1937/1937
f 1935/1935 1937/1937 1938/1938
f 1939/1939 1940/1940 1941/1941
f 1939/1939 1941/1941 1942/1942
f 1943/1943 1944/1944 1945/1945
f 1943/1943 1945/1945 1946/1946
f 1947/1947 1948/1948 1949/1949
f 1947/1947 1949/1949 1950/1950
f 1951/1951 1952/1952 1953/1953
f 1951/1951 1953/1953 1954/1954
f 1955/1955 1956/1956 1957/1957
f 1955/1955 1957/1957 1958/1958
f 1959/1959 1960/1960 1961/1961
f 1959/1959 1961/1961 1962/1962
f 1963/1963 1964/1964 1965/1965
f 1963/1963 1965/1965 1966/1966
f 1967/1967 1968/1968 1969/1969
f 1967/1967 1969/1969 1970/1970
f 1971/1971 1972/1972 1973/1973
f 1971/1971 1973/1973 1974/1974
f 1975/1975 1976/1976 1977/1977
f 1975/1975 1977/1977 1978/1978
f 1979/1979 1980/1980 1981/1981
f 1979/1979 1981/1981 1982/1982
f 1983/1983 1984/1984 1985/1985
f 1983/1983 1985/1985 1986/1986
f 1987/1987 1988/1988 1989/1989
f 1987/1987 1989/1989 1990/1990
f 1991/1991 1992/1992 1993/1993
f 1991/1991 1993/1993 1994/1994
f 1995/1995 1996/1996 1997/1997
f 1995/1995 1997/1997 1998/1998
f 1999/1999 2000/2000 2001/2001
f 1999/1999 2001/2001 2002/2002
f 2003/2003 2004/2004 2005/2005
f 2003/2003 2005/2005 2006/2006
f 2007/2007 2008/2008 2009/2009
f 2007/2007 2009/2009 2010/2010
f 2011/2011 2012/2012 2013/2013
f 2011/2011 2013/2013 2014/2014
f 2015/2015 2016/2016 2017/2017
f 2015/2015 2017/2017 2018/2018
f 2019/2019 2020/2020 2021/2021
f 2019/2019 2021/2021 2022/2022
f 2023/2023 2024/2024 2025/2025
f 2023/2023 2025/2025 2026/2026
f 2027/2027 2028/2028 2029/2029
f 2027/2027 2029/2029 2030/2030
f 2031/2031 2032/2032 2033/2033
f 2031/2031 2033/2033 2034/2034
f 2035/2035 2036/2036 2037/2037
f 2035/2035 2037/2037 2038/2038
f 2039/2039 2040/2040 2041/2041
f 2039/2039 2041/2041 2042/2042
f 2043/2043 2044/2044 2045/2045
f 2043/2043 2045/2045 2046/2046
f 2047/2047 2048/2048 2049/2049
f 2047/2047 2049/2049 2050/2050
f 2051/2051 2052/2052 2053/2053
f 2051/2051 2053/2053 2054/2054
f 2055/2055 2056/2056 2057/2057
f 2055/2055 2057/2057 2058/2058
f 2059/2059 2060/2060 2061/2061
f 2059/2059 2061/2061 2062/2062
f 2063/2063 2064/2064 2065/2065
f 2063/2063 2065/2065 2066/2066
f 2067/2067 2068/2068 2069/2069
f 2067/2067 2069/2069 2070/2070
f 2071/2071 2072/2072 2073/2073
f 2071/2071 2073/2073 2074/2074
f 2075/2075 2076/2076 2077/2077
f 2075/2075 2077/2077 2078/2078
f 2079/2079 2080/2080 2081/2081
f 2079/2079 2081/2081 2082/2082
f 2083/2083 2084/2084 2085/2085
f 2083/2083 2085/2085 2086/2086
f 2087/2087 2088/2088 2089/2089
f 2087/2087 2089/2089 2090/2090
f 2091/2091 2092/2092 2093/2093
f 2091/2091 2093/2093 2094/2094
f 2095/2095 2096/2096 2097/2097
f 2095/2095 2097/2097 2098/2098
f 2099/2099 2100/2100 2101/2101
f 2099/2099 2101/2101 2102/2102
f 2103/2103 2104/2104 2105/2105
f 2103/2103 2105/2105 2106/2106
f 2107/2107 2108/2108 2109/2109
f 2107/2107 2109/2109 2110/2110
f 2111/2111 2112/2112 2113/2113
f 2111/2111 2113/2113 2114/2114
f 2115/2115 2116/2116 2117/2117
f 2115/2115 2117/2117 2118/2118
f 2119/2119 2120/2120 2121/2121
f 2119/2119 2121/2121 2122/2122
f 2123/2123 2124/2124 2125/2125
f 2123/2123 2125/2125 2126/2126
f 2127/2127 2128/2128 2129/2129
f 2127/2127 2129/2129 2130/2130
f 2131/2131 2132/2132 2133/2133
f 2131/2131 2133/2133 2134/2134
f 2135/2135 2136/2136 2137/2137
f 2135/2135 2137/2137 2138/2138
f 2139/2139 2140/2140 2141/2141
f 2139/2139 2141/2141 2142/2142
f 2143/2143 2144/2144 2145/2145
f 2143/2143 2145/2145 2146/2146
f 2147/2147 2148/2148 2149/2149
f 2147/2147 2149/2149 2150/2150
f 2151/2151 2152/2152 2153/2153
f 2151/2151 2153/2153 2154/2154
f 2155/2155 2156/2156 2157/2157
f 2155/2155 2157/2157 2158/2158
f 2159/2159 2160/2160 2161/2161
f 2159/2159 2161/2161 2162/2162
f 2163/2163 2164/2164 2165/2165
f 2163/2163 2165/2165 2166/2166
f 2167/2167 2168/2168 2169/2169
f 2167/2167 2169/2169 2170/2170
f 2171/2171 2172/2172 2173/2173
f 2171/2171 2173/2173 2174/2174
f 2175/2175 2176/2176 2177/2177
f 2175/2175 2177/2177 2178/2178
f 2179/2179 2180/2180 2181/2181
f 2179/2179 2181/2181 2182/2182
f 2183/2183 2184/2184 2185/2185
f 2183/2183 2185/2185 2186/2186
f 2187/2187 2188/2188 2189/2189
f 2187/2187 2189/2189 2190/2190
f 2191/2191 2192/2192 2193/2193
f 2191/2191 2193/2193 2194/2194
f 2195/2195 2196/2196 2197/2197
f 2195/2195 2197/2197 2198/2198
f 2199/2199 2200/2200 2201/2201
f 2199/2199 2201/2201 2202/2202
f 2203/2203 2204/2204 2205/2205
f 2203/2203 2205/2205 2206/2206
f 2207/2207 2208/2208 2209/2209
f 2207/2207 2209/2209 2210/2210
f 2211/2211 2212/2212 2213/2213
f 2211/2211 2213/2213 2214/2214
f 2215/2215 2216/2216 2217/2217
f 2215/2215 2217/2217 2218/2218
f 2214/2214 2213/2213 2219/2219
f 2214/2214 2219/2219 2220/2220
f 2210/2210 2209/2209 2221/2221
f 2210/2210 2221/2221 2222/2222
f 2206/2206 2205/2205 2223/2223
f 2206/2206 2223/2223 2224/2224
f 2218/2218 2217/2217 2225/2225
f 2218/2218 2225/2225 2226/2226
f 2235/2235 2233/2233 2234/2234
f 2233/2233 2235/2235 2232/2232
f 2232/2232 2235/2235 2236/2236
f 2232/2232 2236/2236 2231/2231
f 2231/2231 2236/2236 2227/2227
f 2231/2231 2227/2227 2230/2230
f 2230/2230 2227/2227 2228/2228
f 2230/2230 2228/2228 2229/2229
f 2241/2241 2239/2239 2240/2240
f 2239/2239 2241/2241 2242/2242
f 2239/2239 2242/2242 2238/2238
f 2238/2238 2242/2242 2243/2243
f 2238/2238 2243/2243 2237/2237
f 2237/2237 2243/2243 2244/2244
f 2237/2237 2244/2244 2246/2246
f 2246/2246 2244/2244 2245/2245
f 2247/2247 2248/2248 2249/2249
f 2247/2247 2249/2249 2250/2250
f 2251/2251 2252/2252 2253/2253
f 2251/2251 2253/2253 2254/2254
f 2255/2255 2256/2256 2257/2257
f 2255/2255 2257/2257 2258/2258
f 2259/2259 2260/2260 2261/2261
f 2259/2259 2261/2261 2262/2262
f 2263/2263 2264/2264 2265/2265
f 2263/2263 2265/2265 2266/2266
f 2267/2267 2268/2268 2269/2269
f 2267/2267 2269/2269 2270/2270
f 2271/2271 2272/2272 2273/2273
f 2271/2271 2273/2273 2274/2274
f 2275/2275 2276/2276 2277/2277
f 2275/2275 2277/2277 2278/2278
f 2279/2279 2280/2280 2281/2281
f 2279/2279 2281/2281 2282/2282
f 2283/2283 2284/2284 2285/2285
f 2283/2283 2285/2285 2286/2286
f 2287/2287 2288/2288 2289/2289
f 2287/2287 2289/2289 2290/2290
f 2291/2291 2292/2292 2293/2293
f 2291/2291 2293/2293 2294/2294
f 2282/2282 2281/2281 2295/2295
f 2282/2282 2295/2295 2296/2296
f 2286/2286 2285/2285 2297/2297
f 2286/2286 2297/2297 2298/2298
f 2290/2290 2289/2289 2299/2299
f 2290/2290 2299/2299 2300/2300
f 2294/2294 2293/2293 2301/2301
f 2294/2294 2301/2301 2302/2302
f 2296/2296 2295/2295 2303/2303
f 2296/2296 2303/2303 2304/2304
f 2305/2305 2306/2306 2307/2307
f 2305/2305 2307/2307 2308/2308
f 2309/2309 2310/2310 2311/2311
f 2309/2309 2311/2311 2312/2312
f 2302/2302 2301/2301 2313/2313
f 2302/2302 2313/2313 2314/2314
f 2315/2315 2316/2316 2317/2317
f 2315/2315 2317/2317 2318/2318
f 2308/2308 2307/2307 2319/2319
f 2308/2308 2319/2319 2320/2320
f 2312/2312 2311/2311 2321/2321
f 2312/2312 2321/2321 2322/2322
f 2323/2323 2324/2324 2325/2325
f 2323/2323 2325/2325 2326/2326
f 2318/2318 2317/2317 2327/2327
f 2318/2318 2327/2327 2328/2328
f 2320/2320 2319/2319 2329/2329
f 2320/2320 2329/2329 2330/2330
f 2322/2322 2321/2321 2331/2331
f 2322/2322 2331/2331 2332/2332
f 2326/2326 2325/2325 2333/2333
f 2326/2326 2333/2333 2334/2334
f 2335/2335 2336/2336 2337/2337
f 2335/2335 2337/2337 2338/2338
f 2339/2339 2340/2340 2341/2341
f 2339/2339 2341/2341 2342/2342
f 2343/2343 2344/2344 2345/2345
f 2343/2343 2345/2345 2346/2346
f 2347/2347 2348/2348 2349/2349
f 2347/2347 2349/2349 2350/2350
f 2351/2351 2259/2259 2262/2262
f 2351/2351 2262/2262 2352/2352
f 2260/2260 2275/2275 2278/2278
f 2260/2260 2278/2278 2261/2261
f 2276/2276 2267/2267 2270/2270
f 2276/2276 2270/2270 2277/2277
f 2268/2268 2251/2251 2254/2254
f 2268/2268 2254/2254 2269/2269
f 2353/2353 2354/2354 2355/2355
f 2353/2353 2355/2355 2356/2356
f 2357/2357 2358/2358 2359/2359
f 2357/2357 2359/2359 2360/2360
f 2361/2361 2362/2362 2363/2363
f 2361/2361 2363/2363 2364/2364
f 2365/2365 2366/2366 2367/2367
f 2365/2365 2367/2367 2368/2368
f 2356/2356 2355/2355 2369/2369
f 2356/2356 2369/2369 2370/2370
f 2360/2360 2359/2359 2371/2371
f 2360/2360 2371/2371 2372/2372
f 2364/2364 2363/2363 2373/2373
f 2364/2364 2373/2373 2374/2374
f 2368/2368 2367/2367 2375/2375
f 2368/2368 2375/2375 2376/2376
f 2370/2370 2369/2369 2377/2377
f 2370/2370 2377/2377 2378/2378
f 2379/2379 2380/2380 2381/2381
f 2379/2379 2381/2381 2382/2382
f 2374/2374 2373/2373 2383/2383
f 2374/2374 2383/2383 2384/2384
f 2385/2385 2386/2386 2387/2387
f 2385/2385 2387/2387 2388/2388
f 2378/2378 2377/2377 2389/2389
f 2378/2378 2389/2389 2390/2390
f 2391/2391 2392/2392 2393/2393
f 2391/2391 2393/2393 2394/2394
f 2384/2384 2383/2383 2395/2395
f 2384/2384 2395/2395 2396/2396
f 2397/2397 2398/2398 2399/2399
f 2397/2397 2399/2399 2400/2400
f 2390/2390 2389/2389 2401/2401
f 2390/2390 2401/2401 2402/2402
f 2394/2394 2393/2393 2403/2403
f 2394/2394 2403/2403 2404/2404
f 2396/2396 2395/2395 2405/2405
f 2396/2396 2405/2405 2406/2406
f 2400/2400 2399/2399 2407/2407
f 2400/2400 2407/2407 2408/2408
f 2409/2409 2410/2410 2411/2411
f 2409/2409 2411/2411 2412/2412
f 2413/2413 2414/2414 2415/2415
f 2413/2413 2415/2415 2416/2416
f 2417/2417 2418/2418 2419/2419
f 2417/2417 2419/2419 2420/2420
f 2421/2421 2422/2422 2423/2423
f 2421/2421 2423/2423 2424/2424
f 2425/2425 2426/2426 2427/2427
f 2425/2425 2427/2427 2428/2428
f 2429/2429 2430/2430 2422/2422
f 2429/2429 2422/2422 2421/2421
f 2431/2431 2425/2425 2428/2428
f 2431/2431 2428/2428 2432/2432
f 2412/2412 2411/2411 2430/2430
f 2412/2412 2430/2430 2429/2429
f 2433/2433 2434/2434 2435/2435
f 2433/2433 2435/2435 2436/2436
f 2434/2434 2437/2437 2438/2438
f 2434/2434 2438/2438 2435/2435
f 2437/2437 2439/2439 2440/2440
f 2437/2437 2440/2440 2438/2438
f 2439/2439 2441/2441 2442/2442
f 2439/2439 2442/2442 2440/2440
f 2419/2419 2443/2443 2444/2444
f 2419/2419 2444/2444 2420/2420
f 2445/2445 2410/2410 2409/2409
f 2445/2445 2409/2409 2446/2446
f 2423/2423 2447/2447 2448/2448
f 2423/2423 2448/2448 2424/2424
f 2449/2449 2416/2416 2415/2415
f 2449/2449 2415/2415 2450/2450
f 2451/2451 2452/2452 2453/2453
f 2451/2451 2453/2453 2454/2454
f 2455/2455 2456/2456 2457/2457
f 2455/2455 2457/2457 2458/2458
f 2459/2459 2460/2460 2456/2456
f 2459/2459 2456/2456 2455/2455
f 2454/2454 2453/2453 2460/2460
f 2454/2454 2460/2460 2459/2459
f 2461/2461 2462/2462 2463/2463
f 2461/2461 2463/2463 2464/2464
f 2465/2465 2466/2466 2467/2467
f 2465/2465 2467/2467 2468/2468
f 2469/2469 2470/2470 2471/2471
f 2469/2469 2471/2471 2472/2472
f 2473/2473 2474/2474 2470/2470
f 2473/2473 2470/2470 2469/2469
f 2475/2475 2476/2476 2477/2477
f 2475/2475 2477/2477 2478/2478
f 2476/2476 2479/2479 2480/2480
f 2476/2476 2480/2480 2477/2477
f 2479/2479 2481/2481 2482/2482
f 2479/2479 2482/2482 2480/2480
f 2481/2481 2483/2483 2484/2484
f 2481/2481 2484/2484 2482/2482
f 2451/2451 2485/2485 2486/2486
f 2451/2451 2486/2486 2452/2452
f 2487/2487 2464/2464 2463/2463
f 2487/2487 2463/2463 2488/2488
f 2465/2465 2489/2489 2490/2490
f 2465/2465 2490/2490 2466/2466
f 2491/2491 2458/2458 2457/2457
f 2491/2491 2457/2457 2492/2492
f 2493/2493 2494/2494 2495/2495
f 2493/2493 2495/2495 2496/2496
f 2497/2497 2498/2498 2499/2499
f 2497/2497 2499/2499 2500/2500
f 2501/2501 2502/2502 2503/2503
f 2501/2501 2503/2503 2504/2504
f 2503/2503 2505/2505 2506/2506
f 2503/2503 2506/2506 2504/2504
f 2507/2507 2494/2494 2493/2493
f 2507/2507 2493/2493 2508/2508
f 2495/2495 2509/2509 2510/2510
f 2495/2495 2510/2510 2496/2496
f 2511/2511 2500/2500 2499/2499
f 2511/2511 2499/2499 2512/2512
f 2513/2513 2514/2514 2515/2515
f 2513/2513 2515/2515 2516/2516
f 2517/2517 2518/2518 2519/2519
f 2517/2517 2519/2519 2520/2520
f 2521/2521 2522/2522 2523/2523
f 2521/2521 2523/2523 2524/2524
f 2525/2525 2526/2526 2527/2527
f 2525/2525 2527/2527 2528/2528
f 2529/2529 2530/2530 2531/2531
f 2529/2529 2531/2531 2532/2532
f 2533/2533 2534/2534 2535/2535
f 2533/2533 2535/2535 2536/2536
f 2537/2537 2538/2538 2539/2539
f 2537/2537 2539/2539 2540/2540
f 2541/2541 2542/2542 2543/2543
f 2541/2541 2543/2543 2544/2544
f 2545/2545 2546/2546 2547/2547
f 2545/2545 2547/2547 2548/2548
f 2549/2549 2550/2550 2551/2551
f 2549/2549 2551/2551 2552/2552
f 2553/2553 2554/2554 2555/2555
f 2553/2553 2555/2555 2556/2556
f 2557/2557 2558/2558 2559/2559
f 2557/2557 2559/2559 2560/2560
f 2548/2548 2547/2547 2561/2561
f 2548/2548 2561/2561 2562/2562
f 2552/2552 2551/2551 2563/2563
f 2552/2552 2563/2563 2564/2564
f 2556/2556 2555/2555 2565/2565
f 2556/2556 2565/2565 2566/2566
f 2560/2560 2559/2559 2567/2567
f 2560/2560 2567/2567 2568/2568
f 2562/2562 2561/2561 2569/2569
f 2562/2562 2569/2569 2570/2570
f 2571/2571 2572/2572 2573/2573
f 2571/2571 2573/2573 2574/2574
f 2575/2575 2576/2576 2577/2577
f 2575/2575 2577/2577 2578/2578
f 2568/2568 2567/2567 2579/2579
f 2568/2568 2579/2579 2580/2580
f 2581/2581 2582/2582 2583/2583
f 2581/2581 2583/2583 2584/2584
f 2574/2574 2573/2573 2585/2585
f 2574/2574 2585/2585 2586/2586
f 2578/2578 2577/2577 2587/2587
f 2578/2578 2587/2587 2588/2588
f 2589/2589 2590/2590 2591/2591
f 2589/2589 2591/2591 2592/2592
f 2584/2584 2583/2583 2593/2593
f 2584/2584 2593/2593 2594/2594
f 2586/2586 2585/2585 2595/2595
f 2586/2586 2595/2595 2596/2596
f 2588/2588 2587/2587 2597/2597
f 2588/2588 2597/2597 2598/2598
f 2592/2592 2591/2591 2599/2599
f 2592/2592 2599/2599 2600/2600
f 2601/2601 2602/2602 2603/2603
f 2601/2601 2603/2603 2604/2604
f 2605/2605 2606/2606 2607/2607
f 2605/2605 2607/2607 2608/2608
f 2609/2609 2610/2610 2611/2611
f 2609/2609 2611/2611 2612/2612
f 2613/2613 2614/2614 2615/2615
f 2613/2613 2615/2615 2616/2616
f 2617/2617 2525/2525 2528/2528
f 2617/2617 2528/2528 2618/2618
f 2526/2526 2541/2541 2544/2544
f 2526/2526 2544/2544 2527/2527
f 2542/2542 2533/2533 2536/2536
f 2542/2542 2536/2536 2543/2543
f 2534/2534 2517/2517 2520/2520
f 2534/2534 2520/2520 2535/2535
f 2619/2619 2620/2620 2621/2621
f 2619/2619 2621/2621 2622/2622
f 2623/2623 2624/2624 2625/2625
f 2623/2623 2625/2625 2626/2626
f 2627/2627 2628/2628 2629/2629
f 2627/2627 2629/2629 2630/2630
f 2631/2631 2632/2632 2633/2633
f 2631/2631 2633/2633 2634/2634
f 2622/2622 2621/2621 2635/2635
f 2622/2622 2635/2635 2636/2636
f 2626/2626 2625/2625 2637/2637
f 2626/2626 2637/2637 2638/2638
f 2630/2630 2629/2629 2639/2639
f 2630/2630 2639/2639 2640/2640
f 2634/2634 2633/2633 2641/2641
f 2634/2634 2641/2641 2642/2642
f 2636/2636 2635/2635 2643/2643
f 2636/2636 2643/2643 2644/2644
f 2645/2645 2646/2646 2647/2647
f 2645/2645 2647/2647 2648/2648
f 2640/2640 2639/2639 2649/2649
f 2640/2640 2649/2649 2650/2650
f 2651/2651 2652/2652 2653/2653
f 2651/2651 2653/2653 2654/2654
f 2644/2644 2643/2643 2655/2655
f 2644/2644 2655/2655 2656/2656
f 2657/2657 2658/2658 2659/2659
f 2657/2657 2659/2659 2660/2660
f 2650/2650 2649/2649 2661/2661
f 2650/2650 2661/2661 2662/2662
f 2663/2663 2664/2664 2665/2665
f 2663/2663 2665/2665 2666/2666
f 2656/2656 2655/2655 2667/2667
f 2656/2656 2667/2667 2668/2668
f 2660/2660 2659/2659 2669/2669
f 2660/2660 2669/2669 2670/2670
f 2662/2662 2661/2661 2671/2671
f 2662/2662 2671/2671 2672/2672
f 2666/2666 2665/2665 2673/2673
f 2666/2666 2673/2673 2674/2674
f 2682/2682 2680/2680 2681/2681
f 2680/2680 2682/2682 2679/2679
f 2679/2679 2682/2682 2675/2675
f 2679/2679 2675/2675 2678/2678
f 2678/2678 2675/2675 2676/2676
f 2678/2678 2676/2676 2677/2677
f 2683/2683 2431/2431 2432/2432
f 2431/2431 2683/2683 2686/2686
f 2686/2686 2683/2683 2685/2685
f 2685/2685 2683/2683 2684/2684
f 2427/2427 2690/2690 2687/2687
f 2690/2690 2427/2427 2689/2689
f 2689/2689 2427/2427 2688/2688
f 2688/2688 2427/2427 2426/2426
f 2693/2693 2474/2474 2473/2473
f 2474/2474 2693/2693 2692/2692
f 2692/2692 2693/2693 2694/2694
f 2692/2692 2694/2694 2691/2691
f 2697/2697 2695/2695 2696/2696
f 2695/2695 2697/2697 2471/2471
f 2471/2471 2697/2697 2698/2698
f 2471/2471 2698/2698 2472/2472
f 2706/2706 2704/2704 2705/2705
f 2704/2704 2706/2706 2703/2703
f 2703/2703 2706/2706 2699/2699
f 2703/2703 2699/2699 2702/2702
f 2702/2702 2699/2699 2700/2700
f 2702/2702 2700/2700 2701/2701
f 2707/2707 2708/2708 2709/2709
f 2707/2707 2709/2709 2710/2710
f 2711/2711 2712/2712 2713/2713
f 2711/2711 2713/2713 2714/2714
f 2715/2715 2716/2716 2717/2717
f 2715/2715 2717/2717 2718/2718
f 2719/2719 2720/2720 2721/2721
f 2719/2719 2721/2721 2722/2722
f 2723/2723 2724/2724 2725/2725
f 2723/2723 2725/2725 2726/2726
f 2720/2720 2715/2715 2718/2718
f 2720/2720 2718/2718 2721/2721
f 2714/2714 2713/2713 2724/2724
f 2714/2714 2724/2724 2723/2723
f 2727/2727 2728/2728 2729/2729
f 2727/2727 2729/2729 2730/2730
f 2731/2731 2732/2732 2733/2733
f 2731/2731 2733/2733 2734/2734
f 2735/2735 2736/2736 2737/2737
f 2735/2735 2737/2737 2738/2738
f 2739/2739 2740/2740 2741/2741
f 2739/2739 2741/2741 2742/2742
f 2743/2743 2744/2744 2745/2745
f 2743/2743 2745/2745 2746/2746
f 2747/2747 2748/2748 2749/2749
f 2747/2747 2749/2749 2750/2750
f 2751/2751 2752/2752 2753/2753
f 2751/2751 2753/2753 2754/2754
f 2755/2755 2756/2756 2757/2757
f 2755/2755 2757/2757 2758/2758
f 2759/2759 2760/2760 2761/2761
f 2759/2759 2761/2761 2762/2762
f 2763/2763 2764/2764 2765/2765
f 2763/2763 2765/2765 2766/2766
f 2767/2767 2768/2768 2769/2769
f 2767/2767 2769/2769 2770/2770
f 2771/2771 2772/2772 2773/2773
f 2771/2771 2773/2773 2774/2774
f 2775/2775 2776/2776 2777/2777
f 2775/2775 2777/2777 2778/2778
f 2779/2779 2780/2780 2781/2781
f 2779/2779 2781/2781 2782/2782
f 2783/2783 2784/2784 2785/2785
f 2783/2783 2785/2785 2786/2786
f 2787/2787 2788/2788 2789/2789
f 2787/2787 2789/2789 2790/2790
f 2791/2791 2792/2792 2793/2793
f 2791/2791 2793/2793 2794/2794
f 2795/2795 2796/2796 2797/2797
f 2795/2795 2797/2797 2798/2798
f 2799/2799 2800/2800 2801/2801
f 2799/2799 2801/2801 2802/2802
f 2803/2803 2804/2804 2805/2805
f 2803/2803 2805/2805 2806/2806
f 2807/2807 2808/2808 2809/2809
f 2807/2807 2809/2809 2810/2810
f 2811/2811 2812/2812 2813/2813
f 2811/2811 2813/2813 2814/2814
f 2815/2815 2816/2816 2817/2817
f 2815/2815 2817/2817 2818/2818
f 2819/2819 2820/2820 2821/2821
f 2819/2819 2821/2821 2822/2822
f 2809/2809 2808/2808 2823/2823
f 2809/2809 2823/2823 2824/2824
f 2816/2816 2825/2825 2826/2826
f 2816/2816 2826/2826 2817/2817
f 2821/2821 2820/2820 2827/2827
f 2821/2821 2827/2827 2828/2828
f 2813/2813 2812/2812 2829/2829
f 2813/2813 2829/2829 2830/2830
f 2831/2831 2832/2832 2833/2833
f 2831/2831 2833/2833 2834/2834
f 2835/2835 2832/2832 2831/2831
f 2835/2835 2831/2831 2836/2836
f 2825/2825 2837/2837 2838/2838
f 2825/2825 2838/2838 2826/2826
f 2828/2828 2827/2827 2839/2839
f 2828/2828 2839/2839 2840/2840
f 2830/2830 2829/2829 2841/2841
f 2830/2830 2841/2841 2842/2842
f 2843/2843 2831/2831 2834/2834
f 2843/2843 2834/2834 2844/2844
f 2836/2836 2831/2831 2843/2843
f 2836/2836 2843/2843 2845/2845
f 2845/2845 2843/2843 2846/2846
f 2845/2845 2846/2846 2847/2847
f 2838/2838 2837/2837 2848/2848
f 2838/2838 2848/2848 2849/2849
f 2843/2843 2844/2844 2850/2850
f 2843/2843 2850/2850 2846/2846
f 2842/2842 2841/2841 2851/2851
f 2842/2842 2851/2851 2852/2852
f 2840/2840 2839/2839 2853/2853
f 2840/2840 2853/2853 2854/2854
f 2855/2855 2856/2856 2857/2857
f 2855/2855 2857/2857 2858/2858
f 2859/2859 2855/2855 2858/2858
f 2859/2859 2858/2858 2860/2860
f 2861/2861 2862/2862 2863/2863
f 2861/2861 2863/2863 2864/2864
f 2865/2865 2866/2866 2867/2867
f 2865/2865 2867/2867 2868/2868
f 2869/2869 2870/2870 2871/2871
f 2869/2869 2871/2871 2872/2872
f 2873/2873 2874/2874 2812/2812
f 2873/2873 2812/2812 2811/2811
f 2829/2829 2812/2812 2874/2874
f 2829/2829 2874/2874 2875/2875
f 2841/2841 2829/2829 2875/2875
f 2841/2841 2875/2875 2876/2876
f 2851/2851 2841/2841 2876/2876
f 2851/2851 2876/2876 2877/2877
f 2871/2871 2870/2870 2878/2878
f 2871/2871 2878/2878 2879/2879
f 2880/2880 2881/2881 2874/2874
f 2880/2880 2874/2874 2873/2873
f 2875/2875 2874/2874 2881/2881
f 2875/2875 2881/2881 2882/2882
f 2876/2876 2875/2875 2882/2882
f 2876/2876 2882/2882 2883/2883
f 2877/2877 2876/2876 2883/2883
f 2877/2877 2883/2883 2884/2884
f 2879/2879 2878/2878 2885/2885
f 2879/2879 2885/2885 2886/2886
f 2849/2849 2848/2848 2862/2862
f 2849/2849 2862/2862 2861/2861
f 2854/2854 2853/2853 2866/2866
f 2854/2854 2866/2866 2865/2865
f 2878/2878 2877/2877 2884/2884
f 2878/2878 2884/2884 2885/2885
f 2870/2870 2851/2851 2877/2877
f 2870/2870 2877/2877 2878/2878
f 2852/2852 2851/2851 2870/2870
f 2852/2852 2870/2870 2869/2869
f 2887/2887 2888/2888 2856/2856
f 2887/2887 2856/2856 2855/2855
f 2889/2889 2887/2887 2855/2855
f 2889/2889 2855/2855 2859/2859
f 2864/2864 2863/2863 2890/2890
f 2864/2864 2890/2890 2891/2891
f 2868/2868 2867/2867 2892/2892
f 2868/2868 2892/2892 2893/2893
f 2894/2894 2879/2879 2886/2886
f 2894/2894 2886/2886 2895/2895
f 2896/2896 2871/2871 2879/2879
f 2896/2896 2879/2879 2894/2894
f 2872/2872 2871/2871 2896/2896
f 2872/2872 2896/2896 2897/2897
f 2858/2858 2857/2857 2898/2898
f 2858/2858 2898/2898 2899/2899
f 2860/2860 2858/2858 2899/2899
f 2860/2860 2899/2899 2900/2900
f 2901/2901 2902/2902 2903/2903
f 2901/2901 2903/2903 2904/2904
f 2905/2905 2901/2901 2904/2904
f 2905/2905 2904/2904 2906/2906
f 2907/2907 2908/2908 2909/2909
f 2907/2907 2909/2909 2910/2910
f 2911/2911 2912/2912 2913/2913
f 2911/2911 2913/2913 2914/2914
f 2915/2915 2916/2916 2917/2917
f 2915/2915 2917/2917 2918/2918
f 2910/2910 2909/2909 2919/2919
f 2910/2910 2919/2919 2920/2920
f 2914/2914 2913/2913 2921/2921
f 2914/2914 2921/2921 2922/2922
f 2923/2923 2924/2924 2916/2916
f 2923/2923 2916/2916 2915/2915
f 2904/2904 2903/2903 2925/2925
f 2904/2904 2925/2925 2926/2926
f 2906/2906 2904/2904 2926/2926
f 2906/2906 2926/2926 2927/2927
f 2928/2928 2929/2929 2930/2930
f 2928/2928 2930/2930 2931/2931
f 2932/2932 2933/2933 2934/2934
f 2932/2932 2934/2934 2935/2935
f 2936/2936 2932/2932 2935/2935
f 2936/2936 2935/2935 2937/2937
f 2938/2938 2939/2939 2940/2940
f 2938/2938 2940/2940 2941/2941
f 2942/2942 2943/2943 2944/2944
f 2942/2942 2944/2944 2945/2945
f 2946/2946 2947/2947 2948/2948
f 2946/2946 2948/2948 2949/2949
f 2941/2941 2940/2940 2950/2950
f 2941/2941 2950/2950 2951/2951
f 2945/2945 2944/2944 2952/2952
f 2945/2945 2952/2952 2953/2953
f 2954/2954 2955/2955 2947/2947
f 2954/2954 2947/2947 2946/2946
f 2935/2935 2934/2934 2956/2956
f 2935/2935 2956/2956 2957/2957
f 2937/2937 2935/2935 2957/2957
f 2937/2937 2957/2957 2958/2958
f 2959/2959 2960/2960 2928/2928
f 2959/2959 2928/2928 2931/2931
f 2931/2931 2961/2961 2962/2962
f 2931/2931 2962/2962 2959/2959
f 2963/2963 2964/2964 2965/2965
f 2963/2963 2965/2965 2966/2966
f 2967/2967 2968/2968 2969/2969
f 2967/2967 2969/2969 2970/2970
f 2971/2971 2972/2972 2973/2973
f 2971/2971 2973/2973 2974/2974
f 2975/2975 2976/2976 2977/2977
f 2975/2975 2977/2977 2978/2978
f 2979/2979 2980/2980 2981/2981
f 2979/2979 2981/2981 2982/2982
f 2983/2983 2984/2984 2985/2985
f 2983/2983 2985/2985 2986/2986
f 2987/2987 2988/2988 2989/2989
f 2987/2987 2989/2989 2990/2990
f 2991/2991 2992/2992 2993/2993
f 2991/2991 2993/2993 2994/2994
f 2995/2995 2996/2996 2997/2997
f 2995/2995 2997/2997 2998/2998
f 2999/2999 3000/3000 3001/3001
f 2999/2999 3001/3001 3002/3002
f 3003/3003 3004/3004 3005/3005
f 3003/3003 3005/3005 3006/3006
f 3007/3007 3008/3008 3009/3009
f 3007/3007 3009/3009 3010/3010
f 3011/3011 3012/3012 3013/3013
f 3011/3011 3013/3013 3014/3014
f 3015/3015 3016/3016 3017/3017
f 3015/3015 3017/3017 3018/3018
f 3004/3004 3019/3019 3020/3020
f 3004/3004 3020/3020 3005/3005
f 3021/3021 3022/3022 3023/3023
f 3021/3021 3023/3023 3024/3024
f 3025/3025 3026/3026 3027/3027
f 3025/3025 3027/3027 3028/3028
f 3029/3029 3030/3030 3031/3031
f 3029/3029 3031/3031 3032/3032
f 3033/3033 3034/3034 3035/3035
f 3034/3034 3033/3033 3036/3036
f 3036/3036 3033/3033 3037/3037
f 3036/3036 3037/3037 3038/3038
f 3039/3039 3040/3040 3041/3041
f 3040/3040 3039/3039 3042/3042
f 3042/3042 3039/3039 3043/3043
f 3043/3043 3039/3039 3044/3044
f 3045/3045 3046/3046 3047/3047
f 3046/3046 3045/3045 3048/3048
f 3048/3048 3045/3045 3049/3049
f 3048/3048 3049/3049 3050/3050
f 3051/3051 3052/3052 3053/3053
f 3052/3052 3051/3051 3054/3054
f 3054/3054 3051/3051 3055/3055
f 3055/3055 3051/3051 3056/3056
f 3057/3057 3058/3058 3059/3059
f 3058/3058 3057/3057 3060/3060
f 3060/3060 3057/3057 3061/3061
f 3060/3060 3061/3061 3062/3062
f 3063/3063 3064/3064 3065/3065
f 3064/3064 3063/3063 3066/3066
f 3066/3066 3063/3063 3067/3067
f 3068/3068 3069/3069 3070/3070
f 3069/3069 3068/3068 3071/3071
f 3071/3071 3068/3068 3072/3072
f 3072/3072 3068/3068 3073/3073
f 3074/3074 3075/3075 3076/3076
f 3074/3074 3076/3076 3077/3077
f 3075/3075 3078/3078 3079/3079
f 3075/3075 3079/3079 3076/3076
f 3078/3078 3080/3080 3081/3081
f 3078/3078 3081/3081 3079/3079
f 3080/3080 3082/3082 3083/3083
f 3080/3080 3083/3083 3081/3081
f 3082/3082 3084/3084 3085/3085
f 3082/3082 3085/3085 3083/3083
f 3084/3084 3086/3086 3087/3087
f 3084/3084 3087/3087 3085/3085
f 3086/3086 3088/3088 3089/3089
f 3086/3086 3089/3089 3087/3087
f 3088/3088 3090/3090 3091/3091
f 3088/3088 3091/3091 3089/3089
f 3090/3090 3092/3092 3093/3093
f 3090/3090 3093/3093 3091/3091
f 3092/3092 3094/3094 3095/3095
f 3092/3092 3095/3095 3093/3093
f 3094/3094 3096/3096 3097/3097
f 3094/3094 3097/3097 3095/3095
f 3096/3096 3098/3098 3099/3099
f 3096/3096 3099/3099 3097/3097
f 3100/3100 3101/3101 3102/3102
f 3100/3100 3102/3102 3103/3103
f 3101/3101 3104/3104 3105/3105
f 3101/3101 3105/3105 3102/3102
f 3104/3104 3106/3106 3107/3107
f 3104/3104 3107/3107 3105/3105
f 3106/3106 3108/3108 3109/3109
f 3106/3106 3109/3109 3107/3107
f 3108/3108 3110/3110 3111/3111
f 3108/3108 3111/3111 3109/3109
f 3110/3110 3112/3112 3113/3113
f 3110/3110 3113/3113 3111/3111
f 3112/3112 3114/3114 3115/3115
f 3112/3112 3115/3115 3113/3113
f 3114/3114 3116/3116 3117/3117
f 3114/3114 3117/3117 3115/3115
f 3116/3116 3118/3118 3119/3119
f 3116/3116 3119/3119 3117/3117
f 3118/3118 3120/3120 3121/3121
f 3118/3118 3121/3121 3119/3119
f 3120/3120 3122/3122 3123/3123
f 3120/3120 3123/3123 3121/3121
f 3122/3122 3124/3124 3125/3125
f 3122/3122 3125/3125 3123/3123
f 3124/3124 3126/3126 3127/3127
f 3124/3124 3127/3127 3125/3125
f 3126/3126 3128/3128 3129/3129
f 3126/3126 3129/3129 3127/3127
f 3128/3128 3130/3130 3131/3131
f 3128/3128 3131/3131 3129/3129
f 3130/3130 3132/3132 3133/3133
f 3130/3130 3133/3133 3131/3131
f 3132/3132 3134/3134 3135/3135
f 3132/3132 3135/3135 3133/3133
f 3134/3134 3136/3136 3137/3137
f 3134/3134 3137/3137 3135/3135
f 3136/3136 3138/3138 3139/3139
f 3136/3136 3139/3139 3137/3137
f 3138/3138 3100/3100 3103/3103
f 3138/3138 3103/3103 3139/3139
f 3140/3140 3141/3141 3142/3142
f 3140/3140 3142/3142 3143/3143
f 3141/3141 3144/3144 3145/3145
f 3141/3141 3145/3145 3142/3142
f 3144/3144 3146/3146 3147/3147
f 3144/3144 3147/3147 3145/3145
f 3146/3146 3148/3148 3149/3149
f 3146/3146 3149/3149 3147/3147
f 3148/3148 3150/3150 3151/3151
f 3148/3148 3151/3151 3149/3149
f 3150/3150 3152/3152 3153/3153
f 3150/3150 3153/3153 3151/3151
f 3152/3152 3154/3154 3155/3155
f 3152/3152 3155/3155 3153/3153
f 3154/3154 3156/3156 3157/3157
f 3154/3154 3157/3157 3155/3155
f 3156/3156 3158/3158 3159/3159
f 3156/3156 3159/3159 3157/3157
f 3158/3158 3160/3160 3161/3161
f 3158/3158 3161/3161 3159/3159
f 3160/3160 3162/3162 3163/3163
f 3160/3160 3163/3163 3161/3161
f 3162/3162 3164/3164 3165/3165
f 3162/3162 3165/3165 3163/3163
f 3166/3166 3167/3167 3168/3168
f 3166/3166 3168/3168 3169/3169
f 3167/3167 3170/3170 3171/3171
f 3167/3167 3171/3171 3168/3168
f 3170/3170 3172/3172 3173/3173
f 3170/3170 3173/3173 3171/3171
f 3172/3172 3174/3174 3175/3175
f 3172/3172 3175/3175 3173/3173
f 3174/3174 3176/3176 3177/3177
f 3174/3174 3177/3177 3175/3175
f 3176/3176 3178/3178 3179/3179
f 3176/3176 3179/3179 3177/3177
f 3178/3178 3180/3180 3181/3181
f 3178/3178 3181/3181 3179/3179
f 3180/3180 3182/3182 3183/3183
f 3180/3180 3183/3183 3181/3181
f 3182/3182 3184/3184 3185/3185
f 3182/3182 3185/3185 3183/3183
f 3184/3184 3186/3186 3187/3187
f 3184/3184 3187/3187 3185/3185
f 3186/3186 3188/3188 3189/3189
f 3186/3186 3189/3189 3187/3187
f 3188/3188 3190/3190 3191/3191
f 3188/3188 3191/3191 3189/3189
f 3190/3190 3192/3192 3193/3193
f 3190/3190 3193/3193 3191/3191
f 3192/3192 3194/3194 3195/3195
f 3192/3192 3195/3195 3193/3193
f 3194/3194 3196/3196 3197/3197
f 3194/3194 3197/3197 3195/3195
f 3196/3196 3198/3198 3199/3199
f 3196/3196 3199/3199 3197/3197
f 3198/3198 3200/3200 3201/3201
f 3198/3198 3201/3201 3199/3199
f 3200/3200 3202/3202 3203/3203
f 3200/3200 3203/3203 3201/3201
f 3202/3202 3204/3204 3205/3205
f 3202/3202 3205/3205 3203/3203
f 3204/3204 3166/3166 3169/3169
f 3204/3204 3169/3169 3205/3205
f 3206/3206 3207/3207 3208/3208
f 3206/3206 3208/3208 3209/3209
f 3207/3207 3210/3210 3211/3211
f 3207/3207 3211/3211 3208/3208
f 3210/3210 3212/3212 3213/3213
f 3210/3210 3213/3213 3211/3211
f 3212/3212 3214/3214 3215/3215
f 3212/3212 3215/3215 3213/3213
f 3214/3214 3216/3216 3217/3217
f 3214/3214 3217/3217 3215/3215
f 3216/3216 3218/3218 3219/3219
f 3216/3216 3219/3219 3217/3217
f 3218/3218 3220/3220 3221/3221
f 3218/3218 3221/3221 3219/3219
f 3220/3220 3222/3222 3223/3223
f 3220/3220 3223/3223 3221/3221
f 3222/3222 3224/3224 3225/3225
f 3222/3222 3225/3225 3223/3223
f 3224/3224 3226/3226 3227/3227
f 3224/3224 3227/3227 3225/3225
f 3226/3226 3228/3228 3229/3229
f 3226/3226 3229/3229 3227/3227
f 3228/3228 3230/3230 3231/3231
f 3228/3228 3231/3231 3229/3229
f 3232/3232 3233/3233 3234/3234
f 3232/3232 3234/3234 3235/3235
f 3233/3233 3236/3236 3237/3237
f 3233/3233 3237/3237 3234/3234
f 3236/3236 3238/3238 3239/3239
f 3236/3236 3239/3239 3237/3237
f 3238/3238 3240/3240 3241/3241
f 3238/3238 3241/3241 3239/3239
f 3240/3240 3242/3242 3243/3243
f 3240/3240 3243/3243 3241/3241
f 3242/3242 3244/3244 3245/3245
f 3242/3242 3245/3245 3243/3243
f 3244/3244 3246/3246 3247/3247
f 3244/3244 3247/3247 3245/3245
f 3246/3246 3248/3248 3249/3249
f 3246/3246 3249/3249 3247/3247
f 3248/3248 3250/3250 3251/3251
f 3248/3248 3251/3251 3249/3249
f 3250/3250 3252/3252 3253/3253
f 3250/3250 3253/3253 3251/3251
f 3252/3252 3254/3254 3255/3255
f 3252/3252 3255/3255 3253/3253
f 3254/3254 3256/3256 3257/3257
f 3254/3254 3257/3257 3255/3255
f 3256/3256 3258/3258 3259/3259
f 3256/3256 3259/3259 3257/3257
f 3258/3258 3260/3260 3261/3261
f 3258/3258 3261/3261 3259/3259
f 3260/3260 3262/3262 3263/3263
f 3260/3260 3263/3263 3261/3261
f 3262/3262 3264/3264 3265/3265
f 3262/3262 3265/3265 3263/3263
f 3264/3264 3266/3266 3267/3267
f 3264/3264 3267/3267 3265/3265
f 3266/3266 3268/3268 3269/3269
f 3266/3266 3269/3269 3267/3267
f 3268/3268 3270/3270 3271/3271
f 3268/3268 3271/3271 3269/3269
f 3270/3270 3232/3232 3235/3235
f 3270/3270 3235/3235 3271/3271
f 3272/3272 3273/3273 3274/3274
f 3272/3272 3274/3274 3275/3275
f 3273/3273 3276/3276 3277/3277
f 3273/3273 3277/3277 3274/3274
f 3276/3276 3278/3278 3279/3279
f 3276/3276 3279/3279 3277/3277
f 3278/3278 3280/3280 3281/3281
f 3278/3278 3281/3281 3279/3279
f 3280/3280 3282/3282 3283/3283
f 3280/3280 3283/3283 3281/3281
f 3282/3282 3284/3284 3285/3285
f 3282/3282 3285/3285 3283/3283
f 3284/3284 3286/3286 3287/3287
f 3284/3284 3287/3287 3285/3285
f 3286/3286 3288/3288 3289/3289
f 3286/3286 3289/3289 3287/3287
f 3288/3288 3290/3290 3291/3291
f 3288/3288 3291/3291 3289/3289
f 3290/3290 3292/3292 3293/3293
f 3290/3290 3293/3293 3291/3291
f 3292/3292 3294/3294 3295/3295
f 3292/3292 3295/3295 3293/3293
f 3294/3294 3296/3296 3297/3297
f 3294/3294 3297/3297 3295/3295
f 3298/3298 3299/3299 3300/3300
f 3298/3298 3300/3300 3301/3301
f 3299/3299 3302/3302 3303/3303
f 3299/3299 3303/3303 3300/3300
f 3302/3302 3304/3304 3305/3305
f 3302/3302 3305/3305 3303/3303
f 3304/3304 3306/3306 3307/3307
f 3304/3304 3307/3307 3305/3305
f 3306/3306 3308/3308 3309/3309
f 3306/3306 3309/3309 3307/3307
f 3308/3308 3310/3310 3311/3311
f 3308/3308 3311/3311 3309/3309
f 3310/3310 3312/3312 3313/3313
f 3310/3310 3313/3313 3311/3311
f 3312/3312 3314/3314 3315/3315
f 3312/3312 3315/3315 3313/3313
f 3314/3314 3316/3316 3317/3317
f 3314/3314 3317/3317 3315/3315
f 3316/3316 3318/3318 3319/3319
f 3316/3316 3319/3319 3317/3317
f 3318/3318 3320/3320 3321/3321
f 3318/3318 3321/3321 3319/3319
f 3320/3320 3322/3322 3323/3323
f 3320/3320 3323/3323 3321/3321
f 3322/3322 3324/3324 3325/3325
f 3322/3322 3325/3325 3323/3323
f 3324/3324 3326/3326 3327/3327
f 3324/3324 3327/3327 3325/3325
f 3326/3326 3328/3328 3329/3329
f 3326/3326 3329/3329 3327/3327
f 3328/3328 3330/3330 3331/3331
f 3328/3328 3331/3331 3329/3329
f 3330/3330 3332/3332 3333/3333
f 3330/3330 3333/3333 3331/3331
f 3332/3332 3334/3334 3335/3335
f 3332/3332 3335/3335 3333/3333
f 3334/3334 3336/3336 3337/3337
f 3334/3334 3337/3337 3335/3335
f 3336/3336 3298/3298 3301/3301
f 3336/3336 3301/3301 3337/3337
f 3338/3338 3339/3339 3340/3340
f 3338/3338 3340/3340 3341/3341
f 3342/3342 3343/3343 3344/3344
f 3342/3342 3344/3344 3345/3345
f 3346/3346 3347/3347 3348/3348
f 3346/3346 3348/3348 3349/3349
f 3350/3350 3351/3351 3352/3352
f 3350/3350 3352/3352 3353/3353
f 3354/3354 3355/3355 3356/3356
f 3354/3354 3356/3356 3357/3357
f 3358/3358 3359/3359 3360/3360
f 3358/3358 3360/3360 3361/3361
f 3362/3362 3363/3363 3364/3364
f 3362/3362 3364/3364 3365/3365
f 3366/3366 3367/3367 3368/3368
f 3366/3366 3368/3368 3369/3369
f 3370/3370 3371/3371 3372/3372
f 3370/3370 3372/3372 3373/3373
f 3374/3374 3375/3375 3376/3376
f 3374/3374 3376/3376 3377/3377
f 3361/3361 3360/3360 3378/3378
f 3361/3361 3378/3378 3379/3379
f 3373/3373 3372/3372 3380/3380
f 3373/3373 3380/3380 3381/3381
f 3382/3382 3383/3383 3384/3384
f 3382/3382 3384/3384 3385/3385
f 3377/3377 3376/3376 3386/3386
f 3377/3377 3386/3386 3387/3387
f 3388/3388 3389/3389 3390/3390
f 3388/3388 3390/3390 3391/3391
f 3377/3377 3387/3387 3392/3392
f 3377/3377 3392/3392 3393/3393
f 3365/3365 3364/3364 3394/3394
f 3365/3365 3394/3394 3395/3395
f 3380/3380 3372/3372 3396/3396
f 3380/3380 3396/3396 3397/3397
f 3398/3398 3399/3399 3400/3400
f 3398/3398 3400/3400 3401/3401
f 3402/3402 3403/3403 3404/3404
f 3402/3402 3404/3404 3405/3405
f 3406/3406 3407/3407 3408/3408
f 3406/3406 3408/3408 3409/3409
f 3410/3410 3411/3411 3412/3412
f 3410/3410 3412/3412 3413/3413
f 3414/3414 3415/3415 3416/3416
f 3414/3414 3416/3416 3417/3417
f 3401/3401 3400/3400 3418/3418
f 3401/3401 3418/3418 3419/3419
f 3413/3413 3412/3412 3420/3420
f 3413/3413 3420/3420 3421/3421
f 3422/3422 3423/3423 3424/3424
f 3422/3422 3424/3424 3425/3425
f 3417/3417 3416/3416 3426/3426
f 3417/3417 3426/3426 3427/3427
f 3428/3428 3429/3429 3430/3430
f 3428/3428 3430/3430 3431/3431
f 3417/3417 3427/3427 3432/3432
f 3417/3417 3432/3432 3433/3433
f 3405/3405 3404/3404 3434/3434
f 3405/3405 3434/3434 3435/3435
f 3420/3420 3412/3412 3436/3436
f 3420/3420 3436/3436 3437/3437
f 3438/3438 3439/3439 3440/3440
f 3438/3438 3440/3440 3441/3441
f 3442/3442 3443/3443 3444/3444
f 3442/3442 3444/3444 3445/3445
f 3446/3446 3447/3447 3448/3448
f 3446/3446 3448/3448 3449/3449
f 3450/3450 3451/3451 3452/3452
f 3450/3450 3452/3452 3453/3453
f 3454/3454 3455/3455 3456/3456
f 3454/3454 3456/3456 3457/3457
f 3441/3441 3440/3440 3458/3458
f 3441/3441 3458/3458 3459/3459
f 3453/3453 3452/3452 3460/3460
f 3453/3453 3460/3460 3461/3461
f 3462/3462 3463/3463 3464/3464
f 3462/3462 3464/3464 3465/3465
f 3457/3457 3456/3456 3466/3466
f 3457/3457 3466/3466 3467/3467
f 3468/3468 3469/3469 3470/3470
f 3468/3468 3470/3470 3471/3471
f 3457/3457 3467/3467 3472/3472
f 3457/3457 3472/3472 3473/3473
f 3445/3445 3444/3444 3474/3474
f 3445/3445 3474/3474 3475/3475
f 3460/3460 3452/3452 3476/3476
f 3460/3460 3476/3476 3477/3477
f 3478/3478 3479/3479 3480/3480
f 3478/3478 3480/3480 3481/3481
f 3479/3479 3482/3482 3483/3483
f 3479/3479 3483/3483 3480/3480
f 3482/3482 3484/3484 3485/3485
f 3482/3482 3485/3485 3483/3483
f 3484/3484 3486/3486 3487/3487
f 3484/3484 3487/3487 3485/3485
f 3486/3486 3488/3488 3489/3489
f 3486/3486 3489/3489 3487/3487
f 3488/3488 3490/3490 3491/3491
f 3488/3488 3491/3491 3489/3489
f 3490/3490 3492/3492 3493/3493
f 3490/3490 3493/3493 3491/3491
f 3492/3492 3494/3494 3495/3495
f 3492/3492 3495/3495 3493/3493
f 3494/3494 3496/3496 3497/3497
f 3494/3494 3497/3497 3495/3495
f 3496/3496 3498/3498 3499/3499
f 3496/3496 3499/3499 3497/3497
f 3498/3498 3500/3500 3501/3501
f 3498/3498 3501/3501 3499/3499
f 3500/3500 3502/3502 3503/3503
f 3500/3500 3503/3503 3501/3501
f 3502/3502 3504/3504 3505/3505
f 3502/3502 3505/3505 3503/3503
f 3504/3504 3506/3506 3507/3507
f 3504/3504 3507/3507 3505/3505
f 3506/3506 3508/3508 3509/3509
f 3506/3506 3509/3509 3507/3507
f 3508/3508 3510/3510 3511/3511
f 3508/3508 3511/3511 3509/3509
f 3510/3510 3512/3512 3513/3513
f 3510/3510 3513/3513 3511/3511
f 3512/3512 3514/3514 3515/3515
f 3512/3512 3515/3515 3513/3513
f 3514/3514 3516/3516 3517/3517
f 3514/3514 3517/3517 3515/3515
f 3516/3516 3478/3478 3481/3481
f 3516/3516 3481/3481 3517/3517
f 3518/3518 3519/3519 3520/3520
f 3518/3518 3520/3520 3521/3521
f 3521/3521 3520/3520 3522/3522
f 3521/3521 3522/3522 3523/3523
f 3523/3523 3522/3522 3524/3524
f 3523/3523 3524/3524 3525/3525
f 3525/3525 3524/3524 3526/3526
f 3525/3525 3526/3526 3527/3527
f 3527/3527 3526/3526 3528/3528
f 3527/3527 3528/3528 3529/3529
f 3529/3529 3528/3528 3530/3530
f 3529/3529 3530/3530 3531/3531
f 3531/3531 3530/3530 3532/3532
f 3531/3531 3532/3532 3533/3533
f 3533/3533 3532/3532 3534/3534
f 3533/3533 3534/3534 3535/3535
f 3535/3535 3534/3534 3536/3536
f 3535/3535 3536/3536 3537/3537
f 3537/3537 3536/3536 3538/3538
f 3537/3537 3538/3538 3539/3539
f 3539/3539 3538/3538 3540/3540
f 3539/3539 3540/3540 3541/3541
f 3541/3541 3540/3540 3542/3542
f 3541/3541 3542/3542 3543/3543
f 3543/3543 3542/3542 3544/3544
f 3543/3543 3544/3544 3545/3545
f 3545/3545 3544/3544 3546/3546
f 3545/3545 3546/3546 3547/3547
f 3547/3547 3546/3546 3548/3548
f 3547/3547 3548/3548 3549/3549
f 3549/3549 3548/3548 3550/3550
f 3549/3549 3550/3550 3551/3551
f 3551/3551 3550/3550 3552/3552
f 3551/3551 3552/3552 3553/3553
f 3553/3553 3552/3552 3554/3554
f 3553/3553 3554/3554 3555/3555
f 3555/3555 3554/3554 3556/3556
f 3555/3555 3556/3556 3557/3557
f 3557/3557 3556/3556 3519/3519
f 3557/3557 3519/3519 3518/3518
f 3558/3558 3559/3559 3560/3560
f 3558/3558 3560/3560 3561/3561
f 3562/3562 3558/3558 3561/3561
f 3562/3562 3561/3561 3563/3563
f 3564/3564 3562/3562 3563/3563
f 3564/3564 3563/3563 3565/3565
f 3566/3566 3564/3564 3565/3565
f 3566/3566 3565/3565 3567/3567
f 3568/3568 3566/3566 3567/3567
f 3568/3568 3567/3567 3569/3569
f 3570/3570 3568/3568 3569/3569
f 3570/3570 3569/3569 3571/3571
f 3572/3572 3570/3570 3571/3571
f 3572/3572 3571/3571 3573/3573
f 3574/3574 3572/3572 3573/3573
f 3574/3574 3573/3573 3575/3575
f 3576/3576 3574/3574 3575/3575
f 3576/3576 3575/3575 3577/3577
f 3578/3578 3576/3576 3577/3577
f 3578/3578 3577/3577 3579/3579
f 3580/3580 3578/3578 3579/3579
f 3580/3580 3579/3579 3581/3581
f 3582/3582 3580/3580 3581/3581
f 3582/3582 3581/3581 3583/3583
f 3584/3584 3582/3582 3583/3583
f 3584/3584 3583/3583 3585/3585
f 3586/3586 3584/3584 3585/3585
f 3586/3586 3585/3585 3587/3587
f 3588/3588 3586/3586 3587/3587
f 3588/3588 3587/3587 3589/3589
f 3590/3590 3588/3588 3589/3589
f 3590/3590 3589/3589 3591/3591
f 3592/3592 3590/3590 3591/3591
f 3592/3592 3591/3591 3593/3593
f 3594/3594 3592/3592 3593/3593
f 3594/3594 3593/3593 3595/3595
f 3596/3596 3594/3594 3595/3595
f 3596/3596 3595/3595 3597/3597
f 3559/3559 3596/3596 3597/3597
f 3559/3559 3597/3597 3560/3560
f 3598/3598 3599/3599 3600/3600
f 3598/3598 3600/3600 3601/3601
f 3602/3602 3603/3603 3604/3604
f 3602/3602 3604/3604 3605/3605
f 3606/3606 3607/3607 3608/3608
f 3606/3606 3608/3608 3609/3609
f 3610/3610 3611/3611 3612/3612
f 3610/3610 3612/3612 3613/3613
f 3614/3614 3615/3615 3616/3616
f 3614/3614 3616/3616 3617/3617
f 3618/3618 3619/3619 3620/3620
f 3618/3618 3620/3620 3621/3621
f 3600/3600 3599/3599 3622/3622
f 3600/3600 3622/3622 3623/3623
f 3604/3604 3603/3603 3624/3624
f 3604/3604 3624/3624 3625/3625
f 3626/3626 3627/3627 3628/3628
f 3626/3626 3628/3628 3629/3629
f 3623/3623 3622/3622 3630/3630
f 3623/3623 3630/3630 3631/3631
f 3625/3625 3624/3624 3632/3632
f 3625/3625 3632/3632 3633/3633
f 3605/3605 3604/3604 3634/3634
f 3605/3605 3634/3634 3635/3635
f 3636/3636 3637/3637 3638/3638
f 3636/3636 3638/3638 3639/3639
f 3614/3614 3617/3617 3640/3640
f 3614/3614 3640/3640 3641/3641
f 3625/3625 3633/3633 3642/3642
f 3625/3625 3642/3642 3643/3643
f 3612/3612 3611/3611 3644/3644
f 3612/3612 3644/3644 3645/3645
f 3646/3646 3647/3647 3648/3648
f 3646/3646 3648/3648 3649/3649
f 3635/3635 3634/3634 3650/3650
f 3635/3635 3650/3650 3651/3651
f 3641/3641 3640/3640 3652/3652
f 3641/3641 3652/3652 3653/3653
f 3643/3643 3642/3642 3654/3654
f 3643/3643 3654/3654 3655/3655
f 3645/3645 3644/3644 3656/3656
f 3645/3645 3656/3656 3657/3657
f 3608/3608 3607/3607 3626/3626
f 3608/3608 3626/3626 3629/3629
f 3650/3650 3634/3634 3643/3643
f 3650/3650 3643/3643 3655/3655
f 3658/3658 3659/3659 3660/3660
f 3658/3658 3660/3660 3661/3661
f 3662/3662 3663/3663 3664/3664
f 3662/3662 3664/3664 3665/3665
f 3663/3663 3666/3666 3667/3667
f 3663/3663 3667/3667 3664/3664
f 3666/3666 3668/3668 3669/3669
f 3666/3666 3669/3669 3667/3667
f 3668/3668 3670/3670 3671/3671
f 3668/3668 3671/3671 3669/3669
f 3670/3670 3672/3672 3673/3673
f 3670/3670 3673/3673 3671/3671
f 3672/3672 3674/3674 3675/3675
f 3672/3672 3675/3675 3673/3673
f 3674/3674 3676/3676 3677/3677
f 3674/3674 3677/3677 3675/3675
f 3676/3676 3678/3678 3679/3679
f 3676/3676 3679/3679 3677/3677
f 3678/3678 3680/3680 3681/3681
f 3678/3678 3681/3681 3679/3679
f 3680/3680 3682/3682 3683/3683
f 3680/3680 3683/3683 3681/3681
f 3682/3682 3684/3684 3685/3685
f 3682/3682 3685/3685 3683/3683
f 3684/3684 3686/3686 3687/3687
f 3684/3684 3687/3687 3685/3685
f 3686/3686 3688/3688 3689/3689
f 3686/3686 3689/3689 3687/3687
f 3688/3688 3690/3690 3691/3691
f 3688/3688 3691/3691 3689/3689
f 3690/3690 3692/3692 3693/3693
f 3690/3690 3693/3693 3691/3691
f 3692/3692 3694/3694 3695/3695
f 3692/3692 3695/3695 3693/3693
f 3694/3694 3696/3696 3697/3697
f 3694/3694 3697/3697 3695/3695
f 3696/3696 3698/3698 3699/3699
f 3696/3696 3699/3699 3697/3697
f 3698/3698 3700/3700 3701/3701
f 3698/3698 3701/3701 3699/3699
f 3700/3700 3662/3662 3665/3665
f 3700/3700 3665/3665 3701/3701
f 3702/3702 3703/3703 3704/3704
f 3702/3702 3704/3704 3705/3705
f 3706/3706 3707/3707 3708/3708
f 3706/3706 3708/3708 3709/3709
f 3710/3710 3711/3711 3712/3712
f 3710/3710 3712/3712 3713/3713
f 3714/3714 3715/3715 3716/3716
f 3714/3714 3716/3716 3717/3717
f 3718/3718 3719/3719 3720/3720
f 3718/3718 3720/3720 3721/3721
f 3705/3705 3704/3704 3722/3722
f 3705/3705 3722/3722 3723/3723
f 3717/3717 3716/3716 3724/3724
f 3717/3717 3724/3724 3725/3725
f 3726/3726 3727/3727 3728/3728
f 3726/3726 3728/3728 3729/3729
f 3721/3721 3720/3720 3730/3730
f 3721/3721 3730/3730 3731/3731
f 3732/3732 3733/3733 3734/3734
f 3732/3732 3734/3734 3735/3735
f 3721/3721 3731/3731 3736/3736
f 3721/3721 3736/3736 3737/3737
f 3709/3709 3708/3708 3738/3738
f 3709/3709 3738/3738 3739/3739
f 3724/3724 3716/3716 3740/3740
f 3724/3724 3740/3740 3741/3741
f 3742/3742 3743/3743 3744/3744
f 3742/3742 3744/3744 3745/3745
f 3746/3746 3747/3747 3748/3748
f 3746/3746 3748/3748 3749/3749
f 3750/3750 3751/3751 3752/3752
f 3750/3750 3752/3752 3753/3753
f 3754/3754 3755/3755 3756/3756
f 3754/3754 3756/3756 3757/3757
f 3758/3758 3759/3759 3760/3760
f 3758/3758 3760/3760 3761/3761
f 3745/3745 3744/3744 3762/3762
f 3745/3745 3762/3762 3763/3763
f 3757/3757 3756/3756 3764/3764
f 3757/3757 3764/3764 3765/3765
f 3766/3766 3767/3767 3768/3768
f 3766/3766 3768/3768 3769/3769
f 3761/3761 3760/3760 3770/3770
f 3761/3761 3770/3770 3771/3771
f 3772/3772 3773/3773 3774/3774
f 3772/3772 3774/3774 3775/3775
f 3761/3761 3771/3771 3776/3776
f 3761/3761 3776/3776 3777/3777
f 3749/3749 3748/3748 3778/3778
f 3749/3749 3778/3778 3779/3779
f 3764/3764 3756/3756 3780/3780
f 3764/3764 3780/3780 3781/3781
f 3782/3782 3783/3783 3784/3784
f 3782/3782 3784/3784 3785/3785
f 3786/3786 3787/3787 3788/3788
f 3786/3786 3788/3788 3789/3789
f 3790/3790 3791/3791 3792/3792
f 3790/3790 3792/3792 3793/3793
f 3794/3794 3795/3795 3796/3796
f 3794/3794 3796/3796 3797/3797
f 3798/3798 3799/3799 3800/3800
f 3798/3798 3800/3800 3801/3801
f 3785/3785 3784/3784 3802/3802
f 3785/3785 3802/3802 3803/3803
f 3797/3797 3796/3796 3804/3804
f 3797/3797 3804/3804 3805/3805
f 3806/3806 3807/3807 3808/3808
f 3806/3806 3808/3808 3809/3809
f 3801/3801 3800/3800 3810/3810
f 3801/3801 3810/3810 3811/3811
f 3812/3812 3813/3813 3814/3814
f 3812/3812 3814/3814 3815/3815
f 3801/3801 3811/3811 3816/3816
f 3801/3801 3816/3816 3817/3817
f 3789/3789 3788/3788 3818/3818
f 3789/3789 3818/3818 3819/3819
f 3804/3804 3796/3796 3820/3820
f 3804/3804 3820/3820 3821/3821
f 3822/3822 3823/3823 3824/3824
f 3822/3822 3824/3824 3825/3825
f 3826/3826 3827/3827 3828/3828
f 3826/3826 3828/3828 3829/3829
f 3830/3830 3831/3831 3832/3832
f 3830/3830 3832/3832 3833/3833
f 3834/3834 3835/3835 3836/3836
f 3834/3834 3836/3836 3837/3837
f 3838/3838 3839/3839 3840/3840
f 3838/3838 3840/3840 3841/3841
f 3825/3825 3824/3824 3842/3842
f 3825/3825 3842/3842 3843/3843
f 3837/3837 3836/3836 3844/3844
f 3837/3837 3844/3844 3845/3845
f 3846/3846 3847/3847 3848/3848
f 3846/3846 3848/3848 3849/3849
f 3841/3841 3840/3840 3850/3850
f 3841/3841 3850/3850 3851/3851
f 3852/3852 3853/3853 3854/3854
f 3852/3852 3854/3854 3855/3855
f 3841/3841 3851/3851 3856/3856
f 3841/3841 3856/3856 3857/3857
f 3829/3829 3828/3828 3858/3858
f 3829/3829 3858/3858 3859/3859
f 3844/3844 3836/3836 3860/3860
f 3844/3844 3860/3860 3861/3861
f 3862/3862 3863/3863 3864/3864
f 3862/3862 3864/3864 3865/3865
f 3863/3863 3866/3866 3867/3867
f 3863/3863 3867/3867 3864/3864
f 3866/3866 3868/3868 3869/3869
f 3866/3866 3869/3869 3867/3867
f 3868/3868 3870/3870 3871/3871
f 3868/3868 3871/3871 3869/3869
f 3870/3870 3872/3872 3873/3873
f 3870/3870 3873/3873 3871/3871
f 3872/3872 3874/3874 3875/3875
f 3872/3872 3875/3875 3873/3873
f 3874/3874 3876/3876 3877/3877
f 3874/3874 3877/3877 3875/3875
f 3876/3876 3878/3878 3879/3879
f 3876/3876 3879/3879 3877/3877
f 3878/3878 3880/3880 3881/3881
f 3878/3878 3881/3881 3879/3879
f 3880/3880 3882/3882 3883/3883
f 3880/3880 3883/3883 3881/3881
f 3882/3882 3884/3884 3885/3885
f 3882/3882 3885/3885 3883/3883
f 3884/3884 3886/3886 3887/3887
f 3884/3884 3887/3887 3885/3885
f 3886/3886 3888/3888 3889/3889
f 3886/3886 3889/3889 3887/3887
f 3888/3888 3890/3890 3891/3891
f 3888/3888 3891/3891 3889/3889
f 3890/3890 3892/3892 3893/3893
f 3890/3890 3893/3893 3891/3891
f 3892/3892 3894/3894 3895/3895
f 3892/3892 3895/3895 3893/3893
f 3894/3894 3896/3896 3897/3897
f 3894/3894 3897/3897 3895/3895
f 3896/3896 3898/3898 3899/3899
f 3896/3896 3899/3899 3897/3897
f 3898/3898 3900/3900 3901/3901
f 3898/3898 3901/3901 3899/3899
f 3900/3900 3862/3862 3865/3865
f 3900/3900 3865/3865 3901/3901
f 3902/3902 3903/3903 3904/3904
f 3902/3902 3904/3904 3905/3905
f 3905/3905 3904/3904 3906/3906
f 3905/3905 3906/3906 3907/3907
f 3907/3907 3906/3906 3908/3908
f 3907/3907 3908/3908 3909/3909
f 3909/3909 3908/3908 3910/3910
f 3909/3909 3910/3910 3911/3911
f 3911/3911 3910/3910 3912/3912
f 3911/3911 3912/3912 3913/3913
f 3913/3913 3912/3912 3914/3914
f 3913/3913 3914/3914 3915/3915
f 3915/3915 3914/3914 3916/3916
f 3915/3915 3916/3916 3917/3917
f 3917/3917 3916/3916 3918/3918
f 3917/3917 3918/3918 3919/3919
f 3919/3919 3918/3918 3920/3920
f 3919/3919 3920/3920 3921/3921
f 3921/3921 3920/3920 3922/3922
f 3921/3921 3922/3922 3923/3923
f 3923/3923 3922/3922 3924/3924
f 3923/3923 3924/3924 3925/3925
f 3925/3925 3924/3924 3926/3926
f 3925/3925 3926/3926 3927/3927
f 3927/3927 3926/3926 3928/3928
f 3927/3927 3928/3928 3929/3929
f 3929/3929 3928/3928 3930/3930
f 3929/3929 3930/3930 3931/3931
f 3931/3931 3930/3930 3932/3932
f 3931/3931 3932/3932 3933/3933
f 3933/3933 3932/3932 3934/3934
f 3933/3933 3934/3934 3935/3935
f 3935/3935 3934/3934 3936/3936
f 3935/3935 3936/3936 3937/3937
f 3937/3937 3936/3936 3938/3938
f 3937/3937 3938/3938 3939/3939
f 3939/3939 3938/3938 3940/3940
f 3939/3939 3940/3940 3941/3941
f 3941/3941 3940/3940 3903/3903
f 3941/3941 3903/3903 3902/3902
f 3942/3942 3943/3943 3944/3944
f 3942/3942 3944/3944 3945/3945
f 3946/3946 3942/3942 3945/3945
f 3946/3946 3945/3945 3947/3947
f 3948/3948 3946/3946 3947/3947
f 3948/3948 3947/3947 3949/3949
f 3950/3950 3948/3948 3949/3949
f 3950/3950 3949/3949 3951/3951
f 3952/3952 3950/3950 3951/3951
f 3952/3952 3951/3951 3953/3953
f 3954/3954 3952/3952 3953/3953
f 3954/3954 3953/3953 3955/3955
f 3956/3956 3954/3954 3955/3955
f 3956/3956 3955/3955 3957/3957
f 3958/3958 3956/3956 3957/3957
f 3958/3958 3957/3957 3959/3959
f 3960/3960 3958/3958 3959/3959
f 3960/3960 3959/3959 3961/3961
f 3962/3962 3960/3960 3961/3961
f 3962/3962 3961/3961 3963/3963
f 3964/3964 3962/3962 3963/3963
f 3964/3964 3963/3963 3965/3965
f 3966/3966 3964/3964 3965/3965
f 3966/3966 3965/3965 3967/3967
f 3968/3968 3966/3966 3967/3967
f 3968/3968 3967/3967 3969/3969
f 3970/3970 3968/3968 3969/3969
f 3970/3970 3969/3969 3971/3971
f 3972/3972 3970/3970 3971/3971
f 3972/3972 3971/3971 3973/3973
f 3974/3974 3972/3972 3973/3973
f 3974/3974 3973/3973 3975/3975
f 3976/3976 3974/3974 3975/3975
f 3976/3976 3975/3975 3977/3977
f 3978/3978 3976/3976 3977/3977
f 3978/3978 3977/3977 3979/3979
f 3980/3980 3978/3978 3979/3979
f 3980/3980 3979/3979 3981/3981
f 3943/3943 3980/3980 3981/3981
f 3943/3943 3981/3981 3944/3944
f 3982/3982 3983/3983 3984/3984
f 3982/3982 3984/3984 3985/3985
f 3983/3983 3986/3986 3987/3987
f 3983/3983 3987/3987 3984/3984
f 3986/3986 3988/3988 3989/3989
f 3986/3986 3989/3989 3987/3987
f 3988/3988 3990/3990 3991/3991
f 3988/3988 3991/3991 3989/3989
f 3990/3990 3992/3992 3993/3993
f 3990/3990 3993/3993 3991/3991
f 3992/3992 3994/3994 3995/3995
f 3992/3992 3995/3995 3993/3993
f 3994/3994 3996/3996 3997/3997
f 3994/3994 3997/3997 3995/3995
f 3996/3996 3998/3998 3999/3999
f 3996/3996 3999/3999 3997/3997
f 3998/3998 4000/4000 4001/4001
f 3998/3998 4001/4001 3999/3999
f 4000/4000 4002/4002 4003/4003
f 4000/4000 4003/4003 4001/4001
f 4002/4002 4004/4004 4005/4005
f 4002/4002 4005/4005 4003/4003
f 4004/4004 4006/4006 4007/4007
f 4004/4004 4007/4007 4005/4005
f 4006/4006 4008/4008 4009/4009
f 4006/4006 4009/4009 4007/4007
f 4008/4008 4010/4010 4011/4011
f 4008/4008 4011/4011 4009/4009
f 4010/4010 4012/4012 4013/4013
f 4010/4010 4013/4013 4011/4011
f 4012/4012 4014/4014 4015/4015
f 4012/4012 4015/4015 4013/4013
f 4014/4014 4016/4016 4017/4017
f 4014/4014 4017/4017 4015/4015
f 4016/4016 4018/4018 4019/4019
f 4016/4016 4019/4019 4017/4017
f 4018/4018 4020/4020 4021/4021
f 4018/4018 4021/4021 4019/4019
f 4020/4020 3982/3982 3985/3985
f 4020/4020 3985/3985 4021/4021
f 4022/4022 4023/4023 4024/4024
f 4022/4022 4024/4024 4025/4025
f 4026/4026 4027/4027 4028/4028
f 4026/4026 4028/4028 4029/4029
f 4030/4030 4031/4031 4032/4032
f 4030/4030 4032/4032 4033/4033
f 4034/4034 4035/4035 4036/4036
f 4034/4034 4036/4036 4037/4037
f 4038/4038 4039/4039 4040/4040
f 4038/4038 4040/4040 4041/4041
f 4042/4042 4043/4043 4044/4044
f 4042/4042 4044/4044 4045/4045
f 4046/4046 4047/4047 4048/4048
f 4046/4046 4048/4048 4049/4049
f 4050/4050 4051/4051 4052/4052
f 4050/4050 4052/4052 4053/4053
f 4054/4054 4055/4055 4056/4056
f 4054/4054 4056/4056 4057/4057
f 4055/4055 4058/4058 4059/4059
f 4055/4055 4059/4059 4056/4056
f 4060/4060 4061/4061 4062/4062
f 4060/4060 4062/4062 4063/4063
f 4064/4064 4065/4065 4066/4066
f 4064/4064 4066/4066 4067/4067
f 4068/4068 4069/4069 4070/4070
f 4068/4068 4070/4070 4071/4071
f 4072/4072 4073/4073 4074/4074
f 4072/4072 4074/4074 4075/4075
f 4076/4076 4077/4077 4078/4078
f 4076/4076 4078/4078 4079/4079
f 4080/4080 4081/4081 4082/4082
f 4080/4080 4082/4082 4083/4083
f 4084/4084 4085/4085 4086/4086
f 4084/4084 4086/4086 4087/4087
f 4088/4088 4089/4089 4090/4090
f 4088/4088 4090/4090 4091/4091
f 4092/4092 4093/4093 4094/4094
f 4092/4092 4094/4094 4095/4095
f 4093/4093 4096/4096 4097/4097
f 4093/4093 4097/4097 4094/4094
f 3985/3985 3984/3984 4098/4098
f 3985/3985 4098/4098 4099/4099
f 4100/4100 4101/4101 4102/4102
f 4100/4100 4102/4102 4103/4103
f 3984/3984 3987/3987 4104/4104
f 3984/3984 4104/4104 4098/4098
f 4105/4105 4100/4100 4103/4103
f 4105/4105 4103/4103 4106/4106
f 3987/3987 3989/3989 4107/4107
f 3987/3987 4107/4107 4104/4104
f 4108/4108 4105/4105 4106/4106
f 4108/4108 4106/4106 4109/4109
f 3989/3989 3991/3991 4110/4110
f 3989/3989 4110/4110 4107/4107
f 4111/4111 4108/4108 4109/4109
f 4111/4111 4109/4109 4112/4112
f 3991/3991 3993/3993 4113/4113
f 3991/3991 4113/4113 4110/4110
f 4114/4114 4111/4111 4112/4112
f 4114/4114 4112/4112 4115/4115
f 3993/3993 3995/3995 4116/4116
f 3993/3993 4116/4116 4113/4113
f 4117/4117 4114/4114 4115/4115
f 4117/4117 4115/4115 4118/4118
f 3995/3995 3997/3997 4119/4119
f 3995/3995 4119/4119 4116/4116
f 4120/4120 4117/4117 4118/4118
f 4120/4120 4118/4118 4121/4121
f 3997/3997 3999/3999 4122/4122
f 3997/3997 4122/4122 4119/4119
f 4123/4123 4120/4120 4121/4121
f 4123/4123 4121/4121 4124/4124
f 3999/3999 4001/4001 4125/4125
f 3999/3999 4125/4125 4122/4122
f 4126/4126 4123/4123 4124/4124
f 4126/4126 4124/4124 4127/4127
f 4001/4001 4003/4003 4128/4128
f 4001/4001 4128/4128 4125/4125
f 4129/4129 4126/4126 4127/4127
f 4129/4129 4127/4127 4130/4130
f 4003/4003 4005/4005 4131/4131
f 4003/4003 4131/4131 4128/4128
f 4132/4132 4129/4129 4130/4130
f 4132/4132 4130/4130 4133/4133
f 4005/4005 4007/4007 4134/4134
f 4005/4005 4134/4134 4131/4131
f 4135/4135 4132/4132 4133/4133
f 4135/4135 4133/4133 4136/4136
f 4007/4007 4009/4009 4137/4137
f 4007/4007 4137/4137 4134/4134
f 4138/4138 4135/4135 4136/4136
f 4138/4138 4136/4136 4139/4139
f 4009/4009 4011/4011 4140/4140
f 4009/4009 4140/4140 4137/4137
f 4141/4141 4138/4138 4139/4139
f 4141/4141 4139/4139 4142/4142
f 4011/4011 4013/4013 4143/4143
f 4011/4011 4143/4143 4140/4140
f 4144/4144 4141/4141 4142/4142
f 4144/4144 4142/4142 4145/4145
f 4013/4013 4015/4015 4146/4146
f 4013/4013 4146/4146 4143/4143
f 4147/4147 4144/4144 4145/4145
f 4147/4147 4145/4145 4148/4148
f 4015/4015 4017/4017 4149/4149
f 4015/4015 4149/4149 4146/4146
f 4150/4150 4147/4147 4148/4148
f 4150/4150 4148/4148 4151/4151
f 4017/4017 4019/4019 4152/4152
f 4017/4017 4152/4152 4149/4149
f 4153/4153 4150/4150 4151/4151
f 4153/4153 4151/4151 4154/4154
f 4019/4019 4021/4021 4155/4155
f 4019/4019 4155/4155 4152/4152
f 4156/4156 4153/4153 4154/4154
f 4156/4156 4154/4154 4157/4157
f 4021/4021 3985/3985 4099/4099
f 4021/4021 4099/4099 4155/4155
f 4101/4101 4156/4156 4157/4157
f 4101/4101 4157/4157 4102/4102
f 4158/4158 4159/4159 4160/4160
f 4158/4158 4160/4160 4161/4161
f 4162/4162 4163/4163 4164/4164
f 4162/4162 4164/4164 4165/4165
f 4166/4166 4167/4167 4168/4168
f 4166/4166 4168/4168 4169/4169
f 4170/4170 4171/4171 4172/4172
f 4170/4170 4172/4172 4173/4173
f 4174/4174 4175/4175 4176/4176
f 4174/4174 4176/4176 4177/4177
f 4178/4178 4179/4179 4180/4180
f 4178/4178 4180/4180 4181/4181
f 4160/4160 4159/4159 4182/4182
f 4160/4160 4182/4182 4183/4183
f 4164/4164 4163/4163 4184/4184
f 4164/4164 4184/4184 4185/4185
f 4186/4186 4187/4187 4188/4188
f 4186/4186 4188/4188 4189/4189
f 4183/4183 4182/4182 4190/4190
f 4183/4183 4190/4190 4191/4191
f 4185/4185 4184/4184 4192/4192
f 4185/4185 4192/4192 4193/4193
f 4165/4165 4164/4164 4194/4194
f 4165/4165 4194/4194 4195/4195
f 4196/4196 4197/4197 4198/4198
f 4196/4196 4198/4198 4199/4199
f 4174/4174 4177/4177 4200/4200
f 4174/4174 4200/4200 4201/4201
f 4185/4185 4193/4193 4202/4202
f 4185/4185 4202/4202 4203/4203
f 4172/4172 4171/4171 4204/4204
f 4172/4172 4204/4204 4205/4205
f 4206/4206 4207/4207 4208/4208
f 4206/4206 4208/4208 4209/4209
f 4195/4195 4194/4194 4210/4210
f 4195/4195 4210/4210 4211/4211
f 4201/4201 4200/4200 4212/4212
f 4201/4201 4212/4212 4213/4213
f 4203/4203 4202/4202 4214/4214
f 4203/4203 4214/4214 4215/4215
f 4205/4205 4204/4204 4216/4216
f 4205/4205 4216/4216 4217/4217
f 4168/4168 4167/4167 4186/4186
f 4168/4168 4186/4186 4189/4189
f 4210/4210 4194/4194 4203/4203
f 4210/4210 4203/4203 4215/4215
f 4218/4218 4219/4219 4220/4220
f 4218/4218 4220/4220 4221/4221
f 4222/4222 4223/4223 4224/4224
f 4222/4222 4224/4224 4225/4225
f 4223/4223 4226/4226 4227/4227
f 4223/4223 4227/4227 4224/4224
f 4226/4226 4228/4228 4229/4229
f 4226/4226 4229/4229 4227/4227
f 4228/4228 4230/4230 4231/4231
f 4228/4228 4231/4231 4229/4229
f 4230/4230 4232/4232 4233/4233
f 4230/4230 4233/4233 4231/4231
f 4232/4232 4234/4234 4235/4235
f 4232/4232 4235/4235 4233/4233
f 4234/4234 4236/4236 4237/4237
f 4234/4234 4237/4237 4235/4235
f 4236/4236 4238/4238 4239/4239
f 4236/4236 4239/4239 4237/4237
f 4238/4238 4240/4240 4241/4241
f 4238/4238 4241/4241 4239/4239
f 4240/4240 4242/4242 4243/4243
f 4240/4240 4243/4243 4241/4241
f 4242/4242 4244/4244 4245/4245
f 4242/4242 4245/4245 4243/4243
f 4244/4244 4246/4246 4247/4247
f 4244/4244 4247/4247 4245/4245
f 4246/4246 4248/4248 4249/4249
f 4246/4246 4249/4249 4247/4247
f 4248/4248 4250/4250 4251/4251
f 4248/4248 4251/4251 4249/4249
f 4250/4250 4252/4252 4253/4253
f 4250/4250 4253/4253 4251/4251
f 4252/4252 4254/4254 4255/4255
f 4252/4252 4255/4255 4253/4253
f 4254/4254 4256/4256 4257/4257
f 4254/4254 4257/4257 4255/4255
f 4256/4256 4258/4258 4259/4259
f 4256/4256 4259/4259 4257/4257
f 4258/4258 4260/4260 4261/4261
f 4258/4258 4261/4261 4259/4259
f 4260/4260 4222/4222 4225/4225
f 4260/4260 4225/4225 4261/4261
f 4262/4262 4263/4263 4264/4264
f 4262/4262 4264/4264 4265/4265
f 4266/4266 4267/4267 4268/4268
f 4266/4266 4268/4268 4269/4269
f 4270/4270 4271/4271 4272/4272
f 4270/4270 4272/4272 4273/4273
f 4274/4274 4275/4275 4276/4276
f 4274/4274 4276/4276 4277/4277
f 4278/4278 4279/4279 4280/4280
f 4278/4278 4280/4280 4281/4281
f 4265/4265 4264/4264 4282/4282
f 4265/4265 4282/4282 4283/4283
f 4277/4277 4276/4276 4284/4284
f 4277/4277 4284/4284 4285/4285
f 4286/4286 4287/4287 4288/4288
f 4286/4286 4288/4288 4289/4289
f 4281/4281 4280/4280 4290/4290
f 4281/4281 4290/4290 4291/4291
f 4292/4292 4293/4293 4294/4294
f 4292/4292 4294/4294 4295/4295
f 4281/4281 4291/4291 4296/4296
f 4281/4281 4296/4296 4297/4297
f 4269/4269 4268/4268 4298/4298
f 4269/4269 4298/4298 4299/4299
f 4284/4284 4276/4276 4300/4300
f 4284/4284 4300/4300 4301/4301
f 4302/4302 4303/4303 4304/4304
f 4302/4302 4304/4304 4305/4305
f 4306/4306 4307/4307 4308/4308
f 4306/4306 4308/4308 4309/4309
f 4310/4310 4311/4311 4312/4312
f 4310/4310 4312/4312 4313/4313
f 4314/4314 4315/4315 4316/4316
f 4314/4314 4316/4316 4317/4317
f 4318/4318 4319/4319 4320/4320
f 4318/4318 4320/4320 4321/4321
f 4305/4305 4304/4304 4322/4322
f 4305/4305 4322/4322 4323/4323
f 4317/4317 4316/4316 4324/4324
f 4317/4317 4324/4324 4325/4325
f 4326/4326 4327/4327 4328/4328
f 4326/4326 4328/4328 4329/4329
f 4321/4321 4320/4320 4330/4330
f 4321/4321 4330/4330 4331/4331
f 4332/4332 4333/4333 4334/4334
f 4332/4332 4334/4334 4335/4335
f 4321/4321 4331/4331 4336/4336
f 4321/4321 4336/4336 4337/4337
f 4309/4309 4308/4308 4338/4338
f 4309/4309 4338/4338 4339/4339
f 4324/4324 4316/4316 4340/4340
f 4324/4324 4340/4340 4341/4341
f 4342/4342 4343/4343 4344/4344
f 4342/4342 4344/4344 4345/4345
f 4346/4346 4347/4347 4348/4348
f 4346/4346 4348/4348 4349/4349
f 4350/4350 4351/4351 4352/4352
f 4350/4350 4352/4352 4353/4353
f 4354/4354 4355/4355 4356/4356
f 4354/4354 4356/4356 4357/4357
f 4358/4358 4359/4359 4360/4360
f 4358/4358 4360/4360 4361/4361
f 4345/4345 4344/4344 4362/4362
f 4345/4345 4362/4362 4363/4363
f 4357/4357 4356/4356 4364/4364
f 4357/4357 4364/4364 4365/4365
f 4366/4366 4367/4367 4368/4368
f 4366/4366 4368/4368 4369/4369
f 4361/4361 4360/4360 4370/4370
f 4361/4361 4370/4370 4371/4371
f 4372/4372 4373/4373 4374/4374
f 4372/4372 4374/4374 4375/4375
f 4361/4361 4371/4371 4376/4376
f 4361/4361 4376/4376 4377/4377
f 4349/4349 4348/4348 4378/4378
f 4349/4349 4378/4378 4379/4379
f 4364/4364 4356/4356 4380/4380
f 4364/4364 4380/4380 4381/4381
f 4382/4382 4383/4383 4384/4384
f 4382/4382 4384/4384 4385/4385
f 4386/4386 4387/4387 4388/4388
f 4386/4386 4388/4388 4389/4389
f 4390/4390 4391/4391 4392/4392
f 4390/4390 4392/4392 4393/4393
f 4394/4394 4395/4395 4396/4396
f 4394/4394 4396/4396 4397/4397
f 4398/4398 4399/4399 4400/4400
f 4398/4398 4400/4400 4401/4401
f 4385/4385 4384/4384 4402/4402
f 4385/4385 4402/4402 4403/4403
f 4397/4397 4396/4396 4404/4404
f 4397/4397 4404/4404 4405/4405
f 4406/4406 4407/4407 4408/4408
f 4406/4406 4408/4408 4409/4409
f 4401/4401 4400/4400 4410/4410
f 4401/4401 4410/4410 4411/4411
f 4412/4412 4413/4413 4414/4414
f 4412/4412 4414/4414 4415/4415
f 4401/4401 4411/4411 4416/4416
f 4401/4401 4416/4416 4417/4417
f 4389/4389 4388/4388 4418/4418
f 4389/4389 4418/4418 4419/4419
f 4404/4404 4396/4396 4420/4420
f 4404/4404 4420/4420 4421/4421
f 4422/4422 4423/4423 4424/4424
f 4422/4422 4424/4424 4425/4425
f 4423/4423 4426/4426 4427/4427
f 4423/4423 4427/4427 4424/4424
f 4426/4426 4428/4428 4429/4429
f 4426/4426 4429/4429 4427/4427
f 4428/4428 4430/4430 4431/4431
f 4428/4428 4431/4431 4429/4429
f 4430/4430 4432/4432 4433/4433
f 4430/4430 4433/4433 4431/4431
f 4432/4432 4434/4434 4435/4435
f 4432/4432 4435/4435 4433/4433
f 4434/4434 4436/4436 4437/4437
f 4434/4434 4437/4437 4435/4435
f 4436/4436 4438/4438 4439/4439
f 4436/4436 4439/4439 4437/4437
f 4438/4438 4440/4440 4441/4441
f 4438/4438 4441/4441 4439/4439
f 4440/4440 4442/4442 4443/4443
f 4440/4440 4443/4443 4441/4441
f 4442/4442 4444/4444 4445/4445
f 4442/4442 4445/4445 4443/4443
f 4444/4444 4446/4446 4447/4447
f 4444/4444 4447/4447 4445/4445
f 4446/4446 4448/4448 4449/4449
f 4446/4446 4449/4449 4447/4447
f 4448/4448 4450/4450 4451/4451
f 4448/4448 4451/4451 4449/4449
f 4450/4450 4452/4452 4453/4453
f 4450/4450 4453/4453 4451/4451
f 4452/4452 4454/4454 4455/4455
f 4452/4452 4455/4455 4453/4453
f 4454/4454 4456/4456 4457/4457
f 4454/4454 4457/4457 4455/4455
f 4456/4456 4458/4458 4459/4459
f 4456/4456 4459/4459 4457/4457
f 4458/4458 4460/4460 4461/4461
f 4458/4458 4461/4461 4459/4459
f 4460/4460 4422/4422 4425/4425
f 4460/4460 4425/4425 4461/4461
f 4462/4462 4463/4463 4464/4464
f 4462/4462 4464/4464 4465/4465
f 4465/4465 4464/4464 4466/4466
f 4465/4465 4466/4466 4467/4467
f 4467/4467 4466/4466 4468/4468
f 4467/4467 4468/4468 4469/4469
f 4469/4469 4468/4468 4470/4470
f 4469/4469 4470/4470 4471/4471
f 4471/4471 4470/4470 4472/4472
f 4471/4471 4472/4472 4473/4473
f 4473/4473 4472/4472 4474/4474
f 4473/4473 4474/4474 4475/4475
f 4475/4475 4474/4474 4476/4476
f 4475/4475 4476/4476 4477/4477
f 4477/4477 4476/4476 4478/4478
f 4477/4477 4478/4478 4479/4479
f 4479/4479 4478/4478 4480/4480
f 4479/4479 4480/4480 4481/4481
f 4481/4481 4480/4480 4482/4482
f 4481/4481 4482/4482 4483/4483
f 4483/4483 4482/4482 4484/4484
f 4483/4483 4484/4484 4485/4485
f 4485/4485 4484/4484 4486/4486
f 4485/4485 4486/4486 4487/4487
f 4487/4487 4486/4486 4488/4488
f 4487/4487 4488/4488 4489/4489
f 4489/4489 4488/4488 4490/4490
f 4489/4489 4490/4490 4491/4491
f 4491/4491 4490/4490 4492/4492
f 4491/4491 4492/4492 4493/4493
f 4493/4493 4492/4492 4494/4494
f 4493/4493 4494/4494 4495/4495
f 4495/4495 4494/4494 4496/4496
f 4495/4495 4496/4496 4497/4497
f 4497/4497 4496/4496 4498/4498
f 4497/4497 4498/4498 4499/4499
f 4499/4499 4498/4498 4500/4500
f 4499/4499 4500/4500 4501/4501
f 4501/4501 4500/4500 4463/4463
f 4501/4501 4463/4463 4462/4462
f 4502/4502 4503/4503 4504/4504
f 4502/4502 4504/4504 4505/4505
f 4506/4506 4502/4502 4505/4505
f 4506/4506 4505/4505 4507/4507
f 4508/4508 4506/4506 4507/4507
f 4508/4508 4507/4507 4509/4509
f 4510/4510 4508/4508 4509/4509
f 4510/4510 4509/4509 4511/4511
f 4512/4512 4510/4510 4511/4511
f 4512/4512 4511/4511 4513/4513
f 4514/4514 4512/4512 4513/4513
f 4514/4514 4513/4513 4515/4515
f 4516/4516 4514/4514 4515/4515
f 4516/4516 4515/4515 4517/4517
f 4518/4518 4516/4516 4517/4517
f 4518/4518 4517/4517 4519/4519
f 4520/4520 4518/4518 4519/4519
f 4520/4520 4519/4519 4521/4521
f 4522/4522 4520/4520 4521/4521
f 4522/4522 4521/4521 4523/4523
f 4524/4524 4522/4522 4523/4523
f 4524/4524 4523/4523 4525/4525
f 4526/4526 4524/4524 4525/4525
f 4526/4526 4525/4525 4527/4527
f 4528/4528 4526/4526 4527/4527
f 4528/4528 4527/4527 4529/4529
f 4530/4530 4528/4528 4529/4529
f 4530/4530 4529/4529 4531/4531
f 4532/4532 4530/4530 4531/4531
f 4532/4532 4531/4531 4533/4533
f 4534/4534 4532/4532 4533/4533
f 4534/4534 4533/4533 4535/4535
f 4536/4536 4534/4534 4535/4535
f 4536/4536 4535/4535 4537/4537
f 4538/4538 4536/4536 4537/4537
f 4538/4538 4537/4537 4539/4539
f 4540/4540 4538/4538 4539/4539
f 4540/4540 4539/4539 4541/4541
f 4503/4503 4540/4540 4541/4541
f 4503/4503 4541/4541 4504/4504
f 4542/4542 4543/4543 4544/4544
f 4542/4542 4544/4544 4545/4545
f 4546/4546 4547/4547 4548/4548
f 4546/4546 4548/4548 4549/4549
f 4550/4550 4551/4551 4552/4552
f 4550/4550 4552/4552 4553/4553
f 4554/4554 4555/4555 4556/4556
f 4554/4554 4556/4556 4557/4557
f 4558/4558 4559/4559 4560/4560
f 4558/4558 4560/4560 4561/4561
f 4562/4562 4563/4563 4564/4564
f 4562/4562 4564/4564 4565/4565
f 4544/4544 4543/4543 4566/4566
f 4544/4544 4566/4566 4567/4567
f 4548/4548 4547/4547 4568/4568
f 4548/4548 4568/4568 4569/4569
f 4570/4570 4571/4571 4572/4572
f 4570/4570 4572/4572 4573/4573
f 4567/4567 4566/4566 4574/4574
f 4567/4567 4574/4574 4575/4575
f 4569/4569 4568/4568 4576/4576
f 4569/4569 4576/4576 4577/4577
f 4549/4549 4548/4548 4578/4578
f 4549/4549 4578/4578 4579/4579
f 4580/4580 4581/4581 4582/4582
f 4580/4580 4582/4582 4583/4583
f 4558/4558 4561/4561 4584/4584
f 4558/4558 4584/4584 4585/4585
f 4569/4569 4577/4577 4586/4586
f 4569/4569 4586/4586 4587/4587
f 4556/4556 4555/4555 4588/4588
f 4556/4556 4588/4588 4589/4589
f 4590/4590 4591/4591 4592/4592
f 4590/4590 4592/4592 4593/4593
f 4579/4579 4578/4578 4594/4594
f 4579/4579 4594/4594 4595/4595
f 4585/4585 4584/4584 4596/4596
f 4585/4585 4596/4596 4597/4597
f 4587/4587 4586/4586 4598/4598
f 4587/4587 4598/4598 4599/4599
f 4589/4589 4588/4588 4600/4600
f 4589/4589 4600/4600 4601/4601
f 4552/4552 4551/4551 4570/4570
f 4552/4552 4570/4570 4573/4573
f 4594/4594 4578/4578 4587/4587
f 4594/4594 4587/4587 4599/4599
f 4602/4602 4603/4603 4604/4604
f 4602/4602 4604/4604 4605/4605
f 4606/4606 4607/4607 4608/4608
f 4606/4606 4608/4608 4609/4609
f 4607/4607 4610/4610 4611/4611
f 4607/4607 4611/4611 4608/4608
f 4610/4610 4612/4612 4613/4613
f 4610/4610 4613/4613 4611/4611
f 4612/4612 4614/4614 4615/4615
f 4612/4612 4615/4615 4613/4613
f 4614/4614 4616/4616 4617/4617
f 4614/4614 4617/4617 4615/4615
f 4616/4616 4618/4618 4619/4619
f 4616/4616 4619/4619 4617/4617
f 4618/4618 4620/4620 4621/4621
f 4618/4618 4621/4621 4619/4619
f 4620/4620 4622/4622 4623/4623
f 4620/4620 4623/4623 4621/4621
f 4622/4622 4624/4624 4625/4625
f 4622/4622 4625/4625 4623/4623
f 4624/4624 4626/4626 4627/4627
f 4624/4624 4627/4627 4625/4625
f 4626/4626 4628/4628 4629/4629
f 4626/4626 4629/4629 4627/4627
f 4628/4628 4630/4630 4631/4631
f 4628/4628 4631/4631 4629/4629
f 4630/4630 4632/4632 4633/4633
f 4630/4630 4633/4633 4631/4631
f 4632/4632 4634/4634 4635/4635
f 4632/4632 4635/4635 4633/4633
f 4634/4634 4636/4636 4637/4637
f 4634/4634 4637/4637 4635/4635
f 4636/4636 4638/4638 4639/4639
f 4636/4636 4639/4639 4637/4637
f 4638/4638 4640/4640 4641/4641
f 4638/4638 4641/4641 4639/4639
f 4640/4640 4642/4642 4643/4643
f 4640/4640 4643/4643 4641/4641
f 4642/4642 4644/4644 4645/4645
f 4642/4642 4645/4645 4643/4643
f 4644/4644 4606/4606 4609/4609
f 4644/4644 4609/4609 4645/4645
f 4646/4646 4647/4647 4648/4648
f 4646/4646 4648/4648 4649/4649
f 4650/4650 4651/4651 4652/4652
f 4650/4650 4652/4652 4653/4653
f 4654/4654 4655/4655 4656/4656
f 4654/4654 4656/4656 4657/4657
f 4658/4658 4659/4659 4660/4660
f 4658/4658 4660/4660 4661/4661
f 4662/4662 4663/4663 4664/4664
f 4662/4662 4664/4664 4665/4665
f 4649/4649 4648/4648 4666/4666
f 4649/4649 4666/4666 4667/4667
f 4661/4661 4660/4660 4668/4668
f 4661/4661 4668/4668 4669/4669
f 4670/4670 4671/4671 4672/4672
f 4670/4670 4672/4672 4673/4673
f 4665/4665 4664/4664 4674/4674
f 4665/4665 4674/4674 4675/4675
f 4676/4676 4677/4677 4678/4678
f 4676/4676 4678/4678 4679/4679
f 4665/4665 4675/4675 4680/4680
f 4665/4665 4680/4680 4681/4681
f 4653/4653 4652/4652 4682/4682
f 4653/4653 4682/4682 4683/4683
f 4668/4668 4660/4660 4684/4684
f 4668/4668 4684/4684 4685/4685
f 4686/4686 4687/4687 4688/4688
f 4686/4686 4688/4688 4689/4689
f 4690/4690 4691/4691 4692/4692
f 4690/4690 4692/4692 4693/4693
f 4694/4694 4695/4695 4696/4696
f 4694/4694 4696/4696 4697/4697
f 4698/4698 4699/4699 4700/4700
f 4698/4698 4700/4700 4701/4701
f 4702/4702 4703/4703 4704/4704
f 4702/4702 4704/4704 4705/4705
f 4689/4689 4688/4688 4706/4706
f 4689/4689 4706/4706 4707/4707
f 4701/4701 4700/4700 4708/4708
f 4701/4701 4708/4708 4709/4709
f 4710/4710 4711/4711 4712/4712
f 4710/4710 4712/4712 4713/4713
f 4705/4705 4704/4704 4714/4714
f 4705/4705 4714/4714 4715/4715
f 4716/4716 4717/4717 4718/4718
f 4716/4716 4718/4718 4719/4719
f 4705/4705 4715/4715 4720/4720
f 4705/4705 4720/4720 4721/4721
f 4693/4693 4692/4692 4722/4722
f 4693/4693 4722/4722 4723/4723
f 4708/4708 4700/4700 4724/4724
f 4708/4708 4724/4724 4725/4725
f 4726/4726 4727/4727 4728/4728
f 4726/4726 4728/4728 4729/4729
f 4730/4730 4731/4731 4732/4732
f 4730/4730 4732/4732 4733/4733
f 4734/4734 4735/4735 4736/4736
f 4734/4734 4736/4736 4737/4737
f 4738/4738 4739/4739 4740/4740
f 4738/4738 4740/4740 4741/4741
f 4742/4742 4743/4743 4744/4744
f 4742/4742 4744/4744 4745/4745
f 4729/4729 4728/4728 4746/4746
f 4729/4729 4746/4746 4747/4747
f 4741/4741 4740/4740 4748/4748
f 4741/4741 4748/4748 4749/4749
f 4750/4750 4751/4751 4752/4752
f 4750/4750 4752/4752 4753/4753
f 4745/4745 4744/4744 4754/4754
f 4745/4745 4754/4754 4755/4755
f 4756/4756 4757/4757 4758/4758
f 4756/4756 4758/4758 4759/4759
f 4745/4745 4755/4755 4760/4760
f 4745/4745 4760/4760 4761/4761
f 4733/4733 4732/4732 4762/4762
f 4733/4733 4762/4762 4763/4763
f 4748/4748 4740/4740 4764/4764
f 4748/4748 4764/4764 4765/4765
f 4766/4766 4767/4767 4768/4768
f 4766/4766 4768/4768 4769/4769
f 4770/4770 4771/4771 4772/4772
f 4770/4770 4772/4772 4773/4773
f 4774/4774 4775/4775 4776/4776
f 4774/4774 4776/4776 4777/4777
f 4778/4778 4779/4779 4780/4780
f 4778/4778 4780/4780 4781/4781
f 4782/4782 4783/4783 4784/4784
f 4782/4782 4784/4784 4785/4785
f 4769/4769 4768/4768 4786/4786
f 4769/4769 4786/4786 4787/4787
f 4781/4781 4780/4780 4788/4788
f 4781/4781 4788/4788 4789/4789
f 4790/4790 4791/4791 4792/4792
f 4790/4790 4792/4792 4793/4793
f 4785/4785 4784/4784 4794/4794
f 4785/4785 4794/4794 4795/4795
f 4796/4796 4797/4797 4798/4798
f 4796/4796 4798/4798 4799/4799
f 4785/4785 4795/4795 4800/4800
f 4785/4785 4800/4800 4801/4801
f 4773/4773 4772/4772 4802/4802
f 4773/4773 4802/4802 4803/4803
f 4788/4788 4780/4780 4804/4804
f 4788/4788 4804/4804 4805/4805
f 4806/4806 4807/4807 4808/4808
f 4806/4806 4808/4808 4809/4809
f 4807/4807 4810/4810 4811/4811
f 4807/4807 4811/4811 4808/4808
f 4810/4810 4812/4812 4813/4813
f 4810/4810 4813/4813 4811/4811
f 4812/4812 4814/4814 4815/4815
f 4812/4812 4815/4815 4813/4813
f 4814/4814 4816/4816 4817/4817
f 4814/4814 4817/4817 4815/4815
f 4816/4816 4818/4818 4819/4819
f 4816/4816 4819/4819 4817/4817
f 4818/4818 4820/4820 4821/4821
f 4818/4818 4821/4821 4819/4819
f 4820/4820 4822/4822 4823/4823
f 4820/4820 4823/4823 4821/4821
f 4822/4822 4824/4824 4825/4825
f 4822/4822 4825/4825 4823/4823
f 4824/4824 4826/4826 4827/4827
f 4824/4824 4827/4827 4825/4825
f 4826/4826 4828/4828 4829/4829
f 4826/4826 4829/4829 4827/4827
f 4828/4828 4830/4830 4831/4831
f 4828/4828 4831/4831 4829/4829
f 4830/4830 4832/4832 4833/4833
f 4830/4830 4833/4833 4831/4831
f 4832/4832 4834/4834 4835/4835
f 4832/4832 4835/4835 4833/4833
f 4834/4834 4836/4836 4837/4837
f 4834/4834 4837/4837 4835/4835
f 4836/4836 4838/4838 4839/4839
f 4836/4836 4839/4839 4837/4837
f 4838/4838 4840/4840 4841/4841
f 4838/4838 4841/4841 4839/4839
f 4840/4840 4842/4842 4843/4843
f 4840/4840 4843/4843 4841/4841
f 4842/4842 4844/4844 4845/4845
f 4842/4842 4845/4845 4843/4843
f 4844/4844 4806/4806 4809/4809
f 4844/4844 4809/4809 4845/4845
f 4846/4846 4847/4847 4848/4848
f 4846/4846 4848/4848 4849/4849
f 4849/4849 4848/4848 4850/4850
f 4849/4849 4850/4850 4851/4851
f 4851/4851 4850/4850 4852/4852
f 4851/4851 4852/4852 4853/4853
f 4853/4853 4852/4852 4854/4854
f 4853/4853 4854/4854 4855/4855
f 4855/4855 4854/4854 4856/4856
f 4855/4855 4856/4856 4857/4857
f 4857/4857 4856/4856 4858/4858
f 4857/4857 4858/4858 4859/4859
f 4859/4859 4858/4858 4860/4860
f 4859/4859 4860/4860 4861/4861
f 4861/4861 4860/4860 4862/4862
f 4861/4861 4862/4862 4863/4863
f 4863/4863 4862/4862 4864/4864
f 4863/4863 4864/4864 4865/4865
f 4865/4865 4864/4864 4866/4866
f 4865/4865 4866/4866 4867/4867
f 4867/4867 4866/4866 4868/4868
f 4867/4867 4868/4868 4869/4869
f 4869/4869 4868/4868 4870/4870
f 4869/4869 4870/4870 4871/4871
f 4871/4871 4870/4870 4872/4872
f 4871/4871 4872/4872 4873/4873
f 4873/4873 4872/4872 4874/4874
f 4873/4873 4874/4874 4875/4875
f 4875/4875 4874/4874 4876/4876
f 4875/4875 4876/4876 4877/4877
f 4877/4877 4876/4876 4878/4878
f 4877/4877 4878/4878 4879/4879
f 4879/4879 4878/4878 4880/4880
f 4879/4879 4880/4880 4881/4881
f 4881/4881 4880/4880 4882/4882
f 4881/4881 4882/4882 4883/4883
f 4883/4883 4882/4882 4884/4884
f 4883/4883 4884/4884 4885/4885
f 4885/4885 4884/4884 4847/4847
f 4885/4885 4847/4847 4846/4846
f 4886/4886 4887/4887 4888/4888
f 4886/4886 4888/4888 4889/4889
f 4890/4890 4886/4886 4889/4889
f 4890/4890 4889/4889 4891/4891
f 4892/4892 4890/4890 4891/4891
f 4892/4892 4891/4891 4893/4893
f 4894/4894 4892/4892 4893/4893
f 4894/4894 4893/4893 4895/4895
f 4896/4896 4894/4894 4895/4895
f 4896/4896 4895/4895 4897/4897
f 4898/4898 4896/4896 4897/4897
f 4898/4898 4897/4897 4899/4899
f 4900/4900 4898/4898 4899/4899
f 4900/4900 4899/4899 4901/4901
f 4902/4902 4900/4900 4901/4901
f 4902/4902 4901/4901 4903/4903
f 4904/4904 4902/4902 4903/4903
f 4904/4904 4903/4903 4905/4905
f 4906/4906 4904/4904 4905/4905
f 4906/4906 4905/4905 4907/4907
f 4908/4908 4906/4906 4907/4907
f 4908/4908 4907/4907 4909/4909
f 4910/4910 4908/4908 4909/4909
f 4910/4910 4909/4909 4911/4911
f 4912/4912 4910/4910 4911/4911
f 4912/4912 4911/4911 4913/4913
f 4914/4914 4912/4912 4913/4913
f 4914/4914 4913/4913 4915/4915
f 4916/4916 4914/4914 4915/4915
f 4916/4916 4915/4915 4917/4917
f 4918/4918 4916/4916 4917/4917
f 4918/4918 4917/4917 4919/4919
f 4920/4920 4918/4918 4919/4919
f 4920/4920 4919/4919 4921/4921
f 4922/4922 4920/4920 4921/4921
f 4922/4922 4921/4921 4923/4923
f 4924/4924 4922/4922 4923/4923
f 4924/4924 4923/4923 4925/4925
f 4887/4887 4924/4924 4925/4925
f 4887/4887 4925/4925 4888/4888
f 4926/4926 4927/4927 4928/4928
f 4926/4926 4928/4928 4929/4929
f 4927/4927 4930/4930 4931/4931
f 4927/4927 4931/4931 4928/4928
f 4930/4930 4932/4932 4933/4933
f 4930/4930 4933/4933 4931/4931
f 4932/4932 4934/4934 4935/4935
f 4932/4932 4935/4935 4933/4933
f 4934/4934 4936/4936 4937/4937
f 4934/4934 4937/4937 4935/4935
f 4936/4936 4938/4938 4939/4939
f 4936/4936 4939/4939 4937/4937
f 4938/4938 4940/4940 4941/4941
f 4938/4938 4941/4941 4939/4939
f 4940/4940 4942/4942 4943/4943
f 4940/4940 4943/4943 4941/4941
f 4942/4942 4944/4944 4945/4945
f 4942/4942 4945/4945 4943/4943
f 4944/4944 4946/4946 4947/4947
f 4944/4944 4947/4947 4945/4945
f 4946/4946 4948/4948 4949/4949
f 4946/4946 4949/4949 4947/4947
f 4948/4948 4950/4950 4951/4951
f 4948/4948 4951/4951 4949/4949
f 4950/4950 4952/4952 4953/4953
f 4950/4950 4953/4953 4951/4951
f 4952/4952 4954/4954 4955/4955
f 4952/4952 4955/4955 4953/4953
f 4954/4954 4956/4956 4957/4957
f 4954/4954 4957/4957 4955/4955
f 4956/4956 4958/4958 4959/4959
f 4956/4956 4959/4959 4957/4957
f 4958/4958 4960/4960 4961/4961
f 4958/4958 4961/4961 4959/4959
f 4960/4960 4962/4962 4963/4963
f 4960/4960 4963/4963 4961/4961
f 4962/4962 4964/4964 4965/4965
f 4962/4962 4965/4965 4963/4963
f 4964/4964 4926/4926 4929/4929
f 4964/4964 4929/4929 4965/4965
f 4966/4966 4967/4967 4968/4968
f 4966/4966 4968/4968 4969/4969
f 4970/4970 4971/4971 4972/4972
f 4970/4970 4972/4972 4973/4973
f 4974/4974 4975/4975 4976/4976
f 4974/4974 4976/4976 4977/4977
f 4978/4978 4979/4979 4980/4980
f 4978/4978 4980/4980 4981/4981
f 4982/4982 4983/4983 4984/4984
f 4982/4982 4984/4984 4985/4985
f 4986/4986 4987/4987 4988/4988
f 4986/4986 4988/4988 4989/4989
f 4990/4990 4991/4991 4992/4992
f 4990/4990 4992/4992 4993/4993
f 4994/4994 4995/4995 4996/4996
f 4994/4994 4996/4996 4997/4997
f 4998/4998 4999/4999 5000/5000
f 4998/4998 5000/5000 5001/5001
f 4999/4999 5002/5002 5003/5003
f 4999/4999 5003/5003 5000/5000
f 5004/5004 5005/5005 5006/5006
f 5004/5004 5006/5006 5007/5007
f 5008/5008 5009/5009 5010/5010
f 5008/5008 5010/5010 5011/5011
f 5012/5012 5013/5013 5014/5014
f 5012/5012 5014/5014 5015/5015
f 5016/5016 5017/5017 5018/5018
f 5016/5016 5018/5018 5019/5019
f 5020/5020 5021/5021 5022/5022
f 5020/5020 5022/5022 5023/5023
f 5024/5024 5025/5025 5026/5026
f 5024/5024 5026/5026 5027/5027
f 5028/5028 5029/5029 5030/5030
f 5028/5028 5030/5030 5031/5031
f 5032/5032 5033/5033 5034/5034
f 5032/5032 5034/5034 5035/5035
f 5036/5036 5037/5037 5038/5038
f 5036/5036 5038/5038 5039/5039
f 5037/5037 5040/5040 5041/5041
f 5037/5037 5041/5041 5038/5038
f 4929/4929 4928/4928 5042/5042
f 4929/4929 5042/5042 5043/5043
f 5044/5044 5045/5045 5046/5046
f 5044/5044 5046/5046 5047/5047
f 4928/4928 4931/4931 5048/5048
f 4928/4928 5048/5048 5042/5042
f 5049/5049 5044/5044 5047/5047
f 5049/5049 5047/5047 5050/5050
f 4931/4931 4933/4933 5051/5051
f 4931/4931 5051/5051 5048/5048
f 5052/5052 5049/5049 5050/5050
f 5052/5052 5050/5050 5053/5053
f 4933/4933 4935/4935 5054/5054
f 4933/4933 5054/5054 5051/5051
f 5055/5055 5052/5052 5053/5053
f 5055/5055 5053/5053 5056/5056
f 4935/4935 4937/4937 5057/5057
f 4935/4935 5057/5057 5054/5054
f 5058/5058 5055/5055 5056/5056
f 5058/5058 5056/5056 5059/5059
f 4937/4937 4939/4939 5060/5060
f 4937/4937 5060/5060 5057/5057
f 5061/5061 5058/5058 5059/5059
f 5061/5061 5059/5059 5062/5062
f 4939/4939 4941/4941 5063/5063
f 4939/4939 5063/5063 5060/5060
f 5064/5064 5061/5061 5062/5062
f 5064/5064 5062/5062 5065/5065
f 4941/4941 4943/4943 5066/5066
f 4941/4941 5066/5066 5063/5063
f 5067/5067 5064/5064 5065/5065
f 5067/5067 5065/5065 5068/5068
f 4943/4943 4945/4945 5069/5069
f 4943/4943 5069/5069 5066/5066
f 5070/5070 5067/5067 5068/5068
f 5070/5070 5068/5068 5071/5071
f 4945/4945 4947/4947 5072/5072
f 4945/4945 5072/5072 5069/5069
f 5073/5073 5070/5070 5071/5071
f 5073/5073 5071/5071 5074/5074
f 4947/4947 4949/4949 5075/5075
f 4947/4947 5075/5075 5072/5072
f 5076/5076 5073/5073 5074/5074
f 5076/5076 5074/5074 5077/5077
f 4949/4949 4951/4951 5078/5078
f 4949/4949 5078/5078 5075/5075
f 5079/5079 5076/5076 5077/5077
f 5079/5079 5077/5077 5080/5080
f 4951/4951 4953/4953 5081/5081
f 4951/4951 5081/5081 5078/5078
f 5082/5082 5079/5079 5080/5080
f 5082/5082 5080/5080 5083/5083
f 4953/4953 4955/4955 5084/5084
f 4953/4953 5084/5084 5081/5081
f 5085/5085 5082/5082 5083/5083
f 5085/5085 5083/5083 5086/5086
f 4955/4955 4957/4957 5087/5087
f 4955/4955 5087/5087 5084/5084
f 5088/5088 5085/5085 5086/5086
f 5088/5088 5086/5086 5089/5089
f 4957/4957 4959/4959 5090/5090
f 4957/4957 5090/5090 5087/5087
f 5091/5091 5088/5088 5089/5089
f 5091/5091 5089/5089 5092/5092
f 4959/4959 4961/4961 5093/5093
f 4959/4959 5093/5093 5090/5090
f 5094/5094 5091/5091 5092/5092
f 5094/5094 5092/5092 5095/5095
f 4961/4961 4963/4963 5096/5096
f 4961/4961 5096/5096 5093/5093
f 5097/5097 5094/5094 5095/5095
f 5097/5097 5095/5095 5098/5098
f 4963/4963 4965/4965 5099/5099
f 4963/4963 5099/5099 5096/5096
f 5100/5100 5097/5097 5098/5098
f 5100/5100 5098/5098 5101/5101
f 4965/4965 4929/4929 5043/5043
f 4965/4965 5043/5043 5099/5099
f 5045/5045 5100/5100 5101/5101
f 5045/5045 5101/5101 5046/5046
f 5102/5102 5103/5103 5104/5104
f 5102/5102 5104/5104 5105/5105
f 5106/5106 5107/5107 5108/5108
f 5106/5106 5108/5108 5109/5109
f 5110/5110 5111/5111 5112/5112
f 5110/5110 5112/5112 5113/5113
f 5114/5114 5115/5115 5116/5116
f 5114/5114 5116/5116 5117/5117
f 5118/5118 5119/5119 5120/5120
f 5118/5118 5120/5120 5121/5121
f 5122/5122 5123/5123 5124/5124
f 5122/5122 5124/5124 5125/5125
f 5104/5104 5103/5103 5126/5126
f 5104/5104 5126/5126 5127/5127
f 5108/5108 5107/5107 5128/5128
f 5108/5108 5128/5128 5129/5129
f 5130/5130 5131/5131 5132/5132
f 5130/5130 5132/5132 5133/5133
f 5127/5127 5126/5126 5134/5134
f 5127/5127 5134/5134 5135/5135
f 5129/5129 5128/5128 5136/5136
f 5129/5129 5136/5136 5137/5137
f 5109/5109 5108/5108 5138/5138
f 5109/5109 5138/5138 5139/5139
f 5140/5140 5141/5141 5142/5142
f 5140/5140 5142/5142 5143/5143
f 5118/5118 5121/5121 5144/5144
f 5118/5118 5144/5144 5145/5145
f 5129/5129 5137/5137 5146/5146
f 5129/5129 5146/5146 5147/5147
f 5116/5116 5115/5115 5148/5148
f 5116/5116 5148/5148 5149/5149
f 5150/5150 5151/5151 5152/5152
f 5150/5150 5152/5152 5153/5153
f 5139/5139 5138/5138 5154/5154
f 5139/5139 5154/5154 5155/5155
f 5145/5145 5144/5144 5156/5156
f 5145/5145 5156/5156 5157/5157
f 5147/5147 5146/5146 5158/5158
f 5147/5147 5158/5158 5159/5159
f 5149/5149 5148/5148 5160/5160
f 5149/5149 5160/5160 5161/5161
f 5112/5112 5111/5111 5130/5130
f 5112/5112 5130/5130 5133/5133
f 5154/5154 5138/5138 5147/5147
f 5154/5154 5147/5147 5159/5159
f 5162/5162 5163/5163 5164/5164
f 5162/5162 5164/5164 5165/5165
f 5166/5166 5167/5167 5168/5168
f 5166/5166 5168/5168 5169/5169
f 5167/5167 5170/5170 5171/5171
f 5167/5167 5171/5171 5168/5168
f 5170/5170 5172/5172 5173/5173
f 5170/5170 5173/5173 5171/5171
f 5172/5172 5174/5174 5175/5175
f 5172/5172 5175/5175 5173/5173
f 5174/5174 5176/5176 5177/5177
f 5174/5174 5177/5177 5175/5175
f 5176/5176 5178/5178 5179/5179
f 5176/5176 5179/5179 5177/5177
f 5178/5178 5180/5180 5181/5181
f 5178/5178 5181/5181 5179/5179
f 5180/5180 5182/5182 5183/5183
f 5180/5180 5183/5183 5181/5181
f 5182/5182 5184/5184 5185/5185
f 5182/5182 5185/5185 5183/5183
f 5184/5184 5186/5186 5187/5187
f 5184/5184 5187/5187 5185/5185
f 5186/5186 5188/5188 5189/5189
f 5186/5186 5189/5189 5187/5187
f 5188/5188 5190/5190 5191/5191
f 5188/5188 5191/5191 5189/5189
f 5190/5190 5192/5192 5193/5193
f 5190/5190 5193/5193 5191/5191
f 5192/5192 5194/5194 5195/5195
f 5192/5192 5195/5195 5193/5193
f 5194/5194 5196/5196 5197/5197
f 5194/5194 5197/5197 5195/5195
f 5196/5196 5198/5198 5199/5199
f 5196/5196 5199/5199 5197/5197
f 5198/5198 5200/5200 5201/5201
f 5198/5198 5201/5201 5199/5199
f 5200/5200 5202/5202 5203/5203
f 5200/5200 5203/5203 5201/5201
f 5202/5202 5204/5204 5205/5205
f 5202/5202 5205/5205 5203/5203
f 5204/5204 5166/5166 5169/5169
f 5204/5204 5169/5169 5205/5205
f 5206/5206 5207/5207 5208/5208
f 5206/5206 5208/5208 5209/5209
f 5210/5210 5211/5211 5212/5212
f 5210/5210 5212/5212 5213/5213
f 5214/5214 5215/5215 5216/5216
f 5214/5214 5216/5216 5217/5217
f 5218/5218 5219/5219 5220/5220
f 5218/5218 5220/5220 5221/5221
f 5222/5222 5223/5223 5224/5224
f 5222/5222 5224/5224 5225/5225
f 5209/5209 5208/5208 5226/5226
f 5209/5209 5226/5226 5227/5227
f 5221/5221 5220/5220 5228/5228
f 5221/5221 5228/5228 5229/5229
f 5230/5230 5231/5231 5232/5232
f 5230/5230 5232/5232 5233/5233
f 5225/5225 5224/5224 5234/5234
f 5225/5225 5234/5234 5235/5235
f 5236/5236 5237/5237 5238/5238
f 5236/5236 5238/5238 5239/5239
f 5225/5225 5235/5235 5240/5240
f 5225/5225 5240/5240 5241/5241
f 5213/5213 5212/5212 5242/5242
f 5213/5213 5242/5242 5243/5243
f 5228/5228 5220/5220 5244/5244
f 5228/5228 5244/5244 5245/5245
f 5248/5248 5246/5246 5247/5247
f 5246/5246 5248/5248 5249/5249
f 5246/5246 5249/5249 5265/5265
f 5265/5265 5249/5249 5250/5250
f 5265/5265 5250/5250 5264/5264
f 5264/5264 5250/5250 5251/5251
f 5264/5264 5251/5251 5263/5263
f 5263/5263 5251/5251 5252/5252
f 5263/5263 5252/5252 5262/5262
f 5262/5262 5252/5252 5253/5253
f 5262/5262 5253/5253 5261/5261
f 5261/5261 5253/5253 5254/5254
f 5261/5261 5254/5254 5260/5260
f 5260/5260 5254/5254 5255/5255
f 5260/5260 5255/5255 5259/5259
f 5259/5259 5255/5255 5256/5256
f 5259/5259 5256/5256 5258/5258
f 5258/5258 5256/5256 5257/5257
f 5266/5266 5284/5284 5285/5285
f 5284/5284 5266/5266 5267/5267
f 5284/5284 5267/5267 5283/5283
f 5283/5283 5267/5267 5268/5268
f 5283/5283 5268/5268 5282/5282
f 5282/5282 5268/5268 5269/5269
f 5282/5282 5269/5269 5281/5281
f 5281/5281 5269/5269 5270/5270
f 5281/5281 5270/5270 5280/5280
f 5280/5280 5270/5270 5271/5271
f 5280/5280 5271/5271 5279/5279
f 5279/5279 5271/5271 5272/5272
f 5279/5279 5272/5272 5278/5278
f 5278/5278 5272/5272 5273/5273
f 5278/5278 5273/5273 5277/5277
f 5277/5277 5273/5273 5274/5274
f 5277/5277 5274/5274 5276/5276
f 5276/5276 5274/5274 5275/5275
f 5291/5291 5289/5289 5290/5290
f 5289/5289 5291/5291 5292/5292
f 5289/5289 5292/5292 5288/5288
f 5288/5288 5292/5292 5293/5293
f 5288/5288 5293/5293 5287/5287
f 5287/5287 5293/5293 5294/5294
f 5287/5287 5294/5294 5286/5286
f 5286/5286 5294/5294 5295/5295
f 5286/5286 5295/5295 5305/5305
f 5305/5305 5295/5295 5296/5296
f 5305/5305 5296/5296 5304/5304
f 5304/5304 5296/5296 5297/5297
f 5304/5304 5297/5297 5303/5303
f 5303/5303 5297/5297 5298/5298
f 5303/5303 5298/5298 5302/5302
f 5302/5302 5298/5298 5299/5299
f 5302/5302 5299/5299 5301/5301
f 5301/5301 5299/5299 5300/5300
f 5308/5308 5306/5306 5307/5307
f 5306/5306 5308/5308 5309/5309
f 5306/5306 5309/5309 5325/5325
f 5325/5325 5309/5309 5310/5310
f 5325/5325 5310/5310 5324/5324
f 5324/5324 5310/5310 5311/5311
f 5324/5324 5311/5311 5323/5323
f 5323/5323 5311/5311 5312/5312
f 5323/5323 5312/5312 5322/5322
f 5322/5322 5312/5312 5313/5313
f 5322/5322 5313/5313 5321/5321
f 5321/5321 5313/5313 5314/5314
f 5321/5321 5314/5314 5320/5320
f 5320/5320 5314/5314 5315/5315
f 5320/5320 5315/5315 5319/5319
f 5319/5319 5315/5315 5316/5316
f 5319/5319 5316/5316 5318/5318
f 5318/5318 5316/5316 5317/5317
f 5326/5326 5344/5344 5345/5345
f 5344/5344 5326/5326 5327/5327
f 5344/5344 5327/5327 5343/5343
f 5343/5343 5327/5327 5328/5328
f 5343/5343 5328/5328 5342/5342
f 5342/5342 5328/5328 5329/5329
f 5342/5342 5329/5329 5341/5341
f 5341/5341 5329/5329 5330/5330
f 5341/5341 5330/5330 5340/5340
f 5340/5340 5330/5330 5331/5331
f 5340/5340 5331/5331 5339/5339
f 5339/5339 5331/5331 5332/5332
f 5339/5339 5332/5332 5338/5338
f 5338/5338 5332/5332 5333/5333
f 5338/5338 5333/5333 5337/5337
f 5337/5337 5333/5333 5334/5334
f 5337/5337 5334/5334 5336/5336
f 5336/5336 5334/5334 5335/5335
f 5351/5351 5349/5349 5350/5350
f 5349/5349 5351/5351 5352/5352
f 5349/5349 5352/5352 5348/5348
f 5348/5348 5352/5352 5353/5353
f 5348/5348 5353/5353 5347/5347
f 5347/5347 5353/5353 5354/5354
f 5347/5347 5354/5354 5346/5346
f 5346/5346 5354/5354 5355/5355
f 5346/5346 5355/5355 5365/5365
f 5365/5365 5355/5355 5356/5356
f 5365/5365 5356/5356 5364/5364
f 5364/5364 5356/5356 5357/5357
f 5364/5364 5357/5357 5363/5363
f 5363/5363 5357/5357 5358/5358
f 5363/5363 5358/5358 5362/5362
f 5362/5362 5358/5358 5359/5359
f 5362/5362 5359/5359 5361/5361
f 5361/5361 5359/5359 5360/5360
f 5368/5368 5366/5366 5367/5367
f 5366/5366 5368/5368 5369/5369
f 5366/5366 5369/5369 5385/5385
f 5385/5385 5369/5369 5370/5370
f 5385/5385 5370/5370 5384/5384
f 5384/5384 5370/5370 5371/5371
f 5384/5384 5371/5371 5383/5383
f 5383/5383 5371/5371 5372/5372
f 5383/5383 5372/5372 5382/5382
f 5382/5382 5372/5372 5373/5373
f 5382/5382 5373/5373 5381/5381
f 5381/5381 5373/5373 5374/5374
f 5381/5381 5374/5374 5380/5380
f 5380/5380 5374/5374 5375/5375
f 5380/5380 5375/5375 5379/5379
f 5379/5379 5375/5375 5376/5376
f 5379/5379 5376/5376 5378/5378
f 5378/5378 5376/5376 5377/5377
f 5386/5386 5404/5404 5405/5405
f 5404/5404 5386/5386 5387/5387
f 5404/5404 5387/5387 5403/5403
f 5403/5403 5387/5387 5388/5388
f 5403/5403 5388/5388 5402/5402
f 5402/5402 5388/5388 5389/5389
f 5402/5402 5389/5389 5401/5401
f 5401/5401 5389/5389 5390/5390
f 5401/5401 5390/5390 5400/5400
f 5400/5400 5390/5390 5391/5391
f 5400/5400 5391/5391 5399/5399
f 5399/5399 5391/5391 5392/5392
f 5399/5399 5392/5392 5398/5398
f 5398/5398 5392/5392 5393/5393
f 5398/5398 5393/5393 5397/5397
f 5397/5397 5393/5393 5394/5394
f 5397/5397 5394/5394 5396/5396
f 5396/5396 5394/5394 5395/5395
f 5411/5411 5409/5409 5410/5410
f 5409/5409 5411/5411 5412/5412
f 5409/5409 5412/5412 5408/5408
f 5408/5408 5412/5412 5413/5413
f 5408/5408 5413/5413 5407/5407
f 5407/5407 5413/5413 5414/5414
f 5407/5407 5414/5414 5406/5406
f 5406/5406 5414/5414 5415/5415
f 5406/5406 5415/5415 5425/5425
f 5425/5425 5415/5415 5416/5416
f 5425/5425 5416/5416 5424/5424
f 5424/5424 5416/5416 5417/5417
f 5424/5424 5417/5417 5423/5423
f 5423/5423 5417/5417 5418/5418
f 5423/5423 5418/5418 5422/5422
f 5422/5422 5418/5418 5419/5419
f 5422/5422 5419/5419 5421/5421
f 5421/5421 5419/5419 5420/5420
f 5428/5428 5426/5426 5427/5427
f 5426/5426 5428/5428 5429/5429
f 5426/5426 5429/5429 5445/5445
f 5445/5445 5429/5429 5430/5430
f 5445/5445 5430/5430 5444/5444
f 5444/5444 5430/5430 5431/5431
f 5444/5444 5431/5431 5443/5443
f 5443/5443 5431/5431 5432/5432
f 5443/5443 5432/5432 5442/5442
f 5442/5442 5432/5432 5433/5433
f 5442/5442 5433/5433 5441/5441
f 5441/5441 5433/5433 5434/5434
f 5441/5441 5434/5434 5440/5440
f 5440/5440 5434/5434 5435/5435
f 5440/5440 5435/5435 5439/5439
f 5439/5439 5435/5435 5436/5436
f 5439/5439 5436/5436 5438/5438
f 5438/5438 5436/5436 5437/5437
f 5446/5446 5464/5464 5465/5465
f 5464/5464 5446/5446 5447/5447
f 5464/5464 5447/5447 5463/5463
f 5463/5463 5447/5447 5448/5448
f 5463/5463 5448/5448 5462/5462
f 5462/5462 5448/5448 5449/5449
f 5462/5462 5449/5449 5461/5461
f 5461/5461 5449/5449 5450/5450
f 5461/5461 5450/5450 5460/5460
f 5460/5460 5450/5450 5451/5451
f 5460/5460 5451/5451 5459/5459
f 5459/5459 5451/5451 5452/5452
f 5459/5459 5452/5452 5458/5458
f 5458/5458 5452/5452 5453/5453
f 5458/5458 5453/5453 5457/5457
f 5457/5457 5453/5453 5454/5454
f 5457/5457 5454/5454 5456/5456
f 5456/5456 5454/5454 5455/5455
f 5471/5471 5469/5469 5470/5470
f 5469/5469 5471/5471 5472/5472
f 5469/5469 5472/5472 5468/5468
f 5468/5468 5472/5472 5473/5473
f 5468/5468 5473/5473 5467/5467
f 5467/5467 5473/5473 5474/5474
f 5467/5467 5474/5474 5466/5466
f 5466/5466 5474/5474 5475/5475
f 5466/5466 5475/5475 5485/5485
f 5485/5485 5475/5475 5476/5476
f 5485/5485 5476/5476 5484/5484
f 5484/5484 5476/5476 5477/5477
f 5484/5484 5477/5477 5483/5483
f 5483/5483 5477/5477 5478/5478
f 5483/5483 5478/5478 5482/5482
f 5482/5482 5478/5478 5479/5479
f 5482/5482 5479/5479 5481/5481
f 5481/5481 5479/5479 5480/5480
f 5491/5491 5489/5489 5490/5490
f 5489/5489 5491/5491 5492/5492
f 5489/5489 5492/5492 5488/5488
f 5488/5488 5492/5492 5493/5493
f 5488/5488 5493/5493 5487/5487
f 5487/5487 5493/5493 5494/5494
f 5487/5487 5494/5494 5486/5486
f 5486/5486 5494/5494 5495/5495
f 5486/5486 5495/5495 5505/5505
f 5505/5505 5495/5495 5496/5496
f 5505/5505 5496/5496 5504/5504
f 5504/5504 5496/5496 5497/5497
f 5504/5504 5497/5497 5503/5503
f 5503/5503 5497/5497 5498/5498
f 5503/5503 5498/5498 5502/5502
f 5502/5502 5498/5498 5499/5499
f 5502/5502 5499/5499 5501/5501
f 5501/5501 5499/5499 5500/5500
f 5511/5511 5509/5509 5510/5510
f 5509/5509 5511/5511 5512/5512
f 5509/5509 5512/5512 5508/5508
f 5508/5508 5512/5512 5513/5513
f 5508/5508 5513/5513 5507/5507
f 5507/5507 5513/5513 5514/5514
f 5507/5507 5514/5514 5506/5506
f 5506/5506 5514/5514 5515/5515
f 5506/5506 5515/5515 5525/5525
f 5525/5525 5515/5515 5516/5516
f 5525/5525 5516/5516 5524/5524
f 5524/5524 5516/5516 5517/5517
f 5524/5524 5517/5517 5523/5523
f 5523/5523 5517/5517 5518/5518
f 5523/5523 5518/5518 5522/5522
f 5522/5522 5518/5518 5519/5519
f 5522/5522 5519/5519 5521/5521
f 5521/5521 5519/5519 5520/5520
f 5531/5531 5529/5529 5530/5530
f 5529/5529 5531/5531 5532/5532
f 5529/5529 5532/5532 5528/5528
f 5528/5528 5532/5532 5533/5533
f 5528/5528 5533/5533 5527/5527
f 5527/5527 5533/5533 5534/5534
f 5527/5527 5534/5534 5526/5526
f 5526/5526 5534/5534 5535/5535
f 5526/5526 5535/5535 5545/5545
f 5545/5545 5535/5535 5536/5536
f 5545/5545 5536/5536 5544/5544
f 5544/5544 5536/5536 5537/5537
f 5544/5544 5537/5537 5543/5543
f 5543/5543 5537/5537 5538/5538
f 5543/5543 5538/5538 5542/5542
f 5542/5542 5538/5538 5539/5539
f 5542/5542 5539/5539 5541/5541
f 5541/5541 5539/5539 5540/5540
f 5551/5551 5549/5549 5550/5550
f 5549/5549 5551/5551 5552/5552
f 5549/5549 5552/5552 5548/5548
f 5548/5548 5552/5552 5553/5553
f 5548/5548 5553/5553 5547/5547
f 5547/5547 5553/5553 5554/5554
f 5547/5547 5554/5554 5546/5546
f 5546/5546 5554/5554 5555/5555
f 5546/5546 5555/5555 5565/5565
f 5565/5565 5555/5555 5556/5556
f 5565/5565 5556/5556 5564/5564
f 5564/5564 5556/5556 5557/5557
f 5564/5564 5557/5557 5563/5563
f 5563/5563 5557/5557 5558/5558
f 5563/5563 5558/5558 5562/5562
f 5562/5562 5558/5558 5559/5559
f 5562/5562 5559/5559 5561/5561
f 5561/5561 5559/5559 5560/5560
f 5571/5571 5569/5569 5570/5570
f 5569/5569 5571/5571 5572/5572
f 5569/5569 5572/5572 5568/5568
f 5568/5568 5572/5572 5573/5573
f 5568/5568 5573/5573 5567/5567
f 5567/5567 5573/5573 5574/5574
f 5567/5567 5574/5574 5566/5566
f 5566/5566 5574/5574 5575/5575
f 5566/5566 5575/5575 5585/5585
f 5585/5585 5575/5575 5576/5576
f 5585/5585 5576/5576 5584/5584
f 5584/5584 5576/5576 5577/5577
f 5584/5584 5577/5577 5583/5583
f 5583/5583 5577/5577 5578/5578
f 5583/5583 5578/5578 5582/5582
f 5582/5582 5578/5578 5579/5579
f 5582/5582 5579/5579 5581/5581
f 5581/5581 5579/5579 5580/5580
f 5591/5591 5589/5589 5590/5590
f 5589/5589 5591/5591 5592/5592
f 5589/5589 5592/5592 5588/5588
f 5588/5588 5592/5592 5593/5593
f 5588/5588 5593/5593 5587/5587
f 5587/5587 5593/5593 5594/5594
f 5587/5587 5594/5594 5586/5586
f 5586/5586 5594/5594 5595/5595
f 5586/5586 5595/5595 5605/5605
f 5605/5605 5595/5595 5596/5596
f 5605/5605 5596/5596 5604/5604
f 5604/5604 5596/5596 5597/5597
f 5604/5604 5597/5597 5603/5603
f 5603/5603 5597/5597 5598/5598
f 5603/5603 5598/5598 5602/5602
f 5602/5602 5598/5598 5599/5599
f 5602/5602 5599/5599 5601/5601
f 5601/5601 5599/5599 5600/5600

