mtllib material.mtl
usemtl material_0
v -0.03955884 0.85121641 -0.62802301
v -0.03955878 0.85121641 0.04086373
v -0.23660776 0.85123094 0.04119185
v -0.23660781 0.85123094 -0.62866813
v -0.25133708 0.85789479 0.01686315
v -0.25161723 0.85858765 -0.60860561
v -0.24864322 0.85123094 -0.59970829
v -0.24864317 0.85123094 0.01057200
v -0.03955878 0.85121641 0.04086373
v -0.03784326 0.86029204 0.04812242
v -0.23913327 0.85810342 0.04830191
v -0.23660776 0.85123094 0.04119185
v -0.00319038 0.85121641 -0.35387741
v -0.00109539 0.85873738 -0.35501214
v -0.00109659 0.85873301 -0.23178778
v -0.00319037 0.85121641 -0.23289232
v -0.23660781 0.85123094 -0.62866813
v -0.23890213 0.85747427 -0.63373775
v -0.03794269 0.85976621 -0.63345056
v -0.03955884 0.85121641 -0.62802301
v -0.24633592 0.85805184 0.03923255
v -0.24368192 0.85123094 0.03235995
v -0.23660776 0.85123094 0.04119185
v -0.23913327 0.85810342 0.04830191
v -0.23650071 0.87011238 -0.62866809
v -0.23809341 0.86803280 -0.63210826
v -0.24507621 0.86704893 -0.62452552
v -0.24368199 0.86829305 -0.62169231
v -0.25106141 0.86506457 -0.60694274
v -0.24864322 0.86611079 -0.59970827
v -0.02743602 0.85121641 -0.62441602
v -0.02556421 0.85976864 -0.62976919
v -0.03962698 0.87700875 0.04086373
v -0.03818209 0.87222183 0.04684018
v -0.02566559 0.87270200 0.04253182
v -0.02735575 0.87853427 0.03629697
v -0.02743602 0.85121641 -0.62441602
v -0.02556421 0.85976864 -0.62976919
v -0.01326388 0.85945621 -0.50396932
v -0.01531319 0.85121641 -0.49976700
v -0.02735575 0.87853427 0.03629697
v -0.02566559 0.87270200 0.04253182
v -0.01350343 0.87402561 -0.08344447
v -0.01520278 0.87976050 -0.08700274
v -0.00121818 0.87510569 -0.23179897
v -0.00338093 0.88244495 -0.23289232
v -0.25042506 0.86533986 0.01473327
v -0.24864317 0.86611079 0.01057200
v -0.23650062 0.87011238 0.04119185
v -0.23857871 0.86739902 0.04691066
v -0.00338094 0.88244495 -0.35387741
v -0.00121688 0.87510126 -0.35500068
v -0.23650071 0.87011238 -0.62866809
v -0.03962704 0.87700875 -0.62802297
v -0.03839040 0.87291181 -0.63208288
v -0.23809341 0.86803280 -0.63210826
v -0.24565970 0.86652821 0.03748141
v -0.23857871 0.86739902 0.04691066
v -0.23650062 0.87011238 0.04119185
v -0.24368193 0.86829305 0.03235995
v -0.23660781 0.85123094 -0.62866813
v -0.24368198 0.85123094 -0.62169231
v -0.24609876 0.85744217 -0.62660347
v -0.23890213 0.85747427 -0.63373775
v -0.02585107 0.87334187 -0.62882204
v -0.02735580 0.87853427 -0.62441602
v -0.02743596 0.85121641 0.03629697
v -0.02545206 0.86028074 0.04344472
v -0.01349920 0.87401121 -0.50336191
v -0.02585107 0.87334187 -0.62882204
v -0.02735580 0.87853427 -0.62441602
v -0.01520282 0.87976050 -0.49976702
v -0.01326665 0.85944488 -0.08283852
v -0.02545206 0.86028074 0.04344472
v -0.02743596 0.85121641 0.03629697
v -0.01531316 0.85121641 -0.08700274
v -0.07499273 0.86873498 -0.08437371
v -0.07511392 0.87453939 -0.08437371
v -0.21735156 0.87063766 -0.08437371
v -0.21732651 0.86540772 -0.08437369
v -0.21735156 0.87063766 -0.08437371
v -0.21735155 0.87063766 0.03086880
v -0.21732650 0.86540772 0.03086880
v -0.21732651 0.86540772 -0.08437369
v -0.21735155 0.87063766 0.03086880
v -0.07511391 0.87453939 0.03086879
v -0.07499272 0.86873498 0.03086879
v -0.21732650 0.86540772 0.03086880
v -0.21732651 0.86540772 -0.08437369
v -0.21732650 0.86540772 0.03086880
v -0.07499272 0.86873498 0.03086879
v -0.07499273 0.86873498 -0.08437371
v -0.07511392 0.87453939 -0.08437371
v -0.07499273 0.86873498 -0.08437371
v -0.07499272 0.86873498 0.03086879
v -0.07511391 0.87453939 0.03086879
v -0.07454312 0.86867576 -0.18105889
v -0.07445628 0.87455743 -0.18105889
v -0.13673747 0.87284899 -0.18105889
v -0.13687007 0.86704394 -0.18105889
v -0.13673746 0.87284899 -0.08744318
v -0.13687006 0.86704394 -0.08744318
v -0.13687007 0.86704394 -0.18105889
v -0.13673747 0.87284899 -0.18105889
v -0.13673746 0.87284899 -0.08744318
v -0.07445628 0.87455743 -0.08744318
v -0.07454311 0.86867576 -0.08744318
v -0.13687006 0.86704394 -0.08744318
v -0.13687007 0.86704394 -0.18105889
v -0.13687006 0.86704394 -0.08744318
v -0.07454311 0.86867576 -0.08744318
v -0.07454312 0.86867576 -0.18105889
v -0.07454311 0.86867576 -0.08744318
v -0.07445628 0.87455743 -0.08744318
v -0.07445628 0.87455743 -0.18105889
v -0.07454312 0.86867576 -0.18105889
v -0.15552221 0.86646916 -0.11881504
v -0.18597585 0.86582529 -0.11881503
v -0.18544887 0.87151279 -0.11881503
v -0.15501102 0.87234773 -0.11881504
v -0.15552221 0.86646916 -0.14894776
v -0.15552221 0.86646916 -0.11881504
v -0.15501102 0.87234773 -0.11881504
v -0.15501102 0.87234773 -0.14894776
v -0.18544887 0.87151279 -0.14894776
v -0.18597585 0.86582529 -0.14894776
v -0.15552221 0.86646916 -0.14894776
v -0.15501102 0.87234773 -0.14894776
v -0.18597585 0.86582529 -0.17908047
v -0.18597585 0.86582529 -0.14894776
v -0.18544887 0.87151279 -0.14894776
v -0.18544888 0.87151279 -0.17908048
v -0.18597585 0.86582529 -0.17908047
v -0.18544888 0.87151279 -0.17908048
v -0.21743923 0.87063525 -0.17908048
v -0.21798280 0.86514857 -0.17908047
v -0.21743922 0.87063525 -0.08868230
v -0.21798279 0.86514857 -0.08868230
v -0.21798280 0.86514857 -0.17908047
v -0.21743923 0.87063525 -0.17908048
v -0.21743922 0.87063525 -0.08868230
v -0.18544887 0.87151279 -0.08868230
v -0.18597584 0.86582529 -0.08868230
v -0.21798279 0.86514857 -0.08868230
v -0.18597585 0.86582529 -0.11881503
v -0.18597584 0.86582529 -0.08868230
v -0.18544887 0.87151279 -0.08868230
v -0.18544887 0.87151279 -0.11881503
v -0.07499277 0.86873498 -0.60895261
v -0.07511395 0.87453940 -0.60895261
v -0.21735156 0.87063766 -0.60895260
v -0.21732656 0.86540772 -0.60895260
v -0.21735156 0.87063766 -0.60895260
v -0.21735157 0.87063766 -0.18293286
v -0.21732652 0.86540772 -0.18293285
v -0.21732656 0.86540772 -0.60895260
v -0.21735157 0.87063766 -0.18293286
v -0.07511391 0.87453940 -0.18293286
v -0.07499273 0.86873498 -0.18293286
v -0.21732652 0.86540772 -0.18293285
v -0.21732656 0.86540772 -0.60895260
v -0.21732652 0.86540772 -0.18293285
v -0.07499273 0.86873498 -0.18293286
v -0.07499277 0.86873498 -0.60895261
v -0.07511391 0.87453940 -0.18293286
v -0.07511395 0.87453940 -0.60895261
v -0.07499277 0.86873498 -0.60895261
v -0.07499273 0.86873498 -0.18293286
v -0.05076794 0.86944163 -0.17948280
v -0.05069887 0.87520912 -0.17948280
v -0.06790021 0.87473727 -0.17948280
v -0.06798225 0.86884753 -0.17948280
v -0.06790020 0.87473727 -0.09408827
v -0.06798224 0.86884753 -0.09408827
v -0.06798225 0.86884753 -0.17948280
v -0.06790021 0.87473727 -0.17948280
v -0.06790020 0.87473727 -0.09408827
v -0.05069882 0.87520912 -0.09408827
v -0.05076794 0.86944163 -0.09408827
v -0.06798224 0.86884753 -0.09408827
v -0.06798225 0.86884753 -0.17948280
v -0.06798224 0.86884753 -0.09408827
v -0.05076794 0.86944163 -0.09408827
v -0.05076794 0.86944163 -0.17948280
v -0.05069887 0.87520912 -0.17948280
v -0.05076794 0.86944163 -0.17948280
v -0.05076794 0.86944163 -0.09408827
v -0.05069882 0.87520912 -0.09408827
v -0.05076795 0.86944163 -0.30134308
v -0.05069884 0.87520912 -0.30134310
v -0.06790022 0.87473727 -0.30134310
v -0.06798226 0.86884753 -0.30134308
v -0.06798226 0.86884753 -0.30134308
v -0.06790022 0.87473727 -0.30134310
v -0.06790021 0.87473727 -0.18466837
v -0.06798225 0.86884753 -0.18466837
v -0.06790021 0.87473727 -0.18466837
v -0.05069887 0.87520912 -0.18466838
v -0.05076795 0.86944163 -0.18466838
v -0.06798225 0.86884753 -0.18466837
v -0.06798226 0.86884753 -0.30134308
v -0.06798225 0.86884753 -0.18466837
v -0.05076795 0.86944163 -0.18466838
v -0.05076795 0.86944163 -0.30134308
v -0.05069887 0.87520912 -0.18466838
v -0.05069884 0.87520912 -0.30134310
v -0.05076795 0.86944163 -0.30134308
v -0.05076795 0.86944163 -0.18466838
v -0.05076797 0.86944163 -0.42785507
v -0.05069885 0.87520912 -0.42785509
v -0.06790023 0.87473727 -0.42785509
v -0.06798227 0.86884753 -0.42785507
v -0.06790023 0.87473727 -0.42785509
v -0.06790022 0.87473727 -0.31118038
v -0.06798226 0.86884753 -0.31118037
v -0.06798227 0.86884753 -0.42785507
v -0.06790022 0.87473727 -0.31118038
v -0.05069884 0.87520912 -0.31118038
v -0.05076796 0.86944163 -0.31118037
v -0.06798226 0.86884753 -0.31118037
v -0.06798227 0.86884753 -0.42785507
v -0.06798226 0.86884753 -0.31118037
v -0.05076796 0.86944163 -0.31118037
v -0.05076797 0.86944163 -0.42785507
v -0.05069885 0.87520912 -0.42785509
v -0.05076797 0.86944163 -0.42785507
v -0.05076796 0.86944163 -0.31118037
v -0.05069884 0.87520912 -0.31118038
v -0.05076798 0.86944163 -0.55689828
v -0.05069886 0.87520912 -0.55689828
v -0.06790024 0.87473727 -0.55689828
v -0.06798228 0.86884753 -0.55689828
v -0.06798228 0.86884753 -0.55689828
v -0.06790024 0.87473727 -0.55689828
v -0.06790023 0.87473727 -0.44022356
v -0.06798227 0.86884753 -0.44022357
v -0.06790023 0.87473727 -0.44022356
v -0.05069885 0.87520912 -0.44022356
v -0.05076797 0.86944163 -0.44022357
v -0.06798227 0.86884753 -0.44022357
v -0.06798228 0.86884753 -0.55689828
v -0.06798227 0.86884753 -0.44022357
v -0.05076797 0.86944163 -0.44022357
v -0.05076798 0.86944163 -0.55689828
v -0.05069885 0.87520912 -0.44022356
v -0.05069886 0.87520912 -0.55689828
v -0.05076798 0.86944163 -0.55689828
v -0.05076797 0.86944163 -0.44022357
v -0.05076798 0.86944163 -0.60605600
v -0.05069887 0.87520912 -0.60605600
v -0.06790024 0.87473727 -0.60605600
v -0.06798228 0.86884753 -0.60605600
v -0.06790024 0.87473727 -0.60605600
v -0.06790025 0.87473727 -0.57662376
v -0.06798228 0.86884753 -0.57662376
v -0.06798228 0.86884753 -0.60605600
v -0.06790025 0.87473727 -0.57662376
v -0.05069887 0.87520912 -0.57662376
v -0.05076798 0.86944163 -0.57662376
v -0.06798228 0.86884753 -0.57662376
v -0.06798228 0.86884753 -0.57662376
v -0.05076798 0.86944163 -0.57662376
v -0.05076798 0.86944163 -0.60605600
v -0.06798228 0.86884753 -0.60605600
v -0.05076798 0.86944163 -0.57662376
v -0.05069887 0.87520912 -0.57662376
v -0.05069887 0.87520912 -0.60605600
v -0.05076798 0.86944163 -0.60605600
v -0.03962704 0.87700875 -0.62802297
v -0.03962698 0.87700875 0.04086373
v -0.02735575 0.87853427 0.03629697
v -0.02735580 0.87853427 -0.62441602
v -0.04436224 0.87436990 0.00625354
v -0.04429003 0.87538493 0.00628650
v -0.04403278 0.87539198 0.00544000
v -0.04411033 0.87436990 0.00542306
v -0.04393853 0.87525047 0.00455945
v -0.04402526 0.87436990 0.00455945
v -0.04394630 0.87539435 0.00455945
v -0.04403278 0.87539198 0.00367889
v -0.04411033 0.87436990 0.00369580
v -0.04429003 0.87538493 0.00283241
v -0.04436224 0.87436990 0.00286536
v -0.04477133 0.87436990 0.00209998
v -0.04470778 0.87537347 0.00205272
v -0.04532187 0.87436990 0.00142917
v -0.04526966 0.87535805 0.00136995
v -0.04599270 0.87436990 0.00087863
v -0.04595385 0.87533929 0.00081035
v -0.04675805 0.87436990 0.00046952
v -0.04673382 0.87531789 0.00039546
v -0.04679798 0.87531613 0.00037616
v -0.04757941 0.87529470 0.00014098
v -0.04758851 0.87436990 0.00021760
v -0.04766716 0.87529229 0.00013255
v -0.04845797 0.87527059 0.00005658
v -0.04845215 0.87436990 0.00013255
v -0.04856751 0.87526759 0.00006765
v -0.04933569 0.87524652 0.00014520
v -0.04931580 0.87436990 0.00021760
v -0.04946182 0.87524306 0.00018379
v -0.05017890 0.87522339 0.00040319
v -0.05014625 0.87436990 0.00046953
v -0.05091160 0.87436990 0.00087863
v -0.05095530 0.87520209 0.00082048
v -0.05158243 0.87436990 0.00142917
v -0.05163529 0.87518344 0.00138091
v -0.05213298 0.87436990 0.00209998
v -0.05219299 0.87516814 0.00206285
v -0.05254206 0.87436990 0.00286536
v -0.05260718 0.87515678 0.00284015
v -0.05279398 0.87436990 0.00369581
v -0.05286214 0.87514978 0.00368308
v -0.05287904 0.87436990 0.00455945
v -0.05294820 0.87514742 0.00455945
v -0.05286214 0.87514978 0.00543582
v -0.05279398 0.87436990 0.00542310
v -0.05260717 0.87515678 0.00627878
v -0.05254206 0.87436990 0.00625356
v -0.05219299 0.87516814 0.00705606
v -0.05213297 0.87436990 0.00701888
v -0.05163529 0.87518344 0.00773799
v -0.05158242 0.87436990 0.00768974
v -0.05095530 0.87520209 0.00829839
v -0.05091159 0.87436990 0.00824027
v -0.05017887 0.87522339 0.00871568
v -0.05014624 0.87436990 0.00864934
v -0.05003935 0.87522721 0.00875839
v -0.04933568 0.87524652 0.00897371
v -0.04931579 0.87436990 0.00890126
v -0.04921059 0.87524995 0.00898631
v -0.04845795 0.87527059 0.00906232
v -0.04845214 0.87436990 0.00898631
v -0.04835358 0.87527346 0.00905227
v -0.04757940 0.87529470 0.00897788
v -0.04758850 0.87436990 0.00890126
v -0.04749893 0.87529690 0.00895368
v -0.04673380 0.87531789 0.00872342
v -0.04675804 0.87436990 0.00864934
v -0.04595383 0.87533929 0.00830852
v -0.04599270 0.87436990 0.00824027
v -0.04526964 0.87535805 0.00774896
v -0.04532187 0.87436990 0.00768974
v -0.04470778 0.87537347 0.00706619
v -0.04477133 0.87436990 0.00701888
v -0.04459953 0.87352318 0.00615525
v -0.04498489 0.87352318 0.00687619
v -0.04436224 0.87352318 0.00537297
v -0.04477133 0.87274284 0.00529161
v -0.04498489 0.87274284 0.00599563
v -0.04469922 0.87274284 0.00455945
v -0.04428211 0.87352318 0.00455945
v -0.04477133 0.87274284 0.00382730
v -0.04436224 0.87352318 0.00374591
v -0.04459954 0.87352318 0.00296365
v -0.04498490 0.87274284 0.00312328
v -0.04533170 0.87274284 0.00247442
v -0.04498490 0.87352318 0.00224271
v -0.04550349 0.87352318 0.00161079
v -0.04579844 0.87274284 0.00190570
v -0.04613540 0.87352318 0.00109220
v -0.04636713 0.87274284 0.00143899
v -0.04701597 0.87274284 0.00109220
v -0.04685635 0.87352318 0.00070684
v -0.04771999 0.87274284 0.00087863
v -0.04763862 0.87352318 0.00046952
v -0.04845215 0.87274284 0.00080650
v -0.04845215 0.87352318 0.00038942
v -0.04926569 0.87352318 0.00046953
v -0.04918432 0.87274284 0.00087863
v -0.05004795 0.87352318 0.00070684
v -0.04988834 0.87274284 0.00109220
v -0.05076890 0.87352318 0.00109220
v -0.05053717 0.87274284 0.00143899
v -0.05140082 0.87352318 0.00161079
v -0.05110587 0.87274284 0.00190574
v -0.05191941 0.87352318 0.00224271
v -0.05157260 0.87274284 0.00247442
v -0.05230477 0.87352318 0.00296365
v -0.05191941 0.87274284 0.00312328
v -0.05254206 0.87352318 0.00374593
v -0.05213298 0.87274284 0.00382730
v -0.05220508 0.87274284 0.00455945
v -0.05262219 0.87352318 0.00455945
v -0.05254206 0.87352318 0.00537299
v -0.05213298 0.87274284 0.00529161
v -0.05230476 0.87352318 0.00615526
v -0.05191940 0.87274284 0.00599565
v -0.05191940 0.87352318 0.00687619
v -0.05157260 0.87274284 0.00664445
v -0.05140081 0.87352318 0.00750812
v -0.05110587 0.87274284 0.00721317
v -0.05053717 0.87274284 0.00767991
v -0.05076889 0.87352318 0.00802671
v -0.05004795 0.87352318 0.00841205
v -0.04988834 0.87274284 0.00802671
v -0.04926569 0.87352318 0.00864934
v -0.04918430 0.87274284 0.00824027
v -0.04845214 0.87274284 0.00831237
v -0.04845214 0.87352318 0.00872949
v -0.04763862 0.87352318 0.00864934
v -0.04771999 0.87274284 0.00824027
v -0.04685634 0.87352318 0.00841205
v -0.04701595 0.87274284 0.00802671
v -0.04613540 0.87352318 0.00802671
v -0.04636713 0.87274284 0.00767987
v -0.04550348 0.87352318 0.00750810
v -0.04579842 0.87274284 0.00721317
v -0.04533170 0.87274284 0.00664445
v -0.04550348 0.87205886 0.00578080
v -0.04579844 0.87205886 0.00633260
v -0.04532187 0.87205886 0.00518211
v -0.04526055 0.87205886 0.00455945
v -0.04594452 0.87149753 0.00455945
v -0.04599270 0.87149753 0.00504865
v -0.04599270 0.87149753 0.00407022
v -0.04532187 0.87205886 0.00393680
v -0.04613540 0.87149753 0.00359981
v -0.04550349 0.87205886 0.00333806
v -0.04579844 0.87205886 0.00278627
v -0.04636713 0.87149753 0.00316629
v -0.04619535 0.87205886 0.00230264
v -0.04667899 0.87149753 0.00278627
v -0.04705899 0.87149753 0.00247442
v -0.04667899 0.87205886 0.00190570
v -0.04723078 0.87205886 0.00161079
v -0.04749253 0.87149753 0.00224271
v -0.04796293 0.87149753 0.00209998
v -0.04782950 0.87205886 0.00142917
v -0.04845215 0.87205886 0.00136783
v -0.04845215 0.87149753 0.00205182
v -0.04894137 0.87149753 0.00209998
v -0.04907480 0.87205886 0.00142917
v -0.04967353 0.87205886 0.00161079
v -0.04941178 0.87149753 0.00224271
v -0.04984532 0.87149753 0.00247442
v -0.05022532 0.87205886 0.00190570
v -0.05022532 0.87149753 0.00278627
v -0.05070895 0.87205886 0.00230264
v -0.05110587 0.87205886 0.00278627
v -0.05053717 0.87149753 0.00316629
v -0.05076890 0.87149753 0.00359981
v -0.05140082 0.87205886 0.00333806
v -0.05091160 0.87149753 0.00407022
v -0.05158243 0.87205886 0.00393680
v -0.05164375 0.87205886 0.00455945
v -0.05095979 0.87149753 0.00455945
v -0.05091160 0.87149753 0.00504865
v -0.05158243 0.87205886 0.00518211
v -0.05140081 0.87205886 0.00578080
v -0.05076889 0.87149753 0.00551906
v -0.05053717 0.87149753 0.00595262
v -0.05110587 0.87205886 0.00633260
v -0.05070895 0.87205886 0.00681627
v -0.05022531 0.87149753 0.00633260
v -0.04984532 0.87149753 0.00664445
v -0.05022531 0.87205886 0.00721317
v -0.04967352 0.87205886 0.00750812
v -0.04941178 0.87149753 0.00687619
v -0.04894136 0.87149753 0.00701888
v -0.04907479 0.87205886 0.00768974
v -0.04845215 0.87149753 0.00706708
v -0.04845214 0.87205886 0.00775104
v -0.04796293 0.87149753 0.00701888
v -0.04782950 0.87205886 0.00768974
v -0.04723077 0.87205886 0.00750812
v -0.04749252 0.87149753 0.00687619
v -0.04667898 0.87205886 0.00721317
v -0.04705898 0.87149753 0.00664445
v -0.04667898 0.87149753 0.00633260
v -0.04619534 0.87205886 0.00681623
v -0.04636713 0.87149753 0.00595262
v -0.04613540 0.87149753 0.00551906
v -0.04675805 0.87108043 0.00489642
v -0.04685635 0.87108043 0.00522044
v -0.04672487 0.87108043 0.00455945
v -0.04675805 0.87108043 0.00422248
v -0.04758851 0.87082358 0.00438764
v -0.04757158 0.87082358 0.00455945
v -0.04685635 0.87108043 0.00389844
v -0.04763862 0.87082358 0.00422248
v -0.04771999 0.87082358 0.00407022
v -0.04701597 0.87108043 0.00359981
v -0.04723078 0.87108043 0.00333806
v -0.04782950 0.87082358 0.00393680
v -0.04749253 0.87108043 0.00312328
v -0.04796293 0.87082358 0.00382730
v -0.04811518 0.87082358 0.00374591
v -0.04779115 0.87108043 0.00296365
v -0.04811518 0.87108043 0.00286536
v -0.04828037 0.87082358 0.00369581
v -0.04845215 0.87108043 0.00283218
v -0.04845215 0.87082358 0.00367889
v -0.04862394 0.87082358 0.00369581
v -0.04878913 0.87108043 0.00286536
v -0.04878913 0.87082358 0.00374591
v -0.04911315 0.87108043 0.00296365
v -0.04941178 0.87108043 0.00312328
v -0.04894137 0.87082358 0.00382730
v -0.04907480 0.87082358 0.00393680
v -0.04967352 0.87108043 0.00333806
v -0.04918431 0.87082358 0.00407022
v -0.04988834 0.87108043 0.00359981
v -0.05004795 0.87108043 0.00389844
v -0.04926569 0.87082358 0.00422248
v -0.04931579 0.87082358 0.00438764
v -0.05014625 0.87108043 0.00422248
v -0.04933272 0.87082358 0.00455945
v -0.05017945 0.87108043 0.00455945
v -0.05014625 0.87108043 0.00489642
v -0.04931579 0.87082358 0.00473123
v -0.05004795 0.87108043 0.00522046
v -0.04926569 0.87082358 0.00489642
v -0.04988834 0.87108043 0.00551906
v -0.04918431 0.87082358 0.00504865
v -0.04907480 0.87082358 0.00518211
v -0.04967352 0.87108043 0.00578080
v -0.04941178 0.87108043 0.00599563
v -0.04894137 0.87082358 0.00529161
v -0.04878912 0.87082358 0.00537299
v -0.04911315 0.87108043 0.00615525
v -0.04878912 0.87108043 0.00625354
v -0.04862394 0.87082358 0.00542310
v -0.04845215 0.87108043 0.00628673
v -0.04845215 0.87082358 0.00544002
v -0.04828036 0.87082358 0.00542310
v -0.04811517 0.87108043 0.00625354
v -0.04779115 0.87108043 0.00615525
v -0.04811517 0.87082358 0.00537297
v -0.04796293 0.87082358 0.00529161
v -0.04749252 0.87108043 0.00599563
v -0.04782950 0.87082358 0.00518211
v -0.04723077 0.87108043 0.00578080
v -0.04771999 0.87082358 0.00504865
v -0.04701597 0.87108043 0.00551906
v -0.04763862 0.87082358 0.00489642
v -0.04758851 0.87082358 0.00473123
v -0.04845215 0.87073685 0.00455945
v -0.04436224 0.87436990 -0.02242783
v -0.04429003 0.87538493 -0.02239487
v -0.04403278 0.87539198 -0.02324137
v -0.04411033 0.87436990 -0.02325831
v -0.04393854 0.87525047 -0.02412192
v -0.04402526 0.87436990 -0.02412192
v -0.04394630 0.87539435 -0.02412192
v -0.04403278 0.87539198 -0.02500249
v -0.04411033 0.87436990 -0.02498559
v -0.04429003 0.87538493 -0.02584897
v -0.04436224 0.87436990 -0.02581603
v -0.04477133 0.87436990 -0.02658139
v -0.04470778 0.87537347 -0.02662865
v -0.04532187 0.87436990 -0.02725220
v -0.04526967 0.87535805 -0.02731143
v -0.04599270 0.87436990 -0.02780274
v -0.04595385 0.87533929 -0.02787102
v -0.04675806 0.87436990 -0.02821183
v -0.04673382 0.87531789 -0.02828593
v -0.04679799 0.87531613 -0.02830521
v -0.04757941 0.87529470 -0.02854037
v -0.04758852 0.87436990 -0.02846375
v -0.04766718 0.87529229 -0.02854882
v -0.04845797 0.87527059 -0.02862481
v -0.04845215 0.87436990 -0.02854882
v -0.04856753 0.87526759 -0.02861373
v -0.04933569 0.87524652 -0.02853617
v -0.04931580 0.87436990 -0.02846375
v -0.04946185 0.87524306 -0.02849759
v -0.05017890 0.87522339 -0.02827819
v -0.05014625 0.87436990 -0.02821183
v -0.05091160 0.87436990 -0.02780274
v -0.05095530 0.87520209 -0.02786088
v -0.05158244 0.87436990 -0.02725220
v -0.05163529 0.87518344 -0.02730046
v -0.05213298 0.87436990 -0.02658139
v -0.05219299 0.87516814 -0.02661854
v -0.05254206 0.87436990 -0.02581603
v -0.05260718 0.87515678 -0.02584124
v -0.05279398 0.87436990 -0.02498559
v -0.05286214 0.87514978 -0.02499829
v -0.05287904 0.87436990 -0.02412192
v -0.05294821 0.87514742 -0.02412192
v -0.05286214 0.87514978 -0.02324555
v -0.05279398 0.87436990 -0.02325827
v -0.05260717 0.87515678 -0.02240260
v -0.05254206 0.87436990 -0.02242783
v -0.05219299 0.87516814 -0.02162532
v -0.05213297 0.87436990 -0.02166247
v -0.05163529 0.87518344 -0.02094338
v -0.05158243 0.87436990 -0.02099164
v -0.05095530 0.87520209 -0.02038298
v -0.05091159 0.87436990 -0.02044112
v -0.05017887 0.87522339 -0.01996569
v -0.05014624 0.87436990 -0.02003203
v -0.05003933 0.87522721 -0.01992301
v -0.04933568 0.87524652 -0.01970769
v -0.04931579 0.87436990 -0.01978011
v -0.04921057 0.87524995 -0.01969504
v -0.04845795 0.87527059 -0.01961905
v -0.04845214 0.87436990 -0.01969504
v -0.04835358 0.87527346 -0.01962910
v -0.04757941 0.87529470 -0.01970349
v -0.04758850 0.87436990 -0.01978011
v -0.04749892 0.87529690 -0.01972771
v -0.04673380 0.87531789 -0.01995793
v -0.04675805 0.87436990 -0.02003203
v -0.04595383 0.87533929 -0.02037284
v -0.04599270 0.87436990 -0.02044112
v -0.04526966 0.87535805 -0.02093241
v -0.04532187 0.87436990 -0.02099164
v -0.04470778 0.87537347 -0.02161519
v -0.04477133 0.87436990 -0.02166251
v -0.04459954 0.87352318 -0.02252612
v -0.04498489 0.87352318 -0.02180518
v -0.04436224 0.87352318 -0.02330840
v -0.04477133 0.87274284 -0.02338977
v -0.04498489 0.87274284 -0.02268574
v -0.04469923 0.87274284 -0.02412192
v -0.04428212 0.87352318 -0.02412192
v -0.04477133 0.87274284 -0.02485408
v -0.04436224 0.87352318 -0.02493546
v -0.04459955 0.87352318 -0.02571774
v -0.04498490 0.87274284 -0.02555810
v -0.04533170 0.87274284 -0.02620694
v -0.04498490 0.87352318 -0.02643866
v -0.04550350 0.87352318 -0.02707059
v -0.04579844 0.87274284 -0.02677567
v -0.04613540 0.87352318 -0.02758918
v -0.04636713 0.87274284 -0.02724236
v -0.04701598 0.87274284 -0.02758918
v -0.04685635 0.87352318 -0.02797455
v -0.04771999 0.87274284 -0.02780274
v -0.04763862 0.87352318 -0.02821183
v -0.04845215 0.87274284 -0.02787486
v -0.04845215 0.87352318 -0.02829198
v -0.04926569 0.87352318 -0.02821183
v -0.04918432 0.87274284 -0.02780274
v -0.05004796 0.87352318 -0.02797455
v -0.04988834 0.87274284 -0.02758917
v -0.05076890 0.87352318 -0.02758917
v -0.05053717 0.87274284 -0.02724236
v -0.05140082 0.87352318 -0.02707059
v -0.05110588 0.87274284 -0.02677563
v -0.05191942 0.87352318 -0.02643866
v -0.05157260 0.87274284 -0.02620694
v -0.05230477 0.87352318 -0.02571774
v -0.05191942 0.87274284 -0.02555810
v -0.05254206 0.87352318 -0.02493546
v -0.05213298 0.87274284 -0.02485407
v -0.05220509 0.87274284 -0.02412192
v -0.05262219 0.87352318 -0.02412192
v -0.05254206 0.87352318 -0.02330838
v -0.05213298 0.87274284 -0.02338977
v -0.05230476 0.87352318 -0.02252612
v -0.05191941 0.87274284 -0.02268574
v -0.05191941 0.87352318 -0.02180518
v -0.05157260 0.87274284 -0.02203692
v -0.05140081 0.87352318 -0.02117327
v -0.05110588 0.87274284 -0.02146819
v -0.05053717 0.87274284 -0.02100146
v -0.05076889 0.87352318 -0.02065468
v -0.05004795 0.87352318 -0.02026930
v -0.04988834 0.87274284 -0.02065468
v -0.04926569 0.87352318 -0.02003203
v -0.04918431 0.87274284 -0.02044112
v -0.04845214 0.87274284 -0.02036900
v -0.04845214 0.87352318 -0.01995188
v -0.04763862 0.87352318 -0.02003203
v -0.04771999 0.87274284 -0.02044112
v -0.04685634 0.87352318 -0.02026931
v -0.04701596 0.87274284 -0.02065469
v -0.04613540 0.87352318 -0.02065469
v -0.04636713 0.87274284 -0.02100150
v -0.04550349 0.87352318 -0.02117327
v -0.04579842 0.87274284 -0.02146823
v -0.04533170 0.87274284 -0.02203692
v -0.04550349 0.87205886 -0.02290055
v -0.04579844 0.87205886 -0.02234877
v -0.04532187 0.87205886 -0.02349929
v -0.04526055 0.87205886 -0.02412192
v -0.04594452 0.87149753 -0.02412192
v -0.04599270 0.87149753 -0.02363270
v -0.04599270 0.87149753 -0.02461116
v -0.04532187 0.87205886 -0.02474457
v -0.04613540 0.87149753 -0.02508155
v -0.04550350 0.87205886 -0.02534331
v -0.04579844 0.87205886 -0.02589509
v -0.04636713 0.87149753 -0.02551509
v -0.04619535 0.87205886 -0.02637873
v -0.04667900 0.87149753 -0.02589509
v -0.04705899 0.87149753 -0.02620694
v -0.04667900 0.87205886 -0.02677567
v -0.04723078 0.87205886 -0.02707059
v -0.04749253 0.87149753 -0.02643866
v -0.04796294 0.87149753 -0.02658139
v -0.04782950 0.87205886 -0.02725220
v -0.04845215 0.87205886 -0.02731354
v -0.04845215 0.87149753 -0.02662955
v -0.04894137 0.87149753 -0.02658139
v -0.04907481 0.87205886 -0.02725220
v -0.04967353 0.87205886 -0.02707059
v -0.04941178 0.87149753 -0.02643866
v -0.04984532 0.87149753 -0.02620694
v -0.05022532 0.87205886 -0.02677567
v -0.05022532 0.87149753 -0.02589509
v -0.05070896 0.87205886 -0.02637873
v -0.05110588 0.87205886 -0.02589509
v -0.05053717 0.87149753 -0.02551509
v -0.05076890 0.87149753 -0.02508155
v -0.05140082 0.87205886 -0.02534331
v -0.05091160 0.87149753 -0.02461116
v -0.05158244 0.87205886 -0.02474457
v -0.05164376 0.87205886 -0.02412192
v -0.05095979 0.87149753 -0.02412192
v -0.05091160 0.87149753 -0.02363270
v -0.05158244 0.87205886 -0.02349929
v -0.05140081 0.87205886 -0.02290055
v -0.05076889 0.87149753 -0.02316231
v -0.05053717 0.87149753 -0.02272875
v -0.05110588 0.87205886 -0.02234877
v -0.05070896 0.87205886 -0.02186511
v -0.05022531 0.87149753 -0.02234877
v -0.04984532 0.87149753 -0.02203692
v -0.05022531 0.87205886 -0.02146819
v -0.04967352 0.87205886 -0.02117327
v -0.04941178 0.87149753 -0.02180518
v -0.04894136 0.87149753 -0.02166247
v -0.04907480 0.87205886 -0.02099164
v -0.04845215 0.87149753 -0.02161429
v -0.04845214 0.87205886 -0.02093032
v -0.04796294 0.87149753 -0.02166247
v -0.04782950 0.87205886 -0.02099164
v -0.04723077 0.87205886 -0.02117327
v -0.04749252 0.87149753 -0.02180518
v -0.04667899 0.87205886 -0.02146823
v -0.04705899 0.87149753 -0.02203692
v -0.04667899 0.87149753 -0.02234877
v -0.04619534 0.87205886 -0.02186513
v -0.04636713 0.87149753 -0.02272876
v -0.04613540 0.87149753 -0.02316231
v -0.04675806 0.87108043 -0.02378495
v -0.04685635 0.87108043 -0.02346093
v -0.04672487 0.87108043 -0.02412192
v -0.04675806 0.87108043 -0.02445889
v -0.04758851 0.87082358 -0.02429373
v -0.04757159 0.87082358 -0.02412192
v -0.04685635 0.87108043 -0.02478293
v -0.04763862 0.87082358 -0.02445889
v -0.04771999 0.87082358 -0.02461116
v -0.04701598 0.87108043 -0.02508155
v -0.04723078 0.87108043 -0.02534331
v -0.04782950 0.87082358 -0.02474457
v -0.04749253 0.87108043 -0.02555810
v -0.04796294 0.87082358 -0.02485408
v -0.04811518 0.87082358 -0.02493546
v -0.04779115 0.87108043 -0.02571774
v -0.04811518 0.87108043 -0.02581603
v -0.04828038 0.87082358 -0.02498559
v -0.04845215 0.87108043 -0.02584920
v -0.04845215 0.87082358 -0.02500249
v -0.04862394 0.87082358 -0.02498559
v -0.04878913 0.87108043 -0.02581603
v -0.04878913 0.87082358 -0.02493546
v -0.04911315 0.87108043 -0.02571774
v -0.04941178 0.87108043 -0.02555810
v -0.04894137 0.87082358 -0.02485408
v -0.04907481 0.87082358 -0.02474457
v -0.04967352 0.87108043 -0.02534331
v -0.04918432 0.87082358 -0.02461116
v -0.04988834 0.87108043 -0.02508155
v -0.05004796 0.87108043 -0.02478293
v -0.04926569 0.87082358 -0.02445889
v -0.04931579 0.87082358 -0.02429373
v -0.05014625 0.87108043 -0.02445889
v -0.04933272 0.87082358 -0.02412192
v -0.05017945 0.87108043 -0.02412192
v -0.05014625 0.87108043 -0.02378495
v -0.04931579 0.87082358 -0.02395014
v -0.05004796 0.87108043 -0.02346093
v -0.04926569 0.87082358 -0.02378495
v -0.04988834 0.87108043 -0.02316231
v -0.04918431 0.87082358 -0.02363270
v -0.04907481 0.87082358 -0.02349929
v -0.04967352 0.87108043 -0.02290055
v -0.04941178 0.87108043 -0.02268574
v -0.04894137 0.87082358 -0.02338977
v -0.04878912 0.87082358 -0.02330838
v -0.04911315 0.87108043 -0.02252612
v -0.04878912 0.87108043 -0.02242783
v -0.04862394 0.87082358 -0.02325827
v -0.04845215 0.87108043 -0.02239466
v -0.04845215 0.87082358 -0.02324135
v -0.04828036 0.87082358 -0.02325827
v -0.04811517 0.87108043 -0.02242783
v -0.04779115 0.87108043 -0.02252612
v -0.04811517 0.87082358 -0.02330840
v -0.04796294 0.87082358 -0.02338977
v -0.04749252 0.87108043 -0.02268574
v -0.04782950 0.87082358 -0.02349929
v -0.04723077 0.87108043 -0.02290055
v -0.04771999 0.87082358 -0.02363270
v -0.04701598 0.87108043 -0.02316231
v -0.04763862 0.87082358 -0.02378495
v -0.04758851 0.87082358 -0.02395014
v -0.04845215 0.87073685 -0.02412192
v -0.04436225 0.87436990 -0.05114876
v -0.04429003 0.87538493 -0.05111582
v -0.04403278 0.87539198 -0.05196231
v -0.04411033 0.87436990 -0.05197924
v -0.04393854 0.87525047 -0.05284285
v -0.04402527 0.87436990 -0.05284285
v -0.04394630 0.87539435 -0.05284285
v -0.04403278 0.87539198 -0.05372344
v -0.04411033 0.87436990 -0.05370650
v -0.04429003 0.87538493 -0.05456990
v -0.04436225 0.87436990 -0.05453694
v -0.04477133 0.87436990 -0.05530232
v -0.04470778 0.87537347 -0.05534958
v -0.04532187 0.87436990 -0.05597315
v -0.04526967 0.87535805 -0.05603236
v -0.04599271 0.87436990 -0.05652367
v -0.04595385 0.87533929 -0.05659196
v -0.04675806 0.87436990 -0.05693276
v -0.04673383 0.87531789 -0.05700684
v -0.04679797 0.87531613 -0.05702614
v -0.04757941 0.87529470 -0.05726130
v -0.04758852 0.87436990 -0.05718468
v -0.04766717 0.87529229 -0.05726975
v -0.04845797 0.87527059 -0.05734572
v -0.04845216 0.87436990 -0.05726975
v -0.04856751 0.87526759 -0.05733466
v -0.04933570 0.87524652 -0.05725710
v -0.04931580 0.87436990 -0.05718468
v -0.04946183 0.87524306 -0.05721852
v -0.05017891 0.87522339 -0.05699910
v -0.05014625 0.87436990 -0.05693276
v -0.05091161 0.87436990 -0.05652367
v -0.05095530 0.87520209 -0.05658181
v -0.05158244 0.87436990 -0.05597315
v -0.05163529 0.87518344 -0.05602139
v -0.05213298 0.87436990 -0.05530232
v -0.05219300 0.87516814 -0.05533946
v -0.05254206 0.87436990 -0.05453694
v -0.05260718 0.87515678 -0.05456215
v -0.05279398 0.87436990 -0.05370650
v -0.05286214 0.87514978 -0.05371922
v -0.05287904 0.87436990 -0.05284285
v -0.05294821 0.87514742 -0.05284285
v -0.05286214 0.87514978 -0.05196650
v -0.05279398 0.87436990 -0.05197920
v -0.05260717 0.87515678 -0.05112353
v -0.05254206 0.87436990 -0.05114874
v -0.05219299 0.87516814 -0.05034625
v -0.05213298 0.87436990 -0.05038340
v -0.05163529 0.87518344 -0.04966433
v -0.05158243 0.87436990 -0.04971257
v -0.05095530 0.87520209 -0.04910391
v -0.05091159 0.87436990 -0.04916203
v -0.05017888 0.87522339 -0.04868661
v -0.05014624 0.87436990 -0.04875296
v -0.05003935 0.87522721 -0.04864392
v -0.04933569 0.87524652 -0.04842860
v -0.04931579 0.87436990 -0.04850102
v -0.04921059 0.87524995 -0.04841597
v -0.04845795 0.87527059 -0.04833998
v -0.04845215 0.87436990 -0.04841597
v -0.04835358 0.87527346 -0.04835003
v -0.04757941 0.87529470 -0.04842442
v -0.04758851 0.87436990 -0.04850102
v -0.04749894 0.87529690 -0.04844863
v -0.04673381 0.87531789 -0.04867886
v -0.04675805 0.87436990 -0.04875296
v -0.04595383 0.87533929 -0.04909377
v -0.04599271 0.87436990 -0.04916203
v -0.04526965 0.87535805 -0.04965336
v -0.04532187 0.87436990 -0.04971257
v -0.04470778 0.87537347 -0.05033612
v -0.04477133 0.87436990 -0.05038342
v -0.04459954 0.87352318 -0.05124705
v -0.04498489 0.87352318 -0.05052611
v -0.04436225 0.87352318 -0.05202933
v -0.04477133 0.87274284 -0.05211070
v -0.04498489 0.87274284 -0.05140669
v -0.04469923 0.87274284 -0.05284285
v -0.04428212 0.87352318 -0.05284285
v -0.04477133 0.87274284 -0.05357501
v -0.04436225 0.87352318 -0.05365641
v -0.04459955 0.87352318 -0.05443865
v -0.04498490 0.87274284 -0.05427903
v -0.04533170 0.87274284 -0.05492787
v -0.04498490 0.87352318 -0.05515959
v -0.04550350 0.87352318 -0.05579152
v -0.04579844 0.87274284 -0.05549658
v -0.04613540 0.87352318 -0.05631011
v -0.04636714 0.87274284 -0.05596329
v -0.04701598 0.87274284 -0.05631011
v -0.04685635 0.87352318 -0.05669547
v -0.04771999 0.87274284 -0.05652367
v -0.04763862 0.87352318 -0.05693276
v -0.04845216 0.87274284 -0.05659579
v -0.04845216 0.87352318 -0.05701289
v -0.04926570 0.87352318 -0.05693276
v -0.04918432 0.87274284 -0.05652367
v -0.05004796 0.87352318 -0.05669547
v -0.04988834 0.87274284 -0.05631011
v -0.05076891 0.87352318 -0.05631011
v -0.05053717 0.87274284 -0.05596329
v -0.05140082 0.87352318 -0.05579152
v -0.05110588 0.87274284 -0.05549656
v -0.05191942 0.87352318 -0.05515959
v -0.05157261 0.87274284 -0.05492787
v -0.05230477 0.87352318 -0.05443865
v -0.05191942 0.87274284 -0.05427903
v -0.05254206 0.87352318 -0.05365637
v -0.05213298 0.87274284 -0.05357501
v -0.05220509 0.87274284 -0.05284285
v -0.05262219 0.87352318 -0.05284285
v -0.05254206 0.87352318 -0.05202931
v -0.05213298 0.87274284 -0.05211068
v -0.05230476 0.87352318 -0.05124705
v -0.05191941 0.87274284 -0.05140666
v -0.05191941 0.87352318 -0.05052611
v -0.05157261 0.87274284 -0.05075785
v -0.05140081 0.87352318 -0.04989419
v -0.05110588 0.87274284 -0.05018912
v -0.05053717 0.87274284 -0.04972239
v -0.05076890 0.87352318 -0.04937560
v -0.05004796 0.87352318 -0.04899024
v -0.04988834 0.87274284 -0.04937560
v -0.04926570 0.87352318 -0.04875296
v -0.04918431 0.87274284 -0.04916203
v -0.04845215 0.87274284 -0.04908991
v -0.04845215 0.87352318 -0.04867282
v -0.04763862 0.87352318 -0.04875296
v -0.04771999 0.87274284 -0.04916203
v -0.04685634 0.87352318 -0.04899024
v -0.04701596 0.87274284 -0.04937560
v -0.04613540 0.87352318 -0.04937560
v -0.04636714 0.87274284 -0.04972243
v -0.04550349 0.87352318 -0.04989421
v -0.04579842 0.87274284 -0.05018914
v -0.04533170 0.87274284 -0.05075785
v -0.04550349 0.87205886 -0.05162148
v -0.04579844 0.87205886 -0.05106970
v -0.04532187 0.87205886 -0.05222020
v -0.04526055 0.87205886 -0.05284285
v -0.04594453 0.87149753 -0.05284285
v -0.04599271 0.87149753 -0.05235364
v -0.04599271 0.87149753 -0.05333209
v -0.04532187 0.87205886 -0.05346551
v -0.04613540 0.87149753 -0.05380248
v -0.04550350 0.87205886 -0.05406424
v -0.04579844 0.87205886 -0.05461602
v -0.04636714 0.87149753 -0.05423604
v -0.04619535 0.87205886 -0.05509966
v -0.04667900 0.87149753 -0.05461602
v -0.04705899 0.87149753 -0.05492787
v -0.04667900 0.87205886 -0.05549658
v -0.04723078 0.87205886 -0.05579152
v -0.04749253 0.87149753 -0.05515959
v -0.04796294 0.87149753 -0.05530232
v -0.04782950 0.87205886 -0.05597315
v -0.04845216 0.87205886 -0.05603446
v -0.04845216 0.87149753 -0.05535048
v -0.04894137 0.87149753 -0.05530232
v -0.04907481 0.87205886 -0.05597315
v -0.04967354 0.87205886 -0.05579152
v -0.04941178 0.87149753 -0.05515959
v -0.04984532 0.87149753 -0.05492787
v -0.05022532 0.87205886 -0.05549658
v -0.05022532 0.87149753 -0.05461602
v -0.05070896 0.87205886 -0.05509966
v -0.05110588 0.87205886 -0.05461602
v -0.05053717 0.87149753 -0.05423604
v -0.05076891 0.87149753 -0.05380248
v -0.05140082 0.87205886 -0.05406424
v -0.05091160 0.87149753 -0.05333209
v -0.05158244 0.87205886 -0.05346551
v -0.05164376 0.87205886 -0.05284285
v -0.05095979 0.87149753 -0.05284285
v -0.05091160 0.87149753 -0.05235364
v -0.05158244 0.87205886 -0.05222020
v -0.05140081 0.87205886 -0.05162148
v -0.05076890 0.87149753 -0.05188323
v -0.05053717 0.87149753 -0.05144969
v -0.05110588 0.87205886 -0.05106970
v -0.05070896 0.87205886 -0.05058606
v -0.05022531 0.87149753 -0.05106970
v -0.04984532 0.87149753 -0.05075785
v -0.05022531 0.87205886 -0.05018912
v -0.04967353 0.87205886 -0.04989419
v -0.04941178 0.87149753 -0.05052611
v -0.04894136 0.87149753 -0.05038340
v -0.04907480 0.87205886 -0.04971257
v -0.04845216 0.87149753 -0.05033524
v -0.04845215 0.87205886 -0.04965125
v -0.04796294 0.87149753 -0.05038340
v -0.04782950 0.87205886 -0.04971257
v -0.04723077 0.87205886 -0.04989419
v -0.04749252 0.87149753 -0.05052611
v -0.04667899 0.87205886 -0.05018914
v -0.04705899 0.87149753 -0.05075785
v -0.04667899 0.87149753 -0.05106970
v -0.04619534 0.87205886 -0.05058606
v -0.04636714 0.87149753 -0.05144969
v -0.04613540 0.87149753 -0.05188323
v -0.04675806 0.87108043 -0.05250588
v -0.04685635 0.87108043 -0.05218186
v -0.04672487 0.87108043 -0.05284285
v -0.04675806 0.87108043 -0.05317984
v -0.04758852 0.87082358 -0.05301465
v -0.04757159 0.87082358 -0.05284285
v -0.04685635 0.87108043 -0.05350386
v -0.04763862 0.87082358 -0.05317984
v -0.04771999 0.87082358 -0.05333209
v -0.04701598 0.87108043 -0.05380248
v -0.04723078 0.87108043 -0.05406424
v -0.04782950 0.87082358 -0.05346551
v -0.04749253 0.87108043 -0.05427903
v -0.04796294 0.87082358 -0.05357501
v -0.04811518 0.87082358 -0.05365641
v -0.04779115 0.87108043 -0.05443865
v -0.04811518 0.87108043 -0.05453694
v -0.04828038 0.87082358 -0.05370650
v -0.04845216 0.87108043 -0.05457013
v -0.04845216 0.87082358 -0.05372344
v -0.04862394 0.87082358 -0.05370650
v -0.04878914 0.87108043 -0.05453694
v -0.04878914 0.87082358 -0.05365641
v -0.04911316 0.87108043 -0.05443865
v -0.04941178 0.87108043 -0.05427903
v -0.04894137 0.87082358 -0.05357501
v -0.04907481 0.87082358 -0.05346551
v -0.04967353 0.87108043 -0.05406424
v -0.04918432 0.87082358 -0.05333209
v -0.04988834 0.87108043 -0.05380248
v -0.05004796 0.87108043 -0.05350386
v -0.04926570 0.87082358 -0.05317984
v -0.04931579 0.87082358 -0.05301465
v -0.05014625 0.87108043 -0.05317984
v -0.04933272 0.87082358 -0.05284285
v -0.05017945 0.87108043 -0.05284285
v -0.05014625 0.87108043 -0.05250588
v -0.04931579 0.87082358 -0.05267106
v -0.05004796 0.87108043 -0.05218184
v -0.04926570 0.87082358 -0.05250588
v -0.04988834 0.87108043 -0.05188323
v -0.04918431 0.87082358 -0.05235364
v -0.04907481 0.87082358 -0.05222020
v -0.04967353 0.87108043 -0.05162148
v -0.04941178 0.87108043 -0.05140669
v -0.04894137 0.87082358 -0.05211070
v -0.04878913 0.87082358 -0.05202931
v -0.04911316 0.87108043 -0.05124705
v -0.04878913 0.87108043 -0.05114876
v -0.04862394 0.87082358 -0.05197920
v -0.04845216 0.87108043 -0.05111558
v -0.04845216 0.87082358 -0.05196229
v -0.04828036 0.87082358 -0.05197920
v -0.04811517 0.87108043 -0.05114876
v -0.04779115 0.87108043 -0.05124705
v -0.04811517 0.87082358 -0.05202933
v -0.04796294 0.87082358 -0.05211070
v -0.04749252 0.87108043 -0.05140669
v -0.04782950 0.87082358 -0.05222020
v -0.04723077 0.87108043 -0.05162148
v -0.04771999 0.87082358 -0.05235364
v -0.04701598 0.87108043 -0.05188323
v -0.04763862 0.87082358 -0.05250588
v -0.04758852 0.87082358 -0.05267106
v -0.04845216 0.87073685 -0.05284285
v -0.24864317 0.85123094 0.01057200
v -0.24864322 0.85123094 -0.59970829
v -0.24368198 0.85123094 -0.62169231
v -0.24368192 0.85123094 0.03235995
v -0.02743602 0.85121641 -0.62441602
v -0.01531319 0.85121641 -0.49976700
v -0.00319038 0.85121641 -0.35387741
v -0.00319037 0.85121641 -0.23289232
v -0.01531316 0.85121641 -0.08700274
v -0.02743596 0.85121641 0.03629697
v -0.01520278 0.87976050 -0.08700274
v -0.00338093 0.88244495 -0.23289232
v -0.00338094 0.88244495 -0.35387741
v -0.01520282 0.87976050 -0.49976702
v -0.21798279 0.86514857 -0.08868230
v -0.18597584 0.86582529 -0.08868230
v -0.18597585 0.86582529 -0.11881503
v -0.15552221 0.86646916 -0.11881504
v -0.15552221 0.86646916 -0.14894776
v -0.18597585 0.86582529 -0.14894776
v -0.21798280 0.86514857 -0.17908047
v -0.18597585 0.86582529 -0.17908047
v -0.04403278 0.87539198 0.00367889
v -0.04394630 0.87539435 0.00455945
v -0.04394630 0.87539435 -0.02412192
v -0.04403278 0.87539198 -0.02324137
v -0.04429003 0.87538493 -0.02239487
v -0.04429003 0.87538493 0.00283241
v -0.04470778 0.87537347 0.00205272
v -0.04470778 0.87537347 -0.02161519
v -0.04526966 0.87535805 -0.02093241
v -0.04526966 0.87535805 0.00136995
v -0.04595383 0.87533929 -0.02037284
v -0.04595385 0.87533929 0.00081035
v -0.04673380 0.87531789 -0.01995793
v -0.04673382 0.87531789 0.00039546
v -0.04679798 0.87531613 0.00037616
v -0.04749892 0.87529690 -0.01972771
v -0.04757941 0.87529470 0.00014098
v -0.04757941 0.87529470 -0.01970349
v -0.04766716 0.87529229 0.00013255
v -0.04835358 0.87527346 -0.01962910
v -0.04845797 0.87527059 0.00005658
v -0.04845795 0.87527059 -0.01961905
v -0.04403278 0.87539198 -0.02500249
v -0.04394630 0.87539435 -0.05284285
v -0.04403278 0.87539198 -0.05196231
v -0.04429003 0.87538493 -0.05111582
v -0.04429003 0.87538493 -0.02584897
v -0.04470778 0.87537347 -0.02662865
v -0.04470778 0.87537347 -0.05033612
v -0.04526965 0.87535805 -0.04965336
v -0.04526967 0.87535805 -0.02731143
v -0.04595383 0.87533929 -0.04909377
v -0.04595385 0.87533929 -0.02787102
v -0.04673381 0.87531789 -0.04867886
v -0.04673382 0.87531789 -0.02828593
v -0.04679799 0.87531613 -0.02830521
v -0.04749894 0.87529690 -0.04844863
v -0.04757941 0.87529470 -0.02854037
v -0.04757941 0.87529470 -0.04842442
v -0.04766718 0.87529229 -0.02854882
v -0.04835358 0.87527346 -0.04835003
v -0.04845797 0.87527059 -0.02862481
v -0.04845795 0.87527059 -0.04833998
v -0.04856753 0.87526759 -0.02861373
v -0.04921059 0.87524995 -0.04841597
v -0.04933569 0.87524652 -0.02853617
v -0.04933569 0.87524652 -0.04842860
v -0.04946185 0.87524306 -0.02849759
v -0.05003935 0.87522721 -0.04864392
v -0.05017890 0.87522339 -0.02827819
v -0.05017888 0.87522339 -0.04868661
v -0.05095530 0.87520209 -0.04910391
v -0.05095530 0.87520209 -0.02786088
v -0.05163529 0.87518344 -0.04966433
v -0.05163529 0.87518344 -0.02730046
v -0.05219299 0.87516814 -0.02661854
v -0.05219299 0.87516814 -0.05034625
v -0.05260717 0.87515678 -0.05112353
v -0.05260718 0.87515678 -0.02584124
v -0.05260718 0.87515678 -0.05456215
v -0.05219300 0.87516814 -0.05533946
v -0.07511392 0.87453939 -0.08437371
v -0.05286214 0.87514978 -0.05371922
v -0.05294821 0.87514742 -0.05284285
v -0.05286214 0.87514978 -0.05196650
v -0.05286214 0.87514978 -0.02499829
v -0.05294821 0.87514742 -0.02412192
v -0.05286214 0.87514978 -0.02324555
v -0.05260717 0.87515678 -0.02240260
v -0.18544888 0.87151279 -0.17908048
v -0.18544887 0.87151279 -0.14894776
v -0.15501102 0.87234773 -0.14894776
v -0.15501102 0.87234773 -0.11881504
v -0.18544887 0.87151279 -0.11881503
v -0.18544887 0.87151279 -0.08868230
v -0.21743922 0.87063525 -0.08868230
v -0.21735156 0.87063766 -0.08437371
v -0.04429003 0.87538493 -0.05456990
v -0.04403278 0.87539198 -0.05372344
v -0.05069887 0.87520912 -0.17948280
v -0.05069882 0.87520912 -0.09408827
v -0.04470778 0.87537347 -0.05534958
v -0.04526967 0.87535805 -0.05603236
v -0.04595385 0.87533929 -0.05659196
v -0.04673383 0.87531789 -0.05700684
v -0.04679797 0.87531613 -0.05702614
v -0.04757941 0.87529470 -0.05726130
v -0.04766717 0.87529229 -0.05726975
v -0.04845797 0.87527059 -0.05734572
v -0.04856751 0.87526759 -0.05733466
v -0.04933570 0.87524652 -0.05725710
v -0.04946183 0.87524306 -0.05721852
v -0.05017891 0.87522339 -0.05699910
v -0.05095530 0.87520209 -0.05658181
v -0.05163529 0.87518344 -0.05602139
v -0.05069884 0.87520912 -0.30134310
v -0.05069887 0.87520912 -0.18466838
v -0.06790021 0.87473727 -0.18466837
v -0.06790021 0.87473727 -0.17948280
v -0.06790023 0.87473727 -0.44022356
v -0.06790024 0.87473727 -0.55689828
v -0.07511391 0.87453940 -0.18293286
v -0.06790023 0.87473727 -0.42785509
v -0.05069885 0.87520912 -0.42785509
v -0.05069885 0.87520912 -0.44022356
v -0.05069884 0.87520912 -0.31118038
v -0.06790022 0.87473727 -0.31118038
v -0.06790022 0.87473727 -0.30134310
v -0.13673747 0.87284899 -0.18105889
v -0.07445628 0.87455743 -0.18105889
v -0.07445628 0.87455743 -0.08744318
v -0.06790020 0.87473727 -0.09408827
v -0.13673746 0.87284899 -0.08744318
v -0.21735157 0.87063766 -0.18293286
v -0.21743923 0.87063525 -0.17908048
v -0.05069886 0.87520912 -0.55689828
v -0.05069887 0.87520912 -0.57662376
v -0.06790025 0.87473727 -0.57662376
v -0.06790024 0.87473727 -0.60605600
v -0.07511395 0.87453940 -0.60895261
v -0.05069887 0.87520912 -0.60605600
v -0.21735156 0.87063766 -0.60895260
v -0.21735155 0.87063766 0.03086880
v -0.07511391 0.87453939 0.03086879
v -0.04403278 0.87539198 0.00544000
v -0.04429003 0.87538493 0.00628650
v -0.04470778 0.87537347 0.00706619
v -0.04526964 0.87535805 0.00774896
v -0.04595383 0.87533929 0.00830852
v -0.04673380 0.87531789 0.00872342
v -0.04749893 0.87529690 0.00895368
v -0.04757940 0.87529470 0.00897788
v -0.04835358 0.87527346 0.00905227
v -0.04845795 0.87527059 0.00906232
v -0.04921059 0.87524995 0.00898631
v -0.04933568 0.87524652 0.00897371
v -0.05003935 0.87522721 0.00875839
v -0.05017887 0.87522339 0.00871568
v -0.05095530 0.87520209 0.00829839
v -0.05163529 0.87518344 0.00773799
v -0.05219299 0.87516814 0.00705606
v -0.05260717 0.87515678 0.00627878
v -0.05286214 0.87514978 0.00543582
v -0.05294820 0.87514742 0.00455945
v -0.05286214 0.87514978 0.00368308
v -0.05260718 0.87515678 0.00284015
v -0.05219299 0.87516814 0.00206285
v -0.05163529 0.87518344 0.00138091
v -0.05095530 0.87520209 0.00082048
v -0.05219299 0.87516814 -0.02162532
v -0.05163529 0.87518344 -0.02094338
v -0.05095530 0.87520209 -0.02038298
v -0.05017890 0.87522339 0.00040319
v -0.05017887 0.87522339 -0.01996569
v -0.05003933 0.87522721 -0.01992301
v -0.04946182 0.87524306 0.00018379
v -0.04933568 0.87524652 -0.01970769
v -0.04933569 0.87524652 0.00014520
v -0.04921057 0.87524995 -0.01969504
v -0.04856751 0.87526759 0.00006765
v -0.24005891 0.86332347 0.05095034
v -0.23913327 0.85810342 0.04830191
v -0.03784326 0.86029204 0.04812242
v -0.03729986 0.86659727 0.05045941
v -0.03737683 0.86663831 -0.63538492
v -0.03794269 0.85976621 -0.63345056
v -0.23890213 0.85747427 -0.63373775
v -0.23987982 0.86332463 -0.63593750
v -0.24730379 0.86309287 0.04173884
v -0.24633592 0.85805184 0.03923255
v -0.23913327 0.85810342 0.04830191
v -0.24005891 0.86332347 0.05095034
v -0.24709865 0.86307063 -0.62863536
v -0.24507621 0.86704893 -0.62452552
v -0.23809341 0.86803280 -0.63210826
v -0.23987982 0.86332463 -0.63593750
v -0.25232204 0.86275652 0.01916331
v -0.25133708 0.85789479 0.01686315
v -0.24633592 0.85805184 0.03923255
v -0.24730379 0.86309287 0.04173884
v -0.25255119 0.86286092 -0.61139972
v -0.25106141 0.86506457 -0.60694274
v -0.24507621 0.86704893 -0.62452552
v -0.24709865 0.86307063 -0.62863536
v -0.02485139 0.86674643 -0.63177606
v -0.02556421 0.85976864 -0.62976919
v -0.03794269 0.85976621 -0.63345056
v -0.03737683 0.86663831 -0.63538492
v -0.02477696 0.86671448 0.04584115
v -0.02566559 0.87270200 0.04253182
v -0.03818209 0.87222183 0.04684018
v -0.03729986 0.86659727 0.05045941
v -0.01239236 0.86683566 -0.50572525
v -0.01326388 0.85945621 -0.50396932
v -0.02556421 0.85976864 -0.62976919
v -0.02485139 0.86674643 -0.63177606
v -0.01239410 0.86683642 -0.08109410
v -0.01350343 0.87402561 -0.08344447
v -0.02566559 0.87270200 0.04253182
v -0.02477696 0.86671448 0.04584115
v 0.00001634 0.86692846 -0.35562788
v -0.00109539 0.85873738 -0.35501214
v -0.01326388 0.85945621 -0.50396932
v -0.01239236 0.86683566 -0.50572525
v 0.00001571 0.86692848 -0.23118776
v -0.00121818 0.87510569 -0.23179897
v -0.01350343 0.87402561 -0.08344447
v -0.01239410 0.86683642 -0.08109410
v 0.00001634 0.86692846 -0.35562788
v -0.00121688 0.87510126 -0.35500068
v -0.00121818 0.87510569 -0.23179897
v 0.00001571 0.86692848 -0.23118776
v -0.25255119 0.86286092 -0.61139972
v -0.25161723 0.85858765 -0.60860561
v -0.25133708 0.85789479 0.01686315
v -0.25232204 0.86275652 0.01916331
v -0.24005891 0.86332347 0.05095034
v -0.03729986 0.86659727 0.05045941
v -0.03737683 0.86663831 -0.63538492
v -0.23987982 0.86332463 -0.63593750
v -0.24730379 0.86309287 0.04173884
v -0.24005891 0.86332347 0.05095034
v -0.24709865 0.86307063 -0.62863536
v -0.23987982 0.86332463 -0.63593750
v -0.25232204 0.86275652 0.01916331
v -0.24730379 0.86309287 0.04173884
v -0.25255119 0.86286092 -0.61139972
v -0.24709865 0.86307063 -0.62863536
v -0.02485139 0.86674643 -0.63177606
v -0.03737683 0.86663831 -0.63538492
v -0.02477696 0.86671448 0.04584115
v -0.03729986 0.86659727 0.05045941
v -0.25255119 0.86286092 -0.61139972
v -0.25232204 0.86275652 0.01916331
v -0.21229359 0.87529398 -0.15176149
v -0.19057827 0.87580161 -0.17449155
v -0.21229359 0.87529398 -0.17449155
v -0.18777949 0.86107122 -0.17702054
v -0.21432700 0.86045063 -0.14923249
v -0.21432701 0.86045063 -0.17702054
v -0.21432701 0.86045063 -0.17702054
v -0.21229359 0.87529398 -0.15176149
v -0.21229359 0.87529398 -0.17449155
v -0.21432700 0.86045063 -0.14923249
v -0.19057827 0.87580161 -0.15176149
v -0.21229359 0.87529398 -0.15176149
v -0.18777949 0.86107122 -0.14923249
v -0.19057827 0.87580161 -0.17449155
v -0.19057827 0.87580161 -0.15176149
v -0.19057827 0.87580161 -0.17449155
v -0.21432701 0.86045063 -0.17702054
v -0.21229359 0.87529398 -0.17449155
v -0.12915662 0.88058947 -0.28738913
v -0.10744131 0.88109710 -0.31011918
v -0.12915662 0.88058947 -0.31011917
v -0.10464252 0.86636670 -0.31264818
v -0.13119003 0.86574612 -0.28486013
v -0.13119004 0.86574612 -0.31264818
v -0.13119004 0.86574612 -0.31264818
v -0.12915662 0.88058947 -0.28738913
v -0.12915662 0.88058947 -0.31011917
v -0.13119003 0.86574612 -0.28486013
v -0.10744131 0.88109710 -0.28738913
v -0.12915662 0.88058947 -0.28738913
v -0.10464252 0.86636670 -0.28486013
v -0.10744131 0.88109710 -0.31011918
v -0.10744131 0.88109710 -0.28738913
v -0.10744131 0.88109710 -0.31011918
v -0.13119004 0.86574612 -0.31264818
v -0.12915662 0.88058947 -0.31011917
v -0.12915662 0.88058947 -0.25896939
v -0.10744131 0.88109710 -0.28169944
v -0.12915662 0.88058947 -0.28169943
v -0.10464252 0.86636670 -0.28422844
v -0.13119003 0.86574612 -0.25644038
v -0.13119003 0.86574612 -0.28422844
v -0.13119003 0.86574612 -0.28422844
v -0.12915662 0.88058947 -0.25896939
v -0.12915662 0.88058947 -0.28169943
v -0.13119003 0.86574612 -0.25644038
v -0.10744130 0.88109710 -0.25896939
v -0.12915662 0.88058947 -0.25896939
v -0.10744130 0.88109710 -0.25896939
v -0.10464252 0.86636670 -0.28422844
v -0.10744131 0.88109710 -0.28169944
v -0.10744131 0.88109710 -0.28169944
v -0.13119003 0.86574612 -0.28422844
v -0.12915662 0.88058947 -0.28169943
v -0.12915662 0.88058947 -0.23110591
v -0.10744130 0.88109710 -0.25383596
v -0.12915662 0.88058947 -0.25383596
v -0.10464252 0.86636670 -0.25636497
v -0.13119003 0.86574612 -0.22857691
v -0.13119003 0.86574612 -0.25636496
v -0.12915662 0.88058947 -0.25383596
v -0.13119003 0.86574612 -0.22857691
v -0.12915662 0.88058947 -0.23110591
v -0.13119003 0.86574612 -0.22857691
v -0.10744130 0.88109710 -0.23110592
v -0.12915662 0.88058947 -0.23110591
v -0.10464252 0.86636670 -0.22857691
v -0.10744130 0.88109710 -0.25383596
v -0.10744130 0.88109710 -0.23110592
v -0.10744130 0.88109710 -0.25383596
v -0.13119003 0.86574612 -0.25636496
v -0.12915662 0.88058947 -0.25383596
v -0.12915663 0.88058947 -0.37268536
v -0.10744132 0.88109710 -0.39541540
v -0.12915663 0.88058947 -0.39541540
v -0.10464253 0.86636670 -0.39794441
v -0.13119004 0.86574612 -0.37015636
v -0.13119004 0.86574612 -0.39794440
v -0.13119004 0.86574612 -0.39794440
v -0.12915663 0.88058947 -0.37268536
v -0.12915663 0.88058947 -0.39541540
v -0.13119004 0.86574612 -0.37015636
v -0.10744131 0.88109710 -0.37268536
v -0.12915663 0.88058947 -0.37268536
v -0.10464253 0.86636670 -0.37015636
v -0.10744132 0.88109710 -0.39541540
v -0.10744131 0.88109710 -0.37268536
v -0.10744132 0.88109710 -0.39541540
v -0.13119004 0.86574612 -0.39794440
v -0.12915663 0.88058947 -0.39541540
v -0.12915663 0.88058947 -0.34426563
v -0.10744131 0.88109710 -0.36699568
v -0.12915663 0.88058947 -0.36699567
v -0.10464253 0.86636670 -0.36952468
v -0.13119004 0.86574612 -0.34173663
v -0.13119004 0.86574612 -0.36952468
v -0.13119004 0.86574612 -0.36952468
v -0.12915663 0.88058947 -0.34426563
v -0.12915663 0.88058947 -0.36699567
v -0.13119004 0.86574612 -0.34173663
v -0.10744131 0.88109710 -0.34426564
v -0.12915663 0.88058947 -0.34426563
v -0.10464253 0.86636670 -0.34173664
v -0.10744131 0.88109710 -0.36699568
v -0.10744131 0.88109710 -0.34426564
v -0.10744131 0.88109710 -0.36699568
v -0.13119004 0.86574612 -0.36952468
v -0.12915663 0.88058947 -0.36699567
v -0.12915662 0.88058947 -0.31640215
v -0.10744131 0.88109710 -0.33913220
v -0.12915663 0.88058947 -0.33913220
v -0.10464253 0.86636670 -0.34166120
v -0.13119004 0.86574612 -0.31387315
v -0.13119004 0.86574612 -0.34166119
v -0.13119004 0.86574612 -0.34166119
v -0.12915662 0.88058947 -0.31640215
v -0.12915663 0.88058947 -0.33913220
v -0.13119004 0.86574612 -0.31387315
v -0.10744131 0.88109710 -0.31640215
v -0.12915662 0.88058947 -0.31640215
v -0.10744131 0.88109710 -0.31640215
v -0.10464253 0.86636670 -0.34166120
v -0.10744131 0.88109710 -0.33913220
v -0.10744131 0.88109710 -0.33913220
v -0.13119004 0.86574612 -0.34166119
v -0.12915663 0.88058947 -0.33913220
v -0.12915664 0.88058947 -0.45879195
v -0.10744132 0.88109710 -0.48152202
v -0.12915664 0.88058947 -0.48152202
v -0.10464254 0.86636670 -0.48405101
v -0.13119005 0.86574612 -0.45626294
v -0.13119005 0.86574612 -0.48405101
v -0.13119005 0.86574612 -0.48405101
v -0.12915664 0.88058947 -0.45879195
v -0.12915664 0.88058947 -0.48152202
v -0.13119005 0.86574612 -0.45626294
v -0.10744132 0.88109710 -0.45879195
v -0.12915664 0.88058947 -0.45879195
v -0.10464254 0.86636670 -0.45626294
v -0.10744132 0.88109710 -0.48152202
v -0.10744132 0.88109710 -0.45879195
v -0.10744132 0.88109710 -0.48152202
v -0.13119005 0.86574612 -0.48405101
v -0.12915664 0.88058947 -0.48152202
v -0.12915664 0.88058947 -0.43037220
v -0.10744133 0.88109710 -0.45310226
v -0.12915665 0.88058947 -0.45310225
v -0.10464255 0.86636670 -0.45563125
v -0.13119006 0.86574612 -0.42784320
v -0.13119006 0.86574612 -0.45563125
v -0.13119006 0.86574612 -0.45563125
v -0.12915664 0.88058947 -0.43037220
v -0.12915665 0.88058947 -0.45310225
v -0.13119006 0.86574612 -0.42784320
v -0.10744133 0.88109710 -0.43037220
v -0.12915664 0.88058947 -0.43037220
v -0.10464254 0.86636670 -0.42784320
v -0.10744133 0.88109710 -0.45310226
v -0.10744133 0.88109710 -0.43037220
v -0.10744133 0.88109710 -0.45310226
v -0.13119006 0.86574612 -0.45563125
v -0.12915665 0.88058947 -0.45310225
v -0.12915663 0.88058947 -0.40250874
v -0.10744132 0.88109710 -0.42523878
v -0.12915663 0.88058947 -0.42523878
v -0.10464253 0.86636670 -0.42776777
v -0.13119004 0.86574612 -0.39997974
v -0.13119005 0.86574612 -0.42776777
v -0.13119005 0.86574612 -0.42776777
v -0.12915663 0.88058947 -0.40250874
v -0.12915663 0.88058947 -0.42523878
v -0.13119004 0.86574612 -0.39997974
v -0.10744132 0.88109710 -0.40250874
v -0.12915663 0.88058947 -0.40250874
v -0.10744132 0.88109710 -0.40250874
v -0.10464253 0.86636670 -0.42776777
v -0.10744132 0.88109710 -0.42523878
v -0.10744132 0.88109710 -0.42523878
v -0.13119005 0.86574612 -0.42776777
v -0.12915663 0.88058947 -0.42523878
v -0.12915664 0.88058947 -0.54440318
v -0.10744133 0.88109710 -0.56713324
v -0.12915665 0.88058947 -0.56713324
v -0.10464255 0.86636670 -0.56966224
v -0.13119006 0.86574612 -0.54187419
v -0.13119006 0.86574612 -0.56966223
v -0.13119006 0.86574612 -0.56966223
v -0.12915664 0.88058947 -0.54440318
v -0.12915665 0.88058947 -0.56713324
v -0.13119006 0.86574612 -0.54187419
v -0.10744133 0.88109710 -0.54440318
v -0.12915664 0.88058947 -0.54440318
v -0.10464254 0.86636670 -0.54187419
v -0.10744133 0.88109710 -0.56713324
v -0.10744133 0.88109710 -0.54440318
v -0.10744133 0.88109710 -0.56713324
v -0.13119006 0.86574612 -0.56966223
v -0.12915665 0.88058947 -0.56713324
v -0.12915664 0.88058947 -0.51598340
v -0.10744133 0.88109710 -0.53871346
v -0.12915664 0.88058947 -0.53871346
v -0.10464254 0.86636670 -0.54124248
v -0.13119005 0.86574612 -0.51345443
v -0.13119006 0.86574612 -0.54124247
v -0.12915664 0.88058947 -0.53871346
v -0.13119005 0.86574612 -0.51345443
v -0.12915664 0.88058947 -0.51598340
v -0.13119005 0.86574612 -0.51345443
v -0.10744133 0.88109710 -0.51598340
v -0.12915664 0.88058947 -0.51598340
v -0.10464254 0.86636670 -0.51345443
v -0.10744133 0.88109710 -0.53871346
v -0.10744133 0.88109710 -0.51598340
v -0.10744133 0.88109710 -0.53871346
v -0.13119006 0.86574612 -0.54124247
v -0.12915664 0.88058947 -0.53871346
v -0.12915664 0.88058947 -0.48811995
v -0.10744133 0.88109710 -0.51085002
v -0.12915664 0.88058947 -0.51085002
v -0.10464254 0.86636670 -0.51337901
v -0.13119005 0.86574612 -0.48559094
v -0.13119005 0.86574612 -0.51337901
v -0.13119005 0.86574612 -0.51337901
v -0.12915664 0.88058947 -0.48811995
v -0.12915664 0.88058947 -0.51085002
v -0.13119005 0.86574612 -0.48559094
v -0.10744132 0.88109710 -0.48811996
v -0.12915664 0.88058947 -0.48811995
v -0.10464254 0.86636670 -0.48559095
v -0.10744133 0.88109710 -0.51085002
v -0.10744132 0.88109710 -0.48811996
v -0.10744133 0.88109710 -0.51085002
v -0.13119005 0.86574612 -0.51337901
v -0.12915664 0.88058947 -0.51085002
v -0.15796201 0.87991610 -0.27983757
v -0.13624670 0.88042372 -0.30256762
v -0.15796201 0.87991610 -0.30256762
v -0.13344791 0.86569333 -0.30509662
v -0.15999542 0.86507274 -0.27730857
v -0.15999542 0.86507274 -0.30509662
v -0.15796201 0.87991610 -0.30256762
v -0.15999542 0.86507274 -0.27730857
v -0.15796201 0.87991610 -0.27983757
v -0.15999542 0.86507274 -0.27730857
v -0.13624670 0.88042372 -0.27983757
v -0.15796201 0.87991610 -0.27983757
v -0.13344791 0.86569333 -0.27730857
v -0.13624670 0.88042372 -0.30256762
v -0.13624670 0.88042372 -0.27983757
v -0.13624670 0.88042372 -0.30256762
v -0.15999542 0.86507274 -0.30509662
v -0.15796201 0.87991610 -0.30256762
v -0.15796201 0.87991610 -0.25141781
v -0.13624670 0.88042372 -0.27414786
v -0.15796201 0.87991610 -0.27414786
v -0.13344791 0.86569333 -0.27667686
v -0.15999542 0.86507274 -0.24888881
v -0.15999542 0.86507274 -0.27667686
v -0.15999542 0.86507274 -0.27667686
v -0.15796201 0.87991610 -0.25141781
v -0.15796201 0.87991610 -0.27414786
v -0.15999542 0.86507274 -0.24888881
v -0.13624669 0.88042372 -0.25141781
v -0.15796201 0.87991610 -0.25141781
v -0.13624669 0.88042372 -0.25141781
v -0.13344791 0.86569333 -0.27667686
v -0.13624670 0.88042372 -0.27414786
v -0.13624670 0.88042372 -0.27414786
v -0.15999542 0.86507274 -0.27667686
v -0.15796201 0.87991610 -0.27414786
v -0.15796201 0.87991610 -0.22355434
v -0.13624669 0.88042372 -0.24628438
v -0.15796201 0.87991610 -0.24628438
v -0.13344791 0.86569333 -0.24881339
v -0.15999542 0.86507274 -0.22102534
v -0.15999542 0.86507274 -0.24881339
v -0.15999542 0.86507274 -0.24881339
v -0.15796201 0.87991610 -0.22355434
v -0.15796201 0.87991610 -0.24628438
v -0.15999542 0.86507274 -0.22102534
v -0.13624669 0.88042372 -0.22355434
v -0.15796201 0.87991610 -0.22355434
v -0.13344790 0.86569333 -0.22102534
v -0.13624669 0.88042372 -0.24628438
v -0.13624669 0.88042372 -0.22355434
v -0.13624669 0.88042372 -0.24628438
v -0.15999542 0.86507274 -0.24881339
v -0.15796201 0.87991610 -0.24628438
v -0.15796201 0.87991610 -0.36513379
v -0.13624670 0.88042372 -0.38786385
v -0.15796201 0.87991610 -0.38786384
v -0.13344791 0.86569333 -0.39039285
v -0.15999542 0.86507274 -0.36260480
v -0.15999542 0.86507274 -0.39039285
v -0.15796201 0.87991610 -0.38786384
v -0.15999542 0.86507274 -0.36260480
v -0.15796201 0.87991610 -0.36513379
v -0.15999542 0.86507274 -0.36260480
v -0.13624669 0.88042372 -0.36513380
v -0.15796201 0.87991610 -0.36513379
v -0.13344791 0.86569333 -0.36260480
v -0.13624670 0.88042372 -0.38786385
v -0.13624669 0.88042372 -0.36513380
v -0.13624670 0.88042372 -0.38786385
v -0.15999542 0.86507274 -0.39039285
v -0.15796201 0.87991610 -0.38786384
v -0.15796202 0.87991610 -0.33671404
v -0.13624670 0.88042372 -0.35944409
v -0.15796202 0.87991610 -0.35944408
v -0.13344792 0.86569333 -0.36197308
v -0.15999543 0.86507274 -0.33418504
v -0.15999543 0.86507274 -0.36197308
v -0.15999543 0.86507274 -0.36197308
v -0.15796202 0.87991610 -0.33671404
v -0.15796202 0.87991610 -0.35944408
v -0.15999543 0.86507274 -0.33418504
v -0.13624670 0.88042372 -0.33671404
v -0.15796202 0.87991610 -0.33671404
v -0.13624670 0.88042372 -0.33671404
v -0.13344792 0.86569333 -0.36197308
v -0.13624670 0.88042372 -0.35944409
v -0.13624670 0.88042372 -0.35944409
v -0.15999543 0.86507274 -0.36197308
v -0.15796202 0.87991610 -0.35944408
v -0.15796201 0.87991610 -0.30885057
v -0.13624670 0.88042372 -0.33158062
v -0.15796202 0.87991610 -0.33158061
v -0.13344791 0.86569333 -0.33410962
v -0.15999542 0.86507274 -0.30632157
v -0.15999543 0.86507274 -0.33410962
v -0.15999543 0.86507274 -0.33410962
v -0.15796201 0.87991610 -0.30885057
v -0.15796202 0.87991610 -0.33158061
v -0.15999542 0.86507274 -0.30632157
v -0.13624670 0.88042372 -0.30885058
v -0.15796201 0.87991610 -0.30885057
v -0.13344791 0.86569333 -0.30632157
v -0.13624670 0.88042372 -0.33158062
v -0.13624670 0.88042372 -0.30885058
v -0.13624670 0.88042372 -0.33158062
v -0.15999543 0.86507274 -0.33410962
v -0.15796202 0.87991610 -0.33158061
v -0.15796203 0.87991610 -0.45124037
v -0.13624671 0.88042372 -0.47397042
v -0.15796203 0.87991610 -0.47397042
v -0.13344793 0.86569333 -0.47649943
v -0.15999544 0.86507274 -0.44871138
v -0.15999544 0.86507274 -0.47649943
v -0.15999544 0.86507274 -0.47649943
v -0.15796203 0.87991610 -0.45124037
v -0.15796203 0.87991610 -0.47397042
v -0.15999544 0.86507274 -0.44871138
v -0.13624671 0.88042372 -0.45124038
v -0.15796203 0.87991610 -0.45124037
v -0.13344792 0.86569333 -0.44871139
v -0.13624671 0.88042372 -0.47397042
v -0.13624671 0.88042372 -0.45124038
v -0.13624671 0.88042372 -0.47397042
v -0.15999544 0.86507274 -0.47649943
v -0.15796203 0.87991610 -0.47397042
v -0.15796202 0.87991610 -0.42282061
v -0.13624671 0.88042372 -0.44555067
v -0.15796203 0.87991610 -0.44555067
v -0.13344792 0.86569333 -0.44807966
v -0.15999543 0.86507274 -0.42029162
v -0.15999544 0.86507274 -0.44807966
v -0.15999544 0.86507274 -0.44807966
v -0.15796202 0.87991610 -0.42282061
v -0.15796203 0.87991610 -0.44555067
v -0.15999543 0.86507274 -0.42029162
v -0.13624671 0.88042372 -0.42282062
v -0.15796202 0.87991610 -0.42282061
v -0.13344792 0.86569333 -0.42029162
v -0.13624671 0.88042372 -0.44555067
v -0.13624671 0.88042372 -0.42282062
v -0.13624671 0.88042372 -0.44555067
v -0.15999544 0.86507274 -0.44807966
v -0.15796203 0.87991610 -0.44555067
v -0.15796201 0.87991610 -0.39495716
v -0.13624670 0.88042372 -0.41768720
v -0.15796201 0.87991610 -0.41768719
v -0.13344791 0.86569333 -0.42021621
v -0.15999542 0.86507274 -0.39242816
v -0.15999542 0.86507274 -0.42021621
v -0.15796201 0.87991610 -0.41768719
v -0.15999542 0.86507274 -0.39242816
v -0.15796201 0.87991610 -0.39495716
v -0.15999542 0.86507274 -0.39242816
v -0.13624670 0.88042372 -0.39495716
v -0.15796201 0.87991610 -0.39495716
v -0.13344791 0.86569333 -0.39242816
v -0.13624670 0.88042372 -0.41768720
v -0.13624670 0.88042372 -0.39495716
v -0.13624670 0.88042372 -0.41768720
v -0.15999542 0.86507274 -0.42021621
v -0.15796201 0.87991610 -0.41768719
v -0.15796203 0.87991610 -0.53685160
v -0.13624672 0.88042372 -0.55958165
v -0.15796204 0.87991610 -0.55958165
v -0.13344793 0.86569333 -0.56211064
v -0.15999544 0.86507274 -0.53432261
v -0.15999545 0.86507274 -0.56211064
v -0.15999545 0.86507274 -0.56211064
v -0.15796203 0.87991610 -0.53685160
v -0.15796204 0.87991610 -0.55958165
v -0.15999544 0.86507274 -0.53432261
v -0.13624672 0.88042372 -0.53685160
v -0.15796203 0.87991610 -0.53685160
v -0.13344793 0.86569333 -0.53432261
v -0.13624672 0.88042372 -0.55958165
v -0.13624672 0.88042372 -0.53685160
v -0.13624672 0.88042372 -0.55958165
v -0.15999545 0.86507274 -0.56211064
v -0.15796204 0.87991610 -0.55958165
v -0.15796203 0.87991610 -0.50843184
v -0.13624672 0.88042372 -0.53116191
v -0.15796203 0.87991610 -0.53116190
v -0.13344793 0.86569333 -0.53369088
v -0.15999544 0.86507274 -0.50590285
v -0.15999544 0.86507274 -0.53369088
v -0.15999544 0.86507274 -0.53369088
v -0.15796203 0.87991610 -0.50843184
v -0.15796203 0.87991610 -0.53116190
v -0.15999544 0.86507274 -0.50590285
v -0.13624672 0.88042372 -0.50843184
v -0.15796203 0.87991610 -0.50843184
v -0.13624672 0.88042372 -0.50843184
v -0.13344793 0.86569333 -0.53369088
v -0.13624672 0.88042372 -0.53116191
v -0.13624672 0.88042372 -0.53116191
v -0.15999544 0.86507274 -0.53369088
v -0.15796203 0.87991610 -0.53116190
v -0.15796203 0.87991610 -0.48056838
v -0.13624672 0.88042372 -0.50329844
v -0.15796203 0.87991610 -0.50329844
v -0.13344793 0.86569333 -0.50582743
v -0.15999544 0.86507274 -0.47803939
v -0.15999544 0.86507274 -0.50582743
v -0.15999544 0.86507274 -0.50582743
v -0.15796203 0.87991610 -0.48056838
v -0.15796203 0.87991610 -0.50329844
v -0.15999544 0.86507274 -0.47803939
v -0.13624671 0.88042372 -0.48056838
v -0.15796203 0.87991610 -0.48056838
v -0.13344793 0.86569333 -0.47803939
v -0.13624672 0.88042372 -0.50329844
v -0.13624671 0.88042372 -0.48056838
v -0.13624672 0.88042372 -0.50329844
v -0.15999544 0.86507274 -0.50582743
v -0.15796203 0.87991610 -0.50329844
v -0.18669570 0.87751513 -0.26746956
v -0.16498039 0.87802275 -0.29019961
v -0.18669570 0.87751513 -0.29019960
v -0.16218160 0.86329236 -0.29272861
v -0.18872911 0.86267178 -0.26494055
v -0.18872911 0.86267178 -0.29272861
v -0.18872911 0.86267178 -0.29272861
v -0.18669570 0.87751513 -0.26746956
v -0.18669570 0.87751513 -0.29019960
v -0.18872911 0.86267178 -0.26494055
v -0.16498038 0.87802275 -0.26746956
v -0.18669570 0.87751513 -0.26746956
v -0.16498038 0.87802275 -0.26746956
v -0.16218160 0.86329236 -0.29272861
v -0.16498039 0.87802275 -0.29019961
v -0.16498039 0.87802275 -0.29019961
v -0.18872911 0.86267178 -0.29272861
v -0.18669570 0.87751513 -0.29019960
v -0.18669573 0.87751513 -0.35276579
v -0.16498041 0.87802275 -0.37549583
v -0.18669573 0.87751513 -0.37549583
v -0.16218163 0.86329236 -0.37802483
v -0.18872914 0.86267178 -0.35023678
v -0.18872914 0.86267178 -0.37802483
v -0.18872914 0.86267178 -0.37802483
v -0.18669573 0.87751513 -0.35276579
v -0.18669573 0.87751513 -0.37549583
v -0.18872914 0.86267178 -0.35023678
v -0.16498041 0.87802275 -0.35276579
v -0.18669573 0.87751513 -0.35276579
v -0.16218163 0.86329236 -0.35023678
v -0.16498041 0.87802275 -0.37549583
v -0.16498041 0.87802275 -0.35276579
v -0.16498041 0.87802275 -0.37549583
v -0.18872914 0.86267178 -0.37802483
v -0.18669573 0.87751513 -0.37549583
v -0.18669573 0.87751513 -0.32434602
v -0.16498041 0.87802275 -0.34707607
v -0.18669573 0.87751513 -0.34707607
v -0.16218163 0.86329236 -0.34960507
v -0.18872914 0.86267178 -0.32181702
v -0.18872914 0.86267178 -0.34960507
v -0.18872914 0.86267178 -0.34960507
v -0.18669573 0.87751513 -0.32434602
v -0.18669573 0.87751513 -0.34707607
v -0.18872914 0.86267178 -0.32181702
v -0.16498041 0.87802275 -0.32434602
v -0.18669573 0.87751513 -0.32434602
v -0.16218162 0.86329236 -0.32181702
v -0.16498041 0.87802275 -0.34707607
v -0.16498041 0.87802275 -0.32434602
v -0.16498041 0.87802275 -0.34707607
v -0.18872914 0.86267178 -0.34960507
v -0.18669573 0.87751513 -0.34707607
v -0.18669570 0.87751513 -0.29648258
v -0.16498039 0.87802275 -0.31921263
v -0.18669571 0.87751513 -0.31921263
v -0.16218160 0.86329236 -0.32174163
v -0.18872912 0.86267178 -0.29395358
v -0.18872912 0.86267178 -0.32174163
v -0.18872912 0.86267178 -0.32174163
v -0.18669570 0.87751513 -0.29648258
v -0.18669571 0.87751513 -0.31921263
v -0.18872912 0.86267178 -0.29395358
v -0.16498039 0.87802275 -0.29648258
v -0.18669570 0.87751513 -0.29648258
v -0.16218160 0.86329236 -0.29395358
v -0.16498039 0.87802275 -0.31921263
v -0.16498039 0.87802275 -0.29648258
v -0.16498039 0.87802275 -0.31921263
v -0.18872912 0.86267178 -0.32174163
v -0.18669571 0.87751513 -0.31921263
v -0.18669574 0.87751513 -0.43887237
v -0.16498042 0.87802275 -0.46160243
v -0.18669574 0.87751513 -0.46160242
v -0.16218164 0.86329236 -0.46413142
v -0.18872915 0.86267178 -0.43634337
v -0.18872915 0.86267178 -0.46413142
v -0.18872915 0.86267178 -0.46413142
v -0.18669574 0.87751513 -0.43887237
v -0.18669574 0.87751513 -0.46160242
v -0.18872915 0.86267178 -0.43634337
v -0.16498042 0.87802275 -0.43887237
v -0.18669574 0.87751513 -0.43887237
v -0.16218163 0.86329236 -0.43634337
v -0.16498042 0.87802275 -0.46160243
v -0.16498042 0.87802275 -0.43887237
v -0.16498042 0.87802275 -0.46160243
v -0.18872915 0.86267178 -0.46413142
v -0.18669574 0.87751513 -0.46160242
v -0.18669573 0.87751513 -0.41045257
v -0.16498042 0.87802275 -0.43318261
v -0.18669574 0.87751513 -0.43318261
v -0.16218163 0.86329236 -0.43571161
v -0.18872914 0.86267178 -0.40792356
v -0.18872915 0.86267178 -0.43571161
v -0.18872915 0.86267178 -0.43571161
v -0.18669573 0.87751513 -0.41045257
v -0.18669574 0.87751513 -0.43318261
v -0.18872914 0.86267178 -0.40792356
v -0.16498041 0.87802275 -0.41045257
v -0.18669573 0.87751513 -0.41045257
v -0.16498041 0.87802275 -0.41045257
v -0.16218163 0.86329236 -0.43571161
v -0.16498042 0.87802275 -0.43318261
v -0.16498042 0.87802275 -0.43318261
v -0.18872915 0.86267178 -0.43571161
v -0.18669574 0.87751513 -0.43318261
v -0.18669573 0.87751513 -0.38258915
v -0.16498041 0.87802275 -0.40531919
v -0.18669573 0.87751513 -0.40531919
v -0.16218163 0.86329236 -0.40784818
v -0.18872914 0.86267178 -0.38006014
v -0.18872914 0.86267178 -0.40784818
v -0.18872914 0.86267178 -0.40784818
v -0.18669573 0.87751513 -0.38258915
v -0.18669573 0.87751513 -0.40531919
v -0.18872914 0.86267178 -0.38006014
v -0.16498041 0.87802275 -0.38258915
v -0.18669573 0.87751513 -0.38258915
v -0.16498041 0.87802275 -0.38258915
v -0.16218163 0.86329236 -0.40784818
v -0.16498041 0.87802275 -0.40531919
v -0.16498041 0.87802275 -0.40531919
v -0.18872914 0.86267178 -0.40784818
v -0.18669573 0.87751513 -0.40531919
v -0.18669574 0.87751513 -0.52448359
v -0.16498043 0.87802275 -0.54721365
v -0.18669574 0.87751513 -0.54721365
v -0.16218164 0.86329236 -0.54974265
v -0.18872915 0.86267178 -0.52195460
v -0.18872916 0.86267178 -0.54974264
v -0.18872916 0.86267178 -0.54974264
v -0.18669574 0.87751513 -0.52448359
v -0.18669574 0.87751513 -0.54721365
v -0.18872915 0.86267178 -0.52195460
v -0.16498042 0.87802275 -0.52448359
v -0.18669574 0.87751513 -0.52448359
v -0.16218164 0.86329236 -0.52195460
v -0.16498043 0.87802275 -0.54721365
v -0.16498042 0.87802275 -0.52448359
v -0.16498043 0.87802275 -0.54721365
v -0.18872916 0.86267178 -0.54974264
v -0.18669574 0.87751513 -0.54721365
v -0.18669574 0.87751513 -0.49606383
v -0.16498042 0.87802275 -0.51879387
v -0.18669574 0.87751513 -0.51879387
v -0.16218164 0.86329236 -0.52132288
v -0.18872915 0.86267178 -0.49353484
v -0.18872915 0.86267178 -0.52132288
v -0.18872915 0.86267178 -0.52132288
v -0.18669574 0.87751513 -0.49606383
v -0.18669574 0.87751513 -0.51879387
v -0.18872915 0.86267178 -0.49353484
v -0.16498042 0.87802275 -0.49606383
v -0.18669574 0.87751513 -0.49606383
v -0.16218164 0.86329236 -0.49353484
v -0.16498042 0.87802275 -0.51879387
v -0.16498042 0.87802275 -0.49606383
v -0.16498042 0.87802275 -0.51879387
v -0.18872915 0.86267178 -0.52132288
v -0.18669574 0.87751513 -0.51879387
v -0.18669574 0.87751513 -0.46820036
v -0.16498042 0.87802275 -0.49093043
v -0.18669574 0.87751513 -0.49093043
v -0.16218164 0.86329236 -0.49345942
v -0.18872915 0.86267178 -0.46567137
v -0.18872915 0.86267178 -0.49345942
v -0.18669574 0.87751513 -0.49093043
v -0.18872915 0.86267178 -0.46567137
v -0.18669574 0.87751513 -0.46820036
v -0.18872915 0.86267178 -0.46567137
v -0.16498042 0.87802275 -0.46820037
v -0.18669574 0.87751513 -0.46820036
v -0.16218164 0.86329236 -0.46567137
v -0.16498042 0.87802275 -0.49093043
v -0.16498042 0.87802275 -0.46820037
v -0.16498042 0.87802275 -0.49093043
v -0.18872915 0.86267178 -0.49345942
v -0.18669574 0.87751513 -0.49093043
v -0.10115042 0.88276384 -0.29993161
v -0.07943510 0.88327147 -0.32266165
v -0.10115042 0.88276384 -0.32266165
v -0.07663632 0.86854108 -0.32519066
v -0.10318383 0.86792049 -0.29740260
v -0.10318383 0.86792049 -0.32519065
v -0.10318383 0.86792049 -0.32519065
v -0.10115042 0.88276384 -0.29993161
v -0.10115042 0.88276384 -0.32266165
v -0.10318383 0.86792049 -0.29740260
v -0.07943510 0.88327147 -0.29993161
v -0.10115042 0.88276384 -0.29993161
v -0.07663631 0.86854108 -0.29740261
v -0.07943510 0.88327147 -0.32266165
v -0.07943510 0.88327147 -0.29993161
v -0.07943510 0.88327147 -0.32266165
v -0.10318383 0.86792049 -0.32519065
v -0.10115042 0.88276384 -0.32266165
v -0.10115041 0.88276384 -0.27151186
v -0.07943510 0.88327147 -0.29424191
v -0.10115042 0.88276384 -0.29424191
v -0.07663631 0.86854108 -0.29677092
v -0.10318382 0.86792049 -0.26898286
v -0.10318383 0.86792049 -0.29677091
v -0.10318383 0.86792049 -0.29677091
v -0.10115041 0.88276384 -0.27151186
v -0.10115042 0.88276384 -0.29424191
v -0.10318382 0.86792049 -0.26898286
v -0.07943510 0.88327147 -0.27151187
v -0.10115041 0.88276384 -0.27151186
v -0.07663631 0.86854108 -0.26898286
v -0.07943510 0.88327147 -0.29424191
v -0.07943510 0.88327147 -0.27151187
v -0.07943510 0.88327147 -0.29424191
v -0.10318383 0.86792049 -0.29677091
v -0.10115042 0.88276384 -0.29424191
v -0.10115041 0.88276384 -0.24364840
v -0.07943510 0.88327147 -0.26637845
v -0.10115041 0.88276384 -0.26637845
v -0.07663631 0.86854108 -0.26890745
v -0.10318382 0.86792049 -0.24111940
v -0.10318382 0.86792049 -0.26890745
v -0.10115041 0.88276384 -0.26637845
v -0.10318382 0.86792049 -0.24111940
v -0.10115041 0.88276384 -0.24364840
v -0.10318382 0.86792049 -0.24111940
v -0.07943509 0.88327147 -0.24364840
v -0.10115041 0.88276384 -0.24364840
v -0.07663631 0.86854108 -0.24111940
v -0.07943510 0.88327147 -0.26637845
v -0.07943509 0.88327147 -0.24364840
v -0.07943510 0.88327147 -0.26637845
v -0.10318382 0.86792049 -0.26890745
v -0.10115041 0.88276384 -0.26637845
v -0.10115041 0.88276384 -0.38522786
v -0.07943510 0.88327147 -0.40795790
v -0.10115041 0.88276384 -0.40795790
v -0.07663631 0.86854108 -0.41048690
v -0.10318382 0.86792049 -0.38269884
v -0.10318383 0.86792049 -0.41048690
v -0.10318383 0.86792049 -0.41048690
v -0.10115041 0.88276384 -0.38522786
v -0.10115041 0.88276384 -0.40795790
v -0.10318382 0.86792049 -0.38269884
v -0.07943510 0.88327147 -0.38522786
v -0.10115041 0.88276384 -0.38522786
v -0.07663631 0.86854108 -0.38269885
v -0.07943510 0.88327147 -0.40795790
v -0.07943510 0.88327147 -0.38522786
v -0.07943510 0.88327147 -0.40795790
v -0.10318383 0.86792049 -0.41048690
v -0.10115041 0.88276384 -0.40795790
v -0.10115041 0.88276384 -0.35680808
v -0.07943510 0.88327147 -0.37953812
v -0.10115041 0.88276384 -0.37953812
v -0.07663631 0.86854108 -0.38206712
v -0.10318382 0.86792049 -0.35427907
v -0.10318382 0.86792049 -0.38206712
v -0.10318382 0.86792049 -0.38206712
v -0.10115041 0.88276384 -0.35680808
v -0.10115041 0.88276384 -0.37953812
v -0.10318382 0.86792049 -0.35427907
v -0.07943509 0.88327147 -0.35680808
v -0.10115041 0.88276384 -0.35680808
v -0.07663631 0.86854108 -0.35427908
v -0.07943510 0.88327147 -0.37953812
v -0.07943509 0.88327147 -0.35680808
v -0.07943510 0.88327147 -0.37953812
v -0.10318382 0.86792049 -0.38206712
v -0.10115041 0.88276384 -0.37953812
v -0.10115041 0.88276384 -0.32894463
v -0.07943509 0.88327147 -0.35167468
v -0.10115041 0.88276384 -0.35167468
v -0.07663631 0.86854108 -0.35420367
v -0.10318382 0.86792049 -0.32641563
v -0.10318382 0.86792049 -0.35420367
v -0.10318382 0.86792049 -0.35420367
v -0.10115041 0.88276384 -0.32894463
v -0.10115041 0.88276384 -0.35167468
v -0.10318382 0.86792049 -0.32641563
v -0.07943509 0.88327147 -0.32894463
v -0.10115041 0.88276384 -0.32894463
v -0.07943509 0.88327147 -0.32894463
v -0.07663631 0.86854108 -0.35420367
v -0.07943509 0.88327147 -0.35167468
v -0.07943509 0.88327147 -0.35167468
v -0.10318382 0.86792049 -0.35420367
v -0.10115041 0.88276384 -0.35167468
v -0.10115043 0.88276384 -0.47133445
v -0.07943511 0.88327147 -0.49406452
v -0.10115043 0.88276384 -0.49406451
v -0.07663633 0.86854108 -0.49659349
v -0.10318384 0.86792049 -0.46880546
v -0.10318384 0.86792049 -0.49659349
v -0.10318384 0.86792049 -0.49659349
v -0.10115043 0.88276384 -0.47133445
v -0.10115043 0.88276384 -0.49406451
v -0.10318384 0.86792049 -0.46880546
v -0.07943511 0.88327147 -0.47133445
v -0.10115043 0.88276384 -0.47133445
v -0.07943511 0.88327147 -0.47133445
v -0.07663633 0.86854108 -0.49659349
v -0.07943511 0.88327147 -0.49406452
v -0.07943511 0.88327147 -0.49406452
v -0.10318384 0.86792049 -0.49659349
v -0.10115043 0.88276384 -0.49406451
v -0.10115043 0.88276384 -0.44291466
v -0.07943511 0.88327147 -0.46564472
v -0.10115043 0.88276384 -0.46564471
v -0.07663633 0.86854108 -0.46817371
v -0.10318384 0.86792049 -0.44038566
v -0.10318384 0.86792049 -0.46817371
v -0.10318384 0.86792049 -0.46817371
v -0.10115043 0.88276384 -0.44291466
v -0.10115043 0.88276384 -0.46564471
v -0.10318384 0.86792049 -0.44038566
v -0.07943511 0.88327147 -0.44291466
v -0.10115043 0.88276384 -0.44291466
v -0.07663632 0.86854108 -0.44038566
v -0.07943511 0.88327147 -0.46564472
v -0.07943511 0.88327147 -0.44291466
v -0.07943511 0.88327147 -0.46564472
v -0.10318384 0.86792049 -0.46817371
v -0.10115043 0.88276384 -0.46564471
v -0.10115043 0.88276384 -0.41505120
v -0.07943511 0.88327147 -0.43778123
v -0.10115043 0.88276384 -0.43778123
v -0.07663632 0.86854108 -0.44031023
v -0.10318383 0.86792049 -0.41252219
v -0.10318384 0.86792049 -0.44031023
v -0.10318384 0.86792049 -0.44031023
v -0.10115043 0.88276384 -0.41505120
v -0.10115043 0.88276384 -0.43778123
v -0.10318383 0.86792049 -0.41252219
v -0.07943511 0.88327147 -0.41505120
v -0.10115043 0.88276384 -0.41505120
v -0.07943511 0.88327147 -0.41505120
v -0.07663632 0.86854108 -0.44031023
v -0.07943511 0.88327147 -0.43778123
v -0.07943511 0.88327147 -0.43778123
v -0.10318384 0.86792049 -0.44031023
v -0.10115043 0.88276384 -0.43778123
v -0.10115044 0.88276384 -0.55527638
v -0.07943512 0.88327147 -0.57800647
v -0.10115044 0.88276384 -0.57800647
v -0.07663634 0.86854108 -0.58053546
v -0.10318385 0.86792049 -0.55274741
v -0.10318385 0.86792049 -0.58053546
v -0.10115044 0.88276384 -0.57800647
v -0.10318385 0.86792049 -0.55274741
v -0.10115044 0.88276384 -0.55527638
v -0.10318385 0.86792049 -0.55274741
v -0.07943512 0.88327147 -0.55527639
v -0.10115044 0.88276384 -0.55527638
v -0.07663633 0.86854108 -0.55274741
v -0.07943512 0.88327147 -0.57800647
v -0.07943512 0.88327147 -0.55527639
v -0.07943512 0.88327147 -0.57800647
v -0.10318385 0.86792049 -0.58053546
v -0.10115044 0.88276384 -0.57800647
v -0.10115044 0.88276384 -0.52729745
v -0.07943512 0.88327147 -0.55002753
v -0.10115044 0.88276384 -0.55002753
v -0.07663633 0.86854108 -0.55255651
v -0.10318384 0.86792049 -0.52476848
v -0.10318385 0.86792049 -0.55255650
v -0.10318385 0.86792049 -0.55255650
v -0.10115044 0.88276384 -0.52729745
v -0.10115044 0.88276384 -0.55002753
v -0.10318384 0.86792049 -0.52476848
v -0.07943512 0.88327147 -0.52729745
v -0.10115044 0.88276384 -0.52729745
v -0.07943512 0.88327147 -0.52729745
v -0.07663633 0.86854108 -0.55255651
v -0.07943512 0.88327147 -0.55002753
v -0.07943512 0.88327147 -0.55002753
v -0.10318385 0.86792049 -0.55255650
v -0.10115044 0.88276384 -0.55002753
v -0.10115043 0.88276384 -0.49952193
v -0.07943512 0.88327147 -0.52225200
v -0.10115044 0.88276384 -0.52225200
v -0.07663633 0.86854108 -0.52478097
v -0.10318384 0.86792049 -0.49699294
v -0.10318384 0.86792049 -0.52478097
v -0.10318384 0.86792049 -0.52478097
v -0.10115043 0.88276384 -0.49952193
v -0.10115044 0.88276384 -0.52225200
v -0.10318384 0.86792049 -0.49699294
v -0.07943512 0.88327147 -0.49952194
v -0.10115043 0.88276384 -0.49952193
v -0.07943512 0.88327147 -0.49952194
v -0.07663633 0.86854108 -0.52478097
v -0.07943512 0.88327147 -0.52225200
v -0.07943512 0.88327147 -0.52225200
v -0.10318384 0.86792049 -0.52478097
v -0.10115044 0.88276384 -0.52225200
v -0.10115044 0.88276384 -0.58328458
v -0.07943512 0.88327147 -0.60601466
v -0.10115044 0.88276384 -0.60601466
v -0.07663634 0.86854108 -0.60854367
v -0.10318385 0.86792049 -0.58075560
v -0.10318385 0.86792049 -0.60854367
v -0.10115044 0.88276384 -0.60601466
v -0.10318385 0.86792049 -0.58075560
v -0.10115044 0.88276384 -0.58328458
v -0.10318385 0.86792049 -0.58075560
v -0.07943512 0.88327147 -0.58328458
v -0.10115044 0.88276384 -0.58328458
v -0.07663634 0.86854108 -0.58075561
v -0.07943512 0.88327147 -0.60601466
v -0.07943512 0.88327147 -0.58328458
v -0.07943512 0.88327147 -0.60601466
v -0.10318385 0.86792049 -0.60854367
v -0.10115044 0.88276384 -0.60601466
v -0.10016018 0.88278696 -0.15410587
v -0.07844486 0.88329459 -0.17683592
v -0.10016018 0.88278696 -0.17683592
v -0.07564608 0.86856420 -0.17936492
v -0.10219358 0.86794361 -0.15157687
v -0.10219359 0.86794361 -0.17936492
v -0.10219359 0.86794361 -0.17936492
v -0.10016018 0.88278696 -0.15410587
v -0.10016018 0.88278696 -0.17683592
v -0.10219358 0.86794361 -0.15157687
v -0.07844486 0.88329459 -0.15410587
v -0.10016018 0.88278696 -0.15410587
v -0.07564608 0.86856420 -0.15157687
v -0.07844486 0.88329459 -0.17683592
v -0.07844486 0.88329459 -0.15410587
v -0.07844486 0.88329459 -0.17683592
v -0.10219359 0.86794361 -0.17936492
v -0.10016018 0.88278696 -0.17683592
v -0.10016018 0.88278696 -0.12355717
v -0.07844487 0.88329459 -0.14628723
v -0.10016018 0.88278696 -0.14628723
v -0.07564608 0.86856420 -0.14881622
v -0.10219359 0.86794361 -0.12102818
v -0.10219359 0.86794361 -0.14881622
v -0.10016018 0.88278696 -0.14628723
v -0.10219359 0.86794361 -0.12102818
v -0.10016018 0.88278696 -0.12355717
v -0.10219359 0.86794361 -0.12102818
v -0.07844487 0.88329459 -0.12355717
v -0.10016018 0.88278696 -0.12355717
v -0.07564608 0.86856420 -0.12102818
v -0.07844487 0.88329459 -0.14628723
v -0.07844487 0.88329459 -0.12355717
v -0.07844487 0.88329459 -0.14628723
v -0.10219359 0.86794361 -0.14881622
v -0.10016018 0.88278696 -0.14628723
v -0.10016018 0.88278696 -0.09333801
v -0.07844487 0.88329459 -0.11606808
v -0.10016018 0.88278696 -0.11606808
v -0.07564608 0.86856420 -0.11859707
v -0.10219359 0.86794361 -0.09080904
v -0.10219359 0.86794361 -0.11859707
v -0.10016018 0.88278696 -0.11606808
v -0.10219359 0.86794361 -0.09080904
v -0.10016018 0.88278696 -0.09333801
v -0.10219359 0.86794361 -0.09080904
v -0.07844487 0.88329459 -0.09333802
v -0.10016018 0.88278696 -0.09333801
v -0.07564608 0.86856420 -0.09080904
v -0.07844487 0.88329459 -0.11606808
v -0.07844487 0.88329459 -0.09333802
v -0.07844487 0.88329459 -0.11606808
v -0.10219359 0.86794361 -0.11859707
v -0.10016018 0.88278696 -0.11606808
v -0.13092556 0.88054811 -0.15410587
v -0.10921025 0.88105574 -0.17683592
v -0.13092556 0.88054811 -0.17683591
v -0.10641146 0.86632535 -0.17936492
v -0.13295897 0.86570477 -0.15157687
v -0.13295898 0.86570477 -0.17936492
v -0.13295898 0.86570477 -0.17936492
v -0.13092556 0.88054811 -0.15410587
v -0.13092556 0.88054811 -0.17683591
v -0.13295897 0.86570477 -0.15157687
v -0.10921025 0.88105574 -0.15410587
v -0.13092556 0.88054811 -0.15410587
v -0.10641146 0.86632535 -0.15157687
v -0.10921025 0.88105574 -0.17683592
v -0.10921025 0.88105574 -0.15410587
v -0.10921025 0.88105574 -0.17683592
v -0.13295898 0.86570477 -0.17936492
v -0.13092556 0.88054811 -0.17683591
v -0.13092556 0.88054811 -0.12355716
v -0.10921025 0.88105574 -0.14628723
v -0.13092556 0.88054811 -0.14628723
v -0.10641146 0.86632535 -0.14881622
v -0.13295897 0.86570477 -0.12102817
v -0.13295897 0.86570477 -0.14881622
v -0.13092556 0.88054811 -0.14628723
v -0.13295897 0.86570477 -0.12102817
v -0.13092556 0.88054811 -0.12355716
v -0.13295897 0.86570477 -0.12102817
v -0.10921024 0.88105574 -0.12355717
v -0.13092556 0.88054811 -0.12355716
v -0.10641146 0.86632535 -0.12102817
v -0.10921025 0.88105574 -0.14628723
v -0.10921024 0.88105574 -0.12355717
v -0.10921025 0.88105574 -0.14628723
v -0.13295897 0.86570477 -0.14881622
v -0.13092556 0.88054811 -0.14628723
v -0.13092556 0.88054811 -0.09333801
v -0.10921024 0.88105574 -0.11606808
v -0.13092556 0.88054811 -0.11606807
v -0.10641146 0.86632535 -0.11859707
v -0.13295897 0.86570477 -0.09080904
v -0.13295897 0.86570477 -0.11859707
v -0.13092556 0.88054811 -0.11606807
v -0.13295897 0.86570477 -0.09080904
v -0.13092556 0.88054811 -0.09333801
v -0.13295897 0.86570477 -0.09080904
v -0.10921024 0.88105574 -0.09333801
v -0.13092556 0.88054811 -0.09333801
v -0.10641146 0.86632535 -0.09080904
v -0.10921024 0.88105574 -0.11606808
v -0.10921024 0.88105574 -0.09333801
v -0.10921024 0.88105574 -0.11606808
v -0.13295897 0.86570477 -0.11859707
v -0.13092556 0.88054811 -0.11606807
v -0.04845216 0.87875725 0.00455941
v -0.04732022 0.87857797 0.00455941
v -0.04737561 0.87857797 0.00420963
v -0.04753639 0.87857797 0.00389409
v -0.04778682 0.87857797 0.00364368
v -0.04810237 0.87857797 0.00348287
v -0.04845216 0.87857797 0.00342748
v -0.04880195 0.87857797 0.00348287
v -0.04911750 0.87857797 0.00364368
v -0.04936793 0.87857797 0.00389409
v -0.04952871 0.87857797 0.00420963
v -0.04958411 0.87857797 0.00455941
v -0.04952871 0.87857797 0.00490920
v -0.04936793 0.87857797 0.00522475
v -0.04911750 0.87857797 0.00547519
v -0.04880195 0.87857797 0.00563598
v -0.04845216 0.87857797 0.00569137
v -0.04810237 0.87857797 0.00563598
v -0.04778682 0.87857797 0.00547519
v -0.04753639 0.87857797 0.00522475
v -0.04737561 0.87857797 0.00490920
v -0.04629907 0.87805767 0.00455941
v -0.04640445 0.87805767 0.00389409
v -0.04671027 0.87805767 0.00329389
v -0.04718661 0.87805767 0.00281753
v -0.04778682 0.87805767 0.00251170
v -0.04845216 0.87805767 0.00240632
v -0.04911750 0.87805767 0.00251170
v -0.04971771 0.87805767 0.00281753
v -0.05019405 0.87805767 0.00329389
v -0.05049988 0.87805767 0.00389409
v -0.05060526 0.87805767 0.00455941
v -0.05049988 0.87805767 0.00522475
v -0.05019405 0.87805767 0.00582498
v -0.04971771 0.87805767 0.00630130
v -0.04911750 0.87805767 0.00660714
v -0.04845216 0.87805767 0.00671252
v -0.04778682 0.87805767 0.00660714
v -0.04718661 0.87805767 0.00630130
v -0.04671027 0.87805767 0.00582498
v -0.04640445 0.87805767 0.00522475
v -0.04548868 0.87724728 0.00455941
v -0.04563373 0.87724728 0.00364368
v -0.04605467 0.87724728 0.00281753
v -0.04671027 0.87724728 0.00216192
v -0.04753639 0.87724728 0.00174098
v -0.04845216 0.87724728 0.00159597
v -0.04936793 0.87724728 0.00174098
v -0.05019405 0.87724728 0.00216192
v -0.05084966 0.87724728 0.00281753
v -0.05127059 0.87724728 0.00364368
v -0.05141565 0.87724728 0.00455941
v -0.05127059 0.87724728 0.00547519
v -0.05084966 0.87724728 0.00630130
v -0.05019405 0.87724728 0.00695693
v -0.04936792 0.87724728 0.00737787
v -0.04845216 0.87724728 0.00752290
v -0.04753639 0.87724728 0.00737787
v -0.04671027 0.87724728 0.00695693
v -0.04605467 0.87724728 0.00630130
v -0.04563373 0.87724728 0.00547519
v -0.04496840 0.87622614 0.00455941
v -0.04513890 0.87622614 0.00348287
v -0.04563373 0.87622614 0.00251170
v -0.04640445 0.87622614 0.00174098
v -0.04737561 0.87622614 0.00124618
v -0.04845216 0.87622614 0.00107564
v -0.04952871 0.87622614 0.00124618
v -0.05049988 0.87622614 0.00174098
v -0.05127059 0.87622614 0.00251170
v -0.05176542 0.87622614 0.00348287
v -0.05193593 0.87622614 0.00455941
v -0.05176542 0.87622614 0.00563598
v -0.05127058 0.87622614 0.00660714
v -0.05049986 0.87622614 0.00737787
v -0.04952870 0.87622614 0.00787269
v -0.04845215 0.87622614 0.00804319
v -0.04737561 0.87622614 0.00787269
v -0.04640445 0.87622614 0.00737787
v -0.04563373 0.87622614 0.00660714
v -0.04513889 0.87622614 0.00563598
v -0.04478911 0.87509420 0.00455941
v -0.04496840 0.87509420 0.00342748
v -0.04548868 0.87509420 0.00240632
v -0.04629907 0.87509420 0.00159597
v -0.04732022 0.87509420 0.00107564
v -0.04845216 0.87509420 0.00089639
v -0.04958411 0.87509420 0.00107564
v -0.05060526 0.87509420 0.00159597
v -0.05141565 0.87509420 0.00240632
v -0.05193593 0.87509420 0.00342750
v -0.05211521 0.87509420 0.00455941
v -0.05193593 0.87509420 0.00569137
v -0.05141563 0.87509420 0.00671253
v -0.05060524 0.87509420 0.00752290
v -0.04958411 0.87509420 0.00804319
v -0.04845215 0.87509420 0.00822248
v -0.04732021 0.87509420 0.00804319
v -0.04629907 0.87509420 0.00752290
v -0.04548868 0.87509420 0.00671252
v -0.04496840 0.87509420 0.00569137
v -0.04496840 0.87396225 0.00455941
v -0.04513890 0.87396225 0.00348287
v -0.04563373 0.87396225 0.00251170
v -0.04640445 0.87396225 0.00174098
v -0.04737561 0.87396225 0.00124618
v -0.04845216 0.87396225 0.00107564
v -0.04952871 0.87396225 0.00124618
v -0.05049988 0.87396225 0.00174098
v -0.05127059 0.87396225 0.00251170
v -0.05176542 0.87396225 0.00348287
v -0.05193593 0.87396225 0.00455941
v -0.05176542 0.87396225 0.00563598
v -0.05127058 0.87396225 0.00660714
v -0.05049986 0.87396225 0.00737787
v -0.04952870 0.87396225 0.00787269
v -0.04845215 0.87396225 0.00804319
v -0.04737561 0.87396225 0.00787269
v -0.04640445 0.87396225 0.00737787
v -0.04563373 0.87396225 0.00660714
v -0.04513889 0.87396225 0.00563598
v -0.04548868 0.87294111 0.00455941
v -0.04563373 0.87294111 0.00364368
v -0.04605467 0.87294111 0.00281753
v -0.04671027 0.87294111 0.00216192
v -0.04753639 0.87294111 0.00174098
v -0.04845216 0.87294111 0.00159597
v -0.04936793 0.87294111 0.00174098
v -0.05019405 0.87294111 0.00216192
v -0.05084966 0.87294111 0.00281753
v -0.05127059 0.87294111 0.00364368
v -0.05141565 0.87294111 0.00455941
v -0.05127059 0.87294111 0.00547519
v -0.05084966 0.87294111 0.00630130
v -0.05019405 0.87294111 0.00695693
v -0.04936792 0.87294111 0.00737787
v -0.04845216 0.87294111 0.00752290
v -0.04753639 0.87294111 0.00737787
v -0.04671027 0.87294111 0.00695693
v -0.04605467 0.87294111 0.00630130
v -0.04563373 0.87294111 0.00547519
v -0.04629907 0.87213073 0.00455941
v -0.04640445 0.87213073 0.00389409
v -0.04671027 0.87213073 0.00329389
v -0.04718661 0.87213073 0.00281753
v -0.04778682 0.87213073 0.00251170
v -0.04845216 0.87213073 0.00240632
v -0.04911750 0.87213073 0.00251170
v -0.04971771 0.87213073 0.00281753
v -0.05019405 0.87213073 0.00329389
v -0.05049988 0.87213073 0.00389409
v -0.05060526 0.87213073 0.00455941
v -0.05049988 0.87213073 0.00522475
v -0.05019405 0.87213073 0.00582498
v -0.04971771 0.87213073 0.00630130
v -0.04911750 0.87213073 0.00660714
v -0.04845216 0.87213073 0.00671252
v -0.04778682 0.87213073 0.00660714
v -0.04718661 0.87213073 0.00630130
v -0.04671027 0.87213073 0.00582498
v -0.04640445 0.87213073 0.00522475
v -0.04732022 0.87161043 0.00455941
v -0.04737561 0.87161043 0.00420963
v -0.04753639 0.87161043 0.00389409
v -0.04778682 0.87161043 0.00364368
v -0.04810237 0.87161043 0.00348287
v -0.04845216 0.87161043 0.00342748
v -0.04880195 0.87161043 0.00348287
v -0.04911750 0.87161043 0.00364368
v -0.04936793 0.87161043 0.00389409
v -0.04952871 0.87161043 0.00420963
v -0.04958411 0.87161043 0.00455941
v -0.04952871 0.87161043 0.00490920
v -0.04936793 0.87161043 0.00522475
v -0.04911750 0.87161043 0.00547519
v -0.04880195 0.87161043 0.00563598
v -0.04845216 0.87161043 0.00569137
v -0.04810237 0.87161043 0.00563598
v -0.04778682 0.87161043 0.00547519
v -0.04753639 0.87161043 0.00522475
v -0.04737561 0.87161043 0.00490920
v -0.04845216 0.87143115 0.00455941
v -0.21229359 0.87529398 -0.12248303
v -0.19057827 0.87580161 -0.14521309
v -0.21229359 0.87529398 -0.14521309
v -0.18777949 0.86107122 -0.14774208
v -0.21432700 0.86045063 -0.11995402
v -0.21432700 0.86045063 -0.14774208
v -0.21432700 0.86045063 -0.14774208
v -0.21229359 0.87529398 -0.12248303
v -0.21229359 0.87529398 -0.14521309
v -0.21432700 0.86045063 -0.11995402
v -0.19057827 0.87580161 -0.12248304
v -0.21229359 0.87529398 -0.12248303
v -0.19057827 0.87580161 -0.12248304
v -0.18777949 0.86107122 -0.14774208
v -0.19057827 0.87580161 -0.14521309
v -0.19057827 0.87580161 -0.14521309
v -0.21432700 0.86045063 -0.14774208
v -0.21229359 0.87529398 -0.14521309
v -0.21229358 0.87529398 -0.09302117
v -0.19057827 0.87580161 -0.11575124
v -0.21229359 0.87529398 -0.11575124
v -0.18777948 0.86107122 -0.11828023
v -0.21432700 0.86045063 -0.09049220
v -0.21432700 0.86045063 -0.11828023
v -0.21229359 0.87529398 -0.11575124
v -0.21432700 0.86045063 -0.09049220
v -0.21229358 0.87529398 -0.09302117
v -0.21432700 0.86045063 -0.09049220
v -0.19057827 0.87580161 -0.09302118
v -0.21229358 0.87529398 -0.09302117
v -0.18777948 0.86107122 -0.09049220
v -0.19057827 0.87580161 -0.11575124
v -0.19057827 0.87580161 -0.09302118
v -0.19057827 0.87580161 -0.11575124
v -0.21432700 0.86045063 -0.11828023
v -0.21229359 0.87529398 -0.11575124
v -0.18249195 0.87761332 -0.12248304
v -0.16077663 0.87812094 -0.14521309
v -0.18249195 0.87761332 -0.14521309
v -0.15797785 0.86339055 -0.14774208
v -0.18452536 0.86276997 -0.11995403
v -0.18452536 0.86276997 -0.14774208
v -0.18452536 0.86276997 -0.14774208
v -0.18249195 0.87761332 -0.12248304
v -0.18249195 0.87761332 -0.14521309
v -0.18452536 0.86276997 -0.11995403
v -0.16077663 0.87812094 -0.12248304
v -0.18249195 0.87761332 -0.12248304
v -0.16077663 0.87812094 -0.12248304
v -0.15797785 0.86339055 -0.14774208
v -0.16077663 0.87812094 -0.14521309
v -0.16077663 0.87812094 -0.14521309
v -0.18452536 0.86276997 -0.14774208
v -0.18249195 0.87761332 -0.14521309
v -0.10154274 0.88275468 -0.05689577
v -0.07982742 0.88326232 -0.07962582
v -0.10154274 0.88275468 -0.07962582
v -0.07702864 0.86853193 -0.08215481
v -0.10357615 0.86791134 -0.05436676
v -0.10357615 0.86791134 -0.08215481
v -0.10357615 0.86791134 -0.08215481
v -0.10154274 0.88275468 -0.05689577
v -0.10154274 0.88275468 -0.07962582
v -0.10357615 0.86791134 -0.05436676
v -0.07982742 0.88326232 -0.05689577
v -0.10154274 0.88275468 -0.05689577
v -0.07702863 0.86853193 -0.05436676
v -0.07982742 0.88326232 -0.07962582
v -0.07982742 0.88326232 -0.05689577
v -0.07982742 0.88326232 -0.07962582
v -0.10357615 0.86791134 -0.08215481
v -0.10154274 0.88275468 -0.07962582
v -0.10154273 0.88275468 -0.02847603
v -0.07982742 0.88326232 -0.05120608
v -0.10154274 0.88275468 -0.05120608
v -0.07702863 0.86853193 -0.05373509
v -0.10357614 0.86791134 -0.02594704
v -0.10357615 0.86791134 -0.05373509
v -0.10357615 0.86791134 -0.05373509
v -0.10154273 0.88275468 -0.02847603
v -0.10154274 0.88275468 -0.05120608
v -0.10357614 0.86791134 -0.02594704
v -0.07982742 0.88326232 -0.02847603
v -0.10154273 0.88275468 -0.02847603
v -0.07702863 0.86853193 -0.02594704
v -0.07982742 0.88326232 -0.05120608
v -0.07982742 0.88326232 -0.02847603
v -0.07982742 0.88326232 -0.05120608
v -0.10357615 0.86791134 -0.05373509
v -0.10154274 0.88275468 -0.05120608
v -0.10154273 0.88275468 -0.00061257
v -0.07982742 0.88326232 -0.02334261
v -0.10154273 0.88275468 -0.02334261
v -0.07702863 0.86853193 -0.02587161
v -0.10357614 0.86791134 0.00191644
v -0.10357614 0.86791134 -0.02587160
v -0.10357614 0.86791134 -0.02587160
v -0.10154273 0.88275468 -0.00061257
v -0.10154273 0.88275468 -0.02334261
v -0.10357614 0.86791134 0.00191644
v -0.07982741 0.88326232 -0.00061257
v -0.10154273 0.88275468 -0.00061257
v -0.07702863 0.86853193 0.00191644
v -0.07982742 0.88326232 -0.02334261
v -0.07982741 0.88326232 -0.00061257
v -0.07982742 0.88326232 -0.02334261
v -0.10357614 0.86791134 -0.02587160
v -0.10154273 0.88275468 -0.02334261
v -0.12896636 0.88059389 -0.05689577
v -0.10725105 0.88110152 -0.07962582
v -0.12896637 0.88059389 -0.07962581
v -0.10445227 0.86637113 -0.08215481
v -0.13099978 0.86575054 -0.05436676
v -0.13099978 0.86575054 -0.08215481
v -0.13099978 0.86575054 -0.08215481
v -0.12896636 0.88059389 -0.05689577
v -0.12896637 0.88059389 -0.07962581
v -0.13099978 0.86575054 -0.05436676
v -0.10725105 0.88110152 -0.05689577
v -0.12896636 0.88059389 -0.05689577
v -0.10445227 0.86637113 -0.05436676
v -0.10725105 0.88110152 -0.07962582
v -0.10725105 0.88110152 -0.05689577
v -0.10725105 0.88110152 -0.07962582
v -0.13099978 0.86575054 -0.08215481
v -0.12896637 0.88059389 -0.07962581
v -0.12896636 0.88059389 -0.02847603
v -0.10725105 0.88110152 -0.05120607
v -0.12896636 0.88059389 -0.05120607
v -0.10445227 0.86637113 -0.05373509
v -0.13099977 0.86575054 -0.02594704
v -0.13099978 0.86575054 -0.05373508
v -0.13099978 0.86575054 -0.05373508
v -0.12896636 0.88059389 -0.02847603
v -0.12896636 0.88059389 -0.05120607
v -0.13099977 0.86575054 -0.02594704
v -0.10725105 0.88110152 -0.02847603
v -0.12896636 0.88059389 -0.02847603
v -0.10445226 0.86637113 -0.02594704
v -0.10725105 0.88110152 -0.05120607
v -0.10725105 0.88110152 -0.02847603
v -0.10725105 0.88110152 -0.05120607
v -0.13099978 0.86575054 -0.05373508
v -0.12896636 0.88059389 -0.05120607
v -0.12896636 0.88059389 -0.00061253
v -0.10725105 0.88110152 -0.02334261
v -0.12896636 0.88059389 -0.02334261
v -0.10445226 0.86637113 -0.02587158
v -0.13099977 0.86575054 0.00191647
v -0.13099977 0.86575054 -0.02587158
v -0.13099977 0.86575054 -0.02587158
v -0.12896636 0.88059389 -0.00061253
v -0.12896636 0.88059389 -0.02334261
v -0.13099977 0.86575054 0.00191647
v -0.10725104 0.88110152 -0.00061253
v -0.12896636 0.88059389 -0.00061253
v -0.10725104 0.88110152 -0.00061253
v -0.10445226 0.86637113 -0.02587158
v -0.10725105 0.88110152 -0.02334261
v -0.10725105 0.88110152 -0.02334261
v -0.13099977 0.86575054 -0.02587158
v -0.12896636 0.88059389 -0.02334261
v -0.15674663 0.87994448 -0.05689577
v -0.13503132 0.88045210 -0.07962581
v -0.15674663 0.87994448 -0.07962581
v -0.13223253 0.86572171 -0.08215481
v -0.15878004 0.86510112 -0.05436676
v -0.15878004 0.86510112 -0.08215480
v -0.15878004 0.86510112 -0.08215480
v -0.15674663 0.87994448 -0.05689577
v -0.15674663 0.87994448 -0.07962581
v -0.15878004 0.86510112 -0.05436676
v -0.13503132 0.88045210 -0.05689577
v -0.15674663 0.87994448 -0.05689577
v -0.13223253 0.86572171 -0.05436676
v -0.13503132 0.88045210 -0.07962581
v -0.13503132 0.88045210 -0.05689577
v -0.13503132 0.88045210 -0.07962581
v -0.15878004 0.86510112 -0.08215480
v -0.15674663 0.87994448 -0.07962581
v -0.15674663 0.87994448 -0.02847603
v -0.13503131 0.88045210 -0.05120607
v -0.15674663 0.87994448 -0.05120607
v -0.13223253 0.86572171 -0.05373508
v -0.15878004 0.86510112 -0.02594703
v -0.15878004 0.86510112 -0.05373508
v -0.15878004 0.86510112 -0.05373508
v -0.15674663 0.87994448 -0.02847603
v -0.15674663 0.87994448 -0.05120607
v -0.15878004 0.86510112 -0.02594703
v -0.13503131 0.88045210 -0.02847603
v -0.15674663 0.87994448 -0.02847603
v -0.13223253 0.86572171 -0.02594704
v -0.13503131 0.88045210 -0.05120607
v -0.13503131 0.88045210 -0.02847603
v -0.13503131 0.88045210 -0.05120607
v -0.15878004 0.86510112 -0.05373508
v -0.15674663 0.87994448 -0.05120607
v -0.15674662 0.87994448 -0.00061252
v -0.13503131 0.88045210 -0.02334261
v -0.15674663 0.87994448 -0.02334261
v -0.13223253 0.86572171 -0.02587158
v -0.15878004 0.86510112 0.00191647
v -0.15878004 0.86510112 -0.02587158
v -0.15878004 0.86510112 -0.02587158
v -0.15674662 0.87994448 -0.00061252
v -0.15674663 0.87994448 -0.02334261
v -0.15878004 0.86510112 0.00191647
v -0.13503131 0.88045210 -0.00061253
v -0.15674662 0.87994448 -0.00061252
v -0.13503131 0.88045210 -0.00061253
v -0.13223253 0.86572171 -0.02587158
v -0.13503131 0.88045210 -0.02334261
v -0.13503131 0.88045210 -0.02334261
v -0.15878004 0.86510112 -0.02587158
v -0.15674663 0.87994448 -0.02334261
v -0.18445644 0.87756746 -0.05689577
v -0.16274112 0.87807509 -0.07962581
v -0.18445644 0.87756746 -0.07962581
v -0.15994234 0.86334470 -0.08215480
v -0.18648984 0.86272411 -0.05436675
v -0.18648985 0.86272411 -0.08215480
v -0.18648985 0.86272411 -0.08215480
v -0.18445644 0.87756746 -0.05689577
v -0.18445644 0.87756746 -0.07962581
v -0.18648984 0.86272411 -0.05436675
v -0.16274112 0.87807509 -0.05689577
v -0.18445644 0.87756746 -0.05689577
v -0.15994234 0.86334470 -0.05436676
v -0.16274112 0.87807509 -0.07962581
v -0.16274112 0.87807509 -0.05689577
v -0.16274112 0.87807509 -0.07962581
v -0.18648985 0.86272411 -0.08215480
v -0.18445644 0.87756746 -0.07962581
v -0.18445644 0.87756746 -0.02847602
v -0.16274112 0.87807509 -0.05120607
v -0.18445644 0.87756746 -0.05120607
v -0.15994234 0.86334470 -0.05373508
v -0.18648984 0.86272411 -0.02594703
v -0.18648984 0.86272411 -0.05373508
v -0.18648984 0.86272411 -0.05373508
v -0.18445644 0.87756746 -0.02847602
v -0.18445644 0.87756746 -0.05120607
v -0.18648984 0.86272411 -0.02594703
v -0.16274112 0.87807509 -0.02847603
v -0.18445644 0.87756746 -0.02847602
v -0.15994233 0.86334470 -0.02594703
v -0.16274112 0.87807509 -0.05120607
v -0.16274112 0.87807509 -0.02847603
v -0.16274112 0.87807509 -0.05120607
v -0.18648984 0.86272411 -0.05373508
v -0.18445644 0.87756746 -0.05120607
v -0.18445643 0.87756746 -0.00061252
v -0.16274112 0.87807509 -0.02334261
v -0.18445644 0.87756746 -0.02334260
v -0.15994233 0.86334470 -0.02587158
v -0.18648984 0.86272411 0.00191647
v -0.18648984 0.86272411 -0.02587158
v -0.18648984 0.86272411 -0.02587158
v -0.18445643 0.87756746 -0.00061252
v -0.18445644 0.87756746 -0.02334260
v -0.18648984 0.86272411 0.00191647
v -0.16274112 0.87807509 -0.00061252
v -0.18445643 0.87756746 -0.00061252
v -0.16274112 0.87807509 -0.00061252
v -0.15994233 0.86334470 -0.02587158
v -0.16274112 0.87807509 -0.02334261
v -0.16274112 0.87807509 -0.02334261
v -0.18648984 0.86272411 -0.02587158
v -0.18445644 0.87756746 -0.02334260
v -0.04845216 0.87875725 -0.02412194
v -0.04732022 0.87857797 -0.02412194
v -0.04737562 0.87857797 -0.02447173
v -0.04753640 0.87857797 -0.02478728
v -0.04778682 0.87857797 -0.02503771
v -0.04810237 0.87857797 -0.02519850
v -0.04845216 0.87857797 -0.02525389
v -0.04880195 0.87857797 -0.02519850
v -0.04911750 0.87857797 -0.02503771
v -0.04936793 0.87857797 -0.02478728
v -0.04952871 0.87857797 -0.02447173
v -0.04958412 0.87857797 -0.02412194
v -0.04952871 0.87857797 -0.02377215
v -0.04936793 0.87857797 -0.02345660
v -0.04911750 0.87857797 -0.02320618
v -0.04880195 0.87857797 -0.02304539
v -0.04845216 0.87857797 -0.02298999
v -0.04810237 0.87857797 -0.02304539
v -0.04778682 0.87857797 -0.02320618
v -0.04753640 0.87857797 -0.02345660
v -0.04737562 0.87857797 -0.02377215
v -0.04629907 0.87805767 -0.02412194
v -0.04640445 0.87805767 -0.02478728
v -0.04671028 0.87805767 -0.02538750
v -0.04718661 0.87805767 -0.02586383
v -0.04778682 0.87805767 -0.02616967
v -0.04845216 0.87805767 -0.02627505
v -0.04911750 0.87805767 -0.02616967
v -0.04971772 0.87805767 -0.02586383
v -0.05019405 0.87805767 -0.02538750
v -0.05049988 0.87805767 -0.02478728
v -0.05060526 0.87805767 -0.02412194
v -0.05049988 0.87805767 -0.02345660
v -0.05019405 0.87805767 -0.02285639
v -0.04971772 0.87805767 -0.02238005
v -0.04911750 0.87805767 -0.02207423
v -0.04845216 0.87805767 -0.02196885
v -0.04778682 0.87805767 -0.02207423
v -0.04718661 0.87805767 -0.02238005
v -0.04671028 0.87805767 -0.02285639
v -0.04640445 0.87805767 -0.02345660
v -0.04548869 0.87724728 -0.02412194
v -0.04563373 0.87724728 -0.02503771
v -0.04605467 0.87724728 -0.02586383
v -0.04671028 0.87724728 -0.02651946
v -0.04753640 0.87724728 -0.02694037
v -0.04845216 0.87724728 -0.02708541
v -0.04936793 0.87724728 -0.02694037
v -0.05019405 0.87724728 -0.02651946
v -0.05084966 0.87724728 -0.02586383
v -0.05127059 0.87724728 -0.02503771
v -0.05141565 0.87724728 -0.02412194
v -0.05127059 0.87724728 -0.02320618
v -0.05084966 0.87724728 -0.02238005
v -0.05019405 0.87724728 -0.02172444
v -0.04936792 0.87724728 -0.02130351
v -0.04845216 0.87724728 -0.02115849
v -0.04753640 0.87724728 -0.02130351
v -0.04671028 0.87724728 -0.02172444
v -0.04605467 0.87724728 -0.02238005
v -0.04563373 0.87724728 -0.02320618
v -0.04496840 0.87622614 -0.02412194
v -0.04513890 0.87622614 -0.02519850
v -0.04563373 0.87622614 -0.02616967
v -0.04640445 0.87622614 -0.02694037
v -0.04737562 0.87622614 -0.02743519
v -0.04845216 0.87622614 -0.02760571
v -0.04952871 0.87622614 -0.02743519
v -0.05049988 0.87622614 -0.02694037
v -0.05127059 0.87622614 -0.02616967
v -0.05176543 0.87622614 -0.02519850
v -0.05193593 0.87622614 -0.02412194
v -0.05176543 0.87622614 -0.02304539
v -0.05127058 0.87622614 -0.02207423
v -0.05049986 0.87622614 -0.02130351
v -0.04952870 0.87622614 -0.02080870
v -0.04845215 0.87622614 -0.02063817
v -0.04737562 0.87622614 -0.02080870
v -0.04640445 0.87622614 -0.02130351
v -0.04563373 0.87622614 -0.02207423
v -0.04513890 0.87622614 -0.02304539
v -0.04478911 0.87509420 -0.02412194
v -0.04496840 0.87509420 -0.02525389
v -0.04548869 0.87509420 -0.02627505
v -0.04629907 0.87509420 -0.02708541
v -0.04732022 0.87509420 -0.02760571
v -0.04845216 0.87509420 -0.02778498
v -0.04958412 0.87509420 -0.02760571
v -0.05060526 0.87509420 -0.02708541
v -0.05141565 0.87509420 -0.02627505
v -0.05193593 0.87509420 -0.02525387
v -0.05211522 0.87509420 -0.02412194
v -0.05193593 0.87509420 -0.02298999
v -0.05141563 0.87509420 -0.02196885
v -0.05060524 0.87509420 -0.02115849
v -0.04958412 0.87509420 -0.02063817
v -0.04845215 0.87509420 -0.02045891
v -0.04732021 0.87509420 -0.02063817
v -0.04629907 0.87509420 -0.02115849
v -0.04548869 0.87509420 -0.02196885
v -0.04496840 0.87509420 -0.02299002
v -0.04496840 0.87396225 -0.02412194
v -0.04513890 0.87396225 -0.02519850
v -0.04563373 0.87396225 -0.02616967
v -0.04640445 0.87396225 -0.02694037
v -0.04737562 0.87396225 -0.02743519
v -0.04845216 0.87396225 -0.02760571
v -0.04952871 0.87396225 -0.02743519
v -0.05049988 0.87396225 -0.02694037
v -0.05127059 0.87396225 -0.02616967
v -0.05176543 0.87396225 -0.02519850
v -0.05193593 0.87396225 -0.02412194
v -0.05176543 0.87396225 -0.02304539
v -0.05127058 0.87396225 -0.02207423
v -0.05049986 0.87396225 -0.02130351
v -0.04952870 0.87396225 -0.02080870
v -0.04845215 0.87396225 -0.02063817
v -0.04737562 0.87396225 -0.02080870
v -0.04640445 0.87396225 -0.02130351
v -0.04563373 0.87396225 -0.02207423
v -0.04513890 0.87396225 -0.02304539
v -0.04548869 0.87294111 -0.02412194
v -0.04563373 0.87294111 -0.02503771
v -0.04605467 0.87294111 -0.02586383
v -0.04671028 0.87294111 -0.02651946
v -0.04753640 0.87294111 -0.02694037
v -0.04845216 0.87294111 -0.02708541
v -0.04936793 0.87294111 -0.02694037
v -0.05019405 0.87294111 -0.02651946
v -0.05084966 0.87294111 -0.02586383
v -0.05127059 0.87294111 -0.02503771
v -0.05141565 0.87294111 -0.02412194
v -0.05127059 0.87294111 -0.02320618
v -0.05084966 0.87294111 -0.02238005
v -0.05019405 0.87294111 -0.02172444
v -0.04936792 0.87294111 -0.02130351
v -0.04845216 0.87294111 -0.02115849
v -0.04753640 0.87294111 -0.02130351
v -0.04671028 0.87294111 -0.02172444
v -0.04605467 0.87294111 -0.02238005
v -0.04563373 0.87294111 -0.02320618
v -0.04629907 0.87213073 -0.02412194
v -0.04640445 0.87213073 -0.02478728
v -0.04671028 0.87213073 -0.02538750
v -0.04718661 0.87213073 -0.02586383
v -0.04778682 0.87213073 -0.02616967
v -0.04845216 0.87213073 -0.02627505
v -0.04911750 0.87213073 -0.02616967
v -0.04971772 0.87213073 -0.02586383
v -0.05019405 0.87213073 -0.02538750
v -0.05049988 0.87213073 -0.02478728
v -0.05060526 0.87213073 -0.02412194
v -0.05049988 0.87213073 -0.02345660
v -0.05019405 0.87213073 -0.02285639
v -0.04971772 0.87213073 -0.02238005
v -0.04911750 0.87213073 -0.02207423
v -0.04845216 0.87213073 -0.02196885
v -0.04778682 0.87213073 -0.02207423
v -0.04718661 0.87213073 -0.02238005
v -0.04671028 0.87213073 -0.02285639
v -0.04640445 0.87213073 -0.02345660
v -0.04732022 0.87161043 -0.02412194
v -0.04737562 0.87161043 -0.02447173
v -0.04753640 0.87161043 -0.02478728
v -0.04778682 0.87161043 -0.02503771
v -0.04810237 0.87161043 -0.02519850
v -0.04845216 0.87161043 -0.02525389
v -0.04880195 0.87161043 -0.02519850
v -0.04911750 0.87161043 -0.02503771
v -0.04936793 0.87161043 -0.02478728
v -0.04952871 0.87161043 -0.02447173
v -0.04958412 0.87161043 -0.02412194
v -0.04952871 0.87161043 -0.02377215
v -0.04936793 0.87161043 -0.02345660
v -0.04911750 0.87161043 -0.02320618
v -0.04880195 0.87161043 -0.02304539
v -0.04845216 0.87161043 -0.02298999
v -0.04810237 0.87161043 -0.02304539
v -0.04778682 0.87161043 -0.02320618
v -0.04753640 0.87161043 -0.02345660
v -0.04737562 0.87161043 -0.02377215
v -0.04845216 0.87143115 -0.02412194
v -0.21193221 0.87530245 -0.00061252
v -0.19021690 0.87581008 -0.02334260
v -0.21193221 0.87530245 -0.02334260
v -0.18741811 0.86107968 -0.02587158
v -0.21396562 0.86045910 0.00191647
v -0.21396563 0.86045910 -0.02587157
v -0.21396563 0.86045910 -0.02587157
v -0.21193221 0.87530245 -0.00061252
v -0.21193221 0.87530245 -0.02334260
v -0.21396562 0.86045910 0.00191647
v -0.19021689 0.87581008 -0.00061252
v -0.21193221 0.87530245 -0.00061252
v -0.19021689 0.87581008 -0.00061252
v -0.18741811 0.86107968 -0.02587158
v -0.19021690 0.87581008 -0.02334260
v -0.19021690 0.87581008 -0.02334260
v -0.21396563 0.86045910 -0.02587157
v -0.21193221 0.87530245 -0.02334260
v -0.21193219 0.87530245 -0.02986938
v -0.19021688 0.87581008 -0.07959066
v -0.21193220 0.87530245 -0.07959066
v -0.18741810 0.86107968 -0.08211965
v -0.21396561 0.86045910 -0.02734035
v -0.21396561 0.86045910 -0.08211965
v -0.21396561 0.86045910 -0.08211965
v -0.21193219 0.87530245 -0.02986938
v -0.21193220 0.87530245 -0.07959066
v -0.21396561 0.86045910 -0.02734035
v -0.19021688 0.87581008 -0.02986938
v -0.21193219 0.87530245 -0.02986938
v -0.19021688 0.87581008 -0.02986938
v -0.18741810 0.86107968 -0.08211965
v -0.19021688 0.87581008 -0.07959066
v -0.19021688 0.87581008 -0.07959066
v -0.21396561 0.86045910 -0.08211965
v -0.21193220 0.87530245 -0.07959066
v -0.15706063 0.87937243 0.02749590
v -0.10733934 0.87988005 0.00578058
v -0.15706063 0.87988006 0.00578058
v -0.15958963 0.86452908 0.02952931
v -0.10481033 0.86514966 0.00298177
v -0.10481033 0.86452907 0.02952930
v -0.15706063 0.87937243 0.02749590
v -0.10481033 0.86452907 0.02952930
v -0.10733933 0.87937243 0.02749590
v -0.10481033 0.86452907 0.02952930
v -0.10733934 0.87988005 0.00578058
v -0.10733933 0.87937243 0.02749590
v -0.10733934 0.87988005 0.00578058
v -0.15958964 0.86514966 0.00298178
v -0.15706063 0.87988006 0.00578058
v -0.15706063 0.87988006 0.00578058
v -0.15958963 0.86452908 0.02952931
v -0.15706063 0.87937243 0.02749590
v -0.21245397 0.87764406 0.02745549
v -0.16273268 0.87815169 0.00574017
v -0.21245397 0.87815169 0.00574017
v -0.21498297 0.86280071 0.02948889
v -0.16020368 0.86342130 0.00294138
v -0.16020367 0.86280071 0.02948889
v -0.21498297 0.86280071 0.02948889
v -0.16273267 0.87764406 0.02745548
v -0.21245397 0.87764406 0.02745549
v -0.16020367 0.86280071 0.02948889
v -0.16273268 0.87815169 0.00574017
v -0.16273267 0.87764406 0.02745548
v -0.16020368 0.86342130 0.00294138
v -0.21245397 0.87815169 0.00574017
v -0.16273268 0.87815169 0.00574017
v -0.21245397 0.87815169 0.00574017
v -0.21498297 0.86280071 0.02948889
v -0.21245397 0.87764406 0.02745549
v -0.10112314 0.88276445 -0.18862699
v -0.07940783 0.88327208 -0.23834829
v -0.10112314 0.88276445 -0.23834829
v -0.07660904 0.86854169 -0.24087729
v -0.10315655 0.86792110 -0.18609799
v -0.10315655 0.86792110 -0.24087729
v -0.10315655 0.86792110 -0.24087729
v -0.10112314 0.88276445 -0.18862699
v -0.10112314 0.88276445 -0.23834829
v -0.10315655 0.86792110 -0.18609799
v -0.07940782 0.88327208 -0.18862700
v -0.10112314 0.88276445 -0.18862699
v -0.07660904 0.86854169 -0.18609799
v -0.07940783 0.88327208 -0.23834829
v -0.07940782 0.88327208 -0.18862700
v -0.07940783 0.88327208 -0.23834829
v -0.10315655 0.86792110 -0.24087729
v -0.10112314 0.88276445 -0.23834829
v -0.18645997 0.87752062 -0.18862698
v -0.16474465 0.87802825 -0.26016074
v -0.18645997 0.87752062 -0.26016074
v -0.16194587 0.86329786 -0.26268974
v -0.18849337 0.86267727 -0.18609798
v -0.18849338 0.86267727 -0.26268974
v -0.18849338 0.86267727 -0.26268974
v -0.18645997 0.87752062 -0.18862698
v -0.18645997 0.87752062 -0.26016074
v -0.18849337 0.86267727 -0.18609798
v -0.16474465 0.87802825 -0.18862698
v -0.18645997 0.87752062 -0.18862698
v -0.16194586 0.86329786 -0.18609798
v -0.16474465 0.87802825 -0.26016074
v -0.16474465 0.87802825 -0.18862698
v -0.16474465 0.87802825 -0.26016074
v -0.18849338 0.86267727 -0.26268974
v -0.18645997 0.87752062 -0.26016074
v -0.21415235 0.87525057 -0.33783106
v -0.19243705 0.87575820 -0.50334793
v -0.21415237 0.87525057 -0.50334793
v -0.18963827 0.86102781 -0.50587693
v -0.21618576 0.86040722 -0.33530206
v -0.21618577 0.86040722 -0.50587692
v -0.21618577 0.86040722 -0.50587692
v -0.21415235 0.87525057 -0.33783106
v -0.21415237 0.87525057 -0.50334793
v -0.21618576 0.86040722 -0.33530206
v -0.19243703 0.87575820 -0.33783106
v -0.21415235 0.87525057 -0.33783106
v -0.19243703 0.87575820 -0.33783106
v -0.18963827 0.86102781 -0.50587693
v -0.19243705 0.87575820 -0.50334793
v -0.19243705 0.87575820 -0.50334793
v -0.21618577 0.86040722 -0.50587692
v -0.21415237 0.87525057 -0.50334793
v -0.21418881 0.87524973 -0.18707201
v -0.19247350 0.87575736 -0.22416783
v -0.21418881 0.87524973 -0.22416783
v -0.18967471 0.86102697 -0.22669683
v -0.21622222 0.86040638 -0.18454300
v -0.21622223 0.86040638 -0.22669683
v -0.21418881 0.87524973 -0.22416783
v -0.21622222 0.86040638 -0.18454300
v -0.21418881 0.87524973 -0.18707201
v -0.21622222 0.86040638 -0.18454300
v -0.19247349 0.87575736 -0.18707201
v -0.21418881 0.87524973 -0.18707201
v -0.18967470 0.86102697 -0.18454300
v -0.19247350 0.87575736 -0.22416783
v -0.19247349 0.87575736 -0.18707201
v -0.19247350 0.87575736 -0.22416783
v -0.21622223 0.86040638 -0.22669683
v -0.21418881 0.87524973 -0.22416783
v -0.21418879 0.87524973 -0.22954645
v -0.19247348 0.87575736 -0.25998833
v -0.21418880 0.87524973 -0.25998832
v -0.18967469 0.86102697 -0.26206370
v -0.21622221 0.86040638 -0.22747108
v -0.21622221 0.86040638 -0.26206370
v -0.21622221 0.86040638 -0.26206370
v -0.21418879 0.87524973 -0.22954645
v -0.21418880 0.87524973 -0.25998832
v -0.21622221 0.86040638 -0.22747108
v -0.19247348 0.87575736 -0.22954646
v -0.21418879 0.87524973 -0.22954645
v -0.18967469 0.86102697 -0.22747108
v -0.19247348 0.87575736 -0.25998833
v -0.19247348 0.87575736 -0.22954646
v -0.19247348 0.87575736 -0.25998833
v -0.21622221 0.86040638 -0.26206370
v -0.21418880 0.87524973 -0.25998832
v -0.21418880 0.87524973 -0.26467388
v -0.19247348 0.87575736 -0.29511575
v -0.21418880 0.87524973 -0.29511575
v -0.18967469 0.86102697 -0.29719113
v -0.21622221 0.86040638 -0.26259851
v -0.21622221 0.86040638 -0.29719112
v -0.21622221 0.86040638 -0.29719112
v -0.21418880 0.87524973 -0.26467388
v -0.21418880 0.87524973 -0.29511575
v -0.21622221 0.86040638 -0.26259851
v -0.19247348 0.87575736 -0.26467388
v -0.21418880 0.87524973 -0.26467388
v -0.18967469 0.86102697 -0.26259851
v -0.19247348 0.87575736 -0.29511575
v -0.19247348 0.87575736 -0.26467388
v -0.19247348 0.87575736 -0.29511575
v -0.21622221 0.86040638 -0.29719112
v -0.21418880 0.87524973 -0.29511575
v -0.21418880 0.87524973 -0.30064872
v -0.19247349 0.87575736 -0.33109060
v -0.21418880 0.87524973 -0.33109060
v -0.18967470 0.86102697 -0.33316597
v -0.21622222 0.86040638 -0.29857335
v -0.21622222 0.86040638 -0.33316597
v -0.21622222 0.86040638 -0.33316597
v -0.21418880 0.87524973 -0.30064872
v -0.21418880 0.87524973 -0.33109060
v -0.21622222 0.86040638 -0.29857335
v -0.19247348 0.87575736 -0.30064873
v -0.21418880 0.87524973 -0.30064872
v -0.18967469 0.86102697 -0.29857335
v -0.19247349 0.87575736 -0.33109060
v -0.19247348 0.87575736 -0.30064873
v -0.19247349 0.87575736 -0.33109060
v -0.21622222 0.86040638 -0.33316597
v -0.21418880 0.87524973 -0.33109060
v -0.21418884 0.87524973 -0.50900887
v -0.19247352 0.87575736 -0.53758919
v -0.21418884 0.87524973 -0.53758919
v -0.18967473 0.86102697 -0.53953764
v -0.21622224 0.86040638 -0.50706039
v -0.21622224 0.86040638 -0.53953764
v -0.21622224 0.86040638 -0.53953764
v -0.21418884 0.87524973 -0.50900887
v -0.21418884 0.87524973 -0.53758919
v -0.21622224 0.86040638 -0.50706039
v -0.19247352 0.87575736 -0.50900887
v -0.21418884 0.87524973 -0.50900887
v -0.19247352 0.87575736 -0.50900887
v -0.18967473 0.86102697 -0.53953764
v -0.19247352 0.87575736 -0.53758919
v -0.19247352 0.87575736 -0.53758919
v -0.21622224 0.86040638 -0.53953764
v -0.21418884 0.87524973 -0.53758919
v -0.21418884 0.87524973 -0.54262299
v -0.19247353 0.87575736 -0.57120331
v -0.21418884 0.87524973 -0.57120331
v -0.18967474 0.86102697 -0.57315178
v -0.21622225 0.86040638 -0.54067451
v -0.21622225 0.86040638 -0.57315178
v -0.21622225 0.86040638 -0.57315178
v -0.21418884 0.87524973 -0.54262299
v -0.21418884 0.87524973 -0.57120331
v -0.21622225 0.86040638 -0.54067451
v -0.19247352 0.87575736 -0.54262299
v -0.21418884 0.87524973 -0.54262299
v -0.18967473 0.86102697 -0.54067452
v -0.19247353 0.87575736 -0.57120331
v -0.19247352 0.87575736 -0.54262299
v -0.19247353 0.87575736 -0.57120331
v -0.21622225 0.86040638 -0.57315178
v -0.21418884 0.87524973 -0.57120331
v -0.21418884 0.87524973 -0.57664982
v -0.19247353 0.87575736 -0.60523014
v -0.21418884 0.87524973 -0.60523014
v -0.18967474 0.86102697 -0.60717861
v -0.21622225 0.86040638 -0.57470135
v -0.21622225 0.86040638 -0.60717861
v -0.21622225 0.86040638 -0.60717861
v -0.21418884 0.87524973 -0.57664982
v -0.21418884 0.87524973 -0.60523014
v -0.21622225 0.86040638 -0.57470135
v -0.19247353 0.87575736 -0.57664982
v -0.21418884 0.87524973 -0.57664982
v -0.18967474 0.86102697 -0.57470135
v -0.19247353 0.87575736 -0.60523014
v -0.19247353 0.87575736 -0.57664982
v -0.19247353 0.87575736 -0.60523014
v -0.21622225 0.86040638 -0.60717861
v -0.21418884 0.87524973 -0.60523014
v -0.18669575 0.87751513 -0.55322943
v -0.16498043 0.87802275 -0.57595950
v -0.18669575 0.87751513 -0.57595949
v -0.16218165 0.86329236 -0.57848849
v -0.18872916 0.86267178 -0.55070044
v -0.18872916 0.86267178 -0.57848848
v -0.18872916 0.86267178 -0.57848848
v -0.18669575 0.87751513 -0.55322943
v -0.18669575 0.87751513 -0.57595949
v -0.18872916 0.86267178 -0.55070044
v -0.16498043 0.87802275 -0.55322943
v -0.18669575 0.87751513 -0.55322943
v -0.16218164 0.86329236 -0.55070044
v -0.16498043 0.87802275 -0.57595950
v -0.16498043 0.87802275 -0.55322943
v -0.16498043 0.87802275 -0.57595950
v -0.18872916 0.86267178 -0.57848848
v -0.18669575 0.87751513 -0.57595949
v -0.10744130 0.88109710 -0.21773205
v -0.12915662 0.88058947 -0.22353044
v -0.12915662 0.88058947 -0.21773205
v -0.10464252 0.86636670 -0.21942649
v -0.13119003 0.86574612 -0.22605944
v -0.10464252 0.86636670 -0.22605944
v -0.12915662 0.88058947 -0.22353044
v -0.13119003 0.86574612 -0.21942648
v -0.12915662 0.88058947 -0.21773205
v -0.13119003 0.86574612 -0.18585973
v -0.10744130 0.88109710 -0.18838874
v -0.12915661 0.88058947 -0.18838873
v -0.10744130 0.88109710 -0.18838874
v -0.10464252 0.86636670 -0.21942649
v -0.10744130 0.88109710 -0.21773205
v -0.10744130 0.88109710 -0.22353044
v -0.13119003 0.86574612 -0.22605944
v -0.12915662 0.88058947 -0.22353044
v -0.10744130 0.88109710 -0.18838874
v -0.12915661 0.88058947 -0.18838873
v -0.13119003 0.86574612 -0.18585973
v -0.10464252 0.86636670 -0.21942649
v -0.10464251 0.86636670 -0.18585974
v -0.15945838 0.86578038 -0.21942648
v -0.15742497 0.88062373 -0.18838873
v -0.15742497 0.88062373 -0.21773205
v -0.10744130 0.88109710 -0.22353044
v -0.13119003 0.86574612 -0.18585973
v -0.15945838 0.86578038 -0.21942648
v -0.13119003 0.86574612 -0.21942648
v -0.13119003 0.86574612 -0.18585973
v -0.15742497 0.88062373 -0.18838873
v -0.15945839 0.86578038 -0.18585973
v -0.12915662 0.88058947 -0.21773205
v -0.15742497 0.88062373 -0.18838873
v -0.12915661 0.88058947 -0.18838873
v -0.13119003 0.86574612 -0.21942648
v -0.15742497 0.88062373 -0.21773205
v -0.12915662 0.88058947 -0.21773205
v -0.18677059 0.87589068 -0.58093699
v -0.16505528 0.87639830 -0.60523014
v -0.18677059 0.87589068 -0.60523014
v -0.16225649 0.86166791 -0.60717861
v -0.18880400 0.86104732 -0.57898850
v -0.18880400 0.86104732 -0.60717861
v -0.18880400 0.86104732 -0.60717861
v -0.18677059 0.87589068 -0.58093699
v -0.18677059 0.87589068 -0.60523014
v -0.18880400 0.86104732 -0.57898850
v -0.16505527 0.87639830 -0.58093699
v -0.18677059 0.87589068 -0.58093699
v -0.16225649 0.86166791 -0.57898850
v -0.16505528 0.87639830 -0.60523014
v -0.16505527 0.87639830 -0.58093699
v -0.16505528 0.87639830 -0.60523014
v -0.18880400 0.86104732 -0.60717861
v -0.18677059 0.87589068 -0.60523014
v -0.15884585 0.87654345 -0.57136803
v -0.13713054 0.87705107 -0.60523015
v -0.15884586 0.87654345 -0.60523014
v -0.13433175 0.86232068 -0.60717862
v -0.16087926 0.86170009 -0.56941958
v -0.16087927 0.86170009 -0.60717861
v -0.15987846 0.86980212 -0.57039381
v -0.15884586 0.87654345 -0.60523014
v -0.15986256 0.86912177 -0.60620438
v -0.15987846 0.86980212 -0.57039381
v -0.13713054 0.87705107 -0.57136803
v -0.15884585 0.87654345 -0.57136803
v -0.13574705 0.87036623 -0.57039382
v -0.13713054 0.87705107 -0.60523015
v -0.13713054 0.87705107 -0.57136803
v -0.15986256 0.86912177 -0.60620438
v -0.13713054 0.87705107 -0.60523015
v -0.13573115 0.86968588 -0.60620438
v -0.16087926 0.86170009 -0.56941958
v -0.15986256 0.86912177 -0.60620438
v -0.16087927 0.86170009 -0.60717861
v -0.16091107 0.86306080 -0.56252085
v -0.13574705 0.87036623 -0.56252085
v -0.15987846 0.86980212 -0.56252085
v -0.13433175 0.86232068 -0.56941958
v -0.13573115 0.86968588 -0.60620438
v -0.16087927 0.86170009 -0.60717861
v -0.13573115 0.86968588 -0.60620438
v -0.13433175 0.86232068 -0.60717862
v -0.16087926 0.86170009 -0.56941958
v -0.13436356 0.86368139 -0.56252085
v -0.16091107 0.86306080 -0.56252085
v -0.13574705 0.87036623 -0.57039382
v -0.13436356 0.86368139 -0.56252085
v -0.13433175 0.86232068 -0.56941958
v -0.15987846 0.86980212 -0.57039381
v -0.13574705 0.87036623 -0.56252085
v -0.13574705 0.87036623 -0.57039382
v -0.15987846 0.86980212 -0.57039381
v -0.16091107 0.86306080 -0.56252085
v -0.15987846 0.86980212 -0.56252085
v -0.12927902 0.87723459 -0.57227723
v -0.10756371 0.87774222 -0.60523015
v -0.12927902 0.87723459 -0.60523015
v -0.10476492 0.86301183 -0.60717862
v -0.13131243 0.86239124 -0.57032876
v -0.13131244 0.86239124 -0.60717862
v -0.13131244 0.86239124 -0.60717862
v -0.12927902 0.87723459 -0.57227723
v -0.12927902 0.87723459 -0.60523015
v -0.13131243 0.86239124 -0.57032876
v -0.10756371 0.87774222 -0.57227723
v -0.12927902 0.87723459 -0.57227723
v -0.10476492 0.86301183 -0.57032876
v -0.10756371 0.87774222 -0.60523015
v -0.10756371 0.87774222 -0.57227723
v -0.10756371 0.87774222 -0.60523015
v -0.13131244 0.86239124 -0.60717862
v -0.12927902 0.87723459 -0.60523015
v -0.06577013 0.88439730 -0.58110629
v -0.05332566 0.88468820 -0.60192596
v -0.06577013 0.88439730 -0.60192596
v -0.05163346 0.87246993 -0.60424241
v -0.06684715 0.87211429 -0.57878982
v -0.06684715 0.87211429 -0.60424241
v -0.06684715 0.87211429 -0.60424241
v -0.06577013 0.88439730 -0.58110629
v -0.06577013 0.88439730 -0.60192596
v -0.06684715 0.87211429 -0.57878982
v -0.05332566 0.88468820 -0.58110629
v -0.06577013 0.88439730 -0.58110629
v -0.05332566 0.88468820 -0.58110629
v -0.05163346 0.87246993 -0.60424241
v -0.05332566 0.88468820 -0.60192596
v -0.05332566 0.88468820 -0.60192596
v -0.06684715 0.87211429 -0.60424241
v -0.06577013 0.88439730 -0.60192596
v -0.06577014 0.88439730 -0.53228265
v -0.05332566 0.88468820 -0.55310233
v -0.06577014 0.88439730 -0.55310233
v -0.05163345 0.87246993 -0.55541879
v -0.06684714 0.87211429 -0.52996621
v -0.06684714 0.87211429 -0.55541879
v -0.06684714 0.87211429 -0.55541879
v -0.06577014 0.88439730 -0.53228265
v -0.06577014 0.88439730 -0.55310233
v -0.06684714 0.87211429 -0.52996621
v -0.05332566 0.88468820 -0.53228265
v -0.06577014 0.88439730 -0.53228265
v -0.05163345 0.87246993 -0.52996622
v -0.05332566 0.88468820 -0.55310233
v -0.05332566 0.88468820 -0.53228265
v -0.05332566 0.88468820 -0.55310233
v -0.06684714 0.87211429 -0.55541879
v -0.06577014 0.88439730 -0.55310233
v -0.06577014 0.88439730 -0.50368526
v -0.05332566 0.88468820 -0.52450492
v -0.06577014 0.88439730 -0.52450492
v -0.05163345 0.87246993 -0.52682136
v -0.06684714 0.87211429 -0.50136880
v -0.06684714 0.87211429 -0.52682136
v -0.06684714 0.87211429 -0.52682136
v -0.06577014 0.88439730 -0.50368526
v -0.06577014 0.88439730 -0.52450492
v -0.06684714 0.87211429 -0.50136880
v -0.05332565 0.88468820 -0.50368526
v -0.06577014 0.88439730 -0.50368526
v -0.05332565 0.88468820 -0.50368526
v -0.05163345 0.87246993 -0.52682136
v -0.05332566 0.88468820 -0.52450492
v -0.05332566 0.88468820 -0.52450492
v -0.06684714 0.87211429 -0.52682136
v -0.06577014 0.88439730 -0.52450492
v -0.06577013 0.88439730 -0.47405414
v -0.05332565 0.88468820 -0.49487381
v -0.06577014 0.88439730 -0.49487380
v -0.05163345 0.87246993 -0.49719026
v -0.06684714 0.87211429 -0.47173768
v -0.06684714 0.87211429 -0.49719026
v -0.06684714 0.87211429 -0.49719026
v -0.06577013 0.88439730 -0.47405414
v -0.06577014 0.88439730 -0.49487380
v -0.06684714 0.87211429 -0.47173768
v -0.05332565 0.88468820 -0.47405414
v -0.06577013 0.88439730 -0.47405414
v -0.05163345 0.87246993 -0.47173769
v -0.05332565 0.88468820 -0.49487381
v -0.05332565 0.88468820 -0.47405414
v -0.05332565 0.88468820 -0.49487381
v -0.06684714 0.87211429 -0.49719026
v -0.06577014 0.88439730 -0.49487380
v -0.06577012 0.88439730 -0.44461786
v -0.05332565 0.88468820 -0.46543754
v -0.06577012 0.88439730 -0.46543754
v -0.05163345 0.87246993 -0.46775398
v -0.06684713 0.87211429 -0.44230142
v -0.06684714 0.87211429 -0.46775398
v -0.06684714 0.87211429 -0.46775398
v -0.06577012 0.88439730 -0.44461786
v -0.06577012 0.88439730 -0.46543754
v -0.06684713 0.87211429 -0.44230142
v -0.05332564 0.88468820 -0.44461786
v -0.06577012 0.88439730 -0.44461786
v -0.05163345 0.87246993 -0.44230142
v -0.05332565 0.88468820 -0.46543754
v -0.05332564 0.88468820 -0.44461786
v -0.05332565 0.88468820 -0.46543754
v -0.06684714 0.87211429 -0.46775398
v -0.06577012 0.88439730 -0.46543754
v -0.06577012 0.88439730 -0.40275125
v -0.05332564 0.88468820 -0.42357094
v -0.06577012 0.88439730 -0.42357094
v -0.05163344 0.87246993 -0.42588739
v -0.06684713 0.87211429 -0.40043481
v -0.06684713 0.87211429 -0.42588739
v -0.06684713 0.87211429 -0.42588739
v -0.06577012 0.88439730 -0.40275125
v -0.06577012 0.88439730 -0.42357094
v -0.06684713 0.87211429 -0.40043481
v -0.05332564 0.88468820 -0.40275125
v -0.06577012 0.88439730 -0.40275125
v -0.05163344 0.87246993 -0.40043481
v -0.05332564 0.88468820 -0.42357094
v -0.05332564 0.88468820 -0.40275125
v -0.05332564 0.88468820 -0.42357094
v -0.06684713 0.87211429 -0.42588739
v -0.06577012 0.88439730 -0.42357094
v -0.06577012 0.88439730 -0.37415379
v -0.05332564 0.88468820 -0.39497348
v -0.06577012 0.88439730 -0.39497348
v -0.05163344 0.87246993 -0.39728992
v -0.06684713 0.87211429 -0.37183735
v -0.06684713 0.87211429 -0.39728992
v -0.06684713 0.87211429 -0.39728992
v -0.06577012 0.88439730 -0.37415379
v -0.06577012 0.88439730 -0.39497348
v -0.06684713 0.87211429 -0.37183735
v -0.05332564 0.88468820 -0.37415379
v -0.06577012 0.88439730 -0.37415379
v -0.05163344 0.87246993 -0.37183735
v -0.05332564 0.88468820 -0.39497348
v -0.05332564 0.88468820 -0.37415379
v -0.05332564 0.88468820 -0.39497348
v -0.06684713 0.87211429 -0.39728992
v -0.06577012 0.88439730 -0.39497348
v -0.06577011 0.88439730 -0.34452273
v -0.05332564 0.88468820 -0.36534242
v -0.06577011 0.88439730 -0.36534241
v -0.05163344 0.87246993 -0.36765886
v -0.06684713 0.87211429 -0.34220629
v -0.06684713 0.87211429 -0.36765886
v -0.06684713 0.87211429 -0.36765886
v -0.06577011 0.88439730 -0.34452273
v -0.06577011 0.88439730 -0.36534241
v -0.06684713 0.87211429 -0.34220629
v -0.05332564 0.88468820 -0.34452273
v -0.06577011 0.88439730 -0.34452273
v -0.05163344 0.87246993 -0.34220629
v -0.05332564 0.88468820 -0.36534242
v -0.05332564 0.88468820 -0.34452273
v -0.05332564 0.88468820 -0.36534242
v -0.06684713 0.87211429 -0.36765886
v -0.06577011 0.88439730 -0.36534241
v -0.06577011 0.88439730 -0.31508643
v -0.05332564 0.88468820 -0.33590611
v -0.06577011 0.88439730 -0.33590611
v -0.05163344 0.87246993 -0.33822256
v -0.06684712 0.87211429 -0.31276998
v -0.06684713 0.87211429 -0.33822255
v -0.06684713 0.87211429 -0.33822255
v -0.06577011 0.88439730 -0.31508643
v -0.06577011 0.88439730 -0.33590611
v -0.06684712 0.87211429 -0.31276998
v -0.05332563 0.88468820 -0.31508643
v -0.06577011 0.88439730 -0.31508643
v -0.05332563 0.88468820 -0.31508643
v -0.05163344 0.87246993 -0.33822256
v -0.05332564 0.88468820 -0.33590611
v -0.05332564 0.88468820 -0.33590611
v -0.06684713 0.87211429 -0.33822255
v -0.06577011 0.88439730 -0.33590611
v -0.06577011 0.88439730 -0.27663406
v -0.05332563 0.88468820 -0.29745373
v -0.06577011 0.88439730 -0.29745373
v -0.05163343 0.87246993 -0.29977018
v -0.06684712 0.87211429 -0.27431761
v -0.06684712 0.87211429 -0.29977018
v -0.06684712 0.87211429 -0.29977018
v -0.06577011 0.88439730 -0.27663406
v -0.06577011 0.88439730 -0.29745373
v -0.06684712 0.87211429 -0.27431761
v -0.05332563 0.88468820 -0.27663406
v -0.06577011 0.88439730 -0.27663406
v -0.05163343 0.87246993 -0.27431761
v -0.05332563 0.88468820 -0.29745373
v -0.05332563 0.88468820 -0.27663406
v -0.05332563 0.88468820 -0.29745373
v -0.06684712 0.87211429 -0.29977018
v -0.06577011 0.88439730 -0.29745373
v -0.06577010 0.88439730 -0.24803663
v -0.05332563 0.88468820 -0.26885631
v -0.06577011 0.88439730 -0.26885630
v -0.05163343 0.87246993 -0.27117275
v -0.06684712 0.87211429 -0.24572018
v -0.06684712 0.87211429 -0.27117275
v -0.06684712 0.87211429 -0.27117275
v -0.06577010 0.88439730 -0.24803663
v -0.06577011 0.88439730 -0.26885630
v -0.06684712 0.87211429 -0.24572018
v -0.05332563 0.88468820 -0.24803663
v -0.06577010 0.88439730 -0.24803663
v -0.05163343 0.87246993 -0.24572018
v -0.05332563 0.88468820 -0.26885631
v -0.05332563 0.88468820 -0.24803663
v -0.05332563 0.88468820 -0.26885631
v -0.06684712 0.87211429 -0.27117275
v -0.06577011 0.88439730 -0.26885630
v -0.06577010 0.88439730 -0.21840552
v -0.05332562 0.88468820 -0.23922521
v -0.06577010 0.88439730 -0.23922521
v -0.05163342 0.87246993 -0.24154165
v -0.06684711 0.87211429 -0.21608908
v -0.06684711 0.87211429 -0.24154165
v -0.06684711 0.87211429 -0.24154165
v -0.06577010 0.88439730 -0.21840552
v -0.06577010 0.88439730 -0.23922521
v -0.06684711 0.87211429 -0.21608908
v -0.05332562 0.88468820 -0.21840553
v -0.06577010 0.88439730 -0.21840552
v -0.05163342 0.87246993 -0.21608908
v -0.05332562 0.88468820 -0.23922521
v -0.05332562 0.88468820 -0.21840553
v -0.05332562 0.88468820 -0.23922521
v -0.06684711 0.87211429 -0.24154165
v -0.06577010 0.88439730 -0.23922521
v -0.06577011 0.88439730 -0.18896923
v -0.05332563 0.88468820 -0.20978892
v -0.06577011 0.88439730 -0.20978892
v -0.05163343 0.87246993 -0.21210536
v -0.06684711 0.87211429 -0.18665279
v -0.06684712 0.87211429 -0.21210536
v -0.06684712 0.87211429 -0.21210536
v -0.06577011 0.88439730 -0.18896923
v -0.06577011 0.88439730 -0.20978892
v -0.06684711 0.87211429 -0.18665279
v -0.05332563 0.88468820 -0.18896923
v -0.06577011 0.88439730 -0.18896923
v -0.05163342 0.87246993 -0.18665279
v -0.05332563 0.88468820 -0.20978892
v -0.05332563 0.88468820 -0.18896923
v -0.05332563 0.88468820 -0.20978892
v -0.06684712 0.87211429 -0.21210536
v -0.06577011 0.88439730 -0.20978892
v -0.06577011 0.88439730 -0.15544717
v -0.05332563 0.88468820 -0.17626685
v -0.06577011 0.88439730 -0.17626685
v -0.05163342 0.87246993 -0.17858330
v -0.06684711 0.87211429 -0.15313071
v -0.06684711 0.87211429 -0.17858330
v -0.06684711 0.87211429 -0.17858330
v -0.06577011 0.88439730 -0.15544717
v -0.06577011 0.88439730 -0.17626685
v -0.06684711 0.87211429 -0.15313071
v -0.05332562 0.88468820 -0.15544717
v -0.06577011 0.88439730 -0.15544717
v -0.05332562 0.88468820 -0.15544717
v -0.05163342 0.87246993 -0.17858330
v -0.05332563 0.88468820 -0.17626685
v -0.05332563 0.88468820 -0.17626685
v -0.06684711 0.87211429 -0.17858330
v -0.06577011 0.88439730 -0.17626685
v -0.06577009 0.88439730 -0.12673424
v -0.05332562 0.88468820 -0.14755392
v -0.06577010 0.88439730 -0.14755392
v -0.05163342 0.87246993 -0.14987037
v -0.06684711 0.87211429 -0.12441778
v -0.06684711 0.87211429 -0.14987037
v -0.06684711 0.87211429 -0.14987037
v -0.06577009 0.88439730 -0.12673424
v -0.06577010 0.88439730 -0.14755392
v -0.06684711 0.87211429 -0.12441778
v -0.05332562 0.88468820 -0.12673424
v -0.06577009 0.88439730 -0.12673424
v -0.05332562 0.88468820 -0.12673424
v -0.05163342 0.87246993 -0.14987037
v -0.05332562 0.88468820 -0.14755392
v -0.05332562 0.88468820 -0.14755392
v -0.06684711 0.87211429 -0.14987037
v -0.06577010 0.88439730 -0.14755392
v -0.06577009 0.88439730 -0.09778008
v -0.05332562 0.88468820 -0.11859974
v -0.06577009 0.88439730 -0.11859974
v -0.05163342 0.87246993 -0.12091620
v -0.06684711 0.87211429 -0.09546362
v -0.06684711 0.87211429 -0.12091620
v -0.06684711 0.87211429 -0.12091620
v -0.06577009 0.88439730 -0.09778008
v -0.06577009 0.88439730 -0.11859974
v -0.06684711 0.87211429 -0.09546362
v -0.05332562 0.88468820 -0.09778008
v -0.06577009 0.88439730 -0.09778008
v -0.05163342 0.87246993 -0.09546362
v -0.05332562 0.88468820 -0.11859974
v -0.05332562 0.88468820 -0.09778008
v -0.05332562 0.88468820 -0.11859974
v -0.06684711 0.87211429 -0.12091620
v -0.06577009 0.88439730 -0.11859974
v -0.04845215 0.87875725 -0.05284287
v -0.04732021 0.87857797 -0.05284287
v -0.04737561 0.87857797 -0.05319266
v -0.04753639 0.87857797 -0.05350821
v -0.04778681 0.87857797 -0.05375863
v -0.04810237 0.87857797 -0.05391942
v -0.04845216 0.87857797 -0.05397483
v -0.04880194 0.87857797 -0.05391942
v -0.04911750 0.87857797 -0.05375863
v -0.04936792 0.87857797 -0.05350821
v -0.04952870 0.87857797 -0.05319266
v -0.04958410 0.87857797 -0.05284287
v -0.04952870 0.87857797 -0.05249308
v -0.04936792 0.87857797 -0.05217753
v -0.04911750 0.87857797 -0.05192713
v -0.04880194 0.87857797 -0.05176633
v -0.04845215 0.87857797 -0.05171092
v -0.04810237 0.87857797 -0.05176633
v -0.04778681 0.87857797 -0.05192713
v -0.04753639 0.87857797 -0.05217753
v -0.04737561 0.87857797 -0.05249308
v -0.04629906 0.87805767 -0.05284287
v -0.04640444 0.87805767 -0.05350821
v -0.04671027 0.87805767 -0.05410842
v -0.04718660 0.87805767 -0.05458476
v -0.04778681 0.87805767 -0.05489060
v -0.04845216 0.87805767 -0.05499598
v -0.04911750 0.87805767 -0.05489060
v -0.04971771 0.87805767 -0.05458476
v -0.05019404 0.87805767 -0.05410842
v -0.05049987 0.87805767 -0.05350821
v -0.05060525 0.87805767 -0.05284287
v -0.05049987 0.87805767 -0.05217753
v -0.05019404 0.87805767 -0.05157733
v -0.04971771 0.87805767 -0.05110098
v -0.04911750 0.87805767 -0.05079518
v -0.04845215 0.87805767 -0.05068980
v -0.04778681 0.87805767 -0.05079518
v -0.04718660 0.87805767 -0.05110098
v -0.04671027 0.87805767 -0.05157733
v -0.04640444 0.87805767 -0.05217753
v -0.04548868 0.87724728 -0.05284287
v -0.04563372 0.87724728 -0.05375863
v -0.04605466 0.87724728 -0.05458476
v -0.04671027 0.87724728 -0.05524039
v -0.04753639 0.87724728 -0.05566130
v -0.04845216 0.87724728 -0.05580634
v -0.04936792 0.87724728 -0.05566130
v -0.05019404 0.87724728 -0.05524039
v -0.05084965 0.87724728 -0.05458476
v -0.05127059 0.87724728 -0.05375863
v -0.05141563 0.87724728 -0.05284287
v -0.05127059 0.87724728 -0.05192710
v -0.05084965 0.87724728 -0.05110098
v -0.05019404 0.87724728 -0.05044539
v -0.04936791 0.87724728 -0.05002444
v -0.04845215 0.87724728 -0.04987940
v -0.04753639 0.87724728 -0.05002444
v -0.04671027 0.87724728 -0.05044539
v -0.04605466 0.87724728 -0.05110098
v -0.04563372 0.87724728 -0.05192713
v -0.04496838 0.87622614 -0.05284287
v -0.04513889 0.87622614 -0.05391942
v -0.04563372 0.87622614 -0.05489060
v -0.04640444 0.87622614 -0.05566130
v -0.04737561 0.87622614 -0.05615613
v -0.04845216 0.87622614 -0.05632664
v -0.04952870 0.87622614 -0.05615613
v -0.05049987 0.87622614 -0.05566130
v -0.05127059 0.87622614 -0.05489060
v -0.05176542 0.87622614 -0.05391942
v -0.05193593 0.87622614 -0.05284287
v -0.05176542 0.87622614 -0.05176632
v -0.05127058 0.87622614 -0.05079518
v -0.05049986 0.87622614 -0.05002444
v -0.04952869 0.87622614 -0.04952962
v -0.04845215 0.87622614 -0.04935910
v -0.04737561 0.87622614 -0.04952962
v -0.04640444 0.87622614 -0.05002444
v -0.04563372 0.87622614 -0.05079518
v -0.04513889 0.87622614 -0.05176633
v -0.04478911 0.87509420 -0.05284287
v -0.04496838 0.87509420 -0.05397483
v -0.04548868 0.87509420 -0.05499598
v -0.04629906 0.87509420 -0.05580634
v -0.04732021 0.87509420 -0.05632664
v -0.04845216 0.87509420 -0.05650591
v -0.04958410 0.87509420 -0.05632664
v -0.05060525 0.87509420 -0.05580634
v -0.05141563 0.87509420 -0.05499598
v -0.05193593 0.87509420 -0.05397481
v -0.05211521 0.87509420 -0.05284287
v -0.05193593 0.87509420 -0.05171092
v -0.05141562 0.87509420 -0.05068980
v -0.05060524 0.87509420 -0.04987940
v -0.04958410 0.87509420 -0.04935910
v -0.04845215 0.87509420 -0.04917983
v -0.04732020 0.87509420 -0.04935910
v -0.04629906 0.87509420 -0.04987940
v -0.04548868 0.87509420 -0.05068980
v -0.04496838 0.87509420 -0.05171094
v -0.04496838 0.87396225 -0.05284287
v -0.04513889 0.87396225 -0.05391942
v -0.04563372 0.87396225 -0.05489060
v -0.04640444 0.87396225 -0.05566130
v -0.04737561 0.87396225 -0.05615613
v -0.04845216 0.87396225 -0.05632664
v -0.04952870 0.87396225 -0.05615613
v -0.05049987 0.87396225 -0.05566130
v -0.05127059 0.87396225 -0.05489060
v -0.05176542 0.87396225 -0.05391942
v -0.05193593 0.87396225 -0.05284287
v -0.05176542 0.87396225 -0.05176632
v -0.05127058 0.87396225 -0.05079518
v -0.05049986 0.87396225 -0.05002444
v -0.04952869 0.87396225 -0.04952962
v -0.04845215 0.87396225 -0.04935910
v -0.04737561 0.87396225 -0.04952962
v -0.04640444 0.87396225 -0.05002444
v -0.04563372 0.87396225 -0.05079518
v -0.04513889 0.87396225 -0.05176633
v -0.04548868 0.87294111 -0.05284287
v -0.04563372 0.87294111 -0.05375863
v -0.04605466 0.87294111 -0.05458476
v -0.04671027 0.87294111 -0.05524039
v -0.04753639 0.87294111 -0.05566130
v -0.04845216 0.87294111 -0.05580634
v -0.04936792 0.87294111 -0.05566130
v -0.05019404 0.87294111 -0.05524039
v -0.05084965 0.87294111 -0.05458476
v -0.05127059 0.87294111 -0.05375863
v -0.05141563 0.87294111 -0.05284287
v -0.05127059 0.87294111 -0.05192710
v -0.05084965 0.87294111 -0.05110098
v -0.05019404 0.87294111 -0.05044539
v -0.04936791 0.87294111 -0.05002444
v -0.04845215 0.87294111 -0.04987940
v -0.04753639 0.87294111 -0.05002444
v -0.04671027 0.87294111 -0.05044539
v -0.04605466 0.87294111 -0.05110098
v -0.04563372 0.87294111 -0.05192713
v -0.04629906 0.87213073 -0.05284287
v -0.04640444 0.87213073 -0.05350821
v -0.04671027 0.87213073 -0.05410842
v -0.04718660 0.87213073 -0.05458476
v -0.04778681 0.87213073 -0.05489060
v -0.04845216 0.87213073 -0.05499598
v -0.04911750 0.87213073 -0.05489060
v -0.04971771 0.87213073 -0.05458476
v -0.05019404 0.87213073 -0.05410842
v -0.05049987 0.87213073 -0.05350821
v -0.05060525 0.87213073 -0.05284287
v -0.05049987 0.87213073 -0.05217753
v -0.05019404 0.87213073 -0.05157733
v -0.04971771 0.87213073 -0.05110098
v -0.04911750 0.87213073 -0.05079518
v -0.04845216 0.87213073 -0.05068980
v -0.04778681 0.87213073 -0.05079518
v -0.04718660 0.87213073 -0.05110098
v -0.04671027 0.87213073 -0.05157733
v -0.04640444 0.87213073 -0.05217753
v -0.04732021 0.87161043 -0.05284287
v -0.04737561 0.87161043 -0.05319266
v -0.04753639 0.87161043 -0.05350821
v -0.04778681 0.87161043 -0.05375863
v -0.04810237 0.87161043 -0.05391942
v -0.04845216 0.87161043 -0.05397483
v -0.04880194 0.87161043 -0.05391942
v -0.04911750 0.87161043 -0.05375863
v -0.04936792 0.87161043 -0.05350821
v -0.04952870 0.87161043 -0.05319266
v -0.04958410 0.87161043 -0.05284287
v -0.04952870 0.87161043 -0.05249308
v -0.04936792 0.87161043 -0.05217753
v -0.04911750 0.87161043 -0.05192713
v -0.04880194 0.87161043 -0.05176633
v -0.04845216 0.87161043 -0.05171092
v -0.04810237 0.87161043 -0.05176633
v -0.04778681 0.87161043 -0.05192713
v -0.04753639 0.87161043 -0.05217753
v -0.04737561 0.87161043 -0.05249308
v -0.04845216 0.87143115 -0.05284287
v -0.10154273 0.88275468 0.02765712
v -0.07982741 0.88326232 0.00492706
v -0.10154273 0.88275468 0.00492706
v -0.07702863 0.86853193 0.00239807
v -0.10357614 0.86791134 0.03018612
v -0.10357614 0.86791134 0.00239807
v -0.10357614 0.86791134 0.00239807
v -0.10154273 0.88275468 0.02765712
v -0.10154273 0.88275468 0.00492706
v -0.10357614 0.86791134 0.03018612
v -0.07982741 0.88326232 0.02765712
v -0.10154273 0.88275468 0.02765712
v -0.07702863 0.86853193 0.03018611
v -0.07982741 0.88326232 0.00492706
v -0.07982741 0.88326232 0.02765712
v -0.07982741 0.88326232 0.00492706
v -0.10357614 0.86791134 0.00239807
v -0.10154273 0.88275468 0.00492706
v -0.19057827 0.87580161 -0.15176149
v -0.18777949 0.86107122 -0.14923249
v -0.21432700 0.86045063 -0.14923249
v -0.18777949 0.86107122 -0.14923249
v -0.18777949 0.86107122 -0.17702054
v -0.18777949 0.86107122 -0.17702054
v -0.10744131 0.88109710 -0.28738913
v -0.10464252 0.86636670 -0.28486013
v -0.13119003 0.86574612 -0.28486013
v -0.10464252 0.86636670 -0.28486013
v -0.10464252 0.86636670 -0.31264818
v -0.10464252 0.86636670 -0.31264818
v -0.10744130 0.88109710 -0.25896939
v -0.10464252 0.86636670 -0.25644039
v -0.13119003 0.86574612 -0.25644038
v -0.10464252 0.86636670 -0.25644039
v -0.10464252 0.86636670 -0.25644039
v -0.10464252 0.86636670 -0.28422844
v -0.10744130 0.88109710 -0.23110592
v -0.10464252 0.86636670 -0.22857691
v -0.13119003 0.86574612 -0.25636496
v -0.10464252 0.86636670 -0.22857691
v -0.10464252 0.86636670 -0.25636497
v -0.10464252 0.86636670 -0.25636497
v -0.10744131 0.88109710 -0.37268536
v -0.10464253 0.86636670 -0.37015636
v -0.13119004 0.86574612 -0.37015636
v -0.10464253 0.86636670 -0.37015636
v -0.10464253 0.86636670 -0.39794441
v -0.10464253 0.86636670 -0.39794441
v -0.10744131 0.88109710 -0.34426564
v -0.10464253 0.86636670 -0.34173664
v -0.13119004 0.86574612 -0.34173663
v -0.10464253 0.86636670 -0.34173664
v -0.10464253 0.86636670 -0.36952468
v -0.10464253 0.86636670 -0.36952468
v -0.10744131 0.88109710 -0.31640215
v -0.10464252 0.86636670 -0.31387315
v -0.13119004 0.86574612 -0.31387315
v -0.10464252 0.86636670 -0.31387315
v -0.10464252 0.86636670 -0.31387315
v -0.10464253 0.86636670 -0.34166120
v -0.10744132 0.88109710 -0.45879195
v -0.10464254 0.86636670 -0.45626294
v -0.13119005 0.86574612 -0.45626294
v -0.10464254 0.86636670 -0.45626294
v -0.10464254 0.86636670 -0.48405101
v -0.10464254 0.86636670 -0.48405101
v -0.10744133 0.88109710 -0.43037220
v -0.10464254 0.86636670 -0.42784320
v -0.13119006 0.86574612 -0.42784320
v -0.10464254 0.86636670 -0.42784320
v -0.10464255 0.86636670 -0.45563125
v -0.10464255 0.86636670 -0.45563125
v -0.10744132 0.88109710 -0.40250874
v -0.10464253 0.86636670 -0.39997974
v -0.13119004 0.86574612 -0.39997974
v -0.10464253 0.86636670 -0.39997974
v -0.10464253 0.86636670 -0.39997974
v -0.10464253 0.86636670 -0.42776777
v -0.10744133 0.88109710 -0.54440318
v -0.10464254 0.86636670 -0.54187419
v -0.13119006 0.86574612 -0.54187419
v -0.10464254 0.86636670 -0.54187419
v -0.10464255 0.86636670 -0.56966224
v -0.10464255 0.86636670 -0.56966224
v -0.10744133 0.88109710 -0.51598340
v -0.10464254 0.86636670 -0.51345443
v -0.13119006 0.86574612 -0.54124247
v -0.10464254 0.86636670 -0.51345443
v -0.10464254 0.86636670 -0.54124248
v -0.10464254 0.86636670 -0.54124248
v -0.10744132 0.88109710 -0.48811996
v -0.10464254 0.86636670 -0.48559095
v -0.13119005 0.86574612 -0.48559094
v -0.10464254 0.86636670 -0.48559095
v -0.10464254 0.86636670 -0.51337901
v -0.10464254 0.86636670 -0.51337901
v -0.13624670 0.88042372 -0.27983757
v -0.13344791 0.86569333 -0.27730857
v -0.15999542 0.86507274 -0.30509662
v -0.13344791 0.86569333 -0.27730857
v -0.13344791 0.86569333 -0.30509662
v -0.13344791 0.86569333 -0.30509662
v -0.13624669 0.88042372 -0.25141781
v -0.13344791 0.86569333 -0.24888881
v -0.15999542 0.86507274 -0.24888881
v -0.13344791 0.86569333 -0.24888881
v -0.13344791 0.86569333 -0.24888881
v -0.13344791 0.86569333 -0.27667686
v -0.13624669 0.88042372 -0.22355434
v -0.13344790 0.86569333 -0.22102534
v -0.15999542 0.86507274 -0.22102534
v -0.13344790 0.86569333 -0.22102534
v -0.13344791 0.86569333 -0.24881339
v -0.13344791 0.86569333 -0.24881339
v -0.13624669 0.88042372 -0.36513380
v -0.13344791 0.86569333 -0.36260480
v -0.15999542 0.86507274 -0.39039285
v -0.13344791 0.86569333 -0.36260480
v -0.13344791 0.86569333 -0.39039285
v -0.13344791 0.86569333 -0.39039285
v -0.13624670 0.88042372 -0.33671404
v -0.13344791 0.86569333 -0.33418504
v -0.15999543 0.86507274 -0.33418504
v -0.13344791 0.86569333 -0.33418504
v -0.13344791 0.86569333 -0.33418504
v -0.13344792 0.86569333 -0.36197308
v -0.13624670 0.88042372 -0.30885058
v -0.13344791 0.86569333 -0.30632157
v -0.15999542 0.86507274 -0.30632157
v -0.13344791 0.86569333 -0.30632157
v -0.13344791 0.86569333 -0.33410962
v -0.13344791 0.86569333 -0.33410962
v -0.13624671 0.88042372 -0.45124038
v -0.13344792 0.86569333 -0.44871139
v -0.15999544 0.86507274 -0.44871138
v -0.13344792 0.86569333 -0.44871139
v -0.13344793 0.86569333 -0.47649943
v -0.13344793 0.86569333 -0.47649943
v -0.13624671 0.88042372 -0.42282062
v -0.13344792 0.86569333 -0.42029162
v -0.15999543 0.86507274 -0.42029162
v -0.13344792 0.86569333 -0.42029162
v -0.13344792 0.86569333 -0.44807966
v -0.13344792 0.86569333 -0.44807966
v -0.13624670 0.88042372 -0.39495716
v -0.13344791 0.86569333 -0.39242816
v -0.15999542 0.86507274 -0.42021621
v -0.13344791 0.86569333 -0.39242816
v -0.13344791 0.86569333 -0.42021621
v -0.13344791 0.86569333 -0.42021621
v -0.13624672 0.88042372 -0.53685160
v -0.13344793 0.86569333 -0.53432261
v -0.15999544 0.86507274 -0.53432261
v -0.13344793 0.86569333 -0.53432261
v -0.13344793 0.86569333 -0.56211064
v -0.13344793 0.86569333 -0.56211064
v -0.13624672 0.88042372 -0.50843184
v -0.13344793 0.86569333 -0.50590285
v -0.15999544 0.86507274 -0.50590285
v -0.13344793 0.86569333 -0.50590285
v -0.13344793 0.86569333 -0.50590285
v -0.13344793 0.86569333 -0.53369088
v -0.13624671 0.88042372 -0.48056838
v -0.13344793 0.86569333 -0.47803939
v -0.15999544 0.86507274 -0.47803939
v -0.13344793 0.86569333 -0.47803939
v -0.13344793 0.86569333 -0.50582743
v -0.13344793 0.86569333 -0.50582743
v -0.16498038 0.87802275 -0.26746956
v -0.16218160 0.86329236 -0.26494056
v -0.18872911 0.86267178 -0.26494055
v -0.16218160 0.86329236 -0.26494056
v -0.16218160 0.86329236 -0.26494056
v -0.16218160 0.86329236 -0.29272861
v -0.16498041 0.87802275 -0.35276579
v -0.16218163 0.86329236 -0.35023678
v -0.18872914 0.86267178 -0.35023678
v -0.16218163 0.86329236 -0.35023678
v -0.16218163 0.86329236 -0.37802483
v -0.16218163 0.86329236 -0.37802483
v -0.16498041 0.87802275 -0.32434602
v -0.16218162 0.86329236 -0.32181702
v -0.18872914 0.86267178 -0.32181702
v -0.16218162 0.86329236 -0.32181702
v -0.16218163 0.86329236 -0.34960507
v -0.16218163 0.86329236 -0.34960507
v -0.16498039 0.87802275 -0.29648258
v -0.16218160 0.86329236 -0.29395358
v -0.18872912 0.86267178 -0.29395358
v -0.16218160 0.86329236 -0.29395358
v -0.16218160 0.86329236 -0.32174163
v -0.16218160 0.86329236 -0.32174163
v -0.16498042 0.87802275 -0.43887237
v -0.16218163 0.86329236 -0.43634337
v -0.18872915 0.86267178 -0.43634337
v -0.16218163 0.86329236 -0.43634337
v -0.16218164 0.86329236 -0.46413142
v -0.16218164 0.86329236 -0.46413142
v -0.16498041 0.87802275 -0.41045257
v -0.16218163 0.86329236 -0.40792356
v -0.18872914 0.86267178 -0.40792356
v -0.16218163 0.86329236 -0.40792356
v -0.16218163 0.86329236 -0.40792356
v -0.16218163 0.86329236 -0.43571161
v -0.16498041 0.87802275 -0.38258915
v -0.16218163 0.86329236 -0.38006015
v -0.18872914 0.86267178 -0.38006014
v -0.16218163 0.86329236 -0.38006015
v -0.16218163 0.86329236 -0.38006015
v -0.16218163 0.86329236 -0.40784818
v -0.16498042 0.87802275 -0.52448359
v -0.16218164 0.86329236 -0.52195460
v -0.18872915 0.86267178 -0.52195460
v -0.16218164 0.86329236 -0.52195460
v -0.16218164 0.86329236 -0.54974265
v -0.16218164 0.86329236 -0.54974265
v -0.16498042 0.87802275 -0.49606383
v -0.16218164 0.86329236 -0.49353484
v -0.18872915 0.86267178 -0.49353484
v -0.16218164 0.86329236 -0.49353484
v -0.16218164 0.86329236 -0.52132288
v -0.16218164 0.86329236 -0.52132288
v -0.16498042 0.87802275 -0.46820037
v -0.16218164 0.86329236 -0.46567137
v -0.18872915 0.86267178 -0.49345942
v -0.16218164 0.86329236 -0.46567137
v -0.16218164 0.86329236 -0.49345942
v -0.16218164 0.86329236 -0.49345942
v -0.07943510 0.88327147 -0.29993161
v -0.07663631 0.86854108 -0.29740261
v -0.10318383 0.86792049 -0.29740260
v -0.07663631 0.86854108 -0.29740261
v -0.07663632 0.86854108 -0.32519066
v -0.07663632 0.86854108 -0.32519066
v -0.07943510 0.88327147 -0.27151187
v -0.07663631 0.86854108 -0.26898286
v -0.10318382 0.86792049 -0.26898286
v -0.07663631 0.86854108 -0.26898286
v -0.07663631 0.86854108 -0.29677092
v -0.07663631 0.86854108 -0.29677092
v -0.07943509 0.88327147 -0.24364840
v -0.07663631 0.86854108 -0.24111940
v -0.10318382 0.86792049 -0.26890745
v -0.07663631 0.86854108 -0.24111940
v -0.07663631 0.86854108 -0.26890745
v -0.07663631 0.86854108 -0.26890745
v -0.07943510 0.88327147 -0.38522786
v -0.07663631 0.86854108 -0.38269885
v -0.10318382 0.86792049 -0.38269884
v -0.07663631 0.86854108 -0.38269885
v -0.07663631 0.86854108 -0.41048690
v -0.07663631 0.86854108 -0.41048690
v -0.07943509 0.88327147 -0.35680808
v -0.07663631 0.86854108 -0.35427908
v -0.10318382 0.86792049 -0.35427907
v -0.07663631 0.86854108 -0.35427908
v -0.07663631 0.86854108 -0.38206712
v -0.07663631 0.86854108 -0.38206712
v -0.07943509 0.88327147 -0.32894463
v -0.07663631 0.86854108 -0.32641563
v -0.10318382 0.86792049 -0.32641563
v -0.07663631 0.86854108 -0.32641563
v -0.07663631 0.86854108 -0.32641563
v -0.07663631 0.86854108 -0.35420367
v -0.07943511 0.88327147 -0.47133445
v -0.07663633 0.86854108 -0.46880546
v -0.10318384 0.86792049 -0.46880546
v -0.07663633 0.86854108 -0.46880546
v -0.07663633 0.86854108 -0.46880546
v -0.07663633 0.86854108 -0.49659349
v -0.07943511 0.88327147 -0.44291466
v -0.07663632 0.86854108 -0.44038566
v -0.10318384 0.86792049 -0.44038566
v -0.07663632 0.86854108 -0.44038566
v -0.07663633 0.86854108 -0.46817371
v -0.07663633 0.86854108 -0.46817371
v -0.07943511 0.88327147 -0.41505120
v -0.07663632 0.86854108 -0.41252219
v -0.10318383 0.86792049 -0.41252219
v -0.07663632 0.86854108 -0.41252219
v -0.07663632 0.86854108 -0.41252219
v -0.07663632 0.86854108 -0.44031023
v -0.07943512 0.88327147 -0.55527639
v -0.07663633 0.86854108 -0.55274741
v -0.10318385 0.86792049 -0.58053546
v -0.07663633 0.86854108 -0.55274741
v -0.07663634 0.86854108 -0.58053546
v -0.07663634 0.86854108 -0.58053546
v -0.07943512 0.88327147 -0.52729745
v -0.07663633 0.86854108 -0.52476848
v -0.10318384 0.86792049 -0.52476848
v -0.07663633 0.86854108 -0.52476848
v -0.07663633 0.86854108 -0.52476848
v -0.07663633 0.86854108 -0.55255651
v -0.07943512 0.88327147 -0.49952194
v -0.07663633 0.86854108 -0.49699294
v -0.10318384 0.86792049 -0.49699294
v -0.07663633 0.86854108 -0.49699294
v -0.07663633 0.86854108 -0.49699294
v -0.07663633 0.86854108 -0.52478097
v -0.07943512 0.88327147 -0.58328458
v -0.07663634 0.86854108 -0.58075561
v -0.10318385 0.86792049 -0.60854367
v -0.07663634 0.86854108 -0.58075561
v -0.07663634 0.86854108 -0.60854367
v -0.07663634 0.86854108 -0.60854367
v -0.07844486 0.88329459 -0.15410587
v -0.07564608 0.86856420 -0.15157687
v -0.10219358 0.86794361 -0.15157687
v -0.07564608 0.86856420 -0.15157687
v -0.07564608 0.86856420 -0.17936492
v -0.07564608 0.86856420 -0.17936492
v -0.07844487 0.88329459 -0.12355717
v -0.07564608 0.86856420 -0.12102818
v -0.10219359 0.86794361 -0.14881622
v -0.07564608 0.86856420 -0.12102818
v -0.07564608 0.86856420 -0.14881622
v -0.07564608 0.86856420 -0.14881622
v -0.07844487 0.88329459 -0.09333802
v -0.07564608 0.86856420 -0.09080904
v -0.10219359 0.86794361 -0.11859707
v -0.07564608 0.86856420 -0.09080904
v -0.07564608 0.86856420 -0.11859707
v -0.07564608 0.86856420 -0.11859707
v -0.10921025 0.88105574 -0.15410587
v -0.10641146 0.86632535 -0.15157687
v -0.13295897 0.86570477 -0.15157687
v -0.10641146 0.86632535 -0.15157687
v -0.10641146 0.86632535 -0.17936492
v -0.10641146 0.86632535 -0.17936492
v -0.10921024 0.88105574 -0.12355717
v -0.10641146 0.86632535 -0.12102817
v -0.13295897 0.86570477 -0.14881622
v -0.10641146 0.86632535 -0.12102817
v -0.10641146 0.86632535 -0.14881622
v -0.10641146 0.86632535 -0.14881622
v -0.10921024 0.88105574 -0.09333801
v -0.10641146 0.86632535 -0.09080904
v -0.13295897 0.86570477 -0.11859707
v -0.10641146 0.86632535 -0.09080904
v -0.10641146 0.86632535 -0.11859707
v -0.10641146 0.86632535 -0.11859707
v -0.19057827 0.87580161 -0.12248304
v -0.18777948 0.86107122 -0.11995403
v -0.21432700 0.86045063 -0.11995402
v -0.18777948 0.86107122 -0.11995403
v -0.18777948 0.86107122 -0.11995403
v -0.18777949 0.86107122 -0.14774208
v -0.19057827 0.87580161 -0.09302118
v -0.18777948 0.86107122 -0.09049220
v -0.21432700 0.86045063 -0.11828023
v -0.18777948 0.86107122 -0.09049220
v -0.18777948 0.86107122 -0.11828023
v -0.18777948 0.86107122 -0.11828023
v -0.16077663 0.87812094 -0.12248304
v -0.15797785 0.86339055 -0.11995403
v -0.18452536 0.86276997 -0.11995403
v -0.15797785 0.86339055 -0.11995403
v -0.15797785 0.86339055 -0.11995403
v -0.15797785 0.86339055 -0.14774208
v -0.07982742 0.88326232 -0.05689577
v -0.07702863 0.86853193 -0.05436676
v -0.10357615 0.86791134 -0.05436676
v -0.07702863 0.86853193 -0.05436676
v -0.07702864 0.86853193 -0.08215481
v -0.07702864 0.86853193 -0.08215481
v -0.07982742 0.88326232 -0.02847603
v -0.07702863 0.86853193 -0.02594704
v -0.10357614 0.86791134 -0.02594704
v -0.07702863 0.86853193 -0.02594704
v -0.07702863 0.86853193 -0.05373509
v -0.07702863 0.86853193 -0.05373509
v -0.07982741 0.88326232 -0.00061257
v -0.07702863 0.86853193 0.00191644
v -0.10357614 0.86791134 0.00191644
v -0.07702863 0.86853193 0.00191644
v -0.07702863 0.86853193 -0.02587161
v -0.07702863 0.86853193 -0.02587161
v -0.10725105 0.88110152 -0.05689577
v -0.10445227 0.86637113 -0.05436676
v -0.13099978 0.86575054 -0.05436676
v -0.10445227 0.86637113 -0.05436676
v -0.10445227 0.86637113 -0.08215481
v -0.10445227 0.86637113 -0.08215481
v -0.10725105 0.88110152 -0.02847603
v -0.10445226 0.86637113 -0.02594704
v -0.13099977 0.86575054 -0.02594704
v -0.10445226 0.86637113 -0.02594704
v -0.10445227 0.86637113 -0.05373509
v -0.10445227 0.86637113 -0.05373509
v -0.10725104 0.88110152 -0.00061253
v -0.10445226 0.86637113 0.00191646
v -0.13099977 0.86575054 0.00191647
v -0.10445226 0.86637113 0.00191646
v -0.10445226 0.86637113 0.00191646
v -0.10445226 0.86637113 -0.02587158
v -0.13503132 0.88045210 -0.05689577
v -0.13223253 0.86572171 -0.05436676
v -0.15878004 0.86510112 -0.05436676
v -0.13223253 0.86572171 -0.05436676
v -0.13223253 0.86572171 -0.08215481
v -0.13223253 0.86572171 -0.08215481
v -0.13503131 0.88045210 -0.02847603
v -0.13223253 0.86572171 -0.02594704
v -0.15878004 0.86510112 -0.02594703
v -0.13223253 0.86572171 -0.02594704
v -0.13223253 0.86572171 -0.05373508
v -0.13223253 0.86572171 -0.05373508
v -0.13503131 0.88045210 -0.00061253
v -0.13223252 0.86572171 0.00191647
v -0.15878004 0.86510112 0.00191647
v -0.13223252 0.86572171 0.00191647
v -0.13223252 0.86572171 0.00191647
v -0.13223253 0.86572171 -0.02587158
v -0.16274112 0.87807509 -0.05689577
v -0.15994234 0.86334470 -0.05436676
v -0.18648984 0.86272411 -0.05436675
v -0.15994234 0.86334470 -0.05436676
v -0.15994234 0.86334470 -0.08215480
v -0.15994234 0.86334470 -0.08215480
v -0.16274112 0.87807509 -0.02847603
v -0.15994233 0.86334470 -0.02594703
v -0.18648984 0.86272411 -0.02594703
v -0.15994233 0.86334470 -0.02594703
v -0.15994234 0.86334470 -0.05373508
v -0.15994234 0.86334470 -0.05373508
v -0.16274112 0.87807509 -0.00061252
v -0.15994233 0.86334470 0.00191647
v -0.18648984 0.86272411 0.00191647
v -0.15994233 0.86334470 0.00191647
v -0.15994233 0.86334470 0.00191647
v -0.15994233 0.86334470 -0.02587158
v -0.19021689 0.87581008 -0.00061252
v -0.18741811 0.86107968 0.00191647
v -0.21396562 0.86045910 0.00191647
v -0.18741811 0.86107968 0.00191647
v -0.18741811 0.86107968 0.00191647
v -0.18741811 0.86107968 -0.02587158
v -0.19021688 0.87581008 -0.02986938
v -0.18741809 0.86107968 -0.02734035
v -0.21396561 0.86045910 -0.02734035
v -0.18741809 0.86107968 -0.02734035
v -0.18741809 0.86107968 -0.02734035
v -0.18741810 0.86107968 -0.08211965
v -0.10733933 0.87937243 0.02749590
v -0.15958964 0.86514966 0.00298178
v -0.15958963 0.86452908 0.02952931
v -0.10481033 0.86514966 0.00298177
v -0.10481033 0.86514966 0.00298177
v -0.15958964 0.86514966 0.00298178
v -0.16273267 0.87764406 0.02745548
v -0.21498298 0.86342130 0.00294139
v -0.16020367 0.86280071 0.02948889
v -0.16020368 0.86342130 0.00294138
v -0.21498298 0.86342130 0.00294139
v -0.21498298 0.86342130 0.00294139
v -0.07940782 0.88327208 -0.18862700
v -0.07660904 0.86854169 -0.18609799
v -0.10315655 0.86792110 -0.18609799
v -0.07660904 0.86854169 -0.18609799
v -0.07660904 0.86854169 -0.24087729
v -0.07660904 0.86854169 -0.24087729
v -0.16474465 0.87802825 -0.18862698
v -0.16194586 0.86329786 -0.18609798
v -0.18849337 0.86267727 -0.18609798
v -0.16194586 0.86329786 -0.18609798
v -0.16194587 0.86329786 -0.26268974
v -0.16194587 0.86329786 -0.26268974
v -0.19243703 0.87575820 -0.33783106
v -0.18963825 0.86102781 -0.33530206
v -0.21618576 0.86040722 -0.33530206
v -0.18963825 0.86102781 -0.33530206
v -0.18963825 0.86102781 -0.33530206
v -0.18963827 0.86102781 -0.50587693
v -0.19247349 0.87575736 -0.18707201
v -0.18967470 0.86102697 -0.18454300
v -0.21622223 0.86040638 -0.22669683
v -0.18967470 0.86102697 -0.18454300
v -0.18967471 0.86102697 -0.22669683
v -0.18967471 0.86102697 -0.22669683
v -0.19247348 0.87575736 -0.22954646
v -0.18967469 0.86102697 -0.22747108
v -0.21622221 0.86040638 -0.22747108
v -0.18967469 0.86102697 -0.22747108
v -0.18967469 0.86102697 -0.26206370
v -0.18967469 0.86102697 -0.26206370
v -0.19247348 0.87575736 -0.26467388
v -0.18967469 0.86102697 -0.26259851
v -0.21622221 0.86040638 -0.26259851
v -0.18967469 0.86102697 -0.26259851
v -0.18967469 0.86102697 -0.29719113
v -0.18967469 0.86102697 -0.29719113
v -0.19247348 0.87575736 -0.30064873
v -0.18967469 0.86102697 -0.29857335
v -0.21622222 0.86040638 -0.29857335
v -0.18967469 0.86102697 -0.29857335
v -0.18967470 0.86102697 -0.33316597
v -0.18967470 0.86102697 -0.33316597
v -0.19247352 0.87575736 -0.50900887
v -0.18967473 0.86102697 -0.50706040
v -0.21622224 0.86040638 -0.50706039
v -0.18967473 0.86102697 -0.50706040
v -0.18967473 0.86102697 -0.50706040
v -0.18967473 0.86102697 -0.53953764
v -0.19247352 0.87575736 -0.54262299
v -0.18967473 0.86102697 -0.54067452
v -0.21622225 0.86040638 -0.54067451
v -0.18967473 0.86102697 -0.54067452
v -0.18967474 0.86102697 -0.57315178
v -0.18967474 0.86102697 -0.57315178
v -0.19247353 0.87575736 -0.57664982
v -0.18967474 0.86102697 -0.57470135
v -0.21622225 0.86040638 -0.57470135
v -0.18967474 0.86102697 -0.57470135
v -0.18967474 0.86102697 -0.60717861
v -0.18967474 0.86102697 -0.60717861
v -0.16498043 0.87802275 -0.55322943
v -0.16218164 0.86329236 -0.55070044
v -0.18872916 0.86267178 -0.55070044
v -0.16218164 0.86329236 -0.55070044
v -0.16218165 0.86329236 -0.57848849
v -0.16218165 0.86329236 -0.57848849
v -0.10744130 0.88109710 -0.22353044
v -0.13119003 0.86574612 -0.21942648
v -0.13119003 0.86574612 -0.22605944
v -0.10464251 0.86636670 -0.18585974
v -0.10464251 0.86636670 -0.18585974
v -0.10464252 0.86636670 -0.22605944
v -0.13119003 0.86574612 -0.21942648
v -0.15945839 0.86578038 -0.18585973
v -0.10464252 0.86636670 -0.22605944
v -0.13119003 0.86574612 -0.18585973
v -0.15945839 0.86578038 -0.18585973
v -0.15945838 0.86578038 -0.21942648
v -0.13119003 0.86574612 -0.18585973
v -0.12915661 0.88058947 -0.18838873
v -0.15742497 0.88062373 -0.18838873
v -0.12915662 0.88058947 -0.21773205
v -0.15742497 0.88062373 -0.21773205
v -0.15742497 0.88062373 -0.18838873
v -0.13119003 0.86574612 -0.21942648
v -0.15945838 0.86578038 -0.21942648
v -0.15742497 0.88062373 -0.21773205
v -0.16505527 0.87639830 -0.58093699
v -0.16225649 0.86166791 -0.57898850
v -0.18880400 0.86104732 -0.57898850
v -0.16225649 0.86166791 -0.57898850
v -0.16225649 0.86166791 -0.60717861
v -0.16225649 0.86166791 -0.60717861
v -0.13713054 0.87705107 -0.57136803
v -0.13433175 0.86232068 -0.56941958
v -0.15884585 0.87654345 -0.57136803
v -0.13574705 0.87036623 -0.57039382
v -0.15884586 0.87654345 -0.60523014
v -0.15987846 0.86980212 -0.57039381
v -0.13436356 0.86368139 -0.56252085
v -0.13433175 0.86232068 -0.60717862
v -0.15986256 0.86912177 -0.60620438
v -0.16087926 0.86170009 -0.56941958
v -0.13433175 0.86232068 -0.56941958
v -0.13436356 0.86368139 -0.56252085
v -0.13574705 0.87036623 -0.57039382
v -0.13574705 0.87036623 -0.56252085
v -0.13436356 0.86368139 -0.56252085
v -0.15987846 0.86980212 -0.57039381
v -0.15987846 0.86980212 -0.56252085
v -0.13574705 0.87036623 -0.56252085
v -0.15987846 0.86980212 -0.57039381
v -0.16087926 0.86170009 -0.56941958
v -0.16091107 0.86306080 -0.56252085
v -0.10756371 0.87774222 -0.57227723
v -0.10476492 0.86301183 -0.57032876
v -0.13131243 0.86239124 -0.57032876
v -0.10476492 0.86301183 -0.57032876
v -0.10476492 0.86301183 -0.60717862
v -0.10476492 0.86301183 -0.60717862
v -0.05332566 0.88468820 -0.58110629
v -0.05163346 0.87246993 -0.57878982
v -0.06684715 0.87211429 -0.57878982
v -0.05163346 0.87246993 -0.57878982
v -0.05163346 0.87246993 -0.57878982
v -0.05163346 0.87246993 -0.60424241
v -0.05332566 0.88468820 -0.53228265
v -0.05163345 0.87246993 -0.52996622
v -0.06684714 0.87211429 -0.52996621
v -0.05163345 0.87246993 -0.52996622
v -0.05163345 0.87246993 -0.55541879
v -0.05163345 0.87246993 -0.55541879
v -0.05332565 0.88468820 -0.50368526
v -0.05163345 0.87246993 -0.50136880
v -0.06684714 0.87211429 -0.50136880
v -0.05163345 0.87246993 -0.50136880
v -0.05163345 0.87246993 -0.50136880
v -0.05163345 0.87246993 -0.52682136
v -0.05332565 0.88468820 -0.47405414
v -0.05163345 0.87246993 -0.47173769
v -0.06684714 0.87211429 -0.47173768
v -0.05163345 0.87246993 -0.47173769
v -0.05163345 0.87246993 -0.49719026
v -0.05163345 0.87246993 -0.49719026
v -0.05332564 0.88468820 -0.44461786
v -0.05163345 0.87246993 -0.44230142
v -0.06684713 0.87211429 -0.44230142
v -0.05163345 0.87246993 -0.44230142
v -0.05163345 0.87246993 -0.46775398
v -0.05163345 0.87246993 -0.46775398
v -0.05332564 0.88468820 -0.40275125
v -0.05163344 0.87246993 -0.40043481
v -0.06684713 0.87211429 -0.40043481
v -0.05163344 0.87246993 -0.40043481
v -0.05163344 0.87246993 -0.42588739
v -0.05163344 0.87246993 -0.42588739
v -0.05332564 0.88468820 -0.37415379
v -0.05163344 0.87246993 -0.37183735
v -0.06684713 0.87211429 -0.37183735
v -0.05163344 0.87246993 -0.37183735
v -0.05163344 0.87246993 -0.39728992
v -0.05163344 0.87246993 -0.39728992
v -0.05332564 0.88468820 -0.34452273
v -0.05163344 0.87246993 -0.34220629
v -0.06684713 0.87211429 -0.34220629
v -0.05163344 0.87246993 -0.34220629
v -0.05163344 0.87246993 -0.36765886
v -0.05163344 0.87246993 -0.36765886
v -0.05332563 0.88468820 -0.31508643
v -0.05163343 0.87246993 -0.31276998
v -0.06684712 0.87211429 -0.31276998
v -0.05163343 0.87246993 -0.31276998
v -0.05163343 0.87246993 -0.31276998
v -0.05163344 0.87246993 -0.33822256
v -0.05332563 0.88468820 -0.27663406
v -0.05163343 0.87246993 -0.27431761
v -0.06684712 0.87211429 -0.27431761
v -0.05163343 0.87246993 -0.27431761
v -0.05163343 0.87246993 -0.29977018
v -0.05163343 0.87246993 -0.29977018
v -0.05332563 0.88468820 -0.24803663
v -0.05163343 0.87246993 -0.24572018
v -0.06684712 0.87211429 -0.24572018
v -0.05163343 0.87246993 -0.24572018
v -0.05163343 0.87246993 -0.27117275
v -0.05163343 0.87246993 -0.27117275
v -0.05332562 0.88468820 -0.21840553
v -0.05163342 0.87246993 -0.21608908
v -0.06684711 0.87211429 -0.21608908
v -0.05163342 0.87246993 -0.21608908
v -0.05163342 0.87246993 -0.24154165
v -0.05163342 0.87246993 -0.24154165
v -0.05332563 0.88468820 -0.18896923
v -0.05163342 0.87246993 -0.18665279
v -0.06684711 0.87211429 -0.18665279
v -0.05163342 0.87246993 -0.18665279
v -0.05163343 0.87246993 -0.21210536
v -0.05163343 0.87246993 -0.21210536
v -0.05332562 0.88468820 -0.15544717
v -0.05163342 0.87246993 -0.15313072
v -0.06684711 0.87211429 -0.15313071
v -0.05163342 0.87246993 -0.15313072
v -0.05163342 0.87246993 -0.15313072
v -0.05163342 0.87246993 -0.17858330
v -0.05332562 0.88468820 -0.12673424
v -0.05163342 0.87246993 -0.12441779
v -0.06684711 0.87211429 -0.12441778
v -0.05163342 0.87246993 -0.12441779
v -0.05163342 0.87246993 -0.12441779
v -0.05163342 0.87246993 -0.14987037
v -0.05332562 0.88468820 -0.09778008
v -0.05163342 0.87246993 -0.09546362
v -0.06684711 0.87211429 -0.09546362
v -0.05163342 0.87246993 -0.09546362
v -0.05163342 0.87246993 -0.12091620
v -0.05163342 0.87246993 -0.12091620
v -0.07982741 0.88326232 0.02765712
v -0.07702863 0.86853193 0.03018611
v -0.10357614 0.86791134 0.03018612
v -0.07702863 0.86853193 0.03018611
v -0.07702863 0.86853193 0.00239807
v -0.07702863 0.86853193 0.00239807
vt 0.05945134 0.70350111
vt 0.91219586 0.70347077
vt 0.91179860 0.95239711
vt 0.05832832 0.95242631
vt 0.88123530 0.97431666
vt 0.08269956 0.97514999
vt 0.09467983 0.96597165
vt 0.87271518 0.96586841
vt 0.91219586 0.70347077
vt 0.92656487 0.69911683
vt 0.92378467 0.95702767
vt 0.91179860 0.95239711
vt 0.40901700 0.65922517
vt 0.40724421 0.64941609
vt 0.56524509 0.64940220
vt 0.56349796 0.65921044
vt 0.05832832 0.95242631
vt 0.04860653 0.95654964
vt 0.04712339 0.69928664
vt 0.05945134 0.70350111
vt 0.91123730 0.96748352
vt 0.90069145 0.96028274
vt 0.91179860 0.95239711
vt 0.92378467 0.95702767
vt 0.05769658 0.59528583
vt 0.05203186 0.59736890
vt 0.05987363 0.60869670
vt 0.06421609 0.60669017
vt 0.08194061 0.61861479
vt 0.09166315 0.61424983
vt 0.06466669 0.69095862
vt 0.05509616 0.68289286
vt 0.92161566 0.34243447
vt 0.93028283 0.34008843
vt 0.92128664 0.32328302
vt 0.91246724 0.32740349
vt 0.06466669 0.69095862
vt 0.05509616 0.68289286
vt 0.21636358 0.66423047
vt 0.22267045 0.67455012
vt 0.91246724 0.32740349
vt 0.92128664 0.32328302
vt 0.75787210 0.30581117
vt 0.75289452 0.31060034
vt 0.56594890 0.28926796
vt 0.56444061 0.29470652
vt 0.88316554 0.61796403
vt 0.87771493 0.61448991
vt 0.92049378 0.59694260
vt 0.92817670 0.60039675
vt 0.40821880 0.29443473
vt 0.40653446 0.28897959
vt 0.05769658 0.59528583
vt 0.05904055 0.34053689
vt 0.05168720 0.33905143
vt 0.05203186 0.59736890
vt 0.91382349 0.61105388
vt 0.92817670 0.60039675
vt 0.92049378 0.59694260
vt 0.90687239 0.60743570
vt 0.05832832 0.95242631
vt 0.06665765 0.96031266
vt 0.05843619 0.96684593
vt 0.04860653 0.95654964
vt 0.05402795 0.32227510
vt 0.06093232 0.32548654
vt 0.90619266 0.69081861
vt 0.91794819 0.68240309
vt 0.21506749 0.30479753
vt 0.05402795 0.32227510
vt 0.06093232 0.32548654
vt 0.22013590 0.30964327
vt 0.75606376 0.66424197
vt 0.91794819 0.68240309
vt 0.90619266 0.69081861
vt 0.74980342 0.67455143
vt 0.76447940 0.38922280
vt 0.76180905 0.38661075
vt 0.76133996 0.57154596
vt 0.76389617 0.56991231
vt 0.76133996 0.57154596
vt 0.91188437 0.57256728
vt 0.90982962 0.57057428
vt 0.76389617 0.56991231
vt 0.91188437 0.57256728
vt 0.91243082 0.38691109
vt 0.91032487 0.38973629
vt 0.90982962 0.57057428
vt 0.76389617 0.56991231
vt 0.90982962 0.57057428
vt 0.91032487 0.38973629
vt 0.76447940 0.38922280
vt 0.76180905 0.38661075
vt 0.76447940 0.38922280
vt 0.91032487 0.38973629
vt 0.91243082 0.38691109
vt 0.63860881 0.38767493
vt 0.63626826 0.38490820
vt 0.63659537 0.46723634
vt 0.63863999 0.46532345
vt 0.75919920 0.46810526
vt 0.75651485 0.46588445
vt 0.63863999 0.46532345
vt 0.63659537 0.46723634
vt 0.75919920 0.46810526
vt 0.75927943 0.38535821
vt 0.75662655 0.38815266
vt 0.75651485 0.46588445
vt 0.63863999 0.46532345
vt 0.75651485 0.46588445
vt 0.75662655 0.38815266
vt 0.63860881 0.38767493
vt 0.75662655 0.38815266
vt 0.75927943 0.38535821
vt 0.63626826 0.38490820
vt 0.63860881 0.38767493
vt 0.71569771 0.49407780
vt 0.71582001 0.53318316
vt 0.71860731 0.52915239
vt 0.71854734 0.49000168
vt 0.67955631 0.49402761
vt 0.71569771 0.49407780
vt 0.71854734 0.49000168
vt 0.67723954 0.48991764
vt 0.67707634 0.52909464
vt 0.67941475 0.53315932
vt 0.67955631 0.49402761
vt 0.67723954 0.48991764
vt 0.64064240 0.53333813
vt 0.67941475 0.53315932
vt 0.67707634 0.52909464
vt 0.63830155 0.52925920
vt 0.64064240 0.53333813
vt 0.63830155 0.52925920
vt 0.63828778 0.57293272
vt 0.64057481 0.57195818
vt 0.75687599 0.57219297
vt 0.75438470 0.57166857
vt 0.64057481 0.57195818
vt 0.63828778 0.57293272
vt 0.75687599 0.57219297
vt 0.75736207 0.52925491
vt 0.75457066 0.53321302
vt 0.75438470 0.57166857
vt 0.71582001 0.53318316
vt 0.75457066 0.53321302
vt 0.75736207 0.52925491
vt 0.71860731 0.52915239
vt 0.08483853 0.38787615
vt 0.08373202 0.38495147
vt 0.08303316 0.57060909
vt 0.08405364 0.56871510
vt 0.08303316 0.57060909
vt 0.63381773 0.57203573
vt 0.63006908 0.57016766
vt 0.08405364 0.56871510
vt 0.63381773 0.57203573
vt 0.63506919 0.38663685
vt 0.63089973 0.38937712
vt 0.63006908 0.57016766
vt 0.08405364 0.56871510
vt 0.63006908 0.57016766
vt 0.63089973 0.38937712
vt 0.08483853 0.38787615
vt 0.63506919 0.38663685
vt 0.08373202 0.38495147
vt 0.08483853 0.38787615
vt 0.63089973 0.38937712
vt 0.64079797 0.35704798
vt 0.63890404 0.35463715
vt 0.63832259 0.37893492
vt 0.64065015 0.37669736
vt 0.75068945 0.37906426
vt 0.74803305 0.37666619
vt 0.64065015 0.37669736
vt 0.63832259 0.37893492
vt 0.75068945 0.37906426
vt 0.75086653 0.35445046
vt 0.74826443 0.35696006
vt 0.74803305 0.37666619
vt 0.64065015 0.37669736
vt 0.74803305 0.37666619
vt 0.74826443 0.35696006
vt 0.64079797 0.35704798
vt 0.63890404 0.35463715
vt 0.64079797 0.35704798
vt 0.74826443 0.35696006
vt 0.75086653 0.35445046
vt 0.48278856 0.35671866
vt 0.48154271 0.35425144
vt 0.48064560 0.37855518
vt 0.48249140 0.37637109
vt 0.48249140 0.37637109
vt 0.48064560 0.37855518
vt 0.63327760 0.37879193
vt 0.63014078 0.37639421
vt 0.63327760 0.37879193
vt 0.63355047 0.35418296
vt 0.63046837 0.35669315
vt 0.63014078 0.37639421
vt 0.48249140 0.37637109
vt 0.63014078 0.37639421
vt 0.63046837 0.35669315
vt 0.48278856 0.35671866
vt 0.63355047 0.35418296
vt 0.48154271 0.35425144
vt 0.48278856 0.35671866
vt 0.63046837 0.35669315
vt 0.31806526 0.35563821
vt 0.31686911 0.35328138
vt 0.31804585 0.37756395
vt 0.31861594 0.37528044
vt 0.31804585 0.37756395
vt 0.46977746 0.37835538
vt 0.46606892 0.37602055
vt 0.31861594 0.37528044
vt 0.46977746 0.37835538
vt 0.46951798 0.35375094
vt 0.46587315 0.35632241
vt 0.46606892 0.37602055
vt 0.31861594 0.37528044
vt 0.46606892 0.37602055
vt 0.46587315 0.35632241
vt 0.31806526 0.35563821
vt 0.31686911 0.35328138
vt 0.31806526 0.35563821
vt 0.46587315 0.35632241
vt 0.46951798 0.35375094
vt 0.15190883 0.35564041
vt 0.15173258 0.35333169
vt 0.15155089 0.37723881
vt 0.15176836 0.37522459
vt 0.15176836 0.37522459
vt 0.15155089 0.37723881
vt 0.30310303 0.37814677
vt 0.29917145 0.37581348
vt 0.30310303 0.37814677
vt 0.30365810 0.35384798
vt 0.29957312 0.35618681
vt 0.29917145 0.37581348
vt 0.15176836 0.37522459
vt 0.29917145 0.37581348
vt 0.29957312 0.35618681
vt 0.15190883 0.35564041
vt 0.30365810 0.35384798
vt 0.15173258 0.35333169
vt 0.15190883 0.35564041
vt 0.29957312 0.35618681
vt 0.08618474 0.35530919
vt 0.08609422 0.35273319
vt 0.08561620 0.37744212
vt 0.08573648 0.37511259
vt 0.08561620 0.37744212
vt 0.12596759 0.37774402
vt 0.12110206 0.37542206
vt 0.08573648 0.37511259
vt 0.12596759 0.37774402
vt 0.12713611 0.35349172
vt 0.12185510 0.35587335
vt 0.12110206 0.37542206
vt 0.12110206 0.37542206
vt 0.12185510 0.35587335
vt 0.08618474 0.35530919
vt 0.08573648 0.37511259
vt 0.12185510 0.35587335
vt 0.12713611 0.35349172
vt 0.08609422 0.35273319
vt 0.08618474 0.35530919
vt 0.05904055 0.34053689
vt 0.92161566 0.34243447
vt 0.91246724 0.32740349
vt 0.06093232 0.32548654
vt 0.88141435 0.34638983
vt 0.88007873 0.34680432
vt 0.87903368 0.34715194
vt 0.88072950 0.34651518
vt 0.87859517 0.34701723
vt 0.87971306 0.34692764
vt 0.87743294 0.34717870
vt 0.87697101 0.34640282
vt 0.87811363 0.34652805
vt 0.87536746 0.34719098
vt 0.87703139 0.34706402
vt 0.87610024 0.34769452
vt 0.87439698 0.34794241
vt 0.87522304 0.34848428
vt 0.87353879 0.34870923
vt 0.87444264 0.34941554
vt 0.87278765 0.34961152
vt 0.87377292 0.35044825
vt 0.87214220 0.35068470
vt 0.87181401 0.35084194
vt 0.87177080 0.35184509
vt 0.87337112 0.35154539
vt 0.87151682 0.35200113
vt 0.87165612 0.35300148
vt 0.87322646 0.35267156
vt 0.87146527 0.35318321
vt 0.87178993 0.35415268
vt 0.87333548 0.35379338
vt 0.87167066 0.35435224
vt 0.87223226 0.35523355
vt 0.87375838 0.35487497
vt 0.87437177 0.35588992
vt 0.87285346 0.35623682
vt 0.87511420 0.35678619
vt 0.87360698 0.35713464
vt 0.87600642 0.35753554
vt 0.87451088 0.35787714
vt 0.87704277 0.35811204
vt 0.87554252 0.35842365
vt 0.87817824 0.35849941
vt 0.87665123 0.35874456
vt 0.87927896 0.35870248
vt 0.87773234 0.35888427
vt 0.87875587 0.35900134
vt 0.88022918 0.35876155
vt 0.88018507 0.35910398
vt 0.88118434 0.35880411
vt 0.88158160 0.35824603
vt 0.88235170 0.35806644
vt 0.88260806 0.35730964
vt 0.88338727 0.35701698
vt 0.88334858 0.35615206
vt 0.88409144 0.35590643
vt 0.88329417 0.35475749
vt 0.88451928 0.35449696
vt 0.88283122 0.35475057
vt 0.88332516 0.35426277
vt 0.88523316 0.35376954
vt 0.88310224 0.35380143
vt 0.88350278 0.35324574
vt 0.88542712 0.35264748
vt 0.88317776 0.35270661
vt 0.88348430 0.35218930
vt 0.88544446 0.35153246
vt 0.88308650 0.35166353
vt 0.88377905 0.35126585
vt 0.88504052 0.35079354
vt 0.88345438 0.34957117
vt 0.88410884 0.34956896
vt 0.88267100 0.34847623
vt 0.88334012 0.34852463
vt 0.88168329 0.34755015
vt 0.88239455 0.34766424
vt 0.88221413 0.34700871
vt 0.88282615 0.34788042
vt 0.88147086 0.34714901
vt 0.88165408 0.34783834
vt 0.88243860 0.34798598
vt 0.88071501 0.34776992
vt 0.88037139 0.34721166
vt 0.87977129 0.34778267
vt 0.87917823 0.34706938
vt 0.87823868 0.34741414
vt 0.87890971 0.34804481
vt 0.87809062 0.34847999
vt 0.87732148 0.34794825
vt 0.87648046 0.34864551
vt 0.87735623 0.34906793
vt 0.87576121 0.34948301
vt 0.87674069 0.34978652
vt 0.87627310 0.35060543
vt 0.87519979 0.35042477
vt 0.87598056 0.35149550
vt 0.87485021 0.35144007
vt 0.87587625 0.35242301
vt 0.87472540 0.35249317
vt 0.87483037 0.35354435
vt 0.87596607 0.35335165
vt 0.87517077 0.35455662
vt 0.87624764 0.35424513
vt 0.87570947 0.35549730
vt 0.87670428 0.35507047
vt 0.87640685 0.35632861
vt 0.87731069 0.35579509
vt 0.87724429 0.35701561
vt 0.87804288 0.35638869
vt 0.87820214 0.35753042
vt 0.87887496 0.35682726
vt 0.87925047 0.35785413
vt 0.87977660 0.35709524
vt 0.88071167 0.35718679
vt 0.88033462 0.35798943
vt 0.88135910 0.35797876
vt 0.88162935 0.35710925
vt 0.88222778 0.35781085
vt 0.88247430 0.35687447
vt 0.88304061 0.35737568
vt 0.88321072 0.35646331
vt 0.88373804 0.35651147
vt 0.88384128 0.35584575
vt 0.88438350 0.35509092
vt 0.88440961 0.35554433
vt 0.88483274 0.35442591
vt 0.88478059 0.35418856
vt 0.88538861 0.35349220
vt 0.88514620 0.35330993
vt 0.88524300 0.35242277
vt 0.88550496 0.35250282
vt 0.88549650 0.35152930
vt 0.88518614 0.35155058
vt 0.88509989 0.35060787
vt 0.88489449 0.35071486
vt 0.88444167 0.34967017
vt 0.88439530 0.34990650
vt 0.88371837 0.34872419
vt 0.88379204 0.34913552
vt 0.88311017 0.34848607
vt 0.88232094 0.34880137
vt 0.88295794 0.34917527
vt 0.88161039 0.34859115
vt 0.88084412 0.34851027
vt 0.88088197 0.34937394
vt 0.88147461 0.34943765
vt 0.88028669 0.34942514
vt 0.88007712 0.34856391
vt 0.87971419 0.34959257
vt 0.87934363 0.34877634
vt 0.87865895 0.34913367
vt 0.87918264 0.34986931
vt 0.87805229 0.34961849
vt 0.87871397 0.35024762
vt 0.87832946 0.35070843
vt 0.87754971 0.35021281
vt 0.87717205 0.35089326
vt 0.87803888 0.35123688
vt 0.87785900 0.35181302
vt 0.87693506 0.35163438
vt 0.87685257 0.35240781
vt 0.87779701 0.35241222
vt 0.87785470 0.35301274
vt 0.87692636 0.35318190
vt 0.87715423 0.35392678
vt 0.87802976 0.35358971
vt 0.87831497 0.35412097
vt 0.87752652 0.35461330
vt 0.87869889 0.35458618
vt 0.87802553 0.35521460
vt 0.87863129 0.35570616
vt 0.87916577 0.35496736
vt 0.87969720 0.35524935
vt 0.87931973 0.35606939
vt 0.88027221 0.35542214
vt 0.88006556 0.35629094
vt 0.88083827 0.35636300
vt 0.88086820 0.35547906
vt 0.88146192 0.35541922
vt 0.88160461 0.35628521
vt 0.88232785 0.35606205
vt 0.88203001 0.35524303
vt 0.88255280 0.35495889
vt 0.88297957 0.35569781
vt 0.88354468 0.35520178
vt 0.88300812 0.35457510
vt 0.88338065 0.35411048
vt 0.88401008 0.35459775
vt 0.88435763 0.35389555
vt 0.88365829 0.35358047
vt 0.88383120 0.35301006
vt 0.88459861 0.35315955
vt 0.88389164 0.35242110
vt 0.88467622 0.35241222
vt 0.88383526 0.35183328
vt 0.88460934 0.35166991
vt 0.88438803 0.35095638
vt 0.88366491 0.35126853
vt 0.88401562 0.35028613
vt 0.88338536 0.35074639
vt 0.88301098 0.35028321
vt 0.88353157 0.34967881
vt 0.88255680 0.34989995
vt 0.88203955 0.34961373
vt 0.88129175 0.35037822
vt 0.88168305 0.35049927
vt 0.88088357 0.35033613
vt 0.88047528 0.35037357
vt 0.88067710 0.35139251
vt 0.88088334 0.35137272
vt 0.88008159 0.35049188
vt 0.88047874 0.35145199
vt 0.88029557 0.35154939
vt 0.87971818 0.35068280
vt 0.87940156 0.35094225
vt 0.88013536 0.35168070
vt 0.87913942 0.35126096
vt 0.88000351 0.35184109
vt 0.87990588 0.35202384
vt 0.87894291 0.35162187
vt 0.87882394 0.35201436
vt 0.87984574 0.35222226
vt 0.87878269 0.35242301
vt 0.87982541 0.35242873
vt 0.87984639 0.35263473
vt 0.87882298 0.35283172
vt 0.87990677 0.35283267
vt 0.87894231 0.35322493
vt 0.87913650 0.35358727
vt 0.88000488 0.35301518
vt 0.88013619 0.35317421
vt 0.87939757 0.35390455
vt 0.88029635 0.35330522
vt 0.87971503 0.35416472
vt 0.88007760 0.35435784
vt 0.88047820 0.35340208
vt 0.88067555 0.35346168
vt 0.88047063 0.35447639
vt 0.88088024 0.35348201
vt 0.88087928 0.35451603
vt 0.88128775 0.35447478
vt 0.88108486 0.35346168
vt 0.88167953 0.35435396
vt 0.88128197 0.35340196
vt 0.88203889 0.35416037
vt 0.88146371 0.35330522
vt 0.88162291 0.35317522
vt 0.88235217 0.35389966
vt 0.88260990 0.35358340
vt 0.88175374 0.35301644
vt 0.88185161 0.35283512
vt 0.88280094 0.35322446
vt 0.88291889 0.35283464
vt 0.88191223 0.35263789
vt 0.88296038 0.35242873
vt 0.88193387 0.35243303
vt 0.88191473 0.35222811
vt 0.88292176 0.35202372
vt 0.88280457 0.35163367
vt 0.88185632 0.35203028
vt 0.88175976 0.35184729
vt 0.88261348 0.35127348
vt 0.88162953 0.35168678
vt 0.88235617 0.35095638
vt 0.88147014 0.35155374
vt 0.88204199 0.35069460
vt 0.88128799 0.35145491
vt 0.88108981 0.35139376
vt 0.88088173 0.35242790
vt 0.84385341 0.34706211
vt 0.84325057 0.34681344
vt 0.84201270 0.34669113
vt 0.84267598 0.34692043
vt 0.84101546 0.34609872
vt 0.84158033 0.34640211
vt 0.84023887 0.34693891
vt 0.83938074 0.34639883
vt 0.84047139 0.34661865
vt 0.83808690 0.34707850
vt 0.83942372 0.34702438
vt 0.83847618 0.34763080
vt 0.83710903 0.34778106
vt 0.83758754 0.34840888
vt 0.83623993 0.34855658
vt 0.83681542 0.34933418
vt 0.83549398 0.34947807
vt 0.83619028 0.35036874
vt 0.83488798 0.35056937
vt 0.83467907 0.35073835
vt 0.83455312 0.35174429
vt 0.83583015 0.35147339
vt 0.83438814 0.35190505
vt 0.83444560 0.35291159
vt 0.83569503 0.35260445
vt 0.83433324 0.35309505
vt 0.83457404 0.35407329
vt 0.83579475 0.35373014
vt 0.83452499 0.35427260
vt 0.83497512 0.35517395
vt 0.83616996 0.35481453
vt 0.83674043 0.35582888
vt 0.83556557 0.35619730
vt 0.83746576 0.35672486
vt 0.83631623 0.35711169
vt 0.83834571 0.35746926
vt 0.83722359 0.35787213
vt 0.83936226 0.35803252
vt 0.83826131 0.35844421
vt 0.84048277 0.35839009
vt 0.83938408 0.35879856
vt 0.84162343 0.35855818
vt 0.84052157 0.35895932
vt 0.84167469 0.35906506
vt 0.84266639 0.35862333
vt 0.84308022 0.35889912
vt 0.84375197 0.35849530
vt 0.84427029 0.35811859
vt 0.84477931 0.35776222
vt 0.84529722 0.35728812
vt 0.84578991 0.35694098
vt 0.84609228 0.35613382
vt 0.84654087 0.35586983
vt 0.84603322 0.35472381
vt 0.84691453 0.35442591
vt 0.84567219 0.35470909
vt 0.84612435 0.35423195
vt 0.84761018 0.35364735
vt 0.84596056 0.35377371
vt 0.84633088 0.35319477
vt 0.84782934 0.35248190
vt 0.84602630 0.35267848
vt 0.84638435 0.35228902
vt 0.84763223 0.35144442
vt 0.84608626 0.35180098
vt 0.84680957 0.35091478
vt 0.84749335 0.35040396
vt 0.84615880 0.34936315
vt 0.84652752 0.34941602
vt 0.84536678 0.34833443
vt 0.84576344 0.34845155
vt 0.84440517 0.34750140
vt 0.84484887 0.34767580
vt 0.84424174 0.34750503
vt 0.84512424 0.34801966
vt 0.84324002 0.34728253
vt 0.84350806 0.34783483
vt 0.84437019 0.34809053
vt 0.84262425 0.34768248
vt 0.84224367 0.34698218
vt 0.84175313 0.34776372
vt 0.84130859 0.34711206
vt 0.84034103 0.34742349
vt 0.84088719 0.34801877
vt 0.84007567 0.34844655
vt 0.83942646 0.34793407
vt 0.83859748 0.34861374
vt 0.83935219 0.34902751
vt 0.83789653 0.34943670
vt 0.83874863 0.34973824
vt 0.83829290 0.35054976
vt 0.83735919 0.35036796
vt 0.83800983 0.35143352
vt 0.83702987 0.35137635
vt 0.83790827 0.35235471
vt 0.83691061 0.35242426
vt 0.83700824 0.35347068
vt 0.83799440 0.35327685
vt 0.83732826 0.35447794
vt 0.83826661 0.35416472
vt 0.83784300 0.35541195
vt 0.83871120 0.35498476
vt 0.83852190 0.35623461
vt 0.83930600 0.35570347
vt 0.83934301 0.35691106
vt 0.84002757 0.35629165
vt 0.84028167 0.35741359
vt 0.84084886 0.35672599
vt 0.84130657 0.35772258
vt 0.84173936 0.35699046
vt 0.84266478 0.35707814
vt 0.84237319 0.35783762
vt 0.84340280 0.35779846
vt 0.84357828 0.35699654
vt 0.84433138 0.35759121
vt 0.84442854 0.35675299
vt 0.84518403 0.35703629
vt 0.84519356 0.35630661
vt 0.84597677 0.35633898
vt 0.84587270 0.35571736
vt 0.84642804 0.35500193
vt 0.84662783 0.35545743
vt 0.84700108 0.35434407
vt 0.84680396 0.35411769
vt 0.84751183 0.35337144
vt 0.84713930 0.35322642
vt 0.84724146 0.35233402
vt 0.84764719 0.35238194
vt 0.84751809 0.35137999
vt 0.84714997 0.35144323
vt 0.84730697 0.35039896
vt 0.84692389 0.35059428
vt 0.84663850 0.34957188
vt 0.84643829 0.34983760
vt 0.84593695 0.34870833
vt 0.84584814 0.34911275
vt 0.84514987 0.34852499
vt 0.84424174 0.34877002
vt 0.84490532 0.34913439
vt 0.84351671 0.34854203
vt 0.84276366 0.34844792
vt 0.84280372 0.34930903
vt 0.84339368 0.34937394
vt 0.84221154 0.34936047
vt 0.84201133 0.34851199
vt 0.84163994 0.34952897
vt 0.84128004 0.34872526
vt 0.84060025 0.34908020
vt 0.84110922 0.34980571
vt 0.83999914 0.34956264
vt 0.84064263 0.35018343
vt 0.84025979 0.35064316
vt 0.83950180 0.35015422
vt 0.83912897 0.35083127
vt 0.83997154 0.35117000
vt 0.83979344 0.35174477
vt 0.83889598 0.35156894
vt 0.83881414 0.35233915
vt 0.83973122 0.35234195
vt 0.83978868 0.35294116
vt 0.83888680 0.35310930
vt 0.83911073 0.35385054
vt 0.83996212 0.35351723
vt 0.84024531 0.35404718
vt 0.83947772 0.35453415
vt 0.84062725 0.35451162
vt 0.83997130 0.35513276
vt 0.84057200 0.35562277
vt 0.84109211 0.35489202
vt 0.84162182 0.35517395
vt 0.84125578 0.35598487
vt 0.84219575 0.35534674
vt 0.84199661 0.35620606
vt 0.84276605 0.35627830
vt 0.84279054 0.35540426
vt 0.84338295 0.35534519
vt 0.84353167 0.35620070
vt 0.84425694 0.35597587
vt 0.84395146 0.35516936
vt 0.84447676 0.35488641
vt 0.84491730 0.35560942
vt 0.84549481 0.35511887
vt 0.84493494 0.35450482
vt 0.84530908 0.35404277
vt 0.84596562 0.35452610
vt 0.84630835 0.35383254
vt 0.84558660 0.35351300
vt 0.84575921 0.35294151
vt 0.84654170 0.35309362
vt 0.84581941 0.35235119
vt 0.84662020 0.35233951
vt 0.84576249 0.35176057
vt 0.84654826 0.35158890
vt 0.84633887 0.35087162
vt 0.84559327 0.35119456
vt 0.84597188 0.35021394
vt 0.84531420 0.35067391
vt 0.84493876 0.35021418
vt 0.84548855 0.34962142
vt 0.84448189 0.34983516
vt 0.84396034 0.34955138
vt 0.84321260 0.35031009
vt 0.84360367 0.35043061
vt 0.84280461 0.35026765
vt 0.84239638 0.35030550
vt 0.84259814 0.35132295
vt 0.84280443 0.35130328
vt 0.84200352 0.35042405
vt 0.84239995 0.35138267
vt 0.84221715 0.35147983
vt 0.84164101 0.35061479
vt 0.84132463 0.35087407
vt 0.84205681 0.35161138
vt 0.84106308 0.35119224
vt 0.84192526 0.35177177
vt 0.84182763 0.35195428
vt 0.84086740 0.35155302
vt 0.84074897 0.35194480
vt 0.84176767 0.35215247
vt 0.84070754 0.35235322
vt 0.84174758 0.35235906
vt 0.84176832 0.35256493
vt 0.84074759 0.35276121
vt 0.84182870 0.35276276
vt 0.84086674 0.35315406
vt 0.84105998 0.35351592
vt 0.84192657 0.35294467
vt 0.84205788 0.35310405
vt 0.84132046 0.35383302
vt 0.84221780 0.35323489
vt 0.84163767 0.35409313
vt 0.84199929 0.35428619
vt 0.84239954 0.35333192
vt 0.84259659 0.35339153
vt 0.84239191 0.35440511
vt 0.84280151 0.35341185
vt 0.84280038 0.35444474
vt 0.84320879 0.35440367
vt 0.84300590 0.35339177
vt 0.84360105 0.35428280
vt 0.84320325 0.35333216
vt 0.84396172 0.35408986
vt 0.84338498 0.35323566
vt 0.84354430 0.35310566
vt 0.84427541 0.35382986
vt 0.84453297 0.35351408
vt 0.84367549 0.35294688
vt 0.84377337 0.35276556
vt 0.84472406 0.35315514
vt 0.84484172 0.35276508
vt 0.84383422 0.35256809
vt 0.84488320 0.35235882
vt 0.84385562 0.35236299
vt 0.84383643 0.35215795
vt 0.84484422 0.35195231
vt 0.84472764 0.35156190
vt 0.84377778 0.35196012
vt 0.84368169 0.35177726
vt 0.84453648 0.35120213
vt 0.84355134 0.35161674
vt 0.84427834 0.35088575
vt 0.84339142 0.35148406
vt 0.84396327 0.35062504
vt 0.84320903 0.35138547
vt 0.84301060 0.35132420
vt 0.84280288 0.35235834
vt 0.80617756 0.34707755
vt 0.80588609 0.34677440
vt 0.80462086 0.34649241
vt 0.80505186 0.34679741
vt 0.80342716 0.34623402
vt 0.80388784 0.34662133
vt 0.80308670 0.34690440
vt 0.80191696 0.34684652
vt 0.80273128 0.34668237
vt 0.80091959 0.34706086
vt 0.80183685 0.34719515
vt 0.80074948 0.34765524
vt 0.79983693 0.34753108
vt 0.79983830 0.34837592
vt 0.79888827 0.34833956
vt 0.79909962 0.34927619
vt 0.79813492 0.34931719
vt 0.79854560 0.35030890
vt 0.79757977 0.35044068
vt 0.79749995 0.35062599
vt 0.79727632 0.35163242
vt 0.79822993 0.35142022
vt 0.79721171 0.35180181
vt 0.79717535 0.35281503
vt 0.79810506 0.35255194
vt 0.79715031 0.35300267
vt 0.79729980 0.35398990
vt 0.79819798 0.35367727
vt 0.79732698 0.35418963
vt 0.79765874 0.35511583
vt 0.79852200 0.35476154
vt 0.79904860 0.35576975
vt 0.79822373 0.35616010
vt 0.79975134 0.35666215
vt 0.79896790 0.35707980
vt 0.80059636 0.35741967
vt 0.79983187 0.35783494
vt 0.80160767 0.35797995
vt 0.80094057 0.35846186
vt 0.80271930 0.35833478
vt 0.80210888 0.35883939
vt 0.80387020 0.35848129
vt 0.80332154 0.35899866
vt 0.80455506 0.35892892
vt 0.80502510 0.35840845
vt 0.80576932 0.35861397
vt 0.80614656 0.35810912
vt 0.80690575 0.35804784
vt 0.80719137 0.35758030
vt 0.80790675 0.35725343
vt 0.80811143 0.35684150
vt 0.80873990 0.35623282
vt 0.80887848 0.35593146
vt 0.80901015 0.35508657
vt 0.80908978 0.35472906
vt 0.80883318 0.35496032
vt 0.80934530 0.35406262
vt 0.80941838 0.35360616
vt 0.80914086 0.35386682
vt 0.80949712 0.35288167
vt 0.80951875 0.35245949
vt 0.80924141 0.35272688
vt 0.80943400 0.35169989
vt 0.80943245 0.35130829
vt 0.80914545 0.35161006
vt 0.80939591 0.35040992
vt 0.80944514 0.35020638
vt 0.80877382 0.34918344
vt 0.80882424 0.34925294
vt 0.80799150 0.34820092
vt 0.80809093 0.34835792
vt 0.80702209 0.34738690
vt 0.80719554 0.34762192
vt 0.80633956 0.34749591
vt 0.80724502 0.34798259
vt 0.80534303 0.34721386
vt 0.80545294 0.34777355
vt 0.80631936 0.34803838
vt 0.80455691 0.34765959
vt 0.80431473 0.34706086
vt 0.80367643 0.34772623
vt 0.80332798 0.34710711
vt 0.80241942 0.34750217
vt 0.80282539 0.34801126
vt 0.80200279 0.34842503
vt 0.80145407 0.34795493
vt 0.80063647 0.34860110
vt 0.80128837 0.34899324
vt 0.79996383 0.34940165
vt 0.80069959 0.34969288
vt 0.80025882 0.35049665
vt 0.79946011 0.35032046
vt 0.79998541 0.35137415
vt 0.79915428 0.35132295
vt 0.79988718 0.35228926
vt 0.79904103 0.35236394
vt 0.79913169 0.35340333
vt 0.79996961 0.35320538
vt 0.79942983 0.35440391
vt 0.80023223 0.35408753
vt 0.79991901 0.35533071
vt 0.80066407 0.35490268
vt 0.80057585 0.35614878
vt 0.80124646 0.35561913
vt 0.80137068 0.35682678
vt 0.80195367 0.35620713
vt 0.80229259 0.35732287
vt 0.80276471 0.35663903
vt 0.80330145 0.35762709
vt 0.80364728 0.35690194
vt 0.80456358 0.35698861
vt 0.80434757 0.35773498
vt 0.80538803 0.35764122
vt 0.80547571 0.35689634
vt 0.80638194 0.35734731
vt 0.80634612 0.35662788
vt 0.80729169 0.35686350
vt 0.80714160 0.35619670
vt 0.80808133 0.35621274
vt 0.80783093 0.35562128
vt 0.80838662 0.35494101
vt 0.80872566 0.35545254
vt 0.80903983 0.35444856
vt 0.80874753 0.35411161
vt 0.80933613 0.35340285
vt 0.80900306 0.35321289
vt 0.80909246 0.35228723
vt 0.80943888 0.35234171
vt 0.80935353 0.35127884
vt 0.80901122 0.35136527
vt 0.80922955 0.35027754
vt 0.80881196 0.35049903
vt 0.80869937 0.34943938
vt 0.80837744 0.34973919
vt 0.80804253 0.34864074
vt 0.80780619 0.34904224
vt 0.80711168 0.34846711
vt 0.80613095 0.34870118
vt 0.80679762 0.34906280
vt 0.80540431 0.34847516
vt 0.80464917 0.34839052
vt 0.80467594 0.34924215
vt 0.80526584 0.34930450
vt 0.80408472 0.34929514
vt 0.80389607 0.34845591
vt 0.80351436 0.34946561
vt 0.80316836 0.34867734
vt 0.80248857 0.34902996
vt 0.80298370 0.34974265
vt 0.80189192 0.34950894
vt 0.80251861 0.35011971
vt 0.80213803 0.35057819
vt 0.80140036 0.35009646
vt 0.80103290 0.35077000
vt 0.80185157 0.35110325
vt 0.80167478 0.35167670
vt 0.80080408 0.35150439
vt 0.80072343 0.35227066
vt 0.80161303 0.35227287
vt 0.80167007 0.35287011
vt 0.80079478 0.35303742
vt 0.80101460 0.35377538
vt 0.80184197 0.35344505
vt 0.80212307 0.35397410
vt 0.80137604 0.35445702
vt 0.80250257 0.35443795
vt 0.80186409 0.35505468
vt 0.80245847 0.35554433
vt 0.80296540 0.35481840
vt 0.80349386 0.35510063
vt 0.80313778 0.35590619
vt 0.80406624 0.35527390
vt 0.80387557 0.35612750
vt 0.80464250 0.35619998
vt 0.80466014 0.35533166
vt 0.80525184 0.35527390
vt 0.80540836 0.35612202
vt 0.80613828 0.35589236
vt 0.80582058 0.35509723
vt 0.80634946 0.35481626
vt 0.80680668 0.35553074
vt 0.80738932 0.35504508
vt 0.80680943 0.35443628
vt 0.80718529 0.35397518
vt 0.80786192 0.35445946
vt 0.80820149 0.35377991
vt 0.80746245 0.35344744
vt 0.80763191 0.35287559
vt 0.80841625 0.35304171
vt 0.80768985 0.35228270
vt 0.80848980 0.35227799
vt 0.80763322 0.35169029
vt 0.80841887 0.35151666
vt 0.80821532 0.35079187
vt 0.80746555 0.35112220
vt 0.80786020 0.35013258
vt 0.80718821 0.35060048
vt 0.80681294 0.35014111
vt 0.80738127 0.34954637
vt 0.80635548 0.34976268
vt 0.80583310 0.34948021
vt 0.80508214 0.35024029
vt 0.80547369 0.35036045
vt 0.80467367 0.35019863
vt 0.80426550 0.35023713
vt 0.80446655 0.35125345
vt 0.80467284 0.35123348
vt 0.80387312 0.35035568
vt 0.80426860 0.35131335
vt 0.80408603 0.35141075
vt 0.80351126 0.35054684
vt 0.80319554 0.35080582
vt 0.80392593 0.35154212
vt 0.80293441 0.35112357
vt 0.80379462 0.35170245
vt 0.80369699 0.35188472
vt 0.80273938 0.35148436
vt 0.80262095 0.35187536
vt 0.80363697 0.35208291
vt 0.80258018 0.35228294
vt 0.80361712 0.35228926
vt 0.80363786 0.35249478
vt 0.80261987 0.35269076
vt 0.80369806 0.35269225
vt 0.80273831 0.35308313
vt 0.80293107 0.35344476
vt 0.80379575 0.35287440
vt 0.80392683 0.35303378
vt 0.80319071 0.35376179
vt 0.80408621 0.35316449
vt 0.80350727 0.35402197
vt 0.80386865 0.35421509
vt 0.80426818 0.35326141
vt 0.80446547 0.35332149
vt 0.80426103 0.35433412
vt 0.80467016 0.35334152
vt 0.80466926 0.35437399
vt 0.80507743 0.35433328
vt 0.80487484 0.35332173
vt 0.80547005 0.35421276
vt 0.80507189 0.35326213
vt 0.80583131 0.35401982
vt 0.80525404 0.35316563
vt 0.80541372 0.35303587
vt 0.80614591 0.35376018
vt 0.80640382 0.35344505
vt 0.80554503 0.35287684
vt 0.80564219 0.35269588
vt 0.80659467 0.35308605
vt 0.80671197 0.35269541
vt 0.80570263 0.35249829
vt 0.80675250 0.35228902
vt 0.80572402 0.35229266
vt 0.80570555 0.35208768
vt 0.80671400 0.35188204
vt 0.80659735 0.35149151
vt 0.80564666 0.35188961
vt 0.80555034 0.35170710
vt 0.80640626 0.35113108
vt 0.80542022 0.35154635
vt 0.80614841 0.35081458
vt 0.80526006 0.35141391
vt 0.80583328 0.35055465
vt 0.80507725 0.35131532
vt 0.80487901 0.35125428
vt 0.80467194 0.35228831
vt 0.87271518 0.96586841
vt 0.09467983 0.96597165
vt 0.06665765 0.96031266
vt 0.90069145 0.96028274
vt 0.06466669 0.69095862
vt 0.22267045 0.67455012
vt 0.40901700 0.65922517
vt 0.56349796 0.65921044
vt 0.74980342 0.67455143
vt 0.90619266 0.69081861
vt 0.75289452 0.31060034
vt 0.56444061 0.29470652
vt 0.40821880 0.29443473
vt 0.22013590 0.30964327
vt 0.75438470 0.57166857
vt 0.75457066 0.53321302
vt 0.71582001 0.53318316
vt 0.71569771 0.49407780
vt 0.67955631 0.49402761
vt 0.67941475 0.53315932
vt 0.64057481 0.57195818
vt 0.64064240 0.53333813
vt 0.87697101 0.34640282
vt 0.87743294 0.34717870
vt 0.84023887 0.34693891
vt 0.84201270 0.34669113
vt 0.84325057 0.34681344
vt 0.87536746 0.34719098
vt 0.87439698 0.34794241
vt 0.84440517 0.34750140
vt 0.84536678 0.34833443
vt 0.87353879 0.34870923
vt 0.84615880 0.34936315
vt 0.87278765 0.34961152
vt 0.84680957 0.35091478
vt 0.87214220 0.35068470
vt 0.87181401 0.35084194
vt 0.84608626 0.35180098
vt 0.87177080 0.35184509
vt 0.84638435 0.35228902
vt 0.87151682 0.35200113
vt 0.84602630 0.35267848
vt 0.87165612 0.35300148
vt 0.84633088 0.35319477
vt 0.83938074 0.34639883
vt 0.80308670 0.34690440
vt 0.80462086 0.34649241
vt 0.80588609 0.34677440
vt 0.83808690 0.34707850
vt 0.83710903 0.34778106
vt 0.80702209 0.34738690
vt 0.80799150 0.34820092
vt 0.83623993 0.34855658
vt 0.80877382 0.34918344
vt 0.83549398 0.34947807
vt 0.80939591 0.35040992
vt 0.83488798 0.35056937
vt 0.83467907 0.35073835
vt 0.80914545 0.35161006
vt 0.83455312 0.35174429
vt 0.80943400 0.35169989
vt 0.83438814 0.35190505
vt 0.80924141 0.35272688
vt 0.83444560 0.35291159
vt 0.80949712 0.35288167
vt 0.83433324 0.35309505
vt 0.80914086 0.35386682
vt 0.83457404 0.35407329
vt 0.80934530 0.35406262
vt 0.83452499 0.35427260
vt 0.80883318 0.35496032
vt 0.83497512 0.35517395
vt 0.80901015 0.35508657
vt 0.80873990 0.35623282
vt 0.83556557 0.35619730
vt 0.80790675 0.35725343
vt 0.83631623 0.35711169
vt 0.83722359 0.35787213
vt 0.80690575 0.35804784
vt 0.80576932 0.35861397
vt 0.83826131 0.35844421
vt 0.80094057 0.35846186
vt 0.79983187 0.35783494
vt 0.76180905 0.38661075
vt 0.80210888 0.35883939
vt 0.80332154 0.35899866
vt 0.80455506 0.35892892
vt 0.83938408 0.35879856
vt 0.84052157 0.35895932
vt 0.84167469 0.35906506
vt 0.84308022 0.35889912
vt 0.63830155 0.52925920
vt 0.67707634 0.52909464
vt 0.67723954 0.48991764
vt 0.71854734 0.49000168
vt 0.71860731 0.52915239
vt 0.75736207 0.52925491
vt 0.75687599 0.57219297
vt 0.76133996 0.57154596
vt 0.80091959 0.34706086
vt 0.80191696 0.34684652
vt 0.63890404 0.35463715
vt 0.75086653 0.35445046
vt 0.79983693 0.34753108
vt 0.79888827 0.34833956
vt 0.79813492 0.34931719
vt 0.79757977 0.35044068
vt 0.79749995 0.35062599
vt 0.79727632 0.35163242
vt 0.79721171 0.35180181
vt 0.79717535 0.35281503
vt 0.79715031 0.35300267
vt 0.79729980 0.35398990
vt 0.79732698 0.35418963
vt 0.79765874 0.35511583
vt 0.79822373 0.35616010
vt 0.79896790 0.35707980
vt 0.48154271 0.35425144
vt 0.63355047 0.35418296
vt 0.63327760 0.37879193
vt 0.63832259 0.37893492
vt 0.30310303 0.37814677
vt 0.15155089 0.37723881
vt 0.63506919 0.38663685
vt 0.31804585 0.37756395
vt 0.31686911 0.35328138
vt 0.30365810 0.35384798
vt 0.46951798 0.35375094
vt 0.46977746 0.37835538
vt 0.48064560 0.37855518
vt 0.63659537 0.46723634
vt 0.63626826 0.38490820
vt 0.75927943 0.38535821
vt 0.75068945 0.37906426
vt 0.75919920 0.46810526
vt 0.63381773 0.57203573
vt 0.63828778 0.57293272
vt 0.15173258 0.35333169
vt 0.12713611 0.35349172
vt 0.12596759 0.37774402
vt 0.08561620 0.37744212
vt 0.08373202 0.38495147
vt 0.08609422 0.35273319
vt 0.08303316 0.57060909
vt 0.91188437 0.57256728
vt 0.91243082 0.38691109
vt 0.87903368 0.34715194
vt 0.88007873 0.34680432
vt 0.88168329 0.34755015
vt 0.88267100 0.34847623
vt 0.88345438 0.34957117
vt 0.88377905 0.35126585
vt 0.88308650 0.35166353
vt 0.88348430 0.35218930
vt 0.88317776 0.35270661
vt 0.88350278 0.35324574
vt 0.88310224 0.35380143
vt 0.88332516 0.35426277
vt 0.88283122 0.35475057
vt 0.88329417 0.35475749
vt 0.88334858 0.35615206
vt 0.88260806 0.35730964
vt 0.88158160 0.35824603
vt 0.88018507 0.35910398
vt 0.87875587 0.35900134
vt 0.87773234 0.35888427
vt 0.87665123 0.35874456
vt 0.87554252 0.35842365
vt 0.87451088 0.35787714
vt 0.87360698 0.35713464
vt 0.87285346 0.35623682
vt 0.84427029 0.35811859
vt 0.84529722 0.35728812
vt 0.84609228 0.35613382
vt 0.87223226 0.35523355
vt 0.84603322 0.35472381
vt 0.84567219 0.35470909
vt 0.87167066 0.35435224
vt 0.84612435 0.35423195
vt 0.87178993 0.35415268
vt 0.84596056 0.35377371
vt 0.87146527 0.35318321
vt 0.93468410 0.60106838
vt 0.94119143 0.60174000
vt 0.94621891 0.34010303
vt 0.93825084 0.34009576
vt 0.04284390 0.33900732
vt 0.03400059 0.33896321
vt 0.03697588 0.59879392
vt 0.04450387 0.59808141
vt 0.91781598 0.61683118
vt 0.92180854 0.62260854
vt 0.93615705 0.61257601
vt 0.93216687 0.60648638
vt 0.06503144 0.96033514
vt 0.07162669 0.95382434
vt 0.06166297 0.94464946
vt 0.05513475 0.95059955
vt 0.88521779 0.62351716
vt 0.88727003 0.62907028
vt 0.91766834 0.62270725
vt 0.91574591 0.61688054
vt 0.08480489 0.96941084
vt 0.08691020 0.96367168
vt 0.06498694 0.94886899
vt 0.06171156 0.95785749
vt 0.04595110 0.32190418
vt 0.03787426 0.32153326
vt 0.03535545 0.33842820
vt 0.04352133 0.33873981
vt 0.91055775 0.68606859
vt 0.90316731 0.68973410
vt 0.91082495 0.70618999
vt 0.91869491 0.70265341
vt 0.21369243 0.29576403
vt 0.21231736 0.28673059
vt 0.05080858 0.30576682
vt 0.05241827 0.31402099
vt 0.75456864 0.67494994
vt 0.75307357 0.68565786
vt 0.91465890 0.70061791
vt 0.91630358 0.69151050
vt 0.40549320 0.27850449
vt 0.40445191 0.26802945
vt 0.21247460 0.28655624
vt 0.21377105 0.29567689
vt 0.56437957 0.65991914
vt 0.56351411 0.67043608
vt 0.75349301 0.68582141
vt 0.75477839 0.67503166
vt 0.40725416 0.65996158
vt 0.40726411 0.67050707
vt 0.56522936 0.67050475
vt 0.56523722 0.65995347
vt 0.08082201 0.62313300
vt 0.07970340 0.62765121
vt 0.88595253 0.62882328
vt 0.88455904 0.62339365
vt 0.93468410 0.60106838
vt 0.93825084 0.34009576
vt 0.04284390 0.33900732
vt 0.04450387 0.59808141
vt 0.91781598 0.61683118
vt 0.93216687 0.60648638
vt 0.06503144 0.96033514
vt 0.05513475 0.95059955
vt 0.88521779 0.62351716
vt 0.91574591 0.61688054
vt 0.08480489 0.96941084
vt 0.06171156 0.95785749
vt 0.04595110 0.32190418
vt 0.04352133 0.33873981
vt 0.91055775 0.68606859
vt 0.91869491 0.70265341
vt 0.08082201 0.62313300
vt 0.88455904 0.62339365
vt 0.70712149 0.26061970
vt 0.67357785 0.22856474
vt 0.67357785 0.26061970
vt 0.50666422 0.81435859
vt 0.50666010 0.81436241
vt 0.50666422 0.81436241
vt 0.62728316 0.92957532
vt 0.65341806 0.92059588
vt 0.63634533 0.92059588
vt 0.66248041 0.92957532
vt 0.65342665 0.90460765
vt 0.65341806 0.92059588
vt 0.66249073 0.89559585
vt 0.63633668 0.90460700
vt 0.65342665 0.90460765
vt 0.63633668 0.90460700
vt 0.62728316 0.92957532
vt 0.63634533 0.92059588
vt 0.50697011 0.13778198
vt 0.47342646 0.10572702
vt 0.47342646 0.13778198
vt 0.50668406 0.81434637
vt 0.50667995 0.81435037
vt 0.50668406 0.81435037
vt 0.45606923 0.82449162
vt 0.48220414 0.81551266
vt 0.46513137 0.81551266
vt 0.49126619 0.82449162
vt 0.48221275 0.79952395
vt 0.48220414 0.81551266
vt 0.49127680 0.79051238
vt 0.46512285 0.79952395
vt 0.48221275 0.79952395
vt 0.46512285 0.79952395
vt 0.45606923 0.82449162
vt 0.46513137 0.81551266
vt 0.54891038 0.13778198
vt 0.51536679 0.10572702
vt 0.51536679 0.13778198
vt 0.50667989 0.81434637
vt 0.50667584 0.81435037
vt 0.50667989 0.81435037
vt 0.49194580 0.82449162
vt 0.51808077 0.81551266
vt 0.50100797 0.81551307
vt 0.52714288 0.82449162
vt 0.51808947 0.79952395
vt 0.51808077 0.81551266
vt 0.51808947 0.79952395
vt 0.49193549 0.79051238
vt 0.50099939 0.79952419
vt 0.50099939 0.79952419
vt 0.49194580 0.82449162
vt 0.50100797 0.81551307
vt 0.59002954 0.13778198
vt 0.55648589 0.10572702
vt 0.55648589 0.13778198
vt 0.50667584 0.81434637
vt 0.50667173 0.81435037
vt 0.50667584 0.81435037
vt 0.53618234 0.81551266
vt 0.56231731 0.82449162
vt 0.55325514 0.81551266
vt 0.56231731 0.82449162
vt 0.55326390 0.79952395
vt 0.55325514 0.81551266
vt 0.56232774 0.79051238
vt 0.53617370 0.79952395
vt 0.55326390 0.79952395
vt 0.53617370 0.79952395
vt 0.52712029 0.82449162
vt 0.53618234 0.81551266
vt 0.38109484 0.13778198
vt 0.34755120 0.10572702
vt 0.34755120 0.13778198
vt 0.50669652 0.81434637
vt 0.50669247 0.81435037
vt 0.50669652 0.81435037
vt 0.34839275 0.82449162
vt 0.37452772 0.81551266
vt 0.35745493 0.81551266
vt 0.38358971 0.82449162
vt 0.37453637 0.79952395
vt 0.37452772 0.81551266
vt 0.38360032 0.79051238
vt 0.35744631 0.79952395
vt 0.37453637 0.79952395
vt 0.35744631 0.79952395
vt 0.34839275 0.82449162
vt 0.35745493 0.81551266
vt 0.42303512 0.13778198
vt 0.38949150 0.10572702
vt 0.38949150 0.13778198
vt 0.50669235 0.81434637
vt 0.50668830 0.81435037
vt 0.50669235 0.81435037
vt 0.38426927 0.82449162
vt 0.41040421 0.81551266
vt 0.39333153 0.81551266
vt 0.41946647 0.82449162
vt 0.41041294 0.79952395
vt 0.41040421 0.81551266
vt 0.41947699 0.79051238
vt 0.39332289 0.79952395
vt 0.41041294 0.79952395
vt 0.39332289 0.79952395
vt 0.38426927 0.82449162
vt 0.39333153 0.81551266
vt 0.46415424 0.13778198
vt 0.43061063 0.10572702
vt 0.43061063 0.13778198
vt 0.50668830 0.81434637
vt 0.50668424 0.81435037
vt 0.50668830 0.81435037
vt 0.41944382 0.82449162
vt 0.44557866 0.81551266
vt 0.42850587 0.81551266
vt 0.45464078 0.82449162
vt 0.44558728 0.79952395
vt 0.44557866 0.81551266
vt 0.44558728 0.79952395
vt 0.41943321 0.79051238
vt 0.42849723 0.79952395
vt 0.42849723 0.79952395
vt 0.41944382 0.82449162
vt 0.42850587 0.81551266
vt 0.25402367 0.13778198
vt 0.22048004 0.10572702
vt 0.22048004 0.13778198
vt 0.50670916 0.81434637
vt 0.50670505 0.81435037
vt 0.50670916 0.81435037
vt 0.23969330 0.82449162
vt 0.26582837 0.81551266
vt 0.24875548 0.81551266
vt 0.27489033 0.82449162
vt 0.26583689 0.79952395
vt 0.26582837 0.81551266
vt 0.27490094 0.79051238
vt 0.24874672 0.79952395
vt 0.26583689 0.79952395
vt 0.24874672 0.79952395
vt 0.23969330 0.82449162
vt 0.24875548 0.81551266
vt 0.29596394 0.13778198
vt 0.26242033 0.10572702
vt 0.26242033 0.13778198
vt 0.50670499 0.81434637
vt 0.50670093 0.81435037
vt 0.50670499 0.81435037
vt 0.27556998 0.82449162
vt 0.30170491 0.81551266
vt 0.28463209 0.81551266
vt 0.31076705 0.82449162
vt 0.30171350 0.79952395
vt 0.30170491 0.81551266
vt 0.31077763 0.79051238
vt 0.28462335 0.79952395
vt 0.30171350 0.79952395
vt 0.28462335 0.79952395
vt 0.27556998 0.82449162
vt 0.28463209 0.81551266
vt 0.33708331 0.13778198
vt 0.30353969 0.10572702
vt 0.30353969 0.13778198
vt 0.50670087 0.81434637
vt 0.50669688 0.81435037
vt 0.50670087 0.81435037
vt 0.31074429 0.82449162
vt 0.33687919 0.81551266
vt 0.31980640 0.81551266
vt 0.34594128 0.82449162
vt 0.33688784 0.79952395
vt 0.33687919 0.81551266
vt 0.33688784 0.79952395
vt 0.31073377 0.79051238
vt 0.31979778 0.79952395
vt 0.31979778 0.79952395
vt 0.31074429 0.82449162
vt 0.31980640 0.81551266
vt 0.12768367 0.13778198
vt 0.09413993 0.10572702
vt 0.09413993 0.13778198
vt 0.50672174 0.81434637
vt 0.50671762 0.81435037
vt 0.50672174 0.81435037
vt 0.13161908 0.82449162
vt 0.15775423 0.81551266
vt 0.14068122 0.81551266
vt 0.16681625 0.82449162
vt 0.15776283 0.79952395
vt 0.15775423 0.81551266
vt 0.16682686 0.79051238
vt 0.14067280 0.79952395
vt 0.15776283 0.79952395
vt 0.14067280 0.79952395
vt 0.13161908 0.82449162
vt 0.14068122 0.81551266
vt 0.16962385 0.13778198
vt 0.13608022 0.10572702
vt 0.13608022 0.13778198
vt 0.50671750 0.81434637
vt 0.50671345 0.81435037
vt 0.50671750 0.81435037
vt 0.17655796 0.81551266
vt 0.20269278 0.82449162
vt 0.19363083 0.81551266
vt 0.20269278 0.82449162
vt 0.19363938 0.79952395
vt 0.19363083 0.81551266
vt 0.20270339 0.79051238
vt 0.17654923 0.79952395
vt 0.19363938 0.79952395
vt 0.17654923 0.79952395
vt 0.16749580 0.82449162
vt 0.17655796 0.81551266
vt 0.21074320 0.13778198
vt 0.17719936 0.10572702
vt 0.17719936 0.13778198
vt 0.50671345 0.81434637
vt 0.50670934 0.81435037
vt 0.50671345 0.81435037
vt 0.20267022 0.82449162
vt 0.22880507 0.81551266
vt 0.21173215 0.81551266
vt 0.23786709 0.82449162
vt 0.22881378 0.79952395
vt 0.22880507 0.81551266
vt 0.23787779 0.79051238
vt 0.21172364 0.79952395
vt 0.22881378 0.79952395
vt 0.21172364 0.79952395
vt 0.20267022 0.82449162
vt 0.21173215 0.81551266
vt 0.51811421 0.18030286
vt 0.48457059 0.14824790
vt 0.48457059 0.18030286
vt 0.50668293 0.81435061
vt 0.50667888 0.81435460
vt 0.50668293 0.81435460
vt 0.47466430 0.85188597
vt 0.50079906 0.86086547
vt 0.49173707 0.85188597
vt 0.50079906 0.86086547
vt 0.49174571 0.83589774
vt 0.49173707 0.85188597
vt 0.50080973 0.82688570
vt 0.47465578 0.83589774
vt 0.49174571 0.83589774
vt 0.47465578 0.83589774
vt 0.46560219 0.86086547
vt 0.47466430 0.85188597
vt 0.56005454 0.18030286
vt 0.52651089 0.14824790
vt 0.52651089 0.18030286
vt 0.50667882 0.81435061
vt 0.50667471 0.81435460
vt 0.50667882 0.81435460
vt 0.50147897 0.86086565
vt 0.52761382 0.85188621
vt 0.51054090 0.85188621
vt 0.53667599 0.86086565
vt 0.52762240 0.83589774
vt 0.52761382 0.85188621
vt 0.52762240 0.83589774
vt 0.50146842 0.82688570
vt 0.51053232 0.83589774
vt 0.51053232 0.83589774
vt 0.50147897 0.86086565
vt 0.51054090 0.85188621
vt 0.60117364 0.18030286
vt 0.56763005 0.14824790
vt 0.56763005 0.18030286
vt 0.50667465 0.81435061
vt 0.50667065 0.81435460
vt 0.50667465 0.81435460
vt 0.53665322 0.86086547
vt 0.56278819 0.85188597
vt 0.54571533 0.85188597
vt 0.57185024 0.86086547
vt 0.56279689 0.83589774
vt 0.56278819 0.85188597
vt 0.57186085 0.82688570
vt 0.54570669 0.83589774
vt 0.56279689 0.83589774
vt 0.54570669 0.83589774
vt 0.53665322 0.86086547
vt 0.54571533 0.85188597
vt 0.39223897 0.18030286
vt 0.35869533 0.14824790
vt 0.35869533 0.18030286
vt 0.50669545 0.81435061
vt 0.50669140 0.81435460
vt 0.50669545 0.81435460
vt 0.36698782 0.85188621
vt 0.39312294 0.86086547
vt 0.38406074 0.85188597
vt 0.39312294 0.86086547
vt 0.38406926 0.83589774
vt 0.38406074 0.85188597
vt 0.39313337 0.82688570
vt 0.36697933 0.83589774
vt 0.38406926 0.83589774
vt 0.36697933 0.83589774
vt 0.35792586 0.86086565
vt 0.36698782 0.85188621
vt 0.43417925 0.18030286
vt 0.40063563 0.14824790
vt 0.40063563 0.18030286
vt 0.50669134 0.81435061
vt 0.50668722 0.81435460
vt 0.50669134 0.81435460
vt 0.39380229 0.86086565
vt 0.41993743 0.85188621
vt 0.40286449 0.85188621
vt 0.42899942 0.86086565
vt 0.41994596 0.83589774
vt 0.41993743 0.85188621
vt 0.41994596 0.83589774
vt 0.39379179 0.82688570
vt 0.40285593 0.83589774
vt 0.40285593 0.83589774
vt 0.39380229 0.86086565
vt 0.40286449 0.85188621
vt 0.47529864 0.18030286
vt 0.44175476 0.14824790
vt 0.44175476 0.18030286
vt 0.50668716 0.81435061
vt 0.50668311 0.81435460
vt 0.50668716 0.81435460
vt 0.42897677 0.86086565
vt 0.45511168 0.85188597
vt 0.43803871 0.85188621
vt 0.46417382 0.86086547
vt 0.45512018 0.83589733
vt 0.45511168 0.85188597
vt 0.46418428 0.82688570
vt 0.43803012 0.83589774
vt 0.45512018 0.83589733
vt 0.43803012 0.83589774
vt 0.42897677 0.86086565
vt 0.43803871 0.85188621
vt 0.26516801 0.18030286
vt 0.23162417 0.14824790
vt 0.23162417 0.18030286
vt 0.50670803 0.81435061
vt 0.50670397 0.81435460
vt 0.50670803 0.81435460
vt 0.24922627 0.86086565
vt 0.27536121 0.85188597
vt 0.25828841 0.85188621
vt 0.28442326 0.86086547
vt 0.27536979 0.83589774
vt 0.27536121 0.85188597
vt 0.28443384 0.82688570
vt 0.25827986 0.83589774
vt 0.27536979 0.83589774
vt 0.25827986 0.83589774
vt 0.24922627 0.86086565
vt 0.25828841 0.85188621
vt 0.30710807 0.18030286
vt 0.27356446 0.14824790
vt 0.27356446 0.18030286
vt 0.50670391 0.81435061
vt 0.50669980 0.81435460
vt 0.50670391 0.81435460
vt 0.28510290 0.86086565
vt 0.31123802 0.85188621
vt 0.29416505 0.85188621
vt 0.32029995 0.86086565
vt 0.31124642 0.83589774
vt 0.31123802 0.85188621
vt 0.32031044 0.82688570
vt 0.29415631 0.83589774
vt 0.31124642 0.83589774
vt 0.29415631 0.83589774
vt 0.28510290 0.86086565
vt 0.29416505 0.85188621
vt 0.34822741 0.18030286
vt 0.31468382 0.14824790
vt 0.31468382 0.18030286
vt 0.50669980 0.81435061
vt 0.50669575 0.81435460
vt 0.50669980 0.81435460
vt 0.32933939 0.85188621
vt 0.35547417 0.86086547
vt 0.34641212 0.85188597
vt 0.35547417 0.86086547
vt 0.34642085 0.83589774
vt 0.34641212 0.85188597
vt 0.35548475 0.82688570
vt 0.32933080 0.83589774
vt 0.34642085 0.83589774
vt 0.32933080 0.83589774
vt 0.32027730 0.86086565
vt 0.32933939 0.85188621
vt 0.13882789 0.18030286
vt 0.10528417 0.14824790
vt 0.10528417 0.18030286
vt 0.50672054 0.81435061
vt 0.50671649 0.81435460
vt 0.50672054 0.81435460
vt 0.14115222 0.86086565
vt 0.16728716 0.85188597
vt 0.15021427 0.85188621
vt 0.17634921 0.86086565
vt 0.16729578 0.83589774
vt 0.16728716 0.85188597
vt 0.17635970 0.82688570
vt 0.15020573 0.83589774
vt 0.16729578 0.83589774
vt 0.15020573 0.83589774
vt 0.14115222 0.86086565
vt 0.15021427 0.85188621
vt 0.18076795 0.18030286
vt 0.14722435 0.14824790
vt 0.14722435 0.18030286
vt 0.50671643 0.81435061
vt 0.50671238 0.81435460
vt 0.50671643 0.81435460
vt 0.17702882 0.86086565
vt 0.20316376 0.85188597
vt 0.18609089 0.85188621
vt 0.21222582 0.86086547
vt 0.20317240 0.83589774
vt 0.20316376 0.85188597
vt 0.20317240 0.83589774
vt 0.17701834 0.82688570
vt 0.18608238 0.83589774
vt 0.18608238 0.83589774
vt 0.17702882 0.86086565
vt 0.18609089 0.85188621
vt 0.22188734 0.18030286
vt 0.18834370 0.14824790
vt 0.18834370 0.18030286
vt 0.50671232 0.81435061
vt 0.50670820 0.81435460
vt 0.50671232 0.81435460
vt 0.21220315 0.86086565
vt 0.23833808 0.85188597
vt 0.22126532 0.85188621
vt 0.24740016 0.86086547
vt 0.23834680 0.83589774
vt 0.23833808 0.85188597
vt 0.24741063 0.82688570
vt 0.22125657 0.83589774
vt 0.23834680 0.83589774
vt 0.22125657 0.83589774
vt 0.21220315 0.86086565
vt 0.22126532 0.85188621
vt 0.53636634 0.22277755
vt 0.50282252 0.19072258
vt 0.50282252 0.22277755
vt 0.50668114 0.81435484
vt 0.50667709 0.81435859
vt 0.50668114 0.81435859
vt 0.48121551 0.89720178
vt 0.50735033 0.88822258
vt 0.49027747 0.88822258
vt 0.51641232 0.89720178
vt 0.50735885 0.87223387
vt 0.50735033 0.88822258
vt 0.50735885 0.87223387
vt 0.48120481 0.86322206
vt 0.49026901 0.87223387
vt 0.49026901 0.87223387
vt 0.48121551 0.89720178
vt 0.49027747 0.88822258
vt 0.41049105 0.22277755
vt 0.37694722 0.19072258
vt 0.37694722 0.22277755
vt 0.50669360 0.81435484
vt 0.50668955 0.81435859
vt 0.50669360 0.81435859
vt 0.37353897 0.89720178
vt 0.39967388 0.88822258
vt 0.38260111 0.88822258
vt 0.40873593 0.89720178
vt 0.39968252 0.87223387
vt 0.39967388 0.88822258
vt 0.40874654 0.86322206
vt 0.38259247 0.87223387
vt 0.39968252 0.87223387
vt 0.38259247 0.87223387
vt 0.37353897 0.89720178
vt 0.38260111 0.88822258
vt 0.45243135 0.22277755
vt 0.41888753 0.19072258
vt 0.41888753 0.22277755
vt 0.50668949 0.81435484
vt 0.50668544 0.81435859
vt 0.50668949 0.81435859
vt 0.40941557 0.89720178
vt 0.43555048 0.88822258
vt 0.41847771 0.88822258
vt 0.44461256 0.89720178
vt 0.43555903 0.87223387
vt 0.43555048 0.88822258
vt 0.44462305 0.86322206
vt 0.41846907 0.87223387
vt 0.43555903 0.87223387
vt 0.41846907 0.87223387
vt 0.40941557 0.89720178
vt 0.41847771 0.88822258
vt 0.49355048 0.22277755
vt 0.46000686 0.19072258
vt 0.46000686 0.22277755
vt 0.50668544 0.81435484
vt 0.50668132 0.81435859
vt 0.50668544 0.81435859
vt 0.44458988 0.89720178
vt 0.47072479 0.88822258
vt 0.45365205 0.88822258
vt 0.47978702 0.89720178
vt 0.47073343 0.87223387
vt 0.47072479 0.88822258
vt 0.47979748 0.86322206
vt 0.45364344 0.87223387
vt 0.47073343 0.87223387
vt 0.45364344 0.87223387
vt 0.44458988 0.89720178
vt 0.45365205 0.88822258
vt 0.28341991 0.22277755
vt 0.24987626 0.19072258
vt 0.24987626 0.22277755
vt 0.50670624 0.81435484
vt 0.50670213 0.81435859
vt 0.50670624 0.81435859
vt 0.26483932 0.89720178
vt 0.29097447 0.88822258
vt 0.27390158 0.88822258
vt 0.30003652 0.89720178
vt 0.29098299 0.87223387
vt 0.29097447 0.88822258
vt 0.30004701 0.86322206
vt 0.27389285 0.87223387
vt 0.29098299 0.87223387
vt 0.27389285 0.87223387
vt 0.26483932 0.89720178
vt 0.27390158 0.88822258
vt 0.32536018 0.22277755
vt 0.29181656 0.19072258
vt 0.29181656 0.22277755
vt 0.50670201 0.81435484
vt 0.50669801 0.81435859
vt 0.50670201 0.81435859
vt 0.30071613 0.89720178
vt 0.32685095 0.88822258
vt 0.30977833 0.88822258
vt 0.33591300 0.89720178
vt 0.32685962 0.87223387
vt 0.32685095 0.88822258
vt 0.32685962 0.87223387
vt 0.30070552 0.86322206
vt 0.30976948 0.87223387
vt 0.30976948 0.87223387
vt 0.30071613 0.89720178
vt 0.30977833 0.88822258
vt 0.36647931 0.22277755
vt 0.33293569 0.19072258
vt 0.33293569 0.22277755
vt 0.50669801 0.81435484
vt 0.50669396 0.81435859
vt 0.50669801 0.81435859
vt 0.33589044 0.89720178
vt 0.36202535 0.88822258
vt 0.34495240 0.88822258
vt 0.37108746 0.89720178
vt 0.36203399 0.87223387
vt 0.36202535 0.88822258
vt 0.36203399 0.87223387
vt 0.33587998 0.86322206
vt 0.34494388 0.87223387
vt 0.34494388 0.87223387
vt 0.33589044 0.89720178
vt 0.34495240 0.88822258
vt 0.15707980 0.22277755
vt 0.12353618 0.19072258
vt 0.12353618 0.22277755
vt 0.50671881 0.81435484
vt 0.50671470 0.81435859
vt 0.50671881 0.81435859
vt 0.15676528 0.89720178
vt 0.18290031 0.88822258
vt 0.16582742 0.88822258
vt 0.19196233 0.89720178
vt 0.18290894 0.87223387
vt 0.18290031 0.88822258
vt 0.19197285 0.86322206
vt 0.16581880 0.87223387
vt 0.18290894 0.87223387
vt 0.16581880 0.87223387
vt 0.15676528 0.89720178
vt 0.16582742 0.88822258
vt 0.19902007 0.22277755
vt 0.16547644 0.19072258
vt 0.16547644 0.22277755
vt 0.50671458 0.81435484
vt 0.50671059 0.81435859
vt 0.50671458 0.81435859
vt 0.19264188 0.89720178
vt 0.21877691 0.88822258
vt 0.20170404 0.88822258
vt 0.22783896 0.89720178
vt 0.21878542 0.87223387
vt 0.21877691 0.88822258
vt 0.22784954 0.86322206
vt 0.20169540 0.87223387
vt 0.21878542 0.87223387
vt 0.20169540 0.87223387
vt 0.19264188 0.89720178
vt 0.20170404 0.88822258
vt 0.24013922 0.22277755
vt 0.20659558 0.19072258
vt 0.20659558 0.22277755
vt 0.50671059 0.81435484
vt 0.50670648 0.81435859
vt 0.50671059 0.81435859
vt 0.23687835 0.88822258
vt 0.26301324 0.89720178
vt 0.25395113 0.88822258
vt 0.26301324 0.89720178
vt 0.25395977 0.87223387
vt 0.25395113 0.88822258
vt 0.26302376 0.86322206
vt 0.23686972 0.87223387
vt 0.25395977 0.87223387
vt 0.23686972 0.87223387
vt 0.22781630 0.89720178
vt 0.23687835 0.88822258
vt 0.48846072 0.09638816
vt 0.45491683 0.06433320
vt 0.45491683 0.09638816
vt 0.50668585 0.81434238
vt 0.50668186 0.81434613
vt 0.50668585 0.81434613
vt 0.44023594 0.78908056
vt 0.46637076 0.78010154
vt 0.44929811 0.78010130
vt 0.47543302 0.78908056
vt 0.46637928 0.76411289
vt 0.46637076 0.78010154
vt 0.47544348 0.75510108
vt 0.44928935 0.76411265
vt 0.46637928 0.76411289
vt 0.44928935 0.76411265
vt 0.44023594 0.78908056
vt 0.44929811 0.78010130
vt 0.53040093 0.09638816
vt 0.49685711 0.06433320
vt 0.49685711 0.09638816
vt 0.50668174 0.81434238
vt 0.50667763 0.81434613
vt 0.50668174 0.81434613
vt 0.47611260 0.78908056
vt 0.50224751 0.78010154
vt 0.48517454 0.78010130
vt 0.51130950 0.78908056
vt 0.50225604 0.76411289
vt 0.50224751 0.78010154
vt 0.51131999 0.75510132
vt 0.48516589 0.76411265
vt 0.50225604 0.76411289
vt 0.48516589 0.76411265
vt 0.47611260 0.78908056
vt 0.48517454 0.78010130
vt 0.57152015 0.09638816
vt 0.53797650 0.06433320
vt 0.53797650 0.09638816
vt 0.50667763 0.81434238
vt 0.50667357 0.81434613
vt 0.50667763 0.81434613
vt 0.52034903 0.78010130
vt 0.54648370 0.78908056
vt 0.53742176 0.78010130
vt 0.54648370 0.78908056
vt 0.53743047 0.76411265
vt 0.53742176 0.78010130
vt 0.54649431 0.75510108
vt 0.52034026 0.76411265
vt 0.53743047 0.76411265
vt 0.52034026 0.76411265
vt 0.51128703 0.78908056
vt 0.52034903 0.78010130
vt 0.36258546 0.09638816
vt 0.32904157 0.06433320
vt 0.32904157 0.09638816
vt 0.50669837 0.81434238
vt 0.50669438 0.81434613
vt 0.50669837 0.81434613
vt 0.33255938 0.78908056
vt 0.35869431 0.78010154
vt 0.34162134 0.78010154
vt 0.36775637 0.78908056
vt 0.35870293 0.76411289
vt 0.35869431 0.78010154
vt 0.36776695 0.75510108
vt 0.34161288 0.76411289
vt 0.35870293 0.76411289
vt 0.34161288 0.76411289
vt 0.33255938 0.78908056
vt 0.34162134 0.78010154
vt 0.40452573 0.09638816
vt 0.37098187 0.06433320
vt 0.37098187 0.09638816
vt 0.50669426 0.81434238
vt 0.50669014 0.81434613
vt 0.50669426 0.81434613
vt 0.36843598 0.78908056
vt 0.39457092 0.78010154
vt 0.37749812 0.78010154
vt 0.40363297 0.78908056
vt 0.39457956 0.76411289
vt 0.39457092 0.78010154
vt 0.40364358 0.75510132
vt 0.37748954 0.76411289
vt 0.39457956 0.76411289
vt 0.37748954 0.76411289
vt 0.36843598 0.78908056
vt 0.37749812 0.78010154
vt 0.44564486 0.09638816
vt 0.41210124 0.06433320
vt 0.41210124 0.09638816
vt 0.50669014 0.81434238
vt 0.50668603 0.81434613
vt 0.50669014 0.81434613
vt 0.40361029 0.78908056
vt 0.42974523 0.78010154
vt 0.41267240 0.78010130
vt 0.43880740 0.78908056
vt 0.42975378 0.76411289
vt 0.42974523 0.78010154
vt 0.42975378 0.76411289
vt 0.40359974 0.75510108
vt 0.41266376 0.76411265
vt 0.41266376 0.76411265
vt 0.40361029 0.78908056
vt 0.41267240 0.78010130
vt 0.23551428 0.09638816
vt 0.20197065 0.06433320
vt 0.20197065 0.09638816
vt 0.50671095 0.81434238
vt 0.50670689 0.81434613
vt 0.50671095 0.81434613
vt 0.22386004 0.78908056
vt 0.24999487 0.78010130
vt 0.23292200 0.78010154
vt 0.25905693 0.78908056
vt 0.25000349 0.76411265
vt 0.24999487 0.78010130
vt 0.25000349 0.76411265
vt 0.22384937 0.75510108
vt 0.23291337 0.76411289
vt 0.23291337 0.76411289
vt 0.22386004 0.78908056
vt 0.23292200 0.78010154
vt 0.27745456 0.09638816
vt 0.24391091 0.06433320
vt 0.24391091 0.09638816
vt 0.50670689 0.81434238
vt 0.50670278 0.81434613
vt 0.50670689 0.81434613
vt 0.25973648 0.78908056
vt 0.28587139 0.78010130
vt 0.26879865 0.78010154
vt 0.29493356 0.78908056
vt 0.28588015 0.76411265
vt 0.28587139 0.78010130
vt 0.29494417 0.75510108
vt 0.26879001 0.76411289
vt 0.28588015 0.76411265
vt 0.26879001 0.76411289
vt 0.25973648 0.78908056
vt 0.26879865 0.78010154
vt 0.31857389 0.09638816
vt 0.28503007 0.06433320
vt 0.28503007 0.09638816
vt 0.50670272 0.81434238
vt 0.50669867 0.81434613
vt 0.50670272 0.81434613
vt 0.29491091 0.78908056
vt 0.32104585 0.78010154
vt 0.30397293 0.78010154
vt 0.33010805 0.78908056
vt 0.32105434 0.76411289
vt 0.32104585 0.78010154
vt 0.32105434 0.76411289
vt 0.29490042 0.75510108
vt 0.30396441 0.76411289
vt 0.30396441 0.76411289
vt 0.29491091 0.78908056
vt 0.30397293 0.78010154
vt 0.11163758 0.09638816
vt 0.07809395 0.06433320
vt 0.07809395 0.09638816
vt 0.50672328 0.81434238
vt 0.50671929 0.81434613
vt 0.50672328 0.81434613
vt 0.12695524 0.78010154
vt 0.15309004 0.78908056
vt 0.14402802 0.78010130
vt 0.15309004 0.78908056
vt 0.14403665 0.76411265
vt 0.14402802 0.78010130
vt 0.15310065 0.75510108
vt 0.12694660 0.76411289
vt 0.14403665 0.76411265
vt 0.12694660 0.76411289
vt 0.11789300 0.78908056
vt 0.12695524 0.78010154
vt 0.15292726 0.09638816
vt 0.11938368 0.06433320
vt 0.11938368 0.09638816
vt 0.50671923 0.81434238
vt 0.50671512 0.81434613
vt 0.50671923 0.81434613
vt 0.15321307 0.78908056
vt 0.17934810 0.78010154
vt 0.16227522 0.78010130
vt 0.18841016 0.78908056
vt 0.17935665 0.76411289
vt 0.17934810 0.78010154
vt 0.17935665 0.76411289
vt 0.15320262 0.75510108
vt 0.16226649 0.76411265
vt 0.16226649 0.76411265
vt 0.15321307 0.78908056
vt 0.16227522 0.78010130
vt 0.19391689 0.09638816
vt 0.16037305 0.06433320
vt 0.16037305 0.09638816
vt 0.50671512 0.81434238
vt 0.50671101 0.81434613
vt 0.50671512 0.81434613
vt 0.18827656 0.78908056
vt 0.21441147 0.78010154
vt 0.19733861 0.78010130
vt 0.22347352 0.78908056
vt 0.21442010 0.76411289
vt 0.21441147 0.78010154
vt 0.21442010 0.76411289
vt 0.18826586 0.75510108
vt 0.19732989 0.76411265
vt 0.19732989 0.76411265
vt 0.18827656 0.78908056
vt 0.19733861 0.78010130
vt 0.07030474 0.09638816
vt 0.03676100 0.06433320
vt 0.03676100 0.09638816
vt 0.50672740 0.81434238
vt 0.50672328 0.81434613
vt 0.50672740 0.81434613
vt 0.09159806 0.78010130
vt 0.11773299 0.78908056
vt 0.10867094 0.78010154
vt 0.11773299 0.78908056
vt 0.10867946 0.76411289
vt 0.10867094 0.78010154
vt 0.11774349 0.75510108
vt 0.09158944 0.76411265
vt 0.10867946 0.76411289
vt 0.09158944 0.76411265
vt 0.08253601 0.78908056
vt 0.09159806 0.78010130
vt 0.70366192 0.09492648
vt 0.67011809 0.06287152
vt 0.67011809 0.09492648
vt 0.50666457 0.81434214
vt 0.50666052 0.81434613
vt 0.50666457 0.81434613
vt 0.62432379 0.78783023
vt 0.65045881 0.77885103
vt 0.63338584 0.77885121
vt 0.65952075 0.78783023
vt 0.65046746 0.76286232
vt 0.65045881 0.77885103
vt 0.65953135 0.75385058
vt 0.63337719 0.76286256
vt 0.65046746 0.76286232
vt 0.63337719 0.76286256
vt 0.62432379 0.78783023
vt 0.63338584 0.77885121
vt 0.74874365 0.09492648
vt 0.71520025 0.06287152
vt 0.71520025 0.09492648
vt 0.50666004 0.81434214
vt 0.50665605 0.81434613
vt 0.50666004 0.81434613
vt 0.67195004 0.77885121
vt 0.69808489 0.78783023
vt 0.68902278 0.77885103
vt 0.69808489 0.78783023
vt 0.68903142 0.76286232
vt 0.68902278 0.77885103
vt 0.69809544 0.75385058
vt 0.67194140 0.76286256
vt 0.68903142 0.76286232
vt 0.67194140 0.76286256
vt 0.66288787 0.78783023
vt 0.67195004 0.77885121
vt 0.79333955 0.09492648
vt 0.75979590 0.06287152
vt 0.75979590 0.09492648
vt 0.50665563 0.81434214
vt 0.50665158 0.81434613
vt 0.50665563 0.81434613
vt 0.71009797 0.77885103
vt 0.73623306 0.78783023
vt 0.72717094 0.77885103
vt 0.73623306 0.78783023
vt 0.72717947 0.76286232
vt 0.72717094 0.77885103
vt 0.73624372 0.75385058
vt 0.71008939 0.76286232
vt 0.72717947 0.76286232
vt 0.71008939 0.76286232
vt 0.70103586 0.78783023
vt 0.71009797 0.77885103
vt 0.70366192 0.14039296
vt 0.67011809 0.10833824
vt 0.67011809 0.14039296
vt 0.50666457 0.81434661
vt 0.50666052 0.81435061
vt 0.50666457 0.81435061
vt 0.62432379 0.82672584
vt 0.65045881 0.81774616
vt 0.63338584 0.81774616
vt 0.65952075 0.82672584
vt 0.65046746 0.80175751
vt 0.65045881 0.81774616
vt 0.65953135 0.79274642
vt 0.63337719 0.80175751
vt 0.65046746 0.80175751
vt 0.63337719 0.80175751
vt 0.62432379 0.82672584
vt 0.63338584 0.81774616
vt 0.74874365 0.14039296
vt 0.71520025 0.10833824
vt 0.71520025 0.14039296
vt 0.50666004 0.81434661
vt 0.50665605 0.81435061
vt 0.50666004 0.81435061
vt 0.67195004 0.81774616
vt 0.69808489 0.82672584
vt 0.68902278 0.81774616
vt 0.69808489 0.82672584
vt 0.68903142 0.80175751
vt 0.68902278 0.81774616
vt 0.69809544 0.79274642
vt 0.67194140 0.80175751
vt 0.68903142 0.80175751
vt 0.67194140 0.80175751
vt 0.66288787 0.82672584
vt 0.67195004 0.81774616
vt 0.79333955 0.14039296
vt 0.75979590 0.10833824
vt 0.75979590 0.14039296
vt 0.50665563 0.81434661
vt 0.50665158 0.81435061
vt 0.50665563 0.81435061
vt 0.71009797 0.81774616
vt 0.73623306 0.82672584
vt 0.72717094 0.81774616
vt 0.73623306 0.82672584
vt 0.72717947 0.80175751
vt 0.72717094 0.81774616
vt 0.73624372 0.79274642
vt 0.71008939 0.80175751
vt 0.72717947 0.80175751
vt 0.71008939 0.80175751
vt 0.70103604 0.82672584
vt 0.71009797 0.81774616
vt 0.93781102 0.01877856
vt 0.93781102 0.01711482
vt 0.93729484 0.01719654
vt 0.93682915 0.01743376
vt 0.93645948 0.01780325
vt 0.93622220 0.01826870
vt 0.93614042 0.01878476
vt 0.93622220 0.01930070
vt 0.93645948 0.01976627
vt 0.93682915 0.02013594
vt 0.93729484 0.02037317
vt 0.93781102 0.02045470
vt 0.93832719 0.02037317
vt 0.93879271 0.02013594
vt 0.93916231 0.01976627
vt 0.93939954 0.01930070
vt 0.93948138 0.01878476
vt 0.93939954 0.01826870
vt 0.93916231 0.01780325
vt 0.93879271 0.01743376
vt 0.93832719 0.01719654
vt 0.93781102 0.01562625
vt 0.93682915 0.01578164
vt 0.93594331 0.01623291
vt 0.93524033 0.01693571
vt 0.93478912 0.01782113
vt 0.93463373 0.01880264
vt 0.93478912 0.01978439
vt 0.93524033 0.02066982
vt 0.93594331 0.02137262
vt 0.93682915 0.02182376
vt 0.93781102 0.02197939
vt 0.93879288 0.02182376
vt 0.93967867 0.02137262
vt 0.94038147 0.02066982
vt 0.94083267 0.01978439
vt 0.94098836 0.01880264
vt 0.94083267 0.01782113
vt 0.94038147 0.01693571
vt 0.93967867 0.01623291
vt 0.93879271 0.01578164
vt 0.93781102 0.01445872
vt 0.93645948 0.01467258
vt 0.93524033 0.01529372
vt 0.93427294 0.01626074
vt 0.93365186 0.01747960
vt 0.93343776 0.01883072
vt 0.93365186 0.02018189
vt 0.93427294 0.02140051
vt 0.93524033 0.02236766
vt 0.93645948 0.02298886
vt 0.93781102 0.02320290
vt 0.93916231 0.02298886
vt 0.94038147 0.02236766
vt 0.94134909 0.02140051
vt 0.94197023 0.02018189
vt 0.94218427 0.01883072
vt 0.94197023 0.01747960
vt 0.94134909 0.01626074
vt 0.94038147 0.01529372
vt 0.93916231 0.01467258
vt 0.93781102 0.01372623
vt 0.93622220 0.01397771
vt 0.93478912 0.01470786
vt 0.93365186 0.01584500
vt 0.93292135 0.01727772
vt 0.93266994 0.01886600
vt 0.93292135 0.02045423
vt 0.93365186 0.02188700
vt 0.93478912 0.02302414
vt 0.93622220 0.02375394
vt 0.93781102 0.02400577
vt 0.93939954 0.02375394
vt 0.94083267 0.02302414
vt 0.94197023 0.02188700
vt 0.94270056 0.02045423
vt 0.94295210 0.01886600
vt 0.94270056 0.01727772
vt 0.94197023 0.01584500
vt 0.94083267 0.01470786
vt 0.93939954 0.01397771
vt 0.93781102 0.01350081
vt 0.93614042 0.01376528
vt 0.93463373 0.01453286
vt 0.93343776 0.01572841
vt 0.93266994 0.01723480
vt 0.93240529 0.01890504
vt 0.93266994 0.02057499
vt 0.93343776 0.02208155
vt 0.93463373 0.02327716
vt 0.93614042 0.02404475
vt 0.93781102 0.02430910
vt 0.93948138 0.02404475
vt 0.94098836 0.02327716
vt 0.94218427 0.02208155
vt 0.94295210 0.02057499
vt 0.94321656 0.01890504
vt 0.94295210 0.01723480
vt 0.94218427 0.01572841
vt 0.94098836 0.01453286
vt 0.93948138 0.01376528
vt 0.93781102 0.01380432
vt 0.93622220 0.01405573
vt 0.93478912 0.01478606
vt 0.93365186 0.01592308
vt 0.93292135 0.01735568
vt 0.93266994 0.01894408
vt 0.93292135 0.02053231
vt 0.93365186 0.02196503
vt 0.93478912 0.02310216
vt 0.93622220 0.02383214
vt 0.93781102 0.02408367
vt 0.93939954 0.02383214
vt 0.94083267 0.02310216
vt 0.94197023 0.02196503
vt 0.94270056 0.02053231
vt 0.94295210 0.01894408
vt 0.94270056 0.01735568
vt 0.94197023 0.01592308
vt 0.94083267 0.01478606
vt 0.93939954 0.01405573
vt 0.93781102 0.01460719
vt 0.93645948 0.01482105
vt 0.93524033 0.01544219
vt 0.93427294 0.01640946
vt 0.93365186 0.01762819
vt 0.93343776 0.01897931
vt 0.93365186 0.02033037
vt 0.93427294 0.02154905
vt 0.93524033 0.02251649
vt 0.93645948 0.02313733
vt 0.93781102 0.02335131
vt 0.93916231 0.02313733
vt 0.94038147 0.02251649
vt 0.94134909 0.02154905
vt 0.94197023 0.02033037
vt 0.94218427 0.01897931
vt 0.94197023 0.01762819
vt 0.94134909 0.01640946
vt 0.94038147 0.01544219
vt 0.93916231 0.01482105
vt 0.93781102 0.01583076
vt 0.93682915 0.01598603
vt 0.93594331 0.01643741
vt 0.93524033 0.01714009
vt 0.93478912 0.01802540
vt 0.93463373 0.01900715
vt 0.93478912 0.01998878
vt 0.93524033 0.02087438
vt 0.93594331 0.02157706
vt 0.93682915 0.02202839
vt 0.93781102 0.02218378
vt 0.93879288 0.02202839
vt 0.93967867 0.02157706
vt 0.94038147 0.02087438
vt 0.94083267 0.01998878
vt 0.94098836 0.01900715
vt 0.94083267 0.01802540
vt 0.94038147 0.01714009
vt 0.93967867 0.01643741
vt 0.93879271 0.01598603
vt 0.93781102 0.01735520
vt 0.93729484 0.01743680
vt 0.93682915 0.01767415
vt 0.93645948 0.01804352
vt 0.93622220 0.01850909
vt 0.93614042 0.01902515
vt 0.93622220 0.01954108
vt 0.93645948 0.02000666
vt 0.93682915 0.02037632
vt 0.93729484 0.02061355
vt 0.93781102 0.02069515
vt 0.93832719 0.02061355
vt 0.93879271 0.02037632
vt 0.93916231 0.02000666
vt 0.93939954 0.01954108
vt 0.93948138 0.01902515
vt 0.93939954 0.01850909
vt 0.93916231 0.01804352
vt 0.93879271 0.01767415
vt 0.93832719 0.01743680
vt 0.93781102 0.01903147
vt 0.75032884 0.26061970
vt 0.71678519 0.22856474
vt 0.71678519 0.26061970
vt 0.50665987 0.81435859
vt 0.50665587 0.81436241
vt 0.50665987 0.81436241
vt 0.66424400 0.92957532
vt 0.69037879 0.92059588
vt 0.67330605 0.92059588
vt 0.69944072 0.92957532
vt 0.69038743 0.90460765
vt 0.69037879 0.92059588
vt 0.69038743 0.90460765
vt 0.66423327 0.89559585
vt 0.67329741 0.90460700
vt 0.67329741 0.90460700
vt 0.66424400 0.92957532
vt 0.67330605 0.92059588
vt 0.79380709 0.26061970
vt 0.76026350 0.22856474
vt 0.76026350 0.26061970
vt 0.50665557 0.81435859
vt 0.50665152 0.81436241
vt 0.50665557 0.81436241
vt 0.71049827 0.92059588
vt 0.73663306 0.92957532
vt 0.72757101 0.92059588
vt 0.73663306 0.92957532
vt 0.72757965 0.90460700
vt 0.72757101 0.92059588
vt 0.73664361 0.89559585
vt 0.71048945 0.90460765
vt 0.72757965 0.90460700
vt 0.71048945 0.90460765
vt 0.70143610 0.92957532
vt 0.71049827 0.92059588
vt 0.75032884 0.21657223
vt 0.71678519 0.18451726
vt 0.71678519 0.21657223
vt 0.50665987 0.81435418
vt 0.50665587 0.81435817
vt 0.50665987 0.81435817
vt 0.66424400 0.89189392
vt 0.69037879 0.88291466
vt 0.67330605 0.88291466
vt 0.69944072 0.89189392
vt 0.69038743 0.86692578
vt 0.69037879 0.88291466
vt 0.69038743 0.86692578
vt 0.66423327 0.85791421
vt 0.67329741 0.86692578
vt 0.67329741 0.86692578
vt 0.66424400 0.89189392
vt 0.67330605 0.88291466
vt 0.84711885 0.09696728
vt 0.81357509 0.06491244
vt 0.81357509 0.09696728
vt 0.50665033 0.81434238
vt 0.50664628 0.81434613
vt 0.50665033 0.81434613
vt 0.74703997 0.78957617
vt 0.77317494 0.78059697
vt 0.75610214 0.78059697
vt 0.78223711 0.78957617
vt 0.77318358 0.76460803
vt 0.77317494 0.78059697
vt 0.78224748 0.75559646
vt 0.75609350 0.76460803
vt 0.77318358 0.76460803
vt 0.75609350 0.76460803
vt 0.74703997 0.78957617
vt 0.75610214 0.78059697
vt 0.88905925 0.09696728
vt 0.85551530 0.06491244
vt 0.85551530 0.09696728
vt 0.50664622 0.81434238
vt 0.50664204 0.81434613
vt 0.50664622 0.81434613
vt 0.78291655 0.78957617
vt 0.80905151 0.78059697
vt 0.79197860 0.78059697
vt 0.81811351 0.78957617
vt 0.80906010 0.76460803
vt 0.80905151 0.78059697
vt 0.81812412 0.75559646
vt 0.79197013 0.76460803
vt 0.80906010 0.76460803
vt 0.79197013 0.76460803
vt 0.78291655 0.78957617
vt 0.79197860 0.78059697
vt 0.93017840 0.09696728
vt 0.89663476 0.06491244
vt 0.89663476 0.09696728
vt 0.50664204 0.81434238
vt 0.50663799 0.81434613
vt 0.50664204 0.81434613
vt 0.81809115 0.78957617
vt 0.84422606 0.78059697
vt 0.82715297 0.78059697
vt 0.85328799 0.78957617
vt 0.84423470 0.76460803
vt 0.84422606 0.78059697
vt 0.85329866 0.75559646
vt 0.82714415 0.76460803
vt 0.84423470 0.76460803
vt 0.82714415 0.76460803
vt 0.81809115 0.78957617
vt 0.82715297 0.78059697
vt 0.84711885 0.13750100
vt 0.81357509 0.10544616
vt 0.81357509 0.13750100
vt 0.50665033 0.81434637
vt 0.50664628 0.81435037
vt 0.50665033 0.81435037
vt 0.74703997 0.82425153
vt 0.77317494 0.81527275
vt 0.75610214 0.81527275
vt 0.78223711 0.82425153
vt 0.77318358 0.79928404
vt 0.77317494 0.81527275
vt 0.78224748 0.79027247
vt 0.75609350 0.79928404
vt 0.77318358 0.79928404
vt 0.75609350 0.79928404
vt 0.74703997 0.82425153
vt 0.75610214 0.81527275
vt 0.88905925 0.13750100
vt 0.85551530 0.10544616
vt 0.85551530 0.13750100
vt 0.50664622 0.81434637
vt 0.50664204 0.81435037
vt 0.50664622 0.81435037
vt 0.78291655 0.82425153
vt 0.80905151 0.81527275
vt 0.79197860 0.81527275
vt 0.81811351 0.82425177
vt 0.80906010 0.79928404
vt 0.80905151 0.81527275
vt 0.81812412 0.79027247
vt 0.79197013 0.79928404
vt 0.80906010 0.79928404
vt 0.79197013 0.79928404
vt 0.78291655 0.82425153
vt 0.79197860 0.81527275
vt 0.93017840 0.13750100
vt 0.89663476 0.10544616
vt 0.89663476 0.13750100
vt 0.50664204 0.81434637
vt 0.50663799 0.81435037
vt 0.50664204 0.81435037
vt 0.81809115 0.82425153
vt 0.84422606 0.81527275
vt 0.82715297 0.81527275
vt 0.85328799 0.82425153
vt 0.84423470 0.79928404
vt 0.84422606 0.81527275
vt 0.84423470 0.79928404
vt 0.81808054 0.79027247
vt 0.82714415 0.79928404
vt 0.82714415 0.79928404
vt 0.81809115 0.82425153
vt 0.82715297 0.81527275
vt 0.84711885 0.17850864
vt 0.81357509 0.14645380
vt 0.81357509 0.17850864
vt 0.50665033 0.81435037
vt 0.50664628 0.81435442
vt 0.50665033 0.81435442
vt 0.74703997 0.85933065
vt 0.77317494 0.85035163
vt 0.75610214 0.85035163
vt 0.78223711 0.85933065
vt 0.77318358 0.83436275
vt 0.77317494 0.85035163
vt 0.78224748 0.82535112
vt 0.75609350 0.83436275
vt 0.77318358 0.83436275
vt 0.75609350 0.83436275
vt 0.74703997 0.85933065
vt 0.75610214 0.85035163
vt 0.88905925 0.17850864
vt 0.85551530 0.14645380
vt 0.85551530 0.17850864
vt 0.50664622 0.81435037
vt 0.50664204 0.81435442
vt 0.50664622 0.81435442
vt 0.78291708 0.85933065
vt 0.80905151 0.85035163
vt 0.79197860 0.85035163
vt 0.81811351 0.85933065
vt 0.80906010 0.83436275
vt 0.80905151 0.85035163
vt 0.81812412 0.82535112
vt 0.79197013 0.83436275
vt 0.80906010 0.83436275
vt 0.79197013 0.83436275
vt 0.78291708 0.85933065
vt 0.79197860 0.85035163
vt 0.93017840 0.17850864
vt 0.89663476 0.14645380
vt 0.89663476 0.17850864
vt 0.50664204 0.81435037
vt 0.50663799 0.81435442
vt 0.50664204 0.81435442
vt 0.81809115 0.85933065
vt 0.84422606 0.85035163
vt 0.82715297 0.85035163
vt 0.85328799 0.85933065
vt 0.84423470 0.83436275
vt 0.84422606 0.85035163
vt 0.84423470 0.83436275
vt 0.81808037 0.82535112
vt 0.82714415 0.83436275
vt 0.82714415 0.83436275
vt 0.81809115 0.85933065
vt 0.82715297 0.85035163
vt 0.84711885 0.21947199
vt 0.81357509 0.18741703
vt 0.81357509 0.21947199
vt 0.50665033 0.81435460
vt 0.50664628 0.81435841
vt 0.50665033 0.81435841
vt 0.74703997 0.89437407
vt 0.77317494 0.88539505
vt 0.75610214 0.88539505
vt 0.78223711 0.89437407
vt 0.77318358 0.86940634
vt 0.77317494 0.88539505
vt 0.78224748 0.86039460
vt 0.75609350 0.86940634
vt 0.77318358 0.86940634
vt 0.75609350 0.86940634
vt 0.74703997 0.89437407
vt 0.75610214 0.88539505
vt 0.88905925 0.21947199
vt 0.85551530 0.18741703
vt 0.85551530 0.21947199
vt 0.50664622 0.81435460
vt 0.50664204 0.81435841
vt 0.50664622 0.81435841
vt 0.78291708 0.89437407
vt 0.80905151 0.88539505
vt 0.79197860 0.88539505
vt 0.81811351 0.89437407
vt 0.80906010 0.86940634
vt 0.80905151 0.88539505
vt 0.81812412 0.86039460
vt 0.79197013 0.86940634
vt 0.80906010 0.86940634
vt 0.79197013 0.86940634
vt 0.78291708 0.89437407
vt 0.79197860 0.88539505
vt 0.93017840 0.21947199
vt 0.89663476 0.18741703
vt 0.89663476 0.21947199
vt 0.50664204 0.81435460
vt 0.50663799 0.81435841
vt 0.50664204 0.81435841
vt 0.81809115 0.89437407
vt 0.84422606 0.88539505
vt 0.82715297 0.88539505
vt 0.85328799 0.89437407
vt 0.84423470 0.86940634
vt 0.84422606 0.88539505
vt 0.84423470 0.86940634
vt 0.81808054 0.86039460
vt 0.82714415 0.86940634
vt 0.82714415 0.86940634
vt 0.81809115 0.89437407
vt 0.82715297 0.88539505
vt 0.89548481 0.01877856
vt 0.89548481 0.01711482
vt 0.89496839 0.01719654
vt 0.89450288 0.01743376
vt 0.89413327 0.01780325
vt 0.89389598 0.01826870
vt 0.89381415 0.01878476
vt 0.89389598 0.01930070
vt 0.89413327 0.01976627
vt 0.89450288 0.02013594
vt 0.89496839 0.02037317
vt 0.89548481 0.02045470
vt 0.89600098 0.02037317
vt 0.89646667 0.02013594
vt 0.89683616 0.01976627
vt 0.89707339 0.01930070
vt 0.89715523 0.01878476
vt 0.89707339 0.01826870
vt 0.89683616 0.01780325
vt 0.89646667 0.01743376
vt 0.89600098 0.01719654
vt 0.89548481 0.01562625
vt 0.89450288 0.01578164
vt 0.89361709 0.01623291
vt 0.89291412 0.01693571
vt 0.89246285 0.01782113
vt 0.89230728 0.01880264
vt 0.89246285 0.01978439
vt 0.89291412 0.02066982
vt 0.89361709 0.02137262
vt 0.89450288 0.02182376
vt 0.89548481 0.02197939
vt 0.89646667 0.02182376
vt 0.89735228 0.02137262
vt 0.89805526 0.02066982
vt 0.89850670 0.01978439
vt 0.89866209 0.01880264
vt 0.89850670 0.01782113
vt 0.89805526 0.01693571
vt 0.89735228 0.01623291
vt 0.89646667 0.01578164
vt 0.89548481 0.01445872
vt 0.89413327 0.01467258
vt 0.89291412 0.01529372
vt 0.89194649 0.01626074
vt 0.89132541 0.01747960
vt 0.89111131 0.01883072
vt 0.89132541 0.02018189
vt 0.89194649 0.02140051
vt 0.89291412 0.02236766
vt 0.89413327 0.02298886
vt 0.89548481 0.02320290
vt 0.89683616 0.02298886
vt 0.89805526 0.02236766
vt 0.89902264 0.02140051
vt 0.89964402 0.02018189
vt 0.89985806 0.01883072
vt 0.89964402 0.01747960
vt 0.89902264 0.01626074
vt 0.89805526 0.01529372
vt 0.89683616 0.01467258
vt 0.89548481 0.01372623
vt 0.89389598 0.01397771
vt 0.89246285 0.01470786
vt 0.89132541 0.01584500
vt 0.89059520 0.01727772
vt 0.89034349 0.01886600
vt 0.89059520 0.02045423
vt 0.89132541 0.02188700
vt 0.89246285 0.02302414
vt 0.89389598 0.02375394
vt 0.89548481 0.02400577
vt 0.89707339 0.02375394
vt 0.89850670 0.02302414
vt 0.89964402 0.02188700
vt 0.90037411 0.02045423
vt 0.90062588 0.01886600
vt 0.90037411 0.01727772
vt 0.89964402 0.01584500
vt 0.89850670 0.01470786
vt 0.89707339 0.01397771
vt 0.89548481 0.01350081
vt 0.89381415 0.01376528
vt 0.89230728 0.01453286
vt 0.89111131 0.01572841
vt 0.89034349 0.01723480
vt 0.89007908 0.01890504
vt 0.89034349 0.02057499
vt 0.89111131 0.02208155
vt 0.89230728 0.02327716
vt 0.89381415 0.02404475
vt 0.89548481 0.02430910
vt 0.89715523 0.02404475
vt 0.89866209 0.02327716
vt 0.89985806 0.02208155
vt 0.90062588 0.02057499
vt 0.90089053 0.01890504
vt 0.90062588 0.01723480
vt 0.89985806 0.01572841
vt 0.89866209 0.01453286
vt 0.89715523 0.01376528
vt 0.89548481 0.01380432
vt 0.89389598 0.01405573
vt 0.89246285 0.01478606
vt 0.89132541 0.01592308
vt 0.89059520 0.01735568
vt 0.89034349 0.01894408
vt 0.89059520 0.02053231
vt 0.89132541 0.02196503
vt 0.89246285 0.02310216
vt 0.89389598 0.02383214
vt 0.89548481 0.02408367
vt 0.89707339 0.02383214
vt 0.89850670 0.02310216
vt 0.89964402 0.02196503
vt 0.90037411 0.02053231
vt 0.90062588 0.01894408
vt 0.90037411 0.01735568
vt 0.89964402 0.01592308
vt 0.89850670 0.01478606
vt 0.89707339 0.01405573
vt 0.89548481 0.01460719
vt 0.89413327 0.01482105
vt 0.89291412 0.01544219
vt 0.89194649 0.01640946
vt 0.89132541 0.01762819
vt 0.89111131 0.01897931
vt 0.89132541 0.02033037
vt 0.89194649 0.02154905
vt 0.89291412 0.02251649
vt 0.89413327 0.02313733
vt 0.89548481 0.02335131
vt 0.89683616 0.02313733
vt 0.89805526 0.02251649
vt 0.89902264 0.02154905
vt 0.89964402 0.02033037
vt 0.89985806 0.01897931
vt 0.89964402 0.01762819
vt 0.89902264 0.01640946
vt 0.89805526 0.01544219
vt 0.89683616 0.01482105
vt 0.89548481 0.01583076
vt 0.89450288 0.01598603
vt 0.89361709 0.01643741
vt 0.89291412 0.01714009
vt 0.89246285 0.01802540
vt 0.89230728 0.01900715
vt 0.89246285 0.01998878
vt 0.89291412 0.02087438
vt 0.89361709 0.02157706
vt 0.89450288 0.02202839
vt 0.89548481 0.02218378
vt 0.89646667 0.02202839
vt 0.89735228 0.02157706
vt 0.89805526 0.02087438
vt 0.89850670 0.01998878
vt 0.89866209 0.01900715
vt 0.89850670 0.01802540
vt 0.89805526 0.01714009
vt 0.89735228 0.01643741
vt 0.89646667 0.01598603
vt 0.89548481 0.01735520
vt 0.89496839 0.01743680
vt 0.89450288 0.01767415
vt 0.89413327 0.01804352
vt 0.89389598 0.01850909
vt 0.89381415 0.01902515
vt 0.89389598 0.01954108
vt 0.89413327 0.02000666
vt 0.89450288 0.02037632
vt 0.89496839 0.02061355
vt 0.89548481 0.02069515
vt 0.89600098 0.02061355
vt 0.89646667 0.02037632
vt 0.89683616 0.02000666
vt 0.89707339 0.01954108
vt 0.89715523 0.01902515
vt 0.89707339 0.01850909
vt 0.89683616 0.01804352
vt 0.89646667 0.01767415
vt 0.89600098 0.01743680
vt 0.89548481 0.01903147
vt 0.93017840 0.26008642
vt 0.89663476 0.22803146
vt 0.89663476 0.26008642
vt 0.50664204 0.81435859
vt 0.50663799 0.81436241
vt 0.50664204 0.81436241
vt 0.81809115 0.92911917
vt 0.84422606 0.92013991
vt 0.82715279 0.92013991
vt 0.85328799 0.92911917
vt 0.84423470 0.90415126
vt 0.84422606 0.92013991
vt 0.84423470 0.90415126
vt 0.81808054 0.89513922
vt 0.82714415 0.90415126
vt 0.82714415 0.90415126
vt 0.81809115 0.92911917
vt 0.82715279 0.92013991
vt 0.88700294 0.26008642
vt 0.81362700 0.22803146
vt 0.81362700 0.26008642
vt 0.50665027 0.81435859
vt 0.50664234 0.81436241
vt 0.50665027 0.81436241
vt 0.74810708 0.93022037
vt 0.80567914 0.92065543
vt 0.75776017 0.92065543
vt 0.81533200 0.93022037
vt 0.80568820 0.90363646
vt 0.80567914 0.92065543
vt 0.80568820 0.90363646
vt 0.74809587 0.89403695
vt 0.75775081 0.90363646
vt 0.75775081 0.90363646
vt 0.74810708 0.93022037
vt 0.75776017 0.92065543
vt 0.97165918 0.17899185
vt 0.93961316 0.10561842
vt 0.93961316 0.17897421
vt 0.50663394 0.81435442
vt 0.50663781 0.81434637
vt 0.50663394 0.81434637
vt 0.88009369 0.84929574
vt 0.88965094 0.79171610
vt 0.88009369 0.80136979
vt 0.88965094 0.79171610
vt 0.86307472 0.80136955
vt 0.88009369 0.80136979
vt 0.86307472 0.80136955
vt 0.85346937 0.85894936
vt 0.86307436 0.84929574
vt 0.86307436 0.84929574
vt 0.88965094 0.85894936
vt 0.88009369 0.84929574
vt 0.97159964 0.26077533
vt 0.93955338 0.18740207
vt 0.93955338 0.26075774
vt 0.50663394 0.81436265
vt 0.50663781 0.81435460
vt 0.50663394 0.81435460
vt 0.88959992 0.92890984
vt 0.88004225 0.87132978
vt 0.88004225 0.91925615
vt 0.88959992 0.86167610
vt 0.86302370 0.87132978
vt 0.88004225 0.87132978
vt 0.85341877 0.86167610
vt 0.86302370 0.91925615
vt 0.86302370 0.87132978
vt 0.86302370 0.91925615
vt 0.88959992 0.92890984
vt 0.88004225 0.91925615
vt 0.65271747 0.09634781
vt 0.57934177 0.06429285
vt 0.57934177 0.09634781
vt 0.50667351 0.81434238
vt 0.50666553 0.81434613
vt 0.50667351 0.81434613
vt 0.54769427 0.79014742
vt 0.60526633 0.78058290
vt 0.55734712 0.78058290
vt 0.61491936 0.79014742
vt 0.60527581 0.76356328
vt 0.60526633 0.78058290
vt 0.61493063 0.75396442
vt 0.55733812 0.76356399
vt 0.60527581 0.76356328
vt 0.55733812 0.76356399
vt 0.54769427 0.79014742
vt 0.55734712 0.78058290
vt 0.65271747 0.22242951
vt 0.54715216 0.19037455
vt 0.54715216 0.22242951
vt 0.50667679 0.81435484
vt 0.50666553 0.81435859
vt 0.50667679 0.81435859
vt 0.52062923 0.89851230
vt 0.60452366 0.88867849
vt 0.53055418 0.88867849
vt 0.61444873 0.89851230
vt 0.60453314 0.87118423
vt 0.60452366 0.88867849
vt 0.61446011 0.86131489
vt 0.53054476 0.87118423
vt 0.60453314 0.87118423
vt 0.53054476 0.87118423
vt 0.52062923 0.89851230
vt 0.53055418 0.88867849
vt 0.43253070 0.26336336
vt 0.18827060 0.23130840
vt 0.18827060 0.26336336
vt 0.50671238 0.81435883
vt 0.50668734 0.81436288
vt 0.50671238 0.81436288
vt 0.21452977 0.93449503
vt 0.41475788 0.92414820
vt 0.22497210 0.92414820
vt 0.42520010 0.93449503
vt 0.41476768 0.90575159
vt 0.41475788 0.92414820
vt 0.41476768 0.90575159
vt 0.21451749 0.89536732
vt 0.22496219 0.90575159
vt 0.22496219 0.90575159
vt 0.21452977 0.93449503
vt 0.22497210 0.92414820
vt 0.65501231 0.26341736
vt 0.60026842 0.23136240
vt 0.60026842 0.26341736
vt 0.50667143 0.81435883
vt 0.50666535 0.81436288
vt 0.50667143 0.81436288
vt 0.57463086 0.92330766
vt 0.61727363 0.93264854
vt 0.60784686 0.92330766
vt 0.61727363 0.93264854
vt 0.60785580 0.90668243
vt 0.60784686 0.92330766
vt 0.61728454 0.89730811
vt 0.57462198 0.90668243
vt 0.60785580 0.90668243
vt 0.57462198 0.90668243
vt 0.56520396 0.93264854
vt 0.57463086 0.92330766
vt 0.59233087 0.26341736
vt 0.54740661 0.23136240
vt 0.54740661 0.26341736
vt 0.50667667 0.81435883
vt 0.50667155 0.81436288
vt 0.50667667 0.81436288
vt 0.51866728 0.93070972
vt 0.55658519 0.92239958
vt 0.52705413 0.92239958
vt 0.56497210 0.93070972
vt 0.55659336 0.90758896
vt 0.55658519 0.92239958
vt 0.56498206 0.89924872
vt 0.52704614 0.90758896
vt 0.55659336 0.90758896
vt 0.52704614 0.90758896
vt 0.51866728 0.93070972
vt 0.52705413 0.92239958
vt 0.54049188 0.26341736
vt 0.49556756 0.23136240
vt 0.49556756 0.26341736
vt 0.50668180 0.81435883
vt 0.50667679 0.81436288
vt 0.50668180 0.81436288
vt 0.47432297 0.93070972
vt 0.51224101 0.92239958
vt 0.48270988 0.92239958
vt 0.52062786 0.93070972
vt 0.51224911 0.90758896
vt 0.51224101 0.92239958
vt 0.52063787 0.89924872
vt 0.48270181 0.90758896
vt 0.51224911 0.90758896
vt 0.48270181 0.90758896
vt 0.47432297 0.93070972
vt 0.48270988 0.92239958
vt 0.48740232 0.26341736
vt 0.44247803 0.23136240
vt 0.44247803 0.26341736
vt 0.50668705 0.81435883
vt 0.50668204 0.81436288
vt 0.50668705 0.81436288
vt 0.42890894 0.93070972
vt 0.46682698 0.92239958
vt 0.43729600 0.92239958
vt 0.47521389 0.93070972
vt 0.46683502 0.90758896
vt 0.46682698 0.92239958
vt 0.47522381 0.89924872
vt 0.43728784 0.90758896
vt 0.46683502 0.90758896
vt 0.43728784 0.90758896
vt 0.42890894 0.93070972
vt 0.43729600 0.92239958
vt 0.17991652 0.26341736
vt 0.13773933 0.23136240
vt 0.13773933 0.26341736
vt 0.50671726 0.81435883
vt 0.50671256 0.81436288
vt 0.50671726 0.81436288
vt 0.16785780 0.93016905
vt 0.20445788 0.92214608
vt 0.17595455 0.92214608
vt 0.21255454 0.93016905
vt 0.20446563 0.90784138
vt 0.20445788 0.92214608
vt 0.20446563 0.90784138
vt 0.16784827 0.89978963
vt 0.17594671 0.90784138
vt 0.17594671 0.90784138
vt 0.16785780 0.93016905
vt 0.17595455 0.92214608
vt 0.13031085 0.26341736
vt 0.08813358 0.23136240
vt 0.08813358 0.26341736
vt 0.50672221 0.81435883
vt 0.50671744 0.81436288
vt 0.50672221 0.81436288
vt 0.12542401 0.93016905
vt 0.16202410 0.92214608
vt 0.13352065 0.92214608
vt 0.17012087 0.93016905
vt 0.16203186 0.90784138
vt 0.16202410 0.92214608
vt 0.17013025 0.89978963
vt 0.13351302 0.90784138
vt 0.16203186 0.90784138
vt 0.13351302 0.90784138
vt 0.12542401 0.93016905
vt 0.13352065 0.92214608
vt 0.08009598 0.26341736
vt 0.03791880 0.23136240
vt 0.03791880 0.26341736
vt 0.50672716 0.81435883
vt 0.50672239 0.81436288
vt 0.50672716 0.81436288
vt 0.08246910 0.93016905
vt 0.11906911 0.92214608
vt 0.09056586 0.92214608
vt 0.12716587 0.93016905
vt 0.11907683 0.90784138
vt 0.11906911 0.92214608
vt 0.12717538 0.89978963
vt 0.09055800 0.90784138
vt 0.11907683 0.90784138
vt 0.09055800 0.90784138
vt 0.08246910 0.93016905
vt 0.09056586 0.92214608
vt 0.11465839 0.22277755
vt 0.08111476 0.19072258
vt 0.08111476 0.22277755
vt 0.50672299 0.81435484
vt 0.50671893 0.81435859
vt 0.50672299 0.81435859
vt 0.12047695 0.89720178
vt 0.14661206 0.88822258
vt 0.12953910 0.88822258
vt 0.15567413 0.89720178
vt 0.14662059 0.87223387
vt 0.14661206 0.88822258
vt 0.15568462 0.86322206
vt 0.12953055 0.87223387
vt 0.14662059 0.87223387
vt 0.12953055 0.87223387
vt 0.12047695 0.89720178
vt 0.12953910 0.88822258
vt 0.60976589 0.10572702
vt 0.60120910 0.13778198
vt 0.60976589 0.13778198
vt 0.50667042 0.81434637
vt 0.50667137 0.81435037
vt 0.50667137 0.81434637
vt 0.57605654 0.81914097
vt 0.56392407 0.82914025
vt 0.57811582 0.82362127
vt 0.62257093 0.82356352
vt 0.60388583 0.80366844
vt 0.60750514 0.82224429
vt 0.60388583 0.80366844
vt 0.57523161 0.78552270
vt 0.57895881 0.79951656
vt 0.57738161 0.79974157
vt 0.56087273 0.82112682
vt 0.57605654 0.81914097
vt 0.65306926 0.10572702
vt 0.65306926 0.13778198
vt 0.50666547 0.81435037
vt 0.50667042 0.81434637
vt 0.50666547 0.81434637
vt 0.57599258 0.85940599
vt 0.60655081 0.84722447
vt 0.58330739 0.84843600
vt 0.57738161 0.79974157
vt 0.50666547 0.81435037
vt 0.50667042 0.81435442
vt 0.50667042 0.81435037
vt 0.62257093 0.82356352
vt 0.60655081 0.84722447
vt 0.61564970 0.85683334
vt 0.60976589 0.13778198
vt 0.65306926 0.17948610
vt 0.65306926 0.13778198
vt 0.56392407 0.82914025
vt 0.58330739 0.84843600
vt 0.57811582 0.82362127
vt 0.07376922 0.22294408
vt 0.03791880 0.19088912
vt 0.03791880 0.22294408
vt 0.50672716 0.81435484
vt 0.50672305 0.81435883
vt 0.50672716 0.81435883
vt 0.08241279 0.89548683
vt 0.11374603 0.88749617
vt 0.09047689 0.88749617
vt 0.12181023 0.89548683
vt 0.11375368 0.87324852
vt 0.11374603 0.88749617
vt 0.12181965 0.86522865
vt 0.09046911 0.87324852
vt 0.11375368 0.87324852
vt 0.09046911 0.87324852
vt 0.08241279 0.89548683
vt 0.09047689 0.88749617
vt 0.08789054 0.18172306
vt 0.03791880 0.14966810
vt 0.03791880 0.18172306
vt 0.50672716 0.81435084
vt 0.50672168 0.81435460
vt 0.50672716 0.81435460
vt 0.13072716 0.85791510
vt 0.08905140 0.85398060
vt 0.08542916 0.85818309
vt 0.13072716 0.85791510
vt 0.12743200 0.83611381
vt 0.12742870 0.85410815
vt 0.13073041 0.83228922
vt 0.08904884 0.83624399
vt 0.12743200 0.83611381
vt 0.08542916 0.85818309
vt 0.08904884 0.83624399
vt 0.08542740 0.83202279
vt 0.13298701 0.86505121
vt 0.08542916 0.85818309
vt 0.08537344 0.86546898
vt 0.14222200 0.85888052
vt 0.13768803 0.83482242
vt 0.13767745 0.85537791
vt 0.13298701 0.82514536
vt 0.08542740 0.83202279
vt 0.50672716 0.81435460
vt 0.50672698 0.81435102
vt 0.50672716 0.81435084
vt 0.50672168 0.81435460
vt 0.50672060 0.81435084
vt 0.50672060 0.81435460
vt 0.13073041 0.83228922
vt 0.14223112 0.83130157
vt 0.13298701 0.82514536
vt 0.08932816 0.18347901
vt 0.10094661 0.14785743
vt 0.08932816 0.14785743
vt 0.13072716 0.85791510
vt 0.14222200 0.85888052
vt 0.13767745 0.85537791
vt 0.08654882 0.13807803
vt 0.03791880 0.10602307
vt 0.03791880 0.13807803
vt 0.50672716 0.81434637
vt 0.50672179 0.81435037
vt 0.50672716 0.81435037
vt 0.08251885 0.82300520
vt 0.12451042 0.81495345
vt 0.09064453 0.81495345
vt 0.13263591 0.82300520
vt 0.12451805 0.80059838
vt 0.12451042 0.81495345
vt 0.13264541 0.79251808
vt 0.09063669 0.80059838
vt 0.12451805 0.80059838
vt 0.09063669 0.80059838
vt 0.08251885 0.82300520
vt 0.09064453 0.81495345
vt 0.07351939 0.04413384
vt 0.04279491 0.02576423
vt 0.04279491 0.04413384
vt 0.50672668 0.81433856
vt 0.50672299 0.81434077
vt 0.50672668 0.81434077
vt 0.09087664 0.74597919
vt 0.11050764 0.73924506
vt 0.09767278 0.73924506
vt 0.11730361 0.74597895
vt 0.11051403 0.72728670
vt 0.11050764 0.73924506
vt 0.11051403 0.72728670
vt 0.09086879 0.72052872
vt 0.09766631 0.72728670
vt 0.09766631 0.72728670
vt 0.09087664 0.74597919
vt 0.09767278 0.73924506
vt 0.14557047 0.04413384
vt 0.11484599 0.02576423
vt 0.11484599 0.04413384
vt 0.50671959 0.81433856
vt 0.50671589 0.81434077
vt 0.50671959 0.81434077
vt 0.15251078 0.74597919
vt 0.17214163 0.73924506
vt 0.15930685 0.73924506
vt 0.17893775 0.74597895
vt 0.17214818 0.72728670
vt 0.17214163 0.73924506
vt 0.17894551 0.72052813
vt 0.15930034 0.72728670
vt 0.17214818 0.72728670
vt 0.15930034 0.72728670
vt 0.15251078 0.74597919
vt 0.15930685 0.73924506
vt 0.18777274 0.04413384
vt 0.15704837 0.02576423
vt 0.15704837 0.04413384
vt 0.50671548 0.81433856
vt 0.50671172 0.81434077
vt 0.50671548 0.81434077
vt 0.18861167 0.74597919
vt 0.20824257 0.73924506
vt 0.19540781 0.73924506
vt 0.21503864 0.74597895
vt 0.20824905 0.72728670
vt 0.20824257 0.73924506
vt 0.20824905 0.72728670
vt 0.18860380 0.72052872
vt 0.19540133 0.72728670
vt 0.19540133 0.72728670
vt 0.18861167 0.74597919
vt 0.19540781 0.73924506
vt 0.23150064 0.04413384
vt 0.20077628 0.02576423
vt 0.20077628 0.04413384
vt 0.50671107 0.81433856
vt 0.50670737 0.81434077
vt 0.50671107 0.81434077
vt 0.22601756 0.74597919
vt 0.24564824 0.73924506
vt 0.23281339 0.73924506
vt 0.25244433 0.74597895
vt 0.24565485 0.72728670
vt 0.24564824 0.73924506
vt 0.25245237 0.72052813
vt 0.23280692 0.72728670
vt 0.24565485 0.72728670
vt 0.23280692 0.72728670
vt 0.22601756 0.74597919
vt 0.23281339 0.73924506
vt 0.27494097 0.04413384
vt 0.24421659 0.02576423
vt 0.24421659 0.04413384
vt 0.50670677 0.81433856
vt 0.50670314 0.81434077
vt 0.50670677 0.81434077
vt 0.26317719 0.74597895
vt 0.28280821 0.73924506
vt 0.26997340 0.73924506
vt 0.28960416 0.74597919
vt 0.28281462 0.72728670
vt 0.28280821 0.73924506
vt 0.28961214 0.72052872
vt 0.26996681 0.72728670
vt 0.28281462 0.72728670
vt 0.26996681 0.72728670
vt 0.26317719 0.74597895
vt 0.26997340 0.73924506
vt 0.33672547 0.04413384
vt 0.30600086 0.02576423
vt 0.30600086 0.04413384
vt 0.50670063 0.81433856
vt 0.50669700 0.81434077
vt 0.50670063 0.81434077
vt 0.31602901 0.74597895
vt 0.33565983 0.73924506
vt 0.32282493 0.73924506
vt 0.34245595 0.74597919
vt 0.33566639 0.72728670
vt 0.33565983 0.73924506
vt 0.34246391 0.72052813
vt 0.32281867 0.72728670
vt 0.33566639 0.72728670
vt 0.32281867 0.72728670
vt 0.31602901 0.74597895
vt 0.32282493 0.73924506
vt 0.37892771 0.04413384
vt 0.34820333 0.02576423
vt 0.34820333 0.04413384
vt 0.50669640 0.81433856
vt 0.50669271 0.81434077
vt 0.50669640 0.81434077
vt 0.35212988 0.74597919
vt 0.37176079 0.73924506
vt 0.35892594 0.73924506
vt 0.37855676 0.74597919
vt 0.37176728 0.72728670
vt 0.37176079 0.73924506
vt 0.37856477 0.72052872
vt 0.35891965 0.72728670
vt 0.37176728 0.72728670
vt 0.35891965 0.72728670
vt 0.35212988 0.74597919
vt 0.35892594 0.73924506
vt 0.42265564 0.04413384
vt 0.39193127 0.02576423
vt 0.39193127 0.04413384
vt 0.50669211 0.81433856
vt 0.50668842 0.81434077
vt 0.50669211 0.81434077
vt 0.38953575 0.74597919
vt 0.40916640 0.73924506
vt 0.39633164 0.73924506
vt 0.41596261 0.74597895
vt 0.40917307 0.72728670
vt 0.40916640 0.73924506
vt 0.41597047 0.72052813
vt 0.39632532 0.72728670
vt 0.40917307 0.72728670
vt 0.39632532 0.72728670
vt 0.38953575 0.74597919
vt 0.39633164 0.73924506
vt 0.46609598 0.04413384
vt 0.43537161 0.02576423
vt 0.43537161 0.04413384
vt 0.50668782 0.81433856
vt 0.50668406 0.81434077
vt 0.50668782 0.81434077
vt 0.42669564 0.74597919
vt 0.44632632 0.73924506
vt 0.43349159 0.73924506
vt 0.45312253 0.74597895
vt 0.44633305 0.72728670
vt 0.44632632 0.73924506
vt 0.44633305 0.72728670
vt 0.42668769 0.72052872
vt 0.43348509 0.72728670
vt 0.43348509 0.72728670
vt 0.42669564 0.74597919
vt 0.43349159 0.73924506
vt 0.52284199 0.04413384
vt 0.49211735 0.02576423
vt 0.49211735 0.04413384
vt 0.50668216 0.81433856
vt 0.50667840 0.81434077
vt 0.50668216 0.81434077
vt 0.47523701 0.74597895
vt 0.49486798 0.73924506
vt 0.48203310 0.73924506
vt 0.50166416 0.74597919
vt 0.49487460 0.72728670
vt 0.49486798 0.73924506
vt 0.50167209 0.72052813
vt 0.48202679 0.72728670
vt 0.49487460 0.72728670
vt 0.48202679 0.72728670
vt 0.47523701 0.74597895
vt 0.48203310 0.73924506
vt 0.56504422 0.04413384
vt 0.53431988 0.02576423
vt 0.53431988 0.04413384
vt 0.50667799 0.81433856
vt 0.50667423 0.81434077
vt 0.50667799 0.81434077
vt 0.51133800 0.74597895
vt 0.53096902 0.73924506
vt 0.51813400 0.73924506
vt 0.53776503 0.74597919
vt 0.53097546 0.72728670
vt 0.53096902 0.73924506
vt 0.53777289 0.72052872
vt 0.51812774 0.72728670
vt 0.53097546 0.72728670
vt 0.51812774 0.72728670
vt 0.51133800 0.74597895
vt 0.51813400 0.73924506
vt 0.60877216 0.04413384
vt 0.57804751 0.02576423
vt 0.57804751 0.04413384
vt 0.50667363 0.81433856
vt 0.50666988 0.81434077
vt 0.50667363 0.81434077
vt 0.54874372 0.74597895
vt 0.56837463 0.73924506
vt 0.55553991 0.73924506
vt 0.57517081 0.74597919
vt 0.56838131 0.72728670
vt 0.56837463 0.73924506
vt 0.57517868 0.72052872
vt 0.55553359 0.72728670
vt 0.56838131 0.72728670
vt 0.55553359 0.72728670
vt 0.54874372 0.74597895
vt 0.55553991 0.73924506
vt 0.65221250 0.04413384
vt 0.62148792 0.02576423
vt 0.62148792 0.04413384
vt 0.50666934 0.81433856
vt 0.50666559 0.81434077
vt 0.50666934 0.81434077
vt 0.58590376 0.74597895
vt 0.60553449 0.73924506
vt 0.59269977 0.73924506
vt 0.61233062 0.74597895
vt 0.60554105 0.72728670
vt 0.60553449 0.73924506
vt 0.61233848 0.72052813
vt 0.59269321 0.72728670
vt 0.60554105 0.72728670
vt 0.59269321 0.72728670
vt 0.58590376 0.74597895
vt 0.59269977 0.73924506
vt 0.70168239 0.04413384
vt 0.67095804 0.02576423
vt 0.67095804 0.04413384
vt 0.50666445 0.81433856
vt 0.50666076 0.81434077
vt 0.50666445 0.81434077
vt 0.62822157 0.74597919
vt 0.64785236 0.73924506
vt 0.63501769 0.73924506
vt 0.65464836 0.74597895
vt 0.64785886 0.72728670
vt 0.64785236 0.73924506
vt 0.64785886 0.72728670
vt 0.62821364 0.72052872
vt 0.63501108 0.72728670
vt 0.63501108 0.72728670
vt 0.62822157 0.74597919
vt 0.63501769 0.73924506
vt 0.74405539 0.04413384
vt 0.71333081 0.02576423
vt 0.71333081 0.04413384
vt 0.50666016 0.81433856
vt 0.50665653 0.81434077
vt 0.50666016 0.81434077
vt 0.66446817 0.74597919
vt 0.68409908 0.73924506
vt 0.67126417 0.73924506
vt 0.69089502 0.74597919
vt 0.68410546 0.72728670
vt 0.68409908 0.73924506
vt 0.68410546 0.72728670
vt 0.66446024 0.72052872
vt 0.67125762 0.72728670
vt 0.67125762 0.72728670
vt 0.66446817 0.74597919
vt 0.67126417 0.73924506
vt 0.78678399 0.04413384
vt 0.75605965 0.02576423
vt 0.75605965 0.04413384
vt 0.50665599 0.81433856
vt 0.50665230 0.81434077
vt 0.50665599 0.81434077
vt 0.70101923 0.74597919
vt 0.72065026 0.73924506
vt 0.70781511 0.73924506
vt 0.72744608 0.74597895
vt 0.72065687 0.72728670
vt 0.72065026 0.73924506
vt 0.72745413 0.72052813
vt 0.70780897 0.72728670
vt 0.72065687 0.72728670
vt 0.70780897 0.72728670
vt 0.70101923 0.74597919
vt 0.70781511 0.73924506
vt 0.85309988 0.01877856
vt 0.85309988 0.01711482
vt 0.85258365 0.01719654
vt 0.85211796 0.01743376
vt 0.85174829 0.01780325
vt 0.85151106 0.01826870
vt 0.85142940 0.01878476
vt 0.85151106 0.01930070
vt 0.85174829 0.01976627
vt 0.85211796 0.02013594
vt 0.85258365 0.02037317
vt 0.85309988 0.02045470
vt 0.85361624 0.02037317
vt 0.85408175 0.02013594
vt 0.85445136 0.01976627
vt 0.85468864 0.01930070
vt 0.85477018 0.01878476
vt 0.85468864 0.01826870
vt 0.85445136 0.01780325
vt 0.85408175 0.01743376
vt 0.85361624 0.01719654
vt 0.85309988 0.01562625
vt 0.85211796 0.01578164
vt 0.85123241 0.01623291
vt 0.85052913 0.01693571
vt 0.85007793 0.01782113
vt 0.84992254 0.01880264
vt 0.85007793 0.01978439
vt 0.85052913 0.02066982
vt 0.85123241 0.02137262
vt 0.85211796 0.02182376
vt 0.85309988 0.02197939
vt 0.85408175 0.02182376
vt 0.85496753 0.02137262
vt 0.85567051 0.02066982
vt 0.85612178 0.01978439
vt 0.85627735 0.01880264
vt 0.85612178 0.01782113
vt 0.85567051 0.01693571
vt 0.85496753 0.01623291
vt 0.85408175 0.01578164
vt 0.85309988 0.01445872
vt 0.85174829 0.01467258
vt 0.85052913 0.01529372
vt 0.84956175 0.01626074
vt 0.84894067 0.01747960
vt 0.84872657 0.01883072
vt 0.84894067 0.02018189
vt 0.84956175 0.02140051
vt 0.85052913 0.02236766
vt 0.85174829 0.02298886
vt 0.85309988 0.02320290
vt 0.85445136 0.02298886
vt 0.85567051 0.02236766
vt 0.85663790 0.02140051
vt 0.85725927 0.02018189
vt 0.85747331 0.01883072
vt 0.85725927 0.01747960
vt 0.85663790 0.01626074
vt 0.85567051 0.01529372
vt 0.85445136 0.01467258
vt 0.85309988 0.01372623
vt 0.85151106 0.01397771
vt 0.85007793 0.01470786
vt 0.84894067 0.01584500
vt 0.84821045 0.01727772
vt 0.84795874 0.01886600
vt 0.84821045 0.02045423
vt 0.84894067 0.02188700
vt 0.85007793 0.02302414
vt 0.85151106 0.02375394
vt 0.85309988 0.02400577
vt 0.85468864 0.02375394
vt 0.85612178 0.02302414
vt 0.85725927 0.02188700
vt 0.85798943 0.02045423
vt 0.85824114 0.01886600
vt 0.85798943 0.01727772
vt 0.85725927 0.01584500
vt 0.85612178 0.01470786
vt 0.85468864 0.01397771
vt 0.85309988 0.01350081
vt 0.85142940 0.01376528
vt 0.84992254 0.01453286
vt 0.84872657 0.01572841
vt 0.84795874 0.01723480
vt 0.84769410 0.01890504
vt 0.84795874 0.02057499
vt 0.84872657 0.02208155
vt 0.84992254 0.02327716
vt 0.85142940 0.02404475
vt 0.85309988 0.02430910
vt 0.85477018 0.02404475
vt 0.85627735 0.02327716
vt 0.85747331 0.02208155
vt 0.85824114 0.02057499
vt 0.85850555 0.01890504
vt 0.85824114 0.01723480
vt 0.85747331 0.01572841
vt 0.85627735 0.01453286
vt 0.85477018 0.01376528
vt 0.85309988 0.01380432
vt 0.85151106 0.01405573
vt 0.85007793 0.01478606
vt 0.84894067 0.01592308
vt 0.84821045 0.01735568
vt 0.84795874 0.01894408
vt 0.84821045 0.02053231
vt 0.84894067 0.02196503
vt 0.85007793 0.02310216
vt 0.85151106 0.02383214
vt 0.85309988 0.02408367
vt 0.85468864 0.02383214
vt 0.85612178 0.02310216
vt 0.85725927 0.02196503
vt 0.85798943 0.02053231
vt 0.85824114 0.01894408
vt 0.85798943 0.01735568
vt 0.85725927 0.01592308
vt 0.85612178 0.01478606
vt 0.85468864 0.01405573
vt 0.85309988 0.01460719
vt 0.85174829 0.01482105
vt 0.85052913 0.01544219
vt 0.84956175 0.01640946
vt 0.84894067 0.01762819
vt 0.84872657 0.01897931
vt 0.84894067 0.02033037
vt 0.84956175 0.02154905
vt 0.85052913 0.02251649
vt 0.85174829 0.02313733
vt 0.85309988 0.02335131
vt 0.85445136 0.02313733
vt 0.85567051 0.02251649
vt 0.85663790 0.02154905
vt 0.85725927 0.02033037
vt 0.85747331 0.01897931
vt 0.85725927 0.01762819
vt 0.85663790 0.01640946
vt 0.85567051 0.01544219
vt 0.85445136 0.01482105
vt 0.85309988 0.01583076
vt 0.85211796 0.01598603
vt 0.85123241 0.01643741
vt 0.85052913 0.01714009
vt 0.85007793 0.01802540
vt 0.84992254 0.01900715
vt 0.85007793 0.01998878
vt 0.85052913 0.02087438
vt 0.85123241 0.02157706
vt 0.85211796 0.02202839
vt 0.85309988 0.02218378
vt 0.85408175 0.02202839
vt 0.85496753 0.02157706
vt 0.85567051 0.02087438
vt 0.85612178 0.01998878
vt 0.85627735 0.01900715
vt 0.85612178 0.01802540
vt 0.85567051 0.01714009
vt 0.85496753 0.01643741
vt 0.85408175 0.01598603
vt 0.85309988 0.01735520
vt 0.85258365 0.01743680
vt 0.85211796 0.01767415
vt 0.85174829 0.01804352
vt 0.85151106 0.01850909
vt 0.85142940 0.01902515
vt 0.85151106 0.01954108
vt 0.85174829 0.02000666
vt 0.85211796 0.02037632
vt 0.85258365 0.02061355
vt 0.85309988 0.02069515
vt 0.85361624 0.02061355
vt 0.85408175 0.02037632
vt 0.85445136 0.02000666
vt 0.85468864 0.01954108
vt 0.85477018 0.01902515
vt 0.85468864 0.01850909
vt 0.85445136 0.01804352
vt 0.85408175 0.01767415
vt 0.85361624 0.01743680
vt 0.85309988 0.01903147
vt 0.97189730 0.09696728
vt 0.93835348 0.06491244
vt 0.93835348 0.09696728
vt 0.50663787 0.81434238
vt 0.50663388 0.81434613
vt 0.50663787 0.81434613
vt 0.85377824 0.78957617
vt 0.87991279 0.78059697
vt 0.86284047 0.78059697
vt 0.88897473 0.78957617
vt 0.87992173 0.76460803
vt 0.87991279 0.78059697
vt 0.88898540 0.75559646
vt 0.86283141 0.76460803
vt 0.87992173 0.76460803
vt 0.86283141 0.76460803
vt 0.85377824 0.78957617
vt 0.86284047 0.78059697
vt 0.70712149 0.22856474
vt 0.50666010 0.81435859
vt 0.66248041 0.92957532
vt 0.66249073 0.89559585
vt 0.62727273 0.89559585
vt 0.62727273 0.89559585
vt 0.50697011 0.10572702
vt 0.50667995 0.81434637
vt 0.49126619 0.82449162
vt 0.49127680 0.79051238
vt 0.45605874 0.79051238
vt 0.45605874 0.79051238
vt 0.54891038 0.10572702
vt 0.50667584 0.81434637
vt 0.52714288 0.82449162
vt 0.52715331 0.79051238
vt 0.52715331 0.79051238
vt 0.49193549 0.79051238
vt 0.59002954 0.10572702
vt 0.50667173 0.81434637
vt 0.52712029 0.82449162
vt 0.56232774 0.79051238
vt 0.52710968 0.79051238
vt 0.52710968 0.79051238
vt 0.38109484 0.10572702
vt 0.50669247 0.81434637
vt 0.38358971 0.82449162
vt 0.38360032 0.79051238
vt 0.34838226 0.79051238
vt 0.34838226 0.79051238
vt 0.42303512 0.10572702
vt 0.50668830 0.81434637
vt 0.41946647 0.82449162
vt 0.41947699 0.79051238
vt 0.38425866 0.79051238
vt 0.38425866 0.79051238
vt 0.46415424 0.10572702
vt 0.50668424 0.81434637
vt 0.45464078 0.82449162
vt 0.45465127 0.79051238
vt 0.45465127 0.79051238
vt 0.41943321 0.79051238
vt 0.25402367 0.10572702
vt 0.50670505 0.81434637
vt 0.27489033 0.82449162
vt 0.27490094 0.79051238
vt 0.23968272 0.79051238
vt 0.23968272 0.79051238
vt 0.29596394 0.10572702
vt 0.50670093 0.81434637
vt 0.31076705 0.82449162
vt 0.31077763 0.79051238
vt 0.27555934 0.79051238
vt 0.27555934 0.79051238
vt 0.33708331 0.10572702
vt 0.50669688 0.81434637
vt 0.34594128 0.82449162
vt 0.34595186 0.79051238
vt 0.34595186 0.79051238
vt 0.31073377 0.79051238
vt 0.12768367 0.10572702
vt 0.50671762 0.81434637
vt 0.16681625 0.82449162
vt 0.16682686 0.79051238
vt 0.13160871 0.79051238
vt 0.13160871 0.79051238
vt 0.16962385 0.10572702
vt 0.50671345 0.81434637
vt 0.16749580 0.82449162
vt 0.20270339 0.79051238
vt 0.16748522 0.79051238
vt 0.16748522 0.79051238
vt 0.21074320 0.10572702
vt 0.50670934 0.81434637
vt 0.23786709 0.82449162
vt 0.23787779 0.79051238
vt 0.20265952 0.79051238
vt 0.20265952 0.79051238
vt 0.51811421 0.14824790
vt 0.50667888 0.81435061
vt 0.46560219 0.86086547
vt 0.50080973 0.82688570
vt 0.46559161 0.82688570
vt 0.46559161 0.82688570
vt 0.56005454 0.14824790
vt 0.50667471 0.81435061
vt 0.53667599 0.86086565
vt 0.53668630 0.82688570
vt 0.53668630 0.82688570
vt 0.50146842 0.82688570
vt 0.60117364 0.14824790
vt 0.50667065 0.81435061
vt 0.57185024 0.86086547
vt 0.57186085 0.82688570
vt 0.53664267 0.82688570
vt 0.53664267 0.82688570
vt 0.39223897 0.14824790
vt 0.50669140 0.81435061
vt 0.35792586 0.86086565
vt 0.39313337 0.82688570
vt 0.35791528 0.82688570
vt 0.35791528 0.82688570
vt 0.43417925 0.14824790
vt 0.50668722 0.81435061
vt 0.42899942 0.86086565
vt 0.42900985 0.82688570
vt 0.42900985 0.82688570
vt 0.39379179 0.82688570
vt 0.47529864 0.14824790
vt 0.50668311 0.81435061
vt 0.46417382 0.86086547
vt 0.46418428 0.82688570
vt 0.42896625 0.82688570
vt 0.42896625 0.82688570
vt 0.26516801 0.14824790
vt 0.50670397 0.81435061
vt 0.28442326 0.86086547
vt 0.28443384 0.82688570
vt 0.24921578 0.82688570
vt 0.24921578 0.82688570
vt 0.30710807 0.14824790
vt 0.50669980 0.81435061
vt 0.32029995 0.86086565
vt 0.32031044 0.82688570
vt 0.28509232 0.82688570
vt 0.28509232 0.82688570
vt 0.34822741 0.14824790
vt 0.50669575 0.81435061
vt 0.32027730 0.86086565
vt 0.35548475 0.82688570
vt 0.32026669 0.82688570
vt 0.32026669 0.82688570
vt 0.13882789 0.14824790
vt 0.50671649 0.81435061
vt 0.17634921 0.86086565
vt 0.17635970 0.82688570
vt 0.14114164 0.82688570
vt 0.14114164 0.82688570
vt 0.18076795 0.14824790
vt 0.50671238 0.81435061
vt 0.21222582 0.86086547
vt 0.21223640 0.82688570
vt 0.21223640 0.82688570
vt 0.17701834 0.82688570
vt 0.22188734 0.14824790
vt 0.50670820 0.81435061
vt 0.24740016 0.86086547
vt 0.24741063 0.82688570
vt 0.21219257 0.82688570
vt 0.21219257 0.82688570
vt 0.53636634 0.19072258
vt 0.50667709 0.81435484
vt 0.51641232 0.89720178
vt 0.51642287 0.86322206
vt 0.51642287 0.86322206
vt 0.48120481 0.86322206
vt 0.41049105 0.19072258
vt 0.50668955 0.81435484
vt 0.40873593 0.89720178
vt 0.40874654 0.86322206
vt 0.37352836 0.86322206
vt 0.37352836 0.86322206
vt 0.45243135 0.19072258
vt 0.50668544 0.81435484
vt 0.44461256 0.89720178
vt 0.44462305 0.86322206
vt 0.40940508 0.86322206
vt 0.40940508 0.86322206
vt 0.49355048 0.19072258
vt 0.50668132 0.81435484
vt 0.47978702 0.89720178
vt 0.47979748 0.86322206
vt 0.44457930 0.86322206
vt 0.44457930 0.86322206
vt 0.28341991 0.19072258
vt 0.50670213 0.81435484
vt 0.30003652 0.89720178
vt 0.30004701 0.86322206
vt 0.26482874 0.86322206
vt 0.26482874 0.86322206
vt 0.32536018 0.19072258
vt 0.50669801 0.81435484
vt 0.33591300 0.89720178
vt 0.33592361 0.86322206
vt 0.33592361 0.86322206
vt 0.30070552 0.86322206
vt 0.36647931 0.19072258
vt 0.50669396 0.81435484
vt 0.37108746 0.89720178
vt 0.37109807 0.86322206
vt 0.37109807 0.86322206
vt 0.33587998 0.86322206
vt 0.15707980 0.19072258
vt 0.50671470 0.81435484
vt 0.19196233 0.89720178
vt 0.19197285 0.86322206
vt 0.15675479 0.86322206
vt 0.15675479 0.86322206
vt 0.19902007 0.19072258
vt 0.50671059 0.81435484
vt 0.22783896 0.89720178
vt 0.22784954 0.86322206
vt 0.19263139 0.86322206
vt 0.19263139 0.86322206
vt 0.24013922 0.19072258
vt 0.50670648 0.81435484
vt 0.22781630 0.89720178
vt 0.26302376 0.86322206
vt 0.22780572 0.86322206
vt 0.22780572 0.86322206
vt 0.48846072 0.06433320
vt 0.50668186 0.81434238
vt 0.47543302 0.78908056
vt 0.47544348 0.75510108
vt 0.44022533 0.75510108
vt 0.44022533 0.75510108
vt 0.53040093 0.06433320
vt 0.50667763 0.81434238
vt 0.51130950 0.78908056
vt 0.51131999 0.75510132
vt 0.47610196 0.75510108
vt 0.47610196 0.75510108
vt 0.57152015 0.06433320
vt 0.50667357 0.81434238
vt 0.51128703 0.78908056
vt 0.54649431 0.75510108
vt 0.51127642 0.75510108
vt 0.51127642 0.75510108
vt 0.36258546 0.06433320
vt 0.50669438 0.81434238
vt 0.36775637 0.78908056
vt 0.36776695 0.75510108
vt 0.33254886 0.75510108
vt 0.33254886 0.75510108
vt 0.40452573 0.06433320
vt 0.50669014 0.81434238
vt 0.40363297 0.78908056
vt 0.40364358 0.75510132
vt 0.36842552 0.75510132
vt 0.36842552 0.75510132
vt 0.44564486 0.06433320
vt 0.50668603 0.81434238
vt 0.43880740 0.78908056
vt 0.43881789 0.75510108
vt 0.43881789 0.75510108
vt 0.40359974 0.75510108
vt 0.23551428 0.06433320
vt 0.50670689 0.81434238
vt 0.25905693 0.78908056
vt 0.25906751 0.75510108
vt 0.25906751 0.75510108
vt 0.22384937 0.75510108
vt 0.27745456 0.06433320
vt 0.50670278 0.81434238
vt 0.29493356 0.78908056
vt 0.29494417 0.75510108
vt 0.25972587 0.75510108
vt 0.25972587 0.75510108
vt 0.31857389 0.06433320
vt 0.50669867 0.81434238
vt 0.33010805 0.78908056
vt 0.33011848 0.75510108
vt 0.33011848 0.75510108
vt 0.29490042 0.75510108
vt 0.11163758 0.06433320
vt 0.50671929 0.81434238
vt 0.11789300 0.78908056
vt 0.15310065 0.75510108
vt 0.11788248 0.75510108
vt 0.11788248 0.75510108
vt 0.15292726 0.06433320
vt 0.50671512 0.81434238
vt 0.18841016 0.78908056
vt 0.18842086 0.75510108
vt 0.18842086 0.75510108
vt 0.15320262 0.75510108
vt 0.19391689 0.06433320
vt 0.50671101 0.81434238
vt 0.22347352 0.78908056
vt 0.22348410 0.75510108
vt 0.22348410 0.75510108
vt 0.18826586 0.75510108
vt 0.07030474 0.06433320
vt 0.50672328 0.81434238
vt 0.08253601 0.78908056
vt 0.11774349 0.75510108
vt 0.08252551 0.75510108
vt 0.08252551 0.75510108
vt 0.70366192 0.06287152
vt 0.50666052 0.81434214
vt 0.65952075 0.78783023
vt 0.65953135 0.75385058
vt 0.62431329 0.75385058
vt 0.62431329 0.75385058
vt 0.74874365 0.06287152
vt 0.50665605 0.81434214
vt 0.66288787 0.78783023
vt 0.69809544 0.75385058
vt 0.66287732 0.75385058
vt 0.66287732 0.75385058
vt 0.79333955 0.06287152
vt 0.50665158 0.81434214
vt 0.70103586 0.78783023
vt 0.73624372 0.75385058
vt 0.70102561 0.75385058
vt 0.70102561 0.75385058
vt 0.70366192 0.10833824
vt 0.50666052 0.81434661
vt 0.65952075 0.82672584
vt 0.65953135 0.79274642
vt 0.62431329 0.79274642
vt 0.62431329 0.79274642
vt 0.74874365 0.10833824
vt 0.50665605 0.81434661
vt 0.66288787 0.82672584
vt 0.69809544 0.79274642
vt 0.66287732 0.79274642
vt 0.66287732 0.79274642
vt 0.79333955 0.10833824
vt 0.50665158 0.81434661
vt 0.70103604 0.82672584
vt 0.73624372 0.79274642
vt 0.70102561 0.79274642
vt 0.70102561 0.79274642
vt 0.75032884 0.22856474
vt 0.50665587 0.81435859
vt 0.69944072 0.92957532
vt 0.69945151 0.89559585
vt 0.69945151 0.89559585
vt 0.66423327 0.89559585
vt 0.79380709 0.22856474
vt 0.50665152 0.81435859
vt 0.70143610 0.92957532
vt 0.73664361 0.89559585
vt 0.70142543 0.89559585
vt 0.70142543 0.89559585
vt 0.75032884 0.18451726
vt 0.50665587 0.81435418
vt 0.69944072 0.89189392
vt 0.69945151 0.85791421
vt 0.69945151 0.85791421
vt 0.66423327 0.85791421
vt 0.84711885 0.06491244
vt 0.50664628 0.81434238
vt 0.78223711 0.78957617
vt 0.78224748 0.75559646
vt 0.74702972 0.75559646
vt 0.74702972 0.75559646
vt 0.88905925 0.06491244
vt 0.50664204 0.81434238
vt 0.81811351 0.78957617
vt 0.81812412 0.75559646
vt 0.78290623 0.75559646
vt 0.78290623 0.75559646
vt 0.93017840 0.06491244
vt 0.50663799 0.81434238
vt 0.85328799 0.78957617
vt 0.85329866 0.75559646
vt 0.81808054 0.75559646
vt 0.81808054 0.75559646
vt 0.84711885 0.10544616
vt 0.50664628 0.81434637
vt 0.78223711 0.82425153
vt 0.78224748 0.79027247
vt 0.74702972 0.79027247
vt 0.74702972 0.79027247
vt 0.88905925 0.10544616
vt 0.50664204 0.81434637
vt 0.81811351 0.82425177
vt 0.81812412 0.79027247
vt 0.78290623 0.79027206
vt 0.78290623 0.79027206
vt 0.93017840 0.10544616
vt 0.50663799 0.81434637
vt 0.85328799 0.82425153
vt 0.85329866 0.79027247
vt 0.85329866 0.79027247
vt 0.81808054 0.79027247
vt 0.84711885 0.14645380
vt 0.50664628 0.81435037
vt 0.78223711 0.85933065
vt 0.78224748 0.82535112
vt 0.74702972 0.82535112
vt 0.74702972 0.82535112
vt 0.88905925 0.14645380
vt 0.50664204 0.81435037
vt 0.81811351 0.85933065
vt 0.81812412 0.82535112
vt 0.78290623 0.82535112
vt 0.78290623 0.82535112
vt 0.93017840 0.14645380
vt 0.50663799 0.81435037
vt 0.85328799 0.85933065
vt 0.85329866 0.82535112
vt 0.85329866 0.82535112
vt 0.81808037 0.82535112
vt 0.84711885 0.18741703
vt 0.50664628 0.81435460
vt 0.78223711 0.89437407
vt 0.78224748 0.86039460
vt 0.74702972 0.86039460
vt 0.74702972 0.86039460
vt 0.88905925 0.18741703
vt 0.50664204 0.81435460
vt 0.81811351 0.89437407
vt 0.81812412 0.86039460
vt 0.78290623 0.86039460
vt 0.78290623 0.86039460
vt 0.93017840 0.18741703
vt 0.50663799 0.81435460
vt 0.85328799 0.89437407
vt 0.85329866 0.86039460
vt 0.85329866 0.86039460
vt 0.81808054 0.86039460
vt 0.93017840 0.22803146
vt 0.50663799 0.81435859
vt 0.85328799 0.92911917
vt 0.85329866 0.89513922
vt 0.85329866 0.89513922
vt 0.81808054 0.89513922
vt 0.88700294 0.22803146
vt 0.50664234 0.81435859
vt 0.81533200 0.93022037
vt 0.81534314 0.89403695
vt 0.81534314 0.89403695
vt 0.74809587 0.89403695
vt 0.97165918 0.10563606
vt 0.50663781 0.81435442
vt 0.88965094 0.85894936
vt 0.85346937 0.79171610
vt 0.85346937 0.79171610
vt 0.85346937 0.85894936
vt 0.97159964 0.18741947
vt 0.50663781 0.81436265
vt 0.88959992 0.86167610
vt 0.85341877 0.86167610
vt 0.85341877 0.92890918
vt 0.85341877 0.92890918
vt 0.65271747 0.06429285
vt 0.50666553 0.81434238
vt 0.61491936 0.79014742
vt 0.61493063 0.75396442
vt 0.54768306 0.75396442
vt 0.54768306 0.75396442
vt 0.65271747 0.19037455
vt 0.50666553 0.81435484
vt 0.61444873 0.89851230
vt 0.61446011 0.86131489
vt 0.52061784 0.86131489
vt 0.52061784 0.86131489
vt 0.43253070 0.23130840
vt 0.50668734 0.81435883
vt 0.42520010 0.93449503
vt 0.42521226 0.89536732
vt 0.42521226 0.89536732
vt 0.21451749 0.89536732
vt 0.65501231 0.23136240
vt 0.50666535 0.81435883
vt 0.56520396 0.93264854
vt 0.61728454 0.89730811
vt 0.56519318 0.89730811
vt 0.56519318 0.89730811
vt 0.59233087 0.23136240
vt 0.50667155 0.81435883
vt 0.56497210 0.93070972
vt 0.56498206 0.89924872
vt 0.51865762 0.89924872
vt 0.51865762 0.89924872
vt 0.54049188 0.23136240
vt 0.50667679 0.81435883
vt 0.52062786 0.93070972
vt 0.52063787 0.89924872
vt 0.47431332 0.89924872
vt 0.47431332 0.89924872
vt 0.48740232 0.23136240
vt 0.50668204 0.81435883
vt 0.47521389 0.93070972
vt 0.47522381 0.89924872
vt 0.42889926 0.89924872
vt 0.42889926 0.89924872
vt 0.17991652 0.23136240
vt 0.50671256 0.81435883
vt 0.21255454 0.93016905
vt 0.21256404 0.89978963
vt 0.21256404 0.89978963
vt 0.16784827 0.89978963
vt 0.13031085 0.23136240
vt 0.50671744 0.81435883
vt 0.17012087 0.93016905
vt 0.17013025 0.89978963
vt 0.12541458 0.89978963
vt 0.12541458 0.89978963
vt 0.08009598 0.23136240
vt 0.50672239 0.81435883
vt 0.12716587 0.93016905
vt 0.12717538 0.89978963
vt 0.08245960 0.89978963
vt 0.08245960 0.89978963
vt 0.11465839 0.19072258
vt 0.50671893 0.81435484
vt 0.15567413 0.89720178
vt 0.15568462 0.86322206
vt 0.12046652 0.86322206
vt 0.12046652 0.86322206
vt 0.60120910 0.10572702
vt 0.50667042 0.81435037
vt 0.56087273 0.82112682
vt 0.61353314 0.79327410
vt 0.61353314 0.79327410
vt 0.56539428 0.79134113
vt 0.50667042 0.81435037
vt 0.61564970 0.85683334
vt 0.56539428 0.79134113
vt 0.50666547 0.81435037
vt 0.50666547 0.81435442
vt 0.50667042 0.81435442
vt 0.62257093 0.82356352
vt 0.60750514 0.82224429
vt 0.60655081 0.84722447
vt 0.60976589 0.13778198
vt 0.60976589 0.17948610
vt 0.65306926 0.17948610
vt 0.56392407 0.82914025
vt 0.57599258 0.85940599
vt 0.58330739 0.84843600
vt 0.07376922 0.19088912
vt 0.50672305 0.81435484
vt 0.12181023 0.89548683
vt 0.12181965 0.86522865
vt 0.08240327 0.86522865
vt 0.08240327 0.86522865
vt 0.08789054 0.14966810
vt 0.50672168 0.81435084
vt 0.12742870 0.85410815
vt 0.13073041 0.83228922
vt 0.08905140 0.85398060
vt 0.13072716 0.85791510
vt 0.14223112 0.83130157
vt 0.08537344 0.82473159
vt 0.50672698 0.81435442
vt 0.50672168 0.81435460
vt 0.50672168 0.81435084
vt 0.50672060 0.81435084
vt 0.13073041 0.83228922
vt 0.13768803 0.83482242
vt 0.14223112 0.83130157
vt 0.08932816 0.18347901
vt 0.10094661 0.18347901
vt 0.10094661 0.14785743
vt 0.13072716 0.85791510
vt 0.13298701 0.86505121
vt 0.14222200 0.85888052
vt 0.08654882 0.10602307
vt 0.50672179 0.81434637
vt 0.13263591 0.82300520
vt 0.13264541 0.79251808
vt 0.08250943 0.79251808
vt 0.08250943 0.79251808
vt 0.07351939 0.02576423
vt 0.50672299 0.81433856
vt 0.11730361 0.74597895
vt 0.11731155 0.72052813
vt 0.11731155 0.72052813
vt 0.09086879 0.72052872
vt 0.14557047 0.02576423
vt 0.50671589 0.81433856
vt 0.17893775 0.74597895
vt 0.17894551 0.72052813
vt 0.15250294 0.72052872
vt 0.15250294 0.72052872
vt 0.18777274 0.02576423
vt 0.50671172 0.81433856
vt 0.21503864 0.74597895
vt 0.21504636 0.72052813
vt 0.21504636 0.72052813
vt 0.18860380 0.72052872
vt 0.23150064 0.02576423
vt 0.50670737 0.81433856
vt 0.25244433 0.74597895
vt 0.25245237 0.72052813
vt 0.22600959 0.72052872
vt 0.22600959 0.72052872
vt 0.27494097 0.02576423
vt 0.50670314 0.81433856
vt 0.28960416 0.74597919
vt 0.28961214 0.72052872
vt 0.26316956 0.72052813
vt 0.26316956 0.72052813
vt 0.33672547 0.02576423
vt 0.50669700 0.81433856
vt 0.34245595 0.74597919
vt 0.34246391 0.72052813
vt 0.31602114 0.72052813
vt 0.31602114 0.72052813
vt 0.37892771 0.02576423
vt 0.50669271 0.81433856
vt 0.37855676 0.74597919
vt 0.37856477 0.72052872
vt 0.35212216 0.72052872
vt 0.35212216 0.72052872
vt 0.42265564 0.02576423
vt 0.50668842 0.81433856
vt 0.41596261 0.74597895
vt 0.41597047 0.72052813
vt 0.38952780 0.72052872
vt 0.38952780 0.72052872
vt 0.46609598 0.02576423
vt 0.50668406 0.81433856
vt 0.45312253 0.74597895
vt 0.45313033 0.72052813
vt 0.45313033 0.72052813
vt 0.42668769 0.72052872
vt 0.52284199 0.02576423
vt 0.50667840 0.81433856
vt 0.50166416 0.74597919
vt 0.50167209 0.72052813
vt 0.47522941 0.72052813
vt 0.47522941 0.72052813
vt 0.56504422 0.02576423
vt 0.50667423 0.81433856
vt 0.53776503 0.74597919
vt 0.53777289 0.72052872
vt 0.51133025 0.72052813
vt 0.51133025 0.72052813
vt 0.60877216 0.02576423
vt 0.50666988 0.81433856
vt 0.57517081 0.74597919
vt 0.57517868 0.72052872
vt 0.54873616 0.72052813
vt 0.54873616 0.72052813
vt 0.65221250 0.02576423
vt 0.50666559 0.81433856
vt 0.61233062 0.74597895
vt 0.61233848 0.72052813
vt 0.58589590 0.72052813
vt 0.58589590 0.72052813
vt 0.70168239 0.02576423
vt 0.50666076 0.81433856
vt 0.65464836 0.74597895
vt 0.65465635 0.72052813
vt 0.65465635 0.72052813
vt 0.62821364 0.72052872
vt 0.74405539 0.02576423
vt 0.50665653 0.81433856
vt 0.69089502 0.74597919
vt 0.69090283 0.72052872
vt 0.69090283 0.72052872
vt 0.66446024 0.72052872
vt 0.78678399 0.02576423
vt 0.50665230 0.81433856
vt 0.72744608 0.74597895
vt 0.72745413 0.72052813
vt 0.70101136 0.72052872
vt 0.70101136 0.72052872
vt 0.97189730 0.06491244
vt 0.50663388 0.81434238
vt 0.88897473 0.78957617
vt 0.88898540 0.75559646
vt 0.85376769 0.75559646
vt 0.85376769 0.75559646
f 1/1 2/2 3/3
f 3/3 4/4 1/1
f 5/5 6/6 7/7
f 7/7 8/8 5/5
f 9/9 10/10 11/11
f 11/11 12/12 9/9
f 13/13 14/14 15/15
f 15/15 16/16 13/13
f 17/17 18/18 19/19
f 19/19 20/20 17/17
f 21/21 22/22 23/23
f 23/23 24/24 21/21
f 25/25 26/26 27/27
f 27/27 28/28 25/25
f 22/22 21/21 5/5
f 5/5 8/8 22/22
f 28/28 27/27 29/29
f 29/29 30/30 28/28
f 31/31 20/20 19/19
f 19/19 32/32 31/31
f 33/33 34/34 35/35
f 35/35 36/36 33/33
f 37/37 38/38 39/39
f 39/39 40/40 37/37
f 41/41 42/42 43/43
f 43/43 44/44 41/41
f 14/14 13/13 40/40
f 40/40 39/39 14/14
f 45/45 46/46 44/44
f 44/44 43/43 45/45
f 30/30 29/29 47/47
f 47/47 48/48 30/30
f 33/33 49/49 50/50
f 50/50 34/34 33/33
f 51/51 46/46 45/45
f 45/45 52/52 51/51
f 53/53 54/54 55/55
f 55/55 56/56 53/53
f 57/57 58/58 59/59
f 59/59 60/60 57/57
f 61/61 62/62 63/63
f 63/63 64/64 61/61
f 47/47 57/57 60/60
f 60/60 48/48 47/47
f 6/6 63/63 62/62
f 62/62 7/7 6/6
f 65/65 55/55 54/54
f 54/54 66/66 65/65
f 9/9 67/67 68/68
f 68/68 10/10 9/9
f 69/69 70/70 71/71
f 71/71 72/72 69/69
f 73/73 74/74 75/75
f 75/75 76/76 73/73
f 72/72 51/51 52/52
f 52/52 69/69 72/72
f 76/76 16/16 15/15
f 15/15 73/73 76/76
f 77/77 78/78 79/79
f 79/79 80/80 77/77
f 81/81 82/82 83/83
f 83/83 84/84 81/81
f 85/85 86/86 87/87
f 87/87 88/88 85/85
f 89/89 90/90 91/91
f 91/91 92/92 89/89
f 93/93 94/94 95/95
f 95/95 96/96 93/93
f 97/97 98/98 99/99
f 99/99 100/100 97/97
f 101/101 102/102 103/103
f 103/103 104/104 101/101
f 105/105 106/106 107/107
f 107/107 108/108 105/105
f 109/109 110/110 111/111
f 111/111 112/112 109/109
f 113/113 114/114 115/115
f 115/115 116/116 113/113
f 117/117 118/118 119/119
f 119/119 120/120 117/117
f 121/121 122/122 123/123
f 123/123 124/124 121/121
f 125/125 126/126 127/127
f 127/127 128/128 125/125
f 129/129 130/130 131/131
f 131/131 132/132 129/129
f 133/133 134/134 135/135
f 135/135 136/136 133/133
f 137/137 138/138 139/139
f 139/139 140/140 137/137
f 141/141 142/142 143/143
f 143/143 144/144 141/141
f 145/145 146/146 147/147
f 147/147 148/148 145/145
f 149/149 150/150 151/151
f 151/151 152/152 149/149
f 153/153 154/154 155/155
f 155/155 156/156 153/153
f 157/157 158/158 159/159
f 159/159 160/160 157/157
f 161/161 162/162 163/163
f 163/163 164/164 161/161
f 165/165 166/166 167/167
f 167/167 168/168 165/165
f 169/169 170/170 171/171
f 171/171 172/172 169/169
f 173/173 174/174 175/175
f 175/175 176/176 173/173
f 177/177 178/178 179/179
f 179/179 180/180 177/177
f 181/181 182/182 183/183
f 183/183 184/184 181/181
f 185/185 186/186 187/187
f 187/187 188/188 185/185
f 189/189 190/190 191/191
f 191/191 192/192 189/189
f 193/193 194/194 195/195
f 195/195 196/196 193/193
f 197/197 198/198 199/199
f 199/199 200/200 197/197
f 201/201 202/202 203/203
f 203/203 204/204 201/201
f 205/205 206/206 207/207
f 207/207 208/208 205/205
f 209/209 210/210 211/211
f 211/211 212/212 209/209
f 213/213 214/214 215/215
f 215/215 216/216 213/213
f 217/217 218/218 219/219
f 219/219 220/220 217/217
f 221/221 222/222 223/223
f 223/223 224/224 221/221
f 225/225 226/226 227/227
f 227/227 228/228 225/225
f 229/229 230/230 231/231
f 231/231 232/232 229/229
f 233/233 234/234 235/235
f 235/235 236/236 233/233
f 237/237 238/238 239/239
f 239/239 240/240 237/237
f 241/241 242/242 243/243
f 243/243 244/244 241/241
f 245/245 246/246 247/247
f 247/247 248/248 245/245
f 249/249 250/250 251/251
f 251/251 252/252 249/249
f 253/253 254/254 255/255
f 255/255 256/256 253/253
f 257/257 258/258 259/259
f 259/259 260/260 257/257
f 261/261 262/262 263/263
f 263/263 264/264 261/261
f 265/265 266/266 267/267
f 267/267 268/268 265/265
f 30/30 48/48 60/60
f 60/60 28/28 30/30
f 25/25 28/28 60/60
f 60/60 59/59 25/25
f 269/269 270/270 271/271
f 271/271 272/272 269/269
f 273/273 274/274 275/275
f 275/275 276/276 273/273
f 275/275 277/277 278/278
f 278/278 276/276 275/275
f 277/277 275/275 279/279
f 279/279 280/280 277/277
f 281/281 278/278 277/277
f 277/277 280/280 281/281
f 280/280 282/282 283/283
f 283/283 281/281 280/280
f 284/284 283/283 282/282
f 282/282 285/285 284/284
f 286/286 284/284 285/285
f 285/285 287/287 286/286
f 288/288 286/286 287/287
f 287/287 289/289 288/288
f 290/290 288/288 289/289
f 289/289 291/291 290/290
f 292/292 293/293 294/294
f 292/292 294/294 290/290
f 292/292 290/290 291/291
f 295/295 296/296 297/297
f 295/295 297/297 294/294
f 295/295 294/294 293/293
f 298/298 299/299 300/300
f 298/298 300/300 297/297
f 298/298 297/297 296/296
f 301/301 302/302 303/303
f 301/301 303/303 300/300
f 301/301 300/300 299/299
f 304/304 303/303 302/302
f 302/302 305/305 304/304
f 306/306 304/304 305/305
f 305/305 307/307 306/306
f 308/308 306/306 307/307
f 307/307 309/309 308/308
f 310/310 308/308 309/309
f 309/309 311/311 310/310
f 312/312 310/310 311/311
f 311/311 313/313 312/312
f 314/314 312/312 313/313
f 313/313 315/315 314/314
f 316/316 317/317 314/314
f 314/314 315/315 316/316
f 318/318 319/319 317/317
f 317/317 316/316 318/318
f 320/320 321/321 319/319
f 319/319 318/318 320/320
f 322/322 323/323 321/321
f 321/321 320/320 322/322
f 324/324 325/325 323/323
f 323/323 322/322 324/324
f 326/326 327/327 325/325
f 325/325 324/324 326/326
f 328/328 329/329 330/330
f 328/328 330/330 327/327
f 328/328 327/327 326/326
f 331/331 332/332 333/333
f 331/331 333/333 330/330
f 331/331 330/330 329/329
f 334/334 335/335 336/336
f 334/334 336/336 333/333
f 334/334 333/333 332/332
f 337/337 338/338 339/339
f 337/337 339/339 336/336
f 337/337 336/336 335/335
f 340/340 341/341 339/339
f 339/339 338/338 340/340
f 342/342 343/343 341/341
f 341/341 340/340 342/342
f 344/344 345/345 343/343
f 343/343 342/342 344/344
f 274/274 273/273 345/345
f 345/345 344/344 274/274
f 345/345 273/273 346/346
f 346/346 347/347 345/345
f 348/348 349/349 350/350
f 350/350 346/346 348/348
f 351/351 349/349 348/348
f 348/348 352/352 351/351
f 353/353 351/351 352/352
f 352/352 354/354 353/353
f 352/352 278/278 281/281
f 281/281 354/354 352/352
f 354/354 355/355 356/356
f 356/356 353/353 354/354
f 357/357 356/356 355/355
f 355/355 358/358 357/357
f 357/357 358/358 359/359
f 359/359 360/360 357/357
f 360/360 359/359 361/361
f 361/361 362/362 360/360
f 363/363 362/362 361/361
f 361/361 364/364 363/363
f 365/365 363/363 364/364
f 364/364 366/366 365/365
f 367/367 365/365 366/366
f 366/366 368/368 367/367
f 294/294 297/297 368/368
f 368/368 366/366 294/294
f 367/367 368/368 369/369
f 369/369 370/370 367/367
f 297/297 300/300 369/369
f 369/369 368/368 297/297
f 370/370 369/369 371/371
f 371/371 372/372 370/370
f 300/300 303/303 371/371
f 371/371 369/369 300/300
f 372/372 371/371 373/373
f 373/373 374/374 372/372
f 374/374 373/373 375/375
f 375/375 376/376 374/374
f 375/375 377/377 378/378
f 378/378 376/376 375/375
f 378/378 377/377 379/379
f 379/379 380/380 378/378
f 380/380 379/379 381/381
f 381/381 382/382 380/380
f 383/383 382/382 381/381
f 381/381 384/384 383/383
f 383/383 384/384 385/385
f 385/385 386/386 383/383
f 386/386 385/385 387/387
f 387/387 388/388 386/386
f 388/388 387/387 389/389
f 389/389 390/390 388/388
f 390/390 389/389 391/391
f 391/391 392/392 390/390
f 393/393 392/392 391/391
f 391/391 394/394 393/393
f 394/394 395/395 396/396
f 396/396 393/393 394/394
f 396/396 395/395 397/397
f 397/397 398/398 396/396
f 327/327 330/330 397/397
f 397/397 395/395 327/327
f 399/399 398/398 397/397
f 397/397 400/400 399/399
f 330/330 333/333 400/400
f 400/400 397/397 330/330
f 399/399 400/400 401/401
f 401/401 402/402 399/399
f 333/333 336/336 401/401
f 401/401 400/400 333/333
f 402/402 401/401 403/403
f 403/403 404/404 402/402
f 404/404 403/403 405/405
f 405/405 406/406 404/404
f 406/406 405/405 407/407
f 407/407 408/408 406/406
f 409/409 408/408 407/407
f 407/407 347/347 409/409
f 343/343 345/345 347/347
f 347/347 407/407 343/343
f 409/409 347/347 346/346
f 346/346 350/350 409/409
f 409/409 350/350 410/410
f 410/410 411/411 409/409
f 412/412 410/410 350/350
f 350/350 349/349 412/412
f 413/413 414/414 415/415
f 415/415 412/412 413/413
f 416/416 414/414 413/413
f 413/413 417/417 416/416
f 418/418 416/416 417/417
f 417/417 419/419 418/418
f 417/417 353/353 356/356
f 356/356 419/419 417/417
f 420/420 421/421 418/418
f 418/418 419/419 420/420
f 421/421 420/420 422/422
f 422/422 423/423 421/421
f 424/424 423/423 422/422
f 422/422 425/425 424/424
f 424/424 425/425 426/426
f 426/426 427/427 424/424
f 428/428 427/427 426/426
f 426/426 429/429 428/428
f 428/428 429/429 430/430
f 430/430 431/431 428/428
f 432/432 431/431 430/430
f 430/430 433/433 432/432
f 433/433 434/434 435/435
f 435/435 432/432 433/433
f 436/436 435/435 434/434
f 434/434 437/437 436/436
f 438/438 436/436 437/437
f 437/437 439/439 438/438
f 438/438 439/439 440/440
f 440/440 441/441 438/438
f 442/442 441/441 440/440
f 440/440 443/443 442/442
f 444/444 442/442 443/443
f 443/443 445/445 444/444
f 444/444 445/445 446/446
f 446/446 447/447 444/444
f 448/448 447/447 446/446
f 446/446 449/449 448/448
f 448/448 449/449 450/450
f 450/450 451/451 448/448
f 452/452 451/451 450/450
f 450/450 453/453 452/452
f 452/452 453/453 454/454
f 454/454 455/455 452/452
f 456/456 455/455 454/454
f 454/454 457/457 456/456
f 456/456 457/457 458/458
f 458/458 459/459 456/456
f 393/393 396/396 458/458
f 458/458 457/457 393/393
f 460/460 459/459 458/458
f 458/458 461/461 460/460
f 462/462 460/460 461/461
f 461/461 463/463 462/462
f 464/464 462/462 463/463
f 463/463 465/465 464/464
f 464/464 465/465 466/466
f 466/466 467/467 464/464
f 466/466 468/468 469/469
f 469/469 467/467 466/466
f 470/470 469/469 468/468
f 468/468 471/471 470/470
f 472/472 470/470 471/471
f 471/471 411/411 472/472
f 473/473 472/472 411/411
f 411/411 410/410 473/473
f 473/473 415/415 474/474
f 474/474 475/475 473/473
f 474/474 415/415 414/414
f 414/414 476/476 474/474
f 477/477 478/478 479/479
f 479/479 476/476 477/477
f 478/478 477/477 480/480
f 480/480 481/481 478/478
f 482/482 481/481 480/480
f 480/480 483/483 482/482
f 480/480 418/418 421/421
f 421/421 483/483 480/480
f 484/484 485/485 482/482
f 482/482 483/483 484/484
f 485/485 484/484 486/486
f 486/486 487/487 485/485
f 488/488 487/487 486/486
f 486/486 489/489 488/488
f 424/424 427/427 489/489
f 489/489 486/486 424/424
f 488/488 489/489 490/490
f 490/490 491/491 488/488
f 427/427 428/428 490/490
f 490/490 489/489 427/427
f 491/491 490/490 492/492
f 492/492 493/493 491/491
f 494/494 493/493 492/492
f 492/492 495/495 494/494
f 496/496 494/494 495/495
f 495/495 497/497 496/496
f 432/432 435/435 497/497
f 497/497 495/495 432/432
f 496/496 497/497 498/498
f 498/498 499/499 496/496
f 435/435 436/436 498/498
f 498/498 497/497 435/435
f 500/500 499/499 498/498
f 498/498 501/501 500/500
f 502/502 500/500 501/501
f 501/501 503/503 502/502
f 502/502 503/503 504/504
f 504/504 505/505 502/502
f 506/506 505/505 504/504
f 504/504 507/507 506/506
f 508/508 506/506 507/507
f 507/507 509/509 508/508
f 508/508 509/509 510/510
f 510/510 511/511 508/508
f 511/511 510/510 512/512
f 512/512 513/513 511/511
f 513/513 512/512 514/514
f 514/514 515/515 513/513
f 516/516 515/515 514/514
f 514/514 517/517 516/516
f 516/516 517/517 518/518
f 518/518 519/519 516/516
f 520/520 519/519 518/518
f 518/518 521/521 520/520
f 456/456 459/459 521/521
f 521/521 518/518 456/456
f 520/520 521/521 522/522
f 522/522 523/523 520/520
f 459/459 460/460 522/522
f 522/522 521/521 459/459
f 523/523 522/522 524/524
f 524/524 525/525 523/523
f 526/526 525/525 524/524
f 524/524 527/527 526/526
f 527/527 528/528 529/529
f 529/529 526/526 527/527
f 530/530 529/529 528/528
f 528/528 531/531 530/530
f 532/532 530/530 531/531
f 531/531 533/533 532/532
f 534/534 532/532 533/533
f 533/533 535/535 534/534
f 534/534 535/535 475/475
f 475/475 536/536 534/534
f 537/537 536/536 475/475
f 475/475 474/474 537/537
f 479/479 538/538 537/537
f 478/478 538/538 479/479
f 537/537 538/538 536/536
f 536/536 538/538 534/534
f 534/534 538/538 532/532
f 532/532 538/538 530/530
f 530/530 538/538 529/529
f 529/529 538/538 526/526
f 526/526 538/538 525/525
f 525/525 538/538 523/523
f 523/523 538/538 520/520
f 520/520 538/538 519/519
f 519/519 538/538 516/516
f 516/516 538/538 515/515
f 515/515 538/538 513/513
f 513/513 538/538 511/511
f 511/511 538/538 508/508
f 508/508 538/538 506/506
f 506/506 538/538 505/505
f 505/505 538/538 502/502
f 502/502 538/538 500/500
f 500/500 538/538 499/499
f 499/499 538/538 496/496
f 496/496 538/538 494/494
f 494/494 538/538 493/493
f 493/493 538/538 491/491
f 491/491 538/538 488/488
f 488/488 538/538 487/487
f 487/487 538/538 485/485
f 485/485 538/538 482/482
f 482/482 538/538 481/481
f 481/481 538/538 478/478
f 479/479 537/537 474/474
f 474/474 476/476 479/479
f 535/535 472/472 473/473
f 473/473 475/475 535/535
f 533/533 470/470 472/472
f 472/472 535/535 533/533
f 531/531 469/469 470/470
f 470/470 533/533 531/531
f 528/528 467/467 469/469
f 469/469 531/531 528/528
f 528/528 527/527 464/464
f 464/464 467/467 528/528
f 527/527 524/524 462/462
f 462/462 464/464 527/527
f 524/524 522/522 460/460
f 460/460 462/462 524/524
f 517/517 455/455 456/456
f 456/456 518/518 517/517
f 514/514 452/452 455/455
f 455/455 517/517 514/514
f 512/512 451/451 452/452
f 452/452 514/514 512/512
f 512/512 510/510 448/448
f 448/448 451/451 512/512
f 510/510 509/509 447/447
f 447/447 448/448 510/510
f 507/507 444/444 447/447
f 447/447 509/509 507/507
f 504/504 442/442 444/444
f 444/444 507/507 504/504
f 504/504 503/503 441/441
f 441/441 442/442 504/504
f 503/503 501/501 438/438
f 438/438 441/441 503/503
f 501/501 498/498 436/436
f 436/436 438/438 501/501
f 495/495 492/492 431/431
f 431/431 432/432 495/495
f 490/490 428/428 431/431
f 431/431 492/492 490/490
f 484/484 423/423 424/424
f 424/424 486/486 484/484
f 483/483 421/421 423/423
f 423/423 484/484 483/483
f 480/480 477/477 416/416
f 416/416 418/418 480/480
f 477/477 476/476 414/414
f 414/414 416/416 477/477
f 415/415 473/473 410/410
f 410/410 412/412 415/415
f 471/471 408/408 409/409
f 409/409 411/411 471/471
f 471/471 468/468 406/406
f 406/406 408/408 471/471
f 466/466 404/404 406/406
f 406/406 468/468 466/466
f 466/466 465/465 402/402
f 402/402 404/404 466/466
f 465/465 463/463 399/399
f 399/399 402/402 465/465
f 461/461 398/398 399/399
f 399/399 463/463 461/461
f 458/458 396/396 398/398
f 398/398 461/461 458/458
f 454/454 392/392 393/393
f 393/393 457/457 454/454
f 453/453 390/390 392/392
f 392/392 454/454 453/453
f 453/453 450/450 388/388
f 388/388 390/390 453/453
f 450/450 449/449 386/386
f 386/386 388/388 450/450
f 449/449 446/446 383/383
f 383/383 386/386 449/449
f 445/445 382/382 383/383
f 383/383 446/446 445/445
f 445/445 443/443 380/380
f 380/380 382/382 445/445
f 443/443 440/440 378/378
f 378/378 380/380 443/443
f 440/440 439/439 376/376
f 376/376 378/378 440/440
f 439/439 437/437 374/374
f 374/374 376/376 439/439
f 437/437 434/434 372/372
f 372/372 374/374 437/437
f 434/434 433/433 370/370
f 370/370 372/372 434/434
f 433/433 430/430 367/367
f 367/367 370/370 433/433
f 429/429 365/365 367/367
f 367/367 430/430 429/429
f 426/426 363/363 365/365
f 365/365 429/429 426/426
f 425/425 362/362 363/363
f 363/363 426/426 425/425
f 422/422 360/360 362/362
f 362/362 425/425 422/422
f 420/420 357/357 360/360
f 360/360 422/422 420/420
f 420/420 419/419 356/356
f 356/356 357/357 420/420
f 417/417 413/413 351/351
f 351/351 353/353 417/417
f 412/412 349/349 351/351
f 351/351 413/413 412/412
f 405/405 341/341 343/343
f 343/343 407/407 405/405
f 403/403 339/339 341/341
f 341/341 405/405 403/403
f 403/403 401/401 336/336
f 336/336 339/339 403/403
f 395/395 394/394 325/325
f 325/325 327/327 395/395
f 391/391 323/323 325/325
f 325/325 394/394 391/391
f 391/391 389/389 321/321
f 321/321 323/323 391/391
f 389/389 387/387 319/319
f 319/319 321/321 389/389
f 387/387 385/385 317/317
f 317/317 319/319 387/387
f 384/384 314/314 317/317
f 317/317 385/385 384/384
f 381/381 312/312 314/314
f 314/314 384/384 381/381
f 379/379 310/310 312/312
f 312/312 381/381 379/379
f 377/377 308/308 310/310
f 310/310 379/379 377/377
f 375/375 306/306 308/308
f 308/308 377/377 375/375
f 375/375 373/373 304/304
f 304/304 306/306 375/375
f 371/371 303/303 304/304
f 304/304 373/373 371/371
f 364/364 290/290 294/294
f 294/294 366/366 364/364
f 364/364 361/361 288/288
f 288/288 290/290 364/364
f 359/359 286/286 288/288
f 288/288 361/361 359/359
f 359/359 358/358 284/284
f 284/284 286/286 359/359
f 355/355 283/283 284/284
f 284/284 358/358 355/355
f 354/354 281/281 283/283
f 283/283 355/355 354/354
f 352/352 348/348 276/276
f 276/276 278/278 352/352
f 348/348 346/346 273/273
f 273/273 276/276 348/348
f 539/539 540/540 541/541
f 541/541 542/542 539/539
f 541/541 543/543 544/544
f 544/544 542/542 541/541
f 543/543 541/541 545/545
f 545/545 546/546 543/543
f 547/547 544/544 543/543
f 543/543 546/546 547/547
f 546/546 548/548 549/549
f 549/549 547/547 546/546
f 550/550 549/549 548/548
f 548/548 551/551 550/550
f 552/552 550/550 551/551
f 551/551 553/553 552/552
f 554/554 552/552 553/553
f 553/553 555/555 554/554
f 556/556 554/554 555/555
f 555/555 557/557 556/556
f 558/558 559/559 560/560
f 558/558 560/560 556/556
f 558/558 556/556 557/557
f 561/561 562/562 563/563
f 561/561 563/563 560/560
f 561/561 560/560 559/559
f 564/564 565/565 566/566
f 564/564 566/566 563/563
f 564/564 563/563 562/562
f 567/567 568/568 569/569
f 567/567 569/569 566/566
f 567/567 566/566 565/565
f 570/570 569/569 568/568
f 568/568 571/571 570/570
f 572/572 570/570 571/571
f 571/571 573/573 572/572
f 574/574 572/572 573/573
f 573/573 575/575 574/574
f 576/576 574/574 575/575
f 575/575 577/577 576/576
f 578/578 576/576 577/577
f 577/577 579/579 578/578
f 580/580 578/578 579/579
f 579/579 581/581 580/580
f 582/582 583/583 580/580
f 580/580 581/581 582/582
f 584/584 585/585 583/583
f 583/583 582/582 584/584
f 586/586 587/587 585/585
f 585/585 584/584 586/586
f 588/588 589/589 587/587
f 587/587 586/586 588/588
f 590/590 591/591 589/589
f 589/589 588/588 590/590
f 592/592 593/593 591/591
f 591/591 590/590 592/592
f 594/594 595/595 596/596
f 594/594 596/596 593/593
f 594/594 593/593 592/592
f 597/597 598/598 599/599
f 597/597 599/599 596/596
f 597/597 596/596 595/595
f 600/600 601/601 602/602
f 600/600 602/602 599/599
f 600/600 599/599 598/598
f 603/603 604/604 605/605
f 603/603 605/605 602/602
f 603/603 602/602 601/601
f 606/606 607/607 605/605
f 605/605 604/604 606/606
f 608/608 609/609 607/607
f 607/607 606/606 608/608
f 610/610 611/611 609/609
f 609/609 608/608 610/610
f 540/540 539/539 611/611
f 611/611 610/610 540/540
f 611/611 539/539 612/612
f 612/612 613/613 611/611
f 614/614 615/615 616/616
f 616/616 612/612 614/614
f 617/617 615/615 614/614
f 614/614 618/618 617/617
f 619/619 617/617 618/618
f 618/618 620/620 619/619
f 618/618 544/544 547/547
f 547/547 620/620 618/618
f 620/620 621/621 622/622
f 622/622 619/619 620/620
f 623/623 622/622 621/621
f 621/621 624/624 623/623
f 623/623 624/624 625/625
f 625/625 626/626 623/623
f 626/626 625/625 627/627
f 627/627 628/628 626/626
f 629/629 628/628 627/627
f 627/627 630/630 629/629
f 631/631 629/629 630/630
f 630/630 632/632 631/631
f 633/633 631/631 632/632
f 632/632 634/634 633/633
f 560/560 563/563 634/634
f 634/634 632/632 560/560
f 633/633 634/634 635/635
f 635/635 636/636 633/633
f 563/563 566/566 635/635
f 635/635 634/634 563/563
f 636/636 635/635 637/637
f 637/637 638/638 636/636
f 566/566 569/569 637/637
f 637/637 635/635 566/566
f 638/638 637/637 639/639
f 639/639 640/640 638/638
f 640/640 639/639 641/641
f 641/641 642/642 640/640
f 641/641 643/643 644/644
f 644/644 642/642 641/641
f 644/644 643/643 645/645
f 645/645 646/646 644/644
f 646/646 645/645 647/647
f 647/647 648/648 646/646
f 649/649 648/648 647/647
f 647/647 650/650 649/649
f 649/649 650/650 651/651
f 651/651 652/652 649/649
f 652/652 651/651 653/653
f 653/653 654/654 652/652
f 654/654 653/653 655/655
f 655/655 656/656 654/654
f 656/656 655/655 657/657
f 657/657 658/658 656/656
f 659/659 658/658 657/657
f 657/657 660/660 659/659
f 660/660 661/661 662/662
f 662/662 659/659 660/660
f 662/662 661/661 663/663
f 663/663 664/664 662/662
f 593/593 596/596 663/663
f 663/663 661/661 593/593
f 665/665 664/664 663/663
f 663/663 666/666 665/665
f 596/596 599/599 666/666
f 666/666 663/663 596/596
f 665/665 666/666 667/667
f 667/667 668/668 665/665
f 599/599 602/602 667/667
f 667/667 666/666 599/599
f 668/668 667/667 669/669
f 669/669 670/670 668/668
f 670/670 669/669 671/671
f 671/671 672/672 670/670
f 672/672 671/671 673/673
f 673/673 674/674 672/672
f 675/675 674/674 673/673
f 673/673 613/613 675/675
f 609/609 611/611 613/613
f 613/613 673/673 609/609
f 675/675 613/613 612/612
f 612/612 616/616 675/675
f 675/675 616/616 676/676
f 676/676 677/677 675/675
f 678/678 676/676 616/616
f 616/616 615/615 678/678
f 679/679 680/680 681/681
f 681/681 678/678 679/679
f 682/682 680/680 679/679
f 679/679 683/683 682/682
f 684/684 682/682 683/683
f 683/683 685/685 684/684
f 683/683 619/619 622/622
f 622/622 685/685 683/683
f 686/686 687/687 684/684
f 684/684 685/685 686/686
f 687/687 686/686 688/688
f 688/688 689/689 687/687
f 690/690 689/689 688/688
f 688/688 691/691 690/690
f 690/690 691/691 692/692
f 692/692 693/693 690/690
f 694/694 693/693 692/692
f 692/692 695/695 694/694
f 694/694 695/695 696/696
f 696/696 697/697 694/694
f 698/698 697/697 696/696
f 696/696 699/699 698/698
f 699/699 700/700 701/701
f 701/701 698/698 699/699
f 702/702 701/701 700/700
f 700/700 703/703 702/702
f 704/704 702/702 703/703
f 703/703 705/705 704/704
f 704/704 705/705 706/706
f 706/706 707/707 704/704
f 708/708 707/707 706/706
f 706/706 709/709 708/708
f 710/710 708/708 709/709
f 709/709 711/711 710/710
f 710/710 711/711 712/712
f 712/712 713/713 710/710
f 714/714 713/713 712/712
f 712/712 715/715 714/714
f 714/714 715/715 716/716
f 716/716 717/717 714/714
f 718/718 717/717 716/716
f 716/716 719/719 718/718
f 718/718 719/719 720/720
f 720/720 721/721 718/718
f 722/722 721/721 720/720
f 720/720 723/723 722/722
f 722/722 723/723 724/724
f 724/724 725/725 722/722
f 659/659 662/662 724/724
f 724/724 723/723 659/659
f 726/726 725/725 724/724
f 724/724 727/727 726/726
f 728/728 726/726 727/727
f 727/727 729/729 728/728
f 730/730 728/728 729/729
f 729/729 731/731 730/730
f 730/730 731/731 732/732
f 732/732 733/733 730/730
f 732/732 734/734 735/735
f 735/735 733/733 732/732
f 736/736 735/735 734/734
f 734/734 737/737 736/736
f 738/738 736/736 737/737
f 737/737 677/677 738/738
f 739/739 738/738 677/677
f 677/677 676/676 739/739
f 739/739 681/681 740/740
f 740/740 741/741 739/739
f 740/740 681/681 680/680
f 680/680 742/742 740/740
f 743/743 744/744 745/745
f 745/745 742/742 743/743
f 744/744 743/743 746/746
f 746/746 747/747 744/744
f 748/748 747/747 746/746
f 746/746 749/749 748/748
f 746/746 684/684 687/687
f 687/687 749/749 746/746
f 750/750 751/751 748/748
f 748/748 749/749 750/750
f 751/751 750/750 752/752
f 752/752 753/753 751/751
f 754/754 753/753 752/752
f 752/752 755/755 754/754
f 690/690 693/693 755/755
f 755/755 752/752 690/690
f 754/754 755/755 756/756
f 756/756 757/757 754/754
f 693/693 694/694 756/756
f 756/756 755/755 693/693
f 757/757 756/756 758/758
f 758/758 759/759 757/757
f 760/760 759/759 758/758
f 758/758 761/761 760/760
f 762/762 760/760 761/761
f 761/761 763/763 762/762
f 698/698 701/701 763/763
f 763/763 761/761 698/698
f 762/762 763/763 764/764
f 764/764 765/765 762/762
f 701/701 702/702 764/764
f 764/764 763/763 701/701
f 766/766 765/765 764/764
f 764/764 767/767 766/766
f 768/768 766/766 767/767
f 767/767 769/769 768/768
f 768/768 769/769 770/770
f 770/770 771/771 768/768
f 772/772 771/771 770/770
f 770/770 773/773 772/772
f 774/774 772/772 773/773
f 773/773 775/775 774/774
f 774/774 775/775 776/776
f 776/776 777/777 774/774
f 777/777 776/776 778/778
f 778/778 779/779 777/777
f 779/779 778/778 780/780
f 780/780 781/781 779/779
f 782/782 781/781 780/780
f 780/780 783/783 782/782
f 782/782 783/783 784/784
f 784/784 785/785 782/782
f 786/786 785/785 784/784
f 784/784 787/787 786/786
f 722/722 725/725 787/787
f 787/787 784/784 722/722
f 786/786 787/787 788/788
f 788/788 789/789 786/786
f 725/725 726/726 788/788
f 788/788 787/787 725/725
f 789/789 788/788 790/790
f 790/790 791/791 789/789
f 792/792 791/791 790/790
f 790/790 793/793 792/792
f 793/793 794/794 795/795
f 795/795 792/792 793/793
f 796/796 795/795 794/794
f 794/794 797/797 796/796
f 798/798 796/796 797/797
f 797/797 799/799 798/798
f 800/800 798/798 799/799
f 799/799 801/801 800/800
f 800/800 801/801 741/741
f 741/741 802/802 800/800
f 803/803 802/802 741/741
f 741/741 740/740 803/803
f 745/745 804/804 803/803
f 744/744 804/804 745/745
f 803/803 804/804 802/802
f 802/802 804/804 800/800
f 800/800 804/804 798/798
f 798/798 804/804 796/796
f 796/796 804/804 795/795
f 795/795 804/804 792/792
f 792/792 804/804 791/791
f 791/791 804/804 789/789
f 789/789 804/804 786/786
f 786/786 804/804 785/785
f 785/785 804/804 782/782
f 782/782 804/804 781/781
f 781/781 804/804 779/779
f 779/779 804/804 777/777
f 777/777 804/804 774/774
f 774/774 804/804 772/772
f 772/772 804/804 771/771
f 771/771 804/804 768/768
f 768/768 804/804 766/766
f 766/766 804/804 765/765
f 765/765 804/804 762/762
f 762/762 804/804 760/760
f 760/760 804/804 759/759
f 759/759 804/804 757/757
f 757/757 804/804 754/754
f 754/754 804/804 753/753
f 753/753 804/804 751/751
f 751/751 804/804 748/748
f 748/748 804/804 747/747
f 747/747 804/804 744/744
f 745/745 803/803 740/740
f 740/740 742/742 745/745
f 801/801 738/738 739/739
f 739/739 741/741 801/801
f 799/799 736/736 738/738
f 738/738 801/801 799/799
f 797/797 735/735 736/736
f 736/736 799/799 797/797
f 794/794 733/733 735/735
f 735/735 797/797 794/794
f 794/794 793/793 730/730
f 730/730 733/733 794/794
f 793/793 790/790 728/728
f 728/728 730/730 793/793
f 790/790 788/788 726/726
f 726/726 728/728 790/790
f 783/783 721/721 722/722
f 722/722 784/784 783/783
f 780/780 718/718 721/721
f 721/721 783/783 780/780
f 778/778 717/717 718/718
f 718/718 780/780 778/778
f 778/778 776/776 714/714
f 714/714 717/717 778/778
f 776/776 775/775 713/713
f 713/713 714/714 776/776
f 773/773 710/710 713/713
f 713/713 775/775 773/773
f 770/770 708/708 710/710
f 710/710 773/773 770/770
f 770/770 769/769 707/707
f 707/707 708/708 770/770
f 769/769 767/767 704/704
f 704/704 707/707 769/769
f 767/767 764/764 702/702
f 702/702 704/704 767/767
f 761/761 758/758 697/697
f 697/697 698/698 761/761
f 756/756 694/694 697/697
f 697/697 758/758 756/756
f 750/750 689/689 690/690
f 690/690 752/752 750/750
f 749/749 687/687 689/689
f 689/689 750/750 749/749
f 746/746 743/743 682/682
f 682/682 684/684 746/746
f 743/743 742/742 680/680
f 680/680 682/682 743/743
f 681/681 739/739 676/676
f 676/676 678/678 681/681
f 737/737 674/674 675/675
f 675/675 677/677 737/737
f 737/737 734/734 672/672
f 672/672 674/674 737/737
f 732/732 670/670 672/672
f 672/672 734/734 732/732
f 732/732 731/731 668/668
f 668/668 670/670 732/732
f 731/731 729/729 665/665
f 665/665 668/668 731/731
f 727/727 664/664 665/665
f 665/665 729/729 727/727
f 724/724 662/662 664/664
f 664/664 727/727 724/724
f 720/720 658/658 659/659
f 659/659 723/723 720/720
f 719/719 656/656 658/658
f 658/658 720/720 719/719
f 719/719 716/716 654/654
f 654/654 656/656 719/719
f 716/716 715/715 652/652
f 652/652 654/654 716/716
f 715/715 712/712 649/649
f 649/649 652/652 715/715
f 711/711 648/648 649/649
f 649/649 712/712 711/711
f 711/711 709/709 646/646
f 646/646 648/648 711/711
f 709/709 706/706 644/644
f 644/644 646/646 709/709
f 706/706 705/705 642/642
f 642/642 644/644 706/706
f 705/705 703/703 640/640
f 640/640 642/642 705/705
f 703/703 700/700 638/638
f 638/638 640/640 703/703
f 700/700 699/699 636/636
f 636/636 638/638 700/700
f 699/699 696/696 633/633
f 633/633 636/636 699/699
f 695/695 631/631 633/633
f 633/633 696/696 695/695
f 692/692 629/629 631/631
f 631/631 695/695 692/692
f 691/691 628/628 629/629
f 629/629 692/692 691/691
f 688/688 626/626 628/628
f 628/628 691/691 688/688
f 686/686 623/623 626/626
f 626/626 688/688 686/686
f 686/686 685/685 622/622
f 622/622 623/623 686/686
f 683/683 679/679 617/617
f 617/617 619/619 683/683
f 678/678 615/615 617/617
f 617/617 679/679 678/678
f 671/671 607/607 609/609
f 609/609 673/673 671/671
f 669/669 605/605 607/607
f 607/607 671/671 669/669
f 669/669 667/667 602/602
f 602/602 605/605 669/669
f 661/661 660/660 591/591
f 591/591 593/593 661/661
f 657/657 589/589 591/591
f 591/591 660/660 657/657
f 657/657 655/655 587/587
f 587/587 589/589 657/657
f 655/655 653/653 585/585
f 585/585 587/587 655/655
f 653/653 651/651 583/583
f 583/583 585/585 653/653
f 650/650 580/580 583/583
f 583/583 651/651 650/650
f 647/647 578/578 580/580
f 580/580 650/650 647/647
f 645/645 576/576 578/578
f 578/578 647/647 645/645
f 643/643 574/574 576/576
f 576/576 645/645 643/643
f 641/641 572/572 574/574
f 574/574 643/643 641/641
f 641/641 639/639 570/570
f 570/570 572/572 641/641
f 637/637 569/569 570/570
f 570/570 639/639 637/637
f 630/630 556/556 560/560
f 560/560 632/632 630/630
f 630/630 627/627 554/554
f 554/554 556/556 630/630
f 625/625 552/552 554/554
f 554/554 627/627 625/625
f 625/625 624/624 550/550
f 550/550 552/552 625/625
f 621/621 549/549 550/550
f 550/550 624/624 621/621
f 620/620 547/547 549/549
f 549/549 621/621 620/620
f 618/618 614/614 542/542
f 542/542 544/544 618/618
f 614/614 612/612 539/539
f 539/539 542/542 614/614
f 805/805 806/806 807/807
f 807/807 808/808 805/805
f 807/807 809/809 810/810
f 810/810 808/808 807/807
f 809/809 807/807 811/811
f 811/811 812/812 809/809
f 813/813 810/810 809/809
f 809/809 812/812 813/813
f 812/812 814/814 815/815
f 815/815 813/813 812/812
f 816/816 815/815 814/814
f 814/814 817/817 816/816
f 818/818 816/816 817/817
f 817/817 819/819 818/818
f 820/820 818/818 819/819
f 819/819 821/821 820/820
f 822/822 820/820 821/821
f 821/821 823/823 822/822
f 824/824 825/825 826/826
f 824/824 826/826 822/822
f 824/824 822/822 823/823
f 827/827 828/828 829/829
f 827/827 829/829 826/826
f 827/827 826/826 825/825
f 830/830 831/831 832/832
f 830/830 832/832 829/829
f 830/830 829/829 828/828
f 833/833 834/834 835/835
f 833/833 835/835 832/832
f 833/833 832/832 831/831
f 836/836 835/835 834/834
f 834/834 837/837 836/836
f 838/838 836/836 837/837
f 837/837 839/839 838/838
f 840/840 838/838 839/839
f 839/839 841/841 840/840
f 842/842 840/840 841/841
f 841/841 843/843 842/842
f 844/844 842/842 843/843
f 843/843 845/845 844/844
f 846/846 844/844 845/845
f 845/845 847/847 846/846
f 848/848 849/849 846/846
f 846/846 847/847 848/848
f 850/850 851/851 849/849
f 849/849 848/848 850/850
f 852/852 853/853 851/851
f 851/851 850/850 852/852
f 854/854 855/855 853/853
f 853/853 852/852 854/854
f 856/856 857/857 855/855
f 855/855 854/854 856/856
f 858/858 859/859 857/857
f 857/857 856/856 858/858
f 860/860 861/861 862/862
f 860/860 862/862 859/859
f 860/860 859/859 858/858
f 863/863 864/864 865/865
f 863/863 865/865 862/862
f 863/863 862/862 861/861
f 866/866 867/867 868/868
f 866/866 868/868 865/865
f 866/866 865/865 864/864
f 869/869 870/870 871/871
f 869/869 871/871 868/868
f 869/869 868/868 867/867
f 872/872 873/873 871/871
f 871/871 870/870 872/872
f 874/874 875/875 873/873
f 873/873 872/872 874/874
f 876/876 877/877 875/875
f 875/875 874/874 876/876
f 806/806 805/805 877/877
f 877/877 876/876 806/806
f 877/877 805/805 878/878
f 878/878 879/879 877/877
f 880/880 881/881 882/882
f 882/882 878/878 880/880
f 883/883 881/881 880/880
f 880/880 884/884 883/883
f 885/885 883/883 884/884
f 884/884 886/886 885/885
f 884/884 810/810 813/813
f 813/813 886/886 884/884
f 886/886 887/887 888/888
f 888/888 885/885 886/886
f 889/889 888/888 887/887
f 887/887 890/890 889/889
f 889/889 890/890 891/891
f 891/891 892/892 889/889
f 892/892 891/891 893/893
f 893/893 894/894 892/892
f 895/895 894/894 893/893
f 893/893 896/896 895/895
f 897/897 895/895 896/896
f 896/896 898/898 897/897
f 899/899 897/897 898/898
f 898/898 900/900 899/899
f 826/826 829/829 900/900
f 900/900 898/898 826/826
f 899/899 900/900 901/901
f 901/901 902/902 899/899
f 829/829 832/832 901/901
f 901/901 900/900 829/829
f 902/902 901/901 903/903
f 903/903 904/904 902/902
f 832/832 835/835 903/903
f 903/903 901/901 832/832
f 904/904 903/903 905/905
f 905/905 906/906 904/904
f 906/906 905/905 907/907
f 907/907 908/908 906/906
f 907/907 909/909 910/910
f 910/910 908/908 907/907
f 910/910 909/909 911/911
f 911/911 912/912 910/910
f 912/912 911/911 913/913
f 913/913 914/914 912/912
f 915/915 914/914 913/913
f 913/913 916/916 915/915
f 915/915 916/916 917/917
f 917/917 918/918 915/915
f 918/918 917/917 919/919
f 919/919 920/920 918/918
f 920/920 919/919 921/921
f 921/921 922/922 920/920
f 922/922 921/921 923/923
f 923/923 924/924 922/922
f 925/925 924/924 923/923
f 923/923 926/926 925/925
f 926/926 927/927 928/928
f 928/928 925/925 926/926
f 928/928 927/927 929/929
f 929/929 930/930 928/928
f 859/859 862/862 929/929
f 929/929 927/927 859/859
f 931/931 930/930 929/929
f 929/929 932/932 931/931
f 862/862 865/865 932/932
f 932/932 929/929 862/862
f 931/931 932/932 933/933
f 933/933 934/934 931/931
f 865/865 868/868 933/933
f 933/933 932/932 865/865
f 934/934 933/933 935/935
f 935/935 936/936 934/934
f 936/936 935/935 937/937
f 937/937 938/938 936/936
f 938/938 937/937 939/939
f 939/939 940/940 938/938
f 941/941 940/940 939/939
f 939/939 879/879 941/941
f 875/875 877/877 879/879
f 879/879 939/939 875/875
f 941/941 879/879 878/878
f 878/878 882/882 941/941
f 941/941 882/882 942/942
f 942/942 943/943 941/941
f 944/944 942/942 882/882
f 882/882 881/881 944/944
f 945/945 946/946 947/947
f 947/947 944/944 945/945
f 948/948 946/946 945/945
f 945/945 949/949 948/948
f 950/950 948/948 949/949
f 949/949 951/951 950/950
f 949/949 885/885 888/888
f 888/888 951/951 949/949
f 952/952 953/953 950/950
f 950/950 951/951 952/952
f 953/953 952/952 954/954
f 954/954 955/955 953/953
f 956/956 955/955 954/954
f 954/954 957/957 956/956
f 956/956 957/957 958/958
f 958/958 959/959 956/956
f 960/960 959/959 958/958
f 958/958 961/961 960/960
f 960/960 961/961 962/962
f 962/962 963/963 960/960
f 964/964 963/963 962/962
f 962/962 965/965 964/964
f 965/965 966/966 967/967
f 967/967 964/964 965/965
f 968/968 967/967 966/966
f 966/966 969/969 968/968
f 970/970 968/968 969/969
f 969/969 971/971 970/970
f 970/970 971/971 972/972
f 972/972 973/973 970/970
f 974/974 973/973 972/972
f 972/972 975/975 974/974
f 976/976 974/974 975/975
f 975/975 977/977 976/976
f 976/976 977/977 978/978
f 978/978 979/979 976/976
f 980/980 979/979 978/978
f 978/978 981/981 980/980
f 980/980 981/981 982/982
f 982/982 983/983 980/980
f 984/984 983/983 982/982
f 982/982 985/985 984/984
f 984/984 985/985 986/986
f 986/986 987/987 984/984
f 988/988 987/987 986/986
f 986/986 989/989 988/988
f 988/988 989/989 990/990
f 990/990 991/991 988/988
f 925/925 928/928 990/990
f 990/990 989/989 925/925
f 992/992 991/991 990/990
f 990/990 993/993 992/992
f 994/994 992/992 993/993
f 993/993 995/995 994/994
f 996/996 994/994 995/995
f 995/995 997/997 996/996
f 996/996 997/997 998/998
f 998/998 999/999 996/996
f 998/998 1000/1000 1001/1001
f 1001/1001 999/999 998/998
f 1002/1002 1001/1001 1000/1000
f 1000/1000 1003/1003 1002/1002
f 1004/1004 1002/1002 1003/1003
f 1003/1003 943/943 1004/1004
f 1005/1005 1004/1004 943/943
f 943/943 942/942 1005/1005
f 1005/1005 947/947 1006/1006
f 1006/1006 1007/1007 1005/1005
f 1006/1006 947/947 946/946
f 946/946 1008/1008 1006/1006
f 1009/1009 1010/1010 1011/1011
f 1011/1011 1008/1008 1009/1009
f 1010/1010 1009/1009 1012/1012
f 1012/1012 1013/1013 1010/1010
f 1014/1014 1013/1013 1012/1012
f 1012/1012 1015/1015 1014/1014
f 1012/1012 950/950 953/953
f 953/953 1015/1015 1012/1012
f 1016/1016 1017/1017 1014/1014
f 1014/1014 1015/1015 1016/1016
f 1017/1017 1016/1016 1018/1018
f 1018/1018 1019/1019 1017/1017
f 1020/1020 1019/1019 1018/1018
f 1018/1018 1021/1021 1020/1020
f 956/956 959/959 1021/1021
f 1021/1021 1018/1018 956/956
f 1020/1020 1021/1021 1022/1022
f 1022/1022 1023/1023 1020/1020
f 959/959 960/960 1022/1022
f 1022/1022 1021/1021 959/959
f 1023/1023 1022/1022 1024/1024
f 1024/1024 1025/1025 1023/1023
f 1026/1026 1025/1025 1024/1024
f 1024/1024 1027/1027 1026/1026
f 1028/1028 1026/1026 1027/1027
f 1027/1027 1029/1029 1028/1028
f 964/964 967/967 1029/1029
f 1029/1029 1027/1027 964/964
f 1028/1028 1029/1029 1030/1030
f 1030/1030 1031/1031 1028/1028
f 967/967 968/968 1030/1030
f 1030/1030 1029/1029 967/967
f 1032/1032 1031/1031 1030/1030
f 1030/1030 1033/1033 1032/1032
f 1034/1034 1032/1032 1033/1033
f 1033/1033 1035/1035 1034/1034
f 1034/1034 1035/1035 1036/1036
f 1036/1036 1037/1037 1034/1034
f 1038/1038 1037/1037 1036/1036
f 1036/1036 1039/1039 1038/1038
f 1040/1040 1038/1038 1039/1039
f 1039/1039 1041/1041 1040/1040
f 1040/1040 1041/1041 1042/1042
f 1042/1042 1043/1043 1040/1040
f 1043/1043 1042/1042 1044/1044
f 1044/1044 1045/1045 1043/1043
f 1045/1045 1044/1044 1046/1046
f 1046/1046 1047/1047 1045/1045
f 1048/1048 1047/1047 1046/1046
f 1046/1046 1049/1049 1048/1048
f 1048/1048 1049/1049 1050/1050
f 1050/1050 1051/1051 1048/1048
f 1052/1052 1051/1051 1050/1050
f 1050/1050 1053/1053 1052/1052
f 988/988 991/991 1053/1053
f 1053/1053 1050/1050 988/988
f 1052/1052 1053/1053 1054/1054
f 1054/1054 1055/1055 1052/1052
f 991/991 992/992 1054/1054
f 1054/1054 1053/1053 991/991
f 1055/1055 1054/1054 1056/1056
f 1056/1056 1057/1057 1055/1055
f 1058/1058 1057/1057 1056/1056
f 1056/1056 1059/1059 1058/1058
f 1059/1059 1060/1060 1061/1061
f 1061/1061 1058/1058 1059/1059
f 1062/1062 1061/1061 1060/1060
f 1060/1060 1063/1063 1062/1062
f 1064/1064 1062/1062 1063/1063
f 1063/1063 1065/1065 1064/1064
f 1066/1066 1064/1064 1065/1065
f 1065/1065 1067/1067 1066/1066
f 1066/1066 1067/1067 1007/1007
f 1007/1007 1068/1068 1066/1066
f 1069/1069 1068/1068 1007/1007
f 1007/1007 1006/1006 1069/1069
f 1011/1011 1070/1070 1069/1069
f 1010/1010 1070/1070 1011/1011
f 1069/1069 1070/1070 1068/1068
f 1068/1068 1070/1070 1066/1066
f 1066/1066 1070/1070 1064/1064
f 1064/1064 1070/1070 1062/1062
f 1062/1062 1070/1070 1061/1061
f 1061/1061 1070/1070 1058/1058
f 1058/1058 1070/1070 1057/1057
f 1057/1057 1070/1070 1055/1055
f 1055/1055 1070/1070 1052/1052
f 1052/1052 1070/1070 1051/1051
f 1051/1051 1070/1070 1048/1048
f 1048/1048 1070/1070 1047/1047
f 1047/1047 1070/1070 1045/1045
f 1045/1045 1070/1070 1043/1043
f 1043/1043 1070/1070 1040/1040
f 1040/1040 1070/1070 1038/1038
f 1038/1038 1070/1070 1037/1037
f 1037/1037 1070/1070 1034/1034
f 1034/1034 1070/1070 1032/1032
f 1032/1032 1070/1070 1031/1031
f 1031/1031 1070/1070 1028/1028
f 1028/1028 1070/1070 1026/1026
f 1026/1026 1070/1070 1025/1025
f 1025/1025 1070/1070 1023/1023
f 1023/1023 1070/1070 1020/1020
f 1020/1020 1070/1070 1019/1019
f 1019/1019 1070/1070 1017/1017
f 1017/1017 1070/1070 1014/1014
f 1014/1014 1070/1070 1013/1013
f 1013/1013 1070/1070 1010/1010
f 1011/1011 1069/1069 1006/1006
f 1006/1006 1008/1008 1011/1011
f 1067/1067 1004/1004 1005/1005
f 1005/1005 1007/1007 1067/1067
f 1065/1065 1002/1002 1004/1004
f 1004/1004 1067/1067 1065/1065
f 1063/1063 1001/1001 1002/1002
f 1002/1002 1065/1065 1063/1063
f 1060/1060 999/999 1001/1001
f 1001/1001 1063/1063 1060/1060
f 1060/1060 1059/1059 996/996
f 996/996 999/999 1060/1060
f 1059/1059 1056/1056 994/994
f 994/994 996/996 1059/1059
f 1056/1056 1054/1054 992/992
f 992/992 994/994 1056/1056
f 1049/1049 987/987 988/988
f 988/988 1050/1050 1049/1049
f 1046/1046 984/984 987/987
f 987/987 1049/1049 1046/1046
f 1044/1044 983/983 984/984
f 984/984 1046/1046 1044/1044
f 1044/1044 1042/1042 980/980
f 980/980 983/983 1044/1044
f 1042/1042 1041/1041 979/979
f 979/979 980/980 1042/1042
f 1039/1039 976/976 979/979
f 979/979 1041/1041 1039/1039
f 1036/1036 974/974 976/976
f 976/976 1039/1039 1036/1036
f 1036/1036 1035/1035 973/973
f 973/973 974/974 1036/1036
f 1035/1035 1033/1033 970/970
f 970/970 973/973 1035/1035
f 1033/1033 1030/1030 968/968
f 968/968 970/970 1033/1033
f 1027/1027 1024/1024 963/963
f 963/963 964/964 1027/1027
f 1022/1022 960/960 963/963
f 963/963 1024/1024 1022/1022
f 1016/1016 955/955 956/956
f 956/956 1018/1018 1016/1016
f 1015/1015 953/953 955/955
f 955/955 1016/1016 1015/1015
f 1012/1012 1009/1009 948/948
f 948/948 950/950 1012/1012
f 1009/1009 1008/1008 946/946
f 946/946 948/948 1009/1009
f 947/947 1005/1005 942/942
f 942/942 944/944 947/947
f 1003/1003 940/940 941/941
f 941/941 943/943 1003/1003
f 1003/1003 1000/1000 938/938
f 938/938 940/940 1003/1003
f 998/998 936/936 938/938
f 938/938 1000/1000 998/998
f 998/998 997/997 934/934
f 934/934 936/936 998/998
f 997/997 995/995 931/931
f 931/931 934/934 997/997
f 993/993 930/930 931/931
f 931/931 995/995 993/993
f 990/990 928/928 930/930
f 930/930 993/993 990/990
f 986/986 924/924 925/925
f 925/925 989/989 986/986
f 985/985 922/922 924/924
f 924/924 986/986 985/985
f 985/985 982/982 920/920
f 920/920 922/922 985/985
f 982/982 981/981 918/918
f 918/918 920/920 982/982
f 981/981 978/978 915/915
f 915/915 918/918 981/981
f 977/977 914/914 915/915
f 915/915 978/978 977/977
f 977/977 975/975 912/912
f 912/912 914/914 977/977
f 975/975 972/972 910/910
f 910/910 912/912 975/975
f 972/972 971/971 908/908
f 908/908 910/910 972/972
f 971/971 969/969 906/906
f 906/906 908/908 971/971
f 969/969 966/966 904/904
f 904/904 906/906 969/969
f 966/966 965/965 902/902
f 902/902 904/904 966/966
f 965/965 962/962 899/899
f 899/899 902/902 965/965
f 961/961 897/897 899/899
f 899/899 962/962 961/961
f 958/958 895/895 897/897
f 897/897 961/961 958/958
f 957/957 894/894 895/895
f 895/895 958/958 957/957
f 954/954 892/892 894/894
f 894/894 957/957 954/954
f 952/952 889/889 892/892
f 892/892 954/954 952/952
f 952/952 951/951 888/888
f 888/888 889/889 952/952
f 949/949 945/945 883/883
f 883/883 885/885 949/949
f 944/944 881/881 883/883
f 883/883 945/945 944/944
f 937/937 873/873 875/875
f 875/875 939/939 937/937
f 935/935 871/871 873/873
f 873/873 937/937 935/935
f 935/935 933/933 868/868
f 868/868 871/871 935/935
f 927/927 926/926 857/857
f 857/857 859/859 927/927
f 923/923 855/855 857/857
f 857/857 926/926 923/923
f 923/923 921/921 853/853
f 853/853 855/855 923/923
f 921/921 919/919 851/851
f 851/851 853/853 921/921
f 919/919 917/917 849/849
f 849/849 851/851 919/919
f 916/916 846/846 849/849
f 849/849 917/917 916/916
f 913/913 844/844 846/846
f 846/846 916/916 913/913
f 911/911 842/842 844/844
f 844/844 913/913 911/911
f 909/909 840/840 842/842
f 842/842 911/911 909/909
f 907/907 838/838 840/840
f 840/840 909/909 907/907
f 907/907 905/905 836/836
f 836/836 838/838 907/907
f 903/903 835/835 836/836
f 836/836 905/905 903/903
f 896/896 822/822 826/826
f 826/826 898/898 896/896
f 896/896 893/893 820/820
f 820/820 822/822 896/896
f 891/891 818/818 820/820
f 820/820 893/893 891/891
f 891/891 890/890 816/816
f 816/816 818/818 891/891
f 887/887 815/815 816/816
f 816/816 890/890 887/887
f 886/886 813/813 815/815
f 815/815 887/887 886/886
f 884/884 880/880 808/808
f 808/808 810/810 884/884
f 880/880 878/878 805/805
f 805/805 808/808 880/880
f 1071/1071 1072/1072 1073/1073
f 1071/1071 1073/1073 4/4
f 1074/1074 1071/1071 4/4
f 1074/1074 4/4 3/3
f 1/1 1075/1075 1076/1076
f 1/1 1076/1076 1077/1077
f 1/1 1077/1077 1078/1078
f 1/1 1078/1078 1079/1079
f 1/1 1079/1079 1080/1080
f 1/1 1080/1080 2/2
f 1081/1081 1082/1082 1083/1083
f 1081/1081 1083/1083 1084/1084
f 271/271 1081/1081 1084/1084
f 271/271 1084/1084 272/272
f 1085/1085 1086/1086 1087/1087
f 1087/1087 1088/1088 1089/1089
f 1087/1087 1089/1089 1090/1090
f 1085/1085 1087/1087 1090/1090
f 1091/1091 1085/1085 1090/1090
f 1091/1091 1090/1090 1092/1092
f 1093/1093 1094/1094 1095/1095
f 1093/1093 1095/1095 1096/1096
f 1093/1093 1096/1096 1097/1097
f 1098/1098 1093/1093 1097/1097
f 1099/1099 1098/1098 1097/1097
f 1099/1099 1097/1097 1100/1100
f 1099/1099 1100/1100 1101/1101
f 1102/1102 1099/1099 1101/1101
f 1102/1102 1101/1101 1103/1103
f 1104/1104 1102/1102 1103/1103
f 1104/1104 1103/1103 1105/1105
f 1106/1106 1104/1104 1105/1105
f 1107/1107 1106/1106 1105/1105
f 1107/1107 1105/1105 1108/1108
f 1109/1109 1107/1107 1108/1108
f 1109/1109 1108/1108 1110/1110
f 1111/1111 1109/1109 1110/1110
f 1111/1111 1110/1110 1112/1112
f 1113/1113 1111/1111 1112/1112
f 1113/1113 1112/1112 1114/1114
f 1115/1115 1095/1095 1116/1116
f 1115/1115 1116/1116 1117/1117
f 1115/1115 1117/1117 1118/1118
f 1119/1119 1115/1115 1118/1118
f 1120/1120 1119/1119 1118/1118
f 1120/1120 1118/1118 1121/1121
f 1120/1120 1121/1121 1122/1122
f 1123/1123 1120/1120 1122/1122
f 1123/1123 1122/1122 1124/1124
f 1125/1125 1123/1123 1124/1124
f 1125/1125 1124/1124 1126/1126
f 1127/1127 1125/1125 1126/1126
f 1128/1128 1127/1127 1126/1126
f 1128/1128 1126/1126 1129/1129
f 1130/1130 1128/1128 1129/1129
f 1130/1130 1129/1129 1131/1131
f 1132/1132 1130/1130 1131/1131
f 1132/1132 1131/1131 1133/1133
f 1134/1134 1132/1132 1133/1133
f 1134/1134 1133/1133 1135/1135
f 1136/1136 1134/1134 1135/1135
f 1136/1136 1135/1135 1137/1137
f 1138/1138 1136/1136 1137/1137
f 1138/1138 1137/1137 1139/1139
f 1140/1140 1138/1138 1139/1139
f 1140/1140 1139/1139 1141/1141
f 1142/1142 1140/1140 1141/1141
f 1142/1142 1141/1141 1143/1143
f 1142/1142 1143/1143 1144/1144
f 1145/1145 1142/1142 1144/1144
f 1145/1145 1144/1144 1146/1146
f 1147/1147 1145/1145 1146/1146
f 1148/1148 1147/1147 1146/1146
f 1148/1148 1146/1146 1149/1149
f 1148/1148 1149/1149 1150/1150
f 1151/1151 1148/1148 1150/1150
f 1152/1152 1153/1153 1154/1154
f 1155/1155 1152/1152 1154/1154
f 1156/1156 1155/1155 1154/1154
f 1157/1157 1156/1156 1154/1154
f 1150/1150 1157/1157 1154/1154
f 1151/1151 1150/1150 1154/1154
f 1158/1158 1151/1151 1154/1154
f 1159/1159 1158/1158 1154/1154
f 1160/1160 1159/1159 1154/1154
f 1161/1161 1160/1160 1154/1154
f 1162/1162 1163/1163 1164/1164
f 1165/1165 1166/1166 1167/1167
f 1167/1167 1168/1168 1169/1169
f 1170/1170 1171/1171 1172/1172
f 1170/1170 1172/1172 1173/1173
f 1174/1174 1170/1170 1173/1173
f 1175/1175 1174/1174 1173/1173
f 1176/1176 1175/1175 1173/1173
f 1177/1177 1176/1176 1173/1173
f 1178/1178 1177/1177 1173/1173
f 1179/1179 1178/1178 1173/1173
f 1180/1180 1179/1179 1173/1173
f 1181/1181 1180/1180 1173/1173
f 1182/1182 1181/1181 1173/1173
f 1183/1183 1182/1182 1173/1173
f 1184/1184 1183/1183 1173/1173
f 1185/1185 1184/1184 1173/1173
f 1186/1186 1185/1185 1173/1173
f 1187/1187 1186/1186 1173/1173
f 1153/1153 1187/1187 1173/1173
f 1154/1154 1153/1153 1173/1173
f 1171/1171 1188/1188 1189/1189
f 1172/1172 1171/1171 1189/1189
f 1172/1172 1189/1189 1190/1190
f 1191/1191 1172/1172 1190/1190
f 1192/1192 1193/1193 1194/1194
f 1192/1192 1194/1194 1195/1195
f 1192/1192 1195/1195 1196/1196
f 1197/1197 1192/1192 1196/1196
f 1171/1171 1197/1197 1196/1196
f 1171/1171 1196/1196 1198/1198
f 1188/1188 1171/1171 1198/1198
f 1188/1188 1198/1198 1199/1199
f 1200/1200 1188/1188 1199/1199
f 1199/1199 1195/1195 1194/1194
f 1200/1200 1199/1199 1194/1194
f 1190/1190 1200/1200 1194/1194
f 1194/1194 1201/1201 1202/1202
f 1190/1190 1194/1194 1202/1202
f 1191/1191 1190/1190 1202/1202
f 1191/1191 1202/1202 1203/1203
f 1204/1204 1191/1191 1203/1203
f 1173/1173 1204/1204 1203/1203
f 1154/1154 1173/1173 1203/1203
f 1154/1154 1203/1203 1205/1205
f 1169/1169 1154/1154 1205/1205
f 1167/1167 1169/1169 1205/1205
f 1165/1165 1167/1167 1205/1205
f 1164/1164 1165/1165 1205/1205
f 1164/1164 1205/1205 1201/1201
f 1162/1162 1164/1164 1201/1201
f 1201/1201 1194/1194 1206/1206
f 1162/1162 1201/1201 1206/1206
f 1207/1207 1162/1162 1206/1206
f 1193/1193 1208/1208 1209/1209
f 1193/1193 1209/1209 1210/1210
f 1194/1194 1193/1193 1210/1210
f 1194/1194 1210/1210 1211/1211
f 1212/1212 1194/1194 1211/1211
f 1208/1208 1197/1197 1171/1171
f 1209/1209 1208/1208 1171/1171
f 1209/1209 1171/1171 1116/1116
f 1209/1209 1116/1116 270/270
f 1213/1213 1209/1209 270/270
f 1213/1213 270/270 269/269
f 1211/1211 1213/1213 269/269
f 1212/1212 1211/1211 269/269
f 1214/1214 1212/1212 269/269
f 1214/1214 269/269 25/25
f 1206/1206 1214/1214 25/25
f 1206/1206 25/25 59/59
f 1207/1207 1206/1206 59/59
f 1168/1168 1207/1207 59/59
f 1169/1169 1168/1168 59/59
f 1215/1215 1169/1169 59/59
f 1215/1215 59/59 270/270
f 1216/1216 1215/1215 270/270
f 270/270 1116/1116 1095/1095
f 270/270 1095/1095 1094/1094
f 270/270 1094/1094 1217/1217
f 270/270 1217/1217 1218/1218
f 270/270 1218/1218 1219/1219
f 270/270 1219/1219 1220/1220
f 270/270 1220/1220 1221/1221
f 270/270 1221/1221 1222/1222
f 270/270 1222/1222 1223/1223
f 270/270 1223/1223 1224/1224
f 1216/1216 270/270 1224/1224
f 1216/1216 1224/1224 1225/1225
f 1216/1216 1225/1225 1226/1226
f 1216/1216 1226/1226 1227/1227
f 1216/1216 1227/1227 1228/1228
f 1216/1216 1228/1228 1229/1229
f 1216/1216 1229/1229 1230/1230
f 1216/1216 1230/1230 1231/1231
f 1216/1216 1231/1231 1232/1232
f 1216/1216 1232/1232 1233/1233
f 1216/1216 1233/1233 1234/1234
f 1216/1216 1234/1234 1235/1235
f 1154/1154 1216/1216 1235/1235
f 1154/1154 1235/1235 1236/1236
f 1154/1154 1236/1236 1237/1237
f 1154/1154 1237/1237 1238/1238
f 1154/1154 1238/1238 1239/1239
f 1154/1154 1239/1239 1240/1240
f 1154/1154 1240/1240 1241/1241
f 1161/1161 1154/1154 1241/1241
f 1242/1242 1161/1161 1241/1241
f 1243/1243 1242/1242 1241/1241
f 1244/1244 1243/1243 1241/1241
f 1244/1244 1241/1241 1245/1245
f 1246/1246 1244/1244 1245/1245
f 1247/1247 1246/1246 1245/1245
f 1247/1247 1245/1245 1248/1248
f 1249/1249 1247/1247 1248/1248
f 1249/1249 1248/1248 1250/1250
f 1251/1251 1249/1249 1250/1250
f 1251/1251 1250/1250 1252/1252
f 1114/1114 1251/1251 1252/1252
f 1113/1113 1114/1114 1252/1252
f 1253/1253 1254/1254 1255/1255
f 1255/1255 1256/1256 1253/1253
f 1257/1257 1258/1258 1259/1259
f 1259/1259 1260/1260 1257/1257
f 1261/1261 1262/1262 1263/1263
f 1263/1263 1264/1264 1261/1261
f 1265/1265 1266/1266 1267/1267
f 1267/1267 1268/1268 1265/1265
f 1269/1269 1270/1270 1271/1271
f 1271/1271 1272/1272 1269/1269
f 1273/1273 1274/1274 1275/1275
f 1275/1275 1276/1276 1273/1273
f 1277/1277 1278/1278 1279/1279
f 1279/1279 1280/1280 1277/1277
f 1281/1281 1282/1282 1283/1283
f 1283/1283 1284/1284 1281/1281
f 1285/1285 1286/1286 1287/1287
f 1287/1287 1288/1288 1285/1285
f 1289/1289 1290/1290 1291/1291
f 1291/1291 1292/1292 1289/1289
f 1293/1293 1294/1294 1295/1295
f 1295/1295 1296/1296 1293/1293
f 1297/1297 1298/1298 1299/1299
f 1299/1299 1300/1300 1297/1297
f 1301/1301 1302/1302 1303/1303
f 1303/1303 1304/1304 1301/1301
f 1305/1305 1306/1306 1307/1307
f 1307/1307 1308/1308 1305/1305
f 50/50 1309/1309 1310/1310
f 1310/1310 34/34 50/50
f 55/55 1311/1311 1312/1312
f 1312/1312 56/56 55/55
f 57/57 1313/1313 1314/1314
f 1314/1314 58/58 57/57
f 63/63 1315/1315 1316/1316
f 1316/1316 64/64 63/63
f 47/47 1317/1317 1318/1318
f 1318/1318 57/57 47/47
f 6/6 1319/1319 1320/1320
f 1320/1320 63/63 6/6
f 65/65 1321/1321 1322/1322
f 1322/1322 55/55 65/65
f 68/68 1323/1323 1324/1324
f 1324/1324 10/10 68/68
f 69/69 1285/1285 1288/1288
f 1288/1288 70/70 69/69
f 73/73 1289/1289 1292/1292
f 1292/1292 74/74 73/73
f 52/52 1293/1293 1296/1296
f 1296/1296 69/69 52/52
f 15/15 1297/1297 1300/1300
f 1300/1300 73/73 15/15
f 14/14 1301/1301 1304/1304
f 1304/1304 15/15 14/14
f 29/29 1325/1325 1326/1326
f 1326/1326 47/47 29/29
f 1327/1327 1328/1328 1329/1329
f 1330/1330 1331/1331 1332/1332
f 1333/1333 1334/1334 1335/1335
f 1336/1336 1337/1337 1338/1338
f 1339/1339 1340/1340 1341/1341
f 1342/1342 1343/1343 1344/1344
f 1345/1345 1346/1346 1347/1347
f 1348/1348 1349/1349 1350/1350
f 1351/1351 1352/1352 1353/1353
f 1354/1354 1355/1355 1356/1356
f 1357/1357 1358/1358 1359/1359
f 1360/1360 1361/1361 1362/1362
f 1363/1363 1364/1364 1365/1365
f 1366/1366 1367/1367 1368/1368
f 1369/1369 1370/1370 1371/1371
f 1372/1372 1373/1373 1374/1374
f 1375/1375 1376/1376 1377/1377
f 1378/1378 1379/1379 1380/1380
f 1381/1381 1382/1382 1383/1383
f 1384/1384 1385/1385 1386/1386
f 1387/1387 1388/1388 1389/1389
f 1390/1390 1391/1391 1392/1392
f 1393/1393 1394/1394 1395/1395
f 1396/1396 1397/1397 1398/1398
f 1399/1399 1400/1400 1401/1401
f 1402/1402 1403/1403 1404/1404
f 1405/1405 1406/1406 1407/1407
f 1408/1408 1409/1409 1410/1410
f 1411/1411 1412/1412 1413/1413
f 1414/1414 1415/1415 1416/1416
f 1417/1417 1418/1418 1419/1419
f 1420/1420 1421/1421 1422/1422
f 1423/1423 1424/1424 1425/1425
f 1426/1426 1427/1427 1428/1428
f 1429/1429 1430/1430 1431/1431
f 1432/1432 1433/1433 1434/1434
f 1435/1435 1436/1436 1437/1437
f 1438/1438 1439/1439 1440/1440
f 1441/1441 1442/1442 1443/1443
f 1444/1444 1445/1445 1446/1446
f 1447/1447 1448/1448 1449/1449
f 1450/1450 1451/1451 1452/1452
f 1453/1453 1454/1454 1455/1455
f 1456/1456 1457/1457 1458/1458
f 1459/1459 1460/1460 1461/1461
f 1462/1462 1463/1463 1464/1464
f 1465/1465 1466/1466 1467/1467
f 1468/1468 1469/1469 1470/1470
f 1471/1471 1472/1472 1473/1473
f 1474/1474 1475/1475 1476/1476
f 1477/1477 1478/1478 1479/1479
f 1480/1480 1481/1481 1482/1482
f 1483/1483 1484/1484 1485/1485
f 1486/1486 1487/1487 1488/1488
f 1489/1489 1490/1490 1491/1491
f 1492/1492 1493/1493 1494/1494
f 1495/1495 1496/1496 1497/1497
f 1498/1498 1499/1499 1500/1500
f 1501/1501 1502/1502 1503/1503
f 1504/1504 1505/1505 1506/1506
f 1507/1507 1508/1508 1509/1509
f 1510/1510 1511/1511 1512/1512
f 1513/1513 1514/1514 1515/1515
f 1516/1516 1517/1517 1518/1518
f 1519/1519 1520/1520 1521/1521
f 1522/1522 1523/1523 1524/1524
f 1525/1525 1526/1526 1527/1527
f 1528/1528 1529/1529 1530/1530
f 1531/1531 1532/1532 1533/1533
f 1534/1534 1535/1535 1536/1536
f 1537/1537 1538/1538 1539/1539
f 1540/1540 1541/1541 1542/1542
f 1543/1543 1544/1544 1545/1545
f 1546/1546 1547/1547 1548/1548
f 1549/1549 1550/1550 1551/1551
f 1552/1552 1553/1553 1554/1554
f 1555/1555 1556/1556 1557/1557
f 1558/1558 1559/1559 1560/1560
f 1561/1561 1562/1562 1563/1563
f 1564/1564 1565/1565 1566/1566
f 1567/1567 1568/1568 1569/1569
f 1570/1570 1571/1571 1572/1572
f 1573/1573 1574/1574 1575/1575
f 1576/1576 1577/1577 1578/1578
f 1579/1579 1580/1580 1581/1581
f 1582/1582 1583/1583 1584/1584
f 1585/1585 1586/1586 1587/1587
f 1588/1588 1589/1589 1590/1590
f 1591/1591 1592/1592 1593/1593
f 1594/1594 1595/1595 1596/1596
f 1597/1597 1598/1598 1599/1599
f 1600/1600 1601/1601 1602/1602
f 1603/1603 1604/1604 1605/1605
f 1606/1606 1607/1607 1608/1608
f 1609/1609 1610/1610 1611/1611
f 1612/1612 1613/1613 1614/1614
f 1615/1615 1616/1616 1617/1617
f 1618/1618 1619/1619 1620/1620
f 1621/1621 1622/1622 1623/1623
f 1624/1624 1625/1625 1626/1626
f 1627/1627 1628/1628 1629/1629
f 1630/1630 1631/1631 1632/1632
f 1633/1633 1634/1634 1635/1635
f 1636/1636 1637/1637 1638/1638
f 1639/1639 1640/1640 1641/1641
f 1642/1642 1643/1643 1644/1644
f 1645/1645 1646/1646 1647/1647
f 1648/1648 1649/1649 1650/1650
f 1651/1651 1652/1652 1653/1653
f 1654/1654 1655/1655 1656/1656
f 1657/1657 1658/1658 1659/1659
f 1660/1660 1661/1661 1662/1662
f 1663/1663 1664/1664 1665/1665
f 1666/1666 1667/1667 1668/1668
f 1669/1669 1670/1670 1671/1671
f 1672/1672 1673/1673 1674/1674
f 1675/1675 1676/1676 1677/1677
f 1678/1678 1679/1679 1680/1680
f 1681/1681 1682/1682 1683/1683
f 1684/1684 1685/1685 1686/1686
f 1687/1687 1688/1688 1689/1689
f 1690/1690 1691/1691 1692/1692
f 1693/1693 1694/1694 1695/1695
f 1696/1696 1697/1697 1698/1698
f 1699/1699 1700/1700 1701/1701
f 1702/1702 1703/1703 1704/1704
f 1705/1705 1706/1706 1707/1707
f 1708/1708 1709/1709 1710/1710
f 1711/1711 1712/1712 1713/1713
f 1714/1714 1715/1715 1716/1716
f 1717/1717 1718/1718 1719/1719
f 1720/1720 1721/1721 1722/1722
f 1723/1723 1724/1724 1725/1725
f 1726/1726 1727/1727 1728/1728
f 1729/1729 1730/1730 1731/1731
f 1732/1732 1733/1733 1734/1734
f 1735/1735 1736/1736 1737/1737
f 1738/1738 1739/1739 1740/1740
f 1741/1741 1742/1742 1743/1743
f 1744/1744 1745/1745 1746/1746
f 1747/1747 1748/1748 1749/1749
f 1750/1750 1751/1751 1752/1752
f 1753/1753 1754/1754 1755/1755
f 1756/1756 1757/1757 1758/1758
f 1759/1759 1760/1760 1761/1761
f 1762/1762 1763/1763 1764/1764
f 1765/1765 1766/1766 1767/1767
f 1768/1768 1769/1769 1770/1770
f 1771/1771 1772/1772 1773/1773
f 1774/1774 1775/1775 1776/1776
f 1777/1777 1778/1778 1779/1779
f 1780/1780 1781/1781 1782/1782
f 1783/1783 1784/1784 1785/1785
f 1786/1786 1787/1787 1788/1788
f 1789/1789 1790/1790 1791/1791
f 1792/1792 1793/1793 1794/1794
f 1795/1795 1796/1796 1797/1797
f 1798/1798 1799/1799 1800/1800
f 1801/1801 1802/1802 1803/1803
f 1804/1804 1805/1805 1806/1806
f 1807/1807 1808/1808 1809/1809
f 1810/1810 1811/1811 1812/1812
f 1813/1813 1814/1814 1815/1815
f 1816/1816 1817/1817 1818/1818
f 1819/1819 1820/1820 1821/1821
f 1822/1822 1823/1823 1824/1824
f 1825/1825 1826/1826 1827/1827
f 1828/1828 1829/1829 1830/1830
f 1831/1831 1832/1832 1833/1833
f 1834/1834 1835/1835 1836/1836
f 1837/1837 1838/1838 1839/1839
f 1840/1840 1841/1841 1842/1842
f 1843/1843 1844/1844 1845/1845
f 1846/1846 1847/1847 1848/1848
f 1849/1849 1850/1850 1851/1851
f 1852/1852 1853/1853 1854/1854
f 1855/1855 1856/1856 1857/1857
f 1858/1858 1859/1859 1860/1860
f 1861/1861 1862/1862 1863/1863
f 1864/1864 1865/1865 1866/1866
f 1867/1867 1868/1868 1869/1869
f 1870/1870 1871/1871 1872/1872
f 1873/1873 1874/1874 1875/1875
f 1876/1876 1877/1877 1878/1878
f 1879/1879 1880/1880 1881/1881
f 1882/1882 1883/1883 1884/1884
f 1885/1885 1886/1886 1887/1887
f 1888/1888 1889/1889 1890/1890
f 1891/1891 1892/1892 1893/1893
f 1894/1894 1895/1895 1896/1896
f 1897/1897 1898/1898 1899/1899
f 1900/1900 1901/1901 1902/1902
f 1903/1903 1904/1904 1905/1905
f 1906/1906 1907/1907 1908/1908
f 1909/1909 1910/1910 1911/1911
f 1912/1912 1913/1913 1914/1914
f 1915/1915 1916/1916 1917/1917
f 1918/1918 1919/1919 1920/1920
f 1921/1921 1922/1922 1923/1923
f 1924/1924 1925/1925 1926/1926
f 1927/1927 1928/1928 1929/1929
f 1930/1930 1931/1931 1932/1932
f 1933/1933 1934/1934 1935/1935
f 1936/1936 1937/1937 1938/1938
f 1939/1939 1940/1940 1941/1941
f 1942/1942 1943/1943 1944/1944
f 1945/1945 1946/1946 1947/1947
f 1948/1948 1949/1949 1950/1950
f 1951/1951 1952/1952 1953/1953
f 1954/1954 1955/1955 1956/1956
f 1957/1957 1958/1958 1959/1959
f 1960/1960 1961/1961 1962/1962
f 1963/1963 1964/1964 1965/1965
f 1966/1966 1967/1967 1968/1968
f 1969/1969 1970/1970 1971/1971
f 1972/1972 1973/1973 1974/1974
f 1975/1975 1976/1976 1977/1977
f 1978/1978 1979/1979 1980/1980
f 1981/1981 1982/1982 1983/1983
f 1984/1984 1985/1985 1986/1986
f 1987/1987 1988/1988 1989/1989
f 1990/1990 1991/1991 1992/1992
f 1993/1993 1994/1994 1995/1995
f 1996/1996 1997/1997 1998/1998
f 1999/1999 2000/2000 2001/2001
f 2002/2002 2003/2003 2004/2004
f 2005/2005 2006/2006 2007/2007
f 2008/2008 2009/2009 2010/2010
f 2011/2011 2012/2012 2013/2013
f 2014/2014 2015/2015 2016/2016
f 2017/2017 2018/2018 2019/2019
f 2020/2020 2021/2021 2022/2022
f 2023/2023 2024/2024 2025/2025
f 2026/2026 2027/2027 2028/2028
f 2029/2029 2030/2030 2031/2031
f 2032/2032 2033/2033 2034/2034
f 2035/2035 2036/2036 2037/2037
f 2038/2038 2039/2039 2040/2040
f 2041/2041 2042/2042 2043/2043
f 2044/2044 2045/2045 2046/2046
f 2047/2047 2048/2048 2049/2049
f 2050/2050 2051/2051 2052/2052
f 2053/2053 2054/2054 2055/2055
f 2056/2056 2057/2057 2058/2058
f 2059/2059 2060/2060 2061/2061
f 2062/2062 2063/2063 2064/2064
f 2065/2065 2066/2066 2067/2067
f 2068/2068 2069/2069 2070/2070
f 2071/2071 2072/2072 2073/2073
f 2074/2074 2075/2075 2076/2076
f 2077/2077 2078/2078 2079/2079
f 2080/2080 2081/2081 2082/2082
f 2083/2083 2084/2084 2085/2085
f 2086/2086 2087/2087 2088/2088
f 2089/2089 2090/2090 2091/2091
f 2092/2092 2093/2093 2094/2094
f 2095/2095 2096/2096 2097/2097
f 2098/2098 2099/2099 2100/2100
f 2101/2101 2102/2102 2103/2103
f 2104/2104 2105/2105 2106/2106
f 2107/2107 2108/2108 2109/2109
f 2110/2110 2111/2111 2112/2112
f 2113/2113 2114/2114 2115/2115
f 2116/2116 2117/2117 2118/2118
f 2119/2119 2120/2120 2121/2121
f 2122/2122 2123/2123 2124/2124
f 2125/2125 2126/2126 2127/2127
f 2128/2128 2129/2129 2130/2130
f 2131/2131 2132/2132 2133/2133
f 2134/2134 2135/2135 2136/2136
f 2137/2137 2138/2138 2139/2139
f 2140/2140 2141/2141 2142/2142
f 2143/2143 2144/2144 2145/2145
f 2146/2146 2147/2147 2148/2148
f 2149/2149 2150/2150 2151/2151
f 2152/2152 2153/2153 2154/2154
f 2155/2155 2156/2156 2157/2157
f 2158/2158 2159/2159 2160/2160
f 2161/2161 2162/2162 2163/2163
f 2164/2164 2165/2165 2166/2166
f 2167/2167 2168/2168 2169/2169
f 2170/2170 2171/2171 2172/2172
f 2173/2173 2174/2174 2175/2175
f 2176/2176 2177/2177 2178/2178
f 2179/2179 2180/2180 2181/2181
f 2182/2182 2183/2183 2184/2184
f 2185/2185 2186/2186 2187/2187
f 2188/2188 2189/2189 2190/2190
f 2191/2191 2192/2192 2193/2193
f 2194/2194 2195/2195 2196/2196
f 2197/2197 2198/2198 2199/2199
f 2200/2200 2201/2201 2202/2202
f 2203/2203 2204/2204 2205/2205
f 2206/2206 2207/2207 2208/2208
f 2209/2209 2210/2210 2211/2211
f 2212/2212 2213/2213 2214/2214
f 2215/2215 2216/2216 2217/2217
f 2218/2218 2219/2219 2220/2220
f 2221/2221 2222/2222 2223/2223
f 2224/2224 2225/2225 2226/2226
f 2227/2227 2228/2228 2229/2229
f 2230/2230 2231/2231 2232/2232
f 2233/2233 2234/2234 2235/2235
f 2236/2236 2237/2237 2238/2238
f 2239/2239 2240/2240 2241/2241
f 2242/2242 2243/2243 2244/2244
f 2245/2245 2246/2246 2247/2247
f 2248/2248 2249/2249 2250/2250
f 2251/2251 2252/2252 2253/2253
f 2254/2254 2255/2255 2256/2256
f 2257/2257 2258/2258 2259/2259
f 2260/2260 2261/2261 2262/2262
f 2263/2263 2264/2264 2265/2265
f 2266/2266 2267/2267 2268/2268
f 2269/2269 2270/2270 2271/2271
f 2272/2272 2273/2273 2274/2274
f 2275/2275 2276/2276 2277/2277
f 2278/2278 2279/2279 2280/2280
f 2281/2281 2282/2282 2283/2283
f 2284/2284 2285/2285 2286/2286
f 2287/2287 2288/2288 2289/2289
f 2290/2290 2291/2291 2292/2292
f 2293/2293 2294/2294 2295/2295
f 2296/2296 2297/2297 2298/2298
f 2299/2299 2300/2300 2301/2301
f 2299/2299 2301/2301 2302/2302
f 2299/2299 2302/2302 2303/2303
f 2299/2299 2303/2303 2304/2304
f 2299/2299 2304/2304 2305/2305
f 2299/2299 2305/2305 2306/2306
f 2299/2299 2306/2306 2307/2307
f 2299/2299 2307/2307 2308/2308
f 2299/2299 2308/2308 2309/2309
f 2299/2299 2309/2309 2310/2310
f 2299/2299 2310/2310 2311/2311
f 2299/2299 2311/2311 2312/2312
f 2299/2299 2312/2312 2313/2313
f 2299/2299 2313/2313 2314/2314
f 2299/2299 2314/2314 2315/2315
f 2299/2299 2315/2315 2316/2316
f 2299/2299 2316/2316 2317/2317
f 2299/2299 2317/2317 2318/2318
f 2299/2299 2318/2318 2319/2319
f 2299/2299 2319/2319 2300/2300
f 2300/2300 2320/2320 2321/2321
f 2300/2300 2321/2321 2301/2301
f 2301/2301 2321/2321 2322/2322
f 2301/2301 2322/2322 2302/2302
f 2302/2302 2322/2322 2323/2323
f 2302/2302 2323/2323 2303/2303
f 2303/2303 2323/2323 2324/2324
f 2303/2303 2324/2324 2304/2304
f 2304/2304 2324/2324 2325/2325
f 2304/2304 2325/2325 2305/2305
f 2305/2305 2325/2325 2326/2326
f 2305/2305 2326/2326 2306/2306
f 2306/2306 2326/2326 2327/2327
f 2306/2306 2327/2327 2307/2307
f 2307/2307 2327/2327 2328/2328
f 2307/2307 2328/2328 2308/2308
f 2308/2308 2328/2328 2329/2329
f 2308/2308 2329/2329 2309/2309
f 2309/2309 2329/2329 2330/2330
f 2309/2309 2330/2330 2310/2310
f 2310/2310 2330/2330 2331/2331
f 2310/2310 2331/2331 2311/2311
f 2311/2311 2331/2331 2332/2332
f 2311/2311 2332/2332 2312/2312
f 2312/2312 2332/2332 2333/2333
f 2312/2312 2333/2333 2313/2313
f 2313/2313 2333/2333 2334/2334
f 2313/2313 2334/2334 2314/2314
f 2314/2314 2334/2334 2335/2335
f 2314/2314 2335/2335 2315/2315
f 2315/2315 2335/2335 2336/2336
f 2315/2315 2336/2336 2316/2316
f 2316/2316 2336/2336 2337/2337
f 2316/2316 2337/2337 2317/2317
f 2317/2317 2337/2337 2338/2338
f 2317/2317 2338/2338 2318/2318
f 2318/2318 2338/2338 2339/2339
f 2318/2318 2339/2339 2319/2319
f 2319/2319 2339/2339 2320/2320
f 2319/2319 2320/2320 2300/2300
f 2320/2320 2340/2340 2341/2341
f 2320/2320 2341/2341 2321/2321
f 2321/2321 2341/2341 2342/2342
f 2321/2321 2342/2342 2322/2322
f 2322/2322 2342/2342 2343/2343
f 2322/2322 2343/2343 2323/2323
f 2323/2323 2343/2343 2344/2344
f 2323/2323 2344/2344 2324/2324
f 2324/2324 2344/2344 2345/2345
f 2324/2324 2345/2345 2325/2325
f 2325/2325 2345/2345 2346/2346
f 2325/2325 2346/2346 2326/2326
f 2326/2326 2346/2346 2347/2347
f 2326/2326 2347/2347 2327/2327
f 2327/2327 2347/2347 2348/2348
f 2327/2327 2348/2348 2328/2328
f 2328/2328 2348/2348 2349/2349
f 2328/2328 2349/2349 2329/2329
f 2329/2329 2349/2349 2350/2350
f 2329/2329 2350/2350 2330/2330
f 2330/2330 2350/2350 2351/2351
f 2330/2330 2351/2351 2331/2331
f 2331/2331 2351/2351 2352/2352
f 2331/2331 2352/2352 2332/2332
f 2332/2332 2352/2352 2353/2353
f 2332/2332 2353/2353 2333/2333
f 2333/2333 2353/2353 2354/2354
f 2333/2333 2354/2354 2334/2334
f 2334/2334 2354/2354 2355/2355
f 2334/2334 2355/2355 2335/2335
f 2335/2335 2355/2355 2356/2356
f 2335/2335 2356/2356 2336/2336
f 2336/2336 2356/2356 2357/2357
f 2336/2336 2357/2357 2337/2337
f 2337/2337 2357/2357 2358/2358
f 2337/2337 2358/2358 2338/2338
f 2338/2338 2358/2358 2359/2359
f 2338/2338 2359/2359 2339/2339
f 2339/2339 2359/2359 2340/2340
f 2339/2339 2340/2340 2320/2320
f 2340/2340 2360/2360 2361/2361
f 2340/2340 2361/2361 2341/2341
f 2341/2341 2361/2361 2362/2362
f 2341/2341 2362/2362 2342/2342
f 2342/2342 2362/2362 2363/2363
f 2342/2342 2363/2363 2343/2343
f 2343/2343 2363/2363 2364/2364
f 2343/2343 2364/2364 2344/2344
f 2344/2344 2364/2364 2365/2365
f 2344/2344 2365/2365 2345/2345
f 2345/2345 2365/2365 2366/2366
f 2345/2345 2366/2366 2346/2346
f 2346/2346 2366/2366 2367/2367
f 2346/2346 2367/2367 2347/2347
f 2347/2347 2367/2367 2368/2368
f 2347/2347 2368/2368 2348/2348
f 2348/2348 2368/2368 2369/2369
f 2348/2348 2369/2369 2349/2349
f 2349/2349 2369/2369 2370/2370
f 2349/2349 2370/2370 2350/2350
f 2350/2350 2370/2370 2371/2371
f 2350/2350 2371/2371 2351/2351
f 2351/2351 2371/2371 2372/2372
f 2351/2351 2372/2372 2352/2352
f 2352/2352 2372/2372 2373/2373
f 2352/2352 2373/2373 2353/2353
f 2353/2353 2373/2373 2374/2374
f 2353/2353 2374/2374 2354/2354
f 2354/2354 2374/2374 2375/2375
f 2354/2354 2375/2375 2355/2355
f 2355/2355 2375/2375 2376/2376
f 2355/2355 2376/2376 2356/2356
f 2356/2356 2376/2376 2377/2377
f 2356/2356 2377/2377 2357/2357
f 2357/2357 2377/2377 2378/2378
f 2357/2357 2378/2378 2358/2358
f 2358/2358 2378/2378 2379/2379
f 2358/2358 2379/2379 2359/2359
f 2359/2359 2379/2379 2360/2360
f 2359/2359 2360/2360 2340/2340
f 2360/2360 2380/2380 2381/2381
f 2360/2360 2381/2381 2361/2361
f 2361/2361 2381/2381 2382/2382
f 2361/2361 2382/2382 2362/2362
f 2362/2362 2382/2382 2383/2383
f 2362/2362 2383/2383 2363/2363
f 2363/2363 2383/2383 2384/2384
f 2363/2363 2384/2384 2364/2364
f 2364/2364 2384/2384 2385/2385
f 2364/2364 2385/2385 2365/2365
f 2365/2365 2385/2385 2386/2386
f 2365/2365 2386/2386 2366/2366
f 2366/2366 2386/2386 2387/2387
f 2366/2366 2387/2387 2367/2367
f 2367/2367 2387/2387 2388/2388
f 2367/2367 2388/2388 2368/2368
f 2368/2368 2388/2388 2389/2389
f 2368/2368 2389/2389 2369/2369
f 2369/2369 2389/2389 2390/2390
f 2369/2369 2390/2390 2370/2370
f 2370/2370 2390/2390 2391/2391
f 2370/2370 2391/2391 2371/2371
f 2371/2371 2391/2391 2392/2392
f 2371/2371 2392/2392 2372/2372
f 2372/2372 2392/2392 2393/2393
f 2372/2372 2393/2393 2373/2373
f 2373/2373 2393/2393 2394/2394
f 2373/2373 2394/2394 2374/2374
f 2374/2374 2394/2394 2395/2395
f 2374/2374 2395/2395 2375/2375
f 2375/2375 2395/2395 2396/2396
f 2375/2375 2396/2396 2376/2376
f 2376/2376 2396/2396 2397/2397
f 2376/2376 2397/2397 2377/2377
f 2377/2377 2397/2397 2398/2398
f 2377/2377 2398/2398 2378/2378
f 2378/2378 2398/2398 2399/2399
f 2378/2378 2399/2399 2379/2379
f 2379/2379 2399/2399 2380/2380
f 2379/2379 2380/2380 2360/2360
f 2380/2380 2400/2400 2401/2401
f 2380/2380 2401/2401 2381/2381
f 2381/2381 2401/2401 2402/2402
f 2381/2381 2402/2402 2382/2382
f 2382/2382 2402/2402 2403/2403
f 2382/2382 2403/2403 2383/2383
f 2383/2383 2403/2403 2404/2404
f 2383/2383 2404/2404 2384/2384
f 2384/2384 2404/2404 2405/2405
f 2384/2384 2405/2405 2385/2385
f 2385/2385 2405/2405 2406/2406
f 2385/2385 2406/2406 2386/2386
f 2386/2386 2406/2406 2407/2407
f 2386/2386 2407/2407 2387/2387
f 2387/2387 2407/2407 2408/2408
f 2387/2387 2408/2408 2388/2388
f 2388/2388 2408/2408 2409/2409
f 2388/2388 2409/2409 2389/2389
f 2389/2389 2409/2409 2410/2410
f 2389/2389 2410/2410 2390/2390
f 2390/2390 2410/2410 2411/2411
f 2390/2390 2411/2411 2391/2391
f 2391/2391 2411/2411 2412/2412
f 2391/2391 2412/2412 2392/2392
f 2392/2392 2412/2412 2413/2413
f 2392/2392 2413/2413 2393/2393
f 2393/2393 2413/2413 2414/2414
f 2393/2393 2414/2414 2394/2394
f 2394/2394 2414/2414 2415/2415
f 2394/2394 2415/2415 2395/2395
f 2395/2395 2415/2415 2416/2416
f 2395/2395 2416/2416 2396/2396
f 2396/2396 2416/2416 2417/2417
f 2396/2396 2417/2417 2397/2397
f 2397/2397 2417/2417 2418/2418
f 2397/2397 2418/2418 2398/2398
f 2398/2398 2418/2418 2419/2419
f 2398/2398 2419/2419 2399/2399
f 2399/2399 2419/2419 2400/2400
f 2399/2399 2400/2400 2380/2380
f 2400/2400 2420/2420 2421/2421
f 2400/2400 2421/2421 2401/2401
f 2401/2401 2421/2421 2422/2422
f 2401/2401 2422/2422 2402/2402
f 2402/2402 2422/2422 2423/2423
f 2402/2402 2423/2423 2403/2403
f 2403/2403 2423/2423 2424/2424
f 2403/2403 2424/2424 2404/2404
f 2404/2404 2424/2424 2425/2425
f 2404/2404 2425/2425 2405/2405
f 2405/2405 2425/2425 2426/2426
f 2405/2405 2426/2426 2406/2406
f 2406/2406 2426/2426 2427/2427
f 2406/2406 2427/2427 2407/2407
f 2407/2407 2427/2427 2428/2428
f 2407/2407 2428/2428 2408/2408
f 2408/2408 2428/2428 2429/2429
f 2408/2408 2429/2429 2409/2409
f 2409/2409 2429/2429 2430/2430
f 2409/2409 2430/2430 2410/2410
f 2410/2410 2430/2430 2431/2431
f 2410/2410 2431/2431 2411/2411
f 2411/2411 2431/2431 2432/2432
f 2411/2411 2432/2432 2412/2412
f 2412/2412 2432/2432 2433/2433
f 2412/2412 2433/2433 2413/2413
f 2413/2413 2433/2433 2434/2434
f 2413/2413 2434/2434 2414/2414
f 2414/2414 2434/2434 2435/2435
f 2414/2414 2435/2435 2415/2415
f 2415/2415 2435/2435 2436/2436
f 2415/2415 2436/2436 2416/2416
f 2416/2416 2436/2436 2437/2437
f 2416/2416 2437/2437 2417/2417
f 2417/2417 2437/2437 2438/2438
f 2417/2417 2438/2438 2418/2418
f 2418/2418 2438/2438 2439/2439
f 2418/2418 2439/2439 2419/2419
f 2419/2419 2439/2439 2420/2420
f 2419/2419 2420/2420 2400/2400
f 2420/2420 2440/2440 2441/2441
f 2420/2420 2441/2441 2421/2421
f 2421/2421 2441/2441 2442/2442
f 2421/2421 2442/2442 2422/2422
f 2422/2422 2442/2442 2443/2443
f 2422/2422 2443/2443 2423/2423
f 2423/2423 2443/2443 2444/2444
f 2423/2423 2444/2444 2424/2424
f 2424/2424 2444/2444 2445/2445
f 2424/2424 2445/2445 2425/2425
f 2425/2425 2445/2445 2446/2446
f 2425/2425 2446/2446 2426/2426
f 2426/2426 2446/2446 2447/2447
f 2426/2426 2447/2447 2427/2427
f 2427/2427 2447/2447 2448/2448
f 2427/2427 2448/2448 2428/2428
f 2428/2428 2448/2448 2449/2449
f 2428/2428 2449/2449 2429/2429
f 2429/2429 2449/2449 2450/2450
f 2429/2429 2450/2450 2430/2430
f 2430/2430 2450/2450 2451/2451
f 2430/2430 2451/2451 2431/2431
f 2431/2431 2451/2451 2452/2452
f 2431/2431 2452/2452 2432/2432
f 2432/2432 2452/2452 2453/2453
f 2432/2432 2453/2453 2433/2433
f 2433/2433 2453/2453 2454/2454
f 2433/2433 2454/2454 2434/2434
f 2434/2434 2454/2454 2455/2455
f 2434/2434 2455/2455 2435/2435
f 2435/2435 2455/2455 2456/2456
f 2435/2435 2456/2456 2436/2436
f 2436/2436 2456/2456 2457/2457
f 2436/2436 2457/2457 2437/2437
f 2437/2437 2457/2457 2458/2458
f 2437/2437 2458/2458 2438/2438
f 2438/2438 2458/2458 2459/2459
f 2438/2438 2459/2459 2439/2439
f 2439/2439 2459/2459 2440/2440
f 2439/2439 2440/2440 2420/2420
f 2440/2440 2460/2460 2461/2461
f 2440/2440 2461/2461 2441/2441
f 2441/2441 2461/2461 2462/2462
f 2441/2441 2462/2462 2442/2442
f 2442/2442 2462/2462 2463/2463
f 2442/2442 2463/2463 2443/2443
f 2443/2443 2463/2463 2464/2464
f 2443/2443 2464/2464 2444/2444
f 2444/2444 2464/2464 2465/2465
f 2444/2444 2465/2465 2445/2445
f 2445/2445 2465/2465 2466/2466
f 2445/2445 2466/2466 2446/2446
f 2446/2446 2466/2466 2467/2467
f 2446/2446 2467/2467 2447/2447
f 2447/2447 2467/2467 2468/2468
f 2447/2447 2468/2468 2448/2448
f 2448/2448 2468/2468 2469/2469
f 2448/2448 2469/2469 2449/2449
f 2449/2449 2469/2469 2470/2470
f 2449/2449 2470/2470 2450/2450
f 2450/2450 2470/2470 2471/2471
f 2450/2450 2471/2471 2451/2451
f 2451/2451 2471/2471 2472/2472
f 2451/2451 2472/2472 2452/2452
f 2452/2452 2472/2472 2473/2473
f 2452/2452 2473/2473 2453/2453
f 2453/2453 2473/2473 2474/2474
f 2453/2453 2474/2474 2454/2454
f 2454/2454 2474/2474 2475/2475
f 2454/2454 2475/2475 2455/2455
f 2455/2455 2475/2475 2476/2476
f 2455/2455 2476/2476 2456/2456
f 2456/2456 2476/2476 2477/2477
f 2456/2456 2477/2477 2457/2457
f 2457/2457 2477/2477 2478/2478
f 2457/2457 2478/2478 2458/2458
f 2458/2458 2478/2478 2479/2479
f 2458/2458 2479/2479 2459/2459
f 2459/2459 2479/2479 2460/2460
f 2459/2459 2460/2460 2440/2440
f 2480/2480 2461/2461 2460/2460
f 2480/2480 2462/2462 2461/2461
f 2480/2480 2463/2463 2462/2462
f 2480/2480 2464/2464 2463/2463
f 2480/2480 2465/2465 2464/2464
f 2480/2480 2466/2466 2465/2465
f 2480/2480 2467/2467 2466/2466
f 2480/2480 2468/2468 2467/2467
f 2480/2480 2469/2469 2468/2468
f 2480/2480 2470/2470 2469/2469
f 2480/2480 2471/2471 2470/2470
f 2480/2480 2472/2472 2471/2471
f 2480/2480 2473/2473 2472/2472
f 2480/2480 2474/2474 2473/2473
f 2480/2480 2475/2475 2474/2474
f 2480/2480 2476/2476 2475/2475
f 2480/2480 2477/2477 2476/2476
f 2480/2480 2478/2478 2477/2477
f 2480/2480 2479/2479 2478/2478
f 2480/2480 2460/2460 2479/2479
f 2481/2481 2482/2482 2483/2483
f 2484/2484 2485/2485 2486/2486
f 2487/2487 2488/2488 2489/2489
f 2490/2490 2491/2491 2492/2492
f 2493/2493 2494/2494 2495/2495
f 2496/2496 2497/2497 2498/2498
f 2499/2499 2500/2500 2501/2501
f 2502/2502 2503/2503 2504/2504
f 2505/2505 2506/2506 2507/2507
f 2508/2508 2509/2509 2510/2510
f 2511/2511 2512/2512 2513/2513
f 2514/2514 2515/2515 2516/2516
f 2517/2517 2518/2518 2519/2519
f 2520/2520 2521/2521 2522/2522
f 2523/2523 2524/2524 2525/2525
f 2526/2526 2527/2527 2528/2528
f 2529/2529 2530/2530 2531/2531
f 2532/2532 2533/2533 2534/2534
f 2535/2535 2536/2536 2537/2537
f 2538/2538 2539/2539 2540/2540
f 2541/2541 2542/2542 2543/2543
f 2544/2544 2545/2545 2546/2546
f 2547/2547 2548/2548 2549/2549
f 2550/2550 2551/2551 2552/2552
f 2553/2553 2554/2554 2555/2555
f 2556/2556 2557/2557 2558/2558
f 2559/2559 2560/2560 2561/2561
f 2562/2562 2563/2563 2564/2564
f 2565/2565 2566/2566 2567/2567
f 2568/2568 2569/2569 2570/2570
f 2571/2571 2572/2572 2573/2573
f 2574/2574 2575/2575 2576/2576
f 2577/2577 2578/2578 2579/2579
f 2580/2580 2581/2581 2582/2582
f 2583/2583 2584/2584 2585/2585
f 2586/2586 2587/2587 2588/2588
f 2589/2589 2590/2590 2591/2591
f 2592/2592 2593/2593 2594/2594
f 2595/2595 2596/2596 2597/2597
f 2598/2598 2599/2599 2600/2600
f 2601/2601 2602/2602 2603/2603
f 2604/2604 2605/2605 2606/2606
f 2607/2607 2608/2608 2609/2609
f 2610/2610 2611/2611 2612/2612
f 2613/2613 2614/2614 2615/2615
f 2616/2616 2617/2617 2618/2618
f 2619/2619 2620/2620 2621/2621
f 2622/2622 2623/2623 2624/2624
f 2625/2625 2626/2626 2627/2627
f 2628/2628 2629/2629 2630/2630
f 2631/2631 2632/2632 2633/2633
f 2634/2634 2635/2635 2636/2636
f 2637/2637 2638/2638 2639/2639
f 2640/2640 2641/2641 2642/2642
f 2643/2643 2644/2644 2645/2645
f 2646/2646 2647/2647 2648/2648
f 2649/2649 2650/2650 2651/2651
f 2652/2652 2653/2653 2654/2654
f 2655/2655 2656/2656 2657/2657
f 2658/2658 2659/2659 2660/2660
f 2661/2661 2662/2662 2663/2663
f 2664/2664 2665/2665 2666/2666
f 2667/2667 2668/2668 2669/2669
f 2670/2670 2671/2671 2672/2672
f 2673/2673 2674/2674 2675/2675
f 2676/2676 2677/2677 2678/2678
f 2679/2679 2680/2680 2681/2681
f 2682/2682 2683/2683 2684/2684
f 2685/2685 2686/2686 2687/2687
f 2688/2688 2689/2689 2690/2690
f 2691/2691 2692/2692 2693/2693
f 2694/2694 2695/2695 2696/2696
f 2697/2697 2698/2698 2699/2699
f 2700/2700 2701/2701 2702/2702
f 2703/2703 2704/2704 2705/2705
f 2706/2706 2707/2707 2708/2708
f 2709/2709 2710/2710 2711/2711
f 2712/2712 2713/2713 2714/2714
f 2715/2715 2716/2716 2717/2717
f 2718/2718 2719/2719 2720/2720
f 2721/2721 2722/2722 2723/2723
f 2724/2724 2725/2725 2726/2726
f 2727/2727 2728/2728 2729/2729
f 2730/2730 2731/2731 2732/2732
f 2733/2733 2734/2734 2735/2735
f 2736/2736 2737/2737 2738/2738
f 2739/2739 2740/2740 2741/2741
f 2742/2742 2743/2743 2744/2744
f 2745/2745 2746/2746 2747/2747
f 2748/2748 2749/2749 2750/2750
f 2751/2751 2752/2752 2753/2753
f 2751/2751 2753/2753 2754/2754
f 2751/2751 2754/2754 2755/2755
f 2751/2751 2755/2755 2756/2756
f 2751/2751 2756/2756 2757/2757
f 2751/2751 2757/2757 2758/2758
f 2751/2751 2758/2758 2759/2759
f 2751/2751 2759/2759 2760/2760
f 2751/2751 2760/2760 2761/2761
f 2751/2751 2761/2761 2762/2762
f 2751/2751 2762/2762 2763/2763
f 2751/2751 2763/2763 2764/2764
f 2751/2751 2764/2764 2765/2765
f 2751/2751 2765/2765 2766/2766
f 2751/2751 2766/2766 2767/2767
f 2751/2751 2767/2767 2768/2768
f 2751/2751 2768/2768 2769/2769
f 2751/2751 2769/2769 2770/2770
f 2751/2751 2770/2770 2771/2771
f 2751/2751 2771/2771 2752/2752
f 2752/2752 2772/2772 2773/2773
f 2752/2752 2773/2773 2753/2753
f 2753/2753 2773/2773 2774/2774
f 2753/2753 2774/2774 2754/2754
f 2754/2754 2774/2774 2775/2775
f 2754/2754 2775/2775 2755/2755
f 2755/2755 2775/2775 2776/2776
f 2755/2755 2776/2776 2756/2756
f 2756/2756 2776/2776 2777/2777
f 2756/2756 2777/2777 2757/2757
f 2757/2757 2777/2777 2778/2778
f 2757/2757 2778/2778 2758/2758
f 2758/2758 2778/2778 2779/2779
f 2758/2758 2779/2779 2759/2759
f 2759/2759 2779/2779 2780/2780
f 2759/2759 2780/2780 2760/2760
f 2760/2760 2780/2780 2781/2781
f 2760/2760 2781/2781 2761/2761
f 2761/2761 2781/2781 2782/2782
f 2761/2761 2782/2782 2762/2762
f 2762/2762 2782/2782 2783/2783
f 2762/2762 2783/2783 2763/2763
f 2763/2763 2783/2783 2784/2784
f 2763/2763 2784/2784 2764/2764
f 2764/2764 2784/2784 2785/2785
f 2764/2764 2785/2785 2765/2765
f 2765/2765 2785/2785 2786/2786
f 2765/2765 2786/2786 2766/2766
f 2766/2766 2786/2786 2787/2787
f 2766/2766 2787/2787 2767/2767
f 2767/2767 2787/2787 2788/2788
f 2767/2767 2788/2788 2768/2768
f 2768/2768 2788/2788 2789/2789
f 2768/2768 2789/2789 2769/2769
f 2769/2769 2789/2789 2790/2790
f 2769/2769 2790/2790 2770/2770
f 2770/2770 2790/2790 2791/2791
f 2770/2770 2791/2791 2771/2771
f 2771/2771 2791/2791 2772/2772
f 2771/2771 2772/2772 2752/2752
f 2772/2772 2792/2792 2793/2793
f 2772/2772 2793/2793 2773/2773
f 2773/2773 2793/2793 2794/2794
f 2773/2773 2794/2794 2774/2774
f 2774/2774 2794/2794 2795/2795
f 2774/2774 2795/2795 2775/2775
f 2775/2775 2795/2795 2796/2796
f 2775/2775 2796/2796 2776/2776
f 2776/2776 2796/2796 2797/2797
f 2776/2776 2797/2797 2777/2777
f 2777/2777 2797/2797 2798/2798
f 2777/2777 2798/2798 2778/2778
f 2778/2778 2798/2798 2799/2799
f 2778/2778 2799/2799 2779/2779
f 2779/2779 2799/2799 2800/2800
f 2779/2779 2800/2800 2780/2780
f 2780/2780 2800/2800 2801/2801
f 2780/2780 2801/2801 2781/2781
f 2781/2781 2801/2801 2802/2802
f 2781/2781 2802/2802 2782/2782
f 2782/2782 2802/2802 2803/2803
f 2782/2782 2803/2803 2783/2783
f 2783/2783 2803/2803 2804/2804
f 2783/2783 2804/2804 2784/2784
f 2784/2784 2804/2804 2805/2805
f 2784/2784 2805/2805 2785/2785
f 2785/2785 2805/2805 2806/2806
f 2785/2785 2806/2806 2786/2786
f 2786/2786 2806/2806 2807/2807
f 2786/2786 2807/2807 2787/2787
f 2787/2787 2807/2807 2808/2808
f 2787/2787 2808/2808 2788/2788
f 2788/2788 2808/2808 2809/2809
f 2788/2788 2809/2809 2789/2789
f 2789/2789 2809/2809 2810/2810
f 2789/2789 2810/2810 2790/2790
f 2790/2790 2810/2810 2811/2811
f 2790/2790 2811/2811 2791/2791
f 2791/2791 2811/2811 2792/2792
f 2791/2791 2792/2792 2772/2772
f 2792/2792 2812/2812 2813/2813
f 2792/2792 2813/2813 2793/2793
f 2793/2793 2813/2813 2814/2814
f 2793/2793 2814/2814 2794/2794
f 2794/2794 2814/2814 2815/2815
f 2794/2794 2815/2815 2795/2795
f 2795/2795 2815/2815 2816/2816
f 2795/2795 2816/2816 2796/2796
f 2796/2796 2816/2816 2817/2817
f 2796/2796 2817/2817 2797/2797
f 2797/2797 2817/2817 2818/2818
f 2797/2797 2818/2818 2798/2798
f 2798/2798 2818/2818 2819/2819
f 2798/2798 2819/2819 2799/2799
f 2799/2799 2819/2819 2820/2820
f 2799/2799 2820/2820 2800/2800
f 2800/2800 2820/2820 2821/2821
f 2800/2800 2821/2821 2801/2801
f 2801/2801 2821/2821 2822/2822
f 2801/2801 2822/2822 2802/2802
f 2802/2802 2822/2822 2823/2823
f 2802/2802 2823/2823 2803/2803
f 2803/2803 2823/2823 2824/2824
f 2803/2803 2824/2824 2804/2804
f 2804/2804 2824/2824 2825/2825
f 2804/2804 2825/2825 2805/2805
f 2805/2805 2825/2825 2826/2826
f 2805/2805 2826/2826 2806/2806
f 2806/2806 2826/2826 2827/2827
f 2806/2806 2827/2827 2807/2807
f 2807/2807 2827/2827 2828/2828
f 2807/2807 2828/2828 2808/2808
f 2808/2808 2828/2828 2829/2829
f 2808/2808 2829/2829 2809/2809
f 2809/2809 2829/2829 2830/2830
f 2809/2809 2830/2830 2810/2810
f 2810/2810 2830/2830 2831/2831
f 2810/2810 2831/2831 2811/2811
f 2811/2811 2831/2831 2812/2812
f 2811/2811 2812/2812 2792/2792
f 2812/2812 2832/2832 2833/2833
f 2812/2812 2833/2833 2813/2813
f 2813/2813 2833/2833 2834/2834
f 2813/2813 2834/2834 2814/2814
f 2814/2814 2834/2834 2835/2835
f 2814/2814 2835/2835 2815/2815
f 2815/2815 2835/2835 2836/2836
f 2815/2815 2836/2836 2816/2816
f 2816/2816 2836/2836 2837/2837
f 2816/2816 2837/2837 2817/2817
f 2817/2817 2837/2837 2838/2838
f 2817/2817 2838/2838 2818/2818
f 2818/2818 2838/2838 2839/2839
f 2818/2818 2839/2839 2819/2819
f 2819/2819 2839/2839 2840/2840
f 2819/2819 2840/2840 2820/2820
f 2820/2820 2840/2840 2841/2841
f 2820/2820 2841/2841 2821/2821
f 2821/2821 2841/2841 2842/2842
f 2821/2821 2842/2842 2822/2822
f 2822/2822 2842/2842 2843/2843
f 2822/2822 2843/2843 2823/2823
f 2823/2823 2843/2843 2844/2844
f 2823/2823 2844/2844 2824/2824
f 2824/2824 2844/2844 2845/2845
f 2824/2824 2845/2845 2825/2825
f 2825/2825 2845/2845 2846/2846
f 2825/2825 2846/2846 2826/2826
f 2826/2826 2846/2846 2847/2847
f 2826/2826 2847/2847 2827/2827
f 2827/2827 2847/2847 2848/2848
f 2827/2827 2848/2848 2828/2828
f 2828/2828 2848/2848 2849/2849
f 2828/2828 2849/2849 2829/2829
f 2829/2829 2849/2849 2850/2850
f 2829/2829 2850/2850 2830/2830
f 2830/2830 2850/2850 2851/2851
f 2830/2830 2851/2851 2831/2831
f 2831/2831 2851/2851 2832/2832
f 2831/2831 2832/2832 2812/2812
f 2832/2832 2852/2852 2853/2853
f 2832/2832 2853/2853 2833/2833
f 2833/2833 2853/2853 2854/2854
f 2833/2833 2854/2854 2834/2834
f 2834/2834 2854/2854 2855/2855
f 2834/2834 2855/2855 2835/2835
f 2835/2835 2855/2855 2856/2856
f 2835/2835 2856/2856 2836/2836
f 2836/2836 2856/2856 2857/2857
f 2836/2836 2857/2857 2837/2837
f 2837/2837 2857/2857 2858/2858
f 2837/2837 2858/2858 2838/2838
f 2838/2838 2858/2858 2859/2859
f 2838/2838 2859/2859 2839/2839
f 2839/2839 2859/2859 2860/2860
f 2839/2839 2860/2860 2840/2840
f 2840/2840 2860/2860 2861/2861
f 2840/2840 2861/2861 2841/2841
f 2841/2841 2861/2861 2862/2862
f 2841/2841 2862/2862 2842/2842
f 2842/2842 2862/2862 2863/2863
f 2842/2842 2863/2863 2843/2843
f 2843/2843 2863/2863 2864/2864
f 2843/2843 2864/2864 2844/2844
f 2844/2844 2864/2864 2865/2865
f 2844/2844 2865/2865 2845/2845
f 2845/2845 2865/2865 2866/2866
f 2845/2845 2866/2866 2846/2846
f 2846/2846 2866/2866 2867/2867
f 2846/2846 2867/2867 2847/2847
f 2847/2847 2867/2867 2868/2868
f 2847/2847 2868/2868 2848/2848
f 2848/2848 2868/2868 2869/2869
f 2848/2848 2869/2869 2849/2849
f 2849/2849 2869/2869 2870/2870
f 2849/2849 2870/2870 2850/2850
f 2850/2850 2870/2870 2871/2871
f 2850/2850 2871/2871 2851/2851
f 2851/2851 2871/2871 2852/2852
f 2851/2851 2852/2852 2832/2832
f 2852/2852 2872/2872 2873/2873
f 2852/2852 2873/2873 2853/2853
f 2853/2853 2873/2873 2874/2874
f 2853/2853 2874/2874 2854/2854
f 2854/2854 2874/2874 2875/2875
f 2854/2854 2875/2875 2855/2855
f 2855/2855 2875/2875 2876/2876
f 2855/2855 2876/2876 2856/2856
f 2856/2856 2876/2876 2877/2877
f 2856/2856 2877/2877 2857/2857
f 2857/2857 2877/2877 2878/2878
f 2857/2857 2878/2878 2858/2858
f 2858/2858 2878/2878 2879/2879
f 2858/2858 2879/2879 2859/2859
f 2859/2859 2879/2879 2880/2880
f 2859/2859 2880/2880 2860/2860
f 2860/2860 2880/2880 2881/2881
f 2860/2860 2881/2881 2861/2861
f 2861/2861 2881/2881 2882/2882
f 2861/2861 2882/2882 2862/2862
f 2862/2862 2882/2882 2883/2883
f 2862/2862 2883/2883 2863/2863
f 2863/2863 2883/2883 2884/2884
f 2863/2863 2884/2884 2864/2864
f 2864/2864 2884/2884 2885/2885
f 2864/2864 2885/2885 2865/2865
f 2865/2865 2885/2885 2886/2886
f 2865/2865 2886/2886 2866/2866
f 2866/2866 2886/2886 2887/2887
f 2866/2866 2887/2887 2867/2867
f 2867/2867 2887/2887 2888/2888
f 2867/2867 2888/2888 2868/2868
f 2868/2868 2888/2888 2889/2889
f 2868/2868 2889/2889 2869/2869
f 2869/2869 2889/2889 2890/2890
f 2869/2869 2890/2890 2870/2870
f 2870/2870 2890/2890 2891/2891
f 2870/2870 2891/2891 2871/2871
f 2871/2871 2891/2891 2872/2872
f 2871/2871 2872/2872 2852/2852
f 2872/2872 2892/2892 2893/2893
f 2872/2872 2893/2893 2873/2873
f 2873/2873 2893/2893 2894/2894
f 2873/2873 2894/2894 2874/2874
f 2874/2874 2894/2894 2895/2895
f 2874/2874 2895/2895 2875/2875
f 2875/2875 2895/2895 2896/2896
f 2875/2875 2896/2896 2876/2876
f 2876/2876 2896/2896 2897/2897
f 2876/2876 2897/2897 2877/2877
f 2877/2877 2897/2897 2898/2898
f 2877/2877 2898/2898 2878/2878
f 2878/2878 2898/2898 2899/2899
f 2878/2878 2899/2899 2879/2879
f 2879/2879 2899/2899 2900/2900
f 2879/2879 2900/2900 2880/2880
f 2880/2880 2900/2900 2901/2901
f 2880/2880 2901/2901 2881/2881
f 2881/2881 2901/2901 2902/2902
f 2881/2881 2902/2902 2882/2882
f 2882/2882 2902/2902 2903/2903
f 2882/2882 2903/2903 2883/2883
f 2883/2883 2903/2903 2904/2904
f 2883/2883 2904/2904 2884/2884
f 2884/2884 2904/2904 2905/2905
f 2884/2884 2905/2905 2885/2885
f 2885/2885 2905/2905 2906/2906
f 2885/2885 2906/2906 2886/2886
f 2886/2886 2906/2906 2907/2907
f 2886/2886 2907/2907 2887/2887
f 2887/2887 2907/2907 2908/2908
f 2887/2887 2908/2908 2888/2888
f 2888/2888 2908/2908 2909/2909
f 2888/2888 2909/2909 2889/2889
f 2889/2889 2909/2909 2910/2910
f 2889/2889 2910/2910 2890/2890
f 2890/2890 2910/2910 2911/2911
f 2890/2890 2911/2911 2891/2891
f 2891/2891 2911/2911 2892/2892
f 2891/2891 2892/2892 2872/2872
f 2892/2892 2912/2912 2913/2913
f 2892/2892 2913/2913 2893/2893
f 2893/2893 2913/2913 2914/2914
f 2893/2893 2914/2914 2894/2894
f 2894/2894 2914/2914 2915/2915
f 2894/2894 2915/2915 2895/2895
f 2895/2895 2915/2915 2916/2916
f 2895/2895 2916/2916 2896/2896
f 2896/2896 2916/2916 2917/2917
f 2896/2896 2917/2917 2897/2897
f 2897/2897 2917/2917 2918/2918
f 2897/2897 2918/2918 2898/2898
f 2898/2898 2918/2918 2919/2919
f 2898/2898 2919/2919 2899/2899
f 2899/2899 2919/2919 2920/2920
f 2899/2899 2920/2920 2900/2900
f 2900/2900 2920/2920 2921/2921
f 2900/2900 2921/2921 2901/2901
f 2901/2901 2921/2921 2922/2922
f 2901/2901 2922/2922 2902/2902
f 2902/2902 2922/2922 2923/2923
f 2902/2902 2923/2923 2903/2903
f 2903/2903 2923/2923 2924/2924
f 2903/2903 2924/2924 2904/2904
f 2904/2904 2924/2924 2925/2925
f 2904/2904 2925/2925 2905/2905
f 2905/2905 2925/2925 2926/2926
f 2905/2905 2926/2926 2906/2906
f 2906/2906 2926/2926 2927/2927
f 2906/2906 2927/2927 2907/2907
f 2907/2907 2927/2927 2928/2928
f 2907/2907 2928/2928 2908/2908
f 2908/2908 2928/2928 2929/2929
f 2908/2908 2929/2929 2909/2909
f 2909/2909 2929/2929 2930/2930
f 2909/2909 2930/2930 2910/2910
f 2910/2910 2930/2930 2931/2931
f 2910/2910 2931/2931 2911/2911
f 2911/2911 2931/2931 2912/2912
f 2911/2911 2912/2912 2892/2892
f 2932/2932 2913/2913 2912/2912
f 2932/2932 2914/2914 2913/2913
f 2932/2932 2915/2915 2914/2914
f 2932/2932 2916/2916 2915/2915
f 2932/2932 2917/2917 2916/2916
f 2932/2932 2918/2918 2917/2917
f 2932/2932 2919/2919 2918/2918
f 2932/2932 2920/2920 2919/2919
f 2932/2932 2921/2921 2920/2920
f 2932/2932 2922/2922 2921/2921
f 2932/2932 2923/2923 2922/2922
f 2932/2932 2924/2924 2923/2923
f 2932/2932 2925/2925 2924/2924
f 2932/2932 2926/2926 2925/2925
f 2932/2932 2927/2927 2926/2926
f 2932/2932 2928/2928 2927/2927
f 2932/2932 2929/2929 2928/2928
f 2932/2932 2930/2930 2929/2929
f 2932/2932 2931/2931 2930/2930
f 2932/2932 2912/2912 2931/2931
f 2933/2933 2934/2934 2935/2935
f 2936/2936 2937/2937 2938/2938
f 2939/2939 2940/2940 2941/2941
f 2942/2942 2943/2943 2944/2944
f 2945/2945 2946/2946 2947/2947
f 2948/2948 2949/2949 2950/2950
f 2951/2951 2952/2952 2953/2953
f 2954/2954 2955/2955 2956/2956
f 2957/2957 2958/2958 2959/2959
f 2960/2960 2961/2961 2962/2962
f 2963/2963 2964/2964 2965/2965
f 2966/2966 2967/2967 2968/2968
f 2969/2969 2970/2970 2971/2971
f 2972/2972 2973/2973 2974/2974
f 2975/2975 2976/2976 2977/2977
f 2978/2978 2979/2979 2980/2980
f 2981/2981 2982/2982 2983/2983
f 2984/2984 2985/2985 2986/2986
f 2987/2987 2988/2988 2989/2989
f 2990/2990 2991/2991 2992/2992
f 2993/2993 2994/2994 2995/2995
f 2996/2996 2997/2997 2998/2998
f 2999/2999 3000/3000 3001/3001
f 3002/3002 3003/3003 3004/3004
f 3005/3005 3006/3006 3007/3007
f 3008/3008 3009/3009 3010/3010
f 3011/3011 3012/3012 3013/3013
f 3014/3014 3015/3015 3016/3016
f 3017/3017 3018/3018 3019/3019
f 3020/3020 3021/3021 3022/3022
f 3023/3023 3024/3024 3025/3025
f 3026/3026 3027/3027 3028/3028
f 3029/3029 3030/3030 3031/3031
f 3032/3032 3033/3033 3034/3034
f 3035/3035 3036/3036 3037/3037
f 3038/3038 3039/3039 3040/3040
f 3041/3041 3042/3042 3043/3043
f 3044/3044 3045/3045 3046/3046
f 3047/3047 3048/3048 3049/3049
f 3050/3050 3051/3051 3052/3052
f 3053/3053 3054/3054 3055/3055
f 3056/3056 3057/3057 3058/3058
f 3059/3059 3060/3060 3061/3061
f 3062/3062 3063/3063 3064/3064
f 3065/3065 3066/3066 3067/3067
f 3068/3068 3069/3069 3070/3070
f 3071/3071 3072/3072 3073/3073
f 3074/3074 3075/3075 3076/3076
f 3077/3077 3078/3078 3079/3079
f 3080/3080 3081/3081 3082/3082
f 3083/3083 3084/3084 3085/3085
f 3086/3086 3087/3087 3088/3088
f 3089/3089 3090/3090 3091/3091
f 3092/3092 3093/3093 3094/3094
f 3095/3095 3096/3096 3097/3097
f 3098/3098 3099/3099 3100/3100
f 3101/3101 3102/3102 3103/3103
f 3104/3104 3105/3105 3106/3106
f 3107/3107 3108/3108 3109/3109
f 3110/3110 3111/3111 3112/3112
f 3113/3113 3114/3114 3115/3115
f 3116/3116 3117/3117 3118/3118
f 3119/3119 3120/3120 3121/3121
f 3122/3122 3123/3123 3124/3124
f 3125/3125 3126/3126 3127/3127
f 3128/3128 3129/3129 3130/3130
f 3131/3131 3132/3132 3133/3133
f 3134/3134 3135/3135 3136/3136
f 3137/3137 3138/3138 3139/3139
f 3140/3140 3141/3141 3142/3142
f 3143/3143 3144/3144 3145/3145
f 3146/3146 3147/3147 3148/3148
f 3149/3149 3150/3150 3151/3151
f 3152/3152 3153/3153 3154/3154
f 3155/3155 3156/3156 3157/3157
f 3158/3158 3159/3159 3160/3160
f 3161/3161 3162/3162 3163/3163
f 3164/3164 3165/3165 3166/3166
f 3167/3167 3168/3168 3169/3169
f 3170/3170 3171/3171 3172/3172
f 3173/3173 3174/3174 3175/3175
f 3176/3176 3177/3177 3178/3178
f 3179/3179 3180/3180 3181/3181
f 3182/3182 3183/3183 3184/3184
f 3185/3185 3186/3186 3187/3187
f 3188/3188 3189/3189 3190/3190
f 3191/3191 3192/3192 3193/3193
f 3194/3194 3195/3195 3196/3196
f 3197/3197 3198/3198 3199/3199
f 3200/3200 3201/3201 3202/3202
f 3203/3203 3204/3204 3205/3205
f 3206/3206 3207/3207 3208/3208
f 3209/3209 3210/3210 3211/3211
f 3212/3212 3213/3213 3214/3214
f 3215/3215 3216/3216 3217/3217
f 3218/3218 3219/3219 3220/3220
f 3221/3221 3205/3205 3222/3222
f 3223/3223 3224/3224 3225/3225
f 3226/3226 3227/3227 3228/3228
f 3216/3216 3229/3229 3217/3217
f 3230/3230 3231/3231 3232/3232
f 3233/3233 3234/3234 3235/3235
f 3236/3236 3237/3237 3238/3238
f 3239/3239 3240/3240 3241/3241
f 3242/3242 3243/3243 3244/3244
f 3245/3245 3246/3246 3247/3247
f 3248/3248 3249/3249 3250/3250
f 3251/3251 3252/3252 3253/3253
f 3254/3254 3255/3255 3256/3256
f 3257/3257 3258/3258 3259/3259
f 3260/3260 3261/3261 3262/3262
f 3263/3263 3264/3264 3265/3265
f 3266/3266 3267/3267 3268/3268
f 3269/3269 3270/3270 3271/3271
f 3272/3272 3273/3273 3274/3274
f 3275/3275 3276/3276 3277/3277
f 3278/3278 3279/3279 3280/3280
f 3281/3281 3282/3282 3283/3283
f 3284/3284 3285/3285 3272/3272
f 3286/3286 3287/3287 3288/3288
f 3289/3289 3290/3290 3291/3291
f 3292/3292 3293/3293 3294/3294
f 3295/3295 3296/3296 3297/3297
f 3298/3298 3299/3299 3300/3300
f 3301/3301 3302/3302 3303/3303
f 3304/3304 3305/3305 3306/3306
f 3307/3307 3308/3308 3309/3309
f 3310/3310 3311/3311 3312/3312
f 3313/3313 3314/3314 3315/3315
f 3316/3316 3317/3317 3318/3318
f 3319/3319 3320/3320 3321/3321
f 3322/3322 3323/3323 3324/3324
f 3325/3325 3326/3326 3327/3327
f 3328/3328 3329/3329 3330/3330
f 3331/3331 3332/3332 3333/3333
f 3334/3334 3335/3335 3336/3336
f 3337/3337 3338/3338 3339/3339
f 3340/3340 3341/3341 3342/3342
f 3343/3343 3344/3344 3345/3345
f 3346/3346 3347/3347 3348/3348
f 3349/3349 3350/3350 3351/3351
f 3352/3352 3353/3353 3354/3354
f 3355/3355 3356/3356 3357/3357
f 3358/3358 3359/3359 3360/3360
f 3361/3361 3362/3362 3363/3363
f 3364/3364 3365/3365 3366/3366
f 3367/3367 3368/3368 3369/3369
f 3370/3370 3371/3371 3372/3372
f 3373/3373 3374/3374 3375/3375
f 3376/3376 3377/3377 3378/3378
f 3379/3379 3380/3380 3381/3381
f 3382/3382 3383/3383 3384/3384
f 3385/3385 3386/3386 3387/3387
f 3388/3388 3389/3389 3390/3390
f 3391/3391 3392/3392 3393/3393
f 3394/3394 3395/3395 3396/3396
f 3397/3397 3398/3398 3399/3399
f 3400/3400 3401/3401 3402/3402
f 3403/3403 3404/3404 3405/3405
f 3406/3406 3407/3407 3408/3408
f 3409/3409 3410/3410 3411/3411
f 3412/3412 3413/3413 3414/3414
f 3415/3415 3416/3416 3417/3417
f 3418/3418 3419/3419 3420/3420
f 3421/3421 3422/3422 3423/3423
f 3424/3424 3425/3425 3426/3426
f 3427/3427 3428/3428 3429/3429
f 3430/3430 3431/3431 3432/3432
f 3433/3433 3434/3434 3435/3435
f 3436/3436 3437/3437 3438/3438
f 3439/3439 3440/3440 3441/3441
f 3442/3442 3443/3443 3444/3444
f 3445/3445 3446/3446 3447/3447
f 3448/3448 3449/3449 3450/3450
f 3451/3451 3452/3452 3453/3453
f 3454/3454 3455/3455 3456/3456
f 3457/3457 3458/3458 3459/3459
f 3460/3460 3461/3461 3462/3462
f 3463/3463 3464/3464 3465/3465
f 3466/3466 3467/3467 3468/3468
f 3469/3469 3470/3470 3471/3471
f 3472/3472 3473/3473 3474/3474
f 3475/3475 3476/3476 3477/3477
f 3478/3478 3479/3479 3480/3480
f 3481/3481 3482/3482 3483/3483
f 3484/3484 3485/3485 3486/3486
f 3487/3487 3488/3488 3489/3489
f 3490/3490 3491/3491 3492/3492
f 3493/3493 3494/3494 3495/3495
f 3496/3496 3497/3497 3498/3498
f 3499/3499 3500/3500 3501/3501
f 3502/3502 3503/3503 3504/3504
f 3505/3505 3506/3506 3507/3507
f 3508/3508 3509/3509 3510/3510
f 3511/3511 3512/3512 3513/3513
f 3514/3514 3515/3515 3516/3516
f 3517/3517 3518/3518 3519/3519
f 3520/3520 3521/3521 3522/3522
f 3523/3523 3524/3524 3525/3525
f 3526/3526 3527/3527 3528/3528
f 3529/3529 3530/3530 3531/3531
f 3532/3532 3533/3533 3534/3534
f 3535/3535 3536/3536 3537/3537
f 3538/3538 3539/3539 3540/3540
f 3541/3541 3542/3542 3543/3543
f 3544/3544 3545/3545 3546/3546
f 3547/3547 3548/3548 3549/3549
f 3550/3550 3551/3551 3552/3552
f 3553/3553 3554/3554 3555/3555
f 3556/3556 3557/3557 3558/3558
f 3559/3559 3560/3560 3561/3561
f 3562/3562 3563/3563 3564/3564
f 3565/3565 3566/3566 3567/3567
f 3568/3568 3569/3569 3570/3570
f 3571/3571 3572/3572 3573/3573
f 3574/3574 3575/3575 3576/3576
f 3577/3577 3578/3578 3579/3579
f 3580/3580 3581/3581 3582/3582
f 3583/3583 3584/3584 3585/3585
f 3586/3586 3587/3587 3588/3588
f 3589/3589 3590/3590 3591/3591
f 3592/3592 3593/3593 3594/3594
f 3595/3595 3596/3596 3597/3597
f 3598/3598 3599/3599 3600/3600
f 3601/3601 3602/3602 3603/3603
f 3604/3604 3605/3605 3606/3606
f 3607/3607 3608/3608 3609/3609
f 3607/3607 3609/3609 3610/3610
f 3607/3607 3610/3610 3611/3611
f 3607/3607 3611/3611 3612/3612
f 3607/3607 3612/3612 3613/3613
f 3607/3607 3613/3613 3614/3614
f 3607/3607 3614/3614 3615/3615
f 3607/3607 3615/3615 3616/3616
f 3607/3607 3616/3616 3617/3617
f 3607/3607 3617/3617 3618/3618
f 3607/3607 3618/3618 3619/3619
f 3607/3607 3619/3619 3620/3620
f 3607/3607 3620/3620 3621/3621
f 3607/3607 3621/3621 3622/3622
f 3607/3607 3622/3622 3623/3623
f 3607/3607 3623/3623 3624/3624
f 3607/3607 3624/3624 3625/3625
f 3607/3607 3625/3625 3626/3626
f 3607/3607 3626/3626 3627/3627
f 3607/3607 3627/3627 3608/3608
f 3608/3608 3628/3628 3629/3629
f 3608/3608 3629/3629 3609/3609
f 3609/3609 3629/3629 3630/3630
f 3609/3609 3630/3630 3610/3610
f 3610/3610 3630/3630 3631/3631
f 3610/3610 3631/3631 3611/3611
f 3611/3611 3631/3631 3632/3632
f 3611/3611 3632/3632 3612/3612
f 3612/3612 3632/3632 3633/3633
f 3612/3612 3633/3633 3613/3613
f 3613/3613 3633/3633 3634/3634
f 3613/3613 3634/3634 3614/3614
f 3614/3614 3634/3634 3635/3635
f 3614/3614 3635/3635 3615/3615
f 3615/3615 3635/3635 3636/3636
f 3615/3615 3636/3636 3616/3616
f 3616/3616 3636/3636 3637/3637
f 3616/3616 3637/3637 3617/3617
f 3617/3617 3637/3637 3638/3638
f 3617/3617 3638/3638 3618/3618
f 3618/3618 3638/3638 3639/3639
f 3618/3618 3639/3639 3619/3619
f 3619/3619 3639/3639 3640/3640
f 3619/3619 3640/3640 3620/3620
f 3620/3620 3640/3640 3641/3641
f 3620/3620 3641/3641 3621/3621
f 3621/3621 3641/3641 3642/3642
f 3621/3621 3642/3642 3622/3622
f 3622/3622 3642/3642 3643/3643
f 3622/3622 3643/3643 3623/3623
f 3623/3623 3643/3643 3644/3644
f 3623/3623 3644/3644 3624/3624
f 3624/3624 3644/3644 3645/3645
f 3624/3624 3645/3645 3625/3625
f 3625/3625 3645/3645 3646/3646
f 3625/3625 3646/3646 3626/3626
f 3626/3626 3646/3646 3647/3647
f 3626/3626 3647/3647 3627/3627
f 3627/3627 3647/3647 3628/3628
f 3627/3627 3628/3628 3608/3608
f 3628/3628 3648/3648 3649/3649
f 3628/3628 3649/3649 3629/3629
f 3629/3629 3649/3649 3650/3650
f 3629/3629 3650/3650 3630/3630
f 3630/3630 3650/3650 3651/3651
f 3630/3630 3651/3651 3631/3631
f 3631/3631 3651/3651 3652/3652
f 3631/3631 3652/3652 3632/3632
f 3632/3632 3652/3652 3653/3653
f 3632/3632 3653/3653 3633/3633
f 3633/3633 3653/3653 3654/3654
f 3633/3633 3654/3654 3634/3634
f 3634/3634 3654/3654 3655/3655
f 3634/3634 3655/3655 3635/3635
f 3635/3635 3655/3655 3656/3656
f 3635/3635 3656/3656 3636/3636
f 3636/3636 3656/3656 3657/3657
f 3636/3636 3657/3657 3637/3637
f 3637/3637 3657/3657 3658/3658
f 3637/3637 3658/3658 3638/3638
f 3638/3638 3658/3658 3659/3659
f 3638/3638 3659/3659 3639/3639
f 3639/3639 3659/3659 3660/3660
f 3639/3639 3660/3660 3640/3640
f 3640/3640 3660/3660 3661/3661
f 3640/3640 3661/3661 3641/3641
f 3641/3641 3661/3661 3662/3662
f 3641/3641 3662/3662 3642/3642
f 3642/3642 3662/3662 3663/3663
f 3642/3642 3663/3663 3643/3643
f 3643/3643 3663/3663 3664/3664
f 3643/3643 3664/3664 3644/3644
f 3644/3644 3664/3664 3665/3665
f 3644/3644 3665/3665 3645/3645
f 3645/3645 3665/3665 3666/3666
f 3645/3645 3666/3666 3646/3646
f 3646/3646 3666/3666 3667/3667
f 3646/3646 3667/3667 3647/3647
f 3647/3647 3667/3667 3648/3648
f 3647/3647 3648/3648 3628/3628
f 3648/3648 3668/3668 3669/3669
f 3648/3648 3669/3669 3649/3649
f 3649/3649 3669/3669 3670/3670
f 3649/3649 3670/3670 3650/3650
f 3650/3650 3670/3670 3671/3671
f 3650/3650 3671/3671 3651/3651
f 3651/3651 3671/3671 3672/3672
f 3651/3651 3672/3672 3652/3652
f 3652/3652 3672/3672 3673/3673
f 3652/3652 3673/3673 3653/3653
f 3653/3653 3673/3673 3674/3674
f 3653/3653 3674/3674 3654/3654
f 3654/3654 3674/3674 3675/3675
f 3654/3654 3675/3675 3655/3655
f 3655/3655 3675/3675 3676/3676
f 3655/3655 3676/3676 3656/3656
f 3656/3656 3676/3676 3677/3677
f 3656/3656 3677/3677 3657/3657
f 3657/3657 3677/3677 3678/3678
f 3657/3657 3678/3678 3658/3658
f 3658/3658 3678/3678 3679/3679
f 3658/3658 3679/3679 3659/3659
f 3659/3659 3679/3679 3680/3680
f 3659/3659 3680/3680 3660/3660
f 3660/3660 3680/3680 3681/3681
f 3660/3660 3681/3681 3661/3661
f 3661/3661 3681/3681 3682/3682
f 3661/3661 3682/3682 3662/3662
f 3662/3662 3682/3682 3683/3683
f 3662/3662 3683/3683 3663/3663
f 3663/3663 3683/3683 3684/3684
f 3663/3663 3684/3684 3664/3664
f 3664/3664 3684/3684 3685/3685
f 3664/3664 3685/3685 3665/3665
f 3665/3665 3685/3685 3686/3686
f 3665/3665 3686/3686 3666/3666
f 3666/3666 3686/3686 3687/3687
f 3666/3666 3687/3687 3667/3667
f 3667/3667 3687/3687 3668/3668
f 3667/3667 3668/3668 3648/3648
f 3668/3668 3688/3688 3689/3689
f 3668/3668 3689/3689 3669/3669
f 3669/3669 3689/3689 3690/3690
f 3669/3669 3690/3690 3670/3670
f 3670/3670 3690/3690 3691/3691
f 3670/3670 3691/3691 3671/3671
f 3671/3671 3691/3691 3692/3692
f 3671/3671 3692/3692 3672/3672
f 3672/3672 3692/3692 3693/3693
f 3672/3672 3693/3693 3673/3673
f 3673/3673 3693/3693 3694/3694
f 3673/3673 3694/3694 3674/3674
f 3674/3674 3694/3694 3695/3695
f 3674/3674 3695/3695 3675/3675
f 3675/3675 3695/3695 3696/3696
f 3675/3675 3696/3696 3676/3676
f 3676/3676 3696/3696 3697/3697
f 3676/3676 3697/3697 3677/3677
f 3677/3677 3697/3697 3698/3698
f 3677/3677 3698/3698 3678/3678
f 3678/3678 3698/3698 3699/3699
f 3678/3678 3699/3699 3679/3679
f 3679/3679 3699/3699 3700/3700
f 3679/3679 3700/3700 3680/3680
f 3680/3680 3700/3700 3701/3701
f 3680/3680 3701/3701 3681/3681
f 3681/3681 3701/3701 3702/3702
f 3681/3681 3702/3702 3682/3682
f 3682/3682 3702/3702 3703/3703
f 3682/3682 3703/3703 3683/3683
f 3683/3683 3703/3703 3704/3704
f 3683/3683 3704/3704 3684/3684
f 3684/3684 3704/3704 3705/3705
f 3684/3684 3705/3705 3685/3685
f 3685/3685 3705/3705 3706/3706
f 3685/3685 3706/3706 3686/3686
f 3686/3686 3706/3706 3707/3707
f 3686/3686 3707/3707 3687/3687
f 3687/3687 3707/3707 3688/3688
f 3687/3687 3688/3688 3668/3668
f 3688/3688 3708/3708 3709/3709
f 3688/3688 3709/3709 3689/3689
f 3689/3689 3709/3709 3710/3710
f 3689/3689 3710/3710 3690/3690
f 3690/3690 3710/3710 3711/3711
f 3690/3690 3711/3711 3691/3691
f 3691/3691 3711/3711 3712/3712
f 3691/3691 3712/3712 3692/3692
f 3692/3692 3712/3712 3713/3713
f 3692/3692 3713/3713 3693/3693
f 3693/3693 3713/3713 3714/3714
f 3693/3693 3714/3714 3694/3694
f 3694/3694 3714/3714 3715/3715
f 3694/3694 3715/3715 3695/3695
f 3695/3695 3715/3715 3716/3716
f 3695/3695 3716/3716 3696/3696
f 3696/3696 3716/3716 3717/3717
f 3696/3696 3717/3717 3697/3697
f 3697/3697 3717/3717 3718/3718
f 3697/3697 3718/3718 3698/3698
f 3698/3698 3718/3718 3719/3719
f 3698/3698 3719/3719 3699/3699
f 3699/3699 3719/3719 3720/3720
f 3699/3699 3720/3720 3700/3700
f 3700/3700 3720/3720 3721/3721
f 3700/3700 3721/3721 3701/3701
f 3701/3701 3721/3721 3722/3722
f 3701/3701 3722/3722 3702/3702
f 3702/3702 3722/3722 3723/3723
f 3702/3702 3723/3723 3703/3703
f 3703/3703 3723/3723 3724/3724
f 3703/3703 3724/3724 3704/3704
f 3704/3704 3724/3724 3725/3725
f 3704/3704 3725/3725 3705/3705
f 3705/3705 3725/3725 3726/3726
f 3705/3705 3726/3726 3706/3706
f 3706/3706 3726/3726 3727/3727
f 3706/3706 3727/3727 3707/3707
f 3707/3707 3727/3727 3708/3708
f 3707/3707 3708/3708 3688/3688
f 3708/3708 3728/3728 3729/3729
f 3708/3708 3729/3729 3709/3709
f 3709/3709 3729/3729 3730/3730
f 3709/3709 3730/3730 3710/3710
f 3710/3710 3730/3730 3731/3731
f 3710/3710 3731/3731 3711/3711
f 3711/3711 3731/3731 3732/3732
f 3711/3711 3732/3732 3712/3712
f 3712/3712 3732/3732 3733/3733
f 3712/3712 3733/3733 3713/3713
f 3713/3713 3733/3733 3734/3734
f 3713/3713 3734/3734 3714/3714
f 3714/3714 3734/3734 3735/3735
f 3714/3714 3735/3735 3715/3715
f 3715/3715 3735/3735 3736/3736
f 3715/3715 3736/3736 3716/3716
f 3716/3716 3736/3736 3737/3737
f 3716/3716 3737/3737 3717/3717
f 3717/3717 3737/3737 3738/3738
f 3717/3717 3738/3738 3718/3718
f 3718/3718 3738/3738 3739/3739
f 3718/3718 3739/3739 3719/3719
f 3719/3719 3739/3739 3740/3740
f 3719/3719 3740/3740 3720/3720
f 3720/3720 3740/3740 3741/3741
f 3720/3720 3741/3741 3721/3721
f 3721/3721 3741/3741 3742/3742
f 3721/3721 3742/3742 3722/3722
f 3722/3722 3742/3742 3743/3743
f 3722/3722 3743/3743 3723/3723
f 3723/3723 3743/3743 3744/3744
f 3723/3723 3744/3744 3724/3724
f 3724/3724 3744/3744 3745/3745
f 3724/3724 3745/3745 3725/3725
f 3725/3725 3745/3745 3746/3746
f 3725/3725 3746/3746 3726/3726
f 3726/3726 3746/3746 3747/3747
f 3726/3726 3747/3747 3727/3727
f 3727/3727 3747/3747 3728/3728
f 3727/3727 3728/3728 3708/3708
f 3728/3728 3748/3748 3749/3749
f 3728/3728 3749/3749 3729/3729
f 3729/3729 3749/3749 3750/3750
f 3729/3729 3750/3750 3730/3730
f 3730/3730 3750/3750 3751/3751
f 3730/3730 3751/3751 3731/3731
f 3731/3731 3751/3751 3752/3752
f 3731/3731 3752/3752 3732/3732
f 3732/3732 3752/3752 3753/3753
f 3732/3732 3753/3753 3733/3733
f 3733/3733 3753/3753 3754/3754
f 3733/3733 3754/3754 3734/3734
f 3734/3734 3754/3754 3755/3755
f 3734/3734 3755/3755 3735/3735
f 3735/3735 3755/3755 3756/3756
f 3735/3735 3756/3756 3736/3736
f 3736/3736 3756/3756 3757/3757
f 3736/3736 3757/3757 3737/3737
f 3737/3737 3757/3757 3758/3758
f 3737/3737 3758/3758 3738/3738
f 3738/3738 3758/3758 3759/3759
f 3738/3738 3759/3759 3739/3739
f 3739/3739 3759/3759 3760/3760
f 3739/3739 3760/3760 3740/3740
f 3740/3740 3760/3760 3761/3761
f 3740/3740 3761/3761 3741/3741
f 3741/3741 3761/3761 3762/3762
f 3741/3741 3762/3762 3742/3742
f 3742/3742 3762/3762 3763/3763
f 3742/3742 3763/3763 3743/3743
f 3743/3743 3763/3763 3764/3764
f 3743/3743 3764/3764 3744/3744
f 3744/3744 3764/3764 3765/3765
f 3744/3744 3765/3765 3745/3745
f 3745/3745 3765/3765 3766/3766
f 3745/3745 3766/3766 3746/3746
f 3746/3746 3766/3766 3767/3767
f 3746/3746 3767/3767 3747/3747
f 3747/3747 3767/3767 3748/3748
f 3747/3747 3748/3748 3728/3728
f 3748/3748 3768/3768 3769/3769
f 3748/3748 3769/3769 3749/3749
f 3749/3749 3769/3769 3770/3770
f 3749/3749 3770/3770 3750/3750
f 3750/3750 3770/3770 3771/3771
f 3750/3750 3771/3771 3751/3751
f 3751/3751 3771/3771 3772/3772
f 3751/3751 3772/3772 3752/3752
f 3752/3752 3772/3772 3773/3773
f 3752/3752 3773/3773 3753/3753
f 3753/3753 3773/3773 3774/3774
f 3753/3753 3774/3774 3754/3754
f 3754/3754 3774/3774 3775/3775
f 3754/3754 3775/3775 3755/3755
f 3755/3755 3775/3775 3776/3776
f 3755/3755 3776/3776 3756/3756
f 3756/3756 3776/3776 3777/3777
f 3756/3756 3777/3777 3757/3757
f 3757/3757 3777/3777 3778/3778
f 3757/3757 3778/3778 3758/3758
f 3758/3758 3778/3778 3779/3779
f 3758/3758 3779/3779 3759/3759
f 3759/3759 3779/3779 3780/3780
f 3759/3759 3780/3780 3760/3760
f 3760/3760 3780/3780 3781/3781
f 3760/3760 3781/3781 3761/3761
f 3761/3761 3781/3781 3782/3782
f 3761/3761 3782/3782 3762/3762
f 3762/3762 3782/3782 3783/3783
f 3762/3762 3783/3783 3763/3763
f 3763/3763 3783/3783 3784/3784
f 3763/3763 3784/3784 3764/3764
f 3764/3764 3784/3784 3785/3785
f 3764/3764 3785/3785 3765/3765
f 3765/3765 3785/3785 3786/3786
f 3765/3765 3786/3786 3766/3766
f 3766/3766 3786/3786 3787/3787
f 3766/3766 3787/3787 3767/3767
f 3767/3767 3787/3787 3768/3768
f 3767/3767 3768/3768 3748/3748
f 3788/3788 3769/3769 3768/3768
f 3788/3788 3770/3770 3769/3769
f 3788/3788 3771/3771 3770/3770
f 3788/3788 3772/3772 3771/3771
f 3788/3788 3773/3773 3772/3772
f 3788/3788 3774/3774 3773/3773
f 3788/3788 3775/3775 3774/3774
f 3788/3788 3776/3776 3775/3775
f 3788/3788 3777/3777 3776/3776
f 3788/3788 3778/3778 3777/3777
f 3788/3788 3779/3779 3778/3778
f 3788/3788 3780/3780 3779/3779
f 3788/3788 3781/3781 3780/3780
f 3788/3788 3782/3782 3781/3781
f 3788/3788 3783/3783 3782/3782
f 3788/3788 3784/3784 3783/3783
f 3788/3788 3785/3785 3784/3784
f 3788/3788 3786/3786 3785/3785
f 3788/3788 3787/3787 3786/3786
f 3788/3788 3768/3768 3787/3787
f 3789/3789 3790/3790 3791/3791
f 3792/3792 3793/3793 3794/3794
f 3795/3795 3796/3796 3797/3797
f 3798/3798 3799/3799 3800/3800
f 3801/3801 3802/3802 3803/3803
f 3804/3804 3805/3805 3806/3806
f 1327/1327 3807/3807 1328/1328
f 1330/1330 3808/3808 1331/1331
f 1333/1333 3809/3809 1334/1334
f 1336/1336 3810/3810 1337/1337
f 1339/1339 3811/3811 1340/1340
f 1342/1342 3812/3812 1343/1343
f 1345/1345 3813/3813 1346/1346
f 1348/1348 3814/3814 1349/1349
f 1351/1351 3815/3815 1352/1352
f 1354/1354 3816/3816 1355/1355
f 1357/1357 3817/3817 1358/1358
f 1360/1360 3818/3818 1361/1361
f 1363/1363 3819/3819 1364/1364
f 1366/1366 3820/3820 1367/1367
f 1369/1369 3821/3821 1370/1370
f 1372/1372 3822/3822 1373/1373
f 1375/1375 3823/3823 1376/1376
f 1378/1378 3824/3824 1379/1379
f 1381/1381 3825/3825 1382/1382
f 1384/1384 3826/3826 1385/1385
f 1387/1387 3827/3827 1388/1388
f 1390/1390 3828/3828 1391/1391
f 1393/1393 3829/3829 1394/1394
f 1396/1396 3830/3830 1397/1397
f 1399/1399 3831/3831 1400/1400
f 1402/1402 3832/3832 1403/1403
f 1405/1405 3833/3833 1406/1406
f 1408/1408 3834/3834 1409/1409
f 1411/1411 3835/3835 1412/1412
f 1414/1414 3836/3836 1415/1415
f 1417/1417 3837/3837 1418/1418
f 1420/1420 3838/3838 1421/1421
f 1423/1423 3839/3839 1424/1424
f 1426/1426 3840/3840 1427/1427
f 1429/1429 3841/3841 1430/1430
f 1432/1432 3842/3842 1433/1433
f 1435/1435 3843/3843 1436/1436
f 1438/1438 3844/3844 1439/1439
f 1441/1441 3845/3845 1442/1442
f 1444/1444 3846/3846 1445/1445
f 1447/1447 3847/3847 1448/1448
f 1450/1450 3848/3848 1451/1451
f 1453/1453 3849/3849 1454/1454
f 1456/1456 3850/3850 1457/1457
f 1459/1459 3851/3851 1460/1460
f 1462/1462 3852/3852 1463/1463
f 1465/1465 3853/3853 1466/1466
f 1468/1468 3854/3854 1469/1469
f 1471/1471 3855/3855 1472/1472
f 1474/1474 3856/3856 1475/1475
f 1477/1477 3857/3857 1478/1478
f 1480/1480 3858/3858 1481/1481
f 1483/1483 3859/3859 1484/1484
f 1486/1486 3860/3860 1487/1487
f 1489/1489 3861/3861 1490/1490
f 1492/1492 3862/3862 1493/1493
f 1495/1495 3863/3863 1496/1496
f 1498/1498 3864/3864 1499/1499
f 1501/1501 3865/3865 1502/1502
f 1504/1504 3866/3866 1505/1505
f 1507/1507 3867/3867 1508/1508
f 1510/1510 3868/3868 1511/1511
f 1513/1513 3869/3869 1514/1514
f 1516/1516 3870/3870 1517/1517
f 1519/1519 3871/3871 1520/1520
f 1522/1522 3872/3872 1523/1523
f 1525/1525 3873/3873 1526/1526
f 1528/1528 3874/3874 1529/1529
f 1531/1531 3875/3875 1532/1532
f 1534/1534 3876/3876 1535/1535
f 1537/1537 3877/3877 1538/1538
f 1540/1540 3878/3878 1541/1541
f 1543/1543 3879/3879 1544/1544
f 1546/1546 3880/3880 1547/1547
f 1549/1549 3881/3881 1550/1550
f 1552/1552 3882/3882 1553/1553
f 1555/1555 3883/3883 1556/1556
f 1558/1558 3884/3884 1559/1559
f 1561/1561 3885/3885 1562/1562
f 1564/1564 3886/3886 1565/1565
f 1567/1567 3887/3887 1568/1568
f 1570/1570 3888/3888 1571/1571
f 1573/1573 3889/3889 1574/1574
f 1576/1576 3890/3890 1577/1577
f 1579/1579 3891/3891 1580/1580
f 1582/1582 3892/3892 1583/1583
f 1585/1585 3893/3893 1586/1586
f 1588/1588 3894/3894 1589/1589
f 1591/1591 3895/3895 1592/1592
f 1594/1594 3896/3896 1595/1595
f 1597/1597 3897/3897 1598/1598
f 1600/1600 3898/3898 1601/1601
f 1603/1603 3899/3899 1604/1604
f 1606/1606 3900/3900 1607/1607
f 1609/1609 3901/3901 1610/1610
f 1612/1612 3902/3902 1613/1613
f 1615/1615 3903/3903 1616/1616
f 1618/1618 3904/3904 1619/1619
f 1621/1621 3905/3905 1622/1622
f 1624/1624 3906/3906 1625/1625
f 1627/1627 3907/3907 1628/1628
f 1630/1630 3908/3908 1631/1631
f 1633/1633 3909/3909 1634/1634
f 1636/1636 3910/3910 1637/1637
f 1639/1639 3911/3911 1640/1640
f 1642/1642 3912/3912 1643/1643
f 1645/1645 3913/3913 1646/1646
f 1648/1648 3914/3914 1649/1649
f 1651/1651 3915/3915 1652/1652
f 1654/1654 3916/3916 1655/1655
f 1657/1657 3917/3917 1658/1658
f 1660/1660 3918/3918 1661/1661
f 1663/1663 3919/3919 1664/1664
f 1666/1666 3920/3920 1667/1667
f 1669/1669 3921/3921 1670/1670
f 1672/1672 3922/3922 1673/1673
f 1675/1675 3923/3923 1676/1676
f 1678/1678 3924/3924 1679/1679
f 1681/1681 3925/3925 1682/1682
f 1684/1684 3926/3926 1685/1685
f 1687/1687 3927/3927 1688/1688
f 1690/1690 3928/3928 1691/1691
f 1693/1693 3929/3929 1694/1694
f 1696/1696 3930/3930 1697/1697
f 1699/1699 3931/3931 1700/1700
f 1702/1702 3932/3932 1703/1703
f 1705/1705 3933/3933 1706/1706
f 1708/1708 3934/3934 1709/1709
f 1711/1711 3935/3935 1712/1712
f 1714/1714 3936/3936 1715/1715
f 1717/1717 3937/3937 1718/1718
f 1720/1720 3938/3938 1721/1721
f 1723/1723 3939/3939 1724/1724
f 1726/1726 3940/3940 1727/1727
f 1729/1729 3941/3941 1730/1730
f 1732/1732 3942/3942 1733/1733
f 1735/1735 3943/3943 1736/1736
f 1738/1738 3944/3944 1739/1739
f 1741/1741 3945/3945 1742/1742
f 1744/1744 3946/3946 1745/1745
f 1747/1747 3947/3947 1748/1748
f 1750/1750 3948/3948 1751/1751
f 1753/1753 3949/3949 1754/1754
f 1756/1756 3950/3950 1757/1757
f 1759/1759 3951/3951 1760/1760
f 1762/1762 3952/3952 1763/1763
f 1765/1765 3953/3953 1766/1766
f 1768/1768 3954/3954 1769/1769
f 1771/1771 3955/3955 1772/1772
f 1774/1774 3956/3956 1775/1775
f 1777/1777 3957/3957 1778/1778
f 1780/1780 3958/3958 1781/1781
f 1783/1783 3959/3959 1784/1784
f 1786/1786 3960/3960 1787/1787
f 1789/1789 3961/3961 1790/1790
f 1792/1792 3962/3962 1793/1793
f 1795/1795 3963/3963 1796/1796
f 1798/1798 3964/3964 1799/1799
f 1801/1801 3965/3965 1802/1802
f 1804/1804 3966/3966 1805/1805
f 1807/1807 3967/3967 1808/1808
f 1810/1810 3968/3968 1811/1811
f 1813/1813 3969/3969 1814/1814
f 1816/1816 3970/3970 1817/1817
f 1819/1819 3971/3971 1820/1820
f 1822/1822 3972/3972 1823/1823
f 1825/1825 3973/3973 1826/1826
f 1828/1828 3974/3974 1829/1829
f 1831/1831 3975/3975 1832/1832
f 1834/1834 3976/3976 1835/1835
f 1837/1837 3977/3977 1838/1838
f 1840/1840 3978/3978 1841/1841
f 1843/1843 3979/3979 1844/1844
f 1846/1846 3980/3980 1847/1847
f 1849/1849 3981/3981 1850/1850
f 1852/1852 3982/3982 1853/1853
f 1855/1855 3983/3983 1856/1856
f 1858/1858 3984/3984 1859/1859
f 1861/1861 3985/3985 1862/1862
f 1864/1864 3986/3986 1865/1865
f 1867/1867 3987/3987 1868/1868
f 1870/1870 3988/3988 1871/1871
f 1873/1873 3989/3989 1874/1874
f 1876/1876 3990/3990 1877/1877
f 1879/1879 3991/3991 1880/1880
f 1882/1882 3992/3992 1883/1883
f 1885/1885 3993/3993 1886/1886
f 1888/1888 3994/3994 1889/1889
f 1891/1891 3995/3995 1892/1892
f 1894/1894 3996/3996 1895/1895
f 1897/1897 3997/3997 1898/1898
f 1900/1900 3998/3998 1901/1901
f 1903/1903 3999/3999 1904/1904
f 1906/1906 4000/4000 1907/1907
f 1909/1909 4001/4001 1910/1910
f 1912/1912 4002/4002 1913/1913
f 1915/1915 4003/4003 1916/1916
f 1918/1918 4004/4004 1919/1919
f 1921/1921 4005/4005 1922/1922
f 1924/1924 4006/4006 1925/1925
f 1927/1927 4007/4007 1928/1928
f 1930/1930 4008/4008 1931/1931
f 1933/1933 4009/4009 1934/1934
f 1936/1936 4010/4010 1937/1937
f 1939/1939 4011/4011 1940/1940
f 1942/1942 4012/4012 1943/1943
f 1945/1945 4013/4013 1946/1946
f 1948/1948 4014/4014 1949/1949
f 1951/1951 4015/4015 1952/1952
f 1954/1954 4016/4016 1955/1955
f 1957/1957 4017/4017 1958/1958
f 1960/1960 4018/4018 1961/1961
f 1963/1963 4019/4019 1964/1964
f 1966/1966 4020/4020 1967/1967
f 1969/1969 4021/4021 1970/1970
f 1972/1972 4022/4022 1973/1973
f 1975/1975 4023/4023 1976/1976
f 1978/1978 4024/4024 1979/1979
f 1981/1981 4025/4025 1982/1982
f 1984/1984 4026/4026 1985/1985
f 1987/1987 4027/4027 1988/1988
f 1990/1990 4028/4028 1991/1991
f 1993/1993 4029/4029 1994/1994
f 1996/1996 4030/4030 1997/1997
f 1999/1999 4031/4031 2000/2000
f 2002/2002 4032/4032 2003/2003
f 2005/2005 4033/4033 2006/2006
f 2008/2008 4034/4034 2009/2009
f 2011/2011 4035/4035 2012/2012
f 2014/2014 4036/4036 2015/2015
f 2017/2017 4037/4037 2018/2018
f 2020/2020 4038/4038 2021/2021
f 2023/2023 4039/4039 2024/2024
f 2026/2026 4040/4040 2027/2027
f 2029/2029 4041/4041 2030/2030
f 2032/2032 4042/4042 2033/2033
f 2035/2035 4043/4043 2036/2036
f 2038/2038 4044/4044 2039/2039
f 2041/2041 4045/4045 2042/2042
f 2044/2044 4046/4046 2045/2045
f 2047/2047 4047/4047 2048/2048
f 2050/2050 4048/4048 2051/2051
f 2053/2053 4049/4049 2054/2054
f 2056/2056 4050/4050 2057/2057
f 2059/2059 4051/4051 2060/2060
f 2062/2062 4052/4052 2063/2063
f 2065/2065 4053/4053 2066/2066
f 2068/2068 4054/4054 2069/2069
f 2071/2071 4055/4055 2072/2072
f 2074/2074 4056/4056 2075/2075
f 2077/2077 4057/4057 2078/2078
f 2080/2080 4058/4058 2081/2081
f 2083/2083 4059/4059 2084/2084
f 2086/2086 4060/4060 2087/2087
f 2089/2089 4061/4061 2090/2090
f 2092/2092 4062/4062 2093/2093
f 2095/2095 4063/4063 2096/2096
f 2098/2098 4064/4064 2099/2099
f 2101/2101 4065/4065 2102/2102
f 2104/2104 4066/4066 2105/2105
f 2107/2107 4067/4067 2108/2108
f 2110/2110 4068/4068 2111/2111
f 2113/2113 4069/4069 2114/2114
f 2116/2116 4070/4070 2117/2117
f 2119/2119 4071/4071 2120/2120
f 2122/2122 4072/4072 2123/2123
f 2125/2125 4073/4073 2126/2126
f 2128/2128 4074/4074 2129/2129
f 2131/2131 4075/4075 2132/2132
f 2134/2134 4076/4076 2135/2135
f 2137/2137 4077/4077 2138/2138
f 2140/2140 4078/4078 2141/2141
f 2143/2143 4079/4079 2144/2144
f 2146/2146 4080/4080 2147/2147
f 2149/2149 4081/4081 2150/2150
f 2152/2152 4082/4082 2153/2153
f 2155/2155 4083/4083 2156/2156
f 2158/2158 4084/4084 2159/2159
f 2161/2161 4085/4085 2162/2162
f 2164/2164 4086/4086 2165/2165
f 2167/2167 4087/4087 2168/2168
f 2170/2170 4088/4088 2171/2171
f 2173/2173 4089/4089 2174/2174
f 2176/2176 4090/4090 2177/2177
f 2179/2179 4091/4091 2180/2180
f 2182/2182 4092/4092 2183/2183
f 2185/2185 4093/4093 2186/2186
f 2188/2188 4094/4094 2189/2189
f 2191/2191 4095/4095 2192/2192
f 2194/2194 4096/4096 2195/2195
f 2197/2197 4097/4097 2198/2198
f 2200/2200 4098/4098 2201/2201
f 2203/2203 4099/4099 2204/2204
f 2206/2206 4100/4100 2207/2207
f 2209/2209 4101/4101 2210/2210
f 2212/2212 4102/4102 2213/2213
f 2215/2215 4103/4103 2216/2216
f 2218/2218 4104/4104 2219/2219
f 2221/2221 4105/4105 2222/2222
f 2224/2224 4106/4106 2225/2225
f 2227/2227 4107/4107 2228/2228
f 2230/2230 4108/4108 2231/2231
f 2233/2233 4109/4109 2234/2234
f 2236/2236 4110/4110 2237/2237
f 2239/2239 4111/4111 2240/2240
f 2242/2242 4112/4112 2243/2243
f 2245/2245 4113/4113 2246/2246
f 2248/2248 4114/4114 2249/2249
f 2251/2251 4115/4115 2252/2252
f 2254/2254 4116/4116 2255/2255
f 2257/2257 4117/4117 2258/2258
f 2260/2260 4118/4118 2261/2261
f 2263/2263 4119/4119 2264/2264
f 2266/2266 4120/4120 2267/2267
f 2269/2269 4121/4121 2270/2270
f 2272/2272 4122/4122 2273/2273
f 2275/2275 4123/4123 2276/2276
f 2278/2278 4124/4124 2279/2279
f 2281/2281 4125/4125 2282/2282
f 2284/2284 4126/4126 2285/2285
f 2287/2287 4127/4127 2288/2288
f 2290/2290 4128/4128 2291/2291
f 2293/2293 4129/4129 2294/2294
f 2296/2296 4130/4130 2297/2297
f 2481/2481 4131/4131 2482/2482
f 2484/2484 4132/4132 2485/2485
f 2487/2487 4133/4133 2488/2488
f 2490/2490 4134/4134 2491/2491
f 2493/2493 4135/4135 2494/2494
f 2496/2496 4136/4136 2497/2497
f 2499/2499 4137/4137 2500/2500
f 2502/2502 4138/4138 2503/2503
f 2505/2505 4139/4139 2506/2506
f 2508/2508 4140/4140 2509/2509
f 2511/2511 4141/4141 2512/2512
f 2514/2514 4142/4142 2515/2515
f 2517/2517 4143/4143 2518/2518
f 2520/2520 4144/4144 2521/2521
f 2523/2523 4145/4145 2524/2524
f 2526/2526 4146/4146 2527/2527
f 2529/2529 4147/4147 2530/2530
f 2532/2532 4148/4148 2533/2533
f 2535/2535 4149/4149 2536/2536
f 2538/2538 4150/4150 2539/2539
f 2541/2541 4151/4151 2542/2542
f 2544/2544 4152/4152 2545/2545
f 2547/2547 4153/4153 2548/2548
f 2550/2550 4154/4154 2551/2551
f 2553/2553 4155/4155 2554/2554
f 2556/2556 4156/4156 2557/2557
f 2559/2559 4157/4157 2560/2560
f 2562/2562 4158/4158 2563/2563
f 2565/2565 4159/4159 2566/2566
f 2568/2568 4160/4160 2569/2569
f 2571/2571 4161/4161 2572/2572
f 2574/2574 4162/4162 2575/2575
f 2577/2577 4163/4163 2578/2578
f 2580/2580 4164/4164 2581/2581
f 2583/2583 4165/4165 2584/2584
f 2586/2586 4166/4166 2587/2587
f 2589/2589 4167/4167 2590/2590
f 2592/2592 4168/4168 2593/2593
f 2595/2595 4169/4169 2596/2596
f 2598/2598 4170/4170 2599/2599
f 2601/2601 4171/4171 2602/2602
f 2604/2604 4172/4172 2605/2605
f 2607/2607 4173/4173 2608/2608
f 2610/2610 4174/4174 2611/2611
f 2613/2613 4175/4175 2614/2614
f 2616/2616 4176/4176 2617/2617
f 2619/2619 4177/4177 2620/2620
f 2622/2622 4178/4178 2623/2623
f 2625/2625 4179/4179 2626/2626
f 2628/2628 4180/4180 2629/2629
f 2631/2631 4181/4181 2632/2632
f 2634/2634 4182/4182 2635/2635
f 2637/2637 4183/4183 2638/2638
f 2640/2640 4184/4184 2641/2641
f 2643/2643 4185/4185 2644/2644
f 2646/2646 4186/4186 2647/2647
f 2649/2649 4187/4187 2650/2650
f 2652/2652 4188/4188 2653/2653
f 2655/2655 4189/4189 2656/2656
f 2658/2658 4190/4190 2659/2659
f 2661/2661 4191/4191 2662/2662
f 2664/2664 4192/4192 2665/2665
f 2667/2667 4193/4193 2668/2668
f 2670/2670 4194/4194 2671/2671
f 2673/2673 4195/4195 2674/2674
f 2676/2676 4196/4196 2677/2677
f 2679/2679 4197/4197 2680/2680
f 2682/2682 4198/4198 2683/2683
f 2685/2685 4199/4199 2686/2686
f 2688/2688 4200/4200 2689/2689
f 2691/2691 4201/4201 2692/2692
f 2694/2694 4202/4202 2695/2695
f 2697/2697 4203/4203 2698/2698
f 2700/2700 4204/4204 2701/2701
f 2703/2703 4205/4205 2704/2704
f 2706/2706 4206/4206 2707/2707
f 2709/2709 4207/4207 2710/2710
f 2712/2712 4208/4208 2713/2713
f 2715/2715 4209/4209 2716/2716
f 2718/2718 4210/4210 2719/2719
f 2721/2721 4211/4211 2722/2722
f 2724/2724 4212/4212 2725/2725
f 2727/2727 4213/4213 2728/2728
f 2730/2730 4214/4214 2731/2731
f 2733/2733 4215/4215 2734/2734
f 2736/2736 4216/4216 2737/2737
f 2739/2739 4217/4217 2740/2740
f 2742/2742 4218/4218 2743/2743
f 2745/2745 4219/4219 2746/2746
f 2748/2748 4220/4220 2749/2749
f 2933/2933 4221/4221 2934/2934
f 2936/2936 4222/4222 2937/2937
f 2939/2939 4223/4223 2940/2940
f 2942/2942 4224/4224 2943/2943
f 2945/2945 4225/4225 2946/2946
f 2948/2948 4226/4226 2949/2949
f 2951/2951 4227/4227 2952/2952
f 2954/2954 4228/4228 2955/2955
f 2957/2957 4229/4229 2958/2958
f 2960/2960 4230/4230 2961/2961
f 2963/2963 4231/4231 2964/2964
f 2966/2966 4232/4232 2967/2967
f 2969/2969 4233/4233 2970/2970
f 2972/2972 4234/4234 2973/2973
f 2975/2975 4235/4235 2976/2976
f 2978/2978 4236/4236 2979/2979
f 2981/2981 4237/4237 2982/2982
f 2984/2984 4238/4238 2985/2985
f 2987/2987 4239/4239 2988/2988
f 2990/2990 4240/4240 2991/2991
f 2993/2993 4241/4241 2994/2994
f 2996/2996 4242/4242 2997/2997
f 2999/2999 4243/4243 3000/3000
f 3002/3002 4244/4244 3003/3003
f 3005/3005 4245/4245 3006/3006
f 3008/3008 4246/4246 3009/3009
f 3011/3011 4247/4247 3012/3012
f 3014/3014 4248/4248 3015/3015
f 3017/3017 4249/4249 3018/3018
f 3020/3020 4250/4250 3021/3021
f 3023/3023 4251/4251 3024/3024
f 3026/3026 4252/4252 3027/3027
f 3029/3029 4253/4253 3030/3030
f 3032/3032 4254/4254 3033/3033
f 3035/3035 4255/4255 3036/3036
f 3038/3038 4256/4256 3039/3039
f 3041/3041 4257/4257 3042/3042
f 3044/3044 4258/4258 3045/3045
f 3047/3047 4259/4259 3048/3048
f 3050/3050 4260/4260 3051/3051
f 3053/3053 4261/4261 3054/3054
f 3056/3056 4262/4262 3057/3057
f 3059/3059 4263/4263 3060/3060
f 3062/3062 4264/4264 3063/3063
f 3065/3065 4265/4265 3066/3066
f 3068/3068 4266/4266 3069/3069
f 3071/3071 4267/4267 3072/3072
f 3074/3074 4268/4268 3075/3075
f 3077/3077 4269/4269 3078/3078
f 3080/3080 4270/4270 3081/3081
f 3083/3083 4271/4271 3084/3084
f 3086/3086 4272/4272 3087/3087
f 3089/3089 4273/4273 3090/3090
f 3092/3092 4274/4274 3093/3093
f 3095/3095 4275/4275 3096/3096
f 3098/3098 4276/4276 3099/3099
f 3101/3101 4277/4277 3102/3102
f 3104/3104 4278/4278 3105/3105
f 3107/3107 4279/4279 3108/3108
f 3110/3110 4280/4280 3111/3111
f 3113/3113 4281/4281 3114/3114
f 3116/3116 4282/4282 3117/3117
f 3119/3119 4283/4283 3120/3120
f 3122/3122 4284/4284 3123/3123
f 3125/3125 4285/4285 3126/3126
f 3128/3128 4286/4286 3129/3129
f 3131/3131 4287/4287 3132/3132
f 3134/3134 4288/4288 3135/3135
f 3137/3137 4289/4289 3138/3138
f 3140/3140 4290/4290 3141/3141
f 3143/3143 4291/4291 3144/3144
f 3146/3146 4292/4292 3147/3147
f 3149/3149 4293/4293 3150/3150
f 3152/3152 4294/4294 3153/3153
f 3155/3155 4295/4295 3156/3156
f 3158/3158 4296/4296 3159/3159
f 3161/3161 4297/4297 3162/3162
f 3164/3164 4298/4298 3165/3165
f 3167/3167 4299/4299 3168/3168
f 3170/3170 4300/4300 3171/3171
f 3173/3173 4301/4301 3174/3174
f 3176/3176 4302/4302 3177/3177
f 3179/3179 4303/4303 3180/3180
f 3182/3182 4304/4304 3183/3183
f 3185/3185 4305/4305 3186/3186
f 3188/3188 4306/4306 3189/3189
f 3191/3191 4307/4307 3192/3192
f 3194/3194 4308/4308 3195/3195
f 3197/3197 4309/4309 3198/3198
f 3200/3200 4310/4310 3201/3201
f 3203/3203 4311/4311 3204/3204
f 3206/3206 4312/4312 3207/3207
f 3209/3209 4313/4313 3210/3210
f 3212/3212 4314/4314 3213/3213
f 3215/3215 4315/4315 3216/3216
f 3218/3218 4316/4316 3219/3219
f 3221/3221 3203/3203 3205/3205
f 3223/3223 4317/4317 3224/3224
f 3226/3226 4318/4318 3227/3227
f 3216/3216 4319/4319 3229/3229
f 4320/4320 4321/4321 4322/4322
f 4323/4323 4324/4324 4325/4325
f 4326/4326 4327/4327 4328/4328
f 4329/4329 4330/4330 4331/4331
f 3242/3242 4332/4332 3243/3243
f 3245/3245 4333/4333 3246/3246
f 3248/3248 4334/4334 3249/3249
f 3251/3251 4335/4335 3252/3252
f 3254/3254 4336/4336 3255/3255
f 3257/3257 4337/4337 3258/3258
f 3260/3260 4338/4338 3261/3261
f 3263/3263 4339/4339 3264/3264
f 3266/3266 4340/4340 3267/3267
f 3269/3269 4341/4341 3270/3270
f 3272/3272 3285/3285 3273/3273
f 3275/3275 4342/4342 3276/3276
f 3278/3278 4343/4343 3279/3279
f 3281/3281 4344/4344 3282/3282
f 3284/3284 4345/4345 3285/3285
f 3286/3286 4346/4346 3287/3287
f 4347/4347 4348/4348 4349/4349
f 4350/4350 4351/4351 4352/4352
f 4353/4353 4354/4354 4355/4355
f 4356/4356 4357/4357 4358/4358
f 3301/3301 4359/4359 3302/3302
f 3304/3304 4360/4360 3305/3305
f 3307/3307 4361/4361 3308/3308
f 3310/3310 4362/4362 3311/3311
f 3313/3313 4363/4363 3314/3314
f 3316/3316 4364/4364 3317/3317
f 3319/3319 4365/4365 3320/3320
f 3322/3322 4366/4366 3323/3323
f 3325/3325 4367/4367 3326/3326
f 3328/3328 4368/4368 3329/3329
f 3331/3331 4369/4369 3332/3332
f 3334/3334 4370/4370 3335/3335
f 3337/3337 4371/4371 3338/3338
f 3340/3340 4372/4372 3341/3341
f 3343/3343 4373/4373 3344/3344
f 3346/3346 4374/4374 3347/3347
f 3349/3349 4375/4375 3350/3350
f 3352/3352 4376/4376 3353/3353
f 3355/3355 4377/4377 3356/3356
f 3358/3358 4378/4378 3359/3359
f 3361/3361 4379/4379 3362/3362
f 3364/3364 4380/4380 3365/3365
f 3367/3367 4381/4381 3368/3368
f 3370/3370 4382/4382 3371/3371
f 3373/3373 4383/4383 3374/3374
f 3376/3376 4384/4384 3377/3377
f 3379/3379 4385/4385 3380/3380
f 3382/3382 4386/4386 3383/3383
f 3385/3385 4387/4387 3386/3386
f 3388/3388 4388/4388 3389/3389
f 3391/3391 4389/4389 3392/3392
f 3394/3394 4390/4390 3395/3395
f 3397/3397 4391/4391 3398/3398
f 3400/3400 4392/4392 3401/3401
f 3403/3403 4393/4393 3404/3404
f 3406/3406 4394/4394 3407/3407
f 3409/3409 4395/4395 3410/3410
f 3412/3412 4396/4396 3413/3413
f 3415/3415 4397/4397 3416/3416
f 3418/3418 4398/4398 3419/3419
f 3421/3421 4399/4399 3422/3422
f 3424/3424 4400/4400 3425/3425
f 3427/3427 4401/4401 3428/3428
f 3430/3430 4402/4402 3431/3431
f 3433/3433 4403/4403 3434/3434
f 3436/3436 4404/4404 3437/3437
f 3439/3439 4405/4405 3440/3440
f 3442/3442 4406/4406 3443/3443
f 3445/3445 4407/4407 3446/3446
f 3448/3448 4408/4408 3449/3449
f 3451/3451 4409/4409 3452/3452
f 3454/3454 4410/4410 3455/3455
f 3457/3457 4411/4411 3458/3458
f 3460/3460 4412/4412 3461/3461
f 3463/3463 4413/4413 3464/3464
f 3466/3466 4414/4414 3467/3467
f 3469/3469 4415/4415 3470/3470
f 3472/3472 4416/4416 3473/3473
f 3475/3475 4417/4417 3476/3476
f 3478/3478 4418/4418 3479/3479
f 3481/3481 4419/4419 3482/3482
f 3484/3484 4420/4420 3485/3485
f 3487/3487 4421/4421 3488/3488
f 3490/3490 4422/4422 3491/3491
f 3493/3493 4423/4423 3494/3494
f 3496/3496 4424/4424 3497/3497
f 3499/3499 4425/4425 3500/3500
f 3502/3502 4426/4426 3503/3503
f 3505/3505 4427/4427 3506/3506
f 3508/3508 4428/4428 3509/3509
f 3511/3511 4429/4429 3512/3512
f 3514/3514 4430/4430 3515/3515
f 3517/3517 4431/4431 3518/3518
f 3520/3520 4432/4432 3521/3521
f 3523/3523 4433/4433 3524/3524
f 3526/3526 4434/4434 3527/3527
f 3529/3529 4435/4435 3530/3530
f 3532/3532 4436/4436 3533/3533
f 3535/3535 4437/4437 3536/3536
f 3538/3538 4438/4438 3539/3539
f 3541/3541 4439/4439 3542/3542
f 3544/3544 4440/4440 3545/3545
f 3547/3547 4441/4441 3548/3548
f 3550/3550 4442/4442 3551/3551
f 3553/3553 4443/4443 3554/3554
f 3556/3556 4444/4444 3557/3557
f 3559/3559 4445/4445 3560/3560
f 3562/3562 4446/4446 3563/3563
f 3565/3565 4447/4447 3566/3566
f 3568/3568 4448/4448 3569/3569
f 3571/3571 4449/4449 3572/3572
f 3574/3574 4450/4450 3575/3575
f 3577/3577 4451/4451 3578/3578
f 3580/3580 4452/4452 3581/3581
f 3583/3583 4453/4453 3584/3584
f 3586/3586 4454/4454 3587/3587
f 3589/3589 4455/4455 3590/3590
f 3592/3592 4456/4456 3593/3593
f 3595/3595 4457/4457 3596/3596
f 3598/3598 4458/4458 3599/3599
f 3601/3601 4459/4459 3602/3602
f 3604/3604 4460/4460 3605/3605
f 3789/3789 4461/4461 3790/3790
f 3792/3792 4462/4462 3793/3793
f 3795/3795 4463/4463 3796/3796
f 3798/3798 4464/4464 3799/3799
f 3801/3801 4465/4465 3802/3802
f 3804/3804 4466/4466 3805/3805

