mtllib material.mtl
usemtl material_0
v -1.55419588 0.77899964 2.26112639
v -1.55419588 0.53980197 2.26112643
v -1.55419588 0.53980182 1.38263002
v -1.55419588 0.77899949 1.38262998
v -1.55419588 0.77899949 1.38262998
v -1.55419588 0.53980182 1.38263002
v -1.00518680 0.53980182 1.38263002
v -1.00518680 0.77899949 1.38262998
v -1.00518680 0.53980182 1.38263002
v -1.00518680 0.53980197 2.26112643
v -1.00518680 0.77899964 2.26112639
v -1.00518680 0.77899949 1.38262998
v -1.00518680 0.53980197 2.26112643
v -1.55419588 0.53980197 2.26112643
v -1.55419588 0.77899964 2.26112639
v -1.00518680 0.77899964 2.26112639
v -1.55419588 0.53980182 1.38263002
v -1.55419588 0.53980197 2.26112643
v -1.00518680 0.53980197 2.26112643
v -1.00518680 0.53980182 1.38263002
v -0.88451910 0.86621350 1.83086548
v -0.88451910 0.98837578 1.83086546
v -0.88503283 0.98837578 1.83608158
v -0.88503283 0.86621350 1.83608160
v -0.88655436 0.98837578 1.84109743
v -0.88655436 0.86621350 1.84109745
v -0.88902509 0.98837579 1.84571989
v -0.88902509 0.86621350 1.84571991
v -0.89235020 0.98837579 1.84977158
v -0.89235020 0.86621350 1.84977160
v -0.89640188 0.98837579 1.85309668
v -0.89640188 0.86621350 1.85309670
v -0.90102446 0.98837579 1.85556753
v -0.90102446 0.86621350 1.85556755
v -0.90604013 0.98837579 1.85708888
v -0.90604013 0.86621351 1.85708890
v -0.91125631 0.98837579 1.85760267
v -0.91125631 0.86621351 1.85760269
v -0.91647249 0.98837579 1.85708888
v -0.91647249 0.86621351 1.85708890
v -0.92148823 0.98837579 1.85556753
v -0.92148823 0.86621350 1.85556755
v -0.92611074 0.98837579 1.85309668
v -0.92611074 0.86621350 1.85309670
v -0.93016243 0.98837579 1.84977158
v -0.93016243 0.86621350 1.84977160
v -0.93348753 0.98837579 1.84571989
v -0.93348753 0.86621350 1.84571991
v -0.93595827 0.98837578 1.84109743
v -0.93595827 0.86621350 1.84109745
v -0.93747979 0.98837578 1.83608158
v -0.93747979 0.86621350 1.83608160
v -0.93747979 0.86621350 1.83608160
v -0.93747979 0.98837578 1.83608158
v -0.93799353 0.98837578 1.83086546
v -0.93799353 0.86621350 1.83086548
v -0.93747979 0.98837578 1.82564934
v -0.93747979 0.86621350 1.82564936
v -0.93595827 0.98837578 1.82063349
v -0.93595827 0.86621350 1.82063351
v -0.93348753 0.98837578 1.81601103
v -0.93348753 0.86621350 1.81601105
v -0.93016243 0.98837578 1.81195934
v -0.93016243 0.86621350 1.81195936
v -0.92611074 0.98837578 1.80863424
v -0.92611074 0.86621350 1.80863426
v -0.92148823 0.98837578 1.80616339
v -0.92148823 0.86621350 1.80616341
v -0.91647249 0.98837578 1.80464204
v -0.91647249 0.86621350 1.80464206
v -0.91125631 0.98837578 1.80412825
v -0.91125631 0.86621350 1.80412827
v -0.90604013 0.98837578 1.80464204
v -0.90604013 0.86621350 1.80464206
v -0.90102440 0.98837578 1.80616339
v -0.90102440 0.86621350 1.80616341
v -0.89640188 0.98837578 1.80863424
v -0.89640188 0.86621350 1.80863426
v -0.89235020 0.98837578 1.81195934
v -0.89235020 0.86621350 1.81195936
v -0.88902509 0.98837578 1.81601103
v -0.88902509 0.86621350 1.81601105
v -0.88655436 0.98837578 1.82063349
v -0.88655436 0.86621350 1.82063351
v -0.92777157 0.98837578 1.82758029
v -0.92809510 0.98837578 1.83086546
v -0.92809510 1.26959330 1.83086541
v -0.92777157 1.26959330 1.82758036
v -0.88503283 0.98837578 1.82564934
v -0.88503283 0.86621350 1.82564936
v -0.91647249 0.86621351 1.85708890
v -0.92148823 0.86621350 1.85556755
v -0.92753983 0.86621333 1.87017737
v -0.91955757 0.86621333 1.87259886
v -0.90295494 0.86621332 1.78913174
v -0.89497256 0.86621332 1.79155312
v -0.89497256 0.85585003 1.79155312
v -0.90295494 0.85585003 1.78913174
v -0.93595827 0.86621350 1.82063351
v -0.93348753 0.86621350 1.81601105
v -0.94663620 0.86621332 1.80722509
v -0.95056838 0.86621332 1.81458173
v -0.89640188 0.86621350 1.80863426
v -0.89235020 0.86621350 1.81195936
v -0.88116801 0.86621332 1.80077706
v -0.88761604 0.86621332 1.79548536
v -0.89640188 0.86621350 1.85309670
v -0.90102446 0.86621350 1.85556755
v -0.89497256 0.86621333 1.87017737
v -0.88761604 0.86621333 1.86624537
v -0.93595827 0.86621350 1.84109745
v -0.93747979 0.86621350 1.83608160
v -0.95298982 0.86621332 1.83916662
v -0.95056838 0.86621332 1.84714899
v -0.91647249 0.86621350 1.80464206
v -0.91125631 0.86621350 1.80412827
v -0.91125619 0.86621332 1.78831408
v -0.91955757 0.86621332 1.78913174
v -0.88503283 0.86621350 1.83608160
v -0.88655436 0.86621350 1.84109745
v -0.87194407 0.86621332 1.84714899
v -0.86952269 0.86621332 1.83916662
v -0.92611074 0.86621350 1.85309670
v -0.93489635 0.86621333 1.86624537
v -0.93016243 0.86621350 1.81195936
v -0.94134444 0.86621332 1.80077706
v -0.88902509 0.86621350 1.81601105
v -0.87587619 0.86621332 1.80722509
v -0.90604013 0.86621351 1.85708890
v -0.90295494 0.86621333 1.87259886
v -0.93747979 0.86621350 1.83608160
v -0.93799353 0.86621350 1.83086548
v -0.95380741 0.86621332 1.83086524
v -0.90604013 0.86621350 1.80464206
v -0.90295494 0.86621332 1.78913174
v -0.88902509 0.86621350 1.84571991
v -0.87587619 0.86621333 1.85450540
v -0.93016243 0.86621350 1.84977160
v -0.94134444 0.86621333 1.86095343
v -0.92611074 0.86621350 1.80863426
v -0.93489641 0.86621332 1.79548536
v -0.88655436 0.86621350 1.82063351
v -0.87194407 0.86621332 1.81458173
v -0.91125631 0.86621351 1.85760269
v -0.91125619 0.86621333 1.87341652
v -0.93747979 0.86621350 1.82564936
v -0.95298982 0.86621332 1.82256398
v -0.90102440 0.86621350 1.80616341
v -0.89497256 0.86621332 1.79155312
v -0.89235020 0.86621350 1.84977160
v -0.88116801 0.86621333 1.86095343
v -0.93348753 0.86621350 1.84571991
v -0.94663620 0.86621333 1.85450540
v -0.92148823 0.86621350 1.80616341
v -0.92753983 0.86621332 1.79155312
v -0.88503283 0.86621350 1.82564936
v -0.86952269 0.86621332 1.82256398
v -0.88451910 0.86621350 1.83086548
v -0.86870503 0.86621332 1.83086524
v -0.94134444 0.86621333 1.86095343
v -0.94663620 0.86621333 1.85450540
v -0.94663620 0.85585005 1.85450540
v -0.94134444 0.85585005 1.86095343
v -0.88761604 0.86621332 1.79548536
v -0.88761604 0.85585004 1.79548536
v -0.95056838 0.86621332 1.84714899
v -0.95056838 0.85585004 1.84714899
v -0.86870503 0.86621332 1.83086524
v -0.86952269 0.86621332 1.83916662
v -0.86952269 0.85585004 1.83916662
v -0.86870503 0.85585004 1.83086524
v -0.88116801 0.86621332 1.80077706
v -0.88116801 0.85585004 1.80077706
v -0.95298982 0.86621332 1.83916662
v -0.95298982 0.85585004 1.83916662
v -0.87194407 0.86621332 1.84714899
v -0.87194407 0.85585004 1.84714899
v -0.87587619 0.86621332 1.80722509
v -0.87587619 0.85585004 1.80722509
v -0.95298982 0.86621332 1.83916662
v -0.95380741 0.86621332 1.83086524
v -0.95380741 0.85585004 1.83086524
v -0.95298982 0.85585004 1.83916662
v -0.87587619 0.86621333 1.85450540
v -0.87587619 0.85585005 1.85450540
v -0.87194407 0.86621332 1.81458173
v -0.87194407 0.85585004 1.81458173
v -0.95298982 0.86621332 1.82256398
v -0.95298982 0.85585004 1.82256399
v -0.88116801 0.86621333 1.86095343
v -0.88116801 0.85585005 1.86095343
v -0.86952269 0.86621332 1.82256398
v -0.86952269 0.85585004 1.82256399
v -0.95056838 0.86621332 1.81458173
v -0.95056838 0.85585004 1.81458173
v -0.88761604 0.86621333 1.86624537
v -0.88761604 0.85585005 1.86624537
v -0.94663620 0.86621332 1.80722509
v -0.94663620 0.85585004 1.80722509
v -0.89497256 0.86621333 1.87017737
v -0.89497256 0.85585005 1.87017737
v -0.94134444 0.86621332 1.80077706
v -0.94134444 0.85585004 1.80077706
v -0.90295494 0.86621333 1.87259886
v -0.90295494 0.85585005 1.87259887
v -0.93489641 0.86621332 1.79548536
v -0.93489641 0.85585004 1.79548536
v -0.91125619 0.86621333 1.87341652
v -0.91125619 0.85585005 1.87341652
v -0.92753983 0.86621332 1.79155312
v -0.92753983 0.85585003 1.79155312
v -0.91955757 0.86621333 1.87259886
v -0.91955757 0.85585005 1.87259887
v -0.91955757 0.86621332 1.78913174
v -0.91955757 0.85585003 1.78913174
v -0.92753983 0.86621333 1.87017737
v -0.92753983 0.85585005 1.87017737
v -0.91125619 0.86621332 1.78831408
v -0.91125619 0.85585003 1.78831408
v -0.93489635 0.86621333 1.86624537
v -0.93489635 0.85585005 1.86624537
v -0.89441752 0.98837578 1.83086546
v -0.89474106 0.98837578 1.83415063
v -0.88503283 0.98837578 1.83608158
v -0.88451910 0.98837578 1.83086546
v -0.89569932 0.98837578 1.83730944
v -0.88655436 0.98837578 1.84109743
v -0.89725542 0.98837578 1.84022053
v -0.88902509 0.98837579 1.84571989
v -0.89934951 0.98837579 1.84277232
v -0.89235020 0.98837579 1.84977158
v -0.90190119 0.98837579 1.84486635
v -0.89640188 0.98837579 1.85309668
v -0.90481240 0.98837579 1.84642251
v -0.90102446 0.98837579 1.85556753
v -0.90797126 0.98837579 1.84738072
v -0.90604013 0.98837579 1.85708888
v -0.91125631 0.98837579 1.84770425
v -0.91125631 0.98837579 1.85760267
v -0.91454136 0.98837579 1.84738072
v -0.91647249 0.98837579 1.85708888
v -0.91770023 0.98837579 1.84642251
v -0.92148823 0.98837579 1.85556753
v -0.92061144 0.98837579 1.84486635
v -0.92611074 0.98837579 1.85309668
v -0.92316312 0.98837579 1.84277232
v -0.93016243 0.98837579 1.84977158
v -0.92525721 0.98837578 1.84022053
v -0.93348753 0.98837579 1.84571989
v -0.92681330 0.98837578 1.83730944
v -0.93595827 0.98837578 1.84109743
v -0.92777157 0.98837578 1.83415063
v -0.93747979 0.98837578 1.83608158
v -0.92777157 0.98837578 1.83415063
v -0.92809510 0.98837578 1.83086546
v -0.93799353 0.98837578 1.83086546
v -0.93747979 0.98837578 1.83608158
v -0.92777157 0.98837578 1.82758029
v -0.93747979 0.98837578 1.82564934
v -0.92681330 0.98837578 1.82442148
v -0.93595827 0.98837578 1.82063349
v -0.92525721 0.98837578 1.82151039
v -0.93348753 0.98837578 1.81601103
v -0.92316312 0.98837578 1.81895860
v -0.93016243 0.98837578 1.81195934
v -0.92061144 0.98837578 1.81686457
v -0.92611074 0.98837578 1.80863424
v -0.91770023 0.98837578 1.81530841
v -0.92148823 0.98837578 1.80616339
v -0.91454136 0.98837578 1.81435021
v -0.91647249 0.98837578 1.80464204
v -0.91125631 0.98837578 1.81402667
v -0.91125631 0.98837578 1.80412825
v -0.90797126 0.98837578 1.81435021
v -0.90604013 0.98837578 1.80464204
v -0.90481240 0.98837578 1.81530841
v -0.90102440 0.98837578 1.80616339
v -0.90190119 0.98837578 1.81686457
v -0.89640188 0.98837578 1.80863424
v -0.89934951 0.98837578 1.81895860
v -0.89235020 0.98837578 1.81195934
v -0.89725542 0.98837578 1.82151039
v -0.88902509 0.98837578 1.81601103
v -0.89569932 0.98837578 1.82442148
v -0.88655436 0.98837578 1.82063349
v -0.89474106 0.98837578 1.82758041
v -0.88503283 0.98837578 1.82564934
v -0.89569932 1.26959330 1.82442156
v -0.89725542 1.26959330 1.82151035
v -0.89819694 1.28299731 1.82151034
v -0.89665425 1.28320032 1.82442167
v -0.89934951 0.98837579 1.84277232
v -0.89725542 0.98837578 1.84022053
v -0.89725542 1.26959330 1.84022060
v -0.89934951 1.26959330 1.84277228
v -0.89474106 0.98837578 1.82758041
v -0.89569932 0.98837578 1.82442148
v -0.89474106 1.26959330 1.82758036
v -0.92681330 0.98837578 1.82442148
v -0.92681330 1.26959330 1.82442156
v -0.90190119 0.98837579 1.84486635
v -0.90190119 1.26959330 1.84486631
v -0.89441752 0.98837578 1.83086546
v -0.89441752 1.26959330 1.83086541
v -0.92525721 0.98837578 1.82151039
v -0.92525721 1.26959330 1.82151035
v -0.90481240 0.98837579 1.84642251
v -0.90481240 1.26959330 1.84642247
v -0.92316312 0.98837578 1.81895860
v -0.92316312 1.26959330 1.81895867
v -0.90797126 0.98837579 1.84738072
v -0.90797126 1.26959330 1.84738067
v -0.92061144 0.98837578 1.81686457
v -0.92061144 1.26959330 1.81686452
v -0.91125631 0.98837579 1.84770425
v -0.91125631 1.26959330 1.84770420
v -0.91770023 0.98837578 1.81530841
v -0.91770023 1.26959330 1.81530848
v -0.91454136 0.98837579 1.84738072
v -0.91454136 1.26959330 1.84738067
v -0.91454136 0.98837578 1.81435021
v -0.91454136 1.26959330 1.81435016
v -0.91770023 0.98837579 1.84642251
v -0.91770023 1.26959330 1.84642247
v -0.91125631 0.98837578 1.81402667
v -0.91125631 1.26959330 1.81402663
v -0.92061144 0.98837579 1.84486635
v -0.92061144 1.26959330 1.84486631
v -0.90797126 0.98837578 1.81435021
v -0.90797126 1.26959330 1.81435016
v -0.92316312 0.98837579 1.84277232
v -0.92316312 1.26959330 1.84277228
v -0.90481240 0.98837578 1.81530841
v -0.90481240 1.26959330 1.81530848
v -0.92525721 0.98837578 1.84022053
v -0.92525721 1.26959330 1.84022060
v -0.90190119 0.98837578 1.81686457
v -0.90190119 1.26959330 1.81686452
v -0.92681330 0.98837578 1.83730944
v -0.92681330 1.26959330 1.83730939
v -0.89474106 0.98837578 1.83415063
v -0.89474106 1.26959330 1.83415058
v -0.89934951 0.98837578 1.81895860
v -0.89934951 1.26959330 1.81895867
v -0.92777157 0.98837578 1.83415063
v -0.92777157 1.26959330 1.83415058
v -0.89569932 0.98837578 1.83730944
v -0.89569932 1.26959330 1.83730939
v -0.89725542 0.98837578 1.82151039
v -0.92777157 0.98837578 1.83415063
v -0.92777157 1.26959330 1.83415058
v -0.92388308 1.27961570 1.81895879
v -0.92595923 1.27934235 1.82151034
v -0.92792779 1.28891617 1.82151046
v -0.92590499 1.28945833 1.81895879
v -0.92877281 1.27897197 1.83086553
v -0.92845201 1.27901417 1.82758048
v -0.89819694 1.28299731 1.84022072
v -0.90027320 1.28272397 1.84277227
v -0.89570415 1.28332549 1.82758048
v -0.92750204 1.27913910 1.82442167
v -0.90280306 1.28239090 1.84486654
v -0.89538342 1.28336769 1.83086553
v -0.90568936 1.28201086 1.84642246
v -0.90882111 1.28159863 1.84738067
v -0.92135322 1.27994877 1.81686452
v -0.91207814 1.28116972 1.84770432
v -0.91846693 1.28032869 1.81530860
v -0.91533506 1.28074104 1.84738067
v -0.91533506 1.28074103 1.81435040
v -0.91846693 1.28032869 1.84642246
v -0.91207814 1.28116971 1.81402674
v -0.92135322 1.27994877 1.84486654
v -0.90882111 1.28159863 1.81435040
v -0.92388308 1.27961570 1.84277228
v -0.90568936 1.28201085 1.81530860
v -0.92595923 1.27934236 1.84022072
v -0.90280306 1.28239089 1.81686452
v -0.92750204 1.27913910 1.83730939
v -0.89570415 1.28332549 1.83415058
v -0.90027320 1.28272396 1.81895879
v -0.92845201 1.27901417 1.83415058
v -0.89665425 1.28320032 1.83730939
v -0.92845201 1.27901417 1.83415058
v -0.91757709 1.29168969 1.81435039
v -0.92062831 1.29087215 1.81530860
v -0.92414737 1.30104333 1.81530860
v -0.92122900 1.30225211 1.81435039
v -0.90817958 1.29420787 1.84642258
v -0.91123080 1.29339022 1.84738090
v -0.92344028 1.29011875 1.81686476
v -0.91440392 1.29253990 1.84770444
v -0.91757709 1.29168970 1.84738090
v -0.92062831 1.29087216 1.84642258
v -0.91440392 1.29253989 1.81402686
v -0.92344028 1.29011876 1.84486654
v -0.91123080 1.29339021 1.81435039
v -0.92590499 1.28945834 1.84277239
v -0.90817958 1.29420787 1.81530860
v -0.92792779 1.28891617 1.84022072
v -0.90536761 1.29496127 1.81686476
v -0.92943084 1.28851348 1.83730951
v -0.89813894 1.29689819 1.83086565
v -0.89845145 1.29681450 1.83415070
v -0.90290284 1.29562169 1.81895879
v -0.93035638 1.28826553 1.83415070
v -0.89937699 1.29656655 1.83730951
v -0.90088010 1.29616374 1.82151046
v -0.93035638 1.28826553 1.83415070
v -0.93066895 1.28818184 1.83086565
v -0.90088010 1.29616374 1.84022072
v -0.89937699 1.29656655 1.82442167
v -0.93035638 1.28826553 1.82758048
v -0.90290284 1.29562170 1.84277239
v -0.89845145 1.29681450 1.82758048
v -0.92943084 1.28851348 1.82442167
v -0.90536761 1.29496128 1.84486654
v -0.91224051 1.30597526 1.81530860
v -0.91515893 1.30476647 1.81435039
v -0.92053837 1.31553250 1.81435051
v -0.91780269 1.31711203 1.81530883
v -0.92122900 1.30225212 1.84738090
v -0.92414737 1.30104333 1.84642270
v -0.91819394 1.30350929 1.81402686
v -0.92683697 1.29992920 1.84486654
v -0.92919445 1.29895288 1.84277251
v -0.93112910 1.29815132 1.84022072
v -0.90955096 1.30708939 1.81686475
v -0.93256676 1.29755575 1.83730963
v -0.90263695 1.30995327 1.83086565
v -0.90293586 1.30982953 1.83415082
v -0.90719348 1.30806583 1.81895878
v -0.93345201 1.29718930 1.83415082
v -0.90382117 1.30946273 1.83730962
v -0.90525877 1.30886727 1.82151058
v -0.93345201 1.29718930 1.83415082
v -0.93375093 1.29706532 1.83086565
v -0.90525877 1.30886728 1.84022071
v -0.90382117 1.30946273 1.82442167
v -0.93345201 1.29718930 1.82758060
v -0.90719348 1.30806583 1.84277251
v -0.90293586 1.30982953 1.82758060
v -0.93256676 1.29755574 1.82442167
v -0.90955091 1.30708939 1.84486654
v -0.93112910 1.29815131 1.82151058
v -0.91224051 1.30597526 1.84642270
v -0.92919445 1.29895288 1.81895879
v -0.91515893 1.30476648 1.84738090
v -0.92683697 1.29992920 1.81686476
v -0.91819394 1.30350930 1.84770444
v -0.90991056 1.32166857 1.83730962
v -0.90908074 1.32214767 1.83415081
v -0.91678089 1.33355862 1.83415081
v -0.91754109 1.33297521 1.83730974
v -0.93369496 1.30793673 1.84277251
v -0.93550849 1.30688960 1.84022083
v -0.91528153 1.31856757 1.81686475
v -0.93685603 1.30611152 1.83730962
v -0.90880048 1.32230955 1.83086576
v -0.91307175 1.31984359 1.81895890
v -0.93768597 1.30563253 1.83415082
v -0.91125816 1.32089048 1.82151058
v -0.93768597 1.30563253 1.83415082
v -0.93796611 1.30547076 1.83086577
v -0.91125816 1.32089049 1.84022083
v -0.90991056 1.32166856 1.82442191
v -0.93768597 1.30563253 1.82758072
v -0.91307175 1.31984359 1.84277251
v -0.90908074 1.32214767 1.82758071
v -0.93685603 1.30611151 1.82442191
v -0.91528153 1.31856758 1.84486666
v -0.93550849 1.30688959 1.82151058
v -0.91780269 1.31711203 1.84642270
v -0.93369496 1.30793673 1.81895902
v -0.92053837 1.31553251 1.84738090
v -0.93148512 1.30921250 1.81686475
v -0.92338336 1.31389004 1.84770443
v -0.92896390 1.31066805 1.81530883
v -0.92622828 1.31224758 1.84738090
v -0.92622828 1.31224757 1.81435051
v -0.92896390 1.31066805 1.84642270
v -0.92338336 1.31389004 1.81402698
v -0.93148512 1.30921251 1.84486666
v -0.92246139 1.32919985 1.84486677
v -0.92043698 1.33075315 1.84277262
v -0.92916322 1.34060806 1.84277274
v -0.93096751 1.33880383 1.84486677
v -0.92043698 1.33075315 1.81895902
v -0.91877556 1.33202797 1.82151069
v -0.94298565 1.31345087 1.83415082
v -0.94324237 1.31325394 1.83086588
v -0.91877556 1.33202797 1.84022095
v -0.91754109 1.33297521 1.82442190
v -0.94298565 1.31345087 1.82758071
v -0.91678089 1.33355862 1.82758071
v -0.94222546 1.31403416 1.82442191
v -0.91652417 1.33375555 1.83086588
v -0.94099092 1.31498152 1.82151070
v -0.92477095 1.32742745 1.84642281
v -0.93932962 1.31625634 1.81895902
v -0.92727709 1.32550460 1.84738102
v -0.93730521 1.31780964 1.81686487
v -0.92988324 1.32350475 1.84770455
v -0.93499553 1.31958180 1.81530883
v -0.93248951 1.32150489 1.84738102
v -0.93248951 1.32150489 1.81435063
v -0.93499553 1.31958181 1.84642281
v -0.92988324 1.32350474 1.81402709
v -0.93730521 1.31780964 1.84486678
v -0.92727709 1.32550460 1.81435063
v -0.93932962 1.31625635 1.84277263
v -0.92477095 1.32742744 1.81530883
v -0.94099092 1.31498152 1.84022095
v -0.92246139 1.32919985 1.81686487
v -0.94222546 1.31403417 1.83730974
v -0.94298565 1.31345087 1.83415082
v -0.93758255 1.33218867 1.84770467
v -0.93525970 1.33451158 1.84738114
v -0.94434965 1.34239954 1.84738113
v -0.94634944 1.33979327 1.84770467
v -0.92590457 1.34386665 1.82758083
v -0.92567575 1.34409553 1.83086588
v -0.94858301 1.32118815 1.82442191
v -0.94748271 1.32228857 1.82151081
v -0.93302608 1.33674532 1.84642293
v -0.94600201 1.32376927 1.81895902
v -0.94419765 1.32557350 1.81686499
v -0.94213909 1.32763201 1.81530883
v -0.93990546 1.32986576 1.84738114
v -0.93990546 1.32986575 1.81435063
v -0.94213909 1.32763201 1.84642293
v -0.93758255 1.33218866 1.81402709
v -0.94419765 1.32557351 1.84486678
v -0.93525970 1.33451158 1.81435063
v -0.94600195 1.32376927 1.84277274
v -0.93302602 1.33674532 1.81530883
v -0.94748271 1.32228857 1.84022095
v -0.93096751 1.33880383 1.81686499
v -0.94858301 1.32118815 1.83730986
v -0.92590457 1.34386665 1.83415105
v -0.92916322 1.34060806 1.81895902
v -0.94926059 1.32051069 1.83415093
v -0.92658210 1.34318906 1.83730986
v -0.92768240 1.34208876 1.82151081
v -0.94926059 1.32051069 1.83415093
v -0.94948936 1.32028180 1.83086588
v -0.92768240 1.34208876 1.84022095
v -0.92658210 1.34318906 1.82442190
v -0.94926059 1.32051069 1.82758083
v -0.95204449 1.33237154 1.84486689
v -0.95027226 1.33468110 1.84642293
v -0.95925593 1.34060806 1.84642293
v -0.96071160 1.33808691 1.84486701
v -0.95204455 1.33237153 1.81686499
v -0.95027226 1.33468109 1.81530895
v -0.94834930 1.33718711 1.84738114
v -0.94834930 1.33718711 1.81435074
v -0.94634944 1.33979326 1.81402721
v -0.94434965 1.34239954 1.81435074
v -0.95359790 1.33034712 1.84277274
v -0.94242668 1.34490567 1.81530895
v -0.95487273 1.32868558 1.84022107
v -0.94065446 1.34721523 1.81686499
v -0.95581996 1.32745105 1.83730986
v -0.93609869 1.35315233 1.83086588
v -0.93629563 1.35289580 1.83415105
v -0.93910110 1.34923965 1.81895914
v -0.95640332 1.32669097 1.83415105
v -0.93687898 1.35213548 1.83730986
v -0.93782628 1.35090095 1.82151081
v -0.95640332 1.32669097 1.83415105
v -0.95660031 1.32643420 1.83086588
v -0.93782628 1.35090095 1.84022107
v -0.93687898 1.35213548 1.82442202
v -0.95640332 1.32669097 1.82758095
v -0.93910110 1.34923965 1.84277274
v -0.93629563 1.35289580 1.82758095
v -0.95581996 1.32745105 1.82442202
v -0.94065446 1.34721524 1.84486689
v -0.95487273 1.32868558 1.82151081
v -0.94242668 1.34490568 1.84642293
v -0.95359790 1.33034712 1.81895914
v -0.96381247 1.33271581 1.83730986
v -0.96303445 1.33406347 1.84022119
v -0.97182834 1.33832997 1.84022119
v -0.97242379 1.33689243 1.83731010
v -0.95603395 1.34618860 1.81402733
v -0.95439148 1.34903365 1.81435086
v -0.96198738 1.33587700 1.84277274
v -0.95281208 1.35176927 1.81530907
v -0.95135641 1.35429030 1.81686510
v -0.94761461 1.36077148 1.83086600
v -0.94777644 1.36049134 1.83415105
v -0.95008063 1.35650021 1.81895925
v -0.96429163 1.33188611 1.83415105
v -0.94825554 1.35966140 1.83730985
v -0.94903356 1.35831386 1.82151093
v -0.96429163 1.33188611 1.83415105
v -0.96445334 1.33160597 1.83086600
v -0.94903356 1.35831386 1.84022118
v -0.94825554 1.35966140 1.82442214
v -0.96429163 1.33188611 1.82758095
v -0.95008063 1.35650021 1.84277274
v -0.94777644 1.36049134 1.82758095
v -0.96381247 1.33271581 1.82442214
v -0.95135647 1.35429055 1.84486701
v -0.96303445 1.33406347 1.82151093
v -0.95281208 1.35176927 1.84642293
v -0.96198744 1.33587700 1.81895926
v -0.95439148 1.34903366 1.84738125
v -0.96071160 1.33808690 1.81686511
v -0.95603395 1.34618861 1.84770479
v -0.95925593 1.34060806 1.81530907
v -0.95767653 1.34334368 1.84738125
v -0.95767653 1.34334367 1.81435086
v -0.97279060 1.33600718 1.82758095
v -0.97291434 1.33570820 1.83086612
v -0.98183835 1.33867103 1.83086612
v -0.98175466 1.33898360 1.82758107
v -0.96002650 1.36682206 1.83086611
v -0.96015036 1.36652333 1.83415116
v -0.96289039 1.35990816 1.81686522
v -0.96191394 1.36226564 1.81895925
v -0.97279060 1.33600718 1.83415117
v -0.96051705 1.36563808 1.83731009
v -0.96111250 1.36420041 1.82151105
v -0.97279060 1.33600718 1.83415117
v -0.96111250 1.36420042 1.84022118
v -0.96051705 1.36563808 1.82442214
v -0.96191394 1.36226565 1.84277298
v -0.96015036 1.36652333 1.82758094
v -0.97242379 1.33689243 1.82442214
v -0.96289039 1.35990817 1.84486701
v -0.97182834 1.33832997 1.82151105
v -0.96400446 1.35721880 1.84642317
v -0.97102702 1.34026486 1.81895926
v -0.96521330 1.35430020 1.84738137
v -0.97005045 1.34262210 1.81686523
v -0.96647036 1.35126514 1.84770491
v -0.96893638 1.34531170 1.81530907
v -0.96772754 1.34823019 1.84738137
v -0.96772754 1.34823018 1.81435086
v -0.96893638 1.34531170 1.84642317
v -0.96647036 1.35126513 1.81402733
v -0.97005045 1.34262222 1.84486701
v -0.96521330 1.35430020 1.81435086
v -0.97102696 1.34026486 1.84277298
v -0.96400446 1.35721880 1.81530906
v -0.98056191 1.34343499 1.81895937
v -0.98110390 1.34141213 1.82151105
v -0.99070233 1.34325725 1.82151105
v -0.99042904 1.34533363 1.81895949
v -0.97385651 1.36846000 1.84022130
v -0.97439849 1.36643726 1.84277298
v -0.97345376 1.36996299 1.82442226
v -0.97320580 1.37088853 1.82758106
v -0.98150659 1.33990914 1.82442226
v -0.97505891 1.36397249 1.84486701
v -0.97312200 1.37120110 1.83086611
v -0.97581244 1.36116058 1.84642317
v -0.97662991 1.35810918 1.84738137
v -0.97990149 1.34589964 1.81686522
v -0.97748017 1.35493595 1.84770491
v -0.97914797 1.34871179 1.81530919
v -0.97833037 1.35176283 1.84738137
v -0.97833037 1.35176283 1.81435098
v -0.97914797 1.34871179 1.84642317
v -0.97748017 1.35493594 1.81402733
v -0.97990143 1.34589976 1.84486701
v -0.97662991 1.35810917 1.81435098
v -0.98056191 1.34343499 1.84277298
v -0.97581244 1.36116057 1.81530918
v -0.98110390 1.34141213 1.84022131
v -0.97505891 1.36397248 1.81686522
v -0.98150659 1.33990914 1.83731010
v -0.97320580 1.37088853 1.83415128
v -0.97439849 1.36643725 1.81895937
v -0.98175466 1.33898360 1.83415129
v -0.97345376 1.36996299 1.83731009
v -0.97385651 1.36846000 1.82151105
v -0.98175466 1.33898360 1.83415129
v -0.98930365 1.35388142 1.81435110
v -0.98971593 1.35074955 1.81530930
v -1.00045955 1.35139078 1.81530930
v -1.00045955 1.35454970 1.81435110
v -0.98803383 1.36352736 1.84642317
v -0.98844612 1.36039549 1.84738137
v -0.99009597 1.34786325 1.81686534
v -0.98887485 1.35713846 1.84770502
v -0.98930365 1.35388142 1.84738137
v -0.98971593 1.35074956 1.84642317
v -0.98887485 1.35713845 1.81402745
v -0.99009597 1.34786350 1.84486713
v -0.98844612 1.36039549 1.81435110
v -0.99042904 1.34533364 1.84277298
v -0.98803383 1.36352736 1.81530930
v -0.99070239 1.34325725 1.84022142
v -0.98765379 1.36641365 1.81686534
v -0.99090540 1.34171444 1.83731010
v -0.98667693 1.37383312 1.83086623
v -0.98671925 1.37351257 1.83415128
v -0.98732078 1.36894351 1.81895949
v -0.99103057 1.34076458 1.83415129
v -0.98684430 1.37256235 1.83731009
v -0.98704743 1.37101966 1.82151105
v -0.99103057 1.34076458 1.83415129
v -0.99107277 1.34044367 1.83086624
v -0.98704743 1.37101966 1.84022142
v -0.98684430 1.37256235 1.82442237
v -0.99103057 1.34076458 1.82758119
v -0.98732078 1.36894351 1.84277298
v -0.98671925 1.37351257 1.82758118
v -0.99090540 1.34171444 1.82442238
v -0.98765385 1.36641366 1.84486713
v -1.00045967 1.36427873 1.81530930
v -1.00045955 1.36111980 1.81435110
v -1.16823065 1.36111933 1.81435110
v -1.16823077 1.36427837 1.81530930
v -1.00045955 1.35454971 1.84738149
v -1.00045955 1.35139078 1.84642329
v -1.00045955 1.35783463 1.81402757
v -1.00045967 1.34847957 1.84486725
v -1.00045967 1.34592802 1.84277310
v -1.00045955 1.34383375 1.84022142
v -1.00045967 1.36718994 1.81686546
v -1.00045955 1.34227783 1.83731021
v -1.00045955 1.37467343 1.83086635
v -1.00045967 1.37434989 1.83415140
v -1.00045967 1.36974150 1.81895949
v -1.00045967 1.34131962 1.83415141
v -1.00045967 1.37339169 1.83731021
v -1.00045967 1.37183577 1.82151116
v -1.00045967 1.34131962 1.83415141
v -1.00045955 1.34099585 1.83086636
v -1.00045967 1.37183577 1.84022142
v -1.00045967 1.37339169 1.82442237
v -1.00045967 1.34131962 1.82758119
v -1.00045967 1.36974150 1.84277310
v -1.00045967 1.37434989 1.82758118
v -1.00045955 1.34227782 1.82442238
v -1.00045967 1.36718995 1.84486725
v -1.00045955 1.34383374 1.82151117
v -1.00045967 1.36427874 1.84642328
v -1.00045967 1.34592801 1.81895949
v -1.00045955 1.36111981 1.84738149
v -1.00045967 1.34847957 1.81686546
v -1.00045955 1.35783464 1.84770514
v -1.16823065 1.35783416 1.81402757
v -1.16823065 1.35454923 1.81435110
v -1.17964971 1.35399371 1.81435110
v -1.18007851 1.35725075 1.81402757
v -1.16823065 1.34592754 1.84277298
v -1.16823065 1.34383327 1.84022142
v -1.16823065 1.36718946 1.81686534
v -1.16823065 1.34227735 1.83731010
v -1.16823065 1.37467295 1.83086623
v -1.16823077 1.37434954 1.83415128
v -1.16823077 1.36974102 1.81895949
v -1.16823077 1.34131914 1.83415129
v -1.16823065 1.37339121 1.83731009
v -1.16823077 1.37183529 1.82151105
v -1.16823077 1.34131914 1.83415129
v -1.16823065 1.34099549 1.83086624
v -1.16823077 1.37183529 1.84022142
v -1.16823065 1.37339121 1.82442237
v -1.16823077 1.34131914 1.82758119
v -1.16823077 1.36974102 1.84277298
v -1.16823077 1.37434953 1.82758118
v -1.16823065 1.34227735 1.82442238
v -1.16823077 1.36718947 1.84486725
v -1.16823065 1.34383327 1.82151105
v -1.16823077 1.36427838 1.84642317
v -1.16823077 1.34592753 1.81895949
v -1.16823065 1.36111933 1.84738137
v -1.16823065 1.34847909 1.81686534
v -1.16823065 1.35783416 1.84770502
v -1.16823065 1.35139042 1.81530930
v -1.16823065 1.35454923 1.84738137
v -1.16823065 1.35139042 1.84642317
v -1.16823065 1.34847909 1.84486725
v -1.18129969 1.36652583 1.81686546
v -1.18091977 1.36363965 1.81530930
v -1.19341671 1.36135012 1.81530942
v -1.19417012 1.36416203 1.81686546
v -1.17923737 1.35086197 1.84642329
v -1.17885745 1.34797567 1.84486725
v -1.18050730 1.36050778 1.81435110
v -1.17852437 1.34544581 1.84277310
v -1.17825103 1.34336955 1.84022142
v -1.17804790 1.34182674 1.83731021
v -1.18227637 1.37394542 1.83086635
v -1.18223429 1.37362462 1.83415140
v -1.18163276 1.36905581 1.81895949
v -1.17792296 1.34087688 1.83415141
v -1.18210912 1.37267453 1.83731021
v -1.18190610 1.37113196 1.82151128
v -1.17792296 1.34087688 1.83415141
v -1.17788064 1.34055597 1.83086636
v -1.18190610 1.37113196 1.84022142
v -1.18210912 1.37267452 1.82442237
v -1.17792296 1.34087688 1.82758119
v -1.18163276 1.36905581 1.84277310
v -1.18223429 1.37362462 1.82758118
v -1.17804790 1.34182674 1.82442238
v -1.18129969 1.36652595 1.84486725
v -1.17825103 1.34336954 1.82151129
v -1.18091977 1.36363966 1.84642328
v -1.17852449 1.34544581 1.81895949
v -1.18050730 1.36050779 1.84738161
v -1.17885745 1.34797555 1.81686546
v -1.18007851 1.35725075 1.84770514
v -1.17923737 1.35086196 1.81530930
v -1.17964971 1.35399372 1.84738161
v -1.19577527 1.37015253 1.82442249
v -1.19537258 1.36864954 1.82151128
v -1.20840001 1.36443072 1.82151128
v -1.20899534 1.36586839 1.82442261
v -1.18812513 1.34160191 1.84022142
v -1.18772244 1.34009892 1.83731033
v -1.19610703 1.37139064 1.83086635
v -1.19602346 1.37107831 1.83415152
v -1.19483066 1.36662680 1.81895961
v -1.18747449 1.33917338 1.83415153
v -1.19577527 1.37015253 1.83731033
v -1.18747449 1.33917338 1.83415153
v -1.18739069 1.33886069 1.83086636
v -1.19537258 1.36864954 1.84022142
v -1.18747449 1.33917338 1.82758131
v -1.19483066 1.36662680 1.84277321
v -1.19602346 1.37107831 1.82758130
v -1.18772244 1.34009892 1.82442250
v -1.19417024 1.36416215 1.84486725
v -1.18812513 1.34160191 1.82151129
v -1.19341671 1.36135012 1.84642340
v -1.18866718 1.34362465 1.81895961
v -1.19259906 1.35829884 1.84738161
v -1.18932760 1.34608942 1.81686546
v -1.19174874 1.35512573 1.84770514
v -1.19008100 1.34890133 1.81530942
v -1.19089866 1.35195262 1.84738161
v -1.19089866 1.35195261 1.81435122
v -1.19008100 1.34890133 1.84642341
v -1.19174874 1.35512572 1.81402757
v -1.18932760 1.34608943 1.84486725
v -1.19259906 1.35829884 1.81435122
v -1.18866718 1.34362465 1.84277322
v -1.19848549 1.34049517 1.81895973
v -1.19768405 1.33856064 1.82151129
v -1.20676422 1.33429748 1.82151141
v -1.20781124 1.33611089 1.81895973
v -1.19659805 1.33593851 1.83086648
v -1.19672191 1.33623761 1.82758143
v -1.20840001 1.36443073 1.84022166
v -1.20759869 1.36249620 1.84277322
v -1.20936215 1.36675364 1.82758142
v -1.19708860 1.33712298 1.82442262
v -1.20662212 1.36013872 1.84486737
v -1.20948589 1.36705261 1.83086647
v -1.20550799 1.35744912 1.84642340
v -1.20429909 1.35453064 1.84738161
v -1.19946194 1.34285265 1.81686558
v -1.20304191 1.35149557 1.84770514
v -1.20057595 1.34554225 1.81530954
v -1.20178485 1.34846062 1.84738161
v -1.20178485 1.34846061 1.81435134
v -1.20057595 1.34554225 1.84642341
v -1.20304191 1.35149556 1.81402769
v -1.19946194 1.34285265 1.84486737
v -1.20429909 1.35453063 1.81435134
v -1.19848537 1.34049517 1.84277322
v -1.20550799 1.35744911 1.81530954
v -1.19768405 1.33856040 1.84022166
v -1.20662212 1.36013871 1.81686558
v -1.19708860 1.33712298 1.83731033
v -1.20936215 1.36675364 1.83415152
v -1.20759869 1.36249620 1.81895973
v -1.19672191 1.33623761 1.83415153
v -1.20899534 1.36586839 1.83731033
v -1.19672191 1.33623761 1.83415153
v -1.21212208 1.34357768 1.81435134
v -1.21054268 1.34084207 1.81530954
v -1.21981061 1.33488101 1.81530966
v -1.22173357 1.33738714 1.81435134
v -1.21698666 1.35200316 1.84642352
v -1.21540713 1.34926755 1.84738173
v -1.20908713 1.33832079 1.81686570
v -1.21376455 1.34642250 1.84770538
v -1.21212208 1.34357769 1.84738173
v -1.21054268 1.34084207 1.84642353
v -1.21376455 1.34642249 1.81402781
v -1.20908713 1.33832079 1.84486749
v -1.21540713 1.34926754 1.81435134
v -1.20781124 1.33611089 1.84277334
v -1.21698666 1.35200315 1.81530954
v -1.20676422 1.33429724 1.84022166
v -1.21844232 1.35452431 1.81686570
v -1.20598614 1.33294994 1.83731045
v -1.22218394 1.36100537 1.83086659
v -1.22202229 1.36072522 1.83415164
v -1.21971822 1.35673410 1.81895973
v -1.20550704 1.33212000 1.83415165
v -1.22154307 1.35989529 1.83731045
v -1.22076523 1.35854775 1.82151140
v -1.20550704 1.33212000 1.83415165
v -1.20534527 1.33183962 1.83086660
v -1.22076523 1.35854775 1.84022166
v -1.22154307 1.35989529 1.82442261
v -1.20550704 1.33212000 1.82758143
v -1.21971822 1.35673410 1.84277334
v -1.22202229 1.36072522 1.82758142
v -1.20598614 1.33294994 1.82442262
v -1.21844232 1.35452444 1.84486749
v -1.22765636 1.34510571 1.81530966
v -1.22573328 1.34259945 1.81435134
v -1.23510063 1.33464080 1.81435146
v -1.23733437 1.33687430 1.81530978
v -1.22173357 1.33738715 1.84738185
v -1.21981061 1.33488101 1.84642365
v -1.22373343 1.33999330 1.81402781
v -1.21803844 1.33257133 1.84486749
v -1.21648502 1.33054692 1.84277346
v -1.21521020 1.32888550 1.84022167
v -1.22942853 1.34741515 1.81686570
v -1.21426296 1.32765108 1.83731057
v -1.23398423 1.35335237 1.83086659
v -1.23378730 1.35309559 1.83415176
v -1.23098195 1.34943944 1.81895973
v -1.21367967 1.32689101 1.83415177
v -1.23320389 1.35233539 1.83731057
v -1.23225665 1.35110098 1.82151153
v -1.21367967 1.32689101 1.83415177
v -1.21348262 1.32663411 1.83086660
v -1.23225665 1.35110098 1.84022166
v -1.23320389 1.35233539 1.82442262
v -1.21367967 1.32689100 1.82758155
v -1.23098195 1.34943944 1.84277346
v -1.23378730 1.35309559 1.82758154
v -1.21426296 1.32765108 1.82442262
v -1.22942853 1.34741527 1.84486749
v -1.21521020 1.32888561 1.82151153
v -1.22765636 1.34510571 1.84642365
v -1.21648502 1.33054691 1.81895973
v -1.22573328 1.34259945 1.84738185
v -1.21803844 1.33257133 1.81686570
v -1.22373343 1.33999330 1.84770538
v -1.24377811 1.34331828 1.83731057
v -1.24445581 1.34399587 1.83415176
v -1.25384533 1.33358127 1.83415177
v -1.25308490 1.33299786 1.83731069
v -1.22435832 1.32389838 1.84277346
v -1.22287762 1.32241756 1.84022179
v -1.23939288 1.33893281 1.81686570
v -1.22177732 1.32131738 1.83731058
v -1.24468446 1.34422451 1.83086659
v -1.24119735 1.34073716 1.81895997
v -1.22109985 1.32063991 1.83415177
v -1.24267793 1.34221798 1.82151153
v -1.22109985 1.32063991 1.83415177
v -1.22087097 1.32041103 1.83086660
v -1.24267793 1.34221798 1.84022178
v -1.24377811 1.34331828 1.82442286
v -1.22109985 1.32063991 1.82758167
v -1.24119735 1.34073717 1.84277346
v -1.24445581 1.34399587 1.82758166
v -1.22177732 1.32131737 1.82442286
v -1.23939288 1.33893281 1.84486761
v -1.22287762 1.32241779 1.82151153
v -1.23733437 1.33687431 1.84642365
v -1.22435832 1.32389837 1.81895997
v -1.23510063 1.33464080 1.84738185
v -1.22616267 1.32570272 1.81686571
v -1.23277760 1.33231789 1.84770539
v -1.22822118 1.32776123 1.81530979
v -1.23045480 1.32999498 1.84738185
v -1.23045480 1.32999497 1.81435146
v -1.22822118 1.32776124 1.84642365
v -1.23277760 1.33231789 1.81402793
v -1.22616267 1.32570273 1.84486761
v -1.24816477 1.32922250 1.84486773
v -1.25018930 1.33077580 1.84277346
v -1.25780416 1.31972605 1.84277370
v -1.25559425 1.31845027 1.84486773
v -1.25018930 1.33077580 1.81895997
v -1.25185049 1.33205062 1.82151165
v -1.22764051 1.31347376 1.83415177
v -1.22738373 1.31327659 1.83086684
v -1.25185049 1.33205062 1.84022190
v -1.25308490 1.33299786 1.82442286
v -1.22764051 1.31347376 1.82758167
v -1.25384533 1.33358127 1.82758167
v -1.22840059 1.31405693 1.82442286
v -1.25410187 1.33377820 1.83086683
v -1.22963512 1.31500441 1.82151165
v -1.24585521 1.32745034 1.84642365
v -1.23129654 1.31627899 1.81895998
v -1.24334908 1.32552725 1.84738197
v -1.23332083 1.31783229 1.81686583
v -1.24074268 1.32352752 1.84770551
v -1.23563051 1.31960469 1.81530979
v -1.23813653 1.32152778 1.84738197
v -1.23813653 1.32152778 1.81435158
v -1.23563051 1.31960470 1.84642365
v -1.24074268 1.32352751 1.81402805
v -1.23332083 1.31783253 1.84486773
v -1.24334908 1.32552725 1.81435158
v -1.23129654 1.31627900 1.84277346
v -1.24585521 1.32745033 1.81530979
v -1.22963512 1.31500417 1.84022191
v -1.24816477 1.32922250 1.81686582
v -1.22840059 1.31405693 1.83731070
v -1.22764051 1.31347376 1.83415177
v -1.23536718 1.30677217 1.84022191
v -1.23718083 1.30781943 1.84277370
v -1.24191046 1.29866392 1.84277370
v -1.23997569 1.29786235 1.84022203
v -1.26179504 1.32203013 1.82758167
v -1.26207519 1.32219201 1.83086684
v -1.23401964 1.30599433 1.82442286
v -1.23536718 1.30677229 1.82151177
v -1.25307310 1.31699473 1.84642389
v -1.23718083 1.30781931 1.81895998
v -1.25033736 1.31541521 1.84738209
v -1.23939061 1.30909508 1.81686595
v -1.24749231 1.31377274 1.84770563
v -1.24191177 1.31055087 1.81530979
v -1.24464738 1.31213028 1.84738209
v -1.24464738 1.31213027 1.81435158
v -1.24191177 1.31055087 1.84642389
v -1.24749231 1.31377274 1.81402805
v -1.23939061 1.30909521 1.84486773
v -1.25033736 1.31541520 1.81435158
v -1.25307310 1.31699472 1.81530979
v -1.25559425 1.31845027 1.81686594
v -1.23401964 1.30599433 1.83731082
v -1.26179504 1.32203013 1.83415189
v -1.25780416 1.31972605 1.81895997
v -1.23318982 1.30551511 1.83415189
v -1.26096511 1.32155115 1.83731081
v -1.25961757 1.32077318 1.82151177
v -1.23318982 1.30551511 1.83415189
v -1.23290956 1.30535322 1.83086684
v -1.25961757 1.32077319 1.84022191
v -1.26096511 1.32155114 1.82442286
v -1.23318982 1.30551511 1.82758179
v -1.23735392 1.29677635 1.83086684
v -1.23765290 1.29690033 1.83415201
v -1.24095345 1.28777677 1.83415201
v -1.24064076 1.28769285 1.83086696
v -1.25886452 1.30568629 1.81530991
v -1.26155400 1.30680042 1.81686595
v -1.23853815 1.29726702 1.83731082
v -1.26391149 1.30777687 1.81896010
v -1.23765290 1.29690033 1.83415201
v -1.26584613 1.30857831 1.82151177
v -1.26728368 1.30917364 1.82442298
v -1.23765290 1.29690033 1.82758191
v -1.26816905 1.30954033 1.82758191
v -1.23853815 1.29726702 1.82442298
v -1.26846790 1.30966431 1.83086684
v -1.23997581 1.29786259 1.82151177
v -1.26816905 1.30954033 1.83415201
v -1.24191046 1.29866391 1.81896010
v -1.26728368 1.30917364 1.83731082
v -1.25886452 1.30568630 1.84642389
v -1.25594592 1.30447752 1.84738209
v -1.24426782 1.29964024 1.81686595
v -1.26584613 1.30857831 1.84022203
v -1.25291085 1.30322033 1.84770563
v -1.24695754 1.30075460 1.81530991
v -1.26391149 1.30777687 1.84277370
v -1.24987590 1.30196339 1.84738209
v -1.24987590 1.30196339 1.81435170
v -1.24695754 1.30075461 1.84642389
v -1.26155400 1.30680043 1.84486773
v -1.25291085 1.30322033 1.81402817
v -1.24426794 1.29964036 1.84486773
v -1.25594592 1.30447751 1.81435170
v -1.24338198 1.28842741 1.82151189
v -1.24187899 1.28802472 1.82442310
v -1.24398470 1.27842539 1.82442310
v -1.24552751 1.27862841 1.82151201
v -1.27193260 1.29607743 1.83731082
v -1.27042961 1.29567486 1.84022215
v -1.27042961 1.29567486 1.82151189
v -1.27193260 1.29607743 1.82442310
v -1.24095345 1.28777677 1.82758191
v -1.26840699 1.29513270 1.84277370
v -1.27285838 1.29632550 1.82758191
v -1.26594234 1.29447228 1.84486785
v -1.27317083 1.29640919 1.83086696
v -1.26313019 1.29371888 1.84642389
v -1.24540472 1.28896934 1.81896022
v -1.26007891 1.29290134 1.84738210
v -1.24786937 1.28962976 1.81686607
v -1.25690579 1.29205114 1.84770575
v -1.25068152 1.29038340 1.81531003
v -1.25373268 1.29120094 1.84738210
v -1.25373268 1.29120093 1.81435183
v -1.25068152 1.29038340 1.84642389
v -1.25690579 1.29205113 1.81402829
v -1.24786937 1.28962976 1.84486797
v -1.26007891 1.29290133 1.81435182
v -1.24540472 1.28896946 1.84277370
v -1.26313019 1.29371887 1.81531003
v -1.24338186 1.28842741 1.84022215
v -1.26594210 1.29447228 1.81686607
v -1.24187899 1.28802472 1.83731082
v -1.27285838 1.29632551 1.83415201
v -1.26840699 1.29513269 1.81896022
v -1.24095345 1.28777677 1.83415201
v -1.25301993 1.27961498 1.81531003
v -1.25013340 1.27923482 1.81686619
v -1.25102127 1.26863318 1.81686619
v -1.25393271 1.26863342 1.81531015
v -1.26868379 1.28167707 1.84486797
v -1.26579750 1.28129703 1.84642401
v -1.24760365 1.27890187 1.81896022
v -1.26266551 1.28088481 1.84738234
v -1.25940859 1.28045601 1.84770587
v -1.25615168 1.28002721 1.84738234
v -1.25615168 1.28002721 1.81435183
v -1.25301993 1.27961499 1.84642401
v -1.25940859 1.28045600 1.81402829
v -1.25013351 1.27923483 1.84486797
v -1.26266551 1.28088480 1.81435183
v -1.24760365 1.27890188 1.84277383
v -1.26579750 1.28129703 1.81531003
v -1.24552739 1.27862841 1.84022215
v -1.26868367 1.28167683 1.81686619
v -1.24398470 1.27842540 1.83731094
v -1.27610326 1.28265387 1.83086708
v -1.27578259 1.28261143 1.83415213
v -1.27121365 1.28201002 1.81896022
v -1.24303472 1.27830035 1.83415213
v -1.27483237 1.28248650 1.83731094
v -1.27328968 1.28228336 1.82151201
v -1.24303472 1.27830035 1.83415213
v -1.24271381 1.27825791 1.83086708
v -1.27328968 1.28228337 1.84022215
v -1.27483237 1.28248650 1.82442310
v -1.24303472 1.27830034 1.82758191
v -1.27121365 1.28201002 1.84277382
v -1.27578259 1.28261143 1.82758191
v -1.26366162 1.26863342 1.81435195
v -1.26037645 1.26863342 1.81402829
v -1.26037621 1.21688133 1.81402854
v -1.26366138 1.21688133 1.81435208
v -1.26037645 1.26863343 1.84770587
v -1.25709140 1.26863343 1.84738234
v -1.25709140 1.26863342 1.81435195
v -1.25393271 1.26863343 1.84642413
v -1.25102139 1.26863319 1.84486798
v -1.24846971 1.26863343 1.84277395
v -1.26682055 1.26863318 1.81531015
v -1.24637556 1.26863319 1.84022215
v -1.26973164 1.26863318 1.81686619
v -1.24481952 1.26863343 1.83731106
v -1.27721524 1.26863319 1.83086708
v -1.27689171 1.26863319 1.83415225
v -1.27228343 1.26863319 1.81896034
v -1.24386132 1.26863319 1.83415225
v -1.27593327 1.26863319 1.83731106
v -1.27437735 1.26863319 1.82151202
v -1.24386132 1.26863319 1.83415225
v -1.24353766 1.26863319 1.83086708
v -1.27437735 1.26863319 1.84022215
v -1.27593327 1.26863319 1.82442323
v -1.24386132 1.26863319 1.82758203
v -1.27228343 1.26863319 1.84277395
v -1.27689171 1.26863319 1.82758203
v -1.24481952 1.26863342 1.82442323
v -1.26973176 1.26863319 1.84486798
v -1.24637568 1.26863342 1.82151202
v -1.26682055 1.26863319 1.84642413
v -1.24846971 1.26863319 1.81896034
v -1.26366162 1.26863343 1.84738234
v -1.27689147 1.21688110 1.83415238
v -1.27721500 1.21688134 1.83086733
v -1.28341734 1.21688110 1.83086721
v -1.28297472 1.21688110 1.83536236
v -1.25102115 1.21688134 1.84486822
v -1.24846959 1.21688134 1.84277419
v -1.26682031 1.21688133 1.81531028
v -1.24637532 1.21688134 1.84022240
v -1.26973140 1.21688133 1.81686644
v -1.24481928 1.21688134 1.83731131
v -1.27721500 1.21688134 1.83086733
v -1.27689147 1.21688110 1.83415238
v -1.27228320 1.21688133 1.81896047
v -1.24386108 1.21688134 1.83415238
v -1.27593303 1.21688134 1.83731131
v -1.27437723 1.21688133 1.82151226
v -1.24386108 1.21688134 1.83415238
v -1.24353743 1.21688134 1.83086733
v -1.27437723 1.21688134 1.84022240
v -1.27593303 1.21688133 1.82442335
v -1.24386108 1.21688133 1.82758228
v -1.27228320 1.21688134 1.84277419
v -1.27689147 1.21688110 1.82758228
v -1.24481928 1.21688133 1.82442335
v -1.26973152 1.21688134 1.84486822
v -1.24637544 1.21688133 1.82151226
v -1.26682031 1.21688134 1.84642438
v -1.24846947 1.21688133 1.81896047
v -1.26366138 1.21688134 1.84738259
v -1.25102103 1.21688133 1.81686644
v -1.26037621 1.21688134 1.84770612
v -1.25393248 1.21688133 1.81531028
v -1.25709128 1.21688134 1.84738259
v -1.25709128 1.21688133 1.81435208
v -1.25393248 1.21688134 1.84642438
v -1.27666891 1.21688110 1.84715990
v -1.27953434 1.21688122 1.84366826
v -1.27953398 1.14575714 1.84366827
v -1.27666867 1.14575702 1.84715980
v -1.27228320 1.21688133 1.81896047
v -1.26973140 1.21688133 1.81686644
v -1.27317727 1.21688109 1.81170921
v -1.27666891 1.21688109 1.81457452
v -1.24386108 1.21688134 1.83415238
v -1.24481928 1.21688134 1.83731131
v -1.23908877 1.21688134 1.83968476
v -1.23777759 1.21688122 1.83536236
v -1.27593303 1.21688134 1.83731131
v -1.28166318 1.21688110 1.83968476
v -1.27437723 1.21688133 1.82151226
v -1.27953434 1.21688121 1.81806616
v -1.24353743 1.21688134 1.83086733
v -1.24386108 1.21688134 1.83415238
v -1.23777759 1.21688122 1.83536236
v -1.23733485 1.21688122 1.83086721
v -1.27437723 1.21688134 1.84022240
v -1.27953434 1.21688122 1.84366826
v -1.27593303 1.21688133 1.82442335
v -1.28166318 1.21688110 1.82204966
v -1.24386108 1.21688133 1.82758228
v -1.23777759 1.21688122 1.82637219
v -1.27228320 1.21688134 1.84277419
v -1.27666891 1.21688110 1.84715990
v -1.27689147 1.21688110 1.82758228
v -1.28297472 1.21688110 1.82637219
v -1.24481928 1.21688133 1.82442335
v -1.23908877 1.21688133 1.82204966
v -1.26973152 1.21688134 1.84486822
v -1.27317739 1.21688122 1.85002534
v -1.24637544 1.21688133 1.82151226
v -1.24121809 1.21688133 1.81806616
v -1.26682031 1.21688134 1.84642438
v -1.26919389 1.21688110 1.85215453
v -1.24846947 1.21688133 1.81896047
v -1.24408340 1.21688121 1.81457464
v -1.26366138 1.21688134 1.84738259
v -1.26487136 1.21688134 1.85346584
v -1.25102103 1.21688133 1.81686644
v -1.24757481 1.21688121 1.81170921
v -1.26037621 1.21688134 1.84770612
v -1.26037610 1.21688134 1.85390858
v -1.25393248 1.21688133 1.81531028
v -1.25155878 1.21688133 1.80957989
v -1.25709128 1.21688134 1.84738259
v -1.25588107 1.21688134 1.85346584
v -1.25709128 1.21688133 1.81435208
v -1.25588107 1.21688133 1.80826871
v -1.25393248 1.21688134 1.84642438
v -1.25155878 1.21688134 1.85215453
v -1.26037621 1.21688133 1.81402854
v -1.26037610 1.21688133 1.80782596
v -1.25102115 1.21688134 1.84486822
v -1.24757504 1.21688122 1.85002534
v -1.26366138 1.21688133 1.81435208
v -1.26487136 1.21688133 1.80826871
v -1.24846959 1.21688134 1.84277419
v -1.24408352 1.21688134 1.84715990
v -1.26682031 1.21688133 1.81531028
v -1.26919389 1.21688109 1.80957989
v -1.24637532 1.21688134 1.84022240
v -1.24121785 1.21688110 1.84366826
v -1.28297472 1.21688110 1.82637219
v -1.28166318 1.21688110 1.82204966
v -1.28166294 1.14575702 1.82204967
v -1.28297448 1.14575702 1.82637208
v -1.23908877 1.21688133 1.82204966
v -1.23777759 1.21688122 1.82637219
v -1.23777723 1.14575714 1.82637208
v -1.23908854 1.14575726 1.82204967
v -1.27317739 1.21688122 1.85002534
v -1.27317715 1.14575714 1.85002523
v -1.28341734 1.21688110 1.83086721
v -1.28341699 1.14575702 1.83086722
v -1.24121809 1.21688133 1.81806616
v -1.24121773 1.14575726 1.81806617
v -1.26919389 1.21688110 1.85215453
v -1.26919353 1.14575702 1.85215455
v -1.24408340 1.21688121 1.81457464
v -1.24408317 1.14575714 1.81457453
v -1.26487136 1.21688134 1.85346584
v -1.26487100 1.14575726 1.85346573
v -1.24757481 1.21688121 1.81170921
v -1.24757457 1.14575714 1.81170910
v -1.26037610 1.21688134 1.85390858
v -1.26037586 1.14575726 1.85390847
v -1.25155878 1.21688133 1.80957989
v -1.25155842 1.14575725 1.80957990
v -1.25588107 1.21688134 1.85346584
v -1.25588083 1.14575726 1.85346573
v -1.25588107 1.21688133 1.80826871
v -1.25588083 1.14575725 1.80826860
v -1.25155878 1.21688134 1.85215453
v -1.25155842 1.14575726 1.85215455
v -1.26037610 1.21688133 1.80782596
v -1.26037586 1.14575725 1.80782586
v -1.24757504 1.21688122 1.85002534
v -1.24757481 1.14575714 1.85002523
v -1.26487136 1.21688133 1.80826871
v -1.26487100 1.14575725 1.80826860
v -1.24408352 1.21688134 1.84715990
v -1.24408317 1.14575726 1.84715980
v -1.26919389 1.21688109 1.80957989
v -1.26919353 1.14575702 1.80957990
v -1.24121785 1.21688110 1.84366826
v -1.24121761 1.14575702 1.84366827
v -1.27317727 1.21688109 1.81170921
v -1.27317691 1.14575702 1.81170910
v -1.23908877 1.21688134 1.83968476
v -1.23908854 1.14575726 1.83968478
v -1.28297472 1.21688110 1.83536236
v -1.28297448 1.14575702 1.83536225
v -1.27666891 1.21688109 1.81457452
v -1.27666867 1.14575702 1.81457453
v -1.23777759 1.21688122 1.83536236
v -1.23777723 1.14575714 1.83536225
v -1.28166318 1.21688110 1.83968476
v -1.28166294 1.14575702 1.83968478
v -1.27953434 1.21688121 1.81806616
v -1.27953398 1.14575714 1.81806617
v -1.23733485 1.21688122 1.83086721
v -1.23777759 1.21688122 1.83536236
v -1.23777723 1.14575714 1.83536225
v -1.23733449 1.14575714 1.83086722
v -0.88503283 0.86621353 1.98500595
v -0.88503283 0.90903779 1.98500595
v -0.88451910 0.90903780 1.99022207
v -0.88451910 0.86621353 1.99022207
v -0.88655436 0.86621353 2.00045381
v -0.88655436 0.90903780 2.00045380
v -0.88902509 0.90903780 2.00507650
v -0.88902509 0.86621353 2.00507651
v -0.89235020 0.90903780 2.00912818
v -0.89235020 0.86621353 2.00912819
v -0.89640188 0.90903780 2.01245317
v -0.89640188 0.86621353 2.01245318
v -0.90102446 0.90903780 2.01492390
v -0.90102446 0.86621353 2.01492391
v -0.90604013 0.90903780 2.01644549
v -0.90604013 0.86621353 2.01644550
v -0.91125631 0.90903780 2.01695928
v -0.91125631 0.86621353 2.01695929
v -0.91647249 0.90903780 2.01644549
v -0.91647249 0.86621353 2.01644550
v -0.92148823 0.90903780 2.01492390
v -0.92148823 0.86621353 2.01492391
v -0.92611074 0.90903780 2.01245317
v -0.92611074 0.86621353 2.01245318
v -0.93016243 0.90903780 2.00912818
v -0.93016243 0.86621353 2.00912819
v -0.93348753 0.90903780 2.00507650
v -0.93348753 0.86621353 2.00507651
v -0.93595827 0.90903780 2.00045380
v -0.93595827 0.86621353 2.00045381
v -0.93747979 0.90903780 1.99543819
v -0.93747979 0.86621353 1.99543820
v -0.93747979 0.86621353 1.99543820
v -0.93747979 0.90903780 1.99543819
v -0.93799353 0.90903780 1.99022207
v -0.93799353 0.86621353 1.99022207
v -0.93747979 0.90903779 1.98500595
v -0.93747979 0.86621353 1.98500595
v -0.93595827 0.90903779 1.97999010
v -0.93595827 0.86621353 1.97999010
v -0.93348753 0.90903779 1.97536764
v -0.93348753 0.86621352 1.97536764
v -0.93016243 0.90903779 1.97131595
v -0.93016243 0.86621352 1.97131596
v -0.92611074 0.90903779 1.96799085
v -0.92611074 0.86621352 1.96799085
v -0.92148823 0.90903779 1.96552000
v -0.92148823 0.86621352 1.96552000
v -0.91647249 0.90903779 1.96399865
v -0.91647249 0.86621352 1.96399865
v -0.91125631 0.90903779 1.96348485
v -0.91125631 0.86621352 1.96348486
v -0.90604013 0.90903779 1.96399865
v -0.90604013 0.86621352 1.96399865
v -0.90102440 0.90903779 1.96552000
v -0.90102440 0.86621352 1.96552000
v -0.89640188 0.90903779 1.96799085
v -0.89640188 0.86621352 1.96799085
v -0.89235020 0.90903779 1.97131595
v -0.89235020 0.86621352 1.97131596
v -0.88902509 0.90903779 1.97536764
v -0.88902509 0.86621352 1.97536764
v -0.88655436 0.90903779 1.97999010
v -0.88655436 0.86621353 1.97999010
v -0.88935840 0.91188785 1.98586628
v -0.88892937 0.91188785 1.99022207
v -0.88892937 0.90903780 1.99022207
v -0.88935840 0.90903779 1.98586628
v -0.88503283 0.90903780 1.99543819
v -0.88503283 0.86621353 1.99543820
v -0.91647249 0.86621353 2.01644550
v -0.92148823 0.86621353 2.01492391
v -0.92753983 0.86621335 2.02953396
v -0.91955757 0.86621335 2.03195558
v -0.90295494 0.86621334 1.94848833
v -0.89497256 0.86621334 1.95090971
v -0.89497256 0.85585006 1.95090971
v -0.90295494 0.85585006 1.94848833
v -0.93595827 0.86621353 1.97999010
v -0.93348753 0.86621352 1.97536764
v -0.94663620 0.86621334 1.96658168
v -0.95056838 0.86621335 1.97393820
v -0.89640188 0.86621352 1.96799085
v -0.89235020 0.86621352 1.97131596
v -0.88116801 0.86621334 1.96013365
v -0.88761604 0.86621334 1.95484183
v -0.89640188 0.86621353 2.01245318
v -0.90102446 0.86621353 2.01492391
v -0.89497256 0.86621335 2.02953396
v -0.88761604 0.86621335 2.02560172
v -0.93595827 0.86621353 2.00045381
v -0.93747979 0.86621353 1.99543820
v -0.95298982 0.86621335 1.99852321
v -0.95056838 0.86621335 2.00650535
v -0.91647249 0.86621352 1.96399865
v -0.91125631 0.86621352 1.96348486
v -0.91125619 0.86621334 1.94767068
v -0.91955757 0.86621334 1.94848833
v -0.88503283 0.86621353 1.99543820
v -0.88655436 0.86621353 2.00045381
v -0.87194407 0.86621335 2.00650535
v -0.86952269 0.86621335 1.99852321
v -0.92611074 0.86621353 2.01245318
v -0.93489635 0.86621335 2.02560172
v -0.93016243 0.86621352 1.97131596
v -0.94134444 0.86621334 1.96013365
v -0.88902509 0.86621352 1.97536764
v -0.87587619 0.86621334 1.96658168
v -0.90604013 0.86621353 2.01644550
v -0.90295494 0.86621335 2.03195558
v -0.93747979 0.86621353 1.99543820
v -0.93799353 0.86621353 1.99022207
v -0.95380741 0.86621335 1.99022184
v -0.95298982 0.86621335 1.99852321
v -0.90604013 0.86621352 1.96399865
v -0.90295494 0.86621334 1.94848833
v -0.88902509 0.86621353 2.00507651
v -0.87587619 0.86621335 2.01386199
v -0.93016243 0.86621353 2.00912819
v -0.94134444 0.86621335 2.02031002
v -0.92611074 0.86621352 1.96799085
v -0.93489641 0.86621334 1.95484183
v -0.88655436 0.86621353 1.97999010
v -0.87194407 0.86621335 1.97393820
v -0.91125631 0.86621353 2.01695929
v -0.91125619 0.86621335 2.03277312
v -0.93747979 0.86621353 1.98500595
v -0.95298982 0.86621335 1.98192058
v -0.90102440 0.86621352 1.96552000
v -0.89497256 0.86621334 1.95090971
v -0.89235020 0.86621353 2.00912819
v -0.88116801 0.86621335 2.02031002
v -0.93348753 0.86621353 2.00507651
v -0.94663620 0.86621335 2.01386199
v -0.92148823 0.86621352 1.96552000
v -0.92753983 0.86621334 1.95090971
v -0.88503283 0.86621353 1.98500595
v -0.86952269 0.86621335 1.98192058
v -0.88451910 0.86621353 1.99022207
v -0.86870503 0.86621335 1.99022184
v -0.94134444 0.86621335 2.02031002
v -0.94663620 0.86621335 2.01386199
v -0.94663620 0.85585007 2.01386199
v -0.94134444 0.85585007 2.02031002
v -0.88761604 0.86621334 1.95484183
v -0.88761604 0.85585006 1.95484183
v -0.95056838 0.86621335 2.00650535
v -0.95056838 0.85585007 2.00650535
v -0.86870503 0.86621335 1.99022184
v -0.86952269 0.86621335 1.99852321
v -0.86952269 0.85585007 1.99852322
v -0.86870503 0.85585007 1.99022184
v -0.88116801 0.86621334 1.96013365
v -0.88116801 0.85585006 1.96013365
v -0.95298982 0.86621335 1.99852321
v -0.95298982 0.85585007 1.99852322
v -0.87194407 0.86621335 2.00650535
v -0.87194407 0.85585007 2.00650535
v -0.87587619 0.86621334 1.96658168
v -0.87587619 0.85585006 1.96658168
v -0.95298982 0.86621335 1.99852321
v -0.95380741 0.86621335 1.99022184
v -0.95380741 0.85585007 1.99022184
v -0.95298982 0.85585007 1.99852322
v -0.87587619 0.86621335 2.01386199
v -0.87587619 0.85585007 2.01386199
v -0.87194407 0.86621335 1.97393820
v -0.87194407 0.85585006 1.97393821
v -0.95298982 0.86621335 1.98192058
v -0.95298982 0.85585007 1.98192058
v -0.88116801 0.86621335 2.02031002
v -0.88116801 0.85585007 2.02031002
v -0.86952269 0.86621335 1.98192058
v -0.86952269 0.85585007 1.98192058
v -0.95056838 0.86621335 1.97393820
v -0.95056838 0.85585006 1.97393821
v -0.88761604 0.86621335 2.02560172
v -0.88761604 0.85585007 2.02560172
v -0.94663620 0.86621334 1.96658168
v -0.94663620 0.85585006 1.96658168
v -0.89497256 0.86621335 2.02953396
v -0.89497256 0.85585007 2.02953396
v -0.94134444 0.86621334 1.96013365
v -0.94134444 0.85585006 1.96013365
v -0.90295494 0.86621335 2.03195558
v -0.90295494 0.85585007 2.03195558
v -0.93489641 0.86621334 1.95484183
v -0.93489641 0.85585006 1.95484183
v -0.91125619 0.86621335 2.03277312
v -0.91125619 0.85585007 2.03277312
v -0.92753983 0.86621334 1.95090971
v -0.92753983 0.85585006 1.95090971
v -0.91955757 0.86621335 2.03195558
v -0.91955757 0.85585007 2.03195558
v -0.91955757 0.86621334 1.94848833
v -0.91955757 0.85585006 1.94848833
v -0.92753983 0.86621335 2.02953396
v -0.92753983 0.85585007 2.02953396
v -0.91125619 0.86621334 1.94767068
v -0.91125619 0.85585006 1.94767068
v -0.93489635 0.86621335 2.02560172
v -0.93489635 0.85585007 2.02560172
v -0.88655436 0.91188785 1.97999010
v -0.88655436 0.93029865 1.97999009
v -0.88503283 0.93029865 1.98500594
v -0.88503283 0.91188785 1.98500595
v -0.88902509 0.91188785 1.97536764
v -0.88902509 0.93029865 1.97536763
v -0.89235020 0.91188785 1.97131595
v -0.89235020 0.93029865 1.97131595
v -0.89640188 0.91188785 1.96799085
v -0.89640188 0.93029865 1.96799084
v -0.90102440 0.91188785 1.96551999
v -0.90102440 0.93029865 1.96551999
v -0.90604013 0.91188785 1.96399865
v -0.90604013 0.93029865 1.96399864
v -0.91125631 0.91188785 1.96348485
v -0.91125631 0.93029865 1.96348485
v -0.91647249 0.91188785 1.96399865
v -0.91647249 0.93029865 1.96399864
v -0.92148823 0.91188785 1.96551999
v -0.92148823 0.93029865 1.96551999
v -0.92611074 0.91188785 1.96799085
v -0.92611074 0.93029865 1.96799084
v -0.93016243 0.91188785 1.97131595
v -0.93016243 0.93029865 1.97131595
v -0.93348753 0.91188785 1.97536764
v -0.93348753 0.93029865 1.97536763
v -0.93595827 0.91188785 1.97999010
v -0.93595827 0.93029865 1.97999009
v -0.93747979 0.91188785 1.98500595
v -0.93747979 0.93029865 1.98500594
v -0.93799353 0.91188785 1.99022207
v -0.93799353 0.93029865 1.99022206
v -0.93747979 0.91188785 1.99543819
v -0.93747979 0.93029865 1.99543819
v -0.93595827 0.91188785 2.00045380
v -0.93595827 0.93029865 2.00045380
v -0.93747979 0.93029865 1.99543819
v -0.93747979 0.91188785 1.99543819
v -0.93348753 0.91188785 2.00507650
v -0.93348753 0.93029866 2.00507650
v -0.93016243 0.91188785 2.00912818
v -0.93016243 0.93029866 2.00912818
v -0.92611074 0.91188785 2.01245317
v -0.92611074 0.93029866 2.01245317
v -0.92148823 0.91188785 2.01492390
v -0.92148823 0.93029866 2.01492390
v -0.91647249 0.91188786 2.01644549
v -0.91647249 0.93029866 2.01644549
v -0.91125631 0.91188786 2.01695928
v -0.91125631 0.93029866 2.01695928
v -0.90604013 0.91188786 2.01644549
v -0.90604013 0.93029866 2.01644549
v -0.90102446 0.91188785 2.01492390
v -0.90102446 0.93029866 2.01492390
v -0.89640188 0.91188785 2.01245317
v -0.89640188 0.93029866 2.01245317
v -0.89235020 0.91188785 2.00912818
v -0.89235020 0.93029866 2.00912818
v -0.88902509 0.91188785 2.00507650
v -0.88902509 0.93029866 2.00507650
v -0.88655436 0.91188785 2.00045380
v -0.88655436 0.93029865 2.00045380
v -0.88503283 0.91188785 1.99543819
v -0.88503283 0.93029865 1.99543819
v -0.88451910 0.91188785 1.99022207
v -0.88451910 0.93029865 1.99022206
v -0.89235020 0.91188785 2.00912818
v -0.89640188 0.91188785 2.01245317
v -0.89885211 0.91188785 2.00878605
v -0.89546883 0.91188785 2.00600943
v -0.91647249 0.90903779 1.96399865
v -0.92148823 0.90903779 1.96552000
v -0.91980040 0.90903779 1.96959469
v -0.91561210 0.90903779 1.96832416
v -0.93348753 0.91188785 2.00507650
v -0.93595827 0.91188785 2.00045380
v -0.93188369 0.91188785 1.99876615
v -0.92982042 0.91188785 2.00262627
v -0.88451910 0.90903780 1.99022207
v -0.88503283 0.90903779 1.98500595
v -0.88935840 0.90903779 1.98586628
v -0.88892937 0.90903780 1.99022207
v -0.92148823 0.91188785 1.96551999
v -0.91647249 0.91188785 1.96399865
v -0.91561210 0.91188785 1.96832416
v -0.91980040 0.91188785 1.96959469
v -0.90102446 0.90903780 2.01492390
v -0.89640188 0.90903780 2.01245317
v -0.89885211 0.90903780 2.00878605
v -0.90271217 0.90903780 2.01084933
v -0.93747979 0.90903780 1.99543819
v -0.93595827 0.90903780 2.00045380
v -0.93188369 0.90903780 1.99876615
v -0.93315423 0.90903780 1.99457774
v -0.90102446 0.91188785 2.01492390
v -0.90271217 0.91188785 2.01084933
v -0.88503283 0.91188785 1.98500595
v -0.88451910 0.91188785 1.99022207
v -0.88892937 0.91188785 1.99022207
v -0.88935840 0.91188785 1.98586628
v -0.91125631 0.90903779 1.96348485
v -0.91125631 0.90903779 1.96789512
v -0.93747979 0.91188785 1.99543819
v -0.93315423 0.91188785 1.99457774
v -0.91125631 0.91188785 1.96348485
v -0.91125631 0.91188785 1.96789512
v -0.90604013 0.90903780 2.01644549
v -0.90690053 0.90903780 2.01211986
v -0.93799353 0.90903780 1.99022207
v -0.93747979 0.90903780 1.99543819
v -0.93315423 0.90903780 1.99457774
v -0.93358320 0.90903780 1.99022207
v -0.90604013 0.91188786 2.01644549
v -0.90690053 0.91188785 2.01211986
v -0.90604013 0.90903779 1.96399865
v -0.90690053 0.90903779 1.96832416
v -0.93747979 0.91188785 1.99543819
v -0.93799353 0.91188785 1.99022207
v -0.93358320 0.91188785 1.99022207
v -0.93315423 0.91188785 1.99457774
v -0.90604013 0.91188785 1.96399865
v -0.90690053 0.91188785 1.96832416
v -0.91125631 0.90903780 2.01695928
v -0.91125631 0.90903780 2.01254901
v -0.93747979 0.90903779 1.98500595
v -0.93315423 0.90903779 1.98586628
v -0.91125631 0.91188786 2.01695928
v -0.91125631 0.91188785 2.01254901
v -0.90102440 0.90903779 1.96552000
v -0.90271217 0.90903779 1.96959469
v -0.93747979 0.91188785 1.98500595
v -0.93315423 0.91188785 1.98586628
v -0.90102440 0.91188785 1.96551999
v -0.90271217 0.91188785 1.96959469
v -0.91647249 0.90903780 2.01644549
v -0.91561210 0.90903780 2.01211986
v -0.93595827 0.90903779 1.97999010
v -0.93188369 0.90903779 1.98167786
v -0.91647249 0.91188786 2.01644549
v -0.91561210 0.91188785 2.01211986
v -0.89640188 0.90903779 1.96799085
v -0.89885211 0.90903779 1.97165784
v -0.93595827 0.91188785 1.97999010
v -0.93188369 0.91188785 1.98167786
v -0.89640188 0.91188785 1.96799085
v -0.89885211 0.91188785 1.97165784
v -0.92148823 0.90903780 2.01492390
v -0.91980040 0.90903780 2.01084933
v -0.88503283 0.90903780 1.99543819
v -0.88935840 0.90903780 1.99457774
v -0.89062893 0.91188785 1.98167786
v -0.89062893 0.90903779 1.98167786
v -0.89269215 0.91188785 1.97781786
v -0.89269215 0.90903779 1.97781786
v -0.89546883 0.91188785 1.97443447
v -0.89546883 0.90903779 1.97443447
v -0.89885211 0.91188785 1.97165784
v -0.89885211 0.90903779 1.97165784
v -0.90271217 0.91188785 1.96959469
v -0.90271217 0.90903779 1.96959469
v -0.90690053 0.91188785 1.96832416
v -0.90690053 0.90903779 1.96832416
v -0.91125631 0.91188785 1.96789512
v -0.91125631 0.90903779 1.96789512
v -0.91561210 0.91188785 1.96832416
v -0.91561210 0.90903779 1.96832416
v -0.91980040 0.91188785 1.96959469
v -0.91980040 0.90903779 1.96959469
v -0.92366052 0.91188785 1.97165784
v -0.92366052 0.90903779 1.97165784
v -0.92704380 0.91188785 1.97443447
v -0.92704380 0.90903779 1.97443447
v -0.92982042 0.91188785 1.97781786
v -0.92982042 0.90903779 1.97781786
v -0.93188369 0.91188785 1.98167786
v -0.93188369 0.90903779 1.98167786
v -0.93315423 0.91188785 1.98586628
v -0.93315423 0.90903779 1.98586628
v -0.93358320 0.91188785 1.99022207
v -0.93358320 0.90903780 1.99022207
v -0.93315423 0.91188785 1.99457774
v -0.93315423 0.90903780 1.99457774
v -0.93188369 0.91188785 1.99876615
v -0.93315423 0.91188785 1.99457774
v -0.93315423 0.90903780 1.99457774
v -0.93188369 0.90903780 1.99876615
v -0.92982042 0.91188785 2.00262627
v -0.92982042 0.90903780 2.00262627
v -0.92704380 0.91188785 2.00600943
v -0.92704380 0.90903780 2.00600943
v -0.92366046 0.91188785 2.00878605
v -0.92366046 0.90903780 2.00878605
v -0.91980040 0.91188785 2.01084933
v -0.91980040 0.90903780 2.01084933
v -0.91561210 0.91188785 2.01211986
v -0.91561210 0.90903780 2.01211986
v -0.91125631 0.91188785 2.01254901
v -0.91125631 0.90903780 2.01254901
v -0.90690053 0.91188785 2.01211986
v -0.90690053 0.90903780 2.01211986
v -0.90271217 0.91188785 2.01084933
v -0.90271217 0.90903780 2.01084933
v -0.89885211 0.91188785 2.00878605
v -0.89885211 0.90903780 2.00878605
v -0.89546883 0.91188785 2.00600943
v -0.89546883 0.90903780 2.00600943
v -0.89269215 0.91188785 2.00262627
v -0.89269215 0.90903780 2.00262627
v -0.89062893 0.91188785 1.99876615
v -0.89062893 0.90903780 1.99876615
v -0.88935840 0.91188785 1.99457774
v -0.88935840 0.90903780 1.99457774
v -0.93348753 0.90903780 2.00507650
v -0.92982042 0.90903780 2.00262627
v -0.88655436 0.91188785 1.97999010
v -0.89062893 0.91188785 1.98167786
v -0.89235020 0.90903780 2.00912818
v -0.89546883 0.90903780 2.00600943
v -0.92611074 0.91188785 1.96799085
v -0.92366052 0.91188785 1.97165784
v -0.88655436 0.90903779 1.97999010
v -0.89062893 0.90903779 1.98167786
v -0.93016243 0.91188785 2.00912818
v -0.92704380 0.91188785 2.00600943
v -0.92611074 0.90903779 1.96799085
v -0.92366052 0.90903779 1.97165784
v -0.88902509 0.91188785 2.00507650
v -0.89269215 0.91188785 2.00262627
v -0.93016243 0.90903780 2.00912818
v -0.92704380 0.90903780 2.00600943
v -0.88902509 0.91188785 1.97536764
v -0.89269215 0.91188785 1.97781786
v -0.88902509 0.90903780 2.00507650
v -0.89269215 0.90903780 2.00262627
v -0.93016243 0.91188785 1.97131595
v -0.92704380 0.91188785 1.97443447
v -0.88902509 0.90903779 1.97536764
v -0.89269215 0.90903779 1.97781786
v -0.92611074 0.91188785 2.01245317
v -0.92366046 0.91188785 2.00878605
v -0.93016243 0.90903779 1.97131595
v -0.92704380 0.90903779 1.97443447
v -0.88655436 0.91188785 2.00045380
v -0.89062893 0.91188785 1.99876615
v -0.92611074 0.90903780 2.01245317
v -0.92366046 0.90903780 2.00878605
v -0.89235020 0.91188785 1.97131595
v -0.89546883 0.91188785 1.97443447
v -0.88655436 0.90903780 2.00045380
v -0.89062893 0.90903780 1.99876615
v -0.93348753 0.91188785 1.97536764
v -0.92982042 0.91188785 1.97781786
v -0.89235020 0.90903779 1.97131595
v -0.89546883 0.90903779 1.97443447
v -0.92148823 0.91188785 2.01492390
v -0.91980040 0.91188785 2.01084933
v -0.93348753 0.90903779 1.97536764
v -0.92982042 0.90903779 1.97781786
v -0.88503283 0.91188785 1.99543819
v -0.88935840 0.91188785 1.99457774
v -0.90793568 0.92274979 2.01455077
v -0.90793568 0.92274980 2.07118568
v -0.90773118 0.92207561 2.07118568
v -0.90773118 0.92207560 2.01455077
v -0.90826780 0.92337117 2.01455077
v -0.90826780 0.92337118 2.07118568
v -0.90871477 0.92391583 2.01455077
v -0.90871477 0.92391584 2.07118568
v -0.90925944 0.92436281 2.01455077
v -0.90925944 0.92436282 2.07118568
v -0.90988082 0.92469499 2.01455077
v -0.90988082 0.92469499 2.07118568
v -0.91055506 0.92489943 2.01455077
v -0.91055506 0.92489944 2.07118568
v -0.91125619 0.92496857 2.01455077
v -0.91125619 0.92496858 2.07118568
v -0.91195738 0.92489943 2.01455077
v -0.91195738 0.92489944 2.07118568
v -0.91263163 0.92469499 2.01455077
v -0.91263163 0.92469499 2.07118568
v -0.91325307 0.92436281 2.01455077
v -0.91325307 0.92436282 2.07118568
v -0.91379768 0.92391583 2.01455077
v -0.91379768 0.92391584 2.07118568
v -0.91424465 0.92337117 2.01455077
v -0.91424465 0.92337118 2.07118568
v -0.91457677 0.92274979 2.01455077
v -0.91457677 0.92274980 2.07118568
v -0.91478133 0.92207560 2.01455077
v -0.91478133 0.92207561 2.07118568
v -0.91485035 0.92137441 2.01455077
v -0.91485035 0.92137442 2.07118568
v -0.91478133 0.92067322 2.01455077
v -0.91478133 0.92067323 2.07118568
v -0.91457677 0.91999897 2.01455077
v -0.91457677 0.91999898 2.07118568
v -0.91424465 0.91937754 2.01455077
v -0.91424465 0.91937755 2.07118568
v -0.91379768 0.91883293 2.01455077
v -0.91379768 0.91883294 2.07118568
v -0.91325307 0.91838595 2.01455077
v -0.91325307 0.91838596 2.07118568
v -0.91263163 0.91805384 2.01455077
v -0.91263163 0.91805385 2.07118568
v -0.91195738 0.91784927 2.01455077
v -0.91195738 0.91784928 2.07118568
v -0.91125619 0.91778025 2.01455077
v -0.91125619 0.91778026 2.07118568
v -0.91195738 0.91784928 2.07118568
v -0.91195738 0.91784927 2.01455077
v -0.91055506 0.91784927 2.01455077
v -0.91055506 0.91784928 2.07118568
v -0.90988082 0.91805384 2.01455077
v -0.90988082 0.91805385 2.07118568
v -0.90925944 0.91838595 2.01455077
v -0.90925944 0.91838596 2.07118568
v -0.90871477 0.91883293 2.01455077
v -0.90871477 0.91883294 2.07118568
v -0.90826780 0.91937754 2.01455077
v -0.90826780 0.91937755 2.07118568
v -0.90793568 0.91999897 2.01455077
v -0.90793568 0.91999898 2.07118568
v -0.90773118 0.92067322 2.01455077
v -0.90773118 0.92067323 2.07118568
v -0.90766209 0.92137441 2.01455077
v -0.90766209 0.92137442 2.07118568
v -0.86870503 0.85585004 1.83086524
v -0.86952269 0.85585004 1.83916662
v -0.87194407 0.85585004 1.84714899
v -0.87587619 0.85585005 1.85450540
v -0.88116801 0.85585005 1.86095343
v -0.88761604 0.85585005 1.86624537
v -0.89497256 0.85585005 1.87017737
v -0.90295494 0.85585005 1.87259887
v -0.91125619 0.85585005 1.87341652
v -0.91955757 0.85585005 1.87259887
v -0.92753983 0.85585005 1.87017737
v -0.93489635 0.85585005 1.86624537
v -0.94134444 0.85585005 1.86095343
v -0.94663620 0.85585005 1.85450540
v -0.95056838 0.85585004 1.84714899
v -0.95298982 0.85585004 1.83916662
v -0.95380741 0.85585004 1.83086524
v -0.95298982 0.85585004 1.82256399
v -0.95056838 0.85585004 1.81458173
v -0.94663620 0.85585004 1.80722509
v -0.94134444 0.85585004 1.80077706
v -0.93489641 0.85585004 1.79548536
v -0.92753983 0.85585003 1.79155312
v -0.91955757 0.85585003 1.78913174
v -0.91125619 0.85585003 1.78831408
v -0.90295494 0.85585003 1.78913174
v -0.89497256 0.85585003 1.79155312
v -0.88761604 0.85585004 1.79548536
v -0.88116801 0.85585004 1.80077706
v -0.87587619 0.85585004 1.80722509
v -0.87194407 0.85585004 1.81458173
v -0.86952269 0.85585004 1.82256399
v -1.28297448 1.14575702 1.83536225
v -1.28341699 1.14575702 1.83086722
v -1.28297448 1.14575702 1.82637208
v -1.28166294 1.14575702 1.82204967
v -1.27953398 1.14575714 1.81806617
v -1.27666867 1.14575702 1.81457453
v -1.27317691 1.14575702 1.81170910
v -1.26919353 1.14575702 1.80957990
v -1.26487100 1.14575725 1.80826860
v -1.26037586 1.14575725 1.80782586
v -1.25588083 1.14575725 1.80826860
v -1.25155842 1.14575725 1.80957990
v -1.24757457 1.14575714 1.81170910
v -1.24408317 1.14575714 1.81457453
v -1.24121773 1.14575726 1.81806617
v -1.23908854 1.14575726 1.82204967
v -1.23777723 1.14575714 1.82637208
v -1.23733449 1.14575714 1.83086722
v -1.23777723 1.14575714 1.83536225
v -1.23908854 1.14575726 1.83968478
v -1.24121761 1.14575702 1.84366827
v -1.24408317 1.14575726 1.84715980
v -1.24757481 1.14575714 1.85002523
v -1.25155842 1.14575726 1.85215455
v -1.25588083 1.14575726 1.85346573
v -1.26037586 1.14575726 1.85390847
v -1.26487100 1.14575726 1.85346573
v -1.26919353 1.14575702 1.85215455
v -1.27317715 1.14575714 1.85002523
v -1.27666867 1.14575702 1.84715980
v -1.27953398 1.14575714 1.84366827
v -1.28166294 1.14575702 1.83968478
v -0.86870503 0.85585007 1.99022184
v -0.86952269 0.85585007 1.99852322
v -0.87194407 0.85585007 2.00650535
v -0.87587619 0.85585007 2.01386199
v -0.88116801 0.85585007 2.02031002
v -0.88761604 0.85585007 2.02560172
v -0.89497256 0.85585007 2.02953396
v -0.90295494 0.85585007 2.03195558
v -0.91125619 0.85585007 2.03277312
v -0.91955757 0.85585007 2.03195558
v -0.92753983 0.85585007 2.02953396
v -0.93489635 0.85585007 2.02560172
v -0.94134444 0.85585007 2.02031002
v -0.94663620 0.85585007 2.01386199
v -0.95056838 0.85585007 2.00650535
v -0.95298982 0.85585007 1.99852322
v -0.95380741 0.85585007 1.99022184
v -0.95298982 0.85585007 1.98192058
v -0.95056838 0.85585006 1.97393821
v -0.94663620 0.85585006 1.96658168
v -0.94134444 0.85585006 1.96013365
v -0.93489641 0.85585006 1.95484183
v -0.92753983 0.85585006 1.95090971
v -0.91955757 0.85585006 1.94848833
v -0.91125619 0.85585006 1.94767068
v -0.90295494 0.85585006 1.94848833
v -0.89497256 0.85585006 1.95090971
v -0.88761604 0.85585006 1.95484183
v -0.88116801 0.85585006 1.96013365
v -0.87587619 0.85585006 1.96658168
v -0.87194407 0.85585006 1.97393821
v -0.86952269 0.85585007 1.98192058
v -0.88503283 0.93029865 1.99543819
v -0.88451910 0.93029865 1.99022206
v -0.88503283 0.93029865 1.98500594
v -0.88655436 0.93029865 1.97999009
v -0.88902509 0.93029865 1.97536763
v -0.89235020 0.93029865 1.97131595
v -0.89640188 0.93029865 1.96799084
v -0.90102440 0.93029865 1.96551999
v -0.90604013 0.93029865 1.96399864
v -0.91125631 0.93029865 1.96348485
v -0.91647249 0.93029865 1.96399864
v -0.92148823 0.93029865 1.96551999
v -0.92611074 0.93029865 1.96799084
v -0.93016243 0.93029865 1.97131595
v -0.93348753 0.93029865 1.97536763
v -0.93595827 0.93029865 1.97999009
v -0.93747979 0.93029865 1.98500594
v -0.93799353 0.93029865 1.99022206
v -0.93747979 0.93029865 1.99543819
v -0.93595827 0.93029865 2.00045380
v -0.93348753 0.93029866 2.00507650
v -0.93016243 0.93029866 2.00912818
v -0.92611074 0.93029866 2.01245317
v -0.92148823 0.93029866 2.01492390
v -0.91647249 0.93029866 2.01644549
v -0.91125631 0.93029866 2.01695928
v -0.90604013 0.93029866 2.01644549
v -0.90102446 0.93029866 2.01492390
v -0.89640188 0.93029866 2.01245317
v -0.89235020 0.93029866 2.00912818
v -0.88902509 0.93029866 2.00507650
v -0.88655436 0.93029865 2.00045380
v -0.90773118 0.92067323 2.07118568
v -0.90766209 0.92137442 2.07118568
v -0.90773118 0.92207561 2.07118568
v -0.90793568 0.92274980 2.07118568
v -0.90826780 0.92337118 2.07118568
v -0.90871477 0.92391584 2.07118568
v -0.90925944 0.92436282 2.07118568
v -0.90988082 0.92469499 2.07118568
v -0.91055506 0.92489944 2.07118568
v -0.91125619 0.92496858 2.07118568
v -0.91195738 0.92489944 2.07118568
v -0.91263163 0.92469499 2.07118568
v -0.91325307 0.92436282 2.07118568
v -0.91379768 0.92391584 2.07118568
v -0.91424465 0.92337118 2.07118568
v -0.91457677 0.92274980 2.07118568
v -0.91478133 0.92207561 2.07118568
v -0.91485035 0.92137442 2.07118568
v -0.91478133 0.92067323 2.07118568
v -0.91457677 0.91999898 2.07118568
v -0.91424465 0.91937755 2.07118568
v -0.91379768 0.91883294 2.07118568
v -0.91325307 0.91838596 2.07118568
v -0.91263163 0.91805385 2.07118568
v -0.91195738 0.91784928 2.07118568
v -0.91125619 0.91778026 2.07118568
v -0.91055506 0.91784928 2.07118568
v -0.90988082 0.91805385 2.07118568
v -0.90925944 0.91838596 2.07118568
v -0.90871477 0.91883294 2.07118568
v -0.90826780 0.91937755 2.07118568
v -0.90793568 0.91999898 2.07118568
vt 0.71496463 0.44503868
vt 0.66625279 0.44503868
vt 0.66625279 0.58849484
vt 0.71496469 0.58849484
vt 0.71656573 0.58849490
vt 0.76527768 0.58849490
vt 0.76527768 0.49884319
vt 0.71656573 0.49884319
vt 0.66465181 0.58849484
vt 0.66465181 0.44503868
vt 0.61593986 0.44503868
vt 0.61593986 0.58849484
vt 0.77805692 0.73323470
vt 0.77805692 0.64358294
vt 0.72934496 0.64358294
vt 0.72934496 0.73323470
vt 0.61593974 0.58977854
vt 0.61593974 0.73323458
vt 0.72774386 0.73323458
vt 0.72774386 0.58977854
vt 0.12323199 0.13157415
vt 0.12323199 0.07197344
vt 0.11638646 0.07197344
vt 0.11638616 0.13157415
vt 0.10954000 0.07197344
vt 0.10954045 0.13157415
vt 0.10269453 0.07197344
vt 0.10269453 0.13157415
vt 0.09584863 0.07197344
vt 0.09584863 0.13157415
vt 0.08900262 0.07197344
vt 0.08900274 0.13157409
vt 0.08215664 0.07197344
vt 0.08215697 0.13157415
vt 0.07531108 0.07197344
vt 0.07531108 0.13157415
vt 0.06846531 0.07197356
vt 0.06846531 0.13157415
vt 0.06161933 0.07197344
vt 0.06161945 0.13157415
vt 0.05477332 0.07197344
vt 0.05477356 0.13157415
vt 0.04792767 0.07197344
vt 0.04792779 0.13157415
vt 0.04108157 0.07197344
vt 0.04108201 0.13157415
vt 0.03423579 0.07197344
vt 0.03423612 0.13157415
vt 0.02738990 0.07197356
vt 0.02739023 0.13157415
vt 0.02054389 0.07197356
vt 0.02054437 0.13157415
vt 0.23961158 0.13157415
vt 0.23961158 0.07197344
vt 0.23276575 0.07197344
vt 0.23276575 0.13157415
vt 0.22592004 0.07197344
vt 0.22592004 0.13157415
vt 0.21907403 0.07197344
vt 0.21907403 0.13157415
vt 0.21222822 0.07197344
vt 0.21222810 0.13157415
vt 0.20538239 0.07197344
vt 0.20538221 0.13157415
vt 0.19853656 0.07197344
vt 0.19853638 0.13157415
vt 0.19169055 0.07197344
vt 0.19169055 0.13157415
vt 0.18484484 0.07197344
vt 0.18484457 0.13157415
vt 0.17799892 0.07197344
vt 0.17799892 0.13157415
vt 0.17115314 0.07197344
vt 0.17115314 0.13157415
vt 0.16430719 0.07197344
vt 0.16430719 0.13157409
vt 0.15746118 0.07197344
vt 0.15746118 0.13157415
vt 0.15061547 0.07197344
vt 0.15061535 0.13157409
vt 0.14376982 0.07197344
vt 0.14376949 0.13157415
vt 0.13692383 0.07197344
vt 0.13692372 0.13157415
vt 0.97662824 0.01721632
vt 0.97651368 0.01544654
vt 0.70416301 0.01773036
vt 0.70435643 0.01958191
vt 0.13007782 0.07197344
vt 0.13007782 0.13157415
vt 0.27884901 0.11597550
vt 0.28517368 0.11499679
vt 0.27917814 0.10761392
vt 0.26911268 0.10917139
vt 0.47969040 0.18975198
vt 0.46879530 0.18975192
vt 0.46879548 0.19480789
vt 0.47969022 0.19480801
vt 0.32872921 0.12369305
vt 0.33006468 0.12620115
vt 0.35062009 0.12544501
vt 0.34849438 0.12145352
vt 0.29873398 0.14046162
vt 0.29188821 0.14046162
vt 0.28986362 0.14813983
vt 0.30075839 0.14813983
vt 0.26189312 0.12369305
vt 0.26451290 0.12133062
vt 0.24629720 0.11769384
vt 0.24212779 0.12145358
vt 0.31177285 0.11597544
vt 0.31746507 0.11739618
vt 0.33056825 0.11143219
vt 0.32150939 0.10917127
vt 0.32230583 0.13575518
vt 0.31746522 0.13756335
vt 0.33056846 0.14352763
vt 0.33827221 0.14064991
vt 0.26451302 0.13362890
vt 0.26189312 0.13126636
vt 0.24212767 0.13350612
vt 0.24629714 0.13726604
vt 0.29188821 0.11449802
vt 0.28986362 0.10681999
vt 0.33006480 0.12875831
vt 0.35062009 0.12951469
vt 0.28517374 0.13996273
vt 0.27917814 0.14734590
vt 0.26831633 0.11920446
vt 0.25235012 0.11430991
vt 0.31746522 0.11739630
vt 0.32230577 0.11920434
vt 0.33827215 0.11430991
vt 0.31177294 0.13898408
vt 0.32150963 0.14578861
vt 0.26055759 0.12875843
vt 0.24000238 0.12951469
vt 0.29873398 0.11449802
vt 0.30075857 0.10681999
vt 0.32872921 0.13126636
vt 0.34849462 0.13350612
vt 0.27884921 0.13898420
vt 0.26911244 0.14578855
vt 0.27315700 0.11739618
vt 0.26005369 0.11143219
vt 0.32610938 0.12133062
vt 0.34432527 0.11769372
vt 0.30544820 0.13996279
vt 0.31144392 0.14734590
vt 0.26055759 0.12620121
vt 0.24000241 0.12544513
vt 0.30544820 0.11499679
vt 0.31144392 0.10761392
vt 0.32610944 0.13362896
vt 0.34432533 0.13726604
vt 0.27315706 0.13756335
vt 0.26005369 0.14352745
vt 0.26831624 0.13575518
vt 0.25234994 0.14064986
vt 0.27268758 0.18975204
vt 0.26179257 0.18975210
vt 0.26179284 0.19480819
vt 0.27268794 0.19480813
vt 0.45790049 0.18975186
vt 0.45790049 0.19480789
vt 0.25089747 0.18975216
vt 0.25089774 0.19480824
vt 0.40342677 0.18975163
vt 0.39253184 0.18975163
vt 0.39253184 0.19480759
vt 0.40342662 0.19480771
vt 0.44700605 0.18975180
vt 0.44700593 0.19480789
vt 0.24000238 0.18975222
vt 0.24000300 0.19480836
vt 0.38163659 0.18975163
vt 0.38163677 0.19480765
vt 0.43611130 0.18975180
vt 0.43611094 0.19480777
vt 0.58863866 0.18975234
vt 0.57774359 0.18975228
vt 0.57774359 0.19480830
vt 0.58863842 0.19480836
vt 0.37074196 0.18975163
vt 0.37074229 0.19480771
vt 0.42521623 0.18975168
vt 0.42521632 0.19480777
vt 0.56684870 0.18975228
vt 0.56684893 0.19480824
vt 0.35984734 0.18975163
vt 0.35984734 0.19480765
vt 0.41432139 0.18975163
vt 0.41432139 0.19480771
vt 0.55595398 0.18975228
vt 0.55595434 0.19480830
vt 0.34895214 0.18975163
vt 0.34895241 0.19480765
vt 0.54505932 0.18975228
vt 0.54505908 0.19480830
vt 0.33805686 0.18975163
vt 0.33805719 0.19480771
vt 0.53416413 0.18975228
vt 0.53416413 0.19480830
vt 0.32716194 0.18975174
vt 0.32716259 0.19480783
vt 0.52326959 0.18975222
vt 0.52326947 0.19480824
vt 0.31626734 0.18975180
vt 0.31626767 0.19480789
vt 0.51237452 0.18975222
vt 0.51237452 0.19480819
vt 0.30537212 0.18975186
vt 0.30537239 0.19480789
vt 0.50147986 0.18975204
vt 0.50147986 0.19480807
vt 0.29447719 0.18975186
vt 0.29447749 0.19480801
vt 0.49058518 0.18975204
vt 0.49058506 0.19480807
vt 0.28358239 0.18975192
vt 0.28358266 0.19480807
vt 0.07469387 0.17874235
vt 0.07229848 0.18008149
vt 0.08229227 0.18314505
vt 0.08609547 0.18101889
vt 0.06924985 0.18122023
vt 0.07745142 0.18495327
vt 0.06566499 0.18211490
vt 0.07175948 0.18637395
vt 0.06168177 0.18273127
vt 0.06543489 0.18735260
vt 0.05745323 0.18304539
vt 0.05872040 0.18785137
vt 0.05314179 0.18304539
vt 0.05187451 0.18785143
vt 0.04891326 0.18273127
vt 0.04516037 0.18735254
vt 0.04493018 0.18211496
vt 0.03883566 0.18637395
vt 0.04134517 0.18122023
vt 0.03314348 0.18495327
vt 0.03829654 0.18008143
vt 0.02830275 0.18314511
vt 0.03590127 0.17874235
vt 0.02449932 0.18101889
vt 0.03425144 0.17725450
vt 0.02187945 0.17865634
vt 0.03341042 0.17567497
vt 0.02054401 0.17614824
vt 0.03341006 0.17406440
vt 0.02054389 0.17359108
vt 0.03425123 0.17248493
vt 0.02187945 0.17108297
vt 0.03425111 0.17248487
vt 0.03590106 0.17099690
vt 0.02449932 0.16872036
vt 0.02187945 0.17108291
vt 0.03829642 0.16965783
vt 0.02830266 0.16659421
vt 0.04134529 0.16851908
vt 0.03314348 0.16478598
vt 0.04492994 0.16762441
vt 0.03883554 0.16336519
vt 0.04891338 0.16700810
vt 0.04516037 0.16238666
vt 0.05314203 0.16669393
vt 0.05187463 0.16188782
vt 0.05745347 0.16669393
vt 0.05872064 0.16188776
vt 0.06168189 0.16700810
vt 0.06543489 0.16238672
vt 0.06566532 0.16762441
vt 0.07175960 0.16336530
vt 0.06925009 0.16851908
vt 0.07745166 0.16478610
vt 0.07229860 0.16965783
vt 0.08229248 0.16659427
vt 0.07469375 0.17099702
vt 0.08609582 0.16872048
vt 0.07634370 0.17248487
vt 0.08871557 0.17108303
vt 0.07718472 0.17406446
vt 0.09005089 0.17359108
vt 0.07718484 0.17567486
vt 0.09005089 0.17614824
vt 0.07634370 0.17725450
vt 0.08871545 0.17865634
vt 0.71070230 0.04225087
vt 0.71042281 0.04061496
vt 0.69317484 0.04099190
vt 0.69334960 0.04254544
vt 0.97859520 0.05081141
vt 0.97850448 0.04904377
vt 0.71093351 0.05040443
vt 0.71074921 0.05206084
vt 0.97812670 0.04197240
vt 0.97802800 0.04020441
vt 0.71090162 0.04387915
vt 0.97674209 0.01898575
vt 0.70466787 0.02143157
vt 0.97868448 0.05257893
vt 0.71049440 0.05373394
vt 0.97822350 0.04374039
vt 0.71101886 0.04550374
vt 0.97685474 0.02075505
vt 0.70508480 0.02327263
vt 0.97877234 0.05434644
vt 0.71017724 0.05542696
vt 0.97696680 0.02252400
vt 0.70558846 0.02510011
vt 0.97885901 0.05611396
vt 0.70980853 0.05714178
vt 0.97707802 0.02429259
vt 0.70615673 0.02690971
vt 0.97894478 0.05788147
vt 0.70940197 0.05888033
vt 0.97718817 0.02606094
vt 0.70676440 0.02869856
vt 0.97902918 0.05964911
vt 0.70897436 0.06064355
vt 0.97729748 0.02782905
vt 0.70738786 0.03046501
vt 0.97911280 0.06141722
vt 0.70854729 0.06243122
vt 0.97740543 0.02959704
vt 0.70800442 0.03220832
vt 0.97919559 0.06318557
vt 0.70814455 0.06424224
vt 0.97751260 0.03136492
vt 0.70859510 0.03392875
vt 0.97927701 0.06495416
vt 0.70779282 0.06607449
vt 0.97761840 0.03313267
vt 0.70914382 0.03562748
vt 0.97935778 0.06672299
vt 0.70751983 0.06792414
vt 0.97772306 0.03490055
vt 0.70963711 0.03730631
vt 0.97943723 0.06849205
vt 0.70735151 0.06978667
vt 0.97831875 0.04550827
vt 0.71107125 0.04712963
vt 0.97782618 0.03666842
vt 0.71006620 0.03896797
vt 0.97951573 0.07026672
vt 0.70731014 0.07165587
vt 0.97841257 0.04727614
vt 0.71104240 0.04876196
vt 0.97792810 0.03843641
vt 0.97639829 0.01367700
vt 0.70411456 0.01587701
vt 0.69029433 0.02559936
vt 0.68997639 0.02369142
vt 0.67440927 0.02396512
vt 0.67462909 0.02591455
vt 0.68938261 0.01782906
vt 0.68950635 0.01979673
vt 0.69360489 0.05026138
vt 0.69353729 0.05184126
vt 0.69348389 0.04408658
vt 0.68970865 0.02175426
vt 0.69343400 0.05344820
vt 0.69357777 0.04562151
vt 0.69329906 0.05508769
vt 0.69313616 0.05676520
vt 0.69064611 0.02747095
vt 0.69295251 0.05848467
vt 0.69101632 0.02930176
vt 0.69275624 0.06024945
vt 0.69138998 0.03108919
vt 0.69255775 0.06206143
vt 0.69175488 0.03283274
vt 0.69237155 0.06392050
vt 0.69210070 0.03453422
vt 0.69221348 0.06582487
vt 0.69242036 0.03619611
vt 0.69210017 0.06777012
vt 0.69270831 0.03782308
vt 0.69205147 0.06975174
vt 0.69362658 0.04715776
vt 0.69296062 0.03941977
vt 0.69208068 0.07176411
vt 0.69363528 0.04870224
vt 0.68933719 0.01585972
vt 0.67535245 0.03146064
vt 0.67510974 0.02966607
vt 0.65914440 0.02990806
vt 0.65932041 0.03170335
vt 0.67674541 0.05495298
vt 0.67667222 0.05660868
vt 0.67486578 0.02781653
vt 0.67658609 0.05831540
vt 0.67649174 0.06007755
vt 0.67639387 0.06189859
vt 0.67558724 0.03320062
vt 0.67630017 0.06377900
vt 0.67580861 0.03488886
vt 0.67621875 0.06571758
vt 0.67601323 0.03652918
vt 0.67615861 0.06770980
vt 0.67619896 0.03812730
vt 0.67612821 0.06974852
vt 0.67679769 0.04572141
vt 0.67684203 0.04721272
vt 0.67636365 0.03968942
vt 0.67613208 0.07182753
vt 0.67686391 0.04871297
vt 0.67650616 0.04122257
vt 0.67387003 0.01588762
vt 0.67394471 0.01792574
vt 0.67686421 0.05022967
vt 0.67662644 0.04273403
vt 0.67405814 0.01995909
vt 0.67684376 0.05177033
vt 0.67672390 0.04423106
vt 0.67421532 0.02197635
vt 0.67680377 0.05334246
vt 0.65979010 0.03674352
vt 0.65964502 0.03511703
vt 0.64357740 0.03527880
vt 0.64368957 0.03689492
vt 0.66023749 0.05999649
vt 0.66017538 0.06181729
vt 0.65948808 0.03343856
vt 0.66011113 0.06370342
vt 0.66004765 0.06565320
vt 0.65998977 0.06766212
vt 0.65992165 0.03832448
vt 0.65994108 0.06972170
vt 0.66036397 0.04580390
vt 0.66040128 0.04727042
vt 0.66003931 0.03986657
vt 0.65989989 0.07182348
vt 0.66042382 0.04874611
vt 0.66014248 0.04137790
vt 0.65805346 0.01597393
vt 0.65816784 0.01804495
vt 0.66043252 0.05023897
vt 0.66023111 0.04286575
vt 0.65829480 0.02010977
vt 0.66042829 0.05175734
vt 0.66030484 0.04433846
vt 0.65844357 0.02215588
vt 0.66041124 0.05330896
vt 0.65860826 0.02416885
vt 0.66038251 0.05490196
vt 0.65878338 0.02613723
vt 0.66034305 0.05654335
vt 0.65896428 0.02805197
vt 0.66029412 0.05823970
vt 0.64418161 0.04878104
vt 0.64416397 0.04732096
vt 0.62806702 0.04736018
vt 0.62807786 0.04880893
vt 0.64384562 0.06558979
vt 0.64377296 0.06759822
vt 0.64379102 0.03846371
vt 0.64369678 0.06965852
vt 0.64413542 0.04586995
vt 0.64388174 0.03999269
vt 0.64361495 0.07176077
vt 0.64396179 0.04148972
vt 0.64210552 0.01611376
vt 0.64225626 0.01819432
vt 0.64418894 0.05025876
vt 0.64403063 0.04296279
vt 0.64240414 0.02026880
vt 0.64418596 0.05176222
vt 0.64408875 0.04442012
vt 0.64255840 0.02232373
vt 0.64417404 0.05330014
vt 0.64271599 0.02434385
vt 0.64415222 0.05487990
vt 0.64287382 0.02631676
vt 0.64412147 0.05650985
vt 0.64302927 0.02823353
vt 0.64408177 0.05819619
vt 0.64317942 0.03008854
vt 0.64403373 0.05994475
vt 0.64332110 0.03188002
vt 0.64397770 0.06175947
vt 0.64345437 0.03360891
vt 0.64391464 0.06364155
vt 0.62805766 0.05329406
vt 0.62807280 0.05176747
vt 0.61206836 0.05176675
vt 0.61204845 0.05328333
vt 0.62784547 0.04008770
vt 0.62791008 0.04157388
vt 0.62615824 0.01629555
vt 0.62633771 0.01837146
vt 0.62807959 0.05027521
vt 0.62796497 0.04303598
vt 0.62650502 0.02044225
vt 0.62801063 0.04448211
vt 0.62666845 0.02249348
vt 0.62804723 0.04592085
vt 0.62682682 0.02450955
vt 0.62803406 0.05486286
vt 0.62697858 0.02647781
vt 0.62800139 0.05648172
vt 0.62712210 0.02838910
vt 0.62795997 0.05815780
vt 0.62725627 0.03023779
vt 0.62790906 0.05989623
vt 0.62737978 0.03202200
vt 0.62784845 0.06170118
vt 0.62749302 0.03374279
vt 0.62777752 0.06357384
vt 0.62759614 0.03540373
vt 0.62769622 0.06551278
vt 0.62768906 0.03701031
vt 0.62760556 0.06751168
vt 0.62777179 0.03856909
vt 0.62750500 0.06956208
vt 0.62739187 0.07165372
vt 0.61193860 0.05811536
vt 0.61198443 0.05645072
vt 0.59607011 0.05641615
vt 0.59602356 0.05807018
vt 0.61204183 0.04452789
vt 0.61206895 0.04595745
vt 0.61084396 0.02266681
vt 0.61100298 0.02467144
vt 0.61202043 0.05484211
vt 0.61115026 0.02662885
vt 0.61128497 0.02852952
vt 0.61140734 0.03036797
vt 0.61188287 0.05984247
vt 0.61151713 0.03214216
vt 0.61181611 0.06163538
vt 0.61161584 0.03385317
vt 0.61173719 0.06349552
vt 0.61170387 0.03550458
vt 0.61164522 0.06542087
vt 0.61178190 0.03710186
vt 0.61154026 0.06740570
vt 0.61185074 0.03865135
vt 0.61142212 0.06944048
vt 0.61208105 0.04738796
vt 0.61191100 0.04016066
vt 0.61128646 0.07151544
vt 0.61208439 0.04882729
vt 0.61196274 0.04163778
vt 0.61029333 0.01650774
vt 0.61049348 0.01856995
vt 0.61208028 0.05028427
vt 0.61200637 0.04309070
vt 0.61067361 0.02062786
vt 0.59581554 0.06341004
vt 0.59589761 0.06156468
vt 0.58010453 0.06149805
vt 0.58002973 0.06332695
vt 0.59554929 0.02865505
vt 0.59565681 0.03048027
vt 0.59596640 0.05978513
vt 0.59575093 0.03224242
vt 0.59583312 0.03394234
vt 0.59590471 0.03558385
vt 0.59571934 0.06531918
vt 0.59596646 0.03717172
vt 0.59560728 0.06728649
vt 0.59602010 0.03871262
vt 0.59547895 0.06930244
vt 0.59618229 0.04598141
vt 0.59618664 0.04740465
vt 0.59606665 0.04021394
vt 0.59533006 0.07135665
vt 0.59618425 0.04883671
vt 0.59610575 0.04168344
vt 0.59456724 0.01674044
vt 0.59477913 0.01878178
vt 0.59617555 0.05028594
vt 0.59613806 0.04312909
vt 0.59496558 0.02081978
vt 0.59615988 0.05176032
vt 0.59616333 0.04455912
vt 0.59513575 0.02284014
vt 0.59613723 0.05326831
vt 0.59528965 0.02482748
vt 0.59610760 0.05481780
vt 0.59542745 0.02676880
vt 0.57970107 0.06915677
vt 0.57982993 0.06716359
vt 0.56423980 0.06705058
vt 0.56412327 0.06901419
vt 0.58014911 0.03400373
vt 0.58019614 0.03563535
vt 0.57993907 0.06521738
vt 0.58023572 0.03721511
vt 0.58026922 0.03874910
vt 0.58036262 0.04599345
vt 0.58036095 0.04741251
vt 0.58029675 0.04024446
vt 0.57954699 0.07118642
vt 0.58035487 0.04884005
vt 0.58031964 0.04170859
vt 0.57902879 0.01698482
vt 0.57924438 0.01899803
vt 0.58034438 0.05028427
vt 0.58033830 0.04314971
vt 0.57942700 0.02100909
vt 0.58032948 0.05175328
vt 0.58035272 0.04457533
vt 0.57958728 0.02300429
vt 0.58030969 0.05325496
vt 0.57972527 0.02496850
vt 0.58028477 0.05479681
vt 0.57984275 0.02688920
vt 0.58025330 0.05638635
vt 0.57994133 0.02875721
vt 0.58021396 0.05803001
vt 0.58002377 0.03056657
vt 0.58016527 0.05973279
vt 0.58009219 0.03231525
vt 0.56411356 0.02118301
vt 0.56394774 0.01920807
vt 0.54897290 0.01939738
vt 0.54910314 0.02132189
vt 0.56456876 0.04599464
vt 0.56456232 0.04741514
vt 0.56457043 0.03874850
vt 0.56456965 0.04024220
vt 0.56397474 0.07101238
vt 0.56455636 0.04884374
vt 0.56456882 0.04170620
vt 0.56373811 0.01723278
vt 0.56455070 0.05028832
vt 0.56456816 0.04314768
vt 0.56454504 0.05175674
vt 0.56456792 0.04457462
vt 0.56424803 0.02314460
vt 0.56453913 0.05325615
vt 0.56435269 0.02507842
vt 0.56453121 0.05479407
vt 0.56443036 0.02697277
vt 0.56452072 0.05637753
vt 0.56448627 0.02881801
vt 0.56450528 0.05801213
vt 0.56452376 0.03060901
vt 0.56448191 0.05970299
vt 0.56454784 0.03234303
vt 0.56444752 0.06145298
vt 0.56456107 0.03402030
vt 0.56439811 0.06326282
vt 0.56456780 0.03564370
vt 0.56433052 0.06513059
vt 0.56457025 0.03721797
vt 0.54923618 0.02698827
vt 0.54922932 0.02512956
vt 0.53445041 0.02507627
vt 0.53433478 0.02688384
vt 0.54872096 0.05031478
vt 0.54874152 0.05179191
vt 0.54874700 0.04311323
vt 0.54872620 0.04455245
vt 0.54918724 0.02323699
vt 0.54877025 0.05329764
vt 0.54871488 0.04598522
vt 0.54880512 0.05483854
vt 0.54884380 0.05642092
vt 0.54921490 0.02880478
vt 0.54888314 0.05804956
vt 0.54917270 0.03057349
vt 0.54891860 0.05972922
vt 0.54911703 0.03229153
vt 0.54894388 0.06146169
vt 0.54905421 0.03395903
vt 0.54895300 0.06324780
vt 0.54898924 0.03557789
vt 0.54893893 0.06508529
vt 0.54892623 0.03715205
vt 0.54889363 0.06696880
vt 0.54886931 0.03868663
vt 0.54881120 0.06889093
vt 0.54870689 0.04741871
vt 0.54881918 0.04018712
vt 0.54868221 0.07084394
vt 0.54870915 0.04885948
vt 0.54877800 0.04166043
vt 0.54878330 0.01747501
vt 0.53379941 0.03209841
vt 0.53399682 0.03039873
vt 0.51906979 0.02997315
vt 0.51861793 0.03164494
vt 0.53302664 0.05498683
vt 0.53317136 0.05657744
vt 0.53417945 0.02865970
vt 0.53332621 0.05820572
vt 0.53348273 0.05987430
vt 0.53363109 0.06158507
vt 0.53359824 0.03375793
vt 0.53375906 0.06333733
vt 0.53340280 0.03537858
vt 0.53385383 0.06512940
vt 0.53322029 0.03696287
vt 0.53390175 0.06695688
vt 0.53305626 0.03851473
vt 0.53389055 0.06881356
vt 0.53263110 0.04596710
vt 0.53262788 0.04743600
vt 0.53291607 0.04003882
vt 0.53380513 0.07069433
vt 0.53265464 0.04891074
vt 0.53280157 0.04154038
vt 0.53430390 0.01769888
vt 0.53445107 0.01954401
vt 0.53270954 0.05039752
vt 0.53271514 0.04302514
vt 0.53451693 0.02139604
vt 0.53279173 0.05190194
vt 0.53265828 0.04449868
vt 0.53451443 0.02324378
vt 0.53289878 0.05342996
vt 0.51730114 0.03653729
vt 0.51771730 0.03492689
vt 0.29439250 0.03443122
vt 0.29473564 0.03604805
vt 0.51821226 0.06026232
vt 0.51860195 0.06193948
vt 0.51816142 0.03329599
vt 0.51895863 0.06363738
vt 0.51926035 0.06535399
vt 0.51948434 0.06708705
vt 0.51692611 0.03813195
vt 0.51960969 0.06883204
vt 0.51594216 0.04594195
vt 0.51596344 0.04749334
vt 0.51660228 0.03971148
vt 0.51962239 0.07058680
vt 0.51605695 0.04904711
vt 0.51633751 0.04127920
vt 0.52052611 0.01788080
vt 0.52057725 0.01961768
vt 0.51621789 0.05060709
vt 0.51613712 0.04283774
vt 0.52055103 0.02136409
vt 0.51644158 0.05217659
vt 0.51600438 0.04439092
vt 0.52041894 0.02310884
vt 0.51672232 0.05375862
vt 0.52018940 0.02484667
vt 0.51705182 0.05535614
vt 0.51987755 0.02657139
vt 0.51742005 0.05697143
vt 0.51949674 0.02828133
vt 0.51781166 0.05860651
vt 0.29402414 0.03279793
vt 0.29364634 0.03114617
vt 0.27812657 0.03155923
vt 0.27823943 0.03321886
vt 0.29213649 0.06494832
vt 0.29187346 0.06667697
vt 0.29504284 0.03764749
vt 0.29169855 0.06841719
vt 0.29576370 0.04549277
vt 0.29569948 0.04705155
vt 0.29530373 0.03923285
vt 0.29162928 0.07016850
vt 0.29557177 0.04861295
vt 0.29551104 0.04080725
vt 0.29224244 0.01741016
vt 0.29215726 0.01914537
vt 0.29538062 0.05018032
vt 0.29565939 0.04237318
vt 0.29214320 0.02088642
vt 0.29512987 0.05175650
vt 0.29574424 0.04393399
vt 0.29221964 0.02262533
vt 0.29482570 0.05334449
vt 0.29238388 0.02435720
vt 0.29447541 0.05494702
vt 0.29262689 0.02607894
vt 0.29408887 0.05656660
vt 0.29292914 0.02778530
vt 0.29367858 0.05820441
vt 0.29327551 0.02947485
vt 0.29325989 0.05986154
vt 0.29285011 0.06153858
vt 0.29246873 0.06323469
vt 0.27853975 0.03798187
vt 0.27845153 0.03642714
vt 0.26240042 0.03656089
vt 0.26238069 0.03809667
vt 0.27749780 0.06109536
vt 0.27735162 0.06284451
vt 0.27835014 0.03484058
vt 0.27722993 0.06463182
vt 0.27714336 0.06645274
vt 0.27710143 0.06830168
vt 0.27868271 0.04545438
vt 0.27864835 0.04692757
vt 0.27861100 0.03950942
vt 0.27711430 0.07017398
vt 0.27859035 0.04840648
vt 0.27866271 0.04101491
vt 0.27812245 0.01720154
vt 0.27795947 0.01903975
vt 0.27850899 0.04989731
vt 0.27869239 0.04250360
vt 0.27785948 0.02088451
vt 0.27840593 0.05140555
vt 0.27869943 0.04398143
vt 0.27781114 0.02272475
vt 0.27828285 0.05293691
vt 0.27781078 0.02455056
vt 0.27814218 0.05449641
vt 0.27785072 0.02635288
vt 0.27798790 0.05608892
vt 0.27792293 0.02812445
vt 0.27782440 0.05771792
vt 0.27801821 0.02986085
vt 0.27765834 0.05938637
vt 0.26231125 0.04253113
vt 0.26233712 0.04107535
vt 0.24621163 0.04106009
vt 0.24615581 0.04250443
vt 0.26184213 0.06637406
vt 0.26187482 0.06828368
vt 0.26225057 0.04540956
vt 0.26222137 0.04684615
vt 0.26235959 0.03959954
vt 0.26193511 0.07022202
vt 0.26218942 0.04828990
vt 0.26333025 0.01695216
vt 0.26312372 0.01886249
vt 0.26215315 0.04974806
vt 0.26295701 0.02077520
vt 0.26211387 0.05122745
vt 0.26228240 0.04397357
vt 0.26281986 0.02267921
vt 0.26207140 0.05273521
vt 0.26271024 0.02456212
vt 0.26202673 0.05427706
vt 0.26262411 0.02641273
vt 0.26198134 0.05585945
vt 0.26255867 0.02822280
vt 0.26193711 0.05748701
vt 0.26250944 0.02998674
vt 0.26189640 0.05916369
vt 0.26247212 0.03170168
vt 0.26186323 0.06089199
vt 0.26244399 0.03336751
vt 0.26184031 0.06267178
vt 0.26242074 0.03498602
vt 0.26183209 0.06450093
vt 0.24711169 0.02634704
vt 0.24727426 0.02446353
vt 0.23159753 0.02429831
vt 0.23138903 0.02620673
vt 0.24785425 0.01863527
vt 0.24764554 0.02059472
vt 0.24599411 0.04965842
vt 0.24598233 0.05112815
vt 0.24610649 0.04393399
vt 0.24745180 0.02254212
vt 0.24597661 0.05262864
vt 0.24606381 0.04535687
vt 0.24597742 0.05416644
vt 0.24598415 0.05574858
vt 0.24696462 0.02818382
vt 0.24599807 0.05738044
vt 0.24683206 0.02996814
vt 0.24602042 0.05906641
vt 0.24671279 0.03169739
vt 0.24605142 0.06080973
vt 0.24660538 0.03337157
vt 0.24609224 0.06261051
vt 0.24650876 0.03499365
vt 0.24614392 0.06446660
vt 0.24642242 0.03656757
vt 0.24620695 0.06637239
vt 0.24634440 0.03809893
vt 0.24628110 0.06831944
vt 0.24603449 0.04678011
vt 0.24627407 0.03959429
vt 0.24636991 0.07029831
vt 0.24601121 0.04821146
vt 0.24808837 0.01667631
vt 0.23084350 0.03160954
vt 0.23101141 0.02986658
vt 0.21505554 0.02971494
vt 0.21485724 0.03147185
vt 0.22990845 0.05410802
vt 0.22994025 0.05569541
vt 0.23119347 0.02806461
vt 0.22998290 0.05733502
vt 0.23003598 0.05903161
vt 0.23009972 0.06078851
vt 0.23069026 0.03329456
vt 0.23017310 0.06260622
vt 0.23055132 0.03492427
vt 0.23025568 0.06448269
vt 0.23042585 0.03650355
vt 0.23034655 0.06641185
vt 0.23031394 0.03803813
vt 0.23044391 0.06838477
vt 0.22994037 0.04529524
vt 0.22990783 0.04671717
vt 0.23021503 0.03953516
vt 0.23054914 0.07039201
vt 0.22988673 0.04814732
vt 0.23012860 0.04100168
vt 0.23253147 0.01638341
vt 0.23227982 0.01837718
vt 0.22987588 0.04959381
vt 0.23005427 0.04244530
vt 0.23204474 0.02037013
vt 0.22987615 0.05106437
vt 0.22999130 0.04387391
vt 0.23181663 0.02234876
vt 0.22988747 0.05256665
vt 0.21435918 0.03639698
vt 0.21450888 0.03480875
vt 0.19836085 0.03466225
vt 0.19819294 0.03626120
vt 0.21393912 0.05902779
vt 0.21401910 0.06079829
vt 0.21467493 0.03316867
vt 0.21410929 0.06263125
vt 0.21420889 0.06452465
vt 0.21431388 0.06647301
vt 0.21422572 0.03793919
vt 0.21442343 0.06846631
vt 0.21378608 0.04522455
vt 0.21374948 0.04665148
vt 0.21410768 0.03944290
vt 0.21453719 0.07049501
vt 0.21372689 0.04808700
vt 0.21400522 0.04091549
vt 0.21674095 0.01607978
vt 0.21647917 0.01809990
vt 0.21371816 0.04953885
vt 0.21391739 0.04236448
vt 0.21622743 0.02011824
vt 0.21372227 0.05101550
vt 0.21384446 0.04379833
vt 0.21597762 0.02212083
vt 0.21374024 0.05252445
vt 0.21573235 0.02409279
vt 0.21377076 0.05407345
vt 0.21549527 0.02602136
vt 0.21381421 0.05566967
vt 0.21526872 0.02789736
vt 0.21387033 0.05731952
vt 0.19748326 0.04802501
vt 0.19750835 0.04658067
vt 0.18114989 0.04650378
vt 0.18112175 0.04795980
vt 0.19802196 0.06458032
vt 0.19813548 0.06654513
vt 0.19804250 0.03781390
vt 0.19825087 0.06855619
vt 0.19754948 0.04514492
vt 0.19790973 0.03932738
vt 0.19836877 0.07060313
vt 0.19779490 0.04080927
vt 0.20076953 0.01577079
vt 0.20050202 0.01781094
vt 0.19747354 0.04948604
vt 0.19769631 0.04226744
vt 0.20023979 0.01984906
vt 0.19747867 0.05097187
vt 0.19761477 0.04371011
vt 0.19997571 0.02187073
vt 0.19749914 0.05249083
vt 0.19971268 0.02386081
vt 0.19753437 0.05405009
vt 0.19945480 0.02580643
vt 0.19758402 0.05565727
vt 0.19920664 0.02769840
vt 0.19764765 0.05731905
vt 0.19897093 0.02953053
vt 0.19772492 0.05903983
vt 0.19875075 0.03130102
vt 0.19781388 0.06082356
vt 0.19854741 0.03301060
vt 0.19791408 0.06267130
vt 0.18113936 0.05246150
vt 0.18111639 0.05093062
vt 0.16460998 0.05089247
vt 0.16463794 0.05243826
vt 0.18159454 0.03919184
vt 0.18146674 0.04068553
vt 0.18465768 0.01545942
vt 0.18438734 0.01751482
vt 0.18111087 0.04943275
vt 0.18135814 0.04215539
vt 0.18411778 0.01956773
vt 0.18126778 0.04360974
vt 0.18384145 0.02160418
vt 0.18119608 0.04505646
vt 0.18356316 0.02360868
vt 0.18117838 0.05403328
vt 0.18328701 0.02556837
vt 0.18123291 0.05565321
vt 0.18301941 0.02747393
vt 0.18130325 0.05732763
vt 0.18276323 0.02931976
vt 0.18138753 0.05906177
vt 0.18252225 0.03110349
vt 0.18148462 0.06085932
vt 0.18229873 0.03282583
vt 0.18159224 0.06272078
vt 0.18209340 0.03449023
vt 0.18170731 0.06464422
vt 0.18190755 0.03610170
vt 0.18182625 0.06662381
vt 0.18174167 0.03766644
vt 0.18194608 0.06864989
vt 0.18206571 0.07071257
vt 0.16540436 0.06670845
vt 0.16527753 0.06471658
vt 0.14875500 0.06480432
vt 0.14889799 0.06680334
vt 0.16477190 0.04349697
vt 0.16469301 0.04495847
vt 0.16760759 0.02132142
vt 0.16731115 0.02333581
vt 0.16468407 0.05402458
vt 0.16701342 0.02530611
vt 0.16474773 0.05565894
vt 0.16672121 0.02722299
vt 0.16482864 0.05734742
vt 0.16644000 0.02908075
vt 0.16492437 0.05909526
vt 0.16617317 0.03087687
vt 0.16503353 0.06090617
vt 0.16592403 0.03261232
vt 0.16515230 0.06278062
vt 0.16569500 0.03429019
vt 0.16548748 0.03591561
vt 0.16530107 0.03749478
vt 0.16552849 0.06874645
vt 0.16464223 0.04642081
vt 0.16513674 0.03903461
vt 0.16564862 0.07082117
vt 0.16461192 0.04789174
vt 0.16499378 0.04054308
vt 0.16844590 0.01514876
vt 0.16817404 0.01721323
vt 0.16460122 0.04937971
vt 0.16487248 0.04202783
vt 0.16789694 0.01927531
vt 0.15191479 0.01690578
vt 0.15218805 0.01484096
vt 0.13596888 0.01453829
vt 0.13569246 0.01658869
vt 0.14890824 0.03569257
vt 0.14869140 0.03728926
vt 0.14903198 0.06884754
vt 0.14850031 0.03884780
vt 0.14915429 0.07092726
vt 0.14833514 0.04037535
vt 0.14819597 0.04187989
vt 0.15162705 0.01896858
vt 0.14808194 0.04336917
vt 0.15131752 0.02101648
vt 0.14799456 0.04485095
vt 0.15099414 0.02303421
vt 0.14793970 0.04633367
vt 0.15066306 0.02500987
vt 0.14791016 0.04782474
vt 0.14802660 0.05403364
vt 0.14811082 0.05568492
vt 0.15033357 0.02693403
vt 0.14790486 0.04933262
vt 0.14821358 0.05738914
vt 0.15001209 0.02880132
vt 0.14792286 0.05086482
vt 0.14833389 0.05915105
vt 0.14970507 0.03060901
vt 0.14846714 0.06097448
vt 0.14796369 0.05242932
vt 0.14941670 0.03235781
vt 0.14860930 0.06285954
vt 0.14915048 0.03405082
vt 0.13467066 0.02268517
vt 0.13504161 0.02067518
vt 0.11889987 0.02027071
vt 0.11844553 0.02225292
vt 0.13094087 0.04776728
vt 0.13095112 0.04930437
vt 0.13142149 0.04016876
vt 0.13125338 0.04170227
vt 0.13538538 0.01863849
vt 0.13099240 0.05086434
vt 0.13111962 0.04322135
vt 0.13106491 0.05245531
vt 0.13102053 0.04473341
vt 0.13116641 0.05408370
vt 0.13428201 0.02465701
vt 0.13129501 0.05575621
vt 0.13388760 0.02658188
vt 0.13144712 0.05747831
vt 0.13349740 0.02845442
vt 0.13161935 0.05925477
vt 0.13311981 0.03027189
vt 0.13180484 0.06108820
vt 0.13276340 0.03203475
vt 0.13199686 0.06297910
vt 0.13243221 0.03374541
vt 0.13218741 0.06492543
vt 0.13213034 0.03540826
vt 0.13236536 0.06692183
vt 0.13186066 0.03702879
vt 0.13252260 0.06895995
vt 0.13096394 0.04624629
vt 0.13162376 0.03861332
vt 0.13265331 0.07103157
vt 0.11692990 0.02798617
vt 0.11744519 0.02611673
vt 0.10113595 0.02544582
vt 0.10039268 0.02729321
vt 0.11384200 0.05255949
vt 0.11402752 0.05422366
vt 0.11795576 0.02420402
vt 0.11425211 0.05592573
vt 0.11450963 0.05767047
vt 0.11479111 0.05946088
vt 0.11642455 0.02980971
vt 0.11508669 0.06129944
vt 0.11594106 0.03158724
vt 0.11538382 0.06318653
vt 0.11548920 0.03332055
vt 0.11566795 0.06511950
vt 0.11507599 0.03501308
vt 0.11592345 0.06709373
vt 0.11470707 0.03666937
vt 0.11613388 0.06910217
vt 0.11361356 0.04460549
vt 0.11355884 0.04616845
vt 0.11438648 0.03829443
vt 0.11628892 0.07113779
vt 0.11355563 0.04773879
vt 0.11411573 0.03989446
vt 0.11992712 0.01424122
vt 0.11964421 0.01625407
vt 0.11360316 0.04932320
vt 0.11389633 0.04147530
vt 0.11930309 0.01826715
vt 0.11369906 0.05092800
vt 0.11372866 0.04304349
vt 0.09823622 0.03266585
vt 0.09892254 0.03090262
vt 0.02239411 0.02901328
vt 0.02213209 0.03087366
vt 0.09737791 0.05808091
vt 0.09788708 0.05988228
vt 0.09964783 0.02911210
vt 0.09840639 0.06171334
vt 0.09891520 0.06357813
vt 0.09938742 0.06546593
vt 0.09759818 0.03439963
vt 0.09980144 0.06738150
vt 0.09703092 0.03611469
vt 0.10012634 0.06931341
vt 0.09545349 0.04446650
vt 0.09539415 0.04612172
vt 0.09654032 0.03781009
vt 0.10035174 0.07125986
vt 0.09543829 0.04778254
vt 0.09613453 0.03948915
vt 0.10429801 0.01395380
vt 0.10401635 0.01589370
vt 0.09557234 0.04945314
vt 0.09581821 0.04115558
vt 0.10361470 0.01782978
vt 0.09579305 0.05113733
vt 0.09558354 0.04281271
vt 0.10311125 0.01976013
vt 0.09609325 0.05283892
vt 0.10251714 0.02167761
vt 0.09646527 0.05456138
vt 0.10185392 0.02357185
vt 0.09689839 0.05630791
vt 0.47496748 0.16468501
vt 0.47257209 0.16334593
vt 0.46542749 0.16477227
vt 0.46870491 0.16660452
vt 0.02081599 0.06430495
vt 0.02089809 0.06618154
vt 0.02189170 0.03273213
vt 0.02098878 0.06806040
vt 0.02166148 0.03458703
vt 0.02107983 0.06994092
vt 0.02082022 0.04384267
vt 0.02072712 0.04569280
vt 0.02144875 0.03644001
vt 0.02117668 0.07182753
vt 0.02064844 0.04754388
vt 0.02125617 0.03829157
vt 0.02507608 0.01213300
vt 0.02476521 0.01402044
vt 0.02059137 0.04939616
vt 0.02108495 0.04014230
vt 0.02445631 0.01590288
vt 0.02055715 0.05125034
vt 0.02094554 0.04199290
vt 0.02414833 0.01778376
vt 0.02054389 0.05310678
vt 0.02384241 0.01966274
vt 0.02055018 0.05496585
vt 0.02354254 0.02153957
vt 0.02057468 0.05682778
vt 0.02324464 0.02341282
vt 0.02061527 0.05869257
vt 0.02295266 0.02528322
vt 0.02066993 0.06056035
vt 0.02266856 0.02715003
vt 0.02073615 0.06243122
vt 0.36389247 0.07197368
vt 0.35799304 0.07197344
vt 0.35799238 0.10667360
vt 0.36389202 0.10667360
vt 0.47092199 0.15708840
vt 0.47257215 0.15560061
vt 0.46542755 0.15417409
vt 0.46316963 0.15620995
vt 0.51301461 0.15708864
vt 0.51385564 0.15866816
vt 0.52191794 0.15837163
vt 0.52076697 0.15621012
vt 0.47801638 0.16582370
vt 0.47287717 0.16816282
vt 0.47008100 0.15866792
vt 0.46201897 0.15837127
vt 0.51136523 0.15560067
vt 0.51301485 0.15708864
vt 0.52076751 0.15621001
vt 0.51850986 0.15417397
vt 0.48160055 0.16671854
vt 0.47778210 0.16938722
vt 0.47008124 0.16027832
vt 0.46201923 0.16057485
vt 0.50896966 0.15426147
vt 0.51523226 0.15234184
vt 0.48558375 0.16733497
vt 0.48323265 0.17023063
vt 0.47092211 0.16185796
vt 0.46316963 0.16273636
vt 0.50592113 0.15312278
vt 0.51106048 0.15078348
vt 0.48981228 0.16764897
vt 0.48901835 0.17066050
vt 0.50233638 0.15222812
vt 0.50615525 0.14955908
vt 0.49412397 0.16764897
vt 0.49491766 0.17066050
vt 0.49835309 0.15161157
vt 0.50070494 0.14871579
vt 0.49835250 0.16733497
vt 0.50070393 0.17023063
vt 0.49412456 0.15129739
vt 0.49491891 0.14828581
vt 0.50233591 0.16671854
vt 0.50615466 0.16938722
vt 0.48981276 0.15129751
vt 0.48901859 0.14828593
vt 0.50592071 0.16582394
vt 0.51105976 0.16816306
vt 0.48558387 0.15161157
vt 0.48323253 0.14871579
vt 0.50896919 0.16468501
vt 0.51523113 0.16660476
vt 0.48160067 0.15222782
vt 0.47778192 0.14955908
vt 0.51136458 0.16334605
vt 0.51850927 0.16477251
vt 0.47801599 0.15312266
vt 0.47287655 0.15078348
vt 0.51301438 0.16185820
vt 0.52076650 0.16273671
vt 0.47496730 0.15426141
vt 0.46870509 0.15234178
vt 0.51385558 0.16027868
vt 0.52191794 0.16057509
vt 0.33439532 0.07197356
vt 0.32849523 0.07197344
vt 0.32849538 0.10667360
vt 0.33439514 0.10667360
vt 0.25770065 0.07197368
vt 0.25180101 0.07197368
vt 0.25180194 0.10667384
vt 0.25770190 0.10667384
vt 0.36979210 0.07197344
vt 0.36979118 0.10667372
vt 0.34029463 0.07197356
vt 0.34029421 0.10667360
vt 0.26360062 0.07197368
vt 0.26360118 0.10667372
vt 0.37569138 0.07197356
vt 0.37569082 0.10667372
vt 0.26949990 0.07197368
vt 0.26950094 0.10667384
vt 0.38159120 0.07197356
vt 0.38159046 0.10667372
vt 0.27539954 0.07197368
vt 0.27540010 0.10667372
vt 0.38749084 0.07197356
vt 0.38749018 0.10667360
vt 0.28129944 0.07197368
vt 0.28130007 0.10667372
vt 0.39339045 0.07197368
vt 0.39338955 0.10667372
vt 0.28719878 0.07197344
vt 0.28719953 0.10667372
vt 0.39928991 0.07197368
vt 0.39928889 0.10667372
vt 0.29309806 0.07197344
vt 0.29309872 0.10667360
vt 0.40518972 0.07197368
vt 0.40518862 0.10667384
vt 0.29899770 0.07197344
vt 0.29899815 0.10667360
vt 0.41108906 0.07197368
vt 0.41108826 0.10667384
vt 0.30489767 0.07197356
vt 0.30489779 0.10667360
vt 0.41698897 0.07197380
vt 0.41698772 0.10667396
vt 0.31079695 0.07197344
vt 0.31079742 0.10667372
vt 0.42288843 0.07197368
vt 0.42288706 0.10667384
vt 0.34619406 0.07197356
vt 0.34619376 0.10667372
vt 0.31669658 0.07197356
vt 0.31669685 0.10667360
vt 0.42878789 0.07197392
vt 0.42878670 0.10667396
vt 0.35209367 0.07197344
vt 0.35209340 0.10667360
vt 0.32259604 0.07197344
vt 0.32259622 0.10667360
vt 0.24590199 0.07197368
vt 0.24000238 0.07197368
vt 0.24000265 0.10667396
vt 0.24590228 0.10667396
vt 0.13007759 0.15261340
vt 0.13007759 0.13172024
vt 0.12323160 0.13172024
vt 0.12323181 0.15261334
vt 0.10954039 0.15261334
vt 0.10954024 0.13172024
vt 0.10269429 0.13172019
vt 0.10269441 0.15261334
vt 0.09584840 0.13172024
vt 0.09584840 0.15261334
vt 0.08900250 0.13172024
vt 0.08900262 0.15261334
vt 0.08215664 0.13172024
vt 0.08215685 0.15261334
vt 0.07531087 0.13172030
vt 0.07531099 0.15261334
vt 0.06846486 0.13172024
vt 0.06846510 0.15261334
vt 0.06161921 0.13172024
vt 0.06161909 0.15261340
vt 0.05477320 0.13172024
vt 0.05477332 0.15261334
vt 0.04792743 0.13172019
vt 0.04792743 0.15261334
vt 0.04108157 0.13172019
vt 0.04108166 0.15261340
vt 0.03423591 0.13172024
vt 0.03423591 0.15261334
vt 0.02738978 0.13172019
vt 0.02738966 0.15261334
vt 0.02054413 0.13172024
vt 0.02054389 0.15261334
vt 0.23961128 0.15261334
vt 0.23961113 0.13172019
vt 0.23276551 0.13172019
vt 0.23276557 0.15261334
vt 0.22591965 0.13172024
vt 0.22591980 0.15261334
vt 0.21907358 0.13172019
vt 0.21907364 0.15261328
vt 0.21222787 0.13172019
vt 0.21222810 0.15261334
vt 0.20538197 0.13172019
vt 0.20538215 0.15261334
vt 0.19853611 0.13172019
vt 0.19853632 0.15261334
vt 0.19169022 0.13172024
vt 0.19169034 0.15261334
vt 0.18484439 0.13172019
vt 0.18484463 0.15261334
vt 0.17799856 0.13172019
vt 0.17799868 0.15261328
vt 0.17115267 0.13172019
vt 0.17115290 0.15261334
vt 0.16430680 0.13172024
vt 0.16430713 0.15261334
vt 0.15746097 0.13172024
vt 0.15746112 0.15261340
vt 0.15061514 0.13172019
vt 0.15061526 0.15261334
vt 0.14376925 0.13172019
vt 0.14376925 0.15261334
vt 0.13692348 0.13172024
vt 0.13692360 0.15261334
vt 0.23588862 0.19605362
vt 0.23588862 0.19818896
vt 0.23961107 0.19818896
vt 0.23961107 0.19605362
vt 0.11638595 0.13172024
vt 0.11638604 0.15261340
vt 0.42847362 0.15886199
vt 0.43331435 0.16067028
vt 0.44928026 0.15577573
vt 0.44157657 0.15289789
vt 0.34895179 0.20001048
vt 0.35984704 0.20001042
vt 0.35984674 0.19495440
vt 0.34895149 0.19495445
vt 0.42847463 0.17902917
vt 0.42278269 0.18044984
vt 0.43251917 0.18725425
vt 0.44157812 0.18499321
vt 0.37552181 0.17509490
vt 0.37290192 0.17273229
vt 0.35313663 0.17497218
vt 0.35730591 0.17873210
vt 0.40289640 0.15596396
vt 0.40974250 0.15596390
vt 0.41176650 0.14828581
vt 0.40087157 0.14828604
vt 0.44107321 0.17022407
vt 0.43973798 0.17273211
vt 0.45950300 0.17497176
vt 0.46162811 0.17098039
vt 0.39618331 0.18142843
vt 0.38985825 0.18044984
vt 0.38012177 0.18725437
vt 0.39018750 0.18881172
vt 0.37932482 0.16067028
vt 0.38416556 0.15886223
vt 0.37106177 0.15289831
vt 0.36335829 0.15577585
vt 0.43711784 0.16279638
vt 0.45533308 0.15915942
vt 0.41645798 0.18142837
vt 0.42245349 0.18881160
vt 0.37156644 0.17022425
vt 0.35101089 0.17098075
vt 0.41645655 0.15646279
vt 0.42245212 0.14907962
vt 0.43973827 0.17273217
vt 0.43711856 0.17509454
vt 0.45533478 0.17873162
vt 0.45950401 0.17497170
vt 0.38416630 0.17902923
vt 0.37106299 0.18499339
vt 0.38985768 0.15744132
vt 0.38012058 0.15063721
vt 0.43973783 0.16515893
vt 0.45950264 0.16291934
vt 0.40974343 0.18192720
vt 0.41176769 0.18960553
vt 0.37156644 0.16766715
vt 0.35101089 0.16691113
vt 0.42278150 0.15744132
vt 0.43251780 0.15063697
vt 0.43331537 0.17722082
vt 0.44928172 0.18211550
vt 0.37932545 0.17722106
vt 0.36335906 0.18211567
vt 0.39618203 0.15646279
vt 0.39018610 0.14907980
vt 0.44107321 0.16766691
vt 0.46162811 0.16691065
vt 0.40289763 0.18192738
vt 0.40087280 0.18960559
vt 0.37290192 0.16515899
vt 0.35313633 0.16291958
vt 0.37552181 0.16279656
vt 0.35730529 0.15915972
vt 0.55595410 0.20001096
vt 0.56684870 0.20001101
vt 0.56684905 0.19495499
vt 0.55595410 0.19495487
vt 0.37074196 0.20001048
vt 0.37074170 0.19495440
vt 0.57774371 0.20001101
vt 0.57774401 0.19495505
vt 0.42521632 0.20001042
vt 0.43611112 0.20001048
vt 0.43611112 0.19495445
vt 0.42521605 0.19495434
vt 0.38163677 0.20001042
vt 0.38163659 0.19495434
vt 0.58863801 0.20001113
vt 0.58863866 0.19495517
vt 0.44700575 0.20001048
vt 0.44700605 0.19495445
vt 0.39253151 0.20001042
vt 0.39253151 0.19495440
vt 0.24000265 0.20001113
vt 0.25089774 0.20001101
vt 0.25089747 0.19495493
vt 0.24000238 0.19495505
vt 0.45790067 0.20001048
vt 0.45790097 0.19495445
vt 0.40342614 0.20001042
vt 0.40342632 0.19495440
vt 0.26179284 0.20001096
vt 0.26179209 0.19495487
vt 0.46879560 0.20001048
vt 0.46879560 0.19495451
vt 0.41432139 0.20001042
vt 0.41432106 0.19495440
vt 0.27268794 0.20001084
vt 0.27268729 0.19495475
vt 0.47969022 0.20001054
vt 0.47969058 0.19495451
vt 0.28358266 0.20001072
vt 0.28358239 0.19495463
vt 0.49058518 0.20001066
vt 0.49058554 0.19495463
vt 0.29447749 0.20001066
vt 0.29447719 0.19495451
vt 0.50148010 0.20001072
vt 0.50148010 0.19495463
vt 0.30537212 0.20001060
vt 0.30537221 0.19495451
vt 0.51237476 0.20001072
vt 0.51237500 0.19495463
vt 0.31626734 0.20001054
vt 0.31626734 0.19495451
vt 0.52326959 0.20001072
vt 0.52326959 0.19495475
vt 0.32716230 0.20001054
vt 0.32716194 0.19495445
vt 0.53416425 0.20001078
vt 0.53416461 0.19495481
vt 0.33805704 0.20001054
vt 0.33805686 0.19495451
vt 0.54505920 0.20001084
vt 0.54505956 0.19495481
vt 0.13692336 0.16174173
vt 0.13692336 0.15275943
vt 0.13007732 0.15275943
vt 0.13007726 0.16174167
vt 0.14376901 0.16174167
vt 0.14376913 0.15275943
vt 0.15061490 0.16174167
vt 0.15061496 0.15275943
vt 0.15746073 0.16174173
vt 0.15746079 0.15275943
vt 0.16430657 0.16174173
vt 0.16430669 0.15275943
vt 0.17115255 0.16174173
vt 0.17115246 0.15275943
vt 0.17799823 0.16174173
vt 0.17799838 0.15275943
vt 0.18484421 0.16174179
vt 0.18484421 0.15275949
vt 0.19168992 0.16174173
vt 0.19169010 0.15275943
vt 0.19853593 0.16174173
vt 0.19853593 0.15275943
vt 0.20538177 0.16174179
vt 0.20538177 0.15275943
vt 0.21222763 0.16174179
vt 0.21222763 0.15275943
vt 0.21907331 0.16174179
vt 0.21907334 0.15275943
vt 0.22591941 0.16174179
vt 0.22591935 0.15275943
vt 0.23276512 0.16174179
vt 0.23276518 0.15275955
vt 0.23961090 0.16174179
vt 0.23961107 0.15275949
vt 0.02738966 0.16174173
vt 0.02738954 0.15275943
vt 0.02054389 0.15275949
vt 0.02054401 0.16174179
vt 0.03423579 0.16174173
vt 0.03423567 0.15275943
vt 0.04108145 0.16174179
vt 0.04108133 0.15275949
vt 0.04792722 0.16174173
vt 0.04792743 0.15275943
vt 0.05477311 0.16174167
vt 0.05477311 0.15275943
vt 0.06161897 0.16174167
vt 0.06161909 0.15275943
vt 0.06846486 0.16174173
vt 0.06846486 0.15275949
vt 0.07531063 0.16174173
vt 0.07531075 0.15275943
vt 0.08215652 0.16174173
vt 0.08215640 0.15275937
vt 0.08900230 0.16174173
vt 0.08900242 0.15275943
vt 0.09584816 0.16174167
vt 0.09584816 0.15275943
vt 0.10269393 0.16174167
vt 0.10269405 0.15275943
vt 0.10954006 0.16174167
vt 0.10954000 0.15275943
vt 0.11638583 0.16174173
vt 0.11638577 0.15275943
vt 0.12323149 0.16174167
vt 0.12323149 0.15275943
vt 0.20522989 0.16238654
vt 0.19851573 0.16188776
vt 0.19795118 0.16402912
vt 0.20355798 0.16444576
vt 0.49472967 0.07880580
vt 0.49092641 0.07667959
vt 0.48647365 0.07804453
vt 0.48964956 0.07982004
vt 0.16033946 0.17359090
vt 0.16033970 0.17614818
vt 0.16607223 0.17593724
vt 0.16607223 0.17380178
vt 0.47407028 0.09743786
vt 0.48039475 0.09645927
vt 0.47767928 0.09456170
vt 0.47239798 0.09537876
vt 0.19851573 0.18785125
vt 0.20522989 0.18735230
vt 0.20355780 0.18529326
vt 0.19795118 0.18570983
vt 0.43693799 0.09323061
vt 0.44177878 0.09503877
vt 0.44543320 0.09337544
vt 0.44139072 0.09186566
vt 0.44746974 0.07345068
vt 0.44177791 0.07487142
vt 0.44543210 0.07653463
vt 0.45018533 0.07534826
vt 0.19166987 0.16188782
vt 0.19223459 0.16402918
vt 0.22851081 0.17108279
vt 0.22589116 0.16872030
vt 0.22081079 0.16973460
vt 0.22299851 0.17170745
vt 0.49734977 0.08116817
vt 0.49183747 0.08179271
vt 0.16167502 0.17865622
vt 0.16718741 0.17803162
vt 0.21155478 0.18637377
vt 0.20883934 0.18447608
vt 0.43313444 0.09110439
vt 0.43821454 0.09009004
vt 0.45379400 0.07247245
vt 0.44746956 0.07345116
vt 0.45018509 0.07534873
vt 0.45546630 0.07453144
vt 0.18495555 0.16238678
vt 0.18662779 0.16444576
vt 0.49868539 0.08367622
vt 0.49295285 0.08388722
vt 0.16167451 0.17865622
vt 0.16429432 0.18101871
vt 0.16937463 0.18000442
vt 0.16718684 0.17803156
vt 0.21724688 0.18495297
vt 0.21359257 0.18328977
vt 0.43051428 0.08874190
vt 0.43602660 0.08811724
vt 0.46050808 0.07197356
vt 0.46107292 0.07411480
vt 0.17863081 0.16336530
vt 0.18134625 0.16526294
vt 0.49868563 0.08623326
vt 0.49295309 0.08602250
vt 0.16809769 0.18314493
vt 0.17255054 0.18177986
vt 0.22208761 0.18314487
vt 0.21763481 0.18177980
vt 0.42917877 0.08623374
vt 0.43491146 0.08602273
vt 0.46735415 0.07197344
vt 0.46678963 0.07411480
vt 0.17293884 0.16478604
vt 0.17659314 0.16644931
vt 0.49735031 0.08874142
vt 0.49183807 0.08811688
vt 0.17293860 0.18495315
vt 0.17659290 0.18328983
vt 0.22589116 0.18101865
vt 0.22081079 0.18000430
vt 0.42917874 0.08367658
vt 0.43491134 0.08388746
vt 0.46735609 0.09793675
vt 0.46679130 0.09579551
vt 0.23588862 0.19391817
vt 0.23961107 0.19391817
vt 0.23588862 0.19178283
vt 0.23961107 0.19178283
vt 0.23588862 0.18964744
vt 0.23961107 0.18964744
vt 0.23588862 0.18751216
vt 0.23961107 0.18751216
vt 0.23588862 0.18537682
vt 0.23961107 0.18537682
vt 0.23588862 0.18324149
vt 0.23961107 0.18324149
vt 0.23588862 0.18110603
vt 0.23961107 0.18110603
vt 0.23588862 0.17897052
vt 0.23961107 0.17897052
vt 0.23588862 0.17683524
vt 0.23961107 0.17683524
vt 0.23588862 0.17469984
vt 0.23961107 0.17469984
vt 0.23588862 0.17256451
vt 0.23961107 0.17256451
vt 0.23588862 0.17042923
vt 0.23961107 0.17042923
vt 0.23588862 0.16829389
vt 0.23961107 0.16829389
vt 0.23588862 0.16615838
vt 0.23961107 0.16615838
vt 0.23588862 0.16402310
vt 0.23961107 0.16402310
vt 0.23588862 0.16188776
vt 0.23961107 0.16188776
vt 0.23588862 0.22808385
vt 0.23588862 0.23021930
vt 0.23961107 0.23021930
vt 0.23961107 0.22808385
vt 0.23588862 0.22594845
vt 0.23961107 0.22594845
vt 0.23588862 0.22381324
vt 0.23961107 0.22381324
vt 0.23588862 0.22167778
vt 0.23961107 0.22167778
vt 0.23588862 0.21954238
vt 0.23961107 0.21954238
vt 0.23588862 0.21740723
vt 0.23961107 0.21740723
vt 0.23588862 0.21527177
vt 0.23961107 0.21527177
vt 0.23588862 0.21313637
vt 0.23961107 0.21313637
vt 0.23588862 0.21100092
vt 0.23961107 0.21100092
vt 0.23588862 0.20886576
vt 0.23961107 0.20886576
vt 0.23588862 0.20673031
vt 0.23961107 0.20673031
vt 0.23588862 0.20459503
vt 0.23961107 0.20459503
vt 0.23588862 0.20245957
vt 0.23961107 0.20245957
vt 0.23588862 0.20032424
vt 0.23961107 0.20032424
vt 0.43693689 0.07667959
vt 0.44138977 0.07804477
vt 0.22984637 0.17359090
vt 0.22411369 0.17380178
vt 0.44747087 0.09645951
vt 0.45018643 0.09456182
vt 0.19166987 0.18785125
vt 0.19223447 0.18570989
vt 0.48608699 0.09503841
vt 0.48243257 0.09337521
vt 0.16167478 0.17108285
vt 0.16718741 0.17170757
vt 0.48608550 0.07487130
vt 0.48243144 0.07653463
vt 0.21155460 0.16336513
vt 0.20883934 0.16526276
vt 0.43313357 0.07880592
vt 0.43821400 0.07982028
vt 0.22984637 0.17614806
vt 0.22411369 0.17593718
vt 0.45379573 0.09743798
vt 0.45546773 0.09537899
vt 0.18495537 0.18735242
vt 0.18662761 0.18529332
vt 0.49092749 0.09323013
vt 0.48647454 0.09186518
vt 0.16429479 0.16872042
vt 0.16937529 0.16973472
vt 0.48039320 0.07345068
vt 0.47767803 0.07534850
vt 0.21724688 0.16478592
vt 0.21359257 0.16644913
vt 0.43051395 0.08116853
vt 0.43602654 0.08179295
vt 0.22851081 0.17865610
vt 0.22299851 0.17803150
vt 0.46051031 0.09793675
vt 0.46107477 0.09579551
vt 0.17863066 0.18637383
vt 0.18134607 0.18447614
vt 0.49473068 0.09110391
vt 0.48965046 0.09008968
vt 0.16809835 0.16659421
vt 0.17255108 0.16795921
vt 0.47406840 0.07247221
vt 0.47239643 0.07453132
vt 0.22208761 0.16659403
vt 0.21763481 0.16795909
vt 0.52452177 0.17935681
vt 0.46207058 0.17935681
vt 0.46206573 0.17976397
vt 0.52451724 0.17976397
vt 0.52452660 0.17894965
vt 0.46207523 0.17894965
vt 0.52453130 0.17854249
vt 0.46208009 0.17854249
vt 0.52453583 0.17813528
vt 0.46208438 0.17813534
vt 0.52454042 0.17772818
vt 0.46208930 0.17772818
vt 0.52454537 0.17732096
vt 0.46209386 0.17732102
vt 0.52454990 0.17691380
vt 0.46209872 0.17691386
vt 0.52455473 0.17650670
vt 0.46210337 0.17650670
vt 0.52455908 0.17609948
vt 0.46210793 0.17609954
vt 0.52456397 0.17569232
vt 0.46211252 0.17569238
vt 0.52456856 0.17528516
vt 0.46211743 0.17528522
vt 0.52457350 0.17487800
vt 0.46212199 0.17487806
vt 0.52457803 0.17447090
vt 0.46212685 0.17447090
vt 0.52458262 0.17406374
vt 0.46213114 0.17406374
vt 0.52458721 0.17365658
vt 0.46213606 0.17365664
vt 0.52459210 0.17324942
vt 0.46214065 0.17324942
vt 0.52459669 0.17284226
vt 0.46214557 0.17284226
vt 0.52460164 0.17243505
vt 0.46215013 0.17243510
vt 0.52460587 0.17202789
vt 0.46215472 0.17202789
vt 0.52461076 0.17162073
vt 0.46215928 0.17162079
vt 0.52461535 0.17121357
vt 0.46216419 0.17121363
vt 0.52462023 0.17080647
vt 0.46216878 0.17080647
vt 0.52447504 0.18342841
vt 0.46202382 0.18342841
vt 0.46201897 0.18383557
vt 0.52447033 0.18383551
vt 0.52447981 0.18302125
vt 0.46202838 0.18302125
vt 0.52448440 0.18261409
vt 0.46203330 0.18261415
vt 0.52448910 0.18220693
vt 0.46203759 0.18220693
vt 0.52449363 0.18179971
vt 0.46204245 0.18179977
vt 0.52449846 0.18139255
vt 0.46204710 0.18139261
vt 0.52450317 0.18098539
vt 0.46205196 0.18098539
vt 0.52450794 0.18057823
vt 0.46205652 0.18057829
vt 0.52451229 0.18017107
vt 0.46206117 0.18017113
vt 0.36335781 0.11431015
vt 0.35730496 0.11769408
vt 0.35313588 0.12145406
vt 0.35101089 0.12544543
vt 0.35101089 0.12951511
vt 0.35313663 0.13350654
vt 0.35730621 0.13726640
vt 0.36335936 0.14065021
vt 0.37106332 0.14352775
vt 0.38012213 0.14578873
vt 0.39018795 0.14734590
vt 0.40087339 0.14813983
vt 0.41176817 0.14813983
vt 0.42245397 0.14734572
vt 0.43251917 0.14578831
vt 0.44157812 0.14352715
vt 0.44928172 0.14064944
vt 0.45533416 0.13726568
vt 0.45950344 0.13350576
vt 0.46162847 0.12951428
vt 0.46162847 0.12544465
vt 0.45950237 0.12145329
vt 0.45533323 0.11769336
vt 0.44928026 0.11430967
vt 0.44157594 0.11143196
vt 0.43251714 0.10917103
vt 0.42245167 0.10761368
vt 0.41176575 0.10681999
vt 0.40087113 0.10681999
vt 0.39018565 0.10761392
vt 0.38012013 0.10917151
vt 0.37106133 0.11143255
vt 0.47287792 0.12669724
vt 0.47778365 0.12792146
vt 0.48323378 0.12876475
vt 0.48902032 0.12919438
vt 0.49491963 0.12919444
vt 0.50070578 0.12876451
vt 0.50615638 0.12792110
vt 0.51106125 0.12669677
vt 0.51523298 0.12513846
vt 0.51851052 0.12330604
vt 0.52076775 0.12127012
vt 0.52191818 0.11910868
vt 0.52191830 0.11690491
vt 0.52076721 0.11474371
vt 0.51850939 0.11270773
vt 0.51523113 0.11087549
vt 0.51105988 0.10931730
vt 0.50615454 0.10809302
vt 0.50070417 0.10724962
vt 0.49491754 0.10681999
vt 0.48901817 0.10681999
vt 0.48323199 0.10725009
vt 0.47778165 0.10809338
vt 0.47287643 0.10931790
vt 0.46870515 0.11087608
vt 0.46542761 0.11270845
vt 0.46317005 0.11474454
vt 0.46201923 0.11690587
vt 0.46201953 0.11910963
vt 0.46317068 0.12127090
vt 0.46542853 0.12330675
vt 0.46870634 0.12513888
vt 0.33056924 0.15289825
vt 0.32151055 0.15063721
vt 0.31144530 0.14907986
vt 0.30075970 0.14828581
vt 0.28986487 0.14828581
vt 0.27917907 0.14907956
vt 0.26911345 0.15063685
vt 0.26005438 0.15289778
vt 0.25235060 0.15577543
vt 0.24629740 0.15915912
vt 0.24212830 0.16291904
vt 0.24000265 0.16691047
vt 0.24000238 0.17098022
vt 0.24212767 0.17497164
vt 0.24629684 0.17873156
vt 0.25234941 0.18211538
vt 0.26005319 0.18499321
vt 0.26911190 0.18725407
vt 0.27917734 0.18881154
vt 0.28986290 0.18960559
vt 0.30075774 0.18960559
vt 0.31144336 0.18881172
vt 0.32150906 0.18725437
vt 0.33056775 0.18499357
vt 0.33827183 0.18211579
vt 0.34432474 0.17873210
vt 0.34849426 0.17497230
vt 0.35061997 0.17098081
vt 0.35061997 0.16691113
vt 0.34849480 0.16291970
vt 0.34432557 0.15915984
vt 0.33827266 0.15577590
vt 0.14734904 0.16478586
vt 0.14165692 0.16336519
vt 0.13533221 0.16238666
vt 0.12861772 0.16188776
vt 0.12177195 0.16188782
vt 0.11505769 0.16238672
vt 0.10873298 0.16336530
vt 0.10304080 0.16478604
vt 0.09820031 0.16659433
vt 0.09439687 0.16872060
vt 0.09177725 0.17108315
vt 0.09044169 0.17359120
vt 0.09044169 0.17614836
vt 0.09177725 0.17865634
vt 0.09439723 0.18101889
vt 0.09820078 0.18314523
vt 0.10304160 0.18495327
vt 0.10873367 0.18637395
vt 0.11505829 0.18735254
vt 0.12177263 0.18785131
vt 0.12861846 0.18785131
vt 0.13533278 0.18735248
vt 0.14165752 0.18637377
vt 0.14734943 0.18495309
vt 0.15219016 0.18314487
vt 0.15599360 0.18101859
vt 0.15861325 0.17865610
vt 0.15994869 0.17614794
vt 0.15994863 0.17359078
vt 0.15861325 0.17108279
vt 0.15599345 0.16872025
vt 0.15218978 0.16659403
vt 0.43682870 0.10118330
vt 0.43747935 0.10094035
vt 0.43799055 0.10065448
vt 0.43834251 0.10033691
vt 0.43852234 0.09999979
vt 0.43852234 0.09965599
vt 0.43834284 0.09931886
vt 0.43799067 0.09900129
vt 0.43747935 0.09871542
vt 0.43682900 0.09847248
vt 0.43606356 0.09828150
vt 0.43521348 0.09814990
vt 0.43431073 0.09808278
vt 0.43339050 0.09808278
vt 0.43248799 0.09814990
vt 0.43163767 0.09828150
vt 0.43087253 0.09847224
vt 0.43022200 0.09871542
vt 0.42971054 0.09900105
vt 0.42935821 0.09931862
vt 0.42917883 0.09965599
vt 0.42917874 0.09999967
vt 0.42935804 0.10033679
vt 0.42971036 0.10065448
vt 0.43022174 0.10094011
vt 0.43087253 0.10118330
vt 0.43163753 0.10137427
vt 0.43248770 0.10150588
vt 0.43339023 0.10157287
vt 0.43431073 0.10157287
vt 0.43521318 0.10150588
vt 0.43606320 0.10137427
f 1/1 2/2 3/3
f 1/1 3/3 4/4
f 5/5 6/6 7/7
f 5/5 7/7 8/8
f 9/9 10/10 11/11
f 9/9 11/11 12/12
f 13/13 14/14 15/15
f 13/13 15/15 16/16
f 17/17 18/18 19/19
f 17/17 19/19 20/20
f 21/21 22/22 23/23
f 21/21 23/23 24/24
f 24/24 23/23 25/25
f 24/24 25/25 26/26
f 26/26 25/25 27/27
f 26/26 27/27 28/28
f 28/28 27/27 29/29
f 28/28 29/29 30/30
f 30/30 29/29 31/31
f 30/30 31/31 32/32
f 32/32 31/31 33/33
f 32/32 33/33 34/34
f 34/34 33/33 35/35
f 34/34 35/35 36/36
f 36/36 35/35 37/37
f 36/36 37/37 38/38
f 38/38 37/37 39/39
f 38/38 39/39 40/40
f 40/40 39/39 41/41
f 40/40 41/41 42/42
f 42/42 41/41 43/43
f 42/42 43/43 44/44
f 44/44 43/43 45/45
f 44/44 45/45 46/46
f 46/46 45/45 47/47
f 46/46 47/47 48/48
f 48/48 47/47 49/49
f 48/48 49/49 50/50
f 50/50 49/49 51/51
f 50/50 51/51 52/52
f 53/53 54/54 55/55
f 53/53 55/55 56/56
f 56/56 55/55 57/57
f 56/56 57/57 58/58
f 58/58 57/57 59/59
f 58/58 59/59 60/60
f 60/60 59/59 61/61
f 60/60 61/61 62/62
f 62/62 61/61 63/63
f 62/62 63/63 64/64
f 64/64 63/63 65/65
f 64/64 65/65 66/66
f 66/66 65/65 67/67
f 66/66 67/67 68/68
f 68/68 67/67 69/69
f 68/68 69/69 70/70
f 70/70 69/69 71/71
f 70/70 71/71 72/72
f 72/72 71/71 73/73
f 72/72 73/73 74/74
f 74/74 73/73 75/75
f 74/74 75/75 76/76
f 76/76 75/75 77/77
f 76/76 77/77 78/78
f 78/78 77/77 79/79
f 78/78 79/79 80/80
f 80/80 79/79 81/81
f 80/80 81/81 82/82
f 82/82 81/81 83/83
f 82/82 83/83 84/84
f 85/85 86/86 87/87
f 85/85 87/87 88/88
f 84/84 83/83 89/89
f 84/84 89/89 90/90
f 90/90 89/89 22/22
f 90/90 22/22 21/21
f 91/91 92/92 93/93
f 91/91 93/93 94/94
f 95/95 96/96 97/97
f 95/95 97/97 98/98
f 99/99 100/100 101/101
f 99/99 101/101 102/102
f 103/103 104/104 105/105
f 103/103 105/105 106/106
f 107/107 108/108 109/109
f 107/107 109/109 110/110
f 111/111 112/112 113/113
f 111/111 113/113 114/114
f 115/115 116/116 117/117
f 115/115 117/117 118/118
f 119/119 120/120 121/121
f 119/119 121/121 122/122
f 92/92 123/123 124/124
f 92/92 124/124 93/93
f 100/100 125/125 126/126
f 100/100 126/126 101/101
f 104/104 127/127 128/128
f 104/104 128/128 105/105
f 108/108 129/129 130/130
f 108/108 130/130 109/109
f 131/131 132/132 133/133
f 131/131 133/133 113/113
f 116/116 134/134 135/135
f 116/116 135/135 117/117
f 120/120 136/136 137/137
f 120/120 137/137 121/121
f 123/123 138/138 139/139
f 123/123 139/139 124/124
f 125/125 140/140 141/141
f 125/125 141/141 126/126
f 127/127 142/142 143/143
f 127/127 143/143 128/128
f 129/129 144/144 145/145
f 129/129 145/145 130/130
f 132/132 146/146 147/147
f 132/132 147/147 133/133
f 134/134 148/148 149/149
f 134/134 149/149 135/135
f 136/136 150/150 151/151
f 136/136 151/151 137/137
f 138/138 152/152 153/153
f 138/138 153/153 139/139
f 140/140 154/154 155/155
f 140/140 155/155 141/141
f 142/142 156/156 157/157
f 142/142 157/157 143/143
f 144/144 91/91 94/94
f 144/144 94/94 145/145
f 146/146 99/99 102/102
f 146/146 102/102 147/147
f 148/148 103/103 106/106
f 148/148 106/106 149/149
f 150/150 107/107 110/110
f 150/150 110/110 151/151
f 152/152 111/111 114/114
f 152/152 114/114 153/153
f 154/154 115/115 118/118
f 154/154 118/118 155/155
f 158/158 119/119 122/122
f 158/158 122/122 159/159
f 156/156 158/158 159/159
f 156/156 159/159 157/157
f 160/160 161/161 162/162
f 160/160 162/162 163/163
f 96/96 164/164 165/165
f 96/96 165/165 97/97
f 161/161 166/166 167/167
f 161/161 167/167 162/162
f 168/168 169/169 170/170
f 168/168 170/170 171/171
f 164/164 172/172 173/173
f 164/164 173/173 165/165
f 166/166 174/174 175/175
f 166/166 175/175 167/167
f 169/169 176/176 177/177
f 169/169 177/177 170/170
f 172/172 178/178 179/179
f 172/172 179/179 173/173
f 180/180 181/181 182/182
f 180/180 182/182 183/183
f 176/176 184/184 185/185
f 176/176 185/185 177/177
f 178/178 186/186 187/187
f 178/178 187/187 179/179
f 181/181 188/188 189/189
f 181/181 189/189 182/182
f 184/184 190/190 191/191
f 184/184 191/191 185/185
f 186/186 192/192 193/193
f 186/186 193/193 187/187
f 188/188 194/194 195/195
f 188/188 195/195 189/189
f 190/190 196/196 197/197
f 190/190 197/197 191/191
f 192/192 168/168 171/171
f 192/192 171/171 193/193
f 194/194 198/198 199/199
f 194/194 199/199 195/195
f 196/196 200/200 201/201
f 196/196 201/201 197/197
f 198/198 202/202 203/203
f 198/198 203/203 199/199
f 200/200 204/204 205/205
f 200/200 205/205 201/201
f 202/202 206/206 207/207
f 202/202 207/207 203/203
f 204/204 208/208 209/209
f 204/204 209/209 205/205
f 206/206 210/210 211/211
f 206/206 211/211 207/207
f 208/208 212/212 213/213
f 208/208 213/213 209/209
f 210/210 214/214 215/215
f 210/210 215/215 211/211
f 212/212 216/216 217/217
f 212/212 217/217 213/213
f 214/214 218/218 219/219
f 214/214 219/219 215/215
f 216/216 220/220 221/221
f 216/216 221/221 217/217
f 218/218 95/95 98/98
f 218/218 98/98 219/219
f 220/220 160/160 163/163
f 220/220 163/163 221/221
f 222/222 223/223 224/224
f 222/222 224/224 225/225
f 223/223 226/226 227/227
f 223/223 227/227 224/224
f 226/226 228/228 229/229
f 226/226 229/229 227/227
f 228/228 230/230 231/231
f 228/228 231/231 229/229
f 230/230 232/232 233/233
f 230/230 233/233 231/231
f 232/232 234/234 235/235
f 232/232 235/235 233/233
f 234/234 236/236 237/237
f 234/234 237/237 235/235
f 236/236 238/238 239/239
f 236/236 239/239 237/237
f 238/238 240/240 241/241
f 238/238 241/241 239/239
f 240/240 242/242 243/243
f 240/240 243/243 241/241
f 242/242 244/244 245/245
f 242/242 245/245 243/243
f 244/244 246/246 247/247
f 244/244 247/247 245/245
f 246/246 248/248 249/249
f 246/246 249/249 247/247
f 248/248 250/250 251/251
f 248/248 251/251 249/249
f 250/250 252/252 253/253
f 250/250 253/253 251/251
f 254/254 255/255 256/256
f 254/254 256/256 257/257
f 255/255 258/258 259/259
f 255/255 259/259 256/256
f 258/258 260/260 261/261
f 258/258 261/261 259/259
f 260/260 262/262 263/263
f 260/260 263/263 261/261
f 262/262 264/264 265/265
f 262/262 265/265 263/263
f 264/264 266/266 267/267
f 264/264 267/267 265/265
f 266/266 268/268 269/269
f 266/266 269/269 267/267
f 268/268 270/270 271/271
f 268/268 271/271 269/269
f 270/270 272/272 273/273
f 270/270 273/273 271/271
f 272/272 274/274 275/275
f 272/272 275/275 273/273
f 274/274 276/276 277/277
f 274/274 277/277 275/275
f 276/276 278/278 279/279
f 276/276 279/279 277/277
f 278/278 280/280 281/281
f 278/278 281/281 279/279
f 280/280 282/282 283/283
f 280/280 283/283 281/281
f 282/282 284/284 285/285
f 282/282 285/285 283/283
f 284/284 286/286 287/287
f 284/284 287/287 285/285
f 286/286 222/222 225/225
f 286/286 225/225 287/287
f 288/288 289/289 290/290
f 288/288 290/290 291/291
f 292/292 293/293 294/294
f 292/292 294/294 295/295
f 296/296 297/297 288/288
f 296/296 288/288 298/298
f 299/299 85/85 88/88
f 299/299 88/88 300/300
f 301/301 292/292 295/295
f 301/301 295/295 302/302
f 303/303 296/296 298/298
f 303/303 298/298 304/304
f 305/305 299/299 300/300
f 305/305 300/300 306/306
f 307/307 301/301 302/302
f 307/307 302/302 308/308
f 309/309 305/305 306/306
f 309/309 306/306 310/310
f 311/311 307/307 308/308
f 311/311 308/308 312/312
f 313/313 309/309 310/310
f 313/313 310/310 314/314
f 315/315 311/311 312/312
f 315/315 312/312 316/316
f 317/317 313/313 314/314
f 317/317 314/314 318/318
f 319/319 315/315 316/316
f 319/319 316/316 320/320
f 321/321 317/317 318/318
f 321/321 318/318 322/322
f 323/323 319/319 320/320
f 323/323 320/320 324/324
f 325/325 321/321 322/322
f 325/325 322/322 326/326
f 327/327 323/323 324/324
f 327/327 324/324 328/328
f 329/329 325/325 326/326
f 329/329 326/326 330/330
f 331/331 327/327 328/328
f 331/331 328/328 332/332
f 333/333 329/329 330/330
f 333/333 330/330 334/334
f 335/335 331/331 332/332
f 335/335 332/332 336/336
f 337/337 333/333 334/334
f 337/337 334/334 338/338
f 339/339 335/335 336/336
f 339/339 336/336 340/340
f 341/341 303/303 304/304
f 341/341 304/304 342/342
f 343/343 337/337 338/338
f 343/343 338/338 344/344
f 345/345 339/339 340/340
f 345/345 340/340 346/346
f 347/347 341/341 342/342
f 347/347 342/342 348/348
f 349/349 343/343 344/344
f 349/349 344/344 289/289
f 86/86 350/350 351/351
f 86/86 351/351 87/87
f 293/293 347/347 348/348
f 293/293 348/348 294/294
f 297/297 349/349 289/289
f 297/297 289/289 288/288
f 352/352 353/353 354/354
f 352/352 354/354 355/355
f 88/88 87/87 356/356
f 88/88 356/356 357/357
f 295/295 294/294 358/358
f 295/295 358/358 359/359
f 298/298 288/288 291/291
f 298/298 291/291 360/360
f 300/300 88/88 357/357
f 300/300 357/357 361/361
f 302/302 295/295 359/359
f 302/302 359/359 362/362
f 304/304 298/298 360/360
f 304/304 360/360 363/363
f 306/306 300/300 361/361
f 306/306 361/361 353/353
f 308/308 302/302 362/362
f 308/308 362/362 364/364
f 310/310 306/306 353/353
f 310/310 353/353 352/352
f 312/312 308/308 364/364
f 312/312 364/364 365/365
f 314/314 310/310 352/352
f 314/314 352/352 366/366
f 316/316 312/312 365/365
f 316/316 365/365 367/367
f 318/318 314/314 366/366
f 318/318 366/366 368/368
f 320/320 316/316 367/367
f 320/320 367/367 369/369
f 322/322 318/318 368/368
f 322/322 368/368 370/370
f 324/324 320/320 369/369
f 324/324 369/369 371/371
f 326/326 322/322 370/370
f 326/326 370/370 372/372
f 328/328 324/324 371/371
f 328/328 371/371 373/373
f 330/330 326/326 372/372
f 330/330 372/372 374/374
f 332/332 328/328 373/373
f 332/332 373/373 375/375
f 334/334 330/330 374/374
f 334/334 374/374 376/376
f 336/336 332/332 375/375
f 336/336 375/375 377/377
f 338/338 334/334 376/376
f 338/338 376/376 378/378
f 340/340 336/336 377/377
f 340/340 377/377 379/379
f 342/342 304/304 363/363
f 342/342 363/363 380/380
f 344/344 338/338 378/378
f 344/344 378/378 381/381
f 346/346 340/340 379/379
f 346/346 379/379 382/382
f 348/348 342/342 380/380
f 348/348 380/380 383/383
f 289/289 344/344 381/381
f 289/289 381/381 290/290
f 87/87 351/351 384/384
f 87/87 384/384 356/356
f 294/294 348/348 383/383
f 294/294 383/383 358/358
f 385/385 386/386 387/387
f 385/385 387/387 388/388
f 365/365 364/364 389/389
f 365/365 389/389 390/390
f 366/366 352/352 355/355
f 366/366 355/355 391/391
f 367/367 365/365 390/390
f 367/367 390/390 392/392
f 368/368 366/366 391/391
f 368/368 391/391 386/386
f 369/369 367/367 392/392
f 369/369 392/392 393/393
f 370/370 368/368 386/386
f 370/370 386/386 385/385
f 371/371 369/369 393/393
f 371/371 393/393 394/394
f 372/372 370/370 385/385
f 372/372 385/385 395/395
f 373/373 371/371 394/394
f 373/373 394/394 396/396
f 374/374 372/372 395/395
f 374/374 395/395 397/397
f 375/375 373/373 396/396
f 375/375 396/396 398/398
f 376/376 374/374 397/397
f 376/376 397/397 399/399
f 377/377 375/375 398/398
f 377/377 398/398 400/400
f 378/378 376/376 399/399
f 378/378 399/399 401/401
f 379/379 377/377 400/400
f 379/379 400/400 402/402
f 380/380 363/363 403/403
f 380/380 403/403 404/404
f 381/381 378/378 401/401
f 381/381 401/401 405/405
f 382/382 379/379 402/402
f 382/382 402/402 406/406
f 383/383 380/380 404/404
f 383/383 404/404 407/407
f 290/290 381/381 405/405
f 290/290 405/405 408/408
f 356/356 384/384 409/409
f 356/356 409/409 410/410
f 358/358 383/383 407/407
f 358/358 407/407 411/411
f 291/291 290/290 408/408
f 291/291 408/408 412/412
f 357/357 356/356 410/410
f 357/357 410/410 413/413
f 359/359 358/358 411/411
f 359/359 411/411 414/414
f 360/360 291/291 412/412
f 360/360 412/412 415/415
f 361/361 357/357 413/413
f 361/361 413/413 416/416
f 362/362 359/359 414/414
f 362/362 414/414 417/417
f 363/363 360/360 415/415
f 363/363 415/415 403/403
f 353/353 361/361 416/416
f 353/353 416/416 354/354
f 364/364 362/362 417/417
f 364/364 417/417 389/389
f 418/418 419/419 420/420
f 418/418 420/420 421/421
f 394/394 393/393 422/422
f 394/394 422/422 423/423
f 395/395 385/385 388/388
f 395/395 388/388 424/424
f 396/396 394/394 423/423
f 396/396 423/423 425/425
f 397/397 395/395 424/424
f 397/397 424/424 419/419
f 398/398 396/396 425/425
f 398/398 425/425 426/426
f 399/399 397/397 419/419
f 399/399 419/419 418/418
f 400/400 398/398 426/426
f 400/400 426/426 427/427
f 401/401 399/399 418/418
f 401/401 418/418 428/428
f 402/402 400/400 427/427
f 402/402 427/427 429/429
f 404/404 403/403 430/430
f 404/404 430/430 431/431
f 405/405 401/401 428/428
f 405/405 428/428 432/432
f 406/406 402/402 429/429
f 406/406 429/429 433/433
f 407/407 404/404 431/431
f 407/407 431/431 434/434
f 408/408 405/405 432/432
f 408/408 432/432 435/435
f 410/410 409/409 436/436
f 410/410 436/436 437/437
f 411/411 407/407 434/434
f 411/411 434/434 438/438
f 412/412 408/408 435/435
f 412/412 435/435 439/439
f 413/413 410/410 437/437
f 413/413 437/437 440/440
f 414/414 411/411 438/438
f 414/414 438/438 441/441
f 415/415 412/412 439/439
f 415/415 439/439 442/442
f 416/416 413/413 440/440
f 416/416 440/440 443/443
f 417/417 414/414 441/441
f 417/417 441/441 444/444
f 403/403 415/415 442/442
f 403/403 442/442 430/430
f 354/354 416/416 443/443
f 354/354 443/443 445/445
f 389/389 417/417 444/444
f 389/389 444/444 446/446
f 355/355 354/354 445/445
f 355/355 445/445 447/447
f 390/390 389/389 446/446
f 390/390 446/446 448/448
f 391/391 355/355 447/447
f 391/391 447/447 449/449
f 392/392 390/390 448/448
f 392/392 448/448 450/450
f 386/386 391/391 449/449
f 386/386 449/449 387/387
f 393/393 392/392 450/450
f 393/393 450/450 422/422
f 451/451 452/452 453/453
f 451/451 453/453 454/454
f 427/427 426/426 455/455
f 427/427 455/455 456/456
f 428/428 418/418 421/421
f 428/428 421/421 457/457
f 429/429 427/427 456/456
f 429/429 456/456 458/458
f 431/431 430/430 459/459
f 431/431 459/459 452/452
f 432/432 428/428 457/457
f 432/432 457/457 460/460
f 433/433 429/429 458/458
f 433/433 458/458 461/461
f 434/434 431/431 452/452
f 434/434 452/452 451/451
f 435/435 432/432 460/460
f 435/435 460/460 462/462
f 437/437 436/436 463/463
f 437/437 463/463 464/464
f 438/438 434/434 451/451
f 438/438 451/451 465/465
f 439/439 435/435 462/462
f 439/439 462/462 466/466
f 440/440 437/437 464/464
f 440/440 464/464 467/467
f 441/441 438/438 465/465
f 441/441 465/465 468/468
f 442/442 439/439 466/466
f 442/442 466/466 469/469
f 443/443 440/440 467/467
f 443/443 467/467 470/470
f 444/444 441/441 468/468
f 444/444 468/468 471/471
f 430/430 442/442 469/469
f 430/430 469/469 459/459
f 445/445 443/443 470/470
f 445/445 470/470 472/472
f 446/446 444/444 471/471
f 446/446 471/471 473/473
f 447/447 445/445 472/472
f 447/447 472/472 474/474
f 448/448 446/446 473/473
f 448/448 473/473 475/475
f 449/449 447/447 474/474
f 449/449 474/474 476/476
f 450/450 448/448 475/475
f 450/450 475/475 477/477
f 387/387 449/449 476/476
f 387/387 476/476 478/478
f 422/422 450/450 477/477
f 422/422 477/477 479/479
f 388/388 387/387 478/478
f 388/388 478/478 480/480
f 423/423 422/422 479/479
f 423/423 479/479 481/481
f 424/424 388/388 480/480
f 424/424 480/480 482/482
f 425/425 423/423 481/481
f 425/425 481/481 483/483
f 419/419 424/424 482/482
f 419/419 482/482 420/420
f 426/426 425/425 483/483
f 426/426 483/483 455/455
f 484/484 485/485 486/486
f 484/484 486/486 487/487
f 462/462 460/460 488/488
f 462/462 488/488 489/489
f 464/464 463/463 490/490
f 464/464 490/490 491/491
f 465/465 451/451 454/454
f 465/465 454/454 492/492
f 466/466 462/462 489/489
f 466/466 489/489 493/493
f 467/467 464/464 491/491
f 467/467 491/491 494/494
f 468/468 465/465 492/492
f 468/468 492/492 485/485
f 469/469 466/466 493/493
f 469/469 493/493 495/495
f 470/470 467/467 494/494
f 470/470 494/494 496/496
f 471/471 468/468 485/485
f 471/471 485/485 484/484
f 459/459 469/469 495/495
f 459/459 495/495 497/497
f 472/472 470/470 496/496
f 472/472 496/496 498/498
f 473/473 471/471 484/484
f 473/473 484/484 499/499
f 474/474 472/472 498/498
f 474/474 498/498 500/500
f 475/475 473/473 499/499
f 475/475 499/499 501/501
f 476/476 474/474 500/500
f 476/476 500/500 502/502
f 477/477 475/475 501/501
f 477/477 501/501 503/503
f 478/478 476/476 502/502
f 478/478 502/502 504/504
f 479/479 477/477 503/503
f 479/479 503/503 505/505
f 480/480 478/478 504/504
f 480/480 504/504 506/506
f 481/481 479/479 505/505
f 481/481 505/505 507/507
f 482/482 480/480 506/506
f 482/482 506/506 508/508
f 483/483 481/481 507/507
f 483/483 507/507 509/509
f 420/420 482/482 508/508
f 420/420 508/508 510/510
f 455/455 483/483 509/509
f 455/455 509/509 511/511
f 421/421 420/420 510/510
f 421/421 510/510 512/512
f 456/456 455/455 511/511
f 456/456 511/511 513/513
f 457/457 421/421 512/512
f 457/457 512/512 514/514
f 458/458 456/456 513/513
f 458/458 513/513 515/515
f 452/452 459/459 497/497
f 452/452 497/497 453/453
f 460/460 457/457 514/514
f 460/460 514/514 488/488
f 461/461 458/458 515/515
f 461/461 515/515 516/516
f 517/517 518/518 519/519
f 517/517 519/519 520/520
f 497/497 495/495 521/521
f 497/497 521/521 522/522
f 498/498 496/496 523/523
f 498/498 523/523 524/524
f 499/499 484/484 487/487
f 499/499 487/487 525/525
f 500/500 498/498 524/524
f 500/500 524/524 526/526
f 501/501 499/499 525/525
f 501/501 525/525 518/518
f 502/502 500/500 526/526
f 502/502 526/526 527/527
f 503/503 501/501 518/518
f 503/503 518/518 517/517
f 504/504 502/502 527/527
f 504/504 527/527 528/528
f 505/505 503/503 517/517
f 505/505 517/517 529/529
f 506/506 504/504 528/528
f 506/506 528/528 530/530
f 507/507 505/505 529/529
f 507/507 529/529 531/531
f 508/508 506/506 530/530
f 508/508 530/530 532/532
f 509/509 507/507 531/531
f 509/509 531/531 533/533
f 510/510 508/508 532/532
f 510/510 532/532 534/534
f 511/511 509/509 533/533
f 511/511 533/533 535/535
f 512/512 510/510 534/534
f 512/512 534/534 536/536
f 513/513 511/511 535/535
f 513/513 535/535 537/537
f 514/514 512/512 536/536
f 514/514 536/536 538/538
f 515/515 513/513 537/537
f 515/515 537/537 539/539
f 453/453 497/497 522/522
f 453/453 522/522 540/540
f 488/488 514/514 538/538
f 488/488 538/538 541/541
f 516/516 515/515 539/539
f 516/516 539/539 542/542
f 454/454 453/453 540/540
f 454/454 540/540 543/543
f 489/489 488/488 541/541
f 489/489 541/541 544/544
f 491/491 490/490 545/545
f 491/491 545/545 546/546
f 492/492 454/454 543/543
f 492/492 543/543 547/547
f 493/493 489/489 544/544
f 493/493 544/544 548/548
f 494/494 491/491 546/546
f 494/494 546/546 549/549
f 485/485 492/492 547/547
f 485/485 547/547 486/486
f 495/495 493/493 548/548
f 495/495 548/548 521/521
f 496/496 494/494 549/549
f 496/496 549/549 523/523
f 550/550 551/551 552/552
f 550/550 552/552 553/553
f 528/528 527/527 554/554
f 528/528 554/554 555/555
f 529/529 517/517 520/520
f 529/529 520/520 556/556
f 530/530 528/528 555/555
f 530/530 555/555 557/557
f 531/531 529/529 556/556
f 531/531 556/556 551/551
f 532/532 530/530 557/557
f 532/532 557/557 558/558
f 533/533 531/531 551/551
f 533/533 551/551 550/550
f 534/534 532/532 558/558
f 534/534 558/558 559/559
f 535/535 533/533 550/550
f 535/535 550/550 560/560
f 536/536 534/534 559/559
f 536/536 559/559 561/561
f 537/537 535/535 560/560
f 537/537 560/560 562/562
f 538/538 536/536 561/561
f 538/538 561/561 563/563
f 539/539 537/537 562/562
f 539/539 562/562 564/564
f 540/540 522/522 565/565
f 540/540 565/565 566/566
f 541/541 538/538 563/563
f 541/541 563/563 567/567
f 542/542 539/539 564/564
f 542/542 564/564 568/568
f 543/543 540/540 566/566
f 543/543 566/566 569/569
f 544/544 541/541 567/567
f 544/544 567/567 570/570
f 546/546 545/545 571/571
f 546/546 571/571 572/572
f 547/547 543/543 569/569
f 547/547 569/569 573/573
f 548/548 544/544 570/570
f 548/548 570/570 574/574
f 549/549 546/546 572/572
f 549/549 572/572 575/575
f 486/486 547/547 573/573
f 486/486 573/573 576/576
f 521/521 548/548 574/574
f 521/521 574/574 577/577
f 523/523 549/549 575/575
f 523/523 575/575 578/578
f 487/487 486/486 576/576
f 487/487 576/576 579/579
f 522/522 521/521 577/577
f 522/522 577/577 565/565
f 524/524 523/523 578/578
f 524/524 578/578 580/580
f 525/525 487/487 579/579
f 525/525 579/579 581/581
f 526/526 524/524 580/580
f 526/526 580/580 582/582
f 518/518 525/525 581/581
f 518/518 581/581 519/519
f 527/527 526/526 582/582
f 527/527 582/582 554/554
f 583/583 584/584 585/585
f 583/583 585/585 586/586
f 559/559 558/558 587/587
f 559/559 587/587 588/588
f 560/560 550/550 553/553
f 560/560 553/553 589/589
f 561/561 559/559 588/588
f 561/561 588/588 590/590
f 562/562 560/560 589/589
f 562/562 589/589 584/584
f 563/563 561/561 590/590
f 563/563 590/590 591/591
f 564/564 562/562 584/584
f 564/564 584/584 583/583
f 566/566 565/565 592/592
f 566/566 592/592 593/593
f 567/567 563/563 591/591
f 567/567 591/591 594/594
f 568/568 564/564 583/583
f 568/568 583/583 595/595
f 569/569 566/566 593/593
f 569/569 593/593 596/596
f 570/570 567/567 594/594
f 570/570 594/594 597/597
f 572/572 571/571 598/598
f 572/572 598/598 599/599
f 573/573 569/569 596/596
f 573/573 596/596 600/600
f 574/574 570/570 597/597
f 574/574 597/597 601/601
f 575/575 572/572 599/599
f 575/575 599/599 602/602
f 576/576 573/573 600/600
f 576/576 600/600 603/603
f 577/577 574/574 601/601
f 577/577 601/601 604/604
f 578/578 575/575 602/602
f 578/578 602/602 605/605
f 579/579 576/576 603/603
f 579/579 603/603 606/606
f 565/565 577/577 604/604
f 565/565 604/604 592/592
f 580/580 578/578 605/605
f 580/580 605/605 607/607
f 581/581 579/579 606/606
f 581/581 606/606 608/608
f 582/582 580/580 607/607
f 582/582 607/607 609/609
f 519/519 581/581 608/608
f 519/519 608/608 610/610
f 554/554 582/582 609/609
f 554/554 609/609 611/611
f 520/520 519/519 610/610
f 520/520 610/610 612/612
f 555/555 554/554 611/611
f 555/555 611/611 613/613
f 556/556 520/520 612/612
f 556/556 612/612 614/614
f 557/557 555/555 613/613
f 557/557 613/613 615/615
f 551/551 556/556 614/614
f 551/551 614/614 552/552
f 558/558 557/557 615/615
f 558/558 615/615 587/587
f 616/616 617/617 618/618
f 616/616 618/618 619/619
f 593/593 592/592 620/620
f 593/593 620/620 621/621
f 594/594 591/591 622/622
f 594/594 622/622 623/623
f 595/595 583/583 586/586
f 595/595 586/586 624/624
f 596/596 593/593 621/621
f 596/596 621/621 625/625
f 597/597 594/594 623/623
f 597/597 623/623 626/626
f 599/599 598/598 627/627
f 599/599 627/627 617/617
f 600/600 596/596 625/625
f 600/600 625/625 628/628
f 601/601 597/597 626/626
f 601/601 626/626 629/629
f 602/602 599/599 617/617
f 602/602 617/617 616/616
f 603/603 600/600 628/628
f 603/603 628/628 630/630
f 604/604 601/601 629/629
f 604/604 629/629 631/631
f 605/605 602/602 616/616
f 605/605 616/616 632/632
f 606/606 603/603 630/630
f 606/606 630/630 633/633
f 592/592 604/604 631/631
f 592/592 631/631 620/620
f 607/607 605/605 632/632
f 607/607 632/632 634/634
f 608/608 606/606 633/633
f 608/608 633/633 635/635
f 609/609 607/607 634/634
f 609/609 634/634 636/636
f 610/610 608/608 635/635
f 610/610 635/635 637/637
f 611/611 609/609 636/636
f 611/611 636/636 638/638
f 612/612 610/610 637/637
f 612/612 637/637 639/639
f 613/613 611/611 638/638
f 613/613 638/638 640/640
f 614/614 612/612 639/639
f 614/614 639/639 641/641
f 615/615 613/613 640/640
f 615/615 640/640 642/642
f 552/552 614/614 641/641
f 552/552 641/641 643/643
f 587/587 615/615 642/642
f 587/587 642/642 644/644
f 553/553 552/552 643/643
f 553/553 643/643 645/645
f 588/588 587/587 644/644
f 588/588 644/644 646/646
f 589/589 553/553 645/645
f 589/589 645/645 647/647
f 590/590 588/588 646/646
f 590/590 646/646 648/648
f 584/584 589/589 647/647
f 584/584 647/647 585/585
f 591/591 590/590 648/648
f 591/591 648/648 622/622
f 649/649 650/650 651/651
f 649/649 651/651 652/652
f 630/630 628/628 653/653
f 630/630 653/653 654/654
f 631/631 629/629 655/655
f 631/631 655/655 656/656
f 632/632 616/616 619/619
f 632/632 619/619 657/657
f 633/633 630/630 654/654
f 633/633 654/654 658/658
f 620/620 631/631 656/656
f 620/620 656/656 659/659
f 634/634 632/632 657/657
f 634/634 657/657 650/650
f 635/635 633/633 658/658
f 635/635 658/658 660/660
f 636/636 634/634 650/650
f 636/636 650/650 649/649
f 637/637 635/635 660/660
f 637/637 660/660 661/661
f 638/638 636/636 649/649
f 638/638 649/649 662/662
f 639/639 637/637 661/661
f 639/639 661/661 663/663
f 640/640 638/638 662/662
f 640/640 662/662 664/664
f 641/641 639/639 663/663
f 641/641 663/663 665/665
f 642/642 640/640 664/664
f 642/642 664/664 666/666
f 643/643 641/641 665/665
f 643/643 665/665 667/667
f 644/644 642/642 666/666
f 644/644 666/666 668/668
f 645/645 643/643 667/667
f 645/645 667/667 669/669
f 646/646 644/644 668/668
f 646/646 668/668 670/670
f 647/647 645/645 669/669
f 647/647 669/669 671/671
f 648/648 646/646 670/670
f 648/648 670/670 672/672
f 585/585 647/647 671/671
f 585/585 671/671 673/673
f 622/622 648/648 672/672
f 622/622 672/672 674/674
f 586/586 585/585 673/673
f 586/586 673/673 675/675
f 621/621 620/620 659/659
f 621/621 659/659 676/676
f 623/623 622/622 674/674
f 623/623 674/674 677/677
f 624/624 586/586 675/675
f 624/624 675/675 678/678
f 625/625 621/621 676/676
f 625/625 676/676 679/679
f 626/626 623/623 677/677
f 626/626 677/677 680/680
f 617/617 627/627 681/681
f 617/617 681/681 618/618
f 628/628 625/625 679/679
f 628/628 679/679 653/653
f 629/629 626/626 680/680
f 629/629 680/680 655/655
f 682/682 683/683 684/684
f 682/682 684/684 685/685
f 661/661 660/660 686/686
f 661/661 686/686 687/687
f 662/662 649/649 652/652
f 662/662 652/652 688/688
f 663/663 661/661 687/687
f 663/663 687/687 689/689
f 664/664 662/662 688/688
f 664/664 688/688 683/683
f 665/665 663/663 689/689
f 665/665 689/689 690/690
f 666/666 664/664 683/683
f 666/666 683/683 682/682
f 667/667 665/665 690/690
f 667/667 690/690 691/691
f 668/668 666/666 682/682
f 668/668 682/682 692/692
f 669/669 667/667 691/691
f 669/669 691/691 693/693
f 670/670 668/668 692/692
f 670/670 692/692 694/694
f 671/671 669/669 693/693
f 671/671 693/693 695/695
f 672/672 670/670 694/694
f 672/672 694/694 696/696
f 673/673 671/671 695/695
f 673/673 695/695 697/697
f 674/674 672/672 696/696
f 674/674 696/696 698/698
f 675/675 673/673 697/697
f 675/675 697/697 699/699
f 676/676 659/659 700/700
f 676/676 700/700 701/701
f 677/677 674/674 698/698
f 677/677 698/698 702/702
f 678/678 675/675 699/699
f 678/678 699/699 703/703
f 679/679 676/676 701/701
f 679/679 701/701 704/704
f 680/680 677/677 702/702
f 680/680 702/702 705/705
f 618/618 681/681 706/706
f 618/618 706/706 707/707
f 653/653 679/679 704/704
f 653/653 704/704 708/708
f 655/655 680/680 705/705
f 655/655 705/705 709/709
f 619/619 618/618 707/707
f 619/619 707/707 710/710
f 654/654 653/653 708/708
f 654/654 708/708 711/711
f 656/656 655/655 709/709
f 656/656 709/709 712/712
f 657/657 619/619 710/710
f 657/657 710/710 713/713
f 658/658 654/654 711/711
f 658/658 711/711 714/714
f 659/659 656/656 712/712
f 659/659 712/712 700/700
f 650/650 657/657 713/713
f 650/650 713/713 651/651
f 660/660 658/658 714/714
f 660/660 714/714 686/686
f 715/715 716/716 717/717
f 715/715 717/717 718/718
f 691/691 690/690 719/719
f 691/691 719/719 720/720
f 692/692 682/682 685/685
f 692/692 685/685 721/721
f 693/693 691/691 720/720
f 693/693 720/720 722/722
f 694/694 692/692 721/721
f 694/694 721/721 716/716
f 695/695 693/693 722/722
f 695/695 722/722 723/723
f 696/696 694/694 716/716
f 696/696 716/716 715/715
f 697/697 695/695 723/723
f 697/697 723/723 724/724
f 698/698 696/696 715/715
f 698/698 715/715 725/725
f 699/699 697/697 724/724
f 699/699 724/724 726/726
f 701/701 700/700 727/727
f 701/701 727/727 728/728
f 702/702 698/698 725/725
f 702/702 725/725 729/729
f 703/703 699/699 726/726
f 703/703 726/726 730/730
f 704/704 701/701 728/728
f 704/704 728/728 731/731
f 705/705 702/702 729/729
f 705/705 729/729 732/732
f 707/707 706/706 733/733
f 707/707 733/733 734/734
f 708/708 704/704 731/731
f 708/708 731/731 735/735
f 709/709 705/705 732/732
f 709/709 732/732 736/736
f 710/710 707/707 734/734
f 710/710 734/734 737/737
f 711/711 708/708 735/735
f 711/711 735/735 738/738
f 712/712 709/709 736/736
f 712/712 736/736 739/739
f 713/713 710/710 737/737
f 713/713 737/737 740/740
f 714/714 711/711 738/738
f 714/714 738/738 741/741
f 700/700 712/712 739/739
f 700/700 739/739 727/727
f 651/651 713/713 740/740
f 651/651 740/740 742/742
f 686/686 714/714 741/741
f 686/686 741/741 743/743
f 652/652 651/651 742/742
f 652/652 742/742 744/744
f 687/687 686/686 743/743
f 687/687 743/743 745/745
f 688/688 652/652 744/744
f 688/688 744/744 746/746
f 689/689 687/687 745/745
f 689/689 745/745 747/747
f 683/683 688/688 746/746
f 683/683 746/746 684/684
f 690/690 689/689 747/747
f 690/690 747/747 719/719
f 748/748 749/749 750/750
f 748/748 750/750 751/751
f 724/724 723/723 752/752
f 724/724 752/752 753/753
f 725/725 715/715 718/718
f 725/725 718/718 754/754
f 726/726 724/724 753/753
f 726/726 753/753 755/755
f 728/728 727/727 756/756
f 728/728 756/756 757/757
f 729/729 725/725 754/754
f 729/729 754/754 758/758
f 730/730 726/726 755/755
f 730/730 755/755 759/759
f 731/731 728/728 757/757
f 731/731 757/757 760/760
f 732/732 729/729 758/758
f 732/732 758/758 761/761
f 734/734 733/733 762/762
f 734/734 762/762 763/763
f 735/735 731/731 760/760
f 735/735 760/760 764/764
f 736/736 732/732 761/761
f 736/736 761/761 765/765
f 737/737 734/734 763/763
f 737/737 763/763 766/766
f 738/738 735/735 764/764
f 738/738 764/764 767/767
f 739/739 736/736 765/765
f 739/739 765/765 768/768
f 740/740 737/737 766/766
f 740/740 766/766 769/769
f 741/741 738/738 767/767
f 741/741 767/767 770/770
f 727/727 739/739 768/768
f 727/727 768/768 756/756
f 742/742 740/740 769/769
f 742/742 769/769 771/771
f 743/743 741/741 770/770
f 743/743 770/770 772/772
f 744/744 742/742 771/771
f 744/744 771/771 773/773
f 745/745 743/743 772/772
f 745/745 772/772 774/774
f 746/746 744/744 773/773
f 746/746 773/773 775/775
f 747/747 745/745 774/774
f 747/747 774/774 776/776
f 684/684 746/746 775/775
f 684/684 775/775 777/777
f 719/719 747/747 776/776
f 719/719 776/776 778/778
f 685/685 684/684 777/777
f 685/685 777/777 749/749
f 720/720 719/719 778/778
f 720/720 778/778 779/779
f 721/721 685/685 749/749
f 721/721 749/749 748/748
f 722/722 720/720 779/779
f 722/722 779/779 780/780
f 716/716 721/721 748/748
f 716/716 748/748 717/717
f 723/723 722/722 780/780
f 723/723 780/780 752/752
f 781/781 782/782 783/783
f 781/781 783/783 784/784
f 780/780 779/779 785/785
f 780/780 785/785 786/786
f 717/717 748/748 751/751
f 717/717 751/751 787/787
f 752/752 780/780 786/786
f 752/752 786/786 788/788
f 718/718 717/717 787/787
f 718/718 787/787 782/782
f 753/753 752/752 788/788
f 753/753 788/788 789/789
f 754/754 718/718 782/782
f 754/754 782/782 781/781
f 755/755 753/753 789/789
f 755/755 789/789 790/790
f 757/757 756/756 791/791
f 757/757 791/791 792/792
f 758/758 754/754 781/781
f 758/758 781/781 793/793
f 759/759 755/755 790/790
f 759/759 790/790 794/794
f 760/760 757/757 792/792
f 760/760 792/792 795/795
f 761/761 758/758 793/793
f 761/761 793/793 796/796
f 763/763 762/762 797/797
f 763/763 797/797 798/798
f 764/764 760/760 795/795
f 764/764 795/795 799/799
f 765/765 761/761 796/796
f 765/765 796/796 800/800
f 766/766 763/763 798/798
f 766/766 798/798 801/801
f 767/767 764/764 799/799
f 767/767 799/799 802/802
f 768/768 765/765 800/800
f 768/768 800/800 803/803
f 769/769 766/766 801/801
f 769/769 801/801 804/804
f 770/770 767/767 802/802
f 770/770 802/802 805/805
f 756/756 768/768 803/803
f 756/756 803/803 791/791
f 771/771 769/769 804/804
f 771/771 804/804 806/806
f 772/772 770/770 805/805
f 772/772 805/805 807/807
f 773/773 771/771 806/806
f 773/773 806/806 808/808
f 774/774 772/772 807/807
f 774/774 807/807 809/809
f 775/775 773/773 808/808
f 775/775 808/808 810/810
f 776/776 774/774 809/809
f 776/776 809/809 811/811
f 777/777 775/775 810/810
f 777/777 810/810 812/812
f 778/778 776/776 811/811
f 778/778 811/811 813/813
f 749/749 777/777 812/812
f 749/749 812/812 750/750
f 779/779 778/778 813/813
f 779/779 813/813 785/785
f 814/814 815/815 816/816
f 814/814 816/816 817/817
f 790/790 789/789 818/818
f 790/790 818/818 819/819
f 792/792 791/791 820/820
f 792/792 820/820 821/821
f 793/793 781/781 784/784
f 793/793 784/784 822/822
f 794/794 790/790 819/819
f 794/794 819/819 823/823
f 795/795 792/792 821/821
f 795/795 821/821 824/824
f 796/796 793/793 822/822
f 796/796 822/822 815/815
f 798/798 797/797 825/825
f 798/798 825/825 826/826
f 799/799 795/795 824/824
f 799/799 824/824 827/827
f 800/800 796/796 815/815
f 800/800 815/815 814/814
f 801/801 798/798 826/826
f 801/801 826/826 828/828
f 802/802 799/799 827/827
f 802/802 827/827 829/829
f 803/803 800/800 814/814
f 803/803 814/814 830/830
f 804/804 801/801 828/828
f 804/804 828/828 831/831
f 805/805 802/802 829/829
f 805/805 829/829 832/832
f 791/791 803/803 830/830
f 791/791 830/830 820/820
f 806/806 804/804 831/831
f 806/806 831/831 833/833
f 807/807 805/805 832/832
f 807/807 832/832 834/834
f 808/808 806/806 833/833
f 808/808 833/833 835/835
f 809/809 807/807 834/834
f 809/809 834/834 836/836
f 810/810 808/808 835/835
f 810/810 835/835 837/837
f 811/811 809/809 836/836
f 811/811 836/836 838/838
f 812/812 810/810 837/837
f 812/812 837/837 839/839
f 813/813 811/811 838/838
f 813/813 838/838 840/840
f 750/750 812/812 839/839
f 750/750 839/839 841/841
f 785/785 813/813 840/840
f 785/785 840/840 842/842
f 751/751 750/750 841/841
f 751/751 841/841 843/843
f 786/786 785/785 842/842
f 786/786 842/842 844/844
f 787/787 751/751 843/843
f 787/787 843/843 845/845
f 788/788 786/786 844/844
f 788/788 844/844 846/846
f 782/782 787/787 845/845
f 782/782 845/845 783/783
f 789/789 788/788 846/846
f 789/789 846/846 818/818
f 847/847 848/848 849/849
f 847/847 849/849 850/850
f 828/828 826/826 851/851
f 828/828 851/851 852/852
f 829/829 827/827 853/853
f 829/829 853/853 854/854
f 830/830 814/814 817/817
f 830/830 817/817 855/855
f 831/831 828/828 852/852
f 831/831 852/852 856/856
f 832/832 829/829 854/854
f 832/832 854/854 857/857
f 820/820 830/830 855/855
f 820/820 855/855 858/858
f 833/833 831/831 856/856
f 833/833 856/856 848/848
f 834/834 832/832 857/857
f 834/834 857/857 859/859
f 835/835 833/833 848/848
f 835/835 848/848 847/847
f 836/836 834/834 859/859
f 836/836 859/859 860/860
f 837/837 835/835 847/847
f 837/837 847/847 861/861
f 838/838 836/836 860/860
f 838/838 860/860 862/862
f 839/839 837/837 861/861
f 839/839 861/861 863/863
f 840/840 838/838 862/862
f 840/840 862/862 864/864
f 841/841 839/839 863/863
f 841/841 863/863 865/865
f 842/842 840/840 864/864
f 842/842 864/864 866/866
f 843/843 841/841 865/865
f 843/843 865/865 867/867
f 844/844 842/842 866/866
f 844/844 866/866 868/868
f 845/845 843/843 867/867
f 845/845 867/867 869/869
f 846/846 844/844 868/868
f 846/846 868/868 870/870
f 783/783 845/845 869/869
f 783/783 869/869 871/871
f 818/818 846/846 870/870
f 818/818 870/870 872/872
f 784/784 783/783 871/871
f 784/784 871/871 873/873
f 819/819 818/818 872/872
f 819/819 872/872 874/874
f 821/821 820/820 858/858
f 821/821 858/858 875/875
f 822/822 784/784 873/873
f 822/822 873/873 876/876
f 823/823 819/819 874/874
f 823/823 874/874 877/877
f 824/824 821/821 875/875
f 824/824 875/875 878/878
f 815/815 822/822 876/876
f 815/815 876/876 816/816
f 826/826 825/825 879/879
f 826/826 879/879 851/851
f 827/827 824/824 878/878
f 827/827 878/878 853/853
f 880/880 881/881 882/882
f 880/880 882/882 883/883
f 860/860 859/859 884/884
f 860/860 884/884 885/885
f 861/861 847/847 850/850
f 861/861 850/850 886/886
f 862/862 860/860 885/885
f 862/862 885/885 887/887
f 863/863 861/861 886/886
f 863/863 886/886 881/881
f 864/864 862/862 887/887
f 864/864 887/887 888/888
f 865/865 863/863 881/881
f 865/865 881/881 880/880
f 866/866 864/864 888/888
f 866/866 888/888 889/889
f 867/867 865/865 880/880
f 867/867 880/880 890/890
f 868/868 866/866 889/889
f 868/868 889/889 891/891
f 869/869 867/867 890/890
f 869/869 890/890 892/892
f 870/870 868/868 891/891
f 870/870 891/891 893/893
f 871/871 869/869 892/892
f 871/871 892/892 894/894
f 872/872 870/870 893/893
f 872/872 893/893 895/895
f 873/873 871/871 894/894
f 873/873 894/894 896/896
f 874/874 872/872 895/895
f 874/874 895/895 897/897
f 875/875 858/858 898/898
f 875/875 898/898 899/899
f 876/876 873/873 896/896
f 876/876 896/896 900/900
f 877/877 874/874 897/897
f 877/877 897/897 901/901
f 878/878 875/875 899/899
f 878/878 899/899 902/902
f 816/816 876/876 900/900
f 816/816 900/900 903/903
f 851/851 879/879 904/904
f 851/851 904/904 905/905
f 853/853 878/878 902/902
f 853/853 902/902 906/906
f 817/817 816/816 903/903
f 817/817 903/903 907/907
f 852/852 851/851 905/905
f 852/852 905/905 908/908
f 854/854 853/853 906/906
f 854/854 906/906 909/909
f 855/855 817/817 907/907
f 855/855 907/907 910/910
f 856/856 852/852 908/908
f 856/856 908/908 911/911
f 857/857 854/854 909/909
f 857/857 909/909 912/912
f 858/858 855/855 910/910
f 858/858 910/910 898/898
f 848/848 856/856 911/911
f 848/848 911/911 849/849
f 859/859 857/857 912/912
f 859/859 912/912 884/884
f 913/913 914/914 915/915
f 913/913 915/915 916/916
f 889/889 888/888 917/917
f 889/889 917/917 918/918
f 890/890 880/880 883/883
f 890/890 883/883 919/919
f 891/891 889/889 918/918
f 891/891 918/918 920/920
f 892/892 890/890 919/919
f 892/892 919/919 914/914
f 893/893 891/891 920/920
f 893/893 920/920 921/921
f 894/894 892/892 914/914
f 894/894 914/914 913/913
f 895/895 893/893 921/921
f 895/895 921/921 922/922
f 896/896 894/894 913/913
f 896/896 913/913 923/923
f 897/897 895/895 922/922
f 897/897 922/922 924/924
f 899/899 898/898 925/925
f 899/899 925/925 926/926
f 900/900 896/896 923/923
f 900/900 923/923 927/927
f 901/901 897/897 924/924
f 901/901 924/924 928/928
f 902/902 899/899 926/926
f 902/902 926/926 929/929
f 903/903 900/900 927/927
f 903/903 927/927 930/930
f 905/905 904/904 931/931
f 905/905 931/931 932/932
f 906/906 902/902 929/929
f 906/906 929/929 933/933
f 907/907 903/903 930/930
f 907/907 930/930 934/934
f 908/908 905/905 932/932
f 908/908 932/932 935/935
f 909/909 906/906 933/933
f 909/909 933/933 936/936
f 910/910 907/907 934/934
f 910/910 934/934 937/937
f 911/911 908/908 935/935
f 911/911 935/935 938/938
f 912/912 909/909 936/936
f 912/912 936/936 939/939
f 898/898 910/910 937/937
f 898/898 937/937 925/925
f 849/849 911/911 938/938
f 849/849 938/938 940/940
f 884/884 912/912 939/939
f 884/884 939/939 941/941
f 850/850 849/849 940/940
f 850/850 940/940 942/942
f 885/885 884/884 941/941
f 885/885 941/941 943/943
f 886/886 850/850 942/942
f 886/886 942/942 944/944
f 887/887 885/885 943/943
f 887/887 943/943 945/945
f 881/881 886/886 944/944
f 881/881 944/944 882/882
f 888/888 887/887 945/945
f 888/888 945/945 917/917
f 946/946 947/947 948/948
f 946/946 948/948 949/949
f 922/922 921/921 950/950
f 922/922 950/950 951/951
f 923/923 913/913 916/916
f 923/923 916/916 952/952
f 924/924 922/922 951/951
f 924/924 951/951 953/953
f 926/926 925/925 954/954
f 926/926 954/954 947/947
f 927/927 923/923 952/952
f 927/927 952/952 955/955
f 928/928 924/924 953/953
f 928/928 953/953 956/956
f 929/929 926/926 947/947
f 929/929 947/947 946/946
f 930/930 927/927 955/955
f 930/930 955/955 957/957
f 932/932 931/931 958/958
f 932/932 958/958 959/959
f 933/933 929/929 946/946
f 933/933 946/946 960/960
f 934/934 930/930 957/957
f 934/934 957/957 961/961
f 935/935 932/932 959/959
f 935/935 959/959 962/962
f 936/936 933/933 960/960
f 936/936 960/960 963/963
f 937/937 934/934 961/961
f 937/937 961/961 964/964
f 938/938 935/935 962/962
f 938/938 962/962 965/965
f 939/939 936/936 963/963
f 939/939 963/963 966/966
f 925/925 937/937 964/964
f 925/925 964/964 954/954
f 940/940 938/938 965/965
f 940/940 965/965 967/967
f 941/941 939/939 966/966
f 941/941 966/966 968/968
f 942/942 940/940 967/967
f 942/942 967/967 969/969
f 943/943 941/941 968/968
f 943/943 968/968 970/970
f 944/944 942/942 969/969
f 944/944 969/969 971/971
f 945/945 943/943 970/970
f 945/945 970/970 972/972
f 882/882 944/944 971/971
f 882/882 971/971 973/973
f 917/917 945/945 972/972
f 917/917 972/972 974/974
f 883/883 882/882 973/973
f 883/883 973/973 975/975
f 918/918 917/917 974/974
f 918/918 974/974 976/976
f 919/919 883/883 975/975
f 919/919 975/975 977/977
f 920/920 918/918 976/976
f 920/920 976/976 978/978
f 914/914 919/919 977/977
f 914/914 977/977 915/915
f 921/921 920/920 978/978
f 921/921 978/978 950/950
f 979/979 980/980 981/981
f 979/979 981/981 982/982
f 957/957 955/955 983/983
f 957/957 983/983 984/984
f 959/959 958/958 985/985
f 959/959 985/985 986/986
f 960/960 946/946 949/949
f 960/960 949/949 987/987
f 961/961 957/957 984/984
f 961/961 984/984 988/988
f 962/962 959/959 986/986
f 962/962 986/986 989/989
f 963/963 960/960 987/987
f 963/963 987/987 980/980
f 964/964 961/961 988/988
f 964/964 988/988 990/990
f 965/965 962/962 989/989
f 965/965 989/989 991/991
f 966/966 963/963 980/980
f 966/966 980/980 979/979
f 954/954 964/964 990/990
f 954/954 990/990 992/992
f 967/967 965/965 991/991
f 967/967 991/991 993/993
f 968/968 966/966 979/979
f 968/968 979/979 994/994
f 969/969 967/967 993/993
f 969/969 993/993 995/995
f 970/970 968/968 994/994
f 970/970 994/994 996/996
f 971/971 969/969 995/995
f 971/971 995/995 997/997
f 972/972 970/970 996/996
f 972/972 996/996 998/998
f 973/973 971/971 997/997
f 973/973 997/997 999/999
f 974/974 972/972 998/998
f 974/974 998/998 1000/1000
f 975/975 973/973 999/999
f 975/975 999/999 1001/1001
f 976/976 974/974 1000/1000
f 976/976 1000/1000 1002/1002
f 977/977 975/975 1001/1001
f 977/977 1001/1001 1003/1003
f 978/978 976/976 1002/1002
f 978/978 1002/1002 1004/1004
f 915/915 977/977 1003/1003
f 915/915 1003/1003 1005/1005
f 950/950 978/978 1004/1004
f 950/950 1004/1004 1006/1006
f 916/916 915/915 1005/1005
f 916/916 1005/1005 1007/1007
f 951/951 950/950 1006/1006
f 951/951 1006/1006 1008/1008
f 952/952 916/916 1007/1007
f 952/952 1007/1007 1009/1009
f 953/953 951/951 1008/1008
f 953/953 1008/1008 1010/1010
f 947/947 954/954 992/992
f 947/947 992/992 948/948
f 955/955 952/952 1009/1009
f 955/955 1009/1009 983/983
f 956/956 953/953 1010/1010
f 956/956 1010/1010 1011/1011
f 1012/1012 1013/1013 1014/1014
f 1012/1012 1014/1014 1015/1015
f 992/992 990/990 1016/1016
f 992/992 1016/1016 1017/1017
f 993/993 991/991 1018/1018
f 993/993 1018/1018 1019/1019
f 994/994 979/979 982/982
f 994/994 982/982 1020/1020
f 995/995 993/993 1019/1019
f 995/995 1019/1019 1021/1021
f 996/996 994/994 1020/1020
f 996/996 1020/1020 1022/1022
f 997/997 995/995 1021/1021
f 997/997 1021/1021 1023/1023
f 998/998 996/996 1022/1022
f 998/998 1022/1022 1024/1024
f 999/999 997/997 1023/1023
f 999/999 1023/1023 1025/1025
f 1000/1000 998/998 1024/1024
f 1000/1000 1024/1024 1026/1026
f 1001/1001 999/999 1025/1025
f 1001/1001 1025/1025 1027/1027
f 1002/1002 1000/1000 1026/1026
f 1002/1002 1026/1026 1028/1028
f 1003/1003 1001/1001 1027/1027
f 1003/1003 1027/1027 1029/1029
f 1004/1004 1002/1002 1028/1028
f 1004/1004 1028/1028 1030/1030
f 1005/1005 1003/1003 1029/1029
f 1005/1005 1029/1029 1031/1031
f 1006/1006 1004/1004 1030/1030
f 1006/1006 1030/1030 1013/1013
f 1007/1007 1005/1005 1031/1031
f 1007/1007 1031/1031 1032/1032
f 1008/1008 1006/1006 1013/1013
f 1008/1008 1013/1013 1012/1012
f 1009/1009 1007/1007 1032/1032
f 1009/1009 1032/1032 1033/1033
f 1010/1010 1008/1008 1012/1012
f 1010/1010 1012/1012 1034/1034
f 948/948 992/992 1017/1017
f 948/948 1017/1017 1035/1035
f 983/983 1009/1009 1033/1033
f 983/983 1033/1033 1036/1036
f 1011/1011 1010/1010 1034/1034
f 1011/1011 1034/1034 1037/1037
f 949/949 948/948 1035/1035
f 949/949 1035/1035 1038/1038
f 984/984 983/983 1036/1036
f 984/984 1036/1036 1039/1039
f 986/986 985/985 1040/1040
f 986/986 1040/1040 1041/1041
f 987/987 949/949 1038/1038
f 987/987 1038/1038 1042/1042
f 988/988 984/984 1039/1039
f 988/988 1039/1039 1043/1043
f 989/989 986/986 1041/1041
f 989/989 1041/1041 1044/1044
f 980/980 987/987 1042/1042
f 980/980 1042/1042 981/981
f 990/990 988/988 1043/1043
f 990/990 1043/1043 1016/1016
f 991/991 989/989 1044/1044
f 991/991 1044/1044 1018/1018
f 1045/1045 1046/1046 1047/1047
f 1045/1045 1047/1047 1048/1048
f 1033/1033 1032/1032 1049/1049
f 1033/1033 1049/1049 1050/1050
f 1034/1034 1012/1012 1015/1015
f 1034/1034 1015/1015 1051/1051
f 1036/1036 1033/1033 1050/1050
f 1036/1036 1050/1050 1052/1052
f 1037/1037 1034/1034 1051/1051
f 1037/1037 1051/1051 1053/1053
f 1039/1039 1036/1036 1052/1052
f 1039/1039 1052/1052 1054/1054
f 1041/1041 1040/1040 1046/1046
f 1041/1041 1046/1046 1045/1045
f 1043/1043 1039/1039 1054/1054
f 1043/1043 1054/1054 1055/1055
f 1044/1044 1041/1041 1045/1045
f 1044/1044 1045/1045 1056/1056
f 1016/1016 1043/1043 1055/1055
f 1016/1016 1055/1055 1057/1057
f 1018/1018 1044/1044 1056/1056
f 1018/1018 1056/1056 1058/1058
f 1017/1017 1016/1016 1057/1057
f 1017/1017 1057/1057 1059/1059
f 1019/1019 1018/1018 1058/1058
f 1019/1019 1058/1058 1060/1060
f 1035/1035 1017/1017 1059/1059
f 1035/1035 1059/1059 1061/1061
f 1021/1021 1019/1019 1060/1060
f 1021/1021 1060/1060 1062/1062
f 1038/1038 1035/1035 1061/1061
f 1038/1038 1061/1061 1063/1063
f 1022/1022 1020/1020 1064/1064
f 1022/1022 1064/1064 1065/1065
f 1023/1023 1021/1021 1062/1062
f 1023/1023 1062/1062 1066/1066
f 1042/1042 1038/1038 1063/1063
f 1042/1042 1063/1063 1067/1067
f 1024/1024 1022/1022 1065/1065
f 1024/1024 1065/1065 1068/1068
f 1025/1025 1023/1023 1066/1066
f 1025/1025 1066/1066 1069/1069
f 981/981 1042/1042 1067/1067
f 981/981 1067/1067 1070/1070
f 1026/1026 1024/1024 1068/1068
f 1026/1026 1068/1068 1071/1071
f 1027/1027 1025/1025 1069/1069
f 1027/1027 1069/1069 1072/1072
f 1028/1028 1026/1026 1071/1071
f 1028/1028 1071/1071 1073/1073
f 982/982 981/981 1070/1070
f 982/982 1070/1070 1074/1074
f 1029/1029 1027/1027 1072/1072
f 1029/1029 1072/1072 1075/1075
f 1020/1020 982/982 1074/1074
f 1020/1020 1074/1074 1064/1064
f 1030/1030 1028/1028 1073/1073
f 1030/1030 1073/1073 1076/1076
f 1031/1031 1029/1029 1075/1075
f 1031/1031 1075/1075 1077/1077
f 1013/1013 1030/1030 1076/1076
f 1013/1013 1076/1076 1014/1014
f 1032/1032 1031/1031 1077/1077
f 1032/1032 1077/1077 1049/1049
f 1078/1078 1079/1079 1080/1080
f 1078/1078 1080/1080 1081/1081
f 1067/1067 1063/1063 1082/1082
f 1067/1067 1082/1082 1083/1083
f 1055/1055 1054/1054 1084/1084
f 1055/1055 1084/1084 1085/1085
f 1056/1056 1045/1045 1048/1048
f 1056/1056 1048/1048 1086/1086
f 1070/1070 1067/1067 1083/1083
f 1070/1070 1083/1083 1087/1087
f 1057/1057 1055/1055 1085/1085
f 1057/1057 1085/1085 1088/1088
f 1058/1058 1056/1056 1086/1086
f 1058/1058 1086/1086 1079/1079
f 1074/1074 1070/1070 1087/1087
f 1074/1074 1087/1087 1089/1089
f 1059/1059 1057/1057 1088/1088
f 1059/1059 1088/1088 1090/1090
f 1060/1060 1058/1058 1079/1079
f 1060/1060 1079/1079 1078/1078
f 1064/1064 1074/1074 1089/1089
f 1064/1064 1089/1089 1091/1091
f 1062/1062 1060/1060 1078/1078
f 1062/1062 1078/1078 1092/1092
f 1065/1065 1064/1064 1091/1091
f 1065/1065 1091/1091 1093/1093
f 1066/1066 1062/1062 1092/1092
f 1066/1066 1092/1092 1094/1094
f 1068/1068 1065/1065 1093/1093
f 1068/1068 1093/1093 1095/1095
f 1069/1069 1066/1066 1094/1094
f 1069/1069 1094/1094 1096/1096
f 1071/1071 1068/1068 1095/1095
f 1071/1071 1095/1095 1097/1097
f 1072/1072 1069/1069 1096/1096
f 1072/1072 1096/1096 1098/1098
f 1073/1073 1071/1071 1097/1097
f 1073/1073 1097/1097 1099/1099
f 1075/1075 1072/1072 1098/1098
f 1075/1075 1098/1098 1100/1100
f 1076/1076 1073/1073 1099/1099
f 1076/1076 1099/1099 1101/1101
f 1077/1077 1075/1075 1100/1100
f 1077/1077 1100/1100 1102/1102
f 1014/1014 1076/1076 1101/1101
f 1014/1014 1101/1101 1103/1103
f 1049/1049 1077/1077 1102/1102
f 1049/1049 1102/1102 1104/1104
f 1015/1015 1014/1014 1103/1103
f 1015/1015 1103/1103 1105/1105
f 1050/1050 1049/1049 1104/1104
f 1050/1050 1104/1104 1106/1106
f 1051/1051 1015/1015 1105/1105
f 1051/1051 1105/1105 1107/1107
f 1061/1061 1059/1059 1090/1090
f 1061/1061 1090/1090 1108/1108
f 1052/1052 1050/1050 1106/1106
f 1052/1052 1106/1106 1109/1109
f 1053/1053 1051/1051 1107/1107
f 1053/1053 1107/1107 1110/1110
f 1063/1063 1061/1061 1108/1108
f 1063/1063 1108/1108 1082/1082
f 1054/1054 1052/1052 1109/1109
f 1054/1054 1109/1109 1084/1084
f 1111/1111 1112/1112 1113/1113
f 1111/1111 1113/1113 1114/1114
f 1091/1091 1089/1089 1115/1115
f 1091/1091 1115/1115 1116/1116
f 1092/1092 1078/1078 1081/1081
f 1092/1092 1081/1081 1117/1117
f 1093/1093 1091/1091 1116/1116
f 1093/1093 1116/1116 1118/1118
f 1094/1094 1092/1092 1117/1117
f 1094/1094 1117/1117 1112/1112
f 1095/1095 1093/1093 1118/1118
f 1095/1095 1118/1118 1119/1119
f 1096/1096 1094/1094 1112/1112
f 1096/1096 1112/1112 1111/1111
f 1097/1097 1095/1095 1119/1119
f 1097/1097 1119/1119 1120/1120
f 1098/1098 1096/1096 1111/1111
f 1098/1098 1111/1111 1121/1121
f 1099/1099 1097/1097 1120/1120
f 1099/1099 1120/1120 1122/1122
f 1100/1100 1098/1098 1121/1121
f 1100/1100 1121/1121 1123/1123
f 1101/1101 1099/1099 1122/1122
f 1101/1101 1122/1122 1124/1124
f 1102/1102 1100/1100 1123/1123
f 1102/1102 1123/1123 1125/1125
f 1103/1103 1101/1101 1124/1124
f 1103/1103 1124/1124 1126/1126
f 1104/1104 1102/1102 1125/1125
f 1104/1104 1125/1125 1127/1127
f 1105/1105 1103/1103 1126/1126
f 1105/1105 1126/1126 1128/1128
f 1106/1106 1104/1104 1127/1127
f 1106/1106 1127/1127 1129/1129
f 1107/1107 1105/1105 1128/1128
f 1107/1107 1128/1128 1130/1130
f 1108/1108 1090/1090 1131/1131
f 1108/1108 1131/1131 1132/1132
f 1109/1109 1106/1106 1129/1129
f 1109/1109 1129/1129 1133/1133
f 1110/1110 1107/1107 1130/1130
f 1110/1110 1130/1130 1134/1134
f 1082/1082 1108/1108 1132/1132
f 1082/1082 1132/1132 1135/1135
f 1084/1084 1109/1109 1133/1133
f 1084/1084 1133/1133 1136/1136
f 1048/1048 1047/1047 1137/1137
f 1048/1048 1137/1137 1138/1138
f 1083/1083 1082/1082 1135/1135
f 1083/1083 1135/1135 1139/1139
f 1085/1085 1084/1084 1136/1136
f 1085/1085 1136/1136 1140/1140
f 1086/1086 1048/1048 1138/1138
f 1086/1086 1138/1138 1141/1141
f 1087/1087 1083/1083 1139/1139
f 1087/1087 1139/1139 1142/1142
f 1088/1088 1085/1085 1140/1140
f 1088/1088 1140/1140 1143/1143
f 1079/1079 1086/1086 1141/1141
f 1079/1079 1141/1141 1080/1080
f 1089/1089 1087/1087 1142/1142
f 1089/1089 1142/1142 1115/1115
f 1090/1090 1088/1088 1143/1143
f 1090/1090 1143/1143 1131/1131
f 1144/1144 1145/1145 1146/1146
f 1144/1144 1146/1146 1147/1147
f 1120/1120 1119/1119 1148/1148
f 1120/1120 1148/1148 1149/1149
f 1121/1121 1111/1111 1114/1114
f 1121/1121 1114/1114 1150/1150
f 1122/1122 1120/1120 1149/1149
f 1122/1122 1149/1149 1151/1151
f 1123/1123 1121/1121 1150/1150
f 1123/1123 1150/1150 1145/1145
f 1124/1124 1122/1122 1151/1151
f 1124/1124 1151/1151 1152/1152
f 1125/1125 1123/1123 1145/1145
f 1125/1125 1145/1145 1144/1144
f 1126/1126 1124/1124 1152/1152
f 1126/1126 1152/1152 1153/1153
f 1127/1127 1125/1125 1144/1144
f 1127/1127 1144/1144 1154/1154
f 1128/1128 1126/1126 1153/1153
f 1128/1128 1153/1153 1155/1155
f 1129/1129 1127/1127 1154/1154
f 1129/1129 1154/1154 1156/1156
f 1130/1130 1128/1128 1155/1155
f 1130/1130 1155/1155 1157/1157
f 1132/1132 1131/1131 1158/1158
f 1132/1132 1158/1158 1159/1159
f 1133/1133 1129/1129 1156/1156
f 1133/1133 1156/1156 1160/1160
f 1134/1134 1130/1130 1157/1157
f 1134/1134 1157/1157 1161/1161
f 1135/1135 1132/1132 1159/1159
f 1135/1135 1159/1159 1162/1162
f 1136/1136 1133/1133 1160/1160
f 1136/1136 1160/1160 1163/1163
f 1138/1138 1137/1137 1164/1164
f 1138/1138 1164/1164 1165/1165
f 1139/1139 1135/1135 1162/1162
f 1139/1139 1162/1162 1166/1166
f 1140/1140 1136/1136 1163/1163
f 1140/1140 1163/1163 1167/1167
f 1141/1141 1138/1138 1165/1165
f 1141/1141 1165/1165 1168/1168
f 1142/1142 1139/1139 1166/1166
f 1142/1142 1166/1166 1169/1169
f 1143/1143 1140/1140 1167/1167
f 1143/1143 1167/1167 1170/1170
f 1080/1080 1141/1141 1168/1168
f 1080/1080 1168/1168 1171/1171
f 1115/1115 1142/1142 1169/1169
f 1115/1115 1169/1169 1172/1172
f 1131/1131 1143/1143 1170/1170
f 1131/1131 1170/1170 1158/1158
f 1081/1081 1080/1080 1171/1171
f 1081/1081 1171/1171 1173/1173
f 1116/1116 1115/1115 1172/1172
f 1116/1116 1172/1172 1174/1174
f 1117/1117 1081/1081 1173/1173
f 1117/1117 1173/1173 1175/1175
f 1118/1118 1116/1116 1174/1174
f 1118/1118 1174/1174 1176/1176
f 1112/1112 1117/1117 1175/1175
f 1112/1112 1175/1175 1113/1113
f 1119/1119 1118/1118 1176/1176
f 1119/1119 1176/1176 1148/1148
f 1177/1177 1178/1178 1179/1179
f 1177/1177 1179/1179 1180/1180
f 1153/1153 1152/1152 1181/1181
f 1153/1153 1181/1181 1182/1182
f 1154/1154 1144/1144 1147/1147
f 1154/1154 1147/1147 1183/1183
f 1155/1155 1153/1153 1182/1182
f 1155/1155 1182/1182 1184/1184
f 1156/1156 1154/1154 1183/1183
f 1156/1156 1183/1183 1185/1185
f 1157/1157 1155/1155 1184/1184
f 1157/1157 1184/1184 1186/1186
f 1159/1159 1158/1158 1187/1187
f 1159/1159 1187/1187 1188/1188
f 1160/1160 1156/1156 1185/1185
f 1160/1160 1185/1185 1189/1189
f 1161/1161 1157/1157 1186/1186
f 1161/1161 1186/1186 1190/1190
f 1162/1162 1159/1159 1188/1188
f 1162/1162 1188/1188 1191/1191
f 1163/1163 1160/1160 1189/1189
f 1163/1163 1189/1189 1192/1192
f 1165/1165 1164/1164 1193/1193
f 1165/1165 1193/1193 1194/1194
f 1166/1166 1162/1162 1191/1191
f 1166/1166 1191/1191 1195/1195
f 1167/1167 1163/1163 1192/1192
f 1167/1167 1192/1192 1196/1196
f 1168/1168 1165/1165 1194/1194
f 1168/1168 1194/1194 1197/1197
f 1169/1169 1166/1166 1195/1195
f 1169/1169 1195/1195 1198/1198
f 1170/1170 1167/1167 1196/1196
f 1170/1170 1196/1196 1199/1199
f 1171/1171 1168/1168 1197/1197
f 1171/1171 1197/1197 1200/1200
f 1172/1172 1169/1169 1198/1198
f 1172/1172 1198/1198 1201/1201
f 1158/1158 1170/1170 1199/1199
f 1158/1158 1199/1199 1187/1187
f 1173/1173 1171/1171 1200/1200
f 1173/1173 1200/1200 1202/1202
f 1174/1174 1172/1172 1201/1201
f 1174/1174 1201/1201 1203/1203
f 1175/1175 1173/1173 1202/1202
f 1175/1175 1202/1202 1204/1204
f 1176/1176 1174/1174 1203/1203
f 1176/1176 1203/1203 1205/1205
f 1113/1113 1175/1175 1204/1204
f 1113/1113 1204/1204 1206/1206
f 1148/1148 1176/1176 1205/1205
f 1148/1148 1205/1205 1207/1207
f 1114/1114 1113/1113 1206/1206
f 1114/1114 1206/1206 1208/1208
f 1149/1149 1148/1148 1207/1207
f 1149/1149 1207/1207 1209/1209
f 1150/1150 1114/1114 1208/1208
f 1150/1150 1208/1208 1210/1210
f 1151/1151 1149/1149 1209/1209
f 1151/1151 1209/1209 1211/1211
f 1145/1145 1150/1150 1210/1210
f 1145/1145 1210/1210 1146/1146
f 1152/1152 1151/1151 1211/1211
f 1152/1152 1211/1211 1181/1181
f 1212/1212 1213/1213 1214/1214
f 1212/1212 1214/1214 1215/1215
f 1216/1216 1217/1217 1218/1218
f 1216/1216 1218/1218 1219/1219
f 1220/1220 1221/1221 1222/1222
f 1220/1220 1222/1222 1223/1223
f 1224/1224 1177/1177 1180/1180
f 1224/1224 1180/1180 1225/1225
f 1226/1226 1216/1216 1219/1219
f 1226/1226 1219/1219 1227/1227
f 1228/1228 1229/1229 1230/1230
f 1228/1228 1230/1230 1231/1231
f 1232/1232 1224/1224 1225/1225
f 1232/1232 1225/1225 1233/1233
f 1234/1234 1226/1226 1227/1227
f 1234/1234 1227/1227 1235/1235
f 1236/1236 1228/1228 1231/1231
f 1236/1236 1231/1231 1237/1237
f 1238/1238 1232/1232 1233/1233
f 1238/1238 1233/1233 1239/1239
f 1240/1240 1234/1234 1235/1235
f 1240/1240 1235/1235 1241/1241
f 1242/1242 1236/1236 1237/1237
f 1242/1242 1237/1237 1243/1243
f 1244/1244 1238/1238 1239/1239
f 1244/1244 1239/1239 1245/1245
f 1178/1178 1240/1240 1241/1241
f 1178/1178 1241/1241 1179/1179
f 1246/1246 1242/1242 1243/1243
f 1246/1246 1243/1243 1247/1247
f 1248/1248 1244/1244 1245/1245
f 1248/1248 1245/1245 1249/1249
f 1250/1250 1246/1246 1247/1247
f 1250/1250 1247/1247 1251/1251
f 1252/1252 1248/1248 1249/1249
f 1252/1252 1249/1249 1253/1253
f 1254/1254 1250/1250 1251/1251
f 1254/1254 1251/1251 1255/1255
f 1256/1256 1252/1252 1253/1253
f 1256/1256 1253/1253 1257/1257
f 1258/1258 1254/1254 1255/1255
f 1258/1258 1255/1255 1259/1259
f 1260/1260 1256/1256 1257/1257
f 1260/1260 1257/1257 1261/1261
f 1262/1262 1258/1258 1259/1259
f 1262/1262 1259/1259 1263/1263
f 1264/1264 1260/1260 1261/1261
f 1264/1264 1261/1261 1265/1265
f 1266/1266 1262/1262 1263/1263
f 1266/1266 1263/1263 1267/1267
f 1268/1268 1264/1264 1265/1265
f 1268/1268 1265/1265 1269/1269
f 1270/1270 1266/1266 1267/1267
f 1270/1270 1267/1267 1271/1271
f 1272/1272 1268/1268 1269/1269
f 1272/1272 1269/1269 1273/1273
f 1274/1274 1270/1270 1271/1271
f 1274/1274 1271/1271 1275/1275
f 1276/1276 1272/1272 1273/1273
f 1276/1276 1273/1273 1277/1277
f 1217/1217 1274/1274 1275/1275
f 1217/1217 1275/1275 1218/1218
f 1221/1221 1276/1276 1277/1277
f 1221/1221 1277/1277 1222/1222
f 1278/1278 1279/1279 1280/1280
f 1278/1278 1280/1280 1281/1281
f 1282/1282 1283/1283 1284/1284
f 1282/1282 1284/1284 1285/1285
f 1286/1286 1212/1212 1215/1215
f 1286/1286 1215/1215 1287/1287
f 1288/1288 1278/1278 1281/1281
f 1288/1288 1281/1281 1289/1289
f 1290/1290 1282/1282 1285/1285
f 1290/1290 1285/1285 1291/1291
f 1292/1292 1286/1286 1287/1287
f 1292/1292 1287/1287 1293/1293
f 1294/1294 1290/1290 1291/1291
f 1294/1294 1291/1291 1295/1295
f 1296/1296 1292/1292 1293/1293
f 1296/1296 1293/1293 1297/1297
f 1298/1298 1294/1294 1295/1295
f 1298/1298 1295/1295 1299/1299
f 1300/1300 1296/1296 1297/1297
f 1300/1300 1297/1297 1301/1301
f 1302/1302 1298/1298 1299/1299
f 1302/1302 1299/1299 1303/1303
f 1304/1304 1300/1300 1301/1301
f 1304/1304 1301/1301 1305/1305
f 1306/1306 1302/1302 1303/1303
f 1306/1306 1303/1303 1307/1307
f 1308/1308 1304/1304 1305/1305
f 1308/1308 1305/1305 1309/1309
f 1310/1310 1306/1306 1307/1307
f 1310/1310 1307/1307 1311/1311
f 1312/1312 1308/1308 1309/1309
f 1312/1312 1309/1309 1313/1313
f 1314/1314 1310/1310 1311/1311
f 1314/1314 1311/1311 1315/1315
f 1316/1316 1312/1312 1313/1313
f 1316/1316 1313/1313 1317/1317
f 1318/1318 1314/1314 1315/1315
f 1318/1318 1315/1315 1319/1319
f 1320/1320 1316/1316 1317/1317
f 1320/1320 1317/1317 1321/1321
f 1322/1322 1318/1318 1319/1319
f 1322/1322 1319/1319 1323/1323
f 1324/1324 1320/1320 1321/1321
f 1324/1324 1321/1321 1325/1325
f 1326/1326 1288/1288 1289/1289
f 1326/1326 1289/1289 1327/1327
f 1328/1328 1322/1322 1323/1323
f 1328/1328 1323/1323 1329/1329
f 1330/1330 1324/1324 1325/1325
f 1330/1330 1325/1325 1331/1331
f 1332/1332 1326/1326 1327/1327
f 1332/1332 1327/1327 1333/1333
f 1334/1334 1328/1328 1329/1329
f 1334/1334 1329/1329 1335/1335
f 1336/1336 1337/1337 1338/1338
f 1336/1336 1338/1338 1339/1339
f 1213/1213 1332/1332 1333/1333
f 1213/1213 1333/1333 1214/1214
f 1279/1279 1334/1334 1335/1335
f 1279/1279 1335/1335 1280/1280
f 1283/1283 1336/1336 1339/1339
f 1283/1283 1339/1339 1284/1284
f 1340/1340 1341/1341 1342/1342
f 1340/1340 1342/1342 1343/1343
f 1344/1344 1345/1345 1346/1346
f 1344/1344 1346/1346 1347/1347
f 1347/1347 1346/1346 1348/1348
f 1347/1347 1348/1348 1349/1349
f 1349/1349 1348/1348 1350/1350
f 1349/1349 1350/1350 1351/1351
f 1351/1351 1350/1350 1352/1352
f 1351/1351 1352/1352 1353/1353
f 1353/1353 1352/1352 1354/1354
f 1353/1353 1354/1354 1355/1355
f 1355/1355 1354/1354 1356/1356
f 1355/1355 1356/1356 1357/1357
f 1357/1357 1356/1356 1358/1358
f 1357/1357 1358/1358 1359/1359
f 1359/1359 1358/1358 1360/1360
f 1359/1359 1360/1360 1361/1361
f 1361/1361 1360/1360 1362/1362
f 1361/1361 1362/1362 1363/1363
f 1363/1363 1362/1362 1364/1364
f 1363/1363 1364/1364 1365/1365
f 1365/1365 1364/1364 1366/1366
f 1365/1365 1366/1366 1367/1367
f 1367/1367 1366/1366 1368/1368
f 1367/1367 1368/1368 1369/1369
f 1369/1369 1368/1368 1370/1370
f 1369/1369 1370/1370 1371/1371
f 1372/1372 1373/1373 1374/1374
f 1372/1372 1374/1374 1375/1375
f 1375/1375 1374/1374 1376/1376
f 1375/1375 1376/1376 1377/1377
f 1377/1377 1376/1376 1378/1378
f 1377/1377 1378/1378 1379/1379
f 1379/1379 1378/1378 1380/1380
f 1379/1379 1380/1380 1381/1381
f 1381/1381 1380/1380 1382/1382
f 1381/1381 1382/1382 1383/1383
f 1383/1383 1382/1382 1384/1384
f 1383/1383 1384/1384 1385/1385
f 1385/1385 1384/1384 1386/1386
f 1385/1385 1386/1386 1387/1387
f 1387/1387 1386/1386 1388/1388
f 1387/1387 1388/1388 1389/1389
f 1389/1389 1388/1388 1390/1390
f 1389/1389 1390/1390 1391/1391
f 1391/1391 1390/1390 1392/1392
f 1391/1391 1392/1392 1393/1393
f 1393/1393 1392/1392 1394/1394
f 1393/1393 1394/1394 1395/1395
f 1395/1395 1394/1394 1396/1396
f 1395/1395 1396/1396 1397/1397
f 1397/1397 1396/1396 1398/1398
f 1397/1397 1398/1398 1399/1399
f 1399/1399 1398/1398 1400/1400
f 1399/1399 1400/1400 1401/1401
f 1401/1401 1400/1400 1402/1402
f 1401/1401 1402/1402 1403/1403
f 1403/1403 1402/1402 1341/1341
f 1403/1403 1341/1341 1340/1340
f 1404/1404 1405/1405 1406/1406
f 1404/1404 1406/1406 1407/1407
f 1343/1343 1342/1342 1408/1408
f 1343/1343 1408/1408 1409/1409
f 1410/1410 1411/1411 1412/1412
f 1410/1410 1412/1412 1413/1413
f 1414/1414 1415/1415 1416/1416
f 1414/1414 1416/1416 1417/1417
f 1418/1418 1419/1419 1420/1420
f 1418/1418 1420/1420 1421/1421
f 1422/1422 1423/1423 1424/1424
f 1422/1422 1424/1424 1425/1425
f 1426/1426 1427/1427 1428/1428
f 1426/1426 1428/1428 1429/1429
f 1430/1430 1431/1431 1432/1432
f 1430/1430 1432/1432 1433/1433
f 1434/1434 1435/1435 1436/1436
f 1434/1434 1436/1436 1437/1437
f 1438/1438 1439/1439 1440/1440
f 1438/1438 1440/1440 1441/1441
f 1411/1411 1442/1442 1443/1443
f 1411/1411 1443/1443 1412/1412
f 1419/1419 1444/1444 1445/1445
f 1419/1419 1445/1445 1420/1420
f 1423/1423 1446/1446 1447/1447
f 1423/1423 1447/1447 1424/1424
f 1427/1427 1448/1448 1449/1449
f 1427/1427 1449/1449 1428/1428
f 1450/1450 1451/1451 1452/1452
f 1450/1450 1452/1452 1453/1453
f 1435/1435 1454/1454 1455/1455
f 1435/1435 1455/1455 1436/1436
f 1439/1439 1456/1456 1457/1457
f 1439/1439 1457/1457 1440/1440
f 1442/1442 1458/1458 1459/1459
f 1442/1442 1459/1459 1443/1443
f 1444/1444 1460/1460 1461/1461
f 1444/1444 1461/1461 1445/1445
f 1446/1446 1462/1462 1463/1463
f 1446/1446 1463/1463 1447/1447
f 1448/1448 1464/1464 1465/1465
f 1448/1448 1465/1465 1449/1449
f 1451/1451 1466/1466 1467/1467
f 1451/1451 1467/1467 1452/1452
f 1454/1454 1468/1468 1469/1469
f 1454/1454 1469/1469 1455/1455
f 1456/1456 1470/1470 1471/1471
f 1456/1456 1471/1471 1457/1457
f 1458/1458 1472/1472 1473/1473
f 1458/1458 1473/1473 1459/1459
f 1460/1460 1474/1474 1475/1475
f 1460/1460 1475/1475 1461/1461
f 1462/1462 1476/1476 1477/1477
f 1462/1462 1477/1477 1463/1463
f 1464/1464 1410/1410 1413/1413
f 1464/1464 1413/1413 1465/1465
f 1466/1466 1418/1418 1421/1421
f 1466/1466 1421/1421 1467/1467
f 1468/1468 1422/1422 1425/1425
f 1468/1468 1425/1425 1469/1469
f 1470/1470 1426/1426 1429/1429
f 1470/1470 1429/1429 1471/1471
f 1472/1472 1430/1430 1433/1433
f 1472/1472 1433/1433 1473/1473
f 1474/1474 1434/1434 1437/1437
f 1474/1474 1437/1437 1475/1475
f 1478/1478 1438/1438 1441/1441
f 1478/1478 1441/1441 1479/1479
f 1476/1476 1478/1478 1479/1479
f 1476/1476 1479/1479 1477/1477
f 1480/1480 1481/1481 1482/1482
f 1480/1480 1482/1482 1483/1483
f 1415/1415 1484/1484 1485/1485
f 1415/1415 1485/1485 1416/1416
f 1481/1481 1486/1486 1487/1487
f 1481/1481 1487/1487 1482/1482
f 1488/1488 1489/1489 1490/1490
f 1488/1488 1490/1490 1491/1491
f 1484/1484 1492/1492 1493/1493
f 1484/1484 1493/1493 1485/1485
f 1486/1486 1494/1494 1495/1495
f 1486/1486 1495/1495 1487/1487
f 1489/1489 1496/1496 1497/1497
f 1489/1489 1497/1497 1490/1490
f 1492/1492 1498/1498 1499/1499
f 1492/1492 1499/1499 1493/1493
f 1500/1500 1501/1501 1502/1502
f 1500/1500 1502/1502 1503/1503
f 1496/1496 1504/1504 1505/1505
f 1496/1496 1505/1505 1497/1497
f 1498/1498 1506/1506 1507/1507
f 1498/1498 1507/1507 1499/1499
f 1501/1501 1508/1508 1509/1509
f 1501/1501 1509/1509 1502/1502
f 1504/1504 1510/1510 1511/1511
f 1504/1504 1511/1511 1505/1505
f 1506/1506 1512/1512 1513/1513
f 1506/1506 1513/1513 1507/1507
f 1508/1508 1514/1514 1515/1515
f 1508/1508 1515/1515 1509/1509
f 1510/1510 1516/1516 1517/1517
f 1510/1510 1517/1517 1511/1511
f 1512/1512 1488/1488 1491/1491
f 1512/1512 1491/1491 1513/1513
f 1514/1514 1518/1518 1519/1519
f 1514/1514 1519/1519 1515/1515
f 1516/1516 1520/1520 1521/1521
f 1516/1516 1521/1521 1517/1517
f 1518/1518 1522/1522 1523/1523
f 1518/1518 1523/1523 1519/1519
f 1520/1520 1524/1524 1525/1525
f 1520/1520 1525/1525 1521/1521
f 1522/1522 1526/1526 1527/1527
f 1522/1522 1527/1527 1523/1523
f 1524/1524 1528/1528 1529/1529
f 1524/1524 1529/1529 1525/1525
f 1526/1526 1530/1530 1531/1531
f 1526/1526 1531/1531 1527/1527
f 1528/1528 1532/1532 1533/1533
f 1528/1528 1533/1533 1529/1529
f 1530/1530 1534/1534 1535/1535
f 1530/1530 1535/1535 1531/1531
f 1532/1532 1536/1536 1537/1537
f 1532/1532 1537/1537 1533/1533
f 1534/1534 1538/1538 1539/1539
f 1534/1534 1539/1539 1535/1535
f 1536/1536 1540/1540 1541/1541
f 1536/1536 1541/1541 1537/1537
f 1538/1538 1414/1414 1417/1417
f 1538/1538 1417/1417 1539/1539
f 1540/1540 1480/1480 1483/1483
f 1540/1540 1483/1483 1541/1541
f 1409/1409 1408/1408 1345/1345
f 1409/1409 1345/1345 1344/1344
f 1542/1542 1543/1543 1544/1544
f 1542/1542 1544/1544 1545/1545
f 1546/1546 1547/1547 1543/1543
f 1546/1546 1543/1543 1542/1542
f 1548/1548 1549/1549 1547/1547
f 1548/1548 1547/1547 1546/1546
f 1550/1550 1551/1551 1549/1549
f 1550/1550 1549/1549 1548/1548
f 1552/1552 1553/1553 1551/1551
f 1552/1552 1551/1551 1550/1550
f 1554/1554 1555/1555 1553/1553
f 1554/1554 1553/1553 1552/1552
f 1556/1556 1557/1557 1555/1555
f 1556/1556 1555/1555 1554/1554
f 1558/1558 1559/1559 1557/1557
f 1558/1558 1557/1557 1556/1556
f 1560/1560 1561/1561 1559/1559
f 1560/1560 1559/1559 1558/1558
f 1562/1562 1563/1563 1561/1561
f 1562/1562 1561/1561 1560/1560
f 1564/1564 1565/1565 1563/1563
f 1564/1564 1563/1563 1562/1562
f 1566/1566 1567/1567 1565/1565
f 1566/1566 1565/1565 1564/1564
f 1568/1568 1569/1569 1567/1567
f 1568/1568 1567/1567 1566/1566
f 1570/1570 1571/1571 1569/1569
f 1570/1570 1569/1569 1568/1568
f 1572/1572 1573/1573 1571/1571
f 1572/1572 1571/1571 1570/1570
f 1574/1574 1575/1575 1573/1573
f 1574/1574 1573/1573 1572/1572
f 1576/1576 1577/1577 1578/1578
f 1576/1576 1578/1578 1579/1579
f 1580/1580 1581/1581 1577/1577
f 1580/1580 1577/1577 1576/1576
f 1582/1582 1583/1583 1581/1581
f 1582/1582 1581/1581 1580/1580
f 1584/1584 1585/1585 1583/1583
f 1584/1584 1583/1583 1582/1582
f 1586/1586 1587/1587 1585/1585
f 1586/1586 1585/1585 1584/1584
f 1588/1588 1589/1589 1587/1587
f 1588/1588 1587/1587 1586/1586
f 1590/1590 1591/1591 1589/1589
f 1590/1590 1589/1589 1588/1588
f 1592/1592 1593/1593 1591/1591
f 1592/1592 1591/1591 1590/1590
f 1594/1594 1595/1595 1593/1593
f 1594/1594 1593/1593 1592/1592
f 1596/1596 1597/1597 1595/1595
f 1596/1596 1595/1595 1594/1594
f 1598/1598 1599/1599 1597/1597
f 1598/1598 1597/1597 1596/1596
f 1600/1600 1601/1601 1599/1599
f 1600/1600 1599/1599 1598/1598
f 1602/1602 1603/1603 1601/1601
f 1602/1602 1601/1601 1600/1600
f 1604/1604 1605/1605 1603/1603
f 1604/1604 1603/1603 1602/1602
f 1606/1606 1607/1607 1605/1605
f 1606/1606 1605/1605 1604/1604
f 1608/1608 1609/1609 1610/1610
f 1608/1608 1610/1610 1611/1611
f 1612/1612 1613/1613 1614/1614
f 1612/1612 1614/1614 1615/1615
f 1616/1616 1617/1617 1618/1618
f 1616/1616 1618/1618 1619/1619
f 1620/1620 1621/1621 1622/1622
f 1620/1620 1622/1622 1623/1623
f 1624/1624 1625/1625 1626/1626
f 1624/1624 1626/1626 1627/1627
f 1628/1628 1629/1629 1630/1630
f 1628/1628 1630/1630 1631/1631
f 1632/1632 1633/1633 1634/1634
f 1632/1632 1634/1634 1635/1635
f 1609/1609 1636/1636 1637/1637
f 1609/1609 1637/1637 1610/1610
f 1638/1638 1639/1639 1640/1640
f 1638/1638 1640/1640 1641/1641
f 1642/1642 1612/1612 1615/1615
f 1642/1642 1615/1615 1643/1643
f 1617/1617 1644/1644 1645/1645
f 1617/1617 1645/1645 1618/1618
f 1625/1625 1646/1646 1647/1647
f 1625/1625 1647/1647 1626/1626
f 1648/1648 1628/1628 1631/1631
f 1648/1648 1631/1631 1649/1649
f 1650/1650 1651/1651 1652/1652
f 1650/1650 1652/1652 1653/1653
f 1636/1636 1654/1654 1655/1655
f 1636/1636 1655/1655 1637/1637
f 1656/1656 1642/1642 1643/1643
f 1656/1656 1643/1643 1657/1657
f 1658/1658 1659/1659 1660/1660
f 1658/1658 1660/1660 1661/1661
f 1646/1646 1662/1662 1663/1663
f 1646/1646 1663/1663 1647/1647
f 1664/1664 1648/1648 1649/1649
f 1664/1664 1649/1649 1665/1665
f 1666/1666 1650/1650 1653/1653
f 1666/1666 1653/1653 1667/1667
f 1654/1654 1668/1668 1669/1669
f 1654/1654 1669/1669 1655/1655
f 1670/1670 1656/1656 1657/1657
f 1670/1670 1657/1657 1671/1671
f 1659/1659 1672/1672 1673/1673
f 1659/1659 1673/1673 1660/1660
f 1662/1662 1674/1674 1675/1675
f 1662/1662 1675/1675 1663/1663
f 1676/1676 1664/1664 1665/1665
f 1676/1676 1665/1665 1677/1677
f 1678/1678 1666/1666 1667/1667
f 1678/1678 1667/1667 1679/1679
f 1668/1668 1680/1680 1681/1681
f 1668/1668 1681/1681 1669/1669
f 1682/1682 1670/1670 1671/1671
f 1682/1682 1671/1671 1683/1683
f 1672/1672 1684/1684 1685/1685
f 1672/1672 1685/1685 1673/1673
f 1674/1674 1686/1686 1687/1687
f 1674/1674 1687/1687 1675/1675
f 1688/1688 1676/1676 1677/1677
f 1688/1688 1677/1677 1689/1689
f 1690/1690 1620/1620 1623/1623
f 1690/1690 1623/1623 1691/1691
f 1545/1545 1544/1544 1607/1607
f 1545/1545 1607/1607 1606/1606
f 1692/1692 1404/1404 1407/1407
f 1692/1692 1407/1407 1693/1693
f 1694/1694 1692/1692 1693/1693
f 1694/1694 1693/1693 1695/1695
f 1696/1696 1694/1694 1695/1695
f 1696/1696 1695/1695 1697/1697
f 1698/1698 1696/1696 1697/1697
f 1698/1698 1697/1697 1699/1699
f 1700/1700 1698/1698 1699/1699
f 1700/1700 1699/1699 1701/1701
f 1702/1702 1700/1700 1701/1701
f 1702/1702 1701/1701 1703/1703
f 1704/1704 1702/1702 1703/1703
f 1704/1704 1703/1703 1705/1705
f 1706/1706 1704/1704 1705/1705
f 1706/1706 1705/1705 1707/1707
f 1708/1708 1706/1706 1707/1707
f 1708/1708 1707/1707 1709/1709
f 1710/1710 1708/1708 1709/1709
f 1710/1710 1709/1709 1711/1711
f 1712/1712 1710/1710 1711/1711
f 1712/1712 1711/1711 1713/1713
f 1714/1714 1712/1712 1713/1713
f 1714/1714 1713/1713 1715/1715
f 1716/1716 1714/1714 1715/1715
f 1716/1716 1715/1715 1717/1717
f 1718/1718 1716/1716 1717/1717
f 1718/1718 1717/1717 1719/1719
f 1720/1720 1718/1718 1719/1719
f 1720/1720 1719/1719 1721/1721
f 1722/1722 1720/1720 1721/1721
f 1722/1722 1721/1721 1723/1723
f 1724/1724 1725/1725 1726/1726
f 1724/1724 1726/1726 1727/1727
f 1728/1728 1724/1724 1727/1727
f 1728/1728 1727/1727 1729/1729
f 1730/1730 1728/1728 1729/1729
f 1730/1730 1729/1729 1731/1731
f 1732/1732 1730/1730 1731/1731
f 1732/1732 1731/1731 1733/1733
f 1734/1734 1732/1732 1733/1733
f 1734/1734 1733/1733 1735/1735
f 1736/1736 1734/1734 1735/1735
f 1736/1736 1735/1735 1737/1737
f 1738/1738 1736/1736 1737/1737
f 1738/1738 1737/1737 1739/1739
f 1740/1740 1738/1738 1739/1739
f 1740/1740 1739/1739 1741/1741
f 1742/1742 1740/1740 1741/1741
f 1742/1742 1741/1741 1743/1743
f 1744/1744 1742/1742 1743/1743
f 1744/1744 1743/1743 1745/1745
f 1746/1746 1744/1744 1745/1745
f 1746/1746 1745/1745 1747/1747
f 1748/1748 1746/1746 1747/1747
f 1748/1748 1747/1747 1749/1749
f 1750/1750 1748/1748 1749/1749
f 1750/1750 1749/1749 1751/1751
f 1752/1752 1750/1750 1751/1751
f 1752/1752 1751/1751 1753/1753
f 1405/1405 1752/1752 1753/1753
f 1405/1405 1753/1753 1406/1406
f 1633/1633 1754/1754 1755/1755
f 1633/1633 1755/1755 1634/1634
f 1756/1756 1638/1638 1641/1641
f 1756/1756 1641/1641 1757/1757
f 1629/1629 1758/1758 1759/1759
f 1629/1629 1759/1759 1630/1630
f 1760/1760 1624/1624 1627/1627
f 1760/1760 1627/1627 1761/1761
f 1621/1621 1762/1762 1763/1763
f 1621/1621 1763/1763 1622/1622
f 1764/1764 1616/1616 1619/1619
f 1764/1764 1619/1619 1765/1765
f 1613/1613 1766/1766 1767/1767
f 1613/1613 1767/1767 1614/1614
f 1768/1768 1608/1608 1611/1611
f 1768/1768 1611/1611 1769/1769
f 1754/1754 1770/1770 1771/1771
f 1754/1754 1771/1771 1755/1755
f 1772/1772 1756/1756 1757/1757
f 1772/1772 1757/1757 1773/1773
f 1758/1758 1774/1774 1775/1775
f 1758/1758 1775/1775 1759/1759
f 1776/1776 1760/1760 1761/1761
f 1776/1776 1761/1761 1777/1777
f 1762/1762 1778/1778 1779/1779
f 1762/1762 1779/1779 1763/1763
f 1780/1780 1764/1764 1765/1765
f 1780/1780 1765/1765 1781/1781
f 1766/1766 1782/1782 1783/1783
f 1766/1766 1783/1783 1767/1767
f 1784/1784 1768/1768 1769/1769
f 1784/1784 1769/1769 1785/1785
f 1770/1770 1786/1786 1787/1787
f 1770/1770 1787/1787 1771/1771
f 1788/1788 1772/1772 1773/1773
f 1788/1788 1773/1773 1789/1789
f 1774/1774 1790/1790 1791/1791
f 1774/1774 1791/1791 1775/1775
f 1792/1792 1776/1776 1777/1777
f 1792/1792 1777/1777 1793/1793
f 1778/1778 1794/1794 1795/1795
f 1778/1778 1795/1795 1779/1779
f 1796/1796 1780/1780 1781/1781
f 1796/1796 1781/1781 1797/1797
f 1782/1782 1798/1798 1799/1799
f 1782/1782 1799/1799 1783/1783
f 1800/1800 1784/1784 1785/1785
f 1800/1800 1785/1785 1801/1801
f 1786/1786 1688/1688 1689/1689
f 1786/1786 1689/1689 1787/1787
f 1686/1686 1788/1788 1789/1789
f 1686/1686 1789/1789 1687/1687
f 1790/1790 1690/1690 1691/1691
f 1790/1790 1691/1691 1791/1791
f 1684/1684 1792/1792 1793/1793
f 1684/1684 1793/1793 1685/1685
f 1794/1794 1682/1682 1683/1683
f 1794/1794 1683/1683 1795/1795
f 1639/1639 1800/1800 1801/1801
f 1639/1639 1801/1801 1640/1640
f 1680/1680 1796/1796 1797/1797
f 1680/1680 1797/1797 1681/1681
f 1798/1798 1678/1678 1679/1679
f 1798/1798 1679/1679 1799/1799
f 1802/1802 1803/1803 1804/1804
f 1802/1802 1804/1804 1805/1805
f 1806/1806 1807/1807 1803/1803
f 1806/1806 1803/1803 1802/1802
f 1808/1808 1809/1809 1807/1807
f 1808/1808 1807/1807 1806/1806
f 1810/1810 1811/1811 1809/1809
f 1810/1810 1809/1809 1808/1808
f 1812/1812 1813/1813 1811/1811
f 1812/1812 1811/1811 1810/1810
f 1814/1814 1815/1815 1813/1813
f 1814/1814 1813/1813 1812/1812
f 1816/1816 1817/1817 1815/1815
f 1816/1816 1815/1815 1814/1814
f 1818/1818 1819/1819 1817/1817
f 1818/1818 1817/1817 1816/1816
f 1820/1820 1821/1821 1819/1819
f 1820/1820 1819/1819 1818/1818
f 1822/1822 1823/1823 1821/1821
f 1822/1822 1821/1821 1820/1820
f 1824/1824 1825/1825 1823/1823
f 1824/1824 1823/1823 1822/1822
f 1826/1826 1827/1827 1825/1825
f 1826/1826 1825/1825 1824/1824
f 1828/1828 1829/1829 1827/1827
f 1828/1828 1827/1827 1826/1826
f 1830/1830 1831/1831 1829/1829
f 1830/1830 1829/1829 1828/1828
f 1832/1832 1833/1833 1831/1831
f 1832/1832 1831/1831 1830/1830
f 1834/1834 1835/1835 1833/1833
f 1834/1834 1833/1833 1832/1832
f 1836/1836 1837/1837 1835/1835
f 1836/1836 1835/1835 1834/1834
f 1838/1838 1839/1839 1837/1837
f 1838/1838 1837/1837 1836/1836
f 1840/1840 1841/1841 1839/1839
f 1840/1840 1839/1839 1838/1838
f 1842/1842 1843/1843 1841/1841
f 1842/1842 1841/1841 1840/1840
f 1844/1844 1845/1845 1843/1843
f 1844/1844 1843/1843 1842/1842
f 1846/1846 1847/1847 1845/1845
f 1846/1846 1845/1845 1844/1844
f 1848/1848 1849/1849 1850/1850
f 1848/1848 1850/1850 1851/1851
f 1852/1852 1853/1853 1849/1849
f 1852/1852 1849/1849 1848/1848
f 1854/1854 1855/1855 1853/1853
f 1854/1854 1853/1853 1852/1852
f 1856/1856 1857/1857 1855/1855
f 1856/1856 1855/1855 1854/1854
f 1858/1858 1859/1859 1857/1857
f 1858/1858 1857/1857 1856/1856
f 1860/1860 1861/1861 1859/1859
f 1860/1860 1859/1859 1858/1858
f 1862/1862 1863/1863 1861/1861
f 1862/1862 1861/1861 1860/1860
f 1864/1864 1865/1865 1863/1863
f 1864/1864 1863/1863 1862/1862
f 1866/1866 1867/1867 1865/1865
f 1866/1866 1865/1865 1864/1864
f 1805/1805 1804/1804 1867/1867
f 1805/1805 1867/1867 1866/1866
f 1885/1885 1883/1883 1884/1884
f 1883/1883 1885/1885 1886/1886
f 1883/1883 1886/1886 1882/1882
f 1882/1882 1886/1886 1887/1887
f 1882/1882 1887/1887 1881/1881
f 1881/1881 1887/1887 1888/1888
f 1881/1881 1888/1888 1880/1880
f 1880/1880 1888/1888 1889/1889
f 1880/1880 1889/1889 1879/1879
f 1879/1879 1889/1889 1890/1890
f 1879/1879 1890/1890 1878/1878
f 1878/1878 1890/1890 1891/1891
f 1878/1878 1891/1891 1877/1877
f 1877/1877 1891/1891 1892/1892
f 1877/1877 1892/1892 1876/1876
f 1876/1876 1892/1892 1893/1893
f 1876/1876 1893/1893 1875/1875
f 1875/1875 1893/1893 1894/1894
f 1875/1875 1894/1894 1874/1874
f 1874/1874 1894/1894 1895/1895
f 1874/1874 1895/1895 1873/1873
f 1873/1873 1895/1895 1896/1896
f 1873/1873 1896/1896 1872/1872
f 1872/1872 1896/1896 1897/1897
f 1872/1872 1897/1897 1871/1871
f 1871/1871 1897/1897 1898/1898
f 1871/1871 1898/1898 1870/1870
f 1870/1870 1898/1898 1899/1899
f 1870/1870 1899/1899 1869/1869
f 1869/1869 1899/1899 1868/1868
f 1902/1902 1900/1900 1901/1901
f 1900/1900 1902/1902 1903/1903
f 1900/1900 1903/1903 1931/1931
f 1931/1931 1903/1903 1904/1904
f 1931/1931 1904/1904 1930/1930
f 1930/1930 1904/1904 1905/1905
f 1930/1930 1905/1905 1929/1929
f 1929/1929 1905/1905 1906/1906
f 1929/1929 1906/1906 1928/1928
f 1928/1928 1906/1906 1927/1927
f 1927/1927 1906/1906 1907/1907
f 1927/1927 1907/1907 1908/1908
f 1927/1927 1908/1908 1926/1926
f 1926/1926 1908/1908 1909/1909
f 1926/1926 1909/1909 1925/1925
f 1925/1925 1909/1909 1910/1910
f 1925/1925 1910/1910 1924/1924
f 1924/1924 1910/1910 1911/1911
f 1924/1924 1911/1911 1923/1923
f 1923/1923 1911/1911 1912/1912
f 1923/1923 1912/1912 1922/1922
f 1922/1922 1912/1912 1921/1921
f 1921/1921 1912/1912 1913/1913
f 1921/1921 1913/1913 1914/1914
f 1921/1921 1914/1914 1920/1920
f 1920/1920 1914/1914 1915/1915
f 1920/1920 1915/1915 1919/1919
f 1919/1919 1915/1915 1916/1916
f 1919/1919 1916/1916 1918/1918
f 1918/1918 1916/1916 1917/1917
f 1949/1949 1947/1947 1948/1948
f 1947/1947 1949/1949 1950/1950
f 1947/1947 1950/1950 1946/1946
f 1946/1946 1950/1950 1951/1951
f 1946/1946 1951/1951 1945/1945
f 1945/1945 1951/1951 1952/1952
f 1945/1945 1952/1952 1944/1944
f 1944/1944 1952/1952 1953/1953
f 1944/1944 1953/1953 1943/1943
f 1943/1943 1953/1953 1954/1954
f 1943/1943 1954/1954 1942/1942
f 1942/1942 1954/1954 1955/1955
f 1942/1942 1955/1955 1941/1941
f 1941/1941 1955/1955 1956/1956
f 1941/1941 1956/1956 1940/1940
f 1940/1940 1956/1956 1957/1957
f 1940/1940 1957/1957 1939/1939
f 1939/1939 1957/1957 1958/1958
f 1939/1939 1958/1958 1938/1938
f 1938/1938 1958/1958 1959/1959
f 1938/1938 1959/1959 1937/1937
f 1937/1937 1959/1959 1960/1960
f 1937/1937 1960/1960 1936/1936
f 1936/1936 1960/1960 1961/1961
f 1936/1936 1961/1961 1935/1935
f 1935/1935 1961/1961 1962/1962
f 1935/1935 1962/1962 1934/1934
f 1934/1934 1962/1962 1963/1963
f 1934/1934 1963/1963 1933/1933
f 1933/1933 1963/1963 1932/1932
f 1982/1982 1980/1980 1981/1981
f 1980/1980 1982/1982 1983/1983
f 1980/1980 1983/1983 1979/1979
f 1979/1979 1983/1983 1984/1984
f 1979/1979 1984/1984 1978/1978
f 1978/1978 1984/1984 1985/1985
f 1978/1978 1985/1985 1977/1977
f 1977/1977 1985/1985 1986/1986
f 1977/1977 1986/1986 1976/1976
f 1976/1976 1986/1986 1987/1987
f 1976/1976 1987/1987 1975/1975
f 1975/1975 1987/1987 1988/1988
f 1975/1975 1988/1988 1974/1974
f 1974/1974 1988/1988 1989/1989
f 1974/1974 1989/1989 1973/1973
f 1973/1973 1989/1989 1990/1990
f 1973/1973 1990/1990 1972/1972
f 1972/1972 1990/1990 1991/1991
f 1972/1972 1991/1991 1971/1971
f 1971/1971 1991/1991 1992/1992
f 1971/1971 1992/1992 1970/1970
f 1970/1970 1992/1992 1993/1993
f 1970/1970 1993/1993 1969/1969
f 1969/1969 1993/1993 1994/1994
f 1969/1969 1994/1994 1968/1968
f 1968/1968 1994/1994 1995/1995
f 1968/1968 1995/1995 1967/1967
f 1967/1967 1995/1995 1964/1964
f 1967/1967 1964/1964 1966/1966
f 1966/1966 1964/1964 1965/1965
f 2022/2022 2020/2020 2021/2021
f 2020/2020 2022/2022 2023/2023
f 2020/2020 2023/2023 2019/2019
f 2019/2019 2023/2023 2024/2024
f 2019/2019 2024/2024 2018/2018
f 2018/2018 2024/2024 2025/2025
f 2018/2018 2025/2025 2017/2017
f 2017/2017 2025/2025 2026/2026
f 2017/2017 2026/2026 2016/2016
f 2016/2016 2026/2026 2027/2027
f 2016/2016 2027/2027 2015/2015
f 2015/2015 2027/2027 1996/1996
f 2015/2015 1996/1996 2014/2014
f 2014/2014 1996/1996 1997/1997
f 2014/2014 1997/1997 2013/2013
f 2013/2013 1997/1997 1998/1998
f 2013/2013 1998/1998 2012/2012
f 2012/2012 1998/1998 1999/1999
f 2012/2012 1999/1999 2011/2011
f 2011/2011 1999/1999 2000/2000
f 2011/2011 2000/2000 2010/2010
f 2010/2010 2000/2000 2001/2001
f 2010/2010 2001/2001 2009/2009
f 2009/2009 2001/2001 2002/2002
f 2009/2009 2002/2002 2008/2008
f 2008/2008 2002/2002 2003/2003
f 2008/2008 2003/2003 2007/2007
f 2007/2007 2003/2003 2004/2004
f 2007/2007 2004/2004 2006/2006
f 2006/2006 2004/2004 2005/2005

