mtllib material.mtl
usemtl material_0
v -314.40951500 -13.67307800 -163.29531900
v -314.40951500 -13.67307800 -163.29531900
v -314.40951500 -13.67307800 -163.29531900
v -314.40951500 -13.67307800 -163.29531900
v -314.40951500 -13.67308100 -117.79141200
v -314.40951500 -13.67308100 -117.79141200
v -314.40951500 -13.67308100 -117.79141200
v -314.40951500 -13.67308100 -117.79141200
v -314.40951500 -13.67308100 -117.79141200
v -314.40951500 -13.67308100 -117.79141200
v -314.40951500 -46.99198900 -117.79141200
v -314.40951500 -46.99198900 -117.79141200
v -314.40951500 -46.99198900 -117.79141200
v -347.18811000 -46.99199300 -163.29531900
v -347.18811000 -46.99199300 -163.29531900
v -347.18811000 -46.99199300 -163.29531900
v -347.18811000 -46.99200100 -117.79141200
v -347.18811000 -46.99200100 -117.79141200
v -347.18811000 -46.99200100 -117.79141200
v -347.18811000 -13.67308100 -117.79141200
v -347.18811000 -13.67308100 -117.79141200
v -347.18811000 -13.67308100 -117.79141200
v -347.18811000 -13.67308100 -117.79141200
v -347.18811000 -13.67307800 -163.29531900
v -347.18811000 -13.67307800 -163.29531900
v -347.18811000 -13.67307800 -163.29531900
v -347.18811000 -13.67307800 -163.29531900
v -347.18811000 -13.67307800 -163.29531900
v -314.40951500 -46.99198900 -163.29531900
v -314.40951500 -46.99198900 -163.29531900
v -314.40951500 -46.99198900 -163.29531900
v -346.55435200 -11.86762000 -163.59115600
v -346.55435200 -11.86762000 -117.66888400
v -314.89898700 -11.86762000 -117.66888400
v -345.30239900 -13.30671800 -163.59115600
v -313.50900300 -13.30672600 -117.66888400
v -346.55435200 -13.30672200 -117.66888400
v -313.33502200 -31.04463400 -119.67153900
v -313.33502200 -46.35430500 -119.67153900
v -313.33499100 -31.04463600 -161.43215900
v -314.39718600 -31.04453700 -163.55609100
v -314.39721700 -46.32788100 -117.79214500
v -314.39575200 -31.05213400 -117.67559800
v -313.33502200 -14.29827600 -119.67153900
v -313.33502200 -29.60795400 -119.67153900
v -313.33499100 -29.60795400 -161.43215900
v -314.39718600 -14.29818100 -163.55609100
v -314.39721700 -29.58152600 -117.79214500
v -314.39721700 -14.30288000 -117.79214500
v -313.50900300 -13.30672600 -163.59115600
v -314.89898700 -11.86762000 -163.59115600
v -313.33499100 -14.29828000 -161.43215900
v -314.39569100 -29.63949000 -163.55627400
v -314.39569100 -46.38584500 -163.55627400
v -313.33499100 -46.35430900 -161.43215900
v -346.91784700 -49.27561200 -163.39138800
v -346.91784700 -49.27561200 -163.39138800
v -346.91784700 -49.27561200 -163.39138800
v -314.67981000 -49.27561200 -163.39138800
v -314.67981000 -49.27561200 -163.39138800
v -314.67981000 -49.27561200 -163.39138800
v -314.67981000 -49.27562000 -117.69534300
v -314.67981000 -49.27562000 -117.69534300
v -314.67981000 -49.27562000 -117.69534300
v -314.77587900 -46.99198900 -163.66168200
v -314.77587900 -46.99198900 -163.66168200
v -314.77587900 -46.99198900 -163.66168200
v -346.82177700 -46.99199300 -163.66168200
v -346.82177700 -46.99199300 -163.66168200
v -346.82177700 -46.99199300 -163.66168200
v -346.82177700 -46.99199300 -163.66168200
v -346.82177700 -13.67307800 -163.66168200
v -346.82177700 -13.67307800 -163.66168200
v -346.82177700 -13.67307800 -163.66168200
v -346.82177700 -13.67307800 -163.66168200
v -346.91784700 -49.27562000 -117.69534300
v -346.91784700 -49.27562000 -117.69534300
v -346.91784700 -49.27562000 -117.69534300
v -346.82177700 -46.99200100 -117.42504900
v -346.82177700 -46.99200100 -117.42504900
v -346.82177700 -46.99200100 -117.42504900
v -314.77587900 -46.88577700 -117.42504900
v -314.77587900 -46.88577700 -117.42504900
v -314.77587900 -46.88577700 -117.42504900
v -314.77587900 -46.88577700 -117.42504900
v -346.82177700 -13.67308100 -117.42504900
v -346.82177700 -13.67308100 -117.42504900
v -346.82177700 -13.67308100 -117.42504900
v -346.82177700 -13.67308100 -117.42504900
v -346.82177700 -13.67308100 -117.42504900
v -314.77587900 -13.67308100 -117.42504900
v -314.77587900 -13.67308100 -117.42504900
v -314.77587900 -13.67308100 -117.42504900
v -314.77587900 -13.67308100 -117.42504900
v -346.82177700 -13.30672200 -117.79141200
v -346.82177700 -13.30672200 -117.79141200
v -346.82177700 -13.30672200 -117.79141200
v -346.82177700 -13.30672200 -117.79141200
v -346.82177700 -13.30672200 -117.79141200
v -314.77587900 -13.30672200 -117.79141200
v -314.77587900 -13.30672200 -117.79141200
v -314.77587900 -13.30672200 -117.79141200
v -314.77587900 -13.30672200 -117.79141200
v -314.77587900 -13.30672200 -117.79141200
v -314.77587900 -13.30671800 -163.29531900
v -314.77587900 -13.30671800 -163.29531900
v -314.77587900 -13.30671800 -163.29531900
v -314.77587900 -13.30671800 -163.29531900
v -314.77587900 -13.30671800 -163.29531900
v -314.77587900 -13.67307800 -163.66168200
v -314.77587900 -13.67307800 -163.66168200
v -314.77587900 -13.67307800 -163.66168200
v -314.77587900 -13.67307800 -163.66168200
v -314.77587900 -13.67307800 -163.66168200
v -346.82177700 -13.30671800 -163.29531900
v -346.82177700 -13.30671800 -163.29531900
v -346.82177700 -13.30671800 -163.29531900
v -346.82177700 -13.30671800 -163.29531900
v -346.82177700 -13.30671800 -163.29531900
v -346.91784700 -13.84731000 -117.69534300
v -346.91784700 -13.84731000 -117.69534300
v -346.91784700 -13.84731000 -117.69534300
v -346.91784700 -13.84730600 -163.39138800
v -346.91784700 -13.84730600 -163.39138800
v -346.91784700 -13.84730600 -163.39138800
v -314.67981000 -13.84730600 -163.39138800
v -314.67981000 -13.84730600 -163.39138800
v -314.67981000 -13.84730600 -163.39138800
v -314.67981000 -13.84731000 -117.69534300
v -314.67981000 -13.84731000 -117.69534300
v -314.67981000 -13.84731000 -117.69534300
v -313.64422600 -29.56567000 -117.83081100
v -313.52478000 -29.58152600 -118.00515700
v -313.52478000 -14.30303700 -118.00515700
v -313.90338100 -30.14866800 -119.21505700
v -314.01638800 -30.19943800 -119.16433700
v -314.01635700 -30.19943800 -161.80484000
v -314.30871600 -30.47898500 -161.72110000
v -314.30874600 -30.47898500 -119.38259900
v -314.26007100 -30.41203700 -119.38256800
v -314.26007100 -30.41203700 -119.38256800
v -313.90338100 -31.05749900 -117.54281600
v -313.77487200 -46.29616900 -117.67053200
v -313.77487200 -46.29616900 -117.67053200
v -313.77487200 -46.29616900 -117.67053200
v -313.77487200 -31.05511500 -117.67053200
v -313.77487200 -31.05511500 -117.67053200
v -313.77487200 -13.73262500 -119.47287000
v -313.64764400 -13.82140400 -118.58065800
v -313.64416500 -13.81896300 -161.57663000
v -313.77487200 -29.54981400 -117.67053200
v -313.77487200 -29.54981400 -117.67053200
v -313.77487200 -29.54981400 -117.67053200
v -313.77487200 -14.30875900 -117.67053200
v -313.77487200 -14.30875900 -117.67053200
v -313.90338100 -14.31113900 -117.54281600
v -313.64764400 -46.70399100 -118.48297100
v -313.64416500 -46.70710400 -161.63092000
v -313.52478000 -46.60026600 -119.50247200
v -313.52478000 -46.60026600 -119.50247200
v -313.64422600 -46.31202300 -117.83081100
v -313.64422600 -31.05225600 -117.83081100
v -313.77481100 -30.47898500 -161.63079800
v -313.64419600 -30.56531700 -119.52706900
v -313.64761400 -30.56776600 -162.85577400
v -313.52471900 -31.04940200 -163.34481800
v -313.52471900 -46.32788500 -163.34481800
v -313.64416500 -31.05226100 -163.44262700
v -313.52471900 -14.30304800 -163.34481800
v -313.52471900 -29.58152600 -163.34481800
v -313.64416500 -14.30590500 -163.44262700
v -313.52478000 -13.91728700 -119.58123800
v -313.52478000 -13.91728700 -119.58123800
v -313.53024300 -13.91871000 -162.80001800
v -313.53024300 -13.91871000 -162.80001800
v -314.01635700 -29.52867100 -163.65225200
v -313.90332000 -14.31114700 -163.60797100
v -313.90332000 -29.53660000 -163.60800200
v -313.90332000 -30.14866800 -161.76757800
v -345.30239900 -13.25868700 -116.97653200
v -345.30239900 -13.25868700 -116.97653200
v -313.50900300 -13.25869500 -116.97653200
v -313.50900300 -13.25869500 -116.97653200
v -313.50900300 -13.25869500 -116.97653200
v -346.55435200 -11.91565400 -116.97653200
v -346.55435200 -11.91565400 -116.97653200
v -347.17330900 -13.25869100 -117.66888400
v -347.17330900 -13.25869100 -117.66888400
v -347.17330900 -11.91565400 -117.66888400
v -347.17330900 -11.91565400 -117.66888400
v -347.17330900 -13.25869100 -163.59115600
v -347.17330900 -13.25869100 -163.59115600
v -346.55435200 -13.25869100 -164.12707500
v -346.55435200 -13.25869100 -164.12707500
v -346.55435200 -11.91565000 -164.12707500
v -346.55435200 -11.91565000 -164.12707500
v -313.50900300 -13.25869100 -164.12707500
v -313.50900300 -13.25869100 -164.12707500
v -347.17330900 -11.91565400 -163.59115600
v -347.17330900 -11.91565400 -163.59115600
v -313.55664100 -12.10944800 -117.66888400
v -313.55664100 -12.10944800 -117.66888400
v -313.39016700 -12.28008700 -117.66888400
v -313.39016700 -12.28008700 -117.66888400
v -313.39016700 -12.28008700 -163.59115600
v -313.39016700 -12.28008700 -163.59115600
v -313.39016700 -12.28008700 -163.59115600
v -313.92065400 -12.72495000 -116.97653200
v -314.76940900 -12.04943600 -116.97653200
v -314.76940900 -12.04943600 -116.97653200
v -330.01422100 -11.97650600 -116.97653200
v -330.01422100 -11.97650600 -116.97653200
v -313.77487200 -46.81041000 -119.29959100
v -313.77481100 -46.81041300 -161.70547500
v -313.90332000 -46.28295500 -163.60800200
v -314.01635700 -46.27502800 -163.65225200
v -314.01635700 -31.05893100 -163.65222200
v -313.30557300 -13.25869100 -163.59115600
v -313.30557300 -13.25869100 -163.59115600
v -313.30557300 -12.62440200 -162.44854700
v -313.30557300 -12.62440600 -117.66888400
v -313.63259900 -12.56060900 -164.12707500
v -330.01422100 -11.97650200 -164.12707500
v -330.01422100 -11.97650200 -164.12707500
v -313.78497300 -12.17079600 -164.12707500
v -313.78497300 -12.17079600 -164.12707500
v -313.71337900 -46.55058700 -117.85137900
v -313.71337900 -46.55058700 -117.85137900
v -313.71337900 -46.55058700 -117.85137900
v -313.64764400 -46.35544600 -117.83184800
v -313.78277600 -46.40311400 -117.68499800
v -313.78277600 -46.40311400 -117.68499800
v -313.78277600 -46.40311400 -117.68499800
v -314.34353600 -46.70287300 -163.04864500
v -314.34359700 -46.70710400 -119.25656100
v -314.36721800 -46.58920300 -117.99310300
v -313.81439200 -13.94621000 -117.74288900
v -313.78277600 -14.13108200 -117.68499800
v -313.78277600 -14.13108200 -117.68499800
v -313.78277600 -14.13108200 -117.68499800
v -313.67877200 -14.04021900 -117.84207200
v -313.67877200 -14.04021900 -117.84207200
v -314.36721800 -13.92575200 -118.03247100
v -314.34359700 -13.81895900 -119.38256800
v -314.34353600 -13.82231200 -163.00656100
v -313.52478000 -30.66364700 -119.58123800
v -313.52478000 -30.66364700 -119.58123800
v -313.42990100 -30.76658400 -119.62640400
v -313.42987100 -30.76658600 -161.47729500
v -313.81439200 -30.69256600 -117.74288900
v -313.78277600 -30.87743900 -117.68499800
v -313.78277600 -30.87743900 -117.68499800
v -313.78277600 -30.87743900 -117.68499800
v -313.67877200 -30.78657700 -117.84207200
v -313.67877200 -30.78657700 -117.84207200
v -312.46362300 -18.45420600 -125.15557900
v -312.37387100 -18.45420600 -125.83047500
v -313.28695700 -18.45420600 -126.43182400
v -313.28695700 -18.45420600 -126.43182400
v -313.10711700 -18.81831900 -126.58273300
v -312.35925300 -18.81831900 -125.74752800
v -313.10711700 -18.81831900 -124.64987200
v -313.10711700 -35.56260700 -157.02142300
v -312.35925300 -35.56260700 -156.18621800
v -313.10711700 -35.56260700 -155.08856200
v -312.46362300 -35.19849800 -155.59423800
v -312.37387100 -35.19849800 -156.26916500
v -313.28695700 -35.19849800 -156.87051400
v -313.28695700 -35.19849800 -156.87051400
v -312.46362300 -35.19849400 -125.15557900
v -312.37387100 -35.19849400 -125.83047500
v -313.28695700 -35.19849800 -126.43182400
v -313.28695700 -35.19849800 -126.43182400
v -313.10711700 -35.56261100 -126.58273300
v -312.35925300 -35.56260300 -125.74752800
v -313.10711700 -35.56260700 -124.64987200
v -312.46362300 -18.45420800 -155.59423800
v -312.37387100 -18.45420800 -156.26916500
v -313.28695700 -18.45420800 -156.87051400
v -313.28695700 -18.45420800 -156.87051400
v -313.10711700 -18.81831900 -157.02142300
v -312.35925300 -18.81831900 -156.18618800
v -313.10711700 -18.81831900 -155.08856200
v -314.02429200 -30.04431000 -117.79068000
v -314.02429200 -30.04431000 -117.79068000
v -314.02429200 -30.04431000 -117.79068000
v -314.01797500 -30.16841300 -117.93420400
v -314.01797500 -30.16841300 -117.93420400
v -313.91326900 -30.08168200 -117.91253700
v -313.91326900 -30.08168200 -117.91253700
v -314.34353600 -29.95651800 -163.04864500
v -314.34359700 -29.96074900 -119.25656100
v -314.36721800 -29.85390700 -119.30383300
v -314.36715700 -13.92566000 -163.46670500
v -313.58004800 -14.03534000 -163.36773700
v -313.58004800 -14.03534000 -163.36773700
v -313.58004800 -14.03534000 -163.36773700
v -313.71331800 -13.95430100 -163.45941200
v -313.71331800 -13.95430100 -163.45941200
v -314.67981000 -46.99198900 -117.69534300
v -314.67981000 -46.99198900 -117.69534300
v -314.67981000 -46.99198900 -117.69534300
v -346.91784700 -46.99200100 -117.69534300
v -346.91784700 -46.99200100 -117.69534300
v -346.91784700 -46.99200100 -117.69534300
v -346.91784700 -46.99199300 -163.39138800
v -346.91784700 -46.99199300 -163.39138800
v -346.91784700 -46.99199300 -163.39138800
v -314.67981000 -46.99198900 -163.39138800
v -314.67981000 -46.99198900 -163.39138800
v -314.67981000 -46.99198900 -163.39138800
v -314.34359700 -30.56531700 -119.38259900
v -314.34353600 -30.56866600 -163.00656100
v -314.36715700 -30.67201800 -163.46673600
v -313.58004800 -30.78169600 -163.36773700
v -313.58004800 -30.78169600 -163.36773700
v -313.58004800 -30.78169600 -163.36773700
v -313.71331800 -30.70065700 -163.45941200
v -313.71331800 -30.70065700 -163.45941200
v -312.50573700 -18.81831900 -155.52130100
v -312.96618700 -18.45420800 -155.13491800
v -313.16247600 -16.64436300 -140.58401500
v -313.16247600 -16.64436300 -140.58401500
v -313.16247600 -16.64436300 -140.58401500
v -313.16247600 -16.64436300 -140.58401500
v -313.16247600 -16.52796200 -140.72274800
v -313.16247600 -16.52796200 -140.72274800
v -313.16247600 -16.52796200 -140.72274800
v -313.56262200 -16.52796200 -140.72274800
v -313.16247600 -17.15787100 -141.47341900
v -313.16247600 -17.15787100 -141.47341900
v -313.16247600 -17.31470100 -141.38287400
v -313.16247600 -17.31470100 -141.38287400
v -313.16247600 -17.31470100 -141.38287400
v -313.16247600 -17.31470100 -141.38287400
v -313.56262200 -17.31470100 -141.38287400
v -313.56262200 -17.31470100 -141.38287400
v -312.96618700 -18.45420600 -124.69625900
v -312.50573700 -18.81831900 -125.08261100
v -312.50573700 -35.56260700 -155.52130100
v -312.96618700 -35.19849800 -155.13491800
v -312.50573700 -35.56260300 -125.08261100
v -312.96618700 -35.19849400 -124.69625900
v -313.16247600 -33.56687200 -141.50488300
v -313.16247600 -33.56687200 -141.50488300
v -313.16247600 -33.56687200 -141.50488300
v -313.16247600 -33.56687200 -141.50488300
v -313.16247600 -33.56687200 -141.50488300
v -313.16247600 -33.74521300 -141.47345000
v -313.16247600 -33.74521300 -141.47345000
v -313.56262200 -33.74521300 -141.47345000
v -313.16247600 -33.23170500 -140.58401500
v -313.16247600 -33.23170500 -140.58401500
v -313.16247600 -33.23170500 -140.58401500
v -313.16247600 -33.11530300 -140.72274800
v -313.16247600 -33.11530300 -140.72274800
v -313.16247600 -33.11530300 -140.72274800
v -313.16247600 -33.11530300 -140.72274800
v -313.56262200 -33.11530300 -140.72274800
v -313.20477300 -33.37142600 -140.75051900
v -313.20477300 -33.37142600 -140.75051900
v -313.20477300 -33.37142600 -140.75051900
v -313.20477300 -33.37142600 -140.75051900
v -313.20477300 -33.37142600 -140.75051900
v -313.20477300 -33.37142600 -140.75051900
v -313.20477300 -33.37142600 -140.75051900
v -313.20477300 -33.37142600 -140.75051900
v -313.20477300 -33.37142600 -140.75051900
v -313.20477300 -33.37142600 -140.75051900
v -313.20477300 -33.76231800 -140.75051900
v -313.20477300 -33.76231800 -140.75051900
v -313.20477300 -33.76231800 -140.75051900
v -313.20477300 -33.76231800 -140.75051900
v -313.20477300 -33.76231800 -140.75051900
v -313.20477300 -33.62766300 -140.97015400
v -313.20477300 -33.62766300 -140.97015400
v -313.20477300 -33.62766300 -140.97015400
v -313.20477300 -33.62766300 -140.97015400
v -313.56262200 -34.08037900 -141.07400500
v -313.56262200 -34.01844400 -141.24417100
v -313.16247600 -34.01844400 -141.24417100
v -313.16247600 -34.01844400 -141.24417100
v -313.16247600 -34.01844400 -141.24417100
v -314.36715700 -46.58968700 -163.48370400
v -313.92901600 -46.67463700 -163.55523700
v -314.02423100 -46.79066800 -163.55038500
v -314.02423100 -46.58600600 -163.60980200
v -312.87826500 -18.55136100 -126.56124900
v -312.69964600 -18.55135900 -126.45053100
v -312.76135300 -18.76267100 -126.49377400
v -312.38024900 -18.76267100 -125.19302400
v -312.31460600 -18.76267100 -125.39267000
v -312.33410600 -18.55136100 -125.31985500
v -312.38024900 -35.50696200 -155.63171400
v -312.31460600 -35.50696200 -155.83136000
v -312.33410600 -35.29565000 -155.75854500
v -312.87826500 -35.29565000 -156.99993900
v -312.69964600 -35.29565000 -156.88922100
v -312.76135300 -35.50696200 -156.93246500
v -312.87826500 -35.29565000 -126.56124900
v -312.69964600 -35.29565000 -126.45053100
v -312.76135300 -35.50696200 -126.49377400
v -312.38024900 -35.50695800 -125.19305400
v -312.31460600 -35.50695800 -125.39267000
v -312.33410600 -35.29564700 -125.31985500
v -314.11367800 -14.31328300 -117.42788700
v -314.11367800 -29.52470800 -117.42788700
v -314.01641800 -29.52867100 -117.46618700
v -314.26007100 -29.91651900 -117.67059300
v -314.26007100 -29.91651900 -117.67059300
v -314.19497700 -30.04078500 -117.76873800
v -314.19497700 -30.04078500 -117.76873800
v -314.19497700 -30.04078500 -117.76873800
v -314.19497700 -29.83564200 -117.57370000
v -314.36715700 -29.84333000 -163.48370400
v -313.92901600 -29.92827800 -163.55523700
v -314.02423100 -30.04431200 -163.55038500
v -314.02423100 -29.83964900 -163.60980200
v -313.56262200 -16.97953000 -141.50488300
v -313.56262200 -16.80119300 -141.47341900
v -313.16247600 -16.80119300 -141.47341900
v -313.16247600 -16.80119300 -141.47341900
v -313.56262200 -16.64436300 -140.58401500
v -313.56262200 -16.64436300 -140.58401500
v -313.56262200 -16.80119300 -140.49346900
v -313.16247600 -16.80119300 -140.49346900
v -313.16247600 -16.80119300 -140.49346900
v -313.16247600 -16.80119300 -140.49346900
v -313.16247600 -16.80119300 -140.49346900
v -313.16247600 -16.80119300 -140.49346900
v -312.29373200 -18.76267100 -155.98751800
v -312.30029300 -18.76267100 -156.19757100
v -312.29373200 -18.55136100 -156.12246700
v -312.87826500 -18.55136100 -156.99993900
v -312.69964600 -18.55136100 -156.88922100
v -312.76135300 -18.76267200 -156.93246500
v -312.76135300 -18.55136100 -155.17755100
v -312.94656400 -18.55136100 -155.07818600
v -312.87826500 -18.76267200 -155.11004600
v -313.34588600 -18.76267200 -156.99670400
v -313.34588600 -18.76267200 -155.11328100
v -313.34588600 -18.55136100 -155.11328100
v -345.03253200 -49.54629100 -119.09024000
v -345.03253200 -49.54629100 -119.09024000
v -345.03253200 -49.54629100 -119.09024000
v -345.74591100 -49.54629100 -119.09024000
v -345.74591100 -49.54629100 -119.09024000
v -345.74591100 -49.54629100 -119.09024000
v -345.86981200 -49.54629100 -119.79281600
v -345.86981200 -49.54629100 -119.79281600
v -345.93573000 -49.21469900 -119.61172500
v -345.93573000 -49.21469900 -119.61172500
v -345.57904100 -49.21469900 -118.99389600
v -345.57904100 -49.21469900 -118.99389600
v -345.03253200 -49.21469900 -119.94046000
v -345.03253200 -49.21469900 -119.94046000
v -345.03253200 -49.21469900 -119.94046000
v -312.94656400 -18.76267100 -126.59310900
v -313.34588600 -18.55136100 -124.67459100
v -313.34588600 -18.55136100 -126.55801400
v -313.34588600 -18.76267100 -126.55801400
v -313.34588600 -18.55136100 -156.99670400
v -312.94656400 -18.76267200 -157.03179900
v -313.34588600 -35.29564700 -124.67459100
v -313.34588600 -35.29565000 -126.55801400
v -313.34588600 -35.50696200 -126.55801400
v -312.94656400 -35.50696200 -126.59310900
v -313.34588600 -35.29565000 -155.11328100
v -313.34588600 -35.29565000 -156.99670400
v -313.34588600 -35.50696200 -156.99670400
v -312.94656400 -35.50696200 -157.03179900
v -313.16247600 -17.43110300 -140.72274800
v -313.16247600 -17.43110300 -140.72274800
v -313.16247600 -17.31470100 -140.58401500
v -313.16247600 -17.31470100 -140.58401500
v -313.16247600 -17.31470100 -140.58401500
v -313.16247600 -17.31470100 -140.58401500
v -313.56262200 -17.31470100 -140.58401500
v -313.56262200 -17.31470100 -140.58401500
v -313.20477300 -17.12842900 -140.96102900
v -313.20477300 -17.12842900 -140.96102900
v -313.20477300 -17.12842900 -140.96102900
v -313.20477300 -17.12842900 -140.96102900
v -313.20477300 -17.04032100 -140.97015400
v -313.20477300 -17.04032100 -140.97015400
v -313.20477300 -17.04032100 -140.97015400
v -313.20477300 -17.04032100 -140.97015400
v -313.20477300 -16.87553400 -140.69772300
v -313.20477300 -16.87553400 -140.69772300
v -313.20477300 -16.87553400 -140.69772300
v -313.20477300 -16.87553400 -140.69772300
v -313.20477300 -16.87553400 -140.69772300
v -313.20477300 -16.87553400 -140.69772300
v -313.16247600 -33.90204200 -140.58401500
v -313.16247600 -33.90204200 -140.58401500
v -313.16247600 -33.90204200 -140.58401500
v -313.16247600 -34.01844400 -140.72274800
v -313.16247600 -34.01844400 -140.72274800
v -313.16247600 -33.83019600 -140.83142100
v -313.16247600 -33.83019600 -140.83142100
v -313.16247600 -33.83019600 -140.83142100
v -313.16247600 -33.83019600 -140.83142100
v -313.16247600 -33.83019600 -140.83142100
v -313.56262200 -33.38853100 -140.49346900
v -313.56262200 -33.56687200 -140.46203600
v -313.16247600 -33.56687200 -140.46203600
v -313.16247600 -33.56687200 -140.46203600
v -313.16247600 -33.56687200 -140.46203600
v -312.33410600 -18.55136100 -155.75854500
v -312.41210900 -18.55136100 -155.56341600
v -312.38024900 -18.76267100 -155.63171400
v -312.58325200 -18.76267200 -155.32699600
v -312.58325200 -18.76267200 -155.32699600
v -312.45327800 -18.76267200 -155.49209600
v -312.49652100 -18.55136100 -155.43038900
v -313.16247600 -16.46602600 -141.07400500
v -313.16247600 -16.46602600 -141.07400500
v -313.16247600 -16.46602600 -141.07400500
v -313.16247600 -16.52796200 -141.24417100
v -313.16247600 -16.52796200 -141.24417100
v -313.16247600 -16.52796200 -141.24417100
v -313.16247600 -16.52796200 -141.24417100
v -313.56262200 -16.52796200 -141.24417100
v -313.20477300 -16.83063100 -141.00585900
v -313.20477300 -16.83063100 -141.00585900
v -313.20477300 -16.83063100 -141.00585900
v -313.20477300 -16.83063100 -141.00585900
v -313.20477300 -16.83063100 -141.00585900
v -313.20477300 -16.91873900 -141.01785300
v -313.20477300 -16.91873900 -141.01785300
v -313.20477300 -16.91873900 -141.01785300
v -313.20477300 -16.91873900 -141.01785300
v -313.20477300 -16.91873900 -141.01785300
v -313.20477300 -16.78408400 -141.21637000
v -313.20477300 -16.78408400 -141.21637000
v -313.20477300 -16.78408400 -141.21637000
v -313.20477300 -16.78408400 -141.21637000
v -313.91326900 -30.77670300 -117.60055500
v -313.91326900 -30.77670300 -117.60055500
v -313.92315700 -30.67885200 -117.65829500
v -313.92315700 -30.67885200 -117.65829500
v -314.02429200 -30.67062400 -117.60757400
v -314.02429200 -30.67062400 -117.60757400
v -314.02429200 -30.67062400 -117.60757400
v -314.30874600 -31.05988300 -117.41488600
v -314.30874600 -46.26974500 -117.41488600
v -314.19497700 -31.05988100 -117.41507000
v -314.19497700 -46.26974500 -117.41507000
v -314.26007100 -46.66287600 -117.67059300
v -314.26007100 -46.66287600 -117.67059300
v -314.19497700 -46.78714000 -117.76873800
v -314.19497700 -46.78714000 -117.76873800
v -314.19497700 -46.78714000 -117.76873800
v -314.19497700 -46.58200100 -117.57370000
v -314.02423100 -13.92426800 -163.60977200
v -314.01794400 -14.12848800 -163.64373800
v -314.11462400 -14.02558200 -163.64996300
v -314.30871600 -14.30866300 -163.68017600
v -314.19494600 -14.31255800 -163.68142700
v -314.19494600 -29.52867100 -163.68145800
v -314.30871600 -31.05502100 -163.68017600
v -314.19494600 -31.05891400 -163.68142700
v -314.19494600 -46.27502800 -163.68145800
v -314.02423100 -30.67062600 -163.60980200
v -314.01794400 -30.87484400 -163.64373800
v -314.11462400 -30.77194000 -163.64996300
v -315.01825000 -49.54629100 -161.63922100
v -315.01825000 -49.54629100 -161.63922100
v -314.95233200 -49.54629100 -161.26541100
v -314.95233200 -49.54629100 -161.26541100
v -315.14215100 -49.54629100 -160.93667600
v -315.14215100 -49.54629100 -160.93667600
v -315.14215100 -49.54629100 -160.93667600
v -316.04534900 -49.21470300 -161.45813000
v -316.04534900 -49.21470300 -161.45813000
v -315.68862900 -49.21470300 -160.84030200
v -315.68862900 -49.21470300 -160.84030200
v -315.14215100 -49.21470300 -161.78686500
v -315.14215100 -49.21470300 -161.78686500
v -315.14215100 -49.21470300 -161.78686500
v -316.04534900 -49.21469900 -119.61172500
v -316.04534900 -49.21469900 -119.61172500
v -315.68862900 -49.21469900 -118.99389600
v -315.68862900 -49.21469900 -118.99389600
v -315.14215100 -49.21469900 -119.94046000
v -315.14215100 -49.21469900 -119.94046000
v -315.14215100 -49.21469900 -119.94046000
v -315.01825000 -49.54629100 -119.79281600
v -315.01825000 -49.54629100 -119.79281600
v -314.95233200 -49.54629100 -119.41897600
v -314.95233200 -49.54629100 -119.41897600
v -315.14215100 -49.54629100 -119.09024000
v -315.14215100 -49.54629100 -119.09024000
v -315.14215100 -49.54629100 -119.09024000
v -313.34588600 -35.50696200 -155.11328100
v -312.76135300 -35.29565000 -155.17755100
v -312.94656400 -35.29565000 -155.07821700
v -312.87826500 -35.50696200 -155.11004600
v -312.76135300 -18.55136100 -124.73886100
v -312.94656400 -18.55136100 -124.63952600
v -312.87826500 -18.76267100 -124.67138700
v -313.34588600 -18.76267100 -124.67459100
v -312.76135300 -35.29564700 -124.73886100
v -312.94656400 -35.29564700 -124.63952600
v -312.87826500 -35.50695800 -124.67138700
v -313.34588600 -35.50695800 -124.67459100
v -313.55664100 -12.10944500 -163.59115600
v -313.55664100 -12.10944500 -163.59115600
v -313.55664100 -12.10944500 -163.59115600
v -313.88681000 -11.97858900 -163.59115600
v -313.41903700 -12.43716500 -163.99310300
v -313.41903700 -12.43716500 -163.99310300
v -312.41210900 -35.29565000 -155.56341600
v -312.69964600 -35.50696200 -155.22076400
v -312.41210900 -18.55136100 -125.12472500
v -312.69964600 -18.76267100 -124.78207400
v -312.69964600 -35.50695800 -124.78207400
v -312.41210900 -35.29564700 -125.12472500
v -313.20477300 -33.71577100 -140.96102900
v -313.20477300 -33.71577100 -140.96102900
v -313.20477300 -33.71577100 -140.96102900
v -313.20477300 -33.71577100 -140.96102900
v -313.41626000 -33.71577100 -140.96102900
v -313.41626000 -33.71577100 -140.96102900
v -313.41626000 -33.71577100 -140.96102900
v -313.41626000 -33.71577100 -140.96102900
v -313.20477300 -33.71577100 -141.00585900
v -313.20477300 -33.71577100 -141.00585900
v -313.20477300 -33.71577100 -141.00585900
v -313.20477300 -33.71577100 -141.00585900
v -313.20477300 -33.62766300 -141.00982700
v -313.20477300 -33.62766300 -141.00982700
v -313.20477300 -33.62766300 -141.00982700
v -313.20477300 -33.62766300 -141.00982700
v -313.20477300 -33.62766300 -141.00982700
v -313.41626000 -33.71577100 -141.00585900
v -313.41626000 -33.71577100 -141.00585900
v -313.41626000 -33.71577100 -141.00585900
v -313.41626000 -33.71577100 -141.00585900
v -313.41626000 -33.71577100 -141.00585900
v -313.41900600 -12.43716100 -117.14962800
v -313.41900600 -12.43716100 -117.14962800
v -313.37554900 -12.77468600 -117.14962800
v -313.37554900 -12.77468600 -117.14962800
v -313.30557300 -13.21066000 -118.37612900
v -313.52471900 -29.85390900 -161.55639600
v -313.52471900 -29.85390900 -161.55639600
v -313.52478000 -29.85390700 -119.50247200
v -313.52478000 -29.85390700 -119.50247200
v -313.64416500 -29.96074900 -161.63092000
v -313.42987100 -14.30066400 -163.25247200
v -313.42987100 -14.30066400 -163.25247200
v -313.42987100 -29.59474000 -163.25247200
v -313.42987100 -29.59474000 -163.25247200
v -314.30874600 -14.31352300 -117.41488600
v -314.19497700 -29.52338600 -117.41507000
v -314.19497700 -14.31352300 -117.41507000
v -314.30874600 -13.82467700 -117.79229700
v -314.30874600 -13.82467700 -117.79229700
v -314.30874600 -13.82467700 -117.79229700
v -314.30874600 -13.96062200 -117.57357800
v -314.30874600 -13.96062200 -117.57357800
v -314.30874600 -13.96062200 -117.57357800
v -314.30874600 -13.96062200 -117.57357800
v -314.26007100 -13.85280300 -117.67590300
v -314.26007100 -13.85280300 -117.67590300
v -314.11367800 -13.61211900 -119.38708500
v -314.11361700 -13.61212300 -161.71658300
v -314.19494600 -13.62551200 -161.72110000
v -314.11621100 -13.82511200 -163.59298700
v -314.11462400 -13.67662900 -163.50888100
v -314.11462400 -13.67662900 -163.50888100
v -314.02423100 -13.74825000 -163.54022200
v -314.02423100 -13.74825000 -163.54022200
v -313.16247600 -33.05336400 -140.89291400
v -313.16247600 -33.05336400 -140.89291400
v -313.16247600 -33.05336400 -141.07400500
v -313.16247600 -33.05336400 -141.07400500
v -313.16247600 -33.05336400 -141.07400500
v -313.16247600 -33.05336400 -141.07400500
v -313.16247600 -33.05336400 -141.07400500
v -313.56262200 -33.05336400 -141.07400500
v -313.20477300 -33.67086800 -141.26916500
v -313.20477300 -33.67086800 -141.26916500
v -313.20477300 -33.67086800 -141.26916500
v -313.20477300 -33.67086800 -141.26916500
v -313.20477300 -33.67086800 -141.26916500
v -313.20477300 -33.67086800 -141.26916500
v -313.20477300 -33.67086800 -141.26916500
v -313.20477300 -33.67086800 -141.26916500
v -313.20477300 -33.67086800 -141.26916500
v -313.20477300 -33.67086800 -141.26916500
v -313.20477300 -33.67086800 -141.26916500
v -313.90338100 -30.41203500 -119.42773400
v -314.01635700 -30.37187000 -161.70303300
v -314.01638800 -30.37186800 -119.40063500
v -313.56262200 -33.11530300 -141.24417100
v -314.19494600 -46.94579300 -161.82290600
v -314.19497700 -46.94579300 -119.14630100
v -314.26007100 -46.89502300 -119.16992200
v -314.26007100 -46.89502300 -119.16992200
v -314.26007100 -46.82363100 -117.86096200
v -314.26007100 -46.82363100 -117.86096200
v -313.56262200 -17.49303800 -140.89291400
v -313.56262200 -17.49303800 -141.07400500
v -313.16247600 -17.49303800 -141.07400500
v -313.16247600 -17.49303800 -141.07400500
v -314.86657700 -11.91307500 -117.14962800
v -314.34588600 -11.89536000 -117.66888400
v -313.88681000 -11.97858900 -117.66888400
v -314.11621100 -30.57146800 -163.59298700
v -314.11462400 -30.42298700 -163.50888100
v -314.11462400 -30.42298700 -163.50888100
v -314.02423100 -30.49460600 -163.54022200
v -314.02423100 -30.49460600 -163.54022200
v -314.19494600 -30.37187200 -161.72110000
v -314.11367800 -30.35847900 -119.38708500
v -314.11370800 -30.36493300 -163.00189200
v -312.38024900 -18.55136100 -156.47827100
v -312.31460600 -18.55136100 -156.27865600
v -312.33410600 -18.76267100 -156.35144000
v -312.73895300 -18.45420800 -156.84384200
v -312.38024900 -35.29565000 -156.47827100
v -312.31460600 -35.29565000 -156.27865600
v -312.33410600 -35.50696200 -156.35144000
v -312.73895300 -35.19849800 -156.84387200
v -312.73895300 -18.45420600 -126.40518200
v -312.38024900 -18.55136100 -126.03958100
v -312.31460600 -18.55136100 -125.83996600
v -312.33410600 -18.76267100 -125.91275000
v -312.73895300 -35.19849800 -126.40518200
v -312.38024900 -35.29564700 -126.03958100
v -312.31460600 -35.29564700 -125.83996600
v -312.33410600 -35.50695800 -125.91275000
v -312.41210900 -35.50696200 -156.54657000
v -312.67440800 -35.56260700 -156.78970300
v -312.41210900 -35.50695800 -126.10791000
v -312.67440800 -35.56260700 -126.35104400
v -312.67440800 -18.81831900 -126.35104400
v -312.41210900 -18.76267100 -126.10788000
v -314.30874600 -30.57103300 -117.79229700
v -314.30874600 -30.57103300 -117.79229700
v -314.30874600 -30.57103300 -117.79229700
v -314.30874600 -30.70698200 -117.57357800
v -314.30874600 -30.70698200 -117.57357800
v -314.30874600 -30.70698200 -117.57357800
v -314.30874600 -30.70698200 -117.57357800
v -314.26007100 -30.59916100 -117.67593400
v -314.26007100 -30.59916100 -117.67593400
v -314.39117400 -30.87510500 -163.55618300
v -314.39575200 -30.96627800 -117.79214500
v -314.38223300 -30.77100200 -118.03247100
v -313.20477300 -16.86651600 -141.00213600
v -313.20477300 -16.86651600 -141.00213600
v -313.20477300 -16.86651600 -141.00213600
v -313.41626000 -16.83063100 -141.00585900
v -313.41626000 -16.83063100 -141.00585900
v -313.41626000 -16.83063100 -141.00585900
v -313.41626000 -16.83063100 -141.00585900
v -313.41626000 -16.83063100 -141.00585900
v -313.41626000 -17.12842900 -140.96102900
v -313.41626000 -17.12842900 -140.96102900
v -313.41626000 -17.12842900 -140.96102900
v -313.41626000 -17.12842900 -140.96102900
v -313.41626000 -17.12842900 -140.96102900
v -313.42990100 -29.75868400 -119.58700600
v -313.37292500 -29.69023700 -161.45700100
v -313.37298600 -29.69023500 -119.63772600
v -313.54690600 -29.67117100 -117.99893200
v -313.64764400 -29.60909100 -117.83181800
v -313.71337900 -29.80423200 -117.85137900
v -313.71337900 -29.80423200 -117.85137900
v -313.71337900 -29.80423200 -117.85137900
v -313.42987100 -31.04702000 -163.25247200
v -313.42987100 -31.04702000 -163.25247200
v -313.42987100 -46.34109900 -163.25247200
v -313.42987100 -46.34109900 -163.25247200
v -313.82620200 -46.64408500 -163.51028400
v -313.78271500 -46.79066800 -163.40960700
v -313.78271500 -46.79066800 -163.40960700
v -313.78271500 -46.79066800 -163.40960700
v -313.90728800 -46.86822900 -163.46542400
v -313.90728800 -46.86822900 -163.46542400
v -314.11465500 -13.67662500 -117.91931200
v -314.11566200 -13.74113200 -117.79785200
v -314.02429200 -13.74824200 -117.81430100
v -314.01635700 -13.62551200 -161.70303300
v -314.01638800 -13.62550800 -119.40063500
v -313.90338100 -13.66567700 -119.42773400
v -344.90863000 -49.54629100 -119.79281600
v -344.90863000 -49.54629100 -119.79281600
v -344.84271200 -49.54629100 -119.41897600
v -344.84271200 -49.54629100 -119.41897600
v -344.90863000 -49.21469900 -119.23788500
v -344.90863000 -49.21469900 -119.23788500
v -315.01825000 -49.54629100 -119.23788500
v -315.01825000 -49.54629100 -119.23788500
v -315.01825000 -49.21469900 -119.23788500
v -315.01825000 -49.21469900 -119.23788500
v -315.97943100 -49.21469900 -119.23788500
v -315.97943100 -49.21469900 -119.23788500
v -316.04534900 -49.21469900 -119.41897600
v -316.04534900 -49.21469900 -119.41897600
v -316.04534900 -49.54629100 -119.41897600
v -316.04534900 -49.54629100 -119.41897600
v -315.01825000 -49.54629100 -161.08429000
v -315.01825000 -49.54629100 -161.08429000
v -315.01825000 -49.21470300 -161.08429000
v -315.01825000 -49.21470300 -161.08429000
v -315.97943100 -49.21470300 -161.08429000
v -315.97943100 -49.21470300 -161.08429000
v -316.04534900 -49.21470300 -161.26541100
v -316.04534900 -49.21470300 -161.26541100
v -316.04534900 -49.54629100 -161.26541100
v -316.04534900 -49.54629100 -161.26541100
v -313.54684400 -29.67117300 -163.35467500
v -313.54684400 -29.67117300 -163.35467500
v -313.50494400 -29.74686800 -163.29232800
v -313.50494400 -29.74686800 -163.29232800
v -313.50494400 -29.74686800 -163.29232800
v -313.82620200 -29.89772800 -163.51028400
v -313.78271500 -30.04431200 -163.40960700
v -313.78271500 -30.04431200 -163.40960700
v -313.78271500 -30.04431200 -163.40960700
v -313.90728800 -30.12187400 -163.46542400
v -313.90728800 -30.12187400 -163.46542400
v -313.20477300 -33.86631400 -140.93066400
v -313.20477300 -33.86631400 -140.93066400
v -313.20477300 -33.86631400 -140.93066400
v -313.20477300 -33.86631400 -140.93066400
v -313.20477300 -33.86631400 -140.93066400
v -313.20477300 -33.86631400 -140.93066400
v -313.20477300 -33.86631400 -140.93066400
v -313.20477300 -33.86631400 -141.03625500
v -313.20477300 -33.86631400 -141.03625500
v -313.20477300 -33.86631400 -141.03625500
v -313.20477300 -33.86631400 -141.03625500
v -313.20477300 -33.86631400 -141.03625500
v -313.16247600 -33.86631400 -141.03625500
v -313.16247600 -33.86631400 -141.03625500
v -313.16247600 -33.86631400 -141.03625500
v -313.16247600 -33.86631400 -141.03625500
v -313.16247600 -33.86631400 -140.93066400
v -313.16247600 -33.86631400 -140.93066400
v -313.16247600 -33.86631400 -140.93066400
v -313.16247600 -33.86631400 -140.93066400
v -313.16247600 -34.08037900 -140.89291400
v -313.16247600 -34.08037900 -140.89291400
v -313.16247600 -34.08037900 -140.89291400
v -313.16247600 -34.08037900 -140.89291400
v -314.95233200 -49.21469900 -119.61172500
v -314.95233200 -49.21469900 -119.61172500
v -315.01825000 -49.21469900 -119.79281600
v -315.01825000 -49.21469900 -119.79281600
v -314.95233200 -49.21470300 -161.45813000
v -314.95233200 -49.21470300 -161.45813000
v -315.01825000 -49.21470300 -161.63922100
v -315.01825000 -49.21470300 -161.63922100
v -313.42990100 -14.30065600 -118.17514000
v -313.42990100 -29.59474000 -118.17514000
v -313.37298600 -14.29922600 -118.32217400
v -313.63543700 -13.94564900 -117.98181200
v -313.63543700 -13.94564900 -117.98181200
v -313.71337900 -13.95429700 -117.85336300
v -313.71337900 -13.95429700 -117.85336300
v -313.34454300 -30.96058700 -119.66702300
v -313.34448200 -30.96059000 -161.43667600
v -313.37292500 -30.86673500 -161.45022600
v -313.54684400 -30.66932100 -163.26364100
v -313.54684400 -30.66932100 -163.26364100
v -313.54684400 -30.66932100 -163.26364100
v -313.65799000 -30.57510400 -163.31671100
v -313.65799000 -30.57510400 -163.31671100
v -314.26007100 -30.14866800 -119.16992200
v -314.26007100 -30.14866800 -119.16992200
v -314.19494600 -30.19943800 -161.82290600
v -314.19497700 -30.19943800 -119.14630100
v -314.26007100 -30.07727600 -117.86096200
v -314.26007100 -30.07727600 -117.86096200
v -313.42990100 -31.04701400 -118.17514000
v -313.42990100 -46.34109500 -118.17514000
v -313.37298600 -31.04558600 -118.32217400
v -313.63543700 -30.69200700 -117.98181200
v -313.63543700 -30.69200700 -117.98181200
v -313.63543700 -30.69200700 -117.98181200
v -313.54690600 -30.87464300 -118.00048800
v -313.50500500 -30.77413900 -118.14514200
v -314.01638800 -46.94579300 -119.16436800
v -314.01635700 -46.94579300 -161.80484000
v -313.90338100 -46.89502300 -119.21505700
v -314.02429200 -46.79066800 -117.79068000
v -314.02429200 -46.79066800 -117.79068000
v -314.02429200 -46.79066800 -117.79068000
v -314.01797500 -46.91476800 -117.93420400
v -314.01797500 -46.91476800 -117.93420400
v -313.91326900 -46.82803700 -117.91253700
v -313.91326900 -46.82803700 -117.91253700
v -345.86981200 -49.21469900 -119.79281600
v -345.86981200 -49.21469900 -119.79281600
v -345.74591100 -49.21469900 -119.94046000
v -345.74591100 -49.21469900 -119.94046000
v -345.74591100 -49.21469900 -119.94046000
v -345.74591100 -49.54629100 -119.94046000
v -345.74591100 -49.54629100 -119.94046000
v -345.74591100 -49.54629100 -119.94046000
v -344.90863000 -49.21469900 -119.79281600
v -344.90863000 -49.21469900 -119.79281600
v -314.11621100 -46.69792900 -163.59561200
v -314.11361700 -46.96271500 -161.82177700
v -314.11367800 -46.96271500 -119.14294400
v -345.93573000 -49.54629100 -119.61172500
v -345.93573000 -49.54629100 -119.61172500
v -345.74591100 -49.21469900 -119.09024000
v -345.74591100 -49.21469900 -119.09024000
v -345.74591100 -49.21469900 -119.09024000
v -315.97943100 -49.21469900 -119.79281600
v -315.97943100 -49.21469900 -119.79281600
v -315.85553000 -49.21469900 -119.94046000
v -315.85553000 -49.21469900 -119.94046000
v -315.85553000 -49.21469900 -119.94046000
v -315.85553000 -49.54629100 -119.94046000
v -315.85553000 -49.54629100 -119.94046000
v -315.85553000 -49.54629100 -119.94046000
v -315.97943100 -49.54629100 -119.79281600
v -315.97943100 -49.54629100 -119.79281600
v -316.04534900 -49.54629100 -119.61172500
v -316.04534900 -49.54629100 -119.61172500
v -315.97943100 -49.21470300 -161.63922100
v -315.97943100 -49.21470300 -161.63922100
v -315.85553000 -49.21470300 -161.78686500
v -315.85553000 -49.21470300 -161.78686500
v -315.85553000 -49.21470300 -161.78686500
v -315.85553000 -49.54629100 -161.78686500
v -315.85553000 -49.54629100 -161.78686500
v -315.85553000 -49.54629100 -161.78686500
v -315.97943100 -49.54629100 -161.63922100
v -315.97943100 -49.54629100 -161.63922100
v -316.04534900 -49.54629100 -161.45813000
v -316.04534900 -49.54629100 -161.45813000
v -313.20477300 -17.24285500 -141.13546800
v -313.20477300 -17.24285500 -141.13546800
v -313.20477300 -17.24285500 -141.13546800
v -313.20477300 -17.24285500 -141.13546800
v -313.20477300 -17.24285500 -141.13546800
v -313.20477300 -17.24285500 -141.13546800
v -313.20477300 -17.24285500 -141.13546800
v -313.20477300 -16.97953000 -141.28750600
v -313.20477300 -16.97953000 -141.28750600
v -313.20477300 -16.97953000 -141.28750600
v -313.20477300 -16.97953000 -141.28750600
v -313.20477300 -16.97953000 -141.28750600
v -313.20477300 -16.97953000 -141.28750600
v -313.16247600 -17.43110300 -141.24417100
v -313.16247600 -17.43110300 -141.24417100
v -313.16247600 -17.43110300 -141.24417100
v -313.16247600 -17.43110300 -141.24417100
v -313.28695700 -18.81831900 -155.23947100
v -313.22113000 -18.76267200 -155.00860600
v -313.02392600 -18.76267200 -155.05004900
v -313.09674100 -18.55136100 -155.03054800
v -314.26001000 -30.14152900 -163.07760600
v -314.26001000 -30.14152900 -163.07760600
v -314.19494600 -30.04078500 -163.56771900
v -314.26001000 -30.12011100 -163.51269500
v -314.26001000 -30.12011100 -163.51269500
v -314.26001000 -30.12011100 -163.51269500
v -314.30871600 -29.79573800 -163.62997400
v -314.30874600 -14.22796300 -117.42282100
v -314.11377000 -14.22586200 -117.43557700
v -314.19497700 -14.12950600 -117.44680800
v -314.38223300 -29.53660000 -117.49389600
v -314.38223300 -14.31110100 -117.49389600
v -314.39123500 -14.30867900 -117.57324200
v -314.34344500 -13.93236600 -117.67654400
v -314.34344500 -13.93236600 -117.67654400
v -314.36721800 -13.95959600 -117.79220600
v -314.36370800 -14.08564500 -117.51651000
v -313.43737800 -14.02098200 -162.75384500
v -313.45990000 -14.02325200 -163.22042800
v -313.54684400 -13.92296700 -163.26364100
v -313.54684400 -13.92296700 -163.26364100
v -313.54684400 -13.92296700 -163.26364100
v -313.34448200 -14.21423400 -161.43667600
v -313.37292500 -14.12037800 -161.45022600
v -313.37298600 -14.12037400 -119.65347300
v -347.01855500 -11.91565400 -117.14962800
v -347.01855500 -11.91565400 -117.14962800
v -347.01855500 -11.91565400 -117.14962800
v -347.01855500 -13.25869100 -117.14962800
v -347.01855500 -13.25869100 -117.14962800
v -347.01855500 -13.25869100 -117.14962800
v -341.17697100 -11.88342800 -117.14962800
v -313.20477300 -33.73111700 -140.99008200
v -313.20477300 -33.73111700 -140.99008200
v -313.20477300 -33.73111700 -140.99008200
v -313.20477300 -33.73111700 -140.99008200
v -313.20477300 -33.73111700 -140.99008200
v -313.20477300 -33.73111700 -140.99008200
v -314.11465500 -29.73756200 -117.50503500
v -314.11377000 -29.58137300 -117.43560800
v -314.19497700 -29.64968100 -117.44680800
v -314.36721800 -29.52867100 -117.44638100
v -314.36721800 -29.52867100 -117.44638100
v -314.34359700 -29.52470800 -117.42269900
v -314.34359700 -29.52470800 -117.42269900
v -314.34359700 -14.31328300 -117.42266800
v -314.34359700 -14.31328300 -117.42266800
v -314.34359700 -14.31328300 -117.42266800
v -313.16247600 -33.23170500 -141.38290400
v -313.16247600 -33.23170500 -141.38290400
v -313.16247600 -33.23170500 -141.38290400
v -313.16247600 -33.38853500 -141.47345000
v -313.16247600 -33.38853500 -141.47345000
v -313.16247600 -33.38853500 -141.47345000
v -313.56262200 -33.38853100 -141.47345000
v -313.20477300 -33.41797300 -141.00585900
v -313.20477300 -33.41797300 -141.00585900
v -313.20477300 -33.41797300 -141.00585900
v -313.20477300 -33.41797300 -141.00585900
v -313.20477300 -33.41797300 -141.00585900
v -313.20477300 -33.41797300 -141.00585900
v -313.20477300 -33.41797300 -141.00585900
v -313.20477300 -33.41797300 -141.00585900
v -313.20477300 -33.56687200 -141.28750600
v -313.20477300 -33.56687200 -141.28750600
v -313.20477300 -33.56687200 -141.28750600
v -313.20477300 -33.56687200 -141.28750600
v -313.20477300 -33.56687200 -141.28750600
v -313.20477300 -33.56687200 -141.28750600
v -313.20477300 -33.46287900 -141.26916500
v -313.20477300 -33.46287900 -141.26916500
v -313.20477300 -33.46287900 -141.26916500
v -313.20477300 -33.46287900 -141.26916500
v -313.20477300 -33.46287900 -141.26916500
v -313.61837800 -12.12510400 -117.28424100
v -313.61837800 -12.12510400 -117.28424100
v -314.31652800 -11.94297500 -117.14962800
v -313.86132800 -12.02663900 -117.14962800
v -313.16247600 -17.15787100 -140.49346900
v -313.16247600 -17.15787100 -140.49346900
v -313.16247600 -17.15787100 -140.49346900
v -313.16247600 -17.15787100 -140.49346900
v -313.16247600 -16.97953000 -140.46200600
v -313.16247600 -16.97953000 -140.46200600
v -313.56262200 -16.97953000 -140.46200600
v -313.20477300 -17.27897600 -140.93066400
v -313.20477300 -17.27897600 -140.93066400
v -313.20477300 -17.27897600 -140.93066400
v -313.20477300 -17.27897600 -140.93066400
v -313.20477300 -17.27897600 -140.93066400
v -313.20477300 -17.27897600 -140.93066400
v -313.20477300 -17.27897600 -140.93066400
v -313.20477300 -17.08352700 -140.69772300
v -313.20477300 -17.08352700 -140.69772300
v -313.20477300 -17.08352700 -140.69772300
v -313.20477300 -17.08352700 -140.69772300
v -313.20477300 -17.08352700 -140.69772300
v -313.90338100 -46.28295500 -117.54281600
v -314.01641800 -46.27502800 -117.46621700
v -314.11624100 -46.69789900 -117.67630000
v -314.11624100 -46.69789900 -117.67630000
v -314.11407500 -46.93010300 -117.91537500
v -314.38223300 -31.05745900 -117.49389600
v -314.38223300 -46.28295500 -117.49389600
v -314.36721800 -46.27502800 -117.44638100
v -314.36721800 -46.27502800 -117.44638100
v -314.36486800 -46.46752900 -117.58575400
v -314.36486800 -46.37356600 -117.47460900
v -314.36486800 -46.37356600 -117.47460900
v -314.37799100 -46.37213500 -117.51641800
v -314.87194800 -46.99198900 -117.42504900
v -314.87194800 -46.99198900 -117.42504900
v -314.01794400 -13.65006000 -163.44799800
v -314.01794400 -13.65006000 -163.44799800
v -314.01794400 -13.65006000 -163.44799800
v -313.71331800 -13.86789400 -163.42437700
v -313.71331800 -13.86789400 -163.42437700
v -313.50494400 -14.02778700 -163.28808600
v -313.50494400 -14.02778700 -163.28808600
v -314.30871600 -29.65323100 -163.67013500
v -314.11462400 -29.73786200 -163.64999400
v -314.11621100 -29.95157200 -163.59561200
v -314.30871600 -29.54981400 -163.68020600
v -313.30557300 -12.62440200 -163.59115600
v -313.37558000 -12.77468200 -163.99310300
v -313.37558000 -12.77468200 -163.99310300
v -314.30871600 -46.39959000 -163.67016600
v -314.11462400 -46.48422200 -163.64999400
v -314.30871600 -46.29616900 -163.68020600
v -313.42990100 -14.02022300 -119.62640400
v -313.42987100 -14.02022600 -161.47729500
v -313.54690600 -14.12828500 -118.00048800
v -313.50500500 -14.02778300 -118.14514200
v -313.20477300 -33.26742900 -141.03625500
v -313.20477300 -33.26742900 -141.03625500
v -313.20477300 -33.26742900 -141.03625500
v -313.20477300 -33.26742900 -141.03625500
v -313.20477300 -33.26742900 -141.03625500
v -313.20477300 -33.26742900 -141.03625500
v -313.20477300 -33.40263000 -140.97680700
v -313.20477300 -33.40263000 -140.97680700
v -313.20477300 -33.40263000 -140.97680700
v -313.20477300 -33.40263000 -140.97680700
v -313.20477300 -33.40263000 -140.97680700
v -313.20477300 -33.40263000 -140.97680700
v -313.20477300 -33.30354700 -141.13549800
v -313.20477300 -33.30354700 -141.13549800
v -313.20477300 -33.30354700 -141.13549800
v -313.20477300 -33.30354700 -141.13549800
v -313.20477300 -33.30354700 -141.13549800
v -313.20477300 -33.30354700 -141.13549800
v -314.36721800 -31.05891200 -117.44638100
v -314.36721800 -31.05891200 -117.44638100
v -314.34359700 -31.05963900 -117.42269900
v -314.34359700 -31.05963900 -117.42269900
v -314.34359700 -31.05963900 -117.42269900
v -314.38589500 -30.89880800 -117.58563200
v -313.20477300 -16.71620600 -141.13546800
v -313.20477300 -16.71620600 -141.13546800
v -313.20477300 -16.71620600 -141.13546800
v -313.20477300 -16.71620600 -141.13546800
v -313.20477300 -16.71620600 -141.13546800
v -313.20477300 -16.68008800 -140.93066400
v -313.20477300 -16.68008800 -140.93066400
v -313.20477300 -16.68008800 -140.93066400
v -313.20477300 -16.68008800 -140.93066400
v -313.20477300 -16.68008800 -140.93066400
v -313.20477300 -16.68008800 -140.93066400
v -313.20477300 -16.83063100 -140.96102900
v -313.20477300 -16.83063100 -140.96102900
v -313.20477300 -16.83063100 -140.96102900
v -313.20477300 -16.83063100 -140.96102900
v -314.34353600 -30.59879300 -163.51309200
v -314.34338400 -30.67837500 -163.59600800
v -314.34338400 -30.67837500 -163.59600800
v -314.36715700 -30.70549200 -163.55658000
v -314.39117400 -46.34902600 -163.62793000
v -314.39117400 -31.04539100 -163.62793000
v -314.38217200 -31.04680100 -163.65295400
v -315.68862900 -49.54629100 -160.84030200
v -315.68862900 -49.54629100 -160.84030200
v -315.49884000 -49.54629100 -160.80682400
v -315.49884000 -49.54629100 -160.80682400
v -315.49884000 -49.21470300 -160.80682400
v -315.49884000 -49.21470300 -160.80682400
v -315.85553000 -49.54629100 -160.93667600
v -315.85553000 -49.54629100 -160.93667600
v -315.85553000 -49.54629100 -160.93667600
v -315.68862900 -49.54629100 -118.99389600
v -315.68862900 -49.54629100 -118.99389600
v -315.49884000 -49.54629100 -118.96041900
v -315.49884000 -49.54629100 -118.96041900
v -315.49884000 -49.21469900 -118.96041900
v -315.49884000 -49.21469900 -118.96041900
v -315.85553000 -49.54629100 -119.09024000
v -315.85553000 -49.54629100 -119.09024000
v -315.85553000 -49.54629100 -119.09024000
v -313.91326900 -30.46503600 -117.96569800
v -313.92315700 -30.51803400 -117.84719800
v -313.92315700 -30.51803400 -117.84719800
v -313.81439200 -30.55708500 -117.90200800
v -313.81439200 -30.55708500 -117.90200800
v -313.81439200 -30.55708500 -117.90200800
v -314.19497700 -30.49739300 -117.79235800
v -314.19497700 -30.43462900 -117.91415400
v -314.26007100 -30.46852300 -117.91412400
v -314.26007100 -30.46852300 -117.91412400
v -313.78277600 -29.65675700 -117.68499800
v -313.78277600 -29.65675700 -117.68499800
v -313.78277600 -29.65675700 -117.68499800
v -314.01797500 -29.65278800 -117.49447600
v -314.34588600 -11.89536400 -163.59115600
v -314.86657700 -11.91307500 -163.99310300
v -314.86657700 -11.91307500 -163.99310300
v -346.55435200 -11.87962800 -163.99310300
v -314.34353600 -13.85243700 -163.51309200
v -314.34338400 -13.93201900 -163.59600800
v -314.34338400 -13.93201900 -163.59600800
v -314.36715700 -13.95913400 -163.55658000
v -314.39117400 -29.60266900 -163.62793000
v -314.39117400 -14.29903500 -163.62793000
v -314.38217200 -14.30044300 -163.65295400
v -313.42987100 -46.50504300 -161.49426300
v -313.42990100 -46.50503900 -119.58700600
v -313.52471900 -46.60026600 -161.55639600
v -313.52471900 -46.60026600 -161.55639600
v -313.54684400 -46.41753000 -163.35467500
v -313.54684400 -46.41753000 -163.35467500
v -313.50494400 -46.49322500 -163.29232800
v -313.50494400 -46.49322500 -163.29232800
v -313.50494400 -46.49322500 -163.29232800
v -313.43740800 -46.50386000 -118.65115400
v -313.43740800 -46.50386000 -118.65115400
v -313.35382100 -46.38744400 -118.71969600
v -313.40777600 -46.43277700 -118.29794300
v -313.37298600 -46.34902600 -118.32217400
v -313.34454300 -46.35298500 -118.72732500
v -313.34454300 -31.04487000 -118.72732500
v -313.16247600 -34.08037900 -141.07400500
v -313.16247600 -34.08037900 -141.07400500
v -313.56262200 -34.08037900 -140.89291400
v -313.56262200 -33.90204200 -140.58401500
v -313.56262200 -33.90204200 -140.58401500
v -313.63259900 -12.56060900 -116.97653200
v -313.35644500 -13.29471700 -163.59115600
v -313.35644500 -13.29472100 -117.66888400
v -313.28695700 -35.56260700 -155.23947100
v -313.22113000 -35.50696200 -155.00860600
v -313.02392600 -35.50696200 -155.05004900
v -313.09674100 -35.29565000 -155.03054800
v -313.28695700 -35.56260700 -124.80081200
v -313.22113000 -35.50695800 -124.56991600
v -313.02392600 -35.50695800 -124.61135900
v -313.09674100 -35.29564700 -124.59185800
v -313.28695700 -18.81831900 -124.80081200
v -313.22113000 -18.76267100 -124.56991600
v -313.02392600 -18.76267100 -124.61135900
v -313.09674100 -18.55136100 -124.59185800
v -313.20477300 -17.27897300 -141.03625500
v -313.20477300 -17.27897300 -141.03625500
v -313.20477300 -17.27897300 -141.03625500
v -313.20477300 -17.14377600 -140.99008200
v -313.20477300 -17.14377600 -140.99008200
v -313.20477300 -17.14377600 -140.99008200
v -313.20477300 -17.14377600 -140.99008200
v -313.20477300 -17.14377600 -140.99008200
v -313.20477300 -17.14377600 -140.99008200
v -345.57904100 -49.54629100 -118.99389600
v -345.57904100 -49.54629100 -118.99389600
v -345.38922100 -49.54629100 -118.96041900
v -345.38922100 -49.54629100 -118.96041900
v -345.38922100 -49.21469900 -118.96041900
v -345.38922100 -49.21469900 -118.96041900
v -345.03253200 -49.21469900 -119.09024000
v -345.03253200 -49.21469900 -119.09024000
v -345.03253200 -49.21469900 -119.09024000
v -347.01855500 -11.91565400 -163.99310300
v -347.01855500 -11.91565400 -163.99310300
v -347.01855500 -11.91565400 -163.99310300
v -347.01855500 -13.25869100 -163.99310300
v -347.01855500 -13.25869100 -163.99310300
v -347.01855500 -13.25869100 -163.99310300
v -346.55435200 -13.29471300 -163.99310300
v -313.50900300 -13.29471700 -163.99310300
v -313.16247600 -17.08352700 -141.26916500
v -313.16247600 -17.08352700 -141.26916500
v -313.16247600 -17.08352700 -141.26916500
v -313.16247600 -17.08352700 -141.26916500
v -313.16247600 -17.08352700 -141.26916500
v -313.16247600 -17.08352700 -141.26916500
v -313.16247600 -16.78408400 -141.21637000
v -313.16247600 -16.78408400 -141.21637000
v -313.16247600 -16.78408400 -141.21637000
v -313.16247600 -16.87553400 -141.26916500
v -313.16247600 -16.87553400 -141.26916500
v -313.16247600 -16.87553400 -141.26916500
v -313.16247600 -16.87553400 -141.26916500
v -313.16247600 -16.87553400 -141.26916500
v -313.16247600 -33.56687200 -140.67938200
v -313.16247600 -33.56687200 -140.67938200
v -313.16247600 -33.56687200 -140.67938200
v -313.16247600 -33.56687200 -140.67938200
v -313.16247600 -33.56687200 -140.67938200
v -313.16247600 -33.56687200 -140.67938200
v -313.16247600 -33.56687200 -140.67938200
v -313.16247600 -33.74521300 -140.49346900
v -313.16247600 -33.74521300 -140.49346900
v -313.16247600 -33.74521300 -140.49346900
v -313.16247600 -33.74521300 -140.49346900
v -313.16247600 -33.67086800 -140.69772300
v -313.16247600 -33.67086800 -140.69772300
v -313.16247600 -33.67086800 -140.69772300
v -313.16247600 -33.67086800 -140.69772300
v -313.16247600 -33.67086800 -140.69772300
v -313.16247600 -33.46287900 -140.69772300
v -313.16247600 -33.46287900 -140.69772300
v -313.16247600 -33.46287900 -140.69772300
v -313.16247600 -33.46287900 -140.69772300
v -313.16247600 -33.46287900 -140.69772300
v -314.19497700 -13.75103500 -117.79235800
v -314.19497700 -13.68827200 -117.91415400
v -314.26007100 -13.72216500 -117.91412400
v -314.26007100 -13.72216500 -117.91412400
v -314.30871600 -13.73262900 -161.72110000
v -314.30874600 -13.73262500 -119.38256800
v -314.26007100 -13.66567700 -119.38256800
v -314.26007100 -13.66567700 -119.38256800
v -313.77481100 -30.06405400 -161.70547500
v -313.77487200 -30.06405400 -119.29959100
v -313.64764400 -29.95763600 -118.48297100
v -313.54690600 -29.84637600 -118.20089700
v -313.54690600 -29.84637600 -118.20089700
v -313.78277600 -30.04431200 -118.04501300
v -313.78277600 -30.04431200 -118.04501300
v -313.78277600 -30.04431200 -118.04501300
v -313.67874100 -30.58978500 -163.36956800
v -313.71331800 -30.61425000 -163.42437700
v -313.71331800 -30.61425000 -163.42437700
v -314.01794400 -30.39641800 -163.44799800
v -314.01794400 -30.39641800 -163.44799800
v -314.01794400 -30.39641800 -163.44799800
v -314.67981000 -13.57701200 -163.39138800
v -314.67981000 -13.57701200 -163.39138800
v -346.91784700 -13.57701200 -163.39138800
v -346.91784700 -13.57701200 -163.39138800
v -314.67981000 -13.57701600 -117.69534300
v -314.67981000 -13.57701600 -117.69534300
v -346.91784700 -13.57701600 -117.69534300
v -346.91784700 -13.57701600 -117.69534300
v -313.33410600 -18.50451100 -156.95712300
v -313.33410600 -18.50451100 -156.95712300
v -313.33410600 -18.50451100 -156.95712300
v -313.31536900 -18.47361400 -155.19928000
v -313.31536900 -18.47361400 -155.19928000
v -313.31536900 -18.47361400 -155.19928000
v -313.22113000 -18.55136100 -157.10137900
v -313.02392600 -18.55136100 -157.05993700
v -313.09674100 -18.76267200 -157.07943700
v -313.33410600 -18.50450900 -126.51846300
v -313.33410600 -18.50450900 -126.51846300
v -313.33410600 -18.50450900 -126.51846300
v -313.31536900 -18.47361200 -124.76062000
v -313.31536900 -18.47361200 -124.76062000
v -313.31536900 -18.47361200 -124.76062000
v -313.22113000 -18.55136100 -126.66272000
v -313.02392600 -18.55136100 -126.62127700
v -313.09674100 -18.76267100 -126.64077800
v -313.33410600 -35.24879800 -156.95715300
v -313.33410600 -35.24879800 -156.95715300
v -313.33410600 -35.24879800 -156.95715300
v -313.31536900 -35.21790300 -155.19928000
v -313.31536900 -35.21790300 -155.19928000
v -313.31536900 -35.21790300 -155.19928000
v -313.22113000 -35.29565000 -157.10137900
v -313.02392600 -35.29565000 -157.05996700
v -313.09674100 -35.50696200 -157.07946800
v -313.33410600 -35.24879800 -126.51846300
v -313.33410600 -35.24879800 -126.51846300
v -313.33410600 -35.24879800 -126.51846300
v -313.31536900 -35.21789900 -124.76062000
v -313.31536900 -35.21789900 -124.76062000
v -313.31536900 -35.21789900 -124.76062000
v -313.22113000 -35.29565000 -126.66272000
v -313.02392600 -35.29565000 -126.62127700
v -313.09674100 -35.50696200 -126.64077800
v -312.67440800 -18.81831900 -156.78970300
v -312.41210900 -18.76267200 -156.54657000
v -313.25787400 -18.45420800 -155.15158100
v -313.10711700 -18.45420800 -155.08856200
v -313.22113000 -18.55136100 -155.00860600
v -313.31668100 -18.55136100 -155.04595900
v -313.31668100 -18.55136100 -155.04595900
v -313.31668100 -18.55136100 -155.04595900
v -313.29251100 -18.76267200 -155.02569600
v -313.29251100 -18.76267200 -155.02569600
v -313.29251100 -18.76267200 -155.02569600
v -313.22113000 -18.55136100 -124.56991600
v -313.31668100 -18.55136100 -124.60726900
v -313.31668100 -18.55136100 -124.60726900
v -313.31668100 -18.55136100 -124.60726900
v -313.29251100 -18.76267100 -124.58700600
v -313.29251100 -18.76267100 -124.58700600
v -313.29251100 -18.76267100 -124.58700600
v -313.25787400 -18.45420600 -124.71289100
v -313.10711700 -18.45420600 -124.64987200
v -313.25787400 -35.19849800 -155.15158100
v -313.10711700 -35.19849800 -155.08856200
v -313.22113000 -35.29565000 -155.00860600
v -313.31668100 -35.29565000 -155.04595900
v -313.31668100 -35.29565000 -155.04595900
v -313.31668100 -35.29565000 -155.04595900
v -313.29251100 -35.50696200 -155.02569600
v -313.29251100 -35.50696200 -155.02569600
v -313.29251100 -35.50696200 -155.02569600
v -313.22113000 -35.29564700 -124.56991600
v -313.31668100 -35.29564700 -124.60726900
v -313.31668100 -35.29564700 -124.60726900
v -313.31668100 -35.29564700 -124.60726900
v -313.29251100 -35.50695800 -124.58700600
v -313.29251100 -35.50695800 -124.58700600
v -313.29251100 -35.50695800 -124.58700600
v -313.25787400 -35.19849400 -124.71289100
v -313.10711700 -35.19849400 -124.64987200
v -314.39123500 -29.54981400 -117.57324200
v -314.39428700 -29.60691800 -117.67630000
v -314.34359700 -29.94370700 -117.96948200
v -314.34359700 -29.91814200 -117.88259900
v -314.39123500 -29.66764600 -117.79058800
v -346.55435200 -13.29471300 -117.14962800
v -315.30902100 -49.21469900 -118.99389600
v -315.30902100 -49.21469900 -118.99389600
v -315.30902100 -49.21470300 -160.84030200
v -315.30902100 -49.21470300 -160.84030200
v -315.30902100 -49.54629100 -161.88320900
v -315.30902100 -49.54629100 -161.88320900
v -315.49884000 -49.54629100 -161.91668700
v -315.49884000 -49.54629100 -161.91668700
v -315.49884000 -49.21470300 -161.91668700
v -315.49884000 -49.21470300 -161.91668700
v -315.30902100 -49.54629100 -120.03680400
v -315.30902100 -49.54629100 -120.03680400
v -315.49884000 -49.54629100 -120.07028200
v -315.49884000 -49.54629100 -120.07028200
v -315.49884000 -49.21469900 -120.07028200
v -315.49884000 -49.21469900 -120.07028200
v -345.19943200 -49.54629100 -120.03680400
v -345.19943200 -49.54629100 -120.03680400
v -345.38922100 -49.54629100 -120.07028200
v -345.38922100 -49.54629100 -120.07028200
v -345.38922100 -49.21469900 -120.07028200
v -345.38922100 -49.21469900 -120.07028200
v -313.41626000 -16.97953000 -140.95703100
v -313.41626000 -16.97953000 -140.95703100
v -313.41626000 -16.97953000 -140.95703100
v -313.41626000 -16.97953000 -140.95703100
v -313.41626000 -16.97953000 -141.00015300
v -313.41626000 -16.97953000 -141.00015300
v -313.41626000 -16.97953000 -141.00015300
v -313.41626000 -16.97953000 -141.00015300
v -313.41626000 -17.12842900 -141.00585900
v -313.41626000 -17.12842900 -141.00585900
v -313.41626000 -17.12842900 -141.00585900
v -313.41626000 -17.12842900 -141.00585900
v -313.41626000 -17.12842900 -141.00585900
v -313.20477300 -17.04032100 -141.00982700
v -313.20477300 -17.04032100 -141.00982700
v -313.20477300 -17.04032100 -141.00982700
v -313.20477300 -17.04032100 -141.00982700
v -313.20477300 -17.04032100 -141.00982700
v -313.56262200 -33.56687200 -141.50488300
v -313.56262200 -16.46602600 -141.07400500
v -313.77481100 -13.73262900 -161.63079800
v -313.90432700 -13.67098300 -162.95938100
v -313.91320800 -13.71868200 -163.46752900
v -313.91320800 -13.71868200 -163.46752900
v -313.91320800 -13.71868200 -163.46752900
v -313.91320800 -13.71868200 -163.46752900
v -313.79458600 -13.77168000 -163.42160000
v -313.79458600 -13.77168000 -163.42160000
v -313.81433100 -13.81073100 -163.47049000
v -313.81433100 -13.81073100 -163.47049000
v -346.89822400 -11.88896700 -117.28424100
v -346.55435200 -11.87962800 -117.14962800
v -313.16247600 -33.83019600 -141.13549800
v -313.16247600 -33.83019600 -141.13549800
v -313.16247600 -33.83019600 -141.13549800
v -313.16247600 -33.83019600 -141.13549800
v -313.16247600 -33.83019600 -141.13549800
v -313.16247600 -33.83019600 -141.13549800
v -313.16247600 -33.76231800 -141.21637000
v -313.16247600 -33.76231800 -141.21637000
v -313.16247600 -33.76231800 -141.21637000
v -313.16247600 -33.76231800 -141.21637000
v -313.16247600 -33.76231800 -141.21637000
v -313.16247600 -33.76231800 -141.21637000
v -313.41626000 -33.56687200 -140.95703100
v -313.41626000 -33.56687200 -140.95703100
v -313.41626000 -33.56687200 -140.95703100
v -313.41626000 -33.56687200 -140.95703100
v -313.41626000 -33.56687200 -141.00015300
v -313.41626000 -33.56687200 -141.00015300
v -313.41626000 -33.56687200 -141.00015300
v -313.41626000 -33.56687200 -141.00015300
v -313.37298600 -30.86673400 -119.65350300
v -313.16247600 -16.78408400 -140.75051900
v -313.16247600 -16.78408400 -140.75051900
v -313.16247600 -16.78408400 -140.75051900
v -313.16247600 -16.71620600 -140.83142100
v -313.16247600 -16.71620600 -140.83142100
v -313.16247600 -16.71620600 -140.83142100
v -313.16247600 -16.71620600 -140.83142100
v -313.16247600 -16.68008800 -140.93066400
v -313.16247600 -16.68008800 -140.93066400
v -313.16247600 -16.68008800 -140.93066400
v -313.16247600 -16.68008800 -140.93066400
v -313.16247600 -16.68008800 -140.93066400
v -313.16247600 -16.68008800 -140.93066400
v -313.16247600 -16.68008800 -140.93066400
v -313.34454300 -14.21422700 -119.66702300
v -313.37298600 -29.60266700 -118.32217400
v -313.34454300 -14.29851200 -118.72732500
v -344.84271200 -49.54629100 -119.61172500
v -344.84271200 -49.54629100 -119.61172500
v -344.90863000 -49.54629100 -119.23788500
v -344.90863000 -49.54629100 -119.23788500
v -313.52478000 -46.32788100 -118.00518800
v -313.54690600 -46.41752600 -117.99893200
v -314.95233200 -49.54629100 -161.45813000
v -314.95233200 -49.54629100 -161.45813000
v -314.95233200 -49.21470300 -161.26541100
v -314.95233200 -49.21470300 -161.26541100
v -314.95233200 -49.54629100 -119.61172500
v -314.95233200 -49.54629100 -119.61172500
v -314.95233200 -49.21469900 -119.41897600
v -314.95233200 -49.21469900 -119.41897600
v -314.30874600 -30.97432100 -117.42282100
v -314.11377000 -30.97221900 -117.43560800
v -314.19497700 -30.87586600 -117.44680800
v -314.36486800 -30.90067100 -117.47460900
v -314.36370800 -30.83200300 -117.51651000
v -313.78277600 -13.74824600 -118.13165300
v -313.81439200 -13.81072700 -117.90200800
v -313.81439200 -13.81072700 -117.90200800
v -313.81439200 -13.81072700 -117.90200800
v -313.67877200 -13.84342700 -118.07266200
v -313.67877200 -13.84342700 -118.07266200
v -313.91326900 -13.71867800 -117.96569800
v -314.02035500 -13.68687900 -117.93478400
v -313.16247600 -33.11530300 -141.24417100
v -313.16247600 -33.11530300 -141.24417100
v -313.16247600 -33.11530300 -141.24417100
v -313.16247600 -33.11530300 -141.24417100
v -313.16247600 -33.11530300 -141.24417100
v -313.16247600 -33.11530300 -141.24417100
v -313.16247600 -33.46287900 -141.26916500
v -313.16247600 -33.46287900 -141.26916500
v -313.16247600 -33.46287900 -141.26916500
v -313.16247600 -33.46287900 -141.26916500
v -313.16247600 -33.46287900 -141.26916500
v -313.16247600 -33.30354700 -141.13549800
v -313.16247600 -33.30354700 -141.13549800
v -313.16247600 -33.30354700 -141.13549800
v -313.16247600 -33.30354700 -141.13549800
v -313.16247600 -33.30354700 -141.13549800
v -313.16247600 -33.37142600 -141.21637000
v -313.16247600 -33.37142600 -141.21637000
v -313.16247600 -33.37142600 -141.21637000
v -313.16247600 -33.37142600 -141.21637000
v -313.16247600 -33.37142600 -141.21637000
v -312.73895300 -18.81831900 -155.26614400
v -312.69964600 -18.76267200 -155.22076400
v -313.43740800 -29.75750400 -118.65115400
v -313.43740800 -29.75750400 -118.65115400
v -313.34454300 -29.60663200 -118.72732500
v -313.54684400 -29.84637600 -163.28060900
v -313.54684400 -29.84637600 -163.28060900
v -313.54684400 -29.84637600 -163.28060900
v -313.40771500 -29.68642400 -163.19790600
v -313.43737800 -29.75750400 -162.76699800
v -313.43737800 -29.75750400 -162.76699800
v -313.34448200 -29.64213600 -161.43835400
v -313.34454300 -29.64213400 -119.66308600
v -314.11465500 -30.42298300 -117.91931200
v -314.19497700 -30.37186800 -119.38259900
v -314.26001000 -46.88788600 -163.07760600
v -314.26001000 -46.88788600 -163.07760600
v -314.19494600 -46.78714400 -163.56771900
v -314.26001000 -46.86647000 -163.51269500
v -314.26001000 -46.86647000 -163.51269500
v -314.26001000 -46.86647000 -163.51269500
v -314.30871600 -46.54209500 -163.62997400
v -313.16247600 -33.37142600 -140.75051900
v -313.16247600 -33.37142600 -140.75051900
v -313.16247600 -33.37142600 -140.75051900
v -313.16247600 -33.30354700 -140.83142100
v -313.16247600 -33.30354700 -140.83142100
v -313.16247600 -33.30354700 -140.83142100
v -313.16247600 -33.30354700 -140.83142100
v -313.16247600 -33.30354700 -140.83142100
v -314.01797500 -30.87484000 -117.49447600
v -314.01641800 -31.05892800 -117.46621700
v -313.22113000 -35.50696200 -157.10137900
v -313.25787400 -35.56260700 -156.95840500
v -313.25787400 -18.81831900 -156.95840500
v -313.22113000 -18.76267200 -157.10137900
v -313.22113000 -18.76267100 -126.66272000
v -313.25787400 -18.81831900 -126.51974500
v -313.22113000 -35.50696200 -126.66272000
v -313.25787400 -35.56261100 -126.51974500
v -314.26001000 -13.67133000 -163.00659200
v -314.26001000 -13.67133000 -163.00659200
v -314.30871600 -13.82468100 -163.55715900
v -314.30871600 -13.82468100 -163.55715900
v -314.30871600 -13.75103900 -163.46682700
v -314.26001000 -13.72216900 -163.51336700
v -314.26001000 -13.72216900 -163.51336700
v -314.26001000 -13.72216900 -163.51336700
v -313.86135900 -12.02663900 -163.99310300
v -313.61837800 -12.12510000 -163.88888500
v -313.61837800 -12.12510000 -163.88888500
v -314.76940900 -12.04943600 -164.12707500
v -314.76940900 -12.04943600 -164.12707500
v -314.26001000 -30.41768800 -163.00659200
v -314.26001000 -30.41768800 -163.00659200
v -314.30871600 -30.57103700 -163.55715900
v -314.30871600 -30.57103700 -163.55715900
v -314.30871600 -30.49739600 -163.46682700
v -314.26001000 -30.46852700 -163.51336700
v -314.26001000 -30.46852700 -163.51336700
v -314.26001000 -30.46852700 -163.51336700
v -313.16247600 -16.87553400 -140.69772300
v -313.16247600 -16.87553400 -140.69772300
v -313.16247600 -16.87553400 -140.69772300
v -313.16247600 -16.87553400 -140.69772300
v -313.16247600 -16.87553400 -140.69772300
v -313.16247600 -16.87553400 -140.69772300
v -313.16247600 -16.87553400 -140.69772300
v -313.16247600 -17.08352700 -140.69772300
v -313.16247600 -17.08352700 -140.69772300
v -313.16247600 -17.08352700 -140.69772300
v -313.16247600 -17.08352700 -140.69772300
v -313.16247600 -17.08352700 -140.69772300
v -313.16247600 -16.97953000 -140.67938200
v -313.16247600 -16.97953000 -140.67938200
v -313.16247600 -16.97953000 -140.67938200
v -313.16247600 -16.97953000 -140.67938200
v -313.16247600 -16.97953000 -140.67938200
v -313.16247600 -17.24285900 -140.83142100
v -313.16247600 -17.24285900 -140.83142100
v -313.16247600 -17.24285900 -140.83142100
v -313.16247600 -17.24285900 -140.83142100
v -313.16247600 -17.17498000 -140.75051900
v -313.16247600 -17.17498000 -140.75051900
v -313.16247600 -17.17498000 -140.75051900
v -313.16247600 -17.17498000 -140.75051900
v -313.16247600 -17.49303800 -140.89291400
v -313.16247600 -17.49303800 -140.89291400
v -313.16247600 -17.49303800 -140.89291400
v -313.16247600 -17.49303800 -140.89291400
v -313.16247600 -17.49303800 -140.89291400
v -313.16247600 -17.24285500 -141.13546800
v -313.16247600 -17.24285500 -141.13546800
v -313.16247600 -17.24285500 -141.13546800
v -313.16247600 -17.24285500 -141.13546800
v -313.16247600 -17.24285500 -141.13546800
v -313.16247600 -17.27897300 -141.03625500
v -313.16247600 -17.27897300 -141.03625500
v -313.16247600 -17.27897300 -141.03625500
v -313.16247600 -17.27897300 -141.03625500
v -313.78277600 -30.49460400 -118.13165300
v -313.54690600 -30.66931900 -118.24029500
v -313.54690600 -30.66931900 -118.24029500
v -313.54690600 -30.66931900 -118.24029500
v -313.58007800 -30.67782800 -118.11514300
v -313.58007800 -30.67782800 -118.11514300
v -313.40771500 -30.86831900 -163.19451900
v -313.38165300 -30.86713200 -162.72610500
v -313.35376000 -30.96084200 -162.71225000
v -346.89822400 -11.88896700 -163.88888500
v -314.01794400 -46.39914700 -163.64376800
v -313.91320800 -46.48001100 -163.59295700
v -313.77481100 -46.29616900 -163.53424100
v -313.64761400 -46.35545000 -163.44351200
v -346.89822400 -13.28537500 -163.88888500
v -346.55435200 -13.30672200 -163.59115600
v -314.01794400 -29.65278800 -163.64376800
v -313.91320800 -29.73365400 -163.59295700
v -313.64761400 -29.60909100 -163.44351200
v -313.77481100 -29.54981200 -163.53424100
v -313.78497300 -12.17079600 -116.97653200
v -313.78497300 -12.17079600 -116.97653200
v -313.16247600 -17.17498000 -141.21637000
v -313.16247600 -17.17498000 -141.21637000
v -313.16247600 -17.17498000 -141.21637000
v -313.16247600 -17.17498000 -141.21637000
v -313.90338100 -29.53660000 -117.54281600
v -313.90435800 -29.58936100 -117.54858400
v -313.90435800 -29.58936100 -117.54858400
v -314.38217200 -29.59474000 -163.65298500
v -314.38217200 -29.59474000 -163.65298500
v -314.38217200 -29.59474000 -163.65298500
v -314.36480700 -29.73014500 -163.62496900
v -314.36480700 -29.73014500 -163.62496900
v -314.36480700 -29.73014500 -163.62496900
v -314.34353600 -29.91844200 -163.52667200
v -314.36715700 -29.80102300 -163.55996700
v -314.01635700 -14.31257700 -163.65222200
v -314.11361700 -14.31305000 -163.67428600
v -314.11361700 -31.05940400 -163.67428600
v -313.90332000 -31.05750300 -163.60797100
v -313.90332000 -46.89502700 -161.76757800
v -313.54690600 -46.59273100 -118.20089700
v -313.54690600 -46.59273100 -118.20089700
v -313.50500500 -46.49322500 -118.13528400
v -313.67877200 -46.67595700 -118.04116800
v -313.67877200 -46.67595700 -118.04116800
v -314.38217200 -46.34109900 -163.65298500
v -314.38217200 -46.34109900 -163.65298500
v -314.38217200 -46.34109900 -163.65298500
v -314.36480700 -46.47650100 -163.62496900
v -314.36480700 -46.47650100 -163.62496900
v -314.36480700 -46.47650100 -163.62496900
v -314.34353600 -46.66479900 -163.52667200
v -314.36715700 -46.54738200 -163.55996700
v -313.16247600 -33.56687200 -141.28750600
v -313.16247600 -33.56687200 -141.28750600
v -313.16247600 -33.56687200 -141.28750600
v -313.16247600 -33.56687200 -141.28750600
v -313.16247600 -33.56687200 -141.28750600
v -313.16247600 -33.90204200 -141.38290400
v -313.16247600 -33.90204200 -141.38290400
v -313.16247600 -33.90204200 -141.38290400
v -313.16247600 -33.90204200 -141.38290400
v -314.48870800 -13.38588400 -163.29531900
v -314.48870800 -13.38588400 -163.29531900
v -314.48870800 -13.38588400 -163.29531900
v -314.48870800 -13.38588400 -163.29531900
v -314.48870800 -13.38588400 -163.29531900
v -314.48870800 -13.38588400 -163.29531900
v -314.48870800 -13.38588400 -163.29531900
v -314.48870800 -13.67307800 -163.58252000
v -314.48870800 -13.67307800 -163.58252000
v -314.48870800 -13.67307800 -163.58252000
v -314.48870800 -13.67307800 -163.58252000
v -314.48870800 -13.67307800 -163.58252000
v -347.10894800 -13.67308100 -117.50421100
v -347.10894800 -13.67308100 -117.50421100
v -347.10894800 -13.67308100 -117.50421100
v -347.10894800 -13.67308100 -117.50421100
v -347.10894800 -13.67308100 -117.50421100
v -347.10894800 -13.38588800 -117.79141200
v -347.10894800 -13.38588800 -117.79141200
v -347.10894800 -13.38588800 -117.79141200
v -347.10894800 -13.38588800 -117.79141200
v -347.10894800 -13.38588800 -117.79141200
v -347.10894800 -13.38588800 -117.79141200
v -314.30874600 -14.04487300 -117.49423200
v -314.30874600 -14.04487300 -117.49423200
v -314.11465500 -14.02564000 -117.50503500
v -314.19497700 -13.92714800 -117.57370000
v -314.19497700 -13.92714800 -117.57370000
v -313.92907700 -13.84367800 -117.74017300
v -313.92907700 -13.84367800 -117.74017300
v -313.92907700 -13.84367800 -117.74017300
v -314.11624100 -13.82511200 -117.68240400
v -314.11624100 -13.82511200 -117.68240400
v -314.02429200 -13.92426800 -117.60757400
v -314.02429200 -13.92426800 -117.60757400
v -314.02429200 -13.92426800 -117.60757400
v -314.48870800 -13.67308100 -117.50421100
v -314.48870800 -13.67308100 -117.50421100
v -314.48870800 -13.67308100 -117.50421100
v -314.48870800 -13.67308100 -117.50421100
v -314.48870800 -13.67308100 -117.50421100
v -314.48870800 -13.67308100 -117.50421100
v -314.77587900 -13.38588800 -117.50421100
v -314.77587900 -13.38588800 -117.50421100
v -314.77587900 -13.38588800 -117.50421100
v -314.77587900 -13.38588800 -117.50421100
v -314.77587900 -13.38588800 -117.50421100
v -347.10894800 -13.67307800 -163.58252000
v -347.10894800 -13.67307800 -163.58252000
v -347.10894800 -13.67307800 -163.58252000
v -347.10894800 -13.67307800 -163.58252000
v -347.10894800 -13.67307800 -163.58252000
v -347.10894800 -13.67307800 -163.58252000
v -346.82177700 -13.38588400 -163.58252000
v -346.82177700 -13.38588400 -163.58252000
v -346.82177700 -13.38588400 -163.58252000
v -346.82177700 -13.38588400 -163.58252000
v -346.82177700 -13.38588400 -163.58252000
v -314.30874600 -29.64122000 -117.44662500
v -314.34344500 -29.57712900 -117.43038900
v -314.34344500 -29.57712900 -117.43038900
v -314.34271200 -29.69572300 -117.49972500
v -314.34271200 -29.69572300 -117.49972500
v -314.34271200 -29.69572300 -117.49972500
v -314.30874600 -29.94771000 -117.77496300
v -314.30874600 -29.94771000 -117.77496300
v -314.30874600 -29.79333500 -117.57357800
v -314.30874600 -29.79333500 -117.57357800
v -314.36486800 -29.72117400 -117.58575400
v -312.29373200 -35.50695800 -125.54882800
v -312.30029300 -35.50695800 -125.75888100
v -312.29373200 -35.29564700 -125.68380700
v -312.37387100 -35.56260300 -125.40216100
v -312.37387100 -35.56260700 -155.84085100
v -312.29373200 -35.50696200 -155.98751800
v -312.30029300 -35.50696200 -156.19757100
v -312.29373200 -35.29565000 -156.12249800
v -312.37387100 -18.81831900 -125.40216100
v -312.29373200 -18.76267100 -125.54882800
v -312.30029300 -18.76267100 -125.75888100
v -312.29373200 -18.55136100 -125.68380700
v -312.49652100 -35.50696200 -156.67962600
v -312.63656600 -35.50696200 -156.83630400
v -312.63656600 -35.50696200 -156.83630400
v -312.58325200 -35.29565000 -156.78302000
v -312.58325200 -35.29565000 -156.78302000
v -312.46362300 -35.56260700 -156.51574700
v -312.49652100 -18.76267200 -156.67962600
v -312.63656600 -18.76267200 -156.83630400
v -312.63656600 -18.76267200 -156.83630400
v -312.58325200 -18.55136100 -156.78302000
v -312.58325200 -18.55136100 -156.78302000
v -312.46362300 -18.81831900 -156.51574700
v -312.46362300 -35.56260300 -126.07705700
v -312.49652100 -35.50695800 -126.24093600
v -312.63656600 -35.50696200 -126.39761400
v -312.63656600 -35.50696200 -126.39761400
v -312.58325200 -35.29565000 -126.34433000
v -312.58325200 -35.29565000 -126.34433000
v -312.46362300 -18.81831900 -126.07705700
v -312.49652100 -18.76267100 -126.24093600
v -312.63656600 -18.76267100 -126.39761400
v -312.63656600 -18.76267100 -126.39761400
v -312.58325200 -18.55136100 -126.34433000
v -312.58325200 -18.55136100 -126.34433000
v -312.31460600 -18.76267100 -155.83136000
v -312.37387100 -18.81831900 -155.84085100
v -312.58325200 -35.50696200 -155.32699600
v -312.58325200 -35.50696200 -155.32699600
v -312.45327800 -35.50696200 -155.49212600
v -312.49652100 -35.29565000 -155.43038900
v -312.73895300 -35.56260700 -155.26614400
v -312.58325200 -18.76267100 -124.88830600
v -312.58325200 -18.76267100 -124.88830600
v -312.45327800 -18.76267100 -125.05343600
v -312.49652100 -18.55136100 -124.99169900
v -312.73895300 -18.81831900 -124.82745400
v -312.58325200 -35.50695800 -124.88830600
v -312.58325200 -35.50695800 -124.88830600
v -312.45327800 -35.50695800 -125.05343600
v -312.49652100 -35.29564700 -124.99169900
v -312.73895300 -35.56260700 -124.82745400
v -314.01797500 -13.65005600 -118.05233800
v -313.90435800 -13.67097900 -118.47613500
v -314.26007100 -13.68827200 -118.03250100
v -314.26007100 -13.68827200 -118.03250100
v -346.55435200 -13.25869100 -116.97653200
v -346.55435200 -13.25869100 -116.97653200
v -312.63656600 -35.29565000 -155.27368200
v -312.63656600 -35.29565000 -155.27368200
v -312.67440800 -35.19849800 -155.32028200
v -312.63656600 -35.29564700 -124.83502200
v -312.63656600 -35.29564700 -124.83502200
v -312.67440800 -35.19849400 -124.88159200
v -312.63656600 -18.55136100 -155.27368200
v -312.63656600 -18.55136100 -155.27368200
v -312.67440800 -18.45420800 -155.32028200
v -312.63656600 -18.55136100 -124.83499100
v -312.63656600 -18.55136100 -124.83499100
v -312.67440800 -18.45420600 -124.88159200
v -312.35925300 -35.19849800 -155.92379800
v -312.30029300 -35.29565000 -155.91244500
v -312.30029300 -35.29564700 -125.47375500
v -312.35925300 -35.19849400 -125.48510700
v -312.30029300 -18.55136100 -125.47375500
v -312.35925300 -18.45420600 -125.48510700
v -312.35925300 -18.45420800 -155.92379800
v -312.30029300 -18.55136100 -155.91244500
v -312.45327800 -18.55136100 -156.61788900
v -312.50573700 -18.45420800 -156.58868400
v -312.50573700 -35.19849800 -156.58868400
v -312.45327800 -35.29565000 -156.61788900
v -312.45327800 -18.55136100 -126.17919900
v -312.50573700 -18.45420600 -126.14999400
v -312.50573700 -35.19849400 -126.15002400
v -312.45327800 -35.29564700 -126.17919900
v -314.19494600 -14.12904500 -163.67129500
v -314.38583400 -14.14735900 -163.62426800
v -314.36480700 -14.14922000 -163.65976000
v -314.36480700 -14.14922000 -163.65976000
v -313.52478000 -31.04939700 -118.00518800
v -313.64422600 -14.30589800 -117.83081100
v -314.19494600 -30.87540200 -163.67129500
v -314.38583400 -30.89371500 -163.62426800
v -314.36480700 -30.89557800 -163.65976000
v -314.36480700 -30.89557800 -163.65976000
v -313.40771500 -46.43278100 -163.19790600
v -313.35376000 -46.38744400 -162.71359300
v -313.43737800 -46.50386400 -162.76699800
v -313.43737800 -46.50386400 -162.76699800
v -313.34448200 -46.35298900 -162.70764200
v -313.37292500 -46.34902600 -163.17724600
v -313.37292500 -31.04558900 -163.17724600
v -313.90432700 -46.88832900 -163.03039600
v -314.38589500 -14.15244800 -117.58563200
v -314.34301800 -14.14323900 -117.45355200
v -314.34301800 -14.14323900 -117.45355200
v -313.90435800 -46.33571600 -117.54861500
v -313.90435800 -46.33571600 -117.54861500
v -314.01797500 -46.39914300 -117.49447600
v -314.11465500 -46.48391700 -117.50503500
v -314.11377000 -46.32772800 -117.43560800
v -314.19497700 -46.39603800 -117.44680800
v -313.56262200 -17.15787100 -140.49346900
v -313.56262200 -33.74521300 -140.49346900
v -313.35376000 -14.21448600 -162.71225000
v -313.34448200 -29.60663200 -162.70764200
v -313.34448200 -14.29851600 -162.70764200
v -314.77587900 -13.38588400 -163.58252000
v -314.77587900 -13.38588400 -163.58252000
v -314.77587900 -13.38588400 -163.58252000
v -314.77587900 -13.38588400 -163.58252000
v -314.77587900 -13.38588400 -163.58252000
v -314.48870800 -13.38588800 -117.79141200
v -314.48870800 -13.38588800 -117.79141200
v -314.48870800 -13.38588800 -117.79141200
v -314.48870800 -13.38588800 -117.79141200
v -314.48870800 -13.38588800 -117.79141200
v -346.82177700 -13.38588800 -117.50421100
v -346.82177700 -13.38588800 -117.50421100
v -346.82177700 -13.38588800 -117.50421100
v -346.82177700 -13.38588800 -117.50421100
v -346.82177700 -13.38588800 -117.50421100
v -347.10894800 -13.38588400 -163.29531900
v -347.10894800 -13.38588400 -163.29531900
v -347.10894800 -13.38588400 -163.29531900
v -347.10894800 -13.38588400 -163.29531900
v -347.10894800 -13.38588400 -163.29531900
v -345.86981200 -49.21469900 -119.23788500
v -345.86981200 -49.21469900 -119.23788500
v -345.93573000 -49.21469900 -119.41897600
v -345.93573000 -49.21469900 -119.41897600
v -345.93573000 -49.54629100 -119.41897600
v -345.93573000 -49.54629100 -119.41897600
v -315.68862900 -49.21470300 -161.88320900
v -315.68862900 -49.21470300 -161.88320900
v -315.68862900 -49.21469900 -120.03680400
v -315.68862900 -49.21469900 -120.03680400
v -315.97943100 -49.54629100 -119.23788500
v -315.97943100 -49.54629100 -119.23788500
v -315.97943100 -49.54629100 -161.08429000
v -315.97943100 -49.54629100 -161.08429000
v -345.86981200 -49.54629100 -119.23788500
v -345.86981200 -49.54629100 -119.23788500
v -345.57904100 -49.21469900 -120.03680400
v -345.57904100 -49.21469900 -120.03680400
v -313.50500500 -29.74686800 -118.13528400
v -313.67877200 -29.92960000 -118.04116800
v -313.67877200 -29.92960000 -118.04116800
v -314.36721800 -46.54497500 -117.78433200
v -314.39428700 -46.35327500 -117.67630000
v -314.39123500 -46.43207600 -118.02459700
v -313.91320800 -30.46503600 -163.46752900
v -313.91320800 -30.46503600 -163.46752900
v -313.91320800 -30.46503600 -163.46752900
v -313.79458600 -30.51803600 -163.42160000
v -313.81433100 -30.55708900 -163.47049000
v -313.81433100 -30.55708900 -163.47049000
v -313.90432700 -30.41733700 -162.95938100
v -313.90435800 -30.41733600 -118.47616600
v -313.77487200 -30.47898300 -119.47290000
v -314.34344500 -30.67872400 -117.67654400
v -314.34344500 -30.67872400 -117.67654400
v -314.36721800 -30.70595600 -117.79220600
v -313.16247600 -16.97953000 -141.50488300
v -313.16247600 -16.97953000 -141.50488300
v -313.16247600 -16.97953000 -141.50488300
v -313.16247600 -16.97953000 -141.50488300
v -313.16247600 -16.64436300 -141.38287400
v -313.16247600 -16.64436300 -141.38287400
v -313.16247600 -16.64436300 -141.38287400
v -313.56262200 -33.05336400 -140.89291400
v -313.56262200 -17.43110300 -141.24417100
v -313.34448200 -31.04487200 -162.70764200
v -313.91326900 -29.73365400 -117.60055500
v -313.91326900 -29.73365400 -117.60055500
v -313.91326900 -29.73365400 -117.60055500
v -314.11624100 -29.95154000 -117.67627000
v -314.11624100 -29.95154000 -117.67627000
v -314.11407500 -30.18374800 -117.91537500
v -314.19494600 -30.19150500 -163.08551000
v -314.11370800 -30.20820800 -163.08340500
v -314.01672400 -30.19168100 -163.06662000
v -313.90432700 -30.14197000 -163.03039600
v -313.91326900 -46.48001100 -117.60055500
v -313.91326900 -46.48001100 -117.60055500
v -313.91326900 -46.48001100 -117.60055500
v -313.37298600 -46.43658800 -119.63772600
v -313.34448200 -46.38849300 -161.43838500
v -313.34454300 -46.38849300 -119.66311600
v -314.31652800 -11.94297100 -163.99310300
v -314.31652800 -11.94297100 -163.99310300
v -314.19497700 -30.19150500 -118.24523900
v -314.26007100 -30.14153100 -118.26355000
v -314.26007100 -30.14153100 -118.26355000
v -313.90435800 -30.14197000 -118.31134000
v -314.01678500 -30.19168300 -118.26434300
v -314.39123500 -14.13107400 -117.79214500
v -314.39117400 -14.12874700 -163.55618300
v -314.30874600 -30.79123300 -117.49423200
v -314.30874600 -30.79123300 -117.49423200
v -314.34301800 -30.88959900 -117.45355200
v -314.34301800 -30.88959900 -117.45355200
v -314.11465500 -30.77199700 -117.50503500
v -314.19497700 -30.67350800 -117.57370000
v -314.19497700 -30.67350800 -117.57370000
v -313.78271500 -29.65675700 -163.53234900
v -313.71331800 -29.80423000 -163.46026600
v -313.92907700 -46.67463700 -117.73486300
v -313.92907700 -46.67463700 -117.73486300
v -313.81439200 -46.71169300 -117.88467400
v -313.78277600 -46.79066800 -118.04501300
v -313.78277600 -46.79066800 -118.04501300
v -313.78277600 -46.79066800 -118.04501300
v -313.71331800 -46.55058700 -163.46026600
v -313.78271500 -46.40311800 -163.53234900
v -313.92907700 -29.92827800 -117.73486300
v -313.92907700 -29.92827800 -117.73486300
v -313.81439200 -29.96533800 -117.88467400
v -313.90435800 -46.88832900 -118.31134000
v -314.01678500 -46.93803800 -118.26434300
v -314.19497700 -46.93786200 -118.24523900
v -314.26007100 -46.88788600 -118.26355000
v -314.26007100 -46.88788600 -118.26355000
v -313.20477300 -16.71620600 -140.83142100
v -313.20477300 -16.71620600 -140.83142100
v -313.20477300 -16.71620600 -140.83142100
v -313.20477300 -16.71620600 -140.83142100
v -313.20477300 -16.71620600 -140.83142100
v -313.20477300 -16.71620600 -140.83142100
v -313.16247600 -16.68008800 -141.03625500
v -313.16247600 -16.68008800 -141.03625500
v -313.16247600 -16.68008800 -141.03625500
v -313.16247600 -16.68008800 -141.03625500
v -313.16247600 -16.71620600 -141.13546800
v -313.16247600 -16.71620600 -141.13546800
v -313.16247600 -16.71620600 -141.13546800
v -313.14172400 -18.47361200 -126.61770600
v -313.14172400 -18.47361200 -126.61770600
v -313.02832000 -18.50450900 -126.61007700
v -312.95651200 -18.47361200 -126.56362900
v -312.95651200 -18.47361200 -126.56362900
v -312.96618700 -18.45420600 -126.53637700
v -313.14172400 -35.21790300 -126.61770600
v -313.14172400 -35.21790300 -126.61770600
v -313.02832000 -35.24879800 -126.61007700
v -312.95651200 -35.21790300 -126.56362900
v -312.95651200 -35.21790300 -126.56362900
v -312.96618700 -35.19849800 -126.53637700
v -313.14172400 -18.47361400 -157.05639600
v -313.14172400 -18.47361400 -157.05639600
v -313.02832000 -18.50451100 -157.04876700
v -312.95651200 -18.47361400 -157.00228900
v -312.95651200 -18.47361400 -157.00228900
v -312.96618700 -18.45420800 -156.97506700
v -313.14172400 -35.21790300 -157.05639600
v -313.14172400 -35.21790300 -157.05639600
v -313.02832000 -35.24879800 -157.04876700
v -312.95651200 -35.21790300 -157.00228900
v -312.95651200 -35.21790300 -157.00228900
v -312.96618700 -35.19849800 -156.97506700
v -314.30874600 -29.57798600 -117.42282100
v -314.30874600 -29.52338600 -117.41488600
v -313.35376000 -29.64108700 -162.71356200
v -313.37292500 -29.60266900 -163.17724600
v -313.37292500 -14.29923300 -163.17724600
v -313.43740800 -14.02097800 -118.68167100
v -313.43740800 -14.02097800 -118.68167100
v -313.45996100 -14.02324800 -118.28121900
v -313.40777600 -14.12195700 -118.30578600
v -313.38168300 -14.12077000 -118.70907600
v -313.35382100 -14.21448200 -118.72274800
v -314.01797500 -14.12848400 -117.49447600
v -313.91326900 -14.03034300 -117.60055500
v -313.91326900 -14.03034300 -117.60055500
v -313.92315700 -13.93249200 -117.65829500
v -313.92315700 -13.93249200 -117.65829500
v -313.14172400 -18.84042000 -157.05639600
v -313.14172400 -18.84042000 -157.05639600
v -313.02832000 -18.80952300 -157.04876700
v -313.31536900 -18.84042000 -156.91070600
v -313.31536900 -18.84042000 -156.91070600
v -313.31536900 -18.84042000 -156.91070600
v -313.14172400 -35.58470900 -157.05639600
v -313.14172400 -35.58470900 -157.05639600
v -313.02832000 -35.55381000 -157.04876700
v -313.31536900 -35.58470900 -156.91070600
v -313.31536900 -35.58470900 -156.91070600
v -313.31536900 -35.58470900 -156.91070600
v -313.14172400 -18.84041800 -126.61770600
v -313.14172400 -18.84041800 -126.61770600
v -313.02832000 -18.80952100 -126.61007700
v -313.31536900 -18.84041800 -126.47201500
v -313.31536900 -18.84041800 -126.47201500
v -313.31536900 -18.84041800 -126.47201500
v -313.31536900 -35.58470900 -126.47201500
v -313.31536900 -35.58470900 -126.47201500
v -313.31536900 -35.58470900 -126.47201500
v -313.14172400 -35.58470900 -126.61770600
v -313.14172400 -35.58470900 -126.61770600
v -313.02832000 -35.55381000 -126.61007700
v -314.48870800 -46.99198900 -163.58252000
v -314.48870800 -46.99198900 -163.58252000
v -314.48870800 -46.99198900 -163.58252000
v -347.10894800 -46.99200100 -117.50421100
v -347.10894800 -46.99200100 -117.50421100
v -347.10894800 -46.99200100 -117.50421100
v -314.48870800 -46.99198900 -117.50421100
v -314.48870800 -46.99198900 -117.50421100
v -314.48870800 -46.99198900 -117.50421100
v -314.48870800 -46.99198900 -117.50421100
v -347.10894800 -46.99199300 -163.58252000
v -347.10894800 -46.99199300 -163.58252000
v -347.10894800 -46.99199300 -163.58252000
v -313.38168300 -30.86712800 -118.70907600
v -313.35382100 -30.96084000 -118.72274800
v -313.43740800 -30.76733800 -118.68170200
v -313.43740800 -30.76733800 -118.68170200
v -313.45996100 -30.76960600 -118.28121900
v -313.40777600 -30.86831500 -118.30581700
v -314.30874600 -46.81041000 -119.20932000
v -314.30871600 -46.80459200 -163.06445300
v -314.30874600 -46.69406500 -117.77496300
v -314.30874600 -46.69406500 -117.77496300
v -314.30874600 -46.53968800 -117.57357800
v -314.30874600 -46.53968800 -117.57357800
v -313.16247600 -33.76231800 -140.75051900
v -313.16247600 -33.76231800 -140.75051900
v -313.16247600 -33.76231800 -140.75051900
v -313.16247600 -33.76231800 -140.75051900
v -313.16247600 -33.26742900 -140.93066400
v -313.16247600 -33.26742900 -140.93066400
v -313.16247600 -33.26742900 -140.93066400
v -313.16247600 -33.26742900 -140.93066400
v -313.16247600 -33.26742900 -140.93066400
v -313.16247600 -33.26742900 -140.93066400
v -313.16247600 -33.26742900 -141.03625500
v -313.16247600 -33.26742900 -141.03625500
v -313.16247600 -33.26742900 -141.03625500
v -313.16247600 -33.26742900 -141.03625500
v -313.20477300 -33.26742900 -140.93066400
v -313.20477300 -33.26742900 -140.93066400
v -313.20477300 -33.26742900 -140.93066400
v -313.20477300 -33.26742900 -140.93066400
v -313.20477300 -33.30354700 -140.83142100
v -313.20477300 -33.30354700 -140.83142100
v -313.20477300 -33.30354700 -140.83142100
v -313.20477300 -33.30354700 -140.83142100
v -314.36480700 -14.02990800 -163.62496900
v -314.36480700 -14.02990800 -163.62496900
v -314.11377000 -30.36492900 -118.43313600
v -314.36486800 -29.62720900 -117.47460900
v -314.36486800 -29.62720900 -117.47460900
v -314.38589500 -29.63681800 -117.58563200
v -313.20477300 -33.56687200 -140.67938200
v -313.20477300 -33.56687200 -140.67938200
v -313.20477300 -33.56687200 -140.67938200
v -313.20477300 -33.56687200 -140.67938200
v -313.20477300 -33.56687200 -140.67938200
v -313.20477300 -33.67086800 -140.69772300
v -313.20477300 -33.67086800 -140.69772300
v -313.20477300 -33.67086800 -140.69772300
v -313.20477300 -33.67086800 -140.69772300
v -313.20477300 -16.87553400 -141.26916500
v -313.20477300 -16.87553400 -141.26916500
v -313.20477300 -16.87553400 -141.26916500
v -313.20477300 -16.87553400 -141.26916500
v -313.50900300 -13.29472100 -117.14962800
v -313.39599600 -13.28537800 -117.28424100
v -314.11370800 -46.95456300 -163.08340500
v -314.11401400 -46.93010700 -163.51480100
v -314.11401400 -46.93010700 -163.51480100
v -314.01794400 -46.91476800 -163.49890100
v -314.01794400 -46.91476800 -163.49890100
v -314.01672400 -46.93803800 -163.06662000
v -313.41626000 -33.40263000 -140.99008200
v -313.41626000 -33.40263000 -140.99008200
v -313.41626000 -33.40263000 -140.99008200
v -313.41626000 -33.40263000 -140.99008200
v -313.40771500 -14.12196400 -163.19451900
v -313.38165300 -14.12077400 -162.72610500
v -313.30557300 -12.94639300 -117.66888400
v -313.20477300 -17.17498000 -141.21637000
v -313.20477300 -17.17498000 -141.21637000
v -313.20477300 -17.17498000 -141.21637000
v -313.20477300 -17.17498000 -141.21637000
v -313.20477300 -17.08352700 -141.26916500
v -313.20477300 -17.08352700 -141.26916500
v -313.20477300 -17.08352700 -141.26916500
v -313.20477300 -17.08352700 -141.26916500
v -313.20477300 -17.08352700 -141.26916500
v -314.30874600 -46.32434500 -117.42282100
v -314.30874600 -30.04078700 -117.94586200
v -314.30874600 -30.06405400 -119.20929000
v -314.30871600 -30.05823700 -163.06442300
v -313.64761400 -29.95763400 -162.89785800
v -313.32672100 -12.46143400 -117.66888400
v -313.32672100 -12.46143400 -163.59115600
v -314.01641800 -14.31257000 -117.46621700
v -313.26950100 -35.55381000 -124.60339400
v -313.26950100 -35.55381000 -124.60339400
v -313.26950100 -35.55381000 -124.60339400
v -313.14172400 -35.58470500 -124.61489900
v -313.14172400 -35.58470500 -124.61489900
v -313.31536900 -35.58470500 -124.76062000
v -313.31536900 -35.58470500 -124.76062000
v -313.31536900 -35.58470500 -124.76062000
v -313.26950100 -35.55381000 -155.04208400
v -313.26950100 -35.55381000 -155.04208400
v -313.26950100 -35.55381000 -155.04208400
v -313.14172400 -35.58470900 -155.05358900
v -313.14172400 -35.58470900 -155.05358900
v -313.31536900 -35.58470900 -155.19928000
v -313.31536900 -35.58470900 -155.19928000
v -313.31536900 -35.58470900 -155.19928000
v -313.26950100 -18.80952100 -124.60339400
v -313.26950100 -18.80952100 -124.60339400
v -313.26950100 -18.80952100 -124.60339400
v -313.14172400 -18.84041800 -124.61489900
v -313.14172400 -18.84041800 -124.61489900
v -313.31536900 -18.84041800 -124.76062000
v -313.31536900 -18.84041800 -124.76062000
v -313.31536900 -18.84041800 -124.76062000
v -313.26950100 -18.80952300 -155.04205300
v -313.26950100 -18.80952300 -155.04205300
v -313.26950100 -18.80952300 -155.04205300
v -313.14172400 -18.84042000 -155.05358900
v -313.14172400 -18.84042000 -155.05358900
v -313.31536900 -18.84042000 -155.19928000
v -313.31536900 -18.84042000 -155.19928000
v -313.31536900 -18.84042000 -155.19928000
v -313.39599600 -13.28537800 -163.88888500
v -347.01855500 -13.29471700 -163.59115600
v -347.01855500 -13.29471700 -117.66888400
v -314.11377000 -13.61857300 -118.43313600
v -314.19497700 -13.62550800 -119.38256800
v -347.01855500 -11.87962800 -163.59115600
v -346.89822400 -13.28537500 -117.28424100
v -347.01855500 -11.87962800 -117.66888400
v -315.85553000 -49.21469900 -119.09024000
v -315.85553000 -49.21469900 -119.09024000
v -315.85553000 -49.21469900 -119.09024000
v -315.85553000 -49.21470300 -160.93667600
v -315.85553000 -49.21470300 -160.93667600
v -315.85553000 -49.21470300 -160.93667600
v -315.68862900 -49.54629100 -161.88320900
v -315.68862900 -49.54629100 -161.88320900
v -315.68862900 -49.54629100 -120.03680400
v -315.68862900 -49.54629100 -120.03680400
v -345.57904100 -49.54629100 -120.03680400
v -345.57904100 -49.54629100 -120.03680400
v -345.19943200 -49.21469900 -118.99389600
v -345.19943200 -49.21469900 -118.99389600
v -344.84271200 -49.21469900 -119.61172500
v -344.84271200 -49.21469900 -119.61172500
v -344.84271200 -49.21469900 -119.41897600
v -344.84271200 -49.21469900 -119.41897600
v -314.26001000 -13.85275000 -163.59707600
v -314.19494600 -13.68827900 -163.51342800
v -314.19494600 -13.68827900 -163.51342800
v -314.34295700 -14.13952400 -163.66711400
v -314.34295700 -30.88588000 -163.66711400
v -314.26001000 -30.59910800 -163.59707600
v -314.19494600 -30.43463300 -163.51342800
v -314.19494600 -30.43463300 -163.51342800
v -314.30871600 -29.94770800 -163.56463600
v -314.30871600 -29.94770800 -163.56463600
v -313.53024300 -30.66506600 -162.80004900
v -313.53024300 -30.66506600 -162.80004900
v -313.43737800 -30.76734200 -162.75384500
v -313.77481100 -31.05512000 -163.53421000
v -314.11370800 -13.61857700 -163.00189200
v -314.19494600 -13.65062000 -163.46691900
v -314.26001000 -13.68827900 -163.46688800
v -314.26001000 -13.68827900 -163.46688800
v -313.91320800 -14.03035100 -163.59295700
v -313.81433100 -13.94621400 -163.52481100
v -313.77481100 -14.30876300 -163.53421000
v -313.40777600 -29.68642200 -118.29791300
v -313.35382100 -29.64108500 -118.71969600
v -313.56262200 -17.43110300 -140.72274800
v -313.56262200 -33.23170500 -141.38290400
v -313.56262200 -33.23170500 -141.38290400
v -313.56262200 -34.01844400 -140.72274800
v -313.56262200 -16.46602200 -140.89291400
v -313.20477300 -17.12842900 -141.00585900
v -313.20477300 -17.12842900 -141.00585900
v -313.20477300 -17.12842900 -141.00585900
v -313.20477300 -17.12842900 -141.00585900
v -314.36721800 -14.31255400 -117.44638100
v -314.36721800 -14.31255400 -117.44638100
v -314.36486800 -14.15431300 -117.47460900
v -313.90728800 -13.68688300 -163.41961700
v -313.90728800 -13.68688300 -163.41961700
v -314.11401400 -13.63792500 -163.46218900
v -314.19494600 -30.39697600 -163.46691900
v -314.26001000 -30.43463300 -163.46688800
v -314.26001000 -30.43463300 -163.46688800
v -314.39123500 -31.05503700 -117.57327300
v -314.39123500 -46.29616900 -117.57327300
v -314.19497700 -30.39697300 -118.03250100
v -314.26007100 -30.43463100 -118.03250100
v -314.26007100 -30.43463100 -118.03250100
v -313.26950100 -35.24879800 -155.04208400
v -313.26950100 -35.24879800 -155.04208400
v -313.26950100 -35.24879800 -155.04208400
v -313.14172400 -35.21790300 -155.05358900
v -313.14172400 -35.21790300 -155.05358900
v -313.26950100 -35.24879500 -124.60339400
v -313.26950100 -35.24879500 -124.60339400
v -313.26950100 -35.24879500 -124.60339400
v -313.14172400 -35.21789900 -124.61489900
v -313.14172400 -35.21789900 -124.61489900
v -313.26950100 -18.50451100 -155.04205300
v -313.26950100 -18.50451100 -155.04205300
v -313.26950100 -18.50451100 -155.04205300
v -313.14172400 -18.47361400 -155.05358900
v -313.14172400 -18.47361400 -155.05358900
v -313.26950100 -18.50451100 -124.60339400
v -313.26950100 -18.50451100 -124.60339400
v -313.26950100 -18.50451100 -124.60339400
v -313.14172400 -18.47361200 -124.61489900
v -313.14172400 -18.47361200 -124.61489900
v -313.65802000 -30.57510200 -118.18856800
v -313.65802000 -30.57510200 -118.18856800
v -314.22845500 -12.08581300 -116.97653200
v -314.22845500 -12.08581300 -116.97653200
v -313.78271500 -30.49460600 -163.37228400
v -313.78271500 -30.49460600 -163.37228400
v -313.90728800 -30.43323700 -163.41961700
v -313.90728800 -30.43323700 -163.41961700
v -314.11401400 -30.38428300 -163.46218900
v -313.92907700 -30.59003800 -117.74017300
v -313.92907700 -30.59003800 -117.74017300
v -313.92907700 -30.59003800 -117.74017300
v -314.11624100 -30.57147000 -117.68240400
v -314.11624100 -30.57147000 -117.68240400
v -314.11566200 -30.48749000 -117.79785200
v -314.02429200 -30.49460200 -117.81430100
v -313.37292500 -46.43659200 -161.45700100
v -313.64761400 -46.70399100 -162.89785800
v -313.54690600 -13.92295900 -118.24029500
v -313.54690600 -13.92295900 -118.24029500
v -313.54690600 -13.92295900 -118.24029500
v -313.65802000 -13.82874400 -118.18856800
v -313.65802000 -13.82874400 -118.18856800
v -314.34338400 -46.35342000 -163.67437700
v -314.36715700 -46.32788500 -163.66848800
v -314.36715700 -46.32788500 -163.66848800
v -314.36715700 -31.04920400 -163.66848800
v -314.36715700 -31.04920400 -163.66848800
v -313.92901600 -13.84368200 -163.55294800
v -313.91320800 -30.77670500 -163.59295700
v -313.92901600 -30.59004000 -163.55294800
v -313.81433100 -30.69256800 -163.52481100
v -314.34353600 -14.30574900 -163.67678800
v -314.34338400 -29.60705900 -163.67437700
v -314.36715700 -29.58152600 -163.66848800
v -314.36715700 -29.58152600 -163.66848800
v -314.19497700 -13.65061700 -118.03250100
v -313.41626000 -16.91873900 -140.98492400
v -313.41626000 -16.91873900 -140.98492400
v -313.41626000 -16.91873900 -140.98492400
v -313.41626000 -16.91873900 -140.98492400
v -313.41626000 -16.83063100 -140.96102900
v -313.41626000 -16.83063100 -140.96102900
v -313.41626000 -16.83063100 -140.96102900
v -313.41626000 -16.83063100 -140.96102900
v -313.41626000 -16.91873900 -141.01785300
v -313.41626000 -16.91873900 -141.01785300
v -313.41626000 -16.91873900 -141.01785300
v -313.41626000 -16.91873900 -141.01785300
v -313.20477300 -16.91873900 -140.98492400
v -313.20477300 -16.91873900 -140.98492400
v -313.20477300 -16.91873900 -140.98492400
v -313.20477300 -16.97953000 -140.95703100
v -313.20477300 -16.97953000 -140.95703100
v -313.20477300 -16.97953000 -140.95703100
v -313.65802000 -30.87771400 -117.83532700
v -314.11361700 -30.21636000 -161.82177700
v -314.11367800 -30.21636200 -119.14291400
v -314.11377000 -30.20820800 -118.24389600
v -314.30874600 -13.75103500 -118.03250100
v -314.34359700 -13.83237200 -118.03250100
v -347.07388300 -13.42095700 -163.54745500
v -347.07388300 -13.42095700 -163.54745500
v -347.07388300 -13.42095700 -163.54745500
v -347.07388300 -13.42095700 -163.54745500
v -347.07388300 -13.42095700 -163.54745500
v -314.52374300 -13.42096000 -117.53927600
v -314.52374300 -13.42096000 -117.53927600
v -314.52374300 -13.42096000 -117.53927600
v -314.52374300 -13.42096000 -117.53927600
v -314.52374300 -13.42096000 -117.53927600
v -314.30871600 -46.69406500 -163.56463600
v -314.30871600 -46.69406500 -163.56463600
v -313.23498500 -35.58470900 -157.04299900
v -313.23498500 -35.58470900 -157.04299900
v -313.26950100 -35.55381000 -157.06793200
v -313.26950100 -35.55381000 -157.06793200
v -313.26950100 -35.55381000 -157.06793200
v -313.30453500 -35.55381000 -157.03851300
v -313.30453500 -35.55381000 -157.03851300
v -313.30453500 -35.55381000 -157.03851300
v -313.31668100 -35.50696200 -157.06402600
v -313.31668100 -35.50696200 -157.06402600
v -313.31668100 -35.50696200 -157.06402600
v -313.26950100 -18.80952300 -157.06793200
v -313.26950100 -18.80952300 -157.06793200
v -313.26950100 -18.80952300 -157.06793200
v -313.30453500 -18.80952300 -157.03851300
v -313.30453500 -18.80952300 -157.03851300
v -313.30453500 -18.80952300 -157.03851300
v -313.31668100 -18.76267200 -157.06402600
v -313.31668100 -18.76267200 -157.06402600
v -313.31668100 -18.76267200 -157.06402600
v -313.23498500 -18.84042000 -157.04299900
v -313.23498500 -18.84042000 -157.04299900
v -313.23498500 -18.84041800 -126.60430900
v -313.23498500 -18.84041800 -126.60430900
v -313.26950100 -18.80952100 -126.62924200
v -313.26950100 -18.80952100 -126.62924200
v -313.26950100 -18.80952100 -126.62924200
v -313.30453500 -18.80952100 -126.59982300
v -313.30453500 -18.80952100 -126.59982300
v -313.30453500 -18.80952100 -126.59982300
v -313.31668100 -18.76267100 -126.62533600
v -313.31668100 -18.76267100 -126.62533600
v -313.31668100 -18.76267100 -126.62533600
v -313.23498500 -35.58470900 -126.60434000
v -313.23498500 -35.58470900 -126.60434000
v -313.26950100 -35.55381000 -126.62924200
v -313.26950100 -35.55381000 -126.62924200
v -313.26950100 -35.55381000 -126.62924200
v -313.30453500 -35.55381000 -126.59982300
v -313.30453500 -35.55381000 -126.59982300
v -313.30453500 -35.55381000 -126.59982300
v -313.31668100 -35.50696200 -126.62533600
v -313.31668100 -35.50696200 -126.62533600
v -313.31668100 -35.50696200 -126.62533600
v -313.65802000 -14.13135600 -117.83529700
v -312.34536700 -35.21789900 -125.83526600
v -312.34536700 -35.21789900 -125.83526600
v -312.32647700 -35.24879500 -125.83816500
v -312.42236300 -35.24879500 -126.10162400
v -312.31207300 -35.24879500 -125.75650000
v -312.33081100 -35.21789900 -125.75274700
v -312.33081100 -35.21789900 -125.75274700
v -312.33081100 -35.21789900 -125.47988900
v -312.33081100 -35.21789900 -125.47988900
v -312.34536700 -18.47361400 -125.83526600
v -312.34536700 -18.47361400 -125.83526600
v -312.32647700 -18.50451100 -125.83816500
v -312.42236300 -18.50451100 -126.10162400
v -312.31207300 -18.50451100 -125.75650000
v -312.33081100 -18.47361400 -125.75274700
v -312.33081100 -18.47361400 -125.75274700
v -312.33081100 -18.47361400 -125.47988900
v -312.33081100 -18.47361400 -125.47988900
v -312.31207300 -18.50451100 -156.19519000
v -312.33081100 -18.47361400 -156.19143700
v -312.33081100 -18.47361400 -156.19143700
v -312.33081100 -18.47361400 -155.91854900
v -312.33081100 -18.47361400 -155.91854900
v -312.34536700 -18.47361400 -156.27395600
v -312.34536700 -18.47361400 -156.27395600
v -312.32647700 -18.50451100 -156.27685500
v -312.42236300 -18.50451100 -156.54031400
v -312.31207300 -35.24879800 -156.19519000
v -312.33081100 -35.21790300 -156.19143700
v -312.33081100 -35.21790300 -156.19143700
v -312.33081100 -35.21790300 -155.91854900
v -312.33081100 -35.21790300 -155.91854900
v -312.34536700 -35.21790300 -156.27395600
v -312.34536700 -35.21790300 -156.27395600
v -312.32647700 -35.24879800 -156.27685500
v -312.42236300 -35.24879800 -156.54031400
v -312.43872100 -18.47361400 -155.57962000
v -312.43872100 -18.47361400 -155.57962000
v -312.42236300 -18.50451100 -155.56967200
v -312.32647700 -18.50451100 -155.83313000
v -312.46383700 -18.50451100 -155.49786400
v -312.46383700 -18.50451100 -155.49786400
v -312.48059100 -18.47361400 -155.50705000
v -312.48059100 -18.47361400 -155.50705000
v -312.48059100 -18.47361400 -155.50705000
v -312.65600600 -18.47361400 -155.29800400
v -312.65600600 -18.47361400 -155.29800400
v -312.43872100 -18.47361400 -125.14093000
v -312.43872100 -18.47361400 -125.14093000
v -312.42236300 -18.50451100 -125.13101200
v -312.32647700 -18.50451100 -125.39444000
v -312.46383700 -18.50451100 -125.05917400
v -312.46383700 -18.50451100 -125.05917400
v -312.48059100 -18.47361400 -125.06835900
v -312.48059100 -18.47361400 -125.06835900
v -312.48059100 -18.47361400 -125.06835900
v -312.65600600 -18.47361200 -124.85931400
v -312.65600600 -18.47361200 -124.85931400
v -312.46383700 -35.24879800 -155.49786400
v -312.46383700 -35.24879800 -155.49786400
v -312.48059100 -35.21790300 -155.50705000
v -312.48059100 -35.21790300 -155.50705000
v -312.48059100 -35.21790300 -155.50705000
v -312.65600600 -35.21790300 -155.29800400
v -312.65600600 -35.21790300 -155.29800400
v -312.43872100 -35.21790300 -155.57962000
v -312.43872100 -35.21790300 -155.57962000
v -312.42236300 -35.24879800 -155.56967200
v -312.32647700 -35.24879800 -155.83313000
v -312.46383700 -35.24879500 -125.05917400
v -312.46383700 -35.24879500 -125.05917400
v -312.48059100 -35.21789900 -125.06835900
v -312.48059100 -35.21789900 -125.06835900
v -312.48059100 -35.21789900 -125.06835900
v -312.65600600 -35.21789900 -124.85931400
v -312.65600600 -35.21789900 -124.85931400
v -312.43872100 -35.21789900 -125.14093000
v -312.43872100 -35.21789900 -125.14093000
v -312.42236300 -35.24879500 -125.13101200
v -312.32647700 -35.24879500 -125.39447000
v -314.36480700 -30.77626400 -163.62496900
v -314.36480700 -30.77626400 -163.62496900
v -314.01797500 -30.39641400 -118.05233800
v -314.02035500 -30.43323500 -117.93478400
v -313.41626000 -33.41797300 -141.00585900
v -313.41626000 -33.41797300 -141.00585900
v -313.41626000 -33.41797300 -141.00585900
v -313.41626000 -33.41797300 -141.00585900
v -313.41626000 -33.41797300 -141.00585900
v -313.41626000 -33.50608400 -141.01785300
v -313.41626000 -33.50608400 -141.01785300
v -313.41626000 -33.50608400 -141.01785300
v -313.41626000 -33.50608400 -141.01785300
v -313.20477300 -33.50608400 -141.01785300
v -313.20477300 -33.50608400 -141.01785300
v -313.20477300 -33.50608400 -141.01785300
v -313.20477300 -33.50608400 -141.01785300
v -313.20477300 -33.50608400 -141.01785300
v -313.41626000 -33.50608400 -140.98492400
v -313.41626000 -33.50608400 -140.98492400
v -313.41626000 -33.50608400 -140.98492400
v -313.41626000 -33.50608400 -140.98492400
v -313.41626000 -33.41797300 -140.96102900
v -313.41626000 -33.41797300 -140.96102900
v -313.41626000 -33.41797300 -140.96102900
v -313.41626000 -33.41797300 -140.96102900
v -313.20477300 -33.41797300 -140.96102900
v -313.20477300 -33.41797300 -140.96102900
v -313.20477300 -33.41797300 -140.96102900
v -313.20477300 -33.41797300 -140.96102900
v -313.02832000 -35.55381000 -124.62252800
v -312.95651200 -35.58470500 -124.66900600
v -312.95651200 -35.58470500 -124.66900600
v -312.96618700 -35.56260700 -124.69625900
v -313.02832000 -35.55381000 -155.06121800
v -312.95651200 -35.58470900 -155.10769700
v -312.95651200 -35.58470900 -155.10769700
v -312.96618700 -35.56260700 -155.13491800
v -313.02832000 -18.80952300 -155.06121800
v -312.95651200 -18.84042000 -155.10769700
v -312.95651200 -18.84042000 -155.10769700
v -312.96618700 -18.81831900 -155.13491800
v -312.95651200 -18.84041800 -124.66900600
v -312.95651200 -18.84041800 -124.66900600
v -312.96618700 -18.81831900 -124.69625900
v -313.02832000 -18.80952100 -124.62252800
v -314.30874600 -46.38757300 -117.44662500
v -314.34344500 -46.32348600 -117.43038900
v -314.34344500 -46.32348600 -117.43038900
v -314.34359700 -46.27106500 -117.42269900
v -314.34359700 -46.27106500 -117.42269900
v -314.11377000 -46.95456300 -118.24392700
v -312.72021500 -35.21790300 -126.42718500
v -312.72021500 -35.21790300 -126.42718500
v -312.72021500 -35.21790300 -126.42718500
v -312.70758100 -35.24879800 -126.44152800
v -312.70758100 -35.24879800 -126.44152800
v -312.95037800 -35.24879800 -126.58172600
v -312.64404300 -35.24879800 -126.38821400
v -312.64404300 -35.24879800 -126.38821400
v -312.64404300 -35.24879800 -126.38821400
v -312.65600600 -35.21790300 -126.37332200
v -312.65600600 -35.21790300 -126.37332200
v -312.48059100 -35.21789900 -126.16427600
v -312.48059100 -35.21789900 -126.16427600
v -312.48059100 -35.21789900 -126.16427600
v -312.64404300 -18.50450900 -126.38821400
v -312.64404300 -18.50450900 -126.38821400
v -312.64404300 -18.50450900 -126.38821400
v -312.65600600 -18.47361200 -126.37332200
v -312.65600600 -18.47361200 -126.37332200
v -312.48059100 -18.47361400 -126.16427600
v -312.48059100 -18.47361400 -126.16427600
v -312.48059100 -18.47361400 -126.16427600
v -312.72021500 -18.47361200 -126.42718500
v -312.72021500 -18.47361200 -126.42718500
v -312.72021500 -18.47361200 -126.42718500
v -312.70758100 -18.50450900 -126.44152800
v -312.70758100 -18.50450900 -126.44152800
v -312.95037800 -18.50450900 -126.58172600
v -312.72021500 -35.21790300 -156.86587500
v -312.72021500 -35.21790300 -156.86587500
v -312.72021500 -35.21790300 -156.86587500
v -312.70758100 -35.24879800 -156.88021900
v -312.70758100 -35.24879800 -156.88021900
v -312.95037800 -35.24879800 -157.02041600
v -312.64404300 -35.24879800 -156.82690400
v -312.64404300 -35.24879800 -156.82690400
v -312.64404300 -35.24879800 -156.82690400
v -312.65600600 -35.21790300 -156.81198100
v -312.65600600 -35.21790300 -156.81198100
v -312.48059100 -35.21790300 -156.60296600
v -312.48059100 -35.21790300 -156.60296600
v -312.48059100 -35.21790300 -156.60296600
v -312.64404300 -18.50451100 -156.82690400
v -312.64404300 -18.50451100 -156.82690400
v -312.64404300 -18.50451100 -156.82690400
v -312.65600600 -18.47361400 -156.81198100
v -312.65600600 -18.47361400 -156.81198100
v -312.48059100 -18.47361400 -156.60296600
v -312.48059100 -18.47361400 -156.60296600
v -312.48059100 -18.47361400 -156.60296600
v -312.72021500 -18.47361400 -156.86584500
v -312.72021500 -18.47361400 -156.86584500
v -312.72021500 -18.47361400 -156.86584500
v -312.70758100 -18.50451100 -156.88021900
v -312.70758100 -18.50451100 -156.88021900
v -312.95037800 -18.50451100 -157.02041600
v -313.20477300 -33.50608400 -140.98492400
v -313.20477300 -33.50608400 -140.98492400
v -313.20477300 -33.50608400 -140.98492400
v -313.20477300 -33.50608400 -140.98492400
v -314.34359700 -30.57873000 -118.03250100
v -314.30874600 -30.49739300 -118.03250100
v -313.26950100 -35.24879800 -157.06793200
v -313.26950100 -35.24879800 -157.06793200
v -313.26950100 -35.24879800 -157.06793200
v -313.29251100 -35.29565000 -157.08432000
v -313.29251100 -35.29565000 -157.08432000
v -313.29251100 -35.29565000 -157.08432000
v -313.29251100 -18.55136100 -157.08432000
v -313.29251100 -18.55136100 -157.08432000
v -313.29251100 -18.55136100 -157.08432000
v -313.26950100 -18.50451100 -157.06793200
v -313.26950100 -18.50451100 -157.06793200
v -313.26950100 -18.50451100 -157.06793200
v -313.29251100 -35.29565000 -126.64563000
v -313.29251100 -35.29565000 -126.64563000
v -313.29251100 -35.29565000 -126.64563000
v -313.26950100 -35.24879800 -126.62924200
v -313.26950100 -35.24879800 -126.62924200
v -313.26950100 -35.24879800 -126.62924200
v -313.29251100 -18.55136100 -126.64563000
v -313.29251100 -18.55136100 -126.64563000
v -313.29251100 -18.55136100 -126.64563000
v -313.26950100 -18.50450900 -126.62924200
v -313.26950100 -18.50450900 -126.62924200
v -313.26950100 -18.50450900 -126.62924200
v -313.20477300 -16.97953000 -140.67938200
v -313.20477300 -16.97953000 -140.67938200
v -313.20477300 -16.97953000 -140.67938200
v -313.20477300 -16.97953000 -140.67938200
v -313.20477300 -16.97953000 -140.67938200
v -313.20477300 -16.78408400 -140.75051900
v -313.20477300 -16.78408400 -140.75051900
v -313.20477300 -16.78408400 -140.75051900
v -313.20477300 -16.78408400 -140.75051900
v -313.20477300 -16.78408400 -140.75051900
v -313.92315700 -13.77167600 -117.84719800
v -313.92315700 -13.77167600 -117.84719800
v -313.71337900 -30.70065500 -117.85336300
v -313.71337900 -30.70065500 -117.85336300
v -313.67877200 -30.58978300 -118.07266200
v -313.67877200 -30.58978300 -118.07266200
v -313.67877200 -30.58978300 -118.07266200
v -313.78271500 -13.74825000 -163.37228400
v -313.78271500 -13.74825000 -163.37228400
v -313.78271500 -13.74825000 -163.37228400
v -313.65799000 -13.82874800 -163.31671100
v -313.65799000 -13.82874800 -163.31671100
v -314.02429200 -46.58600200 -117.60757400
v -314.02429200 -46.58600200 -117.60757400
v -313.81439200 -46.55971900 -117.74288900
v -313.81439200 -46.55971900 -117.74288900
v -314.02429200 -29.83964700 -117.60757400
v -314.02429200 -29.83964700 -117.60757400
v -313.81439200 -29.81336600 -117.74288900
v -313.81439200 -29.81336600 -117.74288900
v -313.20477300 -16.68008800 -141.03625500
v -313.20477300 -16.68008800 -141.03625500
v -313.20477300 -16.68008800 -141.03625500
v -313.20477300 -16.68008800 -141.03625500
v -314.19494600 -46.93786200 -163.08551000
v -313.20477300 -33.37142600 -141.21637000
v -313.20477300 -33.37142600 -141.21637000
v -313.20477300 -33.37142600 -141.21637000
v -313.20477300 -33.37142600 -141.21637000
v -313.20477300 -33.37142600 -141.21637000
v -313.20477300 -33.83019600 -141.13549800
v -313.20477300 -33.83019600 -141.13549800
v -313.20477300 -33.83019600 -141.13549800
v -313.20477300 -33.83019600 -141.13549800
v -313.20477300 -33.76231800 -141.21637000
v -313.20477300 -33.76231800 -141.21637000
v -313.20477300 -33.76231800 -141.21637000
v -313.20477300 -33.76231800 -141.21637000
v -314.22848500 -12.08581300 -164.12707500
v -314.22848500 -12.08581300 -164.12707500
v -313.19873000 -35.19849800 -126.56936600
v -313.28601100 -35.21790300 -126.56152300
v -313.28601100 -35.21790300 -126.56152300
v -313.10711700 -35.19849800 -126.58273300
v -313.10711700 -35.19849800 -157.02142300
v -313.19873000 -35.19849800 -157.00805700
v -313.28601100 -35.21790300 -157.00018300
v -313.28601100 -35.21790300 -157.00018300
v -313.19873000 -18.45420600 -126.56936600
v -313.28601100 -18.47361200 -126.56152300
v -313.28601100 -18.47361200 -126.56152300
v -313.10711700 -18.45420600 -126.58273300
v -313.19873000 -18.45420800 -157.00805700
v -313.28601100 -18.47361400 -157.00018300
v -313.28601100 -18.47361400 -157.00018300
v -313.10711700 -18.45420800 -157.02142300
v -313.23498500 -18.47361200 -124.62829600
v -313.23498500 -18.47361200 -124.62829600
v -313.23498500 -18.47361400 -155.06698600
v -313.23498500 -18.47361400 -155.06698600
v -313.23498500 -35.21789900 -124.62829600
v -313.23498500 -35.21789900 -124.62829600
v -313.23498500 -35.21790300 -155.06698600
v -313.23498500 -35.21790300 -155.06698600
v -314.01672400 -13.63165000 -162.98770100
v -314.39117400 -46.43447900 -163.47003200
v -314.52377300 -13.42095700 -163.54745500
v -314.52377300 -13.42095700 -163.54745500
v -314.52377300 -13.42095700 -163.54745500
v -314.52377300 -13.42095700 -163.54745500
v -347.07388300 -13.42096000 -117.53927600
v -347.07388300 -13.42096000 -117.53927600
v -347.07388300 -13.42096000 -117.53927600
v -347.07388300 -13.42096000 -117.53927600
v -314.34271200 -30.80770100 -117.49972500
v -314.34271200 -30.80770100 -117.49972500
v -314.34271200 -30.80770100 -117.49972500
v -314.34265100 -14.05935400 -163.65258800
v -314.30871600 -13.96016000 -163.62994400
v -314.19494600 -13.92706000 -163.63082900
v -314.34265100 -30.80571200 -163.65258800
v -314.30871600 -30.70651600 -163.62997400
v -314.19494600 -30.67341600 -163.63082900
v -314.34359700 -46.69006300 -117.96948200
v -312.95651200 -35.58470900 -157.00228900
v -312.95651200 -35.58470900 -157.00228900
v -312.95037800 -35.55381000 -157.02041600
v -312.70758100 -35.55381000 -156.88021900
v -312.70758100 -35.55381000 -156.88021900
v -312.95651200 -35.58470900 -126.56362900
v -312.95651200 -35.58470900 -126.56362900
v -312.95037800 -35.55381000 -126.58172600
v -312.70758100 -35.55381000 -126.44152800
v -312.70758100 -35.55381000 -126.44152800
v -312.95651200 -18.84042000 -157.00228900
v -312.95651200 -18.84042000 -157.00228900
v -312.95037800 -18.80952300 -157.02041600
v -312.70758100 -18.80952300 -156.88021900
v -312.70758100 -18.80952300 -156.88021900
v -312.95651200 -18.84041800 -126.56362900
v -312.95651200 -18.84041800 -126.56362900
v -312.95037800 -18.80952100 -126.58172600
v -312.70758100 -18.80952100 -126.44152800
v -312.70758100 -18.80952100 -126.44152800
v -312.33081100 -35.58470500 -125.75274700
v -312.33081100 -35.58470500 -125.75274700
v -312.31207300 -35.55380600 -125.75650000
v -312.31207300 -35.55380600 -125.47613500
v -312.32647700 -35.55380600 -125.83816500
v -312.42236300 -35.55380600 -126.10162400
v -312.32647700 -35.55381000 -156.27685500
v -312.42236300 -35.55381000 -156.54031400
v -312.33081100 -35.58470900 -156.19143700
v -312.33081100 -35.58470900 -156.19143700
v -312.31207300 -35.55381000 -156.19519000
v -312.31207300 -35.55381000 -155.91482500
v -312.33081100 -18.84041800 -125.75274700
v -312.33081100 -18.84041800 -125.75274700
v -312.31207300 -18.80952300 -125.75650000
v -312.31207300 -18.80952100 -125.47613500
v -312.32647700 -18.80952300 -125.83816500
v -312.42236300 -18.80952300 -126.10162400
v -312.32647700 -18.80952300 -156.27685500
v -312.42236300 -18.80952300 -156.54031400
v -312.33081100 -18.84042000 -156.19143700
v -312.33081100 -18.84042000 -156.19143700
v -312.31207300 -18.80952300 -156.19519000
v -312.31207300 -18.80952100 -155.91482500
v -312.42236300 -35.55381000 -155.56967200
v -312.32647700 -35.55381000 -155.83313000
v -312.48059100 -35.58470900 -155.50705000
v -312.48059100 -35.58470900 -155.50705000
v -312.48059100 -35.58470900 -155.50705000
v -312.46383700 -35.55381000 -155.49786400
v -312.46383700 -35.55381000 -155.49786400
v -312.64404300 -35.55381000 -155.28308100
v -312.64404300 -35.55381000 -155.28308100
v -312.64404300 -35.55381000 -155.28308100
v -312.65600600 -18.84041800 -126.37332200
v -312.65600600 -18.84041800 -126.37332200
v -312.64404300 -18.80952100 -126.38821400
v -312.64404300 -18.80952100 -126.38821400
v -312.64404300 -18.80952100 -126.38821400
v -312.46383700 -18.80952300 -126.17346200
v -312.46383700 -18.80952300 -126.17346200
v -312.48059100 -18.84042000 -155.50705000
v -312.48059100 -18.84042000 -155.50705000
v -312.48059100 -18.84042000 -155.50705000
v -312.46383700 -18.80952300 -155.49786400
v -312.46383700 -18.80952300 -155.49786400
v -312.64404300 -18.80952300 -155.28308100
v -312.64404300 -18.80952300 -155.28308100
v -312.64404300 -18.80952300 -155.28308100
v -312.42236300 -18.80952300 -155.56967200
v -312.32647700 -18.80952100 -155.83313000
v -312.65600600 -35.58470900 -126.37332200
v -312.65600600 -35.58470900 -126.37332200
v -312.64404300 -35.55381000 -126.38821400
v -312.64404300 -35.55381000 -126.38821400
v -312.64404300 -35.55381000 -126.38821400
v -312.46383700 -35.55380600 -126.17346200
v -312.46383700 -35.55380600 -126.17346200
v -312.65600600 -35.58470900 -156.81198100
v -312.65600600 -35.58470900 -156.81198100
v -312.64404300 -35.55381000 -156.82690400
v -312.64404300 -35.55381000 -156.82690400
v -312.64404300 -35.55381000 -156.82690400
v -312.46383700 -35.55381000 -156.61215200
v -312.46383700 -35.55381000 -156.61215200
v -312.65600600 -18.84042000 -156.81198100
v -312.65600600 -18.84042000 -156.81198100
v -312.64404300 -18.80952300 -156.82690400
v -312.64404300 -18.80952300 -156.82690400
v -312.64404300 -18.80952300 -156.82690400
v -312.46383700 -18.80952300 -156.61215200
v -312.46383700 -18.80952300 -156.61215200
v -312.42236300 -35.55380600 -125.13101200
v -312.32647700 -35.55380600 -125.39444000
v -312.48059100 -35.58470500 -125.06835900
v -312.48059100 -35.58470500 -125.06835900
v -312.48059100 -35.58470500 -125.06835900
v -312.46383700 -35.55380600 -125.05917400
v -312.46383700 -35.55380600 -125.05917400
v -312.64404300 -35.55381000 -124.84439100
v -312.64404300 -35.55381000 -124.84439100
v -312.64404300 -35.55381000 -124.84439100
v -312.48059100 -18.84041800 -125.06835900
v -312.48059100 -18.84041800 -125.06835900
v -312.48059100 -18.84041800 -125.06835900
v -312.46383700 -18.80952100 -125.05917400
v -312.46383700 -18.80952100 -125.05917400
v -312.64404300 -18.80952100 -124.84439100
v -312.64404300 -18.80952100 -124.84439100
v -312.64404300 -18.80952100 -124.84439100
v -312.42236300 -18.80952100 -125.13101200
v -312.32647700 -18.80952100 -125.39444000
v -313.43740800 -29.63164300 -118.17114300
v -312.46383700 -18.50451100 -156.61215200
v -312.46383700 -18.50451100 -156.61215200
v -312.43872100 -18.47361400 -156.53036500
v -312.43872100 -18.47361400 -156.53036500
v -312.43872100 -35.21790300 -156.53039600
v -312.43872100 -35.21790300 -156.53039600
v -312.46383700 -35.24879800 -156.61215200
v -312.46383700 -35.24879800 -156.61215200
v -312.46383700 -18.50451100 -126.17346200
v -312.46383700 -18.50451100 -126.17346200
v -312.43872100 -18.47361400 -126.09170500
v -312.43872100 -18.47361400 -126.09170500
v -312.43872100 -35.21789900 -126.09170500
v -312.43872100 -35.21789900 -126.09170500
v -312.46383700 -35.24879500 -126.17346200
v -312.46383700 -35.24879500 -126.17346200
v -312.64404300 -35.24879800 -155.28308100
v -312.64404300 -35.24879800 -155.28308100
v -312.64404300 -35.24879800 -155.28308100
v -312.70758100 -35.24879800 -155.22976700
v -312.70758100 -35.24879800 -155.22976700
v -312.72021500 -35.21790300 -155.24414100
v -312.72021500 -35.21790300 -155.24414100
v -312.72021500 -35.21790300 -155.24414100
v -312.88787800 -35.21790300 -155.13974000
v -312.88787800 -35.21790300 -155.13974000
v -312.64404300 -35.24879500 -124.84439100
v -312.64404300 -35.24879500 -124.84439100
v -312.64404300 -35.24879500 -124.84439100
v -312.70758100 -35.24879500 -124.79107700
v -312.70758100 -35.24879500 -124.79107700
v -312.72021500 -35.21789900 -124.80545000
v -312.72021500 -35.21789900 -124.80545000
v -312.72021500 -35.21789900 -124.80545000
v -312.88787800 -35.21789900 -124.70108000
v -312.88787800 -35.21789900 -124.70108000
v -312.70758100 -18.50451100 -155.22976700
v -312.70758100 -18.50451100 -155.22976700
v -312.72021500 -18.47361400 -155.24414100
v -312.72021500 -18.47361400 -155.24414100
v -312.72021500 -18.47361400 -155.24414100
v -312.88787800 -18.47361400 -155.13974000
v -312.88787800 -18.47361400 -155.13974000
v -312.64404300 -18.50451100 -155.28308100
v -312.64404300 -18.50451100 -155.28308100
v -312.64404300 -18.50451100 -155.28308100
v -312.70758100 -18.50451100 -124.79107700
v -312.70758100 -18.50451100 -124.79107700
v -312.72021500 -18.47361200 -124.80545000
v -312.72021500 -18.47361200 -124.80545000
v -312.72021500 -18.47361200 -124.80545000
v -312.88787800 -18.47361200 -124.70108000
v -312.88787800 -18.47361200 -124.70108000
v -312.64404300 -18.50451100 -124.84439100
v -312.64404300 -18.50451100 -124.84439100
v -312.64404300 -18.50451100 -124.84439100
v -312.31207300 -35.24879800 -155.91482500
v -312.34536700 -35.21790300 -155.83602900
v -312.34536700 -35.21790300 -155.83602900
v -312.34536700 -35.21789900 -125.39733900
v -312.34536700 -35.21789900 -125.39733900
v -312.31207300 -35.24879500 -125.47613500
v -312.31207300 -18.50451100 -155.91482500
v -312.34536700 -18.47361400 -155.83602900
v -312.34536700 -18.47361400 -155.83602900
v -312.34536700 -18.47361400 -125.39733900
v -312.34536700 -18.47361400 -125.39733900
v -312.31207300 -18.50451100 -125.47613500
v -312.43872100 -35.58470900 -156.53039600
v -312.43872100 -35.58470900 -156.53039600
v -312.43872100 -18.84042000 -156.53039600
v -312.43872100 -18.84042000 -156.53039600
v -312.43872100 -35.58470500 -126.09170500
v -312.43872100 -35.58470500 -126.09170500
v -312.43872100 -18.84041800 -126.09170500
v -312.43872100 -18.84041800 -126.09170500
v -312.72021500 -18.84042000 -155.24414100
v -312.72021500 -18.84042000 -155.24414100
v -312.72021500 -18.84042000 -155.24414100
v -312.70758100 -18.80952300 -155.22976700
v -312.70758100 -18.80952300 -155.22976700
v -312.95037800 -18.80952300 -155.08960000
v -312.72021500 -35.58470900 -155.24414100
v -312.72021500 -35.58470900 -155.24414100
v -312.72021500 -35.58470900 -155.24414100
v -312.70758100 -35.55381000 -155.22976700
v -312.70758100 -35.55381000 -155.22976700
v -312.95037800 -35.55381000 -155.08960000
v -312.72021500 -35.58470500 -124.80545000
v -312.72021500 -35.58470500 -124.80545000
v -312.72021500 -35.58470500 -124.80545000
v -312.70758100 -35.55381000 -124.79107700
v -312.70758100 -35.55381000 -124.79107700
v -312.95037800 -35.55381000 -124.65090900
v -312.72021500 -18.84041800 -124.80545000
v -312.72021500 -18.84041800 -124.80545000
v -312.72021500 -18.84041800 -124.80545000
v -312.70758100 -18.80952100 -124.79107700
v -312.70758100 -18.80952100 -124.79107700
v -312.95037800 -18.80952100 -124.65090900
v -312.34536700 -35.58470500 -125.39733900
v -312.34536700 -35.58470500 -125.39733900
v -312.34536700 -35.58470900 -155.83602900
v -312.34536700 -35.58470900 -155.83602900
v -312.34536700 -18.84041800 -125.39733900
v -312.34536700 -18.84041800 -125.39733900
v -312.34536700 -18.84042000 -155.83602900
v -312.34536700 -18.84042000 -155.83602900
v -313.33166500 -33.46287900 -140.69772300
v -313.33166500 -33.46287900 -140.69772300
v -313.33166500 -33.46287900 -140.69772300
v -313.33166500 -33.46287900 -140.69772300
v -314.39123500 -29.68571700 -118.02459700
v -314.37793000 -46.40192400 -163.64614900
v -314.37793000 -46.40192400 -163.64614900
v -314.37793000 -29.65556900 -163.64614900
v -314.37793000 -29.65556900 -163.64614900
v -314.34271200 -46.44207800 -117.49972500
v -314.34271200 -46.44207800 -117.49972500
v -314.34271200 -46.44207800 -117.49972500
v -314.30874600 -46.45937700 -117.49423200
v -314.30874600 -46.45937700 -117.49423200
v -312.95037800 -35.24879800 -155.08960000
v -313.02832000 -35.24879800 -155.06121800
v -312.95037800 -35.24879500 -124.65090900
v -313.02832000 -35.24879500 -124.62252800
v -312.95037800 -18.50451100 -155.08960000
v -313.02832000 -18.50451100 -155.06121800
v -312.95037800 -18.50451100 -124.65090900
v -313.02832000 -18.50451100 -124.62252800
v -313.58007800 -13.93147000 -118.11514300
v -313.58007800 -13.93147000 -118.11514300
v -314.38217200 -30.77704600 -163.51284800
v -313.16247600 -16.97953000 -141.28750600
v -313.16247600 -16.97953000 -141.28750600
v -313.16247600 -16.97953000 -141.28750600
v -313.16247600 -16.97953000 -141.28750600
v -313.16247600 -16.97953000 -141.28750600
v -313.20477300 -17.24285900 -140.83142100
v -313.20477300 -17.24285900 -140.83142100
v -313.20477300 -17.24285900 -140.83142100
v -313.16247600 -17.27897600 -140.93066400
v -313.16247600 -17.27897600 -140.93066400
v -313.16247600 -17.27897600 -140.93066400
v -313.16247600 -17.27897600 -140.93066400
v -313.20477300 -33.45386100 -141.00213600
v -313.20477300 -33.45386100 -141.00213600
v -313.20477300 -33.45386100 -141.00213600
v -313.20477300 -33.45386100 -141.00213600
v -313.20477300 -33.45386100 -141.00213600
v -314.77587900 -46.99198900 -117.42504900
v -314.77587900 -46.99198900 -117.42504900
v -314.77587900 -46.99198900 -117.42504900
v -314.11367800 -31.05964300 -117.42788700
v -314.11367800 -46.27106500 -117.42788700
v -313.50494400 -30.77414100 -163.28808600
v -313.50494400 -30.77414100 -163.28808600
v -313.45990000 -30.76960800 -163.22045900
v -314.19497700 -30.16770700 -117.91436800
v -314.19497700 -30.16770700 -117.91436800
v -314.19497700 -46.91406600 -117.91436800
v -314.19497700 -46.91406600 -117.91436800
v -313.54684400 -46.59273500 -163.28060900
v -313.54684400 -46.59273500 -163.28060900
v -313.54684400 -46.59273500 -163.28060900
v -313.54684400 -46.59273500 -163.28060900
v -313.67874100 -46.67596100 -163.38314800
v -313.67874100 -46.67596100 -163.38314800
v -313.67874100 -46.67596100 -163.38314800
v -313.20477300 -17.17498000 -140.75051900
v -313.20477300 -17.17498000 -140.75051900
v -313.20477300 -17.17498000 -140.75051900
v -313.20477300 -17.17498000 -140.75051900
v -313.20477300 -17.17498000 -140.75051900
v -313.90734900 -46.86823300 -117.97576900
v -313.90734900 -46.86823300 -117.97576900
v -313.20477300 -33.83019600 -140.83142100
v -313.20477300 -33.83019600 -140.83142100
v -313.20477300 -33.83019600 -140.83142100
v -313.20477300 -33.83019600 -140.83142100
v -313.35870400 -13.08392800 -117.14962800
v -313.35870400 -13.08392800 -117.14962800
v -313.54553200 -12.93640600 -116.97653200
v -313.54553200 -12.93640600 -116.97653200
v -314.30874600 -29.71302200 -117.49423200
v -314.30874600 -29.71302200 -117.49423200
v -313.67874100 -29.92960000 -163.38314800
v -313.67874100 -29.92960000 -163.38314800
v -313.30453500 -35.55381000 -155.07147200
v -313.30453500 -35.55381000 -155.07147200
v -313.30453500 -35.55381000 -155.07147200
v -313.30453500 -35.55381000 -124.63278200
v -313.30453500 -35.55381000 -124.63278200
v -313.30453500 -35.55381000 -124.63278200
v -313.30453500 -18.80952100 -124.63278200
v -313.30453500 -18.80952100 -124.63278200
v -313.30453500 -18.80952100 -124.63278200
v -313.30453500 -18.80952300 -155.07147200
v -313.30453500 -18.80952300 -155.07147200
v -313.30453500 -18.80952300 -155.07147200
v -313.43740800 -46.37799800 -118.17114300
v -314.34353600 -31.05210700 -163.67678800
v -313.90734900 -30.12187400 -117.97573900
v -313.90734900 -30.12187400 -117.97573900
v -313.33166500 -16.68008800 -140.93066400
v -313.33166500 -16.68008800 -140.93066400
v -313.33166500 -16.68008800 -140.93066400
v -313.33166500 -16.68008800 -140.93066400
v -313.33166500 -16.87553400 -140.69772300
v -313.33166500 -16.87553400 -140.69772300
v -313.33166500 -16.87553400 -140.69772300
v -313.33166500 -16.87553400 -140.69772300
v -313.30453500 -18.50451100 -124.63278200
v -313.30453500 -18.50451100 -124.63278200
v -313.30453500 -18.50451100 -124.63278200
v -313.30453500 -18.50451100 -155.07147200
v -313.30453500 -18.50451100 -155.07147200
v -313.30453500 -18.50451100 -155.07147200
v -313.30453500 -35.24879800 -155.07147200
v -313.30453500 -35.24879800 -155.07147200
v -313.30453500 -35.24879800 -155.07147200
v -313.30453500 -35.24879500 -124.63278200
v -313.30453500 -35.24879500 -124.63278200
v -313.30453500 -35.24879500 -124.63278200
v -313.35870400 -13.08392800 -163.99310300
v -313.35870400 -13.08392800 -163.99310300
v -313.54553200 -12.93640200 -164.12707500
v -313.41626000 -17.14377600 -140.97680700
v -313.41626000 -17.14377600 -140.97680700
v -313.41626000 -17.14377600 -140.97680700
v -313.82623300 -30.61438800 -117.80438200
v -313.82623300 -30.61438800 -117.80438200
v -313.82623300 -13.86803200 -117.80435200
v -313.82623300 -13.86803200 -117.80435200
v -314.36480700 -46.39983000 -163.65976000
v -314.36480700 -46.39983000 -163.65976000
v -314.36721800 -30.67211000 -118.03247100
v -314.36480700 -29.65347500 -163.65976000
v -314.36480700 -29.65347500 -163.65976000
v -314.01672400 -30.37800600 -162.98770100
v -313.41626000 -33.73111700 -140.97680700
v -313.41626000 -33.73111700 -140.97680700
v -313.41626000 -33.73111700 -140.97680700
v -313.41626000 -33.73111700 -140.97680700
v -314.19494600 -30.16770700 -163.51782200
v -314.19494600 -30.16770700 -163.51782200
v -313.30557300 -13.25869500 -117.66888400
v -313.30557300 -13.25869500 -117.66888400
v -313.19873000 -35.56260700 -124.66326900
v -313.19873000 -35.56260700 -155.10195900
v -313.19873000 -18.81831900 -124.66326900
v -313.19873000 -18.81831900 -155.10195900
v -314.19494600 -46.91406600 -163.51782200
v -314.19494600 -46.91406600 -163.51782200
v -313.20477300 -16.81528900 -140.97680700
v -313.20477300 -16.81528900 -140.97680700
v -313.20477300 -16.81528900 -140.97680700
v -313.20477300 -16.81528900 -140.97680700
v -313.41626000 -16.81528900 -140.99008200
v -313.41626000 -16.81528900 -140.99008200
v -313.41626000 -16.81528900 -140.99008200
v -313.41626000 -16.81528900 -140.99008200
v -315.30902100 -49.21470300 -161.88320900
v -315.30902100 -49.21470300 -161.88320900
v -315.14215100 -49.54629100 -161.78686500
v -315.14215100 -49.54629100 -161.78686500
v -315.14215100 -49.54629100 -161.78686500
v -315.30902100 -49.21469900 -120.03680400
v -315.30902100 -49.21469900 -120.03680400
v -315.14215100 -49.54629100 -119.94046000
v -315.14215100 -49.54629100 -119.94046000
v -315.14215100 -49.54629100 -119.94046000
v -315.30902100 -49.54629100 -160.84030200
v -315.30902100 -49.54629100 -160.84030200
v -315.14215100 -49.21470300 -160.93667600
v -315.14215100 -49.21470300 -160.93667600
v -315.14215100 -49.21470300 -160.93667600
v -315.30902100 -49.54629100 -118.99389600
v -315.30902100 -49.54629100 -118.99389600
v -315.14215100 -49.21469900 -119.09024000
v -315.14215100 -49.21469900 -119.09024000
v -315.14215100 -49.21469900 -119.09024000
v -345.03253200 -49.54629100 -119.94046000
v -345.03253200 -49.54629100 -119.94046000
v -345.03253200 -49.54629100 -119.94046000
v -345.19943200 -49.21469900 -120.03680400
v -345.19943200 -49.21469900 -120.03680400
v -345.19943200 -49.54629100 -118.99389600
v -345.19943200 -49.54629100 -118.99389600
v -314.34271200 -14.06134500 -117.49972500
v -314.34271200 -14.06134500 -117.49972500
v -314.34271200 -14.06134500 -117.49972500
v -312.96618700 -35.56260700 -156.97506700
v -312.72021500 -35.58470900 -156.86587500
v -312.72021500 -35.58470900 -156.86587500
v -312.72021500 -35.58470900 -156.86587500
v -312.96618700 -18.81831900 -126.53637700
v -312.72021500 -18.84041800 -126.42718500
v -312.72021500 -18.84041800 -126.42718500
v -312.72021500 -18.84041800 -126.42718500
v -312.96618700 -18.81831900 -156.97506700
v -312.72021500 -18.84042000 -156.86584500
v -312.72021500 -18.84042000 -156.86584500
v -312.72021500 -18.84042000 -156.86584500
v -312.96618700 -35.56261100 -126.53637700
v -312.72021500 -35.58470900 -126.42718500
v -312.72021500 -35.58470900 -126.42718500
v -312.72021500 -35.58470900 -126.42718500
v -314.30874600 -46.78714000 -117.94586200
v -313.63543700 -29.81624800 -117.97390700
v -313.63543700 -29.81624800 -117.97390700
v -313.63543700 -46.56260700 -117.97390700
v -313.63543700 -46.56260700 -117.97390700
v -313.30453500 -35.24879800 -126.59982300
v -313.30453500 -35.24879800 -126.59982300
v -313.30453500 -35.24879800 -126.59982300
v -313.30453500 -35.24879800 -157.03851300
v -313.30453500 -35.24879800 -157.03851300
v -313.30453500 -35.24879800 -157.03851300
v -313.30453500 -18.50450900 -126.59982300
v -313.30453500 -18.50450900 -126.59982300
v -313.30453500 -18.50450900 -126.59982300
v -313.30453500 -18.50451100 -157.03851300
v -313.30453500 -18.50451100 -157.03851300
v -313.30453500 -18.50451100 -157.03851300
v -313.16247600 -33.38853100 -140.49346900
v -313.16247600 -33.38853100 -140.49346900
v -313.16247600 -33.38853100 -140.49346900
v -313.56262200 -33.23170500 -140.58401500
v -313.56262200 -33.23170500 -140.58401500
v -313.56262200 -33.90204200 -141.38290400
v -313.56262200 -33.90204200 -141.38290400
v -313.56262200 -17.15787100 -141.47341900
v -313.16247600 -16.46602600 -140.89291400
v -313.16247600 -16.46602600 -140.89291400
v -313.56262200 -16.64436300 -141.38287400
v -313.56262200 -16.64436300 -141.38287400
v -313.48886100 -12.25276700 -117.14962800
v -313.48886100 -12.25276700 -117.14962800
v -313.48886100 -12.25276700 -117.14962800
v -314.39117400 -29.68812000 -163.47003200
v -313.48889200 -12.25276300 -163.99310300
v -313.48889200 -12.25276300 -163.99310300
v -313.48889200 -12.25276300 -163.99310300
v -314.02035500 -30.77286700 -117.53689600
v -314.02035500 -14.02650900 -117.53689600
v -314.11361700 -29.52602800 -163.67431600
v -314.38217200 -14.03069000 -163.51281700
v -314.38223300 -14.03127000 -117.91403200
v -313.23498500 -18.47361200 -126.60430900
v -313.23498500 -18.47361200 -126.60430900
v -313.23498500 -35.21790300 -126.60434000
v -313.23498500 -35.21790300 -126.60434000
v -313.23498500 -18.47361400 -157.04299900
v -313.23498500 -18.47361400 -157.04299900
v -313.23498500 -35.21790300 -157.04299900
v -313.23498500 -35.21790300 -157.04299900
v -314.11361700 -46.27238800 -163.67431600
v -314.11401400 -30.18374800 -163.51480100
v -314.11401400 -30.18374800 -163.51480100
v -314.34344500 -14.22956900 -117.43038900
v -314.34344500 -14.22956900 -117.43038900
v -314.34344500 -14.22956900 -117.43038900
v -314.34344500 -30.97592900 -117.43038900
v -314.34344500 -30.97592900 -117.43038900
v -314.34344500 -30.97592900 -117.43038900
v -313.16247600 -33.67086800 -141.26916500
v -313.16247600 -33.67086800 -141.26916500
v -313.16247600 -33.67086800 -141.26916500
v -313.16247600 -33.67086800 -141.26916500
v -313.16247600 -33.67086800 -141.26916500
v -312.34536700 -35.58470500 -125.83526600
v -312.34536700 -35.58470500 -125.83526600
v -312.33081100 -35.58470500 -125.47988900
v -312.33081100 -35.58470500 -125.47988900
v -312.34536700 -35.58470900 -156.27395600
v -312.34536700 -35.58470900 -156.27395600
v -312.33081100 -35.58470900 -155.91854900
v -312.33081100 -35.58470900 -155.91854900
v -312.34536700 -18.84041800 -125.83526600
v -312.34536700 -18.84041800 -125.83526600
v -312.33081100 -18.84041800 -125.47988900
v -312.33081100 -18.84041800 -125.47988900
v -312.33081100 -18.84042000 -155.91854900
v -312.33081100 -18.84042000 -155.91854900
v -312.34536700 -18.84042000 -156.27395600
v -312.34536700 -18.84042000 -156.27395600
v -313.20477300 -33.56687200 -140.95703100
v -313.20477300 -33.56687200 -140.95703100
v -313.20477300 -33.56687200 -140.95703100
v -313.20477300 -33.56687200 -140.95703100
v -313.20477300 -33.56687200 -140.95703100
v -314.11407500 -13.63792100 -118.03747600
v -314.11407500 -30.38428100 -118.03747600
v -312.65600600 -35.58470900 -155.29800400
v -312.65600600 -35.58470900 -155.29800400
v -312.43872100 -35.58470900 -155.57962000
v -312.43872100 -35.58470900 -155.57962000
v -312.48059100 -35.58470900 -156.60296600
v -312.48059100 -35.58470900 -156.60296600
v -312.48059100 -35.58470900 -156.60296600
v -312.48059100 -18.84041800 -126.16427600
v -312.48059100 -18.84041800 -126.16427600
v -312.48059100 -18.84041800 -126.16427600
v -312.43872100 -35.58470500 -125.14093000
v -312.43872100 -35.58470500 -125.14093000
v -312.65600600 -35.58470500 -124.85931400
v -312.65600600 -35.58470500 -124.85931400
v -312.48059100 -35.58470500 -126.16427600
v -312.48059100 -35.58470500 -126.16427600
v -312.48059100 -35.58470500 -126.16427600
v -312.43872100 -18.84042000 -155.57962000
v -312.43872100 -18.84042000 -155.57962000
v -312.65600600 -18.84042000 -155.29800400
v -312.65600600 -18.84042000 -155.29800400
v -312.43872100 -18.84041800 -125.14093000
v -312.43872100 -18.84041800 -125.14093000
v -312.65600600 -18.84041800 -124.85931400
v -312.65600600 -18.84041800 -124.85931400
v -312.48059100 -18.84042000 -156.60296600
v -312.48059100 -18.84042000 -156.60296600
v -312.48059100 -18.84042000 -156.60296600
v -314.30871600 -46.78714400 -163.50418100
v -314.30871600 -30.04078500 -163.50418100
v -313.28601100 -35.58470900 -157.00018300
v -313.28601100 -35.58470900 -157.00018300
v -313.28601100 -18.84042000 -157.00018300
v -313.28601100 -18.84042000 -157.00018300
v -313.28601100 -18.84041800 -126.56152300
v -313.28601100 -18.84041800 -126.56152300
v -313.28601100 -35.58470900 -126.56152300
v -313.28601100 -35.58470900 -126.56152300
v -313.28601100 -18.47361200 -124.67111200
v -313.28601100 -18.47361200 -124.67111200
v -313.28601100 -18.47361400 -155.10980200
v -313.28601100 -18.47361400 -155.10980200
v -313.28601100 -35.21789900 -124.67111200
v -313.28601100 -35.21789900 -124.67111200
v -313.28601100 -35.21790300 -155.10980200
v -313.28601100 -35.21790300 -155.10980200
v -313.20477300 -16.97953000 -141.00015300
v -313.20477300 -16.97953000 -141.00015300
v -313.20477300 -16.97953000 -141.00015300
v -313.20477300 -16.97953000 -141.00015300
v -313.20477300 -16.97953000 -141.00015300
v -313.20477300 -33.56687200 -141.00015300
v -313.20477300 -33.56687200 -141.00015300
v -313.20477300 -33.56687200 -141.00015300
v -313.20477300 -33.56687200 -141.00015300
v -313.20477300 -33.56687200 -141.00015300
v -313.28601100 -35.58470500 -124.67111200
v -313.28601100 -35.58470500 -124.67111200
v -313.28601100 -35.58470900 -155.10980200
v -313.28601100 -35.58470900 -155.10980200
v -313.28601100 -18.84041800 -124.67111200
v -313.28601100 -18.84041800 -124.67111200
v -313.28601100 -18.84042000 -155.10980200
v -313.28601100 -18.84042000 -155.10980200
v -313.67874100 -13.84342700 -163.36956800
v -346.55438200 -13.30672200 -162.44857800
v -313.71337900 -13.86789000 -117.95483400
v -313.71337900 -13.86789000 -117.95483400
v -313.71337900 -30.61424800 -117.95483400
v -313.71337900 -30.61424800 -117.95483400
v -313.71337900 -30.61424800 -117.95483400
v -314.01794400 -30.16841100 -163.49890100
v -314.01794400 -30.16841100 -163.49890100
v -314.36715700 -14.30284600 -163.66848800
v -314.36715700 -14.30284600 -163.66848800
v -313.03527800 -35.21789900 -124.64035000
v -313.03527800 -35.21789900 -124.64035000
v -313.03527800 -35.21790300 -155.07904100
v -313.03527800 -35.21790300 -155.07904100
v -313.03527800 -18.47361200 -124.64035000
v -313.03527800 -18.47361200 -124.64035000
v -313.03527800 -18.47361400 -155.07904100
v -313.03527800 -18.47361400 -155.07904100
v -313.20477300 -33.46287900 -140.69772300
v -313.20477300 -33.46287900 -140.69772300
v -313.20477300 -33.46287900 -140.69772300
v -313.23498500 -35.58470500 -124.62829600
v -313.23498500 -35.58470500 -124.62829600
v -313.23498500 -35.58470900 -155.06698600
v -313.23498500 -35.58470900 -155.06698600
v -313.23498500 -18.84041800 -124.62829600
v -313.23498500 -18.84041800 -124.62829600
v -313.23498500 -18.84042000 -155.06698600
v -313.23498500 -18.84042000 -155.06698600
v -314.26007100 -30.12011100 -117.92617800
v -314.26007100 -30.12011100 -117.92617800
v -314.26007100 -30.12011100 -117.92617800
v -314.26007100 -46.86647000 -117.92617800
v -314.26007100 -46.86647000 -117.92617800
v -314.26007100 -46.86647000 -117.92617800
v -313.90734900 -30.43323500 -118.08209200
v -313.90734900 -13.68687900 -118.08209200
v -313.35644500 -13.25869500 -117.14962800
v -313.35644500 -13.25869500 -117.14962800
v -313.35644500 -13.25869100 -163.99310300
v -313.35644500 -13.25869100 -163.99310300
v -313.35644500 -13.25869100 -163.99310300
vn 0.96400000 -0.00000000 -0.26580000
vn 1.00000000 -0.00000000 -0.00000000
vn 0.93160000 0.25700000 -0.25690000
vn 0.96410000 0.26570000 -0.00000000
vn 0.95020000 0.16860000 0.26200000
vn 0.96400000 0.26600000 -0.00000000
vn 0.96400000 -0.00000000 0.26580000
vn 1.00000000 -0.00000000 -0.00000000
vn 0.96410000 0.26570000 -0.00000000
vn 0.95020000 0.26210000 0.16850000
vn 0.96400000 -0.00000000 0.26580000
vn 1.00000000 -0.00000000 -0.00000000
vn -0.00000000 -1.00000000 -0.00000000
vn -0.96400000 -0.00000000 -0.26570000
vn -0.00000000 -1.00000000 -0.00000000
vn -1.00000000 -0.00000000 -0.00000000
vn -0.96400000 -0.00000000 0.26570000
vn -1.00000000 -0.00000000 -0.00000000
vn -0.00000000 -1.00000000 -0.00000000
vn -0.93170000 0.25680000 0.25680000
vn -0.96400000 -0.00000000 0.26570000
vn -0.96410000 0.26570000 -0.00000000
vn -1.00000000 -0.00000000 -0.00000000
vn -1.00000000 -0.00000000 -0.00000000
vn -0.95020000 0.16860000 -0.26190000
vn -0.96400000 -0.00000000 -0.26570000
vn -0.96410000 0.26570000 -0.00000000
vn -0.95030000 0.26170000 -0.16860000
vn 0.96400000 -0.00000000 -0.26580000
vn -0.00000000 -1.00000000 -0.00000000
vn 1.00000000 -0.00000000 -0.00000000
vn -0.01430000 0.99980000 -0.01630000
vn -0.01400000 0.99980000 0.01290000
vn 0.02530000 0.99870000 0.04310000
vn -0.00000000 -0.99990000 -0.01490000
vn 0.04070000 -0.99910000 0.01340000
vn -0.01410000 -0.99980000 0.01280000
vn 0.99840000 0.05580000 0.00490000
vn 0.99100000 -0.13400000 0.00460000
vn 0.99840000 0.05610000 -0.00360000
vn -0.99900000 0.01770000 -0.04180000
vn -0.99940000 -0.03420000 0.01060000
vn -0.99950000 0.01700000 0.02620000
vn 0.99840000 0.05610000 0.00490000
vn 0.99100000 -0.13410000 0.00460000
vn 0.99090000 -0.13490000 -0.00350000
vn -0.99900000 0.01770000 -0.04180000
vn -0.99940000 -0.03420000 0.01060000
vn -0.99970000 0.01760000 0.01390000
vn 0.04100000 -0.99900000 -0.01720000
vn 0.02520000 0.99810000 -0.05560000
vn 0.99840000 0.05610000 -0.00360000
vn -0.99370000 -0.08910000 -0.06800000
vn -0.99370000 -0.08920000 -0.06800000
vn 0.99090000 -0.13480000 -0.00350000
vn -0.00000000 -0.00000000 -1.00000000
vn -1.00000000 -0.00000000 -0.00000000
vn -0.00000000 -1.00000000 -0.00000000
vn -0.00000000 -1.00000000 -0.00000000
vn 1.00000000 -0.00000000 -0.00000000
vn -0.00000000 -0.00000000 -1.00000000
vn 1.00000000 -0.00000000 -0.00000000
vn -0.00000000 -1.00000000 -0.00000000
vn -0.00000000 -0.00000000 1.00000000
vn 0.26580000 -0.00000000 -0.96400000
vn -0.00000000 -1.00000000 -0.00000000
vn -0.00000000 -0.00000000 -1.00000000
vn -0.00000000 -1.00000000 -0.00000000
vn -0.26580000 -0.00000000 -0.96400000
vn -0.00000000 -0.00000000 -1.00000000
vn -0.26610000 -0.00000000 -0.96400000
vn -0.00000000 0.26570000 -0.96400000
vn -0.26580000 -0.00000000 -0.96400000
vn -0.25680000 0.25680000 -0.93170000
vn -0.00000000 -0.00000000 -1.00000000
vn -0.00000000 -1.00000000 -0.00000000
vn -0.00000000 -0.00000000 1.00000000
vn -1.00000000 -0.00000000 -0.00000000
vn -0.00000000 -0.00000000 1.00000000
vn -0.00000000 -1.00000000 -0.00000000
vn -0.26580000 -0.00000000 0.96400000
vn 0.26570000 -0.00000000 0.96400000
vn -0.00000000 -0.00000000 1.00000000
vn 0.26570000 -0.00000000 0.96410000
vn 0.26580000 -0.00000000 0.96400000
vn -0.00000000 -0.00000000 1.00000000
vn -0.00000000 0.26570000 0.96400000
vn -0.26190000 0.16870000 0.95020000
vn -0.26580000 -0.00000000 0.96400000
vn -0.16860000 0.26190000 0.95030000
vn -0.00000000 0.26570000 0.96400000
vn 0.25680000 0.25680000 0.93170000
vn 0.26580000 -0.00000000 0.96400000
vn -0.00000000 -0.00000000 1.00000000
vn -0.26580000 0.96400000 -0.00000000
vn -0.00000000 0.96400000 0.26570000
vn -0.26570000 0.96400000 -0.00000000
vn -0.25690000 0.93170000 0.25680000
vn -0.00000000 1.00000000 -0.00000000
vn 0.26200000 0.95020000 0.16860000
vn -0.00000000 1.00000000 -0.00000000
vn 0.16860000 0.95020000 0.26190000
vn 0.26570000 0.96400000 -0.00000000
vn -0.00000000 0.96400000 0.26570000
vn 0.26580000 0.96400000 -0.00000000
vn 0.26570000 0.96400000 -0.00000000
vn -0.00000000 0.96400000 -0.26570000
vn -0.00000000 1.00000000 -0.00000000
vn 0.25690000 0.93170000 -0.25680000
vn 0.26580000 -0.00000000 -0.96400000
vn -0.00000000 0.26570000 -0.96400000
vn -0.00000000 -0.00000000 -1.00000000
vn 0.26190000 0.16870000 -0.95020000
vn 0.16860000 0.26190000 -0.95030000
vn -0.26580000 0.96400000 -0.00000000
vn -0.00000000 1.00000000 -0.00000000
vn -0.00000000 0.96400000 -0.26570000
vn -0.26190000 0.95030000 -0.16850000
vn -0.16860000 0.95020000 -0.26200000
vn -1.00000000 -0.00000000 -0.00000000
vn -0.00000000 -1.00000000 -0.00000000
vn -0.00000000 -0.00000000 1.00000000
vn -1.00000000 -0.00000000 -0.00000000
vn -0.00000000 -0.00000000 -1.00000000
vn -0.00000000 -1.00000000 -0.00000000
vn 1.00000000 -0.00000000 -0.00000000
vn -0.00000000 -0.00000000 -1.00000000
vn -0.00000000 -1.00000000 -0.00000000
vn -0.00000000 -0.00000000 1.00000000
vn 1.00000000 -0.00000000 -0.00000000
vn -0.00000000 -1.00000000 -0.00000000
vn 0.79860000 -0.03800000 0.60060000
vn 0.84610000 -0.08060000 0.52690000
vn 0.85000000 0.04570000 0.52480000
vn 0.48290000 -0.87570000 0.00360000
vn 0.29380000 -0.95580000 0.00420000
vn 0.29340000 -0.95600000 -0.00300000
vn -0.86760000 0.49730000 -0.00020000
vn -0.87410000 0.48580000 0.00340000
vn -0.67920000 0.73390000 0.00610000
vn -0.67920000 0.73390000 0.00610000
vn 0.63020000 0.07090000 0.77320000
vn 0.73600000 -0.06760000 0.67360000
vn 0.73600000 -0.06760000 0.67360000
vn 0.73600000 -0.06760000 0.67360000
vn 0.73900000 0.04280000 0.67240000
vn 0.73900000 0.04280000 0.67240000
vn 0.51760000 0.85560000 0.00170000
vn 0.60090000 0.79920000 0.01500000
vn 0.60550000 0.79580000 -0.00200000
vn 0.73600000 -0.06760000 0.67360000
vn 0.73600000 -0.06760000 0.67360000
vn 0.73600000 -0.06760000 0.67360000
vn 0.73900000 0.04280000 0.67240000
vn 0.73900000 0.04280000 0.67240000
vn 0.63020000 0.07090000 0.77320000
vn 0.64770000 -0.76160000 0.02360000
vn 0.64450000 -0.76460000 -0.00180000
vn 0.67940000 -0.73380000 0.00260000
vn 0.67940000 -0.73380000 0.00260000
vn 0.79860000 -0.03820000 0.60060000
vn 0.80000000 0.03930000 0.59870000
vn 0.50290000 0.86430000 -0.00050000
vn 0.59600000 0.80290000 0.00600000
vn 0.58030000 0.81430000 -0.01460000
vn 0.66730000 0.03720000 -0.74390000
vn 0.66480000 -0.03800000 -0.74600000
vn 0.60220000 0.03550000 -0.79750000
vn 0.66730000 0.03720000 -0.74390000
vn 0.66490000 -0.03800000 -0.74600000
vn 0.60220000 0.03550000 -0.79760000
vn 0.67890000 0.73420000 0.00250000
vn 0.67890000 0.73420000 0.00250000
vn 0.67940000 0.73360000 -0.01630000
vn 0.67940000 0.73360000 -0.01630000
vn 0.29190000 -0.03400000 -0.95580000
vn 0.43400000 0.02900000 -0.90040000
vn 0.42850000 -0.03800000 -0.90270000
vn 0.48220000 -0.87600000 -0.00260000
vn -0.00000000 -0.63100000 0.77580000
vn -0.00000000 -0.63100000 0.77580000
vn 0.34580000 -0.54540000 0.76350000
vn 0.34580000 -0.54540000 0.76350000
vn 0.34580000 -0.54540000 0.76350000
vn -0.14430000 0.59960000 0.78720000
vn -0.14430000 0.59960000 0.78720000
vn -0.79340000 -0.59690000 0.11890000
vn -0.79340000 -0.59690000 0.11890000
vn -0.79340000 0.59700000 0.11890000
vn -0.79340000 0.59700000 0.11890000
vn -0.79310000 -0.59030000 -0.15010000
vn -0.79310000 -0.59030000 -0.15010000
vn -0.11710000 -0.58530000 -0.80230000
vn -0.11710000 -0.58530000 -0.80230000
vn -0.11600000 0.58590000 -0.80210000
vn -0.11600000 0.58590000 -0.80210000
vn 0.29850000 -0.53840000 -0.78810000
vn 0.29850000 -0.53840000 -0.78810000
vn -0.79320000 0.59020000 -0.15010000
vn -0.79320000 0.59020000 -0.15010000
vn 0.55910000 0.82680000 0.06130000
vn 0.55910000 0.82680000 0.06130000
vn 0.84910000 0.52350000 0.07090000
vn 0.84910000 0.52350000 0.07090000
vn 0.84830000 0.52180000 -0.09020000
vn 0.84830000 0.52180000 -0.09020000
vn 0.84830000 0.52180000 -0.09020000
vn -0.00000000 -0.00000000 1.00000000
vn 0.01720000 0.44780000 0.89400000
vn 0.01720000 0.44780000 0.89400000
vn 0.00060000 0.53770000 0.84310000
vn 0.00060000 0.53770000 0.84310000
vn 0.59620000 -0.80280000 0.00180000
vn 0.58620000 -0.81020000 -0.00230000
vn 0.42850000 -0.03800000 -0.90280000
vn 0.29190000 -0.03400000 -0.95580000
vn 0.29330000 0.02320000 -0.95570000
vn 0.89010000 -0.45100000 -0.06640000
vn 0.89010000 -0.45100000 -0.06640000
vn 0.99790000 0.06430000 -0.00000000
vn 0.99460000 0.06970000 0.07700000
vn 0.26350000 0.06870000 -0.96220000
vn 0.00050000 0.49500000 -0.86890000
vn 0.00050000 0.49500000 -0.86890000
vn 0.26980000 0.42840000 -0.86240000
vn 0.26980000 0.42840000 -0.86240000
vn 0.71300000 -0.43160000 0.55260000
vn 0.71300000 -0.43160000 0.55260000
vn 0.71300000 -0.43160000 0.55260000
vn 0.78110000 -0.18530000 0.59630000
vn 0.70500000 -0.26100000 0.65950000
vn 0.70500000 -0.26100000 0.65950000
vn 0.70500000 -0.26100000 0.65950000
vn -0.96400000 -0.26600000 -0.00410000
vn -0.96590000 -0.25890000 0.00080000
vn -0.98210000 -0.18750000 0.01980000
vn 0.63120000 0.45730000 0.62640000
vn 0.70560000 0.19470000 0.68130000
vn 0.70560000 0.19470000 0.68130000
vn 0.70560000 0.19470000 0.68130000
vn 0.76250000 0.30490000 0.57060000
vn 0.76250000 0.30490000 0.57060000
vn -0.98020000 0.19750000 0.01220000
vn -0.95490000 0.29680000 0.00100000
vn -0.94720000 0.32070000 -0.00320000
vn 0.68740000 0.72620000 0.00450000
vn 0.68740000 0.72620000 0.00450000
vn 0.80830000 0.58870000 0.00340000
vn 0.79810000 0.60250000 -0.00170000
vn 0.63120000 0.45740000 0.62640000
vn 0.70560000 0.19470000 0.68130000
vn 0.70560000 0.19470000 0.68130000
vn 0.70560000 0.19470000 0.68130000
vn 0.76250000 0.30490000 0.57060000
vn 0.76250000 0.30490000 0.57060000
vn 0.27720000 0.95160000 0.13250000
vn 0.29710000 0.95180000 -0.07660000
vn -0.39480000 0.91830000 -0.02870000
vn -0.39480000 0.91830000 -0.02870000
vn -0.06300000 -0.93040000 0.36120000
vn -0.33560000 -0.94140000 0.03290000
vn -0.07030000 -0.92960000 -0.36180000
vn -0.06300000 -0.93030000 0.36130000
vn -0.33540000 -0.94150000 0.03300000
vn -0.07030000 -0.92960000 -0.36190000
vn 0.27720000 0.95160000 0.13260000
vn 0.29710000 0.95180000 -0.07650000
vn -0.39440000 0.91850000 -0.02870000
vn -0.39440000 0.91850000 -0.02870000
vn 0.27720000 0.95160000 0.13250000
vn 0.29710000 0.95180000 -0.07650000
vn -0.39480000 0.91830000 -0.02870000
vn -0.39480000 0.91830000 -0.02870000
vn -0.06300000 -0.93030000 0.36120000
vn -0.33570000 -0.94140000 0.03290000
vn -0.07030000 -0.92960000 -0.36190000
vn 0.27720000 0.95160000 0.13260000
vn 0.29710000 0.95180000 -0.07660000
vn -0.39520000 0.91820000 -0.02870000
vn -0.39520000 0.91820000 -0.02870000
vn -0.06300000 -0.93030000 0.36130000
vn -0.33580000 -0.94140000 0.03290000
vn -0.07030000 -0.92960000 -0.36190000
vn 0.29900000 -0.68490000 0.66450000
vn 0.29900000 -0.68490000 0.66450000
vn 0.29900000 -0.68490000 0.66450000
vn 0.32980000 -0.87380000 0.35730000
vn 0.32980000 -0.87380000 0.35730000
vn 0.53340000 -0.65870000 0.53070000
vn 0.53340000 -0.65870000 0.53070000
vn -0.96390000 -0.26630000 -0.00420000
vn -0.96350000 -0.26760000 0.00170000
vn -0.98390000 -0.17890000 0.00070000
vn -0.97510000 0.21940000 -0.03390000
vn 0.66310000 0.17830000 -0.72700000
vn 0.66310000 0.17830000 -0.72700000
vn 0.66310000 0.17830000 -0.72700000
vn 0.58820000 0.20520000 -0.78230000
vn 0.58820000 0.20520000 -0.78230000
vn -0.00000000 -1.00000000 -0.00000000
vn -0.00000000 -0.00000000 1.00000000
vn 1.00000000 -0.00000000 -0.00000000
vn -0.00000000 -1.00000000 -0.00000000
vn -0.00000000 -0.00000000 1.00000000
vn -1.00000000 -0.00000000 -0.00000000
vn -0.00000000 -0.00000000 -1.00000000
vn -0.00000000 -1.00000000 -0.00000000
vn -1.00000000 -0.00000000 -0.00000000
vn -0.00000000 -1.00000000 -0.00000000
vn 1.00000000 -0.00000000 -0.00000000
vn -0.00000000 -0.00000000 -1.00000000
vn -0.95500000 0.29670000 0.00100000
vn -0.94710000 0.32090000 -0.00320000
vn -0.97500000 0.21950000 -0.03400000
vn 0.66310000 0.17830000 -0.72700000
vn 0.66310000 0.17830000 -0.72700000
vn 0.66310000 0.17830000 -0.72700000
vn 0.58820000 0.20520000 -0.78230000
vn 0.58820000 0.20520000 -0.78230000
vn -0.27850000 -0.94130000 -0.19060000
vn 0.12650000 0.94690000 0.29560000
vn -0.00000000 0.64280000 0.76600000
vn -0.00000000 0.64280000 0.76600000
vn 1.00000000 -0.00020000 -0.00000000
vn 1.00000000 -0.00000000 -0.00000000
vn 1.00000000 -0.00030000 -0.00000000
vn 1.00000000 -0.00000000 -0.00000000
vn -0.00000000 0.86600000 0.50000000
vn -0.00000000 0.86600000 0.50000000
vn 1.00000000 -0.00000000 -0.00000000
vn -0.00000000 -0.34210000 -0.93970000
vn -0.00000000 -0.64280000 -0.76610000
vn -0.00000000 -0.64280000 -0.76610000
vn 1.00000000 -0.00020000 -0.00000000
vn 1.00000000 -0.00000000 -0.00000000
vn -0.00000000 -0.64280000 -0.76610000
vn -0.00000000 -0.64280000 -0.76610000
vn 0.12660000 0.94690000 0.29560000
vn -0.27850000 -0.94130000 -0.19060000
vn -0.27850000 -0.94130000 -0.19060000
vn 0.12650000 0.94690000 0.29560000
vn -0.27850000 -0.94130000 -0.19060000
vn 0.12660000 0.94690000 0.29560000
vn 1.00000000 -0.00030000 -0.00000000
vn 1.00000000 -0.00000000 -0.00000000
vn 1.00000000 -0.00020000 -0.00000000
vn 1.00000000 0.00030000 -0.00000000
vn -0.00000000 -0.00000000 -1.00000000
vn 1.00000000 -0.00020000 -0.00000000
vn -0.00000000 -0.34200000 -0.93970000
vn -0.00000000 -0.34200000 -0.93970000
vn 1.00000000 -0.00000000 -0.00000000
vn -0.00000000 0.64280000 0.76600000
vn -0.00000000 0.64280000 0.76600000
vn 1.00000000 -0.00010000 -0.00000000
vn -0.00000000 0.86600000 0.50000000
vn 1.00000000 -0.00000000 -0.00000000
vn 1.00000000 0.00070000 -0.00000000
vn -0.00000000 0.86600000 0.50000000
vn -0.00000000 -0.76610000 -0.64280000
vn -0.00000000 -0.50040000 -0.86580000
vn -0.00000000 0.49990000 0.86610000
vn 1.00000000 0.00080000 -0.00000000
vn -0.00000000 -0.76600000 -0.64280000
vn 1.00000000 -0.00120000 -0.00000000
vn 1.00000000 -0.00010000 -0.00000000
vn 1.00000000 -0.00000000 -0.00000000
vn -0.00000000 -0.49990000 -0.86610000
vn 1.00000000 0.00050000 -0.00000000
vn -0.00000000 0.50040000 -0.86580000
vn -0.00000000 0.76600000 -0.64280000
vn 1.00000000 0.00010000 -0.00000000
vn -0.00000000 0.49970000 -0.86620000
vn 1.00000000 -0.00000000 -0.00000000
vn 1.00000000 -0.00000000 -0.00000000
vn -0.00000000 -0.10300000 -0.99470000
vn -0.00000000 0.21100000 -0.97750000
vn -0.05420000 0.02680000 -0.99820000
vn -0.00000000 -0.98480000 -0.17370000
vn -0.00000000 -0.86600000 -0.50000000
vn 1.00000000 -0.00030000 -0.00000000
vn -0.00000000 -0.86600000 -0.50000000
vn 1.00000000 -0.00000000 -0.00000000
vn -0.97500000 -0.21600000 -0.05180000
vn 0.38290000 -0.27460000 -0.88200000
vn 0.26190000 -0.32640000 -0.90820000
vn 0.24480000 -0.22640000 -0.94280000
vn 0.45910000 0.16650000 -0.87270000
vn 0.59890000 0.12890000 -0.79040000
vn 0.52630000 -0.16670000 -0.83380000
vn 0.91260000 -0.16650000 0.37350000
vn 0.96680000 -0.12940000 0.22040000
vn 0.93910000 0.16660000 0.30050000
vn 0.91260000 -0.16650000 0.37350000
vn 0.96680000 -0.12940000 0.22040000
vn 0.93910000 0.16650000 0.30050000
vn 0.45910000 0.16650000 -0.87270000
vn 0.59890000 0.12890000 -0.79040000
vn 0.52620000 -0.16660000 -0.83380000
vn 0.45910000 0.16650000 -0.87270000
vn 0.59890000 0.12890000 -0.79040000
vn 0.52630000 -0.16660000 -0.83380000
vn 0.91260000 -0.16650000 0.37350000
vn 0.96680000 -0.12930000 0.22040000
vn 0.93910000 0.16650000 0.30050000
vn 0.26160000 0.04230000 0.96420000
vn 0.25940000 -0.06490000 0.96360000
vn 0.46050000 -0.08900000 0.88320000
vn -0.43130000 -0.66280000 0.61210000
vn -0.43130000 -0.66280000 0.61210000
vn -0.22630000 -0.71470000 0.66180000
vn -0.22630000 -0.71470000 0.66180000
vn -0.22630000 -0.71470000 0.66180000
vn -0.06700000 -0.64110000 0.76450000
vn -0.97500000 -0.21600000 -0.05180000
vn 0.38250000 -0.27470000 -0.88220000
vn 0.26190000 -0.32640000 -0.90820000
vn 0.24480000 -0.22640000 -0.94280000
vn -0.00000000 -0.00000000 -1.00000000
vn -0.00000000 0.34210000 -0.93970000
vn 1.00000000 -0.00000000 -0.00000000
vn -0.00000000 0.34210000 -0.93970000
vn -0.00000000 0.64280000 0.76600000
vn -0.00000000 0.64280000 0.76600000
vn -0.00000000 0.34210000 0.93970000
vn -0.00000000 0.34210000 0.93970000
vn 1.00000000 -0.00020000 -0.00000000
vn 1.00000000 -0.00000000 -0.00000000
vn 1.00000000 -0.00050000 -0.00000000
vn 1.00000000 0.00030000 -0.00000000
vn 0.98530000 -0.16650000 0.03880000
vn 0.98390000 -0.12930000 -0.12360000
vn 0.98530000 0.16620000 -0.03880000
vn 0.45900000 0.16650000 -0.87270000
vn 0.59890000 0.12890000 -0.79040000
vn 0.52630000 -0.16670000 -0.83380000
vn 0.52630000 0.16650000 0.83380000
vn 0.38490000 0.12930000 0.91380000
vn 0.45900000 -0.16650000 0.87270000
vn -0.95040000 -0.23510000 -0.20370000
vn -0.94160000 -0.22860000 0.24710000
vn -0.95030000 0.23510000 0.20410000
vn 0.64270000 -0.00000000 0.76610000
vn -0.00000000 -1.00000000 -0.00000000
vn 0.64270000 -0.00000000 0.76610000
vn -0.64280000 -0.00000000 0.76610000
vn -0.00000000 -1.00000000 -0.00000000
vn -0.64280000 -0.00000000 0.76610000
vn -0.86600000 -0.00000000 -0.50000000
vn -0.00000000 -1.00000000 -0.00000000
vn -0.00000000 1.00000000 -0.00000000
vn -0.98480000 -0.00000000 -0.17370000
vn -0.00000000 1.00000000 -0.00000000
vn -0.34200000 -0.00000000 0.93970000
vn -0.00000000 1.00000000 -0.00000000
vn 0.64270000 -0.00000000 -0.76610000
vn 0.64270000 -0.00000000 -0.76610000
vn 0.38500000 -0.12900000 -0.91390000
vn -0.95030000 0.23500000 0.20410000
vn -0.92440000 0.24450000 -0.29280000
vn -0.95040000 -0.23510000 -0.20370000
vn -0.92440000 0.24460000 -0.29270000
vn 0.38480000 -0.12910000 -0.91390000
vn -0.95030000 0.23500000 0.20410000
vn -0.92440000 0.24450000 -0.29280000
vn -0.95050000 -0.23480000 -0.20360000
vn 0.38500000 -0.12900000 -0.91390000
vn -0.95030000 0.23500000 0.20410000
vn -0.92440000 0.24450000 -0.29280000
vn -0.95040000 -0.23510000 -0.20370000
vn 0.38500000 -0.12900000 -0.91390000
vn 1.00000000 -0.00070000 -0.00000000
vn -0.00000000 -0.86600000 0.50000000
vn 1.00000000 -0.00070000 -0.00000000
vn 1.00000000 0.00100000 -0.00000000
vn -0.00000000 -0.64280000 0.76600000
vn -0.00000000 -0.64280000 0.76600000
vn -0.00000000 -0.64280000 0.76600000
vn -0.00000000 -0.64280000 0.76600000
vn -0.00000000 0.88430000 -0.46700000
vn -0.00000000 -0.10300000 -0.99470000
vn 1.00000000 0.00030000 -0.00000000
vn 1.00000000 -0.00000000 -0.00000000
vn -0.00000000 -0.10300000 -0.99470000
vn -0.00000000 0.21100000 -0.97750000
vn 1.00000000 -0.00000000 -0.00000000
vn -0.05420000 0.02680000 -0.99820000
vn -0.00000000 0.17370000 0.98480000
vn -0.00000000 0.49990000 0.86610000
vn 1.00000000 0.00100000 -0.00000000
vn 1.00000000 -0.00050000 -0.00000000
vn 1.00000000 0.00030000 -0.00000000
vn 1.00000000 -0.00000000 -0.00000000
vn -0.00000000 -0.64280000 0.76600000
vn -0.00000000 -0.64280000 0.76600000
vn 1.00000000 -0.00000000 -0.00000000
vn -0.00000000 -0.86600000 0.50000000
vn 1.00000000 -0.00000000 -0.00000000
vn -0.00000000 0.76610000 -0.64280000
vn 1.00000000 -0.00000000 -0.00000000
vn 1.00000000 0.00010000 -0.00000000
vn -0.00000000 0.93970000 -0.34210000
vn -0.00000000 0.93980000 -0.34180000
vn -0.00000000 0.34200000 0.93970000
vn -0.00000000 -0.00000000 1.00000000
vn 1.00000000 0.00040000 -0.00000000
vn -0.00000000 -0.00000000 1.00000000
vn 1.00000000 -0.00040000 -0.00000000
vn 0.93910000 0.16650000 0.30050000
vn 0.88230000 0.12900000 0.45260000
vn 0.91260000 -0.16650000 0.37340000
vn 0.72980000 -0.16650000 0.66310000
vn 0.72980000 -0.16650000 0.66310000
vn 0.83300000 -0.12960000 0.53780000
vn 0.77970000 0.16650000 0.60360000
vn 1.00000000 -0.00000000 -0.00000000
vn -0.00000000 0.98480000 -0.17360000
vn 1.00000000 0.00020000 -0.00000000
vn 1.00000000 0.00030000 -0.00000000
vn -0.00000000 0.86600000 -0.50000000
vn 1.00000000 0.00020000 -0.00000000
vn 1.00000000 -0.00000000 -0.00000000
vn -0.00000000 0.86600000 -0.50000000
vn -0.00000000 0.10370000 0.99460000
vn 1.00000000 -0.00000000 -0.00000000
vn -0.02930000 -0.88390000 0.46680000
vn 1.00000000 0.00030000 -0.00000000
vn -0.00000000 -0.71690000 0.69720000
vn 1.00000000 -0.00010000 -0.00000000
vn -0.06510000 -0.28780000 0.95550000
vn -0.00000000 0.27950000 0.96010000
vn 1.00000000 -0.00000000 -0.00000000
vn -0.00000000 -0.13490000 0.99090000
vn -0.00000000 -0.50040000 0.86580000
vn -0.00000000 -0.76610000 0.64280000
vn 1.00000000 -0.00000000 -0.00000000
vn -0.00000000 -0.49970000 0.86620000
vn 0.56870000 0.35260000 0.74310000
vn 0.56870000 0.35260000 0.74310000
vn 0.48360000 0.54790000 0.68260000
vn 0.48360000 0.54790000 0.68260000
vn 0.29110000 0.62450000 0.72480000
vn 0.29110000 0.62450000 0.72480000
vn 0.29110000 0.62450000 0.72480000
vn -0.10850000 0.04560000 0.99300000
vn -0.10740000 -0.07070000 0.99170000
vn 0.07670000 0.06690000 0.99480000
vn 0.07480000 -0.10370000 0.99180000
vn -0.43130000 -0.66280000 0.61210000
vn -0.43130000 -0.66280000 0.61210000
vn -0.22600000 -0.71500000 0.66160000
vn -0.22600000 -0.71500000 0.66160000
vn -0.22600000 -0.71500000 0.66160000
vn -0.06690000 -0.64120000 0.76450000
vn 0.23960000 0.25770000 -0.93600000
vn 0.27290000 0.09300000 -0.95750000
vn 0.12520000 0.18080000 -0.97550000
vn -0.05230000 0.02960000 -0.99820000
vn 0.03840000 0.02720000 -0.99890000
vn 0.04070000 -0.06240000 -0.99720000
vn -0.05260000 0.02960000 -0.99820000
vn 0.03840000 0.02720000 -0.99890000
vn 0.04060000 -0.06240000 -0.99720000
vn 0.23950000 0.25770000 -0.93610000
vn 0.27300000 0.09300000 -0.95750000
vn 0.12510000 0.18070000 -0.97550000
vn 0.86600000 -0.00000000 -0.50000000
vn -0.00000000 -1.00000000 -0.00000000
vn -0.00000000 -1.00000000 -0.00000000
vn 0.98480000 -0.00000000 0.17360000
vn 0.64280000 -0.00000000 0.76600000
vn 0.64280000 -0.00000000 0.76600000
vn -0.00000000 -1.00000000 -0.00000000
vn -0.98480000 -0.00000000 -0.17370000
vn -0.00000000 1.00000000 -0.00000000
vn -0.00000000 1.00000000 -0.00000000
vn -0.34210000 -0.00000000 0.93970000
vn 0.64280000 -0.00000000 -0.76600000
vn -0.00000000 1.00000000 -0.00000000
vn 0.64280000 -0.00000000 -0.76600000
vn -0.98480000 -0.00000000 -0.17370000
vn -0.00000000 1.00000000 -0.00000000
vn -0.34200000 -0.00000000 0.93970000
vn -0.00000000 1.00000000 -0.00000000
vn -0.00000000 1.00000000 -0.00000000
vn 0.64280000 -0.00000000 -0.76610000
vn 0.64280000 -0.00000000 -0.76610000
vn -0.00000000 -1.00000000 -0.00000000
vn 0.86600000 -0.00000000 -0.50000000
vn -0.00000000 -1.00000000 -0.00000000
vn 0.98480000 -0.00000000 0.17370000
vn 0.64300000 -0.00000000 0.76580000
vn -0.00000000 -1.00000000 -0.00000000
vn 0.64300000 -0.00000000 0.76580000
vn -0.94160000 -0.22860000 0.24710000
vn 0.52620000 0.16650000 0.83390000
vn 0.38520000 0.12880000 0.91380000
vn 0.45900000 -0.16640000 0.87270000
vn 0.52620000 0.16650000 0.83390000
vn 0.38500000 0.12900000 0.91390000
vn 0.45900000 -0.16650000 0.87270000
vn -0.94160000 -0.22860000 0.24710000
vn 0.52620000 0.16650000 0.83390000
vn 0.38500000 0.12900000 0.91390000
vn 0.45900000 -0.16650000 0.87270000
vn -0.94160000 -0.22860000 0.24710000
vn 0.55990000 0.82480000 -0.07900000
vn 0.55990000 0.82480000 -0.07900000
vn 0.55990000 0.82480000 -0.07900000
vn 0.27620000 0.95970000 -0.05250000
vn 0.78910000 0.20540000 -0.57900000
vn 0.78910000 0.20540000 -0.57900000
vn 0.88230000 0.12900000 0.45260000
vn 0.59890000 -0.12900000 0.79030000
vn 0.88230000 0.12930000 0.45260000
vn 0.59890000 -0.12900000 0.79040000
vn 0.59890000 -0.12900000 0.79040000
vn 0.88230000 0.12930000 0.45260000
vn -0.02940000 0.88390000 -0.46670000
vn 1.00000000 -0.00000000 -0.00000000
vn -0.00000000 -0.10300000 -0.99470000
vn -0.00000000 0.71680000 -0.69730000
vn -0.05420000 0.02680000 -0.99820000
vn -0.00000000 -0.10300000 -0.99470000
vn -0.00000000 0.71680000 -0.69730000
vn 1.00000000 0.00140000 -0.00000000
vn -0.00000000 0.71670000 0.69740000
vn 1.00000000 -0.00000000 -0.00000000
vn 1.00000000 -0.00230000 -0.00000000
vn -0.00000000 0.04500000 0.99900000
vn 1.00000000 -0.00000000 -0.00000000
vn 1.00000000 -0.00100000 -0.00000000
vn -0.00000000 -0.15720000 0.98760000
vn 0.03470000 -0.03830000 0.99870000
vn -0.00000000 0.04500000 0.99900000
vn 1.00000000 0.00070000 -0.00000000
vn 0.02930000 0.88390000 0.46670000
vn -0.00000000 0.71670000 0.69740000
vn -0.00000000 0.04500000 0.99900000
vn 0.03470000 -0.03830000 0.99870000
vn 0.83030000 0.21570000 0.51380000
vn 0.83030000 0.21570000 0.51380000
vn 0.87460000 0.08830000 0.47670000
vn 0.87460000 0.08830000 0.47670000
vn 1.00000000 -0.00000000 -0.00000000
vn 0.70080000 -0.71330000 -0.00120000
vn 0.70080000 -0.71330000 -0.00120000
vn 0.67940000 -0.73380000 0.00260000
vn 0.67940000 -0.73380000 0.00260000
vn 0.64440000 -0.76470000 -0.00180000
vn 0.74940000 0.04900000 -0.66030000
vn 0.74940000 0.04900000 -0.66030000
vn 0.74800000 -0.08380000 -0.65830000
vn 0.74800000 -0.08380000 -0.65830000
vn -0.10790000 0.04560000 0.99310000
vn 0.07480000 -0.10370000 0.99180000
vn 0.07670000 0.06680000 0.99480000
vn -0.75110000 0.59980000 0.27570000
vn -0.75110000 0.59980000 0.27570000
vn -0.75110000 0.59980000 0.27570000
vn -0.48810000 0.65860000 0.57280000
vn -0.48810000 0.65860000 0.57280000
vn -0.48810000 0.65860000 0.57280000
vn -0.48810000 0.65860000 0.57280000
vn -0.37630000 0.75190000 0.54130000
vn -0.37630000 0.75190000 0.54130000
vn -0.01290000 0.99990000 0.00350000
vn -0.01290000 0.99990000 -0.00260000
vn -0.37710000 0.92620000 -0.00160000
vn 0.07130000 0.39600000 -0.91550000
vn 0.06900000 0.65670000 -0.75100000
vn 0.06900000 0.65670000 -0.75100000
vn 0.24390000 0.51140000 -0.82400000
vn 0.24390000 0.51140000 -0.82400000
vn -0.00000000 0.98480000 0.17360000
vn 1.00000000 0.00070000 -0.00000000
vn 1.00000000 0.00070000 -0.00000000
vn 1.00000000 -0.00000000 -0.00000000
vn -0.00000000 0.98480000 -0.17370000
vn 1.00000000 0.00020000 -0.00000000
vn 1.00000000 -0.00010000 -0.00000000
vn -0.00000000 0.98480000 -0.17370000
vn 1.00000000 -0.00010000 -0.00000000
vn 1.00000000 0.00030000 -0.00000000
vn 1.00000000 -0.00000000 -0.00000000
vn 1.00000000 -0.00100000 -0.00000000
vn -0.00000000 0.49970000 0.86620000
vn -0.00000000 0.17360000 0.98480000
vn -0.00000000 0.50040000 0.86580000
vn 1.00000000 0.00050000 -0.00000000
vn 1.00000000 0.00040000 -0.00000000
vn 1.00000000 -0.00030000 -0.00000000
vn 1.00000000 -0.00230000 -0.00000000
vn 0.40000000 0.91650000 0.00280000
vn 0.22670000 0.97400000 -0.00030000
vn 0.23730000 0.97140000 0.00360000
vn -0.00000000 0.86600000 -0.50000000
vn -0.44780000 -0.89410000 -0.00180000
vn -0.42050000 -0.90730000 0.00410000
vn -0.75520000 -0.65550000 0.00250000
vn -0.75520000 -0.65550000 0.00250000
vn -0.66210000 -0.60210000 0.44620000
vn -0.66210000 -0.60210000 0.44620000
vn -0.00000000 -0.98480000 0.17370000
vn -0.00000000 -0.98480000 -0.17370000
vn 1.00000000 -0.00070000 -0.00000000
vn -0.00000000 -0.98480000 -0.17360000
vn 0.02440000 0.93200000 0.36180000
vn 0.11300000 0.99270000 0.04220000
vn 0.27630000 0.96020000 0.04130000
vn 0.07130000 0.39610000 -0.91540000
vn 0.06900000 0.65670000 -0.75100000
vn 0.06900000 0.65670000 -0.75100000
vn 0.24390000 0.51140000 -0.82400000
vn 0.24390000 0.51140000 -0.82400000
vn -0.34260000 0.93950000 -0.00040000
vn -0.01290000 0.99990000 0.00350000
vn -0.07690000 0.99680000 -0.01990000
vn 0.91260000 0.16650000 -0.37340000
vn 0.96680000 0.12940000 -0.22040000
vn 0.93910000 -0.16650000 -0.30050000
vn 0.17910000 0.95160000 -0.24970000
vn 0.91260000 0.16650000 -0.37350000
vn 0.96680000 0.12960000 -0.22040000
vn 0.93910000 -0.16650000 -0.30050000
vn 0.17900000 0.95170000 -0.24960000
vn 0.17910000 0.95160000 -0.24970000
vn 0.91260000 0.16650000 -0.37340000
vn 0.96680000 0.12970000 -0.22040000
vn 0.93910000 -0.16650000 -0.30050000
vn 0.17910000 0.95160000 -0.24960000
vn 0.91260000 0.16650000 -0.37340000
vn 0.96680000 0.12960000 -0.22040000
vn 0.93900000 -0.16700000 -0.30050000
vn 0.88230000 -0.12900000 -0.45260000
vn -0.23630000 -0.94130000 0.24130000
vn 0.88230000 -0.12930000 -0.45260000
vn -0.23610000 -0.94130000 0.24110000
vn -0.23610000 -0.94140000 0.24110000
vn 0.88230000 -0.12900000 -0.45260000
vn -0.75110000 0.59980000 0.27580000
vn -0.75110000 0.59980000 0.27580000
vn -0.75110000 0.59980000 0.27580000
vn -0.48810000 0.65860000 0.57270000
vn -0.48810000 0.65860000 0.57270000
vn -0.48810000 0.65860000 0.57270000
vn -0.48810000 0.65860000 0.57270000
vn -0.37640000 0.75180000 0.54140000
vn -0.37640000 0.75180000 0.54140000
vn -0.99480000 0.08320000 -0.05910000
vn -0.99890000 0.04540000 0.01110000
vn -0.99360000 0.11250000 0.00800000
vn -0.06510000 -0.28780000 0.95550000
vn -0.00000000 0.10370000 0.99460000
vn 1.00000000 -0.00000000 -0.00000000
vn -0.06510000 -0.28780000 0.95550000
vn -0.00000000 -0.13490000 0.99090000
vn -0.00000000 0.10370000 0.99460000
vn -0.00000000 -0.71690000 0.69720000
vn 1.00000000 -0.00020000 -0.00000000
vn -0.00000000 0.88430000 -0.46700000
vn -0.00000000 -0.10300000 -0.99470000
vn -0.05420000 0.02680000 -0.99820000
vn -0.04370000 0.71580000 -0.69690000
vn 1.00000000 0.00140000 -0.00000000
vn 0.74080000 -0.67170000 0.00340000
vn 0.80240000 -0.59670000 -0.00240000
vn 0.81880000 -0.57410000 0.00420000
vn 0.80980000 -0.28340000 0.51380000
vn 0.78110000 -0.18540000 0.59630000
vn 0.71300000 -0.43160000 0.55260000
vn 0.71300000 -0.43160000 0.55260000
vn 0.71300000 -0.43160000 0.55260000
vn 0.74940000 0.04900000 -0.66030000
vn 0.74940000 0.04900000 -0.66030000
vn 0.74800000 -0.08380000 -0.65840000
vn 0.74800000 -0.08380000 -0.65840000
vn 0.51270000 -0.26810000 -0.81570000
vn 0.63780000 -0.64650000 -0.41860000
vn 0.63780000 -0.64650000 -0.41860000
vn 0.63780000 -0.64650000 -0.41860000
vn 0.51630000 -0.70010000 -0.49320000
vn 0.51630000 -0.70010000 -0.49320000
vn 0.02640000 0.92240000 0.38530000
vn 0.04500000 0.84730000 0.52930000
vn 0.25460000 0.81790000 0.51600000
vn 0.25700000 0.96640000 -0.00130000
vn 0.23720000 0.97140000 0.00360000
vn 0.40010000 0.91650000 0.00280000
vn 0.86600000 -0.00000000 -0.50000000
vn -0.00000000 -1.00000000 -0.00000000
vn -0.00000000 -1.00000000 -0.00000000
vn 0.98480000 -0.00000000 0.17370000
vn 0.86600000 -0.00000000 0.50000000
vn -0.00000000 1.00000000 -0.00000000
vn 0.86600000 -0.00000000 0.50000000
vn -0.00000000 -1.00000000 -0.00000000
vn 0.86600000 -0.00000000 0.50000000
vn -0.00000000 1.00000000 -0.00000000
vn -0.86600000 -0.00000000 0.50000000
vn -0.00000000 1.00000000 -0.00000000
vn -0.00000000 1.00000000 -0.00000000
vn -0.98480000 -0.00000000 0.17370000
vn -0.98480000 -0.00000000 0.17370000
vn -0.00000000 -1.00000000 -0.00000000
vn 0.86600000 -0.00000000 0.50000000
vn -0.00000000 -1.00000000 0.00010000
vn 0.86600000 -0.00000000 0.50010000
vn -0.00000000 1.00000000 -0.00000000
vn -0.86600000 -0.00000000 0.50000000
vn -0.00000000 1.00000000 -0.00000000
vn -0.00000000 1.00000000 -0.00000000
vn -0.98480000 -0.00000000 0.17360000
vn -0.00000000 -1.00000000 -0.00000000
vn -0.98480000 -0.00000000 0.17360000
vn 0.65820000 -0.15070000 -0.73760000
vn 0.65820000 -0.15070000 -0.73760000
vn 0.71820000 -0.28600000 -0.63430000
vn 0.71820000 -0.28600000 -0.63430000
vn 0.71820000 -0.28600000 -0.63430000
vn 0.51270000 -0.26810000 -0.81570000
vn 0.63780000 -0.64650000 -0.41860000
vn 0.63780000 -0.64650000 -0.41860000
vn 0.63780000 -0.64650000 -0.41860000
vn 0.51630000 -0.70010000 -0.49320000
vn 0.51630000 -0.70010000 -0.49320000
vn -0.00000000 1.00000000 -0.00000000
vn -0.00000000 0.93980000 -0.34180000
vn -0.00000000 0.93970000 -0.34210000
vn 1.00000000 -0.00000000 -0.00000000
vn 1.00000000 0.00010000 -0.00000000
vn 1.00000000 0.00040000 -0.00000000
vn 1.00000000 -0.00030000 -0.00000000
vn 1.00000000 -0.00030000 -0.00000000
vn -0.00000000 1.00000000 -0.00000000
vn -0.00000000 0.93970000 0.34210000
vn 1.00000000 -0.00100000 -0.00000000
vn -0.00000000 0.93980000 0.34180000
vn 1.00000000 -0.00000000 -0.00000000
vn -0.00000000 0.93970000 0.34210000
vn 1.00000000 -0.00010000 -0.00000000
vn -0.00000000 1.00000000 -0.00000000
vn 1.00000000 -0.00010000 -0.00000000
vn -0.00000000 0.93970000 -0.34210000
vn -0.00000000 1.00000000 -0.00000000
vn 1.00000000 0.00010000 -0.00000000
vn 1.00000000 -0.00000000 -0.00000000
vn 1.00000000 0.00010000 -0.00000000
vn -0.00000000 -0.98480000 0.17360000
vn 1.00000000 -0.00010000 -0.00000000
vn -0.00000000 1.00000000 -0.00000000
vn 0.98480000 -0.00000000 -0.17370000
vn -0.00000000 1.00000000 -0.00000000
vn 0.86600000 -0.00000000 -0.50000000
vn 0.98480000 -0.00000000 -0.17370000
vn -0.00000000 1.00000000 -0.00000000
vn 0.86600000 -0.00000000 -0.50000000
vn -0.00000000 1.00000000 -0.00000000
vn 0.90380000 0.08070000 0.42030000
vn 0.90300000 -0.06830000 0.42420000
vn 0.97310000 0.08180000 0.21560000
vn 0.75900000 0.48430000 0.43520000
vn 0.75900000 0.48430000 0.43520000
vn 0.70570000 0.47960000 0.52150000
vn 0.70570000 0.47960000 0.52150000
vn 0.97950000 0.20160000 0.00470000
vn 0.97950000 0.20160000 -0.00350000
vn 0.91920000 0.39380000 -0.00310000
vn 0.73700000 0.60410000 -0.30310000
vn 0.73700000 0.60410000 -0.30310000
vn 0.73700000 0.60410000 -0.30310000
vn 0.64630000 0.72690000 -0.23220000
vn 0.64630000 0.72690000 -0.23220000
vn -0.75530000 -0.65540000 0.00250000
vn -0.75530000 -0.65540000 0.00250000
vn -0.44780000 -0.89410000 -0.00180000
vn -0.42060000 -0.90730000 0.00410000
vn -0.66210000 -0.60210000 0.44620000
vn -0.66210000 -0.60210000 0.44620000
vn 0.90380000 0.08070000 0.42030000
vn 0.90300000 -0.06830000 0.42420000
vn 0.97310000 0.08180000 0.21560000
vn 0.75900000 0.48420000 0.43520000
vn 0.75900000 0.48420000 0.43520000
vn 0.75900000 0.48420000 0.43520000
vn 0.84520000 0.20910000 0.49180000
vn 0.84570000 0.38790000 0.36650000
vn 0.29380000 -0.95580000 0.00420000
vn 0.29340000 -0.95600000 -0.00300000
vn 0.48290000 -0.87570000 0.00360000
vn 0.29930000 -0.68480000 0.66440000
vn 0.29930000 -0.68480000 0.66440000
vn 0.29930000 -0.68480000 0.66440000
vn 0.32980000 -0.87380000 0.35730000
vn 0.32980000 -0.87380000 0.35730000
vn 0.53340000 -0.65870000 0.53060000
vn 0.53340000 -0.65870000 0.53060000
vn -0.00000000 1.00000000 -0.00000000
vn -0.86600000 -0.00000000 -0.50000000
vn -0.64280000 -0.00000000 -0.76610000
vn -0.00000000 1.00000000 -0.00000000
vn -0.64280000 -0.00000000 -0.76610000
vn -0.64280000 -0.00000000 -0.76610000
vn -0.64280000 -0.00000000 -0.76610000
vn -0.00000000 -1.00000000 -0.00000000
vn -0.00000000 1.00000000 -0.00000000
vn 0.86600000 -0.00000000 -0.50000000
vn 0.07390000 -0.27920000 -0.95740000
vn -0.01610000 -0.99990000 -0.00340000
vn -0.01610000 -0.99990000 0.00490000
vn -0.98480000 -0.00000000 -0.17370000
vn -0.00000000 -1.00000000 -0.00000000
vn -0.00000000 1.00000000 -0.00000000
vn -0.64280000 -0.00000000 0.76610000
vn -0.64280000 -0.00000000 0.76610000
vn -0.00000000 1.00000000 -0.00000000
vn -0.86600000 -0.00000000 -0.50000000
vn -0.64270000 -0.00000000 -0.76610000
vn -0.64270000 -0.00000000 -0.76610000
vn -0.00000000 1.00000000 -0.00000000
vn -0.64270000 -0.00000000 -0.76610000
vn -0.64270000 -0.00000000 -0.76610000
vn -0.00000000 -1.00000000 -0.00000000
vn -0.00000000 -1.00000000 -0.00000000
vn -0.86600000 -0.00000000 -0.50000000
vn -0.00000000 -1.00000000 -0.00000000
vn -0.98480000 -0.00000000 -0.17370000
vn -0.00000000 1.00000000 -0.00000000
vn -0.86600000 -0.00000000 -0.50000000
vn -0.00000000 1.00000000 -0.00000000
vn -0.64270000 -0.00000000 -0.76610000
vn -0.64270000 -0.00000000 -0.76610000
vn -0.64280000 -0.00000000 -0.76610000
vn -0.00000000 -1.00000000 -0.00020000
vn -0.64280000 -0.00000000 -0.76610000
vn -0.86600000 -0.00000000 -0.50000000
vn -0.00000000 -1.00000000 -0.00000000
vn -0.98480000 -0.00000000 -0.17370000
vn -0.00000000 -1.00000000 -0.00000000
vn 1.00000000 -0.00100000 -0.00000000
vn 1.00000000 -0.00010000 -0.00000000
vn -0.00000000 0.76610000 0.64270000
vn 1.00000000 0.00090000 -0.00000000
vn -0.00000000 0.93970000 0.34210000
vn 1.00000000 -0.00070000 -0.00000000
vn 1.00000000 -0.00000000 -0.00000000
vn -0.00000000 0.17380000 0.98480000
vn 1.00000000 -0.00000000 -0.00000000
vn -0.00000000 -0.17360000 0.98480000
vn 1.00000000 -0.00010000 -0.00000000
vn -0.00000000 0.17360000 0.98480000
vn 1.00000000 -0.00070000 -0.00000000
vn -0.00000000 -0.86600000 -0.50010000
vn 1.00000000 -0.00000000 -0.00000000
vn 1.00000000 -0.00020000 -0.00000000
vn 1.00000000 -0.00070000 -0.00000000
vn 0.32560000 -0.94490000 -0.03280000
vn -0.02870000 -0.23340000 0.97200000
vn 0.29300000 -0.12880000 0.94740000
vn 0.21560000 0.16840000 0.96180000
vn -0.74940000 -0.66190000 -0.01740000
vn -0.74940000 -0.66190000 -0.01740000
vn -0.13270000 -0.33780000 -0.93180000
vn -0.64390000 -0.59780000 -0.47750000
vn -0.64390000 -0.59780000 -0.47750000
vn -0.64390000 -0.59780000 -0.47750000
vn -0.27010000 -0.31900000 -0.90850000
vn -0.09610000 0.18460000 0.97810000
vn 0.24270000 0.17650000 0.95390000
vn 0.07010000 0.33610000 0.93920000
vn -0.97400000 -0.05780000 0.21890000
vn -0.97670000 0.03330000 0.21180000
vn -0.99720000 0.01980000 0.07190000
vn -0.83930000 0.47400000 0.26630000
vn -0.83930000 0.47400000 0.26630000
vn -0.96440000 0.25330000 0.07630000
vn -0.90450000 0.29010000 0.31270000
vn 0.81700000 0.57610000 -0.02390000
vn 0.83220000 0.47180000 -0.29120000
vn 0.73750000 0.60320000 -0.30390000
vn 0.73750000 0.60320000 -0.30390000
vn 0.73750000 0.60320000 -0.30390000
vn 0.97950000 0.20150000 -0.00350000
vn 0.91920000 0.39380000 -0.00310000
vn 0.91930000 0.39340000 0.00420000
vn -0.59720000 0.57380000 0.56040000
vn -0.59720000 0.57380000 0.56040000
vn -0.59720000 0.57380000 0.56040000
vn -0.59720000 -0.57380000 0.56040000
vn -0.59720000 -0.57380000 0.56040000
vn -0.59720000 -0.57380000 0.56040000
vn 0.00180000 0.98700000 0.16050000
vn -0.00000000 0.71670000 0.69740000
vn -0.02940000 0.88390000 -0.46670000
vn 1.00000000 -0.00000000 -0.00000000
vn 1.00000000 -0.00230000 -0.00000000
vn 1.00000000 0.00040000 -0.00000000
vn 0.02930000 0.88390000 0.46670000
vn 0.17010000 -0.52170000 0.83600000
vn 0.23880000 -0.24520000 0.93960000
vn 0.05960000 -0.41380000 0.90840000
vn -0.84980000 -0.06440000 0.52320000
vn -0.84980000 -0.06440000 0.52320000
vn -0.47300000 -0.06310000 0.87880000
vn -0.47300000 -0.06310000 0.87880000
vn -0.47790000 0.04040000 0.87750000
vn -0.47790000 0.04040000 0.87750000
vn -0.47790000 0.04040000 0.87750000
vn 1.00000000 -0.00070000 -0.00000000
vn -0.00000000 0.64280000 -0.76600000
vn -0.00000000 0.64280000 -0.76600000
vn 1.00000000 -0.00070000 -0.00000000
vn 1.00000000 -0.00000000 -0.00000000
vn -0.00000000 0.34200000 -0.93970000
vn -0.00000000 0.34200000 -0.93970000
vn 1.00000000 0.00010000 -0.00000000
vn 1.00000000 0.00070000 -0.00000000
vn -0.02930000 -0.88390000 0.46680000
vn -0.00000000 -0.71700000 0.69710000
vn 1.00000000 -0.00050000 -0.00000000
vn 1.00000000 0.00140000 -0.00000000
vn -0.00000000 0.10350000 0.99460000
vn 1.00000000 -0.00000000 -0.00000000
vn -0.00000000 0.17380000 0.98480000
vn 1.00000000 -0.00010000 -0.00000000
vn 1.00000000 0.00010000 -0.00000000
vn -0.00000000 -0.17360000 0.98480000
vn -0.00000000 0.17360000 0.98480000
vn 1.00000000 0.00070000 -0.00000000
vn 1.00000000 0.00010000 -0.00000000
vn -0.00000000 -0.17380000 0.98480000
vn 1.00000000 -0.00000000 -0.00000000
vn -0.00000000 -0.17360000 0.98480000
vn -0.00140000 -0.49970000 0.86620000
vn 0.51960000 0.83500000 0.18090000
vn 0.51960000 0.83500000 0.18090000
vn 0.10670000 0.92860000 0.35540000
vn 0.30620000 0.89110000 0.33500000
vn 1.00000000 -0.00010000 -0.00000000
vn -0.00000000 -0.34210000 0.93970000
vn 1.00000000 -0.00000000 -0.00000000
vn 1.00000000 0.00100000 -0.00000000
vn 1.00000000 -0.00000000 -0.00000000
vn -0.00000000 -0.00000000 1.00000000
vn -0.00000000 -0.00000000 1.00000000
vn -0.00000000 0.93970000 -0.34210000
vn 1.00000000 0.00030000 -0.00000000
vn 1.00000000 0.00010000 -0.00000000
vn -0.00000000 0.93980000 -0.34180000
vn 1.00000000 -0.00000000 -0.00000000
vn 1.00000000 -0.00080000 -0.00000000
vn -0.00000000 1.00000000 -0.00000000
vn -0.00000000 0.49970000 -0.86620000
vn -0.00000000 0.17380000 -0.98480000
vn 1.00000000 -0.00000000 -0.00000000
vn 1.00000000 -0.00080000 -0.00000000
vn -0.00000000 0.17360000 -0.98480000
vn 0.63130000 -0.04820000 0.77400000
vn 0.46020000 -0.08890000 0.88340000
vn 0.09020000 -0.67400000 0.73320000
vn 0.09020000 -0.67400000 0.73320000
vn 0.02210000 -0.91830000 0.39520000
vn -0.97680000 0.03330000 0.21140000
vn -0.97400000 -0.05070000 0.22060000
vn -0.84960000 -0.06430000 0.52350000
vn -0.84960000 -0.06430000 0.52350000
vn -0.89830000 -0.37030000 0.23640000
vn -0.78610000 -0.32010000 0.52870000
vn -0.78610000 -0.32010000 0.52870000
vn -0.96000000 -0.19380000 0.20190000
vn -0.00000000 -0.00000000 1.00000000
vn -0.00000000 -1.00000000 -0.00000000
vn 0.26720000 0.88510000 -0.38110000
vn 0.26720000 0.88510000 -0.38110000
vn 0.26720000 0.88510000 -0.38110000
vn 0.61000000 0.40220000 -0.68280000
vn 0.61000000 0.40220000 -0.68280000
vn 0.73730000 0.27290000 -0.61800000
vn 0.73730000 0.27290000 -0.61800000
vn -0.05620000 -0.18840000 -0.98050000
vn 0.10250000 -0.18960000 -0.97650000
vn 0.07390000 -0.27920000 -0.95740000
vn -0.06070000 -0.04270000 -0.99720000
vn 0.99250000 0.07080000 -0.09930000
vn 0.83580000 0.07660000 -0.54360000
vn 0.83580000 0.07660000 -0.54360000
vn -0.05640000 -0.18830000 -0.98050000
vn 0.10260000 -0.18960000 -0.97650000
vn -0.06120000 -0.04270000 -0.99720000
vn 0.80830000 0.58880000 0.00340000
vn 0.79800000 0.60260000 -0.00170000
vn 0.84520000 0.20920000 0.49180000
vn 0.84570000 0.38790000 0.36660000
vn 1.00000000 0.00010000 -0.00000000
vn 1.00000000 -0.00000000 -0.00000000
vn -0.00000000 -1.00000000 -0.00000000
vn -0.00000000 -0.93980000 0.34180000
vn -0.00000000 -0.93970000 0.34210000
vn 1.00000000 0.00080000 -0.00000000
vn 1.00000000 0.00010000 -0.00000000
vn -0.00000000 -0.71690000 -0.69720000
vn -0.02930000 -0.88390000 0.46680000
vn 0.02930000 -0.88390000 -0.46680000
vn 1.00000000 0.00140000 -0.00000000
vn 1.00000000 -0.00000000 -0.00000000
vn -0.00000000 -0.76610000 0.64280000
vn -0.00000000 -0.93980000 0.34180000
vn -0.00000000 -0.76570000 0.64320000
vn 1.00000000 0.00010000 -0.00000000
vn 1.00000000 0.00140000 -0.00000000
vn 1.00000000 -0.00050000 -0.00000000
vn -0.85410000 0.03780000 0.51870000
vn -0.85410000 0.03780000 0.51870000
vn -0.47800000 0.04040000 0.87740000
vn -0.47800000 0.04040000 0.87740000
vn -0.47800000 0.04040000 0.87740000
vn -0.98740000 0.11380000 0.11020000
vn -0.00000000 -0.76610000 0.64280000
vn 1.00000000 0.00030000 -0.00000000
vn 1.00000000 -0.00090000 -0.00000000
vn 1.00000000 -0.00000000 -0.00000000
vn -0.00000000 -0.93970000 0.34210000
vn 1.00000000 0.00030000 -0.00000000
vn 1.00000000 -0.00090000 -0.00000000
vn 1.00000000 0.00100000 -0.00000000
vn -0.00000000 1.00000000 -0.00000000
vn 1.00000000 -0.00000000 -0.00000000
vn -0.00000000 0.93970000 0.34200000
vn -0.00000000 0.26170000 -0.96510000
vn 1.00000000 -0.00000000 -0.00000000
vn -0.00000000 0.26180000 -0.96510000
vn -0.00000000 -0.71680000 -0.69730000
vn -0.90880000 0.36080000 -0.20940000
vn -0.70600000 0.38450000 -0.59480000
vn -0.70600000 0.38450000 -0.59480000
vn -0.95020000 0.23900000 -0.19980000
vn -0.97400000 -0.06570000 -0.21670000
vn -0.97660000 0.01970000 -0.21420000
vn -0.84670000 0.02530000 -0.53140000
vn -0.34210000 -0.00000000 0.93970000
vn -0.00000000 -1.00000000 0.00020000
vn -0.00000000 -1.00000000 -0.00000000
vn -0.00000000 -0.00000000 1.00000000
vn -0.00000000 1.00000000 -0.00020000
vn -0.00000000 -0.00000000 1.00000000
vn -0.64280000 -0.00000000 0.76610000
vn -0.00000000 -1.00000000 -0.00000000
vn -0.64280000 -0.00000000 0.76610000
vn -0.00000000 -1.00000000 -0.00020000
vn -0.34200000 -0.00000000 0.93970000
vn -0.00000000 -1.00000000 -0.00000000
vn -0.00000000 -0.00000000 1.00000000
vn -0.00000000 -0.00000000 1.00000000
vn -0.00000000 1.00000000 -0.00020000
vn -0.00000000 -1.00000000 -0.00000000
vn -0.64280000 -0.00000000 0.76610000
vn -0.64280000 -0.00000000 0.76610000
vn 0.43750000 0.83770000 0.32700000
vn 0.41720000 0.78210000 0.46290000
vn 0.41720000 0.78210000 0.46290000
vn 0.54960000 0.73380000 0.39930000
vn 0.54960000 0.73380000 0.39930000
vn 0.54960000 0.73380000 0.39930000
vn -0.24700000 0.82810000 0.50330000
vn -0.27300000 0.88940000 0.36650000
vn -0.60940000 0.73890000 0.28750000
vn -0.60940000 0.73890000 0.28750000
vn 0.70500000 -0.26110000 0.65940000
vn 0.70500000 -0.26110000 0.65940000
vn 0.70500000 -0.26110000 0.65940000
vn 0.40890000 -0.34600000 0.84450000
vn 0.11260000 0.99210000 -0.05440000
vn 0.02360000 0.90210000 -0.43080000
vn 0.02360000 0.90210000 -0.43080000
vn -0.03750000 0.98700000 -0.15660000
vn -0.90890000 0.36060000 -0.20940000
vn -0.70580000 0.38440000 -0.59500000
vn -0.70580000 0.38440000 -0.59500000
vn -0.95020000 0.23910000 -0.19980000
vn -0.97400000 -0.06570000 -0.21670000
vn -0.97660000 0.01960000 -0.21430000
vn -0.84670000 0.02530000 -0.53150000
vn 0.74020000 -0.67240000 -0.00250000
vn 0.74090000 -0.67160000 0.00340000
vn 0.68880000 -0.72500000 -0.00230000
vn 0.68880000 -0.72500000 -0.00230000
vn 0.65820000 -0.15070000 -0.73760000
vn 0.65820000 -0.15070000 -0.73760000
vn 0.71820000 -0.28600000 -0.63430000
vn 0.71820000 -0.28600000 -0.63430000
vn 0.71820000 -0.28600000 -0.63430000
vn 0.76330000 -0.64550000 0.02730000
vn 0.76330000 -0.64550000 0.02730000
vn 0.90930000 -0.41460000 0.03590000
vn 0.86690000 -0.45960000 0.19310000
vn 0.96590000 -0.16140000 0.20250000
vn 0.99110000 -0.12740000 0.03830000
vn 0.99780000 0.05380000 0.03950000
vn 1.00000000 -0.00000000 -0.00000000
vn -0.00000000 -0.98480000 -0.17360000
vn -0.00000000 -0.98480000 0.17370000
vn -0.00000000 -0.64280000 0.76600000
vn -0.00000000 -0.64280000 0.76600000
vn 0.31990000 0.08430000 0.94370000
vn 0.34890000 -0.93640000 -0.03810000
vn 0.34690000 -0.93740000 0.02940000
vn 0.32560000 -0.94490000 -0.03280000
vn -0.02880000 -0.23350000 0.97190000
vn 0.29310000 -0.12880000 0.94740000
vn 0.21540000 0.16790000 0.96200000
vn 0.32570000 -0.94490000 -0.03280000
vn -0.02890000 -0.23350000 0.97190000
vn 0.29310000 -0.12880000 0.94740000
vn 0.21540000 0.16790000 0.96200000
vn 0.32600000 -0.94480000 -0.03280000
vn -0.02890000 -0.23350000 0.97190000
vn 0.29310000 -0.12880000 0.94740000
vn 0.21520000 0.16830000 0.96200000
vn 1.00000000 -0.00000000 -0.00000000
vn -0.00000000 1.00000000 -0.00000000
vn -0.00000000 0.93970000 0.34210000
vn 0.02930000 0.88380000 0.46690000
vn 1.00000000 -0.00100000 -0.00000000
vn -0.00000000 0.71640000 0.69770000
vn -0.04370000 0.71580000 -0.69690000
vn -0.00000000 0.88430000 -0.46700000
vn 1.00000000 -0.00000000 -0.00000000
vn -0.00000000 -1.00000000 -0.00020000
vn -0.34210000 -0.00000000 0.93970000
vn -0.00000000 -1.00000000 -0.00000000
vn -0.00000000 -0.00000000 1.00000000
vn -0.00000000 1.00000000 -0.00020000
vn -0.00000000 -0.00000000 1.00000000
vn 0.64280000 -0.00000000 0.76610000
vn -0.00000000 1.00000000 0.00010000
vn 0.64280000 -0.00000000 0.76610000
vn -0.55800000 0.56770000 -0.60530000
vn -0.55800000 0.56770000 -0.60530000
vn -0.55800000 0.56770000 -0.60530000
vn -0.55800000 -0.56770000 -0.60530000
vn -0.55800000 -0.56770000 -0.60530000
vn -0.55800000 -0.56770000 -0.60530000
vn -0.03840000 -0.98700000 -0.15600000
vn 0.12710000 -0.97730000 -0.16950000
vn 1.00000000 -0.00000000 -0.00000000
vn 1.00000000 -0.00020000 -0.00000000
vn -0.00000000 0.50040000 0.86580000
vn -0.00000000 0.17380000 0.98480000
vn 1.00000000 -0.00030000 -0.00000000
vn -0.00000000 0.17360000 0.98480000
vn -0.00000000 -0.50040000 0.86580000
vn 1.00000000 -0.00000000 -0.00000000
vn -0.00000000 -0.76610000 0.64280000
vn 1.00000000 0.00030000 -0.00000000
vn -0.00000000 -0.49970000 0.86620000
vn -0.00000000 -0.50040000 0.86580000
vn 1.00000000 -0.00000000 -0.00000000
vn -0.00000000 -0.17380000 0.98480000
vn -0.00000000 0.17360000 -0.98480000
vn 1.00000000 0.00040000 -0.00000000
vn -0.00000000 0.17380000 -0.98480000
vn -0.00000000 -0.17380000 -0.98480000
vn 1.00000000 -0.00040000 -0.00000000
vn 1.00000000 -0.00030000 -0.00000000
vn 1.00000000 -0.00000000 -0.00000000
vn 1.00000000 -0.00030000 -0.00000000
vn 1.00000000 -0.00000000 -0.00000000
vn 1.00000000 0.00040000 -0.00000000
vn -0.00000000 -0.34200000 0.93970000
vn 1.00000000 -0.00030000 -0.00000000
vn 1.00000000 -0.00000000 -0.00000000
vn -0.00000000 0.50040000 -0.86580000
vn -0.00000000 0.17380000 -0.98480000
vn -0.00000000 0.49970000 -0.86620000
vn -0.00000000 -0.50040000 -0.86580000
vn 1.00000000 -0.00000000 -0.00000000
vn -0.00000000 -0.49990000 -0.86610000
vn -0.00000000 -0.17380000 -0.98480000
vn -0.00000000 -0.17370000 -0.98480000
vn -0.24690000 0.82820000 0.50310000
vn -0.27340000 0.88930000 0.36660000
vn -0.60940000 0.73900000 0.28740000
vn -0.60940000 0.73900000 0.28740000
vn -0.86750000 0.49740000 -0.00020000
vn -0.87410000 0.48580000 0.00340000
vn -0.67930000 0.73390000 0.00610000
vn -0.67930000 0.73390000 0.00610000
vn 0.58620000 -0.81010000 -0.00230000
vn 0.59640000 -0.80270000 0.00170000
vn 0.64770000 -0.76160000 0.02360000
vn 0.74580000 -0.64080000 0.18240000
vn 0.74580000 -0.64080000 0.18240000
vn 0.63860000 -0.73370000 0.23210000
vn 0.63860000 -0.73370000 0.23210000
vn 0.63860000 -0.73370000 0.23210000
vn 0.66330000 0.52430000 -0.53400000
vn 0.61000000 0.40220000 -0.68280000
vn 0.61000000 0.40220000 -0.68280000
vn 0.26720000 0.88510000 -0.38110000
vn 0.26720000 0.88510000 -0.38110000
vn 0.26720000 0.88510000 -0.38110000
vn 1.00000000 -0.00000000 -0.00000000
vn -0.00000000 -0.00000000 -1.00000000
vn -1.00000000 -0.00000000 -0.00000000
vn -0.00000000 -0.00000000 -1.00000000
vn -0.00000000 -0.00000000 1.00000000
vn 1.00000000 -0.00000000 -0.00000000
vn -1.00000000 -0.00000000 -0.00000000
vn -0.00000000 -0.00000000 1.00000000
vn -0.83700000 0.53100000 -0.13220000
vn -0.83700000 0.53100000 -0.13220000
vn -0.83700000 0.53100000 -0.13220000
vn -0.68920000 0.72270000 0.05260000
vn -0.68920000 0.72270000 0.05260000
vn -0.68920000 0.72270000 0.05260000
vn -0.02860000 0.23350000 -0.97190000
vn 0.29300000 0.12880000 -0.94740000
vn 0.21540000 -0.16800000 -0.96200000
vn -0.83680000 0.53140000 -0.13230000
vn -0.83680000 0.53140000 -0.13230000
vn -0.83680000 0.53140000 -0.13230000
vn -0.68930000 0.72260000 0.05260000
vn -0.68930000 0.72260000 0.05260000
vn -0.68930000 0.72260000 0.05260000
vn -0.02880000 0.23360000 -0.97190000
vn 0.29310000 0.12910000 -0.94730000
vn 0.21540000 -0.16820000 -0.96190000
vn -0.83670000 0.53140000 -0.13230000
vn -0.83670000 0.53140000 -0.13230000
vn -0.83670000 0.53140000 -0.13230000
vn -0.68940000 0.72250000 0.05260000
vn -0.68940000 0.72250000 0.05260000
vn -0.68940000 0.72250000 0.05260000
vn -0.02870000 0.23350000 -0.97190000
vn 0.29310000 0.12910000 -0.94730000
vn 0.21530000 -0.16850000 -0.96190000
vn -0.83680000 0.53140000 -0.13230000
vn -0.83680000 0.53140000 -0.13230000
vn -0.83680000 0.53140000 -0.13230000
vn -0.68920000 0.72260000 0.05260000
vn -0.68920000 0.72260000 0.05260000
vn -0.68920000 0.72260000 0.05260000
vn -0.02840000 0.23340000 -0.97200000
vn 0.29310000 0.12910000 -0.94730000
vn 0.21540000 -0.16830000 -0.96190000
vn -0.23620000 -0.94130000 0.24130000
vn 0.88230000 -0.12900000 -0.45260000
vn -0.20300000 0.97270000 0.11220000
vn 0.04500000 0.94830000 0.31420000
vn -0.07990000 0.22840000 0.97030000
vn -0.69460000 0.21290000 0.68720000
vn -0.69460000 0.21290000 0.68720000
vn -0.69460000 0.21290000 0.68720000
vn -0.55590000 -0.21300000 0.80350000
vn -0.55590000 -0.21300000 0.80350000
vn -0.55590000 -0.21300000 0.80350000
vn -0.07980000 0.22850000 0.97030000
vn -0.69450000 0.21300000 0.68720000
vn -0.69450000 0.21300000 0.68720000
vn -0.69450000 0.21300000 0.68720000
vn -0.55650000 -0.21290000 0.80310000
vn -0.55650000 -0.21290000 0.80310000
vn -0.55650000 -0.21290000 0.80310000
vn -0.20300000 0.97270000 0.11220000
vn 0.04500000 0.94830000 0.31420000
vn -0.20300000 0.97270000 0.11220000
vn 0.04500000 0.94830000 0.31420000
vn -0.07990000 0.22850000 0.97030000
vn -0.69460000 0.21300000 0.68720000
vn -0.69460000 0.21300000 0.68720000
vn -0.69460000 0.21300000 0.68720000
vn -0.55610000 -0.21290000 0.80340000
vn -0.55610000 -0.21290000 0.80340000
vn -0.55610000 -0.21290000 0.80340000
vn -0.07990000 0.22850000 0.97030000
vn -0.69460000 0.21300000 0.68720000
vn -0.69460000 0.21300000 0.68720000
vn -0.69460000 0.21300000 0.68720000
vn -0.55620000 -0.21280000 0.80330000
vn -0.55620000 -0.21280000 0.80330000
vn -0.55620000 -0.21280000 0.80330000
vn -0.20300000 0.97270000 0.11220000
vn 0.04500000 0.94830000 0.31420000
vn -0.99600000 -0.03390000 0.08260000
vn -0.99700000 -0.06840000 0.03760000
vn -0.96390000 -0.26390000 0.03570000
vn -0.94890000 -0.29120000 0.12150000
vn -0.99050000 -0.13440000 0.02730000
vn -0.03970000 -0.99150000 0.12420000
vn -0.00000000 1.00000000 -0.00000000
vn 0.34210000 -0.00000000 0.93970000
vn 0.34210000 -0.00000000 0.93970000
vn -0.00000000 1.00000000 -0.00000000
vn 0.34200000 -0.00000000 -0.93970000
vn -0.00000000 -1.00000000 -0.00000000
vn -0.00000000 -0.00000000 -1.00000000
vn -0.00000000 -1.00000000 -0.00000000
vn -0.00000000 1.00000000 -0.00000000
vn -0.00000000 -0.00000000 -1.00000000
vn -0.00000000 -1.00000000 -0.00000000
vn 0.34200000 -0.00000000 -0.93970000
vn -0.00000000 -0.00000000 -1.00000000
vn -0.00000000 -1.00000000 -0.00000000
vn -0.00000000 1.00000000 -0.00000000
vn -0.00000000 -0.00000000 -1.00000000
vn -0.00000000 -1.00000000 -0.00000000
vn 0.34200000 -0.00000000 -0.93970000
vn -0.00000000 -0.00000000 -1.00000000
vn -0.00000000 -1.00000000 -0.00000000
vn -0.00000000 1.00000000 -0.00000000
vn -0.00000000 -0.00000000 -1.00000000
vn -0.00000000 0.21100000 -0.97750000
vn -0.00000000 -0.41710000 -0.90890000
vn -0.05420000 0.02680000 -0.99820000
vn 1.00000000 -0.00000000 -0.00000000
vn -0.00000000 0.27960000 0.96010000
vn 0.03470000 -0.03830000 0.99870000
vn 1.00000000 0.00030000 -0.00000000
vn -0.00000000 -0.15720000 0.98760000
vn 0.03470000 -0.03830000 0.99870000
vn -0.00000000 0.71640000 0.69770000
vn -0.00000000 0.04500000 0.99900000
vn 1.00000000 0.00070000 -0.00000000
vn 0.02930000 0.88380000 0.46690000
vn 1.00000000 -0.00000000 -0.00000000
vn -0.00000000 0.04500000 0.99900000
vn 1.00000000 0.00090000 -0.00000000
vn -0.00000000 -0.15720000 0.98760000
vn 0.03470000 -0.03830000 0.99870000
vn -0.00000000 -0.00000000 -1.00000000
vn -0.00000000 0.98480000 -0.17370000
vn 0.49430000 0.86930000 -0.00300000
vn 0.42030000 0.90720000 -0.01550000
vn 0.42200000 0.62430000 -0.65740000
vn 0.42200000 0.62430000 -0.65740000
vn 0.42200000 0.62430000 -0.65740000
vn 0.42200000 0.62430000 -0.65740000
vn 0.55630000 0.61730000 -0.55620000
vn 0.55630000 0.61730000 -0.55620000
vn 0.51550000 0.44520000 -0.73220000
vn 0.51550000 0.44520000 -0.73220000
vn -0.08960000 0.99300000 0.07710000
vn -0.03930000 0.99150000 0.12430000
vn -0.00000000 0.76570000 0.64320000
vn -0.00000000 0.93980000 0.34180000
vn 1.00000000 -0.00000000 -0.00000000
vn 1.00000000 -0.00030000 -0.00000000
vn -0.00000000 0.93970000 0.34210000
vn -0.00000000 0.76600000 0.64280000
vn 1.00000000 -0.00030000 -0.00000000
vn 1.00000000 0.00030000 -0.00000000
vn 1.00000000 -0.00000000 -0.00000000
vn -0.00000000 0.50040000 0.86580000
vn -0.00000000 0.49970000 0.86620000
vn -0.00000000 0.76600000 0.64280000
vn -0.05420000 0.02680000 -0.99820000
vn 1.00000000 -0.00000000 -0.00000000
vn -0.00000000 -0.41750000 -0.90870000
vn -0.00000000 0.21100000 -0.97750000
vn 1.00000000 0.00030000 -0.00000000
vn 0.03470000 -0.03830000 0.99870000
vn -0.00000000 0.27960000 0.96010000
vn -0.00000000 -0.15720000 0.98760000
vn 0.91940000 0.39340000 0.00420000
vn -0.00000000 -0.50040000 -0.86580000
vn 1.00000000 -0.00000000 -0.00000000
vn -0.00000000 -0.76610000 -0.64280000
vn -0.00000000 -0.76610000 -0.64280000
vn 1.00000000 -0.00030000 -0.00000000
vn 1.00000000 -0.00000000 -0.00000000
vn -0.00000000 -0.93970000 -0.34210000
vn 1.00000000 -0.00000000 -0.00000000
vn 1.00000000 0.00030000 -0.00000000
vn -0.00000000 -0.93970000 -0.34210000
vn 1.00000000 0.00020000 -0.00000000
vn -0.00000000 -1.00000000 -0.00000000
vn -0.00000000 -0.93970000 -0.34200000
vn 1.00000000 -0.00030000 -0.00000000
vn 0.97950000 0.20160000 0.00470000
vn 0.96590000 -0.16140000 0.20250000
vn 0.99780000 0.05380000 0.03950000
vn 0.98480000 -0.00000000 -0.17370000
vn -0.00000000 -1.00000000 -0.00000000
vn 0.86600000 -0.00000000 0.50000000
vn -0.00000000 -1.00000000 -0.00000000
vn 0.84610000 -0.08060000 0.52690000
vn 0.80970000 -0.28340000 0.51380000
vn -0.00000000 -1.00000000 -0.00000000
vn 0.98480000 -0.00000000 -0.17370000
vn 0.98480000 -0.00000000 0.17360000
vn -0.00000000 1.00000000 -0.00000000
vn 0.98480000 -0.00000000 -0.17370000
vn -0.00000000 -1.00000000 -0.00000000
vn 0.98480000 -0.00000000 0.17370000
vn -0.00000000 1.00000000 -0.00000000
vn -0.09600000 0.18460000 0.97810000
vn 0.24270000 0.17660000 0.95390000
vn 0.07020000 0.33600000 0.93920000
vn -0.88940000 0.18300000 0.41900000
vn -0.90430000 0.29030000 0.31300000
vn 0.52850000 0.83600000 0.14740000
vn 0.54960000 0.73380000 0.39930000
vn 0.54960000 0.73380000 0.39930000
vn 0.54960000 0.73380000 0.39930000
vn 0.64450000 0.71050000 0.28240000
vn 0.64450000 0.71050000 0.28240000
vn 0.43750000 0.83770000 0.32700000
vn 0.26080000 0.89130000 0.37100000
vn 1.00000000 0.00020000 -0.00000000
vn 1.00000000 -0.00030000 -0.00000000
vn 1.00000000 0.00030000 -0.00000000
vn -0.00000000 0.86600000 -0.50000000
vn 1.00000000 -0.00070000 -0.00000000
vn 1.00000000 -0.00000000 -0.00000000
vn -0.00000000 -0.17380000 0.98480000
vn -0.00000000 -0.50040000 0.86580000
vn 1.00000000 0.00030000 -0.00000000
vn -0.00140000 -0.49970000 0.86620000
vn 1.00000000 -0.00000000 -0.00000000
vn -0.00000000 -0.93980000 0.34180000
vn 1.00000000 -0.00030000 -0.00000000
vn 1.00000000 0.00020000 -0.00000000
vn -0.00000000 -0.76610000 0.64280000
vn -0.00000000 -0.93970000 0.34210000
vn -0.00000000 -0.76610000 0.64280000
vn -0.00000000 -0.50040000 0.86580000
vn 1.00000000 0.00020000 -0.00000000
vn -0.00000000 -0.76570000 0.64320000
vn 1.00000000 -0.00000000 -0.00000000
vn -0.19710000 -0.94120000 -0.27430000
vn 0.59890000 -0.12900000 0.79040000
vn 0.76330000 -0.64550000 0.02730000
vn 0.76330000 -0.64550000 0.02730000
vn 0.99110000 -0.12740000 0.03830000
vn 0.74540000 -0.58190000 -0.32520000
vn 0.74540000 -0.58190000 -0.32520000
vn 0.74540000 -0.58190000 -0.32520000
vn 0.84790000 -0.41210000 -0.33350000
vn 0.76030000 -0.64920000 -0.02190000
vn 0.76030000 -0.64920000 -0.02190000
vn 0.92040000 -0.39100000 -0.00340000
vn 0.92100000 -0.38960000 0.00450000
vn 0.02640000 0.92240000 0.38530000
vn -0.35150000 0.93620000 0.00550000
vn -0.74930000 -0.66200000 -0.01740000
vn -0.74930000 -0.66200000 -0.01740000
vn -0.13280000 -0.33780000 -0.93180000
vn -0.64390000 -0.59780000 -0.47750000
vn -0.64390000 -0.59780000 -0.47750000
vn -0.64390000 -0.59780000 -0.47750000
vn -0.26990000 -0.31880000 -0.90860000
vn -0.00000000 -0.50040000 -0.86580000
vn -0.00000000 -0.76600000 -0.64280000
vn 1.00000000 -0.00000000 -0.00000000
vn -0.00000000 -0.93970000 -0.34210000
vn -0.00000000 -0.76600000 -0.64280000
vn -0.00000000 -0.76610000 -0.64280000
vn 1.00000000 -0.00010000 -0.00000000
vn 1.00000000 -0.00000000 -0.00000000
vn 0.43690000 0.25490000 0.86260000
vn 0.47000000 0.06150000 0.88050000
vn -0.07980000 -0.22850000 -0.97030000
vn 0.22640000 -0.96590000 0.12570000
vn 0.22640000 -0.96590000 0.12570000
vn -0.07970000 -0.22840000 -0.97030000
vn -0.07990000 -0.22860000 -0.97020000
vn 0.22630000 -0.96590000 0.12570000
vn -0.07990000 -0.22860000 -0.97020000
vn 0.22630000 -0.96590000 0.12570000
vn -0.64090000 0.76760000 -0.01070000
vn -0.64090000 0.76760000 -0.01070000
vn -0.62240000 0.48340000 -0.61570000
vn -0.62240000 0.48340000 -0.61570000
vn -0.84500000 0.49910000 -0.19200000
vn -0.50630000 0.59590000 -0.62340000
vn -0.50630000 0.59590000 -0.62340000
vn -0.50630000 0.59590000 -0.62340000
vn 0.29280000 0.86860000 -0.39980000
vn 0.50960000 0.82580000 -0.24160000
vn 0.50960000 0.82580000 -0.24160000
vn 0.01520000 0.38990000 -0.92070000
vn 0.01520000 0.38990000 -0.92070000
vn -0.64090000 0.76760000 -0.01070000
vn -0.64090000 0.76760000 -0.01070000
vn -0.62220000 0.48350000 -0.61570000
vn -0.62220000 0.48350000 -0.61570000
vn -0.84500000 0.49910000 -0.19200000
vn -0.50630000 0.59590000 -0.62340000
vn -0.50630000 0.59590000 -0.62340000
vn -0.50630000 0.59590000 -0.62340000
vn 1.00000000 -0.00000000 -0.00000000
vn 1.00000000 0.00030000 -0.00000000
vn -0.00000000 -0.49990000 -0.86610000
vn -0.00000000 -0.17380000 -0.98480000
vn -0.00000000 -0.50040000 -0.86580000
vn -0.00000000 -0.17370000 -0.98480000
vn 1.00000000 -0.00020000 -0.00000000
vn 1.00000000 -0.00000000 -0.00000000
vn -0.00000000 0.17380000 -0.98480000
vn 1.00000000 -0.00050000 -0.00000000
vn -0.00000000 0.50040000 -0.86580000
vn -0.00000000 0.49970000 -0.86620000
vn -0.00000000 0.17380000 -0.98480000
vn -0.00000000 -0.17380000 -0.98480000
vn 1.00000000 -0.00050000 -0.00000000
vn 1.00000000 0.00030000 -0.00000000
vn -0.00000000 0.17360000 -0.98480000
vn -0.00000000 0.76610000 -0.64280000
vn -0.00000000 0.93970000 -0.34210000
vn 1.00000000 -0.00000000 -0.00000000
vn -0.00000000 0.93980000 -0.34180000
vn 1.00000000 -0.00010000 -0.00000000
vn -0.00000000 0.50040000 -0.86580000
vn -0.00000000 0.76610000 -0.64280000
vn 1.00000000 -0.00000000 -0.00000000
vn 1.00000000 -0.00010000 -0.00000000
vn 1.00000000 -0.00000000 -0.00000000
vn 1.00000000 -0.00070000 -0.00000000
vn 1.00000000 0.00100000 -0.00000000
vn -0.00000000 -0.98480000 0.17360000
vn 1.00000000 0.00100000 -0.00000000
vn 1.00000000 -0.00000000 -0.00000000
vn -0.00000000 0.76610000 0.64270000
vn -0.00000000 0.93970000 0.34210000
vn -0.00000000 0.76610000 0.64280000
vn 1.00000000 -0.00010000 -0.00000000
vn 1.00000000 0.00100000 -0.00000000
vn -0.00000000 1.00000000 -0.00000000
vn -0.00000000 0.93970000 0.34210000
vn 0.52990000 0.83560000 0.14510000
vn 0.73020000 0.66960000 0.13580000
vn 0.73020000 0.66960000 0.13580000
vn 0.73020000 0.66960000 0.13580000
vn 0.75110000 0.58620000 0.30370000
vn 0.75110000 0.58620000 0.30370000
vn 0.90180000 0.26450000 -0.34170000
vn 0.92320000 0.38310000 -0.02880000
vn 0.98040000 0.19440000 -0.03260000
vn -0.08560000 0.99090000 -0.10360000
vn 0.27330000 -0.11710000 -0.95480000
vn 0.40770000 -0.15380000 -0.90010000
vn 0.53580000 -0.02450000 -0.84400000
vn 0.60050000 -0.06360000 -0.79710000
vn -0.08560000 -0.99090000 -0.10360000
vn -0.01430000 -0.99980000 -0.01630000
vn 0.27330000 -0.11710000 -0.95480000
vn 0.40770000 -0.15380000 -0.90010000
vn 0.60050000 -0.06360000 -0.79710000
vn 0.53580000 -0.02450000 -0.84400000
vn 0.29660000 0.46620000 0.83350000
vn 0.29660000 0.46620000 0.83350000
vn -0.00000000 0.76610000 0.64280000
vn 1.00000000 -0.00000000 -0.00000000
vn -0.00000000 0.50040000 0.86580000
vn -0.00000000 0.49970000 0.86620000
vn 0.63140000 -0.04800000 0.77390000
vn 0.61040000 -0.19190000 0.76850000
vn 0.61040000 -0.19190000 0.76850000
vn -0.83100000 -0.06120000 -0.55290000
vn -0.83100000 -0.06120000 -0.55290000
vn -0.83100000 -0.06120000 -0.55290000
vn -0.74760000 -0.32270000 -0.58040000
vn -0.74760000 -0.32270000 -0.58040000
vn -0.74760000 -0.32270000 -0.58040000
vn -0.91540000 -0.30720000 -0.26010000
vn -0.94990000 -0.22730000 -0.21460000
vn 0.29300000 0.02330000 -0.95580000
vn 0.15360000 0.03020000 -0.98770000
vn 0.15360000 0.03020000 -0.98770000
vn 0.43400000 0.02900000 -0.90040000
vn 0.48220000 -0.87610000 -0.00260000
vn 0.74570000 -0.64080000 0.18240000
vn 0.74570000 -0.64080000 0.18240000
vn 0.80700000 -0.45200000 0.38010000
vn 0.71450000 -0.59590000 0.36670000
vn 0.71450000 -0.59590000 0.36670000
vn -0.83080000 -0.06120000 -0.55330000
vn -0.83080000 -0.06120000 -0.55330000
vn -0.83080000 -0.06120000 -0.55330000
vn -0.74760000 -0.32270000 -0.58050000
vn -0.74760000 -0.32270000 -0.58050000
vn -0.74760000 -0.32270000 -0.58050000
vn -0.91540000 -0.30720000 -0.26010000
vn -0.94980000 -0.22740000 -0.21480000
vn 1.00000000 -0.00030000 -0.00000000
vn -0.00000000 -0.17380000 0.98480000
vn -0.00000000 0.17380000 0.98480000
vn 1.00000000 0.00030000 -0.00000000
vn -0.00000000 -0.17360000 0.98480000
vn 1.00000000 -0.00020000 -0.00000000
vn -0.00000000 -0.64280000 -0.76600000
vn -0.00000000 -0.64280000 -0.76600000
vn 1.00000000 -0.00000000 -0.00000000
vn 0.96400000 0.26600000 -0.00000000
vn 0.26580000 0.96400000 -0.00000000
vn 0.15750000 0.97490000 -0.15750000
vn 0.93160000 0.25700000 -0.25690000
vn 0.25690000 0.93170000 -0.25680000
vn 0.96410000 0.26570000 -0.00000000
vn 0.97490000 0.15750000 -0.15750000
vn 0.96400000 -0.00000000 -0.26580000
vn 0.97490000 0.15750000 -0.15750000
vn 0.26580000 -0.00000000 -0.96400000
vn 0.93160000 0.25700000 -0.25690000
vn 0.26190000 0.16870000 -0.95020000
vn -0.96400000 -0.00000000 0.26570000
vn -0.97490000 0.15730000 0.15750000
vn -0.26580000 -0.00000000 0.96400000
vn -0.93170000 0.25680000 0.25680000
vn -0.26190000 0.16870000 0.95020000
vn -0.25690000 0.93170000 0.25680000
vn -0.93170000 0.25680000 0.25680000
vn -0.26570000 0.96400000 -0.00000000
vn -0.97490000 0.15730000 0.15750000
vn -0.96410000 0.26570000 -0.00000000
vn -0.15750000 0.97490000 0.15750000
vn -0.21520000 0.55130000 0.80610000
vn -0.21520000 0.55130000 0.80610000
vn 0.15990000 0.49340000 0.85500000
vn -0.04120000 0.67950000 0.73250000
vn -0.04120000 0.67950000 0.73250000
vn 0.41200000 0.69000000 0.59520000
vn 0.41200000 0.69000000 0.59520000
vn 0.41200000 0.69000000 0.59520000
vn 0.07510000 0.75980000 0.64580000
vn 0.07510000 0.75980000 0.64580000
vn 0.29100000 0.62450000 0.72480000
vn 0.29100000 0.62450000 0.72480000
vn 0.29100000 0.62450000 0.72480000
vn 0.95020000 0.16860000 0.26200000
vn 0.96400000 -0.00000000 0.26580000
vn 0.15750000 0.15750000 0.97490000
vn 0.26580000 -0.00000000 0.96400000
vn 0.25680000 0.25680000 0.93170000
vn 0.26570000 -0.00000000 0.96410000
vn -0.00000000 0.96400000 0.26570000
vn -0.00000000 0.26570000 0.96400000
vn 0.16860000 0.95020000 0.26190000
vn 0.25680000 0.25680000 0.93170000
vn 0.15750000 0.15750000 0.97490000
vn -0.95020000 0.16860000 -0.26190000
vn -0.96400000 -0.00000000 -0.26570000
vn -0.26580000 -0.00000000 -0.96400000
vn -0.15760000 0.15750000 -0.97490000
vn -0.25680000 0.25680000 -0.93170000
vn -0.26610000 -0.00000000 -0.96400000
vn -0.25680000 0.25680000 -0.93170000
vn -0.00000000 0.26570000 -0.96400000
vn -0.15760000 0.15750000 -0.97490000
vn -0.16860000 0.95020000 -0.26200000
vn -0.00000000 0.96400000 -0.26570000
vn -0.22690000 -0.45630000 0.86040000
vn -0.50460000 -0.24760000 0.82710000
vn -0.50460000 -0.24760000 0.82710000
vn -0.64140000 -0.51170000 0.57170000
vn -0.64140000 -0.51170000 0.57170000
vn -0.64140000 -0.51170000 0.57170000
vn -0.80290000 -0.49060000 0.33860000
vn -0.80290000 -0.49060000 0.33860000
vn -0.56360000 -0.61740000 0.54880000
vn -0.56360000 -0.61740000 0.54880000
vn -0.89260000 -0.37910000 0.24400000
vn 0.98530000 -0.16660000 0.03880000
vn 0.98390000 -0.12940000 -0.12360000
vn 0.98530000 0.16620000 -0.03880000
vn -0.32660000 -0.94150000 -0.08380000
vn -0.32640000 -0.94150000 -0.08380000
vn 0.98530000 -0.16660000 0.03880000
vn 0.98390000 -0.12940000 -0.12360000
vn 0.98530000 0.16650000 -0.03880000
vn -0.32650000 -0.94150000 -0.08380000
vn 0.98530000 -0.16650000 0.03880000
vn 0.98390000 -0.12940000 -0.12360000
vn 0.98530000 0.16650000 -0.03880000
vn 0.77970000 -0.16680000 -0.60360000
vn 0.67430000 -0.12900000 -0.72710000
vn 0.67430000 -0.12900000 -0.72710000
vn 0.72980000 0.16680000 -0.66300000
vn 0.72980000 0.16680000 -0.66300000
vn -0.30450000 -0.94130000 0.14590000
vn 0.77970000 -0.16680000 -0.60360000
vn 0.67430000 -0.12900000 -0.72710000
vn 0.67430000 -0.12900000 -0.72710000
vn 0.72980000 0.16680000 -0.66300000
vn 0.72980000 0.16680000 -0.66300000
vn -0.30450000 -0.94130000 0.14590000
vn -0.30450000 -0.94130000 0.14590000
vn 0.77960000 -0.16690000 -0.60360000
vn 0.67430000 -0.12900000 -0.72710000
vn 0.67430000 -0.12900000 -0.72710000
vn 0.72970000 0.16680000 -0.66310000
vn 0.72970000 0.16680000 -0.66310000
vn -0.30450000 -0.94130000 0.14590000
vn 0.77970000 -0.16680000 -0.60360000
vn 0.67430000 -0.12900000 -0.72710000
vn 0.67430000 -0.12900000 -0.72710000
vn 0.72970000 0.16680000 -0.66310000
vn 0.72970000 0.16680000 -0.66310000
vn 0.96680000 -0.12940000 0.22040000
vn -0.32630000 -0.94150000 -0.08380000
vn 0.72980000 -0.16640000 0.66310000
vn 0.72980000 -0.16640000 0.66310000
vn 0.83310000 -0.12930000 0.53780000
vn 0.77970000 0.16650000 0.60360000
vn -0.19710000 -0.94120000 -0.27430000
vn 0.72980000 -0.16640000 0.66300000
vn 0.72980000 -0.16640000 0.66300000
vn 0.83310000 -0.12930000 0.53790000
vn 0.77970000 0.16650000 0.60360000
vn -0.19710000 -0.94130000 -0.27420000
vn 0.72980000 -0.16640000 0.66310000
vn 0.72980000 -0.16640000 0.66310000
vn 0.83310000 -0.12950000 0.53780000
vn 0.77970000 0.16650000 0.60360000
vn -0.19710000 -0.94130000 -0.27420000
vn 0.24710000 0.95420000 0.16880000
vn 0.38170000 0.92410000 0.01780000
vn -0.64670000 0.75440000 0.11270000
vn -0.64670000 0.75440000 0.11270000
vn -0.14450000 -0.59950000 0.78720000
vn -0.14450000 -0.59950000 0.78720000
vn 0.67430000 0.12900000 0.72710000
vn 0.67430000 0.12900000 0.72710000
vn 0.21490000 0.95170000 0.21910000
vn 0.67440000 0.12880000 0.72710000
vn 0.67440000 0.12880000 0.72710000
vn 0.21490000 0.95170000 0.21910000
vn 0.67430000 0.12900000 0.72710000
vn 0.67430000 0.12900000 0.72710000
vn 0.21490000 0.95170000 0.21920000
vn 0.67430000 0.12900000 0.72710000
vn 0.67430000 0.12900000 0.72710000
vn 0.21490000 0.95170000 0.21920000
vn 0.30550000 0.95170000 0.02970000
vn 0.98390000 0.12930000 0.12350000
vn 0.98390000 0.12900000 0.12360000
vn 0.30550000 0.95170000 0.02970000
vn 0.98390000 0.12930000 0.12350000
vn 0.30550000 0.95170000 0.02970000
vn 0.30550000 0.95170000 0.02970000
vn 0.98390000 0.12890000 0.12350000
vn 0.83310000 0.12950000 -0.53780000
vn 0.25310000 0.95170000 -0.17360000
vn 0.25320000 0.95170000 -0.17360000
vn 0.83310000 0.12950000 -0.53780000
vn 0.83310000 0.12950000 -0.53780000
vn 0.25320000 0.95170000 -0.17360000
vn 0.25320000 0.95170000 -0.17360000
vn 0.83310000 0.12950000 -0.53780000
vn 0.04260000 0.11740000 -0.99220000
vn -0.94600000 0.09890000 -0.30880000
vn -0.63430000 0.11110000 -0.76510000
vn -0.63430000 0.11110000 -0.76510000
vn 0.85000000 0.04560000 0.52480000
vn 0.80000000 0.03920000 0.59870000
vn 0.04250000 0.11740000 -0.99220000
vn -0.94600000 0.09890000 -0.30870000
vn -0.63400000 0.11120000 -0.76530000
vn -0.63400000 0.11120000 -0.76530000
vn 0.84790000 -0.41200000 -0.33350000
vn 0.90750000 -0.41890000 -0.03000000
vn 0.76030000 -0.64920000 -0.02200000
vn 0.76030000 -0.64920000 -0.02200000
vn 0.99110000 -0.12890000 -0.03280000
vn 0.93440000 -0.15060000 -0.32280000
vn 0.93880000 0.07290000 -0.33670000
vn 0.49760000 -0.86720000 -0.02090000
vn -0.98760000 0.11140000 0.11060000
vn -0.44540000 0.33250000 0.83130000
vn -0.44540000 0.33250000 0.83130000
vn 0.61040000 -0.19200000 0.76850000
vn 0.61040000 -0.19200000 0.76850000
vn 0.40890000 -0.34590000 0.84450000
vn 0.17010000 -0.52170000 0.83600000
vn 0.23890000 -0.24520000 0.93960000
vn 0.05960000 -0.41380000 0.90840000
vn -0.00000000 -0.34210000 0.93970000
vn -0.00000000 -0.34200000 0.93970000
vn 0.98040000 0.19440000 -0.03260000
vn 0.99120000 -0.12830000 -0.03280000
vn 0.99800000 0.05390000 -0.03350000
vn -0.00000000 0.96400000 -0.26570000
vn -0.00000000 0.26570000 -0.96400000
vn 0.15750000 0.97490000 -0.15750000
vn 0.16860000 0.26190000 -0.95030000
vn 0.25690000 0.93170000 -0.25680000
vn 0.96400000 0.26600000 -0.00000000
vn 0.26580000 0.96400000 -0.00000000
vn 0.26570000 0.96400000 -0.00000000
vn 0.95020000 0.26210000 0.16850000
vn 0.26200000 0.95020000 0.16860000
vn -0.25690000 0.93170000 0.25680000
vn -0.15750000 0.97490000 0.15750000
vn -0.00000000 0.96400000 0.26570000
vn -0.16860000 0.26190000 0.95030000
vn -0.00000000 0.26570000 0.96400000
vn -0.26570000 0.96400000 -0.00000000
vn -0.96410000 0.26570000 -0.00000000
vn -0.95030000 0.26170000 -0.16860000
vn -0.26580000 0.96400000 -0.00000000
vn -0.26190000 0.95030000 -0.16850000
vn -0.00000000 1.00000000 -0.00000000
vn -0.86600000 -0.00000000 0.50000000
vn -0.00000000 1.00000000 -0.00000000
vn -0.98480000 -0.00000000 0.17370000
vn -0.98480000 -0.00000000 0.17370000
vn -0.00000000 -1.00000000 -0.00000000
vn -0.00000000 1.00000000 -0.00000000
vn -0.34200000 -0.00000000 -0.93970000
vn -0.00000000 1.00000000 -0.00000000
vn -0.34200000 -0.00000000 -0.93970000
vn -0.86600000 -0.00000000 0.50000000
vn -0.00000000 -1.00000000 -0.00000000
vn -0.86600000 -0.00000000 0.50010000
vn -0.00000000 -1.00000000 0.00010000
vn -0.00000000 -1.00000000 -0.00000000
vn -0.86600000 -0.00000000 0.50000000
vn -0.00000000 1.00000000 -0.00000000
vn -0.34200000 -0.00000000 -0.93970000
vn 0.80700000 -0.45190000 0.38010000
vn 0.71450000 -0.59590000 0.36670000
vn 0.71450000 -0.59590000 0.36670000
vn -0.96640000 -0.24200000 0.08600000
vn -0.99450000 -0.09360000 0.04790000
vn -0.99420000 -0.10760000 0.00760000
vn 0.42200000 0.62440000 -0.65740000
vn 0.42200000 0.62440000 -0.65740000
vn 0.42200000 0.62440000 -0.65740000
vn 0.55630000 0.61730000 -0.55620000
vn 0.51550000 0.44520000 -0.73220000
vn 0.51550000 0.44520000 -0.73220000
vn 0.42030000 0.90720000 -0.01550000
vn 0.38170000 0.92410000 0.01780000
vn 0.50950000 0.86040000 0.00490000
vn -0.83910000 0.47430000 0.26650000
vn -0.83910000 0.47430000 0.26650000
vn -0.96630000 0.24710000 0.07270000
vn 1.00000000 -0.00000000 -0.00000000
vn 1.00000000 -0.00030000 -0.00000000
vn 1.00000000 0.00030000 -0.00000000
vn -0.00000000 -0.00000000 -1.00000000
vn -0.00000000 0.64270000 -0.76610000
vn 1.00000000 -0.00000000 -0.00000000
vn -0.00000000 0.64270000 -0.76610000
vn -0.00000000 0.98480000 0.17370000
vn -0.00000000 -0.86600000 -0.50000000
vn 0.99800000 0.05390000 -0.03350000
vn 0.54200000 -0.41660000 0.72980000
vn 0.54200000 -0.41660000 0.72980000
vn 0.54200000 -0.41660000 0.72980000
vn 0.09030000 -0.67390000 0.73330000
vn 0.09030000 -0.67390000 0.73330000
vn 0.02210000 -0.91830000 0.39520000
vn -0.41510000 -0.90930000 -0.02860000
vn -0.01390000 -0.99940000 -0.03160000
vn 0.29450000 -0.95520000 -0.02980000
vn 0.49760000 -0.86720000 -0.02090000
vn 0.54200000 -0.41660000 0.72980000
vn 0.54200000 -0.41660000 0.72980000
vn 0.54200000 -0.41660000 0.72980000
vn 0.81890000 -0.57390000 0.00420000
vn 0.92040000 -0.39090000 -0.00340000
vn 0.92080000 -0.39000000 0.00450000
vn 0.10330000 0.89990000 -0.42380000
vn 0.10330000 0.89990000 -0.42380000
vn -0.41740000 -0.90790000 0.03810000
vn -0.76500000 -0.64370000 0.01990000
vn -0.76500000 -0.64370000 0.01990000
vn 0.50000000 -0.86560000 0.02740000
vn 0.29900000 -0.95340000 0.03950000
vn -0.99630000 0.08320000 0.02310000
vn -0.99480000 0.08300000 -0.05900000
vn -0.21520000 0.55130000 0.80610000
vn -0.21520000 0.55130000 0.80610000
vn -0.44580000 0.33240000 0.83110000
vn -0.44580000 0.33240000 0.83110000
vn 0.15990000 0.49340000 0.85500000
vn -0.04090000 0.67950000 0.73250000
vn -0.04090000 0.67950000 0.73250000
vn 0.52130000 -0.10560000 -0.84680000
vn 0.58610000 -0.21290000 -0.78170000
vn 0.47970000 -0.58730000 0.65180000
vn 0.47970000 -0.58730000 0.65180000
vn 0.62760000 -0.58450000 0.51420000
vn 0.63870000 -0.73360000 0.23210000
vn 0.63870000 -0.73360000 0.23210000
vn 0.63870000 -0.73360000 0.23210000
vn 0.58610000 -0.21290000 -0.78170000
vn 0.52130000 -0.10560000 -0.84680000
vn 0.47970000 -0.58740000 0.65180000
vn 0.47970000 -0.58740000 0.65180000
vn 0.62760000 -0.58450000 0.51420000
vn 0.50000000 -0.86560000 0.02740000
vn 0.29890000 -0.95350000 0.03950000
vn -0.41740000 -0.90790000 0.03810000
vn -0.76510000 -0.64360000 0.01990000
vn -0.76510000 -0.64360000 0.01990000
vn 1.00000000 -0.00050000 -0.00000000
vn -0.00000000 -0.76610000 -0.64280000
vn -0.00000000 0.93970000 0.34200000
vn -0.00000000 -0.93970000 -0.34200000
vn -0.00000000 -0.93970000 -0.34210000
vn 1.00000000 0.00100000 -0.00000000
vn 1.00000000 -0.00000000 -0.00000000
vn -0.00000000 -1.00000000 -0.00000000
vn 1.00000000 0.00030000 -0.00000000
vn -0.00000000 -0.93970000 0.34210000
vn -0.00000000 -0.76610000 0.64280000
vn -0.00000000 -0.93970000 0.34210000
vn 1.00000000 -0.00000000 -0.00000000
vn 0.05490000 0.68200000 -0.72930000
vn 0.05490000 0.68200000 -0.72930000
vn 0.25690000 0.41980000 -0.87050000
vn 0.29890000 0.68850000 -0.66080000
vn 0.29890000 0.68850000 -0.66080000
vn 0.12760000 0.95100000 -0.28160000
vn 0.05490000 0.68200000 -0.72930000
vn 0.05490000 0.68200000 -0.72930000
vn 0.25700000 0.41990000 -0.87040000
vn 0.29890000 0.68850000 -0.66080000
vn 0.29890000 0.68850000 -0.66080000
vn 0.12760000 0.95100000 -0.28170000
vn 0.05490000 0.68190000 -0.72940000
vn 0.05490000 0.68190000 -0.72940000
vn 0.25690000 0.41980000 -0.87050000
vn 0.29890000 0.68870000 -0.66060000
vn 0.29890000 0.68870000 -0.66060000
vn 0.12780000 0.95090000 -0.28190000
vn 0.05490000 0.68190000 -0.72940000
vn 0.05490000 0.68190000 -0.72940000
vn 0.25690000 0.42010000 -0.87040000
vn 0.29880000 0.68860000 -0.66070000
vn 0.29880000 0.68860000 -0.66070000
vn 0.12770000 0.95090000 -0.28190000
vn -0.10140000 -0.24410000 0.96440000
vn -0.10750000 -0.07070000 0.99170000
vn 0.90780000 -0.41840000 -0.03000000
vn 0.93440000 -0.15060000 -0.32280000
vn 0.93870000 0.07290000 -0.33680000
vn 0.80120000 0.59780000 0.02720000
vn 0.80120000 0.59780000 0.02720000
vn 0.83850000 0.51820000 0.16860000
vn 0.93050000 0.29580000 0.21620000
vn 0.92350000 0.38220000 0.03410000
vn 0.98030000 0.19370000 0.03870000
vn 0.43690000 0.25490000 0.86260000
vn 0.56870000 0.35260000 0.74310000
vn 0.56870000 0.35260000 0.74310000
vn 0.48350000 0.54790000 0.68260000
vn 0.48350000 0.54790000 0.68260000
vn 0.08870000 -0.93300000 -0.34870000
vn 0.08870000 -0.93300000 -0.34870000
vn 0.27460000 -0.38130000 -0.88270000
vn -0.41060000 -0.91160000 -0.01950000
vn -0.41060000 -0.91160000 -0.01950000
vn -0.41060000 -0.91160000 -0.01950000
vn 0.08900000 -0.93300000 -0.34870000
vn 0.08900000 -0.93300000 -0.34870000
vn 0.27450000 -0.38180000 -0.88260000
vn -0.41060000 -0.91160000 -0.01950000
vn -0.41060000 -0.91160000 -0.01950000
vn -0.41060000 -0.91160000 -0.01950000
vn 0.08910000 -0.93300000 -0.34860000
vn 0.08910000 -0.93300000 -0.34860000
vn 0.27420000 -0.38150000 -0.88280000
vn -0.41080000 -0.91150000 -0.01950000
vn -0.41080000 -0.91150000 -0.01950000
vn -0.41080000 -0.91150000 -0.01950000
vn -0.41080000 -0.91150000 -0.01950000
vn -0.41080000 -0.91150000 -0.01950000
vn -0.41080000 -0.91150000 -0.01950000
vn 0.08900000 -0.93300000 -0.34860000
vn 0.08900000 -0.93300000 -0.34860000
vn 0.27460000 -0.38160000 -0.88260000
vn 0.26580000 -0.00000000 -0.96400000
vn 0.96400000 -0.00000000 -0.26580000
vn -0.00000000 -1.00000000 -0.00000000
vn -0.00000000 -1.00000000 -0.00000000
vn -0.26580000 -0.00000000 0.96400000
vn -0.96400000 -0.00000000 0.26570000
vn 0.96400000 -0.00000000 0.26580000
vn 0.26570000 -0.00000000 0.96400000
vn -0.00000000 -1.00000000 -0.00000000
vn 0.26570000 -0.00000000 0.96410000
vn -0.00000000 -1.00000000 -0.00000000
vn -0.26610000 -0.00000000 -0.96400000
vn -0.96400000 -0.00000000 -0.26570000
vn 0.92340000 0.38230000 0.03410000
vn 0.98030000 0.19370000 0.03870000
vn 0.80110000 0.59790000 0.02720000
vn 0.80110000 0.59790000 0.02720000
vn 0.83840000 0.51840000 0.16860000
vn 0.93050000 0.29590000 0.21610000
vn -0.91190000 -0.41040000 0.00220000
vn -0.90920000 -0.41630000 -0.00820000
vn -0.81430000 -0.48040000 0.32580000
vn -0.81430000 -0.48040000 0.32580000
vn -0.56370000 -0.61740000 0.54870000
vn -0.56370000 -0.61740000 0.54870000
vn -0.00000000 0.76610000 -0.64280000
vn -0.00000000 0.76600000 -0.64280000
vn -0.00000000 0.50040000 -0.86580000
vn 1.00000000 -0.00000000 -0.00000000
vn 1.00000000 -0.00000000 -0.00000000
vn -0.00000000 -0.93980000 -0.34180000
vn 1.00000000 0.00030000 -0.00000000
vn -0.00000000 -0.93970000 -0.34210000
vn -0.00000000 -1.00000000 -0.00000000
vn 1.00000000 0.00020000 -0.00000000
vn -0.00000000 -0.93970000 0.34210000
vn 1.00000000 0.00030000 -0.00000000
vn -0.00000000 -1.00000000 -0.00000000
vn 1.00000000 -0.00030000 -0.00000000
vn -0.00000000 -0.93980000 -0.34180000
vn 1.00000000 0.00080000 -0.00000000
vn -0.00000000 -1.00000000 -0.00000000
vn 1.00000000 -0.00010000 -0.00000000
vn -0.00000000 -0.93980000 -0.34180000
vn 1.00000000 -0.00010000 -0.00000000
vn -0.00000000 -0.93970000 -0.34210000
vn -0.00000000 -0.76610000 -0.64280000
vn -0.79770000 0.26630000 -0.54100000
vn -0.79770000 0.26630000 -0.54100000
vn -0.02200000 0.99950000 0.02040000
vn -0.80480000 -0.31510000 0.50290000
vn -0.80480000 -0.31510000 0.50290000
vn -0.97860000 -0.16440000 0.12400000
vn -0.00000000 -0.17370000 -0.98480000
vn -0.00000000 -0.17380000 -0.98480000
vn -0.00000000 0.17370000 0.98480000
vn 1.00000000 -0.00000000 -0.00000000
vn -0.00000000 0.17360000 -0.98480000
vn -0.00000000 0.49970000 -0.86620000
vn -0.00000000 0.17380000 -0.98480000
vn 1.00000000 -0.00000000 -0.00000000
vn -0.00000000 0.17360000 -0.98480000
vn -0.00000000 -0.49970000 0.86620000
vn 1.00000000 -0.00000000 -0.00000000
vn -0.00000000 -0.17380000 0.98480000
vn -0.00000000 -0.17360000 0.98480000
vn 0.13270000 -0.98180000 0.13620000
vn 0.28110000 -0.95800000 0.05720000
vn -0.01390000 -0.99940000 -0.03160000
vn 0.03610000 -0.81640000 -0.57630000
vn 0.03610000 -0.81640000 -0.57630000
vn 0.33220000 -0.77090000 -0.54340000
vn 0.33220000 -0.77090000 -0.54340000
vn 0.29450000 -0.95520000 -0.02980000
vn -0.02930000 -0.88390000 0.46680000
vn 1.00000000 -0.00010000 -0.00000000
vn -0.00000000 -0.71700000 0.69710000
vn 0.02930000 -0.88390000 -0.46680000
vn 0.90180000 0.26440000 -0.34170000
vn 0.92320000 0.38310000 -0.02880000
vn 0.99830000 0.00500000 0.05860000
vn -0.00000000 0.49970000 0.86620000
vn -0.00000000 0.76610000 0.64280000
vn -0.00000000 0.76610000 0.64270000
vn 1.00000000 -0.00000000 -0.00000000
vn -0.00000000 0.17360000 0.98480000
vn 1.00000000 -0.00000000 -0.00000000
vn -0.00000000 0.50040000 0.86580000
vn 1.00000000 -0.00070000 -0.00000000
vn -0.00000000 0.49970000 0.86620000
vn -0.10130000 -0.24410000 0.96440000
vn -0.89600000 -0.42740000 0.12080000
vn -0.91200000 -0.41030000 0.00220000
vn -0.90920000 -0.41630000 -0.00820000
vn 0.64410000 -0.76480000 -0.01820000
vn 0.97050000 0.22740000 0.08010000
vn 0.96870000 0.22620000 -0.10280000
vn 0.47000000 0.06150000 0.88050000
vn -0.31680000 -0.62500000 0.71340000
vn -0.31680000 -0.62500000 0.71340000
vn -0.31680000 -0.62500000 0.71340000
vn 0.08930000 -0.93280000 0.34920000
vn 0.08930000 -0.93280000 0.34920000
vn -0.35680000 -0.93360000 -0.03200000
vn -0.35680000 -0.93360000 -0.03200000
vn -0.35680000 -0.93360000 -0.03200000
vn -0.31670000 -0.62500000 0.71350000
vn -0.31670000 -0.62500000 0.71350000
vn -0.31670000 -0.62500000 0.71350000
vn 0.08930000 -0.93280000 0.34920000
vn 0.08930000 -0.93280000 0.34920000
vn -0.35680000 -0.93360000 -0.03200000
vn -0.35680000 -0.93360000 -0.03200000
vn -0.35680000 -0.93360000 -0.03200000
vn -0.31670000 -0.62500000 0.71340000
vn -0.31670000 -0.62500000 0.71340000
vn -0.31670000 -0.62500000 0.71340000
vn 0.08930000 -0.93280000 0.34920000
vn 0.08930000 -0.93280000 0.34920000
vn -0.35680000 -0.93360000 -0.03200000
vn -0.35680000 -0.93360000 -0.03200000
vn -0.35680000 -0.93360000 -0.03200000
vn -0.31680000 -0.62500000 0.71350000
vn -0.31680000 -0.62500000 0.71350000
vn -0.31680000 -0.62500000 0.71350000
vn 0.08940000 -0.93280000 0.34920000
vn 0.08940000 -0.93280000 0.34920000
vn -0.35650000 -0.93370000 -0.03210000
vn -0.35650000 -0.93370000 -0.03210000
vn -0.35650000 -0.93370000 -0.03210000
vn 0.27790000 -0.95730000 -0.07930000
vn -0.13870000 -0.98930000 -0.04570000
vn -0.13630000 -0.99010000 0.03470000
vn -0.02200000 0.99950000 0.02040000
vn -0.35150000 0.93620000 0.00550000
vn -0.13870000 0.98930000 -0.04570000
vn -0.08950000 -0.99300000 0.07710000
vn -0.13620000 0.99010000 0.03470000
vn -0.64270000 -0.00000000 0.76610000
vn -0.00000000 1.00000000 0.00020000
vn -0.64270000 -0.00000000 0.76610000
vn -0.64280000 -0.00000000 0.76610000
vn -0.64280000 -0.00000000 0.76610000
vn -0.00000000 1.00000000 0.00020000
vn -0.00000000 -1.00000000 -0.00000000
vn -0.34200000 -0.00000000 -0.93970000
vn -0.00000000 -1.00000000 -0.00000000
vn -0.34200000 -0.00000000 -0.93970000
vn -0.00000000 -1.00000000 -0.00000000
vn -0.34200000 -0.00000000 -0.93970000
vn -0.00000000 1.00000000 -0.00000000
vn 0.34210000 -0.00000000 0.93970000
vn 0.98480000 -0.00000000 -0.17370000
vn -0.00000000 1.00000000 -0.00000000
vn -0.00000000 1.00000000 -0.00000000
vn 0.98480000 -0.00000000 0.17370000
vn -0.22350000 0.43450000 -0.87250000
vn -0.18530000 0.64570000 -0.74080000
vn -0.18530000 0.64570000 -0.74080000
vn -0.20400000 0.12450000 -0.97100000
vn -0.20330000 0.12450000 -0.97120000
vn -0.22340000 0.43460000 -0.87250000
vn -0.18530000 0.64570000 -0.74080000
vn -0.18530000 0.64570000 -0.74080000
vn -0.62010000 -0.36200000 -0.69600000
vn -0.62010000 -0.36200000 -0.69600000
vn 0.69500000 0.71880000 -0.01670000
vn 0.69500000 0.71880000 -0.01670000
vn 0.81700000 0.57620000 -0.02390000
vn 0.53680000 0.03580000 -0.84300000
vn -0.07690000 0.99680000 -0.02000000
vn -0.29280000 0.89650000 -0.33250000
vn -0.62120000 0.73850000 -0.26220000
vn -0.62120000 0.73850000 -0.26220000
vn 0.41350000 0.13660000 -0.90020000
vn 0.50540000 0.20600000 -0.83790000
vn 0.53670000 0.03580000 -0.84300000
vn 0.86690000 -0.45960000 0.19310000
vn 0.90930000 -0.41460000 0.03590000
vn -0.00000000 -0.86600000 0.50000000
vn -0.00000000 0.64280000 -0.76600000
vn -0.00000000 0.64280000 -0.76600000
vn -0.00000000 -0.86600000 0.50000000
vn -0.00000000 0.98480000 0.17370000
vn 1.00000000 -0.00000000 -0.00000000
vn -0.00000000 0.04500000 0.99900000
vn -0.00000000 0.71640000 0.69770000
vn 1.00000000 -0.00100000 -0.00000000
vn -0.85450000 0.03790000 0.51810000
vn -0.85450000 0.03790000 0.51810000
vn -0.88940000 0.18300000 0.41900000
vn 0.43820000 0.84870000 -0.29630000
vn 0.43820000 0.84870000 -0.29630000
vn 0.02160000 0.93380000 -0.35710000
vn -0.29320000 0.89640000 -0.33230000
vn -0.62120000 0.73850000 -0.26220000
vn -0.62120000 0.73850000 -0.26220000
vn -0.99660000 0.02020000 0.07980000
vn -0.99580000 -0.04270000 0.08090000
vn -0.31970000 0.93400000 0.15930000
vn -0.64670000 0.75440000 0.11270000
vn -0.64670000 0.75440000 0.11270000
vn -0.32960000 0.58620000 0.74010000
vn -0.32960000 0.58620000 0.74010000
vn -0.32960000 0.58620000 0.74010000
vn 0.04970000 0.68080000 0.73080000
vn 0.04970000 0.68080000 0.73080000
vn -0.32990000 0.58600000 0.74010000
vn -0.32990000 0.58600000 0.74010000
vn -0.32990000 0.58600000 0.74010000
vn 0.04970000 0.68080000 0.73080000
vn 0.04970000 0.68080000 0.73080000
vn -0.32970000 0.58620000 0.74000000
vn -0.32970000 0.58620000 0.74000000
vn -0.32970000 0.58620000 0.74000000
vn 0.04970000 0.68080000 0.73080000
vn 0.04970000 0.68080000 0.73080000
vn -0.32970000 0.58620000 0.74000000
vn -0.32970000 0.58620000 0.74000000
vn -0.32970000 0.58620000 0.74000000
vn 0.04970000 0.68080000 0.73080000
vn 0.04970000 0.68080000 0.73080000
vn 0.62470000 0.77300000 0.11070000
vn 0.62470000 0.77300000 0.11070000
vn 0.06760000 0.45830000 0.88620000
vn 0.06760000 0.45830000 0.88620000
vn 0.54790000 0.79770000 -0.25210000
vn 0.54790000 0.79770000 -0.25210000
vn 0.43820000 0.84870000 -0.29630000
vn 0.43820000 0.84870000 -0.29630000
vn 0.02160000 0.93380000 -0.35710000
vn 0.41200000 0.68990000 0.59520000
vn 0.41200000 0.68990000 0.59520000
vn 0.41200000 0.68990000 0.59520000
vn 0.07510000 0.75980000 0.64580000
vn 0.07510000 0.75980000 0.64580000
vn 0.04500000 0.84720000 0.52930000
vn 0.25460000 0.81790000 0.51600000
vn 0.81810000 -0.57510000 -0.00310000
vn 0.64410000 -0.76470000 -0.01820000
vn 0.73300000 0.66570000 0.14000000
vn 0.73300000 0.66570000 0.14000000
vn 0.73300000 0.66570000 0.14000000
vn 0.62660000 0.77010000 0.11950000
vn 0.62660000 0.77010000 0.11950000
vn -0.18890000 -0.10720000 -0.97610000
vn -0.50160000 -0.03370000 -0.86440000
vn -0.50160000 -0.03370000 -0.86440000
vn -0.53570000 0.02810000 -0.84390000
vn -0.53570000 0.02810000 -0.84390000
vn 0.37360000 0.35610000 -0.85650000
vn 0.41360000 0.13660000 -0.90020000
vn 0.37370000 0.35610000 -0.85650000
vn 0.50550000 0.20590000 -0.83790000
vn -0.21330000 0.02900000 -0.97660000
vn -0.18900000 -0.10740000 -0.97610000
vn -0.50140000 -0.03380000 -0.86460000
vn -0.50140000 -0.03380000 -0.86460000
vn -0.31970000 0.93400000 0.15930000
vn -0.00000000 -0.41710000 -0.90890000
vn -0.00000000 0.26170000 -0.96510000
vn -0.00000000 0.26180000 -0.96510000
vn 1.00000000 -0.00000000 -0.00000000
vn -0.00000000 0.26170000 -0.96510000
vn 1.00000000 -0.00000000 -0.00000000
vn -0.00000000 -0.71680000 -0.69730000
vn 0.02920000 -0.88370000 -0.46710000
vn -0.00000000 -0.13490000 0.99090000
vn -0.00000000 0.27950000 0.96010000
vn -0.00000000 0.27960000 0.96010000
vn 1.00000000 -0.00010000 -0.00000000
vn -0.00000000 -0.41710000 -0.90890000
vn 1.00000000 -0.00000000 -0.00000000
vn -0.00000000 0.26180000 -0.96510000
vn 1.00000000 -0.00000000 -0.00000000
vn -0.00000000 0.21100000 -0.97750000
vn -0.00000000 -0.41710000 -0.90890000
vn 0.79110000 0.15160000 0.59260000
vn -0.01610000 -0.99990000 -0.00340000
vn -0.01610000 -0.99990000 0.00490000
vn -0.01280000 -0.99900000 0.04240000
vn -0.85510000 0.51230000 0.07990000
vn -0.94230000 0.33150000 0.04660000
vn -0.95020000 0.16860000 -0.26190000
vn -0.16860000 0.95020000 -0.26200000
vn -0.95030000 0.26170000 -0.16860000
vn -0.15760000 0.15750000 -0.97490000
vn -0.26190000 0.95030000 -0.16850000
vn 0.95020000 0.16860000 0.26200000
vn 0.26200000 0.95020000 0.16860000
vn 0.95020000 0.26210000 0.16850000
vn 0.15750000 0.15750000 0.97490000
vn 0.16860000 0.95020000 0.26190000
vn -0.61910000 -0.36230000 -0.69670000
vn -0.61910000 -0.36230000 -0.69670000
vn -0.07030000 -0.96290000 -0.26060000
vn -0.07030000 -0.96290000 -0.26060000
vn -0.32970000 -0.58620000 -0.74010000
vn -0.32970000 -0.58620000 -0.74010000
vn -0.32970000 -0.58620000 -0.74010000
vn -0.64760000 -0.62520000 -0.43570000
vn -0.64760000 -0.62520000 -0.43570000
vn -0.64760000 -0.62520000 -0.43570000
vn -0.69460000 -0.21300000 -0.68720000
vn -0.69460000 -0.21300000 -0.68720000
vn -0.69460000 -0.21300000 -0.68720000
vn -0.32970000 -0.58620000 -0.74000000
vn -0.32970000 -0.58620000 -0.74000000
vn -0.32970000 -0.58620000 -0.74000000
vn -0.64760000 -0.62520000 -0.43560000
vn -0.64760000 -0.62520000 -0.43560000
vn -0.64760000 -0.62520000 -0.43560000
vn -0.69460000 -0.21300000 -0.68720000
vn -0.69460000 -0.21300000 -0.68720000
vn -0.69460000 -0.21300000 -0.68720000
vn -0.07040000 -0.96280000 -0.26090000
vn -0.07040000 -0.96280000 -0.26090000
vn -0.07020000 -0.96280000 -0.26090000
vn -0.07020000 -0.96280000 -0.26090000
vn -0.32950000 -0.58610000 -0.74020000
vn -0.32950000 -0.58610000 -0.74020000
vn -0.32950000 -0.58610000 -0.74020000
vn -0.64760000 -0.62510000 -0.43570000
vn -0.64760000 -0.62510000 -0.43570000
vn -0.64760000 -0.62510000 -0.43570000
vn -0.69470000 -0.21300000 -0.68710000
vn -0.69470000 -0.21300000 -0.68710000
vn -0.69470000 -0.21300000 -0.68710000
vn -0.07030000 -0.96280000 -0.26100000
vn -0.07030000 -0.96280000 -0.26100000
vn -0.32970000 -0.58620000 -0.74000000
vn -0.32970000 -0.58620000 -0.74000000
vn -0.32970000 -0.58620000 -0.74000000
vn -0.64770000 -0.62510000 -0.43560000
vn -0.64770000 -0.62510000 -0.43560000
vn -0.64770000 -0.62510000 -0.43560000
vn -0.69470000 -0.21300000 -0.68710000
vn -0.69470000 -0.21300000 -0.68710000
vn -0.69470000 -0.21300000 -0.68710000
vn 0.79110000 0.15160000 0.59260000
vn 0.70230000 0.68650000 -0.18860000
vn 0.70230000 0.68650000 -0.18860000
vn 0.89490000 0.38630000 -0.22330000
vn 0.83700000 0.34680000 -0.42330000
vn 0.93160000 0.34590000 -0.11160000
vn 0.68680000 0.72500000 -0.05250000
vn 0.68680000 0.72500000 -0.05250000
vn 0.72460000 0.68620000 0.06300000
vn 0.72460000 0.68620000 0.06300000
vn 0.70230000 0.68640000 -0.18860000
vn 0.70230000 0.68640000 -0.18860000
vn 0.89490000 0.38630000 -0.22330000
vn 0.83700000 0.34680000 -0.42330000
vn 0.93160000 0.34590000 -0.11160000
vn 0.68680000 0.72490000 -0.05250000
vn 0.68680000 0.72490000 -0.05250000
vn 0.72470000 0.68620000 0.06300000
vn 0.72470000 0.68620000 0.06300000
vn 0.93150000 0.34620000 -0.11150000
vn 0.68700000 0.72470000 -0.05260000
vn 0.68700000 0.72470000 -0.05260000
vn 0.72460000 0.68630000 0.06300000
vn 0.72460000 0.68630000 0.06300000
vn 0.70230000 0.68640000 -0.18860000
vn 0.70230000 0.68640000 -0.18860000
vn 0.89500000 0.38610000 -0.22330000
vn 0.83710000 0.34650000 -0.42330000
vn 0.93150000 0.34630000 -0.11160000
vn 0.68680000 0.72500000 -0.05250000
vn 0.68680000 0.72500000 -0.05250000
vn 0.72460000 0.68630000 0.06300000
vn 0.72460000 0.68630000 0.06300000
vn 0.70230000 0.68650000 -0.18860000
vn 0.70230000 0.68650000 -0.18860000
vn 0.89490000 0.38630000 -0.22330000
vn 0.83700000 0.34680000 -0.42330000
vn 0.65930000 0.68640000 0.30700000
vn 0.65930000 0.68640000 0.30700000
vn 0.82910000 0.38620000 0.40420000
vn 0.91330000 0.34680000 0.21380000
vn 0.78540000 0.34620000 0.51310000
vn 0.78540000 0.34620000 0.51310000
vn 0.56000000 0.72480000 0.40130000
vn 0.56000000 0.72480000 0.40130000
vn 0.56000000 0.72480000 0.40130000
vn 0.51450000 0.68640000 0.51400000
vn 0.51450000 0.68640000 0.51400000
vn 0.65920000 0.68640000 0.30690000
vn 0.65920000 0.68640000 0.30690000
vn 0.82910000 0.38640000 0.40420000
vn 0.91320000 0.34690000 0.21380000
vn 0.78530000 0.34620000 0.51330000
vn 0.78530000 0.34620000 0.51330000
vn 0.56000000 0.72480000 0.40130000
vn 0.56000000 0.72480000 0.40130000
vn 0.56000000 0.72480000 0.40130000
vn 0.51450000 0.68640000 0.51400000
vn 0.51450000 0.68640000 0.51400000
vn 0.78530000 0.34630000 0.51320000
vn 0.78530000 0.34630000 0.51320000
vn 0.55990000 0.72510000 0.40100000
vn 0.55990000 0.72510000 0.40100000
vn 0.55990000 0.72510000 0.40100000
vn 0.51450000 0.68640000 0.51390000
vn 0.51450000 0.68640000 0.51390000
vn 0.65930000 0.68640000 0.30700000
vn 0.65930000 0.68640000 0.30700000
vn 0.82910000 0.38620000 0.40430000
vn 0.91330000 0.34680000 0.21380000
vn 0.78530000 0.34620000 0.51320000
vn 0.78530000 0.34620000 0.51320000
vn 0.56000000 0.72480000 0.40120000
vn 0.56000000 0.72480000 0.40120000
vn 0.56000000 0.72480000 0.40120000
vn 0.51450000 0.68640000 0.51390000
vn 0.51450000 0.68640000 0.51390000
vn 0.65900000 0.68670000 0.30690000
vn 0.65900000 0.68670000 0.30690000
vn 0.82900000 0.38660000 0.40410000
vn 0.91310000 0.34730000 0.21370000
vn -0.79780000 0.26630000 -0.54090000
vn -0.79780000 0.26630000 -0.54090000
vn 0.24710000 0.95420000 0.16880000
vn 0.26080000 0.89130000 0.37100000
vn 1.00000000 -0.00020000 -0.00000000
vn -0.00000000 0.10350000 0.99460000
vn -0.00000000 -0.71700000 0.69710000
vn -0.06550000 -0.28760000 0.95550000
vn -0.00000000 -0.13490000 0.99090000
vn 1.00000000 -0.00010000 -0.00000000
vn -0.00000000 -0.13490000 0.99090000
vn -0.00000000 0.27960000 0.96010000
vn -0.00000000 0.27950000 0.96010000
vn -0.00000000 0.27950000 0.96010000
vn -0.06550000 -0.28760000 0.95550000
vn -0.00000000 -0.13490000 0.99090000
vn 1.00000000 -0.00000000 -0.00000000
vn 1.00000000 0.00030000 -0.00000000
vn -0.00000000 -0.41750000 -0.90870000
vn -0.00000000 0.26170000 -0.96510000
vn -0.00000000 -0.41700000 -0.90890000
vn 1.00000000 -0.00000000 -0.00000000
vn -0.00000000 -0.71690000 -0.69720000
vn -0.00000000 0.26170000 -0.96510000
vn 1.00000000 -0.00000000 -0.00000000
vn 0.02930000 -0.88390000 -0.46680000
vn -0.00000000 -0.71690000 -0.69720000
vn -0.00000000 0.26170000 -0.96510000
vn 1.00000000 -0.00000000 -0.00000000
vn 1.00000000 0.00050000 -0.00000000
vn 0.25700000 -0.41980000 0.87050000
vn 0.10060000 -0.97440000 0.20080000
vn 0.10060000 -0.97440000 0.20080000
vn -0.14020000 -0.94050000 -0.30950000
vn 0.25700000 -0.41980000 0.87050000
vn 0.10050000 -0.97450000 0.20060000
vn 0.10050000 -0.97450000 0.20060000
vn -0.14030000 -0.94030000 -0.30990000
vn 0.25700000 -0.41980000 0.87050000
vn 0.10050000 -0.97450000 0.20060000
vn 0.10050000 -0.97450000 0.20060000
vn -0.14030000 -0.94040000 -0.30990000
vn 0.10040000 -0.97450000 0.20050000
vn 0.10040000 -0.97450000 0.20050000
vn -0.14020000 -0.94050000 -0.30950000
vn 0.25700000 -0.41980000 0.87050000
vn -0.22740000 -0.45610000 0.86040000
vn -0.50410000 -0.24760000 0.82730000
vn -0.50410000 -0.24760000 0.82730000
vn -0.47300000 -0.06310000 0.87880000
vn -0.47300000 -0.06310000 0.87880000
vn -0.01280000 -0.99900000 0.04240000
vn 0.41680000 0.68630000 -0.59600000
vn 0.41680000 0.68630000 -0.59600000
vn 0.41680000 0.68630000 -0.59600000
vn 0.54210000 0.38590000 -0.74650000
vn 0.54210000 0.38590000 -0.74650000
vn 0.36900000 0.34690000 -0.86220000
vn 0.64200000 0.34690000 -0.68380000
vn 0.64200000 0.34690000 -0.68380000
vn 0.64200000 0.34690000 -0.68380000
vn 0.49230000 0.72500000 -0.48170000
vn 0.49230000 0.72500000 -0.48170000
vn 0.59580000 0.68600000 -0.41760000
vn 0.59580000 0.68600000 -0.41760000
vn 0.59580000 0.68600000 -0.41760000
vn 0.64170000 0.34720000 -0.68390000
vn 0.64170000 0.34720000 -0.68390000
vn 0.64170000 0.34720000 -0.68390000
vn 0.49230000 0.72500000 -0.48170000
vn 0.49230000 0.72500000 -0.48170000
vn 0.59580000 0.68600000 -0.41760000
vn 0.59580000 0.68600000 -0.41760000
vn 0.59580000 0.68600000 -0.41760000
vn 0.41680000 0.68630000 -0.59610000
vn 0.41680000 0.68630000 -0.59610000
vn 0.41680000 0.68630000 -0.59610000
vn 0.54180000 0.38620000 -0.74650000
vn 0.54180000 0.38620000 -0.74650000
vn 0.36910000 0.34680000 -0.86230000
vn 0.41680000 0.68640000 -0.59590000
vn 0.41680000 0.68640000 -0.59590000
vn 0.41680000 0.68640000 -0.59590000
vn 0.54210000 0.38630000 -0.74630000
vn 0.54210000 0.38630000 -0.74630000
vn 0.36890000 0.34690000 -0.86230000
vn 0.64140000 0.34690000 -0.68430000
vn 0.64140000 0.34690000 -0.68430000
vn 0.64140000 0.34690000 -0.68430000
vn 0.49220000 0.72520000 -0.48150000
vn 0.49220000 0.72520000 -0.48150000
vn 0.59580000 0.68600000 -0.41760000
vn 0.59580000 0.68600000 -0.41760000
vn 0.59580000 0.68600000 -0.41760000
vn 0.64140000 0.34690000 -0.68430000
vn 0.64140000 0.34690000 -0.68430000
vn 0.64140000 0.34690000 -0.68430000
vn 0.49220000 0.72510000 -0.48160000
vn 0.49220000 0.72510000 -0.48160000
vn 0.59570000 0.68610000 -0.41750000
vn 0.59570000 0.68610000 -0.41750000
vn 0.59570000 0.68610000 -0.41750000
vn 0.41680000 0.68640000 -0.59600000
vn 0.41680000 0.68640000 -0.59600000
vn 0.41680000 0.68640000 -0.59600000
vn 0.54200000 0.38610000 -0.74640000
vn 0.54200000 0.38610000 -0.74640000
vn 0.36890000 0.34710000 -0.86220000
vn 1.00000000 -0.00120000 -0.00000000
vn -0.00000000 -0.41700000 -0.90890000
vn 1.00000000 0.00050000 -0.00000000
vn -0.00000000 0.26170000 -0.96510000
vn -0.94230000 0.33150000 0.04660000
vn -0.85510000 0.51230000 0.07990000
vn -0.31660000 0.62520000 -0.71340000
vn -0.31660000 0.62520000 -0.71340000
vn -0.31660000 0.62520000 -0.71340000
vn -0.56640000 0.22080000 -0.79400000
vn -0.56640000 0.22080000 -0.79400000
vn -0.56640000 0.22080000 -0.79400000
vn -0.56640000 0.22070000 -0.79400000
vn -0.56640000 0.22070000 -0.79400000
vn -0.56640000 0.22070000 -0.79400000
vn -0.31670000 0.62520000 -0.71330000
vn -0.31670000 0.62520000 -0.71330000
vn -0.31670000 0.62520000 -0.71330000
vn -0.56650000 0.22080000 -0.79400000
vn -0.56650000 0.22080000 -0.79400000
vn -0.56650000 0.22080000 -0.79400000
vn -0.31670000 0.62520000 -0.71330000
vn -0.31670000 0.62520000 -0.71330000
vn -0.31670000 0.62520000 -0.71330000
vn -0.56650000 0.22080000 -0.79390000
vn -0.56650000 0.22080000 -0.79390000
vn -0.56650000 0.22080000 -0.79390000
vn -0.31670000 0.62520000 -0.71330000
vn -0.31670000 0.62520000 -0.71330000
vn -0.31670000 0.62520000 -0.71330000
vn -0.00000000 0.17370000 0.98480000
vn -0.00000000 0.17360000 -0.98480000
vn 1.00000000 -0.00000000 -0.00000000
vn -0.00000000 -0.17370000 -0.98480000
vn -0.00000000 -0.17380000 -0.98480000
vn -0.00000000 0.49990000 0.86610000
vn -0.00000000 -0.49990000 -0.86610000
vn -0.00000000 -0.50040000 -0.86580000
vn 1.00000000 -0.00050000 -0.00000000
vn -0.00000000 -0.76610000 -0.64280000
vn 0.41720000 0.78210000 0.46290000
vn 0.41720000 0.78210000 0.46290000
vn 0.70570000 0.47970000 0.52150000
vn 0.70570000 0.47970000 0.52150000
vn 0.64450000 0.71050000 0.28240000
vn 0.64450000 0.71050000 0.28240000
vn 0.64450000 0.71050000 0.28240000
vn 0.54940000 0.79740000 -0.24980000
vn 0.54940000 0.79740000 -0.24980000
vn 0.54940000 0.79740000 -0.24980000
vn 0.64360000 0.73090000 -0.22730000
vn 0.64360000 0.73090000 -0.22730000
vn 0.32400000 -0.57220000 0.75350000
vn 0.32400000 -0.57220000 0.75350000
vn 0.63150000 -0.46120000 0.62330000
vn 0.63150000 -0.46120000 0.62330000
vn 0.32400000 -0.57210000 0.75350000
vn 0.32400000 -0.57210000 0.75350000
vn 0.63150000 -0.46120000 0.62330000
vn 0.63150000 -0.46120000 0.62330000
vn 1.00000000 -0.00090000 -0.00000000
vn -0.00000000 -1.00000000 -0.00000000
vn -0.00000000 1.00000000 -0.00000000
vn -0.00000000 -0.93970000 0.34210000
vn -0.41510000 -0.90930000 -0.02860000
vn 1.00000000 -0.00050000 -0.00000000
vn -0.00140000 -0.49970000 0.86620000
vn -0.00000000 -0.50040000 0.86580000
vn 1.00000000 -0.00000000 -0.00000000
vn -0.00000000 -0.76570000 0.64320000
vn -0.00000000 0.76570000 0.64320000
vn -0.00000000 0.93980000 0.34180000
vn 1.00000000 -0.00100000 -0.00000000
vn 1.00000000 0.00050000 -0.00000000
vn 1.00000000 0.00050000 -0.00000000
vn -0.00000000 0.76600000 0.64280000
vn -0.00000000 0.76570000 0.64320000
vn -0.00000000 0.49970000 0.86620000
vn 0.06020000 0.40110000 -0.91400000
vn 0.06020000 0.40110000 -0.91400000
vn -0.08890000 0.97240000 -0.21570000
vn -0.44790000 0.85640000 -0.25690000
vn -0.44790000 0.85640000 -0.25690000
vn 0.06560000 0.94120000 -0.33130000
vn 0.06570000 0.94120000 -0.33140000
vn -0.08890000 0.97240000 -0.21580000
vn -0.44790000 0.85640000 -0.25690000
vn -0.44790000 0.85640000 -0.25690000
vn -0.08890000 0.97240000 -0.21580000
vn -0.44790000 0.85640000 -0.25690000
vn -0.44790000 0.85640000 -0.25690000
vn 0.06560000 0.94120000 -0.33140000
vn -0.08890000 0.97240000 -0.21580000
vn -0.44790000 0.85640000 -0.25690000
vn -0.44790000 0.85640000 -0.25690000
vn 0.06570000 0.94120000 -0.33140000
vn -0.18310000 0.85200000 0.49060000
vn -0.18310000 0.85200000 0.49060000
vn -0.18300000 0.85210000 0.49030000
vn -0.18300000 0.85210000 0.49030000
vn -0.18310000 0.85200000 0.49050000
vn -0.18310000 0.85200000 0.49050000
vn -0.18310000 0.85200000 0.49050000
vn -0.18310000 0.85200000 0.49050000
vn 0.23710000 0.97120000 -0.02250000
vn -0.99190000 -0.12680000 -0.01040000
vn 0.15750000 0.97490000 -0.15750000
vn 0.97490000 0.15750000 -0.15750000
vn 0.16860000 0.26190000 -0.95030000
vn 0.26190000 0.16870000 -0.95020000
vn -0.16860000 0.26190000 0.95030000
vn -0.97490000 0.15730000 0.15750000
vn -0.26190000 0.16870000 0.95020000
vn -0.15750000 0.97490000 0.15750000
vn -0.61930000 0.49230000 0.61170000
vn -0.61930000 0.49230000 0.61170000
vn -0.61930000 0.49230000 0.61170000
vn -0.35230000 0.23740000 -0.90530000
vn -0.28780000 0.33560000 -0.89700000
vn -0.00720000 0.28740000 -0.95780000
vn -0.35240000 0.23740000 -0.90530000
vn -0.28780000 0.33550000 -0.89700000
vn -0.00720000 0.28740000 -0.95780000
vn -0.95610000 -0.28640000 0.06180000
vn 0.10030000 -0.97460000 -0.20030000
vn 0.10030000 -0.97460000 -0.20030000
vn 0.37530000 -0.38620000 -0.84260000
vn 0.56200000 -0.34710000 -0.75080000
vn 0.56200000 -0.34710000 -0.75080000
vn 0.10060000 -0.97440000 -0.20080000
vn 0.10060000 -0.97440000 -0.20080000
vn 0.37540000 -0.38590000 -0.84270000
vn 0.56210000 -0.34730000 -0.75060000
vn 0.56210000 -0.34730000 -0.75060000
vn 0.10030000 -0.97460000 -0.20030000
vn 0.10030000 -0.97460000 -0.20030000
vn 0.37520000 -0.38630000 -0.84260000
vn 0.56200000 -0.34730000 -0.75070000
vn 0.56200000 -0.34730000 -0.75070000
vn 0.10030000 -0.97450000 -0.20050000
vn 0.10030000 -0.97450000 -0.20050000
vn 0.37540000 -0.38590000 -0.84270000
vn 0.56210000 -0.34740000 -0.75060000
vn 0.56210000 -0.34740000 -0.75060000
vn 0.22070000 -0.97520000 -0.01540000
vn 0.22070000 -0.97520000 -0.01540000
vn 0.91750000 -0.38600000 -0.09630000
vn 0.93160000 -0.34610000 0.11150000
vn 0.91340000 -0.34640000 -0.21380000
vn 0.82900000 -0.38660000 -0.40410000
vn 0.91340000 -0.34640000 -0.21380000
vn 0.82930000 -0.38590000 -0.40420000
vn 0.22070000 -0.97520000 -0.01540000
vn 0.22070000 -0.97520000 -0.01540000
vn 0.91750000 -0.38600000 -0.09630000
vn 0.93140000 -0.34650000 0.11150000
vn 0.22080000 -0.97520000 -0.01540000
vn 0.22080000 -0.97520000 -0.01540000
vn 0.91740000 -0.38600000 -0.09630000
vn 0.93160000 -0.34610000 0.11150000
vn 0.91340000 -0.34640000 -0.21380000
vn 0.82910000 -0.38640000 -0.40410000
vn 0.91340000 -0.34640000 -0.21380000
vn 0.82910000 -0.38640000 -0.40420000
vn 0.22060000 -0.97520000 -0.01530000
vn 0.22060000 -0.97520000 -0.01530000
vn 0.91750000 -0.38600000 -0.09630000
vn 0.93140000 -0.34650000 0.11150000
vn 0.83680000 -0.34730000 0.42330000
vn 0.89470000 -0.38690000 0.22330000
vn 0.17900000 -0.97520000 0.13020000
vn 0.17900000 -0.97520000 0.13020000
vn 0.17900000 -0.97520000 0.13020000
vn 0.76480000 -0.38570000 0.51610000
vn 0.76480000 -0.38570000 0.51610000
vn 0.64170000 -0.34670000 0.68410000
vn 0.64170000 -0.34670000 0.68410000
vn 0.64170000 -0.34670000 0.68410000
vn 0.15910000 -0.97530000 -0.15350000
vn 0.15910000 -0.97530000 -0.15350000
vn 0.64100000 -0.38580000 -0.66350000
vn 0.64100000 -0.38580000 -0.66350000
vn 0.64100000 -0.38580000 -0.66350000
vn 0.78530000 -0.34630000 -0.51320000
vn 0.78530000 -0.34630000 -0.51320000
vn 0.17900000 -0.97520000 0.13020000
vn 0.17900000 -0.97520000 0.13020000
vn 0.17900000 -0.97520000 0.13020000
vn 0.76470000 -0.38600000 0.51600000
vn 0.76470000 -0.38600000 0.51600000
vn 0.64170000 -0.34670000 0.68410000
vn 0.64170000 -0.34670000 0.68410000
vn 0.64170000 -0.34670000 0.68410000
vn 0.83690000 -0.34730000 0.42300000
vn 0.89490000 -0.38630000 0.22330000
vn 0.15940000 -0.97520000 -0.15350000
vn 0.15940000 -0.97520000 -0.15350000
vn 0.64100000 -0.38580000 -0.66350000
vn 0.64100000 -0.38580000 -0.66350000
vn 0.64100000 -0.38580000 -0.66350000
vn 0.78530000 -0.34630000 -0.51330000
vn 0.78530000 -0.34630000 -0.51330000
vn 0.15900000 -0.97530000 -0.15350000
vn 0.15900000 -0.97530000 -0.15350000
vn 0.64090000 -0.38600000 -0.66350000
vn 0.64090000 -0.38600000 -0.66350000
vn 0.64090000 -0.38600000 -0.66350000
vn 0.78530000 -0.34630000 -0.51330000
vn 0.78530000 -0.34630000 -0.51330000
vn 0.15880000 -0.97530000 -0.15320000
vn 0.15880000 -0.97530000 -0.15320000
vn 0.64100000 -0.38600000 -0.66340000
vn 0.64100000 -0.38600000 -0.66340000
vn 0.64100000 -0.38600000 -0.66340000
vn 0.78530000 -0.34630000 -0.51330000
vn 0.78530000 -0.34630000 -0.51330000
vn 0.83700000 -0.34680000 0.42330000
vn 0.89480000 -0.38660000 0.22330000
vn 0.17910000 -0.97520000 0.13020000
vn 0.17910000 -0.97520000 0.13020000
vn 0.17910000 -0.97520000 0.13020000
vn 0.76480000 -0.38580000 0.51600000
vn 0.76480000 -0.38580000 0.51600000
vn 0.64170000 -0.34670000 0.68410000
vn 0.64170000 -0.34670000 0.68410000
vn 0.64170000 -0.34670000 0.68410000
vn 0.17910000 -0.97520000 0.13020000
vn 0.17910000 -0.97520000 0.13020000
vn 0.17910000 -0.97520000 0.13020000
vn 0.76460000 -0.38600000 0.51610000
vn 0.76460000 -0.38600000 0.51610000
vn 0.64180000 -0.34630000 0.68420000
vn 0.64180000 -0.34630000 0.68420000
vn 0.64180000 -0.34630000 0.68420000
vn 0.83690000 -0.34710000 0.42320000
vn 0.89480000 -0.38660000 0.22330000
vn 0.87520000 -0.24600000 0.41660000
vn 0.76470000 0.38590000 -0.51610000
vn 0.76470000 0.38590000 -0.51610000
vn 0.62710000 0.72530000 -0.28400000
vn 0.62710000 0.72530000 -0.28400000
vn 0.62690000 0.72550000 -0.28400000
vn 0.62690000 0.72550000 -0.28400000
vn 0.76470000 0.38590000 -0.51610000
vn 0.76470000 0.38590000 -0.51610000
vn 0.76470000 0.38580000 -0.51610000
vn 0.76470000 0.38580000 -0.51610000
vn 0.62660000 0.72570000 -0.28410000
vn 0.62660000 0.72570000 -0.28410000
vn 0.62700000 0.72540000 -0.28400000
vn 0.62700000 0.72540000 -0.28400000
vn 0.76470000 0.38580000 -0.51610000
vn 0.76470000 0.38580000 -0.51610000
vn 0.64100000 0.38600000 0.66350000
vn 0.64100000 0.38600000 0.66350000
vn 0.64100000 0.38600000 0.66350000
vn 0.56750000 0.34370000 0.74820000
vn 0.56750000 0.34370000 0.74820000
vn 0.39360000 0.72860000 0.56050000
vn 0.39360000 0.72860000 0.56050000
vn 0.39360000 0.72860000 0.56050000
vn 0.36550000 0.67020000 0.64600000
vn 0.36550000 0.67020000 0.64600000
vn 0.64100000 0.38580000 0.66350000
vn 0.64100000 0.38580000 0.66350000
vn 0.64100000 0.38580000 0.66350000
vn 0.56750000 0.34370000 0.74820000
vn 0.56750000 0.34370000 0.74820000
vn 0.39350000 0.72870000 0.56050000
vn 0.39350000 0.72870000 0.56050000
vn 0.39350000 0.72870000 0.56050000
vn 0.36580000 0.66980000 0.64620000
vn 0.36580000 0.66980000 0.64620000
vn 0.56750000 0.34370000 0.74820000
vn 0.56750000 0.34370000 0.74820000
vn 0.39360000 0.72870000 0.56050000
vn 0.39360000 0.72870000 0.56050000
vn 0.39360000 0.72870000 0.56050000
vn 0.36570000 0.66990000 0.64610000
vn 0.36570000 0.66990000 0.64610000
vn 0.64100000 0.38600000 0.66340000
vn 0.64100000 0.38600000 0.66340000
vn 0.64100000 0.38600000 0.66340000
vn 0.56750000 0.34370000 0.74820000
vn 0.56750000 0.34370000 0.74820000
vn 0.39350000 0.72870000 0.56050000
vn 0.39350000 0.72870000 0.56050000
vn 0.39350000 0.72870000 0.56050000
vn 0.36580000 0.66980000 0.64620000
vn 0.36580000 0.66980000 0.64620000
vn 0.64100000 0.38600000 0.66340000
vn 0.64100000 0.38600000 0.66340000
vn 0.64100000 0.38600000 0.66340000
vn 0.91740000 0.38610000 0.09620000
vn 0.66360000 0.72470000 0.18560000
vn 0.66360000 0.72470000 0.18560000
vn 0.66310000 0.72520000 0.18550000
vn 0.66310000 0.72520000 0.18550000
vn 0.91740000 0.38600000 0.09630000
vn 0.91750000 0.38600000 0.09620000
vn 0.66330000 0.72490000 0.18560000
vn 0.66330000 0.72490000 0.18560000
vn 0.66330000 0.72500000 0.18560000
vn 0.66330000 0.72500000 0.18560000
vn 0.91750000 0.38600000 0.09630000
vn 0.20100000 -0.97550000 -0.08940000
vn 0.20100000 -0.97550000 -0.08940000
vn 0.20100000 -0.97550000 -0.08940000
vn 0.20100000 -0.97550000 -0.08940000
vn 0.20100000 -0.97550000 -0.08940000
vn 0.20100000 -0.97550000 -0.08940000
vn 0.20100000 -0.97550000 -0.08950000
vn 0.20100000 -0.97550000 -0.08950000
vn 0.12310000 -0.97550000 0.18260000
vn 0.12310000 -0.97550000 0.18260000
vn 0.12310000 -0.97550000 0.18260000
vn 0.54200000 -0.38630000 0.74640000
vn 0.54200000 -0.38630000 0.74640000
vn 0.36910000 -0.34700000 0.86220000
vn 0.12310000 -0.97540000 0.18260000
vn 0.12310000 -0.97540000 0.18260000
vn 0.12310000 -0.97540000 0.18260000
vn 0.54200000 -0.38630000 0.74630000
vn 0.54200000 -0.38630000 0.74630000
vn 0.36910000 -0.34700000 0.86220000
vn 0.12310000 -0.97550000 0.18260000
vn 0.12310000 -0.97550000 0.18260000
vn 0.12310000 -0.97550000 0.18260000
vn 0.54200000 -0.38630000 0.74630000
vn 0.54200000 -0.38630000 0.74630000
vn 0.36920000 -0.34670000 0.86230000
vn 0.12310000 -0.97540000 0.18260000
vn 0.12310000 -0.97540000 0.18260000
vn 0.12310000 -0.97540000 0.18260000
vn 0.54200000 -0.38630000 0.74640000
vn 0.54200000 -0.38630000 0.74640000
vn 0.36920000 -0.34670000 0.86230000
vn 0.21290000 -0.97520000 0.06110000
vn 0.21290000 -0.97520000 0.06110000
vn 0.21290000 -0.97520000 0.06110000
vn 0.21290000 -0.97520000 0.06110000
vn 0.21300000 -0.97510000 0.06110000
vn 0.21300000 -0.97510000 0.06110000
vn 0.21290000 -0.97520000 0.06110000
vn 0.21290000 -0.97520000 0.06110000
vn -0.00000000 0.49990000 0.86610000
vn -0.00000000 -0.49990000 -0.86610000
vn -0.00000000 -0.17370000 -0.98480000
vn -0.00000000 0.17370000 0.98480000
vn -0.99280000 -0.12010000 0.00490000
vn -0.84960000 -0.21110000 -0.48320000
vn -0.84960000 -0.21110000 -0.48320000
vn -0.84960000 -0.21120000 -0.48330000
vn -0.84960000 -0.21120000 -0.48330000
vn -0.64140000 -0.51170000 0.57170000
vn -0.64140000 -0.51170000 0.57170000
vn -0.64140000 -0.51170000 0.57170000
vn -0.24820000 -0.59530000 0.76420000
vn -0.24820000 -0.59530000 0.76420000
vn 0.36150000 0.40230000 0.84110000
vn 0.28110000 0.34050000 0.89720000
vn 0.36150000 0.40250000 0.84110000
vn 0.28150000 0.34070000 0.89700000
vn 0.36140000 0.40250000 0.84110000
vn 0.28140000 0.34030000 0.89720000
vn 0.36150000 0.40240000 0.84110000
vn 0.28140000 0.34030000 0.89730000
vn 0.75110000 0.58620000 0.30370000
vn 0.75110000 0.58620000 0.30370000
vn -0.99050000 0.12920000 -0.04790000
vn 1.00000000 0.00030000 -0.00000000
vn -0.00000000 -0.17380000 0.98480000
vn 1.00000000 -0.00030000 -0.00000000
vn -0.00000000 0.17380000 0.98480000
vn -0.00000000 -0.17360000 0.98480000
vn -0.00000000 0.93980000 -0.34180000
vn -0.00000000 0.76610000 -0.64280000
vn 1.00000000 0.00010000 -0.00000000
vn 1.00000000 -0.00000000 -0.00000000
vn -0.00000000 0.93970000 -0.34210000
vn 1.00000000 -0.00010000 -0.00000000
vn -0.00000000 1.00000000 -0.00000000
vn 1.00000000 -0.00010000 -0.00000000
vn 1.00000000 0.00030000 -0.00000000
vn -0.00000000 0.10350000 0.99460000
vn 1.00000000 0.00070000 -0.00000000
vn -0.06550000 -0.28760000 0.95550000
vn -0.00000000 -1.00000000 -0.00000000
vn -0.00000000 -0.00000000 1.00000000
vn 0.26570000 -0.00000000 0.96400000
vn 0.26160000 0.04250000 0.96420000
vn 0.25950000 -0.06490000 0.96360000
vn 0.73730000 0.27280000 -0.61800000
vn 0.73730000 0.27280000 -0.61800000
vn 0.83220000 0.47190000 -0.29120000
vn -0.37200000 -0.85980000 0.34990000
vn -0.37200000 -0.85980000 0.34990000
vn -0.37190000 -0.85980000 0.34990000
vn -0.37190000 -0.85980000 0.34990000
vn 0.74540000 -0.58190000 -0.32520000
vn 0.74540000 -0.58190000 -0.32520000
vn 0.74540000 -0.58190000 -0.32520000
vn 0.74540000 -0.58190000 -0.32520000
vn 0.66260000 -0.40670000 -0.62900000
vn 0.66260000 -0.40670000 -0.62900000
vn 0.66260000 -0.40670000 -0.62900000
vn -0.00000000 0.49970000 -0.86620000
vn 1.00000000 -0.00080000 -0.00000000
vn -0.00000000 0.76610000 -0.64280000
vn -0.00000000 0.50040000 -0.86580000
vn 1.00000000 0.00010000 -0.00000000
vn 0.53470000 -0.79760000 0.27920000
vn 0.53470000 -0.79760000 0.27920000
vn 1.00000000 0.00010000 -0.00000000
vn -0.00000000 0.76610000 -0.64280000
vn -0.00000000 0.76600000 -0.64280000
vn -0.00000000 0.93980000 -0.34180000
vn 0.90600000 0.03880000 0.42150000
vn 0.90600000 0.03880000 0.42150000
vn 0.37670000 0.04970000 0.92500000
vn 0.37670000 0.04970000 0.92500000
vn -0.24780000 -0.59510000 0.76450000
vn -0.24780000 -0.59510000 0.76450000
vn 0.66270000 -0.40660000 -0.62900000
vn 0.66270000 -0.40660000 -0.62900000
vn -0.67160000 -0.58610000 0.45330000
vn -0.67160000 -0.58610000 0.45330000
vn -0.67160000 -0.58610000 0.45330000
vn -0.67160000 -0.58610000 0.45320000
vn -0.67160000 -0.58610000 0.45320000
vn -0.67160000 -0.58610000 0.45320000
vn -0.67160000 -0.58610000 0.45330000
vn -0.67160000 -0.58610000 0.45330000
vn -0.67160000 -0.58610000 0.45330000
vn -0.67130000 -0.58630000 0.45340000
vn -0.67130000 -0.58630000 0.45340000
vn -0.67130000 -0.58630000 0.45340000
vn 0.87520000 -0.24600000 0.41660000
vn -0.21290000 0.02880000 -0.97660000
vn 0.53470000 -0.79750000 0.27930000
vn 0.53470000 -0.79750000 0.27930000
vn -0.00000000 -0.93970000 -0.34200000
vn -0.00000000 0.93970000 0.34200000
vn -0.00000000 -1.00000000 -0.00000000
vn -0.00000000 1.00000000 -0.00000000
vn -0.00000000 0.17370000 0.98480000
vn -0.00000000 -0.17370000 -0.98480000
vn -0.00000000 0.49990000 0.86610000
vn -0.00000000 -0.49990000 -0.86610000
vn -0.64760000 0.62510000 0.43580000
vn -0.64760000 0.62510000 0.43580000
vn -0.64760000 0.62510000 0.43580000
vn -0.64760000 0.62520000 0.43560000
vn -0.64760000 0.62520000 0.43560000
vn -0.64760000 0.62520000 0.43560000
vn -0.64760000 0.62510000 0.43570000
vn -0.64760000 0.62510000 0.43570000
vn -0.64760000 0.62510000 0.43570000
vn -0.64750000 0.62520000 0.43570000
vn -0.64750000 0.62520000 0.43570000
vn -0.64750000 0.62520000 0.43570000
vn 0.87530000 0.04350000 -0.48150000
vn 0.87530000 0.04350000 -0.48150000
vn 0.31730000 0.04070000 -0.94750000
vn 1.00000000 0.00420000 -0.00000000
vn 0.02930000 0.88380000 0.46690000
vn -0.04370000 0.71580000 -0.69690000
vn 0.56610000 0.62940000 0.53240000
vn 0.56610000 0.62940000 0.53240000
vn 0.56600000 0.62940000 0.53240000
vn 0.56600000 0.62940000 0.53240000
vn -0.46880000 -0.23110000 -0.85260000
vn -0.46880000 -0.23110000 -0.85260000
vn -0.97980000 0.19950000 0.01480000
vn -0.46860000 -0.23110000 -0.85270000
vn -0.46860000 -0.23110000 -0.85270000
vn 0.23710000 0.97120000 -0.02250000
vn 0.02930000 0.88390000 0.46670000
vn -0.02940000 0.88390000 -0.46670000
vn 1.00000000 0.00410000 -0.00000000
vn -0.00000000 0.71680000 -0.69730000
vn -0.32990000 -0.76600000 -0.55180000
vn -0.32990000 -0.76600000 -0.55180000
vn 0.88870000 -0.45590000 0.04940000
vn 0.88870000 -0.45590000 0.04940000
vn 0.10010000 -0.96550000 -0.24050000
vn 0.10010000 -0.96550000 -0.24050000
vn 0.10010000 -0.96550000 -0.24040000
vn 0.10010000 -0.96550000 -0.24050000
vn -0.32990000 -0.76600000 -0.55180000
vn -0.32990000 -0.76600000 -0.55180000
vn -0.02930000 -0.88390000 0.46680000
vn 1.00000000 -0.00000000 -0.00000000
vn -0.00000000 -0.71680000 -0.69730000
vn 0.02920000 -0.88370000 -0.46710000
vn 0.02920000 -0.88370000 -0.46710000
vn -0.02930000 -0.88390000 0.46680000
vn 1.00000000 -0.00010000 -0.00000000
vn -0.00000000 -0.71690000 0.69720000
vn -0.00000000 1.00000000 -0.00000000
vn 0.34210000 -0.00000000 -0.93970000
vn 0.64270000 -0.00000000 -0.76610000
vn -0.00000000 -1.00000000 -0.00010000
vn 0.64270000 -0.00000000 -0.76610000
vn -0.00000000 1.00000000 -0.00000000
vn 0.34200000 -0.00000000 -0.93970000
vn -0.00000000 -1.00000000 -0.00000000
vn 0.64280000 -0.00000000 -0.76610000
vn 0.64280000 -0.00000000 -0.76610000
vn 0.34210000 -0.00000000 0.93970000
vn -0.00000000 -1.00000000 -0.00000000
vn 0.64280000 -0.00000000 0.76600000
vn -0.00000000 1.00000000 0.00010000
vn 0.64280000 -0.00000000 0.76600000
vn 0.34200000 -0.00000000 0.93970000
vn -0.00000000 -1.00000000 -0.00020000
vn -0.00000000 1.00000000 0.00010000
vn 0.64280000 -0.00000000 0.76600000
vn 0.64280000 -0.00000000 0.76600000
vn 0.64270000 -0.00000000 -0.76610000
vn 0.64270000 -0.00000000 -0.76610000
vn -0.00000000 -1.00000000 -0.00000000
vn 0.34200000 -0.00000000 -0.93970000
vn -0.00000000 1.00000000 -0.00000000
vn -0.00000000 -1.00000000 -0.00020000
vn 0.34200000 -0.00000000 0.93970000
vn -0.61930000 0.49230000 0.61170000
vn -0.61930000 0.49230000 0.61170000
vn -0.61930000 0.49230000 0.61170000
vn -0.14080000 -0.94040000 0.30960000
vn 0.16420000 -0.96100000 -0.22270000
vn 0.16420000 -0.96100000 -0.22270000
vn 0.16420000 -0.96100000 -0.22270000
vn -0.14070000 -0.94050000 0.30940000
vn 0.16410000 -0.96100000 -0.22270000
vn 0.16410000 -0.96100000 -0.22270000
vn 0.16410000 -0.96100000 -0.22270000
vn -0.14080000 -0.94040000 0.30960000
vn 0.16380000 -0.96110000 -0.22230000
vn 0.16380000 -0.96110000 -0.22230000
vn 0.16380000 -0.96110000 -0.22230000
vn -0.14070000 -0.94050000 0.30940000
vn 0.16410000 -0.96100000 -0.22260000
vn 0.16410000 -0.96100000 -0.22260000
vn 0.16410000 -0.96100000 -0.22260000
vn -0.89920000 -0.41920000 0.12500000
vn 0.74470000 -0.47220000 0.47160000
vn 0.74470000 -0.47220000 0.47160000
vn 0.74470000 -0.47220000 0.47160000
vn 0.74470000 -0.47220000 0.47160000
vn -0.73650000 0.50570000 -0.44920000
vn -0.73650000 0.50570000 -0.44920000
vn -0.73650000 0.50570000 -0.44920000
vn -0.73640000 0.50590000 -0.44920000
vn -0.73640000 0.50590000 -0.44920000
vn -0.73640000 0.50590000 -0.44920000
vn -0.73650000 0.50570000 -0.44920000
vn -0.73650000 0.50570000 -0.44920000
vn -0.73650000 0.50570000 -0.44920000
vn -0.73680000 0.50510000 -0.44940000
vn -0.73680000 0.50510000 -0.44940000
vn -0.73680000 0.50510000 -0.44940000
vn 1.00000000 -0.00040000 -0.00000000
vn -0.00000000 0.34200000 0.93970000
vn 1.00000000 -0.00000000 -0.00000000
vn -0.00000000 0.64280000 0.76600000
vn -0.00000000 0.64280000 0.76600000
vn -0.00000000 -0.64280000 -0.76600000
vn -0.00000000 -0.64280000 -0.76600000
vn -0.00000000 -0.34210000 -0.93970000
vn 1.00000000 -0.00000000 -0.00000000
vn -0.00000000 0.98480000 0.17360000
vn -0.00000000 0.64280000 -0.76610000
vn -0.00000000 0.64280000 -0.76610000
vn 0.70650000 0.52740000 0.47200000
vn 0.70650000 0.52740000 0.47200000
vn 0.70650000 0.52740000 0.47200000
vn -0.99180000 -0.12710000 -0.01050000
vn 0.67720000 0.50670000 -0.53340000
vn 0.67720000 0.50670000 -0.53340000
vn 0.67720000 0.50670000 -0.53340000
vn 0.38000000 0.45060000 0.80780000
vn 0.38000000 0.45060000 0.80780000
vn 0.14900000 -0.04970000 -0.98760000
vn -0.99050000 0.12890000 -0.04780000
vn -0.99160000 0.12840000 0.01490000
vn -0.19940000 0.83620000 -0.51090000
vn -0.19940000 0.83620000 -0.51090000
vn -0.19940000 0.83610000 -0.51100000
vn -0.19940000 0.83610000 -0.51100000
vn -0.19950000 0.83620000 -0.51090000
vn -0.19950000 0.83620000 -0.51090000
vn -0.19950000 0.83620000 -0.51080000
vn -0.19950000 0.83620000 -0.51080000
vn 0.14900000 -0.04970000 -0.98760000
vn 0.03610000 -0.81640000 -0.57630000
vn 0.03610000 -0.81640000 -0.57630000
vn -0.52230000 0.15440000 0.83870000
vn -0.52230000 0.15440000 0.83870000
vn -0.52230000 0.15440000 0.83870000
vn -0.52230000 0.15440000 0.83870000
vn -0.52230000 0.15440000 0.83870000
vn -0.52230000 0.15440000 0.83870000
vn -0.00000000 0.50040000 0.86580000
vn -0.00000000 0.17360000 0.98480000
vn 1.00000000 0.00030000 -0.00000000
vn 1.00000000 -0.00030000 -0.00000000
vn -0.00000000 0.17380000 0.98480000
vn 0.26970000 -0.96070000 -0.06540000
vn 0.26970000 -0.96070000 -0.06540000
vn 0.27570000 -0.96070000 0.03090000
vn 0.27570000 -0.96070000 0.03090000
vn 0.26970000 -0.96070000 -0.06540000
vn 0.26970000 -0.96070000 -0.06540000
vn 0.27560000 -0.96080000 0.03100000
vn 0.27560000 -0.96080000 0.03100000
vn 0.26970000 -0.96070000 -0.06540000
vn 0.26970000 -0.96070000 -0.06540000
vn 0.27600000 -0.96070000 0.03090000
vn 0.27600000 -0.96070000 0.03090000
vn 0.27580000 -0.96070000 0.03100000
vn 0.27580000 -0.96070000 0.03100000
vn 0.26950000 -0.96080000 -0.06530000
vn 0.26950000 -0.96080000 -0.06530000
vn -0.00000000 0.21100000 -0.97750000
vn -0.00000000 -0.41750000 -0.90870000
vn 1.00000000 -0.00000000 -0.00000000
vn 1.00000000 -0.00120000 -0.00000000
vn -0.00000000 -0.41700000 -0.90890000
vn 0.00490000 0.98300000 0.18340000
vn 0.00490000 0.98300000 0.18340000
vn 0.19110000 -0.96080000 0.20080000
vn 0.19110000 -0.96080000 0.20080000
vn 0.24750000 -0.96110000 0.12280000
vn 0.24750000 -0.96110000 0.12280000
vn 0.23070000 -0.96090000 -0.15340000
vn 0.23070000 -0.96090000 -0.15340000
vn 0.23070000 -0.96090000 -0.15340000
vn 0.23090000 -0.96080000 -0.15340000
vn 0.23090000 -0.96080000 -0.15340000
vn 0.23090000 -0.96080000 -0.15340000
vn 0.24720000 -0.96120000 0.12270000
vn 0.24720000 -0.96120000 0.12270000
vn 0.19080000 -0.96100000 0.20040000
vn 0.19080000 -0.96100000 0.20040000
vn 0.23090000 -0.96080000 -0.15340000
vn 0.23090000 -0.96080000 -0.15340000
vn 0.23090000 -0.96080000 -0.15340000
vn 0.24750000 -0.96110000 0.12280000
vn 0.24750000 -0.96110000 0.12280000
vn 0.19110000 -0.96090000 0.20060000
vn 0.19110000 -0.96090000 0.20060000
vn 0.24720000 -0.96120000 0.12270000
vn 0.24720000 -0.96120000 0.12270000
vn 0.19080000 -0.96090000 0.20040000
vn 0.19080000 -0.96090000 0.20040000
vn 0.23100000 -0.96080000 -0.15350000
vn 0.23100000 -0.96080000 -0.15350000
vn 0.23100000 -0.96080000 -0.15350000
vn -0.87150000 -0.40250000 -0.28010000
vn -0.87150000 -0.40250000 -0.28010000
vn -0.22420000 -0.97040000 -0.08950000
vn -0.22420000 -0.97040000 -0.08950000
vn -0.22430000 -0.97040000 -0.08950000
vn -0.22430000 -0.97040000 -0.08950000
vn -0.22450000 -0.97030000 -0.08970000
vn -0.22450000 -0.97030000 -0.08970000
vn -0.22440000 -0.97040000 -0.08960000
vn -0.22440000 -0.97040000 -0.08960000
vn -0.46890000 0.83590000 0.28520000
vn -0.46890000 0.83590000 0.28520000
vn -0.46900000 0.83580000 0.28530000
vn -0.46900000 0.83580000 0.28530000
vn -0.46890000 0.83600000 0.28510000
vn -0.46890000 0.83600000 0.28510000
vn -0.46900000 0.83590000 0.28520000
vn -0.46900000 0.83590000 0.28520000
vn -0.00000000 0.27950000 0.96010000
vn -0.00000000 0.27960000 0.96010000
vn 1.00000000 0.00090000 -0.00000000
vn -0.00000000 -0.15720000 0.98760000
vn 1.00000000 -0.00000000 -0.00000000
vn 1.00000000 -0.00100000 -0.00000000
vn 1.00000000 -0.00000000 -0.00000000
vn -0.00000000 -0.15720000 0.98760000
vn -0.00000000 0.27950000 0.96010000
vn -0.00000000 0.27960000 0.96010000
vn -0.24490000 -0.96280000 0.11460000
vn -0.24490000 -0.96280000 0.11460000
vn -0.24510000 -0.96270000 0.11470000
vn -0.24510000 -0.96270000 0.11470000
vn -0.24490000 -0.96270000 0.11460000
vn -0.24490000 -0.96270000 0.11460000
vn -0.24510000 -0.96270000 0.11460000
vn -0.24510000 -0.96270000 0.11460000
vn 0.66330000 0.52430000 -0.53400000
vn -0.01290000 -0.99990000 -0.00000000
vn 0.65950000 0.62800000 0.41320000
vn 0.65950000 0.62800000 0.41320000
vn 0.65960000 0.62770000 0.41330000
vn 0.65960000 0.62770000 0.41330000
vn 0.65960000 0.62770000 0.41330000
vn 0.33220000 -0.77100000 -0.54340000
vn 0.33220000 -0.77100000 -0.54340000
vn -0.53600000 0.02810000 -0.84370000
vn -0.53600000 0.02810000 -0.84370000
vn 0.21370000 0.69710000 0.68440000
vn 0.21370000 0.69710000 0.68440000
vn 0.21370000 0.69710000 0.68440000
vn 0.21370000 0.69710000 0.68440000
vn 0.21370000 0.69710000 0.68440000
vn 0.21370000 0.69710000 0.68440000
vn 0.21360000 0.69710000 0.68450000
vn 0.21360000 0.69710000 0.68450000
vn -0.00000000 0.49990000 0.86610000
vn -0.00000000 0.17370000 0.98480000
vn 1.00000000 -0.00000000 -0.00000000
vn -0.04940000 -0.97060000 0.23570000
vn -0.04940000 -0.97060000 0.23570000
vn -0.04890000 -0.97060000 0.23590000
vn -0.04890000 -0.97060000 0.23590000
vn -0.04980000 -0.97060000 0.23570000
vn -0.04980000 -0.97060000 0.23570000
vn -0.04920000 -0.97060000 0.23580000
vn -0.04920000 -0.97060000 0.23580000
vn -0.72800000 -0.64960000 0.21910000
vn -0.72800000 -0.64960000 0.21910000
vn -0.72800000 -0.64960000 0.21910000
vn -0.72800000 -0.64960000 0.21900000
vn -0.72800000 -0.64960000 0.21900000
vn -0.72800000 -0.64960000 0.21900000
vn 0.41710000 0.89610000 0.15190000
vn 0.41710000 0.89610000 0.15190000
vn 0.75470000 -0.55590000 0.34840000
vn 0.75470000 -0.55590000 0.34840000
vn 0.73540000 -0.53880000 -0.41090000
vn 0.73540000 -0.53880000 -0.41090000
vn 0.73540000 -0.53880000 -0.41090000
vt 0.03146900 0.00488300
vt 0.03146900 0.00488300
vt 0.03146900 0.00488300
vt 0.03146900 0.00488300
vt 0.32376700 0.00488300
vt 0.32376700 0.00488300
vt 0.32376700 0.00488300
vt 0.32376700 0.00488300
vt 0.32376700 0.00488300
vt 0.32376700 0.00488300
vt 0.32376700 0.21890900
vt 0.32376700 0.21890900
vt 0.64608000 0.23056600
vt 0.66301900 0.23061500
vt 0.35389500 0.44104100
vt 0.66301900 0.23061500
vt 0.95531700 0.23061500
vt 0.95531700 0.23061500
vt 0.64608000 0.44104100
vt 0.95531700 0.44464200
vt 0.95531700 0.44464200
vt 0.95531700 0.44464200
vt 0.95531700 0.44464200
vt 0.66301900 0.44464200
vt 0.66301900 0.44464200
vt 0.66301900 0.44464200
vt 0.66301900 0.44464200
vt 0.66301900 0.44464200
vt 0.03146900 0.21890900
vt 0.35389500 0.23056600
vt 0.03146900 0.21890900
vt 0.34175500 0.00697400
vt 0.63690600 0.00697400
vt 0.63690600 0.21042900
vt 0.65762200 0.20859400
vt 0.95259000 0.00437900
vt 0.95259000 0.21663600
vt 0.41052600 0.78566100
vt 0.41052600 0.88449700
vt 0.14092800 0.78566100
vt 0.04583100 0.55648400
vt 0.34019500 0.45817900
vt 0.34094400 0.55643600
vt 0.94502100 0.89535100
vt 0.94502100 0.99418700
vt 0.67542400 0.99418700
vt 0.12610800 0.77324000
vt 0.42047200 0.67493400
vt 0.42047200 0.77321000
vt 0.65762200 0.00438000
vt 0.34175500 0.21042900
vt 0.67542400 0.89535100
vt 0.12610700 0.67456100
vt 0.04583000 0.45780600
vt 0.14092800 0.88449700
vt 0.35924700 0.43782200
vt 0.12923300 0.89174400
vt 0.04536600 0.43751000
vt 0.04536600 0.23050700
vt 0.04895600 0.57987300
vt 0.56625000 0.43782200
vt 0.34237400 0.57987300
vt 0.33878400 0.23050700
vt 0.56625000 0.40709700
vt 0.95852200 0.67747700
vt 0.35154200 0.23291900
vt 0.95852200 0.67747700
vt 0.35154200 0.43868800
vt 0.95852200 0.88334600
vt 0.95852200 0.88334600
vt 0.95852200 0.88334600
vt 0.74447500 0.88334600
vt 0.74447500 0.88334600
vt 0.74447500 0.88334600
vt 0.74447500 0.88334600
vt 0.33878400 0.43751000
vt 0.35924800 0.40709700
vt 0.42265100 0.89174400
vt 0.43397500 0.88080800
vt 0.64843200 0.43868800
vt 0.43397500 0.88080800
vt 0.43465700 0.67493900
vt 0.43465700 0.67493900
vt 0.43465700 0.67493900
vt 0.43465700 0.67493900
vt 0.64802200 0.88080800
vt 0.64802200 0.88080800
vt 0.64802200 0.88080800
vt 0.64802200 0.88080800
vt 0.64802200 0.88080800
vt 0.64802200 0.67493900
vt 0.64802200 0.67493900
vt 0.64802200 0.67493900
vt 0.64802200 0.67493900
vt 0.95534200 0.45817600
vt 0.95534200 0.45817600
vt 0.95534200 0.45817600
vt 0.95534200 0.45817600
vt 0.95534200 0.45817600
vt 0.95534200 0.66406000
vt 0.95534200 0.66406000
vt 0.95534200 0.66406000
vt 0.95534200 0.66406000
vt 0.95534200 0.66406000
vt 0.66299500 0.66406000
vt 0.66299500 0.66406000
vt 0.66299500 0.66406000
vt 0.66299500 0.66406000
vt 0.66299500 0.66406000
vt 0.74447500 0.67747700
vt 0.74447500 0.67747700
vt 0.74447500 0.67747700
vt 0.74447500 0.67747700
vt 0.74447500 0.67747700
vt 0.66299500 0.45817600
vt 0.66299500 0.45817600
vt 0.66299500 0.45817600
vt 0.66299500 0.45817600
vt 0.66299500 0.45817600
vt 0.64849200 0.44735300
vt 0.64849100 0.66335000
vt 0.42412200 0.93808100
vt 0.35507100 0.44735300
vt 0.34384800 0.61109800
vt 0.35507300 0.66335000
vt 0.04536500 0.44549900
vt 0.13684300 0.61109800
vt 0.35507300 0.45634700
vt 0.21712300 0.93808100
vt 0.33878500 0.44549900
vt 0.64849100 0.45634700
vt 0.95690400 0.99391400
vt 0.95577900 0.99401600
vt 0.95577900 0.89538200
vt 0.34467200 0.60602500
vt 0.34502700 0.60681500
vt 0.04690900 0.60681500
vt 0.05763400 0.56012200
vt 0.32996400 0.56012200
vt 0.33970700 0.59467400
vt 0.32996400 0.56055300
vt 0.11864200 0.92048800
vt 0.01355500 0.91960200
vt 0.42344400 0.88412200
vt 0.11632800 0.67075900
vt 0.11865800 0.91960200
vt 0.42344400 0.78572800
vt 0.41943000 0.92324300
vt 0.42554100 0.92411500
vt 0.13109200 0.92413900
vt 0.95793900 0.99381200
vt 0.00640600 0.90927600
vt 0.65193500 0.89005300
vt 0.11150900 0.90927600
vt 0.95793900 0.89541900
vt 0.11149200 0.91016300
vt 0.43006800 0.92948400
vt 0.12840200 0.92946000
vt 0.42294000 0.92862500
vt 0.41161700 0.88608500
vt 0.42241000 0.88422400
vt 0.42241000 0.78571000
vt 0.05050800 0.59799600
vt 0.33871800 0.59889000
vt 0.04212200 0.59886700
vt 0.01437800 0.78226000
vt 0.11924300 0.78226000
vt 0.01439800 0.78308000
vt 0.01438600 0.89203900
vt 0.11925100 0.89203900
vt 0.01440500 0.89285900
vt 0.41868800 0.92495600
vt 0.94560400 0.89289100
vt 0.12271300 0.92491900
vt 0.66659300 0.89290100
vt 0.11888800 0.89541300
vt 0.01444100 0.89463700
vt 0.11894200 0.89463700
vt 0.04717000 0.60602400
vt 0.95703700 0.20859400
vt 0.37031900 0.38734100
vt 0.57468600 0.38734000
vt 0.42764500 0.91698300
vt 0.95703700 0.00437900
vt 0.64135600 0.00697400
vt 0.36227100 0.39597400
vt 0.33899400 0.58296300
vt 0.95259000 0.22061200
vt 0.63690600 0.00299600
vt 0.33899400 0.59159100
vt 0.04396200 0.58296300
vt 0.65762200 0.22061200
vt 0.65418000 0.21663600
vt 0.36178500 0.40582600
vt 0.36178500 0.39715300
vt 0.33831000 0.00697400
vt 0.57518100 0.40582600
vt 0.65418000 0.00438000
vt 0.34175500 0.00299600
vt 0.04396200 0.59159100
vt 0.42304800 0.90935200
vt 0.63690600 0.21905700
vt 0.42304800 0.91048500
vt 0.63690600 0.22012700
vt 0.34175500 0.22012700
vt 0.10534200 0.93203500
vt 0.11813900 0.91048500
vt 0.57203900 0.39077100
vt 0.64135600 0.21126200
vt 0.56658400 0.39511400
vt 0.64135600 0.11328100
vt 0.46859100 0.39558200
vt 0.42435900 0.93037300
vt 0.12788100 0.93037300
vt 0.11893500 0.78485900
vt 0.11888000 0.78563500
vt 0.01444300 0.78563500
vt 0.11813900 0.91698300
vt 0.65762200 0.00307300
vt 0.12572600 0.91277200
vt 0.42304800 0.91277200
vt 0.57438300 0.40131800
vt 0.46859600 0.39754600
vt 0.33831000 0.11328100
vt 0.57339900 0.39880100
vt 0.33831000 0.21758900
vt 0.42227700 0.88576400
vt 0.10230800 0.67458300
vt 0.11790900 0.67198300
vt 0.42240300 0.88450400
vt 0.01281800 0.91965700
vt 0.11702200 0.67078200
vt 0.42335100 0.88481200
vt 0.04909500 0.45576700
vt 0.33077500 0.45573900
vt 0.33890200 0.45649800
vt 0.55371600 0.89224800
vt 0.95784600 0.89427200
vt 0.11273400 0.90933100
vt 0.55500200 0.89208400
vt 0.55439400 0.89332400
vt 0.95683200 0.89368500
vt 0.41892600 0.77563600
vt 0.41024200 0.77632300
vt 0.12964300 0.77630100
vt 0.41110900 0.78320100
vt 0.33834700 0.59970800
vt 0.41081800 0.78386600
vt 0.14063600 0.78386600
vt 0.01810800 0.67295500
vt 0.01939400 0.67279100
vt 0.11988300 0.91965700
vt 0.42335100 0.78458100
vt 0.42233700 0.78399500
vt 0.01878600 0.67403000
vt 0.60135400 0.33146300
vt 0.61968400 0.32951800
vt 0.63601600 0.34930400
vt 0.54919400 0.27824400
vt 0.58308100 0.33348900
vt 0.56031800 0.34975000
vt 0.53040300 0.33348900
vt 0.58308100 0.31066900
vt 0.56031800 0.32693100
vt 0.53040300 0.31066900
vt 0.60135400 0.30864300
vt 0.61968400 0.30669800
vt 0.63601600 0.32648500
vt 0.54919300 0.26916000
vt 0.54422900 0.35428200
vt 0.56255800 0.35233700
vt 0.54919400 0.28732800
vt 0.57889100 0.37212300
vt 0.64020600 0.28785000
vt 0.61744300 0.30411200
vt 0.58752800 0.28785000
vt 0.60135400 0.35428200
vt 0.61968400 0.35233700
vt 0.54919300 0.29641300
vt 0.63601600 0.37212300
vt 0.64020600 0.26544800
vt 0.61744300 0.28171000
vt 0.58752800 0.26544800
vt 0.10069900 0.67527200
vt 0.35463100 0.60687000
vt 0.00299600 0.91099700
vt 0.35362700 0.60682600
vt 0.10068200 0.67650600
vt 0.09991600 0.67604300
vt 0.35377800 0.60609400
vt 0.12937200 0.67252200
vt 0.41105300 0.67249500
vt 0.41074900 0.67318200
vt 0.12668300 0.77563600
vt 0.11998400 0.93189100
vt 0.01254800 0.89241900
vt 0.66292800 0.89365300
vt 0.01199200 0.89333300
vt 0.11881700 0.93204300
vt 0.64669600 0.23230200
vt 0.56625000 0.42176100
vt 0.34237400 0.56521000
vt 0.64669600 0.43930500
vt 0.35924800 0.42176100
vt 0.42265100 0.90640700
vt 0.35924700 0.42315900
vt 0.35327800 0.43930500
vt 0.12923300 0.90640700
vt 0.35327800 0.23230200
vt 0.04895600 0.56521000
vt 0.56625000 0.42315900
vt 0.32996400 0.55956700
vt 0.04936600 0.55954500
vt 0.04640600 0.55888000
vt 0.12843200 0.78396300
vt 0.02235000 0.92927000
vt 0.01254000 0.78264000
vt 0.02176200 0.93029600
vt 0.01198400 0.78355500
vt 0.59932200 0.27852500
vt 0.58887800 0.36517200
vt 0.50525900 0.31011200
vt 0.51897000 0.25074500
vt 0.55967800 0.27742000
vt 0.55967800 0.27742000
vt 0.56342000 0.27992600
vt 0.56342000 0.27992600
vt 0.50924300 0.31011200
vt 0.50924300 0.31928100
vt 0.58367100 0.26636800
vt 0.52336800 0.26013800
vt 0.51897000 0.26013800
vt 0.52820200 0.36491900
vt 0.58122800 0.26299200
vt 0.58122800 0.26299200
vt 0.51897000 0.25118600
vt 0.52820200 0.35575100
vt 0.58887800 0.34235300
vt 0.54219700 0.34656500
vt 0.54219700 0.32374600
vt 0.58887800 0.31953400
vt 0.59932200 0.30092700
vt 0.53175300 0.36517200
vt 0.58451900 0.29355300
vt 0.58451900 0.29355300
vt 0.58451900 0.29355300
vt 0.58451900 0.29355300
vt 0.60987600 0.25155000
vt 0.58367100 0.28971500
vt 0.60487500 0.25155000
vt 0.60487500 0.24259800
vt 0.55967800 0.30076700
vt 0.49965800 0.26013800
vt 0.61950900 0.24248900
vt 0.56342000 0.30327300
vt 0.62349400 0.24248900
vt 0.56342000 0.30327300
vt 0.56342000 0.30327300
vt 0.62349400 0.25165800
vt 0.51468600 0.33161900
vt 0.59795000 0.25924200
vt 0.63857500 0.30545900
vt 0.57023300 0.25583100
vt 0.51468600 0.33161900
vt 0.57023300 0.25583100
vt 0.57023300 0.25583100
vt 0.57023300 0.25583100
vt 0.59795000 0.25924200
vt 0.57023300 0.25583100
vt 0.58698800 0.25924200
vt 0.51468600 0.35540700
vt 0.57023300 0.24741700
vt 0.58698800 0.25924200
vt 0.57023300 0.24741700
vt 0.57615800 0.25031600
vt 0.49915400 0.35621900
vt 0.49915400 0.35621900
vt 0.49915400 0.35621900
vt 0.51933100 0.33293100
vt 0.52421800 0.33293100
vt 0.57748600 0.28383400
vt 0.52421800 0.34210000
vt 0.57748600 0.28383400
vt 0.04629700 0.45649500
vt 0.12162300 0.78503500
vt 0.12241900 0.78568900
vt 0.12101500 0.78568900
vt 0.52957000 0.26211700
vt 0.53475400 0.26211700
vt 0.53296200 0.26700900
vt 0.49386200 0.36692500
vt 0.49962300 0.36692500
vt 0.49752300 0.37179100
vt 0.49386200 0.34410600
vt 0.49962300 0.34410600
vt 0.49752300 0.34897200
vt 0.49682800 0.33544000
vt 0.50201100 0.33544000
vt 0.50021900 0.34033300
vt 0.49682800 0.31262100
vt 0.50201100 0.31262100
vt 0.50021900 0.31751300
vt 0.49386200 0.32128700
vt 0.49962300 0.32128700
vt 0.49752300 0.32615300
vt 0.11147800 0.91161300
vt 0.00657900 0.91161300
vt 0.00655200 0.91094200
vt 0.00387700 0.91262200
vt 0.11659900 0.92879300
vt 0.11550900 0.92859700
vt 0.00302000 0.91217300
vt 0.35478400 0.60806300
vt 0.00443500 0.91217300
vt 0.12657400 0.67325000
vt 0.12163100 0.89481400
vt 0.12242700 0.89546700
vt 0.12102200 0.89546700
vt 0.52836900 0.25118600
vt 0.53337000 0.25118600
vt 0.58367100 0.27404500
vt 0.53337000 0.26013800
vt 0.51897000 0.24179200
vt 0.50525900 0.31928100
vt 0.52336800 0.24179200
vt 0.52336800 0.25074500
vt 0.55723500 0.27404500
vt 0.55723500 0.27404500
vt 0.55723500 0.27404500
vt 0.55723500 0.27404500
vt 0.61838100 0.25366400
vt 0.62444300 0.25366400
vt 0.62227600 0.25853000
vt 0.49682800 0.35825900
vt 0.50201100 0.35825900
vt 0.50021900 0.36315100
vt 0.49249400 0.30334400
vt 0.48712500 0.30334400
vt 0.48910500 0.29845700
vt 0.55269300 0.30323700
vt 0.50047000 0.30323700
vt 0.50047000 0.29856200
vt 0.11796900 0.67661900
vt 0.57659700 0.43711700
vt 0.64310900 0.89588600
vt 0.64787000 0.89588600
vt 0.57201600 0.43711700
vt 0.11142500 0.67435200
vt 0.10662300 0.67435200
vt 0.57122000 0.43260600
vt 0.57781500 0.41770700
vt 0.10786100 0.67661900
vt 0.57552500 0.42167400
vt 0.64675600 0.89367200
vt 0.57201600 0.41559600
vt 0.64874400 0.89588600
vt 0.11215700 0.67435200
vt 0.52758800 0.26700900
vt 0.50047000 0.28039300
vt 0.55269300 0.28039300
vt 0.55269300 0.28506800
vt 0.55269300 0.29856200
vt 0.49484500 0.36315100
vt 0.50047000 0.28947800
vt 0.55269300 0.28947800
vt 0.55269300 0.29415200
vt 0.49484500 0.31751300
vt 0.50047000 0.27130900
vt 0.55269300 0.27130900
vt 0.55269300 0.27598400
vt 0.49484500 0.34033300
vt 0.56341900 0.26048700
vt 0.50924300 0.36491900
vt 0.55967700 0.26299200
vt 0.55967700 0.26299200
vt 0.50525900 0.36491900
vt 0.53776800 0.25074500
vt 0.53776800 0.24179200
vt 0.50525900 0.35575100
vt 0.57467700 0.29771600
vt 0.56949700 0.26641500
vt 0.54620900 0.25877600
vt 0.54620900 0.25877600
vt 0.56949700 0.26834400
vt 0.56949700 0.26834400
vt 0.54645400 0.26067200
vt 0.56949700 0.26834400
vt 0.56926300 0.29205700
vt 0.56926300 0.29205700
vt 0.53910500 0.26421900
vt 0.53910500 0.26421900
vt 0.53910500 0.26421900
vt 0.53910500 0.26421900
vt 0.50525900 0.34210000
vt 0.51845600 0.26013800
vt 0.55967700 0.28633900
vt 0.50924300 0.34210000
vt 0.56341900 0.28383400
vt 0.51700900 0.35443800
vt 0.56635200 0.28788600
vt 0.56635200 0.28788600
vt 0.51700900 0.35443800
vt 0.51700900 0.35443800
vt 0.50405600 0.25118600
vt 0.50905700 0.25118600
vt 0.55638600 0.29355300
vt 0.50905700 0.26013800
vt 0.55638600 0.29355300
vt 0.61177300 0.25853000
vt 0.60614100 0.25853000
vt 0.60811300 0.25366400
vt 0.59931800 0.25366400
vt 0.49765600 0.29845700
vt 0.60408400 0.25366400
vt 0.60230200 0.25853000
vt 0.57289500 0.28125900
vt 0.51933100 0.31011200
vt 0.57289500 0.28125900
vt 0.57748600 0.27992600
vt 0.52421800 0.31011200
vt 0.57748600 0.27992600
vt 0.57748600 0.27992600
vt 0.52421800 0.31928100
vt 0.56952300 0.28979100
vt 0.54741700 0.26518500
vt 0.48387700 0.32676900
vt 0.54741700 0.26518500
vt 0.48387700 0.32676900
vt 0.54774100 0.26328900
vt 0.56952300 0.29170300
vt 0.56952300 0.29170300
vt 0.54774100 0.26328900
vt 0.56952300 0.29170300
vt 0.58772800 0.33118600
vt 0.55536600 0.25389600
vt 0.55309700 0.26618700
vt 0.58772800 0.33118600
vt 0.01866300 0.67181100
vt 0.12057800 0.92055700
vt 0.01795700 0.67206100
vt 0.12125300 0.92062500
vt 0.01780800 0.67136400
vt 0.35185700 0.59628800
vt 0.12131000 0.92132200
vt 0.11862500 0.92328400
vt 0.01373800 0.92328400
vt 0.11862500 0.92249900
vt 0.01373800 0.92249900
vt 0.11348400 0.93147800
vt 0.01102600 0.92294800
vt 0.43506200 0.93331100
vt 0.11239300 0.93128300
vt 0.01016900 0.92249900
vt 0.01158400 0.92249900
vt 0.01178600 0.89546700
vt 0.01318800 0.89542400
vt 0.01248100 0.89608800
vt 0.01442400 0.89742000
vt 0.01445100 0.89663900
vt 0.11888800 0.89663900
vt 0.01441600 0.78764100
vt 0.01444300 0.78686000
vt 0.11888000 0.78686000
vt 0.01177800 0.78568900
vt 0.01318000 0.78564600
vt 0.01247300 0.78630900
vt 0.64514700 0.94573200
vt 0.65414800 0.95240700
vt 0.65457100 0.95480800
vt 0.64514700 0.94828800
vt 0.65979300 0.93828100
vt 0.64514700 0.95053500
vt 0.65335300 0.95691900
vt 0.64514700 0.94127300
vt 0.66188100 0.94614800
vt 0.65959100 0.95011600
vt 0.66200700 0.94192800
vt 0.65755700 0.93828100
vt 0.65608200 0.94403700
vt 0.64741400 0.94472300
vt 0.64514700 0.95439200
vt 0.65457100 0.94614800
vt 0.65469700 0.94192800
vt 0.65228100 0.95011600
vt 0.64877200 0.94403700
vt 0.64291900 0.94570200
vt 0.64515900 0.95214500
vt 0.66145800 0.95240700
vt 0.64289300 0.95315400
vt 0.66188100 0.95480800
vt 0.64289300 0.95571000
vt 0.64289300 0.95795700
vt 0.66066300 0.95691900
vt 0.65248300 0.93828100
vt 0.50047000 0.27598400
vt 0.49249400 0.27609100
vt 0.48712500 0.27609100
vt 0.48910500 0.27120400
vt 0.49249400 0.29426000
vt 0.48712500 0.29426000
vt 0.48910500 0.28937300
vt 0.50047000 0.28506800
vt 0.49249400 0.28517600
vt 0.48712500 0.28517600
vt 0.48910500 0.28028800
vt 0.50047000 0.29415200
vt 0.11813900 0.90935200
vt 0.10436800 0.93085400
vt 0.34175500 0.21905700
vt 0.34175500 0.21693500
vt 0.11547100 0.91152800
vt 0.57576200 0.40052100
vt 0.49189100 0.34897200
vt 0.49428300 0.27120400
vt 0.49189100 0.37179100
vt 0.49428300 0.28937300
vt 0.49428300 0.28028800
vt 0.49189100 0.32615300
vt 0.57467700 0.27436900
vt 0.57591200 0.24841900
vt 0.49673600 0.35621900
vt 0.57467700 0.27436900
vt 0.49673600 0.35158900
vt 0.49673600 0.35158900
vt 0.56836500 0.27436900
vt 0.58930100 0.30653800
vt 0.57467700 0.27543600
vt 0.57712100 0.24841900
vt 0.57712100 0.24841900
vt 0.51669600 0.26858600
vt 0.57722800 0.25031600
vt 0.57722800 0.25031600
vt 0.51430000 0.26858600
vt 0.51430000 0.26858600
vt 0.51430000 0.26858600
vt 0.58934900 0.30557400
vt 0.56836500 0.27543600
vt 0.56836500 0.27543600
vt 0.51669600 0.26399800
vt 0.51669600 0.26399800
vt 0.42649600 0.91152800
vt 0.57526400 0.39262100
vt 0.42649600 0.91376900
vt 0.57554300 0.39045200
vt 0.41835200 0.91666400
vt 0.67462100 0.99577500
vt 0.04864600 0.60337700
vt 0.34266300 0.60337800
vt 0.94611200 0.99577500
vt 0.04812500 0.60421200
vt 0.66367200 0.89536600
vt 0.01436900 0.89138800
vt 0.66367200 0.99410200
vt 0.11934100 0.89138800
vt 0.11147600 0.91295800
vt 0.00658800 0.91217300
vt 0.11147600 0.91217300
vt 0.43093900 0.91958700
vt 0.11019400 0.93189400
vt 0.42047100 0.77628600
vt 0.42187800 0.77541100
vt 0.11391000 0.91295800
vt 0.43243700 0.91958700
vt 0.10860300 0.93142100
vt 0.10960400 0.93130600
vt 0.43173600 0.91992100
vt 0.42001800 0.92092300
vt 0.13013300 0.92092300
vt 0.13010200 0.92036700
vt 0.01110500 0.89609800
vt 0.01008600 0.89608800
vt 0.11785900 0.92091700
vt 0.01057800 0.89546700
vt 0.11641400 0.93172700
vt 0.62838000 0.24248900
vt 0.56801000 0.30460600
vt 0.57289500 0.30460600
vt 0.57289500 0.30460600
vt 0.63358200 0.24248900
vt 0.57289500 0.30460600
vt 0.57289500 0.30460600
vt 0.63358200 0.25165800
vt 0.58422400 0.24938600
vt 0.58422400 0.24938600
vt 0.58422400 0.24938600
vt 0.58422400 0.24938600
vt 0.59538800 0.32951400
vt 0.59538800 0.32951400
vt 0.59538800 0.32951400
vt 0.58422400 0.24938600
vt 0.58422400 0.24938600
vt 0.58422400 0.24938600
vt 0.58422400 0.24938600
vt 0.33939800 0.59711600
vt 0.05001300 0.59634300
vt 0.33958300 0.59634300
vt 0.63846900 0.25165800
vt 0.12706000 0.93331000
vt 0.42543000 0.93331100
vt 0.42526500 0.93376600
vt 0.33133200 0.45453100
vt 0.11192600 0.93189100
vt 0.33975200 0.45499000
vt 0.51413000 0.35575100
vt 0.51933100 0.35575100
vt 0.57289500 0.25915400
vt 0.51933100 0.36491900
vt 0.64024400 0.21063800
vt 0.63690600 0.21398400
vt 0.63690600 0.21693500
vt 0.01109800 0.78632000
vt 0.03765200 0.59567000
vt 0.01007800 0.78630900
vt 0.02007900 0.93202900
vt 0.01057000 0.78568900
vt 0.04989000 0.59512000
vt 0.33967600 0.59567700
vt 0.04112200 0.59567600
vt 0.63254400 0.25853000
vt 0.62678300 0.25853000
vt 0.62888400 0.25366400
vt 0.63529300 0.36024800
vt 0.51829400 0.34897200
vt 0.51253200 0.34897200
vt 0.51463300 0.34410600
vt 0.63529300 0.31461000
vt 0.63529300 0.33742900
vt 0.51829400 0.37179100
vt 0.51253200 0.37179100
vt 0.51463300 0.36692500
vt 0.57816700 0.36024800
vt 0.51829400 0.32615300
vt 0.51253200 0.32615300
vt 0.51463300 0.32128700
vt 0.52026500 0.34410600
vt 0.57676600 0.32007800
vt 0.52026500 0.32128700
vt 0.63389100 0.29725900
vt 0.57676600 0.34289700
vt 0.52026500 0.36692500
vt 0.34019400 0.55953000
vt 0.11330900 0.92920900
vt 0.35059200 0.59434100
vt 0.34160000 0.55865600
vt 0.11171800 0.92873600
vt 0.35209000 0.59434100
vt 0.12105900 0.92328400
vt 0.11272000 0.92862000
vt 0.35138900 0.59467400
vt 0.04583000 0.55757400
vt 0.34019400 0.55698800
vt 0.33864900 0.55824400
vt 0.56952300 0.29057000
vt 0.56952300 0.29057000
vt 0.54731700 0.26441300
vt 0.57527300 0.28979100
vt 0.57527300 0.28979100
vt 0.57527300 0.28979100
vt 0.47756500 0.32676900
vt 0.58455500 0.35798900
vt 0.56836500 0.29771600
vt 0.57530000 0.26641500
vt 0.57530000 0.26641500
vt 0.56836500 0.29771600
vt 0.58366100 0.35154600
vt 0.94556700 0.99516000
vt 0.67526300 0.99471800
vt 0.94523900 0.99471800
vt 0.95581900 0.99459500
vt 0.95689800 0.99419400
vt 0.09824100 0.67458300
vt 0.95677200 0.99545400
vt 0.65351700 0.89127700
vt 0.12917600 0.78567600
vt 0.01436200 0.78160900
vt 0.11933400 0.78160900
vt 0.12917600 0.88441200
vt 0.12141300 0.78433000
vt 0.10262400 0.92936500
vt 0.12241900 0.78403100
vt 0.11596700 0.93042800
vt 0.11557600 0.93129900
vt 0.12295200 0.78488600
vt 0.43007000 0.92091600
vt 0.43090100 0.92091000
vt 0.43078900 0.92153500
vt 0.13022600 0.92159000
vt 0.41992500 0.92158900
vt 0.41974000 0.92236300
vt 0.11316600 0.67661900
vt 0.57739200 0.43260600
vt 0.57781500 0.43500600
vt 0.11572200 0.67661900
vt 0.11696000 0.67435200
vt 0.57122000 0.42010800
vt 0.64289300 0.95694800
vt 0.66145800 0.95597100
vt 0.64515900 0.95694800
vt 0.64797600 0.94854900
vt 0.64514700 0.95694800
vt 0.65414800 0.94854900
vt 0.65457100 0.94738600
vt 0.64514700 0.95571000
vt 0.64741400 0.95571000
vt 0.65486300 0.95480800
vt 0.64514700 0.94952600
vt 0.65414800 0.95597100
vt 0.64741400 0.94952600
vt 0.65528600 0.94854900
vt 0.64514700 0.94382800
vt 0.66145800 0.94854900
vt 0.66188100 0.94738600
vt 0.64514700 0.94259000
vt 0.64755300 0.95480800
vt 0.64741400 0.94259000
vt 0.66301200 0.99459500
vt 0.11986600 0.89219100
vt 0.66341500 0.99508400
vt 0.12038600 0.89190300
vt 0.10846300 0.92897500
vt 0.12142100 0.89410800
vt 0.12242700 0.89381000
vt 0.10574000 0.92920900
vt 0.03569000 0.60518100
vt 0.12295900 0.89466500
vt 0.03529900 0.60605200
vt 0.51985900 0.35540700
vt 0.51985900 0.35540700
vt 0.51985900 0.35540700
vt 0.57509200 0.24517900
vt 0.57509200 0.24517900
vt 0.57509200 0.24517900
vt 0.57509200 0.24517900
vt 0.57794100 0.24517900
vt 0.52289200 0.35540700
vt 0.52289200 0.35540700
vt 0.57794100 0.24517900
vt 0.52289200 0.35540700
vt 0.57187700 0.28710800
vt 0.52289200 0.35443800
vt 0.57187700 0.28710800
vt 0.52289200 0.35443800
vt 0.56902800 0.28710800
vt 0.51985900 0.35443800
vt 0.51985900 0.35443800
vt 0.56902800 0.28710800
vt 0.56801000 0.28250100
vt 0.56801000 0.28250100
vt 0.51413000 0.34210000
vt 0.56801000 0.28250100
vt 0.64755300 0.94614800
vt 0.64515900 0.95439200
vt 0.64797600 0.94498600
vt 0.64515900 0.95315400
vt 0.64741400 0.94697000
vt 0.65486300 0.94614800
vt 0.64741400 0.94573200
vt 0.65528600 0.94498600
vt 0.95468200 0.89536600
vt 0.95468200 0.99410200
vt 0.95373200 0.89535700
vt 0.55368600 0.89421000
vt 0.95593000 0.89307500
vt 0.55378400 0.89323600
vt 0.95675900 0.89313000
vt 0.41055500 0.78511800
vt 0.14089900 0.78511800
vt 0.14081100 0.78451200
vt 0.03933000 0.59955700
vt 0.12910400 0.78323800
vt 0.02156100 0.92861600
vt 0.02087200 0.92935600
vt 0.03896700 0.59879600
vt 0.41161000 0.67128600
vt 0.34498800 0.60851900
vt 0.04678300 0.60806300
vt 0.34515300 0.60806300
vt 0.11504100 0.92920600
vt 0.42002900 0.67174500
vt 0.42018700 0.78567600
vt 0.42018700 0.88441200
vt 0.41923700 0.78566700
vt 0.11691400 0.67297600
vt 0.01807800 0.67491500
vt 0.42143500 0.78338400
vt 0.42131400 0.78456300
vt 0.42038000 0.78391400
vt 0.42530400 0.93206200
vt 0.12718600 0.93206200
vt 0.42495000 0.93127200
vt 0.10476600 0.67527200
vt 0.43490800 0.93211700
vt 0.01014500 0.92132200
vt 0.43390500 0.93207300
vt 0.10474900 0.67650600
vt 0.43405600 0.93134100
vt 0.10398300 0.67604300
vt 0.57739200 0.41654400
vt 0.10662300 0.67661900
vt 0.65350600 0.89588600
vt 0.57659700 0.41559600
vt 0.10561300 0.67661900
vt 0.65350600 0.89367200
vt 0.10561300 0.67435200
vt 0.57201600 0.43165800
vt 0.57122000 0.41654400
vt 0.11316600 0.67435200
vt 0.12178300 0.78632000
vt 0.12706800 0.93274200
vt 0.42545400 0.93274200
vt 0.10786100 0.67435200
vt 0.57079700 0.43376900
vt 0.57659700 0.42105600
vt 0.11142500 0.67661900
vt 0.64787000 0.89367200
vt 0.65414800 0.94498600
vt 0.64514700 0.95315400
vt 0.64514700 0.95214500
vt 0.64291900 0.95046400
vt 0.65335300 0.94403700
vt 0.64741400 0.95214500
vt 0.64513300 0.95046400
vt 0.65608200 0.95145900
vt 0.65528600 0.95240700
vt 0.64741400 0.95315400
vt 0.65486300 0.95357000
vt 0.64741400 0.95439200
vt 0.66145800 0.94498600
vt 0.64514700 0.94003500
vt 0.66066300 0.94403700
vt 0.64514700 0.93902500
vt 0.65755700 0.94304200
vt 0.64741400 0.93902500
vt 0.64877200 0.95145900
vt 0.65977000 0.94304200
vt 0.64741400 0.94003500
vt 0.64797600 0.95240700
vt 0.64741400 0.94127300
vt 0.64755300 0.95357000
vt 0.55091400 0.25631300
vt 0.55091400 0.25631300
vt 0.58286700 0.24448500
vt 0.55091400 0.25631300
vt 0.58286700 0.24448500
vt 0.55091400 0.25631300
vt 0.55091400 0.25631300
vt 0.58772800 0.33555900
vt 0.55501500 0.26198100
vt 0.58772800 0.33555900
vt 0.55501500 0.26198100
vt 0.58772800 0.33555900
vt 0.55501500 0.26198100
vt 0.52421800 0.36491900
vt 0.57748600 0.26048700
vt 0.57748600 0.26048700
vt 0.57748600 0.26048700
vt 0.59164100 0.26153700
vt 0.47916600 0.29845700
vt 0.48488200 0.29845700
vt 0.48277200 0.30334400
vt 0.03801100 0.60851800
vt 0.12918600 0.67133200
vt 0.12240300 0.89663900
vt 0.12294700 0.89708600
vt 0.12638700 0.67147000
vt 0.03496900 0.60851800
vt 0.12072100 0.89742000
vt 0.11206600 0.91295800
vt 0.11208100 0.91161300
vt 0.11274500 0.91217300
vt 0.42239000 0.67522300
vt 0.42239000 0.77315700
vt 0.42188000 0.77317300
vt 0.42121600 0.77559300
vt 0.10915100 0.93189400
vt 0.42047200 0.77541800
vt 0.42224500 0.77460700
vt 0.66689100 0.89356100
vt 0.66387900 0.89357500
vt 0.66360000 0.89292800
vt 0.12002600 0.93087300
vt 0.11953800 0.92480500
vt 0.67539400 0.89480800
vt 0.67530700 0.89420200
vt 0.94513800 0.89420200
vt 0.35928700 0.39597400
vt 0.34233000 0.59159100
vt 0.64024400 0.00399100
vt 0.35928700 0.38734100
vt 0.34233000 0.58296300
vt 0.95592500 0.21961800
vt 0.64024400 0.04153600
vt 0.57467700 0.27506100
vt 0.57467700 0.27506100
vt 0.57669600 0.24808900
vt 0.57669600 0.24808900
vt 0.57669600 0.24808900
vt 0.57467700 0.27506100
vt 0.00511100 0.91162000
vt 0.00618800 0.91161300
vt 0.00571700 0.91217300
vt 0.42269600 0.67527400
vt 0.00655200 0.91336100
vt 0.42284900 0.67530000
vt 0.00657900 0.91319800
vt 0.10626400 0.93184900
vt 0.42284900 0.77314300
vt 0.11147800 0.91319800
vt 0.58122800 0.30076700
vt 0.61927600 0.25155000
vt 0.64245300 0.24248900
vt 0.58367100 0.29739200
vt 0.58367100 0.29739200
vt 0.61487700 0.25155000
vt 0.61487700 0.24259800
vt 0.57712100 0.25482900
vt 0.57712100 0.25482900
vt 0.48387700 0.34958800
vt 0.48387700 0.34958800
vt 0.57712100 0.25482900
vt 0.57712100 0.25482900
vt 0.50859900 0.26858600
vt 0.57712100 0.25482900
vt 0.59247200 0.32951400
vt 0.58471900 0.25162400
vt 0.58471900 0.25162400
vt 0.59247200 0.32951400
vt 0.59247200 0.32951400
vt 0.58471900 0.25162400
vt 0.58422400 0.25386200
vt 0.58955600 0.32951400
vt 0.58422400 0.25386200
vt 0.58955600 0.32951400
vt 0.58955600 0.32951400
vt 0.42560200 0.90945600
vt 0.63937800 0.21866000
vt 0.64024400 0.21417300
vt 0.64024400 0.21709800
vt 0.55723500 0.26636800
vt 0.53337000 0.25074500
vt 0.55723500 0.26636800
vt 0.55723500 0.26636800
vt 0.55638600 0.27020600
vt 0.52836900 0.25074500
vt 0.52836900 0.24179200
vt 0.57698400 0.24448500
vt 0.54538900 0.25553600
vt 0.54538900 0.25553600
vt 0.57698400 0.24448500
vt 0.54538900 0.25553600
vt 0.54538900 0.25553600
vt 0.57698400 0.24448500
vt 0.55905400 0.25735200
vt 0.55905400 0.25735200
vt 0.53910500 0.25974200
vt 0.53910500 0.25974200
vt 0.55905400 0.25735200
vt 0.01364600 0.92048800
vt 0.01370100 0.92126800
vt 0.43570800 0.93276000
vt 0.01078500 0.92195600
vt 0.43403600 0.93274500
vt 0.34211300 0.55640100
vt 0.34211300 0.45846800
vt 0.01370100 0.92368700
vt 0.34241900 0.45851900
vt 0.34152200 0.45728000
vt 0.01302200 0.92367100
vt 0.34223700 0.45788500
vt 0.34196800 0.45789400
vt 0.43397500 0.67555600
vt 0.64843200 0.23353500
vt 0.00990400 0.89542400
vt 0.11827600 0.92157900
vt 0.11635100 0.93085300
vt 0.11860300 0.93148400
vt 0.01139900 0.89333300
vt 0.12052900 0.93143200
vt 0.66344200 0.89360500
vt 0.11974300 0.89742000
vt 0.12032400 0.89608800
vt 0.12179100 0.89609800
vt 0.11903300 0.89742000
vt 0.11813900 0.91277200
vt 0.57604300 0.40270100
vt 0.11547100 0.91376900
vt 0.11973500 0.78764100
vt 0.12031600 0.78630900
vt 0.11902500 0.78764100
vt 0.94531300 0.89355600
vt 0.67513200 0.89355600
vt 0.95580900 0.89425300
vt 0.95487500 0.89360500
vt 0.57794100 0.25806900
vt 0.57794100 0.25806900
vt 0.52289200 0.33161900
vt 0.52289200 0.33161900
vt 0.52289200 0.33161900
vt 0.57794100 0.25806900
vt 0.57633800 0.25515900
vt 0.48387700 0.35028000
vt 0.48387700 0.35028000
vt 0.48387700 0.35028000
vt 0.57633800 0.25515900
vt 0.57633800 0.25515900
vt 0.52574200 0.33161900
vt 0.52574200 0.33161900
vt 0.52574200 0.33161900
vt 0.58061800 0.25729200
vt 0.58061800 0.25729200
vt 0.58061800 0.25729200
vt 0.10946900 0.92938900
vt 0.34241900 0.55639200
vt 0.11862700 0.92352400
vt 0.10938000 0.92916400
vt 0.34257100 0.55638700
vt 0.34152300 0.55742200
vt 0.55308400 0.25389600
vt 0.55091400 0.26764800
vt 0.55091400 0.26764800
vt 0.55091400 0.26764800
vt 0.55308400 0.25389600
vt 0.54538900 0.26842600
vt 0.54538900 0.26842600
vt 0.54538900 0.26842600
vt 0.56926300 0.26857100
vt 0.54538900 0.26842600
vt 0.56926300 0.26857100
vt 0.56949700 0.27293500
vt 0.54620900 0.26518500
vt 0.56949700 0.27293500
vt 0.48387700 0.32783700
vt 0.04610700 0.55935200
vt 0.01183100 0.78788000
vt 0.04557400 0.55884000
vt 0.04582800 0.55866500
vt 0.04536900 0.45804300
vt 0.04536900 0.55647900
vt 0.04520800 0.55647000
vt 0.65979300 0.94192800
vt 0.64984400 0.95753700
vt 0.65106200 0.95775200
vt 0.65979300 0.94066100
vt 0.65837200 0.95033000
vt 0.66200700 0.94066100
vt 0.64741400 0.94483700
vt 0.64877200 0.95691900
vt 0.65979300 0.94304200
vt 0.65715300 0.95753700
vt 0.65248300 0.94192800
vt 0.65837200 0.95775200
vt 0.65248300 0.94066100
vt 0.65469700 0.94066100
vt 0.65106200 0.95033000
vt 0.65608200 0.95691900
vt 0.65248300 0.94304200
vt 0.64741400 0.95795700
vt 0.34940500 0.59704800
vt 0.35021700 0.59698100
vt 0.01669900 0.67300000
vt 0.11490900 0.67043800
vt 0.01704800 0.67374600
vt 0.34984200 0.59772500
vt 0.35059200 0.59512000
vt 0.34975800 0.59512000
vt 0.33941000 0.56018900
vt 0.34975900 0.59467400
vt 0.00566800 0.90933100
vt 0.65263000 0.89007600
vt 0.95784600 0.99450200
vt 0.00569600 0.91095300
vt 0.34175500 0.21398400
vt 0.56641400 0.39713700
vt 0.33917200 0.21063800
vt 0.33917200 0.00697400
vt 0.12638500 0.77610700
vt 0.12585100 0.77559500
vt 0.01183900 0.89765800
vt 0.12610500 0.77542100
vt 0.12564600 0.67479800
vt 0.12564600 0.77323500
vt 0.12548500 0.77322600
vt 0.14052700 0.88547000
vt 0.41107200 0.88547000
vt 0.12892300 0.92862500
vt 0.14012600 0.88608500
vt 0.11985800 0.78241200
vt 0.12851600 0.88490500
vt 0.12891900 0.88539400
vt 0.12037800 0.78212500
vt 0.11954700 0.92808000
vt 0.41711300 0.88546200
vt 0.42889200 0.92801400
vt 0.41667100 0.88471100
vt 0.41939400 0.88500400
vt 0.41923700 0.88446300
vt 0.41662200 0.88448800
vt 0.41662200 0.78566200
vt 0.57289500 0.28250100
vt 0.51933100 0.34210000
vt 0.51413000 0.33293100
vt 0.51845600 0.25118600
vt 0.50525900 0.33293100
vt 0.57389100 0.39182800
vt 0.65762200 0.00339900
vt 0.95259000 0.00339900
vt 0.53451600 0.30675800
vt 0.47916600 0.27120400
vt 0.48488200 0.27120400
vt 0.48277200 0.27609100
vt 0.59164100 0.28393900
vt 0.47916600 0.28028800
vt 0.48488200 0.28028800
vt 0.48277200 0.28517600
vt 0.53451600 0.32957800
vt 0.47916600 0.28937300
vt 0.48488200 0.28937300
vt 0.48277200 0.29426000
vt 0.54823800 0.25553600
vt 0.58001700 0.24448500
vt 0.58001700 0.24448500
vt 0.57467700 0.29840800
vt 0.54699200 0.25844500
vt 0.57467700 0.29840800
vt 0.57467700 0.29840800
vt 0.57467700 0.29840800
vt 0.54699200 0.25844500
vt 0.57308800 0.43773600
vt 0.64675600 0.89588600
vt 0.57430600 0.43795100
vt 0.64548900 0.89588600
vt 0.57430600 0.42188900
vt 0.64548900 0.89367200
vt 0.64310900 0.89367200
vt 0.57201600 0.42105600
vt 0.11796900 0.67435200
vt 0.04138000 0.59159100
vt 0.35878700 0.39715300
vt 0.33917200 0.00399100
vt 0.35878700 0.40582600
vt 0.04138000 0.58296300
vt 0.65504100 0.21961800
vt 0.65504100 0.21663600
vt 0.65504100 0.00438000
vt 0.57816000 0.26796800
vt 0.57816000 0.26796800
vt 0.58654100 0.33788600
vt 0.58654100 0.33788600
vt 0.57816000 0.26796800
vt 0.58654100 0.33788600
vt 0.58654100 0.33118600
vt 0.57673600 0.27441300
vt 0.55536600 0.25484800
vt 0.57816000 0.27244500
vt 0.58654100 0.33323200
vt 0.58654100 0.33323200
vt 0.57816000 0.27244500
vt 0.58654100 0.33323200
vt 0.59246900 0.26018900
vt 0.56225100 0.29355300
vt 0.59246900 0.26018900
vt 0.59246900 0.26018900
vt 0.56225100 0.29355300
vt 0.56225100 0.29355300
vt 0.56225100 0.29355300
vt 0.55723500 0.28971500
vt 0.55723500 0.28971500
vt 0.55723500 0.28971500
vt 0.51405900 0.26013800
vt 0.56274500 0.29131500
vt 0.56274500 0.29131500
vt 0.58955200 0.26018900
vt 0.58955200 0.26018900
vt 0.58955200 0.26018900
vt 0.59538500 0.26018900
vt 0.56274500 0.29579200
vt 0.59538500 0.26018900
vt 0.59538500 0.26018900
vt 0.59538500 0.26018900
vt 0.43093900 0.92036600
vt 0.43010500 0.92036600
vt 0.43010500 0.91992100
vt 0.41968700 0.77694500
vt 0.13791100 0.77687800
vt 0.41024200 0.77687800
vt 0.42004900 0.91992100
vt 0.41024200 0.77730900
vt 0.04760400 0.60512600
vt 0.34408100 0.60512600
vt 0.34979000 0.60423700
vt 0.95451500 0.99572600
vt 0.35176200 0.60353200
vt 0.95552200 0.99700400
vt 0.09883500 0.67654900
vt 0.35285200 0.60518100
vt 0.02100700 0.92970600
vt 0.01139100 0.78355500
vt 0.02118100 0.93012400
vt 0.00989600 0.78564600
vt 0.01934700 0.93154700
vt 0.03806900 0.59633200
vt 0.04536500 0.44376300
vt 0.13684300 0.61283400
vt 0.35507100 0.44908900
vt 0.34384800 0.61283400
vt 0.21712300 0.93634600
vt 0.33878500 0.44376300
vt 0.64849200 0.44908900
vt 0.42412200 0.93634600
vt 0.55159500 0.29752500
vt 0.63836900 0.37314500
vt 0.56929900 0.27104000
vt 0.59062600 0.37273900
vt 0.50285500 0.29684200
vt 0.57448300 0.28920100
vt 0.48687800 0.35825900
vt 0.49260100 0.35825900
vt 0.49048800 0.36315100
vt 0.55159500 0.27935700
vt 0.63836900 0.35032600
vt 0.56929900 0.27246000
vt 0.59229400 0.25774600
vt 0.59062600 0.34992000
vt 0.50285500 0.27867300
vt 0.51962100 0.26211700
vt 0.52534300 0.26211700
vt 0.52323100 0.26700900
vt 0.55159500 0.27027200
vt 0.58337100 0.25877400
vt 0.63836900 0.32750700
vt 0.59062600 0.32710100
vt 0.57448300 0.26585400
vt 0.50285500 0.26958900
vt 0.48687800 0.33544000
vt 0.49260100 0.33544000
vt 0.49048800 0.34033300
vt 0.55734300 0.27784800
vt 0.58124400 0.37314500
vt 0.55159500 0.28844100
vt 0.50285500 0.28775700
vt 0.53350100 0.37273900
vt 0.56179500 0.25585500
vt 0.48687800 0.31262100
vt 0.49260100 0.31262100
vt 0.49048800 0.31751300
vt 0.63389100 0.27485700
vt 0.63451600 0.25366400
vt 0.58933100 0.37149300
vt 0.58761900 0.36822600
vt 0.47916600 0.30334400
vt 0.47639700 0.30334400
vt 0.49860400 0.29856200
vt 0.56999800 0.28930300
vt 0.57028700 0.29645500
vt 0.47709700 0.29845700
vt 0.49804200 0.30323700
vt 0.47916600 0.29426000
vt 0.58780900 0.25784700
vt 0.49860400 0.28039300
vt 0.47639700 0.29426000
vt 0.57028700 0.27310800
vt 0.47709700 0.28937300
vt 0.49804200 0.28506800
vt 0.58933100 0.34867400
vt 0.58761900 0.34540700
vt 0.58933100 0.32585500
vt 0.58761900 0.32258700
vt 0.47916600 0.27609100
vt 0.47639700 0.27609100
vt 0.49860400 0.27130900
vt 0.56999800 0.26595600
vt 0.47709700 0.27120400
vt 0.49804200 0.27598400
vt 0.58722100 0.25796300
vt 0.47916600 0.28517600
vt 0.47639700 0.28517600
vt 0.49860400 0.28947800
vt 0.55731000 0.25595700
vt 0.55672200 0.25607300
vt 0.49804200 0.29415200
vt 0.47709700 0.28028800
vt 0.53220600 0.37149300
vt 0.53049400 0.36822600
vt 0.42188000 0.67513800
vt 0.42121700 0.67477100
vt 0.41933100 0.67260500
vt 0.41989000 0.67276900
vt 0.42048200 0.67438000
vt 0.95592500 0.21663600
vt 0.64984400 0.95011600
vt 0.65469700 0.93939500
vt 0.66200700 0.93939500
vt 0.65715300 0.95011600
vt 0.65977000 0.93939500
vt 0.65228100 0.95084100
vt 0.65977000 0.94066100
vt 0.65106200 0.95062600
vt 0.65837200 0.94320400
vt 0.65755700 0.94066100
vt 0.65959100 0.95084100
vt 0.64513300 0.94681600
vt 0.64513300 0.94808300
vt 0.65837200 0.95062600
vt 0.65106200 0.94320400
vt 0.64291900 0.94808300
vt 0.57552500 0.43103900
vt 0.64985800 0.89367200
vt 0.65112500 0.89367200
vt 0.57430600 0.43082400
vt 0.57430600 0.41476300
vt 0.65112500 0.89588600
vt 0.57530000 0.26967500
vt 0.57530000 0.26967500
vt 0.57530000 0.26967500
vt 0.58339500 0.35474500
vt 0.57527300 0.29302200
vt 0.57527300 0.29302200
vt 0.58455800 0.35478200
vt 0.57527300 0.29302200
vt 0.57527300 0.29625200
vt 0.56836500 0.29878300
vt 0.57527300 0.29625200
vt 0.58487000 0.35158400
vt 0.56836500 0.29878300
vt 0.54752500 0.26067200
vt 0.56952300 0.29434000
vt 0.54752500 0.26067200
vt 0.56952300 0.29434000
vt 0.56952300 0.29434000
vt 0.60987600 0.24259800
vt 0.51933100 0.31928100
vt 0.13072000 0.92324400
vt 0.12162200 0.92235700
vt 0.01037500 0.89470500
vt 0.10925100 0.67023600
vt 0.11814200 0.92229600
vt 0.11702200 0.93116300
vt 0.11018900 0.67043100
vt 0.11788900 0.93109700
vt 0.11780100 0.93151500
vt 0.01100700 0.89402700
vt 0.63937800 0.00476400
vt 0.64024400 0.00697400
vt 0.52574200 0.35443800
vt 0.52574200 0.35443800
vt 0.57455400 0.28788600
vt 0.57455400 0.28788600
vt 0.52574200 0.35443800
vt 0.52574200 0.35443800
vt 0.57673600 0.28934700
vt 0.57673600 0.28934700
vt 0.57673600 0.28934700
vt 0.59795300 0.33046000
vt 0.59795300 0.33046000
vt 0.52806500 0.35443800
vt 0.50082200 0.35158900
vt 0.59331100 0.30675000
vt 0.50082200 0.35158900
vt 0.50082200 0.35158900
vt 0.59335600 0.30582200
vt 0.51264700 0.26399800
vt 0.51264700 0.26399800
vt 0.51264700 0.26399800
vt 0.41064300 0.78451200
vt 0.56745100 0.25829900
vt 0.56416900 0.27441300
vt 0.54222900 0.25484800
vt 0.54451000 0.25484800
vt 0.56635200 0.27587400
vt 0.56635200 0.27587400
vt 0.54451000 0.25484800
vt 0.56902800 0.27665100
vt 0.56902800 0.27665100
vt 0.54730800 0.25484800
vt 0.56902800 0.27665100
vt 0.54730800 0.25484800
vt 0.54730800 0.25484800
vt 0.56902800 0.27665100
vt 0.94505000 0.89480800
vt 0.95373200 0.99415300
vt 0.95111700 0.89535200
vt 0.11440400 0.67661900
vt 0.57781500 0.43376900
vt 0.11696000 0.67661900
vt 0.57739200 0.43616900
vt 0.42128400 0.88432600
vt 0.42132400 0.88490500
vt 0.65457100 0.95357000
vt 0.64514700 0.94697000
vt 0.64741400 0.94828800
vt 0.65486300 0.94738600
vt 0.64289300 0.95439200
vt 0.66188100 0.95357000
vt 0.64515900 0.95571000
vt 0.64755300 0.94738600
vt 0.11921500 0.92328400
vt 0.11923000 0.92193900
vt 0.11989400 0.92249900
vt 0.34223700 0.55741000
vt 0.34196700 0.55785100
vt 0.42861500 0.92318900
vt 0.11269400 0.67043800
vt 0.43018800 0.92297300
vt 0.55265500 0.89304000
vt 0.55285300 0.89447200
vt 0.42901900 0.92390100
vt 0.42975200 0.92229600
vt 0.42996400 0.92156200
vt 0.57748600 0.30327300
vt 0.57748600 0.30327300
vt 0.57748600 0.30327300
vt 0.63846900 0.24248900
vt 0.57748600 0.30327300
vt 0.57748600 0.30327300
vt 0.58955600 0.33046000
vt 0.58955600 0.33046000
vt 0.57816000 0.29579200
vt 0.58955600 0.33046000
vt 0.57816000 0.29579200
vt 0.52574200 0.33258800
vt 0.57455400 0.29922100
vt 0.57455400 0.29922100
vt 0.52574200 0.33258800
vt 0.52574200 0.33258800
vt 0.52806500 0.33258800
vt 0.58699100 0.33046000
vt 0.57673600 0.29776000
vt 0.52806500 0.33258800
vt 0.57673600 0.29776000
vt 0.59236800 0.27345400
vt 0.49428300 0.29845700
vt 0.34861400 0.60276700
vt 0.95160800 0.99515200
vt 0.95111700 0.99417800
vt 0.66349000 0.99572600
vt 0.03659200 0.60353200
vt 0.10789100 0.92936500
vt 0.66402400 0.99469300
vt 0.66680600 0.99515200
vt 0.04018200 0.60276700
vt 0.67538300 0.99440800
vt 0.94507600 0.99440800
vt 0.34972300 0.59567000
vt 0.33970700 0.59512000
vt 0.11828800 0.93376500
vt 0.04890900 0.45457700
vt 0.12239500 0.78686000
vt 0.12294000 0.78730700
vt 0.04611000 0.45471400
vt 0.11524600 0.93376500
vt 0.12071300 0.78764100
vt 0.59795000 0.26018900
vt 0.51468600 0.33258800
vt 0.56416900 0.29776000
vt 0.51700900 0.33258800
vt 0.51700900 0.33258800
vt 0.51700900 0.33258800
vt 0.56635200 0.29922100
vt 0.56635200 0.29922100
vt 0.11990100 0.92127900
vt 0.11863200 0.92126800
vt 0.48687800 0.34033300
vt 0.58136400 0.30739100
vt 0.63848900 0.26217000
vt 0.48687800 0.36315100
vt 0.51962100 0.26700900
vt 0.58136400 0.33021000
vt 0.48687800 0.31751300
vt 0.63848900 0.28457200
vt 0.12964300 0.77727200
vt 0.12129900 0.91992100
vt 0.12610100 0.77628600
vt 0.01110200 0.89742000
vt 0.12668200 0.77675900
vt 0.11782800 0.91992100
vt 0.01039900 0.89708600
vt 0.12638300 0.77694500
vt 0.33917200 0.21709800
vt 0.10273700 0.93193200
vt 0.33984100 0.21866000
vt 0.56704200 0.39801700
vt 0.33831000 0.21126200
vt 0.04109000 0.59467500
vt 0.04936500 0.56051600
vt 0.04582400 0.55953000
vt 0.01109500 0.78764100
vt 0.04640500 0.56000400
vt 0.01039100 0.78730700
vt 0.03762100 0.59467500
vt 0.04610600 0.56018900
vt 0.56274500 0.27244500
vt 0.56274500 0.27244500
vt 0.56488700 0.25829900
vt 0.56488700 0.25829900
vt 0.56488700 0.25829900
vt 0.56488700 0.25829900
vt 0.56274500 0.27244500
vt 0.56274500 0.26796800
vt 0.55905400 0.25829900
vt 0.56274500 0.26796800
vt 0.55905400 0.25829900
vt 0.55905400 0.25829900
vt 0.56197000 0.25829900
vt 0.56197000 0.25829900
vt 0.56225100 0.27020600
vt 0.56225100 0.27020600
vt 0.56197000 0.25829900
vt 0.57413500 0.24351600
vt 0.57413500 0.24351600
vt 0.56635200 0.26453900
vt 0.57413500 0.24351600
vt 0.56416900 0.26600000
vt 0.55648900 0.25829900
vt 0.57181100 0.24351600
vt 0.56416900 0.26600000
vt 0.56801000 0.25915400
vt 0.56801000 0.25915400
vt 0.56801000 0.25915400
vt 0.56801000 0.25915400
vt 0.51413000 0.36491900
vt 0.57455400 0.26453900
vt 0.57455400 0.26453900
vt 0.58286700 0.24351600
vt 0.58286700 0.24351600
vt 0.58286700 0.24351600
vt 0.57187700 0.26376100
vt 0.57187700 0.26376100
vt 0.58001700 0.24351600
vt 0.58001700 0.24351600
vt 0.34827000 0.59794200
vt 0.34752600 0.59955600
vt 0.41976600 0.78323800
vt 0.01773500 0.67657000
vt 0.01790200 0.67581300
vt 0.42057400 0.78329300
vt 0.12955000 0.78452200
vt 0.13257400 0.78451500
vt 0.13266400 0.78512000
vt 0.33984100 0.00476400
vt 0.11973200 0.78564600
vt 0.12028700 0.78492700
vt 0.11902500 0.78397700
vt 0.11943200 0.78310400
vt 0.65571000 0.21884500
vt 0.65762200 0.21663600
vt 0.11974000 0.89542400
vt 0.12029500 0.89470500
vt 0.11944000 0.89288200
vt 0.11903300 0.89375500
vt 0.64135600 0.21758900
vt 0.57291200 0.39433300
vt 0.58519000 0.24351600
vt 0.57673600 0.26600000
vt 0.58654100 0.33993200
vt 0.58654100 0.33993200
vt 0.00649700 0.91016300
vt 0.65215100 0.88876900
vt 0.00613300 0.91017000
vt 0.11934100 0.89792400
vt 0.11043500 0.67345900
vt 0.12548500 0.67484900
vt 0.11132900 0.67348400
vt 0.12027100 0.89780500
vt 0.12566500 0.67397800
vt 0.12629700 0.67276700
vt 0.12608300 0.67352200
vt 0.01445100 0.89541300
vt 0.01445400 0.89608100
vt 0.01444700 0.78630200
vt 0.01443400 0.78485900
vt 0.12744700 0.93127200
vt 0.42002000 0.88603600
vt 0.43204000 0.92878000
vt 0.42044400 0.88539400
vt 0.10204700 0.67605300
vt 0.42105100 0.88657300
vt 0.04520800 0.45809400
vt 0.11517200 0.67345900
vt 0.11933400 0.78814600
vt 0.04538800 0.45722300
vt 0.11606600 0.67348400
vt 0.12026300 0.78802700
vt 0.04602000 0.45601200
vt 0.04580600 0.45676700
vt 0.57865500 0.29355300
vt 0.59247200 0.33046000
vt 0.59247200 0.33046000
vt 0.57865500 0.29355300
vt 0.59247200 0.33046000
vt 0.58122800 0.28633900
vt 0.52820200 0.34210000
vt 0.60047800 0.25155000
vt 0.58122800 0.28633900
vt 0.03146900 0.00303800
vt 0.66299500 0.66590500
vt 0.66299500 0.66590500
vt 0.03146900 0.00303800
vt 0.66299500 0.66590500
vt 0.03146900 0.00303800
vt 0.03146900 0.00303800
vt 0.02962400 0.00488300
vt 0.02962400 0.00488300
vt 0.74447500 0.67563200
vt 0.02962400 0.00488300
vt 0.74447500 0.67563200
vt 0.95716200 0.44464200
vt 0.95716200 0.44464200
vt 0.64802200 0.88265300
vt 0.95716200 0.44464200
vt 0.64802200 0.88265300
vt 0.95534200 0.45633100
vt 0.95531700 0.44648700
vt 0.95534200 0.45633100
vt 0.95531700 0.44648700
vt 0.95531700 0.44648700
vt 0.95534200 0.45633100
vt 0.10787800 0.93132800
vt 0.11332900 0.91295800
vt 0.11346100 0.91162000
vt 0.43243600 0.92036600
vt 0.11414000 0.91217300
vt 0.43129600 0.92218700
vt 0.55289000 0.89173600
vt 0.11120600 0.67038500
vt 0.43169200 0.92090600
vt 0.11484400 0.91163000
vt 0.43220500 0.92153500
vt 0.11416000 0.91099700
vt 0.55341500 0.89065500
vt 0.32561200 0.00488300
vt 0.32561200 0.00488300
vt 0.64802200 0.67309400
vt 0.64802200 0.67309400
vt 0.64802200 0.67309400
vt 0.64802200 0.67309400
vt 0.95718700 0.66406000
vt 0.64986700 0.67493900
vt 0.95718700 0.66406000
vt 0.64986700 0.67493900
vt 0.64986700 0.67493900
vt 0.66117400 0.44464200
vt 0.66117400 0.44464200
vt 0.74447500 0.88519100
vt 0.74447500 0.88519100
vt 0.74447500 0.88519100
vt 0.74447500 0.88519100
vt 0.74263000 0.88334600
vt 0.74263000 0.88334600
vt 0.74263000 0.88334600
vt 0.66115000 0.45817600
vt 0.66115000 0.45817600
vt 0.00577600 0.91295800
vt 0.42279900 0.67496200
vt 0.00621800 0.91319700
vt 0.11847200 0.92896500
vt 0.00540000 0.91319200
vt 0.42235300 0.67420000
vt 0.42058300 0.67257900
vt 0.11607900 0.92935100
vt 0.11765500 0.92889800
vt 0.42187800 0.67357200
vt 0.42180000 0.67403600
vt 0.50413100 0.32128700
vt 0.51019300 0.32128700
vt 0.50802500 0.32615300
vt 0.60803100 0.30379400
vt 0.55090500 0.32661300
vt 0.50413100 0.34410600
vt 0.51019300 0.34410600
vt 0.50802500 0.34897200
vt 0.55090500 0.34943200
vt 0.50413100 0.36692500
vt 0.51019300 0.36692500
vt 0.50802500 0.37179100
vt 0.52410500 0.34410600
vt 0.52862600 0.34410600
vt 0.50384000 0.34033300
vt 0.52708800 0.34897200
vt 0.50538700 0.33544000
vt 0.56929900 0.32466200
vt 0.63835500 0.25366400
vt 0.50384000 0.36315100
vt 0.64287700 0.25366400
vt 0.64133900 0.25853000
vt 0.50538700 0.35825900
vt 0.62642400 0.27944100
vt 0.62642400 0.30184300
vt 0.52410500 0.32128700
vt 0.50384000 0.31751300
vt 0.52862600 0.32128700
vt 0.52708800 0.32615300
vt 0.50538700 0.31262100
vt 0.56929900 0.34748100
vt 0.52410500 0.36692500
vt 0.52862600 0.36692500
vt 0.53658300 0.26700900
vt 0.52708800 0.37179100
vt 0.53813000 0.26211700
vt 0.61387400 0.25366400
vt 0.60803100 0.28139200
vt 0.49765600 0.27120400
vt 0.48506800 0.34410600
vt 0.48983300 0.34410600
vt 0.48805100 0.34897200
vt 0.53524300 0.31867500
vt 0.48506800 0.36692500
vt 0.49765600 0.28937300
vt 0.48983300 0.36692500
vt 0.48805100 0.37179100
vt 0.53524300 0.34149400
vt 0.49765600 0.28028800
vt 0.48506800 0.32128700
vt 0.48983300 0.32128700
vt 0.48805100 0.32615300
vt 0.59236800 0.29585600
vt 0.42915900 0.92157900
vt 0.42625600 0.92235700
vt 0.42929400 0.91992100
vt 0.41892600 0.77716300
vt 0.36227100 0.38734100
vt 0.95703700 0.21663600
vt 0.48353000 0.34897200
vt 0.49611200 0.27609100
vt 0.59391200 0.31321100
vt 0.49611200 0.28517600
vt 0.48353000 0.32615300
vt 0.53678700 0.35885000
vt 0.49611200 0.30334400
vt 0.59778000 0.25853000
vt 0.59391200 0.35885000
vt 0.49611200 0.29426000
vt 0.48353000 0.37179100
vt 0.59391200 0.33603000
vt 0.61030400 0.30638200
vt 0.50196400 0.34897200
vt 0.50196400 0.32615300
vt 0.55317800 0.35202000
vt 0.50196400 0.37179100
vt 0.61030300 0.32920100
vt 0.61030400 0.35202000
vt 0.61621400 0.25853000
vt 0.63657300 0.25853000
vt 0.62836200 0.35519400
vt 0.62836200 0.30955600
vt 0.52232300 0.34897200
vt 0.52232300 0.37179100
vt 0.62836200 0.33237500
vt 0.57123700 0.35519400
vt 0.52232300 0.32615300
vt 0.01319100 0.89663900
vt 0.12567000 0.77421000
vt 0.01333000 0.89780500
vt 0.12544100 0.77419800
vt 0.42128400 0.78569100
vt 0.95690400 0.89540000
vt 0.01318400 0.78686000
vt 0.04539300 0.55745400
vt 0.04516400 0.55744200
vt 0.01332200 0.78802700
vt 0.12952800 0.88500400
vt 0.13265500 0.88471100
vt 0.13231000 0.88546200
vt 0.12045900 0.92801400
vt 0.13269300 0.88448800
vt 0.12966200 0.88446300
vt 0.12966200 0.78566700
vt 0.11861800 0.93127900
vt 0.42180000 0.77417700
vt 0.11265000 0.91319400
vt 0.42265000 0.77423700
vt 0.11654400 0.66947600
vt 0.01328300 0.92049500
vt 0.01284500 0.92127900
vt 0.01226100 0.92194500
vt 0.01333800 0.92193900
vt 0.01286700 0.92249900
vt 0.53337000 0.24179200
vt 0.51405900 0.25118600
vt 0.66715900 0.89481000
vt 0.66718900 0.99417800
vt 0.66718900 0.89535300
vt 0.66115000 0.66406000
vt 0.74263000 0.67747700
vt 0.66115000 0.66406000
vt 0.74263000 0.67747700
vt 0.66115000 0.66406000
vt 0.32376700 0.00303800
vt 0.95534200 0.66590500
vt 0.95534200 0.66590500
vt 0.32376700 0.00303800
vt 0.95534200 0.66590500
vt 0.95718700 0.45817600
vt 0.95718700 0.45817600
vt 0.95718700 0.45817600
vt 0.64986700 0.88080800
vt 0.64986700 0.88080800
vt 0.66299500 0.45633100
vt 0.66301900 0.44648700
vt 0.66301900 0.44648700
vt 0.66299500 0.45633100
vt 0.66299500 0.45633100
vt 0.57739200 0.42010800
vt 0.11041600 0.67661900
vt 0.57781500 0.41894500
vt 0.10917800 0.67661900
vt 0.10917800 0.67435200
vt 0.57079700 0.43500600
vt 0.65959100 0.94341900
vt 0.65755700 0.94192800
vt 0.65228100 0.94341900
vt 0.64291900 0.94935000
vt 0.64741400 0.95694800
vt 0.65528600 0.95597100
vt 0.64741400 0.94382800
vt 0.64797600 0.95597100
vt 0.57122000 0.43616900
vt 0.11041600 0.67435200
vt 0.57552500 0.41497800
vt 0.65239100 0.89588600
vt 0.95493900 0.99508400
vt 0.95554600 0.99626300
vt 0.09798000 0.67605300
vt 0.34024500 0.45678200
vt 0.34094000 0.45801500
vt 0.33869900 0.45750900
vt 0.01036700 0.78492700
vt 0.03793500 0.59704900
vt 0.01998300 0.93119500
vt 0.02044500 0.93046000
vt 0.02072400 0.93078500
vt 0.01099900 0.78424800
vt 0.04141300 0.59711000
vt 0.34591100 0.59710900
vt 0.33908800 0.59799600
vt 0.34093800 0.55883700
vt 0.11226600 0.92920800
vt 0.34019400 0.55866200
vt 0.58451900 0.27020600
vt 0.58451900 0.27020600
vt 0.58451900 0.27020600
vt 0.52836900 0.26013800
vt 0.52820200 0.31011200
vt 0.58122800 0.27742000
vt 0.53776800 0.26013800
vt 0.62838000 0.25165800
vt 0.52421800 0.35575100
vt 0.13269300 0.78566200
vt 0.00513800 0.91023100
vt 0.09970000 0.67302600
vt 0.65304400 0.88898200
vt 0.35543000 0.60751300
vt 0.00363600 0.91163000
vt 0.35375900 0.60749800
vt 0.03795600 0.60806300
vt 0.03797000 0.60749500
vt 0.03808800 0.60681700
vt 0.03834100 0.60603100
vt 0.10376700 0.67302600
vt 0.11743600 0.66968800
vt 0.01228700 0.92055700
vt 0.41074400 0.88502800
vt 0.14088800 0.88471800
vt 0.41058100 0.88471800
vt 0.56996700 0.39733000
vt 0.33917100 0.21417300
vt 0.35145200 0.60806300
vt 0.35132400 0.60851900
vt 0.41744000 0.67133200
vt 0.35099000 0.60603200
vt 0.35131900 0.60681800
vt 0.42047200 0.77431500
vt 0.12610800 0.77433000
vt 0.11099400 0.92864200
vt 0.12047800 0.92328400
vt 0.34237200 0.55748100
vt 0.11979900 0.92352000
vt 0.12061000 0.92194500
vt 0.12129000 0.92249900
vt 0.35208900 0.59512000
vt 0.11976700 0.89381000
vt 0.12077900 0.89333300
vt 0.10405100 0.67451500
vt 0.01094500 0.92066600
vt 0.10319600 0.67542200
vt 0.42102700 0.88731400
vt 0.43313000 0.93042900
vt 0.10290200 0.67654900
vt 0.12077100 0.78355500
vt 0.11975900 0.78403100
vt 0.09998400 0.67451500
vt 0.00379600 0.91034000
vt 0.09912900 0.67542200
vt 0.43126800 0.93127900
vt 0.43159700 0.93206500
vt 0.43173000 0.93331100
vt 0.33716200 0.45457700
vt 0.43160200 0.93376600
vt 0.54271200 0.26764800
vt 0.54451000 0.25389600
vt 0.56926300 0.26640200
vt 0.54451000 0.25389600
vt 0.54451000 0.25389600
vt 0.54271200 0.26764800
vt 0.57187700 0.27665100
vt 0.55028600 0.25484800
vt 0.57187700 0.27665100
vt 0.55028600 0.25484800
vt 0.55308400 0.25484800
vt 0.55308400 0.25484800
vt 0.57455400 0.27587400
vt 0.52192500 0.26031700
vt 0.64106500 0.34615700
vt 0.52521600 0.26103300
vt 0.63959600 0.34214300
vt 0.52729900 0.26031700
vt 0.63885600 0.34235300
vt 0.58394000 0.36897600
vt 0.48918200 0.31082100
vt 0.49247300 0.31153700
vt 0.49455700 0.31082100
vt 0.58247000 0.36496300
vt 0.58173100 0.36517200
vt 0.48918200 0.35646000
vt 0.64106500 0.36897600
vt 0.49247300 0.35717500
vt 0.63959600 0.36496300
vt 0.49455700 0.35646000
vt 0.63885600 0.36517200
vt 0.48918200 0.33364000
vt 0.64106500 0.32333800
vt 0.49247300 0.33435600
vt 0.63959600 0.31932400
vt 0.49455700 0.33364000
vt 0.63885600 0.31953400
vt 0.00621200 0.91295800
vt 0.00658800 0.91295800
vt 0.66715100 0.99440100
vt 0.66415800 0.99415300
vt 0.66415800 0.89535700
vt 0.95141100 0.89356100
vt 0.42484900 0.92555400
vt 0.95399700 0.89357500
vt 0.95383800 0.89421300
vt 0.95123500 0.89420500
vt 0.95114600 0.89481000
vt 0.11275200 0.91095300
vt 0.11342900 0.91023100
vt 0.55427100 0.89110300
vt 0.55356500 0.89135300
vt 0.11410400 0.91029900
vt 0.64115900 0.26469500
vt 0.48918200 0.36495200
vt 0.49247300 0.36423600
vt 0.63718800 0.26091900
vt 0.63850900 0.31351200
vt 0.55030800 0.30495700
vt 0.48918200 0.34213200
vt 0.58403400 0.30991600
vt 0.49247300 0.34141700
vt 0.55030800 0.27770400
vt 0.58006300 0.30614000
vt 0.48368300 0.37334200
vt 0.58403400 0.33273500
vt 0.52192500 0.26880900
vt 0.52521600 0.26809400
vt 0.55030800 0.28678800
vt 0.55082200 0.25116000
vt 0.58006300 0.32895900
vt 0.63718800 0.28332100
vt 0.64045500 0.31351200
vt 0.55030800 0.29587200
vt 0.48918200 0.31931300
vt 0.64115900 0.28709700
vt 0.49247300 0.31859800
vt 0.95852200 0.67563200
vt 0.02962400 0.21890900
vt 0.35205100 0.23107400
vt 0.64792400 0.44053200
vt 0.43397500 0.88265300
vt 0.95716200 0.23061500
vt 0.32561200 0.21890900
vt 0.43397500 0.67309400
vt 0.64792400 0.23107400
vt 0.43397500 0.67309400
vt 0.35205100 0.44053200
vt 0.95852200 0.88519100
vt 0.66117400 0.23061500
vt 0.41674000 0.78451500
vt 0.41665100 0.78512000
vt 0.34450400 0.60030600
vt 0.41691600 0.78387000
vt 0.41950200 0.78388500
vt 0.41934300 0.78452200
vt 0.33107900 0.45507500
vt 0.04899300 0.45511200
vt 0.11296300 0.93203700
vt 0.34030500 0.45582300
vt 0.11454000 0.93158400
vt 0.34160000 0.45681600
vt 0.51468600 0.35443800
vt 0.51468600 0.35443800
vt 0.58698800 0.26018900
vt 0.56416900 0.28934700
vt 0.56902800 0.29999800
vt 0.51985900 0.33258800
vt 0.56902800 0.29999800
vt 0.51985900 0.33258800
vt 0.51985900 0.33258800
vt 0.56902800 0.29999800
vt 0.52289200 0.33258800
vt 0.57187700 0.29999800
vt 0.52289200 0.33258800
vt 0.57187700 0.29999800
vt 0.51985900 0.33161900
vt 0.57509200 0.25806900
vt 0.51985900 0.33161900
vt 0.57509200 0.25806900
vt 0.51700900 0.33161900
vt 0.57241500 0.25729200
vt 0.51700900 0.33161900
vt 0.51700900 0.33161900
vt 0.12566500 0.77496600
vt 0.01251100 0.89780500
vt 0.34620600 0.59567600
vt 0.00587200 0.91334500
vt 0.42251400 0.67464000
vt 0.42180000 0.67457900
vt 0.59246900 0.25924200
vt 0.59246900 0.25924200
vt 0.63857500 0.30983200
vt 0.56831400 0.25162400
vt 0.59246900 0.25924200
vt 0.58955200 0.25924200
vt 0.58955200 0.25924200
vt 0.56880900 0.24938600
vt 0.58955200 0.25924200
vt 0.58772800 0.33323200
vt 0.55452100 0.26421900
vt 0.58772800 0.33323200
vt 0.58772800 0.33323200
vt 0.95592500 0.00437900
vt 0.95506000 0.00365400
vt 0.11824700 0.93274300
vt 0.12337600 0.78630500
vt 0.11523100 0.93274500
vt 0.11534200 0.93207300
vt 0.12327100 0.78564600
vt 0.11836500 0.93206400
vt 0.47756500 0.34996400
vt 0.59777300 0.30617700
vt 0.47756500 0.34996400
vt 0.47756500 0.34996400
vt 0.66404600 0.89421300
vt 0.66707000 0.89420500
vt 0.42304800 0.91490900
vt 0.58772800 0.33993200
vt 0.58519000 0.24448500
vt 0.58519000 0.24448500
vt 0.55309700 0.25777400
vt 0.58772800 0.33788600
vt 0.55452100 0.25974200
vt 0.58772800 0.33788600
vt 0.55452100 0.25974200
vt 0.58772800 0.33788600
vt 0.01336100 0.92328400
vt 0.41948300 0.67198000
vt 0.41135700 0.67183100
vt 0.12927000 0.67186800
vt 0.03926700 0.60423600
vt 0.42304800 0.91168900
vt 0.11813900 0.91168900
vt 0.11148200 0.91094200
vt 0.47776400 0.27920500
vt 0.58626100 0.28431900
vt 0.55763900 0.25705400
vt 0.48146700 0.27849000
vt 0.58657500 0.28709700
vt 0.50285500 0.29587200
vt 0.59054600 0.28332100
vt 0.56179700 0.25609500
vt 0.47776400 0.27012000
vt 0.52913600 0.30713800
vt 0.58813700 0.25894400
vt 0.48146700 0.26940600
vt 0.52945000 0.30991600
vt 0.53342100 0.30614000
vt 0.59229600 0.25798500
vt 0.50285500 0.27770400
vt 0.57120300 0.27409000
vt 0.52913600 0.32995700
vt 0.47776400 0.28828900
vt 0.52945000 0.33273500
vt 0.48146700 0.28757400
vt 0.57536200 0.27313100
vt 0.53342100 0.32895900
vt 0.50285500 0.28678800
vt 0.58626100 0.26191700
vt 0.57120300 0.29743700
vt 0.47776400 0.29737300
vt 0.48146700 0.29665900
vt 0.58657500 0.26469500
vt 0.50285500 0.30495700
vt 0.59054600 0.26091900
vt 0.57536200 0.29647800
vt 0.65571000 0.00365400
vt 0.65762200 0.21961800
vt 0.95259000 0.21961800
vt 0.42655100 0.92092300
vt 0.42004900 0.92036600
vt 0.34175500 0.00399100
vt 0.95506000 0.21884500
vt 0.63690600 0.00399100
vt 0.64514700 0.95795700
vt 0.65335300 0.94949700
vt 0.65469700 0.94304200
vt 0.66200700 0.94304200
vt 0.64514700 0.94483700
vt 0.66066300 0.94949700
vt 0.64984400 0.95084100
vt 0.65977000 0.94192800
vt 0.65715300 0.95084100
vt 0.64513300 0.94935000
vt 0.57308800 0.43103900
vt 0.65239100 0.89367200
vt 0.57308800 0.42167400
vt 0.64422300 0.89367200
vt 0.11440400 0.67435200
vt 0.57079700 0.41770700
vt 0.57079700 0.41894500
vt 0.11572200 0.67435200
vt 0.01129500 0.89708600
vt 0.01016600 0.89663900
vt 0.11782800 0.92036700
vt 0.01326300 0.89765500
vt 0.01325600 0.78787600
vt 0.01128700 0.78730700
vt 0.03762100 0.59512000
vt 0.01015800 0.78686000
vt 0.12605300 0.67257900
vt 0.12176400 0.89742000
vt 0.13209700 0.78321000
vt 0.04250400 0.59967000
vt 0.13239500 0.78387100
vt 0.01441700 0.78397700
vt 0.12133100 0.92092300
vt 0.11814600 0.92036700
vt 0.12668200 0.77716300
vt 0.11814600 0.91992100
vt 0.01251400 0.89470500
vt 0.01193700 0.89402700
vt 0.01442500 0.89375500
vt 0.95388900 0.99469300
vt 0.95116600 0.99440100
vt 0.50924300 0.35575100
vt 0.61927600 0.24259800
vt 0.64245300 0.25165800
vt 0.50924300 0.33293100
vt 0.51413000 0.31928100
vt 0.54741700 0.25877600
vt 0.56952300 0.29625200
vt 0.57467700 0.29878300
vt 0.54741700 0.25877600
vt 0.42269600 0.77314800
vt 0.10635400 0.93207400
vt 0.42251400 0.77416600
vt 0.11707200 0.93079700
vt 0.11847000 0.92233700
vt 0.11817900 0.92092100
vt 0.03793900 0.59512000
vt 0.03793900 0.59467500
vt 0.04640500 0.56040700
vt 0.34160200 0.55641700
vt 0.34160200 0.45838300
vt 0.34894800 0.59512000
vt 0.34894800 0.59467400
vt 0.33864800 0.56040700
vt 0.58635600 0.32610600
vt 0.57049200 0.26451800
vt 0.47776400 0.27717500
vt 0.48146700 0.27788900
vt 0.58666900 0.32333800
vt 0.47776400 0.28625900
vt 0.55780400 0.25451900
vt 0.52923100 0.37174500
vt 0.48146700 0.28697400
vt 0.52954400 0.36897600
vt 0.47776400 0.30442800
vt 0.58635600 0.37174500
vt 0.57049200 0.28786500
vt 0.48146700 0.30514200
vt 0.58666900 0.36897600
vt 0.58635600 0.34892600
vt 0.47776400 0.29534300
vt 0.58830200 0.25640900
vt 0.48146700 0.29605800
vt 0.58666900 0.34615700
vt 0.01703300 0.67583500
vt 0.34788000 0.59879600
vt 0.57006100 0.39488000
vt 0.64135600 0.21473900
vt 0.03858700 0.59794200
vt 0.02024600 0.93016500
vt 0.03826300 0.59708900
vt 0.01972400 0.93093300
vt 0.03797100 0.59567400
vt 0.11342100 0.67038500
vt 0.01728300 0.67244400
vt 0.35094900 0.59694000
vt 0.35134500 0.59565900
vt 0.12199300 0.92195600
vt 0.35055400 0.59566300
vt 0.35044200 0.59628800
vt 0.14076700 0.88502800
vt 0.11954400 0.92948400
vt 0.42787200 0.92480500
vt 0.55334300 0.89586700
vt 0.95426100 0.89292800
vt 0.42822600 0.92404300
vt 0.55264000 0.89513100
vt 0.11941800 0.78788000
vt 0.11924300 0.78804300
vt 0.04510800 0.45817900
vt 0.04510800 0.55645400
vt 0.01437700 0.78804300
vt 0.01123300 0.89481400
vt 0.01250600 0.78492700
vt 0.01122500 0.78503500
vt 0.01192900 0.78424800
vt 0.01440400 0.89765900
vt 0.11942600 0.89765800
vt 0.12538500 0.67493400
vt 0.11925100 0.89782100
vt 0.42929400 0.92036600
vt 0.57530000 0.27100600
vt 0.57530000 0.27100600
vt 0.57530000 0.27100600
vt 0.58408400 0.35607600
vt 0.57530000 0.27293500
vt 0.58334700 0.35795100
vt 0.47756500 0.32783700
vt 0.47756500 0.32783700
vt 0.57527300 0.29170300
vt 0.57527300 0.29170300
vt 0.57527300 0.29170300
vt 0.58497100 0.35610400
vt 0.56949700 0.27100600
vt 0.54685300 0.26328900
vt 0.56949700 0.27100600
vt 0.54610000 0.26198100
vt 0.56949700 0.26967500
vt 0.56949700 0.26967500
vt 0.42238000 0.78458300
vt 0.04679100 0.60749500
vt 0.34517600 0.60749500
vt 0.35146200 0.60749600
vt 0.41892600 0.77675900
vt 0.41892600 0.77623600
vt 0.66140000 0.44626100
vt 0.66137500 0.45655600
vt 0.66140000 0.44626100
vt 0.74285500 0.88496600
vt 0.66137500 0.45655600
vt 0.32538700 0.00326300
vt 0.95696200 0.66567900
vt 0.32538700 0.00326300
vt 0.64964100 0.67331900
vt 0.95696200 0.66567900
vt 0.12175600 0.78764100
vt 0.04577600 0.45582300
vt 0.58366900 0.30788900
vt 0.48647700 0.34213200
vt 0.47969200 0.37200600
vt 0.48547600 0.34141700
vt 0.58434800 0.30713800
vt 0.48050300 0.37280000
vt 0.55385200 0.27702000
vt 0.58354600 0.30637600
vt 0.47919800 0.37344400
vt 0.55455900 0.27598400
vt 0.48410700 0.34033300
vt 0.64147300 0.26191700
vt 0.64018400 0.31032700
vt 0.48547600 0.36423600
vt 0.55385200 0.30427300
vt 0.63918900 0.31097500
vt 0.64067200 0.26115500
vt 0.63838200 0.30993300
vt 0.48410700 0.36315100
vt 0.55455900 0.30323700
vt 0.64079400 0.26266800
vt 0.48647700 0.36495200
vt 0.51922000 0.26880900
vt 0.58366900 0.33070800
vt 0.51821800 0.26809400
vt 0.55481400 0.25249600
vt 0.58434800 0.32995700
vt 0.55400300 0.25170200
vt 0.55385200 0.28610400
vt 0.58354600 0.32919500
vt 0.55530700 0.25105800
vt 0.55455900 0.28506800
vt 0.51684900 0.26700900
vt 0.48647700 0.31931300
vt 0.64079400 0.28507000
vt 0.64147300 0.28431900
vt 0.48547600 0.31859800
vt 0.64212800 0.31032700
vt 0.55385200 0.29518900
vt 0.64113400 0.31097500
vt 0.64067200 0.28355700
vt 0.48410700 0.31751300
vt 0.55455900 0.29415200
vt 0.64032700 0.30993300
vt 0.95687500 0.89427300
vt 0.51239800 0.32794300
vt 0.56268900 0.35171900
vt 0.51248100 0.32723100
vt 0.52008400 0.32723100
vt 0.51012400 0.32723100
vt 0.51001600 0.32794300
vt 0.56044800 0.35140400
vt 0.55303600 0.35140400
vt 0.50214100 0.32794300
vt 0.61981400 0.32890000
vt 0.51239800 0.37358100
vt 0.51248100 0.37287000
vt 0.52008400 0.37287000
vt 0.51012400 0.37287000
vt 0.51001600 0.37358100
vt 0.61757300 0.32858500
vt 0.61016100 0.32858500
vt 0.50214100 0.37358100
vt 0.62437400 0.25960800
vt 0.62426600 0.26032000
vt 0.61757300 0.35140400
vt 0.61016100 0.35140400
vt 0.61639100 0.26032000
vt 0.62664700 0.26032000
vt 0.61981400 0.35171900
vt 0.62673100 0.25960800
vt 0.63433500 0.25960800
vt 0.51012400 0.35005000
vt 0.61757300 0.30576600
vt 0.51001600 0.35076200
vt 0.50214100 0.35076200
vt 0.61016100 0.30576600
vt 0.51239800 0.35076200
vt 0.61981400 0.30608100
vt 0.51248100 0.35005000
vt 0.52008400 0.35005000
vt 0.60660900 0.26032000
vt 0.60095600 0.35374200
vt 0.60632300 0.25960800
vt 0.61392600 0.25960800
vt 0.60424900 0.25960800
vt 0.63815300 0.32841800
vt 0.63912800 0.32850800
vt 0.60451400 0.26032000
vt 0.59898500 0.35465000
vt 0.59330700 0.35845100
vt 0.63904300 0.33438800
vt 0.49235800 0.37358100
vt 0.60095600 0.33092300
vt 0.49207200 0.37287000
vt 0.49967500 0.37287000
vt 0.48999900 0.37287000
vt 0.63950000 0.32841800
vt 0.64047500 0.32850800
vt 0.49026400 0.37358100
vt 0.59898500 0.33183000
vt 0.59330700 0.33563100
vt 0.64038900 0.33438800
vt 0.48999900 0.35005000
vt 0.58798300 0.35197600
vt 0.58809600 0.35119800
vt 0.59898500 0.30901100
vt 0.49026400 0.35076200
vt 0.59330700 0.31281200
vt 0.59546600 0.35126600
vt 0.60095600 0.30810300
vt 0.49235800 0.35076200
vt 0.49207200 0.35005000
vt 0.49967500 0.35005000
vt 0.64103700 0.35123700
vt 0.48999900 0.32723100
vt 0.54186000 0.35465000
vt 0.49026400 0.32794300
vt 0.64201200 0.35132700
vt 0.64192700 0.35720700
vt 0.53618200 0.35845100
vt 0.49235800 0.32794300
vt 0.54383100 0.35374200
vt 0.49207200 0.32723100
vt 0.49967500 0.32723100
vt 0.01250300 0.78802700
vt 0.04538800 0.55821000
vt 0.34881200 0.59633200
vt 0.34961700 0.59631500
vt 0.59737600 0.30582500
vt 0.50859900 0.26399800
vt 0.47756500 0.34958800
vt 0.50859900 0.26399800
vt 0.50859900 0.26399800
vt 0.59501400 0.30549300
vt 0.51099400 0.26399800
vt 0.51099400 0.26399800
vt 0.51099400 0.26399800
vt 0.51099400 0.26858600
vt 0.51099400 0.26858600
vt 0.51099400 0.26858600
vt 0.57744500 0.25293200
vt 0.57744500 0.25293200
vt 0.50249100 0.35158900
vt 0.50249100 0.35158900
vt 0.50249100 0.35158900
vt 0.59497900 0.30620100
vt 0.47756500 0.35065600
vt 0.50490800 0.35158900
vt 0.59732800 0.30678900
vt 0.47756500 0.35065600
vt 0.48387700 0.35065600
vt 0.50490800 0.35621900
vt 0.57591200 0.25482900
vt 0.57591200 0.25482900
vt 0.48475500 0.27920500
vt 0.58805000 0.29112500
vt 0.48683700 0.27849000
vt 0.58879200 0.29091400
vt 0.48475500 0.27012000
vt 0.48683700 0.26940600
vt 0.53092400 0.31394400
vt 0.53166700 0.31373300
vt 0.48475500 0.29737300
vt 0.58805000 0.26872300
vt 0.48683700 0.29665900
vt 0.58879200 0.26851200
vt 0.53092400 0.33676300
vt 0.48683700 0.28757400
vt 0.53166700 0.33655200
vt 0.48475500 0.28828900
vt 0.01292500 0.92328400
vt 0.01336700 0.92352300
vt 0.34252100 0.45820700
vt 0.01372800 0.92352400
vt 0.34257100 0.45854400
vt 0.43173900 0.93274300
vt 0.50141400 0.31082100
vt 0.58743600 0.30854200
vt 0.57876500 0.35984200
vt 0.50178000 0.31153700
vt 0.58645500 0.30851800
vt 0.49473500 0.31153700
vt 0.58636200 0.31028400
vt 0.50362300 0.31153700
vt 0.52835500 0.32723100
vt 0.57730200 0.35845100
vt 0.58734200 0.31032600
vt 0.58770200 0.31620000
vt 0.52189200 0.32794300
vt 0.57162400 0.35465000
vt 0.59020000 0.30802000
vt 0.53636600 0.26103300
vt 0.52835500 0.37287000
vt 0.59025300 0.30723900
vt 0.63442700 0.33563100
vt 0.59761500 0.30695100
vt 0.52189200 0.37358100
vt 0.62874900 0.33183000
vt 0.63589000 0.33702200
vt 0.58801700 0.30716300
vt 0.53415700 0.26031700
vt 0.53452300 0.26103300
vt 0.58798700 0.30794600
vt 0.52747800 0.26103300
vt 0.63589000 0.31420300
vt 0.53089200 0.35133900
vt 0.50141400 0.33364000
vt 0.53086200 0.35212200
vt 0.50178000 0.33435600
vt 0.49473500 0.33435600
vt 0.53307500 0.35219600
vt 0.52835500 0.35005000
vt 0.50362300 0.33435600
vt 0.53312800 0.35141400
vt 0.63442700 0.31281200
vt 0.54049000 0.35112700
vt 0.52189200 0.35076200
vt 0.62874900 0.30901100
vt 0.52923700 0.35592200
vt 0.50362300 0.35717500
vt 0.64260600 0.25960800
vt 0.53021600 0.35596400
vt 0.63442700 0.35845100
vt 0.53057700 0.36183800
vt 0.63614200 0.26032000
vt 0.62874900 0.35465000
vt 0.63589000 0.35984200
vt 0.50141400 0.35646000
vt 0.53031100 0.35418000
vt 0.52933000 0.35415600
vt 0.50178000 0.35717500
vt 0.49473500 0.35717500
vt 0.57655600 0.25293200
vt 0.50249100 0.35621900
vt 0.57655600 0.25293200
vt 0.50249100 0.35621900
vt 0.33864900 0.55948100
vt 0.33864800 0.56000400
vt 0.48547600 0.33435600
vt 0.64137800 0.32610600
vt 0.58482700 0.26125100
vt 0.55512200 0.27130900
vt 0.48480700 0.33544000
vt 0.58347600 0.26182200
vt 0.48480700 0.35825900
vt 0.56547900 0.27112400
vt 0.55512200 0.29856200
vt 0.64137800 0.37174500
vt 0.56619500 0.27220200
vt 0.48547600 0.35717500
vt 0.55512200 0.28947800
vt 0.48480700 0.31262100
vt 0.55744800 0.28089600
vt 0.58425300 0.37174500
vt 0.55880000 0.28032500
vt 0.48547600 0.31153700
vt 0.51755000 0.26211700
vt 0.56547900 0.27254400
vt 0.55512200 0.28039300
vt 0.51821800 0.26103300
vt 0.56619500 0.27362200
vt 0.64137800 0.34892600
vt 0.56926300 0.28974900
vt 0.56197000 0.25735200
vt 0.53861100 0.26198100
vt 0.56197000 0.25735200
vt 0.56197000 0.25735200
vt 0.56926300 0.29422500
vt 0.56745100 0.25735200
vt 0.56745100 0.25735200
vt 0.54052900 0.26618700
vt 0.54222900 0.25389600
vt 0.55230500 0.89229300
vt 0.43056400 0.92222800
vt 0.01817700 0.67394200
vt 0.42226400 0.78344000
vt 0.34867300 0.59865300
vt 0.01724700 0.67517700
vt 0.11794900 0.67297700
vt 0.11879400 0.92319000
vt 0.11800000 0.93075700
vt 0.11046600 0.67016800
vt 0.11917500 0.92404400
vt 0.11902300 0.93077100
vt 0.01155700 0.92132200
vt 0.10463800 0.67349900
vt 0.10311200 0.67407800
vt 0.11794900 0.67091400
vt 0.10057100 0.67349900
vt 0.00440700 0.91099700
vt 0.09904500 0.67407800
vt 0.65355700 0.89020700
vt 0.54823800 0.26842600
vt 0.55028600 0.25389600
vt 0.56926300 0.27087800
vt 0.55028600 0.25389600
vt 0.11823300 0.93331000
vt 0.58280000 0.25583100
vt 0.58699100 0.32951400
vt 0.58699100 0.32951400
vt 0.58280000 0.25583100
vt 0.52806500 0.33161900
vt 0.52574200 0.35540700
vt 0.52574200 0.35540700
vt 0.58061800 0.24595600
vt 0.58061800 0.24595600
vt 0.58280000 0.24741700
vt 0.52806500 0.35540700
vt 0.52806500 0.35540700
vt 0.59795300 0.32951400
vt 0.33831000 0.21473900
vt 0.57053500 0.39825200
vt 0.58262600 0.37021100
vt 0.55897300 0.27869000
vt 0.58241300 0.37210200
vt 0.58299000 0.36822600
vt 0.64011500 0.32258700
vt 0.63975200 0.32457300
vt 0.58500000 0.25961600
vt 0.63953900 0.32646400
vt 0.63975200 0.34739200
vt 0.56824400 0.27376000
vt 0.63953900 0.34928300
vt 0.64011500 0.34540700
vt 0.63975200 0.37021100
vt 0.56824400 0.27234000
vt 0.63953900 0.37210200
vt 0.64011500 0.36822600
vt 0.58703300 0.34817800
vt 0.47876500 0.29605800
vt 0.58703300 0.37099700
vt 0.47876500 0.30514200
vt 0.52990800 0.37099700
vt 0.47876500 0.28697400
vt 0.58703300 0.32535900
vt 0.47876500 0.27788900
vt 0.12142800 0.92158700
vt 0.04638400 0.45749300
vt 0.66137500 0.66567900
vt 0.02984900 0.00326300
vt 0.74285500 0.67585700
vt 0.74285500 0.67585700
vt 0.64964100 0.88242700
vt 0.95693700 0.44626100
vt 0.64964100 0.88242700
vt 0.95696200 0.45655600
vt 0.12036400 0.92351800
vt 0.34207500 0.55800800
vt 0.11090100 0.92886500
vt 0.01271300 0.89765300
vt 0.01203200 0.89742000
vt 0.01180500 0.89663900
vt 0.01270500 0.78787400
vt 0.01202400 0.78764100
vt 0.01179700 0.78686000
vt 0.33905400 0.45584900
vt 0.49455700 0.34213200
vt 0.58256000 0.31394400
vt 0.49473500 0.34141700
vt 0.50178000 0.34141700
vt 0.58752900 0.35415600
vt 0.49455700 0.31931300
vt 0.63968500 0.29112500
vt 0.49473500 0.31859800
vt 0.50178000 0.31859800
vt 0.63923600 0.35123700
vt 0.63968500 0.26872300
vt 0.49455700 0.36495200
vt 0.49473500 0.36423600
vt 0.64058200 0.35123700
vt 0.50178000 0.36423600
vt 0.58256000 0.33676300
vt 0.52729900 0.26880900
vt 0.52747800 0.26809400
vt 0.58798300 0.35233900
vt 0.53452300 0.26809400
vt 0.51001600 0.31949700
vt 0.61758600 0.30473000
vt 0.51012400 0.32020800
vt 0.50203200 0.32020800
vt 0.51248100 0.32020800
vt 0.52008400 0.32020800
vt 0.51248100 0.34302700
vt 0.52008400 0.34302700
vt 0.51001600 0.34231600
vt 0.56046000 0.32754900
vt 0.51012400 0.34302700
vt 0.50203200 0.34302700
vt 0.51001600 0.36513500
vt 0.56046000 0.35036800
vt 0.51012400 0.36584600
vt 0.50203200 0.36584600
vt 0.51248100 0.36584600
vt 0.52008400 0.36584600
vt 0.62673100 0.25258500
vt 0.63433500 0.25258500
vt 0.61758600 0.28232800
vt 0.62426600 0.25187400
vt 0.62437400 0.25258500
vt 0.61628300 0.25258500
vt 0.49207200 0.34302700
vt 0.49967500 0.34302700
vt 0.49026400 0.34231600
vt 0.54180800 0.32429300
vt 0.58180300 0.35135600
vt 0.48999900 0.34302700
vt 0.58277300 0.35123700
vt 0.58314300 0.35727200
vt 0.48380100 0.34302700
vt 0.49589500 0.27012000
vt 0.59028100 0.35297800
vt 0.57737300 0.34329700
vt 0.52835500 0.36584600
vt 0.53636600 0.26809400
vt 0.59019200 0.35219800
vt 0.59776400 0.35226800
vt 0.52215700 0.36584600
vt 0.53101100 0.35342300
vt 0.59893300 0.27907200
vt 0.60451400 0.25187400
vt 0.53086200 0.35264900
vt 0.60424900 0.25258500
vt 0.53842500 0.35235300
vt 0.49589500 0.29737300
vt 0.59805100 0.25258500
vt 0.60632300 0.25258500
vt 0.61392600 0.25258500
vt 0.63449800 0.29765900
vt 0.63843500 0.35307100
vt 0.63941200 0.35299900
vt 0.52835500 0.32020800
vt 0.50362300 0.31859800
vt 0.52215700 0.32020800
vt 0.63932500 0.35904100
vt 0.57737300 0.32047800
vt 0.58672800 0.35599000
vt 0.50362300 0.34141700
vt 0.52835500 0.34302700
vt 0.58770500 0.35591800
vt 0.58761800 0.36196000
vt 0.52215700 0.34302700
vt 0.63449800 0.27525700
vt 0.63978100 0.35307100
vt 0.64260600 0.25258500
vt 0.50362300 0.36423600
vt 0.64075900 0.35299900
vt 0.63640700 0.25258500
vt 0.64067100 0.35904100
vt 0.49207200 0.32020800
vt 0.49967500 0.32020800
vt 0.58813500 0.32937700
vt 0.59893300 0.30147300
vt 0.49026400 0.31949700
vt 0.58798700 0.32860300
vt 0.48999900 0.32020800
vt 0.49589500 0.27920500
vt 0.48380100 0.32020800
vt 0.59555100 0.32830800
vt 0.54180800 0.34711200
vt 0.49026400 0.36513500
vt 0.64076100 0.32853600
vt 0.64173200 0.32841800
vt 0.48999900 0.36584600
vt 0.49589500 0.28828900
vt 0.64210200 0.33445300
vt 0.48380100 0.36584600
vt 0.49207200 0.36584600
vt 0.49967500 0.36584600
vt 0.95470700 0.99434000
vt 0.52960700 0.36195700
vt 0.63640700 0.25960800
vt 0.63404800 0.26032000
vt 0.62677900 0.35374200
vt 0.51979800 0.35076200
vt 0.62677900 0.30810300
vt 0.54063900 0.35190100
vt 0.52215700 0.35005000
vt 0.59776400 0.30772500
vt 0.52215700 0.37287000
vt 0.51979800 0.37358100
vt 0.62677900 0.33092300
vt 0.56965300 0.35374200
vt 0.51979800 0.32794300
vt 0.58673200 0.31631900
vt 0.52215700 0.32723100
vt 0.48380100 0.35005000
vt 0.49589500 0.27717500
vt 0.59555600 0.35204600
vt 0.49405300 0.27717500
vt 0.59776400 0.35190500
vt 0.59184500 0.31420300
vt 0.59769700 0.35112400
vt 0.49368700 0.27788900
vt 0.48882700 0.27788900
vt 0.58900900 0.31783700
vt 0.49589500 0.28625900
vt 0.64094900 0.35727900
vt 0.48380100 0.32723100
vt 0.49405300 0.28625900
vt 0.64112600 0.35904100
vt 0.64210500 0.35898700
vt 0.49368700 0.28697400
vt 0.53471900 0.35984200
vt 0.53188400 0.36347500
vt 0.48882700 0.28697400
vt 0.63824200 0.33622200
vt 0.49405300 0.30442800
vt 0.59184500 0.35984200
vt 0.63922100 0.33616800
vt 0.49368700 0.30514200
vt 0.58900900 0.36347500
vt 0.48882700 0.30514200
vt 0.49589500 0.30442800
vt 0.63806600 0.33446000
vt 0.59805100 0.25960800
vt 0.49405300 0.29534300
vt 0.63958900 0.33622200
vt 0.49368700 0.29605800
vt 0.59184500 0.33702200
vt 0.64056800 0.33616800
vt 0.48882700 0.29605800
vt 0.58900900 0.34065600
vt 0.48380100 0.37287000
vt 0.49589500 0.29534300
vt 0.63941200 0.33446000
vt 0.50203200 0.35005000
vt 0.60792000 0.30608100
vt 0.49975900 0.35076200
vt 0.55079500 0.35171900
vt 0.49975900 0.32794300
vt 0.50203200 0.32723100
vt 0.61628300 0.25960800
vt 0.60792000 0.35171900
vt 0.61400900 0.26032000
vt 0.49975900 0.37358100
vt 0.60792000 0.32890000
vt 0.50203200 0.37287000
vt 0.56969800 0.32520400
vt 0.51979800 0.34231600
vt 0.62682300 0.27998300
vt 0.63404800 0.25187400
vt 0.51979800 0.31949700
vt 0.62682300 0.30238400
vt 0.56969800 0.34802300
vt 0.51979800 0.36513500
vt 0.49368700 0.29665900
vt 0.59176800 0.27386100
vt 0.54060900 0.35321100
vt 0.49405300 0.29737300
vt 0.54063900 0.35242800
vt 0.48701500 0.29737300
vt 0.49368700 0.26940600
vt 0.58206900 0.35901400
vt 0.53464300 0.31908200
vt 0.49405300 0.27012000
vt 0.58305000 0.35903800
vt 0.48701500 0.27012000
vt 0.59773400 0.32916500
vt 0.59176800 0.29626300
vt 0.49368700 0.27849000
vt 0.59776400 0.32838200
vt 0.49405300 0.27920500
vt 0.48701500 0.27920500
vt 0.64102700 0.33619500
vt 0.49368700 0.28757400
vt 0.53464300 0.34190100
vt 0.64200800 0.33621900
vt 0.49405300 0.28828900
vt 0.48701500 0.28828900
vt 0.49975900 0.31949700
vt 0.60789900 0.30441400
vt 0.55077400 0.32723300
vt 0.49975900 0.34231600
vt 0.55077400 0.35005200
vt 0.49975900 0.36513500
vt 0.61400900 0.25187400
vt 0.60789900 0.28201200
vt 0.64213300 0.30750500
vt 0.59538500 0.25640400
vt 0.59538500 0.25640400
vt 0.64213300 0.30750500
vt 0.41897700 0.67426400
vt 0.04525200 0.45770200
vt 0.11556800 0.67346000
vt 0.12552900 0.67445800
vt 0.11083100 0.67346000
vt 0.01254900 0.92351800
vt 0.34207500 0.45744400
vt 0.11535700 0.93165000
vt 0.01243000 0.92328400
vt 0.11525000 0.93142500
vt 0.48701500 0.27717500
vt 0.48475500 0.27717500
vt 0.48701500 0.28625900
vt 0.48475500 0.28625900
vt 0.48701500 0.30442800
vt 0.48475500 0.30442800
vt 0.48701500 0.29534300
vt 0.48475500 0.29534300
vt 0.55350900 0.89510800
vt 0.95506900 0.89298300
vt 0.04610900 0.55820500
vt 0.57865500 0.27020600
vt 0.58654100 0.33555900
vt 0.57865500 0.27020600
vt 0.58654100 0.33555900
vt 0.58654100 0.33555900
vt 0.57413500 0.24448500
vt 0.57413500 0.24448500
vt 0.54271200 0.25631300
vt 0.56902800 0.26376100
vt 0.57698400 0.24351600
vt 0.56902800 0.26376100
vt 0.57698400 0.24351600
vt 0.57702000 0.25405600
vt 0.57702000 0.25405600
vt 0.50957400 0.26858600
vt 0.57702000 0.25405600
vt 0.50957400 0.26858600
vt 0.64843200 0.23291900
vt 0.43397500 0.67493900
vt 0.43397500 0.67493900
vt 0.11862700 0.92193900
vt 0.01372800 0.92193900
vt 0.02231300 0.92855500
vt 0.12894600 0.78391400
vt 0.12938300 0.78388500
vt 0.35376600 0.60806300
vt 0.11429900 0.92890900
vt 0.11118300 0.93159500
vt 0.43404300 0.93331100
vt 0.12013600 0.92821600
vt 0.11686800 0.92877900
vt 0.12899400 0.88603600
vt 0.10476700 0.92935600
vt 0.10359700 0.92910000
vt 0.12163200 0.78331800
vt 0.12063200 0.92944200
vt 0.55648900 0.25735200
vt 0.54052900 0.25777400
vt 0.57181100 0.24448500
vt 0.55648900 0.25735200
vt 0.54052900 0.25777400
vt 0.43361400 0.93130000
vt 0.10392500 0.67652600
vt 0.57241500 0.24595600
vt 0.51700900 0.35540700
vt 0.51700900 0.35540700
vt 0.51700900 0.35540700
vt 0.57565200 0.38846400
vt 0.42649600 0.91582300
vt 0.57445100 0.38941200
vt 0.42764500 0.91484300
vt 0.00528000 0.91295800
vt 0.11836600 0.92874000
vt 0.10673700 0.92901700
vt 0.12164000 0.89309600
vt 0.58905800 0.25823100
vt 0.49931100 0.27702000
vt 0.52993700 0.30637600
vt 0.49931100 0.29518900
vt 0.55855900 0.25634100
vt 0.58706300 0.28355700
vt 0.49931100 0.28610400
vt 0.52993700 0.32919500
vt 0.57212400 0.27337700
vt 0.49931100 0.30427300
vt 0.58706300 0.26115500
vt 0.57212400 0.29672400
vt 0.42021200 0.88465000
vt 0.01439600 0.78788000
vt 0.35333700 0.60605200
vt 0.09985800 0.67652600
vt 0.54730800 0.25104200
vt 0.56578800 0.26857100
vt 0.54730800 0.25104200
vt 0.56578800 0.26857100
vt 0.56578800 0.29205700
vt 0.56488700 0.25451400
vt 0.56578800 0.29205700
vt 0.56488700 0.25451400
vt 0.58911400 0.25720300
vt 0.58715500 0.34968500
vt 0.49931100 0.27935700
vt 0.58715500 0.37250400
vt 0.49931100 0.29752500
vt 0.57130300 0.28865900
vt 0.57130300 0.26531200
vt 0.58715500 0.32686600
vt 0.49931100 0.27027200
vt 0.53003000 0.37250400
vt 0.55861500 0.25531300
vt 0.49931100 0.28844100
vt 0.11547100 0.91582300
vt 0.57615200 0.40469800
vt 0.57494500 0.40374500
vt 0.58410300 0.35123000
vt 0.56836500 0.29809100
vt 0.56836500 0.29809100
vt 0.11427200 0.67006300
vt 0.01751800 0.67321100
vt 0.11205800 0.67006300
vt 0.55312500 0.89250500
vt 0.11973700 0.78802700
vt 0.11555100 0.67333900
vt 0.33864900 0.55888000
vt 0.11974500 0.89780500
vt 0.11081400 0.67333900
vt 0.04121900 0.59634000
vt 0.56836500 0.27474500
vt 0.56836500 0.27474500
vt 0.58890400 0.30618600
vt 0.56836500 0.27474500
vt 0.12327400 0.89663900
vt 0.03493300 0.60806300
vt 0.42304800 0.91698300
vt 0.95259000 0.00307300
vt 0.58789300 0.28585800
vt 0.53076800 0.30867700
vt 0.53076800 0.33149600
vt 0.58789300 0.26345600
vt 0.12326600 0.78686000
vt 0.11521000 0.93331000
vt 0.48387700 0.32746100
vt 0.54663400 0.26551600
vt 0.48387700 0.32746100
vt 0.48387700 0.32746100
vt 0.47756500 0.32714500
vt 0.47756500 0.32714500
vt 0.58411300 0.35830600
vt 0.47756500 0.32714500
vt 0.65715300 0.94341900
vt 0.65755700 0.93939500
vt 0.64514700 0.94472300
vt 0.65335300 0.95145900
vt 0.65977000 0.93828100
vt 0.64984400 0.94341900
vt 0.64291900 0.94681600
vt 0.66066300 0.95145900
vt 0.64289300 0.95214500
vt 0.64513300 0.94570200
vt 0.65979300 0.93939500
vt 0.65228100 0.95753700
vt 0.66200700 0.93828100
vt 0.65608200 0.94949700
vt 0.64741400 0.95053500
vt 0.65248300 0.93939500
vt 0.65959100 0.95753700
vt 0.64877200 0.94949700
vt 0.65469700 0.93828100
vt 0.64515900 0.95795700
vt 0.11215700 0.67661900
vt 0.64874400 0.89367200
vt 0.57659700 0.43165800
vt 0.64985800 0.89588600
vt 0.57308800 0.41497800
vt 0.57552500 0.43773600
vt 0.64422300 0.89588600
vt 0.42235300 0.77476300
vt 0.11321500 0.91319200
vt 0.10778500 0.93155000
vt 0.58181800 0.31373300
vt 0.50141400 0.34213200
vt 0.58655000 0.35420900
vt 0.57884100 0.31908200
vt 0.58181800 0.33655200
vt 0.57884100 0.34190100
vt 0.58805000 0.35312000
vt 0.53415700 0.26880900
vt 0.63894200 0.26851200
vt 0.50141400 0.36495200
vt 0.63960400 0.35129000
vt 0.63596600 0.27386100
vt 0.63894300 0.29091400
vt 0.63825700 0.35129000
vt 0.63596600 0.29626300
vt 0.50141400 0.31931300
vt 0.33920600 0.45522500
vt 0.09759500 0.67524500
vt 0.95598000 0.99553200
vt 0.42148600 0.88584200
vt 0.10166200 0.67524500
vt 0.55385200 0.28844100
vt 0.55805900 0.27949300
vt 0.58345400 0.37250400
vt 0.64057900 0.32686600
vt 0.58408700 0.26041900
vt 0.55385200 0.27027200
vt 0.56723800 0.27303100
vt 0.64057900 0.34968500
vt 0.55385200 0.27935700
vt 0.55385200 0.29752500
vt 0.64057900 0.37250400
vt 0.56723800 0.27161200
vt 0.55723500 0.29739200
vt 0.50405600 0.26013800
vt 0.55723500 0.29739200
vt 0.49965800 0.25118600
vt 0.61950900 0.25165800
vt 0.52820200 0.33293100
vt 0.60047800 0.24259800
vt 0.52336800 0.25118600
vt 0.56801000 0.28125900
vt 0.51413000 0.31011200
vt 0.53776800 0.25118600
vt 0.52820200 0.31928100
vt 0.57481500 0.39380700
vt 0.64024400 0.21949200
vt 0.42649600 0.91030400
vt 0.12666200 0.67424900
vt 0.11547100 0.91030400
vt 0.57531100 0.39933000
vt 0.33917200 0.21949200
vt 0.12060400 0.92129500
vt 0.11345500 0.91096900
vt 0.11887000 0.89608100
vt 0.12638600 0.77496100
vt 0.41968800 0.77495700
vt 0.64070100 0.34817800
vt 0.51922000 0.26031700
vt 0.48647700 0.31082100
vt 0.58357600 0.37099700
vt 0.64070100 0.37099700
vt 0.48647700 0.35646000
vt 0.48647700 0.33364000
vt 0.64070100 0.32535900
vt 0.11886200 0.78630200
vt 0.12338400 0.89608300
vt 0.03495400 0.60749700
vt 0.11205500 0.91319700
vt 0.42279900 0.77368100
vt 0.10670500 0.93166700
vt 0.10982100 0.92898200
vt 0.34252100 0.55692600
vt 0.11920400 0.92352300
vt 0.59538800 0.33046000
vt 0.59538800 0.33046000
vt 0.57816000 0.29131500
vt 0.57816000 0.29131500
vt 0.59538800 0.33046000
vt 0.61983500 0.30441400
vt 0.51239800 0.31949700
vt 0.61014900 0.30473000
vt 0.50214100 0.31949700
vt 0.56271000 0.32723300
vt 0.51239800 0.34231600
vt 0.55302300 0.32754900
vt 0.50214100 0.34231600
vt 0.56271000 0.35005200
vt 0.51239800 0.36513500
vt 0.55302300 0.35036800
vt 0.50214100 0.36513500
vt 0.61639100 0.25187400
vt 0.61014900 0.28232800
vt 0.62664700 0.25187400
vt 0.61983500 0.28201200
vt 0.50082200 0.35621900
vt 0.50082200 0.35621900
vt 0.57580400 0.25162400
vt 0.57580400 0.25162400
vt 0.50082200 0.35621900
vt 0.42926000 0.92092000
vt 0.34891400 0.59567400
vt 0.58216400 0.35722900
vt 0.53611100 0.32047800
vt 0.54378600 0.32520400
vt 0.49235800 0.34231600
vt 0.57167600 0.32429300
vt 0.58664300 0.36187000
vt 0.52189200 0.34231600
vt 0.59765100 0.35304600
vt 0.52189200 0.36513500
vt 0.57167600 0.34711200
vt 0.60091100 0.30238400
vt 0.49235800 0.31949700
vt 0.59323600 0.29765900
vt 0.59549700 0.32908900
vt 0.63835000 0.35895100
vt 0.62880100 0.30147300
vt 0.52189200 0.31949700
vt 0.60660900 0.25187400
vt 0.60091100 0.27998300
vt 0.53837200 0.35313500
vt 0.59323600 0.27525700
vt 0.49235800 0.36513500
vt 0.54378600 0.34802300
vt 0.53611100 0.34329700
vt 0.64112200 0.33441000
vt 0.63614200 0.25187400
vt 0.63969600 0.35895100
vt 0.62880100 0.27907200
vt 0.04616500 0.45522500
vt 0.12644200 0.67198000
vt 0.58250200 0.30677900
vt 0.48172000 0.37230900
vt 0.63962700 0.26155800
vt 0.63980500 0.31194600
vt 0.58250200 0.32959800
vt 0.55278500 0.25219300
vt 0.63962700 0.28396000
vt 0.64175000 0.31194600
vt 0.58819600 0.34928300
vt 0.59033100 0.25671200
vt 0.57252000 0.28816800
vt 0.58819600 0.37210200
vt 0.55983200 0.25482200
vt 0.53107100 0.37210200
vt 0.57252000 0.26482100
vt 0.58819600 0.32646400
vt 0.56952300 0.29302200
vt 0.56952300 0.29302200
vt 0.54726300 0.26198100
vt 0.56952300 0.29302200
vt 0.54726300 0.26198100
vt 0.57696700 0.25162400
vt 0.57696700 0.25162400
vt 0.51264700 0.26858600
vt 0.51264700 0.26858600
vt 0.51264700 0.26858600
vt 0.55969700 0.25694100
vt 0.58810700 0.28396000
vt 0.59019600 0.25883100
vt 0.53098200 0.30677900
vt 0.53098200 0.32959800
vt 0.57326200 0.27397700
vt 0.57326200 0.29732400
vt 0.58810700 0.26155800
vt 0.11882900 0.93109400
vt 0.66496100 0.21663600
vt 0.55310800 0.89374100
vt 0.42982600 0.92366500
vt 0.11721800 0.67351900
vt 0.01750100 0.67444700
vt 0.34948000 0.59841700
vt 0.03506500 0.60682600
vt 0.12327900 0.89542400
vt 0.01438400 0.89782100
vt 0.12538500 0.77321000
vt 0.53023500 0.36666900
vt 0.48455400 0.28697400
vt 0.58736000 0.32103100
vt 0.48455400 0.27788900
vt 0.58736000 0.34385000
vt 0.48455400 0.29605800
vt 0.48455400 0.30514200
vt 0.58736000 0.36666900
vt 0.63857500 0.30750500
vt 0.63857500 0.30750500
vt 0.56880900 0.25386200
vt 0.47876500 0.27849000
vt 0.58694000 0.28507000
vt 0.47876500 0.26940600
vt 0.52981500 0.30788900
vt 0.47876500 0.28757400
vt 0.52981500 0.33070800
vt 0.47876500 0.29665900
vt 0.58694000 0.26266800
vt 0.35368300 0.60851900
vt 0.41961000 0.67147000
vt 0.11456400 0.92936000
vt 0.11144800 0.93204500
vt 0.43396100 0.93376600
vt 0.33933200 0.45471400
vt 0.34860900 0.59708900
vt 0.42895500 0.92233600
vt 0.42649600 0.91698300
vt 0.95592500 0.00339900
vt 0.65504100 0.00340000
vt 0.57616700 0.40582600
vt 0.11547100 0.91698300
f 2/2/2 8/8/8 12/12/12
f 16/16/16 18/18/18 23/23/23
f 23/23/23 24/24/24 16/16/16
f 12/12/12 31/31/31 2/2/2
f 32/32/32 33/33/33 34/34/34
f 35/35/35 36/36/36 37/37/37
f 38/38/38 39/39/39 40/40/40
f 41/41/41 42/42/42 43/43/43
f 44/44/44 45/45/45 46/46/46
f 47/47/47 48/48/48 49/49/49
f 36/36/36 35/35/35 50/50/50
f 34/34/34 51/51/51 32/32/32
f 46/46/46 52/52/52 44/44/44
f 53/53/53 48/48/48 47/47/47
f 41/41/41 54/54/54 42/42/42
f 40/40/40 39/39/39 55/55/55
f 58/58/58 59/59/59 63/63/63
f 67/67/67 70/70/70 75/75/75
f 63/63/63 76/76/76 58/58/58
f 79/79/79 83/83/83 86/86/86
f 94/94/94 86/86/86 83/83/83
f 99/99/99 101/101/101 108/108/108
f 75/75/75 112/112/112 67/67/67
f 108/108/108 116/116/116 99/99/99
f 121/121/121 125/125/125 128/128/128
f 128/128/128 131/131/131 121/121/121
f 132/132/132 133/133/133 134/134/134
f 135/135/135 136/136/136 137/137/137
f 138/138/138 139/139/139 141/141/141
f 142/142/142 143/143/143 146/146/146
f 148/148/148 149/149/149 150/150/150
f 152/152/152 154/154/154 156/156/156
f 157/157/157 158/158/158 159/159/159
f 144/144/144 161/161/161 162/162/162
f 163/163/163 164/164/164 165/165/165
f 166/166/166 167/167/167 168/168/168
f 169/169/169 170/170/170 171/171/171
f 172/172/172 174/174/174 150/150/150
f 176/176/176 177/177/177 178/178/178
f 137/137/137 179/179/179 135/135/135
f 181/181/181 182/182/182 186/186/186
f 187/187/187 190/190/190 191/191/191
f 194/194/194 195/195/195 197/197/197
f 191/191/191 190/190/190 200/200/200
f 201/201/201 203/203/203 207/207/207
f 208/208/208 210/210/210 212/212/212
f 158/158/158 213/213/213 214/214/214
f 215/215/215 216/216/216 217/217/217
f 218/218/218 220/220/220 221/221/221
f 222/222/222 223/223/223 225/225/225
f 227/227/227 230/230/230 233/233/233
f 234/234/234 235/235/235 236/236/236
f 237/237/237 240/240/240 241/241/241
f 243/243/243 244/244/244 245/245/245
f 246/246/246 248/248/248 249/249/249
f 250/250/250 251/251/251 255/255/255
f 256/256/256 257/257/257 258/258/258
f 260/260/260 261/261/261 262/262/262
f 263/263/263 264/264/264 265/265/265
f 266/266/266 267/267/267 268/268/268
f 270/270/270 271/271/271 273/273/273
f 274/274/274 275/275/275 276/276/276
f 277/277/277 278/278/278 280/280/280
f 281/281/281 282/282/282 283/283/283
f 284/284/284 288/288/288 289/289/289
f 291/291/291 292/292/292 293/293/293
f 294/294/294 243/243/243 245/245/245
f 296/296/296 171/171/171 298/298/298
f 77/77/77 64/64/64 301/301/301
f 60/60/60 302/302/302 62/62/62
f 305/305/305 308/308/308 57/57/57
f 61/61/61 56/56/56 306/306/306
f 302/302/302 60/60/60 310/310/310
f 306/306/306 311/311/311 61/61/61
f 57/57/57 78/78/78 305/305/305
f 301/301/301 304/304/304 77/77/77
f 312/312/312 313/313/313 314/314/314
f 317/317/317 168/168/168 319/319/319
f 282/282/282 320/320/320 283/283/283
f 321/321/321 277/277/277 280/280/280
f 322/322/322 328/328/328 329/329/329
f 331/331/331 332/332/332 336/336/336
f 338/338/338 256/256/256 258/258/258
f 261/261/261 339/339/339 262/262/262
f 264/264/264 340/340/340 265/265/265
f 341/341/341 266/266/266 268/268/268
f 275/275/275 342/342/342 276/276/276
f 343/343/343 270/270/270 273/273/273
f 348/348/348 350/350/350 351/351/351
f 354/354/354 356/356/356 359/359/359
f 367/367/367 374/374/374 375/375/375
f 379/379/379 380/380/380 382/382/382
f 236/236/236 384/384/384 234/234/234
f 385/385/385 386/386/386 387/387/387
f 388/388/388 389/389/389 390/390/390
f 391/391/391 392/392/392 393/393/393
f 394/394/394 395/395/395 396/396/396
f 397/397/397 398/398/398 399/399/399
f 400/400/400 401/401/401 402/402/402
f 403/403/403 404/404/404 405/405/405
f 406/406/406 407/407/407 408/408/408
f 409/409/409 412/412/412 414/414/414
f 293/293/293 415/415/415 291/291/291
f 416/416/416 417/417/417 418/418/418
f 419/419/419 420/420/420 422/422/422
f 423/423/423 425/425/425 426/426/426
f 431/431/431 432/432/432 433/433/433
f 434/434/434 435/435/435 436/436/436
f 437/437/437 438/438/438 439/439/439
f 440/440/440 441/441/441 442/442/442
f 444/444/444 447/447/447 450/450/450
f 451/451/451 453/453/453 455/455/455
f 390/390/390 458/458/458 388/388/388
f 459/459/459 460/460/460 461/461/461
f 442/442/442 462/462/462 440/440/440
f 436/436/436 463/463/463 434/434/434
f 464/464/464 465/465/465 466/466/466
f 402/402/402 467/467/467 400/400/400
f 468/468/468 469/469/469 470/470/470
f 399/399/399 471/471/471 397/397/397
f 473/473/473 476/476/476 479/479/479
f 483/483/483 486/486/486 493/493/493
f 496/496/496 498/498/498 500/500/500
f 504/504/504 505/505/505 507/507/507
f 509/509/509 510/510/510 511/511/511
f 512/512/512 514/514/514 515/515/515
f 517/517/517 520/520/520 523/523/523
f 525/525/525 532/532/532 536/536/536
f 539/539/539 541/541/541 544/544/544
f 545/545/545 546/546/546 547/547/547
f 546/546/546 548/548/548 547/547/547
f 550/550/550 553/553/553 554/554/554
f 555/555/555 556/556/556 557/557/557
f 558/558/558 559/559/559 560/560/560
f 561/561/561 562/562/562 563/563/563
f 564/564/564 565/565/565 566/566/566
f 568/568/568 569/569/569 573/573/573
f 575/575/575 576/576/576 579/579/579
f 582/582/582 584/584/584 585/585/585
f 588/588/588 590/590/590 593/593/593
f 470/470/470 595/595/595 468/468/468
f 596/596/596 597/597/597 598/598/598
f 599/599/599 600/600/600 601/601/601
f 461/461/461 602/602/602 459/459/459
f 603/603/603 604/604/604 605/605/605
f 466/466/466 606/606/606 464/464/464
f 202/202/202 609/609/609 610/610/610
f 222/222/222 225/225/225 612/612/612
f 396/396/396 613/613/613 394/394/394
f 598/598/598 614/614/614 596/596/596
f 393/393/393 615/615/615 391/391/391
f 601/601/601 616/616/616 599/599/599
f 605/605/605 617/617/617 603/603/603
f 405/405/405 618/618/618 403/403/403
f 376/376/376 621/621/621 624/624/624
f 630/630/630 635/635/635 639/639/639
f 641/641/641 643/643/643 221/221/221
f 221/221/221 645/645/645 218/218/218
f 647/647/647 648/648/648 650/650/650
f 652/652/652 654/654/654 170/170/170
f 655/655/655 656/656/656 657/657/657
f 659/659/659 664/664/664 665/665/665
f 667/667/667 668/668/668 669/669/669
f 670/670/670 671/671/671 673/673/673
f 675/675/675 679/679/679 682/682/682
f 631/631/631 628/628/628 685/685/685
f 250/250/250 540/540/540 538/538/538
f 694/694/694 695/695/695 696/696/696
f 697/697/697 682/682/682 679/679/679
f 698/698/698 699/699/699 700/700/700
f 549/549/549 702/702/702 552/552/552
f 704/704/704 705/705/705 707/707/707
f 211/211/211 209/209/209 708/708/708
f 709/709/709 710/710/710 610/610/610
f 711/711/711 713/713/713 715/715/715
f 716/716/716 717/717/717 718/718/718
f 719/719/719 720/720/720 721/721/721
f 278/278/278 722/722/722 280/280/280
f 723/723/723 724/724/724 725/725/725
f 267/267/267 726/726/726 268/268/268
f 257/257/257 727/727/727 258/258/258
f 728/728/728 729/729/729 730/730/730
f 271/271/271 731/731/731 273/273/273
f 732/732/732 733/733/733 734/734/734
f 725/725/725 735/735/735 723/723/723
f 263/263/263 736/736/736 264/264/264
f 734/734/734 737/737/737 732/732/732
f 274/274/274 738/738/738 275/275/275
f 260/260/260 739/739/739 261/261/261
f 730/730/730 740/740/740 728/728/728
f 742/742/742 745/745/745 748/748/748
f 750/750/750 751/751/751 752/752/752
f 530/530/530 753/753/753 756/756/756
f 484/484/484 481/481/481 762/762/762
f 766/766/766 767/767/767 768/768/768
f 769/769/769 770/770/770 772/772/772
f 167/167/167 775/775/775 776/776/776
f 778/778/778 780/780/780 783/783/783
f 784/784/784 785/785/785 786/786/786
f 787/787/787 788/788/788 789/789/789
f 791/791/791 792/792/792 444/444/444
f 453/453/453 795/795/795 455/455/455
f 592/592/592 796/796/796 798/798/798
f 800/800/800 803/803/803 804/804/804
f 572/572/572 806/806/806 808/808/808
f 810/810/810 813/813/813 815/815/815
f 816/816/816 653/653/653 818/818/818
f 821/821/821 822/822/822 825/825/825
f 833/833/833 834/834/834 692/692/692
f 841/841/841 843/843/843 850/850/850
f 799/799/799 851/851/851 585/585/585
f 587/587/587 854/854/854 589/589/589
f 809/809/809 856/856/856 579/579/579
f 580/580/580 857/857/857 567/567/567
f 859/859/859 860/860/860 861/861/861
f 863/863/863 865/865/865 242/242/242
f 866/866/866 867/867/867 868/868/868
f 869/869/869 873/873/873 165/165/165
f 875/875/875 876/876/876 877/877/877
f 410/410/410 878/878/878 411/411/411
f 880/880/880 881/881/881 882/882/882
f 885/885/885 886/886/886 887/887/887
f 888/888/888 889/889/889 890/890/890
f 891/891/891 895/895/895 897/897/897
f 899/899/899 902/902/902 904/904/904
f 457/457/457 907/907/907 790/790/790
f 387/387/387 386/386/386 908/908/908
f 698/698/698 909/909/909 910/910/910
f 449/449/449 911/911/911 452/452/452
f 454/454/454 915/915/915 446/446/446
f 917/917/917 918/918/918 921/921/921
f 925/925/925 927/927/927 581/581/581
f 929/929/929 931/931/931 933/933/933
f 936/936/936 938/938/938 574/574/574
f 529/529/529 941/941/941 950/950/950
f 953/953/953 707/707/707 705/705/705
f 281/281/281 283/283/283 957/957/957
f 958/958/958 959/959/959 960/960/960
f 875/875/875 961/961/961 876/876/876
f 963/963/963 964/964/964 967/967/967
f 156/156/156 154/154/154 239/239/239
f 968/968/968 969/969/969 970/970/970
f 971/971/971 972/972/972 973/973/973
f 974/974/974 976/976/976 977/977/977
f 978/978/978 979/979/979 980/980/980
f 983/983/983 984/984/984 985/985/985
f 186/186/186 986/986/986 989/989/989
f 34/34/34 33/33/33 992/992/992
f 832/832/832 691/691/691 997/997/997
f 620/620/620 375/375/375 374/374/374
f 999/999/999 1000/1000/1000 1001/1001/1001
f 1002/1002/1002 1004/1004/1004 1007/1007/1007
f 1010/1010/1010 1014/1014/1014 1015/1015/1015
f 1016/1016/1016 1026/1026/1026 1030/1030/1030
f 203/203/203 201/201/201 1035/1035/1035
f 1037/1037/1037 1038/1038/1038 710/710/710
f 1040/1040/1040 1044/1044/1044 1045/1045/1045
f 1050/1050/1050 493/493/493 1055/1055/1055
f 1058/1058/1058 142/142/142 1059/1059/1059
f 1060/1060/1060 1062/1062/1062 892/892/892
f 1063/1063/1063 1064/1064/1064 1066/1066/1066
f 1067/1067/1067 1069/1069/1069 1070/1070/1070
f 303/303/303 300/300/300 1072/1072/1072
f 30/30/30 13/13/13 300/300/300
f 671/671/671 1073/1073/1073 673/673/673
f 1076/1076/1076 981/981/981 1078/1078/1078
f 1080/1080/1080 1081/1081/1081 1082/1082/1082
f 1083/1083/1083 558/558/558 560/560/560
f 207/207/207 607/607/607 201/201/201
f 1084/1084/1084 1086/1086/1086 611/611/611
f 1087/1087/1087 1088/1088/1088 908/908/908
f 1089/1089/1089 561/561/561 563/563/563
f 173/173/173 1090/1090/1090 1091/1091/1091
f 863/863/863 1092/1092/1092 1093/1093/1093
f 1095/1095/1095 367/367/367 1105/1105/1105
f 1109/1109/1109 1094/1094/1094 1100/1100/1100
f 1113/1113/1113 1066/1066/1066 1116/1116/1116
f 1117/1117/1117 752/752/752 751/751/751
f 536/536/536 1121/1121/1121 525/525/525
f 1127/1127/1127 493/493/493 1130/1130/1130
f 1133/1133/1133 1135/1135/1135 1136/1136/1136
f 1137/1137/1137 1138/1138/1138 1139/1139/1139
f 1140/1140/1140 1143/1143/1143 1145/1145/1145
f 573/573/573 1147/1147/1147 937/937/937
f 1150/1150/1150 1152/1152/1152 1153/1153/1153
f 593/593/593 1155/1155/1155 924/924/924
f 307/307/307 303/303/303 19/19/19
f 1072/1072/1072 80/80/80 303/303/303
f 1158/1158/1158 1159/1159/1159 1163/1163/1163
f 1164/1164/1164 1165/1165/1165 1167/1167/1167
f 772/772/772 770/770/770 1170/1170/1170
f 1171/1171/1171 408/408/408 1000/1000/1000
f 1172/1172/1172 709/709/709 610/610/610
f 51/51/51 1174/1174/1174 1175/1175/1175
f 1176/1176/1176 1177/1177/1177 1179/1179/1179
f 1180/1180/1180 1181/1181/1181 1182/1182/1182
f 1183/1183/1183 1184/1184/1184 1186/1186/1186
f 1188/1188/1188 777/777/777 1189/1189/1189
f 1192/1192/1192 1194/1194/1194 1195/1195/1195
f 1196/1196/1196 1197/1197/1197 1198/1198/1198
f 1200/1200/1200 849/849/849 1201/1201/1201
f 497/497/497 494/494/494 1203/1203/1203
f 1204/1204/1204 644/644/644 642/642/642
f 36/36/36 1205/1205/1205 1206/1206/1206
f 263/263/263 265/265/265 1207/1207/1207
f 1208/1208/1208 1209/1209/1209 1210/1210/1210
f 274/274/274 276/276/276 1211/1211/1211
f 1212/1212/1212 1213/1213/1213 1214/1214/1214
f 260/260/260 262/262/262 1215/1215/1215
f 1216/1216/1216 1217/1217/1217 1218/1218/1218
f 1050/1050/1050 1219/1219/1219 1227/1227/1227
f 492/492/492 1047/1047/1047 482/482/482
f 1229/1229/1229 1231/1231/1231 1233/1233/1233
f 794/794/794 1236/1236/1236 443/443/443
f 1237/1237/1237 1241/1241/1241 191/191/191
f 1243/1243/1243 1244/1244/1244 35/35/35
f 335/335/335 330/330/330 1245/1245/1245
f 1252/1252/1252 1257/1257/1257 522/522/522
f 1264/1264/1264 1266/1266/1266 1270/1270/1270
f 357/357/357 352/352/352 1276/1276/1276
f 68/68/68 66/66/66 309/309/309
f 300/300/300 309/309/309 30/30/30
f 309/309/309 307/307/307 68/68/68
f 19/19/19 15/15/15 307/307/307
f 1280/1280/1280 1281/1281/1281 1282/1282/1282
f 1284/1284/1284 1285/1285/1285 1287/1287/1287
f 1288/1288/1288 1289/1289/1289 135/135/135
f 1290/1290/1290 1292/1292/1292 1295/1295/1295
f 1296/1296/1296 871/871/871 1298/1298/1298
f 713/713/713 1299/1299/1299 715/715/715
f 130/130/130 126/126/126 1302/1302/1302
f 1305/1305/1305 1303/1303/1303 127/127/127
f 1306/1306/1306 1309/1309/1309 122/122/122
f 123/123/123 120/120/120 1308/1308/1308
f 191/191/191 200/200/200 1237/1237/1237
f 1175/1175/1175 32/32/32 51/51/51
f 279/279/279 1310/1310/1310 1314/1314/1314
f 1316/1316/1316 1317/1317/1317 1318/1318/1318
f 259/259/259 1319/1319/1319 1324/1324/1324
f 1325/1325/1325 1326/1326/1326 1327/1327/1327
f 269/269/269 1328/1328/1328 1333/1333/1333
f 1334/1334/1334 1335/1335/1335 1336/1336/1336
f 272/272/272 1339/1339/1339 1340/1340/1340
f 1343/1343/1343 1344/1344/1344 1345/1345/1345
f 281/281/281 1346/1346/1346 282/282/282
f 721/721/721 1347/1347/1347 719/719/719
f 1348/1348/1348 1349/1349/1349 280/280/280
f 1350/1350/1350 1351/1351/1351 1355/1355/1355
f 1357/1357/1357 1360/1360/1360 1362/1362/1362
f 1364/1364/1364 1365/1365/1365 258/258/258
f 1366/1366/1366 1367/1367/1367 268/268/268
f 1368/1368/1368 1369/1369/1369 1372/1372/1372
f 1375/1375/1375 1376/1376/1376 1381/1381/1381
f 1382/1382/1382 1383/1383/1383 273/273/273
f 1308/1308/1308 1304/1304/1304 123/123/123
f 127/127/127 124/124/124 1305/1305/1305
f 1302/1302/1302 1307/1307/1307 130/130/130
f 122/122/122 129/129/129 1306/1306/1306
f 1384/1384/1384 973/973/973 1385/1385/1385
f 1386/1386/1386 1387/1387/1387 1388/1388/1388
f 190/190/190 187/187/187 990/990/990
f 1389/1389/1389 37/37/37 36/36/36
f 584/584/584 799/799/799 585/585/585
f 1391/1391/1391 1153/1153/1153 1152/1152/1152
f 1392/1392/1392 1145/1145/1145 1143/1143/1143
f 576/576/576 809/809/809 579/579/579
f 1394/1394/1394 1396/1396/1396 1399/1399/1399
f 568/568/568 573/573/573 937/937/937
f 1401/1401/1401 1402/1402/1402 1405/1405/1405
f 588/588/588 593/593/593 924/924/924
f 791/791/791 444/444/444 450/450/450
f 1407/1407/1407 1408/1408/1408 1411/1411/1411
f 612/612/612 1085/1085/1085 222/222/222
f 36/36/36 50/50/50 1205/1205/1205
f 763/763/763 1414/1414/1414 487/487/487
f 1417/1417/1417 1420/1420/1420 1429/1429/1429
f 351/351/351 1430/1430/1430 348/348/348
f 523/523/523 1431/1431/1431 517/517/517
f 1432/1432/1432 1433/1433/1433 789/789/789
f 1437/1437/1437 1439/1439/1439 1440/1440/1440
f 990/990/990 987/987/987 190/190/190
f 1442/1442/1442 1443/1443/1443 33/33/33
f 847/847/847 1199/1199/1199 1446/1446/1446
f 1450/1450/1450 1447/1447/1447 381/381/381
f 623/623/623 1456/1456/1456 378/378/378
f 1461/1461/1461 640/640/640 634/634/634
f 1198/1198/1198 882/882/882 1196/1196/1196
f 866/866/866 868/868/868 1464/1464/1464
f 1466/1466/1466 1470/1470/1470 327/327/327
f 1475/1475/1475 521/521/521 518/518/518
f 1479/1479/1479 983/983/983 985/985/985
f 861/861/861 1480/1480/1480 1481/1481/1481
f 1482/1482/1482 790/790/790 907/907/907
f 443/443/443 1484/1484/1484 794/794/794
f 1486/1486/1486 881/881/881 880/880/880
f 1487/1487/1487 230/230/230 227/227/227
f 1489/1489/1489 567/567/567 857/857/857
f 1490/1490/1490 808/808/808 806/806/806
f 1492/1492/1492 589/589/589 854/854/854
f 1494/1494/1494 798/798/798 796/796/796
f 1496/1496/1496 1497/1497/1497 1498/1498/1498
f 1499/1499/1499 1500/1500/1500 1063/1063/1063
f 1501/1501/1501 1503/1503/1503 1506/1506/1506
f 1507/1507/1507 1508/1508/1508 786/786/786
f 345/345/345 1514/1514/1514 1519/1519/1519
f 1522/1522/1522 1527/1527/1527 1509/1509/1509
f 320/320/320 1530/1530/1530 283/283/283
f 439/439/439 1531/1531/1531 437/437/437
f 1533/1533/1533 766/766/766 768/768/768
f 1534/1534/1534 1481/1481/1481 1480/1480/1480
f 1535/1535/1535 1538/1538/1538 1539/1539/1539
f 1541/1541/1541 1542/1542/1542 767/767/767
f 1543/1543/1543 1165/1165/1165 1164/1164/1164
f 716/716/716 1544/1544/1544 717/717/717
f 700/700/700 1545/1545/1545 698/698/698
f 1547/1547/1547 1548/1548/1548 1551/1551/1551
f 1554/1554/1554 1559/1559/1559 357/357/357
f 681/681/681 355/355/355 1558/1558/1558
f 1560/1560/1560 1498/1498/1498 1497/1497/1497
f 142/142/142 1561/1561/1561 1059/1059/1059
f 1336/1336/1336 1562/1562/1562 1334/1334/1334
f 1563/1563/1563 263/263/263 1207/1207/1207
f 1564/1564/1564 281/281/281 957/957/957
f 1318/1318/1318 1565/1565/1565 1316/1316/1316
f 1327/1327/1327 1566/1566/1566 1325/1325/1325
f 1567/1567/1567 260/260/260 1215/1215/1215
f 1345/1345/1345 1568/1568/1568 1343/1343/1343
f 1569/1569/1569 274/274/274 1211/1211/1211
f 1287/1287/1287 1570/1570/1570 1284/1284/1284
f 1572/1572/1572 1574/1574/1574 1577/1577/1577
f 226/226/226 1578/1578/1578 1580/1580/1580
f 1173/1173/1173 1581/1581/1581 223/223/223
f 138/138/138 141/141/141 1584/1584/1584
f 1585/1585/1585 1587/1587/1587 1590/1590/1590
f 327/327/327 325/325/325 1591/1591/1591
f 1600/1600/1600 1605/1605/1605 429/429/429
f 1610/1610/1610 1615/1615/1615 1617/1617/1617
f 1621/1621/1621 1627/1627/1627 1619/1619/1619
f 1158/1158/1158 1163/1163/1163 1630/1630/1630
f 1632/1632/1632 1635/1635/1635 887/887/887
f 317/317/317 166/166/166 168/168/168
f 1636/1636/1636 1637/1637/1637 1638/1638/1638
f 1238/1238/1238 195/195/195 194/194/194
f 32/32/32 1175/1175/1175 1639/1639/1639
f 1640/1640/1640 215/215/215 1641/1641/1641
f 1642/1642/1642 168/168/168 1643/1643/1643
f 194/194/194 1240/1240/1240 1238/1238/1238
f 1644/1644/1644 1243/1243/1243 1645/1645/1645
f 1646/1646/1646 178/178/178 1647/1647/1647
f 171/171/171 1648/1648/1648 1649/1649/1649
f 642/642/642 1651/1651/1651 1204/1204/1204
f 710/710/710 1038/1038/1038 1036/1036/1036
f 1617/1617/1617 954/954/954 1622/1622/1622
f 954/954/954 1245/1245/1245 1653/1653/1653
f 152/152/152 156/156/156 1656/1656/1656
f 1169/1169/1169 153/153/153 1657/1657/1657
f 1182/1182/1182 1661/1661/1661 1180/1180/1180
f 1664/1664/1664 1665/1665/1665 1666/1666/1666
f 176/176/176 1667/1667/1667 177/177/177
f 1668/1668/1668 557/557/557 556/556/556
f 1669/1669/1669 566/566/566 565/565/565
f 217/217/217 1670/1670/1670 215/215/215
f 213/213/213 890/890/890 1671/1671/1671
f 1672/1672/1672 1674/1674/1674 1676/1676/1676
f 1139/1139/1139 1677/1677/1677 1137/1137/1137
f 1680/1680/1680 1683/1683/1683 1684/1684/1684
f 1517/1517/1517 1688/1688/1688 347/347/347
f 345/345/345 1452/1452/1452 1693/1693/1693
f 9/9/9 4/4/4 1699/1699/1699
f 1701/1701/1701 1/1/1 29/29/29
f 1706/1706/1706 21/21/21 17/17/17
f 27/27/27 22/22/22 1715/1715/1715
f 1718/1718/1718 1719/1719/1719 1721/1721/1721
f 1722/1722/1722 1725/1725/1725 1727/1727/1727
f 1733/1733/1733 93/93/93 85/85/85
f 87/87/87 91/91/91 1737/1737/1737
f 1743/1743/1743 73/73/73 69/69/69
f 111/111/111 72/72/72 1748/1748/1748
f 1752/1752/1752 1754/1754/1754 1756/1756/1756
f 1758/1758/1758 1761/1761/1761 1762/1762/1762
f 1763/1763/1763 1764/1764/1764 1765/1765/1765
f 275/275/275 1766/1766/1766 342/342/342
f 264/264/264 1767/1767/1767 340/340/340
f 1768/1768/1768 1769/1769/1769 1770/1770/1770
f 261/261/261 1771/1771/1771 339/339/339
f 1772/1772/1772 1773/1773/1773 1774/1774/1774
f 1775/1775/1775 1776/1776/1776 1778/1778/1778
f 736/736/736 1780/1780/1780 264/264/264
f 1781/1781/1781 1783/1783/1783 1784/1784/1784
f 1346/1346/1346 1786/1786/1786 282/282/282
f 738/738/738 1787/1787/1787 275/275/275
f 1788/1788/1788 1790/1790/1790 1791/1791/1791
f 739/739/739 1793/1793/1793 261/261/261
f 1794/1794/1794 1795/1795/1795 1797/1797/1797
f 511/511/511 1799/1799/1799 509/509/509
f 282/282/282 1800/1800/1800 320/320/320
f 1802/1802/1802 1803/1803/1803 1804/1804/1804
f 340/340/340 1805/1805/1805 265/265/265
f 1806/1806/1806 1808/1808/1808 1809/1809/1809
f 339/339/339 1810/1810/1810 262/262/262
f 1812/1812/1812 1813/1813/1813 1814/1814/1814
f 342/342/342 1815/1815/1815 276/276/276
f 788/788/788 1816/1816/1816 1817/1817/1817
f 1819/1819/1819 1287/1287/1287 1285/1285/1285
f 1820/1820/1820 181/181/181 186/186/186
f 184/184/184 180/180/180 1389/1389/1389
f 1804/1804/1804 1822/1822/1822 1802/1802/1802
f 341/341/341 1824/1824/1824 266/266/266
f 1814/1814/1814 1826/1826/1826 1812/1812/1812
f 343/343/343 1827/1827/1827 270/270/270
f 515/515/515 1829/1829/1829 512/512/512
f 321/321/321 1830/1830/1830 277/277/277
f 1809/1809/1809 1832/1832/1832 1806/1806/1806
f 338/338/338 1833/1833/1833 256/256/256
f 266/266/266 1834/1834/1834 267/267/267
f 1770/1770/1770 1835/1835/1835 1768/1768/1768
f 1765/1765/1765 1836/1836/1836 1763/1763/1763
f 270/270/270 1837/1837/1837 271/271/271
f 1774/1774/1774 1838/1838/1838 1772/1772/1772
f 256/256/256 1839/1839/1839 257/257/257
f 277/277/277 1840/1840/1840 278/278/278
f 433/433/433 1841/1841/1841 431/431/431
f 1784/1784/1784 1842/1842/1842 1781/1781/1781
f 278/278/278 1843/1843/1843 722/722/722
f 267/267/267 1844/1844/1844 726/726/726
f 1778/1778/1778 1845/1845/1845 1775/1775/1775
f 1797/1797/1797 1846/1846/1846 1794/1794/1794
f 257/257/257 1847/1847/1847 727/727/727
f 271/271/271 1848/1848/1848 731/731/731
f 1791/1791/1791 1849/1849/1849 1788/1788/1788
f 1850/1850/1850 559/559/559 558/558/558
f 1851/1851/1851 1853/1853/1853 1182/1182/1182
f 880/880/880 887/887/887 886/886/886
f 1486/1486/1486 1854/1854/1854 162/162/162
f 134/134/134 1855/1855/1855 132/132/132
f 859/859/859 1093/1093/1093 1092/1092/1092
f 1856/1856/1856 562/562/562 561/561/561
f 1857/1857/1857 1858/1858/1858 1139/1139/1139
f 1039/1039/1039 1616/1616/1616 1612/1612/1612
f 428/428/428 1041/1041/1041 1598/1598/1598
f 1860/1860/1860 1861/1861/1861 1862/1862/1862
f 1864/1864/1864 1865/1865/1865 1866/1866/1866
f 1671/1671/1671 890/890/890 889/889/889
f 1867/1867/1867 782/782/782 781/781/781
f 972/972/972 977/977/977 1868/1868/1868
f 1718/1718/1718 1869/1869/1869 970/970/970
f 1872/1872/1872 1059/1059/1059 1873/1873/1873
f 1874/1874/1874 1875/1875/1875 1876/1876/1876
f 1045/1045/1045 1877/1877/1877 1040/1040/1040
f 1878/1878/1878 1202/1202/1202 495/495/495
f 984/984/984 983/983/983 1879/1879/1879
f 1880/1880/1880 1881/1881/1881 52/52/52
f 117/117/117 107/107/107 1882/1882/1882
f 1888/1888/1888 1695/1695/1695 105/105/105
f 104/104/104 96/96/96 1894/1894/1894
f 1897/1897/1897 1713/1713/1713 97/97/97
f 1903/1903/1903 1905/1905/1905 1906/1906/1906
f 451/451/451 1902/1902/1902 453/453/453
f 930/930/930 575/575/575 1398/1398/1398
f 1909/1909/1909 1399/1399/1399 1396/1396/1396
f 1911/1911/1911 1405/1405/1405 1402/1402/1402
f 920/920/920 582/582/582 1404/1404/1404
f 804/804/804 1912/1912/1912 800/800/800
f 1155/1155/1155 805/805/805 924/924/924
f 815/815/815 1914/1914/1914 810/810/810
f 1147/1147/1147 814/814/814 937/937/937
f 1906/1906/1906 1917/1917/1917 1903/1903/1903
f 447/447/447 1907/1907/1907 450/450/450
f 901/901/901 451/451/451 1410/1410/1410
f 1919/1919/1919 1411/1411/1411 1408/1408/1408
f 1894/1894/1894 1736/1736/1736 104/104/104
f 106/106/106 103/103/103 1889/1889/1889
f 95/95/95 115/115/115 1900/1900/1900
f 1882/1882/1882 1751/1751/1751 117/117/117
f 860/860/860 1480/1480/1480 861/861/861
f 1291/1291/1291 1920/1920/1920 1921/1921/1921
f 1923/1923/1923 1924/1924/1924 1925/1925/1925
f 42/42/42 1924/1924/1924 43/43/43
f 1928/1928/1928 1929/1929/1929 1930/1930/1930
f 163/163/163 1932/1932/1932 694/694/694
f 1933/1933/1933 1630/1630/1630 1934/1934/1934
f 163/163/163 1934/1934/1934 164/164/164
f 312/312/312 139/139/139 138/138/138
f 1935/1935/1935 1937/1937/1937 1500/1500/1500
f 1938/1938/1938 522/522/522 1257/1257/1257
f 1944/1944/1944 422/422/422 420/420/420
f 1945/1945/1945 359/359/359 356/356/356
f 1946/1946/1946 337/337/337 333/333/333
f 1268/1268/1268 1260/1260/1260 506/506/506
f 1269/1269/1269 507/507/507 505/505/505
f 1947/1947/1947 1864/1864/1864 1866/1866/1866
f 1638/1638/1638 1866/1866/1866 1636/1636/1636
f 1948/1948/1948 1658/1658/1658 1171/1171/1171
f 1951/1951/1951 1953/1953/1953 285/285/285
f 876/876/876 1954/1954/1954 1955/1955/1955
f 137/137/137 1956/1956/1956 1957/1957/1957
f 1960/1960/1960 1872/1872/1872 1873/1873/1873
f 230/230/230 144/144/144 233/233/233
f 710/710/710 709/709/709 1037/1037/1037
f 992/992/992 708/708/708 34/34/34
f 1961/1961/1961 1962/1962/1962 1963/1963/1963
f 1961/1961/1961 1194/1194/1194 1192/1192/1192
f 610/610/610 609/609/609 1580/1580/1580
f 1579/1579/1579 608/608/608 206/206/206
f 1582/1582/1582 1174/1174/1174 1965/1965/1965
f 1965/1965/1965 1174/1174/1174 51/51/51
f 877/877/877 1966/1966/1966 1967/1967/1967
f 1969/1969/1969 1970/1970/1970 136/136/136
f 1868/1868/1868 977/977/977 976/976/976
f 1971/1971/1971 1972/1972/1972 49/49/49
f 1974/1974/1974 1976/1976/1976 1498/1498/1498
f 1974/1974/1974 1977/1977/1977 1978/1978/1978
f 1980/1980/1980 1648/1648/1648 1981/1981/1981
f 1981/1981/1981 817/817/817 819/819/819
f 1982/1982/1982 897/897/897 1984/1984/1984
f 1985/1985/1985 1672/1672/1672 1676/1676/1676
f 1988/1988/1988 1187/1187/1187 1190/1190/1190
f 1989/1989/1989 1643/1643/1643 1988/1988/1988
f 1990/1990/1990 289/289/289 1992/1992/1992
f 1293/1293/1293 1291/1291/1291 1921/1921/1921
f 1993/1993/1993 1994/1994/1994 888/888/888
f 699/699/699 1995/1995/1995 1997/1997/1997
f 1125/1125/1125 2003/2003/2003 490/490/490
f 2004/2004/2004 2010/2010/2010 522/522/522
f 1325/1325/1325 2011/2011/2011 2013/2013/2013
f 2014/2014/2014 2016/2016/2016 727/727/727
f 1343/1343/1343 2018/2018/2018 2019/2019/2019
f 2021/2021/2021 2022/2022/2022 731/731/731
f 1316/1316/1316 2023/2023/2023 2025/2025/2025
f 2026/2026/2026 2028/2028/2028 722/722/722
f 1334/1334/1334 2029/2029/2029 2031/2031/2031
f 2032/2032/2032 2034/2034/2034 726/726/726
f 1001/1001/1001 656/656/656 2035/2035/2035
f 655/655/655 2036/2036/2036 656/656/656
f 1538/1538/1538 2037/2037/2037 1539/1539/1539
f 1880/1880/1880 2038/2038/2038 2039/2039/2039
f 2040/2040/2040 2042/2042/2042 2043/2043/2043
f 985/985/985 2044/2044/2044 2045/2045/2045
f 2046/2046/2046 970/970/970 969/969/969
f 2047/2047/2047 2050/2050/2050 1728/1728/1728
f 2052/2052/2052 1565/1565/1565 2053/2053/2053
f 440/440/440 2056/2056/2056 441/441/441
f 2057/2057/2057 1562/1562/1562 2059/2059/2059
f 470/470/470 2060/2060/2060 595/595/595
f 2064/2064/2064 1566/1566/1566 2065/2065/2065
f 461/461/461 2066/2066/2066 602/602/602
f 466/466/466 2071/2071/2071 606/606/606
f 2072/2072/2072 1568/1568/1568 2074/2074/2074
f 1748/1748/1748 1883/1883/1883 111/111/111
f 110/110/110 1703/1703/1703 2075/2075/2075
f 1737/1737/1737 1896/1896/1896 87/87/87
f 89/89/89 1708/1708/1708 2079/2079/2079
f 7/7/7 1731/1731/1731 2081/2081/2081
f 1694/1694/1694 1887/1887/1887 6/6/6
f 1715/1715/1715 1898/1898/1898 27/27/27
f 26/26/26 1742/1742/1742 2087/2087/2087
f 1464/1464/1464 2088/2088/2088 2089/2089/2089
f 2091/2091/2091 2092/2092/2092 2093/2093/2093
f 2094/2094/2094 2095/2095/2095 701/701/701
f 2097/2097/2097 2099/2099/2099 1067/1067/1067
f 1267/1267/1267 500/500/500 2103/2103/2103
f 830/830/830 620/620/620 374/374/374
f 2106/2106/2106 2111/2111/2111 1511/1511/1511
f 2117/2117/2117 2119/2119/2119 366/366/366
f 47/47/47 49/49/49 1972/1972/1972
f 1179/1179/1179 2122/2122/2122 1851/1851/1851
f 2124/2124/2124 717/717/717 1544/1544/1544
f 1933/1933/1933 694/694/694 696/696/696
f 1753/1753/1753 1002/1002/1002 2126/2126/2126
f 2127/2127/2127 2126/2126/2126 971/971/971
f 66/66/66 2077/2077/2077 309/309/309
f 2075/2075/2075 65/65/65 110/110/110
f 2081/2081/2081 11/11/11 7/7/7
f 13/13/13 2083/2083/2083 300/300/300
f 80/80/80 2078/2078/2078 303/303/303
f 2079/2079/2079 81/81/81 89/89/89
f 2087/2087/2087 14/14/14 26/26/26
f 15/15/15 2085/2085/2085 307/307/307
f 374/374/374 367/367/367 2131/2131/2131
f 1261/1261/1261 1273/1273/1273 2134/2134/2134
f 1256/1256/1256 1251/1251/1251 534/534/534
f 948/948/948 2138/2138/2138 532/532/532
f 184/184/184 1389/1389/1389 2141/2141/2141
f 184/184/184 2141/2141/2141 2142/2142/2142
f 2143/2143/2143 2145/2145/2145 2146/2146/2146
f 889/889/889 2148/2148/2148 1867/1867/1867
f 1104/1104/1104 1021/1021/1021 1110/1110/1110
f 1018/1018/1018 1102/1102/1102 2149/2149/2149
f 296/296/296 169/169/169 171/171/171
f 2153/2153/2153 2154/2154/2154 1879/1879/1879
f 2155/2155/2155 221/221/221 643/643/643
f 36/36/36 1206/1206/1206 2142/2142/2142
f 1629/1629/1629 1624/1624/1624 944/944/944
f 2159/2159/2159 2161/2161/2161 946/946/946
f 1069/1069/1069 1066/1066/1066 1064/1064/1064
f 1876/1876/1876 548/548/548 2165/2165/2165
f 1387/1387/1387 2166/2166/2166 1758/1758/1758
f 2167/2167/2167 2168/2168/2168 874/874/874
f 1536/1536/1536 1540/1540/1540 2169/2169/2169
f 1957/1957/1957 826/826/826 824/824/824
f 2170/2170/2170 2171/2171/2171 207/207/207
f 207/207/207 2171/2171/2171 611/611/611
f 406/406/406 408/408/408 2172/2172/2172
f 969/969/969 2172/2172/2172 2046/2046/2046
f 2173/2173/2173 2176/2176/2176 1212/1212/1212
f 2178/2178/2178 606/606/606 2071/2071/2071
f 2181/2181/2181 2184/2184/2184 1208/1208/1208
f 2188/2188/2188 595/595/595 2060/2060/2060
f 2191/2191/2191 2193/2193/2193 1216/1216/1216
f 2196/2196/2196 602/602/602 2066/2066/2066
f 2199/2199/2199 2200/2200/2200 958/958/958
f 2202/2202/2202 441/441/441 2056/2056/2056
f 2205/2205/2205 1205/1205/1205 50/50/50
f 1086/1086/1086 1084/1084/1084 218/218/218
f 142/142/142 146/146/146 252/252/252
f 1560/1560/1560 1561/1561/1561 142/142/142
f 192/192/192 2206/2206/2206 2207/2207/2207
f 1644/1644/1644 2206/2206/2206 192/192/192
f 2208/2208/2208 667/667/667 2209/2209/2209
f 669/669/669 2209/2209/2209 667/667/667
f 199/199/199 2210/2210/2210 1639/1639/1639
f 2210/2210/2210 199/199/199 189/189/189
f 188/188/188 2207/2207/2207 2211/2211/2211
f 2207/2207/2207 188/188/188 192/192/192
f 1389/1389/1389 180/180/180 1821/1821/1821
f 1820/1820/1820 186/186/186 989/989/989
f 2205/2205/2205 1244/1244/1244 198/198/198
f 198/198/198 1244/1244/1244 1243/1243/1243
f 189/189/189 2212/2212/2212 2210/2210/2210
f 1442/1442/1442 2212/2212/2212 189/189/189
f 582/582/582 801/801/801 584/584/584
f 583/583/583 2215/2215/2215 1156/1156/1156
f 575/575/575 811/811/811 576/576/576
f 577/577/577 2216/2216/2216 1148/1148/1148
f 2220/2220/2220 935/935/935 932/932/932
f 568/568/568 937/937/937 2219/2219/2219
f 588/588/588 924/924/924 2221/2221/2221
f 2222/2222/2222 922/922/922 919/919/919
f 791/791/791 450/450/450 2223/2223/2223
f 2224/2224/2224 903/903/903 900/900/900
f 453/453/453 2225/2225/2225 795/795/795
f 2226/2226/2226 1233/1233/1233 1231/1231/1231
f 2227/2227/2227 2230/2230/2230 793/793/793
f 795/795/795 2228/2228/2228 455/455/455
f 641/641/641 2170/2170/2170 203/203/203
f 207/207/207 203/203/203 2170/2170/2170
f 670/670/670 2231/2231/2231 2232/2232/2232
f 558/558/558 2234/2234/2234 1850/1850/1850
f 561/561/561 2235/2235/2235 1856/1856/1856
f 711/711/711 2236/2236/2236 2238/2238/2238
f 2239/2239/2239 1665/1665/1665 1664/1664/1664
f 2168/2168/2168 962/962/962 874/874/874
f 2241/2241/2241 246/246/246 249/249/249
f 870/870/870 2241/2241/2241 2243/2243/2243
f 168/168/168 1642/1642/1642 2244/2244/2244
f 319/319/319 168/168/168 2244/2244/2244
f 2245/2245/2245 2246/2246/2246 669/669/669
f 1570/1570/1570 2247/2247/2247 1574/1574/1574
f 2249/2249/2249 2250/2250/2250 2251/2251/2251
f 178/178/178 177/177/177 2251/2251/2251
f 1291/1291/1291 2252/2252/2252 1920/1920/1920
f 1533/1533/1533 2253/2253/2253 2252/2252/2252
f 479/479/479 2254/2254/2254 473/473/473
f 1015/1015/1015 2255/2255/2255 1010/1010/1010
f 2257/2257/2257 1201/1201/1201 849/849/849
f 383/383/383 1693/1693/1693 1452/1452/1452
f 1691/1691/1691 382/382/382 380/380/380
f 2258/2258/2258 329/329/329 328/328/328
f 1425/1425/1425 2259/2259/2259 946/946/946
f 2260/2260/2260 1426/1426/1426 1422/1422/1422
f 1007/1007/1007 2263/2263/2263 1002/1002/1002
f 2265/2265/2265 977/977/977 972/972/972
f 1433/1433/1433 2267/2267/2267 1074/1074/1074
f 1074/1074/1074 2268/2268/2268 2245/2245/2245
f 718/718/718 2269/2269/2269 716/716/716
f 1584/1584/1584 2271/2271/2271 1587/1587/1587
f 2272/2272/2272 1117/1117/1117 43/43/43
f 43/43/43 2273/2273/2273 2272/2272/2272
f 157/157/157 1673/1673/1673 1986/1986/1986
f 159/159/159 1193/1193/1193 157/157/157
f 1544/1544/1544 2274/2274/2274 2124/2124/2124
f 2276/2276/2276 141/141/141 139/139/139
f 597/597/597 1210/1210/1210 1209/1209/1209
f 2279/2279/2279 1368/1368/1368 2280/2280/2280
f 604/604/604 1214/1214/1214 1213/1213/1213
f 2282/2282/2282 1375/1375/1375 2285/2285/2285
f 438/438/438 960/960/960 959/959/959
f 2287/2287/2287 1350/1350/1350 2290/2290/2290
f 2293/2293/2293 1357/1357/1357 2295/2295/2295
f 600/600/600 1218/1218/1218 1217/1217/1217
f 1196/1196/1196 882/882/882 881/881/881
f 1672/1672/1672 1195/1195/1195 1674/1674/1674
f 247/247/247 1631/1631/1631 2090/2090/2090
f 2298/2298/2298 164/164/164 1934/1934/1934
f 148/148/148 1501/1501/1501 149/149/149
f 1817/1817/1817 789/789/789 788/788/788
f 1651/1651/1651 210/210/210 208/208/208
f 209/209/209 2300/2300/2300 1037/1037/1037
f 2301/2301/2301 2303/2303/2303 1932/1932/1932
f 1301/1301/1301 2305/2305/2305 718/718/718
f 2308/2308/2308 2309/2309/2309 543/543/543
f 1543/1543/1543 2311/2311/2311 2312/2312/2312
f 1961/1961/1961 2313/2313/2313 1962/1962/1962
f 1862/1862/1862 1861/1861/1861 2313/2313/2313
f 1862/1862/1862 1183/1183/1183 1186/1186/1186
f 2314/2314/2314 1867/1867/1867 781/781/781
f 172/172/172 2315/2315/2315 2041/2041/2041
f 149/149/149 2318/2318/2318 2315/2315/2315
f 79/79/79 1071/1071/1071 83/83/83
f 84/84/84 2084/2084/2084 1735/1735/1735
f 29/29/29 2076/2076/2076 1701/1701/1701
f 2077/2077/2077 30/30/30 309/309/309
f 17/17/17 2080/2080/2080 1706/1706/1706
f 2078/2078/2078 19/19/19 303/303/303
f 71/71/71 2086/2086/2086 1746/1746/1746
f 2085/2085/2085 68/68/68 307/307/307
f 908/908/908 1551/1551/1551 1087/1087/1087
f 2320/2320/2320 2321/2321/2321 2324/2324/2324
f 2249/2249/2249 2325/2325/2325 2250/2250/2250
f 2325/2325/2325 1434/1434/1434 1441/1441/1441
f 2326/2326/2326 2327/2327/2327 2328/2328/2328
f 2327/2327/2327 1926/1926/1926 1931/1931/1931
f 610/610/610 710/710/710 202/202/202
f 1036/1036/1036 202/202/202 710/710/710
f 1082/1082/1082 967/967/967 1080/1080/1080
f 2329/2329/2329 2330/2330/2330 2332/2332/2332
f 2209/2209/2209 2333/2333/2333 2208/2208/2208
f 784/784/784 1281/1281/1281 1280/1280/1280
f 2335/2335/2335 2338/2338/2338 1129/1129/1129
f 757/757/757 2342/2342/2342 533/533/533
f 1131/1131/1131 2348/2348/2348 2336/2336/2336
f 2349/2349/2349 1130/1130/1130 493/493/493
f 880/880/880 882/882/882 2093/2093/2093
f 2093/2093/2093 882/882/882 2089/2089/2089
f 2153/2153/2153 2039/2039/2039 651/651/651
f 2039/2039/2039 2038/2038/2038 651/651/651
f 253/253/253 147/147/147 2352/2352/2352
f 2352/2352/2352 162/162/162 1854/1854/1854
f 877/877/877 2353/2353/2353 2354/2354/2354
f 2355/2355/2355 1966/1966/1966 877/877/877
f 859/859/859 861/861/861 2043/2043/2043
f 2043/2043/2043 861/861/861 2045/2045/2045
f 1965/1965/1965 1172/1172/1172 610/610/610
f 1580/1580/1580 1578/1578/1578 610/610/610
f 1697/1697/1697 3/3/3 1704/1704/1704
f 1886/1886/1886 109/109/109 1698/1698/1698
f 1892/1892/1892 98/98/98 1711/1711/1711
f 1712/1712/1712 20/20/20 1709/1709/1709
f 1283/1283/1283 1819/1819/1819 2356/2356/2356
f 976/976/976 974/974/974 2357/2357/2357
f 1747/1747/1747 74/74/74 1745/1745/1745
f 2358/2358/2358 1741/1741/1741 25/25/25
f 2363/2363/2363 1730/1730/1730 5/5/5
f 1739/1739/1739 92/92/92 1734/1734/1734
f 648/648/648 1290/1290/1290 650/650/650
f 648/648/648 1532/1532/1532 1290/1290/1290
f 2369/2369/2369 1683/1683/1683 1680/1680/1680
f 2095/2095/2095 1546/1546/1546 701/701/701
f 1563/1563/1563 2370/2370/2370 263/263/263
f 2372/2372/2372 2375/2375/2375 2378/2378/2378
f 2382/2382/2382 2385/2385/2385 2387/2387/2387
f 1564/1564/1564 2390/2390/2390 281/281/281
f 1567/1567/1567 2393/2393/2393 260/260/260
f 2395/2395/2395 2397/2397/2397 2400/2400/2400
f 1569/1569/1569 2404/2404/2404 274/274/274
f 2407/2407/2407 2409/2409/2409 2413/2413/2413
f 135/135/135 179/179/179 1288/1288/1288
f 2169/2169/2169 1957/1957/1957 824/824/824
f 238/238/238 155/155/155 2414/2414/2414
f 2414/2414/2414 1855/1855/1855 134/134/134
f 2415/2415/2415 2417/2417/2417 2418/2418/2418
f 2419/2419/2419 2420/2420/2420 2423/2423/2423
f 2425/2425/2425 2426/2426/2426 2427/2427/2427
f 2428/2428/2428 2429/2429/2429 2432/2432/2432
f 2433/2433/2433 2434/2434/2434 2437/2437/2437
f 2438/2438/2438 2440/2440/2440 2441/2441/2441
f 2442/2442/2442 2444/2444/2444 2445/2445/2445
f 2447/2447/2447 2449/2449/2449 2450/2450/2450
f 2451/2451/2451 2453/2453/2453 2454/2454/2454
f 2456/2456/2456 2457/2457/2457 2461/2461/2461
f 2462/2462/2462 2464/2464/2464 2465/2465/2465
f 2467/2467/2467 2468/2468/2468 2472/2472/2472
f 2474/2474/2474 2475/2475/2475 2479/2479/2479
f 2481/2481/2481 2482/2482/2482 2483/2483/2483
f 2484/2484/2484 2488/2488/2488 2489/2489/2489
f 2491/2491/2491 2493/2493/2493 2494/2494/2494
f 1138/1138/1138 1137/1137/1137 41/41/41
f 1136/1136/1136 2496/2496/2496 1857/1857/1857
f 696/696/696 2497/2497/2497 1933/1933/1933
f 1158/1158/1158 2498/2498/2498 2312/2312/2312
f 2503/2503/2503 2505/2505/2505 2510/2510/2510
f 2514/2514/2514 2518/2518/2518 2522/2522/2522
f 1212/1212/1212 2176/2176/2176 2525/2525/2525
f 2526/2526/2526 2528/2528/2528 1815/1815/1815
f 1208/1208/1208 2184/2184/2184 2529/2529/2529
f 2531/2531/2531 2532/2532/2532 1805/1805/1805
f 958/958/958 2200/2200/2200 2533/2533/2533
f 2534/2534/2534 2536/2536/2536 1530/1530/1530
f 2537/2537/2537 2539/2539/2539 1810/1810/1810
f 1216/1216/1216 2193/2193/2193 2540/2540/2540
f 2541/2541/2541 2165/2165/2165 2542/2542/2542
f 1114/1114/1114 2544/2544/2544 546/546/546
f 910/910/910 699/699/699 698/698/698
f 2546/2546/2546 1995/1995/1995 699/699/699
f 2547/2547/2547 2550/2550/2550 2552/2552/2552
f 2553/2553/2553 2557/2557/2557 2558/2558/2558
f 2561/2561/2561 2564/2564/2564 2566/2566/2566
f 2571/2571/2571 2572/2572/2572 2574/2574/2574
f 2577/2577/2577 2579/2579/2579 2580/2580/2580
f 2581/2581/2581 2584/2584/2584 2586/2586/2586
f 2589/2589/2589 2592/2592/2592 2594/2594/2594
f 2598/2598/2598 2601/2601/2601 2602/2602/2602
f 2522/2522/2522 2606/2606/2606 2514/2514/2514
f 2605/2605/2605 2524/2524/2524 369/369/369
f 2607/2607/2607 741/741/741 2608/2608/2608
f 1166/1166/1166 2276/2276/2276 2608/2608/2608
f 1955/1955/1955 1956/1956/1956 137/137/137
f 418/418/418 417/417/417 1082/1082/1082
f 2609/2609/2609 2029/2029/2029 1334/1334/1334
f 469/469/469 2612/2612/2612 2379/2379/2379
f 462/462/462 2617/2617/2617 2389/2389/2389
f 2620/2620/2620 2023/2023/2023 1316/1316/1316
f 465/465/465 2621/2621/2621 2412/2412/2412
f 2626/2626/2626 2018/2018/2018 1343/1343/1343
f 460/460/460 2629/2629/2629 2401/2401/2401
f 2630/2630/2630 2011/2011/2011 1325/1325/1325
f 2635/2635/2635 1055/1055/1055 493/493/493
f 1468/1468/1468 1467/1467/1467 2642/2642/2642
f 1507/1507/1507 2644/2644/2644 1503/1503/1503
f 237/237/237 2049/2049/2049 2048/2048/2048
f 885/885/885 2646/2646/2646 254/254/254
f 1630/1630/1630 1163/1163/1163 2647/2647/2647
f 1432/1432/1432 2650/2650/2650 1433/1433/1433
f 2653/2653/2653 150/150/150 174/174/174
f 1636/1636/1636 1866/1866/1866 774/774/774
f 777/777/777 774/774/774 1866/1866/1866
f 1983/1983/1983 1960/1960/1960 2655/2655/2655
f 1982/1982/1982 1984/1984/1984 2657/2657/2657
f 1991/1991/1991 1948/1948/1948 2660/2660/2660
f 1990/1990/1990 1992/1992/1992 2661/2661/2661
f 1123/1123/1123 527/527/527 1119/1119/1119
f 2009/2009/2009 2007/2007/2007 2666/2666/2666
f 1545/1545/1545 2667/2667/2667 698/698/698
f 698/698/698 2667/2667/2667 2143/2143/2143
f 1032/1032/1032 2671/2671/2671 1023/1023/1023
f 1686/1686/1686 1515/1515/1515 1031/1031/1031
f 845/845/845 842/842/842 835/835/835
f 2676/2676/2676 2677/2677/2677 690/690/690
f 45/45/45 1542/1542/1542 1541/1541/1541
f 768/768/768 2253/2253/2253 1533/1533/1533
f 223/223/223 1581/1581/1581 225/225/225
f 1964/1964/1964 2682/2682/2682 1581/1581/1581
f 273/273/273 2683/2683/2683 2685/2685/2685
f 731/731/731 2686/2686/2686 273/273/273
f 726/726/726 2687/2687/2687 268/268/268
f 268/268/268 2688/2688/2688 2690/2690/2690
f 258/258/258 2691/2691/2691 2693/2693/2693
f 727/727/727 2694/2694/2694 258/258/258
f 280/280/280 2695/2695/2695 2697/2697/2697
f 722/722/722 2698/2698/2698 280/280/280
f 459/459/459 1324/1324/1324 1319/1319/1319
f 1364/1364/1364 2699/2699/2699 1365/1365/1365
f 442/442/442 1314/1314/1314 1310/1310/1310
f 1348/1348/1348 2701/2701/2701 1349/1349/1349
f 1382/1382/1382 2703/2703/2703 1383/1383/1383
f 464/464/464 1340/1340/1340 1339/1339/1339
f 1366/1366/1366 2705/2705/2705 1367/1367/1367
f 468/468/468 1333/1333/1333 1328/1328/1328
f 787/787/787 2707/2707/2707 2245/2245/2245
f 787/787/787 668/668/668 667/667/667
f 42/42/42 2708/2708/2708 1925/1925/1925
f 1924/1924/1924 42/42/42 1925/1925/1925
f 2211/2211/2211 1389/1389/1389 1821/1821/1821
f 37/37/37 1389/1389/1389 2211/2211/2211
f 1702/1702/1702 2710/2710/2710 1700/1700/1700
f 2712/2712/2712 1705/1705/1705 113/113/113
f 2715/2715/2715 1710/1710/1710 88/88/88
f 1707/1707/1707 2714/2714/2714 1714/1714/1714
f 1500/1500/1500 2718/2718/2718 1935/1935/1935
f 2718/2718/2718 1500/1500/1500 1499/1499/1499
f 102/102/102 1738/1738/1738 2367/2367/2367
f 1732/1732/1732 2366/2366/2366 1740/1740/1740
f 1744/1744/1744 2361/2361/2361 1749/1749/1749
f 119/119/119 1750/1750/1750 2359/2359/2359
f 1646/1646/1646 176/176/176 178/178/178
f 1083/1083/1083 560/560/560 1081/1081/1081
f 2720/2720/2720 2721/2721/2721 2722/2722/2722
f 2122/2122/2122 1179/1179/1179 1177/1177/1177
f 2723/2723/2723 2724/2724/2724 2725/2725/2725
f 2496/2496/2496 1136/1136/1136 1135/1135/1135
f 2726/2726/2726 1923/1923/1923 236/236/236
f 1067/1067/1067 2726/2726/2726 2097/2097/2097
f 1640/1640/1640 216/216/216 215/215/215
f 1089/1089/1089 563/563/563 1088/1088/1088
f 2727/2727/2727 2729/2729/2729 2730/2730/2730
f 2727/2727/2727 2057/2057/2057 2059/2059/2059
f 2732/2732/2732 2734/2734/2734 2735/2735/2735
f 2732/2732/2732 2072/2072/2072 2074/2074/2074
f 2738/2738/2738 2739/2739/2739 2741/2741/2741
f 2738/2738/2738 2052/2052/2052 2053/2053/2053
f 2743/2743/2743 2744/2744/2744 2746/2746/2746
f 2743/2743/2743 2064/2064/2064 2065/2065/2065
f 2747/2747/2747 2749/2749/2749 2750/2750/2750
f 734/734/734 2751/2751/2751 2752/2752/2752
f 725/725/725 2753/2753/2753 2754/2754/2754
f 2755/2755/2755 2757/2757/2757 2758/2758/2758
f 2759/2759/2759 2761/2761/2761 2762/2762/2762
f 730/730/730 2763/2763/2763 2764/2764/2764
f 721/721/721 2765/2765/2765 2766/2766/2766
f 2768/2768/2768 2769/2769/2769 2770/2770/2770
f 394/394/394 2771/2771/2771 2772/2772/2772
f 2775/2775/2775 2777/2777/2777 2778/2778/2778
f 390/390/390 2746/2746/2746 2744/2744/2744
f 2781/2781/2781 2785/2785/2785 2786/2786/2786
f 2788/2788/2788 2791/2791/2791 2793/2793/2793
f 511/511/511 2796/2796/2796 2797/2797/2797
f 2799/2799/2799 2800/2800/2800 2804/2804/2804
f 402/402/402 2735/2735/2735 2734/2734/2734
f 2806/2806/2806 2809/2809/2809 2810/2810/2810
f 399/399/399 2730/2730/2730 2729/2729/2729
f 2813/2813/2813 2816/2816/2816 2818/2818/2818
f 436/436/436 2741/2741/2741 2739/2739/2739
f 403/403/403 2819/2819/2819 2820/2820/2820
f 2821/2821/2821 2824/2824/2824 2828/2828/2828
f 2831/2831/2831 2832/2832/2832 2835/2835/2835
f 391/391/391 2837/2837/2837 2838/2838/2838
f 769/769/769 133/133/133 770/770/770
f 2252/2252/2252 2839/2839/2839 1920/1920/1920
f 968/968/968 655/655/655 657/657/657
f 2036/2036/2036 655/655/655 1008/1008/1008
f 2594/2594/2594 2840/2840/2840 2589/2589/2589
f 2441/2441/2441 2842/2842/2842 2438/2438/2438
f 2450/2450/2450 2844/2844/2844 2447/2447/2447
f 2586/2586/2586 2846/2846/2846 2581/2581/2581
f 2566/2566/2566 2848/2848/2848 2561/2561/2561
f 2427/2427/2427 2850/2850/2850 2425/2425/2425
f 2418/2418/2418 2853/2853/2853 2415/2415/2415
f 2558/2558/2558 2854/2854/2854 2553/2553/2553
f 2479/2479/2479 2858/2858/2858 2474/2474/2474
f 2859/2859/2859 2863/2863/2863 2864/2864/2864
f 2489/2489/2489 2867/2867/2867 2484/2484/2484
f 2869/2869/2869 2872/2872/2872 2875/2875/2875
f 2877/2877/2877 2880/2880/2880 2882/2882/2882
f 2461/2461/2461 2884/2884/2884 2456/2456/2456
f 2886/2886/2886 2888/2888/2888 2891/2891/2891
f 2472/2472/2472 2895/2895/2895 2467/2467/2467
f 2445/2445/2445 2896/2896/2896 2442/2442/2442
f 2483/2483/2483 2898/2898/2898 2481/2481/2481
f 2494/2494/2494 2900/2900/2900 2491/2491/2491
f 2423/2423/2423 2901/2901/2901 2419/2419/2419
f 2437/2437/2437 2902/2902/2902 2433/2433/2433
f 2454/2454/2454 2904/2904/2904 2451/2451/2451
f 2465/2465/2465 2905/2905/2905 2462/2462/2462
f 2432/2432/2432 2907/2907/2907 2428/2428/2428
f 1775/1775/1775 2811/2811/2811 2808/2808/2808
f 2909/2909/2909 2754/2754/2754 2753/2753/2753
f 2911/2911/2911 2766/2766/2766 2765/2765/2765
f 1781/1781/1781 2817/2817/2817 2814/2814/2814
f 1788/1788/1788 2803/2803/2803 2801/2801/2801
f 2912/2912/2912 2752/2752/2752 2751/2751/2751
f 2915/2915/2915 2764/2764/2764 2763/2763/2763
f 1794/1794/1794 2787/2787/2787 2783/2783/2783
f 512/512/512 2795/2795/2795 2792/2792/2792
f 2916/2916/2916 2919/2919/2919 2921/2921/2921
f 2922/2922/2922 2925/2925/2925 2927/2927/2927
f 1802/1802/1802 2779/2779/2779 2776/2776/2776
f 2930/2930/2930 2932/2932/2932 2933/2933/2933
f 1812/1812/1812 2827/2827/2827 2825/2825/2825
f 1806/1806/1806 2836/2836/2836 2833/2833/2833
f 2935/2935/2935 2938/2938/2938 2939/2939/2939
f 1763/1763/1763 2750/2750/2750 2749/2749/2749
f 2940/2940/2940 2820/2820/2820 2819/2819/2819
f 2943/2943/2943 2772/2772/2772 2771/2771/2771
f 1768/1768/1768 2758/2758/2758 2757/2757/2757
f 1772/1772/1772 2762/2762/2762 2761/2761/2761
f 2945/2945/2945 2838/2838/2838 2837/2837/2837
f 2946/2946/2946 2797/2797/2797 2796/2796/2796
f 431/431/431 2770/2770/2770 2769/2769/2769
f 877/877/877 876/876/876 2353/2353/2353
f 1955/1955/1955 2353/2353/2353 876/876/876
f 368/368/368 1277/1277/1277 2949/2949/2949
f 1556/1556/1556 1553/1553/1553 364/364/364
f 1647/1647/1647 1980/1980/1980 821/821/821
f 821/821/821 825/825/825 416/416/416
f 778/778/778 783/783/783 385/385/385
f 1641/1641/1641 1989/1989/1989 778/778/778
f 53/53/53 2952/2952/2952 48/48/48
f 1388/1388/1388 2952/2952/2952 1386/1386/1386
f 54/54/54 41/41/41 1137/1137/1137
f 1684/1684/1684 1137/1137/1137 2953/2953/2953
f 53/53/53 1181/1181/1181 1180/1180/1180
f 1666/1666/1666 1180/1180/1180 2955/2955/2955
f 2541/2541/2541 2542/2542/2542 2957/2957/2957
f 2960/2960/2960 550/550/550 554/554/554
f 910/910/910 909/909/909 889/889/889
f 2143/2143/2143 2148/2148/2148 889/889/889
f 1658/1658/1658 408/408/408 1171/1171/1171
f 2172/2172/2172 408/408/408 1656/1656/1656
f 2962/2962/2962 2963/2963/2963 1210/1210/1210
f 341/341/341 2865/2865/2865 2861/2861/2861
f 2964/2964/2964 2965/2965/2965 1214/1214/1214
f 343/343/343 2874/2874/2874 2873/2873/2873
f 2966/2966/2966 2967/2967/2967 960/960/960
f 321/321/321 2881/2881/2881 2878/2878/2878
f 338/338/338 2892/2892/2892 2889/2889/2889
f 2968/2968/2968 2969/2969/2969 1218/1218/1218
f 2312/2312/2312 2311/2311/2311 2309/2309/2309
f 749/749/749 746/746/746 1979/1979/1979
f 786/786/786 785/785/785 1725/1725/1725
f 666/666/666 663/663/663 1720/1720/1720
f 2236/2236/2236 1588/1588/1588 2238/2238/2238
f 712/712/712 2305/2305/2305 1301/1301/1301
f 2231/2231/2231 1576/1576/1576 2232/2232/2232
f 672/672/672 2268/2268/2268 1074/1074/1074
f 2316/2316/2316 2319/2319/2319 1505/1505/1505
f 2317/2317/2317 2971/2971/2971 1093/1093/1093
f 1136/1136/1136 1857/1857/1857 750/750/750
f 314/314/314 2972/2972/2972 752/752/752
f 2140/2140/2140 949/949/949 2977/2977/2977
f 1654/1654/1654 1247/1247/1247 2162/2162/2162
f 1614/1614/1614 1608/1608/1608 2979/2979/2979
f 1220/1220/1220 1052/1052/1052 2984/2984/2984
f 2509/2509/2509 2989/2989/2989 2502/2502/2502
f 684/684/684 2986/2986/2986 2512/2512/2512
f 1071/1071/1071 2991/2991/2991 83/83/83
f 2990/2990/2990 1072/1072/1072 300/300/300
f 1873/1873/1873 1059/1059/1059 1875/1875/1875
f 1059/1059/1059 2993/2993/2993 2994/2994/2994
f 774/774/774 2996/2996/2996 1636/1636/1636
f 2243/2243/2243 2997/2997/2997 870/870/870
f 413/413/413 1953/1953/1953 1951/1951/1951
f 2355/2355/2355 1953/1953/1953 2998/2998/2998
f 551/551/551 1062/1062/1062 1060/1060/1060
f 2546/2546/2546 1062/1062/1062 3001/3001/3001
f 687/687/687 2680/2680/2680 1454/1454/1454
f 1033/1033/1033 1027/1027/1027 1689/1689/1689
f 1059/1059/1059 1561/1561/1561 2993/2993/2993
f 1497/1497/1497 1561/1561/1561 1560/1560/1560
f 1879/1879/1879 2154/2154/2154 984/984/984
f 985/985/985 984/984/984 1091/1091/1091
f 1650/1650/1650 1038/1038/1038 1037/1037/1037
f 1036/1036/1036 1038/1038/1038 1650/1650/1650
f 781/781/781 3003/3003/3003 2314/2314/2314
f 1988/1988/1988 1190/1190/1190 3007/3007/3007
f 1496/1496/1496 545/545/545 547/547/547
f 546/546/546 545/545/545 1114/1114/1114
f 2979/2979/2979 3011/3011/3011 1614/1614/1614
f 1603/1603/1603 1599/1599/1599 1054/1054/1054
f 1986/1986/1986 1993/1993/1993 157/157/157
f 1993/1993/1993 3014/3014/3014 894/894/894
f 2326/2326/2326 2328/2328/2328 2244/2244/2244
f 1670/1670/1670 217/217/217 565/565/565
f 1638/1638/1638 1637/1637/1637 868/868/868
f 1464/1464/1464 868/868/868 249/249/249
f 1111/1111/1111 1020/1020/1020 2668/2668/2668
f 1525/1525/1525 1523/1523/1523 1106/1106/1106
f 1099/1099/1099 2115/2115/2115 363/363/363
f 2112/2112/2112 2108/2108/2108 2116/2116/2116
f 372/372/372 3016/3016/3016 831/831/831
f 2100/2100/2100 499/499/499 3017/3017/3017
f 2040/2040/2040 2044/2044/2044 985/985/985
f 1091/1091/1091 1090/1090/1090 985/985/985
f 643/643/643 3021/3021/3021 2155/2155/2155
f 3022/3022/3022 3020/3020/3020 644/644/644
f 1008/1008/1008 1005/1005/1005 2036/2036/2036
f 1752/1752/1752 2035/2035/2035 1754/1754/1754
f 1760/1760/1760 3025/3025/3025 1755/1755/1755
f 3024/3024/3024 409/409/409 414/414/414
f 824/824/824 1536/1536/1536 2169/2169/2169
f 1981/1981/1981 819/819/819 3027/3027/3027
f 1565/1565/1565 2388/2388/2388 2615/2615/2615
f 1565/1565/1565 2383/2383/2383 2388/2388/2388
f 1562/1562/1562 2373/2373/2373 2380/2380/2380
f 1562/1562/1562 2380/2380/2380 2613/2613/2613
f 1566/1566/1566 2394/2394/2394 2402/2402/2402
f 1566/1566/1566 2402/2402/2402 2627/2627/2627
f 1568/1568/1568 2406/2406/2406 2411/2411/2411
f 1568/1568/1568 2411/2411/2411 2622/2622/2622
f 595/595/595 3029/3029/3029 1373/1373/1373
f 595/595/595 1373/1373/1373 1370/1370/1370
f 606/606/606 3031/3031/3031 1380/1380/1380
f 606/606/606 1380/1380/1380 1377/1377/1377
f 602/602/602 1363/1363/1363 1359/1359/1359
f 602/602/602 3034/3034/3034 1363/1363/1363
f 441/441/441 3037/3037/3037 1356/1356/1356
f 441/441/441 1356/1356/1356 1352/1352/1352
f 2329/2329/2329 558/558/558 1083/1083/1083
f 2234/2234/2234 558/558/558 2329/2329/2329
f 34/34/34 709/709/709 1172/1172/1172
f 1037/1037/1037 709/709/709 34/34/34
f 1656/1656/1656 156/156/156 2172/2172/2172
f 2046/2046/2046 2172/2172/2172 156/156/156
f 3040/3040/3040 1486/1486/1486 1487/1487/1487
f 1195/1195/1195 3040/3040/3040 1674/1674/1674
f 2320/2320/2320 3041/3041/3041 561/561/561
f 2235/2235/2235 561/561/561 3041/3041/3041
f 1295/1295/1295 1969/1969/1969 1290/1290/1290
f 1969/1969/1969 3042/3042/3042 287/287/287
f 669/669/669 2246/2246/2246 1571/1571/1571
f 669/669/669 1571/1571/1571 1286/1286/1286
f 716/716/716 2269/2269/2269 1583/1583/1583
f 1583/1583/1583 140/140/140 716/716/716
f 1967/1967/1967 875/875/875 877/877/877
f 2167/2167/2167 874/874/874 1968/1968/1968
f 1997/1997/1997 700/700/700 699/699/699
f 2094/2094/2094 701/701/701 1996/1996/1996
f 1633/1633/1633 2297/2297/2297 2648/2648/2648
f 2298/2298/2298 1631/1631/1631 247/247/247
f 2664/2664/2664 1476/1476/1476 3046/3046/3046
f 2642/2642/2642 1999/1999/1999 1468/1468/1468
f 1057/1057/1057 2634/2634/2634 1607/1607/1607
f 2639/2639/2639 1593/1593/1593 3051/3051/3051
f 232/232/232 145/145/145 1871/1871/1871
f 143/143/143 142/142/142 1058/1058/1058
f 2091/2091/2091 2088/2088/2088 1464/1464/1464
f 249/249/249 248/248/248 1464/1464/1464
f 1198/1198/1198 39/39/39 38/38/38
f 2089/2089/2089 866/866/866 1464/1464/1464
f 3054/3054/3054 1324/1324/1324 459/459/459
f 1357/1357/1357 2293/2293/2293 1360/1360/1360
f 3056/3056/3056 1314/1314/1314 442/442/442
f 1350/1350/1350 2287/2287/2287 1351/1351/1351
f 3060/3060/3060 1333/1333/1333 468/468/468
f 1368/1368/1368 2279/2279/2279 1369/1369/1369
f 3063/3063/3063 1340/1340/1340 464/464/464
f 1375/1375/1375 2282/2282/2282 1376/1376/1376
f 439/439/439 2921/2921/2921 2919/2919/2919
f 2200/2200/2200 2535/2535/2535 2533/2533/2533
f 598/598/598 2927/2927/2927 2925/2925/2925
f 2184/2184/2184 2530/2530/2530 2529/2529/2529
f 601/601/601 2939/2939/2939 2938/2938/2938
f 2193/2193/2193 2538/2538/2538 2540/2540/2540
f 605/605/605 2933/2933/2933 2932/2932/2932
f 2176/2176/2176 2527/2527/2527 2525/2525/2525
f 1085/1085/1085 3065/3065/3065 3066/3066/3066
f 218/218/218 3064/3064/3064 1086/1086/1086
f 2039/2039/2039 1881/1881/1881 1880/1880/1880
f 1879/1879/1879 2039/2039/2039 2153/2153/2153
f 1424/1424/1424 3068/3068/3068 1222/1222/1222
f 2337/2337/2337 765/765/765 1423/1423/1423
f 1696/1696/1696 2709/2709/2709 1884/1884/1884
f 114/114/114 1885/1885/1885 2711/2711/2711
f 90/90/90 1895/1895/1895 2713/2713/2713
f 1716/1716/1716 2716/2716/2716 1893/1893/1893
f 250/250/250 3071/3071/3071 2307/2307/2307
f 3071/3071/3071 2645/2645/2645 884/884/884
f 237/237/237 3073/3073/3073 1723/1723/1723
f 3073/3073/3073 864/864/864 862/862/862
f 1172/1172/1172 51/51/51 34/34/34
f 51/51/51 1172/1172/1172 1965/1965/1965
f 3074/3074/3074 2321/2321/2321 2320/2320/2320
f 2953/2953/2953 1137/1137/1137 1677/1677/1677
f 2167/2167/2167 292/292/292 291/291/291
f 1387/1387/1387 1386/1386/1386 2166/2166/2166
f 2364/2364/2364 1891/1891/1891 100/100/100
f 10/10/10 1890/1890/1890 2365/2365/2365
f 28/28/28 1899/1899/1899 2360/2360/2360
f 2362/2362/2362 1901/1901/1901 118/118/118
f 185/185/185 1443/1443/1443 1442/1442/1442
f 211/211/211 708/708/708 992/992/992
f 314/314/314 3076/3076/3076 312/312/312
f 1937/1937/1937 752/752/752 1117/1117/1117
f 3077/3077/3077 2332/2332/2332 2330/2330/2330
f 2955/2955/2955 1180/1180/1180 1661/1661/1661
f 718/718/718 717/717/717 695/695/695
f 718/718/718 3079/3079/3079 1301/1301/1301
f 1175/1175/1175 1174/1174/1174 224/224/224
f 1639/1639/1639 1175/1175/1175 196/196/196
f 2653/2653/2653 2650/2650/2650 1432/1432/1432
f 2652/2652/2652 1438/1438/1438 1435/1435/1435
f 177/177/177 2249/2249/2249 2251/2251/2251
f 177/177/177 1667/1667/1667 556/556/556
f 2543/2543/2543 1066/1066/1066 1069/1069/1069
f 1066/1066/1066 2545/2545/2545 1116/1116/1116
f 995/995/995 620/620/620 830/830/830
f 619/619/619 994/994/994 3081/3081/3081
f 1449/1449/1449 1455/1455/1455 2678/2678/2678
f 2679/2679/2679 2673/2673/2673 1444/1444/1444
f 961/961/961 1954/1954/1954 876/876/876
f 963/963/963 3084/3084/3084 964/964/964
f 40/40/40 1864/1864/1864 1947/1947/1947
f 868/868/868 867/867/867 1638/1638/1638
f 140/140/140 1544/1544/1544 716/716/716
f 1544/1544/1544 140/140/140 2275/2275/2275
f 1286/1286/1286 2209/2209/2209 669/669/669
f 2209/2209/2209 1286/1286/1286 1818/1818/1818
f 1205/1205/1205 219/219/219 3087/3087/3087
f 219/219/219 1205/1205/1205 2205/2205/2205
f 2127/2127/2127 1762/1762/1762 2126/2126/2126
f 1761/1761/1761 1757/1757/1757 1762/1762/1762
f 3032/3032/3032 2175/2175/2175 1379/1379/1379
f 276/276/276 3088/3088/3088 1211/1211/1211
f 3028/3028/3028 2183/2183/2183 1374/1374/1374
f 265/265/265 3089/3089/3089 1207/1207/1207
f 262/262/262 3090/3090/3090 1215/1215/1215
f 3036/3036/3036 2189/2189/2189 1361/1361/1361
f 3039/3039/3039 2198/2198/2198 1354/1354/1354
f 283/283/283 3091/3091/3091 957/957/957
f 1481/1481/1481 45/45/45 44/44/44
f 2045/2045/2045 1479/1479/1479 985/985/985
f 999/999/999 1001/1001/1001 414/414/414
f 1952/1952/1952 286/286/286 2660/2660/2660
f 1874/1874/1874 1876/1876/1876 554/554/554
f 1061/1061/1061 893/893/893 2655/2655/2655
f 136/136/136 1970/1970/1970 2355/2355/2355
f 137/137/137 136/136/136 2354/2354/2354
f 1547/1547/1547 3092/3092/3092 1548/1548/1548
f 386/386/386 2144/2144/2144 908/908/908
f 137/137/137 2353/2353/2353 1955/1955/1955
f 2354/2354/2354 2353/2353/2353 137/137/137
f 1961/1961/1961 1963/1963/1963 1194/1194/1194
f 1198/1198/1198 1197/1197/1197 39/39/39
f 2131/2131/2131 2135/2135/2135 374/374/374
f 2136/2136/2136 2132/2132/2132 1259/1259/1259
f 526/526/526 3094/3094/3094 3099/3099/3099
f 525/525/525 1127/1127/1127 3095/3095/3095
f 581/581/581 917/917/917 925/925/925
f 920/920/920 916/916/916 582/582/582
f 930/930/930 928/928/928 575/575/575
f 574/574/574 929/929/929 936/936/936
f 901/901/901 898/898/898 451/451/451
f 452/452/452 899/899/899 449/449/449
f 575/575/575 579/579/579 1398/1398/1398
f 3103/3103/3103 578/578/578 3106/3106/3106
f 3108/3108/3108 586/586/586 3111/3111/3111
f 582/582/582 585/585/585 1404/1404/1404
f 573/573/573 1142/1142/1142 1147/1147/1147
f 3112/3112/3112 571/571/571 3114/3114/3114
f 3117/3117/3117 594/594/594 3120/3120/3120
f 593/593/593 1151/1151/1151 1155/1155/1155
f 3123/3123/3123 1407/1407/1407 3125/3125/3125
f 1406/1406/1406 791/791/791 2223/2223/2223
f 451/451/451 455/455/455 1410/1410/1410
f 3125/3125/3125 456/456/456 3123/3123/3123
f 3128/3128/3128 445/445/445 1234/1234/1234
f 444/444/444 1230/1230/1230 447/447/447
f 3114/3114/3114 1392/1392/1392 3112/3112/3112
f 576/576/576 1393/1393/1393 809/809/809
f 3120/3120/3120 1391/1391/1391 3117/3117/3117
f 584/584/584 1390/1390/1390 799/799/799
f 1230/1230/1230 1228/1228/1228 447/447/447
f 446/446/446 1229/1229/1229 454/454/454
f 3106/3106/3106 1394/1394/1394 3103/3103/3103
f 1395/1395/1395 568/568/568 2219/2219/2219
f 3111/3111/3111 1401/1401/1401 3108/3108/3108
f 1400/1400/1400 588/588/588 2221/2221/2221
f 1156/1156/1156 1150/1150/1150 583/583/583
f 1151/1151/1151 1149/1149/1149 1155/1155/1155
f 1142/1142/1142 1141/1141/1141 1147/1147/1147
f 1148/1148/1148 1140/1140/1140 577/577/577
f 809/809/809 1491/1491/1491 856/856/856
f 855/855/855 1490/1490/1490 570/570/570
f 852/852/852 1494/1494/1494 591/591/591
f 799/799/799 1495/1495/1495 851/851/851
f 591/591/591 1492/1492/1492 852/852/852
f 588/588/588 1493/1493/1493 590/590/590
f 570/570/570 1489/1489/1489 855/855/855
f 568/568/568 1488/1488/1488 569/569/569
f 793/793/793 1482/1482/1482 2227/2227/2227
f 791/791/791 1483/1483/1483 792/792/792
f 770/770/770 151/151/151 1170/1170/1170
f 132/132/132 1855/1855/1855 151/151/151
f 1227/1227/1227 483/483/483 1050/1050/1050
f 1226/1226/1226 761/761/761 480/480/480
f 1206/1206/1206 1205/1205/1205 3087/3087/3087
f 2142/2142/2142 1206/1206/1206 3087/3087/3087
f 165/165/165 2301/2301/2301 163/163/163
f 163/163/163 2301/2301/2301 1932/1932/1932
f 977/977/977 3129/3129/3129 974/974/974
f 3129/3129/3129 977/977/977 2265/2265/2265
f 2058/2058/2058 2728/2728/2728 263/263/263
f 3132/3132/3132 2728/2728/2728 3135/3135/3135
f 2063/2063/2063 2742/2742/2742 260/260/260
f 3136/3136/3136 2742/2742/2742 3137/3137/3137
f 2051/2051/2051 2737/2737/2737 281/281/281
f 3140/3140/3140 2737/2737/2737 3143/3143/3143
f 2073/2073/2073 2733/2733/2733 274/274/274
f 3144/3144/3144 2733/2733/2733 3146/3146/3146
f 2726/2726/2726 3148/3148/3148 2097/2097/2097
f 2094/2094/2094 235/235/235 234/234/234
f 1866/1866/1866 1865/1865/1865 777/777/777
f 1189/1189/1189 777/777/777 1860/1860/1860
f 1063/1063/1063 1066/1066/1066 1113/1113/1113
f 1113/1113/1113 1499/1499/1499 1063/1063/1063
f 2661/2661/2661 1992/1992/1992 771/771/771
f 1921/1921/1921 1920/1920/1920 3150/3150/3150
f 2657/2657/2657 1984/1984/1984 228/228/228
f 1676/1676/1676 1674/1674/1674 3151/3151/3151
f 2357/2357/2357 660/660/660 2356/2356/2356
f 244/244/244 1285/1285/1285 1284/1284/1284
f 1243/1243/1243 193/193/193 198/198/198
f 193/193/193 1243/1243/1243 1644/1644/1644
f 646/646/646 767/767/767 766/766/766
f 1539/1539/1539 2037/2037/2037 767/767/767
f 1861/1861/1861 1962/1962/1962 2313/2313/2313
f 1864/1864/1864 40/40/40 55/55/55
f 910/910/910 889/889/889 888/888/888
f 888/888/888 1994/1994/1994 2546/2546/2546
f 2341/2341/2341 3098/3098/3098 3097/3097/3097
f 3100/3100/3100 2339/2339/2339 2337/2337/2337
f 818/818/818 653/653/653 1538/1538/1538
f 2038/2038/2038 653/653/653 651/651/651
f 2685/2685/2685 1338/1338/1338 273/273/273
f 1339/1339/1339 3153/3153/3153 2621/2621/2621
f 2690/2690/2690 1330/1330/1330 268/268/268
f 1328/1328/1328 3158/3158/3158 2612/2612/2612
f 2693/2693/2693 1320/1320/1320 258/258/258
f 1319/1319/1319 3161/3161/3161 2629/2629/2629
f 2697/2697/2697 1311/1311/1311 280/280/280
f 1310/1310/1310 3162/3162/3162 2617/2617/2617
f 1012/1012/1012 1009/1009/1009 1513/1513/1513
f 1512/1512/1512 1011/1011/1011 2256/2256/2256
f 3166/3166/3166 353/353/353 3168/3168/3168
f 352/352/352 3167/3167/3167 1265/1265/1265
f 426/426/426 323/323/323 423/423/423
f 427/427/427 1597/1597/1597 324/324/324
f 1620/1620/1620 473/473/473 2254/2254/2254
f 474/474/474 472/472/472 1618/1618/1618
f 3171/3171/3171 351/351/351 350/350/350
f 3172/3172/3172 419/419/419 1941/1941/1941
f 1938/1938/1938 1245/1245/1245 330/330/330
f 1941/1941/1941 331/331/331 3172/3172/3172
f 3174/3174/3174 517/517/517 1431/1431/1431
f 516/516/516 3173/3173/3173 1472/1472/1472
f 3176/3176/3176 523/523/523 520/520/520
f 3168/3168/3168 504/504/504 3166/3166/3166
f 1487/1487/1487 1486/1486/1486 230/230/230
f 162/162/162 161/161/161 1486/1486/1486
f 1650/1650/1650 3178/3178/3178 1036/1036/1036
f 1036/1036/1036 3178/3178/3178 204/204/204
f 2724/2724/2724 2723/2723/2723 1134/1134/1134
f 1586/1586/1586 1588/1588/1588 2236/2236/2236
f 2721/2721/2721 2720/2720/2720 1178/1178/1178
f 1573/1573/1573 1576/1576/1576 2231/2231/2231
f 2708/2708/2708 384/384/384 236/236/236
f 54/54/54 1137/1137/1137 1684/1684/1684
f 980/980/980 979/979/979 1079/1079/1079
f 651/651/651 1079/1079/1079 2153/2153/2153
f 2839/2839/2839 133/133/133 769/769/769
f 134/134/134 133/133/133 860/860/860
f 3180/3180/3180 415/415/415 293/293/293
f 53/53/53 1180/1180/1180 1666/1666/1666
f 789/789/789 1433/1433/1433 787/787/787
f 1433/1433/1433 2707/2707/2707 787/787/787
f 205/205/205 3183/3183/3183 1580/1580/1580
f 1580/1580/1580 3183/3183/3183 226/226/226
f 397/397/397 2580/2580/2580 2579/2579/2579
f 2029/2029/2029 2033/2033/2033 2031/2031/2031
f 2023/2023/2023 2027/2027/2027 2025/2025/2025
f 434/434/434 2602/2602/2602 2601/2601/2601
f 2018/2018/2018 2020/2020/2020 2019/2019/2019
f 400/400/400 2552/2552/2552 2550/2550/2550
f 2011/2011/2011 2015/2015/2015 2013/2013/2013
f 388/388/388 2574/2574/2574 2572/2572/2572
f 1037/1037/1037 708/708/708 209/209/209
f 34/34/34 708/708/708 1037/1037/1037
f 544/544/544 3184/3184/3184 539/539/539
f 142/142/142 539/539/539 1560/1560/1560
f 1728/1728/1728 3185/3185/3185 2047/2047/2047
f 156/156/156 2047/2047/2047 2046/2046/2046
f 870/870/870 2997/2997/2997 2996/2996/2996
f 1298/1298/1298 871/871/871 2995/2995/2995
f 1091/1091/1091 175/175/175 173/173/173
f 980/980/980 175/175/175 978/978/978
f 2285/2285/2285 1375/1375/1375 2965/2965/2965
f 1383/1383/1383 343/343/343 273/273/273
f 1367/1367/1367 341/341/341 268/268/268
f 2280/2280/2280 1368/1368/1368 2963/2963/2963
f 2295/2295/2295 1357/1357/1357 2969/2969/2969
f 1365/1365/1365 338/338/338 258/258/258
f 1349/1349/1349 321/321/321 280/280/280
f 2290/2290/2290 1350/1350/1350 2967/2967/2967
f 1002/1002/1002 972/972/972 971/971/971
f 2126/2126/2126 1002/1002/1002 971/971/971
f 176/176/176 3186/3186/3186 1668/1668/1668
f 3186/3186/3186 176/176/176 1646/1646/1646
f 3187/3187/3187 3188/3188/3188 243/243/243
f 1971/1971/1971 1868/1868/1868 976/976/976
f 1817/1817/1817 1501/1501/1501 148/148/148
f 1507/1507/1507 1503/1503/1503 1501/1501/1501
f 1965/1965/1965 1578/1578/1578 226/226/226
f 610/610/610 1578/1578/1578 1965/1965/1965
f 1092/1092/1092 134/134/134 859/859/859
f 134/134/134 860/860/860 859/859/859
f 2037/2037/2037 1541/1541/1541 767/767/767
f 52/52/52 46/46/46 1880/1880/1880
f 1641/1641/1641 215/215/215 1989/1989/1989
f 215/215/215 1670/1670/1670 1642/1642/1642
f 2269/2269/2269 2237/2237/2237 1589/1589/1589
f 2269/2269/2269 2270/2270/2270 1583/1583/1583
f 2246/2246/2246 2233/2233/2233 1575/1575/1575
f 2246/2246/2246 2248/2248/2248 1571/1571/1571
f 2012/2012/2012 3189/3189/3189 2691/2691/2691
f 2014/2014/2014 2012/2012/2012 2694/2694/2694
f 2021/2021/2021 2017/2017/2017 2686/2686/2686
f 2017/2017/2017 3192/3192/3192 2683/2683/2683
f 2024/2024/2024 3193/3193/3193 2695/2695/2695
f 2026/2026/2026 2024/2024/2024 2698/2698/2698
f 2030/2030/2030 3196/3196/3196 2688/2688/2688
f 2032/2032/2032 2030/2030/2030 2687/2687/2687
f 49/49/49 1385/1385/1385 973/973/973
f 1971/1971/1971 49/49/49 973/973/973
f 217/217/217 216/216/216 3197/3197/3197
f 3197/3197/3197 216/216/216 1640/1640/1640
f 3088/3088/3088 276/276/276 2177/2177/2177
f 2526/2526/2526 2177/2177/2177 276/276/276
f 2531/2531/2531 2185/2185/2185 265/265/265
f 3089/3089/3089 265/265/265 2185/2185/2185
f 3090/3090/3090 262/262/262 2192/2192/2192
f 2537/2537/2537 2192/2192/2192 262/262/262
f 3091/3091/3091 283/283/283 2201/2201/2201
f 2534/2534/2534 2201/2201/2201 283/283/283
f 3198/3198/3198 3084/3084/3084 963/963/963
f 417/417/417 3198/3198/3198 1082/1082/1082
f 149/149/149 2315/2315/2315 172/172/172
f 150/150/150 149/149/149 172/172/172
f 970/970/970 1869/1869/1869 968/968/968
f 3201/3201/3201 2265/2265/2265 2263/2263/2263
f 1498/1498/1498 1976/1976/1976 1496/1496/1496
f 3204/3204/3204 1499/1499/1499 1113/1113/1113
f 656/656/656 407/407/407 406/406/406
f 1000/1000/1000 656/656/656 1001/1001/1001
f 245/245/245 1176/1176/1176 294/294/294
f 245/245/245 244/244/244 1284/1284/1284
f 3013/3013/3013 2980/2980/2980 1048/1048/1048
f 1049/1049/1049 2978/2978/2978 1611/1611/1611
f 2985/2985/2985 683/683/683 1025/1025/1025
f 1028/1028/1028 688/688/688 3207/3207/3207
f 951/951/951 2160/2160/2160 1250/1250/1250
f 2163/2163/2163 952/952/952 945/945/945
f 946/946/946 1227/1227/1227 1219/1219/1219
f 944/944/944 1221/1221/1221 1629/1629/1629
f 537/537/537 2137/2137/2137 1255/1255/1255
f 2138/2138/2138 536/536/536 532/532/532
f 3211/3211/3211 275/275/275 1787/1787/1787
f 275/275/275 2748/2748/2748 3213/3213/3213
f 3215/3215/3215 264/264/264 1780/1780/1780
f 264/264/264 2756/2756/2756 3217/3217/3217
f 3219/3219/3219 261/261/261 1793/1793/1793
f 261/261/261 2760/2760/2760 3221/3221/3221
f 282/282/282 2767/2767/2767 3224/3224/3224
f 3226/3226/3226 282/282/282 1786/1786/1786
f 147/147/147 144/144/144 162/162/162
f 147/147/147 162/162/162 2352/2352/2352
f 3023/3023/3023 183/183/183 3021/3021/3021
f 208/208/208 186/186/186 182/182/182
f 2337/2337/2337 1415/1415/1415 765/765/765
f 2334/2334/2334 2351/2351/2351 1413/1413/1413
f 2513/2513/2513 3228/3228/3228 1458/1458/1458
f 2516/2516/2516 1457/1457/1457 626/626/626
f 565/565/565 217/217/217 1669/1669/1669
f 3197/3197/3197 1669/1669/1669 217/217/217
f 886/886/886 1854/1854/1854 880/880/880
f 880/880/880 1854/1854/1854 1486/1486/1486
f 696/696/696 695/695/695 717/717/717
f 696/696/696 717/717/717 2124/2124/2124
f 1647/1647/1647 178/178/178 1980/1980/1980
f 2251/2251/2251 1649/1649/1649 178/178/178
f 2273/2273/2273 1064/1064/1064 1063/1063/1063
f 1070/1070/1070 1924/1924/1924 1923/1923/1923
f 650/650/650 1290/1290/1290 1288/1288/1288
f 1288/1288/1288 1957/1957/1957 2169/2169/2169
f 220/220/220 2171/2171/2171 2170/2170/2170
f 1084/1084/1084 220/220/220 218/218/218
f 784/784/784 3232/3232/3232 2333/2333/2333
f 1816/1816/1816 1508/1508/1508 1507/1507/1507
f 1543/1543/1543 3233/3233/3233 2274/2274/2274
f 2497/2497/2497 2498/2498/2498 1158/1158/1158
f 45/45/45 1481/1481/1481 1534/1534/1534
f 2253/2253/2253 1542/1542/1542 45/45/45
f 2325/2325/2325 1441/1441/1441 2250/2250/2250
f 1076/1076/1076 295/295/295 299/299/299
f 2327/2327/2327 1931/1931/1931 2328/2328/2328
f 1298/1298/1298 316/316/316 318/318/318
f 2994/2994/2994 2993/2993/2993 548/548/548
f 1875/1875/1875 548/548/548 1876/1876/1876
f 340/340/340 2774/2774/2774 3235/3235/3235
f 3236/3236/3236 340/340/340 1767/1767/1767
f 3135/3135/3135 736/736/736 3132/3132/3132
f 736/736/736 2805/2805/2805 3238/3238/3238
f 739/739/739 2782/2782/2782 3243/3243/3243
f 3137/3137/3137 739/739/739 3136/3136/3136
f 3244/3244/3244 342/342/342 1766/1766/1766
f 342/342/342 2822/2822/2822 3246/3246/3246
f 3146/3146/3146 738/738/738 3144/3144/3144
f 738/738/738 2798/2798/2798 3249/3249/3249
f 3252/3252/3252 320/320/320 1800/1800/1800
f 320/320/320 2789/2789/2789 3254/3254/3254
f 3256/3256/3256 339/339/339 1771/1771/1771
f 339/339/339 2829/2829/2829 3257/3257/3257
f 3143/3143/3143 1346/1346/1346 3140/3140/3140
f 1346/1346/1346 2812/2812/2812 3261/3261/3261
f 3187/3187/3187 243/243/243 294/294/294
f 1179/1179/1179 1851/1851/1851 1972/1972/1972
f 1818/1818/1818 2333/2333/2333 2209/2209/2209
f 2333/2333/2333 1818/1818/1818 1282/1282/1282
f 2274/2274/2274 2275/2275/2275 1167/1167/1167
f 2275/2275/2275 2274/2274/2274 1544/1544/1544
f 637/637/637 3080/3080/3080 998/998/998
f 2516/2516/2516 626/626/626 636/636/636
f 556/556/556 1667/1667/1667 1668/1668/1668
f 1668/1668/1668 1667/1667/1667 176/176/176
f 384/384/384 1683/1683/1683 234/234/234
f 1546/1546/1546 2095/2095/2095 3262/3262/3262
f 415/415/415 1665/1665/1665 291/291/291
f 962/962/962 2168/2168/2168 3263/3263/3263
f 214/214/214 213/213/213 1671/1671/1671
f 214/214/214 1867/1867/1867 2314/2314/2314
f 1278/1278/1278 1262/1262/1262 2129/2129/2129
f 1265/1265/1265 1276/1276/1276 352/352/352
f 1474/1474/1474 1471/1471/1471 2002/2002/2002
f 1478/1478/1478 326/326/326 1469/1469/1469
f 1594/1594/1594 1604/1604/1604 2637/2637/2637
f 1606/1606/1606 1592/1592/1592 430/430/430
f 155/155/155 1855/1855/1855 2414/2414/2414
f 1855/1855/1855 155/155/155 151/151/151
f 2725/2725/2725 1856/1856/1856 2723/2723/2723
f 566/566/566 711/711/711 564/564/564
f 2722/2722/2722 1850/1850/1850 2720/2720/2720
f 557/557/557 670/670/670 555/555/555
f 313/313/313 1133/1133/1133 314/314/314
f 138/138/138 313/313/313 312/312/312
f 1134/1134/1134 2723/2723/2723 2495/2495/2495
f 1859/1859/1859 2235/2235/2235 3041/3041/3041
f 1178/1178/1178 2720/2720/2720 2123/2123/2123
f 1852/1852/1852 2234/2234/2234 2329/2329/2329
f 1928/1928/1928 2304/2304/2304 2302/2302/2302
f 714/714/714 1300/1300/1300 1928/1928/1928
f 1074/1074/1074 2267/2267/2267 1436/1436/1436
f 674/674/674 1075/1075/1075 1437/1437/1437
f 2376/2376/2376 2060/2060/2060 470/470/470
f 2370/2370/2370 1563/1563/1563 3264/3264/3264
f 2384/2384/2384 2056/2056/2056 440/440/440
f 2390/2390/2390 1564/1564/1564 3266/3266/3266
f 2398/2398/2398 2066/2066/2066 461/461/461
f 2393/2393/2393 1567/1567/1567 3268/3268/3268
f 2408/2408/2408 2071/2071/2071 466/466/466
f 2404/2404/2404 1569/1569/1569 3270/3270/3270
f 1498/1498/1498 1977/1977/1977 1974/1974/1974
f 1977/1977/1977 1498/1498/1498 1560/1560/1560
f 970/970/970 1719/1719/1719 1718/1718/1718
f 1719/1719/1719 970/970/970 2046/2046/2046
f 3238/3238/3238 1780/1780/1780 736/736/736
f 1780/1780/1780 2908/2908/2908 3215/3215/3215
f 1787/1787/1787 2913/2913/2913 3211/3211/3211
f 3249/3249/3249 1787/1787/1787 738/738/738
f 1530/1530/1530 2917/2917/2917 2534/2534/2534
f 3254/3254/3254 1530/1530/1530 320/320/320
f 3235/3235/3235 1805/1805/1805 340/340/340
f 1805/1805/1805 2924/2924/2924 2531/2531/2531
f 3257/3257/3257 1810/1810/1810 339/339/339
f 1810/1810/1810 2936/2936/2936 2537/2537/2537
f 3261/3261/3261 1786/1786/1786 1346/1346/1346
f 1786/1786/1786 2910/2910/2910 3226/3226/3226
f 3246/3246/3246 1815/1815/1815 342/342/342
f 1815/1815/1815 2929/2929/2929 2526/2526/2526
f 3243/3243/3243 1793/1793/1793 739/739/739
f 1793/1793/1793 2914/2914/2914 3219/3219/3219
f 3217/3217/3217 1767/1767/1767 264/264/264
f 1767/1767/1767 2942/2942/2942 3236/3236/3236
f 3213/3213/3213 1766/1766/1766 275/275/275
f 1766/1766/1766 2941/2941/2941 3244/3244/3244
f 3224/3224/3224 1800/1800/1800 282/282/282
f 1800/1800/1800 2947/2947/2947 3252/3252/3252
f 1771/1771/1771 2944/2944/2944 3256/3256/3256
f 3221/3221/3221 1771/1771/1771 261/261/261
f 1948/1948/1948 1171/1171/1171 2660/2660/2660
f 1171/1171/1171 1000/1000/1000 999/999/999
f 667/667/667 788/788/788 787/787/787
f 788/788/788 667/667/667 2208/2208/2208
f 1960/1960/1960 1873/1873/1873 2655/2655/2655
f 1873/1873/1873 1875/1875/1875 1874/1874/1874
f 287/287/287 1953/1953/1953 2355/2355/2355
f 1953/1953/1953 287/287/287 285/285/285
f 894/894/894 1062/1062/1062 2546/2546/2546
f 1062/1062/1062 894/894/894 892/892/892
f 961/961/961 966/966/966 3085/3085/3085
f 3263/3263/3263 965/965/965 962/962/962
f 1545/1545/1545 1550/1550/1550 3093/3093/3093
f 3262/3262/3262 1549/1549/1549 1546/1546/1546
f 2294/2294/2294 3052/3052/3052 1358/1358/1358
f 2699/2699/2699 1364/1364/1364 3272/3272/3272
f 2289/2289/2289 3057/3057/3057 1353/1353/1353
f 2701/2701/2701 1348/1348/1348 3275/3275/3275
f 2703/2703/2703 1382/1382/1382 3277/3277/3277
f 2283/2283/2283 3062/3062/3062 1378/1378/1378
f 2705/2705/2705 1366/1366/1366 3279/3279/3279
f 2278/2278/2278 3058/3058/3058 1371/1371/1371
f 157/157/157 1993/1993/1993 213/213/213
f 213/213/213 158/158/158 157/157/157
f 53/53/53 47/47/47 1181/1181/1181
f 1181/1181/1181 47/47/47 1972/1972/1972
f 221/221/221 2170/2170/2170 641/641/641
f 2170/2170/2170 221/221/221 220/220/220
f 1978/1978/1978 747/747/747 1974/1974/1974
f 1935/1935/1935 2718/2718/2718 744/744/744
f 1721/1721/1721 662/662/662 1718/1718/1718
f 974/974/974 3129/3129/3129 661/661/661
f 532/532/532 3284/3284/3284 946/946/946
f 3280/3280/3280 531/531/531 2343/2343/2343
f 3288/3288/3288 2508/2508/2508 2507/2507/2507
f 2511/2511/2511 3286/3286/3286 685/685/685
f 2373/2373/2373 1562/1562/1562 2057/2057/2057
f 2370/2370/2370 2058/2058/2058 263/263/263
f 2383/2383/2383 1565/1565/1565 2052/2052/2052
f 2390/2390/2390 2051/2051/2051 281/281/281
f 2393/2393/2393 2063/2063/2063 260/260/260
f 2394/2394/2394 1566/1566/1566 2064/2064/2064
f 2406/2406/2406 1568/1568/1568 2072/2072/2072
f 2404/2404/2404 2073/2073/2073 274/274/274
f 835/835/835 827/827/827 845/845/845
f 828/828/828 3019/3019/3019 503/503/503
f 2116/2116/2116 1096/1096/1096 2112/2112/2112
f 1097/1097/1097 1107/1107/1107 1520/1520/1520
f 2669/2669/2669 1034/1034/1034 1518/1518/1518
f 1108/1108/1108 2672/2672/2672 1528/1528/1528
f 373/373/373 2133/2133/2133 1274/1274/1274
f 3018/3018/3018 371/371/371 2101/2101/2101
f 360/360/360 2121/2121/2121 1557/1557/1557
f 2118/2118/2118 2114/2114/2114 2105/2105/2105
f 2666/2666/2666 1122/1122/1122 2009/2009/2009
f 1118/1118/1118 535/535/535 1253/1253/1253
f 2164/2164/2164 2156/2156/2156 1655/1655/1655
f 2158/2158/2158 942/942/942 1623/1623/1623
f 165/165/165 247/247/247 2242/2242/2242
f 165/165/165 2242/2242/2242 869/869/869
f 1056/1056/1056 3010/3010/3010 1051/1051/1051
f 3009/3009/3009 1053/1053/1053 1602/1602/1602
f 1105/1105/1105 367/367/367 2523/2523/2523
f 1101/1101/1101 2521/2521/2521 2517/2517/2517
f 171/171/171 1649/1649/1649 2251/2251/2251
f 298/298/298 171/171/171 2251/2251/2251
f 195/195/195 3066/3066/3066 197/197/197
f 3065/3065/3065 197/197/197 3066/3066/3066
f 2083/2083/2083 2990/2990/2990 300/300/300
f 2082/2082/2082 82/82/82 2992/2992/2992
f 547/547/547 548/548/548 2993/2993/2993
f 547/547/547 1497/1497/1497 1496/1496/1496
f 1670/1670/1670 2326/2326/2326 2244/2244/2244
f 2244/2244/2244 1642/1642/1642 1670/1670/1670
f 2059/2059/2059 2729/2729/2729 2727/2727/2727
f 471/471/471 1336/1336/1336 1335/1335/1335
f 463/463/463 1318/1318/1318 1317/1317/1317
f 2053/2053/2053 2739/2739/2739 2738/2738/2738
f 2876/2876/2876 2884/2884/2884 2461/2461/2461
f 1828/1828/1828 437/437/437 1531/1531/1531
f 2860/2860/2860 2858/2858/2858 2479/2479/2479
f 1823/1823/1823 596/596/596 614/614/614
f 2887/2887/2887 2895/2895/2895 2472/2472/2472
f 1831/1831/1831 599/599/599 616/616/616
f 1825/1825/1825 603/603/603 617/617/617
f 2870/2870/2870 2867/2867/2867 2489/2489/2489
f 2419/2419/2419 2417/2417/2417 2415/2415/2415
f 733/733/733 1765/1765/1765 1764/1764/1764
f 2428/2428/2428 2426/2426/2426 2425/2425/2425
f 729/729/729 1774/1774/1774 1773/1773/1773
f 2561/2561/2561 2573/2573/2573 2570/2570/2570
f 389/389/389 1798/1798/1798 1796/1796/1796
f 2553/2553/2553 2551/2551/2551 2548/2548/2548
f 401/401/401 1792/1792/1792 1789/1789/1789
f 2433/2433/2433 2440/2440/2440 2438/2438/2438
f 720/720/720 433/433/433 432/432/432
f 2442/2442/2442 2449/2449/2449 2447/2447/2447
f 724/724/724 1770/1770/1770 1769/1769/1769
f 2418/2418/2418 2855/2855/2855 2559/2559/2559
f 1849/1849/1849 732/732/732 737/737/737
f 2427/2427/2427 2849/2849/2849 2567/2567/2567
f 1846/1846/1846 728/728/728 740/740/740
f 2074/2074/2074 2734/2734/2734 2732/2732/2732
f 467/467/467 1345/1345/1345 1344/1344/1344
f 458/458/458 1327/1327/1327 1326/1326/1326
f 2065/2065/2065 2744/2744/2744 2743/2743/2743
f 2465/2465/2465 2907/2907/2907 2432/2432/2432
f 1838/1838/1838 393/393/393 392/392/392
f 2494/2494/2494 2901/2901/2901 2423/2423/2423
f 1836/1836/1836 405/405/405 404/404/404
f 1845/1845/1845 723/723/723 735/735/735
f 2450/2450/2450 2847/2847/2847 2587/2587/2587
f 2441/2441/2441 2841/2841/2841 2595/2595/2595
f 1842/1842/1842 719/719/719 1347/1347/1347
f 1841/1841/1841 509/509/509 1799/1799/1799
f 2454/2454/2454 2902/2902/2902 2437/2437/2437
f 2483/2483/2483 2896/2896/2896 2445/2445/2445
f 1835/1835/1835 396/396/396 395/395/395
f 435/435/435 1785/1785/1785 1782/1782/1782
f 2589/2589/2589 2600/2600/2600 2599/2599/2599
f 2581/2581/2581 2578/2578/2578 2576/2576/2576
f 398/398/398 1779/1779/1779 1777/1777/1777
f 2455/2455/2455 2453/2453/2453 2451/2451/2451
f 510/510/510 515/515/515 514/514/514
f 613/613/613 1804/1804/1804 1803/1803/1803
f 2473/2473/2473 2482/2482/2482 2481/2481/2481
f 2466/2466/2466 2464/2464/2464 2462/2462/2462
f 615/615/615 1809/1809/1809 1808/1808/1808
f 2485/2485/2485 2493/2493/2493 2491/2491/2491
f 618/618/618 1814/1814/1814 1813/1813/1813
f 1551/1551/1551 2368/2368/2368 1682/1682/1682
f 3075/3075/3075 2954/2954/2954 1678/1678/1678
f 3078/3078/3078 2956/2956/2956 1660/1660/1660
f 967/967/967 2240/2240/2240 1663/1663/1663
f 1301/1301/1301 3079/3079/3079 1932/1932/1932
f 694/694/694 1932/1932/1932 695/695/695
f 2142/2142/2142 2141/2141/2141 36/36/36
f 2141/2141/2141 1389/1389/1389 36/36/36
f 1211/1211/1211 3088/3088/3088 3291/3291/3291
f 3031/3031/3031 606/606/606 2178/2178/2178
f 3029/3029/3029 595/595/595 2188/2188/2188
f 1207/1207/1207 3089/3089/3089 3293/3293/3293
f 1215/1215/1215 3090/3090/3090 3294/3294/3294
f 3034/3034/3034 602/602/602 2196/2196/2196
f 3037/3037/3037 441/441/441 2202/2202/2202
f 957/957/957 3091/3091/3091 3297/3297/3297
f 2150/2150/2150 2519/2519/2519 2516/2516/2516
f 2520/2520/2520 2152/2152/2152 1103/1103/1103
f 3298/3298/3298 981/981/981 1076/1076/1076
f 2653/2653/2653 174/174/174 982/982/982
f 170/170/170 1648/1648/1648 171/171/171
f 1981/1981/1981 1648/1648/1648 817/817/817
f 2031/2031/2031 2580/2580/2580 397/397/397
f 1335/1335/1335 397/397/397 471/471/471
f 2025/2025/2025 2602/2602/2602 434/434/434
f 1317/1317/1317 434/434/434 463/463/463
f 616/616/616 1807/1807/1807 1831/1831/1831
f 2938/2938/2938 2834/2834/2834 1807/1807/1807
f 2932/2932/2932 2826/2826/2826 1811/1811/1811
f 617/617/617 1811/1811/1811 1825/1825/1825
f 1531/1531/1531 513/513/513 1828/1828/1828
f 2919/2919/2919 2794/2794/2794 513/513/513
f 2925/2925/2925 2780/2780/2780 1801/1801/1801
f 614/614/614 1801/1801/1801 1823/1823/1823
f 959/959/959 439/439/439 438/438/438
f 2533/2533/2533 2921/2921/2921 439/439/439
f 1209/1209/1209 598/598/598 597/597/597
f 2529/2529/2529 2927/2927/2927 598/598/598
f 2525/2525/2525 2933/2933/2933 605/605/605
f 1213/1213/1213 605/605/605 604/604/604
f 2540/2540/2540 2939/2939/2939 601/601/601
f 1217/1217/1217 601/601/601 600/600/600
f 1773/1773/1773 730/730/730 729/729/729
f 2761/2761/2761 2763/2763/2763 730/730/730
f 2749/2749/2749 2751/2751/2751 734/734/734
f 1764/1764/1764 734/734/734 733/733/733
f 432/432/432 721/721/721 720/720/720
f 2769/2769/2769 2765/2765/2765 721/721/721
f 2757/2757/2757 2753/2753/2753 725/725/725
f 1769/1769/1769 725/725/725 724/724/724
f 2784/2784/2784 2746/2746/2746 390/390/390
f 1796/1796/1796 390/390/390 389/389/389
f 1789/1789/1789 402/402/402 401/401/401
f 2802/2802/2802 2735/2735/2735 402/402/402
f 2019/2019/2019 2552/2552/2552 400/400/400
f 1344/1344/1344 400/400/400 467/467/467
f 1326/1326/1326 388/388/388 458/458/458
f 2013/2013/2013 2574/2574/2574 388/388/388
f 2766/2766/2766 2817/2817/2817 1781/1781/1781
f 1347/1347/1347 1781/1781/1781 1842/1842/1842
f 2754/2754/2754 2811/2811/2811 1775/1775/1775
f 735/735/735 1775/1775/1775 1845/1845/1845
f 2815/2815/2815 2741/2741/2741 436/436/436
f 1782/1782/1782 436/436/436 435/435/435
f 1777/1777/1777 399/399/399 398/398/398
f 2807/2807/2807 2730/2730/2730 399/399/399
f 740/740/740 1794/1794/1794 1846/1846/1846
f 2764/2764/2764 2787/2787/2787 1794/1794/1794
f 737/737/737 1788/1788/1788 1849/1849/1849
f 2752/2752/2752 2803/2803/2803 1788/1788/1788
f 2838/2838/2838 2762/2762/2762 1772/1772/1772
f 392/392/392 1772/1772/1772 1838/1838/1838
f 404/404/404 1763/1763/1763 1836/1836/1836
f 2820/2820/2820 2750/2750/2750 1763/1763/1763
f 1799/1799/1799 431/431/431 1841/1841/1841
f 2797/2797/2797 2770/2770/2770 431/431/431
f 395/395/395 1768/1768/1768 1835/1835/1835
f 2772/2772/2772 2758/2758/2758 1768/1768/1768
f 2792/2792/2792 2796/2796/2796 511/511/511
f 514/514/514 511/511/511 510/510/510
f 2776/2776/2776 2771/2771/2771 394/394/394
f 1803/1803/1803 394/394/394 613/613/613
f 1808/1808/1808 391/391/391 615/615/615
f 2833/2833/2833 2837/2837/2837 391/391/391
f 1813/1813/1813 403/403/403 618/618/618
f 2825/2825/2825 2819/2819/2819 403/403/403
f 2253/2253/2253 1480/1480/1480 2252/2252/2252
f 2252/2252/2252 1480/1480/1480 2839/2839/2839
f 1194/1194/1194 1196/1196/1196 1195/1195/1195
f 1195/1195/1195 1196/1196/1196 3040/3040/3040
f 1192/1192/1192 1184/1184/1184 1961/1961/1961
f 1961/1961/1961 1184/1184/1184 1183/1183/1183
f 1643/1643/1643 168/168/168 167/167/167
f 1988/1988/1988 1643/1643/1643 1187/1187/1187
f 773/773/773 1169/1169/1169 2662/2662/2662
f 1168/1168/1168 1658/1658/1658 1948/1948/1948
f 231/231/231 1872/1872/1872 1960/1960/1960
f 229/229/229 232/232/232 2658/2658/2658
f 247/247/247 164/164/164 2298/2298/2298
f 165/165/165 164/164/164 247/247/247
f 838/838/838 1445/1445/1445 2674/2674/2674
f 837/837/837 2675/2675/2675 686/686/686
f 1243/1243/1243 35/35/35 1645/1645/1645
f 37/37/37 3299/3299/3299 35/35/35
f 2608/2608/2608 741/741/741 1166/1166/1166
f 749/749/749 1167/1167/1167 743/743/743
f 2356/2356/2356 660/660/660 1283/1283/1283
f 666/666/666 1282/1282/1282 658/658/658
f 242/242/242 1092/1092/1092 863/863/863
f 2414/2414/2414 134/134/134 1092/1092/1092
f 254/254/254 886/886/886 885/885/885
f 2352/2352/2352 1854/1854/1854 886/886/886
f 657/657/657 969/969/969 968/968/968
f 657/657/657 656/656/656 406/406/406
f 1503/1503/1503 3301/3301/3301 1506/1506/1506
f 1093/1093/1093 2971/2971/2971 863/863/863
f 1163/1163/1163 3304/3304/3304 2647/2647/2647
f 887/887/887 1635/1635/1635 885/885/885
f 239/239/239 2047/2047/2047 156/156/156
f 2048/2048/2048 240/240/240 237/237/237
f 538/538/538 251/251/251 250/250/250
f 252/252/252 539/539/539 142/142/142
f 3305/3305/3305 826/826/826 1957/1957/1957
f 416/416/416 825/825/825 417/417/417
f 385/385/385 783/783/783 386/386/386
f 2146/2146/2146 782/782/782 1867/1867/1867
f 2312/2312/2312 2309/2309/2309 2308/2308/2308
f 1162/1162/1162 1160/1160/1160 2307/2307/2307
f 786/786/786 1725/1725/1725 1722/1722/1722
f 1504/1504/1504 2643/2643/2643 1723/1723/1723
f 148/148/148 1432/1432/1432 789/789/789
f 148/148/148 789/789/789 1817/1817/1817
f 278/278/278 2439/2439/2439 2843/2843/2843
f 2435/2435/2435 278/278/278 1840/1840/1840
f 2585/2585/2585 726/726/726 1844/1844/1844
f 726/726/726 2575/2575/2575 2032/2032/2032
f 267/267/267 2448/2448/2448 2845/2845/2845
f 2443/2443/2443 267/267/267 1834/1834/1834
f 2421/2421/2421 271/271/271 1837/1837/1837
f 271/271/271 2416/2416/2416 2852/2852/2852
f 2430/2430/2430 257/257/257 1839/1839/1839
f 257/257/257 2424/2424/2424 2851/2851/2851
f 722/722/722 2597/2597/2597 2026/2026/2026
f 2593/2593/2593 722/722/722 1843/1843/1843
f 2556/2556/2556 731/731/731 1848/1848/1848
f 731/731/731 2549/2549/2549 2021/2021/2021
f 727/727/727 2569/2569/2569 2014/2014/2014
f 2565/2565/2565 727/727/727 1847/1847/1847
f 2470/2470/2470 256/256/256 1833/1833/1833
f 256/256/256 2463/2463/2463 2906/2906/2906
f 270/270/270 2492/2492/2492 2899/2899/2899
f 2486/2486/2486 270/270/270 1827/1827/1827
f 2459/2459/2459 277/277/277 1830/1830/1830
f 277/277/277 2452/2452/2452 2903/2903/2903
f 266/266/266 2480/2480/2480 2897/2897/2897
f 2476/2476/2476 266/266/266 1824/1824/1824
f 2093/2093/2093 2092/2092/2092 887/887/887
f 2093/2093/2093 887/887/887 880/880/880
f 2043/2043/2043 2042/2042/2042 1093/1093/1093
f 2043/2043/2043 1093/1093/1093 859/859/859
f 1848/1848/1848 2560/2560/2560 2556/2556/2556
f 2852/2852/2852 1848/1848/1848 271/271/271
f 1847/1847/1847 2568/2568/2568 2565/2565/2565
f 2851/2851/2851 1847/1847/1847 257/257/257
f 2845/2845/2845 1844/1844/1844 267/267/267
f 1844/1844/1844 2588/2588/2588 2585/2585/2585
f 2843/2843/2843 1843/1843/1843 278/278/278
f 1843/1843/1843 2596/2596/2596 2593/2593/2593
f 1840/1840/1840 2436/2436/2436 2435/2435/2435
f 2903/2903/2903 1840/1840/1840 277/277/277
f 2897/2897/2897 1834/1834/1834 266/266/266
f 1834/1834/1834 2446/2446/2446 2443/2443/2443
f 1824/1824/1824 2478/2478/2478 2476/2476/2476
f 2861/2861/2861 1824/1824/1824 341/341/341
f 1839/1839/1839 2431/2431/2431 2430/2430/2430
f 2906/2906/2906 1839/1839/1839 256/256/256
f 2899/2899/2899 1837/1837/1837 270/270/270
f 1837/1837/1837 2422/2422/2422 2421/2421/2421
f 2873/2873/2873 1827/1827/1827 343/343/343
f 1827/1827/1827 2490/2490/2490 2486/2486/2486
f 1830/1830/1830 2460/2460/2460 2459/2459/2459
f 2878/2878/2878 1830/1830/1830 321/321/321
f 2889/2889/2889 1833/1833/1833 338/338/338
f 1833/1833/1833 2471/2471/2471 2470/2470/2470
f 1138/1138/1138 41/41/41 750/750/750
f 750/750/750 41/41/41 751/751/751
f 1290/1290/1290 1969/1969/1969 1289/1289/1289
f 1290/1290/1290 1289/1289/1289 1288/1288/1288
f 1879/1879/1879 983/983/983 52/52/52
f 44/44/44 52/52/52 983/983/983
f 1639/1639/1639 2210/2210/2210 32/32/32
f 2210/2210/2210 2212/2212/2212 32/32/32
f 2207/2207/2207 2206/2206/2206 37/37/37
f 2211/2211/2211 2207/2207/2207 37/37/37
f 1816/1816/1816 3232/3232/3232 784/784/784
f 2208/2208/2208 1816/1816/1816 788/788/788
f 2124/2124/2124 2497/2497/2497 696/696/696
f 2497/2497/2497 3233/3233/3233 1543/1543/1543
f 2691/2691/2691 2694/2694/2694 2012/2012/2012
f 2694/2694/2694 2691/2691/2691 258/258/258
f 2683/2683/2683 2686/2686/2686 2017/2017/2017
f 2686/2686/2686 2683/2683/2683 273/273/273
f 2687/2687/2687 2688/2688/2688 268/268/268
f 2688/2688/2688 2687/2687/2687 2030/2030/2030
f 2698/2698/2698 2695/2695/2695 280/280/280
f 2695/2695/2695 2698/2698/2698 2024/2024/2024
f 1063/1063/1063 1500/1500/1500 1117/1117/1117
f 1500/1500/1500 1937/1937/1937 1117/1117/1117
f 1860/1860/1860 1865/1865/1865 1861/1861/1861
f 777/777/777 1865/1865/1865 1860/1860/1860
f 653/653/653 2038/2038/2038 1538/1538/1538
f 1538/1538/1538 2038/2038/2038 2037/2037/2037
f 3093/3093/3093 2145/2145/2145 2143/2143/2143
f 2144/2144/2144 3092/3092/3092 1547/1547/1547
f 158/158/158 1185/1185/1185 159/159/159
f 2314/2314/2314 1863/1863/1863 1185/1185/1185
f 811/811/811 2218/2218/2218 576/576/576
f 2217/2217/2217 810/810/810 1914/1914/1914
f 1902/1902/1902 913/913/913 453/453/453
f 914/914/914 1903/1903/1903 1917/1917/1917
f 2213/2213/2213 800/800/800 1912/1912/1912
f 801/801/801 2214/2214/2214 584/584/584
f 2225/2225/2225 1235/1235/1235 795/795/795
f 1234/1234/1234 2226/2226/2226 3128/3128/3128
f 927/927/927 804/804/804 803/803/803
f 805/805/805 926/926/926 924/924/924
f 1907/1907/1907 912/912/912 450/450/450
f 911/911/911 1906/1906/1906 1905/1905/1905
f 814/814/814 939/939/939 937/937/937
f 938/938/938 815/815/815 813/813/813
f 2228/2228/2228 906/906/906 455/455/455
f 907/907/907 2227/2227/2227 1482/1482/1482
f 790/790/790 3122/3122/3122 457/457/457
f 1406/1406/1406 3124/3124/3124 791/791/791
f 593/593/593 3118/3118/3118 1151/1151/1151
f 1152/1152/1152 3117/3117/3117 1391/1391/1391
f 444/444/444 3127/3127/3127 1230/1230/1230
f 1231/1231/1231 3128/3128/3128 2226/2226/2226
f 573/573/573 3113/3113/3113 1142/1142/1142
f 1143/1143/1143 3112/3112/3112 1392/1392/1392
f 1397/1397/1397 1395/1395/1395 2219/2219/2219
f 1396/1396/1396 2220/2220/2220 1909/1909/1909
f 584/584/584 1154/1154/1154 1390/1390/1390
f 1153/1153/1153 583/583/583 1150/1150/1150
f 1405/1405/1405 3108/3108/3108 1401/1401/1401
f 585/585/585 3107/3107/3107 1404/1404/1404
f 1233/1233/1233 454/454/454 1229/1229/1229
f 453/453/453 1232/1232/1232 2225/2225/2225
f 1411/1411/1411 3125/3125/3125 1407/1407/1407
f 455/455/455 3126/3126/3126 1410/1410/1410
f 1399/1399/1399 3103/3103/3103 1394/1394/1394
f 579/579/579 3102/3102/3102 1398/1398/1398
f 1409/1409/1409 1406/1406/1406 2223/2223/2223
f 1408/1408/1408 2224/2224/2224 1919/1919/1919
f 1145/1145/1145 577/577/577 1140/1140/1140
f 576/576/576 1144/1144/1144 1393/1393/1393
f 1403/1403/1403 1400/1400/1400 2221/2221/2221
f 1402/1402/1402 2222/2222/2222 1911/1911/1911
f 803/803/803 581/581/581 927/927/927
f 582/582/582 802/802/802 801/801/801
f 451/451/451 1904/1904/1904 1902/1902/1902
f 1905/1905/1905 452/452/452 911/911/911
f 813/813/813 574/574/574 938/938/938
f 575/575/575 812/812/812 811/811/811
f 1910/1910/1910 920/920/920 1404/1404/1404
f 919/919/919 1911/1911/1911 2222/2222/2222
f 1908/1908/1908 930/930/930 1398/1398/1398
f 932/932/932 1909/1909/1909 2220/2220/2220
f 1918/1918/1918 901/901/901 1410/1410/1410
f 900/900/900 1919/1919/1919 2224/2224/2224
f 937/937/937 934/934/934 2219/2219/2219
f 933/933/933 936/936/936 929/929/929
f 924/924/924 923/923/923 2221/2221/2221
f 921/921/921 925/925/925 917/917/917
f 904/904/904 449/449/449 899/899/899
f 450/450/450 905/905/905 2223/2223/2223
f 795/795/795 2229/2229/2229 2228/2228/2228
f 2230/2230/2230 794/794/794 1484/1484/1484
f 1484/1484/1484 793/793/793 2230/2230/2230
f 792/792/792 1485/1485/1485 444/444/444
f 1155/1155/1155 1913/1913/1913 805/805/805
f 1912/1912/1912 1157/1157/1157 2213/2213/2213
f 1400/1400/1400 3109/3109/3109 588/588/588
f 589/589/589 3110/3110/3110 587/587/587
f 1914/1914/1914 1146/1146/1146 2217/2217/2217
f 1147/1147/1147 1915/1915/1915 814/814/814
f 1917/1917/1917 448/448/448 914/914/914
f 447/447/447 1916/1916/1916 1907/1907/1907
f 1395/1395/1395 3105/3105/3105 568/568/568
f 567/567/567 3104/3104/3104 580/580/580
f 798/798/798 3121/3121/3121 592/592/592
f 1390/1390/1390 3119/3119/3119 799/799/799
f 808/808/808 3116/3116/3116 572/572/572
f 1393/1393/1393 3115/3115/3115 809/809/809
f 806/806/806 570/570/570 1490/1490/1490
f 569/569/569 807/807/807 573/573/573
f 796/796/796 591/591/591 1494/1494/1494
f 590/590/590 797/797/797 593/593/593
f 856/856/856 858/858/858 579/579/579
f 857/857/857 855/855/855 1489/1489/1489
f 851/851/851 853/853/853 585/585/585
f 854/854/854 852/852/852 1492/1492/1492
f 1130/1130/1130 2349/2349/2349 2347/2347/2347
f 2351/2351/2351 2334/2334/2334 2346/2346/2346
f 2603/2603/2603 365/365/365 3230/3230/3230
f 3231/3231/3231 2515/2515/2515 2604/2604/2604
f 1182/1182/1182 3308/3308/3308 2331/2331/2331
f 1182/1182/1182 1853/1853/1853 3308/3308/3308
f 343/343/343 1383/1383/1383 3309/3309/3309
f 3309/3309/3309 2874/2874/2874 343/343/343
f 3311/3311/3311 2865/2865/2865 341/341/341
f 341/341/341 1367/1367/1367 3311/3311/3311
f 3313/3313/3313 2892/2892/2892 338/338/338
f 338/338/338 1365/1365/1365 3313/3313/3313
f 3316/3316/3316 2881/2881/2881 321/321/321
f 321/321/321 1349/1349/1349 3316/3316/3316
f 38/38/38 867/867/867 866/866/866
f 38/38/38 866/866/866 2089/2089/2089
f 2098/2098/2098 2961/2961/2961 2959/2959/2959
f 2099/2099/2099 2958/2958/2958 1067/1067/1067
f 1139/1139/1139 1858/1858/1858 2323/2323/2323
f 2323/2323/2323 2322/2322/2322 1139/1139/1139
f 2212/2212/2212 33/33/33 32/32/32
f 33/33/33 2212/2212/2212 1442/1442/1442
f 293/293/293 1386/1386/1386 2952/2952/2952
f 293/293/293 2952/2952/2952 3180/3180/3180
f 711/711/711 715/715/715 564/564/564
f 715/715/715 1926/1926/1926 2327/2327/2327
f 670/670/670 673/673/673 555/555/555
f 673/673/673 1434/1434/1434 2325/2325/2325
f 1968/1968/1968 2166/2166/2166 2167/2167/2167
f 2167/2167/2167 2166/2166/2166 1386/1386/1386
f 1996/1996/1996 3148/3148/3148 2094/2094/2094
f 2094/2094/2094 3148/3148/3148 2726/2726/2726
f 2345/2345/2345 760/760/760 1418/1418/1418
f 2344/2344/2344 1416/1416/1416 3281/3281/3281
f 2504/2504/2504 2499/2499/2499 1460/1460/1460
f 2506/2506/2506 1462/1462/1462 3289/3289/3289
f 50/50/50 1244/1244/1244 2205/2205/2205
f 1244/1244/1244 50/50/50 35/35/35
f 694/694/694 1934/1934/1934 163/163/163
f 1934/1934/1934 694/694/694 1933/1933/1933
f 243/243/243 976/976/976 2357/2357/2357
f 3188/3188/3188 976/976/976 243/243/243
f 2310/2310/2310 1978/1978/1978 544/544/544
f 2309/2309/2309 749/749/749 1979/1979/1979
f 1726/1726/1726 1721/1721/1721 1728/1728/1728
f 1725/1725/1725 666/666/666 1720/1720/1720
f 1626/1626/1626 2983/2983/2983 1616/1616/1616
f 2984/2984/2984 1628/1628/1628 1220/1220/1220
f 1254/1254/1254 2973/2973/2973 1940/1940/1940
f 2974/2974/2974 1258/1258/1258 2139/2139/2139
f 2128/2128/2128 2950/2950/2950 1279/1279/1279
f 2130/2130/2130 3318/3318/3318 2951/2951/2951
f 2001/2001/2001 3044/3044/3044 1477/1477/1477
f 2000/2000/2000 1128/1128/1128 3045/3045/3045
f 1685/1685/1685 3209/3209/3209 344/344/344
f 3210/3210/3210 1687/1687/1687 1024/1024/1024
f 2636/2636/2636 3049/3049/3049 1596/1596/1596
f 2633/2633/2633 488/488/488 3048/3048/3048
f 3096/3096/3096 1132/1132/1132 2340/2340/2340
f 1130/1130/1130 3095/3095/3095 1127/1127/1127
f 1316/1316/1316 2615/2615/2615 2620/2620/2620
f 2615/2615/2615 1316/1316/1316 1565/1565/1565
f 1334/1334/1334 2613/2613/2613 2609/2609/2609
f 2613/2613/2613 1334/1334/1334 1562/1562/1562
f 468/468/468 1370/1370/1370 3060/3060/3060
f 1370/1370/1370 468/468/468 595/595/595
f 1377/1377/1377 464/464/464 606/606/606
f 464/464/464 1377/1377/1377 3063/3063/3063
f 1359/1359/1359 459/459/459 602/602/602
f 459/459/459 1359/1359/1359 3054/3054/3054
f 1352/1352/1352 442/442/442 441/441/441
f 442/442/442 1352/1352/1352 3056/3056/3056
f 2401/2401/2401 461/461/461 460/460/460
f 461/461/461 2401/2401/2401 2398/2398/2398
f 466/466/466 2412/2412/2412 2408/2408/2408
f 2412/2412/2412 466/466/466 465/465/465
f 2389/2389/2389 440/440/440 462/462/462
f 440/440/440 2389/2389/2389 2384/2384/2384
f 2379/2379/2379 470/470/470 469/469/469
f 470/470/470 2379/2379/2379 2376/2376/2376
f 1381/1381/1381 1212/1212/1212 1375/1375/1375
f 1212/1212/1212 1381/1381/1381 2173/2173/2173
f 2627/2627/2627 1325/1325/1325 1566/1566/1566
f 1325/1325/1325 2627/2627/2627 2630/2630/2630
f 1355/1355/1355 958/958/958 1350/1350/1350
f 958/958/958 1355/1355/1355 2199/2199/2199
f 1362/1362/1362 1216/1216/1216 1357/1357/1357
f 1216/1216/1216 1362/1362/1362 2191/2191/2191
f 1372/1372/1372 1208/1208/1208 1368/1368/1368
f 1208/1208/1208 1372/1372/1372 2181/2181/2181
f 1343/1343/1343 2622/2622/2622 2626/2626/2626
f 2622/2622/2622 1343/1343/1343 1568/1568/1568
f 2256/2256/2256 697/697/697 1512/1512/1512
f 350/350/350 1692/1692/1692 3171/3171/3171
f 1690/1690/1690 349/349/349 346/346/346
f 2254/2254/2254 704/704/704 1620/1620/1620
f 3165/3165/3165 508/508/508 1263/1263/1263
f 507/507/507 3166/3166/3166 504/504/504
f 420/420/420 3175/3175/3175 1944/1944/1944
f 1430/1430/1430 1015/1015/1015 1014/1014/1014
f 477/477/477 1040/1040/1040 1877/1877/1877
f 1042/1042/1042 475/475/475 1619/1619/1619
f 425/425/425 1045/1045/1045 1044/1044/1044
f 336/336/336 3172/3172/3172 331/331/331
f 1201/1201/1201 379/379/379 1200/1200/1200
f 333/333/333 953/953/953 1946/1946/1946
f 955/955/955 334/334/334 1246/1246/1246
f 505/505/505 1878/1878/1878 1269/1269/1269
f 705/705/705 1946/1946/1946 953/953/953
f 849/849/849 497/497/497 2257/2257/2257
f 847/847/847 500/500/500 498/498/498
f 679/679/679 1512/1512/1512 697/697/697
f 1509/1509/1509 680/680/680 2109/2109/2109
f 1877/1877/1877 478/478/478 477/477/477
f 1041/1041/1041 428/428/428 1043/1043/1043
f 1044/1044/1044 426/426/426 425/425/425
f 707/707/707 1620/1620/1620 704/704/704
f 956/956/956 1618/1618/1618 706/706/706
f 1203/1203/1203 2257/2257/2257 497/497/497
f 327/327/327 1472/1472/1472 3173/3173/3173
f 328/328/328 3174/3174/3174 2258/2258/2258
f 1199/1199/1199 383/383/383 1446/1446/1446
f 382/382/382 1200/1200/1200 379/379/379
f 358/358/358 677/677/677 676/676/676
f 356/356/356 675/675/675 1945/1945/1945
f 380/380/380 3170/3170/3170 1691/1691/1691
f 421/421/421 1943/1943/1943 522/522/522
f 520/520/520 1942/1942/1942 3176/3176/3176
f 495/495/495 1269/1269/1269 1878/1878/1878
f 1267/1267/1267 496/496/496 500/500/500
f 1014/1014/1014 348/348/348 1430/1430/1430
f 345/345/345 1013/1013/1013 1514/1514/1514
f 1938/1938/1938 421/421/421 522/522/522
f 422/422/422 1941/1941/1941 419/419/419
f 682/682/682 1945/1945/1945 675/675/675
f 1431/1431/1431 2258/2258/2258 3174/3174/3174
f 329/329/329 424/424/424 322/322/322
f 359/359/359 3169/3169/3169 354/354/354
f 642/642/642 3177/3177/3177 1651/1651/1651
f 203/203/203 3179/3179/3179 641/641/641
f 1284/1284/1284 1574/1574/1574 245/245/245
f 1570/1570/1570 1574/1574/1574 1284/1284/1284
f 1584/1584/1584 1587/1587/1587 138/138/138
f 138/138/138 1587/1587/1587 313/313/313
f 1296/1296/1296 872/872/872 871/871/871
f 2302/2302/2302 1929/1929/1929 1928/1928/1928
f 1984/1984/1984 1987/1987/1987 1675/1675/1675
f 1984/1984/1984 1675/1675/1675 228/228/228
f 1992/1992/1992 1922/1922/1922 771/771/771
f 1992/1992/1992 1294/1294/1294 1922/1922/1922
f 3004/3004/3004 1860/1860/1860 1862/1862/1862
f 3003/3003/3003 1863/1863/1863 2314/2314/2314
f 413/413/413 2998/2998/2998 1953/1953/1953
f 878/878/878 2999/2999/2999 411/411/411
f 551/551/551 3001/3001/3001 1062/1062/1062
f 702/702/702 3000/3000/3000 552/552/552
f 1210/1210/1210 2963/2963/2963 1368/1368/1368
f 1210/1210/1210 1368/1368/1368 1208/1208/1208
f 1214/1214/1214 2965/2965/2965 1375/1375/1375
f 1214/1214/1214 1375/1375/1375 1212/1212/1212
f 960/960/960 2967/2967/2967 1350/1350/1350
f 960/960/960 1350/1350/1350 958/958/958
f 1218/1218/1218 2969/2969/2969 1357/1357/1357
f 1218/1218/1218 1357/1357/1357 1216/1216/1216
f 611/611/611 3181/3181/3181 207/207/207
f 225/225/225 3182/3182/3182 612/612/612
f 236/236/236 1925/1925/1925 2708/2708/2708
f 236/236/236 1923/1923/1923 1925/1925/1925
f 1539/1539/1539 767/767/767 646/646/646
f 2169/2169/2169 1540/1540/1540 647/647/647
f 3076/3076/3076 1937/1937/1937 2607/2607/2607
f 1937/1937/1937 1935/1935/1935 2607/2607/2607
f 544/544/544 1978/1978/1978 1977/1977/1977
f 1977/1977/1977 3184/3184/3184 544/544/544
f 1728/1728/1728 1721/1721/1721 1719/1719/1719
f 1719/1719/1719 3185/3185/3185 1728/1728/1728
f 554/554/554 1876/1876/1876 2960/2960/2960
f 2165/2165/2165 2541/2541/2541 1876/1876/1876
f 414/414/414 1001/1001/1001 3024/3024/3024
f 2035/2035/2035 1752/1752/1752 1001/1001/1001
f 652/652/652 169/169/169 296/296/296
f 652/652/652 170/170/170 169/169/169
f 775/775/775 167/167/167 166/166/166
f 775/775/775 166/166/166 317/317/317
f 3192/3192/3192 2685/2685/2685 2683/2683/2683
f 3154/3154/3154 2625/2625/2625 2623/2623/2623
f 3157/3157/3157 2611/2611/2611 2614/2614/2614
f 3196/3196/3196 2690/2690/2690 2688/2688/2688
f 3189/3189/3189 2693/2693/2693 2691/2691/2691
f 3159/3159/3159 2631/2631/2631 2628/2628/2628
f 3164/3164/3164 2619/2619/2619 2616/2616/2616
f 3193/3193/3193 2697/2697/2697 2695/2695/2695
f 992/992/992 185/185/185 211/211/211
f 186/186/186 208/208/208 212/212/212
f 1638/1638/1638 867/867/867 40/40/40
f 38/38/38 40/40/40 867/867/867
f 2171/2171/2171 220/220/220 1084/1084/1084
f 611/611/611 2171/2171/2171 1084/1084/1084
f 1432/1432/1432 150/150/150 2653/2653/2653
f 150/150/150 1432/1432/1432 148/148/148
f 993/993/993 627/627/627 638/638/638
f 996/996/996 693/693/693 629/629/629
f 1224/1224/1224 2261/2261/2261 1421/1421/1421
f 1223/1223/1223 940/940/940 2262/2262/2262
f 1088/1088/1088 3197/3197/3197 1640/1640/1640
f 908/908/908 1088/1088/1088 387/387/387
f 1081/1081/1081 3186/3186/3186 1646/1646/1646
f 1082/1082/1082 1081/1081/1081 418/418/418
f 546/546/546 2544/2544/2544 2542/2542/2542
f 2542/2542/2542 2544/2544/2544 1065/1065/1065
f 2036/2036/2036 1005/1005/1005 1754/1754/1754
f 1754/1754/1754 1005/1005/1005 1003/1003/1003
f 3321/3321/3321 3291/3291/3291 3088/3088/3088
f 2177/2177/2177 3321/3321/3321 3088/3088/3088
f 2185/2185/2185 3323/3323/3323 3089/3089/3089
f 3323/3323/3323 3293/3293/3293 3089/3089/3089
f 2192/2192/2192 3325/3325/3325 3090/3090/3090
f 3325/3325/3325 3294/3294/3294 3090/3090/3090
f 2201/2201/2201 3327/3327/3327 3091/3091/3091
f 3327/3327/3327 3297/3297/3297 3091/3091/3091
f 1981/1981/1981 3027/3027/3027 821/821/821
f 821/821/821 1980/1980/1980 1981/1981/1981
f 1988/1988/1988 3007/3007/3007 778/778/778
f 778/778/778 1989/1989/1989 1988/1988/1988
f 712/712/712 2237/2237/2237 2269/2269/2269
f 2238/2238/2238 713/713/713 711/711/711
f 672/672/672 2233/2233/2233 2246/2246/2246
f 2232/2232/2232 671/671/671 670/670/670
f 561/561/561 1089/1089/1089 2320/2320/2320
f 1088/1088/1088 1087/1087/1087 1089/1089/1089
f 2263/2263/2263 2265/2265/2265 972/972/972
f 1002/1002/1002 2263/2263/2263 972/972/972
f 1674/1674/1674 1487/1487/1487 3151/3151/3151
f 1674/1674/1674 3040/3040/3040 1487/1487/1487
f 1920/1920/1920 769/769/769 3150/3150/3150
f 1920/1920/1920 2839/2839/2839 769/769/769
f 1280/1280/1280 1282/1282/1282 666/666/666
f 1280/1280/1280 666/666/666 1725/1725/1725
f 1164/1164/1164 1167/1167/1167 749/749/749
f 1164/1164/1164 749/749/749 2309/2309/2309
f 195/195/195 223/223/223 222/222/222
f 224/224/224 196/196/196 1175/1175/1175
f 1083/1083/1083 2330/2330/2330 2329/2329/2329
f 1081/1081/1081 1080/1080/1080 1083/1083/1083
f 139/139/139 2608/2608/2608 2276/2276/2276
f 2607/2607/2607 2608/2608/2608 139/139/139
f 2357/2357/2357 2356/2356/2356 1285/1285/1285
f 1285/1285/1285 2356/2356/2356 1819/1819/1819
f 44/44/44 1479/1479/1479 2045/2045/2045
f 44/44/44 983/983/983 1479/1479/1479
f 2651/2651/2651 2654/2654/2654 3298/3298/3298
f 3298/3298/3298 2654/2654/2654 981/981/981
f 2273/2273/2273 1070/1070/1070 1064/1064/1064
f 1064/1064/1064 1070/1070/1070 1069/1069/1069
f 1934/1934/1934 1630/1630/1630 2298/2298/2298
f 2647/2647/2647 2298/2298/2298 1630/1630/1630
f 2061/2061/2061 3264/3264/3264 1563/1563/1563
f 2061/2061/2061 1563/1563/1563 1207/1207/1207
f 2068/2068/2068 1567/1567/1567 1215/1215/1215
f 2068/2068/2068 3268/3268/3268 1567/1567/1567
f 2054/2054/2054 3266/3266/3266 1564/1564/1564
f 2054/2054/2054 1564/1564/1564 957/957/957
f 2069/2069/2069 3270/3270/3270 1569/1569/1569
f 2069/2069/2069 1569/1569/1569 1211/1211/1211
f 3263/3263/3263 2168/2168/2168 291/291/291
f 291/291/291 2168/2168/2168 2167/2167/2167
f 3262/3262/3262 2095/2095/2095 234/234/234
f 234/234/234 2095/2095/2095 2094/2094/2094
f 1000/1000/1000 407/407/407 656/656/656
f 408/408/408 407/407/407 1000/1000/1000
f 1875/1875/1875 2994/2994/2994 548/548/548
f 1059/1059/1059 2994/2994/2994 1875/1875/1875
f 2656/2656/2656 891/891/891 1982/1982/1982
f 891/891/891 897/897/897 1982/1982/1982
f 284/284/284 289/289/289 1990/1990/1990
f 2659/2659/2659 284/284/284 1990/1990/1990
f 2331/2331/2331 1661/1661/1661 1182/1182/1182
f 1659/1659/1659 2332/2332/2332 3077/3077/3077
f 2322/2322/2322 1677/1677/1677 1139/1139/1139
f 1679/1679/1679 2321/2321/2321 3074/3074/3074
f 978/978/978 1091/1091/1091 984/984/984
f 175/175/175 1091/1091/1091 978/978/978
f 2243/2243/2243 249/249/249 868/868/868
f 2241/2241/2241 249/249/249 2243/2243/2243
f 1615/1615/1615 1598/1598/1598 1041/1041/1041
f 1601/1601/1601 1613/1613/1613 3012/3012/3012
f 1112/1112/1112 1115/1115/1115 3203/3203/3203
f 3205/3205/3205 1114/1114/1114 545/545/545
f 2264/2264/2264 1006/1006/1006 3202/3202/3202
f 3200/3200/3200 1008/1008/1008 655/655/655
f 157/157/157 1193/1193/1193 1673/1673/1673
f 1192/1192/1192 1195/1195/1195 1672/1672/1672
f 1290/1290/1290 1532/1532/1532 1292/1292/1292
f 1533/1533/1533 2252/2252/2252 1291/1291/1291
f 3291/3291/3291 2179/2179/2179 1211/1211/1211
f 1211/1211/1211 2179/2179/2179 2069/2069/2069
f 3294/3294/3294 2195/2195/2195 1215/1215/1215
f 1215/1215/1215 2195/2195/2195 2068/2068/2068
f 957/957/957 2203/2203/2203 2054/2054/2054
f 3297/3297/3297 2203/2203/2203 957/957/957
f 1207/1207/1207 2186/2186/2186 2061/2061/2061
f 3293/3293/3293 2186/2186/2186 1207/1207/1207
f 897/897/897 1987/1987/1987 1984/1984/1984
f 1986/1986/1986 3014/3014/3014 1993/1993/1993
f 289/289/289 1294/1294/1294 1992/1992/1992
f 1295/1295/1295 3042/3042/3042 1969/1969/1969
f 1385/1385/1385 2127/2127/2127 1384/1384/1384
f 2127/2127/2127 1388/1388/1388 1387/1387/1387
f 417/417/417 3306/3306/3306 3198/3198/3198
f 825/825/825 3306/3306/3306 417/417/417
f 386/386/386 2147/2147/2147 2144/2144/2144
f 783/783/783 2147/2147/2147 386/386/386
f 1762/1762/1762 1387/1387/1387 1758/1758/1758
f 2127/2127/2127 1387/1387/1387 1762/1762/1762
f 1851/1851/1851 2122/2122/2122 1853/1853/1853
f 2720/2720/2720 1852/1852/1852 2123/2123/2123
f 1857/1857/1857 2496/2496/2496 1858/1858/1858
f 2723/2723/2723 1859/1859/1859 2495/2495/2495
f 1757/1757/1757 2126/2126/2126 1762/1762/1762
f 1756/1756/1756 1754/1754/1754 2125/2125/2125
f 1088/1088/1088 563/563/563 3197/3197/3197
f 563/563/563 562/562/562 3197/3197/3197
f 560/560/560 559/559/559 3186/3186/3186
f 1081/1081/1081 560/560/560 3186/3186/3186
f 1341/1341/1341 3277/3277/3277 1382/1382/1382
f 1341/1341/1341 1382/1382/1382 273/273/273
f 1331/1331/1331 3279/3279/3279 1366/1366/1366
f 1331/1331/1331 1366/1366/1366 268/268/268
f 1323/1323/1323 3272/3272/3272 1364/1364/1364
f 1323/1323/1323 1364/1364/1364 258/258/258
f 1313/1313/1313 1348/1348/1348 280/280/280
f 1313/1313/1313 3275/3275/3275 1348/1348/1348
f 2546/2546/2546 910/910/910 888/888/888
f 699/699/699 910/910/910 2546/2546/2546
f 878/878/878 3330/3330/3330 2999/2999/2999
f 2166/2166/2166 3329/3329/3329 879/879/879
f 702/702/702 3331/3331/3331 3000/3000/3000
f 3148/3148/3148 3333/3333/3333 703/703/703
f 1551/1551/1551 1682/1682/1682 3074/3074/3074
f 1551/1551/1551 3074/3074/3074 1087/1087/1087
f 967/967/967 1663/1663/1663 3077/3077/3077
f 967/967/967 3077/3077/3077 1080/1080/1080
f 314/314/314 1136/1136/1136 2972/2972/2972
f 1133/1133/1133 1136/1136/1136 314/314/314
f 1176/1176/1176 1179/1179/1179 294/294/294
f 294/294/294 1179/1179/1179 3187/3187/3187
f 1724/1724/1724 3072/3072/3072 1502/1502/1502
f 3073/3073/3073 3300/3300/3300 1504/1504/1504
f 2306/2306/2306 3070/3070/3070 1161/1161/1161
f 3071/3071/3071 3303/3303/3303 1162/1162/1162
f 2250/2250/2250 1441/1441/1441 1077/1077/1077
f 3298/3298/3298 1076/1076/1076 1440/1440/1440
f 2328/2328/2328 1931/1931/1931 1297/1297/1297
f 1296/1296/1296 1298/1298/1298 1930/1930/1930
f 1923/1923/1923 1067/1067/1067 1070/1070/1070
f 1923/1923/1923 2726/2726/2726 1067/1067/1067
f 1037/1037/1037 2300/2300/2300 1650/1650/1650
f 1651/1651/1651 2299/2299/2299 210/210/210
f 1668/1668/1668 559/559/559 1850/1850/1850
f 1668/1668/1668 3186/3186/3186 559/559/559
f 562/562/562 1669/1669/1669 3197/3197/3197
f 1669/1669/1669 562/562/562 1856/1856/1856
f 1630/1630/1630 3334/3334/3334 1158/1158/1158
f 1158/1158/1158 3334/3334/3334 2497/2497/2497
f 1501/1501/1501 3335/3335/3335 1507/1507/1507
f 1507/1507/1507 3335/3335/3335 1816/1816/1816
f 486/486/486 2349/2349/2349 493/493/493
f 2350/2350/2350 485/485/485 1412/1412/1412
f 3227/3227/3227 377/377/377 1459/1459/1459
f 375/375/375 3229/3229/3229 367/367/367
f 3087/3087/3087 3337/3337/3337 2142/2142/2142
f 2142/2142/2142 3337/3337/3337 184/184/184
f 3085/3085/3085 3199/3199/3199 1955/1955/1955
f 1955/1955/1955 3199/3199/3199 3305/3305/3305
f 2612/2612/2612 469/469/469 1328/1328/1328
f 1328/1328/1328 469/469/469 468/468/468
f 2621/2621/2621 465/465/465 1339/1339/1339
f 1339/1339/1339 465/465/465 464/464/464
f 1310/1310/1310 462/462/462 442/442/442
f 2617/2617/2617 462/462/462 1310/1310/1310
f 2629/2629/2629 460/460/460 1319/1319/1319
f 1319/1319/1319 460/460/460 459/459/459
f 3201/3201/3201 1870/1870/1870 2265/2265/2265
f 2265/2265/2265 1870/1870/1870 3129/3129/3129
f 3204/3204/3204 1975/1975/1975 1499/1499/1499
f 1499/1499/1499 1975/1975/1975 2718/2718/2718
f 1957/1957/1957 179/179/179 137/137/137
f 1288/1288/1288 179/179/179 1957/1957/1957
f 2249/2249/2249 556/556/556 555/555/555
f 556/556/556 2249/2249/2249 177/177/177
f 2326/2326/2326 565/565/565 564/564/564
f 565/565/565 2326/2326/2326 1670/1670/1670
f 2787/2787/2787 2764/2764/2764 2915/2915/2915
f 3243/3243/3243 2914/2914/2914 1793/1793/1793
f 2817/2817/2817 2766/2766/2766 2911/2911/2911
f 3261/3261/3261 2910/2910/2910 1786/1786/1786
f 3249/3249/3249 2913/2913/2913 1787/1787/1787
f 2803/2803/2803 2752/2752/2752 2912/2912/2912
f 2811/2811/2811 2754/2754/2754 2909/2909/2909
f 3238/3238/3238 2908/2908/2908 1780/1780/1780
f 3219/3219/3219 2760/2760/2760 261/261/261
f 2763/2763/2763 2761/2761/2761 2759/2759/2759
f 3226/3226/3226 2767/2767/2767 282/282/282
f 2765/2765/2765 2769/2769/2769 2768/2768/2768
f 2751/2751/2751 2749/2749/2749 2747/2747/2747
f 3211/3211/3211 2748/2748/2748 275/275/275
f 2793/2793/2793 2920/2920/2920 2918/2918/2918
f 3254/3254/3254 2917/2917/2917 1530/1530/1530
f 2778/2778/2778 2926/2926/2926 2923/2923/2923
f 3235/3235/3235 2924/2924/2924 1805/1805/1805
f 2753/2753/2753 2757/2757/2757 2755/2755/2755
f 3215/3215/3215 2756/2756/2756 264/264/264
f 3257/3257/3257 2936/2936/2936 1810/1810/1810
f 2835/2835/2835 2937/2937/2937 2934/2934/2934
f 2828/2828/2828 2931/2931/2931 2928/2928/2928
f 3246/3246/3246 2929/2929/2929 1815/1815/1815
f 2745/2745/2745 2785/2785/2785 2781/2781/2781
f 3137/3137/3137 2782/2782/2782 739/739/739
f 2736/2736/2736 2800/2800/2800 2799/2799/2799
f 3146/3146/3146 2798/2798/2798 738/738/738
f 2796/2796/2796 2792/2792/2792 2790/2790/2790
f 3252/3252/3252 2789/2789/2789 320/320/320
f 2771/2771/2771 2776/2776/2776 2773/2773/2773
f 3236/3236/3236 2774/2774/2774 340/340/340
f 3217/3217/3217 2942/2942/2942 1767/1767/1767
f 2758/2758/2758 2772/2772/2772 2943/2943/2943
f 2740/2740/2740 2816/2816/2816 2813/2813/2813
f 3143/3143/3143 2812/2812/2812 1346/1346/1346
f 2837/2837/2837 2833/2833/2833 2830/2830/2830
f 3256/3256/3256 2829/2829/2829 339/339/339
f 2770/2770/2770 2797/2797/2797 2946/2946/2946
f 3224/3224/3224 2947/2947/2947 1800/1800/1800
f 3135/3135/3135 2805/2805/2805 736/736/736
f 2731/2731/2731 2809/2809/2809 2806/2806/2806
f 3244/3244/3244 2822/2822/2822 342/342/342
f 2819/2819/2819 2825/2825/2825 2823/2823/2823
f 2750/2750/2750 2820/2820/2820 2940/2940/2940
f 3213/3213/3213 2941/2941/2941 1766/1766/1766
f 2762/2762/2762 2838/2838/2838 2945/2945/2945
f 3221/3221/3221 2944/2944/2944 1771/1771/1771
f 2660/2660/2660 1171/1171/1171 999/999/999
f 2660/2660/2660 999/999/999 1952/1952/1952
f 2655/2655/2655 1873/1873/1873 1874/1874/1874
f 2655/2655/2655 1874/1874/1874 1061/1061/1061
f 960/960/960 438/438/438 2966/2966/2966
f 2966/2966/2966 438/438/438 437/437/437
f 1218/1218/1218 600/600/600 2968/2968/2968
f 2968/2968/2968 600/600/600 599/599/599
f 2962/2962/2962 597/597/597 596/596/596
f 1210/1210/1210 597/597/597 2962/2962/2962
f 2964/2964/2964 604/604/604 603/603/603
f 1214/1214/1214 604/604/604 2964/2964/2964
f 53/53/53 1666/1666/1666 415/415/415
f 415/415/415 1666/1666/1666 1665/1665/1665
f 384/384/384 1684/1684/1684 1683/1683/1683
f 54/54/54 1684/1684/1684 384/384/384
f 198/198/198 3338/3338/3338 2205/2205/2205
f 2205/2205/2205 3338/3338/3338 219/219/219
f 1632/1632/1632 2092/2092/2092 2091/2091/2091
f 887/887/887 2092/2092/2092 1632/1632/1632
f 2317/2317/2317 2042/2042/2042 2040/2040/2040
f 1093/1093/1093 2042/2042/2042 2317/2317/2317
f 3299/3299/3299 1645/1645/1645 35/35/35
f 2206/2206/2206 3299/3299/3299 37/37/37
f 3131/3131/3131 1717/1717/1717 664/664/664
f 1869/1869/1869 1718/1718/1718 3130/3130/3130
f 1976/1976/1976 1974/1974/1974 2717/2717/2717
f 2719/2719/2719 1973/1973/1973 745/745/745
f 2662/2662/2662 1169/1169/1169 1950/1950/1950
f 2661/2661/2661 1949/1949/1949 1990/1990/1990
f 2658/2658/2658 232/232/232 1959/1959/1959
f 2657/2657/2657 1958/1958/1958 1982/1982/1982
f 214/214/214 1671/1671/1671 1867/1867/1867
f 1867/1867/1867 1671/1671/1671 889/889/889
f 208/208/208 182/182/182 3022/3022/3022
f 1651/1651/1651 208/208/208 1204/1204/1204
f 1204/1204/1204 3022/3022/3022 644/644/644
f 208/208/208 3022/3022/3022 1204/1204/1204
f 55/55/55 1962/1962/1962 1861/1861/1861
f 55/55/55 39/39/39 1962/1962/1962
f 43/43/43 1117/1117/1117 751/751/751
f 41/41/41 43/43/43 751/751/751
f 764/764/764 1225/1225/1225 3069/3069/3069
f 765/765/765 3067/3067/3067 1423/1423/1423
f 2995/2995/2995 316/316/316 1298/1298/1298
f 315/315/315 2996/2996/2996 774/774/774
f 1078/1078/1078 295/295/295 1076/1076/1076
f 297/297/297 1079/1079/1079 651/651/651
f 889/889/889 909/909/909 2143/2143/2143
f 2143/2143/2143 909/909/909 698/698/698
f 626/626/626 3082/3082/3082 636/636/636
f 3083/3083/3083 625/625/625 622/622/622
f 752/752/752 1937/1937/1937 3076/3076/3076
f 752/752/752 3076/3076/3076 314/314/314
f 1581/1581/1581 2682/2682/2682 225/225/225
f 226/226/226 2681/2681/2681 1965/1965/1965
f 969/969/969 406/406/406 2172/2172/2172
f 657/657/657 406/406/406 969/969/969
f 1497/1497/1497 2993/2993/2993 1561/1561/1561
f 547/547/547 2993/2993/2993 1497/1497/1497
f 2038/2038/2038 1880/1880/1880 2037/2037/2037
f 2037/2037/2037 1880/1880/1880 46/46/46
f 1865/1865/1865 1864/1864/1864 1861/1861/1861
f 1861/1861/1861 1864/1864/1864 55/55/55
f 973/973/973 1868/1868/1868 1971/1971/1971
f 972/972/972 1868/1868/1868 973/973/973
f 3007/3007/3007 780/780/780 778/778/778
f 3006/3006/3006 3005/3005/3005 779/779/779
f 3027/3027/3027 822/822/822 821/821/821
f 3026/3026/3026 1537/1537/1537 823/823/823
f 2399/2399/2399 2396/2396/2396 2393/2393/2393
f 2064/2064/2064 2392/2392/2392 2394/2394/2394
f 2052/2052/2052 2391/2391/2391 2383/2383/2383
f 2386/2386/2386 2381/2381/2381 2390/2390/2390
f 2057/2057/2057 2371/2371/2371 2373/2373/2373
f 2377/2377/2377 2374/2374/2374 2370/2370/2370
f 2072/2072/2072 2403/2403/2403 2406/2406/2406
f 2410/2410/2410 2405/2405/2405 2404/2404/2404
f 2253/2253/2253 1534/1534/1534 1480/1480/1480
f 45/45/45 1534/1534/1534 2253/2253/2253
f 39/39/39 1197/1197/1197 1194/1194/1194
f 1194/1194/1194 1197/1197/1197 1196/1196/1196
f 908/908/908 2144/2144/2144 1547/1547/1547
f 908/908/908 1547/1547/1547 1551/1551/1551
f 1082/1082/1082 3198/3198/3198 963/963/963
f 1082/1082/1082 963/963/963 967/967/967
f 1181/1181/1181 1851/1851/1851 1182/1182/1182
f 1972/1972/1972 1851/1851/1851 1181/1181/1181
f 718/718/718 2305/2305/2305 2269/2269/2269
f 2269/2269/2269 2305/2305/2305 712/712/712
f 2245/2245/2245 2268/2268/2268 2246/2246/2246
f 2246/2246/2246 2268/2268/2268 672/672/672
f 1138/1138/1138 1857/1857/1857 1139/1139/1139
f 750/750/750 1857/1857/1857 1138/1138/1138
f 2280/2280/2280 2706/2706/2706 2279/2279/2279
f 3059/3059/3059 2277/2277/2277 2705/2705/2705
f 2285/2285/2285 2704/2704/2704 2282/2282/2282
f 3061/3061/3061 2284/2284/2284 2703/2703/2703
f 2295/2295/2295 2700/2700/2700 2293/2293/2293
f 3053/3053/3053 2292/2292/2292 2699/2699/2699
f 2290/2290/2290 2702/2702/2702 2287/2287/2287
f 3055/3055/3055 2288/2288/2288 2701/2701/2701
f 2729/2729/2729 2059/2059/2059 1336/1336/1336
f 1336/1336/1336 2059/2059/2059 1562/1562/1562
f 1318/1318/1318 2053/2053/2053 1565/1565/1565
f 2739/2739/2739 2053/2053/2053 1318/1318/1318
f 393/393/393 2465/2465/2465 2464/2464/2464
f 2907/2907/2907 2465/2465/2465 393/393/393
f 2901/2901/2901 2494/2494/2494 405/405/405
f 405/405/405 2494/2494/2494 2493/2493/2493
f 2883/2883/2883 2877/2877/2877 437/437/437
f 437/437/437 2877/2877/2877 2966/2966/2966
f 596/596/596 2859/2859/2859 2962/2962/2962
f 2857/2857/2857 2859/2859/2859 596/596/596
f 2894/2894/2894 2886/2886/2886 599/599/599
f 599/599/599 2886/2886/2886 2968/2968/2968
f 2866/2866/2866 2869/2869/2869 603/603/603
f 603/603/603 2869/2869/2869 2964/2964/2964
f 2734/2734/2734 2074/2074/2074 1345/1345/1345
f 1345/1345/1345 2074/2074/2074 1568/1568/1568
f 2744/2744/2744 2065/2065/2065 1327/1327/1327
f 1327/1327/1327 2065/2065/2065 1566/1566/1566
f 1765/1765/1765 2419/2419/2419 2901/2901/2901
f 2417/2417/2417 2419/2419/2419 1765/1765/1765
f 2902/2902/2902 2454/2454/2454 509/509/509
f 509/509/509 2454/2454/2454 2453/2453/2453
f 2896/2896/2896 2483/2483/2483 396/396/396
f 396/396/396 2483/2483/2483 2482/2482/2482
f 2440/2440/2440 2433/2433/2433 433/433/433
f 433/433/433 2433/2433/2433 2902/2902/2902
f 2426/2426/2426 2428/2428/2428 1774/1774/1774
f 1774/1774/1774 2428/2428/2428 2907/2907/2907
f 1770/1770/1770 2442/2442/2442 2896/2896/2896
f 2449/2449/2449 2442/2442/2442 1770/1770/1770
f 2550/2550/2550 2554/2554/2554 1792/1792/1792
f 1791/1791/1791 2555/2555/2555 2855/2855/2855
f 2572/2572/2572 2562/2562/2562 1798/1798/1798
f 1797/1797/1797 2563/2563/2563 2849/2849/2849
f 2482/2482/2482 2473/2473/2473 1804/1804/1804
f 1804/1804/1804 2473/2473/2473 2856/2856/2856
f 515/515/515 2455/2455/2455 2885/2885/2885
f 2453/2453/2453 2455/2455/2455 515/515/515
f 732/732/732 2418/2418/2418 2417/2417/2417
f 2855/2855/2855 2418/2418/2418 732/732/732
f 728/728/728 2427/2427/2427 2426/2426/2426
f 2849/2849/2849 2427/2427/2427 728/728/728
f 2579/2579/2579 2583/2583/2583 1779/1779/1779
f 1778/1778/1778 2582/2582/2582 2847/2847/2847
f 2601/2601/2601 2590/2590/2590 1785/1785/1785
f 1784/1784/1784 2591/2591/2591 2841/2841/2841
f 1814/1814/1814 2485/2485/2485 2868/2868/2868
f 2493/2493/2493 2485/2485/2485 1814/1814/1814
f 1809/1809/1809 2466/2466/2466 2893/2893/2893
f 2464/2464/2464 2466/2466/2466 1809/1809/1809
f 2847/2847/2847 2450/2450/2450 723/723/723
f 723/723/723 2450/2450/2450 2449/2449/2449
f 719/719/719 2441/2441/2441 2440/2440/2440
f 2841/2841/2841 2441/2441/2441 719/719/719
f 1575/1575/1575 2248/2248/2248 2246/2246/2246
f 1574/1574/1574 2247/2247/2247 1577/1577/1577
f 1589/1589/1589 2270/2270/2270 2269/2269/2269
f 1587/1587/1587 2271/2271/2271 1590/1590/1590
f 888/888/888 890/890/890 1993/1993/1993
f 1993/1993/1993 890/890/890 213/213/213
f 1658/1658/1658 1656/1656/1656 408/408/408
f 152/152/152 1656/1656/1656 1658/1658/1658
f 2355/2355/2355 2354/2354/2354 136/136/136
f 877/877/877 2354/2354/2354 2355/2355/2355
f 3132/3132/3132 263/263/263 2728/2728/2728
f 263/263/263 3132/3132/3132 736/736/736
f 3136/3136/3136 260/260/260 2742/2742/2742
f 260/260/260 3136/3136/3136 739/739/739
f 3140/3140/3140 281/281/281 2737/2737/2737
f 281/281/281 3140/3140/3140 1346/1346/1346
f 274/274/274 3144/3144/3144 738/738/738
f 3144/3144/3144 274/274/274 2733/2733/2733
f 975/975/975 664/664/664 659/659/659
f 2357/2357/2357 974/974/974 660/660/660
f 2607/2607/2607 1935/1935/1935 741/741/741
f 1936/1936/1936 745/745/745 742/742/742
f 564/564/564 715/715/715 2327/2327/2327
f 564/564/564 2327/2327/2327 2326/2326/2326
f 555/555/555 2325/2325/2325 2249/2249/2249
f 555/555/555 673/673/673 2325/2325/2325
f 2332/2332/2332 3307/3307/3307 2329/2329/2329
f 3307/3307/3307 1852/1852/1852 2329/2329/2329
f 818/818/818 1538/1538/1538 1535/1535/1535
f 3026/3026/3026 820/820/820 1537/1537/1537
f 1189/1189/1189 1860/1860/1860 3004/3004/3004
f 3008/3008/3008 1191/1191/1191 3002/3002/3002
f 2958/2958/2958 1069/1069/1069 1067/1067/1067
f 2957/2957/2957 2542/2542/2542 1068/1068/1068
f 1574/1574/1574 1176/1176/1176 245/245/245
f 1176/1176/1176 1574/1574/1574 1572/1572/1572
f 1587/1587/1587 1133/1133/1133 313/313/313
f 1133/1133/1133 1587/1587/1587 1585/1585/1585
f 501/501/501 848/848/848 846/846/846
f 502/502/502 844/844/844 829/829/829
f 2113/2113/2113 1521/1521/1521 1510/1510/1510
f 1524/1524/1524 2110/2110/2110 1098/1098/1098
f 3319/3319/3319 2131/2131/2131 367/367/367
f 362/362/362 2948/2948/2948 3317/3317/3317
f 2638/2638/2638 3050/3050/3050 489/489/489
f 1998/1998/1998 2641/2641/2641 491/491/491
f 2981/2981/2981 1610/1610/1610 1617/1617/1617
f 1609/1609/1609 2982/2982/2982 1046/1046/1046
f 1473/1473/1473 2006/2006/2006 519/519/519
f 1476/1476/1476 2664/2664/2664 2005/2005/2005
f 2665/2665/2665 3047/3047/3047 1126/1126/1126
f 1120/1120/1120 2663/2663/2663 1124/1124/1124
f 1516/1516/1516 1526/1526/1526 2670/2670/2670
f 1529/1529/1529 1519/1519/1519 1514/1514/1514
f 1272/1272/1272 2102/2102/2102 370/370/370
f 2103/2103/2103 1271/1271/1271 1267/1267/1267
f 1248/1248/1248 2976/2976/2976 947/947/947
f 1249/1249/1249 1939/1939/1939 2975/2975/2975
f 1559/1559/1559 2104/2104/2104 678/678/678
f 2107/2107/2107 1555/1555/1555 2120/2120/2120
f 847/847/847 1446/1446/1446 839/839/839
f 1448/1448/1448 836/836/836 840/840/840
f 1253/1253/1253 2008/2008/2008 1118/1118/1118
f 2010/2010/2010 1252/1252/1252 522/522/522
f 1653/1653/1653 1622/1622/1622 954/954/954
f 1625/1625/1625 1652/1652/1652 2157/2157/2157
f 1275/1275/1275 361/361/361 1552/1552/1552
f 357/357/357 1276/1276/1276 1554/1554/1554
f 1595/1595/1595 2640/2640/2640 1465/1465/1465
f 327/327/327 1591/1591/1591 1466/1466/1466
f 1451/1451/1451 347/347/347 3208/3208/3208
f 1453/1453/1453 3206/3206/3206 689/689/689
f 48/48/48 2952/2952/2952 1385/1385/1385
f 1385/1385/1385 49/49/49 48/48/48
f 236/236/236 235/235/235 2726/2726/2726
f 2726/2726/2726 235/235/235 2094/2094/2094
f 136/136/136 135/135/135 1969/1969/1969
f 1969/1969/1969 135/135/135 1289/1289/1289
f 1850/1850/1850 2234/2234/2234 2720/2720/2720
f 2720/2720/2720 2234/2234/2234 1852/1852/1852
f 1856/1856/1856 2235/2235/2235 2723/2723/2723
f 2723/2723/2723 2235/2235/2235 1859/1859/1859
f 768/768/768 1542/1542/1542 2253/2253/2253
f 768/768/768 767/767/767 1542/1542/1542
f 2324/2324/2324 1859/1859/1859 3041/3041/3041
f 2324/2324/2324 3041/3041/3041 2320/2320/2320
f 1428/1428/1428 3283/3283/3283 1419/1419/1419
f 943/943/943 3282/3282/3282 1427/1427/1427
f 3285/3285/3285 632/632/632 686/686/686
f 633/633/633 3287/3287/3287 1463/1463/1463
f 2333/2333/2333 1281/1281/1281 784/784/784
f 1282/1282/1282 1281/1281/1281 2333/2333/2333
f 2274/2274/2274 1165/1165/1165 1543/1543/1543
f 1167/1167/1167 1165/1165/1165 2274/2274/2274
f 965/965/965 3263/3263/3263 2239/2239/2239
f 967/967/967 964/964/964 2240/2240/2240
f 1549/1549/1549 3262/3262/3262 2369/2369/2369
f 1551/1551/1551 1548/1548/1548 2368/2368/2368
f 984/984/984 2154/2154/2154 978/978/978
f 978/978/978 2154/2154/2154 2153/2153/2153
f 868/868/868 1637/1637/1637 2243/2243/2243
f 2243/2243/2243 1637/1637/1637 1636/1636/1636
f 2025/2025/2025 1317/1317/1317 1316/1316/1316
f 434/434/434 1317/1317/1317 2025/2025/2025
f 2031/2031/2031 1335/1335/1335 1334/1334/1334
f 397/397/397 1335/1335/1335 2031/2031/2031
f 2919/2919/2919 1531/1531/1531 439/439/439
f 513/513/513 1531/1531/1531 2919/2919/2919
f 2525/2525/2525 1213/1213/1213 1212/1212/1212
f 605/605/605 1213/1213/1213 2525/2525/2525
f 2529/2529/2529 1209/1209/1209 1208/1208/1208
f 598/598/598 1209/1209/1209 2529/2529/2529
f 2925/2925/2925 614/614/614 598/598/598
f 1801/1801/1801 614/614/614 2925/2925/2925
f 601/601/601 1217/1217/1217 2540/2540/2540
f 2540/2540/2540 1217/1217/1217 1216/1216/1216
f 439/439/439 959/959/959 2533/2533/2533
f 2533/2533/2533 959/959/959 958/958/958
f 1785/1785/1785 435/435/435 2601/2601/2601
f 2601/2601/2601 435/435/435 434/434/434
f 1779/1779/1779 398/398/398 2579/2579/2579
f 2579/2579/2579 398/398/398 397/397/397
f 1798/1798/1798 389/389/389 2572/2572/2572
f 2572/2572/2572 389/389/389 388/388/388
f 2550/2550/2550 401/401/401 400/400/400
f 1792/1792/1792 401/401/401 2550/2550/2550
f 2932/2932/2932 617/617/617 605/605/605
f 1811/1811/1811 617/617/617 2932/2932/2932
f 2938/2938/2938 616/616/616 601/601/601
f 1807/1807/1807 616/616/616 2938/2938/2938
f 393/393/393 1838/1838/1838 2907/2907/2907
f 2907/2907/2907 1838/1838/1838 1774/1774/1774
f 2901/2901/2901 1836/1836/1836 1765/1765/1765
f 405/405/405 1836/1836/1836 2901/2901/2901
f 2769/2769/2769 432/432/432 431/431/431
f 721/721/721 432/432/432 2769/2769/2769
f 2761/2761/2761 1773/1773/1773 1772/1772/1772
f 730/730/730 1773/1773/1773 2761/2761/2761
f 734/734/734 1764/1764/1764 2749/2749/2749
f 2749/2749/2749 1764/1764/1764 1763/1763/1763
f 2757/2757/2757 1769/1769/1769 1768/1768/1768
f 725/725/725 1769/1769/1769 2757/2757/2757
f 509/509/509 1841/1841/1841 2902/2902/2902
f 2902/2902/2902 1841/1841/1841 433/433/433
f 396/396/396 1835/1835/1835 2896/2896/2896
f 2896/2896/2896 1835/1835/1835 1770/1770/1770
f 2893/2893/2893 1832/1832/1832 1809/1809/1809
f 599/599/599 1831/1831/1831 2894/2894/2894
f 2801/2801/2801 1790/1790/1790 1788/1788/1788
f 402/402/402 1789/1789/1789 2802/2802/2802
f 390/390/390 1796/1796/1796 2784/2784/2784
f 2783/2783/2783 1795/1795/1795 1794/1794/1794
f 603/603/603 1825/1825/1825 2866/2866/2866
f 2868/2868/2868 1826/1826/1826 1814/1814/1814
f 2013/2013/2013 1326/1326/1326 1325/1325/1325
f 388/388/388 1326/1326/1326 2013/2013/2013
f 400/400/400 1344/1344/1344 2019/2019/2019
f 2019/2019/2019 1344/1344/1344 1343/1343/1343
f 1772/1772/1772 392/392/392 2838/2838/2838
f 2838/2838/2838 392/392/392 391/391/391
f 1765/1765/1765 733/733/733 2417/2417/2417
f 2417/2417/2417 733/733/733 732/732/732
f 2820/2820/2820 404/404/404 403/403/403
f 1763/1763/1763 404/404/404 2820/2820/2820
f 2426/2426/2426 729/729/729 728/728/728
f 1774/1774/1774 729/729/729 2426/2426/2426
f 431/431/431 1799/1799/1799 2797/2797/2797
f 2797/2797/2797 1799/1799/1799 511/511/511
f 2449/2449/2449 724/724/724 723/723/723
f 1770/1770/1770 724/724/724 2449/2449/2449
f 2772/2772/2772 395/395/395 394/394/394
f 1768/1768/1768 395/395/395 2772/2772/2772
f 2440/2440/2440 720/720/720 719/719/719
f 433/433/433 720/720/720 2440/2440/2440
f 1345/1345/1345 467/467/467 2734/2734/2734
f 2734/2734/2734 467/467/467 402/402/402
f 2744/2744/2744 458/458/458 390/390/390
f 1327/1327/1327 458/458/458 2744/2744/2744
f 511/511/511 514/514/514 2792/2792/2792
f 2792/2792/2792 514/514/514 512/512/512
f 723/723/723 1845/1845/1845 2847/2847/2847
f 2847/2847/2847 1845/1845/1845 1778/1778/1778
f 394/394/394 1803/1803/1803 2776/2776/2776
f 2776/2776/2776 1803/1803/1803 1802/1802/1802
f 719/719/719 1842/1842/1842 2841/2841/2841
f 2841/2841/2841 1842/1842/1842 1784/1784/1784
f 2729/2729/2729 471/471/471 399/399/399
f 1336/1336/1336 471/471/471 2729/2729/2729
f 2739/2739/2739 463/463/463 436/436/436
f 1318/1318/1318 463/463/463 2739/2739/2739
f 1788/1788/1788 737/737/737 2752/2752/2752
f 2752/2752/2752 737/737/737 734/734/734
f 1794/1794/1794 740/740/740 2764/2764/2764
f 2764/2764/2764 740/740/740 730/730/730
f 1809/1809/1809 615/615/615 2464/2464/2464
f 2464/2464/2464 615/615/615 393/393/393
f 1814/1814/1814 618/618/618 2493/2493/2493
f 2493/2493/2493 618/618/618 405/405/405
f 2885/2885/2885 1829/1829/1829 515/515/515
f 437/437/437 1828/1828/1828 2883/2883/2883
f 399/399/399 1777/1777/1777 2807/2807/2807
f 2808/2808/2808 1776/1776/1776 1775/1775/1775
f 436/436/436 1782/1782/1782 2815/2815/2815
f 2814/2814/2814 1783/1783/1783 1781/1781/1781
f 2856/2856/2856 1822/1822/1822 1804/1804/1804
f 596/596/596 1823/1823/1823 2857/2857/2857
f 391/391/391 1808/1808/1808 2833/2833/2833
f 2833/2833/2833 1808/1808/1808 1806/1806/1806
f 732/732/732 1849/1849/1849 2855/2855/2855
f 2855/2855/2855 1849/1849/1849 1791/1791/1791
f 403/403/403 1813/1813/1813 2825/2825/2825
f 2825/2825/2825 1813/1813/1813 1812/1812/1812
f 728/728/728 1846/1846/1846 2849/2849/2849
f 2849/2849/2849 1846/1846/1846 1797/1797/1797
f 2766/2766/2766 1347/1347/1347 721/721/721
f 1781/1781/1781 1347/1347/1347 2766/2766/2766
f 1775/1775/1775 735/735/735 2754/2754/2754
f 2754/2754/2754 735/735/735 725/725/725
f 515/515/515 510/510/510 2453/2453/2453
f 2453/2453/2453 510/510/510 509/509/509
f 1804/1804/1804 613/613/613 2482/2482/2482
f 2482/2482/2482 613/613/613 396/396/396
f 238/238/238 2414/2414/2414 242/242/242
f 242/242/242 2414/2414/2414 1092/1092/1092
f 253/253/253 2352/2352/2352 254/254/254
f 254/254/254 2352/2352/2352 886/886/886
f 2296/2296/2296 3313/3313/3313 1365/1365/1365
f 2699/2699/2699 2296/2296/2296 1365/1365/1365
f 2291/2291/2291 3316/3316/3316 1349/1349/1349
f 2701/2701/2701 2291/2291/2291 1349/1349/1349
f 2286/2286/2286 3309/3309/3309 1383/1383/1383
f 2703/2703/2703 2286/2286/2286 1383/1383/1383
f 2281/2281/2281 3311/3311/3311 1367/1367/1367
f 2705/2705/2705 2281/2281/2281 1367/1367/1367
f 293/293/293 292/292/292 1386/1386/1386
f 1386/1386/1386 292/292/292 2167/2167/2167
f 1085/1085/1085 3066/3066/3066 222/222/222
f 195/195/195 222/222/222 3066/3066/3066
f 2650/2650/2650 2267/2267/2267 1433/1433/1433
f 1437/1437/1437 2266/2266/2266 2651/2651/2651
f 1077/1077/1077 298/298/298 2250/2250/2250
f 2251/2251/2251 2250/2250/2250 298/298/298
f 1297/1297/1297 319/319/319 2328/2328/2328
f 2244/2244/2244 2328/2328/2328 319/319/319
f 189/189/189 988/988/988 1442/1442/1442
f 1442/1442/1442 988/988/988 185/185/185
f 1821/1821/1821 991/991/991 2211/2211/2211
f 2211/2211/2211 991/991/991 188/188/188
f 196/196/196 1239/1239/1239 1639/1639/1639
f 1639/1639/1639 1239/1239/1239 199/199/199
f 192/192/192 1242/1242/1242 1644/1644/1644
f 1644/1644/1644 1242/1242/1242 193/193/193
f 1932/1932/1932 2303/2303/2303 1301/1301/1301
f 1301/1301/1301 2303/2303/2303 1927/1927/1927
f 2274/2274/2274 3233/3233/3233 2124/2124/2124
f 2124/2124/2124 3233/3233/3233 2497/2497/2497
f 2333/2333/2333 3232/3232/3232 2208/2208/2208
f 2208/2208/2208 3232/3232/3232 1816/1816/1816
f 2091/2091/2091 248/248/248 246/246/246
f 1464/1464/1464 248/248/248 2091/2091/2091
f 985/985/985 1090/1090/1090 2040/2040/2040
f 2040/2040/2040 1090/1090/1090 173/173/173
f 418/418/418 1647/1647/1647 416/416/416
f 416/416/416 1647/1647/1647 821/821/821
f 387/387/387 1641/1641/1641 385/385/385
f 385/385/385 1641/1641/1641 778/778/778
f 649/649/649 766/766/766 1533/1533/1533
f 766/766/766 649/649/649 646/646/646
f 2180/2180/2180 3290/3290/3290 3032/3032/3032
f 2174/2174/2174 3033/3033/3033 3291/3291/3291
f 2187/2187/2187 3292/3292/3292 3028/3028/3028
f 2182/2182/2182 3030/3030/3030 3293/3293/3293
f 2194/2194/2194 3295/3295/3295 3036/3036/3036
f 2190/2190/2190 3035/3035/3035 3294/3294/3294
f 2204/2204/2204 3296/3296/3296 3039/3039/3039
f 2197/2197/2197 3038/3038/3038 3297/3297/3297
f 2337/2337/2337 1423/1423/1423 1418/1418/1418
f 3100/3100/3100 2337/2337/2337 1418/1418/1418
f 2150/2150/2150 2516/2516/2516 1460/1460/1460
f 2516/2516/2516 636/636/636 1460/1460/1460
f 1872/1872/1872 1058/1058/1058 1059/1059/1059
f 143/143/143 1058/1058/1058 1872/1872/1872
f 2607/2607/2607 312/312/312 3076/3076/3076
f 139/139/139 312/312/312 2607/2607/2607
f 46/46/46 1541/1541/1541 2037/2037/2037
f 46/46/46 45/45/45 1541/1541/1541
f 1963/1963/1963 1962/1962/1962 39/39/39
f 1194/1194/1194 1963/1963/1963 39/39/39
f 289/289/289 3043/3043/3043 1294/1294/1294
f 287/287/287 3042/3042/3042 290/290/290
f 894/894/894 3014/3014/3014 896/896/896
f 897/897/897 3015/3015/3015 1987/1987/1987
f 2957/2957/2957 2960/2960/2960 2541/2541/2541
f 1876/1876/1876 2541/2541/2541 2960/2960/2960
f 1756/1756/1756 3024/3024/3024 1752/1752/1752
f 1001/1001/1001 1752/1752/1752 3024/3024/3024
f 2151/2151/2151 2501/2501/2501 1019/1019/1019
f 2499/2499/2499 2150/2150/2150 1460/1460/1460
f 3101/3101/3101 759/759/759 528/528/528
f 760/760/760 3100/3100/3100 1418/1418/1418
f 2245/2245/2245 2707/2707/2707 1074/1074/1074
f 1074/1074/1074 2707/2707/2707 1433/1433/1433
f 1648/1648/1648 170/170/170 817/817/817
f 817/817/817 170/170/170 654/654/654
f 1643/1643/1643 167/167/167 1187/1187/1187
f 1187/1187/1187 167/167/167 776/776/776
f 2921/2921/2921 2535/2535/2535 2916/2916/2916
f 2921/2921/2921 2533/2533/2533 2535/2535/2535
f 2927/2927/2927 2530/2530/2530 2922/2922/2922
f 2927/2927/2927 2529/2529/2529 2530/2530/2530
f 2933/2933/2933 2525/2525/2525 2527/2527/2527
f 2933/2933/2933 2527/2527/2527 2930/2930/2930
f 2939/2939/2939 2540/2540/2540 2538/2538/2538
f 2939/2939/2939 2538/2538/2538 2935/2935/2935
f 554/554/554 553/553/553 1061/1061/1061
f 1061/1061/1061 1874/1874/1874 554/554/554
f 1952/1952/1952 999/999/999 414/414/414
f 414/414/414 412/412/412 1952/1952/1952
f 1560/1560/1560 3184/3184/3184 1977/1977/1977
f 539/539/539 3184/3184/3184 1560/1560/1560
f 2046/2046/2046 3185/3185/3185 1719/1719/1719
f 2047/2047/2047 3185/3185/3185 2046/2046/2046
f 160/160/160 1184/1184/1184 1192/1192/1192
f 160/160/160 1186/1186/1186 1184/1184/1184
f 2602/2602/2602 2027/2027/2027 2598/2598/2598
f 2602/2602/2602 2025/2025/2025 2027/2027/2027
f 2574/2574/2574 2013/2013/2013 2015/2015/2015
f 2574/2574/2574 2015/2015/2015 2571/2571/2571
f 2580/2580/2580 2033/2033/2033 2577/2577/2577
f 2580/2580/2580 2031/2031/2031 2033/2033/2033
f 2552/2552/2552 2020/2020/2020 2547/2547/2547
f 2552/2552/2552 2019/2019/2019 2020/2020/2020
f 228/228/228 1675/1675/1675 3152/3152/3152
f 3151/3151/3151 1487/1487/1487 227/227/227
f 771/771/771 1922/1922/1922 3149/3149/3149
f 3150/3150/3150 769/769/769 772/772/772
f 3021/3021/3021 3336/3336/3336 3086/3086/3086
f 183/183/183 3336/3336/3336 3021/3021/3021
f 2708/2708/2708 42/42/42 54/54/54
f 2708/2708/2708 54/54/54 384/384/384
f 1666/1666/1666 2955/2955/2955 1664/1664/1664
f 2956/2956/2956 3078/3078/3078 1662/1662/1662
f 1684/1684/1684 2953/2953/2953 1680/1680/1680
f 2954/2954/2954 3075/3075/3075 1681/1681/1681
f 1506/1506/1506 2318/2318/2318 1501/1501/1501
f 1501/1501/1501 2318/2318/2318 149/149/149
f 2320/2320/2320 1089/1089/1089 1087/1087/1087
f 3074/3074/3074 2320/2320/2320 1087/1087/1087
f 2302/2302/2302 872/872/872 1296/1296/1296
f 165/165/165 873/873/873 2301/2301/2301
f 2963/2963/2963 2962/2962/2962 3312/3312/3312
f 3312/3312/3312 2280/2280/2280 2963/2963/2963
f 3310/3310/3310 2285/2285/2285 2965/2965/2965
f 2965/2965/2965 2964/2964/2964 3310/3310/3310
f 2967/2967/2967 2966/2966/2966 3315/3315/3315
f 3315/3315/3315 2290/2290/2290 2967/2967/2967
f 3314/3314/3314 2295/2295/2295 2969/2969/2969
f 2969/2969/2969 2968/2968/2968 3314/3314/3314
f 2206/2206/2206 1645/1645/1645 3299/3299/3299
f 1645/1645/1645 2206/2206/2206 1644/1644/1644
f 2357/2357/2357 244/244/244 243/243/243
f 1285/1285/1285 244/244/244 2357/2357/2357
f 2915/2915/2915 3242/3242/3242 2787/2787/2787
f 2786/2786/2786 3241/3241/3241 2781/2781/2781
f 2818/2818/2818 3260/3260/3260 2813/2813/2813
f 2911/2911/2911 3259/3259/3259 2817/2817/2817
f 2804/2804/2804 3248/3248/3248 2799/2799/2799
f 2912/2912/2912 3250/3250/3250 2803/2803/2803
f 2918/2918/2918 3253/3253/3253 2793/2793/2793
f 2793/2793/2793 3253/3253/3253 2788/2788/2788
f 2923/2923/2923 3234/3234/3234 2778/2778/2778
f 2778/2778/2778 3234/3234/3234 2775/2775/2775
f 2810/2810/2810 3239/3239/3239 2806/2806/2806
f 2909/2909/2909 3240/3240/3240 2811/2811/2811
f 2835/2835/2835 3258/3258/3258 2831/2831/2831
f 2934/2934/2934 3258/3258/3258 2835/2835/2835
f 2828/2828/2828 3247/3247/3247 2821/2821/2821
f 2928/2928/2928 3247/3247/3247 2828/2828/2828
f 2781/2781/2781 3138/3138/3138 2745/2745/2745
f 2746/2746/2746 3139/3139/3139 2743/2743/2743
f 2763/2763/2763 3220/3220/3220 2915/2915/2915
f 2759/2759/2759 3220/3220/3220 2763/2763/2763
f 2799/2799/2799 3145/3145/3145 2736/2736/2736
f 2735/2735/2735 3147/3147/3147 2732/2732/2732
f 2768/2768/2768 3225/3225/3225 2765/2765/2765
f 2765/2765/2765 3225/3225/3225 2911/2911/2911
f 2751/2751/2751 3212/3212/3212 2912/2912/2912
f 2747/2747/2747 3212/3212/3212 2751/2751/2751
f 2755/2755/2755 3216/3216/3216 2753/2753/2753
f 2753/2753/2753 3216/3216/3216 2909/2909/2909
f 2796/2796/2796 3251/3251/3251 2946/2946/2946
f 2790/2790/2790 3251/3251/3251 2796/2796/2796
f 2771/2771/2771 3237/3237/3237 2943/2943/2943
f 2773/2773/2773 3237/3237/3237 2771/2771/2771
f 2837/2837/2837 3255/3255/3255 2945/2945/2945
f 2830/2830/2830 3255/3255/3255 2837/2837/2837
f 2823/2823/2823 3245/3245/3245 2819/2819/2819
f 2819/2819/2819 3245/3245/3245 2940/2940/2940
f 2813/2813/2813 3142/3142/3142 2740/2740/2740
f 2741/2741/2741 3141/3141/3141 2738/2738/2738
f 2946/2946/2946 3223/3223/3223 2770/2770/2770
f 2770/2770/2770 3223/3223/3223 2768/2768/2768
f 2945/2945/2945 3222/3222/3222 2762/2762/2762
f 2762/2762/2762 3222/3222/3222 2759/2759/2759
f 2943/2943/2943 3218/3218/3218 2758/2758/2758
f 2758/2758/2758 3218/3218/3218 2755/2755/2755
f 2940/2940/2940 3214/3214/3214 2750/2750/2750
f 2750/2750/2750 3214/3214/3214 2747/2747/2747
f 2806/2806/2806 3134/3134/3134 2731/2731/2731
f 2730/2730/2730 3133/3133/3133 2727/2727/2727
f 1810/1810/1810 2539/2539/2539 262/262/262
f 262/262/262 2539/2539/2539 2537/2537/2537
f 276/276/276 2528/2528/2528 2526/2526/2526
f 1815/1815/1815 2528/2528/2528 276/276/276
f 283/283/283 2536/2536/2536 2534/2534/2534
f 1530/1530/1530 2536/2536/2536 283/283/283
f 265/265/265 2532/2532/2532 2531/2531/2531
f 1805/1805/1805 2532/2532/2532 265/265/265
f 2330/2330/2330 1083/1083/1083 1080/1080/1080
f 3077/3077/3077 2330/2330/2330 1080/1080/1080
f 2153/2153/2153 979/979/979 978/978/978
f 1079/1079/1079 979/979/979 2153/2153/2153
f 1636/1636/1636 2997/2997/2997 2243/2243/2243
f 2996/2996/2996 2997/2997/2997 1636/1636/1636
f 2045/2045/2045 2044/2044/2044 2043/2043/2043
f 2043/2043/2043 2044/2044/2044 2040/2040/2040
f 2089/2089/2089 2088/2088/2088 2093/2093/2093
f 2093/2093/2093 2088/2088/2088 2091/2091/2091
f 2239/2239/2239 3263/3263/3263 1665/1665/1665
f 291/291/291 1665/1665/1665 3263/3263/3263
f 234/234/234 1683/1683/1683 3262/3262/3262
f 2369/2369/2369 3262/3262/3262 1683/1683/1683
f 1572/1572/1572 1177/1177/1177 1176/1176/1176
f 1178/1178/1178 1573/1573/1573 2721/2721/2721
f 1585/1585/1585 1135/1135/1135 1133/1133/1133
f 1134/1134/1134 1586/1586/1586 2724/2724/2724
f 40/40/40 1947/1947/1947 1638/1638/1638
f 1638/1638/1638 1947/1947/1947 1866/1866/1866
f 52/52/52 1881/1881/1881 1879/1879/1879
f 1879/1879/1879 1881/1881/1881 2039/2039/2039
f 2852/2852/2852 2560/2560/2560 1848/1848/1848
f 2559/2559/2559 2853/2853/2853 2418/2418/2418
f 2851/2851/2851 2568/2568/2568 1847/1847/1847
f 2567/2567/2567 2850/2850/2850 2427/2427/2427
f 2845/2845/2845 2588/2588/2588 1844/1844/1844
f 2587/2587/2587 2844/2844/2844 2450/2450/2450
f 2843/2843/2843 2596/2596/2596 1843/1843/1843
f 2595/2595/2595 2842/2842/2842 2441/2441/2441
f 2438/2438/2438 2434/2434/2434 2433/2433/2433
f 2435/2435/2435 2439/2439/2439 278/278/278
f 2430/2430/2430 2424/2424/2424 257/257/257
f 2425/2425/2425 2429/2429/2429 2428/2428/2428
f 2443/2443/2443 2448/2448/2448 267/267/267
f 2447/2447/2447 2444/2444/2444 2442/2442/2442
f 2421/2421/2421 2416/2416/2416 271/271/271
f 2415/2415/2415 2420/2420/2420 2419/2419/2419
f 2556/2556/2556 2549/2549/2549 731/731/731
f 2548/2548/2548 2557/2557/2557 2553/2553/2553
f 2565/2565/2565 2569/2569/2569 727/727/727
f 2570/2570/2570 2564/2564/2564 2561/2561/2561
f 2903/2903/2903 2436/2436/2436 1840/1840/1840
f 2437/2437/2437 2904/2904/2904 2454/2454/2454
f 2878/2878/2878 2460/2460/2460 1830/1830/1830
f 2461/2461/2461 2879/2879/2879 2876/2876/2876
f 2861/2861/2861 2478/2478/2478 1824/1824/1824
f 2479/2479/2479 2862/2862/2862 2860/2860/2860
f 2445/2445/2445 2898/2898/2898 2483/2483/2483
f 2897/2897/2897 2446/2446/2446 1834/1834/1834
f 2906/2906/2906 2431/2431/2431 1839/1839/1839
f 2432/2432/2432 2905/2905/2905 2465/2465/2465
f 2899/2899/2899 2422/2422/2422 1837/1837/1837
f 2423/2423/2423 2900/2900/2900 2494/2494/2494
f 2889/2889/2889 2471/2471/2471 1833/1833/1833
f 2472/2472/2472 2890/2890/2890 2887/2887/2887
f 2873/2873/2873 2490/2490/2490 1827/1827/1827
f 2489/2489/2489 2871/2871/2871 2870/2870/2870
f 2576/2576/2576 2584/2584/2584 2581/2581/2581
f 2585/2585/2585 2575/2575/2575 726/726/726
f 2593/2593/2593 2597/2597/2597 722/722/722
f 2599/2599/2599 2592/2592/2592 2589/2589/2589
f 2491/2491/2491 2487/2487/2487 2485/2485/2485
f 2486/2486/2486 2492/2492/2492 270/270/270
f 2470/2470/2470 2463/2463/2463 256/256/256
f 2462/2462/2462 2469/2469/2469 2466/2466/2466
f 2476/2476/2476 2480/2480/2480 266/266/266
f 2481/2481/2481 2477/2477/2477 2473/2473/2473
f 2459/2459/2459 2452/2452/2452 277/277/277
f 2451/2451/2451 2458/2458/2458 2455/2455/2455
f 2089/2089/2089 1198/1198/1198 38/38/38
f 882/882/882 1198/1198/1198 2089/2089/2089
f 2045/2045/2045 1481/1481/1481 44/44/44
f 861/861/861 1481/1481/1481 2045/2045/2045
f 2390/2390/2390 3266/3266/3266 2386/2386/2386
f 2055/2055/2055 2385/2385/2385 3267/3267/3267
f 2393/2393/2393 3268/3268/3268 2399/2399/2399
f 2067/2067/2067 2397/2397/2397 3269/3269/3269
f 2070/2070/2070 2409/2409/2409 3271/3271/3271
f 2404/2404/2404 3270/3270/3270 2410/2410/2410
f 2062/2062/2062 2375/2375/2375 3265/3265/3265
f 2370/2370/2370 3264/3264/3264 2377/2377/2377
f 2200/2200/2200 2199/2199/2199 3326/3326/3326
f 3297/3297/3297 3327/3327/3327 2197/2197/2197
f 3294/3294/3294 3325/3325/3325 2190/2190/2190
f 2193/2193/2193 2191/2191/2191 3324/3324/3324
f 3291/3291/3291 3321/3321/3321 2174/2174/2174
f 2176/2176/2176 2173/2173/2173 3320/3320/3320
f 2184/2184/2184 2181/2181/2181 3322/3322/3322
f 3293/3293/3293 3323/3323/3323 2182/2182/2182
f 2722/2722/2722 2231/2231/2231 670/670/670
f 2722/2722/2722 670/670/670 557/557/557
f 2725/2725/2725 2236/2236/2236 711/711/711
f 2725/2725/2725 711/711/711 566/566/566
f 1081/1081/1081 1646/1646/1646 418/418/418
f 418/418/418 1646/1646/1646 1647/1647/1647
f 1088/1088/1088 1640/1640/1640 387/387/387
f 387/387/387 1640/1640/1640 1641/1641/1641
f 2725/2725/2725 2724/2724/2724 2236/2236/2236
f 2724/2724/2724 1586/1586/1586 2236/2236/2236
f 2722/2722/2722 2721/2721/2721 2231/2231/2231
f 2721/2721/2721 1573/1573/1573 2231/2231/2231
f 3040/3040/3040 881/881/881 1486/1486/1486
f 1196/1196/1196 881/881/881 3040/3040/3040
f 2839/2839/2839 860/860/860 133/133/133
f 1480/1480/1480 860/860/860 2839/2839/2839
f 2355/2355/2355 1970/1970/1970 287/287/287
f 287/287/287 1970/1970/1970 1969/1969/1969
f 2546/2546/2546 1994/1994/1994 894/894/894
f 894/894/894 1994/1994/1994 1993/1993/1993
f 215/215/215 1642/1642/1642 1989/1989/1989
f 1989/1989/1989 1642/1642/1642 1643/1643/1643
f 178/178/178 1649/1649/1649 1980/1980/1980
f 1980/1980/1980 1649/1649/1649 1648/1648/1648
f 1957/1957/1957 1956/1956/1956 3305/3305/3305
f 3305/3305/3305 1956/1956/1956 1955/1955/1955
f 1867/1867/1867 2148/2148/2148 2146/2146/2146
f 2146/2146/2146 2148/2148/2148 2143/2143/2143
f 1185/1185/1185 158/158/158 2314/2314/2314
f 2314/2314/2314 158/158/158 214/214/214
f 1758/1758/1758 2166/2166/2166 879/879/879
f 1759/1759/1759 878/878/878 410/410/410
f 2097/2097/2097 3148/3148/3148 703/703/703
f 2096/2096/2096 702/702/702 549/549/549
f 3180/3180/3180 2952/2952/2952 53/53/53
f 3180/3180/3180 53/53/53 415/415/415
f 754/754/754 524/524/524 758/758/758
f 525/525/525 755/755/755 532/532/532
f 1029/1029/1029 1017/1017/1017 2988/2988/2988
f 2987/2987/2987 1022/1022/1022 2500/2500/2500
f 542/542/542 540/540/540 2307/2307/2307
f 2307/2307/2307 540/540/540 250/250/250
f 1729/1729/1729 2049/2049/2049 1723/1723/1723
f 1723/1723/1723 2049/2049/2049 237/237/237
f 197/197/197 3065/3065/3065 3339/3339/3339
f 3340/3340/3340 3064/3064/3064 218/218/218
f 1183/1183/1183 2313/2313/2313 1961/1961/1961
f 2313/2313/2313 1183/1183/1183 1862/1862/1862
f 2272/2272/2272 2273/2273/2273 1063/1063/1063
f 1063/1063/1063 1117/1117/1117 2272/2272/2272
f 1543/1543/1543 2498/2498/2498 2497/2497/2497
f 2312/2312/2312 2498/2498/2498 1543/1543/1543
f 784/784/784 1508/1508/1508 1816/1816/1816
f 786/786/786 1508/1508/1508 784/784/784
f 1856/1856/1856 566/566/566 1669/1669/1669
f 566/566/566 1856/1856/1856 2725/2725/2725
f 557/557/557 1850/1850/1850 2722/2722/2722
f 1850/1850/1850 557/557/557 1668/1668/1668
f 2882/2882/2882 2966/2966/2966 2877/2877/2877
f 2882/2882/2882 3315/3315/3315 2966/2966/2966
f 2891/2891/2891 3314/3314/3314 2968/2968/2968
f 2891/2891/2891 2968/2968/2968 2886/2886/2886
f 2864/2864/2864 2962/2962/2962 2859/2859/2859
f 2864/2864/2864 3312/3312/3312 2962/2962/2962
f 2875/2875/2875 3310/3310/3310 2964/2964/2964
f 2875/2875/2875 2964/2964/2964 2869/2869/2869
f 2497/2497/2497 3334/3334/3334 1933/1933/1933
f 1933/1933/1933 3334/3334/3334 1630/1630/1630
f 1817/1817/1817 3335/3335/3335 1501/1501/1501
f 1816/1816/1816 3335/3335/3335 1817/1817/1817
f 727/727/727 2016/2016/2016 2694/2694/2694
f 2694/2694/2694 2016/2016/2016 2014/2014/2014
f 2686/2686/2686 2022/2022/2022 2021/2021/2021
f 731/731/731 2022/2022/2022 2686/2686/2686
f 722/722/722 2028/2028/2028 2698/2698/2698
f 2698/2698/2698 2028/2028/2028 2026/2026/2026
f 2687/2687/2687 2034/2034/2034 2032/2032/2032
f 726/726/726 2034/2034/2034 2687/2687/2687
f 3187/3187/3187 1179/1179/1179 1972/1972/1972
f 3187/3187/3187 1972/1972/1972 1971/1971/1971
f 1967/1967/1967 1966/1966/1966 2998/2998/2998
f 2998/2998/2998 1966/1966/1966 2355/2355/2355
f 1997/1997/1997 1995/1995/1995 3001/3001/3001
f 3001/3001/3001 1995/1995/1995 2546/2546/2546
f 2143/2143/2143 2667/2667/2667 3093/3093/3093
f 3093/3093/3093 2667/2667/2667 1545/1545/1545
f 1955/1955/1955 1954/1954/1954 3085/3085/3085
f 3085/3085/3085 1954/1954/1954 961/961/961
f 1505/1505/1505 2970/2970/2970 2316/2316/2316
f 862/862/862 2970/2970/2970 1505/1505/1505
f 2648/2648/2648 1634/1634/1634 1633/1633/1633
f 884/884/884 1634/1634/1634 2648/2648/2648
f 752/752/752 2972/2972/2972 750/750/750
f 2972/2972/2972 1136/1136/1136 750/750/750
f 1932/1932/1932 3079/3079/3079 695/695/695
f 695/695/695 3079/3079/3079 718/718/718
f 2169/2169/2169 650/650/650 1288/1288/1288
f 647/647/647 650/650/650 2169/2169/2169
f 2542/2542/2542 2165/2165/2165 546/546/546
f 548/548/548 546/546/546 2165/2165/2165
f 1754/1754/1754 2035/2035/2035 2036/2036/2036
f 656/656/656 2036/2036/2036 2035/2035/2035
f 1971/1971/1971 976/976/976 3188/3188/3188
f 1971/1971/1971 3188/3188/3188 3187/3187/3187
f 410/410/410 1760/1760/1760 1759/1759/1759
f 1760/1760/1760 410/410/410 3025/3025/3025
f 549/549/549 2098/2098/2098 2096/2096/2096
f 2098/2098/2098 549/549/549 2961/2961/2961
f 770/770/770 132/132/132 151/151/151
f 133/133/133 132/132/132 770/770/770
f 255/255/255 2645/2645/2645 250/250/250
f 250/250/250 2645/2645/2645 3071/3071/3071
f 241/241/241 864/864/864 237/237/237
f 237/237/237 864/864/864 3073/3073/3073
f 2309/2309/2309 2311/2311/2311 1164/1164/1164
f 1164/1164/1164 2311/2311/2311 1543/1543/1543
f 1725/1725/1725 785/785/785 1280/1280/1280
f 1280/1280/1280 785/785/785 784/784/784
f 230/230/230 161/161/161 144/144/144
f 1486/1486/1486 161/161/161 230/230/230
f 2649/2649/2649 3302/3302/3302 883/883/883
f 884/884/884 3303/3303/3303 3071/3071/3071
f 1505/1505/1505 3300/3300/3300 862/862/862
f 862/862/862 3300/3300/3300 3073/3073/3073
f 1329/1329/1329 2689/2689/2689 3157/3157/3157
f 2610/2610/2610 3156/3156/3156 2690/2690/2690
f 1337/1337/1337 2684/2684/2684 3154/3154/3154
f 2624/2624/2624 3155/3155/3155 2685/2685/2685
f 1312/1312/1312 2696/2696/2696 3164/3164/3164
f 2618/2618/2618 3163/3163/3163 2697/2697/2697
f 1321/1321/1321 2692/2692/2692 3159/3159/3159
f 2632/2632/2632 3160/3160/3160 2693/2693/2693
f 2308/2308/2308 1159/1159/1159 2312/2312/2312
f 2312/2312/2312 1159/1159/1159 1158/1158/1158
f 1722/1722/1722 2644/2644/2644 786/786/786
f 786/786/786 2644/2644/2644 1507/1507/1507
f 2998/2998/2998 3328/3328/3328 1967/1967/1967
f 1968/1968/1968 3329/3329/3329 2166/2166/2166
f 3001/3001/3001 3332/3332/3332 1997/1997/1997
f 1996/1996/1996 3333/3333/3333 3148/3148/3148
f 2699/2699/2699 3272/3272/3272 3053/3053/3053
f 1322/1322/1322 3052/3052/3052 3273/3273/3273
f 1315/1315/1315 3057/3057/3057 3274/3274/3274
f 2701/2701/2701 3275/3275/3275 3055/3055/3055
f 2685/2685/2685 3192/3192/3192 2624/2624/2624
f 2018/2018/2018 2626/2626/2626 3191/3191/3191
f 2029/2029/2029 2609/2609/2609 3195/3195/3195
f 2690/2690/2690 3196/3196/3196 2610/2610/2610
f 2693/2693/2693 3189/3189/3189 2632/2632/2632
f 2011/2011/2011 2630/2630/2630 3190/3190/3190
f 2023/2023/2023 2620/2620/2620 3194/3194/3194
f 2697/2697/2697 3193/3193/3193 2618/2618/2618
f 2703/2703/2703 3277/3277/3277 3061/3061/3061
f 1342/1342/1342 3062/3062/3062 3276/3276/3276
f 1332/1332/1332 3058/3058/3058 3278/3278/3278
f 2705/2705/2705 3279/3279/3279 3059/3059/3059
f 2127/2127/2127 1385/1385/1385 1388/1388/1388
f 1385/1385/1385 2952/2952/2952 1388/1388/1388
f 992/992/992 1443/1443/1443 185/185/185
f 33/33/33 1443/1443/1443 992/992/992
f 1924/1924/1924 1070/1070/1070 2273/2273/2273
f 43/43/43 1924/1924/1924 2273/2273/2273
f 1296/1296/1296 1929/1929/1929 2302/2302/2302
f 1930/1930/1930 1929/1929/1929 1296/1296/1296
f 3298/3298/3298 1439/1439/1439 2651/2651/2651
f 1440/1440/1440 1439/1439/1439 3298/3298/3298
f 2155/2155/2155 645/645/645 221/221/221
f 645/645/645 3086/3086/3086 218/218/218
f 3021/3021/3021 3086/3086/3086 2155/2155/2155
f 2155/2155/2155 3086/3086/3086 645/645/645
f 1384/1384/1384 2127/2127/2127 971/971/971
f 971/971/971 973/973/973 1384/1384/1384
f 3200/3200/3200 968/968/968 1869/1869/1869
f 655/655/655 968/968/968 3200/3200/3200
f 3205/3205/3205 1496/1496/1496 1976/1976/1976
f 545/545/545 1496/1496/1496 3205/3205/3205
f 669/669/669 668/668/668 2245/2245/2245
f 2245/2245/2245 668/668/668 787/787/787

