# https://github.com/mikedh/trimesh
mtllib material.mtl

o medium_tube_and_rack.glb
usemtl Glass
v 0.00059400 0.07194150 0.01407200
v 0.00127100 0.07130850 0.01443300
v 0.00118200 0.07194150 0.01398500
v 0.00063900 0.07130850 0.01452700
v 0.00134800 0.07063250 0.01482000
v 0.00175900 0.07194150 0.01384000
v 0.00189200 0.07130850 0.01427800
v 0.00000000 0.07252550 0.01358700
v 0.00054400 0.07252550 0.01356000
v 0.00000000 0.07194150 0.01410200
v 0.00000000 0.07130850 0.01455900
v 0.00067700 0.07063250 0.01492000
v 0.00000000 0.07063250 0.01495300
v 0.00071000 0.06992250 0.01524700
v 0.00141300 0.06992250 0.01514200
v 0.00200700 0.07063250 0.01465600
v 0.00210200 0.06992250 0.01497000
v 0.00264500 0.07063250 0.01442700
v 0.00249400 0.07130850 0.01406200
v 0.00231900 0.07194150 0.01364000
v 0.00212200 0.07252550 0.01316500
v 0.00161000 0.07252550 0.01334800
v 0.00108200 0.07252550 0.01348000
v 0.00036900 0.07393250 0.01178700
v 0.00085400 0.07352450 0.01233600
v 0.00073400 0.07393250 0.01173300
v 0.00042900 0.07352450 0.01239900
v 0.00097100 0.07305450 0.01292500
v 0.00109300 0.07393250 0.01164300
v 0.00127100 0.07352450 0.01223200
v 0.00000000 0.07427450 0.01119400
v 0.00030900 0.07427450 0.01117900
v 0.00000000 0.07393250 0.01180500
v 0.00000000 0.07352450 0.01242100
v 0.00048800 0.07305450 0.01299700
v 0.00000000 0.07305450 0.01302100
v 0.00054400 0.07252550 0.01356000
v 0.00108200 0.07252550 0.01348000
v 0.00144600 0.07305450 0.01280600
v 0.00161000 0.07252550 0.01334800
v 0.00190600 0.07305450 0.01264200
v 0.00167600 0.07352450 0.01208700
v 0.00144100 0.07393250 0.01151900
v 0.00120700 0.07427450 0.01095400
v 0.00091500 0.07427450 0.01105800
v 0.00061500 0.07427450 0.01113400
v 0.00073500 0.06918950 0.01550500
v 0.00150200 0.06847350 0.01559100
v 0.00146300 0.06918950 0.01539700
v 0.00075400 0.06847350 0.01570200
v 0.00153000 0.06781750 0.01573100
v 0.00217700 0.06918950 0.01521900
v 0.00223500 0.06847350 0.01540700
v 0.00000000 0.06992250 0.01528200
v 0.00000000 0.06918950 0.01554200
v 0.00000000 0.06847350 0.01573900
v 0.00076800 0.06781750 0.01584400
v 0.00000000 0.06781750 0.01588200
v 0.00077800 0.06726750 0.01594100
v 0.00154900 0.06726750 0.01582600
v 0.00227600 0.06781750 0.01554400
v 0.00230400 0.06726750 0.01563700
v 0.00300100 0.06781750 0.01528500
v 0.00294600 0.06847350 0.01515300
v 0.00287000 0.06918950 0.01497100
v 0.00277100 0.06992250 0.01473100
v 0.00177400 0.07393250 0.01136100
v 0.00243300 0.07352450 0.01168200
v 0.00209100 0.07393250 0.01117100
v 0.00206400 0.07352450 0.01190300
v 0.00276600 0.07305450 0.01218100
v 0.00238800 0.07393250 0.01095100
v 0.00277800 0.07352450 0.01142600
v 0.00148600 0.07427450 0.01082200
v 0.00234700 0.07305450 0.01243300
v 0.00261400 0.07252550 0.01293200
v 0.00308100 0.07252550 0.01265200
v 0.00315900 0.07305450 0.01189000
v 0.00351800 0.07252550 0.01232800
v 0.00352100 0.07305450 0.01156200
v 0.00309700 0.07352450 0.01113800
v 0.00266200 0.07393250 0.01070300
v 0.00223000 0.07427450 0.01027100
v 0.00200000 0.07427450 0.01047800
v 0.00175200 0.07427450 0.01066300
v 0.00353600 0.06918950 0.01465600
v 0.00427700 0.06847350 0.01444100
v 0.00416700 0.06918950 0.01427700
v 0.00362900 0.06847350 0.01483000
v 0.00435600 0.06781750 0.01456000
v 0.00475800 0.06918950 0.01383900
v 0.00488400 0.06847350 0.01399200
v 0.00341300 0.06992250 0.01442700
v 0.00369600 0.06781750 0.01495600
v 0.00374200 0.06726750 0.01504200
v 0.00441000 0.06726750 0.01464100
v 0.00497400 0.06781750 0.01410200
v 0.00503600 0.06726750 0.01417700
v 0.00554500 0.06781750 0.01358600
v 0.00544300 0.06847350 0.01348400
v 0.00530400 0.06918950 0.01334500
v 0.00512000 0.06992250 0.01316100
v 0.00459300 0.06992250 0.01363800
v 0.00402300 0.06992250 0.01406100
v 0.00285700 0.07194150 0.01338600
v 0.00362100 0.07130850 0.01346000
v 0.00336700 0.07194150 0.01308000
v 0.00307200 0.07130850 0.01378900
v 0.00384000 0.07063250 0.01378800
v 0.00384500 0.07194150 0.01272600
v 0.00413500 0.07130850 0.01307900
v 0.00261400 0.07252550 0.01293200
v 0.00325800 0.07063250 0.01413700
v 0.00438500 0.07063250 0.01338400
v 0.00488800 0.07063250 0.01292900
v 0.00460900 0.07130850 0.01265000
v 0.00428500 0.07194150 0.01232600
v 0.00392100 0.07252550 0.01196200
v 0.00351800 0.07252550 0.01232800
v 0.00308100 0.07252550 0.01265200
v 0.00291000 0.07393250 0.01042900
v 0.00364100 0.07352450 0.01047400
v 0.00313000 0.07393250 0.01013200
v 0.00338500 0.07352450 0.01081900
v 0.00414000 0.07305450 0.01080700
v 0.00332000 0.07393250 0.00981500
v 0.00386200 0.07352450 0.01010500
v 0.00243700 0.07427450 0.01004100
v 0.00384900 0.07305450 0.01120000
v 0.00428700 0.07252550 0.01155900
v 0.00461100 0.07252550 0.01112200
v 0.00439200 0.07305450 0.01038800
v 0.00489100 0.07252550 0.01065500
v 0.00460100 0.07305450 0.00994700
v 0.00404600 0.07352450 0.00971700
v 0.00347800 0.07393250 0.00948200
v 0.00291300 0.07427450 0.00924800
v 0.00278100 0.07427450 0.00952700
v 0.00262200 0.07427450 0.00979300
v 0.00579800 0.06918950 0.01279900
v 0.00640000 0.06847350 0.01231800
v 0.00623600 0.06918950 0.01220800
v 0.00595100 0.06847350 0.01292500
v 0.00651900 0.06781750 0.01239700
v 0.00661500 0.06918950 0.01157700
v 0.00678900 0.06847350 0.01167000
v 0.00559700 0.06992250 0.01263400
v 0.00606100 0.06781750 0.01301500
v 0.00613600 0.06726750 0.01307700
v 0.00660000 0.06726750 0.01245100
v 0.00691500 0.06781750 0.01173700
v 0.00700000 0.06726750 0.01178300
v 0.00724400 0.06781750 0.01104200
v 0.00711200 0.06847350 0.01098700
v 0.00693000 0.06918950 0.01091100
v 0.00669000 0.06992250 0.01081200
v 0.00638600 0.06992250 0.01145400
v 0.00602000 0.06992250 0.01206400
v 0.00468500 0.07194150 0.01188600
v 0.00541900 0.07130850 0.01166200
v 0.00503900 0.07194150 0.01140800
v 0.00503800 0.07130850 0.01217600
v 0.00574700 0.07063250 0.01188100
v 0.00534500 0.07194150 0.01089800
v 0.00574800 0.07130850 0.01111300
v 0.00428700 0.07252550 0.01155900
v 0.00534300 0.07063250 0.01242600
v 0.00609600 0.07063250 0.01129900
v 0.00638600 0.07063250 0.01068600
v 0.00602100 0.07130850 0.01053500
v 0.00559900 0.07194150 0.01036000
v 0.00512400 0.07252550 0.01016300
v 0.00489100 0.07252550 0.01065500
v 0.00461100 0.07252550 0.01112200
v 0.00579900 0.07194150 0.00980000
v 0.00639200 0.07130850 0.00931200
v 0.00594400 0.07194150 0.00922300
v 0.00623700 0.07130850 0.00993300
v 0.00677900 0.07063250 0.00938900
v 0.00603100 0.07194150 0.00863500
v 0.00648600 0.07130850 0.00868000
v 0.00512400 0.07252550 0.01016300
v 0.00530700 0.07252550 0.00965100
v 0.00559900 0.07194150 0.01036000
v 0.00602100 0.07130850 0.01053500
v 0.00661500 0.07063250 0.01004800
v 0.00638600 0.07063250 0.01068600
v 0.00692900 0.06992250 0.01014300
v 0.00710100 0.06992250 0.00945400
v 0.00687900 0.07063250 0.00871800
v 0.00720600 0.06992250 0.00875100
v 0.00691200 0.07063250 0.00804100
v 0.00651800 0.07130850 0.00804100
v 0.00606100 0.07194150 0.00804100
v 0.00554600 0.07252550 0.00804100
v 0.00551900 0.07252550 0.00858500
v 0.00543900 0.07252550 0.00912300
v 0.00360200 0.07393250 0.00913400
v 0.00429500 0.07352450 0.00889500
v 0.00369200 0.07393250 0.00877500
v 0.00419100 0.07352450 0.00931200
v 0.00488400 0.07305450 0.00901200
v 0.00374600 0.07393250 0.00841000
v 0.00435800 0.07352450 0.00847000
v 0.00301700 0.07427450 0.00895600
v 0.00476500 0.07305450 0.00948700
v 0.00530700 0.07252550 0.00965100
v 0.00543900 0.07252550 0.00912300
v 0.00495600 0.07305450 0.00852900
v 0.00551900 0.07252550 0.00858500
v 0.00498000 0.07305450 0.00804100
v 0.00438000 0.07352450 0.00804100
v 0.00376400 0.07393250 0.00804100
v 0.00315300 0.07427450 0.00804100
v 0.00313800 0.07427450 0.00835000
v 0.00309300 0.07427450 0.00865600
v 0.00717800 0.06918950 0.01021800
v 0.00755000 0.06847350 0.00954300
v 0.00735600 0.06918950 0.00950400
v 0.00736600 0.06847350 0.01027600
v 0.00769000 0.06781750 0.00957100
v 0.00746400 0.06918950 0.00877600
v 0.00766100 0.06847350 0.00879500
v 0.00692900 0.06992250 0.01014300
v 0.00750300 0.06781750 0.01031700
v 0.00759600 0.06726750 0.01034500
v 0.00778500 0.06726750 0.00959000
v 0.00780300 0.06781750 0.00880900
v 0.00790000 0.06726750 0.00881900
v 0.00784100 0.06781750 0.00804100
v 0.00769800 0.06847350 0.00804100
v 0.00750100 0.06918950 0.00804100
v 0.00724100 0.06992250 0.00804100
v 0.00720600 0.06992250 0.00875100
v 0.00710100 0.06992250 0.00945400
v 0.00603100 0.07194150 0.00744700
v 0.00639200 0.07130850 0.00677000
v 0.00594400 0.07194150 0.00685900
v 0.00648600 0.07130850 0.00740200
v 0.00677900 0.07063250 0.00669300
v 0.00579900 0.07194150 0.00628200
v 0.00623700 0.07130850 0.00614900
v 0.00551900 0.07252550 0.00749700
v 0.00687900 0.07063250 0.00736400
v 0.00720600 0.06992250 0.00733100
v 0.00710100 0.06992250 0.00662800
v 0.00661500 0.07063250 0.00603400
v 0.00692900 0.06992250 0.00593900
v 0.00638600 0.07063250 0.00539600
v 0.00602100 0.07130850 0.00554700
v 0.00559900 0.07194150 0.00572200
v 0.00512400 0.07252550 0.00591900
v 0.00530700 0.07252550 0.00643100
v 0.00543900 0.07252550 0.00695900
v 0.00374600 0.07393250 0.00767200
v 0.00429500 0.07352450 0.00718700
v 0.00369200 0.07393250 0.00730700
v 0.00435800 0.07352450 0.00761200
v 0.00488400 0.07305450 0.00707000
v 0.00360200 0.07393250 0.00694800
v 0.00419100 0.07352450 0.00677000
v 0.00313800 0.07427450 0.00773200
v 0.00495600 0.07305450 0.00755300
v 0.00551900 0.07252550 0.00749700
v 0.00543900 0.07252550 0.00695900
v 0.00476500 0.07305450 0.00659500
v 0.00530700 0.07252550 0.00643100
v 0.00460100 0.07305450 0.00613500
v 0.00404600 0.07352450 0.00636500
v 0.00347800 0.07393250 0.00660000
v 0.00291300 0.07427450 0.00683400
v 0.00301700 0.07427450 0.00712600
v 0.00309300 0.07427450 0.00742600
v 0.00746400 0.06918950 0.00730600
v 0.00755000 0.06847350 0.00653900
v 0.00735600 0.06918950 0.00657800
v 0.00766100 0.06847350 0.00728700
v 0.00769000 0.06781750 0.00651100
v 0.00717800 0.06918950 0.00586400
v 0.00736600 0.06847350 0.00580600
v 0.00724100 0.06992250 0.00804100
v 0.00750100 0.06918950 0.00804100
v 0.00769800 0.06847350 0.00804100
v 0.00780300 0.06781750 0.00727300
v 0.00784100 0.06781750 0.00804100
v 0.00790000 0.06726750 0.00726300
v 0.00778500 0.06726750 0.00649200
v 0.00750300 0.06781750 0.00576500
v 0.00759600 0.06726750 0.00573700
v 0.00724400 0.06781750 0.00504000
v 0.00711200 0.06847350 0.00509500
v 0.00693000 0.06918950 0.00517100
v 0.00669000 0.06992250 0.00527000
v 0.00332000 0.07393250 0.00626700
v 0.00364100 0.07352450 0.00560800
v 0.00313000 0.07393250 0.00595000
v 0.00386200 0.07352450 0.00597700
v 0.00414000 0.07305450 0.00527500
v 0.00291000 0.07393250 0.00565300
v 0.00338500 0.07352450 0.00526300
v 0.00278100 0.07427450 0.00655500
v 0.00439200 0.07305450 0.00569400
v 0.00489100 0.07252550 0.00542700
v 0.00461100 0.07252550 0.00496000
v 0.00384900 0.07305450 0.00488200
v 0.00428700 0.07252550 0.00452300
v 0.00352100 0.07305450 0.00452000
v 0.00309700 0.07352450 0.00494400
v 0.00266200 0.07393250 0.00537900
v 0.00223000 0.07427450 0.00581100
v 0.00243700 0.07427450 0.00604100
v 0.00262200 0.07427450 0.00628900
v 0.00661500 0.06918950 0.00450500
v 0.00640000 0.06847350 0.00376400
v 0.00623600 0.06918950 0.00387400
v 0.00678900 0.06847350 0.00441200
v 0.00651900 0.06781750 0.00368500
v 0.00579800 0.06918950 0.00328300
v 0.00595100 0.06847350 0.00315700
v 0.00638600 0.06992250 0.00462800
v 0.00691500 0.06781750 0.00434500
v 0.00700000 0.06726750 0.00429900
v 0.00660000 0.06726750 0.00363100
v 0.00606100 0.06781750 0.00306700
v 0.00613600 0.06726750 0.00300500
v 0.00554500 0.06781750 0.00249600
v 0.00544300 0.06847350 0.00259800
v 0.00530400 0.06918950 0.00273700
v 0.00512000 0.06992250 0.00292100
v 0.00559700 0.06992250 0.00344800
v 0.00602000 0.06992250 0.00401800
v 0.00534500 0.07194150 0.00518400
v 0.00541900 0.07130850 0.00442000
v 0.00503900 0.07194150 0.00467400
v 0.00574800 0.07130850 0.00496900
v 0.00574700 0.07063250 0.00420100
v 0.00468500 0.07194150 0.00419600
v 0.00503800 0.07130850 0.00390600
v 0.00489100 0.07252550 0.00542700
v 0.00609600 0.07063250 0.00478300
v 0.00534300 0.07063250 0.00365600
v 0.00488800 0.07063250 0.00315300
v 0.00460900 0.07130850 0.00343200
v 0.00428500 0.07194150 0.00375600
v 0.00392100 0.07252550 0.00412000
v 0.00428700 0.07252550 0.00452300
v 0.00461100 0.07252550 0.00496000
v 0.00238800 0.07393250 0.00513100
v 0.00243300 0.07352450 0.00440000
v 0.00209100 0.07393250 0.00491100
v 0.00277800 0.07352450 0.00465600
v 0.00276600 0.07305450 0.00390100
v 0.00177400 0.07393250 0.00472100
v 0.00206400 0.07352450 0.00417900
v 0.00200000 0.07427450 0.00560400
v 0.00315900 0.07305450 0.00419200
v 0.00351800 0.07252550 0.00375400
v 0.00308100 0.07252550 0.00343000
v 0.00234700 0.07305450 0.00364900
v 0.00261400 0.07252550 0.00315000
v 0.00190600 0.07305450 0.00344000
v 0.00167600 0.07352450 0.00399500
v 0.00144100 0.07393250 0.00456300
v 0.00120700 0.07427450 0.00512800
v 0.00148600 0.07427450 0.00526000
v 0.00175200 0.07427450 0.00541900
v 0.00475800 0.06918950 0.00224300
v 0.00427700 0.06847350 0.00164100
v 0.00416700 0.06918950 0.00180500
v 0.00488400 0.06847350 0.00209000
v 0.00435600 0.06781750 0.00152200
v 0.00353600 0.06918950 0.00142600
v 0.00362900 0.06847350 0.00125200
v 0.00459300 0.06992250 0.00244400
v 0.00497400 0.06781750 0.00198000
v 0.00503600 0.06726750 0.00190500
v 0.00441000 0.06726750 0.00144100
v 0.00369600 0.06781750 0.00112600
v 0.00374200 0.06726750 0.00104100
v 0.00300100 0.06781750 0.00079700
v 0.00294600 0.06847350 0.00092900
v 0.00287000 0.06918950 0.00111100
v 0.00277100 0.06992250 0.00135100
v 0.00341300 0.06992250 0.00165500
v 0.00402300 0.06992250 0.00202100
v 0.00384500 0.07194150 0.00335600
v 0.00362100 0.07130850 0.00262200
v 0.00336700 0.07194150 0.00300200
v 0.00413500 0.07130850 0.00300300
v 0.00384000 0.07063250 0.00229400
v 0.00285700 0.07194150 0.00269600
v 0.00307200 0.07130850 0.00229300
v 0.00351800 0.07252550 0.00375400
v 0.00438500 0.07063250 0.00269800
v 0.00325800 0.07063250 0.00194500
v 0.00264500 0.07063250 0.00165500
v 0.00249400 0.07130850 0.00202000
v 0.00231900 0.07194150 0.00244200
v 0.00212200 0.07252550 0.00291700
v 0.00261400 0.07252550 0.00315000
v 0.00308100 0.07252550 0.00343000
v 0.00175900 0.07194150 0.00224200
v 0.00127100 0.07130850 0.00164900
v 0.00118200 0.07194150 0.00209700
v 0.00189200 0.07130850 0.00180400
v 0.00134800 0.07063250 0.00126200
v 0.00059400 0.07194150 0.00201000
v 0.00063900 0.07130850 0.00155500
v 0.00212200 0.07252550 0.00291700
v 0.00161000 0.07252550 0.00273400
v 0.00231900 0.07194150 0.00244200
v 0.00249400 0.07130850 0.00202000
v 0.00200700 0.07063250 0.00142600
v 0.00264500 0.07063250 0.00165500
v 0.00210200 0.06992250 0.00111200
v 0.00141300 0.06992250 0.00094000
v 0.00067700 0.07063250 0.00116200
v 0.00071000 0.06992250 0.00083500
v 0.00000000 0.07063250 0.00112900
v 0.00000000 0.07130850 0.00152300
v 0.00000000 0.07194150 0.00198000
v 0.00000000 0.07252550 0.00249500
v 0.00054400 0.07252550 0.00252200
v 0.00108200 0.07252550 0.00260200
v 0.00109300 0.07393250 0.00443900
v 0.00085400 0.07352450 0.00374600
v 0.00073400 0.07393250 0.00434900
v 0.00127100 0.07352450 0.00385000
v 0.00097100 0.07305450 0.00315700
v 0.00036900 0.07393250 0.00429500
v 0.00042900 0.07352450 0.00368300
v 0.00091500 0.07427450 0.00502400
v 0.00144600 0.07305450 0.00327600
v 0.00161000 0.07252550 0.00273400
v 0.00108200 0.07252550 0.00260200
v 0.00048800 0.07305450 0.00308500
v 0.00054400 0.07252550 0.00252200
v 0.00000000 0.07305450 0.00306100
v 0.00000000 0.07352450 0.00366100
v 0.00000000 0.07393250 0.00427700
v 0.00000000 0.07427450 0.00488800
v 0.00030900 0.07427450 0.00490300
v 0.00061500 0.07427450 0.00494800
v 0.00217700 0.06918950 0.00086300
v 0.00150200 0.06847350 0.00049100
v 0.00146300 0.06918950 0.00068500
v 0.00223500 0.06847350 0.00067500
v 0.00153000 0.06781750 0.00035100
v 0.00073500 0.06918950 0.00057700
v 0.00075400 0.06847350 0.00038000
v 0.00277100 0.06992250 0.00135100
v 0.00287000 0.06918950 0.00111100
v 0.00294600 0.06847350 0.00092900
v 0.00227600 0.06781750 0.00053800
v 0.00300100 0.06781750 0.00079700
v 0.00230400 0.06726750 0.00044500
v 0.00154900 0.06726750 0.00025600
v 0.00076800 0.06781750 0.00023800
v 0.00077800 0.06726750 0.00014100
v 0.00000000 0.06781750 0.00020000
v 0.00000000 0.06847350 0.00034300
v 0.00000000 0.06918950 0.00054000
v 0.00000000 0.06992250 0.00080000
v -0.00059400 0.07194150 0.00201000
v -0.00127100 0.07130850 0.00164900
v -0.00118200 0.07194150 0.00209700
v -0.00063900 0.07130850 0.00155500
v -0.00134800 0.07063250 0.00126200
v -0.00175900 0.07194150 0.00224200
v -0.00189200 0.07130850 0.00180400
v -0.00054400 0.07252550 0.00252200
v -0.00067700 0.07063250 0.00116200
v -0.00071000 0.06992250 0.00083500
v -0.00141300 0.06992250 0.00094000
v -0.00200700 0.07063250 0.00142600
v -0.00210200 0.06992250 0.00111200
v -0.00264500 0.07063250 0.00165500
v -0.00249400 0.07130850 0.00202000
v -0.00231900 0.07194150 0.00244200
v -0.00212200 0.07252550 0.00291700
v -0.00161000 0.07252550 0.00273400
v -0.00108200 0.07252550 0.00260200
v -0.00036900 0.07393250 0.00429500
v -0.00085400 0.07352450 0.00374600
v -0.00073400 0.07393250 0.00434900
v -0.00042900 0.07352450 0.00368300
v -0.00097100 0.07305450 0.00315700
v -0.00109300 0.07393250 0.00443900
v -0.00127100 0.07352450 0.00385000
v -0.00030900 0.07427450 0.00490300
v -0.00048800 0.07305450 0.00308500
v -0.00054400 0.07252550 0.00252200
v -0.00108200 0.07252550 0.00260200
v -0.00144600 0.07305450 0.00327600
v -0.00161000 0.07252550 0.00273400
v -0.00190600 0.07305450 0.00344000
v -0.00167600 0.07352450 0.00399500
v -0.00144100 0.07393250 0.00456300
v -0.00120700 0.07427450 0.00512800
v -0.00091500 0.07427450 0.00502400
v -0.00061500 0.07427450 0.00494800
v -0.00073500 0.06918950 0.00057700
v -0.00150200 0.06847350 0.00049100
v -0.00146300 0.06918950 0.00068500
v -0.00075400 0.06847350 0.00038000
v -0.00153000 0.06781750 0.00035100
v -0.00217700 0.06918950 0.00086300
v -0.00223500 0.06847350 0.00067500
v -0.00076800 0.06781750 0.00023800
v -0.00077800 0.06726750 0.00014100
v -0.00154900 0.06726750 0.00025600
v -0.00227600 0.06781750 0.00053800
v -0.00230400 0.06726750 0.00044500
v -0.00300100 0.06781750 0.00079700
v -0.00294600 0.06847350 0.00092900
v -0.00287000 0.06918950 0.00111100
v -0.00277100 0.06992250 0.00135100
v -0.00177400 0.07393250 0.00472100
v -0.00243300 0.07352450 0.00440000
v -0.00209100 0.07393250 0.00491100
v -0.00206400 0.07352450 0.00417900
v -0.00276600 0.07305450 0.00390100
v -0.00238800 0.07393250 0.00513100
v -0.00277800 0.07352450 0.00465600
v -0.00148600 0.07427450 0.00526000
v -0.00234700 0.07305450 0.00364900
v -0.00261400 0.07252550 0.00315000
v -0.00308100 0.07252550 0.00343000
v -0.00315900 0.07305450 0.00419200
v -0.00351800 0.07252550 0.00375400
v -0.00352100 0.07305450 0.00452000
v -0.00309700 0.07352450 0.00494400
v -0.00266200 0.07393250 0.00537900
v -0.00223000 0.07427450 0.00581100
v -0.00200000 0.07427450 0.00560400
v -0.00175200 0.07427450 0.00541900
v -0.00353600 0.06918950 0.00142600
v -0.00427700 0.06847350 0.00164100
v -0.00416700 0.06918950 0.00180500
v -0.00362900 0.06847350 0.00125200
v -0.00435600 0.06781750 0.00152200
v -0.00475800 0.06918950 0.00224300
v -0.00488400 0.06847350 0.00209000
v -0.00341300 0.06992250 0.00165500
v -0.00369600 0.06781750 0.00112600
v -0.00374200 0.06726750 0.00104100
v -0.00441000 0.06726750 0.00144100
v -0.00497400 0.06781750 0.00198000
v -0.00503600 0.06726750 0.00190500
v -0.00554500 0.06781750 0.00249600
v -0.00544300 0.06847350 0.00259800
v -0.00530400 0.06918950 0.00273700
v -0.00512000 0.06992250 0.00292100
v -0.00459300 0.06992250 0.00244400
v -0.00402300 0.06992250 0.00202100
v -0.00285700 0.07194150 0.00269600
v -0.00362100 0.07130850 0.00262200
v -0.00336700 0.07194150 0.00300200
v -0.00307200 0.07130850 0.00229300
v -0.00384000 0.07063250 0.00229400
v -0.00384500 0.07194150 0.00335600
v -0.00413500 0.07130850 0.00300300
v -0.00261400 0.07252550 0.00315000
v -0.00325800 0.07063250 0.00194500
v -0.00438500 0.07063250 0.00269800
v -0.00488800 0.07063250 0.00315300
v -0.00460900 0.07130850 0.00343200
v -0.00428500 0.07194150 0.00375600
v -0.00392100 0.07252550 0.00412000
v -0.00351800 0.07252550 0.00375400
v -0.00308100 0.07252550 0.00343000
v -0.00579800 0.06918950 0.00328300
v -0.00640000 0.06847350 0.00376400
v -0.00623600 0.06918950 0.00387400
v -0.00595100 0.06847350 0.00315700
v -0.00651900 0.06781750 0.00368500
v -0.00661500 0.06918950 0.00450500
v -0.00678900 0.06847350 0.00441200
v -0.00559700 0.06992250 0.00344800
v -0.00606100 0.06781750 0.00306700
v -0.00613600 0.06726750 0.00300500
v -0.00660000 0.06726750 0.00363100
v -0.00691500 0.06781750 0.00434500
v -0.00700000 0.06726750 0.00429900
v -0.00724400 0.06781750 0.00504000
v -0.00711200 0.06847350 0.00509500
v -0.00693000 0.06918950 0.00517100
v -0.00669000 0.06992250 0.00527000
v -0.00638600 0.06992250 0.00462800
v -0.00602000 0.06992250 0.00401800
v -0.00468500 0.07194150 0.00419600
v -0.00541900 0.07130850 0.00442000
v -0.00503900 0.07194150 0.00467400
v -0.00503800 0.07130850 0.00390600
v -0.00574700 0.07063250 0.00420100
v -0.00534500 0.07194150 0.00518400
v -0.00574800 0.07130850 0.00496900
v -0.00428700 0.07252550 0.00452300
v -0.00534300 0.07063250 0.00365600
v -0.00609600 0.07063250 0.00478300
v -0.00638600 0.07063250 0.00539600
v -0.00602100 0.07130850 0.00554700
v -0.00559900 0.07194150 0.00572200
v -0.00512400 0.07252550 0.00591900
v -0.00489100 0.07252550 0.00542700
v -0.00461100 0.07252550 0.00496000
v -0.00291000 0.07393250 0.00565300
v -0.00364100 0.07352450 0.00560800
v -0.00313000 0.07393250 0.00595000
v -0.00338500 0.07352450 0.00526300
v -0.00414000 0.07305450 0.00527500
v -0.00332000 0.07393250 0.00626700
v -0.00386200 0.07352450 0.00597700
v -0.00243700 0.07427450 0.00604100
v -0.00384900 0.07305450 0.00488200
v -0.00428700 0.07252550 0.00452300
v -0.00461100 0.07252550 0.00496000
v -0.00439200 0.07305450 0.00569400
v -0.00489100 0.07252550 0.00542700
v -0.00460100 0.07305450 0.00613500
v -0.00404600 0.07352450 0.00636500
v -0.00347800 0.07393250 0.00660000
v -0.00291300 0.07427450 0.00683400
v -0.00278100 0.07427450 0.00655500
v -0.00262200 0.07427450 0.00628900
v -0.00579900 0.07194150 0.00628200
v -0.00639200 0.07130850 0.00677000
v -0.00594400 0.07194150 0.00685900
v -0.00623700 0.07130850 0.00614900
v -0.00677900 0.07063250 0.00669300
v -0.00603100 0.07194150 0.00744700
v -0.00648600 0.07130850 0.00740200
v -0.00530700 0.07252550 0.00643100
v -0.00661500 0.07063250 0.00603400
v -0.00692900 0.06992250 0.00593900
v -0.00710100 0.06992250 0.00662800
v -0.00687900 0.07063250 0.00736400
v -0.00720600 0.06992250 0.00733100
v -0.00691200 0.07063250 0.00804100
v -0.00651800 0.07130850 0.00804100
v -0.00606100 0.07194150 0.00804100
v -0.00554600 0.07252550 0.00804100
v -0.00551900 0.07252550 0.00749700
v -0.00543900 0.07252550 0.00695900
v -0.00360200 0.07393250 0.00694800
v -0.00429500 0.07352450 0.00718700
v -0.00369200 0.07393250 0.00730700
v -0.00419100 0.07352450 0.00677000
v -0.00488400 0.07305450 0.00707000
v -0.00374600 0.07393250 0.00767200
v -0.00435800 0.07352450 0.00761200
v -0.00301700 0.07427450 0.00712600
v -0.00476500 0.07305450 0.00659500
v -0.00530700 0.07252550 0.00643100
v -0.00543900 0.07252550 0.00695900
v -0.00495600 0.07305450 0.00755300
v -0.00551900 0.07252550 0.00749700
v -0.00498000 0.07305450 0.00804100
v -0.00438000 0.07352450 0.00804100
v -0.00376400 0.07393250 0.00804100
v -0.00315300 0.07427450 0.00804100
v -0.00313800 0.07427450 0.00773200
v -0.00309300 0.07427450 0.00742600
v -0.00717800 0.06918950 0.00586400
v -0.00755000 0.06847350 0.00653900
v -0.00735600 0.06918950 0.00657800
v -0.00736600 0.06847350 0.00580600
v -0.00769000 0.06781750 0.00651100
v -0.00746400 0.06918950 0.00730600
v -0.00766100 0.06847350 0.00728700
v -0.00750300 0.06781750 0.00576500
v -0.00759600 0.06726750 0.00573700
v -0.00778500 0.06726750 0.00649200
v -0.00780300 0.06781750 0.00727300
v -0.00790000 0.06726750 0.00726300
v -0.00784100 0.06781750 0.00804100
v -0.00769800 0.06847350 0.00804100
v -0.00750100 0.06918950 0.00804100
v -0.00724100 0.06992250 0.00804100
v -0.00621400 -0.06459249 0.01314100
v -0.00667700 -0.07171950 0.01250200
v -0.00620700 -0.07171950 0.01313500
v -0.00709000 -0.06459249 0.01183100
v -0.00668400 -0.06459249 0.01250700
v -0.00618900 -0.07446450 0.01312000
v -0.00706100 -0.07446450 0.01181500
v -0.00665700 -0.07446450 0.01248900
v -0.00621500 -0.05092150 0.01314200
v -0.00568500 -0.06459249 0.01372600
v -0.00568600 -0.05092150 0.01372700
v -0.00668500 -0.05092150 0.01250800
v -0.00709100 -0.05092150 0.01183100
v -0.00742700 -0.06459249 0.01111800
v -0.00741900 -0.07171950 0.01111400
v -0.00708200 -0.07171950 0.01182600
v -0.00739700 -0.07446450 0.01110500
v -0.00735400 -0.07498551 0.01108700
v -0.00701900 -0.07498551 0.01179300
v -0.00661800 -0.07498551 0.01246300
v -0.00615200 -0.07498551 0.01309000
v -0.00562800 -0.07498551 0.01366900
v -0.00566100 -0.07446450 0.01370200
v -0.00567800 -0.07171950 0.01371900
v -0.00510000 -0.06459249 0.00182700
v -0.00446100 -0.07171950 0.00136400
v -0.00509400 -0.07171950 0.00183400
v -0.00379000 -0.06459249 0.00095100
v -0.00446600 -0.06459249 0.00135700
v -0.00507900 -0.07446450 0.00185200
v -0.00377400 -0.07446450 0.00098000
v -0.00444800 -0.07446450 0.00138400
v -0.00510100 -0.05092150 0.00182600
v -0.00568500 -0.06459249 0.00235600
v -0.00568600 -0.05092150 0.00235500
v -0.00446700 -0.05092150 0.00135600
v -0.00379000 -0.05092150 0.00095000
v -0.00307700 -0.06459249 0.00061400
v -0.00378500 -0.07171950 0.00095900
v -0.00306400 -0.07446450 0.00064400
v -0.00304600 -0.07498551 0.00068700
v -0.00375200 -0.07498551 0.00102200
v -0.00442200 -0.07498551 0.00142300
v -0.00504900 -0.07498551 0.00188900
v -0.00562800 -0.07498551 0.00241300
v -0.00566100 -0.07446450 0.00238000
v -0.00567800 -0.07171950 0.00236300
v -0.00374600 0.07393250 0.00841000
v -0.00429500 0.07352450 0.00889500
v -0.00369200 0.07393250 0.00877500
v -0.00435800 0.07352450 0.00847000
v -0.00488400 0.07305450 0.00901200
v -0.00360200 0.07393250 0.00913400
v -0.00419100 0.07352450 0.00931200
v -0.00313800 0.07427450 0.00835000
v -0.00495600 0.07305450 0.00852900
v -0.00551900 0.07252550 0.00858500
v -0.00543900 0.07252550 0.00912300
v -0.00476500 0.07305450 0.00948700
v -0.00530700 0.07252550 0.00965100
v -0.00460100 0.07305450 0.00994700
v -0.00404600 0.07352450 0.00971700
v -0.00347800 0.07393250 0.00948200
v -0.00291300 0.07427450 0.00924800
v -0.00301700 0.07427450 0.00895600
v -0.00309300 0.07427450 0.00865600
v -0.00746400 0.06918950 0.00877600
v -0.00755000 0.06847350 0.00954300
v -0.00735600 0.06918950 0.00950400
v -0.00766100 0.06847350 0.00879500
v -0.00769000 0.06781750 0.00957100
v -0.00717800 0.06918950 0.01021800
v -0.00736600 0.06847350 0.01027600
v -0.00724100 0.06992250 0.00804100
v -0.00720600 0.06992250 0.00875100
v -0.00750100 0.06918950 0.00804100
v -0.00769800 0.06847350 0.00804100
v -0.00780300 0.06781750 0.00880900
v -0.00784100 0.06781750 0.00804100
v -0.00790000 0.06726750 0.00881900
v -0.00778500 0.06726750 0.00959000
v -0.00750300 0.06781750 0.01031700
v -0.00759600 0.06726750 0.01034500
v -0.00724400 0.06781750 0.01104200
v -0.00711200 0.06847350 0.01098700
v -0.00693000 0.06918950 0.01091100
v -0.00669000 0.06992250 0.01081200
v -0.00692900 0.06992250 0.01014300
v -0.00710100 0.06992250 0.00945400
v -0.00078800 -0.06459249 0.01604100
v -0.00156700 -0.07171950 0.01591700
v -0.00078700 -0.07171950 0.01603300
v -0.00156800 -0.06459249 0.01592500
v -0.00233100 -0.07171950 0.01572500
v -0.00078500 -0.07446450 0.01600900
v -0.00232400 -0.07446450 0.01570200
v -0.00156200 -0.07446450 0.01589300
v -0.00078800 -0.05092150 0.01604300
v 0.00000000 -0.06459249 0.01608000
v 0.00000000 -0.05092150 0.01608200
v -0.00156900 -0.05092150 0.01592700
v -0.00233400 -0.06459249 0.01573400
v -0.00307700 -0.05092150 0.01547000
v -0.00233400 -0.05092150 0.01573500
v -0.00307700 -0.06459249 0.01546800
v -0.00306400 -0.07446450 0.01543800
v -0.00304600 -0.07498551 0.01539500
v -0.00231000 -0.07498551 0.01565700
v -0.00155300 -0.07498551 0.01584700
v -0.00078000 -0.07498551 0.01596200
v 0.00000000 -0.07498551 0.01600000
v 0.00000000 -0.07446450 0.01604700
v 0.00000000 -0.07171950 0.01607200
v 0.00621400 -0.06459249 0.00294100
v 0.00667700 -0.07171950 0.00358000
v 0.00620700 -0.07171950 0.00294700
v 0.00709000 -0.06459249 0.00425100
v 0.00668400 -0.06459249 0.00357500
v 0.00618900 -0.07446450 0.00296200
v 0.00706100 -0.07446450 0.00426700
v 0.00665700 -0.07446450 0.00359300
v 0.00621500 -0.05092150 0.00294000
v 0.00568500 -0.06459249 0.00235600
v 0.00568600 -0.05092150 0.00235500
v 0.00668500 -0.05092150 0.00357400
v 0.00709100 -0.05092150 0.00425100
v 0.00742700 -0.06459249 0.00496400
v 0.00741900 -0.07171950 0.00496800
v 0.00708200 -0.07171950 0.00425600
v 0.00739700 -0.07446450 0.00497700
v 0.00735400 -0.07498551 0.00499500
v 0.00701900 -0.07498551 0.00428900
v 0.00661800 -0.07498551 0.00361900
v 0.00615200 -0.07498551 0.00299200
v 0.00562800 -0.07498551 0.00241300
v 0.00566100 -0.07446450 0.00238000
v 0.00567800 -0.07171950 0.00236300
v -0.00603100 0.07194150 0.00863500
v -0.00639200 0.07130850 0.00931200
v -0.00594400 0.07194150 0.00922300
v -0.00648600 0.07130850 0.00868000
v -0.00677900 0.07063250 0.00938900
v -0.00579900 0.07194150 0.00980000
v -0.00623700 0.07130850 0.00993300
v -0.00554600 0.07252550 0.00804100
v -0.00551900 0.07252550 0.00858500
v -0.00606100 0.07194150 0.00804100
v -0.00651800 0.07130850 0.00804100
v -0.00687900 0.07063250 0.00871800
v -0.00691200 0.07063250 0.00804100
v -0.00661500 0.07063250 0.01004800
v -0.00638600 0.07063250 0.01068600
v -0.00602100 0.07130850 0.01053500
v -0.00559900 0.07194150 0.01036000
v -0.00512400 0.07252550 0.01016300
v -0.00530700 0.07252550 0.00965100
v -0.00543900 0.07252550 0.00912300
v -0.00332000 0.07393250 0.00981500
v -0.00364100 0.07352450 0.01047400
v -0.00313000 0.07393250 0.01013200
v -0.00386200 0.07352450 0.01010500
v -0.00414000 0.07305450 0.01080700
v -0.00291000 0.07393250 0.01042900
v -0.00338500 0.07352450 0.01081900
v -0.00278100 0.07427450 0.00952700
v -0.00439200 0.07305450 0.01038800
v -0.00489100 0.07252550 0.01065500
v -0.00461100 0.07252550 0.01112200
v -0.00384900 0.07305450 0.01120000
v -0.00428700 0.07252550 0.01155900
v -0.00352100 0.07305450 0.01156200
v -0.00309700 0.07352450 0.01113800
v -0.00266200 0.07393250 0.01070300
v -0.00223000 0.07427450 0.01027100
v -0.00243700 0.07427450 0.01004100
v -0.00262200 0.07427450 0.00979300
v -0.00661500 0.06918950 0.01157700
v -0.00640000 0.06847350 0.01231800
v -0.00623600 0.06918950 0.01220800
v -0.00678900 0.06847350 0.01167000
v -0.00651900 0.06781750 0.01239700
v -0.00579800 0.06918950 0.01279900
v -0.00595100 0.06847350 0.01292500
v -0.00638600 0.06992250 0.01145400
v -0.00691500 0.06781750 0.01173700
v -0.00700000 0.06726750 0.01178300
v -0.00660000 0.06726750 0.01245100
v -0.00606100 0.06781750 0.01301500
v -0.00613600 0.06726750 0.01307700
v -0.00554500 0.06781750 0.01358600
v -0.00544300 0.06847350 0.01348400
v -0.00530400 0.06918950 0.01334500
v -0.00512000 0.06992250 0.01316100
v -0.00559700 0.06992250 0.01263400
v -0.00602000 0.06992250 0.01206400
v 0.00788400 -0.06459249 0.00647300
v 0.00768400 -0.07171950 0.00571000
v 0.00769300 -0.06459249 0.00570700
v 0.00799200 -0.07171950 0.00725400
v 0.00787600 -0.07171950 0.00647400
v 0.00785200 -0.07446450 0.00647900
v 0.00766100 -0.07446450 0.00571700
v 0.00769400 -0.05092150 0.00570700
v 0.00742900 -0.05092150 0.00496400
v 0.00788600 -0.05092150 0.00647200
v 0.00800000 -0.06459249 0.00725300
v 0.00804100 -0.05092150 0.00804100
v 0.00800200 -0.05092150 0.00725300
v 0.00803100 -0.07171950 0.00804100
v 0.00800600 -0.07446450 0.00804100
v 0.00796800 -0.07446450 0.00725600
v 0.00795900 -0.07498551 0.00804100
v 0.00792100 -0.07498551 0.00726100
v 0.00780600 -0.07498551 0.00648800
v 0.00761600 -0.07498551 0.00573100
v -0.00788400 -0.06459249 0.00960900
v -0.00768400 -0.07171950 0.01037200
v -0.00769300 -0.06459249 0.01037500
v -0.00800000 -0.06459249 0.00882900
v -0.00787600 -0.07171950 0.00960800
v -0.00785200 -0.07446450 0.00960300
v -0.00766100 -0.07446450 0.01036500
v -0.00799200 -0.07171950 0.00882800
v -0.00769400 -0.05092150 0.01037500
v -0.00742900 -0.05092150 0.01111800
v -0.00788600 -0.05092150 0.00961000
v -0.00804100 -0.05092150 0.00804100
v -0.00800200 -0.05092150 0.00882900
v -0.00803100 -0.07171950 0.00804100
v -0.00800600 -0.07446450 0.00804100
v -0.00796800 -0.07446450 0.00882600
v -0.00795900 -0.07498551 0.00804100
v -0.00792100 -0.07498551 0.00882100
v -0.00780600 -0.07498551 0.00959400
v -0.00761600 -0.07498551 0.01035100
v -0.00012700 0.07506650 0.00867900
v -0.00036100 0.07506650 0.00858100
v -0.00031400 0.07504650 0.00879800
v 0.00012700 0.07506650 0.00867900
v 0.00000000 0.07504650 0.00886000
v 0.00036100 0.07506650 0.00858100
v 0.00031400 0.07504650 0.00879800
v 0.00054000 0.07506650 0.00840200
v 0.00057900 0.07504650 0.00862000
v 0.00063800 0.07506650 0.00816800
v 0.00075700 0.07504650 0.00835500
v 0.00063800 0.07506650 0.00791400
v 0.00081900 0.07504650 0.00804100
v 0.00054000 0.07506650 0.00768000
v 0.00075700 0.07504650 0.00772700
v 0.00036100 0.07506650 0.00750100
v 0.00057900 0.07504650 0.00746200
v 0.00012700 0.07506650 0.00740400
v 0.00031400 0.07504650 0.00728400
v -0.00012700 0.07506650 0.00740400
v 0.00000000 0.07504650 0.00722200
v -0.00036100 0.07506650 0.00750100
v -0.00031400 0.07504650 0.00728400
v -0.00054000 0.07506650 0.00768000
v -0.00057900 0.07504650 0.00746200
v -0.00063800 0.07506650 0.00791400
v -0.00075700 0.07504650 0.00772700
v -0.00063800 0.07506650 0.00816800
v -0.00081900 0.07504650 0.00804100
v -0.00054000 0.07506650 0.00840200
v -0.00075700 0.07504650 0.00835500
v -0.00057900 0.07504650 0.00862000
v -0.00036000 0.07499250 0.00912800
v -0.00051400 0.07499250 0.00906400
v -0.00048800 0.07496750 0.00921900
v -0.00020900 0.07500450 0.00909000
v -0.00059400 0.07500450 0.00893000
v 0.00008400 0.07499250 0.00918300
v -0.00008400 0.07499250 0.00918300
v 0.00000000 0.07496750 0.00931600
v 0.00020900 0.07500450 0.00909000
v 0.00051400 0.07499250 0.00906400
v 0.00036000 0.07499250 0.00912800
v 0.00048800 0.07496750 0.00921900
v 0.00059400 0.07500450 0.00893000
v 0.00086700 0.07499250 0.00878900
v 0.00074800 0.07499250 0.00890800
v 0.00090200 0.07496750 0.00894300
v 0.00088900 0.07500450 0.00863500
v 0.00108700 0.07499250 0.00840100
v 0.00102300 0.07499250 0.00855500
v 0.00117800 0.07496750 0.00852900
v 0.00104900 0.07500450 0.00825000
v 0.00114200 0.07499250 0.00795700
v 0.00114200 0.07499250 0.00812500
v 0.00127500 0.07496750 0.00804100
v 0.00104900 0.07500450 0.00783200
v 0.00102300 0.07499250 0.00752700
v 0.00108700 0.07499250 0.00768100
v 0.00117800 0.07496750 0.00755300
v 0.00088900 0.07500450 0.00744700
v 0.00074800 0.07499250 0.00717400
v 0.00086700 0.07499250 0.00729300
v 0.00090200 0.07496750 0.00713900
v 0.00059400 0.07500450 0.00715200
v 0.00036000 0.07499250 0.00695400
v 0.00051400 0.07499250 0.00701800
v 0.00048800 0.07496750 0.00686300
v 0.00020900 0.07500450 0.00699200
v -0.00008400 0.07499250 0.00689900
v 0.00008400 0.07499250 0.00689900
v 0.00000000 0.07496750 0.00676600
v -0.00020900 0.07500450 0.00699200
v -0.00051400 0.07499250 0.00701800
v -0.00036000 0.07499250 0.00695400
v -0.00048800 0.07496750 0.00686300
v -0.00059400 0.07500450 0.00715200
v -0.00086700 0.07499250 0.00729300
v -0.00074800 0.07499250 0.00717400
v -0.00090200 0.07496750 0.00713900
v -0.00088900 0.07500450 0.00744700
v -0.00108700 0.07499250 0.00768100
v -0.00102300 0.07499250 0.00752700
v -0.00117800 0.07496750 0.00755300
v -0.00104900 0.07500450 0.00783200
v -0.00114200 0.07499250 0.00812500
v -0.00114200 0.07499250 0.00795700
v -0.00127500 0.07496750 0.00804100
v -0.00104900 0.07500450 0.00825000
v -0.00102300 0.07499250 0.00855500
v -0.00108700 0.07499250 0.00840100
v -0.00117800 0.07496750 0.00852900
v -0.00088900 0.07500450 0.00863500
v -0.00074800 0.07499250 0.00890800
v -0.00086700 0.07499250 0.00878900
v -0.00090200 0.07496750 0.00894300
v -0.00534500 0.07194150 0.01089800
v -0.00541900 0.07130850 0.01166200
v -0.00503900 0.07194150 0.01140800
v -0.00574800 0.07130850 0.01111300
v -0.00574700 0.07063250 0.01188100
v -0.00468500 0.07194150 0.01188600
v -0.00503800 0.07130850 0.01217600
v -0.00489100 0.07252550 0.01065500
v -0.00609600 0.07063250 0.01129900
v -0.00534300 0.07063250 0.01242600
v -0.00488800 0.07063250 0.01292900
v -0.00460900 0.07130850 0.01265000
v -0.00428500 0.07194150 0.01232600
v -0.00392100 0.07252550 0.01196200
v -0.00428700 0.07252550 0.01155900
v -0.00461100 0.07252550 0.01112200
v 0.00800000 -0.06459249 0.00882900
v 0.00787600 -0.07171950 0.00960800
v 0.00799200 -0.07171950 0.00882800
v 0.00788400 -0.06459249 0.00960900
v 0.00768400 -0.07171950 0.01037200
v 0.00796800 -0.07446450 0.00882600
v 0.00766100 -0.07446450 0.01036500
v 0.00785200 -0.07446450 0.00960300
v 0.00800200 -0.05092150 0.00882900
v 0.00803900 -0.06459249 0.00804100
v 0.00804100 -0.05092150 0.00804100
v 0.00788600 -0.05092150 0.00961000
v 0.00769300 -0.06459249 0.01037500
v 0.00742900 -0.05092150 0.01111800
v 0.00769400 -0.05092150 0.01037500
v 0.00742700 -0.06459249 0.01111800
v 0.00739700 -0.07446450 0.01110500
v 0.00735400 -0.07498551 0.01108700
v 0.00761600 -0.07498551 0.01035100
v 0.00780600 -0.07498551 0.00959400
v 0.00792100 -0.07498551 0.00882100
v 0.00795900 -0.07498551 0.00804100
v 0.00800600 -0.07446450 0.00804100
v 0.00803100 -0.07171950 0.00804100
v -0.00800000 -0.06459249 0.00725300
v -0.00787600 -0.07171950 0.00647400
v -0.00799200 -0.07171950 0.00725400
v -0.00788400 -0.06459249 0.00647300
v -0.00768400 -0.07171950 0.00571000
v -0.00796800 -0.07446450 0.00725600
v -0.00766100 -0.07446450 0.00571700
v -0.00785200 -0.07446450 0.00647900
v -0.00800200 -0.05092150 0.00725300
v -0.00803900 -0.06459249 0.00804100
v -0.00804100 -0.05092150 0.00804100
v -0.00788600 -0.05092150 0.00647200
v -0.00769300 -0.06459249 0.00570700
v -0.00742900 -0.05092150 0.00496400
v -0.00769400 -0.05092150 0.00570700
v -0.00742700 -0.06459249 0.00496400
v -0.00739700 -0.07446450 0.00497700
v -0.00735400 -0.07498551 0.00499500
v -0.00761600 -0.07498551 0.00573100
v -0.00780600 -0.07498551 0.00648800
v -0.00792100 -0.07498551 0.00726100
v -0.00795900 -0.07498551 0.00804100
v -0.00800600 -0.07446450 0.00804100
v -0.00803100 -0.07171950 0.00804100
v -0.00709000 -0.06459249 0.00425100
v -0.00667700 -0.07171950 0.00358000
v -0.00708200 -0.07171950 0.00425600
v -0.00668400 -0.06459249 0.00357500
v -0.00620700 -0.07171950 0.00294700
v -0.00706100 -0.07446450 0.00426700
v -0.00618900 -0.07446450 0.00296200
v -0.00665700 -0.07446450 0.00359300
v -0.00709100 -0.05092150 0.00425100
v -0.00668500 -0.05092150 0.00357400
v -0.00621400 -0.06459249 0.00294100
v -0.00621500 -0.05092150 0.00294000
v -0.00615200 -0.07498551 0.00299200
v -0.00661800 -0.07498551 0.00361900
v -0.00701900 -0.07498551 0.00428900
v -0.00741900 -0.07171950 0.00496800
v 0.00156800 -0.06459249 0.00015700
v 0.00078700 -0.07171950 0.00004900
v 0.00078800 -0.06459249 0.00004100
v 0.00233100 -0.07171950 0.00035700
v 0.00156700 -0.07171950 0.00016500
v 0.00156200 -0.07446450 0.00018900
v 0.00078500 -0.07446450 0.00007300
v 0.00078800 -0.05092150 0.00003900
v 0.00000000 -0.06459249 0.00000200
v 0.00000000 -0.05092150 0.00000000
v 0.00156900 -0.05092150 0.00015500
v 0.00233400 -0.06459249 0.00034800
v 0.00307700 -0.05092150 0.00061200
v 0.00233400 -0.05092150 0.00034700
v 0.00307300 -0.07171950 0.00062200
v 0.00306400 -0.07446450 0.00064400
v 0.00232400 -0.07446450 0.00038000
v 0.00304600 -0.07498551 0.00068700
v 0.00231000 -0.07498551 0.00042500
v 0.00155300 -0.07498551 0.00023500
v 0.00078000 -0.07498551 0.00012000
v 0.00000000 -0.07498551 0.00008200
v 0.00000000 -0.07446450 0.00003500
v 0.00000000 -0.07171950 0.00001000
v -0.00384500 0.07194150 0.01272600
v -0.00362100 0.07130850 0.01346000
v -0.00336700 0.07194150 0.01308000
v -0.00413500 0.07130850 0.01307900
v -0.00384000 0.07063250 0.01378800
v -0.00285700 0.07194150 0.01338600
v -0.00307200 0.07130850 0.01378900
v -0.00351800 0.07252550 0.01232800
v -0.00438500 0.07063250 0.01338400
v -0.00459300 0.06992250 0.01363800
v -0.00402300 0.06992250 0.01406100
v -0.00325800 0.07063250 0.01413700
v -0.00341300 0.06992250 0.01442700
v -0.00264500 0.07063250 0.01442700
v -0.00249400 0.07130850 0.01406200
v -0.00231900 0.07194150 0.01364000
v -0.00212200 0.07252550 0.01316500
v -0.00261400 0.07252550 0.01293200
v -0.00308100 0.07252550 0.01265200
v 0.00379000 -0.06459249 0.00095100
v 0.00446100 -0.07171950 0.00136400
v 0.00378500 -0.07171950 0.00095900
v 0.00446600 -0.06459249 0.00135700
v 0.00509400 -0.07171950 0.00183400
v 0.00377400 -0.07446450 0.00098000
v 0.00507900 -0.07446450 0.00185200
v 0.00444800 -0.07446450 0.00138400
v 0.00379000 -0.05092150 0.00095000
v 0.00307700 -0.06459249 0.00061400
v 0.00307700 -0.05092150 0.00061200
v 0.00446700 -0.05092150 0.00135600
v 0.00510000 -0.06459249 0.00182700
v 0.00510100 -0.05092150 0.00182600
v 0.00504900 -0.07498551 0.00188900
v 0.00442200 -0.07498551 0.00142300
v 0.00375200 -0.07498551 0.00102200
v 0.00304600 -0.07498551 0.00068700
v 0.00306400 -0.07446450 0.00064400
v 0.00307300 -0.07171950 0.00062200
v 0.00709000 -0.06459249 0.01183100
v 0.00667700 -0.07171950 0.01250200
v 0.00708200 -0.07171950 0.01182600
v 0.00621400 -0.06459249 0.01314100
v 0.00668400 -0.06459249 0.01250700
v 0.00706100 -0.07446450 0.01181500
v 0.00618900 -0.07446450 0.01312000
v 0.00665700 -0.07446450 0.01248900
v 0.00709100 -0.05092150 0.01183100
v 0.00668500 -0.05092150 0.01250800
v 0.00621500 -0.05092150 0.01314200
v 0.00568500 -0.06459249 0.01372600
v 0.00567800 -0.07171950 0.01371900
v 0.00620700 -0.07171950 0.01313500
v 0.00566100 -0.07446450 0.01370200
v 0.00562800 -0.07498551 0.01366900
v 0.00615200 -0.07498551 0.01309000
v 0.00661800 -0.07498551 0.01246300
v 0.00701900 -0.07498551 0.01179300
v 0.00741900 -0.07171950 0.01111400
v -0.00238800 0.07393250 0.01095100
v -0.00243300 0.07352450 0.01168200
v -0.00209100 0.07393250 0.01117100
v -0.00277800 0.07352450 0.01142600
v -0.00276600 0.07305450 0.01218100
v -0.00177400 0.07393250 0.01136100
v -0.00206400 0.07352450 0.01190300
v -0.00200000 0.07427450 0.01047800
v -0.00315900 0.07305450 0.01189000
v -0.00351800 0.07252550 0.01232800
v -0.00308100 0.07252550 0.01265200
v -0.00234700 0.07305450 0.01243300
v -0.00261400 0.07252550 0.01293200
v -0.00190600 0.07305450 0.01264200
v -0.00167600 0.07352450 0.01208700
v -0.00144100 0.07393250 0.01151900
v -0.00120700 0.07427450 0.01095400
v -0.00148600 0.07427450 0.01082200
v -0.00175200 0.07427450 0.01066300
v -0.00475800 0.06918950 0.01383900
v -0.00427700 0.06847350 0.01444100
v -0.00416700 0.06918950 0.01427700
v -0.00488400 0.06847350 0.01399200
v -0.00435600 0.06781750 0.01456000
v -0.00353600 0.06918950 0.01465600
v -0.00362900 0.06847350 0.01483000
v -0.00497400 0.06781750 0.01410200
v -0.00503600 0.06726750 0.01417700
v -0.00441000 0.06726750 0.01464100
v -0.00369600 0.06781750 0.01495600
v -0.00374200 0.06726750 0.01504200
v -0.00300100 0.06781750 0.01528500
v -0.00294600 0.06847350 0.01515300
v -0.00287000 0.06918950 0.01497100
v -0.00277100 0.06992250 0.01473100
v -0.00175900 0.07194150 0.01384000
v -0.00127100 0.07130850 0.01443300
v -0.00118200 0.07194150 0.01398500
v -0.00189200 0.07130850 0.01427800
v -0.00134800 0.07063250 0.01482000
v -0.00059400 0.07194150 0.01407200
v -0.00063900 0.07130850 0.01452700
v -0.00161000 0.07252550 0.01334800
v -0.00200700 0.07063250 0.01465600
v -0.00210200 0.06992250 0.01497000
v -0.00141300 0.06992250 0.01514200
v -0.00067700 0.07063250 0.01492000
v -0.00071000 0.06992250 0.01524700
v 0.00000000 0.07063250 0.01495300
v 0.00000000 0.07130850 0.01455900
v 0.00000000 0.07194150 0.01410200
v 0.00000000 0.07252550 0.01358700
v -0.00054400 0.07252550 0.01356000
v -0.00108200 0.07252550 0.01348000
v 0.00510000 -0.06459249 0.01425500
v 0.00446100 -0.07171950 0.01471800
v 0.00509400 -0.07171950 0.01424800
v 0.00379000 -0.06459249 0.01513100
v 0.00446600 -0.06459249 0.01472500
v 0.00507900 -0.07446450 0.01423000
v 0.00377400 -0.07446450 0.01510200
v 0.00444800 -0.07446450 0.01469800
v 0.00510100 -0.05092150 0.01425600
v 0.00568600 -0.05092150 0.01372700
v 0.00446700 -0.05092150 0.01472600
v 0.00379000 -0.05092150 0.01513200
v 0.00307700 -0.06459249 0.01546800
v 0.00307300 -0.07171950 0.01546000
v 0.00378500 -0.07171950 0.01512300
v 0.00306400 -0.07446450 0.01543800
v 0.00304600 -0.07498551 0.01539500
v 0.00375200 -0.07498551 0.01506000
v 0.00442200 -0.07498551 0.01465900
v 0.00504900 -0.07498551 0.01419300
v 0.00156800 -0.06459249 0.01592500
v 0.00233100 -0.07171950 0.01572500
v 0.00233400 -0.06459249 0.01573400
v 0.00078700 -0.07171950 0.01603300
v 0.00156700 -0.07171950 0.01591700
v 0.00156200 -0.07446450 0.01589300
v 0.00232400 -0.07446450 0.01570200
v 0.00233400 -0.05092150 0.01573500
v 0.00307700 -0.05092150 0.01547000
v 0.00156900 -0.05092150 0.01592700
v 0.00078800 -0.06459249 0.01604100
v 0.00078800 -0.05092150 0.01604300
v 0.00000000 -0.06459249 0.01608000
v 0.00000000 -0.07171950 0.01607200
v 0.00078500 -0.07446450 0.01600900
v 0.00000000 -0.07498551 0.01600000
v 0.00078000 -0.07498551 0.01596200
v 0.00155300 -0.07498551 0.01584700
v 0.00231000 -0.07498551 0.01565700
v -0.00109300 0.07393250 0.01164300
v -0.00085400 0.07352450 0.01233600
v -0.00073400 0.07393250 0.01173300
v -0.00127100 0.07352450 0.01223200
v -0.00097100 0.07305450 0.01292500
v -0.00036900 0.07393250 0.01178700
v -0.00042900 0.07352450 0.01239900
v -0.00091500 0.07427450 0.01105800
v -0.00144600 0.07305450 0.01280600
v -0.00161000 0.07252550 0.01334800
v -0.00108200 0.07252550 0.01348000
v -0.00048800 0.07305450 0.01299700
v -0.00054400 0.07252550 0.01356000
v -0.00030900 0.07427450 0.01117900
v -0.00061500 0.07427450 0.01113400
v -0.00217700 0.06918950 0.01521900
v -0.00150200 0.06847350 0.01559100
v -0.00146300 0.06918950 0.01539700
v -0.00223500 0.06847350 0.01540700
v -0.00153000 0.06781750 0.01573100
v -0.00073500 0.06918950 0.01550500
v -0.00075400 0.06847350 0.01570200
v -0.00227600 0.06781750 0.01554400
v -0.00230400 0.06726750 0.01563700
v -0.00154900 0.06726750 0.01582600
v -0.00076800 0.06781750 0.01584400
v -0.00077800 0.06726750 0.01594100
v 0.00000000 0.06781750 0.01588200
v 0.00000000 0.06847350 0.01573900
v 0.00000000 0.06918950 0.01554200
v 0.00000000 0.06992250 0.01528200
v -0.00379000 -0.06459249 0.01513100
v -0.00446100 -0.07171950 0.01471800
v -0.00378500 -0.07171950 0.01512300
v -0.00510000 -0.06459249 0.01425500
v -0.00446600 -0.06459249 0.01472500
v -0.00377400 -0.07446450 0.01510200
v -0.00507900 -0.07446450 0.01423000
v -0.00444800 -0.07446450 0.01469800
v -0.00379000 -0.05092150 0.01513200
v -0.00446700 -0.05092150 0.01472600
v -0.00510100 -0.05092150 0.01425600
v -0.00509400 -0.07171950 0.01424800
v -0.00504900 -0.07498551 0.01419300
v -0.00442200 -0.07498551 0.01465900
v -0.00375200 -0.07498551 0.01506000
v -0.00307300 -0.07171950 0.01546000
v -0.00233400 -0.06459249 0.00034800
v -0.00156700 -0.07171950 0.00016500
v -0.00233100 -0.07171950 0.00035700
v -0.00078800 -0.06459249 0.00004100
v -0.00156800 -0.06459249 0.00015700
v -0.00232400 -0.07446450 0.00038000
v -0.00078500 -0.07446450 0.00007300
v -0.00156200 -0.07446450 0.00018900
v -0.00233400 -0.05092150 0.00034700
v -0.00307700 -0.05092150 0.00061200
v -0.00156900 -0.05092150 0.00015500
v -0.00078800 -0.05092150 0.00003900
v -0.00078700 -0.07171950 0.00004900
v -0.00078000 -0.07498551 0.00012000
v -0.00155300 -0.07498551 0.00023500
v -0.00231000 -0.07498551 0.00042500
v -0.00307300 -0.07171950 0.00062200
v 0.00045800 0.07489950 0.00952000
v 0.00039300 0.07475750 0.01001800
v 0.00059000 0.07475550 0.00997800
v 0.00014300 0.07489950 0.00958300
v 0.00029600 0.07490550 0.00952900
v 0.00050000 0.07454850 0.01055700
v 0.00074500 0.07454850 0.01049700
v 0.00019600 0.07475550 0.01005600
v 0.00060600 0.07489350 0.00950400
v 0.00000000 0.07489350 0.00962500
v 0.00000000 0.07475350 0.01007500
v 0.00025100 0.07454850 0.01059500
v 0.00000000 0.07454850 0.01060800
v 0.00098200 0.07454850 0.01041300
v 0.00077800 0.07475350 0.00992000
v 0.00098900 0.07489950 0.00923300
v 0.00112000 0.07475750 0.00971700
v 0.00128600 0.07475550 0.00960500
v 0.00072200 0.07489950 0.00941100
v 0.00084300 0.07490550 0.00930200
v 0.00142500 0.07454850 0.01017400
v 0.00162800 0.07454850 0.01002400
v 0.00095200 0.07475550 0.00982800
v 0.00112000 0.07489350 0.00916100
v 0.00120900 0.07454850 0.01030400
v 0.00181500 0.07454850 0.00985600
v 0.00143800 0.07475350 0.00947900
v 0.00137000 0.07489950 0.00876300
v 0.00167600 0.07475750 0.00916100
v 0.00178700 0.07475550 0.00899300
v 0.00119200 0.07489950 0.00903000
v 0.00126100 0.07490550 0.00888400
v 0.00213300 0.07454850 0.00946600
v 0.00226300 0.07454850 0.00925000
v 0.00156400 0.07475550 0.00932700
v 0.00146300 0.07489350 0.00864700
v 0.00198300 0.07454850 0.00966900
v 0.00237200 0.07454850 0.00902400
v 0.00187900 0.07475350 0.00881900
v 0.00154200 0.07489950 0.00818400
v 0.00197700 0.07475750 0.00843400
v 0.00201500 0.07475550 0.00823700
v 0.00147900 0.07489950 0.00849900
v 0.00148800 0.07490550 0.00833700
v 0.00251600 0.07454850 0.00854100
v 0.00255400 0.07454850 0.00829200
v 0.00193700 0.07475550 0.00863100
v 0.00158400 0.07489350 0.00804100
v 0.00245600 0.07454850 0.00878600
v 0.00256700 0.07454850 0.00804100
v 0.00203400 0.07475350 0.00804100
v 0.00147900 0.07489950 0.00758300
v 0.00197700 0.07475750 0.00764800
v 0.00193700 0.07475550 0.00745100
v 0.00154200 0.07489950 0.00789800
v 0.00148800 0.07490550 0.00774500
v 0.00251600 0.07454850 0.00754100
v 0.00245600 0.07454850 0.00729600
v 0.00201500 0.07475550 0.00784500
v 0.00146300 0.07489350 0.00743500
v 0.00255400 0.07454850 0.00779000
v 0.00237200 0.07454850 0.00705900
v 0.00187900 0.07475350 0.00726300
v 0.00119200 0.07489950 0.00705200
v 0.00167600 0.07475750 0.00692100
v 0.00156400 0.07475550 0.00675500
v 0.00137000 0.07489950 0.00731900
v 0.00126100 0.07490550 0.00719800
v 0.00213300 0.07454850 0.00661600
v 0.00198300 0.07454850 0.00641300
v 0.00178700 0.07475550 0.00708900
v 0.00112000 0.07489350 0.00692100
v 0.00226300 0.07454850 0.00683200
v 0.00181500 0.07454850 0.00622600
v 0.00143800 0.07475350 0.00660300
v 0.00072200 0.07489950 0.00667100
v 0.00112000 0.07475750 0.00636500
v 0.00095200 0.07475550 0.00625400
v 0.00098900 0.07489950 0.00684900
v 0.00084300 0.07490550 0.00678000
v 0.00142500 0.07454850 0.00590800
v 0.00120900 0.07454850 0.00577800
v 0.00128600 0.07475550 0.00647700
v 0.00060600 0.07489350 0.00657800
v 0.00162800 0.07454850 0.00605800
v 0.00098200 0.07454850 0.00566900
v 0.00077800 0.07475350 0.00616200
v 0.00014300 0.07489950 0.00649900
v 0.00039300 0.07475750 0.00606400
v 0.00019600 0.07475550 0.00602600
v 0.00045800 0.07489950 0.00656200
v 0.00029600 0.07490550 0.00655300
v 0.00050000 0.07454850 0.00552500
v 0.00025100 0.07454850 0.00548700
v 0.00059000 0.07475550 0.00610400
v 0.00000000 0.07489350 0.00645700
v 0.00074500 0.07454850 0.00558500
v 0.00000000 0.07454850 0.00547400
v 0.00000000 0.07475350 0.00600700
v -0.00045800 0.07489950 0.00656200
v -0.00039300 0.07475750 0.00606400
v -0.00059000 0.07475550 0.00610400
v -0.00014300 0.07489950 0.00649900
v -0.00029600 0.07490550 0.00655300
v -0.00050000 0.07454850 0.00552500
v -0.00074500 0.07454850 0.00558500
v -0.00019600 0.07475550 0.00602600
v -0.00060600 0.07489350 0.00657800
v -0.00025100 0.07454850 0.00548700
v -0.00098200 0.07454850 0.00566900
v -0.00077800 0.07475350 0.00616200
v -0.00098900 0.07489950 0.00684900
v -0.00112000 0.07475750 0.00636500
v -0.00128600 0.07475550 0.00647700
v -0.00072200 0.07489950 0.00667100
v -0.00084300 0.07490550 0.00678000
v -0.00142500 0.07454850 0.00590800
v -0.00162800 0.07454850 0.00605800
v -0.00095200 0.07475550 0.00625400
v -0.00112000 0.07489350 0.00692100
v -0.00120900 0.07454850 0.00577800
v -0.00181500 0.07454850 0.00622600
v -0.00143800 0.07475350 0.00660300
v -0.00137000 0.07489950 0.00731900
v -0.00167600 0.07475750 0.00692100
v -0.00178700 0.07475550 0.00708900
v -0.00119200 0.07489950 0.00705200
v -0.00126100 0.07490550 0.00719800
v -0.00213300 0.07454850 0.00661600
v -0.00226300 0.07454850 0.00683200
v -0.00156400 0.07475550 0.00675500
v -0.00146300 0.07489350 0.00743500
v -0.00198300 0.07454850 0.00641300
v -0.00237200 0.07454850 0.00705900
v -0.00187900 0.07475350 0.00726300
v -0.00154200 0.07489950 0.00789800
v -0.00197700 0.07475750 0.00764800
v -0.00201500 0.07475550 0.00784500
v -0.00147900 0.07489950 0.00758300
v -0.00148800 0.07490550 0.00774500
v -0.00251600 0.07454850 0.00754100
v -0.00255400 0.07454850 0.00779000
v -0.00193700 0.07475550 0.00745100
v -0.00158400 0.07489350 0.00804100
v -0.00245600 0.07454850 0.00729600
v -0.00256700 0.07454850 0.00804100
v -0.00203400 0.07475350 0.00804100
v -0.00147900 0.07489950 0.00849900
v -0.00197700 0.07475750 0.00843400
v -0.00193700 0.07475550 0.00863100
v -0.00154200 0.07489950 0.00818400
v -0.00148800 0.07490550 0.00833700
v -0.00251600 0.07454850 0.00854100
v -0.00245600 0.07454850 0.00878600
v -0.00201500 0.07475550 0.00823700
v -0.00146300 0.07489350 0.00864700
v -0.00255400 0.07454850 0.00829200
v -0.00237200 0.07454850 0.00902400
v -0.00187900 0.07475350 0.00881900
v -0.00119200 0.07489950 0.00903000
v -0.00167600 0.07475750 0.00916100
v -0.00156400 0.07475550 0.00932700
v -0.00137000 0.07489950 0.00876300
v -0.00126100 0.07490550 0.00888400
v -0.00213300 0.07454850 0.00946600
v -0.00198300 0.07454850 0.00966900
v -0.00178700 0.07475550 0.00899300
v -0.00112000 0.07489350 0.00916100
v -0.00226300 0.07454850 0.00925000
v -0.00181500 0.07454850 0.00985600
v -0.00143800 0.07475350 0.00947900
v -0.00072200 0.07489950 0.00941100
v -0.00112000 0.07475750 0.00971700
v -0.00095200 0.07475550 0.00982800
v -0.00098900 0.07489950 0.00923300
v -0.00084300 0.07490550 0.00930200
v -0.00142500 0.07454850 0.01017400
v -0.00120900 0.07454850 0.01030400
v -0.00128600 0.07475550 0.00960500
v -0.00060600 0.07489350 0.00950400
v -0.00162800 0.07454850 0.01002400
v -0.00098200 0.07454850 0.01041300
v -0.00077800 0.07475350 0.00992000
v -0.00014300 0.07489950 0.00958300
v -0.00039300 0.07475750 0.01001800
v -0.00019600 0.07475550 0.01005600
v -0.00045800 0.07489950 0.00952000
v -0.00029600 0.07490550 0.00952900
v -0.00050000 0.07454850 0.01055700
v -0.00025100 0.07454850 0.01059500
v -0.00059000 0.07475550 0.00997800
v -0.00074500 0.07454850 0.01049700
v -0.00233400 0.02162350 0.00034700
v -0.00156900 -0.00400050 0.00015500
v -0.00233400 -0.00400050 0.00034700
v -0.00078800 0.02162350 0.00003900
v -0.00156900 0.02162350 0.00015500
v -0.00156900 -0.02963450 0.00015500
v -0.00233400 -0.02963450 0.00034700
v -0.00078800 -0.00400050 0.00003900
v -0.00233400 0.04288250 0.00034700
v -0.00307700 0.02162350 0.00061200
v -0.00307700 0.04288250 0.00061300
v -0.00156900 0.04288250 0.00015600
v 0.00000000 0.04288250 0.00000100
v -0.00078800 0.04288250 0.00004000
v 0.00000000 0.02162350 0.00000000
v 0.00000000 -0.00400050 0.00000000
v -0.00078800 -0.02963450 0.00003900
v 0.00000000 -0.02963450 0.00000000
v -0.00307700 -0.02963450 0.00061200
v -0.00307700 -0.00400050 0.00061200
v -0.00379000 0.02162350 0.01513200
v -0.00446700 -0.00400050 0.01472600
v -0.00379000 -0.00400050 0.01513200
v -0.00510100 0.02162350 0.01425600
v -0.00446700 0.02162350 0.01472600
v -0.00446700 -0.02963450 0.01472600
v -0.00379000 -0.02963450 0.01513200
v -0.00510100 -0.00400050 0.01425600
v -0.00379000 0.04288250 0.01513200
v -0.00307700 0.02162350 0.01547000
v -0.00307700 0.04288250 0.01546900
v -0.00446700 0.04288250 0.01472600
v -0.00568500 0.04288250 0.01372600
v -0.00510100 0.04288250 0.01425600
v -0.00568600 0.02162350 0.01372700
v -0.00568600 -0.00400050 0.01372700
v -0.00510100 -0.02963450 0.01425600
v -0.00568600 -0.02963450 0.01372700
v -0.00307700 -0.02963450 0.01547000
v -0.00307700 -0.00400050 0.01547000
v 0.00156900 0.02162350 0.01592700
v 0.00233400 -0.00400050 0.01573500
v 0.00233400 0.02162350 0.01573500
v 0.00078800 0.02162350 0.01604300
v 0.00156900 -0.00400050 0.01592700
v 0.00156900 -0.02963450 0.01592700
v 0.00233400 -0.02963450 0.01573500
v 0.00078800 -0.00400050 0.01604300
v 0.00233400 0.04288250 0.01573500
v 0.00307700 0.02162350 0.01547000
v 0.00307700 0.04288250 0.01546900
v 0.00078800 0.04288250 0.01604200
v 0.00156900 0.04288250 0.01592600
v 0.00000000 0.02162350 0.01608200
v 0.00000000 -0.00400050 0.01608200
v 0.00078800 -0.02963450 0.01604300
v 0.00000000 -0.05092150 0.01608200
v 0.00307700 -0.02963450 0.01547000
v 0.00307700 -0.00400050 0.01547000
v 0.00510100 0.02162350 0.01425600
v 0.00446700 -0.00400050 0.01472600
v 0.00510100 -0.00400050 0.01425600
v 0.00379000 0.02162350 0.01513200
v 0.00446700 0.02162350 0.01472600
v 0.00446700 -0.02963450 0.01472600
v 0.00510100 -0.02963450 0.01425600
v 0.00379000 -0.00400050 0.01513200
v 0.00510100 0.04288250 0.01425600
v 0.00568600 0.02162350 0.01372700
v 0.00568500 0.04288250 0.01372600
v 0.00446700 0.04288250 0.01472600
v 0.00379000 0.04288250 0.01513200
v 0.00379000 -0.02963450 0.01513200
v 0.00568600 -0.02963450 0.01372700
v 0.00568600 -0.00400050 0.01372700
v 0.00709100 0.02162350 0.01183100
v 0.00668500 -0.00400050 0.01250800
v 0.00709100 -0.00400050 0.01183100
v 0.00621500 0.02162350 0.01314200
v 0.00668500 0.02162350 0.01250800
v 0.00668500 -0.02963450 0.01250800
v 0.00709100 -0.02963450 0.01183100
v 0.00621500 -0.00400050 0.01314200
v 0.00709100 0.04288250 0.01183100
v 0.00742900 0.02162350 0.01111800
v 0.00742800 0.04288250 0.01111800
v 0.00668500 0.04288250 0.01250800
v 0.00621500 0.04288250 0.01314200
v 0.00621500 -0.02963450 0.01314200
v 0.00742900 -0.02963450 0.01111800
v 0.00742900 -0.00400050 0.01111800
v 0.00379000 0.02162350 0.00095000
v 0.00446700 -0.00400050 0.00135600
v 0.00379000 -0.00400050 0.00095000
v 0.00510100 0.02162350 0.00182600
v 0.00446700 0.02162350 0.00135600
v 0.00379000 -0.02963450 0.00095000
v 0.00510100 -0.00400050 0.00182600
v 0.00446700 -0.02963450 0.00135600
v 0.00379000 0.04288250 0.00095000
v 0.00307700 0.02162350 0.00061200
v 0.00307700 0.04288250 0.00061300
v 0.00510100 0.04288250 0.00182600
v 0.00446700 0.04288250 0.00135600
v 0.00568600 0.02162350 0.00235500
v 0.00568600 -0.00400050 0.00235500
v 0.00510100 -0.02963450 0.00182600
v 0.00307700 -0.02963450 0.00061200
v 0.00307700 -0.00400050 0.00061200
v 0.00078800 0.02162350 0.00003900
v 0.00156900 -0.00400050 0.00015500
v 0.00078800 -0.00400050 0.00003900
v 0.00233400 0.02162350 0.00034700
v 0.00156900 0.02162350 0.00015500
v 0.00156900 -0.02963450 0.00015500
v 0.00078800 -0.02963450 0.00003900
v 0.00233400 -0.00400050 0.00034700
v 0.00078800 0.04288250 0.00004000
v 0.00233400 0.04288250 0.00034700
v 0.00156900 0.04288250 0.00015600
v 0.00307700 0.02162350 0.00061200
v 0.00307700 -0.02963450 0.00061200
v 0.00233400 -0.02963450 0.00034700
v -0.00709100 0.02162350 0.00425100
v -0.00668500 -0.00400050 0.00357400
v -0.00709100 -0.00400050 0.00425100
v -0.00621500 0.02162350 0.00294000
v -0.00668500 0.02162350 0.00357400
v -0.00668500 -0.02963450 0.00357400
v -0.00709100 -0.02963450 0.00425100
v -0.00621500 -0.00400050 0.00294000
v -0.00709100 0.04288250 0.00425100
v -0.00742900 0.02162350 0.00496400
v -0.00742800 0.04288250 0.00496400
v -0.00668500 0.04288250 0.00357400
v -0.00621500 0.04288250 0.00294000
v -0.00568600 0.02162350 0.00235500
v -0.00568600 -0.00400050 0.00235500
v -0.00621500 -0.02963450 0.00294000
v -0.00568600 -0.02963450 0.00235500
v -0.00742900 -0.02963450 0.00496400
v -0.00742900 -0.00400050 0.00496400
v -0.00800200 0.02162350 0.00725300
v -0.00788600 -0.00400050 0.00647200
v -0.00800200 -0.00400050 0.00725300
v -0.00769400 0.02162350 0.00570700
v -0.00788600 0.02162350 0.00647200
v -0.00800200 -0.02963450 0.00725300
v -0.00769400 -0.00400050 0.00570700
v -0.00788600 -0.02963450 0.00647200
v -0.00800100 0.04288250 0.00725300
v -0.00804100 0.02162350 0.00804100
v -0.00804000 0.04288250 0.00804100
v -0.00769400 0.04288250 0.00570700
v -0.00788500 0.04288250 0.00647200
v -0.00769400 -0.02963450 0.00570700
v -0.00804100 -0.02963450 0.00804100
v -0.00804100 -0.00400050 0.00804100
v 0.00800200 0.02162350 0.00882900
v 0.00788600 -0.00400050 0.00961000
v 0.00800200 -0.00400050 0.00882900
v 0.00769400 0.02162350 0.01037500
v 0.00788600 0.02162350 0.00961000
v 0.00800200 -0.02963450 0.00882900
v 0.00769400 -0.00400050 0.01037500
v 0.00788600 -0.02963450 0.00961000
v 0.00800100 0.04288250 0.00882900
v 0.00804100 0.02162350 0.00804100
v 0.00804000 0.04288250 0.00804100
v 0.00769400 0.04288250 0.01037500
v 0.00788500 0.04288250 0.00961000
v 0.00769400 -0.02963450 0.01037500
v 0.00804100 -0.02963450 0.00804100
v 0.00804100 -0.00400050 0.00804100
v -0.00769400 0.02162350 0.01037500
v -0.00788600 -0.00400050 0.00961000
v -0.00769400 -0.00400050 0.01037500
v -0.00800200 0.02162350 0.00882900
v -0.00788600 0.02162350 0.00961000
v -0.00788600 -0.02963450 0.00961000
v -0.00769400 -0.02963450 0.01037500
v -0.00800200 -0.00400050 0.00882900
v -0.00769400 0.04288250 0.01037500
v -0.00742900 0.02162350 0.01111800
v -0.00742800 0.04288250 0.01111800
v -0.00800100 0.04288250 0.00882900
v -0.00788500 0.04288250 0.00961000
v -0.00804100 0.02162350 0.00804100
v -0.00804100 -0.02963450 0.00804100
v -0.00800200 -0.02963450 0.00882900
v -0.00742900 -0.02963450 0.01111800
v -0.00742900 -0.00400050 0.01111800
v 0.00788600 0.02162350 0.00647200
v 0.00769400 -0.00400050 0.00570700
v 0.00769400 0.02162350 0.00570700
v 0.00800200 0.02162350 0.00725300
v 0.00788600 -0.00400050 0.00647200
v 0.00788600 -0.02963450 0.00647200
v 0.00769400 -0.02963450 0.00570700
v 0.00800200 -0.00400050 0.00725300
v 0.00769400 0.04288250 0.00570700
v 0.00742900 0.02162350 0.00496400
v 0.00742800 0.04288250 0.00496400
v 0.00800100 0.04288250 0.00725300
v 0.00788500 0.04288250 0.00647200
v 0.00804100 0.02162350 0.00804100
v 0.00804100 -0.02963450 0.00804100
v 0.00800200 -0.02963450 0.00725300
v 0.00742900 -0.02963450 0.00496400
v 0.00742900 -0.00400050 0.00496400
v 0.00668500 0.02162350 0.00357400
v 0.00621500 -0.00400050 0.00294000
v 0.00621500 0.02162350 0.00294000
v 0.00709100 0.02162350 0.00425100
v 0.00668500 -0.00400050 0.00357400
v 0.00668500 -0.02963450 0.00357400
v 0.00621500 -0.02963450 0.00294000
v 0.00709100 -0.00400050 0.00425100
v 0.00621500 0.04288250 0.00294000
v 0.00568500 0.04288250 0.00235600
v 0.00668500 0.04288250 0.00357400
v 0.00709100 0.04288250 0.00425100
v 0.00709100 -0.02963450 0.00425100
v 0.00568600 -0.02963450 0.00235500
v -0.00156900 0.02162350 0.01592700
v -0.00078800 -0.00400050 0.01604300
v -0.00078800 0.02162350 0.01604300
v -0.00233400 0.02162350 0.01573500
v -0.00156900 -0.00400050 0.01592700
v -0.00078800 -0.02963450 0.01604300
v -0.00233400 -0.00400050 0.01573500
v -0.00156900 -0.02963450 0.01592700
v 0.00000000 0.04288250 0.01608100
v 0.00000000 0.02162350 0.01608200
v -0.00156900 0.04288250 0.01592600
v -0.00078800 0.04288250 0.01604200
v -0.00233400 0.04288250 0.01573500
v -0.00233400 -0.02963450 0.01573500
v 0.00000000 -0.02963450 0.01608200
v 0.00000000 -0.00400050 0.01608200
v -0.00510100 0.02162350 0.00182600
v -0.00446700 -0.00400050 0.00135600
v -0.00510100 -0.00400050 0.00182600
v -0.00379000 0.02162350 0.00095000
v -0.00446700 0.02162350 0.00135600
v -0.00446700 -0.02963450 0.00135600
v -0.00510100 -0.02963450 0.00182600
v -0.00379000 -0.00400050 0.00095000
v -0.00510100 0.04288250 0.00182600
v -0.00568500 0.04288250 0.00235600
v -0.00446700 0.04288250 0.00135600
v -0.00379000 0.04288250 0.00095000
v -0.00379000 -0.02963450 0.00095000
v -0.00621500 0.02162350 0.01314200
v -0.00668500 -0.00400050 0.01250800
v -0.00621500 -0.00400050 0.01314200
v -0.00709100 0.02162350 0.01183100
v -0.00668500 0.02162350 0.01250800
v -0.00668500 -0.02963450 0.01250800
v -0.00621500 -0.02963450 0.01314200
v -0.00709100 -0.00400050 0.01183100
v -0.00621500 0.04288250 0.01314200
v -0.00668500 0.04288250 0.01250800
v -0.00709100 0.04288250 0.01183100
v -0.00709100 -0.02963450 0.01183100
v -0.00618100 0.06649050 0.01311400
v -0.00667400 0.06364650 0.01250000
v -0.00620500 0.06364650 0.01313300
v -0.00705200 0.06649050 0.01181100
v -0.00664900 0.06649050 0.01248400
v -0.00621400 0.05651550 0.01314100
v -0.00707900 0.06364650 0.01182500
v -0.00668400 0.05651550 0.01250700
v -0.00561300 0.06726750 0.01365400
v -0.00565500 0.06649050 0.01369600
v -0.00733400 0.06726750 0.01107900
v -0.00738800 0.06649050 0.01110100
v -0.00741600 0.06364650 0.01111300
v -0.00708900 0.05651550 0.01183000
v -0.00742700 0.05651550 0.01111700
v -0.00568400 0.05651550 0.01372500
v -0.00567600 0.06364650 0.01371700
v -0.00507300 0.06649050 0.00186000
v -0.00445900 0.06364650 0.00136700
v -0.00509200 0.06364650 0.00183600
v -0.00377000 0.06649050 0.00098900
v -0.00444300 0.06649050 0.00139200
v -0.00510000 0.05651550 0.00182700
v -0.00378400 0.06364650 0.00096200
v -0.00446600 0.05651550 0.00135700
v -0.00561300 0.06726750 0.00242800
v -0.00565500 0.06649050 0.00238600
v -0.00303800 0.06726750 0.00070700
v -0.00306000 0.06649050 0.00065300
v -0.00307200 0.06364650 0.00062500
v -0.00378900 0.05651550 0.00095200
v -0.00307600 0.05651550 0.00061400
v -0.00568400 0.05651550 0.00235700
v -0.00567600 0.06364650 0.00236500
v -0.00078400 0.06649050 0.01599900
v -0.00156600 0.06364650 0.01591400
v -0.00078700 0.06364650 0.01602900
v -0.00232100 0.06649050 0.01569300
v -0.00156000 0.06649050 0.01588400
v -0.00156800 0.05651550 0.01592500
v -0.00078800 0.05651550 0.01604100
v -0.00233000 0.06364650 0.01572200
v 0.00000000 0.06726750 0.01597900
v 0.00000000 0.06649050 0.01603800
v -0.00303800 0.06726750 0.01537500
v -0.00306000 0.06649050 0.01542900
v -0.00307200 0.06364650 0.01545700
v -0.00233300 0.05651550 0.01573300
v -0.00307600 0.05651550 0.01546800
v 0.00000000 0.05651550 0.01608000
v 0.00000000 0.06364650 0.01606800
v 0.00618100 0.06649050 0.00296800
v 0.00667400 0.06364650 0.00358200
v 0.00620500 0.06364650 0.00294900
v 0.00705200 0.06649050 0.00427100
v 0.00664900 0.06649050 0.00359800
v 0.00668400 0.05651550 0.00357500
v 0.00621400 0.05651550 0.00294100
v 0.00707900 0.06364650 0.00425700
v 0.00561300 0.06726750 0.00242800
v 0.00565500 0.06649050 0.00238600
v 0.00733400 0.06726750 0.00500300
v 0.00738800 0.06649050 0.00498100
v 0.00742700 0.05651550 0.00496500
v 0.00708900 0.05651550 0.00425200
v 0.00568400 0.05651550 0.00235700
v 0.00567600 0.06364650 0.00236500
v 0.00765200 0.06649050 0.00572000
v 0.00787300 0.06364650 0.00647500
v 0.00768100 0.06364650 0.00571100
v 0.00795800 0.06649050 0.00725700
v 0.00784300 0.06649050 0.00648100
v 0.00769200 0.05651550 0.00570800
v 0.00798800 0.06364650 0.00725400
v 0.00788400 0.05651550 0.00647300
v 0.00793800 0.06726750 0.00804100
v 0.00799700 0.06649050 0.00804100
v 0.00802700 0.06364650 0.00804100
v 0.00800000 0.05651550 0.00725300
v 0.00804000 0.04288250 0.00804100
v 0.00741600 0.06364650 0.00496900
v -0.00765200 0.06649050 0.01036200
v -0.00787300 0.06364650 0.00960700
v -0.00768100 0.06364650 0.01037100
v -0.00795800 0.06649050 0.00882500
v -0.00784300 0.06649050 0.00960100
v -0.00769200 0.05651550 0.01037400
v -0.00798800 0.06364650 0.00882800
v -0.00788400 0.05651550 0.00960900
v -0.00793800 0.06726750 0.00804100
v -0.00799700 0.06649050 0.00804100
v -0.00802700 0.06364650 0.00804100
v -0.00800000 0.05651550 0.00882900
v -0.00804000 0.04288250 0.00804100
v 0.00795800 0.06649050 0.00882500
v 0.00787300 0.06364650 0.00960700
v 0.00798800 0.06364650 0.00882800
v 0.00765200 0.06649050 0.01036200
v 0.00784300 0.06649050 0.00960100
v 0.00800000 0.05651550 0.00882900
v 0.00768100 0.06364650 0.01037100
v 0.00788400 0.05651550 0.00960900
v 0.00793800 0.06726750 0.00804100
v 0.00799700 0.06649050 0.00804100
v 0.00733400 0.06726750 0.01107900
v 0.00738800 0.06649050 0.01110100
v 0.00741600 0.06364650 0.01111300
v 0.00769200 0.05651550 0.01037400
v 0.00742700 0.05651550 0.01111700
v 0.00803900 0.05651550 0.00804100
v 0.00802700 0.06364650 0.00804100
v -0.00795800 0.06649050 0.00725700
v -0.00787300 0.06364650 0.00647500
v -0.00798800 0.06364650 0.00725400
v -0.00765200 0.06649050 0.00572000
v -0.00784300 0.06649050 0.00648100
v -0.00788400 0.05651550 0.00647300
v -0.00800000 0.05651550 0.00725300
v -0.00768100 0.06364650 0.00571100
v -0.00793800 0.06726750 0.00804100
v -0.00799700 0.06649050 0.00804100
v -0.00733400 0.06726750 0.00500300
v -0.00738800 0.06649050 0.00498100
v -0.00741600 0.06364650 0.00496900
v -0.00769200 0.05651550 0.00570800
v -0.00742700 0.05651550 0.00496500
v -0.00803900 0.05651550 0.00804100
v -0.00802700 0.06364650 0.00804100
v -0.00705200 0.06649050 0.00427100
v -0.00667400 0.06364650 0.00358200
v -0.00707900 0.06364650 0.00425700
v -0.00618100 0.06649050 0.00296800
v -0.00664900 0.06649050 0.00359800
v -0.00668400 0.05651550 0.00357500
v -0.00708900 0.05651550 0.00425200
v -0.00620500 0.06364650 0.00294900
v -0.00621400 0.05651550 0.00294100
v 0.00078400 0.06649050 0.00008300
v 0.00156600 0.06364650 0.00016800
v 0.00078700 0.06364650 0.00005300
v 0.00232100 0.06649050 0.00038900
v 0.00156000 0.06649050 0.00019800
v 0.00078800 0.05651550 0.00004100
v 0.00233000 0.06364650 0.00036000
v 0.00156800 0.05651550 0.00015700
v 0.00000000 0.06726750 0.00010300
v 0.00000000 0.06649050 0.00004400
v 0.00303800 0.06726750 0.00070700
v 0.00306000 0.06649050 0.00065300
v 0.00307200 0.06364650 0.00062500
v 0.00233300 0.05651550 0.00034900
v 0.00307700 0.04288250 0.00061300
v 0.00000000 0.05651550 0.00000200
v 0.00000000 0.06364650 0.00001400
v 0.00377000 0.06649050 0.00098900
v 0.00445900 0.06364650 0.00136700
v 0.00378400 0.06364650 0.00096200
v 0.00507300 0.06649050 0.00186000
v 0.00444300 0.06649050 0.00139200
v 0.00446600 0.05651550 0.00135700
v 0.00378900 0.05651550 0.00095200
v 0.00509200 0.06364650 0.00183600
v 0.00303800 0.06726750 0.00070700
v 0.00306000 0.06649050 0.00065300
v 0.00510000 0.05651550 0.00182700
v 0.00307600 0.05651550 0.00061400
v 0.00307200 0.06364650 0.00062500
v 0.00705200 0.06649050 0.01181100
v 0.00667400 0.06364650 0.01250000
v 0.00707900 0.06364650 0.01182500
v 0.00618100 0.06649050 0.01311400
v 0.00664900 0.06649050 0.01248400
v 0.00708900 0.05651550 0.01183000
v 0.00620500 0.06364650 0.01313300
v 0.00668400 0.05651550 0.01250700
v 0.00561300 0.06726750 0.01365400
v 0.00565500 0.06649050 0.01369600
v 0.00567600 0.06364650 0.01371700
v 0.00621400 0.05651550 0.01314100
v 0.00568400 0.05651550 0.01372500
v 0.00507300 0.06649050 0.01422200
v 0.00445900 0.06364650 0.01471500
v 0.00509200 0.06364650 0.01424600
v 0.00377000 0.06649050 0.01509300
v 0.00444300 0.06649050 0.01469000
v 0.00510000 0.05651550 0.01425500
v 0.00378400 0.06364650 0.01512000
v 0.00446600 0.05651550 0.01472500
v 0.00303800 0.06726750 0.01537500
v 0.00306000 0.06649050 0.01542900
v 0.00307200 0.06364650 0.01545700
v 0.00378900 0.05651550 0.01513000
v 0.00307600 0.05651550 0.01546800
v 0.00232100 0.06649050 0.01569300
v 0.00156600 0.06364650 0.01591400
v 0.00233000 0.06364650 0.01572200
v 0.00078400 0.06649050 0.01599900
v 0.00156000 0.06649050 0.01588400
v 0.00233300 0.05651550 0.01573300
v 0.00078700 0.06364650 0.01602900
v 0.00156800 0.05651550 0.01592500
v 0.00000000 0.06726750 0.01597900
v 0.00000000 0.06649050 0.01603800
v 0.00000000 0.06364650 0.01606800
v 0.00078800 0.05651550 0.01604100
v 0.00000000 0.04288250 0.01608100
v -0.00377000 0.06649050 0.01509300
v -0.00445900 0.06364650 0.01471500
v -0.00378400 0.06364650 0.01512000
v -0.00507300 0.06649050 0.01422200
v -0.00444300 0.06649050 0.01469000
v -0.00378900 0.05651550 0.01513000
v -0.00509200 0.06364650 0.01424600
v -0.00446600 0.05651550 0.01472500
v -0.00510000 0.05651550 0.01425500
v -0.00232100 0.06649050 0.00038900
v -0.00156600 0.06364650 0.00016800
v -0.00233000 0.06364650 0.00036000
v -0.00078400 0.06649050 0.00008300
v -0.00156000 0.06649050 0.00019800
v -0.00233300 0.05651550 0.00034900
v -0.00078700 0.06364650 0.00005300
v -0.00156800 0.05651550 0.00015700
v -0.00078800 0.05651550 0.00004100
v 0.00055700 0.07163750 0.01370100
v 0.00119400 0.07104150 0.01404200
v 0.00060000 0.07104150 0.01413000
v 0.00165100 0.07163750 0.01348300
v 0.00110900 0.07163750 0.01361900
v 0.00126600 0.07040450 0.01440700
v 0.00063600 0.07040450 0.01450000
v 0.00177600 0.07104150 0.01389600
v 0.00000000 0.07218750 0.01324200
v 0.00000000 0.07163750 0.01372800
v 0.00051000 0.07218750 0.01321700
v 0.00151000 0.07218750 0.01301800
v 0.00101500 0.07218750 0.01314200
v 0.00199000 0.07218750 0.01284600
v 0.00217600 0.07163750 0.01329600
v 0.00234100 0.07104150 0.01369400
v 0.00188400 0.07040450 0.01425200
v 0.00248400 0.07040450 0.01403800
v 0.00197400 0.06973150 0.01454800
v 0.00132700 0.06973150 0.01471000
v 0.00066600 0.06973150 0.01480900
v 0.00000000 0.07040450 0.01453200
v 0.00000000 0.06973150 0.01484100
v 0.00000000 0.07104150 0.01416000
v 0.00034500 0.07351350 0.01154000
v 0.00079900 0.07312850 0.01206000
v 0.00040200 0.07312850 0.01211900
v 0.00102100 0.07351350 0.01140600
v 0.00068600 0.07351350 0.01148900
v 0.00091000 0.07268650 0.01261700
v 0.00045700 0.07268650 0.01268400
v 0.00119000 0.07312850 0.01196200
v 0.00000000 0.07383450 0.01098000
v 0.00000000 0.07351350 0.01155700
v 0.00028800 0.07383450 0.01096600
v 0.00085300 0.07383450 0.01085300
v 0.00057300 0.07383450 0.01092300
v 0.00112500 0.07383450 0.01075600
v 0.00134600 0.07351350 0.01129000
v 0.00156800 0.07312850 0.01182700
v 0.00135400 0.07268650 0.01250600
v 0.00178600 0.07268650 0.01235200
v 0.00151000 0.07218750 0.01301800
v 0.00101500 0.07218750 0.01314200
v 0.00051000 0.07218750 0.01321700
v 0.00000000 0.07268650 0.01270700
v 0.00000000 0.07218750 0.01324200
v 0.00000000 0.07312850 0.01213900
v 0.00069100 0.06903550 0.01505200
v 0.00141100 0.06835350 0.01513300
v 0.00070900 0.06835350 0.01523800
v 0.00204500 0.06903550 0.01478300
v 0.00137400 0.06903550 0.01495100
v 0.00143700 0.06772850 0.01526600
v 0.00072200 0.06772850 0.01537200
v 0.00209900 0.06835350 0.01496100
v 0.00000000 0.06903550 0.01508700
v 0.00260200 0.06973150 0.01432400
v 0.00269600 0.06903550 0.01455000
v 0.00276800 0.06835350 0.01472200
v 0.00213800 0.06772850 0.01509000
v 0.00281900 0.06772850 0.01484700
v 0.00216500 0.06720450 0.01517800
v 0.00145500 0.06720450 0.01535500
v 0.00073100 0.06720450 0.01546300
v 0.00000000 0.06772850 0.01540800
v 0.00000000 0.06720450 0.01549900
v 0.00000000 0.06835350 0.01527300
v 0.00165700 0.07351350 0.01114200
v 0.00227700 0.07312850 0.01144800
v 0.00193200 0.07312850 0.01165500
v 0.00223100 0.07351350 0.01075900
v 0.00195300 0.07351350 0.01096400
v 0.00259200 0.07268650 0.01192000
v 0.00219900 0.07268650 0.01215600
v 0.00260000 0.07312850 0.01120900
v 0.00138500 0.07383450 0.01063300
v 0.00186400 0.07383450 0.01031300
v 0.00163300 0.07383450 0.01048500
v 0.00207800 0.07383450 0.01011900
v 0.00248600 0.07351350 0.01052700
v 0.00289800 0.07312850 0.01093900
v 0.00296000 0.07268650 0.01164800
v 0.00329900 0.07268650 0.01134000
v 0.00329900 0.07218750 0.01206100
v 0.00288900 0.07218750 0.01236500
v 0.00245200 0.07218750 0.01262800
v 0.00199000 0.07218750 0.01284600
v 0.00332100 0.06903550 0.01425400
v 0.00401800 0.06835350 0.01405400
v 0.00340900 0.06835350 0.01441900
v 0.00447000 0.06903550 0.01348700
v 0.00391400 0.06903550 0.01389900
v 0.00409300 0.06772850 0.01416600
v 0.00347300 0.06772850 0.01453800
v 0.00458800 0.06835350 0.01363100
v 0.00320600 0.06973150 0.01403800
v 0.00431400 0.06973150 0.01329800
v 0.00377800 0.06973150 0.01369500
v 0.00480900 0.06973150 0.01285000
v 0.00498200 0.06903550 0.01302300
v 0.00511400 0.06835350 0.01315500
v 0.00467300 0.06772850 0.01373500
v 0.00520900 0.06772850 0.01325000
v 0.00473100 0.06720450 0.01380600
v 0.00414300 0.06720450 0.01424200
v 0.00351600 0.06720450 0.01461800
v 0.00285400 0.06720450 0.01493100
v 0.00268100 0.07163750 0.01305700
v 0.00339900 0.07104150 0.01312800
v 0.00288400 0.07104150 0.01343700
v 0.00360800 0.07163750 0.01243700
v 0.00316000 0.07163750 0.01277000
v 0.00360600 0.07040450 0.01343800
v 0.00306000 0.07040450 0.01376500
v 0.00388100 0.07104150 0.01277100
v 0.00245200 0.07218750 0.01262800
v 0.00329900 0.07218750 0.01206100
v 0.00288900 0.07218750 0.01236500
v 0.00367800 0.07218750 0.01171900
v 0.00402200 0.07163750 0.01206300
v 0.00432700 0.07104150 0.01236800
v 0.00411800 0.07040450 0.01305800
v 0.00459000 0.07040450 0.01263100
v 0.00271800 0.07351350 0.01027200
v 0.00340700 0.07312850 0.01031800
v 0.00316800 0.07312850 0.01064100
v 0.00310100 0.07351350 0.00969800
v 0.00292300 0.07351350 0.00999400
v 0.00387900 0.07268650 0.01063300
v 0.00360700 0.07268650 0.01100100
v 0.00361400 0.07312850 0.00997300
v 0.00227200 0.07383450 0.00990500
v 0.00259200 0.07383450 0.00942600
v 0.00244400 0.07383450 0.00967400
v 0.00271500 0.07383450 0.00916600
v 0.00324900 0.07351350 0.00938700
v 0.00378600 0.07312850 0.00960900
v 0.00411500 0.07268650 0.01024000
v 0.00431100 0.07268650 0.00982700
v 0.00458700 0.07218750 0.01049300
v 0.00432400 0.07218750 0.01093000
v 0.00402000 0.07218750 0.01134000
v 0.00367800 0.07218750 0.01171900
v 0.00544600 0.06903550 0.01251100
v 0.00601300 0.06835350 0.01205900
v 0.00559000 0.06835350 0.01262900
v 0.00621300 0.06903550 0.01136200
v 0.00585800 0.06903550 0.01195500
v 0.00612500 0.06772850 0.01213400
v 0.00569400 0.06772850 0.01271400
v 0.00637800 0.06835350 0.01145000
v 0.00525700 0.06973150 0.01235500
v 0.00599700 0.06973150 0.01124700
v 0.00565400 0.06973150 0.01181900
v 0.00628300 0.06973150 0.01064300
v 0.00650900 0.06903550 0.01073700
v 0.00668100 0.06835350 0.01080900
v 0.00649700 0.06772850 0.01151400
v 0.00680600 0.06772850 0.01086000
v 0.00657700 0.06720450 0.01155700
v 0.00620100 0.06720450 0.01218400
v 0.00576500 0.06720450 0.01277200
v 0.00527400 0.06720450 0.01331500
v 0.00439600 0.07163750 0.01164900
v 0.00508700 0.07104150 0.01144000
v 0.00473000 0.07104150 0.01192300
v 0.00501600 0.07163750 0.01072200
v 0.00472900 0.07163750 0.01120100
v 0.00539700 0.07040450 0.01164700
v 0.00501700 0.07040450 0.01215900
v 0.00539600 0.07104150 0.01092500
v 0.00402000 0.07218750 0.01134000
v 0.00458700 0.07218750 0.01049300
v 0.00432400 0.07218750 0.01093000
v 0.00480500 0.07218750 0.01003100
v 0.00525500 0.07163750 0.01021700
v 0.00565300 0.07104150 0.01038200
v 0.00572400 0.07040450 0.01110100
v 0.00599700 0.07040450 0.01052500
v 0.00544200 0.07163750 0.00969200
v 0.00600100 0.07104150 0.00923500
v 0.00585500 0.07104150 0.00981700
v 0.00566000 0.07163750 0.00859800
v 0.00557800 0.07163750 0.00915000
v 0.00636600 0.07040450 0.00930700
v 0.00621100 0.07040450 0.00992500
v 0.00608900 0.07104150 0.00864100
v 0.00480500 0.07218750 0.01003100
v 0.00525500 0.07163750 0.01021700
v 0.00497700 0.07218750 0.00955100
v 0.00517600 0.07218750 0.00855100
v 0.00510100 0.07218750 0.00905600
v 0.00520100 0.07218750 0.00804100
v 0.00568700 0.07163750 0.00804100
v 0.00611900 0.07104150 0.00804100
v 0.00645900 0.07040450 0.00867700
v 0.00649100 0.07040450 0.00804100
v 0.00676800 0.06973150 0.00870700
v 0.00666900 0.06973150 0.00936800
v 0.00650700 0.06973150 0.01001500
v 0.00599700 0.07040450 0.01052500
v 0.00628300 0.06973150 0.01064300
v 0.00565300 0.07104150 0.01038200
v 0.00336500 0.07351350 0.00906200
v 0.00401900 0.07312850 0.00884000
v 0.00392100 0.07312850 0.00923100
v 0.00349900 0.07351350 0.00838600
v 0.00344800 0.07351350 0.00872700
v 0.00457600 0.07268650 0.00895100
v 0.00446500 0.07268650 0.00939500
v 0.00407800 0.07312850 0.00844300
v 0.00281200 0.07383450 0.00889400
v 0.00292500 0.07383450 0.00832900
v 0.00288200 0.07383450 0.00861400
v 0.00293900 0.07383450 0.00804100
v 0.00351600 0.07351350 0.00804100
v 0.00409800 0.07312850 0.00804100
v 0.00464300 0.07268650 0.00849800
v 0.00466600 0.07268650 0.00804100
v 0.00517600 0.07218750 0.00855100
v 0.00510100 0.07218750 0.00905600
v 0.00497700 0.07218750 0.00955100
v 0.00480500 0.07218750 0.01003100
v 0.00674200 0.06903550 0.01008600
v 0.00709200 0.06835350 0.00945200
v 0.00692000 0.06835350 0.01014000
v 0.00701100 0.06903550 0.00873200
v 0.00691000 0.06903550 0.00941500
v 0.00722500 0.06772850 0.00947800
v 0.00704900 0.06772850 0.01017900
v 0.00719700 0.06835350 0.00875000
v 0.00650700 0.06973150 0.01001500
v 0.00676800 0.06973150 0.00870700
v 0.00666900 0.06973150 0.00936800
v 0.00680000 0.06973150 0.00804100
v 0.00704600 0.06903550 0.00804100
v 0.00723200 0.06835350 0.00804100
v 0.00733100 0.06772850 0.00876300
v 0.00736700 0.06772850 0.00804100
v 0.00742200 0.06720450 0.00877200
v 0.00731400 0.06720450 0.00949600
v 0.00713700 0.06720450 0.01020600
v 0.00689000 0.06720450 0.01089500
v 0.00566000 0.07163750 0.00748400
v 0.00600100 0.07104150 0.00684700
v 0.00608900 0.07104150 0.00744100
v 0.00544200 0.07163750 0.00639000
v 0.00557800 0.07163750 0.00693200
v 0.00636600 0.07040450 0.00677500
v 0.00645900 0.07040450 0.00740500
v 0.00585500 0.07104150 0.00626500
v 0.00517600 0.07218750 0.00753100
v 0.00497700 0.07218750 0.00653100
v 0.00510100 0.07218750 0.00702600
v 0.00480500 0.07218750 0.00605100
v 0.00525500 0.07163750 0.00586500
v 0.00565300 0.07104150 0.00570000
v 0.00621100 0.07040450 0.00615700
v 0.00599700 0.07040450 0.00555700
v 0.00650700 0.06973150 0.00606700
v 0.00666900 0.06973150 0.00671400
v 0.00676800 0.06973150 0.00737500
v 0.00680000 0.06973150 0.00804100
v 0.00349900 0.07351350 0.00769600
v 0.00401900 0.07312850 0.00724200
v 0.00407800 0.07312850 0.00763900
v 0.00336500 0.07351350 0.00702000
v 0.00344800 0.07351350 0.00735500
v 0.00457600 0.07268650 0.00713100
v 0.00464300 0.07268650 0.00758400
v 0.00392100 0.07312850 0.00685100
v 0.00292500 0.07383450 0.00775300
v 0.00281200 0.07383450 0.00718800
v 0.00288200 0.07383450 0.00746800
v 0.00271500 0.07383450 0.00691600
v 0.00324900 0.07351350 0.00669500
v 0.00378600 0.07312850 0.00647300
v 0.00446500 0.07268650 0.00668700
v 0.00431100 0.07268650 0.00625500
v 0.00497700 0.07218750 0.00653100
v 0.00510100 0.07218750 0.00702600
v 0.00517600 0.07218750 0.00753100
v 0.00520100 0.07218750 0.00804100
v 0.00701100 0.06903550 0.00735000
v 0.00709200 0.06835350 0.00663000
v 0.00719700 0.06835350 0.00733200
v 0.00674200 0.06903550 0.00599600
v 0.00691000 0.06903550 0.00666700
v 0.00722500 0.06772850 0.00660400
v 0.00733100 0.06772850 0.00731900
v 0.00692000 0.06835350 0.00594200
v 0.00704600 0.06903550 0.00804100
v 0.00628300 0.06973150 0.00543900
v 0.00650900 0.06903550 0.00534500
v 0.00668100 0.06835350 0.00527300
v 0.00704900 0.06772850 0.00590300
v 0.00680600 0.06772850 0.00522200
v 0.00713700 0.06720450 0.00587600
v 0.00731400 0.06720450 0.00658600
v 0.00742200 0.06720450 0.00731000
v 0.00736700 0.06772850 0.00804100
v 0.00745800 0.06720450 0.00804100
v 0.00723200 0.06835350 0.00804100
v 0.00310100 0.07351350 0.00638400
v 0.00340700 0.07312850 0.00576400
v 0.00361400 0.07312850 0.00610900
v 0.00271800 0.07351350 0.00581000
v 0.00292300 0.07351350 0.00608800
v 0.00387900 0.07268650 0.00544900
v 0.00411500 0.07268650 0.00584200
v 0.00316800 0.07312850 0.00544100
v 0.00259200 0.07383450 0.00665600
v 0.00227200 0.07383450 0.00617700
v 0.00244400 0.07383450 0.00640800
v 0.00207800 0.07383450 0.00596300
v 0.00248600 0.07351350 0.00555500
v 0.00289800 0.07312850 0.00514300
v 0.00360700 0.07268650 0.00508100
v 0.00329900 0.07268650 0.00474200
v 0.00402000 0.07218750 0.00474200
v 0.00432400 0.07218750 0.00515200
v 0.00458700 0.07218750 0.00558900
v 0.00480500 0.07218750 0.00605100
v 0.00621300 0.06903550 0.00472000
v 0.00601300 0.06835350 0.00402300
v 0.00637800 0.06835350 0.00463200
v 0.00544600 0.06903550 0.00357100
v 0.00585800 0.06903550 0.00412700
v 0.00612500 0.06772850 0.00394800
v 0.00649700 0.06772850 0.00456800
v 0.00559000 0.06835350 0.00345300
v 0.00599700 0.06973150 0.00483500
v 0.00525700 0.06973150 0.00372700
v 0.00565400 0.06973150 0.00426300
v 0.00480900 0.06973150 0.00323200
v 0.00498200 0.06903550 0.00305900
v 0.00511400 0.06835350 0.00292700
v 0.00569400 0.06772850 0.00336800
v 0.00520900 0.06772850 0.00283200
v 0.00576500 0.06720450 0.00331000
v 0.00620100 0.06720450 0.00389800
v 0.00657700 0.06720450 0.00452500
v 0.00689000 0.06720450 0.00518700
v 0.00501600 0.07163750 0.00536000
v 0.00508700 0.07104150 0.00464200
v 0.00539600 0.07104150 0.00515700
v 0.00439600 0.07163750 0.00443300
v 0.00472900 0.07163750 0.00488100
v 0.00539700 0.07040450 0.00443500
v 0.00572400 0.07040450 0.00498100
v 0.00473000 0.07104150 0.00416000
v 0.00458700 0.07218750 0.00558900
v 0.00402000 0.07218750 0.00474200
v 0.00432400 0.07218750 0.00515200
v 0.00367800 0.07218750 0.00436300
v 0.00402200 0.07163750 0.00401900
v 0.00432700 0.07104150 0.00371400
v 0.00501700 0.07040450 0.00392300
v 0.00459000 0.07040450 0.00345100
v 0.00223100 0.07351350 0.00532300
v 0.00227700 0.07312850 0.00463400
v 0.00260000 0.07312850 0.00487300
v 0.00165700 0.07351350 0.00494000
v 0.00195300 0.07351350 0.00511800
v 0.00259200 0.07268650 0.00416200
v 0.00296000 0.07268650 0.00443400
v 0.00193200 0.07312850 0.00442700
v 0.00186400 0.07383450 0.00576900
v 0.00138500 0.07383450 0.00544900
v 0.00163300 0.07383450 0.00559700
v 0.00112500 0.07383450 0.00532600
v 0.00134600 0.07351350 0.00479200
v 0.00156800 0.07312850 0.00425500
v 0.00219900 0.07268650 0.00392600
v 0.00178600 0.07268650 0.00373000
v 0.00245200 0.07218750 0.00345400
v 0.00288900 0.07218750 0.00371700
v 0.00329900 0.07218750 0.00402100
v 0.00367800 0.07218750 0.00436300
v 0.00447000 0.06903550 0.00259500
v 0.00401800 0.06835350 0.00202800
v 0.00458800 0.06835350 0.00245100
v 0.00332100 0.06903550 0.00182800
v 0.00391400 0.06903550 0.00218300
v 0.00409300 0.06772850 0.00191600
v 0.00467300 0.06772850 0.00234700
v 0.00340900 0.06835350 0.00166300
v 0.00431400 0.06973150 0.00278400
v 0.00320600 0.06973150 0.00204400
v 0.00377800 0.06973150 0.00238700
v 0.00260200 0.06973150 0.00175800
v 0.00269600 0.06903550 0.00153200
v 0.00276800 0.06835350 0.00136000
v 0.00347300 0.06772850 0.00154400
v 0.00281900 0.06772850 0.00123500
v 0.00351600 0.06720450 0.00146400
v 0.00414300 0.06720450 0.00184000
v 0.00473100 0.06720450 0.00227600
v 0.00527400 0.06720450 0.00276700
v 0.00360800 0.07163750 0.00364500
v 0.00339900 0.07104150 0.00295400
v 0.00388100 0.07104150 0.00331100
v 0.00268100 0.07163750 0.00302500
v 0.00316000 0.07163750 0.00331200
v 0.00360600 0.07040450 0.00264400
v 0.00411800 0.07040450 0.00302400
v 0.00288400 0.07104150 0.00264500
v 0.00329900 0.07218750 0.00402100
v 0.00245200 0.07218750 0.00345400
v 0.00288900 0.07218750 0.00371700
v 0.00199000 0.07218750 0.00323600
v 0.00217600 0.07163750 0.00278600
v 0.00234100 0.07104150 0.00238800
v 0.00306000 0.07040450 0.00231700
v 0.00248400 0.07040450 0.00204400
v 0.00165100 0.07163750 0.00259900
v 0.00119400 0.07104150 0.00204000
v 0.00177600 0.07104150 0.00218600
v 0.00055700 0.07163750 0.00238100
v 0.00110900 0.07163750 0.00246300
v 0.00126600 0.07040450 0.00167500
v 0.00188400 0.07040450 0.00183000
v 0.00060000 0.07104150 0.00195200
v 0.00199000 0.07218750 0.00323600
v 0.00217600 0.07163750 0.00278600
v 0.00151000 0.07218750 0.00306400
v 0.00051000 0.07218750 0.00286500
v 0.00101500 0.07218750 0.00294000
v 0.00000000 0.07218750 0.00284000
v 0.00000000 0.07163750 0.00235400
v 0.00000000 0.07104150 0.00192200
v 0.00063600 0.07040450 0.00158200
v 0.00000000 0.07040450 0.00155000
v 0.00066600 0.06973150 0.00127300
v 0.00132700 0.06973150 0.00137200
v 0.00197400 0.06973150 0.00153400
v 0.00248400 0.07040450 0.00204400
v 0.00260200 0.06973150 0.00175800
v 0.00234100 0.07104150 0.00238800
v 0.00102100 0.07351350 0.00467600
v 0.00079900 0.07312850 0.00402200
v 0.00119000 0.07312850 0.00412000
v 0.00034500 0.07351350 0.00454200
v 0.00068600 0.07351350 0.00459300
v 0.00091000 0.07268650 0.00346500
v 0.00135400 0.07268650 0.00357600
v 0.00040200 0.07312850 0.00396300
v 0.00085300 0.07383450 0.00522900
v 0.00028800 0.07383450 0.00511600
v 0.00057300 0.07383450 0.00515900
v 0.00000000 0.07383450 0.00510200
v 0.00000000 0.07351350 0.00452500
v 0.00000000 0.07312850 0.00394300
v 0.00045700 0.07268650 0.00339800
v 0.00000000 0.07268650 0.00337500
v 0.00051000 0.07218750 0.00286500
v 0.00101500 0.07218750 0.00294000
v 0.00151000 0.07218750 0.00306400
v 0.00199000 0.07218750 0.00323600
v 0.00204500 0.06903550 0.00129900
v 0.00141100 0.06835350 0.00094900
v 0.00209900 0.06835350 0.00112100
v 0.00069100 0.06903550 0.00103000
v 0.00137400 0.06903550 0.00113100
v 0.00143700 0.06772850 0.00081600
v 0.00213800 0.06772850 0.00099200
v 0.00070900 0.06835350 0.00084400
v 0.00269600 0.06903550 0.00153200
v 0.00000000 0.06973150 0.00124100
v 0.00000000 0.06903550 0.00099500
v 0.00000000 0.06835350 0.00080900
v 0.00072200 0.06772850 0.00071000
v 0.00000000 0.06772850 0.00067400
v 0.00073100 0.06720450 0.00061900
v 0.00145500 0.06720450 0.00072700
v 0.00216500 0.06720450 0.00090400
v 0.00281900 0.06772850 0.00123500
v 0.00285400 0.06720450 0.00115100
v 0.00276800 0.06835350 0.00136000
v -0.00055700 0.07163750 0.00238100
v -0.00119400 0.07104150 0.00204000
v -0.00060000 0.07104150 0.00195200
v -0.00165100 0.07163750 0.00259900
v -0.00110900 0.07163750 0.00246300
v -0.00126600 0.07040450 0.00167500
v -0.00063600 0.07040450 0.00158200
v -0.00177600 0.07104150 0.00218600
v -0.00051000 0.07218750 0.00286500
v -0.00151000 0.07218750 0.00306400
v -0.00101500 0.07218750 0.00294000
v -0.00199000 0.07218750 0.00323600
v -0.00217600 0.07163750 0.00278600
v -0.00234100 0.07104150 0.00238800
v -0.00188400 0.07040450 0.00183000
v -0.00248400 0.07040450 0.00204400
v -0.00197400 0.06973150 0.00153400
v -0.00132700 0.06973150 0.00137200
v -0.00066600 0.06973150 0.00127300
v -0.00034500 0.07351350 0.00454200
v -0.00079900 0.07312850 0.00402200
v -0.00040200 0.07312850 0.00396300
v -0.00102100 0.07351350 0.00467600
v -0.00068600 0.07351350 0.00459300
v -0.00091000 0.07268650 0.00346500
v -0.00045700 0.07268650 0.00339800
v -0.00119000 0.07312850 0.00412000
v -0.00028800 0.07383450 0.00511600
v -0.00085300 0.07383450 0.00522900
v -0.00057300 0.07383450 0.00515900
v -0.00112500 0.07383450 0.00532600
v -0.00134600 0.07351350 0.00479200
v -0.00156800 0.07312850 0.00425500
v -0.00135400 0.07268650 0.00357600
v -0.00178600 0.07268650 0.00373000
v -0.00151000 0.07218750 0.00306400
v -0.00101500 0.07218750 0.00294000
v -0.00051000 0.07218750 0.00286500
v 0.00000000 0.07218750 0.00284000
v -0.00069100 0.06903550 0.00103000
v -0.00141100 0.06835350 0.00094900
v -0.00070900 0.06835350 0.00084400
v -0.00204500 0.06903550 0.00129900
v -0.00137400 0.06903550 0.00113100
v -0.00143700 0.06772850 0.00081600
v -0.00072200 0.06772850 0.00071000
v -0.00209900 0.06835350 0.00112100
v -0.00260200 0.06973150 0.00175800
v -0.00269600 0.06903550 0.00153200
v -0.00276800 0.06835350 0.00136000
v -0.00213800 0.06772850 0.00099200
v -0.00281900 0.06772850 0.00123500
v -0.00216500 0.06720450 0.00090400
v -0.00145500 0.06720450 0.00072700
v -0.00073100 0.06720450 0.00061900
v 0.00000000 0.06720450 0.00058300
v -0.00165700 0.07351350 0.00494000
v -0.00227700 0.07312850 0.00463400
v -0.00193200 0.07312850 0.00442700
v -0.00223100 0.07351350 0.00532300
v -0.00195300 0.07351350 0.00511800
v -0.00259200 0.07268650 0.00416200
v -0.00219900 0.07268650 0.00392600
v -0.00260000 0.07312850 0.00487300
v -0.00138500 0.07383450 0.00544900
v -0.00186400 0.07383450 0.00576900
v -0.00163300 0.07383450 0.00559700
v -0.00207800 0.07383450 0.00596300
v -0.00248600 0.07351350 0.00555500
v -0.00289800 0.07312850 0.00514300
v -0.00296000 0.07268650 0.00443400
v -0.00329900 0.07268650 0.00474200
v -0.00329900 0.07218750 0.00402100
v -0.00288900 0.07218750 0.00371700
v -0.00245200 0.07218750 0.00345400
v -0.00199000 0.07218750 0.00323600
v -0.00332100 0.06903550 0.00182800
v -0.00401800 0.06835350 0.00202800
v -0.00340900 0.06835350 0.00166300
v -0.00447000 0.06903550 0.00259500
v -0.00391400 0.06903550 0.00218300
v -0.00409300 0.06772850 0.00191600
v -0.00347300 0.06772850 0.00154400
v -0.00458800 0.06835350 0.00245100
v -0.00320600 0.06973150 0.00204400
v -0.00431400 0.06973150 0.00278400
v -0.00377800 0.06973150 0.00238700
v -0.00480900 0.06973150 0.00323200
v -0.00498200 0.06903550 0.00305900
v -0.00511400 0.06835350 0.00292700
v -0.00467300 0.06772850 0.00234700
v -0.00520900 0.06772850 0.00283200
v -0.00473100 0.06720450 0.00227600
v -0.00414300 0.06720450 0.00184000
v -0.00351600 0.06720450 0.00146400
v -0.00285400 0.06720450 0.00115100
v -0.00268100 0.07163750 0.00302500
v -0.00339900 0.07104150 0.00295400
v -0.00288400 0.07104150 0.00264500
v -0.00360800 0.07163750 0.00364500
v -0.00316000 0.07163750 0.00331200
v -0.00360600 0.07040450 0.00264400
v -0.00306000 0.07040450 0.00231700
v -0.00388100 0.07104150 0.00331100
v -0.00245200 0.07218750 0.00345400
v -0.00329900 0.07218750 0.00402100
v -0.00288900 0.07218750 0.00371700
v -0.00367800 0.07218750 0.00436300
v -0.00402200 0.07163750 0.00401900
v -0.00432700 0.07104150 0.00371500
v -0.00411800 0.07040450 0.00302400
v -0.00459000 0.07040450 0.00345100
v -0.00544600 0.06903550 0.00357100
v -0.00601300 0.06835350 0.00402300
v -0.00559000 0.06835350 0.00345300
v -0.00621300 0.06903550 0.00472000
v -0.00585800 0.06903550 0.00412700
v -0.00612500 0.06772850 0.00394800
v -0.00569400 0.06772850 0.00336800
v -0.00637800 0.06835350 0.00463200
v -0.00525700 0.06973150 0.00372700
v -0.00599700 0.06973150 0.00483500
v -0.00565400 0.06973150 0.00426300
v -0.00628300 0.06973150 0.00543900
v -0.00650900 0.06903550 0.00534500
v -0.00668100 0.06835350 0.00527300
v -0.00649700 0.06772850 0.00456800
v -0.00680600 0.06772850 0.00522200
v -0.00657700 0.06720450 0.00452500
v -0.00620100 0.06720450 0.00389800
v -0.00576500 0.06720450 0.00331000
v -0.00527400 0.06720450 0.00276700
v -0.00439600 0.07163750 0.00443300
v -0.00508700 0.07104150 0.00464200
v -0.00473000 0.07104150 0.00416000
v -0.00501600 0.07163750 0.00536000
v -0.00472900 0.07163750 0.00488100
v -0.00539700 0.07040450 0.00443500
v -0.00501700 0.07040450 0.00392300
v -0.00539600 0.07104150 0.00515700
v -0.00402000 0.07218750 0.00474200
v -0.00458700 0.07218750 0.00558900
v -0.00432400 0.07218750 0.00515200
v -0.00480500 0.07218750 0.00605100
v -0.00525500 0.07163750 0.00586500
v -0.00565300 0.07104150 0.00570000
v -0.00572400 0.07040450 0.00498100
v -0.00599700 0.07040450 0.00555700
v -0.00271800 0.07351350 0.00581000
v -0.00340700 0.07312850 0.00576400
v -0.00316800 0.07312850 0.00544100
v -0.00310100 0.07351350 0.00638400
v -0.00292300 0.07351350 0.00608800
v -0.00387900 0.07268650 0.00544900
v -0.00360700 0.07268650 0.00508100
v -0.00361400 0.07312850 0.00610900
v -0.00227200 0.07383450 0.00617700
v -0.00259200 0.07383450 0.00665600
v -0.00244400 0.07383450 0.00640800
v -0.00271500 0.07383450 0.00691600
v -0.00324900 0.07351350 0.00669500
v -0.00378600 0.07312850 0.00647300
v -0.00411500 0.07268650 0.00584200
v -0.00431100 0.07268650 0.00625500
v -0.00458700 0.07218750 0.00558900
v -0.00432400 0.07218750 0.00515200
v -0.00402000 0.07218750 0.00474200
v -0.00367800 0.07218750 0.00436300
v -0.00544200 0.07163750 0.00639000
v -0.00600100 0.07104150 0.00684700
v -0.00585500 0.07104150 0.00626500
v -0.00566000 0.07163750 0.00748400
v -0.00557800 0.07163750 0.00693200
v -0.00636600 0.07040450 0.00677500
v -0.00621100 0.07040450 0.00615700
v -0.00608900 0.07104150 0.00744100
v -0.00497700 0.07218750 0.00653100
v -0.00517600 0.07218750 0.00753100
v -0.00510100 0.07218750 0.00702600
v -0.00520100 0.07218750 0.00804100
v -0.00568700 0.07163750 0.00804100
v -0.00611900 0.07104150 0.00804100
v -0.00645900 0.07040450 0.00740500
v -0.00649100 0.07040450 0.00804100
v -0.00676800 0.06973150 0.00737500
v -0.00666900 0.06973150 0.00671400
v -0.00650700 0.06973150 0.00606700
v -0.00336500 0.07351350 0.00702000
v -0.00401900 0.07312850 0.00724200
v -0.00392100 0.07312850 0.00685100
v -0.00349900 0.07351350 0.00769600
v -0.00344800 0.07351350 0.00735500
v -0.00457600 0.07268650 0.00713100
v -0.00446500 0.07268650 0.00668700
v -0.00407800 0.07312850 0.00763900
v -0.00281200 0.07383450 0.00718800
v -0.00292500 0.07383450 0.00775300
v -0.00288200 0.07383450 0.00746800
v -0.00293900 0.07383450 0.00804100
v -0.00351600 0.07351350 0.00804100
v -0.00409800 0.07312850 0.00804100
v -0.00464300 0.07268650 0.00758400
v -0.00466600 0.07268650 0.00804100
v -0.00517600 0.07218750 0.00753100
v -0.00510100 0.07218750 0.00702600
v -0.00497700 0.07218750 0.00653100
v -0.00480500 0.07218750 0.00605100
v -0.00674200 0.06903550 0.00599600
v -0.00709200 0.06835350 0.00663000
v -0.00692000 0.06835350 0.00594200
v -0.00701100 0.06903550 0.00735000
v -0.00691000 0.06903550 0.00666700
v -0.00722500 0.06772850 0.00660400
v -0.00704900 0.06772850 0.00590300
v -0.00719700 0.06835350 0.00733200
v -0.00680000 0.06973150 0.00804100
v -0.00704600 0.06903550 0.00804100
v -0.00723200 0.06835350 0.00804100
v -0.00733100 0.06772850 0.00731900
v -0.00736700 0.06772850 0.00804100
v -0.00742200 0.06720450 0.00731000
v -0.00731400 0.06720450 0.00658600
v -0.00713700 0.06720450 0.00587600
v -0.00689000 0.06720450 0.00518700
v -0.00584600 -0.07171950 0.01283900
v -0.00628100 -0.06459249 0.01223800
v -0.00584000 -0.06459249 0.01283300
v -0.00586500 -0.07446450 0.01285400
v -0.00628800 -0.07171950 0.01224300
v -0.00667000 -0.07171950 0.01160600
v -0.00666200 -0.06459249 0.01160200
v -0.00630800 -0.07446450 0.01225600
v -0.00534100 -0.05092150 0.01338200
v -0.00583900 -0.05092150 0.01283300
v -0.00534200 -0.06459249 0.01338300
v -0.00534800 -0.07171950 0.01338900
v -0.00536500 -0.07446450 0.01340600
v -0.00590100 -0.07498551 0.01288400
v -0.00634800 -0.07498551 0.01228200
v -0.00669100 -0.07446450 0.01161800
v -0.00673300 -0.07498551 0.01164000
v -0.00701000 -0.07446450 0.01094500
v -0.00698800 -0.07171950 0.01093500
v -0.00698000 -0.06459249 0.01093200
v -0.00697800 -0.05092150 0.01093200
v -0.00666100 -0.05092150 0.01160100
v -0.00628000 -0.05092150 0.01223700
v -0.00479800 -0.07171950 0.00219500
v -0.00419700 -0.06459249 0.00176000
v -0.00479200 -0.06459249 0.00220100
v -0.00481300 -0.07446450 0.00217600
v -0.00420200 -0.07171950 0.00175300
v -0.00356500 -0.07171950 0.00137100
v -0.00356100 -0.06459249 0.00137900
v -0.00421500 -0.07446450 0.00173300
v -0.00534100 -0.05092150 0.00270000
v -0.00479200 -0.05092150 0.00220200
v -0.00534200 -0.06459249 0.00269900
v -0.00534800 -0.07171950 0.00269300
v -0.00536500 -0.07446450 0.00267600
v -0.00484300 -0.07498551 0.00214000
v -0.00424100 -0.07498551 0.00169300
v -0.00357700 -0.07446450 0.00135000
v -0.00359900 -0.07498551 0.00130800
v -0.00290400 -0.07446450 0.00103100
v -0.00289400 -0.07171950 0.00105300
v -0.00289100 -0.06459249 0.00106100
v -0.00289100 -0.05092150 0.00106300
v -0.00356000 -0.05092150 0.00138000
v -0.00419600 -0.05092150 0.00176100
v -0.00349900 0.07351350 0.00838600
v -0.00401900 0.07312850 0.00884000
v -0.00407800 0.07312850 0.00844300
v -0.00336500 0.07351350 0.00906200
v -0.00344800 0.07351350 0.00872700
v -0.00457600 0.07268650 0.00895100
v -0.00464300 0.07268650 0.00849800
v -0.00392100 0.07312850 0.00923100
v -0.00292500 0.07383450 0.00832900
v -0.00281200 0.07383450 0.00889400
v -0.00288200 0.07383450 0.00861400
v -0.00271500 0.07383450 0.00916600
v -0.00324900 0.07351350 0.00938700
v -0.00378600 0.07312850 0.00960900
v -0.00446500 0.07268650 0.00939500
v -0.00431100 0.07268650 0.00982700
v -0.00497700 0.07218750 0.00955100
v -0.00510100 0.07218750 0.00905600
v -0.00517600 0.07218750 0.00855100
v -0.00520100 0.07218750 0.00804100
v -0.00701100 0.06903550 0.00873200
v -0.00709200 0.06835350 0.00945200
v -0.00719700 0.06835350 0.00875000
v -0.00674200 0.06903550 0.01008600
v -0.00691000 0.06903550 0.00941500
v -0.00722500 0.06772850 0.00947800
v -0.00733100 0.06772850 0.00876300
v -0.00692000 0.06835350 0.01014000
v -0.00680000 0.06973150 0.00804100
v -0.00704600 0.06903550 0.00804100
v -0.00676700 0.06973150 0.00870700
v -0.00650700 0.06973150 0.01001500
v -0.00666900 0.06973150 0.00936800
v -0.00628300 0.06973150 0.01064300
v -0.00650900 0.06903550 0.01073700
v -0.00668100 0.06835350 0.01080900
v -0.00704900 0.06772850 0.01017900
v -0.00680600 0.06772850 0.01086000
v -0.00713700 0.06720450 0.01020600
v -0.00731400 0.06720450 0.00949600
v -0.00742200 0.06720450 0.00877200
v -0.00736700 0.06772850 0.00804100
v -0.00745800 0.06720450 0.00804100
v -0.00723200 0.06835350 0.00804100
v -0.00074100 -0.07171950 0.01556800
v -0.00147400 -0.06459249 0.01545000
v -0.00074000 -0.06459249 0.01555900
v -0.00148000 -0.07446450 0.01548200
v -0.00147500 -0.07171950 0.01545900
v -0.00219600 -0.07171950 0.01527900
v -0.00219300 -0.06459249 0.01527000
v 0.00000000 -0.05092150 0.01559400
v -0.00074000 -0.05092150 0.01555800
v 0.00000000 -0.06459249 0.01559600
v 0.00000000 -0.07171950 0.01560500
v -0.00074400 -0.07446450 0.01559200
v 0.00000000 -0.07446450 0.01562900
v -0.00074800 -0.07498551 0.01563900
v -0.00148900 -0.07498551 0.01552800
v -0.00220300 -0.07446450 0.01530200
v -0.00221600 -0.07498551 0.01534700
v -0.00290400 -0.07446450 0.01505100
v -0.00289400 -0.07171950 0.01502900
v -0.00289100 -0.06459249 0.01502100
v -0.00289100 -0.05092150 0.01501900
v -0.00219300 -0.05092150 0.01526900
v -0.00147300 -0.05092150 0.01544900
v 0.00584600 -0.07171950 0.00324300
v 0.00628100 -0.06459249 0.00384400
v 0.00584000 -0.06459249 0.00324900
v 0.00586500 -0.07446450 0.00322800
v 0.00628800 -0.07171950 0.00383900
v 0.00667000 -0.07171950 0.00447600
v 0.00666200 -0.06459249 0.00448000
v 0.00630800 -0.07446450 0.00382600
v 0.00534100 -0.05092150 0.00270000
v 0.00583900 -0.05092150 0.00324900
v 0.00534200 -0.06459249 0.00269900
v 0.00534800 -0.07171950 0.00269300
v 0.00536500 -0.07446450 0.00267600
v 0.00590100 -0.07498551 0.00319800
v 0.00634800 -0.07498551 0.00380000
v 0.00669100 -0.07446450 0.00446400
v 0.00673300 -0.07498551 0.00444200
v 0.00701000 -0.07446450 0.00513700
v 0.00698800 -0.07171950 0.00514700
v 0.00698000 -0.06459249 0.00515000
v 0.00697800 -0.05092150 0.00515000
v 0.00666100 -0.05092150 0.00448100
v 0.00628000 -0.05092150 0.00384500
v -0.00566000 0.07163750 0.00859800
v -0.00600100 0.07104150 0.00923500
v -0.00608900 0.07104150 0.00864100
v -0.00544200 0.07163750 0.00969200
v -0.00557800 0.07163750 0.00915000
v -0.00636600 0.07040450 0.00930700
v -0.00645900 0.07040450 0.00867700
v -0.00585500 0.07104150 0.00981700
v -0.00520100 0.07218750 0.00804100
v -0.00568700 0.07163750 0.00804100
v -0.00517600 0.07218750 0.00855100
v -0.00497700 0.07218750 0.00955100
v -0.00510100 0.07218750 0.00905600
v -0.00480500 0.07218750 0.01003100
v -0.00525500 0.07163750 0.01021700
v -0.00565300 0.07104150 0.01038200
v -0.00621100 0.07040450 0.00992500
v -0.00599700 0.07040450 0.01052500
v -0.00649100 0.07040450 0.00804100
v -0.00611900 0.07104150 0.00804100
v -0.00310100 0.07351350 0.00969800
v -0.00340700 0.07312850 0.01031800
v -0.00361400 0.07312850 0.00997300
v -0.00271800 0.07351350 0.01027200
v -0.00292300 0.07351350 0.00999400
v -0.00387900 0.07268650 0.01063300
v -0.00411500 0.07268650 0.01024000
v -0.00316800 0.07312850 0.01064100
v -0.00259200 0.07383450 0.00942600
v -0.00227200 0.07383450 0.00990500
v -0.00244400 0.07383450 0.00967400
v -0.00207800 0.07383450 0.01011900
v -0.00248600 0.07351350 0.01052700
v -0.00289800 0.07312850 0.01093900
v -0.00360700 0.07268650 0.01100100
v -0.00329900 0.07268650 0.01134000
v -0.00402000 0.07218750 0.01134000
v -0.00432400 0.07218750 0.01093000
v -0.00458700 0.07218750 0.01049300
v -0.00480500 0.07218750 0.01003100
v -0.00621300 0.06903550 0.01136200
v -0.00601300 0.06835350 0.01205900
v -0.00637800 0.06835350 0.01145000
v -0.00544600 0.06903550 0.01251100
v -0.00585800 0.06903550 0.01195500
v -0.00612500 0.06772850 0.01213400
v -0.00649700 0.06772850 0.01151400
v -0.00559000 0.06835350 0.01262900
v -0.00599700 0.06973150 0.01124700
v -0.00525700 0.06973150 0.01235500
v -0.00565400 0.06973150 0.01181900
v -0.00480900 0.06973150 0.01285000
v -0.00498200 0.06903550 0.01302300
v -0.00511400 0.06835350 0.01315500
v -0.00569400 0.06772850 0.01271400
v -0.00520900 0.06772850 0.01325000
v -0.00576500 0.06720450 0.01277200
v -0.00620100 0.06720450 0.01218400
v -0.00657700 0.06720450 0.01155700
v -0.00689000 0.06720450 0.01089500
v 0.00723800 -0.07171950 0.00584500
v 0.00740900 -0.06459249 0.00656700
v 0.00722900 -0.06459249 0.00584800
v 0.00744100 -0.07446450 0.00656100
v 0.00741800 -0.07171950 0.00656600
v 0.00751800 -0.06459249 0.00730100
v 0.00752700 -0.07171950 0.00730000
v 0.00722800 -0.05092150 0.00584800
v 0.00726100 -0.07446450 0.00583800
v 0.00730600 -0.07498551 0.00582500
v 0.00748700 -0.07498551 0.00655200
v 0.00755100 -0.07446450 0.00729700
v 0.00759800 -0.07498551 0.00729300
v 0.00758800 -0.07446450 0.00804100
v 0.00756400 -0.07171950 0.00804100
v 0.00755500 -0.06459249 0.00804100
v 0.00751700 -0.05092150 0.00730100
v 0.00755300 -0.05092150 0.00804100
v 0.00740800 -0.05092150 0.00656800
v -0.00723800 -0.07171950 0.01023700
v -0.00740900 -0.06459249 0.00951500
v -0.00722900 -0.06459249 0.01023400
v -0.00744100 -0.07446450 0.00952100
v -0.00741800 -0.07171950 0.00951600
v -0.00751800 -0.06459249 0.00878100
v -0.00752700 -0.07171950 0.00878200
v -0.00722800 -0.05092150 0.01023400
v -0.00726100 -0.07446450 0.01024400
v -0.00730600 -0.07498551 0.01025700
v -0.00748700 -0.07498551 0.00953000
v -0.00755100 -0.07446450 0.00878500
v -0.00759800 -0.07498551 0.00878900
v -0.00758800 -0.07446450 0.00804100
v -0.00756400 -0.07171950 0.00804100
v -0.00755500 -0.06459249 0.00804100
v -0.00751700 -0.05092150 0.00878100
v -0.00755300 -0.05092150 0.00804100
v -0.00740800 -0.05092150 0.00951400
v -0.00033200 0.07457750 0.00853800
v -0.00011700 0.07457750 0.00862700
v -0.00028800 0.07455850 0.00873700
v -0.00049700 0.07457750 0.00837300
v -0.00053300 0.07455850 0.00857400
v -0.00058600 0.07457750 0.00815800
v -0.00069600 0.07455850 0.00832900
v -0.00058600 0.07457750 0.00792400
v -0.00075400 0.07455850 0.00804100
v -0.00049700 0.07457750 0.00770900
v -0.00069600 0.07455850 0.00775300
v -0.00033200 0.07457750 0.00754400
v -0.00053300 0.07455850 0.00750800
v -0.00011700 0.07457750 0.00745500
v -0.00028800 0.07455850 0.00734500
v 0.00011700 0.07457750 0.00745500
v 0.00000000 0.07455850 0.00728700
v 0.00033200 0.07457750 0.00754400
v 0.00028800 0.07455850 0.00734500
v 0.00049700 0.07457750 0.00770900
v 0.00053300 0.07455850 0.00750800
v 0.00058600 0.07457750 0.00792400
v 0.00069600 0.07455850 0.00775300
v 0.00058600 0.07457750 0.00815800
v 0.00075400 0.07455850 0.00804100
v 0.00049700 0.07457750 0.00837300
v 0.00069600 0.07455850 0.00832900
v 0.00033200 0.07457750 0.00853800
v 0.00053300 0.07455850 0.00857400
v 0.00011700 0.07457750 0.00862700
v 0.00028800 0.07455850 0.00873700
v 0.00000000 0.07455850 0.00879500
v -0.00047400 0.07450850 0.00898400
v -0.00033200 0.07450850 0.00904300
v -0.00045000 0.07448550 0.00912800
v -0.00054700 0.07452050 0.00886000
v -0.00019200 0.07452050 0.00900700
v -0.00079900 0.07450850 0.00873100
v -0.00069000 0.07450850 0.00884000
v -0.00083200 0.07448550 0.00887300
v -0.00081900 0.07452050 0.00858800
v -0.00100200 0.07450850 0.00837300
v -0.00094300 0.07450850 0.00851500
v -0.00108700 0.07448550 0.00849100
v -0.00096600 0.07452050 0.00823300
v -0.00105200 0.07450850 0.00796400
v -0.00105200 0.07450850 0.00811800
v -0.00117600 0.07448550 0.00804100
v -0.00096600 0.07452050 0.00784900
v -0.00094300 0.07450850 0.00756700
v -0.00100200 0.07450850 0.00770900
v -0.00108700 0.07448550 0.00759100
v -0.00081900 0.07452050 0.00749400
v -0.00069000 0.07450850 0.00724200
v -0.00079900 0.07450850 0.00735100
v -0.00083200 0.07448550 0.00720900
v -0.00054700 0.07452050 0.00722200
v -0.00033200 0.07450850 0.00703900
v -0.00047400 0.07450850 0.00709800
v -0.00045000 0.07448550 0.00695400
v -0.00019200 0.07452050 0.00707500
v 0.00007700 0.07450850 0.00698900
v -0.00007700 0.07450850 0.00698900
v 0.00000000 0.07448550 0.00686500
v 0.00019200 0.07452050 0.00707500
v 0.00047400 0.07450850 0.00709800
v 0.00033200 0.07450850 0.00703900
v 0.00045000 0.07448550 0.00695400
v 0.00054700 0.07452050 0.00722200
v 0.00079900 0.07450850 0.00735100
v 0.00069000 0.07450850 0.00724200
v 0.00083200 0.07448550 0.00720900
v 0.00081900 0.07452050 0.00749400
v 0.00100200 0.07450850 0.00770900
v 0.00094300 0.07450850 0.00756700
v 0.00108700 0.07448550 0.00759100
v 0.00096600 0.07452050 0.00784900
v 0.00105200 0.07450850 0.00811800
v 0.00105200 0.07450850 0.00796400
v 0.00117600 0.07448550 0.00804100
v 0.00096600 0.07452050 0.00823300
v 0.00094300 0.07450850 0.00851500
v 0.00100200 0.07450850 0.00837300
v 0.00108700 0.07448550 0.00849100
v 0.00081900 0.07452050 0.00858800
v 0.00069000 0.07450850 0.00884000
v 0.00079900 0.07450850 0.00873100
v 0.00083200 0.07448550 0.00887300
v 0.00054700 0.07452050 0.00886000
v 0.00033200 0.07450850 0.00904300
v 0.00047400 0.07450850 0.00898400
v 0.00045000 0.07448550 0.00912800
v 0.00019200 0.07452050 0.00900700
v -0.00007700 0.07450850 0.00909400
v 0.00007700 0.07450850 0.00909400
v 0.00000000 0.07448550 0.00921700
v -0.00501600 0.07163750 0.01072200
v -0.00508700 0.07104150 0.01144000
v -0.00539600 0.07104150 0.01092500
v -0.00439600 0.07163750 0.01164900
v -0.00472900 0.07163750 0.01120100
v -0.00539700 0.07040450 0.01164700
v -0.00572400 0.07040450 0.01110100
v -0.00473000 0.07104150 0.01192300
v -0.00458700 0.07218750 0.01049300
v -0.00402000 0.07218750 0.01134000
v -0.00432400 0.07218750 0.01093000
v -0.00367800 0.07218750 0.01171900
v -0.00402200 0.07163750 0.01206300
v -0.00432700 0.07104150 0.01236800
v -0.00501700 0.07040450 0.01215900
v -0.00459000 0.07040450 0.01263100
v 0.00751800 -0.06459249 0.00878100
v 0.00741800 -0.07171950 0.00951600
v 0.00740900 -0.06459249 0.00951500
v 0.00752700 -0.07171950 0.00878200
v 0.00744100 -0.07446450 0.00952100
v 0.00723800 -0.07171950 0.01023700
v 0.00722900 -0.06459249 0.01023400
v 0.00755500 -0.06459249 0.00804100
v 0.00751700 -0.05092150 0.00878100
v 0.00755300 -0.05092150 0.00804100
v 0.00756400 -0.07171950 0.00804100
v 0.00755100 -0.07446450 0.00878500
v 0.00758800 -0.07446450 0.00804100
v 0.00759800 -0.07498551 0.00878900
v 0.00748700 -0.07498551 0.00953000
v 0.00726100 -0.07446450 0.01024400
v 0.00730600 -0.07498551 0.01025700
v 0.00701000 -0.07446450 0.01094500
v 0.00698800 -0.07171950 0.01093500
v 0.00698000 -0.06459249 0.01093200
v 0.00697800 -0.05092150 0.01093200
v 0.00722800 -0.05092150 0.01023400
v 0.00740800 -0.05092150 0.00951400
v -0.00751800 -0.06459249 0.00730100
v -0.00741800 -0.07171950 0.00656600
v -0.00740900 -0.06459249 0.00656700
v -0.00752700 -0.07171950 0.00730000
v -0.00744100 -0.07446450 0.00656100
v -0.00723800 -0.07171950 0.00584500
v -0.00722900 -0.06459249 0.00584800
v -0.00755500 -0.06459249 0.00804100
v -0.00751700 -0.05092150 0.00730100
v -0.00755300 -0.05092150 0.00804100
v -0.00756400 -0.07171950 0.00804100
v -0.00755100 -0.07446450 0.00729700
v -0.00758800 -0.07446450 0.00804100
v -0.00759800 -0.07498551 0.00729300
v -0.00748700 -0.07498551 0.00655200
v -0.00726100 -0.07446450 0.00583800
v -0.00730600 -0.07498551 0.00582500
v -0.00701000 -0.07446450 0.00513700
v -0.00698800 -0.07171950 0.00514700
v -0.00698000 -0.06459249 0.00515000
v -0.00697800 -0.05092150 0.00515000
v -0.00722800 -0.05092150 0.00584800
v -0.00740800 -0.05092150 0.00656800
v -0.00667000 -0.07171950 0.00447600
v -0.00628100 -0.06459249 0.00384400
v -0.00666200 -0.06459249 0.00448000
v -0.00630800 -0.07446450 0.00382600
v -0.00628800 -0.07171950 0.00383900
v -0.00584600 -0.07171950 0.00324300
v -0.00584000 -0.06459249 0.00324900
v -0.00666100 -0.05092150 0.00448100
v -0.00669100 -0.07446450 0.00446400
v -0.00673300 -0.07498551 0.00444200
v -0.00634800 -0.07498551 0.00380000
v -0.00586500 -0.07446450 0.00322800
v -0.00590100 -0.07498551 0.00319800
v -0.00583900 -0.05092150 0.00324900
v -0.00628000 -0.05092150 0.00384500
v 0.00074100 -0.07171950 0.00051400
v 0.00147400 -0.06459249 0.00063200
v 0.00074000 -0.06459249 0.00052300
v 0.00074400 -0.07446450 0.00049000
v 0.00147500 -0.07171950 0.00062300
v 0.00219300 -0.06459249 0.00081200
v 0.00148000 -0.07446450 0.00060000
v 0.00219600 -0.07171950 0.00080300
v 0.00000000 -0.05092150 0.00048800
v 0.00074000 -0.05092150 0.00052400
v 0.00000000 -0.06459249 0.00048600
v 0.00000000 -0.07171950 0.00047700
v 0.00000000 -0.07446450 0.00045300
v 0.00074800 -0.07498551 0.00044300
v 0.00148900 -0.07498551 0.00055400
v 0.00220300 -0.07446450 0.00078000
v 0.00221600 -0.07498551 0.00073500
v 0.00290400 -0.07446450 0.00103100
v 0.00289400 -0.07171950 0.00105300
v 0.00289100 -0.06459249 0.00106100
v 0.00219300 -0.05092150 0.00081300
v 0.00289100 -0.05092150 0.00106300
v 0.00147300 -0.05092150 0.00063300
v -0.00360800 0.07163750 0.01243700
v -0.00339900 0.07104150 0.01312800
v -0.00388100 0.07104150 0.01277100
v -0.00268100 0.07163750 0.01305700
v -0.00316000 0.07163750 0.01277000
v -0.00360600 0.07040450 0.01343800
v -0.00411800 0.07040450 0.01305800
v -0.00288400 0.07104150 0.01343700
v -0.00329900 0.07218750 0.01206100
v -0.00245200 0.07218750 0.01262800
v -0.00288900 0.07218750 0.01236500
v -0.00199000 0.07218750 0.01284600
v -0.00217600 0.07163750 0.01329600
v -0.00234100 0.07104150 0.01369400
v -0.00306000 0.07040450 0.01376500
v -0.00248400 0.07040450 0.01403800
v -0.00320600 0.06973150 0.01403800
v -0.00377800 0.06973150 0.01369500
v -0.00431400 0.06973150 0.01329800
v 0.00356100 -0.06459249 0.00137900
v 0.00420200 -0.07171950 0.00175300
v 0.00419700 -0.06459249 0.00176000
v 0.00356500 -0.07171950 0.00137100
v 0.00421500 -0.07446450 0.00173300
v 0.00479800 -0.07171950 0.00219500
v 0.00479200 -0.06459249 0.00220100
v 0.00289100 -0.06459249 0.00106100
v 0.00356000 -0.05092150 0.00138000
v 0.00289100 -0.05092150 0.00106300
v 0.00289400 -0.07171950 0.00105300
v 0.00357700 -0.07446450 0.00135000
v 0.00290400 -0.07446450 0.00103100
v 0.00359900 -0.07498551 0.00130800
v 0.00424100 -0.07498551 0.00169300
v 0.00481300 -0.07446450 0.00217600
v 0.00484300 -0.07498551 0.00214000
v 0.00479200 -0.05092150 0.00220200
v 0.00419600 -0.05092150 0.00176100
v 0.00667000 -0.07171950 0.01160600
v 0.00628100 -0.06459249 0.01223800
v 0.00666200 -0.06459249 0.01160200
v 0.00630800 -0.07446450 0.01225600
v 0.00628800 -0.07171950 0.01224300
v 0.00584600 -0.07171950 0.01283900
v 0.00584000 -0.06459249 0.01283300
v 0.00666100 -0.05092150 0.01160100
v 0.00669100 -0.07446450 0.01161800
v 0.00673300 -0.07498551 0.01164000
v 0.00634800 -0.07498551 0.01228200
v 0.00586500 -0.07446450 0.01285400
v 0.00590100 -0.07498551 0.01288400
v 0.00536500 -0.07446450 0.01340600
v 0.00534800 -0.07171950 0.01338900
v 0.00534200 -0.06459249 0.01338300
v 0.00534100 -0.05092150 0.01338200
v 0.00583900 -0.05092150 0.01283300
v 0.00628000 -0.05092150 0.01223700
v -0.00223100 0.07351350 0.01075900
v -0.00227700 0.07312850 0.01144800
v -0.00260000 0.07312850 0.01120900
v -0.00165700 0.07351350 0.01114200
v -0.00195300 0.07351350 0.01096400
v -0.00259200 0.07268650 0.01192000
v -0.00296000 0.07268650 0.01164800
v -0.00193200 0.07312850 0.01165500
v -0.00186400 0.07383450 0.01031300
v -0.00138500 0.07383450 0.01063300
v -0.00163300 0.07383450 0.01048500
v -0.00112500 0.07383450 0.01075600
v -0.00134600 0.07351350 0.01129000
v -0.00156800 0.07312850 0.01182700
v -0.00219900 0.07268650 0.01215600
v -0.00178600 0.07268650 0.01235200
v -0.00245200 0.07218750 0.01262800
v -0.00288900 0.07218750 0.01236500
v -0.00329900 0.07218750 0.01206100
v -0.00367800 0.07218750 0.01171900
v -0.00447000 0.06903550 0.01348700
v -0.00401800 0.06835350 0.01405400
v -0.00458800 0.06835350 0.01363100
v -0.00332100 0.06903550 0.01425400
v -0.00391400 0.06903550 0.01389900
v -0.00409300 0.06772850 0.01416600
v -0.00467300 0.06772850 0.01373500
v -0.00340900 0.06835350 0.01441900
v -0.00260200 0.06973150 0.01432400
v -0.00269600 0.06903550 0.01455000
v -0.00276800 0.06835350 0.01472200
v -0.00347300 0.06772850 0.01453800
v -0.00281900 0.06772850 0.01484700
v -0.00351600 0.06720450 0.01461800
v -0.00414300 0.06720450 0.01424200
v -0.00473100 0.06720450 0.01380600
v -0.00527400 0.06720450 0.01331500
v -0.00165100 0.07163750 0.01348300
v -0.00119400 0.07104150 0.01404200
v -0.00177600 0.07104150 0.01389600
v -0.00055700 0.07163750 0.01370100
v -0.00110900 0.07163750 0.01361900
v -0.00126600 0.07040450 0.01440700
v -0.00188400 0.07040450 0.01425200
v -0.00060000 0.07104150 0.01413000
v -0.00151000 0.07218750 0.01301800
v -0.00051000 0.07218750 0.01321700
v -0.00101500 0.07218750 0.01314200
v 0.00000000 0.07218750 0.01324200
v 0.00000000 0.07163750 0.01372800
v 0.00000000 0.07104150 0.01416000
v -0.00063600 0.07040450 0.01450000
v 0.00000000 0.07040450 0.01453200
v -0.00066600 0.06973150 0.01480900
v -0.00132700 0.06973150 0.01471000
v -0.00197400 0.06973150 0.01454800
v 0.00479800 -0.07171950 0.01388700
v 0.00419700 -0.06459249 0.01432200
v 0.00479200 -0.06459249 0.01388100
v 0.00421500 -0.07446450 0.01434900
v 0.00420200 -0.07171950 0.01432900
v 0.00356500 -0.07171950 0.01471100
v 0.00356100 -0.06459249 0.01470300
v 0.00479200 -0.05092150 0.01388000
v 0.00481300 -0.07446450 0.01390600
v 0.00484300 -0.07498551 0.01394200
v 0.00424100 -0.07498551 0.01438900
v 0.00357700 -0.07446450 0.01473200
v 0.00359900 -0.07498551 0.01477400
v 0.00290400 -0.07446450 0.01505100
v 0.00289400 -0.07171950 0.01502900
v 0.00289100 -0.06459249 0.01502100
v 0.00289100 -0.05092150 0.01501900
v 0.00356000 -0.05092150 0.01470200
v 0.00419600 -0.05092150 0.01432100
v 0.00219600 -0.07171950 0.01527900
v 0.00147400 -0.06459249 0.01545000
v 0.00219300 -0.06459249 0.01527000
v 0.00148000 -0.07446450 0.01548200
v 0.00147500 -0.07171950 0.01545900
v 0.00074000 -0.06459249 0.01555900
v 0.00074100 -0.07171950 0.01556800
v 0.00219300 -0.05092150 0.01526900
v 0.00220300 -0.07446450 0.01530200
v 0.00221600 -0.07498551 0.01534700
v 0.00148900 -0.07498551 0.01552800
v 0.00074400 -0.07446450 0.01559200
v 0.00074800 -0.07498551 0.01563900
v 0.00000000 -0.07446450 0.01562900
v 0.00000000 -0.07171950 0.01560500
v 0.00000000 -0.06459249 0.01559600
v 0.00000000 -0.05092150 0.01559400
v 0.00074000 -0.05092150 0.01555800
v 0.00147300 -0.05092150 0.01544900
v -0.00102100 0.07351350 0.01140600
v -0.00079900 0.07312850 0.01206000
v -0.00119000 0.07312850 0.01196200
v -0.00034500 0.07351350 0.01154000
v -0.00068600 0.07351350 0.01148900
v -0.00091000 0.07268650 0.01261700
v -0.00135400 0.07268650 0.01250600
v -0.00040200 0.07312850 0.01211900
v -0.00085300 0.07383450 0.01085300
v -0.00028800 0.07383450 0.01096600
v -0.00057300 0.07383450 0.01092300
v -0.00045700 0.07268650 0.01268400
v -0.00051000 0.07218750 0.01321700
v -0.00101500 0.07218750 0.01314200
v -0.00151000 0.07218750 0.01301800
v -0.00199000 0.07218750 0.01284600
v -0.00204500 0.06903550 0.01478300
v -0.00141100 0.06835350 0.01513300
v -0.00209900 0.06835350 0.01496100
v -0.00069100 0.06903550 0.01505200
v -0.00137400 0.06903550 0.01495100
v -0.00143700 0.06772850 0.01526600
v -0.00213800 0.06772850 0.01509000
v -0.00070900 0.06835350 0.01523800
v 0.00000000 0.06973150 0.01484100
v 0.00000000 0.06903550 0.01508700
v 0.00000000 0.06835350 0.01527300
v -0.00072200 0.06772850 0.01537200
v 0.00000000 0.06772850 0.01540800
v -0.00073100 0.06720450 0.01546300
v -0.00145500 0.06720450 0.01535500
v -0.00216500 0.06720450 0.01517800
v -0.00285400 0.06720450 0.01493100
v -0.00356500 -0.07171950 0.01471100
v -0.00419700 -0.06459249 0.01432200
v -0.00356100 -0.06459249 0.01470300
v -0.00421500 -0.07446450 0.01434900
v -0.00420200 -0.07171950 0.01432900
v -0.00479800 -0.07171950 0.01388700
v -0.00479200 -0.06459249 0.01388100
v -0.00356000 -0.05092150 0.01470200
v -0.00357700 -0.07446450 0.01473200
v -0.00359900 -0.07498551 0.01477400
v -0.00424100 -0.07498551 0.01438900
v -0.00481300 -0.07446450 0.01390600
v -0.00484300 -0.07498551 0.01394200
v -0.00479200 -0.05092150 0.01388000
v -0.00419600 -0.05092150 0.01432100
v -0.00219600 -0.07171950 0.00080300
v -0.00147400 -0.06459249 0.00063200
v -0.00219300 -0.06459249 0.00081200
v -0.00148000 -0.07446450 0.00060000
v -0.00147500 -0.07171950 0.00062300
v -0.00074100 -0.07171950 0.00051400
v -0.00074000 -0.06459249 0.00052300
v -0.00219300 -0.05092150 0.00081300
v -0.00220300 -0.07446450 0.00078000
v -0.00221600 -0.07498551 0.00073500
v -0.00148900 -0.07498551 0.00055400
v -0.00074400 -0.07446450 0.00049000
v -0.00074800 -0.07498551 0.00044300
v -0.00074000 -0.05092150 0.00052400
v -0.00147300 -0.05092150 0.00063300
v 0.00042300 0.07442250 0.00940800
v 0.00036400 0.07428850 0.00987300
v 0.00027300 0.07442750 0.00941600
v 0.00054700 0.07428650 0.00983600
v 0.00046500 0.07409250 0.01038000
v 0.00013200 0.07442250 0.00946600
v 0.00018200 0.07428650 0.00990900
v 0.00056000 0.07441550 0.00939300
v 0.00072200 0.07428450 0.00978300
v 0.00069300 0.07409250 0.01032400
v 0.00091300 0.07409250 0.01024600
v 0.00023400 0.07409250 0.01041500
v 0.00000000 0.07409250 0.01042800
v 0.00000000 0.07428450 0.00992700
v 0.00000000 0.07441550 0.00950500
v 0.00091400 0.07442250 0.00914200
v 0.00103800 0.07428850 0.00959400
v 0.00077900 0.07442750 0.00920600
v 0.00119200 0.07428650 0.00949000
v 0.00132500 0.07409250 0.01002400
v 0.00066800 0.07442250 0.00930700
v 0.00088300 0.07428650 0.00969700
v 0.00103500 0.07441550 0.00907600
v 0.00133300 0.07428450 0.00937400
v 0.00151400 0.07409250 0.00988500
v 0.00168800 0.07409250 0.00972900
v 0.00112400 0.07409250 0.01014500
v 0.00126600 0.07442250 0.00870900
v 0.00155300 0.07428850 0.00907900
v 0.00116500 0.07442750 0.00882000
v 0.00165600 0.07428650 0.00892400
v 0.00198300 0.07409250 0.00936600
v 0.00110100 0.07442250 0.00895500
v 0.00144900 0.07428650 0.00923300
v 0.00135200 0.07441550 0.00860100
v 0.00174200 0.07428450 0.00876300
v 0.00210400 0.07409250 0.00916500
v 0.00220500 0.07409250 0.00895400
v 0.00184400 0.07409250 0.00955500
v 0.00142500 0.07442250 0.00817300
v 0.00183200 0.07428850 0.00840500
v 0.00137500 0.07442750 0.00831400
v 0.00186800 0.07428650 0.00822300
v 0.00233900 0.07409250 0.00850600
v 0.00136700 0.07442250 0.00846400
v 0.00179500 0.07428650 0.00858800
v 0.00146400 0.07441550 0.00804100
v 0.00188600 0.07428450 0.00804100
v 0.00237400 0.07409250 0.00827500
v 0.00238700 0.07409250 0.00804100
v 0.00228300 0.07409250 0.00873400
v 0.00136700 0.07442250 0.00761800
v 0.00183200 0.07428850 0.00767700
v 0.00137500 0.07442750 0.00776800
v 0.00179500 0.07428650 0.00749400
v 0.00233900 0.07409250 0.00757600
v 0.00142500 0.07442250 0.00790900
v 0.00186800 0.07428650 0.00785900
v 0.00135200 0.07441550 0.00748100
v 0.00174200 0.07428450 0.00731900
v 0.00228300 0.07409250 0.00734800
v 0.00220500 0.07409250 0.00712800
v 0.00237400 0.07409250 0.00780700
v 0.00110100 0.07442250 0.00712700
v 0.00155300 0.07428850 0.00700300
v 0.00116500 0.07442750 0.00726200
v 0.00144900 0.07428650 0.00684900
v 0.00198300 0.07409250 0.00671600
v 0.00126600 0.07442250 0.00737300
v 0.00165600 0.07428650 0.00715800
v 0.00103500 0.07441550 0.00700600
v 0.00133300 0.07428450 0.00670800
v 0.00184400 0.07409250 0.00652700
v 0.00168800 0.07409250 0.00635300
v 0.00210400 0.07409250 0.00691700
v 0.00066800 0.07442250 0.00677500
v 0.00103800 0.07428850 0.00648800
v 0.00077900 0.07442750 0.00687600
v 0.00088300 0.07428650 0.00638500
v 0.00132500 0.07409250 0.00605800
v 0.00091400 0.07442250 0.00694000
v 0.00119200 0.07428650 0.00659200
v 0.00056000 0.07441550 0.00668900
v 0.00072200 0.07428450 0.00629900
v 0.00112400 0.07409250 0.00593700
v 0.00091300 0.07409250 0.00583600
v 0.00151400 0.07409250 0.00619700
v 0.00013200 0.07442250 0.00661600
v 0.00036400 0.07428850 0.00620900
v 0.00027300 0.07442750 0.00666600
v 0.00018200 0.07428650 0.00617300
v 0.00046500 0.07409250 0.00570200
v 0.00042300 0.07442250 0.00667400
v 0.00054700 0.07428650 0.00624600
v 0.00000000 0.07441550 0.00657700
v 0.00000000 0.07428450 0.00615500
v 0.00023400 0.07409250 0.00566700
v 0.00000000 0.07409250 0.00565400
v 0.00069300 0.07409250 0.00575800
v -0.00042300 0.07442250 0.00667400
v -0.00036400 0.07428850 0.00620900
v -0.00027300 0.07442750 0.00666600
v -0.00054700 0.07428650 0.00624600
v -0.00046500 0.07409250 0.00570200
v -0.00013200 0.07442250 0.00661600
v -0.00018200 0.07428650 0.00617300
v -0.00056000 0.07441550 0.00668900
v -0.00072200 0.07428450 0.00629900
v -0.00069300 0.07409250 0.00575800
v -0.00091300 0.07409250 0.00583600
v -0.00023400 0.07409250 0.00566700
v -0.00091400 0.07442250 0.00694000
v -0.00103800 0.07428850 0.00648800
v -0.00077900 0.07442750 0.00687600
v -0.00119200 0.07428650 0.00659200
v -0.00132500 0.07409250 0.00605800
v -0.00066800 0.07442250 0.00677500
v -0.00088300 0.07428650 0.00638500
v -0.00103500 0.07441550 0.00700600
v -0.00133300 0.07428450 0.00670800
v -0.00151400 0.07409250 0.00619700
v -0.00168800 0.07409250 0.00635300
v -0.00112400 0.07409250 0.00593700
v -0.00126600 0.07442250 0.00737300
v -0.00155300 0.07428850 0.00700300
v -0.00116500 0.07442750 0.00726200
v -0.00165600 0.07428650 0.00715800
v -0.00198300 0.07409250 0.00671600
v -0.00110100 0.07442250 0.00712700
v -0.00144900 0.07428650 0.00684900
v -0.00135200 0.07441550 0.00748100
v -0.00174200 0.07428450 0.00731900
v -0.00210400 0.07409250 0.00691700
v -0.00220500 0.07409250 0.00712800
v -0.00184400 0.07409250 0.00652700
v -0.00142500 0.07442250 0.00790900
v -0.00183200 0.07428850 0.00767700
v -0.00137500 0.07442750 0.00776800
v -0.00186800 0.07428650 0.00785900
v -0.00233900 0.07409250 0.00757600
v -0.00136700 0.07442250 0.00761800
v -0.00179500 0.07428650 0.00749400
v -0.00146400 0.07441550 0.00804100
v -0.00188600 0.07428450 0.00804100
v -0.00237400 0.07409250 0.00780700
v -0.00238700 0.07409250 0.00804100
v -0.00228300 0.07409250 0.00734800
v -0.00136700 0.07442250 0.00846400
v -0.00183200 0.07428850 0.00840500
v -0.00137500 0.07442750 0.00831400
v -0.00179500 0.07428650 0.00858800
v -0.00233900 0.07409250 0.00850600
v -0.00142500 0.07442250 0.00817300
v -0.00186800 0.07428650 0.00822300
v -0.00135200 0.07441550 0.00860100
v -0.00174200 0.07428450 0.00876300
v -0.00228300 0.07409250 0.00873400
v -0.00220500 0.07409250 0.00895400
v -0.00237400 0.07409250 0.00827500
v -0.00110100 0.07442250 0.00895500
v -0.00155300 0.07428850 0.00907900
v -0.00116500 0.07442750 0.00882000
v -0.00144900 0.07428650 0.00923300
v -0.00198300 0.07409250 0.00936600
v -0.00126600 0.07442250 0.00870900
v -0.00165600 0.07428650 0.00892400
v -0.00103500 0.07441550 0.00907600
v -0.00133300 0.07428450 0.00937400
v -0.00184400 0.07409250 0.00955500
v -0.00168800 0.07409250 0.00972900
v -0.00210400 0.07409250 0.00916500
v -0.00066800 0.07442250 0.00930700
v -0.00103800 0.07428850 0.00959400
v -0.00077900 0.07442750 0.00920600
v -0.00088300 0.07428650 0.00969700
v -0.00132500 0.07409250 0.01002400
v -0.00091400 0.07442250 0.00914200
v -0.00119200 0.07428650 0.00949000
v -0.00056000 0.07441550 0.00939300
v -0.00072200 0.07428450 0.00978300
v -0.00112400 0.07409250 0.01014500
v -0.00091300 0.07409250 0.01024600
v -0.00151400 0.07409250 0.00988500
v -0.00013200 0.07442250 0.00946600
v -0.00036400 0.07428850 0.00987300
v -0.00027300 0.07442750 0.00941600
v -0.00018200 0.07428650 0.00990900
v -0.00046500 0.07409250 0.01038000
v -0.00042300 0.07442250 0.00940800
v -0.00054700 0.07428650 0.00983600
v -0.00023400 0.07409250 0.01041500
v -0.00069300 0.07409250 0.01032400
v -0.00219300 0.02161950 0.00081300
v -0.00147300 -0.00400150 0.00063300
v -0.00147400 0.02161950 0.00063300
v -0.00219300 -0.00400150 0.00081300
v -0.00147300 -0.02963450 0.00063300
v -0.00074000 -0.00400150 0.00052400
v -0.00074000 0.02161950 0.00052400
v -0.00289100 0.02161950 0.00106300
v -0.00219300 0.04287450 0.00081300
v -0.00289100 0.04287450 0.00106200
v -0.00289100 -0.00400150 0.00106300
v -0.00289100 -0.02963450 0.00106300
v -0.00219300 -0.02963450 0.00081300
v -0.00074000 -0.02963450 0.00052400
v 0.00000000 -0.02963450 0.00048800
v 0.00000000 -0.00400150 0.00048800
v 0.00000000 0.02161950 0.00048800
v 0.00000000 0.04287450 0.00048700
v -0.00074000 0.04287450 0.00052400
v -0.00147400 0.04287450 0.00063300
v -0.00356000 0.02161950 0.01470200
v -0.00419600 -0.00400150 0.01432100
v -0.00419600 0.02161950 0.01432100
v -0.00356000 -0.00400150 0.01470200
v -0.00419600 -0.02963450 0.01432100
v -0.00479200 -0.00400150 0.01388000
v -0.00479200 0.02161950 0.01388000
v -0.00289100 0.02161950 0.01501900
v -0.00356100 0.04287450 0.01470200
v -0.00289100 0.04287450 0.01502000
v -0.00289100 -0.00400150 0.01501900
v -0.00289100 -0.02963450 0.01501900
v -0.00356000 -0.02963450 0.01470200
v -0.00479200 -0.02963450 0.01388000
v -0.00534100 -0.02963450 0.01338200
v -0.00534100 -0.00400150 0.01338200
v -0.00534100 0.02161950 0.01338200
v -0.00534100 0.04287450 0.01338200
v -0.00479200 0.04287450 0.01388000
v -0.00419600 0.04287450 0.01432100
v 0.00219300 0.02161950 0.01526900
v 0.00147300 -0.00400150 0.01544900
v 0.00147400 0.02161950 0.01544900
v 0.00219300 -0.02963450 0.01526900
v 0.00219300 -0.00400150 0.01526900
v 0.00074000 0.02161950 0.01555800
v 0.00147300 -0.02963450 0.01544900
v 0.00074000 -0.00400150 0.01555800
v 0.00289100 0.04287450 0.01502000
v 0.00219300 0.04287450 0.01526900
v 0.00289100 0.02161950 0.01501900
v 0.00289100 -0.00400150 0.01501900
v 0.00289100 -0.02963450 0.01501900
v 0.00074000 -0.02963450 0.01555800
v 0.00000000 -0.02963450 0.01559400
v 0.00000000 -0.00400150 0.01559400
v 0.00000000 0.02161950 0.01559400
v 0.00074000 0.04287450 0.01555800
v 0.00000000 0.04287450 0.01559500
v 0.00147400 0.04287450 0.01544900
v 0.00479200 0.02161950 0.01388000
v 0.00419600 -0.00400150 0.01432100
v 0.00419600 0.02161950 0.01432100
v 0.00479200 -0.00400150 0.01388000
v 0.00419600 -0.02963450 0.01432100
v 0.00356000 -0.00400150 0.01470200
v 0.00356000 0.02161950 0.01470200
v 0.00534100 0.02161950 0.01338200
v 0.00479200 0.04287450 0.01388000
v 0.00534100 0.04287450 0.01338200
v 0.00534100 -0.00400150 0.01338200
v 0.00534100 -0.02963450 0.01338200
v 0.00479200 -0.02963450 0.01388000
v 0.00356000 -0.02963450 0.01470200
v 0.00356100 0.04287450 0.01470200
v 0.00419600 0.04287450 0.01432100
v 0.00666100 0.02161950 0.01160100
v 0.00628000 -0.00400150 0.01223700
v 0.00628000 0.02161950 0.01223700
v 0.00666100 -0.00400150 0.01160100
v 0.00628000 -0.02963450 0.01223700
v 0.00583900 -0.00400150 0.01283300
v 0.00583900 0.02161950 0.01283300
v 0.00697800 0.02161950 0.01093200
v 0.00666100 0.04287450 0.01160200
v 0.00697900 0.04287450 0.01093200
v 0.00697800 -0.00400150 0.01093200
v 0.00697800 -0.02963450 0.01093200
v 0.00666100 -0.02963450 0.01160100
v 0.00583900 -0.02963450 0.01283300
v 0.00583900 0.04287450 0.01283300
v 0.00628000 0.04287450 0.01223700
v 0.00356000 0.02161950 0.00138000
v 0.00419600 -0.00400150 0.00176100
v 0.00419600 0.02161950 0.00176100
v 0.00356000 -0.02963450 0.00138000
v 0.00356000 -0.00400150 0.00138000
v 0.00479200 0.02161950 0.00220200
v 0.00479200 -0.02963450 0.00220200
v 0.00479200 -0.00400150 0.00220200
v 0.00289100 0.02161950 0.00106300
v 0.00356100 0.04287450 0.00138000
v 0.00289100 0.04287450 0.00106200
v 0.00289100 -0.00400150 0.00106300
v 0.00289100 -0.02963450 0.00106300
v 0.00419600 -0.02963450 0.00176100
v 0.00534100 -0.02963450 0.00270000
v 0.00534100 -0.00400150 0.00270000
v 0.00534100 0.02161950 0.00270000
v 0.00479200 0.04287450 0.00220200
v 0.00534100 0.04287450 0.00270000
v 0.00419600 0.04287450 0.00176100
v 0.00074000 0.02161950 0.00052400
v 0.00147300 -0.00400150 0.00063300
v 0.00147400 0.02161950 0.00063300
v 0.00074000 -0.02963450 0.00052400
v 0.00074000 -0.00400150 0.00052400
v 0.00219300 0.02161950 0.00081300
v 0.00147300 -0.02963450 0.00063300
v 0.00219300 -0.00400150 0.00081300
v 0.00074000 0.04287450 0.00052400
v 0.00219300 -0.02963450 0.00081300
v 0.00289100 -0.02963450 0.00106300
v 0.00289100 -0.00400150 0.00106300
v 0.00289100 0.02161950 0.00106300
v 0.00219300 0.04287450 0.00081300
v 0.00289100 0.04287450 0.00106200
v 0.00147400 0.04287450 0.00063300
v -0.00666100 0.02161950 0.00448100
v -0.00628000 -0.00400150 0.00384500
v -0.00628000 0.02161950 0.00384500
v -0.00666100 -0.00400150 0.00448100
v -0.00628000 -0.02963450 0.00384500
v -0.00583900 -0.00400150 0.00324900
v -0.00583900 0.02161950 0.00324900
v -0.00697800 0.02161950 0.00515000
v -0.00666100 0.04287450 0.00448000
v -0.00697900 0.04287450 0.00515000
v -0.00697800 -0.00400150 0.00515000
v -0.00697800 -0.02963450 0.00515000
v -0.00666100 -0.02963450 0.00448100
v -0.00583900 -0.02963450 0.00324900
v -0.00534100 -0.02963450 0.00270000
v -0.00534100 -0.00400150 0.00270000
v -0.00534100 0.02161950 0.00270000
v -0.00534100 0.04287450 0.00270000
v -0.00583900 0.04287450 0.00324900
v -0.00628000 0.04287450 0.00384500
v -0.00751700 0.02161950 0.00730100
v -0.00740800 -0.00400150 0.00656800
v -0.00740800 0.02161950 0.00656700
v -0.00751700 -0.02963450 0.00730100
v -0.00751700 -0.00400150 0.00730100
v -0.00722800 0.02161950 0.00584800
v -0.00722800 -0.02963450 0.00584800
v -0.00722800 -0.00400150 0.00584800
v -0.00755400 0.04287450 0.00804100
v -0.00751700 0.04287450 0.00730100
v -0.00755300 -0.00400150 0.00804100
v -0.00755300 0.02161950 0.00804100
v -0.00755300 -0.02963450 0.00804100
v -0.00740800 -0.02963450 0.00656800
v -0.00722800 0.04287450 0.00584800
v -0.00740800 0.04287450 0.00656700
v 0.00751700 0.02161950 0.00878100
v 0.00740800 -0.00400150 0.00951400
v 0.00740800 0.02161950 0.00951500
v 0.00751700 -0.02963450 0.00878100
v 0.00751700 -0.00400150 0.00878100
v 0.00722800 0.02161950 0.01023400
v 0.00722800 -0.02963450 0.01023400
v 0.00722800 -0.00400150 0.01023400
v 0.00755300 0.02161950 0.00804100
v 0.00751700 0.04287450 0.00878100
v 0.00755400 0.04287450 0.00804100
v 0.00755300 -0.00400150 0.00804100
v 0.00755300 -0.02963450 0.00804100
v 0.00740800 -0.02963450 0.00951400
v 0.00722800 0.04287450 0.01023400
v 0.00740800 0.04287450 0.00951500
v -0.00722800 -0.00400150 0.01023400
v -0.00740800 0.02161950 0.00951500
v -0.00722800 0.02161950 0.01023400
v -0.00722800 -0.02963450 0.01023400
v -0.00740800 -0.00400150 0.00951500
v -0.00751700 0.02161950 0.00878100
v -0.00740800 -0.02963450 0.00951400
v -0.00751700 -0.00400150 0.00878100
v -0.00697800 0.02161950 0.01093200
v -0.00722800 0.04287450 0.01023400
v -0.00697900 0.04287450 0.01093200
v -0.00697800 -0.00400150 0.01093200
v -0.00697800 -0.02963450 0.01093200
v -0.00751700 -0.02963450 0.00878100
v -0.00755300 -0.02963450 0.00804100
v -0.00755300 -0.00400150 0.00804100
v -0.00755300 0.02161950 0.00804100
v -0.00751700 0.04287450 0.00878100
v -0.00755400 0.04287450 0.00804100
v -0.00740800 0.04287450 0.00951500
v 0.00722800 0.02161950 0.00584800
v 0.00740800 -0.00400150 0.00656800
v 0.00740800 0.02161950 0.00656700
v 0.00722800 -0.02963450 0.00584800
v 0.00722800 -0.00400150 0.00584800
v 0.00751700 0.02161950 0.00730100
v 0.00740800 -0.02963450 0.00656800
v 0.00751700 -0.00400150 0.00730100
v 0.00697800 0.02161950 0.00515000
v 0.00722800 0.04287450 0.00584800
v 0.00697900 0.04287450 0.00515000
v 0.00697800 -0.00400150 0.00515000
v 0.00697800 -0.02963450 0.00515000
v 0.00751700 -0.02963450 0.00730100
v 0.00755300 -0.02963450 0.00804100
v 0.00755300 -0.00400150 0.00804100
v 0.00755300 0.02161950 0.00804100
v 0.00751700 0.04287450 0.00730100
v 0.00755400 0.04287450 0.00804100
v 0.00740800 0.04287450 0.00656700
v 0.00583900 0.02161950 0.00324900
v 0.00628000 -0.00400150 0.00384500
v 0.00628000 0.02161950 0.00384500
v 0.00583900 -0.00400150 0.00324900
v 0.00628000 -0.02963450 0.00384500
v 0.00666100 -0.00400150 0.00448100
v 0.00666100 0.02161950 0.00448100
v 0.00583900 0.04287450 0.00324900
v 0.00583900 -0.02963450 0.00324900
v 0.00666100 -0.02963450 0.00448100
v 0.00666100 0.04287450 0.00448000
v 0.00628000 0.04287450 0.00384500
v -0.00074000 0.02161950 0.01555800
v -0.00147300 -0.00400150 0.01544900
v -0.00147400 0.02161950 0.01544900
v -0.00074000 -0.02963450 0.01555800
v -0.00074000 -0.00400150 0.01555800
v -0.00219300 0.02161950 0.01526900
v -0.00219300 -0.02963450 0.01526900
v -0.00219300 -0.00400150 0.01526900
v 0.00000000 0.02161950 0.01559400
v -0.00074000 0.04287450 0.01555800
v 0.00000000 0.04287450 0.01559500
v 0.00000000 -0.00400150 0.01559400
v 0.00000000 -0.02963450 0.01559400
v -0.00147300 -0.02963450 0.01544900
v -0.00219300 0.04287450 0.01526900
v -0.00147400 0.04287450 0.01544900
v -0.00479200 0.02161950 0.00220200
v -0.00419600 -0.00400150 0.00176100
v -0.00419600 0.02161950 0.00176100
v -0.00479200 -0.00400150 0.00220200
v -0.00419600 -0.02963450 0.00176100
v -0.00356000 -0.00400150 0.00138000
v -0.00356000 0.02161950 0.00138000
v -0.00479200 0.04287450 0.00220200
v -0.00479200 -0.02963450 0.00220200
v -0.00356000 -0.02963450 0.00138000
v -0.00356100 0.04287450 0.00138000
v -0.00419600 0.04287450 0.00176100
v -0.00583900 0.02161950 0.01283300
v -0.00628000 -0.00400150 0.01223700
v -0.00628000 0.02161950 0.01223700
v -0.00583900 -0.00400150 0.01283300
v -0.00628000 -0.02963450 0.01223700
v -0.00666100 -0.00400150 0.01160100
v -0.00666100 0.02161950 0.01160100
v -0.00583900 0.04287450 0.01283300
v -0.00583900 -0.02963450 0.01283300
v -0.00666100 -0.02963450 0.01160100
v -0.00666100 0.04287450 0.01160200
v -0.00628000 0.04287450 0.01223700
v -0.00580800 0.06644850 0.01280700
v -0.00627000 0.06361850 0.01223100
v -0.00624700 0.06644850 0.01221500
v -0.00583800 0.05650050 0.01283200
v -0.00583000 0.06361850 0.01282500
v -0.00662600 0.06644850 0.01158300
v -0.00666000 0.05650050 0.01160100
v -0.00665100 0.06361850 0.01159600
v -0.00531300 0.06644850 0.01335400
v -0.00533300 0.06361850 0.01337400
v -0.00534000 0.05650050 0.01338100
v -0.00627900 0.05650050 0.01223700
v -0.00697700 0.05650050 0.01093100
v -0.00696800 0.06361850 0.01092700
v -0.00694200 0.06644850 0.01091600
v -0.00476600 0.06644850 0.00223300
v -0.00419000 0.06361850 0.00177100
v -0.00417400 0.06644850 0.00179400
v -0.00479100 0.05650050 0.00220300
v -0.00478400 0.06361850 0.00221100
v -0.00354200 0.06644850 0.00141500
v -0.00419600 0.05650050 0.00176200
v -0.00355500 0.06361850 0.00139000
v -0.00531300 0.06644850 0.00272800
v -0.00534000 0.05650050 0.00270100
v -0.00533300 0.06361850 0.00270800
v -0.00356000 0.05650050 0.00138100
v -0.00289000 0.05650050 0.00106400
v -0.00288600 0.06361850 0.00107300
v -0.00287500 0.06644850 0.00109900
v -0.00073600 0.06644850 0.01551800
v -0.00147100 0.06361850 0.01543800
v -0.00146600 0.06644850 0.01541000
v -0.00074000 0.05650050 0.01555700
v -0.00073900 0.06361850 0.01554600
v -0.00218100 0.06644850 0.01523100
v -0.00147300 0.05650050 0.01544800
v -0.00218900 0.06361850 0.01525800
v 0.00000000 0.06720450 0.01549900
v 0.00000000 0.06644850 0.01555500
v 0.00000000 0.05650050 0.01559300
v 0.00000000 0.06361850 0.01558300
v -0.00219200 0.05650050 0.01526800
v -0.00289000 0.05650050 0.01501800
v -0.00288600 0.06361850 0.01500900
v -0.00287500 0.06644850 0.01498300
v 0.00580800 0.06644850 0.00327500
v 0.00627000 0.06361850 0.00385100
v 0.00624700 0.06644850 0.00386700
v 0.00583000 0.06361850 0.00325700
v 0.00627900 0.05650050 0.00384500
v 0.00662600 0.06644850 0.00449900
v 0.00666000 0.05650050 0.00448100
v 0.00665100 0.06361850 0.00448600
v 0.00531300 0.06644850 0.00272800
v 0.00534000 0.05650050 0.00270100
v 0.00533300 0.06361850 0.00270800
v 0.00583800 0.05650050 0.00325000
v 0.00697700 0.05650050 0.00515100
v 0.00696800 0.06361850 0.00515500
v 0.00694200 0.06644850 0.00516600
v 0.00719000 0.06644850 0.00586000
v 0.00739700 0.06361850 0.00657000
v 0.00736900 0.06644850 0.00657500
v 0.00722700 0.05650050 0.00584900
v 0.00721700 0.06361850 0.00585200
v 0.00747700 0.06644850 0.00730500
v 0.00740700 0.05650050 0.00656800
v 0.00750500 0.06361850 0.00730200
v 0.00751600 0.05650050 0.00730100
v 0.00755200 0.05650050 0.00804100
v 0.00754200 0.06361850 0.00804100
v 0.00751400 0.06644850 0.00804100
v -0.00719000 0.06644850 0.01022200
v -0.00739700 0.06361850 0.00951200
v -0.00736900 0.06644850 0.00950700
v -0.00722700 0.05650050 0.01023300
v -0.00721700 0.06361850 0.01023000
v -0.00747700 0.06644850 0.00877700
v -0.00740700 0.05650050 0.00951400
v -0.00750500 0.06361850 0.00878000
v -0.00751600 0.05650050 0.00878100
v -0.00755200 0.05650050 0.00804100
v -0.00754200 0.06361850 0.00804100
v -0.00751400 0.06644850 0.00804100
v 0.00747700 0.06644850 0.00877700
v 0.00739700 0.06361850 0.00951200
v 0.00736900 0.06644850 0.00950700
v 0.00751600 0.05650050 0.00878100
v 0.00750500 0.06361850 0.00878000
v 0.00719000 0.06644850 0.01022200
v 0.00740700 0.05650050 0.00951400
v 0.00721700 0.06361850 0.01023000
v 0.00745800 0.06720450 0.00804100
v 0.00751400 0.06644850 0.00804100
v 0.00754200 0.06361850 0.00804100
v 0.00755200 0.05650050 0.00804100
v 0.00722700 0.05650050 0.01023300
v 0.00697700 0.05650050 0.01093100
v 0.00696800 0.06361850 0.01092700
v 0.00694200 0.06644850 0.01091600
v -0.00747700 0.06644850 0.00730500
v -0.00739700 0.06361850 0.00657000
v -0.00736900 0.06644850 0.00657500
v -0.00750500 0.06361850 0.00730200
v -0.00740700 0.05650050 0.00656800
v -0.00719000 0.06644850 0.00586000
v -0.00721700 0.06361850 0.00585200
v -0.00745800 0.06720450 0.00804100
v -0.00751400 0.06644850 0.00804100
v -0.00755200 0.05650050 0.00804100
v -0.00754200 0.06361850 0.00804100
v -0.00751600 0.05650050 0.00730100
v -0.00722700 0.05650050 0.00584900
v -0.00697700 0.05650050 0.00515100
v -0.00696800 0.06361850 0.00515500
v -0.00694200 0.06644850 0.00516600
v -0.00662600 0.06644850 0.00449900
v -0.00627000 0.06361850 0.00385100
v -0.00624700 0.06644850 0.00386700
v -0.00665100 0.06361850 0.00448600
v -0.00627900 0.05650050 0.00384500
v -0.00580800 0.06644850 0.00327500
v -0.00583000 0.06361850 0.00325700
v -0.00666000 0.05650050 0.00448100
v -0.00583800 0.05650050 0.00325000
v 0.00073600 0.06644850 0.00056400
v 0.00147100 0.06361850 0.00064400
v 0.00146600 0.06644850 0.00067200
v 0.00074000 0.05650050 0.00052500
v 0.00073900 0.06361850 0.00053600
v 0.00218100 0.06644850 0.00085100
v 0.00147300 0.05650050 0.00063400
v 0.00218900 0.06361850 0.00082400
v 0.00000000 0.06644850 0.00052700
v 0.00000000 0.06361850 0.00049900
v 0.00000000 0.05650050 0.00048900
v 0.00219200 0.05650050 0.00081400
v 0.00289000 0.05650050 0.00106400
v 0.00288600 0.06361850 0.00107300
v 0.00287500 0.06644850 0.00109900
v 0.00354200 0.06644850 0.00141500
v 0.00419000 0.06361850 0.00177100
v 0.00417400 0.06644850 0.00179400
v 0.00355500 0.06361850 0.00139000
v 0.00419600 0.05650050 0.00176200
v 0.00476600 0.06644850 0.00223300
v 0.00479100 0.05650050 0.00220300
v 0.00478400 0.06361850 0.00221100
v 0.00285400 0.06720450 0.00115100
v 0.00287500 0.06644850 0.00109900
v 0.00288600 0.06361850 0.00107300
v 0.00356000 0.05650050 0.00138100
v 0.00289000 0.05650050 0.00106400
v 0.00662600 0.06644850 0.01158300
v 0.00627000 0.06361850 0.01223100
v 0.00624700 0.06644850 0.01221500
v 0.00666000 0.05650050 0.01160100
v 0.00665100 0.06361850 0.01159600
v 0.00580800 0.06644850 0.01280700
v 0.00583800 0.05650050 0.01283200
v 0.00583000 0.06361850 0.01282500
v 0.00627900 0.05650050 0.01223700
v 0.00534000 0.05650050 0.01338100
v 0.00533300 0.06361850 0.01337400
v 0.00531300 0.06644850 0.01335400
v 0.00476600 0.06644850 0.01384900
v 0.00419000 0.06361850 0.01431100
v 0.00417400 0.06644850 0.01428800
v 0.00479100 0.05650050 0.01387900
v 0.00478400 0.06361850 0.01387100
v 0.00354200 0.06644850 0.01466700
v 0.00419600 0.05650050 0.01432000
v 0.00355500 0.06361850 0.01469200
v 0.00356000 0.05650050 0.01470100
v 0.00289000 0.05650050 0.01501800
v 0.00288600 0.06361850 0.01500900
v 0.00287500 0.06644850 0.01498300
v 0.00218100 0.06644850 0.01523100
v 0.00147100 0.06361850 0.01543800
v 0.00146600 0.06644850 0.01541000
v 0.00219200 0.05650050 0.01526800
v 0.00218900 0.06361850 0.01525800
v 0.00073600 0.06644850 0.01551800
v 0.00147300 0.05650050 0.01544800
v 0.00073900 0.06361850 0.01554600
v 0.00074000 0.05650050 0.01555700
v 0.00000000 0.05650050 0.01559300
v 0.00000000 0.06361850 0.01558300
v 0.00000000 0.06644850 0.01555500
v -0.00354200 0.06644850 0.01466700
v -0.00419000 0.06361850 0.01431100
v -0.00417400 0.06644850 0.01428800
v -0.00356000 0.05650050 0.01470100
v -0.00355500 0.06361850 0.01469200
v -0.00476600 0.06644850 0.01384900
v -0.00419600 0.05650050 0.01432000
v -0.00478400 0.06361850 0.01387100
v -0.00479100 0.05650050 0.01387900
v -0.00218100 0.06644850 0.00085100
v -0.00147100 0.06361850 0.00064400
v -0.00146600 0.06644850 0.00067200
v -0.00219200 0.05650050 0.00081400
v -0.00218900 0.06361850 0.00082400
v -0.00073600 0.06644850 0.00056400
v -0.00074000 0.05650050 0.00052500
v -0.00073900 0.06361850 0.00053600
v -0.00147300 0.05650050 0.00063400
v -0.00153800 -0.07508149 0.01577500
v -0.00076400 -0.07511350 0.01580000
v -0.00077300 -0.07508149 0.01588900
v -0.00226300 -0.07511350 0.01550200
v -0.00152100 -0.07511350 0.01568800
v -0.00075500 -0.07508149 0.01571200
v -0.00223800 -0.07508149 0.01541700
v -0.00150400 -0.07508149 0.01560100
v 0.00000000 -0.07508149 0.01592700
v -0.00228900 -0.07508149 0.01558700
v -0.00301800 -0.07508149 0.01532700
v -0.00298400 -0.07511350 0.01524500
v -0.00295000 -0.07508149 0.01516200
v -0.00292200 -0.07498551 0.01509400
v 0.00000000 -0.07498551 0.01567600
v 0.00000000 -0.07508149 0.01574900
v 0.00000000 -0.07511350 0.01583800
v -0.00438100 -0.07508149 0.01459700
v -0.00367500 -0.07511350 0.01491700
v -0.00371700 -0.07508149 0.01499500
v -0.00494600 -0.07511350 0.01406800
v -0.00433200 -0.07511350 0.01452400
v -0.00363300 -0.07508149 0.01483900
v -0.00489000 -0.07508149 0.01399900
v -0.00428200 -0.07508149 0.01445000
v -0.00500300 -0.07508149 0.01413700
v -0.00557600 -0.07508149 0.01361700
v -0.00551300 -0.07511350 0.01355400
v -0.00545100 -0.07508149 0.01349200
v -0.00539800 -0.07498551 0.01343900
v -0.00655600 -0.07508149 0.01242200
v -0.00602700 -0.07511350 0.01298700
v -0.00609600 -0.07508149 0.01304400
v -0.00687600 -0.07511350 0.01171600
v -0.00648300 -0.07511350 0.01237300
v -0.00595800 -0.07508149 0.01293100
v -0.00679800 -0.07508149 0.01167400
v -0.00640900 -0.07508149 0.01232300
v -0.00695400 -0.07508149 0.01175800
v -0.00728600 -0.07508149 0.01105900
v -0.00720300 -0.07511350 0.01102500
v -0.00712100 -0.07508149 0.01099100
v -0.00705300 -0.07498551 0.01096300
v -0.00773400 -0.07508149 0.00957900
v -0.00746100 -0.07511350 0.01030400
v -0.00754600 -0.07508149 0.01033000
v -0.00775900 -0.07511350 0.00880500
v -0.00764700 -0.07511350 0.00956200
v -0.00737600 -0.07508149 0.01027900
v -0.00767100 -0.07508149 0.00879600
v -0.00756000 -0.07508149 0.00954500
v -0.00784800 -0.07508149 0.00881400
v -0.00788600 -0.07508149 0.00804100
v -0.00779700 -0.07511350 0.00804100
v -0.00770800 -0.07508149 0.00804100
v -0.00763500 -0.07498551 0.00804100
v -0.00773400 -0.07508149 0.00650300
v -0.00775900 -0.07511350 0.00727700
v -0.00784800 -0.07508149 0.00726800
v -0.00746100 -0.07511350 0.00577800
v -0.00764700 -0.07511350 0.00652000
v -0.00767100 -0.07508149 0.00728600
v -0.00737600 -0.07508149 0.00580300
v -0.00756000 -0.07508149 0.00653700
v -0.00788600 -0.07508149 0.00804100
v -0.00754600 -0.07508149 0.00575200
v -0.00728600 -0.07508149 0.00502300
v -0.00720400 -0.07511350 0.00505700
v -0.00712100 -0.07508149 0.00509100
v -0.00705300 -0.07498551 0.00511900
v -0.00763500 -0.07498551 0.00804100
v -0.00770800 -0.07508149 0.00804100
v -0.00779700 -0.07511350 0.00804100
v -0.00655600 -0.07508149 0.00366000
v -0.00687600 -0.07511350 0.00436600
v -0.00695400 -0.07508149 0.00432400
v -0.00602700 -0.07511350 0.00309500
v -0.00648300 -0.07511350 0.00370900
v -0.00679800 -0.07508149 0.00440800
v -0.00595800 -0.07508149 0.00315100
v -0.00640900 -0.07508149 0.00375900
v -0.00609600 -0.07508149 0.00303800
v -0.00557600 -0.07508149 0.00246500
v -0.00551300 -0.07511350 0.00252800
v -0.00545100 -0.07508149 0.00259100
v -0.00539800 -0.07498551 0.00264300
v -0.00438100 -0.07508149 0.00148500
v -0.00494600 -0.07511350 0.00201400
v -0.00500300 -0.07508149 0.00194500
v -0.00367500 -0.07511350 0.00116500
v -0.00433200 -0.07511350 0.00155800
v -0.00489000 -0.07508149 0.00208300
v -0.00363300 -0.07508149 0.00124300
v -0.00428200 -0.07508149 0.00163200
v -0.00371700 -0.07508149 0.00108700
v -0.00301800 -0.07508149 0.00075500
v -0.00298400 -0.07511350 0.00083800
v -0.00295000 -0.07508149 0.00092000
v -0.00292200 -0.07498551 0.00098800
v -0.00153800 -0.07508149 0.00030700
v -0.00226300 -0.07511350 0.00058000
v -0.00228900 -0.07508149 0.00049500
v -0.00076400 -0.07511350 0.00028200
v -0.00152100 -0.07511350 0.00039400
v -0.00223800 -0.07508149 0.00066500
v -0.00075500 -0.07508149 0.00037000
v -0.00150400 -0.07508149 0.00048100
v -0.00077300 -0.07508149 0.00019300
v 0.00000000 -0.07508149 0.00015500
v 0.00000000 -0.07511350 0.00024400
v 0.00000000 -0.07508149 0.00033300
v 0.00000000 -0.07498551 0.00040600
v 0.00153800 -0.07508149 0.00030700
v 0.00076400 -0.07511350 0.00028200
v 0.00077300 -0.07508149 0.00019300
v 0.00226300 -0.07511350 0.00058000
v 0.00152100 -0.07511350 0.00039400
v 0.00075500 -0.07508149 0.00037000
v 0.00223800 -0.07508149 0.00066500
v 0.00150400 -0.07508149 0.00048100
v 0.00228900 -0.07508149 0.00049500
v 0.00301800 -0.07508149 0.00075500
v 0.00298400 -0.07511350 0.00083800
v 0.00295000 -0.07508149 0.00092000
v 0.00292200 -0.07498551 0.00098800
v 0.00438100 -0.07508149 0.00148500
v 0.00367500 -0.07511350 0.00116500
v 0.00371700 -0.07508149 0.00108700
v 0.00494600 -0.07511350 0.00201400
v 0.00433200 -0.07511350 0.00155800
v 0.00363300 -0.07508149 0.00124300
v 0.00489000 -0.07508149 0.00208300
v 0.00428200 -0.07508149 0.00163200
v 0.00301800 -0.07508149 0.00075500
v 0.00500300 -0.07508149 0.00194500
v 0.00557600 -0.07508149 0.00246500
v 0.00551300 -0.07511350 0.00252800
v 0.00545100 -0.07508149 0.00259000
v 0.00539800 -0.07498551 0.00264300
v 0.00292200 -0.07498551 0.00098800
v 0.00295000 -0.07508149 0.00092000
v 0.00298400 -0.07511350 0.00083800
v 0.00655600 -0.07508149 0.00366000
v 0.00602700 -0.07511350 0.00309500
v 0.00609600 -0.07508149 0.00303800
v 0.00687600 -0.07511350 0.00436600
v 0.00648300 -0.07511350 0.00370900
v 0.00595800 -0.07508149 0.00315100
v 0.00679800 -0.07508149 0.00440800
v 0.00640900 -0.07508149 0.00375900
v 0.00695400 -0.07508149 0.00432400
v 0.00728600 -0.07508149 0.00502300
v 0.00720400 -0.07511350 0.00505700
v 0.00712100 -0.07508149 0.00509100
v 0.00705300 -0.07498551 0.00511900
v 0.00773400 -0.07508149 0.00650300
v 0.00746100 -0.07511350 0.00577800
v 0.00754600 -0.07508149 0.00575200
v 0.00775900 -0.07511350 0.00727700
v 0.00764700 -0.07511350 0.00652000
v 0.00737600 -0.07508149 0.00580300
v 0.00767100 -0.07508149 0.00728600
v 0.00756000 -0.07508149 0.00653700
v 0.00784800 -0.07508149 0.00726800
v 0.00788600 -0.07508149 0.00804100
v 0.00779700 -0.07511350 0.00804100
v 0.00770800 -0.07508149 0.00804100
v 0.00763500 -0.07498551 0.00804100
v 0.00773400 -0.07508149 0.00957900
v 0.00775900 -0.07511350 0.00880500
v 0.00784800 -0.07508149 0.00881400
v 0.00746100 -0.07511350 0.01030400
v 0.00764700 -0.07511350 0.00956200
v 0.00767100 -0.07508149 0.00879600
v 0.00737600 -0.07508149 0.01027900
v 0.00756000 -0.07508149 0.00954500
v 0.00788600 -0.07508149 0.00804100
v 0.00754600 -0.07508149 0.01033000
v 0.00728600 -0.07508149 0.01105900
v 0.00720400 -0.07511350 0.01102500
v 0.00712100 -0.07508149 0.01099100
v 0.00705300 -0.07498551 0.01096300
v 0.00763500 -0.07498551 0.00804100
v 0.00770800 -0.07508149 0.00804100
v 0.00779700 -0.07511350 0.00804100
v 0.00655600 -0.07508149 0.01242200
v 0.00687600 -0.07511350 0.01171600
v 0.00695400 -0.07508149 0.01175800
v 0.00602700 -0.07511350 0.01298700
v 0.00648300 -0.07511350 0.01237300
v 0.00679800 -0.07508149 0.01167400
v 0.00595800 -0.07508149 0.01293100
v 0.00640900 -0.07508149 0.01232300
v 0.00609600 -0.07508149 0.01304400
v 0.00557600 -0.07508149 0.01361700
v 0.00551300 -0.07511350 0.01355400
v 0.00545100 -0.07508149 0.01349200
v 0.00539800 -0.07498551 0.01343900
v 0.00438100 -0.07508149 0.01459700
v 0.00494600 -0.07511350 0.01406800
v 0.00500300 -0.07508149 0.01413700
v 0.00367500 -0.07511350 0.01491700
v 0.00433200 -0.07511350 0.01452400
v 0.00489000 -0.07508149 0.01399900
v 0.00363300 -0.07508149 0.01483900
v 0.00428200 -0.07508149 0.01445000
v 0.00371700 -0.07508149 0.01499500
v 0.00301800 -0.07508149 0.01532700
v 0.00298400 -0.07511350 0.01524400
v 0.00295000 -0.07508149 0.01516200
v 0.00292200 -0.07498551 0.01509400
v 0.00153800 -0.07508149 0.01577500
v 0.00226300 -0.07511350 0.01550200
v 0.00228900 -0.07508149 0.01558700
v 0.00076400 -0.07511350 0.01580000
v 0.00152100 -0.07511350 0.01568800
v 0.00223800 -0.07508149 0.01541700
v 0.00075500 -0.07508149 0.01571200
v 0.00150400 -0.07508149 0.01560100
v 0.00077300 -0.07508149 0.01588900
v 0.00000000 -0.07508149 0.01592700
v 0.00000000 -0.07511350 0.01583800
v 0.00000000 -0.07508149 0.01574900
v 0.00000000 -0.07498551 0.01567600
v 0.00000000 0.07252550 0.01358700
v 0.00212200 0.07252550 0.01316500
v 0.00392100 0.07252550 0.01196200
v 0.00512400 0.07252550 0.01016300
v 0.00669000 0.06992250 0.01081200
v 0.00554600 0.07252550 0.00804100
v 0.00512400 0.07252550 0.00591900
v 0.00392100 0.07252550 0.00412000
v 0.00212200 0.07252550 0.00291700
v 0.00000000 0.07252550 0.00249500
v -0.00212200 0.07252550 0.00291700
v -0.00392100 0.07252550 0.00412000
v -0.00512400 0.07252550 0.00591900
v -0.00554600 0.07252550 0.00804100
v -0.00512400 0.07252550 0.01016300
v -0.00392100 0.07252550 0.01196200
v 0.00803900 -0.06459249 0.00804100
v -0.00803900 -0.06459249 0.00804100
v 0.00000000 0.07511350 0.00804100
v 0.00307700 -0.06459249 0.00061400
v -0.00212200 0.07252550 0.01316500
v 0.00000000 -0.07446450 0.01604700
v 0.00000000 -0.02963450 0.01608200
v 0.00307700 -0.00400050 0.00061200
v -0.00804100 -0.00400050 0.00804100
v 0.00804100 -0.00400050 0.00804100
v 0.00803900 0.05651550 0.00804100
v -0.00803900 0.05651550 0.00804100
v 0.00307600 0.05651550 0.00061400
v 0.00000000 0.05651550 0.01608000
v 0.00000000 0.07462150 0.00804100
vt 0.24820299 0.00567001
vt 0.25087801 0.01030600
vt 0.25193000 0.00574797
vt 0.24686299 0.01020700
vt 0.24989600 0.01494402
vt 0.25567800 0.00581700
vt 0.25491199 0.01038301
vt 0.24611400 0.00108099
vt 0.24956299 0.00115401
vt 0.24448401 0.00558901
vt 0.24285400 0.01009703
vt 0.24558000 0.01479697
vt 0.24122500 0.01460397
vt 0.24448299 0.01953202
vt 0.24905600 0.01972097
vt 0.25419399 0.01503903
vt 0.25357100 0.01982898
vt 0.25852600 0.01509702
vt 0.25899801 0.01043701
vt 0.25948799 0.00586998
vt 0.25990999 0.00137103
vt 0.25646099 0.00129801
vt 0.25301200 0.00122601
vt 0.37374499 0.95518899
vt 0.37679601 0.95130903
vt 0.37292701 0.95291197
vt 0.37777099 0.95397198
vt 0.38078400 0.94965702
vt 0.37189499 0.95072299
vt 0.37560201 0.94873601
vt 0.37036899 0.95832300
vt 0.36987701 0.95636201
vt 0.37433600 0.95753402
vt 0.37847900 0.95670998
vt 0.38195699 0.95271498
vt 0.38283801 0.95584297
vt 0.38626400 0.95142800
vt 0.38483599 0.94797897
vt 0.37945101 0.94666600
vt 0.38340700 0.94453001
vt 0.37786299 0.94383103
vt 0.37416700 0.94630003
vt 0.37065500 0.94864702
vt 0.36729199 0.95089400
vt 0.36833099 0.95262897
vt 0.36919501 0.95445698
vt 0.24373800 0.02450699
vt 0.24793600 0.02949899
vt 0.24841399 0.02464598
vt 0.24319001 0.02950698
vt 0.24757200 0.03398299
vt 0.25307700 0.02474099
vt 0.25270200 0.02953798
vt 0.23959500 0.01911199
vt 0.23902300 0.02432698
vt 0.23845100 0.02954203
vt 0.24273001 0.03425801
vt 0.23787799 0.03475702
vt 0.24239200 0.03819901
vt 0.24732099 0.03770602
vt 0.25242901 0.03392398
vt 0.25224301 0.03759199
vt 0.25734001 0.03396499
vt 0.25752300 0.02959198
vt 0.25777701 0.02480203
vt 0.25810999 0.01989102
vt 0.36921099 0.94670600
vt 0.37054500 0.94195402
vt 0.36758399 0.94491500
vt 0.37246501 0.94404101
vt 0.37359700 0.93890202
vt 0.36579299 0.94328797
vt 0.36845800 0.94003397
vt 0.36608699 0.94927001
vt 0.37585101 0.94127798
vt 0.37933800 0.93844098
vt 0.37669900 0.93580103
vt 0.37122199 0.93664801
vt 0.37405899 0.93316102
vt 0.36866900 0.93463701
vt 0.36620000 0.93833202
vt 0.36385301 0.94184500
vt 0.36160600 0.94520801
vt 0.36322999 0.94641298
vt 0.36472800 0.94777203
vt 0.26255301 0.02483797
vt 0.26737699 0.02964097
vt 0.26737699 0.02485001
vt 0.26242599 0.02962899
vt 0.26737699 0.03401500
vt 0.27219999 0.02483797
vt 0.27232701 0.02962899
vt 0.26272100 0.01992500
vt 0.26233399 0.03400201
vt 0.26227099 0.03766298
vt 0.26737699 0.03767598
vt 0.27241999 0.03400201
vt 0.27248201 0.03766400
vt 0.27741301 0.03396499
vt 0.27722999 0.02959198
vt 0.27697700 0.02480203
vt 0.27664399 0.01989102
vt 0.27203301 0.01992500
vt 0.26737699 0.01993698
vt 0.26340601 0.00589502
vt 0.26737699 0.01047599
vt 0.26737699 0.00590098
vt 0.26316401 0.01046699
vt 0.26737699 0.01514101
vt 0.27134699 0.00589502
vt 0.27158901 0.01046699
vt 0.26364300 0.00137103
vt 0.26292899 0.01512998
vt 0.27182400 0.01512998
vt 0.27622700 0.01509702
vt 0.27575499 0.01043701
vt 0.27526501 0.00586998
vt 0.27484301 0.00137103
vt 0.27111000 0.00137103
vt 0.26737699 0.00137103
vt 0.36177701 0.94060397
vt 0.36118999 0.93570399
vt 0.35958800 0.93957299
vt 0.36376300 0.93689698
vt 0.36284199 0.93171602
vt 0.35731101 0.93875402
vt 0.35852700 0.93472803
vt 0.35987100 0.94416898
vt 0.36583400 0.93304801
vt 0.36796999 0.92909300
vt 0.36452100 0.92766398
vt 0.35978499 0.93054301
vt 0.36107200 0.92623502
vt 0.35665700 0.92966098
vt 0.35578999 0.93401998
vt 0.35496601 0.93816298
vt 0.35417601 0.94212997
vt 0.35613799 0.94262201
vt 0.35804200 0.94330400
vt 0.28167099 0.02473998
vt 0.28673199 0.02943802
vt 0.28629199 0.02463502
vt 0.28204101 0.02952999
vt 0.28706700 0.03381598
vt 0.29084200 0.02447498
vt 0.29127100 0.02931303
vt 0.28118101 0.01982898
vt 0.28231001 0.03390300
vt 0.28249499 0.03756303
vt 0.28730699 0.03747600
vt 0.29163900 0.03370398
vt 0.29192799 0.03736502
vt 0.29597601 0.03357100
vt 0.29557100 0.02916503
vt 0.29518601 0.02427602
vt 0.29515800 0.01911199
vt 0.29022399 0.01953000
vt 0.28568199 0.01972002
vt 0.27907500 0.00581700
vt 0.28387499 0.01030600
vt 0.28282401 0.00574797
vt 0.27984199 0.01038301
vt 0.28485501 0.01494402
vt 0.28655100 0.00567001
vt 0.28788999 0.01020700
vt 0.27829200 0.00129801
vt 0.28055900 0.01503903
vt 0.28916901 0.01479697
vt 0.29352900 0.01460397
vt 0.29189900 0.01009703
vt 0.29026899 0.00558901
vt 0.28863999 0.00108099
vt 0.28519100 0.00115401
vt 0.28174201 0.00122601
vt 0.10068300 0.00473398
vt 0.10148400 0.00937098
vt 0.10355400 0.00490898
vt 0.09839600 0.00918400
vt 0.09938100 0.01383501
vt 0.10649200 0.00507998
vt 0.10466400 0.00955302
vt 0.10032900 0.00011897
vt 0.10296700 0.00028300
vt 0.09783800 0.00455701
vt 0.09534700 0.00899500
vt 0.09610500 0.01363498
vt 0.09285600 0.01343203
vt 0.09381200 0.01808500
vt 0.09725800 0.01830000
vt 0.10272900 0.01403302
vt 0.10070500 0.01851499
vt 0.10631100 0.01424301
vt 0.10804600 0.00972998
vt 0.10961100 0.00524002
vt 0.11088200 0.00077701
vt 0.10824300 0.00061202
vt 0.10560500 0.00044799
vt 0.35257301 0.93781197
vt 0.35015601 0.93350899
vt 0.35015601 0.93769598
vt 0.35298899 0.93362701
vt 0.35015601 0.92919201
vt 0.34773901 0.93781197
vt 0.34732199 0.93362701
vt 0.35217601 0.94183397
vt 0.35342899 0.92927802
vt 0.35388899 0.92480701
vt 0.35015601 0.92480701
vt 0.34688199 0.92927802
vt 0.34642199 0.92480701
vt 0.34365499 0.92966098
vt 0.34452200 0.93401998
vt 0.34534600 0.93816298
vt 0.34613499 0.94212997
vt 0.34813601 0.94183397
vt 0.35015601 0.94173598
vt 0.29907700 0.02409798
vt 0.30336100 0.02889401
vt 0.30272099 0.02393299
vt 0.29957399 0.02901298
vt 0.30394199 0.03341001
vt 0.30628201 0.02377200
vt 0.30703899 0.02883601
vt 0.29860699 0.01893800
vt 0.30005199 0.03343803
vt 0.30044001 0.03710598
vt 0.30439100 0.03713202
vt 0.30774200 0.03359997
vt 0.30828401 0.03753603
vt 0.31152400 0.03401601
vt 0.31066799 0.02881497
vt 0.30981100 0.02361500
vt 0.30895501 0.01841402
vt 0.30550599 0.01858902
vt 0.30205700 0.01876301
vt 0.11305000 0.00538200
vt 0.11558900 0.01005399
vt 0.11667800 0.00550902
vt 0.11171300 0.00989997
vt 0.11453800 0.01468003
vt 0.12039500 0.00562501
vt 0.11957600 0.01018101
vt 0.11433000 0.00089002
vt 0.11033000 0.01447898
vt 0.10907500 0.01920599
vt 0.11361800 0.01944900
vt 0.11880300 0.01482803
vt 0.11812000 0.01961100
vt 0.12312900 0.01493698
vt 0.12365600 0.01028299
vt 0.12419900 0.00572300
vt 0.12467400 0.00122797
vt 0.12122600 0.00111502
vt 0.11777800 0.00100303
vt 0.34300101 0.93875402
vt 0.33912101 0.93570399
vt 0.34072399 0.93957299
vt 0.34178400 0.93472803
vt 0.33746901 0.93171602
vt 0.33853501 0.94060397
vt 0.33654800 0.93689698
vt 0.34417301 0.94262201
vt 0.34052700 0.93054301
vt 0.33924001 0.92623502
vt 0.33579099 0.92766398
vt 0.33447799 0.93304801
vt 0.33234200 0.92909300
vt 0.33164200 0.93463701
vt 0.33411199 0.93833202
vt 0.33645901 0.94184500
vt 0.33870599 0.94520801
vt 0.34044099 0.94416898
vt 0.34226900 0.94330400
vt 0.10823500 0.02417302
vt 0.11237100 0.02921402
vt 0.11290800 0.02436697
vt 0.10762500 0.02916598
vt 0.11195400 0.03369403
vt 0.11756700 0.02451599
vt 0.11713600 0.02930802
vt 0.10415200 0.01872998
vt 0.10351900 0.02393800
vt 0.10288500 0.02914602
vt 0.10710900 0.03391099
vt 0.10225200 0.03435397
vt 0.10672500 0.03784901
vt 0.11165900 0.03741300
vt 0.11681100 0.03369099
vt 0.11658200 0.03735602
vt 0.12172100 0.03378999
vt 0.12195600 0.02941900
vt 0.12226600 0.02463299
vt 0.12265600 0.01972598
vt 0.33451799 0.94328797
vt 0.32976601 0.94195402
vt 0.33272699 0.94491500
vt 0.33185300 0.94003397
vt 0.32671401 0.93890202
vt 0.33109999 0.94670600
vt 0.32784599 0.94404101
vt 0.33708200 0.94641298
vt 0.32909000 0.93664801
vt 0.32625300 0.93316102
vt 0.32361299 0.93580103
vt 0.32446000 0.94127798
vt 0.32097301 0.93844098
vt 0.32244900 0.94383103
vt 0.32614401 0.94630003
vt 0.32965699 0.94864702
vt 0.33302000 0.95089400
vt 0.33422500 0.94927001
vt 0.33558401 0.94777203
vt 0.12704100 0.02472401
vt 0.13180800 0.02958399
vt 0.13186400 0.02479303
vt 0.12685800 0.02951401
vt 0.13175701 0.03395802
vt 0.13668799 0.02483797
vt 0.13675900 0.02963001
vt 0.12726600 0.01981401
vt 0.12671500 0.03388602
vt 0.12660900 0.03754598
vt 0.13171400 0.03761899
vt 0.13680001 0.03400397
vt 0.13681901 0.03766602
vt 0.14179400 0.03402501
vt 0.14166100 0.02965099
vt 0.14146399 0.02485800
vt 0.14118899 0.01994300
vt 0.13657799 0.01992399
vt 0.13192201 0.01988000
vt 0.12811700 0.00579298
vt 0.13203301 0.01042098
vt 0.13208701 0.00584602
vt 0.12782100 0.01036203
vt 0.13197801 0.01508498
vt 0.13605700 0.00588602
vt 0.13624500 0.01046097
vt 0.12840700 0.00127202
vt 0.12753201 0.01502198
vt 0.13642500 0.01512599
vt 0.14082900 0.01514500
vt 0.14041100 0.01047897
vt 0.13997500 0.00590801
vt 0.13960600 0.00140297
vt 0.13587300 0.00135899
vt 0.13214000 0.00131601
vt 0.32841599 0.95072299
vt 0.32351601 0.95130903
vt 0.32738501 0.95291197
vt 0.32470900 0.94873601
vt 0.31952801 0.94965702
vt 0.32656601 0.95518899
vt 0.32253999 0.95397198
vt 0.33197999 0.95262897
vt 0.32086000 0.94666600
vt 0.31690499 0.94453001
vt 0.31547600 0.94797897
vt 0.31835499 0.95271498
vt 0.31404701 0.95142800
vt 0.31747299 0.95584297
vt 0.32183200 0.95670998
vt 0.32597500 0.95753402
vt 0.32994199 0.95832300
vt 0.33043399 0.95636201
vt 0.33111599 0.95445698
vt 0.14616500 0.02485198
vt 0.15124901 0.02967000
vt 0.15082800 0.02481198
vt 0.14648300 0.02965301
vt 0.15155999 0.03415799
vt 0.15550600 0.02472800
vt 0.15599500 0.02973300
vt 0.14572801 0.01993501
vt 0.14670500 0.03404200
vt 0.14684799 0.03771198
vt 0.15176800 0.03788400
vt 0.15639900 0.03448898
vt 0.15669000 0.03843498
vt 0.16124500 0.03504598
vt 0.16073400 0.02982402
vt 0.16022301 0.02460301
vt 0.15971100 0.01938200
vt 0.15481900 0.01974499
vt 0.15024400 0.01988000
vt 0.14378500 0.00589901
vt 0.14853300 0.01044399
vt 0.14753500 0.00587302
vt 0.14449801 0.01047403
vt 0.14946000 0.01509303
vt 0.15126200 0.00584000
vt 0.15254900 0.01039201
vt 0.14305601 0.00137103
vt 0.14516100 0.01513797
vt 0.15377700 0.01499701
vt 0.15813500 0.01485503
vt 0.15655801 0.01032901
vt 0.15498200 0.00580198
vt 0.15340500 0.00127602
vt 0.14995500 0.00130802
vt 0.14650500 0.00133902
vt 0.01371500 0.00516099
vt 0.01466600 0.00983298
vt 0.01659400 0.00530499
vt 0.01152800 0.00966299
vt 0.01286600 0.01444298
vt 0.01953800 0.00544202
vt 0.01788200 0.00998402
vt 0.01330000 0.00054699
vt 0.01594000 0.00068098
vt 0.01086100 0.00501400
vt 0.00842300 0.00948101
vt 0.00944000 0.01421899
vt 0.00598400 0.01394701
vt 0.00765300 0.01892501
vt 0.01132100 0.01919597
vt 0.01632300 0.01461703
vt 0.01496300 0.01938599
vt 0.01991900 0.01475400
vt 0.02126400 0.01011199
vt 0.02265900 0.00556499
vt 0.02386000 0.00108099
vt 0.02122000 0.00094801
vt 0.01858000 0.00081402
vt 0.32562399 0.95992702
vt 0.32132101 0.96234399
vt 0.32550800 0.96234399
vt 0.32143900 0.95950997
vt 0.31700400 0.96234399
vt 0.32562399 0.96476102
vt 0.32143900 0.96517700
vt 0.32964599 0.96032399
vt 0.31709000 0.95907003
vt 0.31261900 0.95861000
vt 0.31261900 0.96234399
vt 0.31709000 0.96561700
vt 0.31261900 0.96607697
vt 0.31747299 0.96884501
vt 0.32183200 0.96797800
vt 0.32597500 0.96715403
vt 0.32994199 0.96636403
vt 0.32964599 0.96436399
vt 0.32954699 0.96234399
vt 0.00642300 0.02388000
vt 0.00924100 0.02894300
vt 0.01013200 0.02410299
vt 0.00551500 0.02886403
vt 0.00857100 0.03341597
vt 0.01388200 0.02428198
vt 0.01306200 0.02906698
vt 0.00354500 0.01841402
vt 0.00268800 0.02361500
vt 0.00183200 0.02881497
vt 0.00476400 0.03360301
vt 0.00097500 0.03401601
vt 0.00421500 0.03753603
vt 0.00810800 0.03713202
vt 0.01246500 0.03344399
vt 0.01206000 0.03710598
vt 0.01654100 0.03357601
vt 0.01706300 0.02920997
vt 0.01778400 0.02442998
vt 0.01873300 0.01953202
vt 0.02609300 0.00566298
vt 0.02870500 0.01031101
vt 0.02971500 0.00574601
vt 0.02488400 0.01022100
vt 0.02776500 0.01496601
vt 0.03342900 0.00581700
vt 0.03266800 0.01038402
vt 0.02730900 0.00115401
vt 0.02373800 0.01486999
vt 0.02273200 0.01965302
vt 0.02694600 0.01975399
vt 0.03195600 0.01504201
vt 0.03133500 0.01983303
vt 0.03627200 0.01509702
vt 0.03674500 0.01043701
vt 0.03723400 0.00586998
vt 0.03765600 0.00137103
vt 0.03420700 0.00129801
vt 0.03075800 0.00122601
vt 0.32656601 0.96949899
vt 0.32351601 0.97337800
vt 0.32738501 0.97177601
vt 0.32253999 0.97071499
vt 0.31952801 0.97503000
vt 0.32841599 0.97396499
vt 0.32470900 0.97595102
vt 0.33043399 0.96832597
vt 0.31835499 0.97197300
vt 0.31404701 0.97325999
vt 0.31547600 0.97670901
vt 0.32086000 0.97802198
vt 0.31690499 0.98015797
vt 0.32244900 0.98085701
vt 0.32614401 0.97838801
vt 0.32965699 0.97604102
vt 0.33302000 0.97379398
vt 0.33197999 0.97205901
vt 0.33111599 0.97022998
vt 0.02192700 0.02455598
vt 0.02579600 0.02944601
vt 0.02629300 0.02465999
vt 0.02131500 0.02933902
vt 0.02543600 0.03381598
vt 0.03083900 0.02474302
vt 0.03046300 0.02953100
vt 0.02087200 0.03370702
vt 0.02057200 0.03736502
vt 0.02519300 0.03747499
vt 0.03019000 0.03390300
vt 0.03000500 0.03756303
vt 0.03508600 0.03396499
vt 0.03527000 0.02959198
vt 0.03552300 0.02480203
vt 0.03585600 0.01989001
vt 0.33109999 0.97798097
vt 0.32976601 0.98273301
vt 0.33272699 0.97977197
vt 0.32784599 0.98064601
vt 0.32671401 0.98578501
vt 0.33451799 0.98140001
vt 0.33185300 0.98465300
vt 0.33422500 0.97541797
vt 0.32446000 0.98341000
vt 0.32097301 0.98624700
vt 0.32361299 0.98888701
vt 0.32909000 0.98803902
vt 0.32625300 0.99152601
vt 0.33164200 0.99005097
vt 0.33411199 0.98635501
vt 0.33645901 0.98284298
vt 0.33870599 0.97948003
vt 0.33708200 0.97827500
vt 0.33558401 0.97691602
vt 0.04029900 0.02483797
vt 0.04512300 0.02964097
vt 0.04512300 0.02485001
vt 0.04017200 0.02962899
vt 0.04512300 0.03401500
vt 0.04994600 0.02483797
vt 0.05007400 0.02962798
vt 0.04046700 0.01992500
vt 0.04008000 0.03400201
vt 0.04001800 0.03766298
vt 0.04512300 0.03767598
vt 0.05016600 0.03400201
vt 0.05022800 0.03766298
vt 0.05516000 0.03396499
vt 0.05497600 0.02959198
vt 0.05472300 0.02480203
vt 0.05439000 0.01989001
vt 0.04977900 0.01992500
vt 0.04512300 0.01993698
vt 0.04115200 0.00589502
vt 0.04512300 0.01047599
vt 0.04512300 0.00590098
vt 0.04091000 0.01046699
vt 0.04512300 0.01514101
vt 0.04909300 0.00589502
vt 0.04933500 0.01046699
vt 0.04139000 0.00137001
vt 0.04067600 0.01512998
vt 0.04957000 0.01512998
vt 0.05397300 0.01509702
vt 0.05350100 0.01043701
vt 0.05301100 0.00586998
vt 0.05258900 0.00137103
vt 0.04885600 0.00137001
vt 0.04512300 0.00137001
vt 0.05940600 0.02474302
vt 0.06445000 0.02944601
vt 0.06395300 0.02465999
vt 0.05978300 0.02953100
vt 0.06480900 0.03381699
vt 0.06831900 0.02455598
vt 0.06893100 0.02933902
vt 0.05891100 0.01983303
vt 0.06005600 0.03390300
vt 0.06024100 0.03756201
vt 0.06505300 0.03747499
vt 0.06937400 0.03370702
vt 0.06967400 0.03736502
vt 0.07370500 0.03357601
vt 0.07318300 0.02920997
vt 0.07246200 0.02442998
vt 0.07151300 0.01953202
vt 0.06751400 0.01965302
vt 0.06329900 0.01975399
vt 0.05681600 0.00581700
vt 0.06154100 0.01031101
vt 0.06053100 0.00574601
vt 0.05757800 0.01038402
vt 0.06248100 0.01496601
vt 0.06415300 0.00566298
vt 0.06536100 0.01022100
vt 0.05603900 0.00129801
vt 0.05829000 0.01504201
vt 0.06650700 0.01486999
vt 0.07032700 0.01475400
vt 0.06898200 0.01011199
vt 0.06758700 0.00556499
vt 0.06638600 0.00108099
vt 0.06293700 0.00115401
vt 0.05948800 0.00122601
vt 0.33853501 0.98408300
vt 0.33912101 0.98898399
vt 0.34072399 0.98511499
vt 0.33654800 0.98779100
vt 0.33746901 0.99297202
vt 0.34300101 0.98593301
vt 0.34178400 0.98995900
vt 0.34044099 0.98051900
vt 0.33447799 0.99163902
vt 0.33234200 0.99559498
vt 0.33579099 0.99702400
vt 0.34052700 0.99414498
vt 0.33924001 0.99845201
vt 0.34365499 0.99502599
vt 0.34452200 0.99066699
vt 0.34534600 0.98652399
vt 0.34613499 0.98255700
vt 0.34417301 0.98206502
vt 0.34226900 0.98138303
vt 0.07070700 0.00544202
vt 0.07558000 0.00983399
vt 0.07365100 0.00530499
vt 0.07236400 0.00998300
vt 0.07738000 0.01444298
vt 0.07653100 0.00516099
vt 0.07871800 0.00966299
vt 0.06902600 0.00094801
vt 0.07392300 0.01461703
vt 0.07528200 0.01938599
vt 0.07892500 0.01919597
vt 0.08080500 0.01421899
vt 0.08259200 0.01892501
vt 0.08426200 0.01394701
vt 0.08182300 0.00948101
vt 0.07938400 0.00501400
vt 0.07694500 0.00054699
vt 0.07430600 0.00068098
vt 0.07166600 0.00081402
vt 0.34773901 0.98687601
vt 0.35015601 0.99117899
vt 0.35015601 0.98699099
vt 0.34732199 0.99106097
vt 0.35015601 0.99549502
vt 0.35257301 0.98687601
vt 0.35298899 0.99106097
vt 0.34813601 0.98285300
vt 0.34688199 0.99540901
vt 0.34642199 0.99988103
vt 0.35015601 0.99988103
vt 0.35342899 0.99540901
vt 0.35388899 0.99988103
vt 0.35665700 0.99502599
vt 0.35578999 0.99066699
vt 0.35496601 0.98652399
vt 0.35417601 0.98255700
vt 0.35217601 0.98285300
vt 0.35015601 0.98295200
vt 0.07636400 0.02428198
vt 0.08100400 0.02894199
vt 0.08011400 0.02410299
vt 0.07718400 0.02906698
vt 0.08167500 0.03341597
vt 0.08382300 0.02388000
vt 0.08473100 0.02886403
vt 0.07778100 0.03344399
vt 0.07818600 0.03710598
vt 0.08213700 0.03713202
vt 0.08548200 0.03360301
vt 0.08603100 0.03753603
vt 0.08927000 0.03401601
vt 0.08841400 0.02881497
vt 0.08755700 0.02361500
vt 0.08670100 0.01841402
vt 0.19723500 0.92846602
vt 0.19206400 0.97664201
vt 0.19723500 0.97662902
vt 0.18689300 0.92846602
vt 0.19206400 0.92847902
vt 0.19723500 0.99517399
vt 0.18689300 0.99517399
vt 0.19206400 0.99518698
vt 0.19723500 0.83609301
vt 0.20235600 0.92842698
vt 0.20235600 0.83605397
vt 0.19206400 0.83610499
vt 0.18689300 0.83609301
vt 0.18177301 0.92842698
vt 0.18177301 0.97659099
vt 0.18689300 0.97662902
vt 0.18177301 0.99513501
vt 0.18177301 0.99865401
vt 0.18689300 0.99869198
vt 0.19206400 0.99870503
vt 0.19723500 0.99869198
vt 0.20235600 0.99865401
vt 0.20235600 0.99513501
vt 0.20235600 0.97659099
vt 0.05029400 0.92846602
vt 0.04512300 0.97664201
vt 0.05029400 0.97662902
vt 0.03995200 0.92846602
vt 0.04512300 0.92847902
vt 0.05029400 0.99517399
vt 0.03995200 0.99517399
vt 0.04512300 0.99518698
vt 0.05029400 0.83609301
vt 0.05541400 0.92842698
vt 0.05541400 0.83605397
vt 0.04512300 0.83610499
vt 0.03995200 0.83609301
vt 0.03483100 0.92842698
vt 0.03995200 0.97662902
vt 0.03483100 0.99513501
vt 0.03483100 0.99865401
vt 0.03995200 0.99869198
vt 0.04512300 0.99870503
vt 0.05029400 0.99869198
vt 0.05541400 0.99865401
vt 0.05541400 0.99513501
vt 0.05541400 0.97659099
vt 0.35731101 0.98593301
vt 0.36118999 0.98898399
vt 0.35958800 0.98511499
vt 0.35852700 0.98995900
vt 0.36284199 0.99297202
vt 0.36177701 0.98408300
vt 0.36376300 0.98778999
vt 0.35613799 0.98206502
vt 0.35978499 0.99414498
vt 0.36107099 0.99845201
vt 0.36452100 0.99702400
vt 0.36583400 0.99163902
vt 0.36796999 0.99559498
vt 0.36866900 0.99005097
vt 0.36620000 0.98635501
vt 0.36385301 0.98284298
vt 0.36160600 0.97948003
vt 0.35987100 0.98051900
vt 0.35804200 0.98138303
vt 0.16842499 0.02450699
vt 0.17262401 0.02949899
vt 0.17310201 0.02464598
vt 0.16787700 0.02950698
vt 0.17226000 0.03398299
vt 0.17776400 0.02474099
vt 0.17738999 0.02953798
vt 0.16428301 0.01911199
vt 0.16917101 0.01953202
vt 0.16371000 0.02432698
vt 0.16313800 0.02954203
vt 0.16741800 0.03425801
vt 0.16256601 0.03475702
vt 0.16708000 0.03819901
vt 0.17200799 0.03770602
vt 0.17711601 0.03392398
vt 0.17693099 0.03759199
vt 0.18202700 0.03396499
vt 0.18221100 0.02959198
vt 0.18246400 0.02480203
vt 0.18279700 0.01989102
vt 0.17825800 0.01982898
vt 0.17374299 0.01972097
vt 0.23332299 0.95851201
vt 0.22950600 0.97915602
vt 0.23332299 0.98596603
vt 0.22950600 0.93709701
vt 0.22554600 0.97644800
vt 0.23332299 0.99573201
vt 0.22554600 0.99464101
vt 0.22950600 0.99488699
vt 0.23332299 0.88251400
vt 0.23706800 0.99350101
vt 0.23706800 0.99176300
vt 0.22950600 0.84839600
vt 0.22554600 0.92904800
vt 0.22137199 0.83565599
vt 0.22554600 0.83713400
vt 0.22137199 0.92802900
vt 0.22137199 0.99473703
vt 0.22137199 0.99825501
vt 0.22554600 0.99811202
vt 0.22950600 0.99802500
vt 0.23332299 0.99809599
vt 0.23706800 0.99871600
vt 0.23706800 0.99697798
vt 0.23706800 0.99523997
vt 0.12643699 0.92840803
vt 0.12070100 0.97652000
vt 0.12587200 0.97656703
vt 0.11609600 0.92828602
vt 0.12126600 0.92835999
vt 0.12565400 0.99511099
vt 0.11531300 0.99498999
vt 0.12048400 0.99506301
vt 0.12751999 0.83604097
vt 0.13155700 0.92842901
vt 0.13264100 0.83606303
vt 0.12234900 0.83599299
vt 0.11717900 0.83591902
vt 0.11097600 0.92818803
vt 0.11041100 0.97634798
vt 0.11553100 0.97644597
vt 0.11019300 0.99489099
vt 0.11015200 0.99840999
vt 0.11527200 0.99850798
vt 0.12044200 0.99858099
vt 0.12561300 0.99862897
vt 0.13073400 0.99865103
vt 0.13077500 0.99513298
vt 0.13099200 0.97658902
vt 0.17288999 0.00567001
vt 0.17556600 0.01030600
vt 0.17661700 0.00574797
vt 0.17155001 0.01020700
vt 0.17458400 0.01494402
vt 0.18036599 0.00581700
vt 0.17959900 0.01038301
vt 0.17080100 0.00108099
vt 0.17425001 0.00115401
vt 0.16917101 0.00558901
vt 0.16754200 0.01009703
vt 0.17026800 0.01479697
vt 0.16591200 0.01460397
vt 0.17888200 0.01503903
vt 0.18321399 0.01509702
vt 0.18368600 0.01043701
vt 0.18417600 0.00586998
vt 0.18459800 0.00137103
vt 0.18114799 0.00129801
vt 0.17769900 0.00122601
vt 0.36579299 0.98140001
vt 0.37054500 0.98273301
vt 0.36758399 0.97977197
vt 0.36845800 0.98465300
vt 0.37359700 0.98578501
vt 0.36921099 0.97798097
vt 0.37246501 0.98064601
vt 0.36322999 0.97827500
vt 0.37122199 0.98803902
vt 0.37405899 0.99152601
vt 0.37669900 0.98888701
vt 0.37585101 0.98341000
vt 0.37933800 0.98624700
vt 0.37786299 0.98085701
vt 0.37416700 0.97838801
vt 0.37065500 0.97604102
vt 0.36729199 0.97379398
vt 0.36608699 0.97541797
vt 0.36472800 0.97691602
vt 0.18724100 0.02483797
vt 0.19206400 0.02964097
vt 0.19206400 0.02485001
vt 0.18711400 0.02962899
vt 0.19206400 0.03401500
vt 0.19688800 0.02483797
vt 0.19701500 0.02962899
vt 0.18740800 0.01992500
vt 0.18702100 0.03400201
vt 0.18695900 0.03766298
vt 0.19206400 0.03767598
vt 0.19710700 0.03400201
vt 0.19716901 0.03766400
vt 0.20210101 0.03396499
vt 0.20191801 0.02959198
vt 0.20166400 0.02480203
vt 0.20133100 0.01989102
vt 0.19672000 0.01992500
vt 0.19206400 0.01993698
vt 0.10087800 0.93731999
vt 0.10537400 0.97663701
vt 0.10593000 0.92923999
vt 0.09539700 0.98621702
vt 0.10038500 0.97937602
vt 0.10020000 0.99510700
vt 0.10516100 0.99482900
vt 0.10700800 0.83733296
vt 0.11205900 0.83582103
vt 0.10191800 0.84862500
vt 0.09571900 0.95876402
vt 0.09044600 0.99204302
vt 0.09661000 0.88277197
vt 0.09040500 0.99551898
vt 0.09038500 0.99725699
vt 0.09528200 0.99598199
vt 0.09036500 0.99899602
vt 0.09525500 0.99834502
vt 0.10016300 0.99824399
vt 0.10512000 0.99830002
vt 0.17178300 0.93767798
vt 0.17674001 0.97693902
vt 0.17674001 0.92953902
vt 0.16687600 0.95918101
vt 0.17178300 0.97973698
vt 0.17178300 0.99546802
vt 0.17674001 0.99513203
vt 0.16687600 0.98663503
vt 0.17674001 0.83762503
vt 0.18177301 0.83605397
vt 0.17178300 0.84897697
vt 0.16199400 0.99251902
vt 0.16687600 0.88318300
vt 0.16199400 0.99599499
vt 0.16199400 0.99773401
vt 0.16687600 0.99640101
vt 0.16199400 0.99947202
vt 0.16687600 0.99876398
vt 0.17178300 0.99860603
vt 0.17674001 0.99860299
vt 0.35437700 0.96234399
vt 0.35405499 0.96395898
vt 0.35537499 0.96338201
vt 0.35405499 0.96072900
vt 0.35537499 0.96130598
vt 0.35314000 0.95935899
vt 0.35457999 0.95938700
vt 0.35177100 0.95844400
vt 0.35311201 0.95791900
vt 0.35015601 0.95812297
vt 0.35119399 0.95712501
vt 0.34854001 0.95844400
vt 0.34911799 0.95712501
vt 0.34717101 0.95935899
vt 0.34719899 0.95791900
vt 0.34625599 0.96072900
vt 0.34573099 0.95938700
vt 0.34593499 0.96234399
vt 0.34493700 0.96130598
vt 0.34625599 0.96395898
vt 0.34493700 0.96338201
vt 0.34717101 0.96532798
vt 0.34573099 0.96530002
vt 0.34854001 0.96624303
vt 0.34719899 0.96676803
vt 0.35015601 0.96656501
vt 0.34911799 0.96756297
vt 0.35177100 0.96624303
vt 0.35119399 0.96756297
vt 0.35314000 0.96532798
vt 0.35311201 0.96676803
vt 0.35457999 0.96530002
vt 0.35754299 0.96325898
vt 0.35733101 0.96432501
vt 0.35828900 0.96396202
vt 0.35710499 0.96234399
vt 0.35657600 0.96500301
vt 0.35733101 0.96036303
vt 0.35754299 0.96142799
vt 0.35828900 0.96072602
vt 0.35657600 0.95968401
vt 0.35602599 0.95776802
vt 0.35663000 0.95867097
vt 0.35705101 0.95773697
vt 0.35506999 0.95743001
vt 0.35382801 0.95586997
vt 0.35473201 0.95647299
vt 0.35476300 0.95544899
vt 0.35281500 0.95592302
vt 0.35107100 0.95495701
vt 0.35213700 0.95516902
vt 0.35177401 0.95420998
vt 0.35015601 0.95539403
vt 0.34817499 0.95516902
vt 0.34924001 0.95495701
vt 0.34853801 0.95420998
vt 0.34749600 0.95592302
vt 0.34558001 0.95647299
vt 0.34648299 0.95586997
vt 0.34554899 0.95544899
vt 0.34524199 0.95743001
vt 0.34368199 0.95867097
vt 0.34428501 0.95776802
vt 0.34326100 0.95773697
vt 0.34373501 0.95968401
vt 0.34276900 0.96142799
vt 0.34298101 0.96036303
vt 0.34202200 0.96072602
vt 0.34320599 0.96234399
vt 0.34298101 0.96432501
vt 0.34276900 0.96325898
vt 0.34202200 0.96396202
vt 0.34373501 0.96500301
vt 0.34428501 0.96692002
vt 0.34368199 0.96601599
vt 0.34326100 0.96695101
vt 0.34524199 0.96725798
vt 0.34648299 0.96881801
vt 0.34558001 0.96821398
vt 0.34554899 0.96923900
vt 0.34749600 0.96876401
vt 0.34924001 0.96973097
vt 0.34817499 0.96951902
vt 0.34853801 0.97047698
vt 0.35015601 0.96929300
vt 0.35213700 0.96951902
vt 0.35107100 0.96973097
vt 0.35177401 0.97047698
vt 0.35281500 0.96876401
vt 0.35473201 0.96821398
vt 0.35382801 0.96881801
vt 0.35476300 0.96923900
vt 0.35506999 0.96725798
vt 0.35663000 0.96601599
vt 0.35602599 0.96692002
vt 0.35705101 0.96695101
vt 0.18809400 0.00589502
vt 0.19206400 0.01047599
vt 0.19206400 0.00590098
vt 0.18785200 0.01046699
vt 0.19206400 0.01514101
vt 0.19603500 0.00589502
vt 0.19627699 0.01046699
vt 0.18833099 0.00137103
vt 0.18761700 0.01512998
vt 0.19651100 0.01512998
vt 0.20091499 0.01509702
vt 0.20044200 0.01043701
vt 0.19995300 0.00586998
vt 0.19953100 0.00137103
vt 0.19579799 0.00137103
vt 0.19206400 0.00137103
vt 0.30863500 0.95851201
vt 0.30481899 0.97915602
vt 0.30863500 0.98596603
vt 0.30481899 0.93709701
vt 0.30085900 0.97644800
vt 0.30863500 0.99573201
vt 0.30085900 0.99464101
vt 0.30481899 0.99488699
vt 0.30863500 0.88251400
vt 0.31238100 0.99350101
vt 0.31238100 0.99176300
vt 0.30481899 0.84839600
vt 0.30085900 0.92904800
vt 0.29668400 0.83565599
vt 0.30085900 0.83713400
vt 0.29668400 0.92802900
vt 0.29668400 0.99473703
vt 0.29668400 0.99825501
vt 0.30085900 0.99811202
vt 0.30481899 0.99802500
vt 0.30863500 0.99809599
vt 0.31238100 0.99871600
vt 0.31238100 0.99697798
vt 0.31238100 0.99523997
vt 0.08638100 0.95851201
vt 0.08256500 0.97915602
vt 0.08638100 0.98596603
vt 0.08256500 0.93709701
vt 0.07860500 0.97644800
vt 0.08638100 0.99573201
vt 0.07860500 0.99464101
vt 0.08256500 0.99488699
vt 0.08638100 0.88251400
vt 0.09012700 0.99350101
vt 0.09012700 0.99176300
vt 0.08256500 0.84839600
vt 0.07860500 0.92904800
vt 0.07443000 0.83565599
vt 0.07860500 0.83713400
vt 0.07443000 0.92802900
vt 0.07443000 0.99473703
vt 0.07443000 0.99825501
vt 0.07860500 0.99811202
vt 0.08256500 0.99802500
vt 0.08638100 0.99809599
vt 0.09012700 0.99871600
vt 0.09012700 0.99697798
vt 0.09012700 0.99523997
vt 0.06999000 0.92816299
vt 0.06530900 0.97643900
vt 0.06999000 0.97632700
vt 0.06530900 0.92827499
vt 0.06043500 0.97652698
vt 0.06999000 0.99487197
vt 0.06043500 0.99507201
vt 0.06530900 0.99498302
vt 0.06999000 0.83578998
vt 0.06530900 0.83590198
vt 0.06043500 0.92836398
vt 0.06043500 0.83599102
vt 0.06043500 0.99858999
vt 0.06530900 0.99850202
vt 0.06999000 0.99839002
vt 0.07443000 0.97619200
vt 0.00768100 0.93709701
vt 0.01164100 0.97644800
vt 0.01164100 0.92904800
vt 0.00386400 0.98596603
vt 0.00768100 0.97915602
vt 0.00768100 0.99488699
vt 0.01164100 0.99464101
vt 0.01164100 0.83713400
vt 0.01581500 0.92802900
vt 0.01581500 0.83565599
vt 0.00768100 0.84839600
vt 0.00386400 0.95851201
vt 0.00011900 0.99176300
vt 0.00386400 0.88251400
vt 0.00011900 0.99523997
vt 0.00011900 0.99697798
vt 0.00386400 0.99573201
vt 0.00011900 0.99871600
vt 0.00386400 0.99809599
vt 0.00768100 0.99802500
vt 0.01164100 0.99811202
vt 0.01581500 0.99825501
vt 0.01581500 0.99473703
vt 0.01581500 0.97619200
vt 0.20375800 0.00581700
vt 0.20848200 0.01031101
vt 0.20747200 0.00574601
vt 0.20451900 0.01038402
vt 0.20942201 0.01496601
vt 0.21109401 0.00566298
vt 0.21230300 0.01022100
vt 0.20298000 0.00129801
vt 0.20523100 0.01504201
vt 0.20585200 0.01983303
vt 0.21024100 0.01975399
vt 0.21344900 0.01486999
vt 0.21445499 0.01965302
vt 0.21726801 0.01475400
vt 0.21592300 0.01011199
vt 0.21452799 0.00556499
vt 0.21332701 0.00108200
vt 0.20987800 0.00115401
vt 0.20642900 0.00122601
vt 0.14609300 0.95935500
vt 0.14094500 0.97985202
vt 0.14577100 0.98680800
vt 0.14143801 0.93779600
vt 0.13602100 0.97699702
vt 0.14565600 0.99657297
vt 0.13580699 0.99518901
vt 0.14076000 0.99558300
vt 0.14698400 0.88336301
vt 0.15056300 0.99448597
vt 0.15058300 0.99274802
vt 0.14247800 0.84910101
vt 0.13657700 0.92960000
vt 0.13765500 0.83769202
vt 0.13576700 0.99865901
vt 0.14072400 0.99871999
vt 0.14562801 0.99893600
vt 0.15050200 0.99970102
vt 0.15052199 0.99796301
vt 0.15054300 0.99622500
vt 0.29224300 0.92816401
vt 0.28756300 0.97643900
vt 0.29224300 0.97632700
vt 0.28268901 0.92836398
vt 0.28756300 0.92827499
vt 0.29224300 0.99487197
vt 0.28268901 0.99507201
vt 0.28756300 0.99498302
vt 0.29224300 0.83578998
vt 0.28756300 0.83590198
vt 0.28268901 0.83599102
vt 0.27766800 0.92842698
vt 0.27766800 0.97659099
vt 0.28268901 0.97652698
vt 0.27766800 0.99513501
vt 0.27766800 0.99865401
vt 0.28268901 0.99858999
vt 0.28756300 0.99850202
vt 0.29224300 0.99839002
vt 0.29668400 0.97619200
vt 0.37189499 0.97396499
vt 0.37679601 0.97337800
vt 0.37292701 0.97177601
vt 0.37560201 0.97595102
vt 0.38078400 0.97503000
vt 0.37374499 0.96949899
vt 0.37777099 0.97071499
vt 0.36833099 0.97205901
vt 0.37945101 0.97802198
vt 0.38340700 0.98015797
vt 0.38483599 0.97670901
vt 0.38195699 0.97197300
vt 0.38626400 0.97325999
vt 0.38283801 0.96884501
vt 0.37847900 0.96797800
vt 0.37433600 0.96715403
vt 0.37036899 0.96636403
vt 0.36987701 0.96832597
vt 0.36919501 0.97022998
vt 0.20634800 0.02474302
vt 0.21139100 0.02944601
vt 0.21089400 0.02465999
vt 0.20672500 0.02953100
vt 0.21175100 0.03381699
vt 0.21526000 0.02455598
vt 0.21587200 0.02933902
vt 0.20699801 0.03390300
vt 0.20718201 0.03756303
vt 0.21199401 0.03747499
vt 0.21631600 0.03370798
vt 0.21661501 0.03736502
vt 0.22064701 0.03357601
vt 0.22012401 0.02920997
vt 0.21940300 0.02442998
vt 0.21845400 0.01953202
vt 0.21764900 0.00544202
vt 0.22252101 0.00983399
vt 0.22059301 0.00530499
vt 0.21930601 0.00998402
vt 0.22432099 0.01444298
vt 0.22347200 0.00516099
vt 0.22566000 0.00966299
vt 0.21596700 0.00094801
vt 0.22086400 0.01461703
vt 0.22222400 0.01938599
vt 0.22586600 0.01919597
vt 0.22774699 0.01421899
vt 0.22953400 0.01892501
vt 0.23120300 0.01394701
vt 0.22876500 0.00948101
vt 0.22632600 0.00501400
vt 0.22388700 0.00054699
vt 0.22124700 0.00068098
vt 0.21860699 0.00081402
vt 0.27254799 0.92846602
vt 0.26737699 0.97664201
vt 0.27254799 0.97662902
vt 0.26220599 0.92846602
vt 0.26737699 0.92847902
vt 0.27254799 0.99517399
vt 0.26220599 0.99517399
vt 0.26737699 0.99518698
vt 0.27254799 0.83609301
vt 0.27766800 0.83605397
vt 0.26737699 0.83610499
vt 0.26220599 0.83609301
vt 0.25708500 0.92842698
vt 0.25708500 0.97659099
vt 0.26220599 0.97662902
vt 0.25708500 0.99513501
vt 0.25708500 0.99865401
vt 0.26220599 0.99869198
vt 0.26737699 0.99870503
vt 0.27254799 0.99869198
vt 0.24709500 0.93767798
vt 0.25205201 0.97693902
vt 0.25205299 0.92953902
vt 0.24218801 0.98663503
vt 0.24709500 0.97973698
vt 0.24709500 0.99546802
vt 0.25205299 0.99513203
vt 0.25205201 0.83762503
vt 0.25708500 0.83605397
vt 0.24709500 0.84897697
vt 0.24218801 0.95918101
vt 0.24218801 0.88318300
vt 0.23730600 0.99425697
vt 0.23730600 0.99599499
vt 0.24218801 0.99640101
vt 0.23730600 0.99947202
vt 0.24218801 0.99876398
vt 0.24709500 0.99860603
vt 0.25205201 0.99860299
vt 0.37468800 0.96476102
vt 0.37899101 0.96234399
vt 0.37480301 0.96234399
vt 0.37887299 0.96517700
vt 0.38330701 0.96234399
vt 0.37468800 0.95992702
vt 0.37887299 0.95950997
vt 0.37066501 0.96436399
vt 0.38322100 0.96561700
vt 0.38769299 0.96607697
vt 0.38769299 0.96234399
vt 0.38322100 0.95907003
vt 0.38769299 0.95861000
vt 0.37066501 0.96032399
vt 0.37076399 0.96234399
vt 0.22330500 0.02428198
vt 0.22794600 0.02894300
vt 0.22705500 0.02410299
vt 0.22412500 0.02906698
vt 0.22861600 0.03341597
vt 0.23076400 0.02388000
vt 0.23167200 0.02886403
vt 0.22472200 0.03344399
vt 0.22512700 0.03710598
vt 0.22907899 0.03713202
vt 0.23242299 0.03360301
vt 0.23297200 0.03753603
vt 0.23621200 0.03401601
vt 0.23535500 0.02881497
vt 0.23449899 0.02361500
vt 0.23364200 0.01841402
vt 0.21693100 0.92816401
vt 0.21224999 0.97643900
vt 0.21693100 0.97632700
vt 0.20737600 0.92836398
vt 0.21224999 0.92827499
vt 0.21693100 0.99487197
vt 0.20737600 0.99507201
vt 0.21224999 0.99498302
vt 0.21693100 0.83578998
vt 0.21224999 0.83590198
vt 0.20737600 0.83599102
vt 0.20737600 0.97652698
vt 0.20737600 0.99858999
vt 0.21224999 0.99850202
vt 0.21693100 0.99839002
vt 0.22137199 0.97619200
vt 0.02981100 0.92836398
vt 0.02493700 0.97643900
vt 0.02981100 0.97652698
vt 0.02025600 0.92816299
vt 0.02493700 0.92827499
vt 0.02981100 0.99507201
vt 0.02025600 0.99487197
vt 0.02493700 0.99498302
vt 0.02981100 0.83599102
vt 0.03483100 0.83605397
vt 0.02493700 0.83590198
vt 0.02025600 0.83578998
vt 0.02025600 0.97632700
vt 0.02025600 0.99839002
vt 0.02493700 0.99850202
vt 0.02981100 0.99858999
vt 0.03483100 0.97659099
vt 0.35901901 0.95754200
vt 0.36229199 0.95731699
vt 0.36178899 0.95610899
vt 0.35981801 0.95947200
vt 0.35927600 0.95856601
vt 0.36562401 0.95593703
vt 0.36492801 0.95444602
vt 0.36278999 0.95852697
vt 0.35872701 0.95661700
vt 0.36026600 0.96033299
vt 0.36316100 0.95975697
vt 0.36618599 0.95748299
vt 0.36659300 0.95907402
vt 0.36409000 0.95303297
vt 0.36118099 0.95497698
vt 0.35650599 0.95451599
vt 0.35944501 0.95305502
vt 0.35851699 0.95213199
vt 0.35798401 0.95599300
vt 0.35713601 0.95536298
vt 0.36199501 0.95050502
vt 0.36078101 0.94939399
vt 0.36036801 0.95398200
vt 0.35588300 0.95377201
vt 0.36310500 0.95171899
vt 0.35946700 0.94840902
vt 0.35752299 0.95131898
vt 0.35302699 0.95268202
vt 0.35518301 0.95020700
vt 0.35397300 0.94971001
vt 0.35495701 0.95348102
vt 0.35393399 0.95322299
vt 0.35656300 0.94687599
vt 0.35501599 0.94631398
vt 0.35639000 0.95071101
vt 0.35216701 0.95223302
vt 0.35805401 0.94757199
vt 0.35342500 0.94590700
vt 0.35274300 0.94933897
vt 0.34911099 0.95231801
vt 0.35015601 0.94920701
vt 0.34884700 0.94921100
vt 0.35120001 0.95231801
vt 0.35015601 0.95247197
vt 0.35015601 0.94560099
vt 0.34851199 0.94567400
vt 0.35146400 0.94921100
vt 0.34814501 0.95223302
vt 0.35179999 0.94567400
vt 0.34688601 0.94590700
vt 0.34756899 0.94933897
vt 0.34535399 0.95348102
vt 0.34512901 0.95020700
vt 0.34392101 0.95071101
vt 0.34728399 0.95268202
vt 0.34637800 0.95322299
vt 0.34374899 0.94687599
vt 0.34225801 0.94757199
vt 0.34633899 0.94971001
vt 0.34442899 0.95377201
vt 0.34529501 0.94631398
vt 0.34084499 0.94840902
vt 0.34278899 0.95131898
vt 0.34232801 0.95599300
vt 0.34086701 0.95305502
vt 0.33994401 0.95398200
vt 0.34380499 0.95451599
vt 0.34317499 0.95536298
vt 0.33831701 0.95050502
vt 0.33720601 0.95171899
vt 0.34179401 0.95213199
vt 0.34158400 0.95661700
vt 0.33953100 0.94939399
vt 0.33622101 0.95303297
vt 0.33913100 0.95497698
vt 0.34049401 0.95947200
vt 0.33801901 0.95731699
vt 0.33752200 0.95852697
vt 0.34129301 0.95754200
vt 0.34103501 0.95856601
vt 0.33468801 0.95593703
vt 0.33412600 0.95748299
vt 0.33852300 0.95610899
vt 0.34004501 0.96033299
vt 0.33538401 0.95444602
vt 0.33371899 0.95907402
vt 0.33715099 0.95975697
vt 0.34013000 0.96338803
vt 0.33701900 0.96234399
vt 0.33702299 0.96365201
vt 0.34013000 0.96129900
vt 0.34028399 0.96234399
vt 0.33341300 0.96234399
vt 0.33348599 0.96398801
vt 0.33702299 0.96103501
vt 0.34004501 0.96435499
vt 0.33348599 0.96069998
vt 0.33371899 0.96561301
vt 0.33715099 0.96493101
vt 0.34129301 0.96714503
vt 0.33801901 0.96737099
vt 0.33852300 0.96857798
vt 0.34049401 0.96521598
vt 0.34103501 0.96612203
vt 0.33468801 0.96875101
vt 0.33538401 0.97024202
vt 0.33752200 0.96616101
vt 0.34158400 0.96807098
vt 0.33412600 0.96720397
vt 0.33622101 0.97165501
vt 0.33913100 0.96971101
vt 0.34380499 0.97017199
vt 0.34086701 0.97163302
vt 0.34179401 0.97255599
vt 0.34232801 0.96869498
vt 0.34317499 0.96932399
vt 0.33831701 0.97418302
vt 0.33953100 0.97529298
vt 0.33994401 0.97070497
vt 0.34442899 0.97091502
vt 0.33720601 0.97296900
vt 0.34084499 0.97627801
vt 0.34278899 0.97336900
vt 0.34728399 0.97200602
vt 0.34512901 0.97447997
vt 0.34633899 0.97497797
vt 0.34535399 0.97120702
vt 0.34637800 0.97146398
vt 0.34374899 0.97781199
vt 0.34529501 0.97837400
vt 0.34392101 0.97397697
vt 0.34814501 0.97245401
vt 0.34225801 0.97711599
vt 0.34688601 0.97878098
vt 0.34756899 0.97534901
vt 0.35120001 0.97237003
vt 0.35015601 0.97548002
vt 0.35146400 0.97547698
vt 0.34911099 0.97237003
vt 0.35015601 0.97221601
vt 0.35015601 0.97908598
vt 0.35179999 0.97901398
vt 0.34884700 0.97547698
vt 0.35216701 0.97245401
vt 0.34851199 0.97901398
vt 0.35342500 0.97878098
vt 0.35274300 0.97534901
vt 0.35495701 0.97120702
vt 0.35518301 0.97447997
vt 0.35639000 0.97397697
vt 0.35302699 0.97200602
vt 0.35393399 0.97146398
vt 0.35656300 0.97781199
vt 0.35805401 0.97711599
vt 0.35397300 0.97497797
vt 0.35588300 0.97091502
vt 0.35501599 0.97837400
vt 0.35946700 0.97627801
vt 0.35752299 0.97336900
vt 0.35798401 0.96869498
vt 0.35944501 0.97163302
vt 0.36036801 0.97070497
vt 0.35650599 0.97017199
vt 0.35713601 0.96932399
vt 0.36199501 0.97418302
vt 0.36310601 0.97296900
vt 0.35851699 0.97255599
vt 0.35872701 0.96807098
vt 0.36078101 0.97529298
vt 0.36409000 0.97165501
vt 0.36118099 0.96971101
vt 0.35981801 0.96521598
vt 0.36229199 0.96737099
vt 0.36278999 0.96616101
vt 0.35901901 0.96714503
vt 0.35927600 0.96612203
vt 0.36562401 0.96875101
vt 0.36618599 0.96720397
vt 0.36178899 0.96857798
vt 0.36026600 0.96435499
vt 0.36492801 0.97024202
vt 0.36659300 0.96561301
vt 0.36316100 0.96493101
vt 0.36018100 0.96129900
vt 0.36329201 0.96234399
vt 0.36328900 0.96103501
vt 0.36018100 0.96338803
vt 0.36002800 0.96234399
vt 0.36689800 0.96234399
vt 0.36682600 0.96069998
vt 0.36328900 0.96365201
vt 0.36682600 0.96398801
vt 0.02981100 0.34581399
vt 0.02493700 0.51886100
vt 0.02981100 0.51894903
vt 0.02025600 0.34561300
vt 0.02493700 0.34572500
vt 0.02493700 0.69206500
vt 0.02981100 0.69215298
vt 0.02025600 0.51874900
vt 0.02981100 0.20218199
vt 0.03483100 0.34587699
vt 0.03483100 0.20224601
vt 0.02493700 0.20209402
vt 0.01581500 0.20184702
vt 0.02025600 0.20198202
vt 0.01581500 0.34547901
vt 0.01581500 0.51861399
vt 0.02025600 0.69195300
vt 0.01581500 0.69181800
vt 0.03483100 0.69221699
vt 0.03483100 0.51901299
vt 0.21693100 0.34561402
vt 0.21224999 0.51886100
vt 0.21693100 0.51874900
vt 0.20737600 0.34581399
vt 0.21224999 0.34572601
vt 0.21224999 0.69206500
vt 0.21693100 0.69195300
vt 0.20737600 0.51894903
vt 0.21693100 0.20198202
vt 0.22137199 0.34547901
vt 0.22137199 0.20184702
vt 0.21224999 0.20209402
vt 0.20235600 0.20224601
vt 0.20737600 0.20218199
vt 0.20235600 0.34587801
vt 0.20235600 0.51901299
vt 0.20737600 0.69215298
vt 0.20235600 0.69221699
vt 0.22137199 0.69181800
vt 0.22137199 0.51861501
vt 0.24709500 0.33672702
vt 0.25205201 0.51894903
vt 0.25205299 0.34468901
vt 0.24218801 0.31585902
vt 0.24709500 0.51886100
vt 0.24709500 0.70105499
vt 0.25205299 0.69327700
vt 0.24218801 0.51875001
vt 0.25205201 0.20054603
vt 0.25708500 0.34587801
vt 0.25708500 0.20224601
vt 0.24218801 0.15452802
vt 0.24709500 0.18900299
vt 0.23730600 0.28168100
vt 0.23730600 0.51862699
vt 0.24218801 0.72168201
vt 0.23730600 0.99251902
vt 0.25708500 0.69221699
vt 0.25708500 0.51901299
vt 0.27254799 0.34591597
vt 0.26737699 0.51906401
vt 0.27254799 0.51905096
vt 0.26220599 0.34591597
vt 0.26737699 0.34592903
vt 0.26737699 0.69226801
vt 0.27254799 0.69225502
vt 0.26220599 0.51905096
vt 0.27254799 0.20228398
vt 0.27766800 0.34587801
vt 0.27766800 0.20224601
vt 0.26737699 0.20229697
vt 0.26220599 0.20228398
vt 0.26220599 0.69225502
vt 0.27766800 0.69221699
vt 0.27766800 0.51901299
vt 0.29224300 0.34561402
vt 0.28756300 0.51886100
vt 0.29224300 0.51874900
vt 0.28268901 0.34581399
vt 0.28756300 0.34572601
vt 0.28756300 0.69206500
vt 0.29224300 0.69195300
vt 0.28268901 0.51894903
vt 0.29224300 0.20198202
vt 0.29668400 0.34547901
vt 0.29668400 0.20184702
vt 0.28756300 0.20209402
vt 0.28268901 0.20218199
vt 0.28268901 0.69215298
vt 0.29668400 0.69181800
vt 0.29668400 0.51861501
vt 0.15363801 0.31607699
vt 0.14635000 0.51900804
vt 0.15125801 0.51895404
vt 0.14343600 0.34478998
vt 0.14848700 0.33688700
vt 0.14887799 0.72187197
vt 0.14139199 0.51903796
vt 0.14421301 0.70118999
vt 0.15553001 0.15475702
vt 0.15892100 0.28195900
vt 0.16170000 0.04503000
vt 0.14512700 0.20065701
vt 0.15021899 0.18917298
vt 0.13839000 0.34591901
vt 0.13635901 0.51904297
vt 0.13934800 0.69335401
vt 0.15336201 0.75581801
vt 0.15614200 0.51888901
vt 0.01164100 0.34419799
vt 0.00768100 0.51828003
vt 0.01164100 0.51845801
vt 0.00386400 0.31519002
vt 0.00768100 0.33614600
vt 0.00768100 0.70047402
vt 0.01164100 0.69278598
vt 0.00386400 0.51808101
vt 0.01164100 0.20005399
vt 0.00386400 0.15385902
vt 0.00768100 0.18842202
vt 0.00011900 0.28092498
vt 0.00011900 0.75481701
vt 0.00386400 0.72101301
vt 0.06999000 0.34561300
vt 0.06530900 0.51886100
vt 0.06999000 0.51874900
vt 0.06043500 0.34581399
vt 0.06530900 0.34572500
vt 0.06530900 0.69206500
vt 0.06999000 0.69195300
vt 0.06043500 0.51894903
vt 0.06999000 0.20198202
vt 0.07443000 0.34547901
vt 0.07443000 0.20184702
vt 0.06530900 0.20209301
vt 0.06043500 0.20218199
vt 0.05541400 0.34587801
vt 0.05541400 0.51901299
vt 0.06043500 0.69215298
vt 0.05541400 0.69221699
vt 0.07443000 0.69181800
vt 0.07443000 0.51861399
vt 0.08638100 0.31519002
vt 0.08256500 0.51828003
vt 0.08638100 0.51808101
vt 0.07860500 0.34419799
vt 0.08256500 0.33614600
vt 0.08638100 0.72101301
vt 0.07860500 0.51845801
vt 0.08256500 0.70047402
vt 0.08638100 0.15385902
vt 0.09012700 0.28092498
vt 0.09012700 0.04397899
vt 0.07860500 0.20005399
vt 0.08256500 0.18842202
vt 0.07860500 0.69278598
vt 0.09012700 0.75481701
vt 0.09012700 0.51787102
vt 0.30863500 0.31519002
vt 0.30481899 0.51828003
vt 0.30863500 0.51808101
vt 0.30085900 0.34419799
vt 0.30481899 0.33614600
vt 0.30863500 0.72101301
vt 0.30085900 0.51845801
vt 0.30481899 0.70047402
vt 0.30863500 0.15385902
vt 0.31238100 0.28092498
vt 0.31238100 0.04397899
vt 0.30085900 0.20005399
vt 0.30481899 0.18842298
vt 0.30085900 0.69278598
vt 0.31238100 0.75481701
vt 0.31238100 0.51787102
vt 0.17674001 0.34468901
vt 0.17178300 0.51886100
vt 0.17674001 0.51894903
vt 0.16687600 0.31585902
vt 0.17178300 0.33672702
vt 0.17178300 0.70105499
vt 0.17674001 0.69327700
vt 0.16687600 0.51875001
vt 0.17674001 0.20054603
vt 0.18177301 0.34587801
vt 0.18177301 0.20224601
vt 0.16687600 0.15452802
vt 0.17178300 0.18900299
vt 0.16199400 0.28168100
vt 0.16199400 0.75557303
vt 0.16687600 0.72168201
vt 0.18177301 0.69221699
vt 0.18177301 0.51901299
vt 0.10792600 0.33641100
vt 0.11074600 0.51867902
vt 0.11279000 0.34443098
vt 0.10326400 0.31548703
vt 0.10579000 0.51853204
vt 0.10365300 0.70071399
vt 0.10870100 0.69299501
vt 0.10088500 0.51836401
vt 0.11448100 0.20029700
vt 0.11780800 0.34567797
vt 0.11949300 0.20205599
vt 0.10515700 0.15416700
vt 0.10965900 0.18869799
vt 0.09878400 0.28125399
vt 0.09322500 0.75511301
vt 0.09850500 0.72128201
vt 0.11374600 0.69199401
vt 0.11577800 0.51880199
vt 0.12809899 0.34584999
vt 0.13123900 0.51902103
vt 0.13326900 0.34589797
vt 0.12292800 0.34577602
vt 0.12606800 0.51897299
vt 0.12403600 0.69216597
vt 0.12920700 0.69221300
vt 0.12089800 0.51890004
vt 0.13495401 0.20227599
vt 0.14007500 0.20229799
vt 0.12978300 0.20222801
vt 0.12461300 0.20215499
vt 0.11886600 0.69209200
vt 0.13432799 0.69223499
vt 0.22950600 0.33614600
vt 0.23332299 0.51808101
vt 0.23332299 0.31519002
vt 0.22554600 0.34419799
vt 0.22950600 0.51828003
vt 0.23332299 0.72101301
vt 0.22554600 0.51845801
vt 0.22950600 0.70047402
vt 0.23706800 0.04397899
vt 0.23706800 0.28092498
vt 0.22950600 0.18842298
vt 0.23332299 0.15385902
vt 0.22554600 0.20005399
vt 0.22554600 0.69278598
vt 0.23706800 0.75481701
vt 0.23706800 0.51787102
vt 0.05029400 0.34591597
vt 0.04512300 0.51906401
vt 0.05029400 0.51905096
vt 0.03995200 0.34591597
vt 0.04512300 0.34592903
vt 0.04512300 0.69226801
vt 0.05029400 0.69225502
vt 0.03995200 0.51905096
vt 0.05029400 0.20228398
vt 0.05541400 0.20224601
vt 0.04512300 0.20229697
vt 0.03995200 0.20228398
vt 0.03995200 0.69225502
vt 0.19723500 0.34591597
vt 0.19206400 0.51906401
vt 0.19723500 0.51905096
vt 0.18689300 0.34591597
vt 0.19206400 0.34592903
vt 0.19206400 0.69226801
vt 0.19723500 0.69225502
vt 0.18689300 0.51905096
vt 0.19723500 0.20228398
vt 0.19206400 0.20229697
vt 0.18689300 0.20228398
vt 0.18689300 0.69225502
vt 0.19720700 0.04286402
vt 0.19206400 0.06205601
vt 0.19722700 0.06204301
vt 0.18692100 0.04286402
vt 0.19206400 0.04287601
vt 0.19723400 0.11018699
vt 0.18690200 0.06204301
vt 0.19206400 0.11019999
vt 0.20222500 0.03762603
vt 0.20230100 0.04282600
vt 0.18190300 0.03762603
vt 0.18182801 0.04282600
vt 0.18178900 0.06200498
vt 0.18689400 0.11018699
vt 0.18177500 0.11014903
vt 0.20235400 0.11014903
vt 0.20233899 0.06200403
vt 0.05026600 0.04286402
vt 0.04512300 0.06205601
vt 0.05028500 0.06204301
vt 0.03998000 0.04286402
vt 0.04512300 0.04287601
vt 0.05029300 0.11018699
vt 0.03996000 0.06204301
vt 0.04512300 0.11019999
vt 0.05528400 0.03762603
vt 0.05535900 0.04282600
vt 0.03496200 0.03762603
vt 0.03488600 0.04282600
vt 0.03484800 0.06200403
vt 0.03995300 0.11018699
vt 0.03483300 0.11014903
vt 0.05541200 0.11014903
vt 0.05539800 0.06200403
vt 0.23321500 0.04117101
vt 0.22945900 0.05806100
vt 0.23329499 0.05103898
vt 0.22537100 0.04224300
vt 0.22934000 0.04185498
vt 0.22950000 0.10001600
vt 0.23331900 0.07820702
vt 0.22549500 0.06104898
vt 0.23706800 0.03921598
vt 0.23706800 0.04040700
vt 0.22100000 0.03723198
vt 0.22121499 0.04242897
vt 0.22132500 0.06160700
vt 0.22554000 0.10841900
vt 0.22136600 0.10975099
vt 0.23706800 0.04278803
vt 0.23706800 0.04159802
vt 0.13679600 0.04286599
vt 0.13142800 0.06199598
vt 0.13659100 0.06204402
vt 0.12650999 0.04274601
vt 0.13165300 0.04281902
vt 0.13086300 0.11013800
vt 0.13603300 0.11018503
vt 0.12626600 0.06192303
vt 0.14187500 0.03768700
vt 0.14188901 0.04288799
vt 0.12155400 0.03744900
vt 0.12141800 0.04264802
vt 0.12057500 0.10996598
vt 0.12569401 0.11006403
vt 0.14115299 0.11020702
vt 0.14170299 0.06206602
vt 0.11641100 0.04249501
vt 0.11121200 0.05834502
vt 0.11613400 0.06130099
vt 0.10653800 0.04148602
vt 0.11146400 0.04213798
vt 0.11555800 0.10866803
vt 0.10637800 0.05135399
vt 0.11069900 0.10029799
vt 0.10161900 0.03956199
vt 0.10160500 0.04075199
vt 0.10159100 0.04194301
vt 0.10604600 0.07852000
vt 0.10156300 0.04432398
vt 0.12115400 0.06182498
vt 0.17681900 0.04273200
vt 0.17180701 0.05864102
vt 0.17676300 0.06153899
vt 0.16693500 0.04183799
vt 0.17186800 0.04243302
vt 0.17674300 0.10891002
vt 0.16689099 0.05170798
vt 0.17178600 0.10059702
vt 0.16199400 0.03997201
vt 0.16199400 0.04116303
vt 0.16199400 0.04235297
vt 0.16687700 0.07887602
vt 0.16199400 0.04473501
vt 0.30852699 0.04117101
vt 0.30477101 0.05806100
vt 0.30860701 0.05103898
vt 0.30068401 0.04224300
vt 0.30465201 0.04185498
vt 0.30863199 0.07820702
vt 0.30080700 0.06104898
vt 0.30481300 0.10001600
vt 0.31238100 0.03921598
vt 0.31238100 0.04040700
vt 0.29631200 0.03723198
vt 0.29652700 0.04242897
vt 0.29663801 0.06160700
vt 0.30085200 0.10841900
vt 0.29667801 0.10975099
vt 0.31238100 0.04278803
vt 0.31238100 0.04159802
vt 0.08627300 0.04117101
vt 0.08251700 0.05806100
vt 0.08635300 0.05103898
vt 0.07843000 0.04224300
vt 0.08239900 0.04185402
vt 0.08255900 0.10001600
vt 0.08637800 0.07820702
vt 0.07855300 0.06104898
vt 0.09012700 0.03921598
vt 0.09012700 0.04040700
vt 0.07405900 0.03723198
vt 0.07427400 0.04242897
vt 0.07438400 0.06160599
vt 0.07859800 0.10841900
vt 0.07442500 0.10974997
vt 0.09012700 0.04278803
vt 0.09012700 0.04159802
vt 0.06985600 0.04256302
vt 0.06527700 0.06185299
vt 0.06995000 0.06174099
vt 0.06035300 0.04276198
vt 0.06520100 0.04267401
vt 0.06530500 0.10999697
vt 0.06998500 0.10988498
vt 0.06041100 0.06194103
vt 0.06043200 0.11008501
vt 0.01181600 0.04224300
vt 0.00772800 0.05806100
vt 0.01169200 0.06104898
vt 0.00397200 0.04117101
vt 0.00784700 0.04185402
vt 0.01164700 0.10841900
vt 0.00389200 0.05103898
vt 0.00768700 0.10001600
vt 0.01618700 0.03723198
vt 0.01597200 0.04242897
vt 0.00011900 0.03921598
vt 0.00011900 0.04040700
vt 0.00011900 0.04159802
vt 0.00386800 0.07820702
vt 0.00011900 0.04397899
vt 0.01582100 0.10974997
vt 0.01586200 0.06160599
vt 0.15679300 0.04207498
vt 0.15172400 0.05882001
vt 0.15672100 0.05194402
vt 0.14689900 0.04285300
vt 0.15185300 0.04261202
vt 0.15125300 0.10077298
vt 0.15641600 0.07911098
vt 0.14673400 0.06165999
vt 0.16175599 0.04026699
vt 0.16174200 0.04145801
vt 0.14619900 0.10902798
vt 0.16171400 0.04383898
vt 0.16172799 0.04264802
vt 0.29211000 0.04256302
vt 0.28753099 0.06185299
vt 0.29220399 0.06174099
vt 0.28260699 0.04276198
vt 0.28745499 0.04267401
vt 0.29223800 0.10988498
vt 0.28266501 0.06194103
vt 0.28755900 0.10999697
vt 0.27753800 0.03762603
vt 0.27761301 0.04282600
vt 0.27765200 0.06200403
vt 0.28268600 0.11008501
vt 0.27766600 0.11014903
vt 0.27252001 0.04286402
vt 0.26737699 0.06205601
vt 0.27253899 0.06204301
vt 0.26223299 0.04286402
vt 0.26737699 0.04287601
vt 0.27254599 0.11018699
vt 0.26221400 0.06204301
vt 0.26737699 0.11019999
vt 0.25721601 0.03762603
vt 0.25714001 0.04282600
vt 0.25710201 0.06200498
vt 0.26220700 0.11018699
vt 0.25708699 0.11014903
vt 0.25213200 0.04273200
vt 0.24711899 0.05864102
vt 0.25207600 0.06153899
vt 0.24224700 0.04183799
vt 0.24718100 0.04243302
vt 0.25205499 0.10891002
vt 0.24220300 0.05170798
vt 0.24709800 0.10059702
vt 0.23730600 0.03997201
vt 0.23730600 0.04116303
vt 0.23730600 0.04235297
vt 0.24219000 0.07887602
vt 0.23730600 0.04473501
vt 0.21679799 0.04256302
vt 0.21221800 0.06185299
vt 0.21689200 0.06174099
vt 0.20729500 0.04276198
vt 0.21214201 0.04267401
vt 0.21692599 0.10988498
vt 0.20735200 0.06194103
vt 0.21224600 0.10999697
vt 0.20737299 0.11008501
vt 0.02989300 0.04276198
vt 0.02496900 0.06185299
vt 0.02983500 0.06194103
vt 0.02038900 0.04256302
vt 0.02504500 0.04267401
vt 0.02981400 0.11008501
vt 0.02029600 0.06174099
vt 0.02494100 0.10999697
vt 0.02026100 0.10988498
vt 0.24820299 0.00567001
vt 0.25087801 0.01030600
vt 0.24686299 0.01020700
vt 0.25567800 0.00581700
vt 0.25193000 0.00574797
vt 0.24989600 0.01494402
vt 0.24558000 0.01479697
vt 0.25491199 0.01038301
vt 0.24611400 0.00108099
vt 0.24448401 0.00558901
vt 0.24956299 0.00115401
vt 0.25646099 0.00129801
vt 0.25301200 0.00122601
vt 0.25990999 0.00137103
vt 0.25948799 0.00586998
vt 0.25899801 0.01043701
vt 0.25419399 0.01503903
vt 0.25852600 0.01509702
vt 0.25357100 0.01982898
vt 0.24905600 0.01972097
vt 0.24448299 0.01953202
vt 0.24122500 0.01460397
vt 0.23959500 0.01911199
vt 0.24285400 0.01009703
vt 0.37374499 0.95518899
vt 0.37679601 0.95130903
vt 0.37777099 0.95397198
vt 0.37189499 0.95072299
vt 0.37292701 0.95291197
vt 0.38078400 0.94965702
vt 0.38195699 0.95271498
vt 0.37560201 0.94873601
vt 0.37036899 0.95832300
vt 0.37433600 0.95753402
vt 0.36987701 0.95636201
vt 0.36833099 0.95262897
vt 0.36919501 0.95445698
vt 0.36729199 0.95089400
vt 0.37065500 0.94864702
vt 0.37416700 0.94630003
vt 0.37945101 0.94666600
vt 0.37786299 0.94383103
vt 0.38340700 0.94453001
vt 0.38483599 0.94797897
vt 0.38626400 0.95142800
vt 0.38283801 0.95584297
vt 0.38769299 0.95487702
vt 0.37847900 0.95670998
vt 0.24373800 0.02450699
vt 0.24793600 0.02949899
vt 0.24319001 0.02950698
vt 0.25307700 0.02474099
vt 0.24841399 0.02464598
vt 0.24757200 0.03398299
vt 0.24273001 0.03425801
vt 0.25270200 0.02953798
vt 0.23902300 0.02432698
vt 0.25810999 0.01989102
vt 0.25777701 0.02480203
vt 0.25752300 0.02959198
vt 0.25242901 0.03392398
vt 0.25734001 0.03396499
vt 0.25224301 0.03759199
vt 0.24732099 0.03770602
vt 0.24239200 0.03819901
vt 0.23787799 0.03475702
vt 0.23730600 0.03997201
vt 0.23845100 0.02954203
vt 0.36921200 0.94670600
vt 0.37054500 0.94195402
vt 0.37246501 0.94404101
vt 0.36579299 0.94328797
vt 0.36758399 0.94491500
vt 0.37359700 0.93890202
vt 0.37585101 0.94127798
vt 0.36845800 0.94003397
vt 0.36608699 0.94927001
vt 0.36322999 0.94641298
vt 0.36472800 0.94777203
vt 0.36160600 0.94520801
vt 0.36385301 0.94184500
vt 0.36620000 0.93833202
vt 0.37122199 0.93664801
vt 0.36866900 0.93463701
vt 0.37405899 0.93316102
vt 0.37669900 0.93580103
vt 0.37933800 0.93844098
vt 0.38197801 0.94108099
vt 0.26255301 0.02483797
vt 0.26737699 0.02964097
vt 0.26242599 0.02962899
vt 0.27219999 0.02483797
vt 0.26737699 0.02485001
vt 0.26737699 0.03401500
vt 0.26233399 0.03400201
vt 0.27232701 0.02962899
vt 0.26272100 0.01992500
vt 0.27203301 0.01992500
vt 0.26737699 0.01993698
vt 0.27664399 0.01989102
vt 0.27697700 0.02480203
vt 0.27722999 0.02959198
vt 0.27241999 0.03400201
vt 0.27741301 0.03396499
vt 0.27248201 0.03766298
vt 0.26737699 0.03767598
vt 0.26227099 0.03766298
vt 0.25721601 0.03762603
vt 0.26340601 0.00589502
vt 0.26737699 0.01047599
vt 0.26316401 0.01046699
vt 0.27134699 0.00589502
vt 0.26737699 0.00590098
vt 0.26737699 0.01514101
vt 0.26292899 0.01512998
vt 0.27158901 0.01046699
vt 0.26364300 0.00137103
vt 0.27111000 0.00137103
vt 0.26737699 0.00137103
vt 0.27484301 0.00137103
vt 0.27526501 0.00586998
vt 0.27575499 0.01043701
vt 0.27182400 0.01512998
vt 0.27622700 0.01509702
vt 0.36177701 0.94060397
vt 0.36118999 0.93570399
vt 0.36376300 0.93689698
vt 0.35731101 0.93875402
vt 0.35958800 0.93957299
vt 0.36284199 0.93171602
vt 0.36583400 0.93304801
vt 0.35852700 0.93472803
vt 0.35987100 0.94416898
vt 0.35613799 0.94262201
vt 0.35804200 0.94330400
vt 0.35417601 0.94212997
vt 0.35496601 0.93816298
vt 0.35578999 0.93401998
vt 0.35978499 0.93054301
vt 0.35665700 0.92966098
vt 0.36107200 0.92623502
vt 0.36452100 0.92766398
vt 0.36796999 0.92909300
vt 0.37141901 0.93052101
vt 0.28167099 0.02473998
vt 0.28673199 0.02943802
vt 0.28204101 0.02952999
vt 0.29084200 0.02447498
vt 0.28629199 0.02463502
vt 0.28706700 0.03381598
vt 0.28231001 0.03390300
vt 0.29127100 0.02931303
vt 0.28118101 0.01982898
vt 0.29022399 0.01952899
vt 0.28568199 0.01972002
vt 0.29515800 0.01911199
vt 0.29518601 0.02427602
vt 0.29557100 0.02916503
vt 0.29163900 0.03370398
vt 0.29597601 0.03357100
vt 0.29192799 0.03736502
vt 0.28730699 0.03747499
vt 0.28249499 0.03756303
vt 0.27753800 0.03762603
vt 0.27907500 0.00581700
vt 0.28387499 0.01030600
vt 0.27984199 0.01038301
vt 0.28655100 0.00567001
vt 0.28282401 0.00574797
vt 0.28485501 0.01494402
vt 0.28055900 0.01503903
vt 0.28788999 0.01020700
vt 0.27829200 0.00129801
vt 0.28519100 0.00115401
vt 0.28174201 0.00122601
vt 0.28863999 0.00108099
vt 0.29026899 0.00558901
vt 0.29189900 0.01009703
vt 0.28916901 0.01479697
vt 0.29352900 0.01460397
vt 0.10068300 0.00473398
vt 0.10148400 0.00937098
vt 0.09839600 0.00918400
vt 0.10649200 0.00507998
vt 0.10355400 0.00490898
vt 0.09938100 0.01383501
vt 0.09610500 0.01363498
vt 0.10466400 0.00955302
vt 0.10032900 0.00011897
vt 0.09783800 0.00455701
vt 0.10296700 0.00028300
vt 0.10824300 0.00061202
vt 0.10560500 0.00044799
vt 0.11088200 0.00077701
vt 0.10961100 0.00524002
vt 0.10804600 0.00972998
vt 0.10272900 0.01403302
vt 0.10631100 0.01424301
vt 0.10070500 0.01851499
vt 0.09725800 0.01830000
vt 0.09381200 0.01808500
vt 0.09285600 0.01343203
vt 0.09036500 0.01787001
vt 0.09534700 0.00899500
vt 0.35257301 0.93781197
vt 0.35015601 0.93350899
vt 0.35298899 0.93362701
vt 0.34773901 0.93781197
vt 0.35015601 0.93769598
vt 0.35015601 0.92919201
vt 0.35342899 0.92927802
vt 0.34732199 0.93362701
vt 0.35217601 0.94183397
vt 0.34813601 0.94183397
vt 0.35015601 0.94173598
vt 0.34613499 0.94212997
vt 0.34534600 0.93816298
vt 0.34452200 0.93401998
vt 0.34688199 0.92927802
vt 0.34365499 0.92966098
vt 0.34642199 0.92480701
vt 0.35015601 0.92480701
vt 0.35388899 0.92480701
vt 0.35762200 0.92480701
vt 0.29907700 0.02409798
vt 0.30336100 0.02889401
vt 0.29957399 0.02901298
vt 0.30628201 0.02377200
vt 0.30272099 0.02393299
vt 0.30394199 0.03341001
vt 0.30005199 0.03343803
vt 0.30703899 0.02883601
vt 0.29860699 0.01893800
vt 0.30550599 0.01858902
vt 0.30205700 0.01876301
vt 0.30895501 0.01841402
vt 0.30981100 0.02361500
vt 0.31066799 0.02881497
vt 0.30774200 0.03359997
vt 0.31152400 0.03401601
vt 0.30828401 0.03753603
vt 0.30439100 0.03713202
vt 0.30044001 0.03710598
vt 0.29631200 0.03723198
vt 0.11305000 0.00538200
vt 0.11558900 0.01005399
vt 0.11171300 0.00989997
vt 0.12039500 0.00562501
vt 0.11667800 0.00550902
vt 0.11453800 0.01468003
vt 0.11033000 0.01447898
vt 0.11957600 0.01018101
vt 0.11433000 0.00089002
vt 0.12122600 0.00111502
vt 0.11777800 0.00100303
vt 0.12467400 0.00122797
vt 0.12419900 0.00572300
vt 0.12365600 0.01028299
vt 0.11880300 0.01482803
vt 0.12312900 0.01493698
vt 0.11812000 0.01961100
vt 0.11361800 0.01944900
vt 0.10907500 0.01920599
vt 0.10415200 0.01872998
vt 0.34300101 0.93875402
vt 0.33912101 0.93570399
vt 0.34178400 0.93472803
vt 0.33853501 0.94060397
vt 0.34072399 0.93957299
vt 0.33746901 0.93171602
vt 0.34052700 0.93054301
vt 0.33654800 0.93689698
vt 0.34417301 0.94262201
vt 0.34044099 0.94416898
vt 0.34226900 0.94330400
vt 0.33870599 0.94520801
vt 0.33645901 0.94184500
vt 0.33411199 0.93833202
vt 0.33447799 0.93304801
vt 0.33164200 0.93463701
vt 0.33234200 0.92909300
vt 0.33579099 0.92766398
vt 0.33924001 0.92623502
vt 0.34268901 0.92480701
vt 0.10823500 0.02417302
vt 0.11237100 0.02921402
vt 0.10762500 0.02916598
vt 0.11756700 0.02451599
vt 0.11290800 0.02436602
vt 0.11195400 0.03369403
vt 0.10710900 0.03391099
vt 0.11713600 0.02930802
vt 0.10351900 0.02393800
vt 0.12265600 0.01972598
vt 0.12226600 0.02463299
vt 0.12195600 0.02941900
vt 0.11681100 0.03369099
vt 0.12172100 0.03378999
vt 0.11658200 0.03735602
vt 0.11165900 0.03741300
vt 0.10672500 0.03784901
vt 0.10225200 0.03435397
vt 0.10161900 0.03956199
vt 0.10288500 0.02914602
vt 0.33451799 0.94328797
vt 0.32976601 0.94195402
vt 0.33185300 0.94003397
vt 0.33109999 0.94670600
vt 0.33272699 0.94491500
vt 0.32671401 0.93890202
vt 0.32909000 0.93664801
vt 0.32784599 0.94404101
vt 0.33708200 0.94641298
vt 0.33422500 0.94927001
vt 0.33558401 0.94777203
vt 0.33302000 0.95089400
vt 0.32965699 0.94864702
vt 0.32614401 0.94630003
vt 0.32446000 0.94127798
vt 0.32244900 0.94383103
vt 0.32097301 0.93844098
vt 0.32361299 0.93580103
vt 0.32625300 0.93316102
vt 0.32889301 0.93052101
vt 0.12704100 0.02472502
vt 0.13180800 0.02958399
vt 0.12685800 0.02951401
vt 0.13668799 0.02483797
vt 0.13186400 0.02479303
vt 0.13175701 0.03395802
vt 0.12671500 0.03388602
vt 0.13675900 0.02963001
vt 0.12726600 0.01981401
vt 0.13657799 0.01992297
vt 0.13192201 0.01988000
vt 0.14118899 0.01994300
vt 0.14146399 0.02485800
vt 0.14166100 0.02965099
vt 0.13680001 0.03400397
vt 0.14179400 0.03402501
vt 0.13681901 0.03766602
vt 0.13171400 0.03761899
vt 0.12660900 0.03754598
vt 0.12155400 0.03744900
vt 0.12811700 0.00579298
vt 0.13203301 0.01042098
vt 0.12782100 0.01036203
vt 0.13605700 0.00588602
vt 0.13208701 0.00584602
vt 0.13197801 0.01508498
vt 0.12753201 0.01502198
vt 0.13624500 0.01046097
vt 0.12840700 0.00127202
vt 0.13587300 0.00135899
vt 0.13214000 0.00131601
vt 0.13960600 0.00140297
vt 0.13997500 0.00590801
vt 0.14041100 0.01047897
vt 0.13642500 0.01512599
vt 0.14082900 0.01514500
vt 0.32841599 0.95072299
vt 0.32351601 0.95130903
vt 0.32470900 0.94873601
vt 0.32656601 0.95518899
vt 0.32738501 0.95291197
vt 0.31952801 0.94965702
vt 0.32086000 0.94666600
vt 0.32253999 0.95397198
vt 0.33197999 0.95262897
vt 0.33043399 0.95636201
vt 0.33111599 0.95445698
vt 0.32994199 0.95832300
vt 0.32597500 0.95753402
vt 0.32183200 0.95670998
vt 0.31835499 0.95271498
vt 0.31747299 0.95584297
vt 0.31404701 0.95142800
vt 0.31547600 0.94797897
vt 0.31690499 0.94453001
vt 0.31833300 0.94108099
vt 0.14616500 0.02485198
vt 0.15124901 0.02967000
vt 0.14648300 0.02965301
vt 0.15550600 0.02472800
vt 0.15082800 0.02481198
vt 0.15155999 0.03415799
vt 0.14670500 0.03404200
vt 0.15599500 0.02973300
vt 0.14572801 0.01993501
vt 0.15481900 0.01974499
vt 0.15024400 0.01988000
vt 0.15971100 0.01938200
vt 0.16022301 0.02460301
vt 0.16073400 0.02982402
vt 0.15639900 0.03448898
vt 0.16124500 0.03504598
vt 0.15669000 0.03843498
vt 0.15176800 0.03788400
vt 0.14684799 0.03771198
vt 0.14187500 0.03768700
vt 0.14378500 0.00589901
vt 0.14853300 0.01044399
vt 0.14449801 0.01047403
vt 0.15126200 0.00584000
vt 0.14753500 0.00587302
vt 0.14946000 0.01509303
vt 0.14516100 0.01513797
vt 0.15254900 0.01039201
vt 0.14305601 0.00137103
vt 0.14995500 0.00130802
vt 0.14650500 0.00133902
vt 0.15340500 0.00127602
vt 0.15498200 0.00580198
vt 0.15655801 0.01032901
vt 0.15377700 0.01499701
vt 0.15813500 0.01485503
vt 0.01371500 0.00516099
vt 0.01466600 0.00983399
vt 0.01152800 0.00966299
vt 0.01953800 0.00544202
vt 0.01659400 0.00530499
vt 0.01286600 0.01444298
vt 0.00944000 0.01421899
vt 0.01788200 0.00998402
vt 0.01330000 0.00054699
vt 0.01086100 0.00501400
vt 0.01594000 0.00068098
vt 0.02122000 0.00094801
vt 0.01858000 0.00081402
vt 0.02386000 0.00108099
vt 0.02265900 0.00556499
vt 0.02126400 0.01011199
vt 0.01632300 0.01461703
vt 0.01991900 0.01475400
vt 0.01496300 0.01938599
vt 0.01132100 0.01919597
vt 0.00765300 0.01892501
vt 0.00598400 0.01394701
vt 0.00354500 0.01841402
vt 0.00842300 0.00948101
vt 0.32562399 0.95992702
vt 0.32132101 0.96234399
vt 0.32143900 0.95950997
vt 0.32562399 0.96476102
vt 0.32550800 0.96234399
vt 0.31700400 0.96234399
vt 0.31709000 0.95907003
vt 0.32143900 0.96517700
vt 0.32964599 0.96032399
vt 0.32964599 0.96436399
vt 0.32954800 0.96234399
vt 0.32994199 0.96636498
vt 0.32597500 0.96715403
vt 0.32183200 0.96797800
vt 0.31709000 0.96561700
vt 0.31747299 0.96884501
vt 0.31261900 0.96607697
vt 0.31261900 0.96234399
vt 0.31261900 0.95861000
vt 0.31261799 0.95487702
vt 0.00642300 0.02388000
vt 0.00924100 0.02894300
vt 0.00551500 0.02886403
vt 0.01388200 0.02428198
vt 0.01013200 0.02410299
vt 0.00857100 0.03341597
vt 0.00476400 0.03360301
vt 0.01306200 0.02906698
vt 0.00268800 0.02361500
vt 0.01873300 0.01953101
vt 0.01778400 0.02442998
vt 0.01706300 0.02920997
vt 0.01246500 0.03344399
vt 0.01654100 0.03357601
vt 0.01206000 0.03710598
vt 0.00810800 0.03713202
vt 0.00421500 0.03753603
vt 0.00097500 0.03401601
vt 0.00011900 0.03921598
vt 0.00183200 0.02881497
vt 0.02609300 0.00566298
vt 0.02870500 0.01031101
vt 0.02488400 0.01022100
vt 0.03342900 0.00581700
vt 0.02971500 0.00574601
vt 0.02776500 0.01496601
vt 0.02373800 0.01486999
vt 0.03266800 0.01038402
vt 0.02730900 0.00115401
vt 0.03420700 0.00129801
vt 0.03075800 0.00122601
vt 0.03765600 0.00137103
vt 0.03723400 0.00586998
vt 0.03674500 0.01043701
vt 0.03195600 0.01504201
vt 0.03627200 0.01509702
vt 0.03133500 0.01983303
vt 0.02694600 0.01975399
vt 0.02273200 0.01965302
vt 0.32656601 0.96949899
vt 0.32351601 0.97337800
vt 0.32253999 0.97071499
vt 0.32841599 0.97396499
vt 0.32738501 0.97177601
vt 0.31952801 0.97503000
vt 0.31835499 0.97197300
vt 0.32470900 0.97595102
vt 0.33043399 0.96832597
vt 0.33197999 0.97205901
vt 0.33111599 0.97022998
vt 0.33302000 0.97379398
vt 0.32965699 0.97604102
vt 0.32614401 0.97838801
vt 0.32086000 0.97802198
vt 0.32244900 0.98085701
vt 0.31690499 0.98015797
vt 0.31547600 0.97670901
vt 0.31404701 0.97325999
vt 0.31261799 0.96981001
vt 0.02192700 0.02455598
vt 0.02579600 0.02944601
vt 0.02131500 0.02933902
vt 0.03083900 0.02474302
vt 0.02629300 0.02465999
vt 0.02543600 0.03381598
vt 0.02087200 0.03370702
vt 0.03046300 0.02953100
vt 0.03585600 0.01989001
vt 0.03552300 0.02480203
vt 0.03527000 0.02959198
vt 0.03019000 0.03390300
vt 0.03508600 0.03396499
vt 0.03000500 0.03756303
vt 0.02519300 0.03747499
vt 0.02057200 0.03736502
vt 0.01618700 0.03723198
vt 0.33109999 0.97798097
vt 0.32976601 0.98273301
vt 0.32784599 0.98064601
vt 0.33451799 0.98140001
vt 0.33272699 0.97977197
vt 0.32671401 0.98578501
vt 0.32446000 0.98341000
vt 0.33185300 0.98465300
vt 0.33422500 0.97541797
vt 0.33708200 0.97827500
vt 0.33558401 0.97691602
vt 0.33870599 0.97948003
vt 0.33645901 0.98284298
vt 0.33411199 0.98635501
vt 0.32909000 0.98803902
vt 0.33164200 0.99005097
vt 0.32625300 0.99152601
vt 0.32361299 0.98888701
vt 0.32097301 0.98624700
vt 0.31833300 0.98360699
vt 0.04029900 0.02483797
vt 0.04512300 0.02964097
vt 0.04017200 0.02962899
vt 0.04994600 0.02483797
vt 0.04512300 0.02485001
vt 0.04512300 0.03401500
vt 0.04008000 0.03400201
vt 0.05007400 0.02962798
vt 0.04046700 0.01992500
vt 0.04977900 0.01992500
vt 0.04512300 0.01993698
vt 0.05439000 0.01989001
vt 0.05472300 0.02480203
vt 0.05497600 0.02959198
vt 0.05016600 0.03400201
vt 0.05516000 0.03396499
vt 0.05022800 0.03766298
vt 0.04512300 0.03767598
vt 0.04001800 0.03766298
vt 0.03496200 0.03762603
vt 0.04115200 0.00589502
vt 0.04512300 0.01047599
vt 0.04091000 0.01046699
vt 0.04909300 0.00589502
vt 0.04512300 0.00590098
vt 0.04512300 0.01514101
vt 0.04067600 0.01512998
vt 0.04933500 0.01046699
vt 0.04139000 0.00137001
vt 0.04885600 0.00137001
vt 0.04512300 0.00137001
vt 0.05258900 0.00137103
vt 0.05301100 0.00586998
vt 0.05350100 0.01043701
vt 0.04957000 0.01512998
vt 0.05397300 0.01509702
vt 0.05940600 0.02474302
vt 0.06445000 0.02944601
vt 0.05978300 0.02953100
vt 0.06831900 0.02455598
vt 0.06395300 0.02465999
vt 0.06480900 0.03381598
vt 0.06005600 0.03390300
vt 0.06893100 0.02933902
vt 0.05891100 0.01983303
vt 0.06751400 0.01965302
vt 0.06329900 0.01975298
vt 0.07151300 0.01953202
vt 0.07246200 0.02442998
vt 0.07318300 0.02920997
vt 0.06937400 0.03370702
vt 0.07370500 0.03357601
vt 0.06967400 0.03736502
vt 0.06505300 0.03747499
vt 0.06024100 0.03756303
vt 0.05528400 0.03762603
vt 0.05681600 0.00581700
vt 0.06154100 0.01031101
vt 0.05757800 0.01038402
vt 0.06415300 0.00566298
vt 0.06053100 0.00574601
vt 0.06248100 0.01496601
vt 0.05829000 0.01504201
vt 0.06536100 0.01022100
vt 0.05603900 0.00129801
vt 0.06293700 0.00115401
vt 0.05948800 0.00122601
vt 0.06638600 0.00108099
vt 0.06758700 0.00556499
vt 0.06898200 0.01011199
vt 0.06650700 0.01486999
vt 0.07032700 0.01475400
vt 0.33853501 0.98408300
vt 0.33912101 0.98898399
vt 0.33654800 0.98779100
vt 0.34300101 0.98593301
vt 0.34072399 0.98511499
vt 0.33746901 0.99297202
vt 0.33447799 0.99163902
vt 0.34178400 0.98995900
vt 0.34044099 0.98051900
vt 0.34417301 0.98206502
vt 0.34226900 0.98138303
vt 0.34613499 0.98255700
vt 0.34534600 0.98652399
vt 0.34452200 0.99066699
vt 0.34052700 0.99414498
vt 0.34365499 0.99502599
vt 0.33924001 0.99845201
vt 0.33579099 0.99702400
vt 0.33234200 0.99559498
vt 0.32889301 0.99416602
vt 0.07070700 0.00544202
vt 0.07558000 0.00983298
vt 0.07236400 0.00998300
vt 0.07653100 0.00516099
vt 0.07365100 0.00530499
vt 0.07738000 0.01444298
vt 0.07392300 0.01461703
vt 0.07871800 0.00966299
vt 0.06902600 0.00094801
vt 0.07430600 0.00068098
vt 0.07166600 0.00081402
vt 0.07694500 0.00054699
vt 0.07938400 0.00501400
vt 0.08182300 0.00948101
vt 0.08080600 0.01421899
vt 0.08426200 0.01394701
vt 0.08259200 0.01892501
vt 0.07892500 0.01919597
vt 0.07528200 0.01938599
vt 0.34773901 0.98687601
vt 0.35015601 0.99117899
vt 0.34732199 0.99106097
vt 0.35257301 0.98687601
vt 0.35015601 0.98699099
vt 0.35015601 0.99549502
vt 0.34688199 0.99540901
vt 0.35298899 0.99106097
vt 0.34813601 0.98285300
vt 0.35217601 0.98285300
vt 0.35015601 0.98295200
vt 0.35417601 0.98255700
vt 0.35496601 0.98652399
vt 0.35578999 0.99066699
vt 0.35342899 0.99540901
vt 0.35665700 0.99502599
vt 0.35388899 0.99988103
vt 0.35015601 0.99988103
vt 0.34642199 0.99988103
vt 0.34268901 0.99988103
vt 0.07636400 0.02428198
vt 0.08100400 0.02894199
vt 0.07718400 0.02906698
vt 0.08382300 0.02388000
vt 0.08011400 0.02410299
vt 0.08167500 0.03341597
vt 0.07778100 0.03344399
vt 0.08473100 0.02886403
vt 0.08670100 0.01841402
vt 0.08755700 0.02361500
vt 0.08841400 0.02881497
vt 0.08548200 0.03360301
vt 0.08927000 0.03401601
vt 0.08603100 0.03753603
vt 0.08213700 0.03713202
vt 0.07818600 0.03710598
vt 0.07405900 0.03723198
vt 0.19724999 0.97677803
vt 0.19206400 0.92849702
vt 0.19723700 0.92848402
vt 0.19728599 0.99567699
vt 0.19206400 0.97678900
vt 0.18687800 0.97677803
vt 0.18689100 0.92848402
vt 0.19206400 0.99568403
vt 0.20235600 0.83605397
vt 0.19723500 0.83609301
vt 0.20235801 0.92844599
vt 0.20237800 0.97674102
vt 0.20243700 0.99564499
vt 0.19734401 0.99988103
vt 0.19206400 0.99988103
vt 0.18684299 0.99567699
vt 0.18678500 0.99988103
vt 0.18169200 0.99564499
vt 0.18175000 0.97674102
vt 0.18177000 0.92844599
vt 0.18177301 0.83605397
vt 0.18689300 0.83609301
vt 0.19206400 0.83610499
vt 0.05030900 0.97677803
vt 0.04512300 0.92849702
vt 0.05029600 0.92848402
vt 0.05034400 0.99567699
vt 0.04512300 0.97678900
vt 0.03993700 0.97677803
vt 0.03995000 0.92848402
vt 0.04512300 0.99568403
vt 0.05541400 0.83605397
vt 0.05029400 0.83609301
vt 0.05541700 0.92844599
vt 0.05543700 0.97674102
vt 0.05549500 0.99564499
vt 0.05040300 0.99988103
vt 0.04512300 0.99988103
vt 0.03990100 0.99567699
vt 0.03984300 0.99988103
vt 0.03475000 0.99564499
vt 0.03480900 0.97674102
vt 0.03482900 0.92844599
vt 0.03483100 0.83605397
vt 0.03995200 0.83609301
vt 0.04512300 0.83610499
vt 0.35731101 0.98593301
vt 0.36118999 0.98898399
vt 0.35852700 0.98995900
vt 0.36177701 0.98408300
vt 0.35958800 0.98511499
vt 0.36284199 0.99297202
vt 0.35978499 0.99414498
vt 0.36376300 0.98778999
vt 0.35613799 0.98206502
vt 0.35987100 0.98051900
vt 0.35804200 0.98138303
vt 0.36160600 0.97948003
vt 0.36385301 0.98284298
vt 0.36620000 0.98635501
vt 0.36583400 0.99163902
vt 0.36866900 0.99005097
vt 0.36796999 0.99559498
vt 0.36452100 0.99702400
vt 0.36107099 0.99845201
vt 0.35762200 0.99988103
vt 0.16842499 0.02450699
vt 0.17262401 0.02949899
vt 0.16787700 0.02950698
vt 0.17776400 0.02474099
vt 0.17310201 0.02464598
vt 0.17226000 0.03398299
vt 0.16741800 0.03425801
vt 0.17738999 0.02953798
vt 0.16428301 0.01911199
vt 0.16371000 0.02432698
vt 0.16917101 0.01953202
vt 0.17825800 0.01982898
vt 0.17374299 0.01972097
vt 0.18279700 0.01989102
vt 0.18246400 0.02480203
vt 0.18221100 0.02959198
vt 0.17711601 0.03392398
vt 0.18202700 0.03396499
vt 0.17693099 0.03759199
vt 0.17200799 0.03770602
vt 0.16708000 0.03819901
vt 0.16256601 0.03475702
vt 0.16199400 0.03997201
vt 0.16313800 0.02954203
vt 0.23332500 0.98603600
vt 0.22950800 0.93711197
vt 0.23332299 0.95852101
vt 0.22955599 0.99531102
vt 0.22952200 0.97927803
vt 0.22559200 0.97659302
vt 0.22555199 0.92906600
vt 0.23706800 0.99176300
vt 0.23332299 0.88251400
vt 0.23706800 0.99350101
vt 0.23706800 0.99523997
vt 0.23332900 0.99599302
vt 0.23706800 0.99697798
vt 0.23333500 0.99890500
vt 0.22960100 0.99909401
vt 0.22569700 0.99513298
vt 0.22586800 0.99928302
vt 0.22160199 0.99524301
vt 0.22143500 0.97634202
vt 0.22138000 0.92804801
vt 0.22137199 0.83565599
vt 0.22554600 0.83713400
vt 0.22950600 0.84839600
vt 0.12588499 0.97671700
vt 0.12126600 0.92837799
vt 0.12643801 0.92842603
vt 0.12569900 0.99561501
vt 0.12069900 0.97666699
vt 0.11551400 0.97659498
vt 0.11609300 0.92830503
vt 0.12047800 0.99556100
vt 0.13264100 0.83606303
vt 0.12751999 0.83604097
vt 0.13156000 0.92844802
vt 0.13101301 0.97674000
vt 0.13085000 0.99564302
vt 0.12570800 0.99981898
vt 0.12042800 0.99975699
vt 0.11525700 0.99549198
vt 0.11514900 0.99969500
vt 0.11010600 0.99540001
vt 0.11038700 0.97649801
vt 0.11097300 0.92820698
vt 0.11205900 0.83582103
vt 0.11717900 0.83591902
vt 0.12234900 0.83599299
vt 0.17288999 0.00567001
vt 0.17556600 0.01030600
vt 0.17155001 0.01020700
vt 0.18036599 0.00581700
vt 0.17661700 0.00574797
vt 0.17458400 0.01494402
vt 0.17026800 0.01479697
vt 0.17959900 0.01038301
vt 0.17080100 0.00108099
vt 0.16917101 0.00558901
vt 0.17425001 0.00115401
vt 0.18114799 0.00129801
vt 0.17769900 0.00122601
vt 0.18459800 0.00137103
vt 0.18417600 0.00586998
vt 0.18368600 0.01043701
vt 0.17888200 0.01503903
vt 0.18321399 0.01509702
vt 0.16591200 0.01460397
vt 0.16754200 0.01009703
vt 0.36579299 0.98140001
vt 0.37054500 0.98273301
vt 0.36845800 0.98465300
vt 0.36921099 0.97798097
vt 0.36758399 0.97977197
vt 0.37359700 0.98578501
vt 0.37122199 0.98803902
vt 0.37246501 0.98064601
vt 0.36322999 0.97827500
vt 0.36608699 0.97541797
vt 0.36472800 0.97691602
vt 0.36729199 0.97379398
vt 0.37065500 0.97604102
vt 0.37416700 0.97838801
vt 0.37585101 0.98341000
vt 0.37786299 0.98085701
vt 0.37933800 0.98624700
vt 0.37669900 0.98888701
vt 0.37405899 0.99152601
vt 0.37141901 0.99416602
vt 0.18724100 0.02483797
vt 0.19206400 0.02964097
vt 0.18711400 0.02962899
vt 0.19688800 0.02483797
vt 0.19206400 0.02485001
vt 0.19206400 0.03401500
vt 0.18702100 0.03400201
vt 0.19701500 0.02962899
vt 0.18740800 0.01992500
vt 0.19672000 0.01992500
vt 0.19206400 0.01993698
vt 0.20133100 0.01989102
vt 0.20166400 0.02480203
vt 0.20191801 0.02959198
vt 0.19710700 0.03400201
vt 0.20210101 0.03396499
vt 0.19716901 0.03766298
vt 0.19206400 0.03767598
vt 0.18695900 0.03766298
vt 0.18190300 0.03762603
vt 0.10535700 0.97678298
vt 0.10087700 0.93733597
vt 0.10592800 0.92925900
vt 0.10017800 0.99553102
vt 0.10037800 0.97949898
vt 0.09571900 0.95877302
vt 0.09539500 0.98628598
vt 0.10700800 0.83733296
vt 0.10510200 0.99532199
vt 0.10499400 0.99947399
vt 0.10011700 0.99931502
vt 0.09527700 0.99624199
vt 0.09524100 0.99915498
vt 0.09038500 0.99725699
vt 0.09040500 0.99551898
vt 0.09042600 0.99378097
vt 0.09661000 0.88277197
vt 0.09044600 0.99204302
vt 0.10191800 0.84862500
vt 0.17672400 0.97708499
vt 0.17178200 0.93769300
vt 0.17673799 0.92955703
vt 0.17176500 0.99589199
vt 0.17177700 0.97985899
vt 0.16687600 0.95918900
vt 0.16687500 0.98670501
vt 0.17674001 0.83762503
vt 0.17668700 0.99562597
vt 0.17662700 0.99977899
vt 0.17174900 0.99967700
vt 0.16687299 0.99666101
vt 0.16687100 0.99957401
vt 0.16199400 0.99773401
vt 0.16199400 0.99599499
vt 0.16199400 0.99425697
vt 0.16687600 0.88318300
vt 0.16199400 0.99251902
vt 0.17178300 0.84897697
vt 0.35405499 0.96395898
vt 0.35437700 0.96234399
vt 0.35537499 0.96338201
vt 0.35314000 0.96532798
vt 0.35457999 0.96530002
vt 0.35177100 0.96624303
vt 0.35311201 0.96676803
vt 0.35015601 0.96656501
vt 0.35119399 0.96756297
vt 0.34854001 0.96624303
vt 0.34911799 0.96756297
vt 0.34717101 0.96532798
vt 0.34719899 0.96676803
vt 0.34625599 0.96395898
vt 0.34573099 0.96530002
vt 0.34593499 0.96234399
vt 0.34493700 0.96338201
vt 0.34625599 0.96072900
vt 0.34493700 0.96130598
vt 0.34717101 0.95935899
vt 0.34573099 0.95938700
vt 0.34854001 0.95844400
vt 0.34719899 0.95791900
vt 0.35015601 0.95812297
vt 0.34911799 0.95712501
vt 0.35177100 0.95844400
vt 0.35119399 0.95712501
vt 0.35314000 0.95935899
vt 0.35311201 0.95791900
vt 0.35405499 0.96072900
vt 0.35457999 0.95938700
vt 0.35537499 0.96130598
vt 0.35733101 0.96432501
vt 0.35754299 0.96325898
vt 0.35828900 0.96396202
vt 0.35657600 0.96500301
vt 0.35710499 0.96234399
vt 0.35602599 0.96692002
vt 0.35663000 0.96601599
vt 0.35705101 0.96695101
vt 0.35506999 0.96725798
vt 0.35382801 0.96881801
vt 0.35473201 0.96821398
vt 0.35476300 0.96923900
vt 0.35281500 0.96876401
vt 0.35107100 0.96973097
vt 0.35213700 0.96951902
vt 0.35177401 0.97047698
vt 0.35015601 0.96929300
vt 0.34817499 0.96951902
vt 0.34924001 0.96973097
vt 0.34853801 0.97047698
vt 0.34749600 0.96876401
vt 0.34558001 0.96821398
vt 0.34648299 0.96881801
vt 0.34554899 0.96923900
vt 0.34524199 0.96725798
vt 0.34368199 0.96601599
vt 0.34428501 0.96692002
vt 0.34326100 0.96695101
vt 0.34373501 0.96500301
vt 0.34276900 0.96325898
vt 0.34298101 0.96432501
vt 0.34202200 0.96396202
vt 0.34320599 0.96234399
vt 0.34298101 0.96036303
vt 0.34276900 0.96142799
vt 0.34202200 0.96072602
vt 0.34373501 0.95968401
vt 0.34428501 0.95776802
vt 0.34368199 0.95867097
vt 0.34326100 0.95773697
vt 0.34524199 0.95743001
vt 0.34648299 0.95586997
vt 0.34558001 0.95647299
vt 0.34554899 0.95544899
vt 0.34749600 0.95592302
vt 0.34924001 0.95495701
vt 0.34817499 0.95516902
vt 0.34853801 0.95420998
vt 0.35015601 0.95539403
vt 0.35213700 0.95516902
vt 0.35107100 0.95495701
vt 0.35177401 0.95420998
vt 0.35281500 0.95592302
vt 0.35473201 0.95647299
vt 0.35382801 0.95586997
vt 0.35476300 0.95544899
vt 0.35506999 0.95743001
vt 0.35663000 0.95867097
vt 0.35602599 0.95776802
vt 0.35705101 0.95773697
vt 0.35657600 0.95968401
vt 0.35754299 0.96142799
vt 0.35733101 0.96036303
vt 0.35828900 0.96072602
vt 0.18809400 0.00589502
vt 0.19206400 0.01047599
vt 0.18785200 0.01046699
vt 0.19603500 0.00589502
vt 0.19206400 0.00590098
vt 0.19206400 0.01514101
vt 0.18761700 0.01512998
vt 0.19627699 0.01046699
vt 0.18833099 0.00137103
vt 0.19579799 0.00137103
vt 0.19206400 0.00137103
vt 0.19953100 0.00137103
vt 0.19995300 0.00586998
vt 0.20044200 0.01043701
vt 0.19651100 0.01512998
vt 0.20091499 0.01509702
vt 0.30863601 0.95852101
vt 0.30483401 0.97927803
vt 0.30482000 0.93711197
vt 0.30863699 0.98603600
vt 0.30486801 0.99531102
vt 0.30090401 0.97659302
vt 0.30086401 0.92906600
vt 0.31238100 0.99350101
vt 0.30863500 0.88251400
vt 0.31238100 0.99176300
vt 0.31238100 0.99523997
vt 0.30864200 0.99599302
vt 0.31238100 0.99697798
vt 0.30864701 0.99890500
vt 0.30491400 0.99909401
vt 0.30100900 0.99513298
vt 0.30118099 0.99928302
vt 0.29691499 0.99524301
vt 0.29674801 0.97634202
vt 0.29669201 0.92804801
vt 0.29668400 0.83565599
vt 0.30085900 0.83713400
vt 0.30481899 0.84839600
vt 0.08638200 0.95852101
vt 0.08258100 0.97927803
vt 0.08256700 0.93711197
vt 0.08638300 0.98603600
vt 0.08261400 0.99531102
vt 0.07865100 0.97659302
vt 0.07861100 0.92906600
vt 0.09012700 0.99350101
vt 0.08638100 0.88251400
vt 0.09012700 0.99176300
vt 0.09012700 0.99523997
vt 0.08638800 0.99599302
vt 0.09012700 0.99697798
vt 0.08639300 0.99890500
vt 0.08266000 0.99909401
vt 0.07875600 0.99513298
vt 0.07892700 0.99928302
vt 0.07466100 0.99524301
vt 0.07449400 0.97634202
vt 0.07443800 0.92804801
vt 0.07443000 0.83565599
vt 0.07860500 0.83713400
vt 0.08256500 0.84839600
vt 0.07003600 0.97647500
vt 0.06531200 0.92829400
vt 0.06999500 0.92818201
vt 0.06537600 0.99548101
vt 0.06533000 0.97658598
vt 0.06045300 0.97667599
vt 0.06043700 0.92838198
vt 0.06999000 0.83578998
vt 0.07014300 0.99537200
vt 0.07031600 0.99957401
vt 0.06543800 0.99967700
vt 0.06049400 0.99557501
vt 0.06056000 0.99977899
vt 0.06043500 0.83599102
vt 0.06530900 0.83590198
vt 0.01159500 0.97659302
vt 0.00767900 0.93711197
vt 0.01163500 0.92906600
vt 0.01149000 0.99513298
vt 0.00766500 0.97927803
vt 0.00386400 0.95852101
vt 0.00763100 0.99531102
vt 0.00386200 0.98603600
vt 0.01581500 0.83565599
vt 0.01164100 0.83713400
vt 0.01580700 0.92804801
vt 0.01575200 0.97634202
vt 0.01558500 0.99524301
vt 0.01131900 0.99928302
vt 0.00758600 0.99909401
vt 0.00385800 0.99599302
vt 0.00385200 0.99890500
vt 0.00011900 0.99697798
vt 0.00011900 0.99523997
vt 0.00011900 0.99350101
vt 0.00386400 0.88251400
vt 0.00011900 0.99176300
vt 0.00768100 0.84839600
vt 0.20375800 0.00581700
vt 0.20848200 0.01031101
vt 0.20451900 0.01038402
vt 0.21109401 0.00566298
vt 0.20747200 0.00574601
vt 0.20942201 0.01496601
vt 0.20523100 0.01504201
vt 0.21230300 0.01022100
vt 0.20298000 0.00129801
vt 0.20987800 0.00115401
vt 0.20642900 0.00122601
vt 0.21332701 0.00108200
vt 0.21452799 0.00556499
vt 0.21592300 0.01011199
vt 0.21344900 0.01486999
vt 0.21726801 0.01475400
vt 0.21445499 0.01965302
vt 0.21024100 0.01975399
vt 0.20585200 0.01983303
vt 0.14609300 0.95936400
vt 0.14094900 0.97997397
vt 0.14143901 0.93781102
vt 0.14577100 0.98687702
vt 0.14077300 0.99600703
vt 0.13603500 0.97714299
vt 0.13657799 0.92961800
vt 0.15056300 0.99448597
vt 0.14698400 0.88336301
vt 0.15058300 0.99274802
vt 0.15054300 0.99622500
vt 0.14565501 0.99683303
vt 0.15052199 0.99796301
vt 0.14562300 0.99974602
vt 0.14074400 0.99979103
vt 0.13585401 0.99568301
vt 0.13586600 0.99983603
vt 0.13765500 0.83769202
vt 0.14247900 0.84910101
vt 0.29229000 0.97647500
vt 0.28756499 0.92829400
vt 0.29224899 0.92818201
vt 0.28762999 0.99548101
vt 0.28758401 0.97658598
vt 0.28270701 0.97667599
vt 0.28269100 0.92838198
vt 0.29224300 0.83578998
vt 0.29239601 0.99537200
vt 0.29256999 0.99957401
vt 0.28769201 0.99967700
vt 0.28274801 0.99557501
vt 0.28281400 0.99977899
vt 0.27774900 0.99564499
vt 0.27768999 0.97674102
vt 0.27767101 0.92844599
vt 0.27766800 0.83605397
vt 0.28268901 0.83599102
vt 0.28756300 0.83590198
vt 0.37189499 0.97396499
vt 0.37679601 0.97337800
vt 0.37560201 0.97595102
vt 0.37374499 0.96949899
vt 0.37292701 0.97177601
vt 0.38078400 0.97503000
vt 0.37945101 0.97802198
vt 0.37777099 0.97071499
vt 0.36833099 0.97205901
vt 0.36987701 0.96832597
vt 0.36919501 0.97022998
vt 0.37036899 0.96636403
vt 0.37433600 0.96715403
vt 0.37847900 0.96797800
vt 0.38195699 0.97197300
vt 0.38283801 0.96884501
vt 0.38626400 0.97325999
vt 0.38483599 0.97670901
vt 0.38340700 0.98015797
vt 0.38197801 0.98360699
vt 0.20634800 0.02474302
vt 0.21139100 0.02944601
vt 0.20672500 0.02953100
vt 0.21526000 0.02455598
vt 0.21089400 0.02465999
vt 0.21175100 0.03381699
vt 0.20699801 0.03390300
vt 0.21587200 0.02933902
vt 0.21845400 0.01953202
vt 0.21940300 0.02442998
vt 0.22012401 0.02920997
vt 0.21631600 0.03370702
vt 0.22064701 0.03357601
vt 0.21661501 0.03736502
vt 0.21199401 0.03747600
vt 0.20718201 0.03756303
vt 0.20222500 0.03762603
vt 0.21764900 0.00544202
vt 0.22252101 0.00983399
vt 0.21930601 0.00998402
vt 0.22347200 0.00516099
vt 0.22059301 0.00530499
vt 0.22432099 0.01444298
vt 0.22086400 0.01461703
vt 0.22566000 0.00966299
vt 0.21596700 0.00094801
vt 0.22124700 0.00068098
vt 0.21860699 0.00081402
vt 0.22388700 0.00054699
vt 0.22632600 0.00501400
vt 0.22876500 0.00948101
vt 0.22774699 0.01421899
vt 0.23120300 0.01394701
vt 0.22953400 0.01892501
vt 0.22586600 0.01919597
vt 0.22222400 0.01938599
vt 0.27256301 0.97677803
vt 0.26737699 0.92849702
vt 0.27254900 0.92848402
vt 0.26737699 0.99568403
vt 0.26737699 0.97678900
vt 0.26219001 0.97677803
vt 0.26220399 0.92848402
vt 0.27254799 0.83609301
vt 0.27259800 0.99567699
vt 0.27265599 0.99988103
vt 0.26737699 0.99988103
vt 0.26215500 0.99567699
vt 0.26209700 0.99988103
vt 0.25700399 0.99564499
vt 0.25706300 0.97674102
vt 0.25708199 0.92844599
vt 0.25708500 0.83605397
vt 0.26220599 0.83609301
vt 0.26737699 0.83610499
vt 0.25203601 0.97708499
vt 0.24709401 0.93769300
vt 0.25205001 0.92955703
vt 0.24707800 0.99589199
vt 0.24709000 0.97985899
vt 0.24218801 0.95918900
vt 0.24218699 0.98670501
vt 0.25205299 0.83762503
vt 0.25200000 0.99562597
vt 0.25193900 0.99977899
vt 0.24706200 0.99967700
vt 0.24218599 0.99666101
vt 0.24218400 0.99957401
vt 0.23730600 0.99773401
vt 0.23730600 0.99599499
vt 0.23730600 0.99425697
vt 0.23730600 0.99251902
vt 0.24218801 0.88318300
vt 0.24709500 0.84897697
vt 0.37468800 0.96476102
vt 0.37899101 0.96234399
vt 0.37887299 0.96517700
vt 0.37468800 0.95992702
vt 0.37480301 0.96234399
vt 0.38330701 0.96234399
vt 0.38322100 0.96561700
vt 0.37887299 0.95950997
vt 0.37066501 0.96436399
vt 0.37066501 0.96032399
vt 0.37076399 0.96234399
vt 0.38322100 0.95907003
vt 0.38769299 0.95861000
vt 0.38769299 0.96234399
vt 0.38769299 0.96607697
vt 0.38769299 0.96981001
vt 0.22330500 0.02428198
vt 0.22794600 0.02894300
vt 0.22412500 0.02906698
vt 0.23076400 0.02388000
vt 0.22705500 0.02410299
vt 0.22861600 0.03341597
vt 0.22472200 0.03344399
vt 0.23167200 0.02886403
vt 0.23364200 0.01841402
vt 0.23449899 0.02361500
vt 0.23535500 0.02881497
vt 0.23242299 0.03360301
vt 0.23621200 0.03401601
vt 0.23297200 0.03753603
vt 0.22907899 0.03713202
vt 0.22512700 0.03710598
vt 0.22100000 0.03723198
vt 0.21697700 0.97647500
vt 0.21225300 0.92829400
vt 0.21693701 0.92818201
vt 0.21231700 0.99548101
vt 0.21227200 0.97658598
vt 0.20739500 0.97667599
vt 0.20737900 0.92838198
vt 0.21693100 0.83578998
vt 0.21708401 0.99537200
vt 0.21725699 0.99957401
vt 0.21237899 0.99967700
vt 0.20743600 0.99557501
vt 0.20750099 0.99977899
vt 0.20737600 0.83599102
vt 0.21224999 0.83590198
vt 0.02979300 0.97667599
vt 0.02493400 0.92829400
vt 0.02980800 0.92838198
vt 0.02487000 0.99548101
vt 0.02491500 0.97658598
vt 0.02021000 0.97647500
vt 0.02025000 0.92818201
vt 0.02981100 0.83599102
vt 0.02975100 0.99557501
vt 0.02968600 0.99977899
vt 0.02480800 0.99967700
vt 0.02010300 0.99537200
vt 0.01993000 0.99957401
vt 0.02025600 0.83578998
vt 0.02493700 0.83590198
vt 0.35901901 0.95754200
vt 0.36229199 0.95731699
vt 0.35927600 0.95856601
vt 0.36178899 0.95610899
vt 0.36562401 0.95593703
vt 0.35981801 0.95947200
vt 0.36278999 0.95852697
vt 0.35872701 0.95661700
vt 0.36118099 0.95497698
vt 0.36492801 0.95444602
vt 0.36409000 0.95303297
vt 0.36618599 0.95748299
vt 0.36659300 0.95907402
vt 0.36316100 0.95975697
vt 0.36026600 0.96033299
vt 0.35650599 0.95451599
vt 0.35944501 0.95305502
vt 0.35713601 0.95536298
vt 0.35851699 0.95213199
vt 0.36199501 0.95050502
vt 0.35798401 0.95599300
vt 0.36036801 0.95398200
vt 0.35588300 0.95377201
vt 0.35752299 0.95131898
vt 0.36078101 0.94939399
vt 0.35946599 0.94840902
vt 0.36310500 0.95171899
vt 0.35302699 0.95268202
vt 0.35518301 0.95020700
vt 0.35393399 0.95322299
vt 0.35397300 0.94971001
vt 0.35656300 0.94687599
vt 0.35495701 0.95348102
vt 0.35639000 0.95071101
vt 0.35216701 0.95223302
vt 0.35274300 0.94933897
vt 0.35501599 0.94631398
vt 0.35342500 0.94590700
vt 0.35805401 0.94757199
vt 0.34911099 0.95231801
vt 0.35015601 0.94920701
vt 0.35015601 0.95247197
vt 0.34884700 0.94921100
vt 0.35015601 0.94560099
vt 0.35120001 0.95231801
vt 0.35146400 0.94921100
vt 0.34814501 0.95223302
vt 0.34756899 0.94933897
vt 0.34851199 0.94567400
vt 0.34688601 0.94590700
vt 0.35179999 0.94567400
vt 0.34535399 0.95348102
vt 0.34512901 0.95020700
vt 0.34637800 0.95322299
vt 0.34392101 0.95071101
vt 0.34374899 0.94687599
vt 0.34728399 0.95268202
vt 0.34633899 0.94971001
vt 0.34442899 0.95377201
vt 0.34278899 0.95131898
vt 0.34225801 0.94757199
vt 0.34084499 0.94840902
vt 0.34529501 0.94631398
vt 0.34232801 0.95599300
vt 0.34086701 0.95305502
vt 0.34317499 0.95536298
vt 0.33994401 0.95398200
vt 0.33831701 0.95050502
vt 0.34380499 0.95451599
vt 0.34179401 0.95213199
vt 0.34158400 0.95661700
vt 0.33913100 0.95497698
vt 0.33720601 0.95171899
vt 0.33622101 0.95303297
vt 0.33953100 0.94939399
vt 0.34049401 0.95947200
vt 0.33801901 0.95731699
vt 0.34103501 0.95856601
vt 0.33752200 0.95852697
vt 0.33468801 0.95593703
vt 0.34129301 0.95754200
vt 0.33852300 0.95610899
vt 0.34004501 0.96033299
vt 0.33715099 0.95975697
vt 0.33412600 0.95748299
vt 0.33371899 0.95907402
vt 0.33538401 0.95444602
vt 0.34013000 0.96338803
vt 0.33701900 0.96234399
vt 0.34028399 0.96234399
vt 0.33702299 0.96365201
vt 0.33341300 0.96234399
vt 0.34013000 0.96129900
vt 0.33702299 0.96103501
vt 0.34004501 0.96435499
vt 0.33715099 0.96493101
vt 0.33348599 0.96398801
vt 0.33371899 0.96561301
vt 0.33348599 0.96069998
vt 0.34129301 0.96714503
vt 0.33801901 0.96737099
vt 0.34103501 0.96612203
vt 0.33852300 0.96857798
vt 0.33468801 0.96875101
vt 0.34049401 0.96521598
vt 0.33752200 0.96616101
vt 0.34158400 0.96807098
vt 0.33913100 0.96971101
vt 0.33538401 0.97024202
vt 0.33622101 0.97165501
vt 0.33412600 0.96720397
vt 0.34380499 0.97017199
vt 0.34086701 0.97163302
vt 0.34317499 0.96932399
vt 0.34179401 0.97255599
vt 0.33831701 0.97418302
vt 0.34232801 0.96869498
vt 0.33994401 0.97070497
vt 0.34442899 0.97091502
vt 0.34278899 0.97336900
vt 0.33953100 0.97529298
vt 0.34084499 0.97627801
vt 0.33720601 0.97296900
vt 0.34728399 0.97200602
vt 0.34512901 0.97447997
vt 0.34637800 0.97146398
vt 0.34633899 0.97497797
vt 0.34374899 0.97781199
vt 0.34535399 0.97120702
vt 0.34392101 0.97397697
vt 0.34814501 0.97245401
vt 0.34756899 0.97534901
vt 0.34529501 0.97837400
vt 0.34688601 0.97878098
vt 0.34225801 0.97711599
vt 0.35120001 0.97237003
vt 0.35015601 0.97548002
vt 0.35015601 0.97221601
vt 0.35146400 0.97547698
vt 0.35015601 0.97908598
vt 0.34911099 0.97237003
vt 0.34884700 0.97547698
vt 0.35216701 0.97245401
vt 0.35274300 0.97534901
vt 0.35179999 0.97901398
vt 0.35342500 0.97878098
vt 0.34851199 0.97901398
vt 0.35495701 0.97120702
vt 0.35518301 0.97447997
vt 0.35393399 0.97146398
vt 0.35639000 0.97397697
vt 0.35656300 0.97781199
vt 0.35302699 0.97200602
vt 0.35397300 0.97497797
vt 0.35588300 0.97091502
vt 0.35752299 0.97336900
vt 0.35805401 0.97711599
vt 0.35946700 0.97627801
vt 0.35501599 0.97837400
vt 0.35798401 0.96869397
vt 0.35944501 0.97163302
vt 0.35713601 0.96932399
vt 0.36036801 0.97070497
vt 0.36199501 0.97418302
vt 0.35650599 0.97017199
vt 0.35851699 0.97255599
vt 0.35872701 0.96807098
vt 0.36118099 0.96971101
vt 0.36310500 0.97296900
vt 0.36409000 0.97165501
vt 0.36078101 0.97529298
vt 0.35981801 0.96521598
vt 0.36229199 0.96737099
vt 0.35927600 0.96612203
vt 0.36278999 0.96616101
vt 0.36562401 0.96875101
vt 0.35901901 0.96714503
vt 0.36178899 0.96857798
vt 0.36026600 0.96435499
vt 0.36316100 0.96493101
vt 0.36618599 0.96720397
vt 0.36659300 0.96561301
vt 0.36492801 0.97024202
vt 0.36018100 0.96129900
vt 0.36329201 0.96234399
vt 0.36002800 0.96234399
vt 0.36328900 0.96103501
vt 0.36689800 0.96234399
vt 0.36018100 0.96338803
vt 0.36328900 0.96365201
vt 0.36682600 0.96069998
vt 0.36682600 0.96398801
vt 0.02981100 0.34581399
vt 0.02493700 0.51886100
vt 0.02493700 0.34572500
vt 0.02981100 0.51894903
vt 0.02493700 0.69206500
vt 0.02025600 0.51874900
vt 0.02025600 0.34561402
vt 0.03483100 0.34587801
vt 0.02981100 0.20218199
vt 0.03483100 0.20224601
vt 0.03483100 0.51901299
vt 0.03483100 0.69221699
vt 0.02981100 0.69215298
vt 0.02025600 0.69195300
vt 0.01581500 0.69181800
vt 0.01581500 0.51861399
vt 0.01581500 0.34547901
vt 0.01581500 0.20184702
vt 0.02025600 0.20198202
vt 0.02493700 0.20209402
vt 0.21693100 0.34561402
vt 0.21224999 0.51886100
vt 0.21224999 0.34572601
vt 0.21693100 0.51874900
vt 0.21224999 0.69206500
vt 0.20737600 0.51894903
vt 0.20737600 0.34581399
vt 0.22137199 0.34547901
vt 0.21693100 0.20198202
vt 0.22137199 0.20184702
vt 0.22137199 0.51861501
vt 0.22137199 0.69181800
vt 0.21693100 0.69195300
vt 0.20737600 0.69215298
vt 0.20235600 0.69221699
vt 0.20235600 0.51901299
vt 0.20235600 0.34587801
vt 0.20235600 0.20224601
vt 0.20737600 0.20218199
vt 0.21224999 0.20209402
vt 0.25205201 0.34468901
vt 0.24709500 0.51886100
vt 0.24709500 0.33672702
vt 0.25205201 0.69327700
vt 0.25205299 0.51894903
vt 0.24218801 0.31585902
vt 0.24709500 0.70105499
vt 0.24218801 0.51875001
vt 0.25708500 0.20224601
vt 0.25205299 0.20054603
vt 0.25708500 0.34587801
vt 0.25708500 0.51901299
vt 0.25708500 0.69221699
vt 0.24218801 0.72168201
vt 0.23730600 0.75557303
vt 0.23730600 0.51862699
vt 0.23730600 0.28168100
vt 0.24218801 0.15452802
vt 0.23730600 0.04473501
vt 0.24709500 0.18900299
vt 0.27254799 0.34591597
vt 0.26737699 0.51906401
vt 0.26737699 0.34592903
vt 0.27254799 0.51905096
vt 0.26737699 0.69226801
vt 0.26220599 0.51905096
vt 0.26220599 0.34591597
vt 0.27766800 0.34587801
vt 0.27254799 0.20228398
vt 0.27766800 0.20224601
vt 0.27766800 0.51901299
vt 0.27766800 0.69221699
vt 0.27254799 0.69225502
vt 0.26220599 0.69225502
vt 0.26220599 0.20228398
vt 0.26737699 0.20229697
vt 0.29224300 0.34561402
vt 0.28756300 0.51886100
vt 0.28756300 0.34572601
vt 0.29224300 0.51874900
vt 0.28756300 0.69206500
vt 0.28268901 0.51894903
vt 0.28268901 0.34581399
vt 0.29668400 0.34547901
vt 0.29224300 0.20198202
vt 0.29668400 0.20184702
vt 0.29668400 0.51861501
vt 0.29668400 0.69181800
vt 0.29224300 0.69195300
vt 0.28268901 0.69215298
vt 0.28268901 0.20218199
vt 0.28756300 0.20209402
vt 0.15363801 0.31607699
vt 0.14635000 0.51900804
vt 0.14848700 0.33688700
vt 0.14887799 0.72187197
vt 0.15125801 0.51895404
vt 0.14343600 0.34478998
vt 0.13934800 0.69335401
vt 0.14139199 0.51903796
vt 0.15892100 0.28195900
vt 0.15553001 0.15475702
vt 0.16170000 0.04503000
vt 0.15614200 0.51888901
vt 0.15336201 0.75581801
vt 0.14421301 0.70118999
vt 0.13432799 0.69223499
vt 0.13635901 0.51904297
vt 0.13839000 0.34591901
vt 0.14512700 0.20065701
vt 0.14007500 0.20229799
vt 0.15021899 0.18917298
vt 0.01164100 0.34419799
vt 0.00768100 0.51828003
vt 0.00768100 0.33614600
vt 0.01164100 0.69278598
vt 0.01164100 0.51845801
vt 0.00386400 0.31519002
vt 0.00768100 0.70047402
vt 0.00386400 0.51808101
vt 0.01164100 0.20005399
vt 0.00386400 0.72101301
vt 0.00011900 0.75481701
vt 0.00011900 0.51787102
vt 0.00011900 0.28092498
vt 0.00386400 0.15385902
vt 0.00011900 0.04397899
vt 0.00768100 0.18842202
vt 0.06999000 0.34561300
vt 0.06530900 0.51886100
vt 0.06530900 0.34572500
vt 0.06999000 0.51874900
vt 0.06530900 0.69206500
vt 0.06043500 0.51894903
vt 0.06043500 0.34581399
vt 0.07443000 0.34547901
vt 0.06999000 0.20198202
vt 0.07443000 0.20184702
vt 0.07443000 0.51861399
vt 0.07443000 0.69181800
vt 0.06999000 0.69195300
vt 0.06043500 0.69215298
vt 0.05541400 0.69221699
vt 0.05541400 0.51901299
vt 0.05541400 0.34587801
vt 0.05541400 0.20224601
vt 0.06043500 0.20218199
vt 0.06530900 0.20209301
vt 0.08638100 0.31519002
vt 0.08256500 0.51828003
vt 0.08256500 0.33614600
vt 0.08638100 0.72101301
vt 0.08638100 0.51808101
vt 0.07860500 0.34419799
vt 0.07860500 0.69278598
vt 0.07860500 0.51845801
vt 0.09012700 0.04397899
vt 0.08638100 0.15385902
vt 0.09012700 0.51787102
vt 0.09012700 0.28092498
vt 0.09012700 0.75481701
vt 0.08256500 0.70047402
vt 0.07860500 0.20005399
vt 0.08256500 0.18842202
vt 0.30863500 0.31519002
vt 0.30481899 0.51828003
vt 0.30481800 0.33614600
vt 0.30863500 0.72101301
vt 0.30863500 0.51808101
vt 0.30085900 0.34419799
vt 0.30085900 0.69278598
vt 0.30085900 0.51845801
vt 0.31238100 0.28092498
vt 0.30863500 0.15385902
vt 0.31238100 0.04397899
vt 0.31238100 0.51787102
vt 0.31238100 0.75481701
vt 0.30481800 0.70047402
vt 0.30085900 0.20005399
vt 0.30481899 0.18842202
vt 0.17674001 0.51894903
vt 0.17178300 0.33672702
vt 0.17674001 0.34468901
vt 0.17674001 0.69327700
vt 0.17178300 0.51886100
vt 0.16687600 0.31585902
vt 0.17178300 0.70105499
vt 0.16687600 0.51875001
vt 0.18177301 0.34587801
vt 0.17674001 0.20054603
vt 0.18177301 0.20224601
vt 0.18177301 0.51901299
vt 0.18177301 0.69221699
vt 0.16687600 0.72168201
vt 0.16199400 0.75557303
vt 0.16199400 0.51862699
vt 0.16199400 0.28168100
vt 0.16687600 0.15452802
vt 0.16199400 0.04473501
vt 0.17178300 0.18900299
vt 0.11279000 0.34443098
vt 0.10579000 0.51853204
vt 0.10792600 0.33641100
vt 0.10870100 0.69299501
vt 0.11074600 0.51867902
vt 0.10326400 0.31548703
vt 0.10365300 0.70071399
vt 0.10088500 0.51836401
vt 0.11780800 0.34567797
vt 0.11448100 0.20029700
vt 0.11949300 0.20205599
vt 0.11577800 0.51880199
vt 0.11374600 0.69199401
vt 0.09850500 0.72128201
vt 0.09322500 0.75511301
vt 0.09600400 0.51818299
vt 0.09878400 0.28125399
vt 0.10515700 0.15416700
vt 0.10156300 0.04432398
vt 0.10965900 0.18869799
vt 0.13326900 0.34589797
vt 0.12606800 0.51897299
vt 0.12809899 0.34584999
vt 0.13123900 0.51902103
vt 0.12403600 0.69216597
vt 0.12089800 0.51890004
vt 0.12292800 0.34577602
vt 0.13495401 0.20227599
vt 0.12920700 0.69221300
vt 0.11886600 0.69209200
vt 0.12461300 0.20215499
vt 0.12978300 0.20222801
vt 0.23332299 0.31519002
vt 0.22950600 0.51828003
vt 0.22950600 0.33614600
vt 0.23332299 0.72101301
vt 0.23332299 0.51808101
vt 0.22554600 0.34419799
vt 0.22554600 0.69278598
vt 0.22554600 0.51845801
vt 0.23706800 0.28092498
vt 0.23332299 0.15385902
vt 0.23706800 0.04397899
vt 0.23706800 0.51787102
vt 0.23706800 0.75481701
vt 0.22950600 0.70047402
vt 0.22554600 0.20005399
vt 0.22950600 0.18842202
vt 0.05029400 0.34591597
vt 0.04512300 0.51906401
vt 0.04512300 0.34592903
vt 0.05029400 0.51905096
vt 0.04512300 0.69226801
vt 0.03995200 0.51905096
vt 0.03995200 0.34591597
vt 0.05029400 0.20228398
vt 0.05029400 0.69225502
vt 0.03995200 0.69225502
vt 0.03995200 0.20228398
vt 0.04512300 0.20229697
vt 0.19723500 0.34591597
vt 0.19206400 0.51906401
vt 0.19206400 0.34592903
vt 0.19723500 0.51905096
vt 0.19206400 0.69226801
vt 0.18689300 0.51905096
vt 0.18689300 0.34591597
vt 0.19723500 0.20228398
vt 0.19723500 0.69225502
vt 0.18689300 0.69225502
vt 0.18689300 0.20228398
vt 0.19206400 0.20229697
vt 0.19720700 0.04286402
vt 0.19206400 0.06205601
vt 0.19206400 0.04287601
vt 0.19723400 0.11018699
vt 0.19722700 0.06204301
vt 0.18692100 0.04286402
vt 0.18689400 0.11018699
vt 0.18690200 0.06204301
vt 0.20230100 0.04282600
vt 0.20233899 0.06200403
vt 0.20235400 0.11014903
vt 0.19206400 0.11019999
vt 0.18177500 0.11014903
vt 0.18178900 0.06200498
vt 0.18182801 0.04282600
vt 0.05026600 0.04286402
vt 0.04512300 0.06205601
vt 0.04512300 0.04287601
vt 0.05029300 0.11018699
vt 0.05028500 0.06204301
vt 0.03998000 0.04286402
vt 0.04512300 0.11019999
vt 0.03996000 0.06204301
vt 0.05535900 0.04282600
vt 0.05541200 0.11014903
vt 0.05539800 0.06200403
vt 0.03995300 0.11018699
vt 0.03483300 0.11014903
vt 0.03484800 0.06200403
vt 0.03488600 0.04282600
vt 0.23321500 0.04117101
vt 0.22945900 0.05806100
vt 0.22934000 0.04185498
vt 0.23331900 0.07820702
vt 0.23329499 0.05103898
vt 0.22537100 0.04224300
vt 0.22950000 0.10001701
vt 0.22549500 0.06104898
vt 0.23706800 0.03921598
vt 0.23706800 0.04040700
vt 0.23706800 0.04278803
vt 0.23706800 0.04159802
vt 0.22554000 0.10841900
vt 0.22136600 0.10975099
vt 0.22132500 0.06160700
vt 0.22121499 0.04242897
vt 0.13679600 0.04286599
vt 0.13142800 0.06199598
vt 0.13165300 0.04281902
vt 0.13659100 0.06204402
vt 0.13086300 0.11013800
vt 0.12650999 0.04274601
vt 0.12569401 0.11006403
vt 0.12626600 0.06192303
vt 0.14188901 0.04288799
vt 0.14115299 0.11020702
vt 0.14170299 0.06206602
vt 0.13603300 0.11018598
vt 0.12057500 0.10996598
vt 0.12115400 0.06182498
vt 0.12141800 0.04264802
vt 0.11641100 0.04249501
vt 0.11121200 0.05834502
vt 0.11146400 0.04213798
vt 0.11555800 0.10866803
vt 0.11613400 0.06130099
vt 0.10653800 0.04148602
vt 0.11069900 0.10029799
vt 0.10637800 0.05135399
vt 0.10604600 0.07852000
vt 0.10157700 0.04313302
vt 0.10159100 0.04194301
vt 0.10160500 0.04075199
vt 0.17681900 0.04273200
vt 0.17180701 0.05864102
vt 0.17186800 0.04243302
vt 0.17674300 0.10891002
vt 0.17676300 0.06154001
vt 0.16693500 0.04183799
vt 0.17178600 0.10059702
vt 0.16689099 0.05170703
vt 0.16687700 0.07887602
vt 0.16199400 0.04354399
vt 0.16199400 0.04235297
vt 0.16199400 0.04116303
vt 0.30852699 0.04117101
vt 0.30477101 0.05806100
vt 0.30465201 0.04185498
vt 0.30863199 0.07820702
vt 0.30860701 0.05103898
vt 0.30068401 0.04224300
vt 0.30481300 0.10001701
vt 0.30080700 0.06104898
vt 0.31238100 0.03921598
vt 0.31238100 0.04040700
vt 0.31238100 0.04159802
vt 0.31238100 0.04278803
vt 0.30085200 0.10841900
vt 0.29667899 0.10975099
vt 0.29663801 0.06160700
vt 0.29652700 0.04242897
vt 0.08627300 0.04117101
vt 0.08251700 0.05806100
vt 0.08239900 0.04185402
vt 0.08635300 0.05103898
vt 0.08255900 0.10001600
vt 0.07843000 0.04224300
vt 0.07855300 0.06104898
vt 0.09012700 0.03921598
vt 0.09012700 0.04040700
vt 0.09012700 0.04278803
vt 0.09012700 0.04159802
vt 0.08637800 0.07820702
vt 0.07859800 0.10841900
vt 0.07442500 0.10974997
vt 0.07438400 0.06160599
vt 0.07427400 0.04242897
vt 0.06985600 0.04256302
vt 0.06527700 0.06185299
vt 0.06520100 0.04267401
vt 0.06995000 0.06174099
vt 0.06530500 0.10999697
vt 0.06035300 0.04276198
vt 0.06041100 0.06194103
vt 0.06998500 0.10988498
vt 0.06043200 0.11008501
vt 0.01181600 0.04224300
vt 0.00772800 0.05806100
vt 0.00784700 0.04185402
vt 0.01164700 0.10841900
vt 0.01169200 0.06104898
vt 0.00397200 0.04117101
vt 0.00768700 0.10001600
vt 0.00389200 0.05103898
vt 0.01597200 0.04242897
vt 0.01586200 0.06160700
vt 0.01582100 0.10974997
vt 0.00386800 0.07820702
vt 0.00011900 0.04278803
vt 0.00011900 0.04159802
vt 0.00011900 0.04040700
vt 0.15679300 0.04207498
vt 0.15172400 0.05882001
vt 0.15185300 0.04261202
vt 0.15672100 0.05194402
vt 0.15125300 0.10077298
vt 0.14689900 0.04285300
vt 0.14619900 0.10902798
vt 0.14673400 0.06165999
vt 0.16175599 0.04026699
vt 0.16174200 0.04145801
vt 0.16172799 0.04264802
vt 0.15641600 0.07911098
vt 0.16171400 0.04383898
vt 0.29211000 0.04256302
vt 0.28753099 0.06185299
vt 0.28745499 0.04267401
vt 0.29223800 0.10988498
vt 0.29220399 0.06174099
vt 0.28260699 0.04276198
vt 0.28268600 0.11008501
vt 0.28266501 0.06194103
vt 0.28755900 0.10999697
vt 0.27766600 0.11014903
vt 0.27765200 0.06200403
vt 0.27761301 0.04282600
vt 0.27252001 0.04286402
vt 0.26737699 0.06205601
vt 0.26737699 0.04287601
vt 0.27254599 0.11018699
vt 0.27253899 0.06204301
vt 0.26223299 0.04286402
vt 0.26737699 0.11019999
vt 0.26221400 0.06204301
vt 0.26220700 0.11018699
vt 0.25708699 0.11014903
vt 0.25710201 0.06200498
vt 0.25714001 0.04282600
vt 0.25213200 0.04273200
vt 0.24711899 0.05864102
vt 0.24718100 0.04243302
vt 0.25205499 0.10891002
vt 0.25207600 0.06154001
vt 0.24224700 0.04183799
vt 0.24709800 0.10059702
vt 0.24220300 0.05170703
vt 0.24219000 0.07887602
vt 0.23730600 0.04354399
vt 0.23730600 0.04235297
vt 0.23730600 0.04116303
vt 0.21679799 0.04256302
vt 0.21221800 0.06185299
vt 0.21214201 0.04267401
vt 0.21692599 0.10988498
vt 0.21689200 0.06174099
vt 0.20729500 0.04276198
vt 0.21224600 0.10999697
vt 0.20735200 0.06194103
vt 0.20737299 0.11008501
vt 0.02989300 0.04276198
vt 0.02496900 0.06185299
vt 0.02504500 0.04267401
vt 0.02981400 0.11008501
vt 0.02983500 0.06194103
vt 0.02038900 0.04256302
vt 0.02026100 0.10988498
vt 0.02029600 0.06174099
vt 0.02494100 0.10999697
vt 0.22950800 0.99866802
vt 0.23332500 0.99883503
vt 0.23332299 0.99864501
vt 0.22559200 0.99912000
vt 0.22952200 0.99896801
vt 0.23332900 0.99889600
vt 0.22569700 0.99925297
vt 0.22955599 0.99907601
vt 0.23706800 0.99871600
vt 0.22555199 0.99877900
vt 0.22138000 0.99892598
vt 0.22143500 0.99927402
vt 0.22160199 0.99941403
vt 0.22213501 0.99947202
vt 0.23706800 0.99871600
vt 0.23706800 0.99871600
vt 0.23706800 0.99871600
vt 0.21225300 0.99917197
vt 0.21697700 0.99940801
vt 0.21693701 0.99905998
vt 0.20739500 0.99960899
vt 0.21227200 0.99951899
vt 0.21708401 0.99954301
vt 0.20743600 0.99974501
vt 0.21231700 0.99965101
vt 0.20737900 0.99926102
vt 0.20235801 0.99932498
vt 0.20237800 0.99967402
vt 0.20243700 0.99981499
vt 0.20262399 0.99988103
vt 0.19206400 0.99937499
vt 0.19724999 0.99971098
vt 0.19723700 0.99936301
vt 0.18687800 0.99971098
vt 0.19206400 0.99972200
vt 0.19728599 0.99984699
vt 0.18684299 0.99984699
vt 0.19206400 0.99985498
vt 0.18689100 0.99936301
vt 0.18177000 0.99932498
vt 0.18175000 0.99967402
vt 0.18169200 0.99981499
vt 0.18150499 0.99988103
vt 0.17178200 0.99924898
vt 0.17672400 0.99961197
vt 0.17673799 0.99927002
vt 0.16687500 0.99950403
vt 0.17177700 0.99954897
vt 0.17668700 0.99974602
vt 0.16687299 0.99956501
vt 0.17176500 0.99965698
vt 0.16687600 0.99931300
vt 0.16199400 0.99947202
vt 0.16199400 0.99947202
vt 0.16199400 0.99947202
vt 0.16199400 0.99947202
vt 0.08256700 0.99866802
vt 0.08638300 0.99883503
vt 0.08638200 0.99864501
vt 0.07865100 0.99912000
vt 0.08258100 0.99896801
vt 0.08638800 0.99889600
vt 0.07875600 0.99925297
vt 0.08261400 0.99907601
vt 0.09012700 0.99871600
vt 0.07861100 0.99877900
vt 0.07443800 0.99892598
vt 0.07449400 0.99927402
vt 0.07466100 0.99941403
vt 0.07519300 0.99947202
vt 0.09012700 0.99871600
vt 0.09012700 0.99871600
vt 0.09012700 0.99871600
vt 0.06531200 0.99917197
vt 0.07003600 0.99940801
vt 0.06999500 0.99905998
vt 0.06045300 0.99960899
vt 0.06533000 0.99951899
vt 0.07014300 0.99954301
vt 0.06049400 0.99974501
vt 0.06537600 0.99965101
vt 0.06043700 0.99926102
vt 0.05541700 0.99932498
vt 0.05543700 0.99967402
vt 0.05549500 0.99981499
vt 0.05568200 0.99988103
vt 0.04512300 0.99937499
vt 0.05030900 0.99971098
vt 0.05029600 0.99936301
vt 0.03993700 0.99971098
vt 0.04512300 0.99972200
vt 0.05034400 0.99984699
vt 0.03990100 0.99984699
vt 0.04512300 0.99985498
vt 0.03995000 0.99936301
vt 0.03482900 0.99932498
vt 0.03480900 0.99967402
vt 0.03475000 0.99981499
vt 0.03456300 0.99988103
vt 0.02493400 0.99917197
vt 0.02979300 0.99960899
vt 0.02980800 0.99926102
vt 0.02021000 0.99940801
vt 0.02491500 0.99951899
vt 0.02975100 0.99974501
vt 0.02010300 0.99954301
vt 0.02487000 0.99965101
vt 0.02025000 0.99905998
vt 0.01580700 0.99892598
vt 0.01575200 0.99927402
vt 0.01558500 0.99941403
vt 0.01505200 0.99947202
vt 0.00767900 0.99866802
vt 0.01159500 0.99912000
vt 0.01163500 0.99877900
vt 0.00386200 0.99883503
vt 0.00766500 0.99896801
vt 0.01149000 0.99925297
vt 0.00385800 0.99889600
vt 0.00763100 0.99907601
vt 0.00386400 0.99864501
vt 0.00011900 0.99871600
vt 0.00011900 0.99871600
vt 0.00011900 0.99871600
vt 0.00011900 0.99871600
vt 0.14071700 0.99936301
vt 0.14562000 0.99967599
vt 0.14562200 0.99948502
vt 0.13577101 0.99966800
vt 0.14071800 0.99966300
vt 0.14562100 0.99973702
vt 0.13580599 0.99980199
vt 0.14072900 0.99977201
vt 0.15050200 0.99970102
vt 0.13576099 0.99932599
vt 0.13072900 0.99932200
vt 0.13074400 0.99967098
vt 0.13080101 0.99981302
vt 0.13098700 0.99988103
vt 0.15050200 0.99970102
vt 0.15050200 0.99970102
vt 0.15050200 0.99970102
vt 0.12043400 0.99925202
vt 0.12561600 0.99964797
vt 0.12560700 0.99930000
vt 0.11524500 0.99952602
vt 0.12043000 0.99959803
vt 0.12565000 0.99978501
vt 0.11520800 0.99966198
vt 0.12042900 0.99973100
vt 0.11526200 0.99917799
vt 0.11014100 0.99908000
vt 0.11011800 0.99942899
vt 0.11005800 0.99957001
vt 0.10987000 0.99963301
vt 0.10015500 0.99888700
vt 0.10509200 0.99930900
vt 0.10511000 0.99896699
vt 0.09524500 0.99908501
vt 0.10014700 0.99918699
vt 0.10505400 0.99944198
vt 0.09524300 0.99914598
vt 0.10013400 0.99929601
vt 0.09524800 0.99889398
vt 0.09036500 0.99899602
vt 0.09036500 0.99899602
vt 0.09036500 0.99899602
vt 0.09036500 0.99899602
vt 0.30482101 0.99866802
vt 0.30863699 0.99883503
vt 0.30863601 0.99864501
vt 0.30090401 0.99912000
vt 0.30483401 0.99896801
vt 0.30864099 0.99889600
vt 0.30101001 0.99925297
vt 0.30486801 0.99907601
vt 0.31238100 0.99871600
vt 0.30086401 0.99877900
vt 0.29669201 0.99892598
vt 0.29674801 0.99927402
vt 0.29691499 0.99941403
vt 0.29744700 0.99947202
vt 0.31238100 0.99871600
vt 0.31238100 0.99871600
vt 0.31238100 0.99871600
vt 0.28756499 0.99917197
vt 0.29229000 0.99940801
vt 0.29224899 0.99905998
vt 0.28270701 0.99960899
vt 0.28758401 0.99951899
vt 0.29239601 0.99954301
vt 0.28274801 0.99974501
vt 0.28762999 0.99965101
vt 0.28269100 0.99926102
vt 0.27767101 0.99932498
vt 0.27768999 0.99967402
vt 0.27774900 0.99981499
vt 0.27793601 0.99988103
vt 0.26737699 0.99937499
vt 0.27256301 0.99971098
vt 0.27254900 0.99936301
vt 0.26219001 0.99971098
vt 0.26737699 0.99972200
vt 0.27259800 0.99984699
vt 0.26215500 0.99984699
vt 0.26737699 0.99985498
vt 0.26220399 0.99936301
vt 0.25708199 0.99932498
vt 0.25706300 0.99967402
vt 0.25700399 0.99981499
vt 0.25681701 0.99988103
vt 0.24709401 0.99924898
vt 0.25203601 0.99961197
vt 0.25205100 0.99927002
vt 0.24218699 0.99950403
vt 0.24709000 0.99954897
vt 0.25200000 0.99974602
vt 0.24218599 0.99956501
vt 0.24707800 0.99965698
vt 0.24218801 0.99931300
vt 0.23730600 0.99947202
vt 0.23730600 0.99947202
vt 0.23730600 0.99947202
vt 0.23730600 0.99947202
vt 0.38769299 0.95487702
vt 0.38197801 0.94108099
vt 0.37141901 0.93052101
vt 0.35762200 0.92480701
vt 0.09036500 0.01787001
vt 0.34268901 0.92480701
vt 0.32889301 0.93052101
vt 0.31833300 0.94108099
vt 0.31261799 0.95487702
vt 0.31261799 0.96981001
vt 0.31833300 0.98360699
vt 0.32889301 0.99416602
vt 0.34268901 0.99988103
vt 0.35762200 0.99988103
vt 0.37141901 0.99416602
vt 0.38197801 0.98360699
vt 0.09042600 0.99378097
vt 0.16199400 0.99425697
vt 0.35015601 0.96234399
vt 0.00011900 0.99350101
vt 0.38769299 0.96981001
vt 0.23730600 0.99773401
vt 0.23730600 0.75557303
vt 0.00011900 0.51787102
vt 0.16199400 0.51862699
vt 0.09600400 0.51818299
vt 0.10157700 0.04313302
vt 0.16199400 0.04354399
vt 0.00011900 0.04278803
vt 0.23730600 0.04354399
vt 0.35015601 0.96234399
f 1/1 2/2 3/3
f 4/4 5/5 2/2
f 2/2 6/6 3/3
f 5/5 7/7 2/2
f 8/8 1/1 9/9
f 10/10 4/4 1/1
f 11/11 12/12 4/4
f 13/13 14/14 12/12
f 12/12 15/15 5/5
f 15/15 16/16 5/5
f 17/17 18/18 16/16
f 16/16 19/19 7/7
f 7/7 20/20 6/6
f 6/6 21/21 22/22
f 3/3 22/22 23/23
f 9/9 3/3 23/23
f 24/24 25/25 26/26
f 27/27 28/28 25/25
f 25/25 29/29 26/26
f 28/28 30/30 25/25
f 31/31 24/24 32/32
f 33/33 27/27 24/24
f 34/34 35/35 27/27
f 36/36 37/37 35/35
f 35/35 38/38 28/28
f 38/38 39/39 28/28
f 40/40 41/41 39/39
f 39/39 42/42 30/30
f 30/30 43/43 29/29
f 29/29 44/44 45/45
f 26/26 45/45 46/46
f 32/32 26/26 46/46
f 47/47 48/48 49/49
f 50/50 51/51 48/48
f 48/48 52/52 49/49
f 51/51 53/53 48/48
f 54/54 47/47 14/14
f 55/55 50/50 47/47
f 56/56 57/57 50/50
f 58/58 59/59 57/57
f 57/57 60/60 51/51
f 60/60 61/61 51/51
f 62/62 63/63 61/61
f 61/61 64/64 53/53
f 53/53 65/65 52/52
f 52/52 66/66 17/17
f 49/49 17/17 15/15
f 14/14 49/49 15/15
f 67/67 68/68 69/69
f 70/70 71/71 68/68
f 68/68 72/72 69/69
f 71/71 73/73 68/68
f 44/44 67/67 74/74
f 43/43 70/70 67/67
f 42/42 75/75 70/70
f 41/41 76/76 75/75
f 75/75 77/77 71/71
f 77/77 78/78 71/71
f 79/79 80/80 78/78
f 78/78 81/81 73/73
f 73/73 82/82 72/72
f 72/72 83/83 84/84
f 69/69 84/84 85/85
f 74/74 69/69 85/85
f 86/86 87/87 88/88
f 89/89 90/90 87/87
f 87/87 91/91 88/88
f 90/90 92/92 87/87
f 66/66 86/86 93/93
f 65/65 89/89 86/86
f 64/64 94/94 89/89
f 63/63 95/95 94/94
f 94/94 96/96 90/90
f 96/96 97/97 90/90
f 98/98 99/99 97/97
f 97/97 100/100 92/92
f 92/92 101/101 91/91
f 91/91 102/102 103/103
f 88/88 103/103 104/104
f 93/93 88/88 104/104
f 105/105 106/106 107/107
f 108/108 109/109 106/106
f 106/106 110/110 107/107
f 109/109 111/111 106/106
f 21/21 105/105 112/112
f 20/20 108/108 105/105
f 19/19 113/113 108/108
f 18/18 93/93 113/113
f 113/113 104/104 109/109
f 104/104 114/114 109/109
f 103/103 115/115 114/114
f 114/114 116/116 111/111
f 111/111 117/117 110/110
f 110/110 118/118 119/119
f 107/107 119/119 120/120
f 112/112 107/107 120/120
f 121/121 122/122 123/123
f 124/124 125/125 122/122
f 122/122 126/126 123/123
f 125/125 127/127 122/122
f 83/83 121/121 128/128
f 82/82 124/124 121/121
f 81/81 129/129 124/124
f 80/80 130/130 129/129
f 129/129 131/131 125/125
f 131/131 132/132 125/125
f 133/133 134/134 132/132
f 132/132 135/135 127/127
f 127/127 136/136 126/126
f 126/126 137/137 138/138
f 123/123 138/138 139/139
f 128/128 123/123 139/139
f 140/140 141/141 142/142
f 143/143 144/144 141/141
f 141/141 145/145 142/142
f 144/144 146/146 141/141
f 102/102 140/140 147/147
f 101/101 143/143 140/140
f 100/100 148/148 143/143
f 99/99 149/149 148/148
f 148/148 150/150 144/144
f 150/150 151/151 144/144
f 152/152 153/153 151/151
f 151/151 154/154 146/146
f 146/146 155/155 145/145
f 145/145 156/156 157/157
f 142/142 157/157 158/158
f 147/147 142/142 158/158
f 159/159 160/160 161/161
f 162/162 163/163 160/160
f 160/160 164/164 161/161
f 163/163 165/165 160/160
f 118/118 159/159 166/166
f 117/117 162/162 159/159
f 116/116 167/167 162/162
f 115/115 147/147 167/167
f 167/167 158/158 163/163
f 158/158 168/168 163/163
f 157/157 169/169 168/168
f 168/168 170/170 165/165
f 165/165 171/171 164/164
f 164/164 172/172 173/173
f 161/161 173/173 174/174
f 166/166 161/161 174/174
f 175/175 176/176 177/177
f 178/178 179/179 176/176
f 176/176 180/180 177/177
f 179/179 181/181 176/176
f 182/182 175/175 183/183
f 184/184 178/178 175/175
f 185/185 186/186 178/178
f 187/187 188/188 186/186
f 186/186 189/189 179/179
f 189/189 190/190 179/179
f 191/191 192/192 190/190
f 190/190 193/193 181/181
f 181/181 194/194 180/180
f 180/180 195/195 196/196
f 177/177 196/196 197/197
f 183/183 177/177 197/197
f 198/198 199/199 200/200
f 201/201 202/202 199/199
f 199/199 203/203 200/200
f 202/202 204/204 199/199
f 137/137 198/198 205/205
f 136/136 201/201 198/198
f 135/135 206/206 201/201
f 134/134 207/207 206/206
f 206/206 208/208 202/202
f 208/208 209/209 202/202
f 210/210 211/211 209/209
f 209/209 212/212 204/204
f 204/204 213/213 203/203
f 203/203 214/214 215/215
f 200/200 215/215 216/216
f 205/205 200/200 216/216
f 217/217 218/218 219/219
f 220/220 221/221 218/218
f 218/218 222/222 219/219
f 221/221 223/223 218/218
f 156/156 217/217 224/224
f 155/155 220/220 217/217
f 154/154 225/225 220/220
f 153/153 226/226 225/225
f 225/225 227/227 221/221
f 227/227 228/228 221/221
f 229/229 230/230 228/228
f 228/228 231/231 223/223
f 223/223 232/232 222/222
f 222/222 233/233 234/234
f 219/219 234/234 235/235
f 224/224 219/219 235/235
f 236/236 237/237 238/238
f 239/239 240/240 237/237
f 237/237 241/241 238/238
f 240/240 242/242 237/237
f 195/195 236/236 243/243
f 194/194 239/239 236/236
f 193/193 244/244 239/239
f 192/192 245/245 244/244
f 244/244 246/246 240/240
f 246/246 247/247 240/240
f 248/248 249/249 247/247
f 247/247 250/250 242/242
f 242/242 251/251 241/241
f 241/241 252/252 253/253
f 238/238 253/253 254/254
f 243/243 238/238 254/254
f 255/255 256/256 257/257
f 258/258 259/259 256/256
f 256/256 260/260 257/257
f 259/259 261/261 256/256
f 214/214 255/255 262/262
f 213/213 258/258 255/255
f 212/212 263/263 258/258
f 211/211 264/264 263/263
f 263/263 265/265 259/259
f 265/265 266/266 259/259
f 267/267 268/268 266/266
f 266/266 269/269 261/261
f 261/261 270/270 260/260
f 260/260 271/271 272/272
f 257/257 272/272 273/273
f 262/262 257/257 273/273
f 274/274 275/275 276/276
f 277/277 278/278 275/275
f 275/275 279/279 276/276
f 278/278 280/280 275/275
f 281/281 274/274 245/245
f 282/282 277/277 274/274
f 283/283 284/284 277/277
f 285/285 286/286 284/284
f 284/284 287/287 278/278
f 287/287 288/288 278/278
f 289/289 290/290 288/288
f 288/288 291/291 280/280
f 280/280 292/292 279/279
f 279/279 293/293 248/248
f 276/276 248/248 246/246
f 245/245 276/276 246/246
f 294/294 295/295 296/296
f 297/297 298/298 295/295
f 295/295 299/299 296/296
f 298/298 300/300 295/295
f 271/271 294/294 301/301
f 270/270 297/297 294/294
f 269/269 302/302 297/297
f 268/268 303/303 302/302
f 302/302 304/304 298/298
f 304/304 305/305 298/298
f 306/306 307/307 305/305
f 305/305 308/308 300/300
f 300/300 309/309 299/299
f 299/299 310/310 311/311
f 296/296 311/311 312/312
f 301/301 296/296 312/312
f 313/313 314/314 315/315
f 316/316 317/317 314/314
f 314/314 318/318 315/315
f 317/317 319/319 314/314
f 293/293 313/313 320/320
f 292/292 316/316 313/313
f 291/291 321/321 316/316
f 290/290 322/322 321/321
f 321/321 323/323 317/317
f 323/323 324/324 317/317
f 325/325 326/326 324/324
f 324/324 327/327 319/319
f 319/319 328/328 318/318
f 318/318 329/329 330/330
f 315/315 330/330 331/331
f 320/320 315/315 331/331
f 332/332 333/333 334/334
f 335/335 336/336 333/333
f 333/333 337/337 334/334
f 336/336 338/338 333/333
f 252/252 332/332 339/339
f 251/251 335/335 332/332
f 250/250 340/340 335/335
f 249/249 320/320 340/340
f 340/340 331/331 336/336
f 331/331 341/341 336/336
f 330/330 342/342 341/341
f 341/341 343/343 338/338
f 338/338 344/344 337/337
f 337/337 345/345 346/346
f 334/334 346/346 347/347
f 339/339 334/334 347/347
f 348/348 349/349 350/350
f 351/351 352/352 349/349
f 349/349 353/353 350/350
f 352/352 354/354 349/349
f 310/310 348/348 355/355
f 309/309 351/351 348/348
f 308/308 356/356 351/351
f 307/307 357/357 356/356
f 356/356 358/358 352/352
f 358/358 359/359 352/352
f 360/360 361/361 359/359
f 359/359 362/362 354/354
f 354/354 363/363 353/353
f 353/353 364/364 365/365
f 350/350 365/365 366/366
f 355/355 350/350 366/366
f 367/367 368/368 369/369
f 370/370 371/371 368/368
f 368/368 372/372 369/369
f 371/371 373/373 368/368
f 329/329 367/367 374/374
f 328/328 370/370 367/367
f 327/327 375/375 370/370
f 326/326 376/376 375/375
f 375/375 377/377 371/371
f 377/377 378/378 371/371
f 379/379 380/380 378/378
f 378/378 381/381 373/373
f 373/373 382/382 372/372
f 372/372 383/383 384/384
f 369/369 384/384 385/385
f 374/374 369/369 385/385
f 386/386 387/387 388/388
f 389/389 390/390 387/387
f 387/387 391/391 388/388
f 390/390 392/392 387/387
f 345/345 386/386 393/393
f 344/344 389/389 386/386
f 343/343 394/394 389/389
f 342/342 374/374 394/394
f 394/394 385/385 390/390
f 385/385 395/395 390/390
f 384/384 396/396 395/395
f 395/395 397/397 392/392
f 392/392 398/398 391/391
f 391/391 399/399 400/400
f 388/388 400/400 401/401
f 393/393 388/388 401/401
f 402/402 403/403 404/404
f 405/405 406/406 403/403
f 403/403 407/407 404/404
f 406/406 408/408 403/403
f 409/409 402/402 410/410
f 411/411 405/405 402/402
f 412/412 413/413 405/405
f 414/414 415/415 413/413
f 413/413 416/416 406/406
f 416/416 417/417 406/406
f 418/418 419/419 417/417
f 417/417 420/420 408/408
f 408/408 421/421 407/407
f 407/407 422/422 423/423
f 404/404 423/423 424/424
f 410/410 404/404 424/424
f 425/425 426/426 427/427
f 428/428 429/429 426/426
f 426/426 430/430 427/427
f 429/429 431/431 426/426
f 364/364 425/425 432/432
f 363/363 428/428 425/425
f 362/362 433/433 428/428
f 361/361 434/434 433/433
f 433/433 435/435 429/429
f 435/435 436/436 429/429
f 437/437 438/438 436/436
f 436/436 439/439 431/431
f 431/431 440/440 430/430
f 430/430 441/441 442/442
f 427/427 442/442 443/443
f 432/432 427/427 443/443
f 444/444 445/445 446/446
f 447/447 448/448 445/445
f 445/445 449/449 446/446
f 448/448 450/450 445/445
f 451/451 444/444 415/415
f 452/452 447/447 444/444
f 453/453 454/454 447/447
f 455/455 456/456 454/454
f 454/454 457/457 448/448
f 457/457 458/458 448/448
f 459/459 460/460 458/458
f 458/458 461/461 450/450
f 450/450 462/462 449/449
f 449/449 463/463 418/418
f 446/446 418/418 416/416
f 415/415 446/446 416/416
f 464/464 465/465 466/466
f 467/467 468/468 465/465
f 465/465 469/469 466/466
f 468/468 470/470 465/465
f 422/422 464/464 471/471
f 421/421 467/467 464/464
f 420/420 472/472 467/467
f 419/419 473/473 472/472
f 472/472 474/474 468/468
f 474/474 475/475 468/468
f 476/476 477/477 475/475
f 475/475 478/478 470/470
f 470/470 479/479 469/469
f 469/469 480/480 481/481
f 466/466 481/481 482/482
f 471/471 466/466 482/482
f 483/483 484/484 485/485
f 486/486 487/487 484/484
f 484/484 488/488 485/485
f 487/487 489/489 484/484
f 441/441 483/483 490/490
f 440/440 486/486 483/483
f 439/439 491/491 486/486
f 438/438 492/492 491/491
f 491/491 493/493 487/487
f 493/493 494/494 487/487
f 495/495 496/496 494/494
f 494/494 497/497 489/489
f 489/489 498/498 488/488
f 488/488 499/499 500/500
f 485/485 500/500 501/501
f 490/490 485/485 501/501
f 502/502 503/503 504/504
f 505/505 506/506 503/503
f 503/503 507/507 504/504
f 506/506 508/508 503/503
f 463/463 502/502 473/473
f 462/462 505/505 502/502
f 461/461 509/509 505/505
f 460/460 510/510 509/509
f 509/509 511/511 506/506
f 511/511 512/512 506/506
f 513/513 514/514 512/512
f 512/512 515/515 508/508
f 508/508 516/516 507/507
f 507/507 517/517 476/476
f 504/504 476/476 474/474
f 473/473 504/504 474/474
f 518/518 519/519 520/520
f 521/521 522/522 519/519
f 519/519 523/523 520/520
f 522/522 524/524 519/519
f 499/499 518/518 525/525
f 498/498 521/521 518/518
f 497/497 526/526 521/521
f 496/496 527/527 526/526
f 526/526 528/528 522/522
f 528/528 529/529 522/522
f 530/530 531/531 529/529
f 529/529 532/532 524/524
f 524/524 533/533 523/523
f 523/523 534/534 535/535
f 520/520 535/535 536/536
f 525/525 520/520 536/536
f 537/537 538/538 539/539
f 540/540 541/541 538/538
f 538/538 542/542 539/539
f 541/541 543/543 538/538
f 517/517 537/537 544/544
f 516/516 540/540 537/537
f 515/515 545/545 540/540
f 514/514 546/546 545/545
f 545/545 547/547 541/541
f 547/547 548/548 541/541
f 549/549 550/550 548/548
f 548/548 551/551 543/543
f 543/543 552/552 542/542
f 542/542 553/553 554/554
f 539/539 554/554 555/555
f 544/544 539/539 555/555
f 556/556 557/557 558/558
f 559/559 560/560 557/557
f 557/557 561/561 558/558
f 560/560 562/562 557/557
f 480/480 556/556 563/563
f 479/479 559/559 556/556
f 478/478 564/564 559/559
f 477/477 544/544 564/564
f 564/564 555/555 560/560
f 555/555 565/565 560/560
f 554/554 566/566 565/565
f 565/565 567/567 562/562
f 562/562 568/568 561/561
f 561/561 569/569 570/570
f 558/558 570/570 571/571
f 563/563 558/558 571/571
f 572/572 573/573 574/574
f 575/575 576/576 573/573
f 573/573 577/577 574/574
f 576/576 578/578 573/573
f 553/553 572/572 579/579
f 552/552 575/575 572/572
f 551/551 580/580 575/575
f 550/550 581/581 580/580
f 580/580 582/582 576/576
f 582/582 583/583 576/576
f 584/584 585/585 583/583
f 583/583 586/586 578/578
f 578/578 587/587 577/577
f 577/577 588/588 589/589
f 574/574 589/589 590/590
f 579/579 574/574 590/590
f 591/591 592/592 593/593
f 594/594 595/595 592/592
f 592/592 596/596 593/593
f 595/595 597/597 592/592
f 569/569 591/591 598/598
f 568/568 594/594 591/591
f 567/567 599/599 594/594
f 566/566 579/579 599/599
f 599/599 590/590 595/595
f 590/590 600/600 595/595
f 589/589 601/601 600/600
f 600/600 602/602 597/597
f 597/597 603/603 596/596
f 596/596 604/604 605/605
f 593/593 605/605 606/606
f 598/598 593/593 606/606
f 607/607 608/608 609/609
f 610/610 611/611 608/608
f 608/608 612/612 609/609
f 611/611 613/613 608/608
f 534/534 607/607 614/614
f 533/533 610/610 607/607
f 532/532 615/615 610/610
f 531/531 616/616 615/615
f 615/615 617/617 611/611
f 617/617 618/618 611/611
f 619/619 620/620 618/618
f 618/618 621/621 613/613
f 613/613 622/622 612/612
f 612/612 623/623 624/624
f 609/609 624/624 625/625
f 614/614 609/609 625/625
f 626/626 627/627 628/628
f 629/629 630/630 627/627
f 627/627 631/631 628/628
f 630/630 632/632 627/627
f 604/604 626/626 633/633
f 603/603 629/629 626/626
f 602/602 634/634 629/629
f 601/601 635/635 634/634
f 634/634 636/636 630/630
f 636/636 637/637 630/630
f 638/638 639/639 637/637
f 637/637 640/640 632/632
f 632/632 641/641 631/631
f 631/631 642/642 643/643
f 628/628 643/643 644/644
f 633/633 628/628 644/644
f 645/645 646/646 647/647
f 648/648 649/649 646/646
f 646/646 650/650 647/647
f 649/649 651/651 646/646
f 623/623 645/645 652/652
f 622/622 648/648 645/645
f 621/621 653/653 648/648
f 620/620 654/654 653/653
f 653/653 655/655 649/649
f 655/655 656/656 649/649
f 657/657 658/658 656/656
f 656/656 659/659 651/651
f 651/651 660/660 650/650
f 650/650 661/661 662/662
f 647/647 662/662 663/663
f 652/652 647/647 663/663
f 664/664 665/665 666/666
f 667/667 668/668 665/665
f 665/665 669/669 666/666
f 668/668 670/670 665/665
f 588/588 664/664 635/635
f 587/587 667/667 664/664
f 586/586 671/671 667/667
f 585/585 672/672 671/671
f 671/671 673/673 668/668
f 673/673 674/674 668/668
f 675/675 676/676 674/674
f 674/674 677/677 670/670
f 670/670 678/678 669/669
f 669/669 679/679 638/638
f 666/666 638/638 636/636
f 635/635 666/666 636/636
f 680/680 681/681 682/682
f 683/683 681/681 684/684
f 681/681 685/685 682/682
f 681/681 686/686 687/687
f 688/688 689/689 690/690
f 688/688 684/684 680/680
f 691/691 683/683 684/684
f 692/692 693/693 683/683
f 683/683 694/694 695/695
f 695/695 696/696 686/686
f 686/686 697/697 698/698
f 687/687 698/698 699/699
f 687/687 700/700 685/685
f 685/685 701/701 702/702
f 682/682 702/702 703/703
f 680/680 703/703 689/689
f 704/704 705/705 706/706
f 707/707 705/705 708/708
f 705/705 709/709 706/706
f 705/705 710/710 711/711
f 712/712 713/713 714/714
f 712/712 708/708 704/704
f 715/715 707/707 708/708
f 716/716 717/717 707/707
f 717/717 718/718 707/707
f 718/718 719/719 710/710
f 710/710 720/720 721/721
f 711/711 721/721 722/722
f 711/711 723/723 709/709
f 709/709 724/724 725/725
f 706/706 725/725 726/726
f 704/704 726/726 713/713
f 727/727 728/728 729/729
f 730/730 731/731 728/728
f 728/728 732/732 729/729
f 731/731 733/733 728/728
f 661/661 727/727 734/734
f 660/660 730/730 727/727
f 659/659 735/735 730/730
f 658/658 736/736 735/735
f 735/735 737/737 731/731
f 737/737 738/738 731/731
f 739/739 740/740 738/738
f 738/738 741/741 733/733
f 733/733 742/742 732/732
f 732/732 743/743 744/744
f 729/729 744/744 745/745
f 734/734 729/729 745/745
f 746/746 747/747 748/748
f 749/749 750/750 747/747
f 747/747 751/751 748/748
f 750/750 752/752 747/747
f 753/753 746/746 754/754
f 755/755 749/749 746/746
f 756/756 757/757 749/749
f 758/758 759/759 757/757
f 757/757 760/760 750/750
f 760/760 761/761 750/750
f 762/762 763/763 761/761
f 761/761 764/764 752/752
f 752/752 765/765 751/751
f 751/751 766/766 767/767
f 748/748 767/767 768/768
f 754/754 748/748 768/768
f 769/769 770/770 771/771
f 772/772 773/773 770/770
f 770/770 774/774 771/771
f 770/770 775/775 776/776
f 777/777 778/778 779/779
f 777/777 772/772 769/769
f 780/780 781/781 772/772
f 782/782 781/781 783/783
f 784/784 773/773 781/781
f 773/773 785/785 775/775
f 775/775 786/786 787/787
f 776/776 787/787 788/788
f 776/776 789/789 774/774
f 774/774 790/790 791/791
f 792/792 774/774 791/791
f 769/769 792/792 778/778
f 793/793 794/794 795/795
f 796/796 794/794 797/797
f 794/794 798/798 795/795
f 794/794 799/799 800/800
f 801/801 802/802 803/803
f 801/801 797/797 793/793
f 804/804 796/796 797/797
f 805/805 806/806 796/796
f 796/796 807/807 808/808
f 808/808 809/809 799/799
f 799/799 810/810 811/811
f 800/800 811/811 812/812
f 800/800 813/813 798/798
f 798/798 814/814 815/815
f 795/795 815/815 816/816
f 793/793 816/816 802/802
f 817/817 818/818 819/819
f 820/820 821/821 818/818
f 818/818 822/822 819/819
f 821/821 823/823 818/818
f 824/824 817/817 825/825
f 826/826 820/820 817/817
f 827/827 828/828 820/820
f 829/829 754/754 828/828
f 828/828 768/768 821/821
f 768/768 830/830 821/821
f 767/767 831/831 830/830
f 830/830 832/832 823/823
f 823/823 833/833 822/822
f 822/822 834/834 835/835
f 819/819 835/835 836/836
f 825/825 819/819 836/836
f 837/837 838/838 839/839
f 840/840 841/841 838/838
f 838/838 842/842 839/839
f 841/841 843/843 838/838
f 743/743 837/837 844/844
f 742/742 840/840 837/837
f 741/741 845/845 840/840
f 740/740 846/846 845/845
f 845/845 847/847 841/841
f 847/847 848/848 841/841
f 849/849 850/850 848/848
f 848/848 851/851 843/843
f 843/843 852/852 842/842
f 842/842 853/853 854/854
f 839/839 854/854 855/855
f 844/844 839/839 855/855
f 856/856 857/857 858/858
f 859/859 860/860 857/857
f 857/857 861/861 858/858
f 860/860 862/862 857/857
f 766/766 856/856 863/863
f 765/765 859/859 856/856
f 764/764 864/864 859/859
f 763/763 865/865 864/864
f 864/864 866/866 860/860
f 866/866 867/867 860/860
f 868/868 869/869 867/867
f 867/867 870/870 862/862
f 862/862 871/871 861/861
f 861/861 872/872 873/873
f 858/858 873/873 874/874
f 863/863 858/858 874/874
f 875/875 876/876 877/877
f 875/875 878/878 879/879
f 876/876 880/880 881/881
f 878/878 880/880 879/879
f 882/882 806/806 883/883
f 882/882 875/875 877/877
f 884/884 885/885 875/875
f 886/886 885/885 887/887
f 885/885 888/888 878/878
f 878/878 889/889 890/890
f 890/890 891/891 892/892
f 880/880 892/892 893/893
f 880/880 894/894 881/881
f 881/881 810/810 809/809
f 876/876 809/809 807/807
f 877/877 807/807 806/806
f 895/895 896/896 897/897
f 898/898 899/899 895/895
f 896/896 900/900 901/901
f 902/902 900/900 899/899
f 903/903 693/693 904/904
f 905/905 897/897 903/903
f 905/905 898/898 895/895
f 906/906 898/898 907/907
f 898/898 908/908 902/902
f 902/902 909/909 910/910
f 910/910 911/911 912/912
f 900/900 912/912 913/913
f 900/900 914/914 901/901
f 901/901 697/697 696/696
f 896/896 696/696 694/694
f 897/897 694/694 693/693
f 915/915 916/916 917/917
f 918/918 915/915 919/919
f 920/920 918/918 921/921
f 922/922 920/920 923/923
f 924/924 922/922 925/925
f 926/926 924/924 927/927
f 928/928 926/926 929/929
f 930/930 928/928 931/931
f 932/932 930/930 933/933
f 934/934 932/932 935/935
f 936/936 934/934 937/937
f 938/938 936/936 939/939
f 940/940 938/938 941/941
f 942/942 940/940 943/943
f 944/944 942/942 945/945
f 916/916 944/944 946/946
f 947/947 948/948 949/949
f 950/950 917/917 947/947
f 917/917 951/951 948/948
f 952/952 953/953 954/954
f 955/955 919/919 952/952
f 919/919 950/950 953/953
f 956/956 957/957 958/958
f 959/959 921/921 956/956
f 921/921 955/955 957/957
f 960/960 961/961 962/962
f 963/963 923/923 960/960
f 923/923 959/959 961/961
f 964/964 965/965 966/966
f 967/967 925/925 964/964
f 925/925 963/963 965/965
f 968/968 969/969 970/970
f 971/971 927/927 968/968
f 927/927 967/967 969/969
f 972/972 973/973 974/974
f 975/975 929/929 972/972
f 929/929 971/971 973/973
f 976/976 977/977 978/978
f 979/979 931/931 976/976
f 931/931 975/975 977/977
f 980/980 981/981 982/982
f 983/983 933/933 980/980
f 933/933 979/979 981/981
f 984/984 985/985 986/986
f 987/987 935/935 984/984
f 935/935 983/983 985/985
f 988/988 989/989 990/990
f 991/991 937/937 988/988
f 937/937 987/987 989/989
f 992/992 993/993 994/994
f 995/995 939/939 992/992
f 939/939 991/991 993/993
f 996/996 997/997 998/998
f 999/999 941/941 996/996
f 941/941 995/995 997/997
f 1000/1000 1001/1001 1002/1002
f 1003/1003 943/943 1000/1000
f 943/943 999/999 1001/1001
f 1004/1004 1005/1005 1006/1006
f 1007/1007 945/945 1004/1004
f 945/945 1003/1003 1005/1005
f 1008/1008 1009/1009 1010/1010
f 951/951 946/946 1008/1008
f 946/946 1007/1007 1009/1009
f 1011/1011 1012/1012 1013/1013
f 1014/1014 1015/1015 1012/1012
f 1012/1012 1016/1016 1013/1013
f 1015/1015 1017/1017 1012/1012
f 834/834 1011/1011 1018/1018
f 833/833 1014/1014 1011/1011
f 832/832 1019/1019 1014/1014
f 831/831 863/863 1019/1019
f 1019/1019 874/874 1015/1015
f 874/874 1020/1020 1015/1015
f 873/873 1021/1021 1020/1020
f 1020/1020 1022/1022 1017/1017
f 1017/1017 1023/1023 1016/1016
f 1016/1016 1024/1024 1025/1025
f 1013/1013 1025/1025 1026/1026
f 1018/1018 1013/1013 1026/1026
f 1027/1027 1028/1028 1029/1029
f 1030/1030 1031/1031 1028/1028
f 1028/1028 1032/1032 1029/1029
f 1028/1028 1033/1033 1034/1034
f 1035/1035 1036/1036 1037/1037
f 1035/1035 1030/1030 1027/1027
f 1038/1038 1039/1039 1030/1030
f 1040/1040 1039/1039 1041/1041
f 1042/1042 1031/1031 1039/1039
f 1031/1031 1043/1043 1033/1033
f 1033/1033 1044/1044 1045/1045
f 1034/1034 1045/1045 1046/1046
f 1034/1034 1047/1047 1032/1032
f 1032/1032 1048/1048 1049/1049
f 1029/1029 1049/1049 1050/1050
f 1027/1027 1050/1050 1036/1036
f 1051/1051 1052/1052 1053/1053
f 1054/1054 1055/1055 1052/1052
f 1052/1052 1056/1056 1053/1053
f 1052/1052 1057/1057 1058/1058
f 1059/1059 1060/1060 1061/1061
f 1059/1059 1054/1054 1051/1051
f 1062/1062 1063/1063 1054/1054
f 1064/1064 1063/1063 1065/1065
f 1066/1066 1055/1055 1063/1063
f 1055/1055 1067/1067 1057/1057
f 1057/1057 1068/1068 1069/1069
f 1058/1058 1069/1069 1070/1070
f 1058/1058 1071/1071 1056/1056
f 1056/1056 1072/1072 1073/1073
f 1053/1053 1073/1073 1074/1074
f 1051/1051 1074/1074 1060/1060
f 1075/1075 1076/1076 1077/1077
f 1078/1078 1079/1079 1076/1076
f 1076/1076 1080/1080 1077/1077
f 1076/1076 1081/1081 1082/1082
f 1083/1083 1066/1066 1064/1064
f 1083/1083 1078/1078 1075/1075
f 1084/1084 1085/1085 1078/1078
f 1086/1086 713/713 1085/1085
f 1085/1085 726/726 1079/1079
f 1079/1079 725/725 1081/1081
f 1081/1081 724/724 1087/1087
f 1082/1082 1087/1087 1088/1088
f 1082/1082 1089/1089 1080/1080
f 1080/1080 1068/1068 1067/1067
f 1077/1077 1067/1067 1090/1090
f 1075/1075 1090/1090 1066/1066
f 1091/1091 1092/1092 1093/1093
f 1091/1091 1094/1094 1095/1095
f 1092/1092 1096/1096 1097/1097
f 1094/1094 1096/1096 1095/1095
f 1098/1098 1099/1099 1100/1100
f 1101/1101 1093/1093 1098/1098
f 1101/1101 1102/1102 1091/1091
f 1103/1103 1102/1102 1104/1104
f 1102/1102 1105/1105 1094/1094
f 1094/1094 1106/1106 1107/1107
f 1107/1107 1108/1108 1109/1109
f 1096/1096 1109/1109 1110/1110
f 1096/1096 1111/1111 1097/1097
f 1097/1097 1112/1112 1113/1113
f 1114/1114 1097/1097 1113/1113
f 1093/1093 1114/1114 1099/1099
f 1115/1115 1116/1116 1117/1117
f 1118/1118 1119/1119 1116/1116
f 1116/1116 1120/1120 1117/1117
f 1119/1119 1121/1121 1116/1116
f 1024/1024 1115/1115 1122/1122
f 1023/1023 1118/1118 1115/1115
f 1022/1022 1123/1123 1118/1118
f 1021/1021 1124/1124 1123/1123
f 1123/1123 1125/1125 1119/1119
f 1125/1125 1126/1126 1119/1119
f 1127/1127 1128/1128 1126/1126
f 1126/1126 1129/1129 1121/1121
f 1121/1121 1130/1130 1120/1120
f 1120/1120 1131/1131 1132/1132
f 1117/1117 1132/1132 1133/1133
f 1122/1122 1117/1117 1133/1133
f 1134/1134 1135/1135 1136/1136
f 1137/1137 1138/1138 1135/1135
f 1135/1135 1139/1139 1136/1136
f 1135/1135 1140/1140 1141/1141
f 1142/1142 1143/1143 1144/1144
f 1142/1142 1137/1137 1134/1134
f 1145/1145 1146/1146 1137/1137
f 803/803 1146/1146 1147/1147
f 802/802 1138/1138 1146/1146
f 1138/1138 815/815 1140/1140
f 1140/1140 814/814 1148/1148
f 1141/1141 1148/1148 1149/1149
f 1141/1141 1150/1150 1139/1139
f 1139/1139 1151/1151 1152/1152
f 1136/1136 1152/1152 1153/1153
f 1134/1134 1153/1153 1143/1143
f 1154/1154 1155/1155 1156/1156
f 1157/1157 1155/1155 1158/1158
f 1155/1155 1159/1159 1156/1156
f 1155/1155 1160/1160 1161/1161
f 1162/1162 1042/1042 1040/1040
f 1162/1162 1158/1158 1154/1154
f 1163/1163 1157/1157 1158/1158
f 1164/1164 1165/1165 1157/1157
f 1157/1157 1166/1166 1167/1167
f 1167/1167 1168/1168 1160/1160
f 1160/1160 1169/1169 1170/1170
f 1161/1161 1170/1170 1171/1171
f 1161/1161 1172/1172 1159/1159
f 1159/1159 1044/1044 1043/1043
f 1156/1156 1043/1043 1173/1173
f 1154/1154 1173/1173 1042/1042
f 1174/1174 1175/1175 1176/1176
f 1177/1177 1178/1178 1175/1175
f 1175/1175 1179/1179 1176/1176
f 1178/1178 1180/1180 1175/1175
f 853/853 1174/1174 1181/1181
f 852/852 1177/1177 1174/1174
f 851/851 1182/1182 1177/1177
f 850/850 1183/1183 1182/1182
f 1182/1182 1184/1184 1178/1178
f 1184/1184 1185/1185 1178/1178
f 1186/1186 1187/1187 1185/1185
f 1185/1185 1188/1188 1180/1180
f 1180/1180 1189/1189 1179/1179
f 1179/1179 1190/1190 1191/1191
f 1176/1176 1191/1191 1192/1192
f 1181/1181 1176/1176 1192/1192
f 1193/1193 1194/1194 1195/1195
f 1196/1196 1197/1197 1194/1194
f 1194/1194 1198/1198 1195/1195
f 1197/1197 1199/1199 1194/1194
f 872/872 1193/1193 1124/1124
f 871/871 1196/1196 1193/1193
f 870/870 1200/1200 1196/1196
f 869/869 1201/1201 1200/1200
f 1200/1200 1202/1202 1197/1197
f 1202/1202 1203/1203 1197/1197
f 1204/1204 1205/1205 1203/1203
f 1203/1203 1206/1206 1199/1199
f 1199/1199 1207/1207 1198/1198
f 1198/1198 1208/1208 1127/1127
f 1195/1195 1127/1127 1125/1125
f 1124/1124 1195/1195 1125/1125
f 1209/1209 1210/1210 1211/1211
f 1212/1212 1213/1213 1210/1210
f 1210/1210 1214/1214 1211/1211
f 1213/1213 1215/1215 1210/1210
f 1131/1131 1209/1209 1216/1216
f 1130/1130 1212/1212 1209/1209
f 1129/1129 1217/1217 1212/1212
f 1128/1128 1218/1218 1217/1217
f 1217/1217 1219/1219 1213/1213
f 1219/1219 1220/1220 1213/1213
f 1221/1221 1222/1222 1220/1220
f 1220/1220 1223/1223 1215/1215
f 1215/1215 1224/1224 1214/1214
f 1214/1214 1225/1225 1226/1226
f 1211/1211 1226/1226 1227/1227
f 1216/1216 1211/1211 1227/1227
f 1228/1228 1229/1229 1230/1230
f 1231/1231 1229/1229 1232/1232
f 1229/1229 1233/1233 1230/1230
f 1229/1229 1234/1234 1235/1235
f 1236/1236 1165/1165 1237/1237
f 1236/1236 1232/1232 1228/1228
f 1238/1238 1231/1231 1232/1232
f 1239/1239 1240/1240 1231/1231
f 1231/1231 1241/1241 1242/1242
f 1242/1242 1243/1243 1234/1234
f 1234/1234 1244/1244 1245/1245
f 1235/1235 1245/1245 1246/1246
f 1235/1235 1247/1247 1233/1233
f 1233/1233 1169/1169 1168/1168
f 1230/1230 1168/1168 1166/1166
f 1228/1228 1166/1166 1165/1165
f 1248/1248 1249/1249 1250/1250
f 1248/1248 1251/1251 1252/1252
f 1249/1249 1253/1253 1254/1254
f 1251/1251 1253/1253 1252/1252
f 1255/1255 1240/1240 1256/1256
f 1257/1257 1250/1250 1255/1255
f 1257/1257 1258/1258 1248/1248
f 1259/1259 1260/1260 1258/1258
f 1260/1260 1251/1251 1258/1258
f 1261/1261 1262/1262 1251/1251
f 1262/1262 1263/1263 1264/1264
f 1253/1253 1264/1264 1265/1265
f 1253/1253 1266/1266 1254/1254
f 1254/1254 1244/1244 1243/1243
f 1249/1249 1243/1243 1241/1241
f 1250/1250 1241/1241 1240/1240
f 1267/1267 1268/1268 1269/1269
f 1270/1270 1271/1271 1268/1268
f 1268/1268 1272/1272 1269/1269
f 1271/1271 1273/1273 1268/1268
f 1190/1190 1267/1267 1274/1274
f 1189/1189 1270/1270 1267/1267
f 1188/1188 1275/1275 1270/1270
f 1187/1187 1276/1276 1275/1275
f 1275/1275 1277/1277 1271/1271
f 1277/1277 1278/1278 1271/1271
f 1279/1279 36/36 1278/1278
f 1278/1278 34/34 1273/1273
f 1273/1273 33/33 1272/1272
f 1272/1272 31/31 1280/1280
f 1269/1269 1280/1280 1281/1281
f 1274/1274 1269/1269 1281/1281
f 1282/1282 1283/1283 1284/1284
f 1285/1285 1286/1286 1283/1283
f 1283/1283 1287/1287 1284/1284
f 1286/1286 1288/1288 1283/1283
f 1208/1208 1282/1282 1218/1218
f 1207/1207 1285/1285 1282/1282
f 1206/1206 1289/1289 1285/1285
f 1205/1205 1290/1290 1289/1289
f 1289/1289 1291/1291 1286/1286
f 1291/1291 1292/1292 1286/1286
f 1293/1293 1294/1294 1292/1292
f 1292/1292 1295/1295 1288/1288
f 1288/1288 1296/1296 1287/1287
f 1287/1287 1297/1297 1221/1221
f 1284/1284 1221/1221 1219/1219
f 1218/1218 1284/1284 1219/1219
f 1298/1298 1299/1299 1300/1300
f 1301/1301 1299/1299 1302/1302
f 1299/1299 1303/1303 1300/1300
f 1299/1299 1304/1304 1305/1305
f 1306/1306 784/784 782/782
f 1306/1306 1302/1302 1298/1298
f 1307/1307 1301/1301 1302/1302
f 1308/1308 689/689 1301/1301
f 1301/1301 703/703 1309/1309
f 1309/1309 702/702 1304/1304
f 1304/1304 701/701 1310/1310
f 1305/1305 1310/1310 1311/1311
f 1305/1305 1312/1312 1303/1303
f 1303/1303 786/786 785/785
f 1300/1300 785/785 1313/1313
f 1298/1298 1313/1313 784/784
f 1314/1314 1315/1315 1316/1316
f 1317/1317 1315/1315 1318/1318
f 1315/1315 1319/1319 1316/1316
f 1315/1315 1320/1320 1321/1321
f 1322/1322 717/717 1323/1323
f 1322/1322 1318/1318 1314/1314
f 1324/1324 1317/1317 1318/1318
f 1100/1100 1317/1317 1325/1325
f 1099/1099 1326/1326 1317/1317
f 1326/1326 1113/1113 1320/1320
f 1320/1320 1112/1112 1327/1327
f 1321/1321 1327/1327 1328/1328
f 1321/1321 1329/1329 1319/1319
f 1319/1319 720/720 719/719
f 1316/1316 719/719 1330/1330
f 1314/1314 1330/1330 717/717
f 1331/1331 1332/1332 1333/1333
f 1334/1334 1332/1332 1335/1335
f 1333/1333 1336/1336 1337/1337
f 1338/1338 1336/1336 1332/1332
f 958/958 1331/1331 1339/1339
f 957/957 1335/1335 1331/1331
f 952/952 1335/1335 955/955
f 954/954 1334/1334 952/952
f 1340/1340 1338/1338 1334/1334
f 1341/1341 1342/1342 1338/1338
f 1343/1343 32/32 1342/1342
f 1342/1342 46/46 1336/1336
f 1337/1337 46/46 45/45
f 1344/1344 45/45 44/44
f 1345/1345 1337/1337 1344/1344
f 1339/1339 1333/1333 1345/1345
f 1346/1346 1347/1347 1348/1348
f 1349/1349 1347/1347 1350/1350
f 1348/1348 1351/1351 1352/1352
f 1353/1353 1351/1351 1347/1347
f 962/962 1346/1346 1354/1354
f 961/961 1350/1350 1346/1346
f 956/956 1350/1350 959/959
f 958/958 1349/1349 956/956
f 1339/1339 1353/1353 1349/1349
f 1345/1345 1355/1355 1353/1353
f 1344/1344 74/74 1355/1355
f 1355/1355 85/85 1351/1351
f 1352/1352 85/85 84/84
f 1356/1356 84/84 83/83
f 1357/1357 1352/1352 1356/1356
f 1354/1354 1348/1348 1357/1357
f 1358/1358 1359/1359 1360/1360
f 1361/1361 1359/1359 1362/1362
f 1360/1360 1363/1363 1364/1364
f 1365/1365 1363/1363 1359/1359
f 966/966 1358/1358 1366/1366
f 965/965 1362/1362 1358/1358
f 960/960 1362/1362 963/963
f 962/962 1361/1361 960/960
f 1354/1354 1365/1365 1361/1361
f 1357/1357 1367/1367 1365/1365
f 1356/1356 128/128 1367/1367
f 1367/1367 139/139 1363/1363
f 1364/1364 139/139 138/138
f 1368/1368 138/138 137/137
f 1369/1369 1364/1364 1368/1368
f 1366/1366 1360/1360 1369/1369
f 1370/1370 1371/1371 1372/1372
f 1373/1373 1371/1371 1374/1374
f 1372/1372 1375/1375 1376/1376
f 1377/1377 1375/1375 1371/1371
f 970/970 1370/1370 1378/1378
f 969/969 1374/1374 1370/1370
f 964/964 1374/1374 967/967
f 966/966 1373/1373 964/964
f 1366/1366 1377/1377 1373/1373
f 1369/1369 1379/1379 1377/1377
f 1368/1368 205/205 1379/1379
f 1379/1379 216/216 1375/1375
f 1376/1376 216/216 215/215
f 1380/1380 215/215 214/214
f 1381/1381 1376/1376 1380/1380
f 1378/1378 1372/1372 1381/1381
f 1382/1382 1383/1383 1384/1384
f 1385/1385 1383/1383 1386/1386
f 1384/1384 1387/1387 1388/1388
f 1389/1389 1387/1387 1383/1383
f 974/974 1382/1382 1390/1390
f 973/973 1386/1386 1382/1382
f 968/968 1386/1386 971/971
f 970/970 1385/1385 968/968
f 1378/1378 1389/1389 1385/1385
f 1381/1381 1391/1391 1389/1389
f 1380/1380 262/262 1391/1391
f 1391/1391 273/273 1387/1387
f 1388/1388 273/273 272/272
f 1392/1392 272/272 271/271
f 1393/1393 1388/1388 1392/1392
f 1390/1390 1384/1384 1393/1393
f 1394/1394 1395/1395 1396/1396
f 1397/1397 1395/1395 1398/1398
f 1396/1396 1399/1399 1400/1400
f 1401/1401 1399/1399 1395/1395
f 978/978 1394/1394 1402/1402
f 977/977 1398/1398 1394/1394
f 972/972 1398/1398 975/975
f 974/974 1397/1397 972/972
f 1390/1390 1401/1401 1397/1397
f 1393/1393 1403/1403 1401/1401
f 1392/1392 301/301 1403/1403
f 1403/1403 312/312 1399/1399
f 1400/1400 312/312 311/311
f 1404/1404 311/311 310/310
f 1405/1405 1400/1400 1404/1404
f 1402/1402 1396/1396 1405/1405
f 1406/1406 1407/1407 1408/1408
f 1409/1409 1407/1407 1410/1410
f 1408/1408 1411/1411 1412/1412
f 1413/1413 1411/1411 1407/1407
f 982/982 1406/1406 1414/1414
f 981/981 1410/1410 1406/1406
f 976/976 1410/1410 979/979
f 978/978 1409/1409 976/976
f 1402/1402 1413/1413 1409/1409
f 1405/1405 1415/1415 1413/1413
f 1404/1404 355/355 1415/1415
f 1415/1415 366/366 1411/1411
f 1412/1412 366/366 365/365
f 1416/1416 365/365 364/364
f 1417/1417 1412/1412 1416/1416
f 1414/1414 1408/1408 1417/1417
f 1418/1418 1419/1419 1420/1420
f 1421/1421 1419/1419 1422/1422
f 1420/1420 1423/1423 1424/1424
f 1425/1425 1423/1423 1419/1419
f 986/986 1418/1418 1426/1426
f 985/985 1422/1422 1418/1418
f 980/980 1422/1422 983/983
f 982/982 1421/1421 980/980
f 1414/1414 1425/1425 1421/1421
f 1417/1417 1427/1427 1425/1425
f 1416/1416 432/432 1427/1427
f 1427/1427 443/443 1423/1423
f 1424/1424 443/443 442/442
f 1428/1428 442/442 441/441
f 1429/1429 1424/1424 1428/1428
f 1426/1426 1420/1420 1429/1429
f 1430/1430 1431/1431 1432/1432
f 1433/1433 1431/1431 1434/1434
f 1432/1432 1435/1435 1436/1436
f 1437/1437 1435/1435 1431/1431
f 990/990 1430/1430 1438/1438
f 989/989 1434/1434 1430/1430
f 984/984 1434/1434 987/987
f 986/986 1433/1433 984/984
f 1426/1426 1437/1437 1433/1433
f 1429/1429 1439/1439 1437/1437
f 1428/1428 490/490 1439/1439
f 1439/1439 501/501 1435/1435
f 1436/1436 501/501 500/500
f 1440/1440 500/500 499/499
f 1441/1441 1436/1436 1440/1440
f 1438/1438 1432/1432 1441/1441
f 1442/1442 1443/1443 1444/1444
f 1445/1445 1443/1443 1446/1446
f 1444/1444 1447/1447 1448/1448
f 1449/1449 1447/1447 1443/1443
f 994/994 1442/1442 1450/1450
f 993/993 1446/1446 1442/1442
f 988/988 1446/1446 991/991
f 990/990 1445/1445 988/988
f 1438/1438 1449/1449 1445/1445
f 1441/1441 1451/1451 1449/1449
f 1440/1440 525/525 1451/1451
f 1451/1451 536/536 1447/1447
f 1448/1448 536/536 535/535
f 1452/1452 535/535 534/534
f 1453/1453 1448/1448 1452/1452
f 1450/1450 1444/1444 1453/1453
f 1454/1454 1455/1455 1456/1456
f 1457/1457 1455/1455 1458/1458
f 1456/1456 1459/1459 1460/1460
f 1461/1461 1459/1459 1455/1455
f 998/998 1454/1454 1462/1462
f 997/997 1458/1458 1454/1454
f 992/992 1458/1458 995/995
f 994/994 1457/1457 992/992
f 1450/1450 1461/1461 1457/1457
f 1453/1453 1463/1463 1461/1461
f 1452/1452 614/614 1463/1463
f 1463/1463 625/625 1459/1459
f 1460/1460 625/625 624/624
f 1464/1464 624/624 623/623
f 1465/1465 1460/1460 1464/1464
f 1462/1462 1456/1456 1465/1465
f 1466/1466 1467/1467 1468/1468
f 1469/1469 1467/1467 1470/1470
f 1468/1468 1471/1471 1472/1472
f 1473/1473 1471/1471 1467/1467
f 1002/1002 1466/1466 1474/1474
f 1001/1001 1470/1470 1466/1466
f 996/996 1470/1470 999/999
f 998/998 1469/1469 996/996
f 1462/1462 1473/1473 1469/1469
f 1465/1465 1475/1475 1473/1473
f 1464/1464 652/652 1475/1475
f 1475/1475 663/663 1471/1471
f 1472/1472 663/663 662/662
f 1476/1476 662/662 661/661
f 1477/1477 1472/1472 1476/1476
f 1474/1474 1468/1468 1477/1477
f 1478/1478 1479/1479 1480/1480
f 1481/1481 1479/1479 1482/1482
f 1480/1480 1483/1483 1484/1484
f 1485/1485 1483/1483 1479/1479
f 1006/1006 1478/1478 1486/1486
f 1005/1005 1482/1482 1478/1478
f 1000/1000 1482/1482 1003/1003
f 1002/1002 1481/1481 1000/1000
f 1474/1474 1485/1485 1481/1481
f 1477/1477 1487/1487 1485/1485
f 1476/1476 734/734 1487/1487
f 1487/1487 745/745 1483/1483
f 1484/1484 745/745 744/744
f 1488/1488 744/744 743/743
f 1489/1489 1484/1484 1488/1488
f 1486/1486 1480/1480 1489/1489
f 1490/1490 1491/1491 1492/1492
f 1493/1493 1491/1491 1494/1494
f 1492/1492 1495/1495 1496/1496
f 1497/1497 1495/1495 1491/1491
f 1010/1010 1490/1490 1498/1498
f 1009/1009 1494/1494 1490/1490
f 1004/1004 1494/1494 1007/1007
f 1006/1006 1493/1493 1004/1004
f 1486/1486 1497/1497 1493/1493
f 1489/1489 1499/1499 1497/1497
f 1488/1488 844/844 1499/1499
f 1499/1499 855/855 1495/1495
f 1496/1496 855/855 854/854
f 1500/1500 854/854 853/853
f 1501/1501 1496/1496 1500/1500
f 1498/1498 1492/1492 1501/1501
f 1502/1502 1503/1503 1504/1504
f 1505/1505 1503/1503 1506/1506
f 1504/1504 1507/1507 1508/1508
f 1509/1509 1507/1507 1503/1503
f 949/949 1502/1502 1510/1510
f 948/948 1506/1506 1502/1502
f 1008/1008 1506/1506 951/951
f 1010/1010 1505/1505 1008/1008
f 1498/1498 1509/1509 1505/1505
f 1501/1501 1511/1511 1509/1509
f 1500/1500 1181/1181 1511/1511
f 1511/1511 1192/1192 1507/1507
f 1508/1508 1192/1192 1191/1191
f 1512/1512 1191/1191 1190/1190
f 1513/1513 1508/1508 1512/1512
f 1510/1510 1504/1504 1513/1513
f 1514/1514 1515/1515 1516/1516
f 1517/1517 1515/1515 1518/1518
f 1516/1516 1519/1519 1520/1520
f 1521/1521 1519/1519 1515/1515
f 954/954 1514/1514 1340/1340
f 953/953 1518/1518 1514/1514
f 947/947 1518/1518 950/950
f 949/949 1517/1517 947/947
f 1510/1510 1521/1521 1517/1517
f 1513/1513 1522/1522 1521/1521
f 1512/1512 1274/1274 1522/1522
f 1522/1522 1281/1281 1519/1519
f 1520/1520 1281/1281 1280/1280
f 1343/1343 1280/1280 31/31
f 1341/1341 1520/1520 1343/1343
f 1340/1340 1516/1516 1341/1341
f 1523/1523 1524/1524 1525/1525
f 1526/1526 1524/1524 1527/1527
f 1525/1525 1528/1528 1529/1529
f 1530/1530 1528/1528 1524/1524
f 1531/1531 1532/1532 1533/1533
f 1534/1534 1523/1523 1531/1531
f 1534/1534 1526/1526 1527/1527
f 1535/1535 1526/1526 1536/1536
f 1537/1537 1530/1530 1526/1526
f 1538/1538 1539/1539 1530/1530
f 1540/1540 1325/1325 1539/1539
f 1528/1528 1325/1325 1324/1324
f 1528/1528 1322/1322 1529/1529
f 1529/1529 1323/1323 1541/1541
f 1542/1542 1529/1529 1541/1541
f 1523/1523 1542/1542 1532/1532
f 1543/1543 1544/1544 1545/1545
f 1546/1546 1544/1544 1547/1547
f 1545/1545 1548/1548 1549/1549
f 1550/1550 1548/1548 1544/1544
f 1551/1551 1552/1552 1553/1553
f 1554/1554 1543/1543 1551/1551
f 1554/1554 1546/1546 1547/1547
f 1555/1555 1546/1546 1556/1556
f 1557/1557 1550/1550 1546/1546
f 1558/1558 1559/1559 1550/1550
f 1560/1560 1308/1308 1559/1559
f 1548/1548 1308/1308 1307/1307
f 1548/1548 1306/1306 1549/1549
f 1549/1549 782/782 1561/1561
f 1562/1562 1549/1549 1561/1561
f 1543/1543 1562/1562 1552/1552
f 1563/1563 1564/1564 1565/1565
f 1566/1566 1567/1567 1563/1563
f 1564/1564 1568/1568 1569/1569
f 1570/1570 1568/1568 1567/1567
f 1571/1571 1572/1572 1573/1573
f 1571/1571 1563/1563 1565/1565
f 1574/1574 1563/1563 1575/1575
f 1574/1574 1576/1576 1566/1566
f 1576/1576 1570/1570 1566/1566
f 1577/1577 1578/1578 1570/1570
f 1578/1578 1579/1579 1259/1259
f 1578/1578 1257/1257 1568/1568
f 1569/1569 1257/1257 1255/1255
f 1569/1569 1256/1256 1580/1580
f 1581/1581 1569/1569 1580/1580
f 1565/1565 1581/1581 1572/1572
f 1582/1582 1583/1583 1584/1584
f 1585/1585 1583/1583 1586/1586
f 1584/1584 1587/1587 1588/1588
f 1589/1589 1587/1587 1583/1583
f 1590/1590 1591/1591 1592/1592
f 1593/1593 1582/1582 1590/1590
f 1593/1593 1585/1585 1586/1586
f 1573/1573 1585/1585 1594/1594
f 1572/1572 1589/1589 1585/1585
f 1581/1581 1595/1595 1589/1589
f 1580/1580 1239/1239 1595/1595
f 1587/1587 1239/1239 1238/1238
f 1587/1587 1236/1236 1588/1588
f 1588/1588 1237/1237 1596/1596
f 1597/1597 1588/1588 1596/1596
f 1582/1582 1597/1597 1591/1591
f 1598/1598 1599/1599 1600/1600
f 1601/1601 1599/1599 1602/1602
f 1600/1600 1603/1603 1604/1604
f 1605/1605 1603/1603 1599/1599
f 1606/1606 1607/1607 1608/1608
f 1609/1609 1598/1598 1606/1606
f 1609/1609 1601/1601 1602/1602
f 1592/1592 1601/1601 1610/1610
f 1591/1591 1605/1605 1601/1601
f 1597/1597 1611/1611 1605/1605
f 1596/1596 1164/1164 1611/1611
f 1603/1603 1164/1164 1163/1163
f 1603/1603 1162/1162 1604/1604
f 1604/1604 1040/1040 1612/1612
f 1613/1613 1604/1604 1612/1612
f 1598/1598 1613/1613 1607/1607
f 1614/1614 1615/1615 1616/1616
f 1617/1617 1615/1615 1618/1618
f 1615/1615 1619/1619 1616/1616
f 1620/1620 1621/1621 1615/1615
f 1622/1622 1623/1623 1624/1624
f 1622/1622 1618/1618 1614/1614
f 1625/1625 1618/1618 1626/1626
f 1625/1625 1627/1627 1617/1617
f 1617/1617 1628/1628 1620/1620
f 1628/1628 1629/1629 1620/1620
f 1629/1629 803/803 1147/1147
f 1629/1629 1145/1145 1621/1621
f 1621/1621 1142/1142 1619/1619
f 1619/1619 1144/1144 1630/1630
f 1631/1631 1619/1619 1630/1630
f 1614/1614 1631/1631 1623/1623
f 1632/1632 1633/1633 1634/1634
f 1635/1635 1633/1633 1636/1636
f 1634/1634 1637/1637 1638/1638
f 1639/1639 1637/1637 1633/1633
f 1640/1640 1537/1537 1535/1535
f 1640/1640 1636/1636 1632/1632
f 1641/1641 1636/1636 1642/1642
f 1641/1641 1643/1643 1635/1635
f 1643/1643 1639/1639 1635/1635
f 1639/1639 1644/1644 1645/1645
f 1645/1645 1103/1103 1104/1104
f 1645/1645 1101/1101 1637/1637
f 1638/1638 1101/1101 1098/1098
f 1638/1638 1100/1100 1540/1540
f 1634/1634 1540/1540 1538/1538
f 1632/1632 1538/1538 1537/1537
f 1646/1646 1647/1647 1648/1648
f 1649/1649 1647/1647 1650/1650
f 1648/1648 1651/1651 1652/1652
f 1653/1653 1651/1651 1647/1647
f 1654/1654 1655/1655 1656/1656
f 1657/1657 1646/1646 1654/1654
f 1657/1657 1649/1649 1650/1650
f 1658/1658 1659/1659 1649/1649
f 1659/1659 1653/1653 1649/1649
f 1660/1660 1661/1661 1653/1653
f 1662/1662 1086/1086 1661/1661
f 1651/1651 1086/1086 1084/1084
f 1651/1651 1083/1083 1652/1652
f 1652/1652 1064/1064 1663/1663
f 1664/1664 1652/1652 1663/1663
f 1646/1646 1664/1664 1655/1655
f 1665/1665 1666/1666 1667/1667
f 1668/1668 1666/1666 1669/1669
f 1666/1666 1670/1670 1667/1667
f 1671/1671 1672/1672 1666/1666
f 1673/1673 1674/1674 1675/1675
f 1673/1673 1669/1669 1665/1665
f 1676/1676 1669/1669 1677/1677
f 1656/1656 1668/1668 1676/1676
f 1668/1668 1664/1664 1671/1671
f 1671/1671 1663/1663 1678/1678
f 1678/1678 1064/1064 1065/1065
f 1678/1678 1062/1062 1672/1672
f 1672/1672 1059/1059 1670/1670
f 1670/1670 1061/1061 1679/1679
f 1680/1680 1670/1670 1679/1679
f 1665/1665 1680/1680 1674/1674
f 1681/1681 1682/1682 1683/1683
f 1684/1684 1682/1682 1685/1685
f 1682/1682 1686/1686 1683/1683
f 1687/1687 1688/1688 1682/1682
f 1689/1689 1690/1690 1691/1691
f 1689/1689 1685/1685 1681/1681
f 1692/1692 1685/1685 1693/1693
f 1692/1692 1607/1607 1684/1684
f 1684/1684 1613/1613 1687/1687
f 1687/1687 1612/1612 1694/1694
f 1694/1694 1040/1040 1041/1041
f 1694/1694 1038/1038 1688/1688
f 1688/1688 1035/1035 1686/1686
f 1686/1686 1037/1037 1695/1695
f 1683/1683 1695/1695 1696/1696
f 1681/1681 1696/1696 1690/1690
f 1697/1697 1698/1698 1699/1699
f 1700/1700 1698/1698 1701/1701
f 1699/1699 1702/1702 1703/1703
f 1704/1704 1702/1702 1698/1698
f 1705/1705 1706/1706 1707/1707
f 1705/1705 1701/1701 1697/1697
f 1708/1708 1701/1701 1709/1709
f 1708/1708 1710/1710 1700/1700
f 1710/1710 1704/1704 1700/1700
f 1704/1704 1711/1711 1712/1712
f 1712/1712 906/906 907/907
f 1712/1712 905/905 1702/1702
f 1703/1703 905/905 903/903
f 1703/1703 904/904 1713/1713
f 1714/1714 1703/1703 1713/1713
f 1697/1697 1714/1714 1706/1706
f 1715/1715 1716/1716 1717/1717
f 1718/1718 1719/1719 1715/1715
f 1716/1716 1720/1720 1721/1721
f 1722/1722 1720/1720 1719/1719
f 1723/1723 1724/1724 1725/1725
f 1723/1723 1715/1715 1717/1717
f 1726/1726 1715/1715 1727/1727
f 1726/1726 1728/1728 1718/1718
f 1728/1728 1722/1722 1718/1718
f 1722/1722 1729/1729 1730/1730
f 1730/1730 886/886 887/887
f 1730/1730 884/884 1720/1720
f 1721/1721 884/884 882/882
f 1721/1721 883/883 1731/1731
f 1732/1732 1721/1721 1731/1731
f 1717/1717 1732/1732 1724/1724
f 1733/1733 1734/1734 1735/1735
f 1736/1736 1737/1737 1733/1733
f 1734/1734 1738/1738 1739/1739
f 1740/1740 1738/1738 1737/1737
f 1741/1741 1627/1627 1742/1742
f 1743/1743 1735/1735 1741/1741
f 1743/1743 1736/1736 1733/1733
f 1725/1725 1736/1736 1744/1744
f 1724/1724 1740/1740 1736/1736
f 1732/1732 1745/1745 1740/1740
f 1731/1731 805/805 1745/1745
f 1738/1738 805/805 804/804
f 1738/1738 801/801 1739/1739
f 1746/1746 801/801 803/803
f 1628/1628 1739/1739 1746/1746
f 1735/1735 1628/1628 1627/1627
f 1747/1747 1748/1748 1749/1749
f 1750/1750 1751/1751 1747/1747
f 1751/1751 1752/1752 1748/1748
f 1753/1753 1754/1754 1751/1751
f 1755/1755 1749/1749 1756/1756
f 1757/1757 1749/1749 1758/1758
f 1759/1759 1747/1747 1757/1757
f 1759/1759 1552/1552 1750/1750
f 1750/1750 1562/1562 1753/1753
f 1753/1753 1561/1561 1760/1760
f 1760/1760 782/782 783/783
f 1760/1760 780/780 1754/1754
f 1754/1754 777/777 1752/1752
f 1752/1752 779/779 1761/1761
f 1762/1762 1752/1752 1761/1761
f 1756/1756 1748/1748 1762/1762
f 1763/1763 1764/1764 1765/1765
f 1766/1766 1764/1764 1767/1767
f 1765/1765 1768/1768 1769/1769
f 1770/1770 1768/1768 1764/1764
f 1771/1771 1659/1659 1772/1772
f 1773/1773 1763/1763 1771/1771
f 1773/1773 1766/1766 1767/1767
f 1533/1533 1766/1766 1774/1774
f 1532/1532 1770/1770 1766/1766
f 1542/1542 1775/1775 1770/1770
f 1541/1541 716/716 1775/1775
f 1768/1768 716/716 715/715
f 1768/1768 712/712 1769/1769
f 1769/1769 714/714 1662/1662
f 1660/1660 1769/1769 1662/1662
f 1763/1763 1660/1660 1659/1659
f 1776/1776 1777/1777 1778/1778
f 1779/1779 1777/1777 1780/1780
f 1778/1778 1781/1781 1782/1782
f 1783/1783 1781/1781 1777/1777
f 1784/1784 1557/1557 1555/1555
f 1785/1785 1776/1776 1784/1784
f 1785/1785 1779/1779 1780/1780
f 1707/1707 1779/1779 1786/1786
f 1706/1706 1783/1783 1779/1779
f 1714/1714 1787/1787 1783/1783
f 1713/1713 692/692 1787/1787
f 1781/1781 692/692 691/691
f 1781/1781 688/688 1782/1782
f 1782/1782 690/690 1560/1560
f 1558/1558 1782/1782 1560/1560
f 1776/1776 1558/1558 1557/1557
f 1788/1788 1789/1789 1790/1790
f 1791/1791 1789/1789 1792/1792
f 1789/1789 1793/1793 1790/1790
f 1794/1794 1795/1795 1789/1789
f 1796/1796 1788/1788 1797/1797
f 868/868 1792/1792 1788/1788
f 865/865 1792/1792 866/866
f 1798/1798 1791/1791 865/865
f 1799/1799 1794/1794 1791/1791
f 1800/1800 1801/1801 1794/1794
f 1802/1802 1786/1786 1801/1801
f 1795/1795 1786/1786 1785/1785
f 1795/1795 1784/1784 1793/1793
f 1793/1793 1555/1555 1803/1803
f 1804/1804 1793/1793 1803/1803
f 1797/1797 1790/1790 1804/1804
f 1805/1805 1806/1806 1807/1807
f 1808/1808 1806/1806 1809/1809
f 1806/1806 1810/1810 1807/1807
f 1811/1811 1812/1812 1806/1806
f 1813/1813 1805/1805 1814/1814
f 549/549 1809/1809 1805/1805
f 546/546 1809/1809 547/547
f 1815/1815 1808/1808 546/546
f 1816/1816 1811/1811 1808/1808
f 1817/1817 1818/1818 1811/1811
f 1819/1819 1774/1774 1818/1818
f 1812/1812 1774/1774 1773/1773
f 1812/1812 1771/1771 1810/1810
f 1810/1810 1772/1772 1820/1820
f 1821/1821 1810/1810 1820/1820
f 1814/1814 1807/1807 1821/1821
f 1822/1822 1823/1823 1824/1824
f 1825/1825 1823/1823 1826/1826
f 1824/1824 1827/1827 1828/1828
f 1829/1829 1827/1827 1823/1823
f 1830/1830 1822/1822 1831/1831
f 1293/1293 1826/1826 1822/1822
f 1290/1290 1826/1826 1291/1291
f 1832/1832 1825/1825 1290/1290
f 1833/1833 1829/1829 1825/1825
f 1834/1834 1835/1835 1829/1829
f 1836/1836 1759/1759 1835/1835
f 1835/1835 1757/1757 1827/1827
f 1827/1827 1758/1758 1828/1828
f 1828/1828 1755/1755 1837/1837
f 1824/1824 1837/1837 1838/1838
f 1831/1831 1824/1824 1838/1838
f 1839/1839 1840/1840 1841/1841
f 1842/1842 1840/1840 1843/1843
f 1841/1841 1844/1844 1845/1845
f 1846/1846 1844/1844 1840/1840
f 1847/1847 1839/1839 1848/1848
f 325/325 1843/1843 1839/1839
f 322/322 1843/1843 323/323
f 1849/1849 1842/1842 322/322
f 1850/1850 1846/1846 1842/1842
f 1846/1846 1851/1851 1852/1852
f 1851/1851 1744/1744 1852/1852
f 1852/1852 1743/1743 1844/1844
f 1844/1844 1741/1741 1845/1845
f 1845/1845 1742/1742 1853/1853
f 1841/1841 1853/1853 1854/1854
f 1848/1848 1841/1841 1854/1854
f 1855/1855 1856/1856 1857/1857
f 1858/1858 1856/1856 1859/1859
f 1856/1856 1860/1860 1857/1857
f 1861/1861 1862/1862 1856/1856
f 1849/1849 1855/1855 1850/1850
f 289/289 1859/1859 1855/1855
f 286/286 1859/1859 287/287
f 1863/1863 1858/1858 286/286
f 1864/1864 1861/1861 1858/1858
f 1865/1865 1866/1866 1861/1861
f 1866/1866 1867/1867 1726/1726
f 1866/1866 1727/1727 1862/1862
f 1862/1862 1723/1723 1860/1860
f 1860/1860 1725/1725 1851/1851
f 1857/1857 1851/1851 1868/1868
f 1850/1850 1857/1857 1868/1868
f 1869/1869 1870/1870 1871/1871
f 1872/1872 1870/1870 1873/1873
f 1870/1870 1874/1874 1871/1871
f 1875/1875 1876/1876 1870/1870
f 1798/1798 1869/1869 1799/1799
f 762/762 1873/1873 1869/1869
f 759/759 1873/1873 760/760
f 1877/1877 1872/1872 759/759
f 1878/1878 1875/1875 1872/1872
f 1879/1879 1880/1880 1875/1875
f 1880/1880 1881/1881 1708/1708
f 1880/1880 1709/1709 1876/1876
f 1874/1874 1709/1709 1705/1705
f 1874/1874 1707/1707 1802/1802
f 1871/1871 1802/1802 1800/1800
f 1799/1799 1871/1871 1800/1800
f 1882/1882 1883/1883 1884/1884
f 1885/1885 1883/1883 1886/1886
f 1883/1883 1887/1887 1884/1884
f 1888/1888 1889/1889 1883/1883
f 1890/1890 1882/1882 1891/1891
f 229/229 1886/1886 1882/1882
f 226/226 1886/1886 227/227
f 1892/1892 1885/1885 226/226
f 1893/1893 1888/1888 1885/1885
f 1894/1894 1895/1895 1888/1888
f 1896/1896 1692/1692 1895/1895
f 1895/1895 1693/1693 1889/1889
f 1889/1889 1689/1689 1887/1887
f 1887/1887 1691/1691 1897/1897
f 1884/1884 1897/1897 1898/1898
f 1891/1891 1884/1884 1898/1898
f 1899/1899 1900/1900 1901/1901
f 1902/1902 1900/1900 1903/1903
f 1901/1901 1904/1904 1905/1905
f 1906/1906 1904/1904 1900/1900
f 1907/1907 1899/1899 1908/1908
f 675/675 1903/1903 1899/1899
f 672/672 1903/1903 673/673
f 1909/1909 1902/1902 672/672
f 1910/1910 1906/1906 1902/1902
f 1911/1911 1912/1912 1906/1906
f 1913/1913 1676/1676 1912/1912
f 1904/1904 1676/1676 1677/1677
f 1904/1904 1673/1673 1905/1905
f 1905/1905 1675/1675 1914/1914
f 1915/1915 1905/1905 1914/1914
f 1908/1908 1901/1901 1915/1915
f 1916/1916 1917/1917 1918/1918
f 1919/1919 1917/1917 1920/1920
f 1918/1918 1921/1921 1922/1922
f 1923/1923 1921/1921 1917/1917
f 1909/1909 1916/1916 1910/1910
f 584/584 1920/1920 1916/1916
f 581/581 1920/1920 582/582
f 1813/1813 1919/1919 581/581
f 1814/1814 1923/1923 1919/1919
f 1821/1821 1924/1924 1923/1923
f 1820/1820 1658/1658 1924/1924
f 1924/1924 1657/1657 1921/1921
f 1921/1921 1654/1654 1922/1922
f 1922/1922 1656/1656 1913/1913
f 1911/1911 1922/1922 1913/1913
f 1910/1910 1918/1918 1911/1911
f 1925/1925 1926/1926 1927/1927
f 1928/1928 1926/1926 1929/1929
f 1926/1926 1930/1930 1927/1927
f 1931/1931 1932/1932 1926/1926
f 1933/1933 1925/1925 1934/1934
f 459/459 1929/1929 1925/1925
f 456/456 1929/1929 457/457
f 1935/1935 1928/1928 456/456
f 1936/1936 1931/1931 1928/1928
f 1937/1937 1938/1938 1931/1931
f 1938/1938 1939/1939 1641/1641
f 1938/1938 1642/1642 1932/1932
f 1930/1930 1642/1642 1640/1640
f 1930/1930 1535/1535 1940/1940
f 1927/1927 1940/1940 1941/1941
f 1934/1934 1927/1927 1941/1941
f 1942/1942 1943/1943 1944/1944
f 1945/1945 1943/1943 1946/1946
f 1944/1944 1947/1947 1948/1948
f 1949/1949 1947/1947 1943/1943
f 1950/1950 1942/1942 1951/1951
f 379/379 1946/1946 1942/1942
f 376/376 1946/1946 377/377
f 1847/1847 1945/1945 376/376
f 1848/1848 1949/1949 1945/1945
f 1854/1854 1952/1952 1949/1949
f 1952/1952 1742/1742 1625/1625
f 1952/1952 1626/1626 1947/1947
f 1947/1947 1622/1622 1948/1948
f 1948/1948 1624/1624 1953/1953
f 1944/1944 1953/1953 1954/1954
f 1951/1951 1944/1944 1954/1954
f 1955/1955 1956/1956 1957/1957
f 1958/1958 1956/1956 1959/1959
f 1956/1956 1960/1960 1957/1957
f 1961/1961 1962/1962 1956/1956
f 1892/1892 1955/1955 1893/1893
f 152/152 1959/1959 1955/1955
f 149/149 1959/1959 150/150
f 1963/1963 1958/1958 149/149
f 1964/1964 1961/1961 1958/1958
f 1965/1965 1966/1966 1961/1961
f 1967/1967 1610/1610 1966/1966
f 1962/1962 1610/1610 1609/1609
f 1962/1962 1606/1606 1960/1960
f 1960/1960 1608/1608 1896/1896
f 1894/1894 1960/1960 1896/1896
f 1893/1893 1957/1957 1894/1894
f 1968/1968 1969/1969 1970/1970
f 1971/1971 1969/1969 1972/1972
f 1969/1969 1973/1973 1970/1970
f 1974/1974 1975/1975 1969/1969
f 1963/1963 1968/1968 1964/1964
f 98/98 1972/1972 1968/1968
f 95/95 1972/1972 96/96
f 1976/1976 1971/1971 95/95
f 1977/1977 1974/1974 1971/1971
f 1978/1978 1979/1979 1974/1974
f 1980/1980 1594/1594 1979/1979
f 1975/1975 1594/1594 1593/1593
f 1975/1975 1590/1590 1973/1973
f 1973/1973 1592/1592 1967/1967
f 1965/1965 1973/1973 1967/1967
f 1964/1964 1970/1970 1965/1965
f 1981/1981 1982/1982 1983/1983
f 1984/1984 1982/1982 1985/1985
f 1982/1982 1986/1986 1983/1983
f 1987/1987 1988/1988 1982/1982
f 1976/1976 1981/1981 1977/1977
f 62/62 1985/1985 1981/1981
f 59/59 1985/1985 60/60
f 1989/1989 1984/1984 59/59
f 1990/1990 1987/1987 1984/1984
f 1991/1991 1992/1992 1987/1987
f 1992/1992 1993/1993 1574/1574
f 1992/1992 1575/1575 1988/1988
f 1988/1988 1571/1571 1986/1986
f 1986/1986 1573/1573 1980/1980
f 1983/1983 1980/1980 1978/1978
f 1977/1977 1983/1983 1978/1978
f 1994/1994 1995/1995 1996/1996
f 1997/1997 1995/1995 1998/1998
f 1995/1995 1999/1999 1996/1996
f 2000/2000 2001/2001 1995/1995
f 1832/1832 1994/1994 1833/1833
f 1204/1204 1998/1998 1994/1994
f 1201/1201 1998/1998 1202/1202
f 1796/1796 1997/1997 1201/1201
f 1797/1797 2000/2000 1997/1997
f 1804/1804 2002/2002 2000/2000
f 1803/1803 1556/1556 2002/2002
f 2002/2002 1554/1554 2001/2001
f 2001/2001 1551/1551 1999/1999
f 1836/1836 1551/1551 1553/1553
f 1834/1834 1999/1999 1836/1836
f 1833/1833 1996/1996 1834/1834
f 2003/2003 2004/2004 2005/2005
f 2006/2006 2004/2004 2007/2007
f 2004/2004 2008/2008 2005/2005
f 2009/2009 2010/2010 2004/2004
f 1815/1815 2003/2003 1816/1816
f 513/513 2007/2007 2003/2003
f 510/510 2007/2007 511/511
f 1933/1933 2006/2006 510/510
f 1934/1934 2009/2009 2006/2006
f 1941/1941 2011/2011 2009/2009
f 1940/1940 1536/1536 2011/2011
f 2010/2010 1536/1536 1534/1534
f 2008/2008 1534/1534 1531/1531
f 2008/2008 1533/1533 1819/1819
f 2005/2005 1819/1819 1817/1817
f 1816/1816 2005/2005 1817/1817
f 2012/2012 2013/2013 2014/2014
f 2015/2015 2013/2013 2016/2016
f 2014/2014 2017/2017 2018/2018
f 2019/2019 2017/2017 2013/2013
f 2020/2020 2012/2012 2021/2021
f 2022/2022 2016/2016 2012/2012
f 2023/2023 2016/2016 2024/2024
f 2025/2025 2015/2015 2023/2023
f 2026/2026 2019/2019 2015/2015
f 2027/2027 2028/2028 2019/2019
f 2029/2029 2030/2030 2028/2028
f 2028/2028 2031/2031 2017/2017
f 2018/2018 2031/2031 2032/2032
f 2033/2033 2032/2032 2034/2034
f 2035/2035 2018/2018 2033/2033
f 2021/2021 2014/2014 2035/2035
f 2036/2036 2037/2037 2038/2038
f 2039/2039 2037/2037 2040/2040
f 2038/2038 2041/2041 2042/2042
f 2043/2043 2041/2041 2037/2037
f 2044/2044 2036/2036 2045/2045
f 2046/2046 2040/2040 2036/2036
f 2047/2047 2040/2040 2048/2048
f 2049/2049 2039/2039 2047/2047
f 2050/2050 2043/2043 2039/2039
f 2051/2051 2052/2052 2043/2043
f 2053/2053 2054/2054 2052/2052
f 2052/2052 2055/2055 2041/2041
f 2042/2042 2055/2055 2056/2056
f 2057/2057 2056/2056 2058/2058
f 2059/2059 2042/2042 2057/2057
f 2045/2045 2038/2038 2059/2059
f 2060/2060 2061/2061 2062/2062
f 2063/2063 2061/2061 2064/2064
f 2062/2062 2065/2065 2066/2066
f 2067/2067 2065/2065 2061/2061
f 2034/2034 2060/2060 2068/2068
f 2032/2032 2064/2064 2060/2060
f 2030/2030 2064/2064 2031/2031
f 2069/2069 2063/2063 2030/2030
f 2070/2070 2067/2067 2063/2063
f 2071/2071 2072/2072 2067/2067
f 2073/2073 2074/2074 2072/2072
f 2072/2072 2075/2075 2065/2065
f 2066/2066 2075/2075 2076/2076
f 2077/2077 2076/2076 2078/2078
f 2079/2079 2066/2066 2077/2077
f 2068/2068 2062/2062 2079/2079
f 2080/2080 2081/2081 2082/2082
f 2083/2083 2081/2081 2084/2084
f 2082/2082 2085/2085 2086/2086
f 2087/2087 2085/2085 2081/2081
f 2049/2049 2080/2080 2050/2050
f 2088/2088 2084/2084 2080/2080
f 2089/2089 2084/2084 2090/2090
f 2091/2091 2083/2083 2089/2089
f 2092/2092 2087/2087 2083/2083
f 2093/2093 2094/2094 2087/2087
f 2095/2095 2096/2096 2094/2094
f 2094/2094 2097/2097 2085/2085
f 2086/2086 2097/2097 2098/2098
f 2053/2053 2098/2098 2099/2099
f 2051/2051 2086/2086 2053/2053
f 2050/2050 2082/2082 2051/2051
f 2100/2100 2101/2101 2102/2102
f 2103/2103 2101/2101 2104/2104
f 2102/2102 2105/2105 2106/2106
f 2107/2107 2105/2105 2101/2101
f 2069/2069 2100/2100 2070/2070
f 2108/2108 2104/2104 2100/2100
f 2109/2109 2104/2104 2110/2110
f 2111/2111 2103/2103 2109/2109
f 2112/2112 2107/2107 2103/2103
f 2113/2113 2114/2114 2107/2107
f 2115/2115 2116/2116 2114/2114
f 2114/2114 2117/2117 2105/2105
f 2106/2106 2117/2117 2118/2118
f 2073/2073 2118/2118 2119/2119
f 2071/2071 2106/2106 2073/2073
f 2070/2070 2102/2102 2071/2071
f 2120/2120 2121/2121 2122/2122
f 2123/2123 2121/2121 2124/2124
f 2122/2122 2125/2125 2126/2126
f 2127/2127 2125/2125 2121/2121
f 2025/2025 2120/2120 2026/2026
f 2128/2128 2124/2124 2120/2120
f 2129/2129 2124/2124 2130/2130
f 2131/2131 2123/2123 2129/2129
f 2132/2132 2127/2127 2123/2123
f 2133/2133 2134/2134 2127/2127
f 2135/2135 2109/2109 2134/2134
f 2134/2134 2110/2110 2125/2125
f 2126/2126 2110/2110 2108/2108
f 2029/2029 2108/2108 2069/2069
f 2027/2027 2126/2126 2029/2029
f 2026/2026 2122/2122 2027/2027
f 2136/2136 2137/2137 2138/2138
f 2139/2139 2137/2137 2140/2140
f 2138/2138 2141/2141 2142/2142
f 2143/2143 2141/2141 2137/2137
f 2091/2091 2136/2136 2092/2092
f 2144/2144 2140/2140 2136/2136
f 2145/2145 2140/2140 2146/2146
f 2147/2147 2139/2139 2145/2145
f 2148/2148 2143/2143 2139/2139
f 2149/2149 2150/2150 2143/2143
f 2151/2151 2152/2152 2150/2150
f 2150/2150 2153/2153 2141/2141
f 2142/2142 2153/2153 2154/2154
f 2095/2095 2154/2154 2155/2155
f 2093/2093 2142/2142 2095/2095
f 2092/2092 2138/2138 2093/2093
f 2156/2156 2157/2157 2158/2158
f 2159/2159 2157/2157 2160/2160
f 2158/2158 2161/2161 2162/2162
f 2163/2163 2161/2161 2157/2157
f 2111/2111 2156/2156 2112/2112
f 2164/2164 2160/2160 2156/2156
f 2165/2165 2160/2160 2166/2166
f 2167/2167 2159/2159 2165/2165
f 2168/2168 2163/2163 2159/2159
f 2169/2169 2170/2170 2163/2163
f 2171/2171 2172/2172 2170/2170
f 2170/2170 2173/2173 2161/2161
f 2162/2162 2173/2173 2174/2174
f 2115/2115 2174/2174 2175/2175
f 2113/2113 2162/2162 2115/2115
f 2112/2112 2158/2158 2113/2113
f 2176/2176 2177/2177 2178/2178
f 2179/2179 2177/2177 2180/2180
f 2178/2178 2181/2181 2182/2182
f 2183/2183 2181/2181 2177/2177
f 2131/2131 2176/2176 2132/2132
f 2184/2184 2180/2180 2176/2176
f 2185/2185 2180/2180 2186/2186
f 2187/2187 2179/2179 2185/2185
f 2188/2188 2183/2183 2179/2179
f 2189/2189 2190/2190 2183/2183
f 2191/2191 2165/2165 2190/2190
f 2190/2190 2166/2166 2181/2181
f 2182/2182 2166/2166 2164/2164
f 2135/2135 2164/2164 2111/2111
f 2133/2133 2182/2182 2135/2135
f 2132/2132 2178/2178 2133/2133
f 2192/2192 2193/2193 2194/2194
f 2195/2195 2193/2193 2196/2196
f 2194/2194 2197/2197 2198/2198
f 2199/2199 2197/2197 2193/2193
f 2200/2200 2192/2192 2201/2201
f 2202/2202 2196/2196 2192/2192
f 2203/2203 2196/2196 2204/2204
f 2205/2205 2195/2195 2203/2203
f 2206/2206 2199/2199 2195/2195
f 2207/2207 2208/2208 2199/2199
f 2209/2209 2210/2210 2208/2208
f 2208/2208 2211/2211 2197/2197
f 2198/2198 2211/2211 2212/2212
f 2213/2213 2212/2212 2214/2214
f 2215/2215 2198/2198 2213/2213
f 2201/2201 2194/2194 2215/2215
f 2216/2216 2217/2217 2218/2218
f 2219/2219 2217/2217 2220/2220
f 2218/2218 2221/2221 2222/2222
f 2223/2223 2221/2221 2217/2217
f 2147/2147 2216/2216 2148/2148
f 2224/2224 2220/2220 2216/2216
f 2225/2225 2220/2220 2226/2226
f 2227/2227 2219/2219 2225/2225
f 2228/2228 2223/2223 2219/2219
f 2229/2229 2230/2230 2223/2223
f 2231/2231 2232/2232 2230/2230
f 2230/2230 2233/2233 2221/2221
f 2222/2222 2233/2233 2234/2234
f 2151/2151 2234/2234 2235/2235
f 2149/2149 2222/2222 2151/2151
f 2148/2148 2218/2218 2149/2149
f 2236/2236 2237/2237 2238/2238
f 2239/2239 2237/2237 2240/2240
f 2238/2238 2241/2241 2242/2242
f 2243/2243 2241/2241 2237/2237
f 2167/2167 2236/2236 2168/2168
f 2244/2244 2240/2240 2236/2236
f 2245/2245 2240/2240 2246/2246
f 2247/2247 2239/2239 2245/2245
f 2248/2248 2243/2243 2239/2239
f 2249/2249 2250/2250 2243/2243
f 2251/2251 2252/2252 2250/2250
f 2250/2250 2253/2253 2241/2241
f 2242/2242 2253/2253 2254/2254
f 2171/2171 2254/2254 2255/2255
f 2169/2169 2242/2242 2171/2171
f 2168/2168 2238/2238 2169/2169
f 2256/2256 2257/2257 2258/2258
f 2259/2259 2257/2257 2260/2260
f 2258/2258 2261/2261 2262/2262
f 2263/2263 2261/2261 2257/2257
f 2205/2205 2256/2256 2206/2206
f 2264/2264 2260/2260 2256/2256
f 2265/2265 2260/2260 2266/2266
f 2267/2267 2259/2259 2265/2265
f 2268/2268 2263/2263 2259/2259
f 2269/2269 2270/2270 2263/2263
f 2271/2271 2272/2272 2270/2270
f 2270/2270 2273/2273 2261/2261
f 2262/2262 2273/2273 2274/2274
f 2209/2209 2274/2274 2275/2275
f 2207/2207 2262/2262 2209/2209
f 2206/2206 2258/2258 2207/2207
f 2276/2276 2277/2277 2278/2278
f 2279/2279 2277/2277 2280/2280
f 2278/2278 2281/2281 2282/2282
f 2283/2283 2281/2281 2277/2277
f 2227/2227 2276/2276 2228/2228
f 2284/2284 2280/2280 2276/2276
f 2285/2285 2280/2280 2286/2286
f 2287/2287 2279/2279 2285/2285
f 2288/2288 2283/2283 2279/2279
f 2289/2289 2290/2290 2283/2283
f 2291/2291 2292/2292 2290/2290
f 2290/2290 2293/2293 2281/2281
f 2282/2282 2293/2293 2294/2294
f 2231/2231 2294/2294 2295/2295
f 2229/2229 2282/2282 2231/2231
f 2228/2228 2278/2278 2229/2229
f 2296/2296 2297/2297 2298/2298
f 2299/2299 2297/2297 2300/2300
f 2298/2298 2301/2301 2302/2302
f 2303/2303 2301/2301 2297/2297
f 2275/2275 2296/2296 2304/2304
f 2274/2274 2300/2300 2296/2296
f 2272/2272 2300/2300 2273/2273
f 2305/2305 2299/2299 2272/2272
f 2306/2306 2303/2303 2299/2299
f 2307/2307 2308/2308 2303/2303
f 2309/2309 2310/2310 2308/2308
f 2308/2308 2311/2311 2301/2301
f 2302/2302 2311/2311 2312/2312
f 2313/2313 2312/2312 2314/2314
f 2315/2315 2302/2302 2313/2313
f 2304/2304 2298/2298 2315/2315
f 2316/2316 2317/2317 2318/2318
f 2319/2319 2317/2317 2320/2320
f 2318/2318 2321/2321 2322/2322
f 2323/2323 2321/2321 2317/2317
f 2287/2287 2316/2316 2288/2288
f 2324/2324 2320/2320 2316/2316
f 2325/2325 2320/2320 2326/2326
f 2327/2327 2319/2319 2325/2325
f 2328/2328 2323/2323 2319/2319
f 2329/2329 2330/2330 2323/2323
f 2331/2331 2332/2332 2330/2330
f 2330/2330 2333/2333 2321/2321
f 2322/2322 2333/2333 2334/2334
f 2291/2291 2334/2334 2335/2335
f 2289/2289 2322/2322 2291/2291
f 2288/2288 2318/2318 2289/2289
f 2336/2336 2337/2337 2338/2338
f 2339/2339 2337/2337 2340/2340
f 2338/2338 2341/2341 2342/2342
f 2343/2343 2341/2341 2337/2337
f 2305/2305 2336/2336 2306/2306
f 2344/2344 2340/2340 2336/2336
f 2345/2345 2340/2340 2346/2346
f 2347/2347 2339/2339 2345/2345
f 2348/2348 2343/2343 2339/2339
f 2349/2349 2350/2350 2343/2343
f 2351/2351 2352/2352 2350/2350
f 2350/2350 2353/2353 2341/2341
f 2342/2342 2353/2353 2354/2354
f 2309/2309 2354/2354 2355/2355
f 2307/2307 2342/2342 2309/2309
f 2306/2306 2338/2338 2307/2307
f 2356/2356 2357/2357 2358/2358
f 2359/2359 2357/2357 2360/2360
f 2358/2358 2361/2361 2362/2362
f 2363/2363 2361/2361 2357/2357
f 2267/2267 2356/2356 2268/2268
f 2364/2364 2360/2360 2356/2356
f 2365/2365 2360/2360 2366/2366
f 2367/2367 2359/2359 2365/2365
f 2368/2368 2363/2363 2359/2359
f 2369/2369 2370/2370 2363/2363
f 2371/2371 2345/2345 2370/2370
f 2370/2370 2346/2346 2361/2361
f 2362/2362 2346/2346 2344/2344
f 2271/2271 2344/2344 2305/2305
f 2269/2269 2362/2362 2271/2271
f 2268/2268 2358/2358 2269/2269
f 2372/2372 2373/2373 2374/2374
f 2375/2375 2373/2373 2376/2376
f 2374/2374 2377/2377 2378/2378
f 2379/2379 2377/2377 2373/2373
f 2327/2327 2372/2372 2328/2328
f 2380/2380 2376/2376 2372/2372
f 2381/2381 2376/2376 2382/2382
f 2383/2383 2375/2375 2381/2381
f 2384/2384 2379/2379 2375/2375
f 2385/2385 2386/2386 2379/2379
f 2387/2387 2388/2388 2386/2386
f 2386/2386 2389/2389 2377/2377
f 2378/2378 2389/2389 2390/2390
f 2331/2331 2390/2390 2391/2391
f 2329/2329 2378/2378 2331/2331
f 2328/2328 2374/2374 2329/2329
f 2392/2392 2393/2393 2394/2394
f 2395/2395 2393/2393 2396/2396
f 2394/2394 2397/2397 2398/2398
f 2399/2399 2397/2397 2393/2393
f 2347/2347 2392/2392 2348/2348
f 2400/2400 2396/2396 2392/2392
f 2401/2401 2396/2396 2402/2402
f 2403/2403 2395/2395 2401/2401
f 2404/2404 2399/2399 2395/2395
f 2405/2405 2406/2406 2399/2399
f 2407/2407 2408/2408 2406/2406
f 2406/2406 2409/2409 2397/2397
f 2398/2398 2409/2409 2410/2410
f 2351/2351 2410/2410 2411/2411
f 2349/2349 2398/2398 2351/2351
f 2348/2348 2394/2394 2349/2349
f 2412/2412 2413/2413 2414/2414
f 2415/2415 2413/2413 2416/2416
f 2414/2414 2417/2417 2418/2418
f 2419/2419 2417/2417 2413/2413
f 2367/2367 2412/2412 2368/2368
f 2420/2420 2416/2416 2412/2412
f 2421/2421 2416/2416 2422/2422
f 2423/2423 2415/2415 2421/2421
f 2424/2424 2419/2419 2415/2415
f 2425/2425 2426/2426 2419/2419
f 2427/2427 2401/2401 2426/2426
f 2426/2426 2402/2402 2417/2417
f 2418/2418 2402/2402 2400/2400
f 2371/2371 2400/2400 2347/2347
f 2369/2369 2418/2418 2371/2371
f 2368/2368 2414/2414 2369/2369
f 2428/2428 2429/2429 2430/2430
f 2431/2431 2429/2429 2432/2432
f 2430/2430 2433/2433 2434/2434
f 2435/2435 2433/2433 2429/2429
f 2436/2436 2428/2428 2437/2437
f 2438/2438 2432/2432 2428/2428
f 2439/2439 2432/2432 2440/2440
f 2441/2441 2431/2431 2439/2439
f 2442/2442 2435/2435 2431/2431
f 2443/2443 2444/2444 2435/2435
f 2445/2445 2446/2446 2444/2444
f 2444/2444 2447/2447 2433/2433
f 2434/2434 2447/2447 2448/2448
f 2449/2449 2448/2448 2450/2450
f 2451/2451 2434/2434 2449/2449
f 2437/2437 2430/2430 2451/2451
f 2452/2452 2453/2453 2454/2454
f 2455/2455 2453/2453 2456/2456
f 2454/2454 2457/2457 2458/2458
f 2459/2459 2457/2457 2453/2453
f 2383/2383 2452/2452 2384/2384
f 2460/2460 2456/2456 2452/2452
f 2461/2461 2456/2456 2462/2462
f 2463/2463 2455/2455 2461/2461
f 2464/2464 2459/2459 2455/2455
f 2465/2465 2466/2466 2459/2459
f 2467/2467 2468/2468 2466/2466
f 2466/2466 2469/2469 2457/2457
f 2458/2458 2469/2469 2470/2470
f 2387/2387 2470/2470 2471/2471
f 2385/2385 2458/2458 2387/2387
f 2384/2384 2454/2454 2385/2385
f 2472/2472 2473/2473 2474/2474
f 2475/2475 2473/2473 2476/2476
f 2474/2474 2477/2477 2478/2478
f 2479/2479 2477/2477 2473/2473
f 2450/2450 2472/2472 2480/2480
f 2448/2448 2476/2476 2472/2472
f 2446/2446 2476/2476 2447/2447
f 2481/2481 2475/2475 2446/2446
f 2482/2482 2479/2479 2475/2475
f 2483/2483 2484/2484 2479/2479
f 2485/2485 2486/2486 2484/2484
f 2484/2484 2487/2487 2477/2477
f 2478/2478 2487/2487 2488/2488
f 2489/2489 2488/2488 2490/2490
f 2491/2491 2478/2478 2489/2489
f 2480/2480 2474/2474 2491/2491
f 2492/2492 2493/2493 2494/2494
f 2495/2495 2493/2493 2496/2496
f 2494/2494 2497/2497 2498/2498
f 2499/2499 2497/2497 2493/2493
f 2441/2441 2492/2492 2442/2442
f 2500/2500 2496/2496 2492/2492
f 2501/2501 2496/2496 2502/2502
f 2503/2503 2495/2495 2501/2501
f 2504/2504 2499/2499 2495/2495
f 2505/2505 2506/2506 2499/2499
f 2507/2507 2508/2508 2506/2506
f 2506/2506 2509/2509 2497/2497
f 2498/2498 2509/2509 2510/2510
f 2445/2445 2510/2510 2481/2481
f 2443/2443 2498/2498 2445/2445
f 2442/2442 2494/2494 2443/2443
f 2511/2511 2512/2512 2513/2513
f 2514/2514 2512/2512 2515/2515
f 2513/2513 2516/2516 2517/2517
f 2518/2518 2516/2516 2512/2512
f 2463/2463 2511/2511 2464/2464
f 2519/2519 2515/2515 2511/2511
f 2520/2520 2515/2515 2521/2521
f 2522/2522 2514/2514 2520/2520
f 2523/2523 2518/2518 2514/2514
f 2524/2524 2525/2525 2518/2518
f 2526/2526 2527/2527 2525/2525
f 2525/2525 2528/2528 2516/2516
f 2517/2517 2528/2528 2529/2529
f 2467/2467 2529/2529 2530/2530
f 2465/2465 2517/2517 2467/2467
f 2464/2464 2513/2513 2465/2465
f 2531/2531 2532/2532 2533/2533
f 2534/2534 2532/2532 2535/2535
f 2533/2533 2536/2536 2537/2537
f 2538/2538 2536/2536 2532/2532
f 2481/2481 2531/2531 2482/2482
f 2510/2510 2535/2535 2531/2531
f 2508/2508 2535/2535 2509/2509
f 2539/2539 2534/2534 2508/2508
f 2540/2540 2538/2538 2534/2534
f 2541/2541 2542/2542 2538/2538
f 2543/2543 2544/2544 2542/2542
f 2542/2542 2545/2545 2536/2536
f 2537/2537 2545/2545 2546/2546
f 2485/2485 2546/2546 2547/2547
f 2483/2483 2537/2537 2485/2485
f 2482/2482 2533/2533 2483/2483
f 2548/2548 2549/2549 2550/2550
f 2551/2551 2549/2549 2552/2552
f 2550/2550 2553/2553 2554/2554
f 2555/2555 2553/2553 2549/2549
f 2522/2522 2548/2548 2523/2523
f 2556/2556 2552/2552 2548/2548
f 2557/2557 2552/2552 2558/2558
f 2559/2559 2551/2551 2557/2557
f 2560/2560 2555/2555 2551/2551
f 2561/2561 2562/2562 2555/2555
f 2563/2563 2564/2564 2562/2562
f 2562/2562 2565/2565 2553/2553
f 2554/2554 2565/2565 2566/2566
f 2526/2526 2566/2566 2567/2567
f 2524/2524 2554/2554 2526/2526
f 2523/2523 2550/2550 2524/2524
f 2568/2568 2569/2569 2570/2570
f 2571/2571 2569/2569 2572/2572
f 2570/2570 2573/2573 2574/2574
f 2575/2575 2573/2573 2569/2569
f 2539/2539 2568/2568 2540/2540
f 2576/2576 2572/2572 2568/2568
f 2577/2577 2572/2572 2578/2578
f 2579/2579 2571/2571 2577/2577
f 2580/2580 2575/2575 2571/2571
f 2581/2581 2582/2582 2575/2575
f 2583/2583 2584/2584 2582/2582
f 2582/2582 2585/2585 2573/2573
f 2574/2574 2585/2585 2586/2586
f 2543/2543 2586/2586 2587/2587
f 2541/2541 2574/2574 2543/2543
f 2540/2540 2570/2570 2541/2541
f 2588/2588 2589/2589 2590/2590
f 2591/2591 2589/2589 2592/2592
f 2590/2590 2593/2593 2594/2594
f 2595/2595 2593/2593 2589/2589
f 2503/2503 2588/2588 2504/2504
f 2596/2596 2592/2592 2588/2588
f 2597/2597 2592/2592 2598/2598
f 2599/2599 2591/2591 2597/2597
f 2600/2600 2595/2595 2591/2591
f 2601/2601 2602/2602 2595/2595
f 2603/2603 2577/2577 2602/2602
f 2602/2602 2578/2578 2593/2593
f 2594/2594 2578/2578 2576/2576
f 2507/2507 2576/2576 2539/2539
f 2505/2505 2594/2594 2507/2507
f 2504/2504 2590/2590 2505/2505
f 2604/2604 2605/2605 2606/2606
f 2607/2607 2605/2605 2608/2608
f 2606/2606 2609/2609 2610/2610
f 2611/2611 2609/2609 2605/2605
f 2579/2579 2604/2604 2580/2580
f 2612/2612 2608/2608 2604/2604
f 2613/2613 2608/2608 2614/2614
f 2615/2615 2607/2607 2613/2613
f 2616/2616 2611/2611 2607/2607
f 2617/2617 2618/2618 2611/2611
f 2619/2619 2620/2620 2618/2618
f 2618/2618 2621/2621 2609/2609
f 2610/2610 2621/2621 2622/2622
f 2583/2583 2622/2622 2623/2623
f 2581/2581 2610/2610 2583/2583
f 2580/2580 2606/2606 2581/2581
f 2624/2624 2625/2625 2626/2626
f 2627/2627 2625/2625 2628/2628
f 2626/2626 2629/2629 2630/2630
f 2631/2631 2629/2629 2625/2625
f 2599/2599 2624/2624 2600/2600
f 2632/2632 2628/2628 2624/2624
f 2633/2633 2628/2628 2634/2634
f 2635/2635 2627/2627 2633/2633
f 2636/2636 2631/2631 2627/2627
f 2637/2637 2638/2638 2631/2631
f 2639/2639 2613/2613 2638/2638
f 2638/2638 2614/2614 2629/2629
f 2630/2630 2614/2614 2612/2612
f 2603/2603 2612/2612 2579/2579
f 2601/2601 2630/2630 2603/2603
f 2600/2600 2626/2626 2601/2601
f 2640/2640 2641/2641 2642/2642
f 2643/2643 2641/2641 2644/2644
f 2642/2642 2645/2645 2646/2646
f 2647/2647 2645/2645 2641/2641
f 2559/2559 2640/2640 2560/2560
f 2648/2648 2644/2644 2640/2640
f 2649/2649 2644/2644 2650/2650
f 2651/2651 2643/2643 2649/2649
f 2652/2652 2647/2647 2643/2643
f 2653/2653 2654/2654 2647/2647
f 2655/2655 2656/2656 2654/2654
f 2654/2654 2657/2657 2645/2645
f 2646/2646 2657/2657 2658/2658
f 2563/2563 2658/2658 2659/2659
f 2561/2561 2646/2646 2563/2563
f 2560/2560 2642/2642 2561/2561
f 2660/2660 2661/2661 2662/2662
f 2663/2663 2661/2661 2664/2664
f 2662/2662 2665/2665 2666/2666
f 2667/2667 2665/2665 2661/2661
f 2635/2635 2660/2660 2636/2636
f 2668/2668 2664/2664 2660/2660
f 2669/2669 2664/2664 2670/2670
f 2671/2671 2663/2663 2669/2669
f 2672/2672 2667/2667 2663/2663
f 2673/2673 2674/2674 2667/2667
f 2675/2675 2676/2676 2674/2674
f 2674/2674 2677/2677 2665/2665
f 2666/2666 2677/2677 2678/2678
f 2639/2639 2678/2678 2615/2615
f 2637/2637 2666/2666 2639/2639
f 2636/2636 2662/2662 2637/2637
f 2679/2679 2680/2680 2681/2681
f 2682/2682 2680/2680 2683/2683
f 2681/2681 2684/2684 2685/2685
f 2686/2686 2684/2684 2680/2680
f 2651/2651 2679/2679 2652/2652
f 2687/2687 2683/2683 2679/2679
f 2688/2688 2683/2683 2689/2689
f 2690/2690 2682/2682 2688/2688
f 2691/2691 2686/2686 2682/2682
f 2692/2692 2693/2693 2686/2686
f 2694/2694 2695/2695 2693/2693
f 2693/2693 2696/2696 2684/2684
f 2685/2685 2696/2696 2697/2697
f 2655/2655 2697/2697 2698/2698
f 2653/2653 2685/2685 2655/2655
f 2652/2652 2681/2681 2653/2653
f 2699/2699 2700/2700 2701/2701
f 2702/2702 2700/2700 2703/2703
f 2701/2701 2704/2704 2705/2705
f 2706/2706 2704/2704 2700/2700
f 2615/2615 2699/2699 2616/2616
f 2678/2678 2703/2703 2699/2699
f 2676/2676 2703/2703 2677/2677
f 2707/2707 2702/2702 2676/2676
f 2708/2708 2706/2706 2702/2702
f 2709/2709 2710/2710 2706/2706
f 2711/2711 2712/2712 2710/2710
f 2710/2710 2713/2713 2704/2704
f 2705/2705 2713/2713 2714/2714
f 2619/2619 2714/2714 2715/2715
f 2617/2617 2705/2705 2619/2619
f 2616/2616 2701/2701 2617/2617
f 2716/2716 2717/2717 2718/2718
f 2719/2719 2720/2720 2716/2716
f 2717/2717 2721/2721 2722/2722
f 2723/2723 2721/2721 2720/2720
f 2724/2724 2718/2718 2725/2725
f 2726/2726 2716/2716 2718/2718
f 2727/2727 2719/2719 2716/2716
f 2728/2728 2729/2729 2719/2719
f 2719/2719 2730/2730 2723/2723
f 2730/2730 2731/2731 2723/2723
f 2732/2732 2733/2733 2731/2731
f 2731/2731 2734/2734 2721/2721
f 2721/2721 2735/2735 2722/2722
f 2722/2722 2736/2736 2737/2737
f 2738/2738 2722/2722 2737/2737
f 2718/2718 2738/2738 2725/2725
f 2739/2739 2740/2740 2741/2741
f 2742/2742 2743/2743 2739/2739
f 2740/2740 2744/2744 2745/2745
f 2746/2746 2744/2744 2743/2743
f 2747/2747 2741/2741 2748/2748
f 2749/2749 2739/2739 2741/2741
f 2750/2750 2742/2742 2739/2739
f 2751/2751 2752/2752 2742/2742
f 2742/2742 2753/2753 2746/2746
f 2753/2753 2754/2754 2746/2746
f 2755/2755 2756/2756 2754/2754
f 2754/2754 2757/2757 2744/2744
f 2744/2744 2758/2758 2745/2745
f 2745/2745 2759/2759 2760/2760
f 2761/2761 2745/2745 2760/2760
f 2741/2741 2761/2761 2748/2748
f 2762/2762 2763/2763 2764/2764
f 2765/2765 2763/2763 2766/2766
f 2764/2764 2767/2767 2768/2768
f 2769/2769 2767/2767 2763/2763
f 2690/2690 2762/2762 2691/2691
f 2770/2770 2766/2766 2762/2762
f 2771/2771 2766/2766 2772/2772
f 2773/2773 2765/2765 2771/2771
f 2774/2774 2769/2769 2765/2765
f 2775/2775 2776/2776 2769/2769
f 2777/2777 2778/2778 2776/2776
f 2776/2776 2779/2779 2767/2767
f 2768/2768 2779/2779 2780/2780
f 2694/2694 2780/2780 2781/2781
f 2692/2692 2768/2768 2694/2694
f 2691/2691 2764/2764 2692/2692
f 2782/2782 2783/2783 2784/2784
f 2785/2785 2783/2783 2786/2786
f 2784/2784 2787/2787 2788/2788
f 2789/2789 2787/2787 2783/2783
f 2790/2790 2782/2782 2791/2791
f 2792/2792 2786/2786 2782/2782
f 2793/2793 2786/2786 2794/2794
f 2795/2795 2785/2785 2793/2793
f 2796/2796 2789/2789 2785/2785
f 2797/2797 2798/2798 2789/2789
f 2799/2799 2800/2800 2798/2798
f 2798/2798 2801/2801 2787/2787
f 2788/2788 2801/2801 2802/2802
f 2803/2803 2802/2802 2804/2804
f 2805/2805 2788/2788 2803/2803
f 2791/2791 2784/2784 2805/2805
f 2806/2806 2807/2807 2808/2808
f 2806/2806 2809/2809 2810/2810
f 2807/2807 2811/2811 2812/2812
f 2809/2809 2811/2811 2810/2810
f 2813/2813 2808/2808 2814/2814
f 2815/2815 2806/2806 2808/2808
f 2816/2816 2817/2817 2806/2806
f 2818/2818 2819/2819 2817/2817
f 2817/2817 2820/2820 2809/2809
f 2820/2820 2821/2821 2809/2809
f 2822/2822 2823/2823 2821/2821
f 2821/2821 2824/2824 2811/2811
f 2811/2811 2825/2825 2812/2812
f 2812/2812 2826/2826 2827/2827
f 2828/2828 2812/2812 2827/2827
f 2808/2808 2828/2828 2814/2814
f 2829/2829 2830/2830 2831/2831
f 2832/2832 2833/2833 2829/2829
f 2830/2830 2834/2834 2835/2835
f 2836/2836 2834/2834 2833/2833
f 2837/2837 2831/2831 2838/2838
f 2839/2839 2829/2829 2831/2831
f 2840/2840 2832/2832 2829/2829
f 2841/2841 2842/2842 2832/2832
f 2832/2832 2843/2843 2836/2836
f 2843/2843 2844/2844 2836/2836
f 2845/2845 2846/2846 2844/2844
f 2844/2844 2847/2847 2834/2834
f 2834/2834 2848/2848 2835/2835
f 2835/2835 2849/2849 2850/2850
f 2851/2851 2835/2835 2850/2850
f 2831/2831 2851/2851 2838/2838
f 2852/2852 2853/2853 2854/2854
f 2855/2855 2853/2853 2856/2856
f 2854/2854 2857/2857 2858/2858
f 2859/2859 2857/2857 2853/2853
f 2860/2860 2852/2852 2861/2861
f 2862/2862 2856/2856 2852/2852
f 2863/2863 2856/2856 2864/2864
f 2865/2865 2855/2855 2863/2863
f 2866/2866 2859/2859 2855/2855
f 2867/2867 2868/2868 2859/2859
f 2869/2869 2793/2793 2868/2868
f 2868/2868 2794/2794 2857/2857
f 2858/2858 2794/2794 2792/2792
f 2870/2870 2792/2792 2790/2790
f 2871/2871 2858/2858 2870/2870
f 2861/2861 2854/2854 2871/2871
f 2872/2872 2873/2873 2874/2874
f 2875/2875 2873/2873 2876/2876
f 2874/2874 2877/2877 2878/2878
f 2879/2879 2877/2877 2873/2873
f 2773/2773 2872/2872 2774/2774
f 2880/2880 2876/2876 2872/2872
f 2881/2881 2876/2876 2882/2882
f 2883/2883 2875/2875 2881/2881
f 2884/2884 2879/2879 2875/2875
f 2885/2885 2886/2886 2879/2879
f 2887/2887 2888/2888 2886/2886
f 2886/2886 2889/2889 2877/2877
f 2878/2878 2889/2889 2890/2890
f 2777/2777 2890/2890 2891/2891
f 2775/2775 2878/2878 2777/2777
f 2774/2774 2874/2874 2775/2775
f 2892/2892 2893/2893 2894/2894
f 2895/2895 2893/2893 2896/2896
f 2894/2894 2897/2897 2898/2898
f 2899/2899 2897/2897 2893/2893
f 2795/2795 2892/2892 2796/2796
f 2900/2900 2896/2896 2892/2892
f 2901/2901 2896/2896 2902/2902
f 2903/2903 2895/2895 2901/2901
f 2904/2904 2899/2899 2895/2895
f 2905/2905 2906/2906 2899/2899
f 2907/2907 2908/2908 2906/2906
f 2906/2906 2909/2909 2897/2897
f 2898/2898 2909/2909 2910/2910
f 2799/2799 2910/2910 2911/2911
f 2797/2797 2898/2898 2799/2799
f 2796/2796 2894/2894 2797/2797
f 2912/2912 2913/2913 2914/2914
f 2912/2912 2915/2915 2916/2916
f 2916/2916 2917/2917 2913/2913
f 2915/2915 2918/2918 2916/2916
f 2849/2849 2914/2914 2919/2919
f 2848/2848 2912/2912 2914/2914
f 2847/2847 2920/2920 2912/2912
f 2846/2846 2921/2921 2920/2920
f 2920/2920 2922/2922 2915/2915
f 2922/2922 2923/2923 2915/2915
f 2924/2924 2925/2925 2923/2923
f 2923/2923 2926/2926 2918/2918
f 2918/2918 2927/2927 2917/2917
f 2928/2928 2927/2927 2929/2929
f 2913/2913 2928/2928 2930/2930
f 2914/2914 2930/2930 2919/2919
f 2931/2931 2932/2932 2933/2933
f 2931/2931 2934/2934 2935/2935
f 2935/2935 2936/2936 2932/2932
f 2934/2934 2937/2937 2935/2935
f 2736/2736 2933/2933 2938/2938
f 2735/2735 2931/2931 2933/2933
f 2734/2734 2939/2939 2931/2931
f 2733/2733 2940/2940 2939/2939
f 2939/2939 2941/2941 2934/2934
f 2941/2941 2942/2942 2934/2934
f 2943/2943 2944/2944 2942/2942
f 2942/2942 2945/2945 2937/2937
f 2937/2937 2946/2946 2936/2936
f 2947/2947 2946/2946 2948/2948
f 2932/2932 2947/2947 2949/2949
f 2933/2933 2949/2949 2938/2938
f 2950/2950 2951/2951 2952/2952
f 2953/2953 2950/2950 2954/2954
f 2955/2955 2953/2953 2956/2956
f 2957/2957 2955/2955 2958/2958
f 2959/2959 2957/2957 2960/2960
f 2961/2961 2959/2959 2962/2962
f 2963/2963 2961/2961 2964/2964
f 2965/2965 2963/2963 2966/2966
f 2967/2967 2965/2965 2968/2968
f 2969/2969 2967/2967 2970/2970
f 2971/2971 2969/2969 2972/2972
f 2973/2973 2971/2971 2974/2974
f 2975/2975 2973/2973 2976/2976
f 2977/2977 2975/2975 2978/2978
f 2979/2979 2977/2977 2980/2980
f 2951/2951 2979/2979 2981/2981
f 2982/2982 2983/2983 2984/2984
f 2985/2985 2952/2952 2982/2982
f 2952/2952 2986/2986 2983/2983
f 2987/2987 2988/2988 2989/2989
f 2990/2990 2954/2954 2987/2987
f 2954/2954 2985/2985 2988/2988
f 2991/2991 2992/2992 2993/2993
f 2994/2994 2956/2956 2991/2991
f 2956/2956 2990/2990 2992/2992
f 2995/2995 2996/2996 2997/2997
f 2998/2998 2958/2958 2995/2995
f 2958/2958 2994/2994 2996/2996
f 2999/2999 3000/3000 3001/3001
f 3002/3002 2960/2960 2999/2999
f 2960/2960 2998/2998 3000/3000
f 3003/3003 3004/3004 3005/3005
f 3006/3006 2962/2962 3003/3003
f 2962/2962 3002/3002 3004/3004
f 3007/3007 3008/3008 3009/3009
f 3010/3010 2964/2964 3007/3007
f 2964/2964 3006/3006 3008/3008
f 3011/3011 3012/3012 3013/3013
f 3014/3014 2966/2966 3011/3011
f 2966/2966 3010/3010 3012/3012
f 3015/3015 3016/3016 3017/3017
f 3018/3018 2968/2968 3015/3015
f 2968/2968 3014/3014 3016/3016
f 3019/3019 3020/3020 3021/3021
f 3022/3022 2970/2970 3019/3019
f 2970/2970 3018/3018 3020/3020
f 3023/3023 3024/3024 3025/3025
f 3026/3026 2972/2972 3023/3023
f 2972/2972 3022/3022 3024/3024
f 3027/3027 3028/3028 3029/3029
f 3030/3030 2974/2974 3027/3027
f 2974/2974 3026/3026 3028/3028
f 3031/3031 3032/3032 3033/3033
f 3034/3034 2976/2976 3031/3031
f 2976/2976 3030/3030 3032/3032
f 3035/3035 3036/3036 3037/3037
f 3038/3038 2978/2978 3035/3035
f 2978/2978 3034/3034 3036/3036
f 3039/3039 3040/3040 3041/3041
f 3042/3042 2980/2980 3039/3039
f 2980/2980 3038/3038 3040/3040
f 3043/3043 3044/3044 3045/3045
f 2986/2986 2981/2981 3043/3043
f 2981/2981 3042/3042 3044/3044
f 3046/3046 3047/3047 3048/3048
f 3049/3049 3047/3047 3050/3050
f 3048/3048 3051/3051 3052/3052
f 3053/3053 3051/3051 3047/3047
f 2865/2865 3046/3046 2866/2866
f 3054/3054 3050/3050 3046/3046
f 3055/3055 3050/3050 3056/3056
f 3057/3057 3049/3049 3055/3055
f 3058/3058 3053/3053 3049/3049
f 3059/3059 3060/3060 3053/3053
f 3061/3061 2901/2901 3060/3060
f 3060/3060 2902/2902 3051/3051
f 3052/3052 2902/2902 2900/2900
f 2869/2869 2900/2900 2795/2795
f 2867/2867 3052/3052 2869/2869
f 2866/2866 3048/3048 2867/2867
f 3062/3062 3063/3063 3064/3064
f 3065/3065 3066/3066 3063/3063
f 3064/3064 3067/3067 3068/3068
f 3066/3066 3067/3067 3063/3063
f 3069/3069 3070/3070 3071/3071
f 3072/3072 3062/3062 3069/3069
f 3072/3072 3073/3073 3065/3065
f 3074/3074 3075/3075 3073/3073
f 3073/3073 3076/3076 3066/3066
f 3076/3076 3077/3077 3066/3066
f 3078/3078 3079/3079 3077/3077
f 3077/3077 3080/3080 3067/3067
f 3067/3067 3081/3081 3068/3068
f 3068/3068 3082/3082 3083/3083
f 3084/3084 3068/3068 3083/3083
f 3070/3070 3064/3064 3084/3084
f 3085/3085 3086/3086 3087/3087
f 3088/3088 3089/3089 3086/3086
f 3087/3087 3090/3090 3091/3091
f 3089/3089 3090/3090 3086/3086
f 3092/3092 3093/3093 3094/3094
f 3095/3095 3085/3085 3092/3092
f 3095/3095 3096/3096 3088/3088
f 3097/3097 3098/3098 3096/3096
f 3096/3096 3099/3099 3089/3089
f 3099/3099 3100/3100 3089/3089
f 3101/3101 3102/3102 3100/3100
f 3100/3100 3103/3103 3090/3090
f 3090/3090 3104/3104 3091/3091
f 3091/3091 3105/3105 3106/3106
f 3107/3107 3091/3091 3106/3106
f 3093/3093 3087/3087 3107/3107
f 3108/3108 3109/3109 3110/3110
f 3108/3108 3111/3111 3112/3112
f 3109/3109 3113/3113 3114/3114
f 3111/3111 3113/3113 3112/3112
f 3105/3105 3110/3110 3115/3115
f 3104/3104 3108/3108 3110/3110
f 3103/3103 3116/3116 3108/3108
f 3102/3102 3117/3117 3116/3116
f 3116/3116 3118/3118 3111/3111
f 3118/3118 3119/3119 3111/3111
f 3120/3120 2751/2751 3119/3119
f 3119/3119 2750/2750 3113/3113
f 3113/3113 2749/2749 3114/3114
f 3114/3114 2747/2747 3121/3121
f 3122/3122 3114/3114 3121/3121
f 3110/3110 3122/3122 3115/3115
f 3123/3123 3124/3124 3125/3125
f 3126/3126 3127/3127 3123/3123
f 3127/3127 3128/3128 3124/3124
f 3129/3129 3130/3130 3127/3127
f 3131/3131 3125/3125 3132/3132
f 3133/3133 3123/3123 3125/3125
f 3134/3134 3126/3126 3123/3123
f 3135/3135 3136/3136 3126/3126
f 3126/3126 3137/3137 3129/3129
f 3137/3137 3138/3138 3129/3129
f 3139/3139 3140/3140 3138/3138
f 3138/3138 3141/3141 3130/3130
f 3130/3130 3142/3142 3128/3128
f 3143/3143 3142/3142 3144/3144
f 3145/3145 3128/3128 3143/3143
f 3125/3125 3145/3145 3132/3132
f 3146/3146 3147/3147 3148/3148
f 3149/3149 3147/3147 3150/3150
f 3148/3148 3151/3151 3152/3152
f 3153/3153 3151/3151 3147/3147
f 3057/3057 3146/3146 3058/3058
f 3154/3154 3150/3150 3146/3146
f 3155/3155 3150/3150 3156/3156
f 3157/3157 3149/3149 3155/3155
f 3158/3158 3153/3153 3149/3149
f 3159/3159 3160/3160 3153/3153
f 3161/3161 3162/3162 3160/3160
f 3160/3160 3163/3163 3151/3151
f 3152/3152 3163/3163 3164/3164
f 3061/3061 3164/3164 2903/2903
f 3059/3059 3152/3152 3061/3061
f 3058/3058 3148/3148 3059/3059
f 3165/3165 3166/3166 3167/3167
f 3168/3168 3169/3169 3166/3166
f 3167/3167 3170/3170 3171/3171
f 3169/3169 3170/3170 3166/3166
f 3172/3172 3173/3173 3174/3174
f 3175/3175 3165/3165 3172/3172
f 3175/3175 3176/3176 3168/3168
f 3177/3177 3178/3178 3176/3176
f 3176/3176 3179/3179 3169/3169
f 3179/3179 3180/3180 3169/3169
f 3181/3181 2841/2841 3180/3180
f 3180/3180 2840/2840 3170/3170
f 3170/3170 2839/2839 3171/3171
f 3171/3171 2837/2837 3182/3182
f 3183/3183 3171/3171 3182/3182
f 3173/3173 3167/3167 3183/3183
f 3184/3184 3185/3185 3186/3186
f 3184/3184 3187/3187 3188/3188
f 3185/3185 3189/3189 3190/3190
f 3187/3187 3189/3189 3188/3188
f 3082/3082 3186/3186 3191/3191
f 3081/3081 3184/3184 3186/3186
f 3080/3080 3192/3192 3184/3184
f 3079/3079 3193/3193 3192/3192
f 3192/3192 3194/3194 3187/3187
f 3194/3194 3195/3195 3187/3187
f 3196/3196 3197/3197 3195/3195
f 3195/3195 3198/3198 3189/3189
f 3189/3189 3199/3199 3190/3190
f 3190/3190 3200/3200 3201/3201
f 3202/3202 3190/3190 3201/3201
f 3186/3186 3202/3202 3191/3191
f 3203/3203 3204/3204 3205/3205
f 3206/3206 3204/3204 3207/3207
f 3205/3205 3208/3208 3209/3209
f 3210/3210 3208/3208 3204/3204
f 2883/2883 3203/3203 2884/2884
f 3211/3211 3207/3207 3203/3203
f 3212/3212 3207/3207 3213/3213
f 3214/3214 3206/3206 3212/3212
f 3215/3215 3210/3210 3206/3206
f 3216/3216 3217/3217 3210/3210
f 3218/3218 3219/3219 3217/3217
f 3217/3217 3220/3220 3208/3208
f 3209/3209 3220/3220 3221/3221
f 2887/2887 3221/3221 3222/3222
f 2885/2885 3209/3209 2887/2887
f 2884/2884 3205/3205 2885/2885
f 3223/3223 3224/3224 3225/3225
f 3226/3226 3224/3224 3227/3227
f 3225/3225 3228/3228 3229/3229
f 3230/3230 3228/3228 3224/3224
f 2903/2903 3223/3223 2904/2904
f 3164/3164 3227/3227 3223/3223
f 3162/3162 3227/3227 3163/3163
f 3231/3231 3226/3226 3162/3162
f 3232/3232 3230/3230 3226/3226
f 3233/3233 3234/3234 3230/3230
f 3235/3235 3236/3236 3234/3234
f 3234/3234 3237/3237 3228/3228
f 3229/3229 3237/3237 3238/3238
f 2907/2907 3238/3238 3239/3239
f 2905/2905 3229/3229 2907/2907
f 2904/2904 3225/3225 2905/2905
f 3240/3240 3241/3241 3242/3242
f 3243/3243 3241/3241 3244/3244
f 3242/3242 3245/3245 3246/3246
f 3247/3247 3245/3245 3241/3241
f 3157/3157 3240/3240 3158/3158
f 3248/3248 3244/3244 3240/3240
f 3249/3249 3244/3244 3250/3250
f 3251/3251 3243/3243 3249/3249
f 3252/3252 3247/3247 3243/3243
f 3253/3253 3254/3254 3247/3247
f 3255/3255 3256/3256 3254/3254
f 3254/3254 3257/3257 3245/3245
f 3246/3246 3257/3257 3258/3258
f 3161/3161 3258/3258 3231/3231
f 3159/3159 3246/3246 3161/3161
f 3158/3158 3242/3242 3159/3159
f 3259/3259 3260/3260 3261/3261
f 3259/3259 3262/3262 3263/3263
f 3260/3260 3264/3264 3265/3265
f 3262/3262 3264/3264 3263/3263
f 3200/3200 3261/3261 3266/3266
f 3199/3199 3259/3259 3261/3261
f 3198/3198 3267/3267 3259/3259
f 3197/3197 3268/3268 3267/3267
f 3267/3267 3269/3269 3262/3262
f 3269/3269 3270/3270 3262/3262
f 3271/3271 3272/3272 3270/3270
f 3270/3270 3273/3273 3264/3264
f 3264/3264 3274/3274 3265/3265
f 3265/3265 3275/3275 3276/3276
f 3277/3277 3265/3265 3276/3276
f 3261/3261 3277/3277 3266/3266
f 3278/3278 3279/3279 3280/3280
f 3278/3278 3281/3281 3282/3282
f 3282/3282 3283/3283 3279/3279
f 3281/3281 3284/3284 3282/3282
f 3275/3275 3280/3280 3285/3285
f 3274/3274 3278/3278 3280/3280
f 3273/3273 3286/3286 3278/3278
f 3272/3272 3287/3287 3286/3286
f 3286/3286 3288/3288 3281/3281
f 3288/3288 3289/3289 3281/3281
f 3290/3290 3291/3291 3289/3289
f 3289/3289 3292/3292 3284/3284
f 3284/3284 3293/3293 3283/3283
f 3283/3283 3294/3294 3295/3295
f 3279/3279 3295/3295 3296/3296
f 3280/3280 3296/3296 3285/3285
f 3297/3297 3298/3298 3299/3299
f 3300/3300 3298/3298 3301/3301
f 3299/3299 3302/3302 3303/3303
f 3304/3304 3302/3302 3298/3298
f 3214/3214 3297/3297 3215/3215
f 3305/3305 3301/3301 3297/3297
f 3306/3306 3301/3301 3307/3307
f 2044/2044 3300/3300 3306/3306
f 2045/2045 3304/3304 3300/3300
f 2059/2059 3308/3308 3304/3304
f 2057/2057 3309/3309 3308/3308
f 3308/3308 3310/3310 3302/3302
f 3303/3303 3310/3310 3311/3311
f 3218/3218 3311/3311 3312/3312
f 3216/3216 3303/3303 3218/3218
f 3215/3215 3299/3299 3216/3216
f 3313/3313 3314/3314 3315/3315
f 3316/3316 3314/3314 3317/3317
f 3315/3315 3318/3318 3319/3319
f 3320/3320 3318/3318 3314/3314
f 3231/3231 3313/3313 3232/3232
f 3258/3258 3317/3317 3313/3313
f 3256/3256 3317/3317 3257/3257
f 3321/3321 3316/3316 3256/3256
f 3322/3322 3320/3320 3316/3316
f 3323/3323 3324/3324 3320/3320
f 3325/3325 3326/3326 3324/3324
f 3324/3324 3327/3327 3318/3318
f 3319/3319 3327/3327 3328/3328
f 3235/3235 3328/3328 3329/3329
f 3233/3233 3319/3319 3235/3235
f 3232/3232 3315/3315 3233/3233
f 3330/3330 3331/3331 3332/3332
f 3330/3330 3333/3333 3334/3334
f 3331/3331 3335/3335 3336/3336
f 3333/3333 3335/3335 3334/3334
f 2826/2826 3332/3332 3337/3337
f 2825/2825 3330/3330 3332/3332
f 2824/2824 3338/3338 3330/3330
f 2823/2823 3339/3339 3338/3338
f 3338/3338 3340/3340 3333/3333
f 3340/3340 3341/3341 3333/3333
f 3342/3342 2728/2728 3341/3341
f 3341/3341 2727/2727 3335/3335
f 3335/3335 2726/2726 3336/3336
f 3336/3336 2724/2724 3343/3343
f 3344/3344 3336/3336 3343/3343
f 3332/3332 3344/3344 3337/3337
f 3345/3345 3346/3346 3347/3347
f 3345/3345 3348/3348 3349/3349
f 3346/3346 3350/3350 3351/3351
f 3348/3348 3350/3350 3349/3349
f 2759/2759 3347/3347 3352/3352
f 2758/2758 3345/3345 3347/3347
f 2757/2757 3353/3353 3345/3345
f 2756/2756 3354/3354 3353/3353
f 3353/3353 3355/3355 3348/3348
f 3355/3355 3356/3356 3348/3348
f 3357/3357 3135/3135 3356/3356
f 3356/3356 3134/3134 3350/3350
f 3350/3350 3133/3133 3351/3351
f 3351/3351 3131/3131 3358/3358
f 3359/3359 3351/3351 3358/3358
f 3347/3347 3359/3359 3352/3352
f 3360/3360 3361/3361 3362/3362
f 3363/3363 3364/3364 3361/3361
f 3361/3361 3365/3365 3362/3362
f 3364/3364 3366/3366 3361/3361
f 3041/3041 3360/3360 3039/3039
f 3367/3367 3363/3363 3360/3360
f 3368/3368 3369/3369 3363/3363
f 3370/3370 2047/2047 3369/3369
f 3369/3369 2048/2048 3364/3364
f 2048/2048 3371/3371 3364/3364
f 2046/2046 3372/3372 3371/3371
f 3371/3371 3373/3373 3366/3366
f 3366/3366 3374/3374 3365/3365
f 3365/3365 3045/3045 3044/3044
f 3362/3362 3044/3044 3042/3042
f 3039/3039 3362/3362 3042/3042
f 3375/3375 3376/3376 3377/3377
f 3378/3378 3379/3379 3376/3376
f 3376/3376 3380/3380 3377/3377
f 3379/3379 3381/3381 3376/3376
f 3037/3037 3375/3375 3035/3035
f 3382/3382 3378/3378 3375/3375
f 3383/3383 3384/3384 3378/3378
f 3385/3385 2089/2089 3384/3384
f 3384/3384 2090/2090 3379/3379
f 2090/2090 3386/3386 3379/3379
f 2088/2088 3370/3370 3386/3386
f 3386/3386 3368/3368 3381/3381
f 3381/3381 3367/3367 3380/3380
f 3380/3380 3041/3041 3040/3040
f 3377/3377 3040/3040 3038/3038
f 3035/3035 3377/3377 3038/3038
f 3387/3387 3388/3388 3389/3389
f 3390/3390 3391/3391 3388/3388
f 3388/3388 3392/3392 3389/3389
f 3391/3391 3393/3393 3388/3388
f 3033/3033 3387/3387 3031/3031
f 3394/3394 3390/3390 3387/3387
f 3395/3395 3396/3396 3390/3390
f 3397/3397 2145/2145 3396/3396
f 3396/3396 2146/2146 3391/3391
f 2146/2146 3398/3398 3391/3391
f 2144/2144 3385/3385 3398/3398
f 3398/3398 3383/3383 3393/3393
f 3393/3393 3382/3382 3392/3392
f 3392/3392 3037/3037 3036/3036
f 3389/3389 3036/3036 3034/3034
f 3031/3031 3389/3389 3034/3034
f 3399/3399 3400/3400 3401/3401
f 3402/3402 3403/3403 3400/3400
f 3400/3400 3404/3404 3401/3401
f 3403/3403 3405/3405 3400/3400
f 3029/3029 3399/3399 3027/3027
f 3406/3406 3402/3402 3399/3399
f 3407/3407 3408/3408 3402/3402
f 3409/3409 2225/2225 3408/3408
f 3408/3408 2226/2226 3403/3403
f 2226/2226 3410/3410 3403/3403
f 2224/2224 3397/3397 3410/3410
f 3410/3410 3395/3395 3405/3405
f 3405/3405 3394/3394 3404/3404
f 3404/3404 3033/3033 3032/3032
f 3401/3401 3032/3032 3030/3030
f 3027/3027 3401/3401 3030/3030
f 3411/3411 3412/3412 3413/3413
f 3414/3414 3415/3415 3412/3412
f 3412/3412 3416/3416 3413/3413
f 3415/3415 3417/3417 3412/3412
f 3025/3025 3411/3411 3023/3023
f 3418/3418 3414/3414 3411/3411
f 3419/3419 3420/3420 3414/3414
f 3421/3421 2285/2285 3420/3420
f 3420/3420 2286/2286 3415/3415
f 2286/2286 3422/3422 3415/3415
f 2284/2284 3409/3409 3422/3422
f 3422/3422 3407/3407 3417/3417
f 3417/3417 3406/3406 3416/3416
f 3416/3416 3029/3029 3028/3028
f 3413/3413 3028/3028 3026/3026
f 3023/3023 3413/3413 3026/3026
f 3423/3423 3424/3424 3425/3425
f 3426/3426 3427/3427 3424/3424
f 3424/3424 3428/3428 3425/3425
f 3427/3427 3429/3429 3424/3424
f 3021/3021 3423/3423 3019/3019
f 3430/3430 3426/3426 3423/3423
f 3431/3431 3432/3432 3426/3426
f 3433/3433 2325/2325 3432/3432
f 3432/3432 2326/2326 3427/3427
f 2326/2326 3434/3434 3427/3427
f 2324/2324 3421/3421 3434/3434
f 3434/3434 3419/3419 3429/3429
f 3429/3429 3418/3418 3428/3428
f 3428/3428 3025/3025 3024/3024
f 3425/3425 3024/3024 3022/3022
f 3019/3019 3425/3425 3022/3022
f 3435/3435 3436/3436 3437/3437
f 3438/3438 3439/3439 3436/3436
f 3436/3436 3440/3440 3437/3437
f 3439/3439 3441/3441 3436/3436
f 3017/3017 3435/3435 3015/3015
f 3442/3442 3438/3438 3435/3435
f 3443/3443 3444/3444 3438/3438
f 3445/3445 2381/2381 3444/3444
f 3444/3444 2382/2382 3439/3439
f 2382/2382 3446/3446 3439/3439
f 2380/2380 3433/3433 3446/3446
f 3446/3446 3431/3431 3441/3441
f 3441/3441 3430/3430 3440/3440
f 3440/3440 3021/3021 3020/3020
f 3437/3437 3020/3020 3018/3018
f 3015/3015 3437/3437 3018/3018
f 3447/3447 3448/3448 3449/3449
f 3450/3450 3451/3451 3448/3448
f 3448/3448 3452/3452 3449/3449
f 3451/3451 3453/3453 3448/3448
f 3013/3013 3447/3447 3011/3011
f 3454/3454 3450/3450 3447/3447
f 3455/3455 3456/3456 3450/3450
f 3457/3457 2461/2461 3456/3456
f 3456/3456 2462/2462 3451/3451
f 2462/2462 3458/3458 3451/3451
f 2460/2460 3445/3445 3458/3458
f 3458/3458 3443/3443 3453/3453
f 3453/3453 3442/3442 3452/3452
f 3452/3452 3017/3017 3016/3016
f 3449/3449 3016/3016 3014/3014
f 3011/3011 3449/3449 3014/3014
f 3459/3459 3460/3460 3461/3461
f 3462/3462 3463/3463 3460/3460
f 3460/3460 3464/3464 3461/3461
f 3463/3463 3465/3465 3460/3460
f 3009/3009 3459/3459 3007/3007
f 3466/3466 3462/3462 3459/3459
f 3467/3467 3468/3468 3462/3462
f 3469/3469 2520/2520 3468/3468
f 3468/3468 2521/2521 3463/3463
f 2521/2521 3470/3470 3463/3463
f 2519/2519 3457/3457 3470/3470
f 3470/3470 3455/3455 3465/3465
f 3465/3465 3454/3454 3464/3464
f 3464/3464 3013/3013 3012/3012
f 3461/3461 3012/3012 3010/3010
f 3007/3007 3461/3461 3010/3010
f 3471/3471 3472/3472 3473/3473
f 3474/3474 3475/3475 3472/3472
f 3472/3472 3476/3476 3473/3473
f 3475/3475 3477/3477 3472/3472
f 3005/3005 3471/3471 3003/3003
f 3478/3478 3474/3474 3471/3471
f 3479/3479 3480/3480 3474/3474
f 3481/3481 2557/2557 3480/3480
f 3480/3480 2558/2558 3475/3475
f 2558/2558 3482/3482 3475/3475
f 2556/2556 3469/3469 3482/3482
f 3482/3482 3467/3467 3477/3477
f 3477/3477 3466/3466 3476/3476
f 3476/3476 3009/3009 3008/3008
f 3473/3473 3008/3008 3006/3006
f 3003/3003 3473/3473 3006/3006
f 3483/3483 3484/3484 3485/3485
f 3486/3486 3487/3487 3484/3484
f 3484/3484 3488/3488 3485/3485
f 3487/3487 3489/3489 3484/3484
f 3001/3001 3483/3483 2999/2999
f 3490/3490 3486/3486 3483/3483
f 3491/3491 3492/3492 3486/3486
f 3493/3493 2649/2649 3492/3492
f 3492/3492 2650/2650 3487/3487
f 2650/2650 3494/3494 3487/3487
f 2648/2648 3481/3481 3494/3494
f 3494/3494 3479/3479 3489/3489
f 3489/3489 3478/3478 3488/3488
f 3488/3488 3005/3005 3004/3004
f 3485/3485 3004/3004 3002/3002
f 2999/2999 3485/3485 3002/3002
f 3495/3495 3496/3496 3497/3497
f 3498/3498 3499/3499 3496/3496
f 3496/3496 3500/3500 3497/3497
f 3499/3499 3501/3501 3496/3496
f 2997/2997 3495/3495 2995/2995
f 3502/3502 3498/3498 3495/3495
f 3503/3503 3504/3504 3498/3498
f 3505/3505 2688/2688 3504/3504
f 3504/3504 2689/2689 3499/3499
f 2689/2689 3506/3506 3499/3499
f 2687/2687 3493/3493 3506/3506
f 3506/3506 3491/3491 3501/3501
f 3501/3501 3490/3490 3500/3500
f 3500/3500 3001/3001 3000/3000
f 3497/3497 3000/3000 2998/2998
f 2995/2995 3497/3497 2998/2998
f 3507/3507 3508/3508 3509/3509
f 3510/3510 3511/3511 3508/3508
f 3508/3508 3512/3512 3509/3509
f 3511/3511 3513/3513 3508/3508
f 2993/2993 3507/3507 2991/2991
f 3514/3514 3510/3510 3507/3507
f 3515/3515 3516/3516 3510/3510
f 3517/3517 2771/2771 3516/3516
f 3516/3516 2772/2772 3511/3511
f 2772/2772 3518/3518 3511/3511
f 2770/2770 3505/3505 3518/3518
f 3518/3518 3503/3503 3513/3513
f 3513/3513 3502/3502 3512/3512
f 3512/3512 2997/2997 2996/2996
f 3509/3509 2996/2996 2994/2994
f 2991/2991 3509/3509 2994/2994
f 3519/3519 3520/3520 3521/3521
f 3522/3522 3523/3523 3520/3520
f 3520/3520 3524/3524 3521/3521
f 3523/3523 3525/3525 3520/3520
f 2989/2989 3519/3519 2987/2987
f 3526/3526 3522/3522 3519/3519
f 3527/3527 3528/3528 3522/3522
f 3529/3529 2881/2881 3528/3528
f 3528/3528 2882/2882 3523/3523
f 2882/2882 3530/3530 3523/3523
f 2880/2880 3517/3517 3530/3530
f 3530/3530 3515/3515 3525/3525
f 3525/3525 3514/3514 3524/3524
f 3524/3524 2993/2993 2992/2992
f 3521/3521 2992/2992 2990/2990
f 2987/2987 3521/3521 2990/2990
f 3531/3531 3532/3532 3533/3533
f 3534/3534 3535/3535 3532/3532
f 3532/3532 3536/3536 3533/3533
f 3535/3535 3537/3537 3532/3532
f 2984/2984 3531/3531 2982/2982
f 3538/3538 3534/3534 3531/3531
f 3539/3539 3540/3540 3534/3534
f 3541/3541 3212/3212 3540/3540
f 3540/3540 3213/3213 3535/3535
f 3213/3213 3542/3542 3535/3535
f 3211/3211 3529/3529 3542/3542
f 3542/3542 3527/3527 3537/3537
f 3537/3537 3526/3526 3536/3536
f 3536/3536 2989/2989 2988/2988
f 3533/3533 2988/2988 2985/2985
f 2982/2982 3533/3533 2985/2985
f 3543/3543 3544/3544 3545/3545
f 3546/3546 3547/3547 3544/3544
f 3544/3544 3548/3548 3545/3545
f 3547/3547 3549/3549 3544/3544
f 3045/3045 3543/3543 3043/3043
f 3374/3374 3546/3546 3543/3543
f 3373/3373 3550/3550 3546/3546
f 3372/3372 3306/3306 3550/3550
f 3550/3550 3307/3307 3547/3547
f 3307/3307 3551/3551 3547/3547
f 3305/3305 3541/3541 3551/3551
f 3551/3551 3539/3539 3549/3549
f 3549/3549 3538/3538 3548/3548
f 3548/3548 2984/2984 2983/2983
f 3545/3545 2983/2983 2986/2986
f 3043/3043 3545/3545 2986/2986
f 3552/3552 3553/3553 3554/3554
f 3555/3555 3556/3556 3553/3553
f 3554/3554 3557/3557 3558/3558
f 3556/3556 3557/3557 3553/3553
f 3559/3559 3560/3560 3561/3561
f 3562/3562 3552/3552 3559/3559
f 3563/3563 3555/3555 3562/3562
f 2759/2759 3564/3564 3563/3563
f 3564/3564 3359/3359 3556/3556
f 3359/3359 3565/3565 3556/3556
f 3565/3565 3131/3131 3566/3566
f 3565/3565 3567/3567 3557/3557
f 3557/3557 3568/3568 3558/3558
f 3558/3558 3569/3569 3570/3570
f 3571/3571 3558/3558 3570/3570
f 3552/3552 3571/3571 3560/3560
f 3572/3572 3573/3573 3574/3574
f 3575/3575 3576/3576 3573/3573
f 3574/3574 3577/3577 3578/3578
f 3576/3576 3577/3577 3573/3573
f 3579/3579 3580/3580 3581/3581
f 3582/3582 3572/3572 3579/3579
f 3583/3583 3575/3575 3582/3582
f 2826/2826 3584/3584 3583/3583
f 3584/3584 3344/3344 3576/3576
f 3344/3344 3585/3585 3576/3576
f 3585/3585 2724/2724 3586/3586
f 3585/3585 3587/3587 3577/3577
f 3577/3577 3588/3588 3578/3578
f 3578/3578 3589/3589 3590/3590
f 3591/3591 3578/3578 3590/3590
f 3572/3572 3591/3591 3580/3580
f 3592/3592 3593/3593 3594/3594
f 3595/3595 3593/3593 3596/3596
f 3593/3593 3597/3597 3594/3594
f 3598/3598 3599/3599 3593/3593
f 3600/3600 3592/3592 3601/3601
f 3602/3602 3596/3596 3592/3592
f 3603/3603 3595/3595 3596/3596
f 3604/3604 3285/3285 3595/3595
f 3285/3285 3598/3598 3595/3595
f 3296/3296 3605/3605 3598/3598
f 3605/3605 3294/3294 3606/3606
f 3605/3605 3607/3607 3599/3599
f 3597/3597 3607/3607 3608/3608
f 3609/3609 3608/3608 3610/3610
f 3594/3594 3609/3609 3611/3611
f 3601/3601 3594/3594 3611/3611
f 3612/3612 3613/3613 3614/3614
f 3615/3615 3616/3616 3613/3613
f 3614/3614 3617/3617 3618/3618
f 3616/3616 3617/3617 3613/3613
f 3619/3619 3620/3620 3621/3621
f 3622/3622 3612/3612 3619/3619
f 3623/3623 3615/3615 3622/3622
f 3200/3200 3624/3624 3623/3623
f 3624/3624 3277/3277 3616/3616
f 3277/3277 3625/3625 3616/3616
f 3276/3276 3604/3604 3625/3625
f 3625/3625 3603/3603 3617/3617
f 3617/3617 3602/3602 3618/3618
f 3618/3618 3600/3600 3626/3626
f 3627/3627 3618/3618 3626/3626
f 3612/3612 3627/3627 3620/3620
f 3628/3628 3629/3629 3630/3630
f 3631/3631 3632/3632 3629/3629
f 3630/3630 3633/3633 3634/3634
f 3632/3632 3633/3633 3629/3629
f 3635/3635 3636/3636 3637/3637
f 3638/3638 3628/3628 3635/3635
f 3639/3639 3631/3631 3638/3638
f 3082/3082 3640/3640 3639/3639
f 3640/3640 3202/3202 3632/3632
f 3202/3202 3641/3641 3632/3632
f 3641/3641 3200/3200 3623/3623
f 3641/3641 3622/3622 3633/3633
f 3633/3633 3619/3619 3634/3634
f 3634/3634 3621/3621 3642/3642
f 3643/3643 3634/3634 3642/3642
f 3628/3628 3643/3643 3636/3636
f 3644/3644 3645/3645 3646/3646
f 3647/3647 3645/3645 3648/3648
f 3645/3645 3649/3649 3646/3646
f 3645/3645 3650/3650 3651/3651
f 3652/3652 3653/3653 3654/3654
f 3655/3655 3644/3644 3652/3652
f 3656/3656 3648/3648 3655/3655
f 3174/3174 3647/3647 3656/3656
f 3173/3173 3657/3657 3647/3647
f 3657/3657 3182/3182 3650/3650
f 3182/3182 3658/3658 3650/3650
f 3650/3650 3659/3659 3651/3651
f 3651/3651 3660/3660 3649/3649
f 3661/3661 3660/3660 3662/3662
f 3646/3646 3661/3661 3663/3663
f 3644/3644 3663/3663 3653/3653
f 3664/3664 3665/3665 3666/3666
f 3667/3667 3665/3665 3668/3668
f 3665/3665 3669/3669 3666/3666
f 3670/3670 3671/3671 3665/3665
f 3568/3568 3672/3672 3569/3569
f 3567/3567 3664/3664 3568/3568
f 3567/3567 3667/3667 3668/3668
f 3131/3131 3667/3667 3566/3566
f 3132/3132 3670/3670 3667/3667
f 3670/3670 3143/3143 3673/3673
f 3673/3673 3144/3144 3674/3674
f 3671/3671 3674/3674 3675/3675
f 3669/3669 3675/3675 3676/3676
f 3677/3677 3676/3676 3678/3678
f 3666/3666 3677/3677 3679/3679
f 3664/3664 3679/3679 3672/3672
f 3680/3680 3681/3681 3682/3682
f 3683/3683 3684/3684 3681/3681
f 3682/3682 3685/3685 3686/3686
f 3684/3684 3685/3685 3681/3681
f 3687/3687 3688/3688 3689/3689
f 3690/3690 3680/3680 3687/3687
f 3691/3691 3683/3683 3690/3690
f 3105/3105 3692/3692 3691/3691
f 3692/3692 3122/3122 3684/3684
f 3122/3122 3693/3693 3684/3684
f 3693/3693 2747/2747 3694/3694
f 3693/3693 3695/3695 3685/3685
f 3685/3685 3696/3696 3686/3686
f 3686/3686 3697/3697 3698/3698
f 3699/3699 3686/3686 3698/3698
f 3680/3680 3699/3699 3688/3688
f 3700/3700 3701/3701 3702/3702
f 3703/3703 3701/3701 3704/3704
f 3701/3701 3705/3705 3702/3702
f 3701/3701 3706/3706 3707/3707
f 3708/3708 3700/3700 3709/3709
f 3710/3710 3700/3700 3711/3711
f 3712/3712 3704/3704 3710/3710
f 3094/3094 3703/3703 3712/3712
f 3703/3703 3107/3107 3713/3713
f 3713/3713 3106/3106 3706/3706
f 3106/3106 3691/3691 3706/3706
f 3706/3706 3690/3690 3707/3707
f 3707/3707 3687/3687 3705/3705
f 3714/3714 3687/3687 3689/3689
f 3702/3702 3714/3714 3715/3715
f 3700/3700 3715/3715 3709/3709
f 3716/3716 3717/3717 3718/3718
f 3719/3719 3717/3717 3720/3720
f 3717/3717 3721/3721 3718/3718
f 3717/3717 3722/3722 3723/3723
f 3724/3724 3725/3725 3726/3726
f 3727/3727 3716/3716 3724/3724
f 3728/3728 3720/3720 3727/3727
f 3071/3071 3719/3719 3728/3728
f 3070/3070 3729/3729 3719/3719
f 3729/3729 3083/3083 3722/3722
f 3083/3083 3639/3639 3722/3722
f 3722/3722 3638/3638 3723/3723
f 3723/3723 3635/3635 3721/3721
f 3721/3721 3637/3637 3730/3730
f 3718/3718 3730/3730 3731/3731
f 3725/3725 3718/3718 3731/3731
f 3732/3732 3733/3733 3734/3734
f 3735/3735 3736/3736 3732/3732
f 3736/3736 3737/3737 3733/3733
f 3738/3738 3739/3739 3736/3736
f 3740/3740 3741/3741 3742/3742
f 3743/3743 3734/3734 3740/3740
f 3743/3743 3735/3735 3732/3732
f 3744/3744 2938/2938 3735/3735
f 3735/3735 2949/2949 3738/3738
f 2949/2949 3745/3745 3738/3738
f 3745/3745 2948/2948 3746/3746
f 3745/3745 3747/3747 3739/3739
f 3737/3737 3747/3747 3748/3748
f 3749/3749 3748/3748 3750/3750
f 3733/3733 3749/3749 3751/3751
f 3741/3741 3733/3733 3751/3751
f 3752/3752 3753/3753 3754/3754
f 3755/3755 3753/3753 3756/3756
f 3753/3753 3757/3757 3754/3754
f 3758/3758 3759/3759 3753/3753
f 3760/3760 3761/3761 3762/3762
f 3763/3763 3752/3752 3760/3760
f 3763/3763 3755/3755 3756/3756
f 3764/3764 2919/2919 3755/3755
f 2919/2919 3758/3758 3755/3755
f 2930/2930 3765/3765 3758/3758
f 3765/3765 2929/2929 3766/3766
f 3759/3759 3766/3766 3767/3767
f 3757/3757 3767/3767 3768/3768
f 3769/3769 3768/3768 3770/3770
f 3754/3754 3769/3769 3771/3771
f 3761/3761 3754/3754 3771/3771
f 3772/3772 3773/3773 3774/3774
f 3775/3775 3776/3776 3773/3773
f 3774/3774 3777/3777 3778/3778
f 3776/3776 3777/3777 3773/3773
f 3660/3660 3779/3779 3662/3662
f 3659/3659 3772/3772 3660/3660
f 3658/3658 3775/3775 3659/3659
f 3658/3658 2838/2838 3780/3780
f 3780/3780 2851/2851 3776/3776
f 2851/2851 3781/3781 3776/3776
f 2850/2850 3764/3764 3781/3781
f 3781/3781 3763/3763 3777/3777
f 3777/3777 3760/3760 3778/3778
f 3778/3778 3762/3762 3782/3782
f 3783/3783 3778/3778 3782/3782
f 3772/3772 3783/3783 3779/3779
f 3784/3784 3785/3785 3786/3786
f 3787/3787 3785/3785 3788/3788
f 3785/3785 3789/3789 3786/3786
f 3785/3785 3790/3790 3791/3791
f 3792/3792 3793/3793 3794/3794
f 3795/3795 3784/3784 3792/3792
f 3796/3796 3788/3788 3795/3795
f 2813/2813 3787/3787 3796/3796
f 2814/2814 3797/3797 3787/3787
f 3797/3797 2827/2827 3790/3790
f 2827/2827 3583/3583 3790/3790
f 3790/3790 3582/3582 3791/3791
f 3791/3791 3579/3579 3789/3789
f 3789/3789 3581/3581 3798/3798
f 3786/3786 3798/3798 3799/3799
f 3784/3784 3799/3799 3793/3793
f 3800/3800 3801/3801 3802/3802
f 3803/3803 3804/3804 3801/3801
f 3802/3802 3805/3805 3806/3806
f 3804/3804 3805/3805 3801/3801
f 3696/3696 3807/3807 3697/3697
f 3695/3695 3800/3800 3696/3696
f 3694/3694 3803/3803 3695/3695
f 2747/2747 3808/3808 3694/3694
f 3808/3808 2761/2761 3804/3804
f 2761/2761 3809/3809 3804/3804
f 3809/3809 2759/2759 3563/3563
f 3809/3809 3562/3562 3805/3805
f 3805/3805 3559/3559 3806/3806
f 3806/3806 3561/3561 3810/3810
f 3811/3811 3806/3806 3810/3810
f 3800/3800 3811/3811 3807/3807
f 3812/3812 3813/3813 3814/3814
f 3815/3815 3816/3816 3813/3813
f 3814/3814 3817/3817 3818/3818
f 3816/3816 3817/3817 3813/3813
f 3588/3588 3819/3819 3589/3589
f 3587/3587 3812/3812 3588/3588
f 3586/3586 3815/3815 3587/3587
f 2724/2724 3820/3820 3586/3586
f 3820/3820 2738/2738 3816/3816
f 2738/2738 3821/3821 3816/3816
f 2737/2737 3744/3744 3821/3821
f 3821/3821 3743/3743 3817/3817
f 3817/3817 3740/3740 3818/3818
f 3818/3818 3742/3742 3822/3822
f 3823/3823 3818/3818 3822/3822
f 3812/3812 3823/3823 3819/3819
f 3824/3824 3825/3825 3826/3826
f 3827/3827 3825/3825 3828/3828
f 3825/3825 3829/3829 3826/3826
f 3825/3825 3830/3830 3831/3831
f 3239/3239 3824/3824 2908/2908
f 3832/3832 3828/3828 3824/3824
f 3833/3833 3827/3827 3828/3828
f 3589/3589 3827/3827 3834/3834
f 3819/3819 3835/3835 3827/3827
f 3835/3835 3822/3822 3830/3830
f 3822/3822 3836/3836 3830/3830
f 3830/3830 3837/3837 3831/3831
f 3831/3831 3838/3838 3829/3829
f 3829/3829 2911/2911 2910/2910
f 3826/3826 2910/2910 2909/2909
f 2908/2908 3826/3826 2909/2909
f 3839/3839 3840/3840 3841/3841
f 3842/3842 3840/3840 3843/3843
f 3840/3840 3844/3844 3841/3841
f 3845/3845 3846/3846 3840/3840
f 2623/2623 3839/3839 2584/2584
f 3847/3847 3843/3843 3839/3839
f 3848/3848 3843/3843 3849/3849
f 3697/3697 3842/3842 3848/3848
f 3807/3807 3845/3845 3842/3842
f 3845/3845 3810/3810 3850/3850
f 3810/3810 3851/3851 3850/3850
f 3850/3850 3852/3852 3846/3846
f 3846/3846 3853/3853 3844/3844
f 3844/3844 2587/2587 2586/2586
f 3841/3841 2586/2586 2585/2585
f 2584/2584 3841/3841 2585/2585
f 3854/3854 3855/3855 3856/3856
f 3857/3857 3855/3855 3858/3858
f 3855/3855 3859/3859 3856/3856
f 3860/3860 3861/3861 3855/3855
f 3862/3862 3854/3854 3326/3326
f 3863/3863 3858/3858 3854/3854
f 3864/3864 3858/3858 3865/3865
f 3864/3864 3793/3793 3857/3857
f 3857/3857 3799/3799 3860/3860
f 3799/3799 3866/3866 3860/3860
f 3798/3798 3867/3867 3866/3866
f 3866/3866 3868/3868 3861/3861
f 3861/3861 3869/3869 3859/3859
f 3859/3859 3329/3329 3328/3328
f 3856/3856 3328/3328 3327/3327
f 3326/3326 3856/3856 3327/3327
f 3870/3870 3871/3871 3872/3872
f 3873/3873 3874/3874 3871/3871
f 3871/3871 3875/3875 3872/3872
f 3871/3871 3876/3876 3877/3877
f 2411/2411 3870/3870 2352/2352
f 3878/3878 3873/3873 3870/3870
f 3879/3879 3873/3873 3880/3880
f 3662/3662 3881/3881 3879/3879
f 3779/3779 3874/3874 3881/3881
f 3874/3874 3782/3782 3876/3876
f 3782/3782 3882/3882 3876/3876
f 3876/3876 3883/3883 3877/3877
f 3877/3877 3884/3884 3875/3875
f 3875/3875 2355/2355 2354/2354
f 3872/3872 2354/2354 2353/2353
f 2352/2352 3872/3872 2353/2353
f 3885/3885 3886/3886 3887/3887
f 3888/3888 3886/3886 3889/3889
f 3886/3886 3890/3890 3887/3887
f 3891/3891 3892/3892 3886/3886
f 2355/2355 3885/3885 2310/2310
f 3884/3884 3889/3889 3885/3885
f 3882/3882 3889/3889 3883/3883
f 3762/3762 3888/3888 3882/3882
f 3761/3761 3891/3891 3888/3888
f 3771/3771 3893/3893 3891/3891
f 3769/3769 3894/3894 3893/3893
f 3893/3893 3895/3895 3892/3892
f 3892/3892 3896/3896 3890/3890
f 3890/3890 2314/2314 2312/2312
f 3887/3887 2312/2312 2311/2311
f 2310/2310 3887/3887 2311/2311
f 3897/3897 3898/3898 3899/3899
f 3900/3900 3898/3898 3901/3901
f 3898/3898 3902/3902 3899/3899
f 3903/3903 3904/3904 3898/3898
f 2911/2911 3897/3897 2800/2800
f 3838/3838 3901/3901 3897/3897
f 3836/3836 3901/3901 3837/3837
f 3742/3742 3900/3900 3836/3836
f 3741/3741 3903/3903 3900/3900
f 3751/3751 3905/3905 3903/3903
f 3749/3749 3906/3906 3905/3905
f 3905/3905 3907/3907 3904/3904
f 3904/3904 3908/3908 3902/3902
f 3902/3902 2804/2804 2802/2802
f 3899/3899 2802/2802 2801/2801
f 2800/2800 3899/3899 2801/2801
f 3909/3909 3910/3910 3911/3911
f 3912/3912 3910/3910 3913/3913
f 3910/3910 3914/3914 3911/3911
f 3915/3915 3916/3916 3910/3910
f 3917/3917 3909/3909 2252/2252
f 3918/3918 3913/3913 3909/3909
f 3919/3919 3912/3912 3913/3913
f 3726/3726 3912/3912 3920/3920
f 3725/3725 3915/3915 3912/3912
f 3731/3731 3921/3921 3915/3915
f 3730/3730 3922/3922 3921/3921
f 3921/3921 3923/3923 3916/3916
f 3916/3916 3924/3924 3914/3914
f 3914/3914 2255/2255 2254/2254
f 3911/3911 2254/2254 2253/2253
f 2252/2252 3911/3911 2253/2253
f 3925/3925 3926/3926 3927/3927
f 3928/3928 3929/3929 3926/3926
f 3926/3926 3930/3930 3927/3927
f 3929/3929 3931/3931 3926/3926
f 3932/3932 3925/3925 2712/2712
f 3933/3933 3928/3928 3925/3925
f 3934/3934 3928/3928 3935/3935
f 3934/3934 3709/3709 3936/3936
f 3709/3709 3929/3929 3936/3936
f 3715/3715 3937/3937 3929/3929
f 3714/3714 3938/3938 3937/3937
f 3937/3937 3939/3939 3931/3931
f 3931/3931 3940/3940 3930/3930
f 3930/3930 2715/2715 2714/2714
f 3927/3927 2714/2714 2713/2713
f 2712/2712 3927/3927 2713/2713
f 3941/3941 3942/3942 3943/3943
f 3944/3944 3945/3945 3942/3942
f 3942/3942 3946/3946 3943/3943
f 3945/3945 3947/3947 3942/3942
f 2715/2715 3941/3941 2620/2620
f 3940/3940 3944/3944 3941/3941
f 3939/3939 3948/3948 3944/3944
f 3689/3689 3948/3948 3938/3938
f 3688/3688 3945/3945 3948/3948
f 3945/3945 3698/3698 3949/3949
f 3698/3698 3848/3848 3949/3949
f 3949/3949 3849/3849 3947/3947
f 3947/3947 3847/3847 3946/3946
f 3946/3946 2623/2623 2622/2622
f 3943/3943 2622/2622 2621/2621
f 2620/2620 3943/3943 2621/2621
f 3950/3950 3951/3951 3952/3952
f 3953/3953 3951/3951 3954/3954
f 3951/3951 3955/3955 3952/3952
f 3956/3956 3957/3957 3951/3951
f 2547/2547 3950/3950 2486/2486
f 3958/3958 3954/3954 3950/3950
f 3959/3959 3953/3953 3954/3954
f 3569/3569 3953/3953 3960/3960
f 3672/3672 3956/3956 3953/3953
f 3956/3956 3677/3677 3961/3961
f 3677/3677 3962/3962 3961/3961
f 3961/3961 3963/3963 3957/3957
f 3957/3957 3964/3964 3955/3955
f 3955/3955 2490/2490 2488/2488
f 3952/3952 2488/2488 2487/2487
f 2486/2486 3952/3952 2487/2487
f 3965/3965 3966/3966 3967/3967
f 3968/3968 3969/3969 3966/3966
f 3966/3966 3970/3970 3967/3967
f 3966/3966 3971/3971 3972/3972
f 3973/3973 3965/3965 2408/2408
f 3974/3974 3968/3968 3965/3965
f 3975/3975 3976/3976 3968/3968
f 3977/3977 3653/3653 3976/3976
f 3976/3976 3663/3663 3969/3969
f 3663/3663 3971/3971 3969/3969
f 3971/3971 3662/3662 3879/3879
f 3971/3971 3880/3880 3972/3972
f 3972/3972 3878/3878 3970/3970
f 3970/3970 2411/2411 2410/2410
f 3967/3967 2410/2410 2409/2409
f 2408/2408 3967/3967 2409/2409
f 3978/3978 3979/3979 3980/3980
f 3981/3981 3979/3979 3982/3982
f 3979/3979 3983/3983 3980/3980
f 3979/3979 3984/3984 3985/3985
f 2255/2255 3978/3978 2172/2172
f 3924/3924 3982/3982 3978/3978
f 3923/3923 3981/3981 3982/3982
f 3637/3637 3981/3981 3922/3922
f 3636/3636 3986/3986 3981/3981
f 3986/3986 3642/3642 3984/3984
f 3642/3642 3987/3987 3984/3984
f 3984/3984 3988/3988 3985/3985
f 3985/3985 3989/3989 3983/3983
f 3983/3983 2175/2175 2174/2174
f 3980/3980 2174/2174 2173/2173
f 2172/2172 3980/3980 2173/2173
f 3990/3990 3991/3991 3992/3992
f 3993/3993 3991/3991 3994/3994
f 3991/3991 3995/3995 3992/3992
f 3996/3996 3997/3997 3991/3991
f 2175/2175 3990/3990 2116/2116
f 3989/3989 3994/3994 3990/3990
f 3988/3988 3993/3993 3994/3994
f 3621/3621 3993/3993 3987/3987
f 3620/3620 3996/3996 3993/3993
f 3996/3996 3626/3626 3998/3998
f 3626/3626 3999/3999 3998/3998
f 3998/3998 4000/4000 3997/3997
f 3997/3997 4001/4001 3995/3995
f 3995/3995 2119/2119 2118/2118
f 3992/3992 2118/2118 2117/2117
f 2116/2116 3992/3992 2117/2117
f 4002/4002 4003/4003 4004/4004
f 4005/4005 4003/4003 4006/4006
f 4003/4003 4007/4007 4004/4004
f 4008/4008 4009/4009 4003/4003
f 2119/2119 4002/4002 2074/2074
f 4001/4001 4006/4006 4002/4002
f 3999/3999 4006/4006 4000/4000
f 3600/3600 4005/4005 3999/3999
f 4005/4005 3611/3611 4008/4008
f 3611/3611 4010/4010 4008/4008
f 3609/3609 4011/4011 4010/4010
f 4010/4010 4012/4012 4009/4009
f 4009/4009 4013/4013 4007/4007
f 4007/4007 2078/2078 2076/2076
f 4004/4004 2076/2076 2075/2075
f 2074/2074 4004/4004 2075/2075
f 4014/4014 4015/4015 4016/4016
f 4017/4017 4015/4015 4018/4018
f 4015/4015 4019/4019 4016/4016
f 4020/4020 4021/4021 4015/4015
f 3329/3329 4014/4014 3236/3236
f 3869/3869 4018/4018 4014/4014
f 3868/3868 4017/4017 4018/4018
f 3867/3867 3580/3580 4017/4017
f 3580/3580 4020/4020 4017/4017
f 4020/4020 3590/3590 4022/4022
f 3590/3590 3834/3834 4022/4022
f 4022/4022 3833/3833 4021/4021
f 4021/4021 3832/3832 4019/4019
f 4019/4019 3239/3239 3238/3238
f 4016/4016 3238/3238 3237/3237
f 3236/3236 4016/4016 3237/3237
f 4023/4023 4024/4024 4025/4025
f 4026/4026 4024/4024 4027/4027
f 4024/4024 4028/4028 4025/4025
f 4024/4024 4029/4029 4030/4030
f 2587/2587 4023/4023 2544/2544
f 3853/3853 4027/4027 4023/4023
f 3851/3851 4027/4027 3852/3852
f 3561/3561 4026/4026 3851/3851
f 3560/3560 4031/4031 4026/4026
f 4031/4031 3570/3570 4029/4029
f 3570/3570 3960/3960 4029/4029
f 4029/4029 3959/3959 4030/4030
f 4030/4030 3958/3958 4028/4028
f 4028/4028 2547/2547 2546/2546
f 4025/4025 2546/2546 2545/2545
f 2544/2544 4025/4025 2545/2545
f 4032/4032 4033/4033 4034/4034
f 4032/4032 4035/4035 4036/4036
f 4036/4036 4037/4037 4033/4033
f 4036/4036 4038/4038 4039/4039
f 789/789 4040/4040 790/790
f 788/788 4034/4034 789/789
f 788/788 4041/4041 4032/4032
f 787/787 4042/4042 4041/4041
f 4041/4041 4043/4043 4035/4035
f 4035/4035 4044/4044 4038/4038
f 4038/4038 4045/4045 2822/2822
f 4039/4039 2822/2822 2820/2820
f 4039/4039 2819/2819 4037/4037
f 4037/4037 4046/4046 4047/4047
f 4033/4033 4047/4047 4048/4048
f 4034/4034 4048/4048 4040/4040
f 4049/4049 4050/4050 4051/4051
f 4049/4049 4052/4052 4053/4053
f 4053/4053 4054/4054 4050/4050
f 4053/4053 4055/4055 4056/4056
f 1312/1312 4042/4042 786/786
f 1311/1311 4051/4051 1312/1312
f 1311/1311 4057/4057 4049/4049
f 1310/1310 4058/4058 4057/4057
f 4057/4057 4059/4059 4052/4052
f 4052/4052 4060/4060 4055/4055
f 4055/4055 4061/4061 3342/3342
f 4056/4056 3342/3342 3340/3340
f 4056/4056 3339/3339 4054/4054
f 4054/4054 4045/4045 4044/4044
f 4050/4050 4044/4044 4043/4043
f 4051/4051 4043/4043 4042/4042
f 4062/4062 4063/4063 4064/4064
f 4062/4062 4065/4065 4066/4066
f 4066/4066 4067/4067 4063/4063
f 4066/4066 4068/4068 4069/4069
f 700/700 4058/4058 701/701
f 699/699 4064/4064 700/700
f 699/699 4070/4070 4062/4062
f 698/698 4071/4071 4070/4070
f 4070/4070 4072/4072 4065/4065
f 4065/4065 4073/4073 4068/4068
f 4068/4068 4074/4074 2732/2732
f 4069/4069 2732/2732 2730/2730
f 4069/4069 2729/2729 4067/4067
f 4067/4067 4061/4061 4060/4060
f 4063/4063 4060/4060 4059/4059
f 4064/4064 4059/4059 4058/4058
f 4075/4075 4076/4076 4077/4077
f 4075/4075 4078/4078 4079/4079
f 4079/4079 4080/4080 4076/4076
f 4079/4079 4081/4081 4082/4082
f 914/914 4071/4071 697/697
f 913/913 4077/4077 914/914
f 913/913 4083/4083 4075/4075
f 912/912 4084/4084 4083/4083
f 4083/4083 4085/4085 4078/4078
f 4078/4078 4086/4086 4081/4081
f 4081/4081 4087/4087 2943/2943
f 4082/4082 2943/2943 2941/2941
f 4082/4082 2940/2940 4080/4080
f 4080/4080 4074/4074 4073/4073
f 4076/4076 4073/4073 4072/4072
f 4077/4077 4072/4072 4071/4071
f 4088/4088 4089/4089 4090/4090
f 4088/4088 4091/4091 4092/4092
f 4092/4092 4093/4093 4089/4089
f 4092/4092 4094/4094 4095/4095
f 1071/1071 4096/4096 1072/1072
f 1070/1070 4090/4090 1071/1071
f 1070/1070 4097/4097 4088/4088
f 1069/1069 4098/4098 4097/4097
f 4097/4097 4099/4099 4091/4091
f 4091/4091 4100/4100 4094/4094
f 4094/4094 4101/4101 3101/3101
f 4095/4095 3101/3101 3099/3099
f 4095/4095 3098/3098 4093/4093
f 4093/4093 4102/4102 4103/4103
f 4089/4089 4103/4103 4104/4104
f 4090/4090 4104/4104 4096/4096
f 4105/4105 4106/4106 4107/4107
f 4105/4105 4108/4108 4109/4109
f 4109/4109 4110/4110 4106/4106
f 4109/4109 4111/4111 4112/4112
f 1089/1089 4098/4098 1068/1068
f 1088/1088 4107/4107 1089/1089
f 1088/1088 4113/4113 4105/4105
f 1087/1087 4114/4114 4113/4113
f 4113/4113 4115/4115 4108/4108
f 4108/4108 4116/4116 4111/4111
f 4111/4111 4117/4117 3120/3120
f 4112/4112 3120/3120 3118/3118
f 4112/4112 3117/3117 4110/4110
f 4110/4110 4101/4101 4100/4100
f 4106/4106 4100/4100 4099/4099
f 4107/4107 4099/4099 4098/4098
f 4118/4118 4119/4119 4120/4120
f 4118/4118 4121/4121 4122/4122
f 4122/4122 4123/4123 4119/4119
f 4122/4122 4124/4124 4125/4125
f 723/723 4114/4114 724/724
f 722/722 4120/4120 723/723
f 722/722 4126/4126 4118/4118
f 721/721 4127/4127 4126/4126
f 4126/4126 4128/4128 4121/4121
f 4121/4121 4129/4129 4124/4124
f 4124/4124 4130/4130 2755/2755
f 4125/4125 2755/2755 2753/2753
f 4125/4125 2752/2752 4123/4123
f 4123/4123 4117/4117 4116/4116
f 4119/4119 4116/4116 4115/4115
f 4120/4120 4115/4115 4114/4114
f 4131/4131 4132/4132 4133/4133
f 4131/4131 4134/4134 4135/4135
f 4135/4135 4136/4136 4132/4132
f 4135/4135 4137/4137 4138/4138
f 1329/1329 4127/4127 720/720
f 1328/1328 4133/4133 1329/1329
f 1328/1328 4139/4139 4131/4131
f 1327/1327 4140/4140 4139/4139
f 4139/4139 4141/4141 4134/4134
f 4134/4134 4142/4142 4137/4137
f 4137/4137 4143/4143 3357/3357
f 4138/4138 3357/3357 3355/3355
f 4138/4138 3354/3354 4136/4136
f 4136/4136 4130/4130 4129/4129
f 4132/4132 4129/4129 4128/4128
f 4133/4133 4128/4128 4127/4127
f 4144/4144 4145/4145 4146/4146
f 4144/4144 4147/4147 4148/4148
f 4148/4148 4149/4149 4145/4145
f 4148/4148 4150/4150 4151/4151
f 1111/1111 4140/4140 1112/1112
f 1110/1110 4146/4146 1111/1111
f 1110/1110 4152/4152 4144/4144
f 1109/1109 4153/4153 4152/4152
f 4152/4152 4154/4154 4147/4147
f 4147/4147 4155/4155 4150/4150
f 4150/4150 4156/4156 3139/3139
f 4151/4151 3139/3139 3137/3137
f 4151/4151 3136/3136 4149/4149
f 4149/4149 4143/4143 4142/4142
f 4145/4145 4142/4142 4141/4141
f 4146/4146 4141/4141 4140/4140
f 4157/4157 4158/4158 4159/4159
f 4157/4157 4160/4160 4161/4161
f 4161/4161 4162/4162 4158/4158
f 4161/4161 4163/4163 4164/4164
f 1150/1150 4165/4165 1151/1151
f 1149/1149 4159/4159 1150/1150
f 1149/1149 4166/4166 4157/4157
f 1148/1148 4167/4167 4166/4166
f 4166/4166 4168/4168 4160/4160
f 4160/4160 4169/4169 4163/4163
f 4163/4163 4170/4170 3181/3181
f 4164/4164 3181/3181 3179/3179
f 4164/4164 3178/3178 4162/4162
f 4162/4162 4171/4171 4172/4172
f 4158/4158 4172/4172 4173/4173
f 4159/4159 4173/4173 4165/4165
f 4174/4174 4175/4175 4176/4176
f 4174/4174 4177/4177 4178/4178
f 4178/4178 4179/4179 4175/4175
f 4178/4178 4180/4180 4181/4181
f 813/813 4167/4167 814/814
f 812/812 4176/4176 813/813
f 812/812 4182/4182 4174/4174
f 811/811 4183/4183 4182/4182
f 4182/4182 4184/4184 4177/4177
f 4177/4177 4185/4185 4180/4180
f 4180/4180 4186/4186 2845/2845
f 4181/4181 2845/2845 2843/2843
f 4181/4181 2842/2842 4179/4179
f 4179/4179 4170/4170 4169/4169
f 4175/4175 4169/4169 4168/4168
f 4176/4176 4168/4168 4167/4167
f 4187/4187 4188/4188 4189/4189
f 4187/4187 4190/4190 4191/4191
f 4191/4191 4192/4192 4188/4188
f 4191/4191 4193/4193 4194/4194
f 894/894 4183/4183 810/810
f 893/893 4189/4189 894/894
f 893/893 4195/4195 4187/4187
f 892/892 4196/4196 4195/4195
f 4195/4195 4197/4197 4190/4190
f 4190/4190 4198/4198 4193/4193
f 4193/4193 4199/4199 2924/2924
f 4194/4194 2924/2924 2922/2922
f 4194/4194 2921/2921 4192/4192
f 4192/4192 4186/4186 4185/4185
f 4188/4188 4185/4185 4184/4184
f 4189/4189 4184/4184 4183/4183
f 4200/4200 4201/4201 4202/4202
f 4200/4200 4203/4203 4204/4204
f 4204/4204 4205/4205 4201/4201
f 4204/4204 4206/4206 4207/4207
f 1047/1047 4208/4208 1048/1048
f 1046/1046 4202/4202 1047/1047
f 1046/1046 4209/4209 4200/4200
f 1045/1045 4210/4210 4209/4209
f 4209/4209 4211/4211 4203/4203
f 4203/4203 4212/4212 4206/4206
f 4206/4206 4213/4213 3078/3078
f 4207/4207 3078/3078 3076/3076
f 4207/4207 3075/3075 4205/4205
f 4205/4205 4214/4214 4215/4215
f 4201/4201 4215/4215 4216/4216
f 4202/4202 4216/4216 4208/4208
f 4217/4217 4218/4218 4219/4219
f 4217/4217 4220/4220 4221/4221
f 4221/4221 4222/4222 4218/4218
f 4221/4221 4223/4223 4224/4224
f 1172/1172 4210/4210 1044/1044
f 1171/1171 4219/4219 1172/1172
f 1171/1171 4225/4225 4217/4217
f 1170/1170 4226/4226 4225/4225
f 4225/4225 4227/4227 4220/4220
f 4220/4220 4228/4228 4223/4223
f 4223/4223 4229/4229 3196/3196
f 4224/4224 3196/3196 3194/3194
f 4224/4224 3193/3193 4222/4222
f 4222/4222 4213/4213 4212/4212
f 4218/4218 4212/4212 4211/4211
f 4219/4219 4211/4211 4210/4210
f 4230/4230 4231/4231 4232/4232
f 4230/4230 4233/4233 4234/4234
f 4234/4234 4235/4235 4231/4231
f 4234/4234 4236/4236 4237/4237
f 1247/1247 4226/4226 1169/1169
f 1246/1246 4232/4232 1247/1247
f 1246/1246 4238/4238 4230/4230
f 1245/1245 4239/4239 4238/4238
f 4238/4238 4240/4240 4233/4233
f 4233/4233 4241/4241 4236/4236
f 4236/4236 4242/4242 3271/3271
f 4237/4237 3271/3271 3269/3269
f 4237/4237 3268/3268 4235/4235
f 4235/4235 4229/4229 4228/4228
f 4231/4231 4228/4228 4227/4227
f 4232/4232 4227/4227 4226/4226
f 4243/4243 4244/4244 4245/4245
f 4243/4243 4246/4246 4247/4247
f 4247/4247 4248/4248 4244/4244
f 4247/4247 4249/4249 4250/4250
f 1266/1266 4239/4239 1244/1244
f 1265/1265 4245/4245 1266/1266
f 1265/1265 4251/4251 4243/4243
f 1264/1264 4252/4252 4251/4251
f 4251/4251 4253/4253 4246/4246
f 4246/4246 4254/4254 4249/4249
f 4249/4249 4255/4255 3290/3290
f 4250/4250 3290/3290 3288/3288
f 4250/4250 3287/3287 4248/4248
f 4248/4248 4242/4242 4241/4241
f 4244/4244 4241/4241 4240/4240
f 4245/4245 4240/4240 4239/4239
f 1/1 4/4 2/2
f 4/4 12/12 5/5
f 2/2 7/7 6/6
f 5/5 16/16 7/7
f 8/8 10/10 1/1
f 10/10 11/11 4/4
f 11/11 13/13 12/12
f 13/13 54/54 14/14
f 12/12 14/14 15/15
f 15/15 17/17 16/16
f 17/17 66/66 18/18
f 16/16 18/18 19/19
f 7/7 19/19 20/20
f 6/6 20/20 21/21
f 3/3 6/6 22/22
f 9/9 1/1 3/3
f 24/24 27/27 25/25
f 27/27 35/35 28/28
f 25/25 30/30 29/29
f 28/28 39/39 30/30
f 31/31 33/33 24/24
f 33/33 34/34 27/27
f 34/34 36/36 35/35
f 36/36 4256/4256 37/37
f 35/35 37/37 38/38
f 38/38 40/40 39/39
f 40/40 4257/4257 41/41
f 39/39 41/41 42/42
f 30/30 42/42 43/43
f 29/29 43/43 44/44
f 26/26 29/29 45/45
f 32/32 24/24 26/26
f 47/47 50/50 48/48
f 50/50 57/57 51/51
f 48/48 53/53 52/52
f 51/51 61/61 53/53
f 54/54 55/55 47/47
f 55/55 56/56 50/50
f 56/56 58/58 57/57
f 58/58 1989/1989 59/59
f 57/57 59/59 60/60
f 60/60 62/62 61/61
f 62/62 1976/1976 63/63
f 61/61 63/63 64/64
f 53/53 64/64 65/65
f 52/52 65/65 66/66
f 49/49 52/52 17/17
f 14/14 47/47 49/49
f 67/67 70/70 68/68
f 70/70 75/75 71/71
f 68/68 73/73 72/72
f 71/71 78/78 73/73
f 44/44 43/43 67/67
f 43/43 42/42 70/70
f 42/42 41/41 75/75
f 41/41 4257/4257 76/76
f 75/75 76/76 77/77
f 77/77 79/79 78/78
f 79/79 4258/4258 80/80
f 78/78 80/80 81/81
f 73/73 81/81 82/82
f 72/72 82/82 83/83
f 69/69 72/72 84/84
f 74/74 67/67 69/69
f 86/86 89/89 87/87
f 89/89 94/94 90/90
f 87/87 92/92 91/91
f 90/90 97/97 92/92
f 66/66 65/65 86/86
f 65/65 64/64 89/89
f 64/64 63/63 94/94
f 63/63 1976/1976 95/95
f 94/94 95/95 96/96
f 96/96 98/98 97/97
f 98/98 1963/1963 99/99
f 97/97 99/99 100/100
f 92/92 100/100 101/101
f 91/91 101/101 102/102
f 88/88 91/91 103/103
f 93/93 86/86 88/88
f 105/105 108/108 106/106
f 108/108 113/113 109/109
f 106/106 111/111 110/110
f 109/109 114/114 111/111
f 21/21 20/20 105/105
f 20/20 19/19 108/108
f 19/19 18/18 113/113
f 18/18 66/66 93/93
f 113/113 93/93 104/104
f 104/104 103/103 114/114
f 103/103 102/102 115/115
f 114/114 115/115 116/116
f 111/111 116/116 117/117
f 110/110 117/117 118/118
f 107/107 110/110 119/119
f 112/112 105/105 107/107
f 121/121 124/124 122/122
f 124/124 129/129 125/125
f 122/122 127/127 126/126
f 125/125 132/132 127/127
f 83/83 82/82 121/121
f 82/82 81/81 124/124
f 81/81 80/80 129/129
f 80/80 4258/4258 130/130
f 129/129 130/130 131/131
f 131/131 133/133 132/132
f 133/133 4259/4259 134/134
f 132/132 134/134 135/135
f 127/127 135/135 136/136
f 126/126 136/136 137/137
f 123/123 126/126 138/138
f 128/128 121/121 123/123
f 140/140 143/143 141/141
f 143/143 148/148 144/144
f 141/141 146/146 145/145
f 144/144 151/151 146/146
f 102/102 101/101 140/140
f 101/101 100/100 143/143
f 100/100 99/99 148/148
f 99/99 1963/1963 149/149
f 148/148 149/149 150/150
f 150/150 152/152 151/151
f 152/152 1892/1892 153/153
f 151/151 153/153 154/154
f 146/146 154/154 155/155
f 145/145 155/155 156/156
f 142/142 145/145 157/157
f 147/147 140/140 142/142
f 159/159 162/162 160/160
f 162/162 167/167 163/163
f 160/160 165/165 164/164
f 163/163 168/168 165/165
f 118/118 117/117 159/159
f 117/117 116/116 162/162
f 116/116 115/115 167/167
f 115/115 102/102 147/147
f 167/167 147/147 158/158
f 158/158 157/157 168/168
f 157/157 156/156 169/169
f 168/168 169/169 170/170
f 165/165 170/170 171/171
f 164/164 171/171 172/172
f 161/161 164/164 173/173
f 166/166 159/159 161/161
f 175/175 178/178 176/176
f 178/178 186/186 179/179
f 176/176 181/181 180/180
f 179/179 190/190 181/181
f 182/182 184/184 175/175
f 184/184 185/185 178/178
f 185/185 187/187 186/186
f 187/187 4260/4260 188/188
f 186/186 188/188 189/189
f 189/189 191/191 190/190
f 191/191 281/281 192/192
f 190/190 192/192 193/193
f 181/181 193/193 194/194
f 180/180 194/194 195/195
f 177/177 180/180 196/196
f 183/183 175/175 177/177
f 198/198 201/201 199/199
f 201/201 206/206 202/202
f 199/199 204/204 203/203
f 202/202 209/209 204/204
f 137/137 136/136 198/198
f 136/136 135/135 201/201
f 135/135 134/134 206/206
f 134/134 4259/4259 207/207
f 206/206 207/207 208/208
f 208/208 210/210 209/209
f 210/210 4261/4261 211/211
f 209/209 211/211 212/212
f 204/204 212/212 213/213
f 203/203 213/213 214/214
f 200/200 203/203 215/215
f 205/205 198/198 200/200
f 217/217 220/220 218/218
f 220/220 225/225 221/221
f 218/218 223/223 222/222
f 221/221 228/228 223/223
f 156/156 155/155 217/217
f 155/155 154/154 220/220
f 154/154 153/153 225/225
f 153/153 1892/1892 226/226
f 225/225 226/226 227/227
f 227/227 229/229 228/228
f 229/229 1890/1890 230/230
f 228/228 230/230 231/231
f 223/223 231/231 232/232
f 222/222 232/232 233/233
f 219/219 222/222 234/234
f 224/224 217/217 219/219
f 236/236 239/239 237/237
f 239/239 244/244 240/240
f 237/237 242/242 241/241
f 240/240 247/247 242/242
f 195/195 194/194 236/236
f 194/194 193/193 239/239
f 193/193 192/192 244/244
f 192/192 281/281 245/245
f 244/244 245/245 246/246
f 246/246 248/248 247/247
f 248/248 293/293 249/249
f 247/247 249/249 250/250
f 242/242 250/250 251/251
f 241/241 251/251 252/252
f 238/238 241/241 253/253
f 243/243 236/236 238/238
f 255/255 258/258 256/256
f 258/258 263/263 259/259
f 256/256 261/261 260/260
f 259/259 266/266 261/261
f 214/214 213/213 255/255
f 213/213 212/212 258/258
f 212/212 211/211 263/263
f 211/211 4261/4261 264/264
f 263/263 264/264 265/265
f 265/265 267/267 266/266
f 267/267 4262/4262 268/268
f 266/266 268/268 269/269
f 261/261 269/269 270/270
f 260/260 270/270 271/271
f 257/257 260/260 272/272
f 262/262 255/255 257/257
f 274/274 277/277 275/275
f 277/277 284/284 278/278
f 275/275 280/280 279/279
f 278/278 288/288 280/280
f 281/281 282/282 274/274
f 282/282 283/283 277/277
f 283/283 285/285 284/284
f 285/285 1863/1863 286/286
f 284/284 286/286 287/287
f 287/287 289/289 288/288
f 289/289 1849/1849 290/290
f 288/288 290/290 291/291
f 280/280 291/291 292/292
f 279/279 292/292 293/293
f 276/276 279/279 248/248
f 245/245 274/274 276/276
f 294/294 297/297 295/295
f 297/297 302/302 298/298
f 295/295 300/300 299/299
f 298/298 305/305 300/300
f 271/271 270/270 294/294
f 270/270 269/269 297/297
f 269/269 268/268 302/302
f 268/268 4262/4262 303/303
f 302/302 303/303 304/304
f 304/304 306/306 305/305
f 306/306 4263/4263 307/307
f 305/305 307/307 308/308
f 300/300 308/308 309/309
f 299/299 309/309 310/310
f 296/296 299/299 311/311
f 301/301 294/294 296/296
f 313/313 316/316 314/314
f 316/316 321/321 317/317
f 314/314 319/319 318/318
f 317/317 324/324 319/319
f 293/293 292/292 313/313
f 292/292 291/291 316/316
f 291/291 290/290 321/321
f 290/290 1849/1849 322/322
f 321/321 322/322 323/323
f 323/323 325/325 324/324
f 325/325 1847/1847 326/326
f 324/324 326/326 327/327
f 319/319 327/327 328/328
f 318/318 328/328 329/329
f 315/315 318/318 330/330
f 320/320 313/313 315/315
f 332/332 335/335 333/333
f 335/335 340/340 336/336
f 333/333 338/338 337/337
f 336/336 341/341 338/338
f 252/252 251/251 332/332
f 251/251 250/250 335/335
f 250/250 249/249 340/340
f 249/249 293/293 320/320
f 340/340 320/320 331/331
f 331/331 330/330 341/341
f 330/330 329/329 342/342
f 341/341 342/342 343/343
f 338/338 343/343 344/344
f 337/337 344/344 345/345
f 334/334 337/337 346/346
f 339/339 332/332 334/334
f 348/348 351/351 349/349
f 351/351 356/356 352/352
f 349/349 354/354 353/353
f 352/352 359/359 354/354
f 310/310 309/309 348/348
f 309/309 308/308 351/351
f 308/308 307/307 356/356
f 307/307 4263/4263 357/357
f 356/356 357/357 358/358
f 358/358 360/360 359/359
f 360/360 4264/4264 361/361
f 359/359 361/361 362/362
f 354/354 362/362 363/363
f 353/353 363/363 364/364
f 350/350 353/353 365/365
f 355/355 348/348 350/350
f 367/367 370/370 368/368
f 370/370 375/375 371/371
f 368/368 373/373 372/372
f 371/371 378/378 373/373
f 329/329 328/328 367/367
f 328/328 327/327 370/370
f 327/327 326/326 375/375
f 326/326 1847/1847 376/376
f 375/375 376/376 377/377
f 377/377 379/379 378/378
f 379/379 1950/1950 380/380
f 378/378 380/380 381/381
f 373/373 381/381 382/382
f 372/372 382/382 383/383
f 369/369 372/372 384/384
f 374/374 367/367 369/369
f 386/386 389/389 387/387
f 389/389 394/394 390/390
f 387/387 392/392 391/391
f 390/390 395/395 392/392
f 345/345 344/344 386/386
f 344/344 343/343 389/389
f 343/343 342/342 394/394
f 342/342 329/329 374/374
f 394/394 374/374 385/385
f 385/385 384/384 395/395
f 384/384 383/383 396/396
f 395/395 396/396 397/397
f 392/392 397/397 398/398
f 391/391 398/398 399/399
f 388/388 391/391 400/400
f 393/393 386/386 388/388
f 402/402 405/405 403/403
f 405/405 413/413 406/406
f 403/403 408/408 407/407
f 406/406 417/417 408/408
f 409/409 411/411 402/402
f 411/411 412/412 405/405
f 412/412 414/414 413/413
f 414/414 451/451 415/415
f 413/413 415/415 416/416
f 416/416 418/418 417/417
f 418/418 463/463 419/419
f 417/417 419/419 420/420
f 408/408 420/420 421/421
f 407/407 421/421 422/422
f 404/404 407/407 423/423
f 410/410 402/402 404/404
f 425/425 428/428 426/426
f 428/428 433/433 429/429
f 426/426 431/431 430/430
f 429/429 436/436 431/431
f 364/364 363/363 425/425
f 363/363 362/362 428/428
f 362/362 361/361 433/433
f 361/361 4264/4264 434/434
f 433/433 434/434 435/435
f 435/435 437/437 436/436
f 437/437 4265/4265 438/438
f 436/436 438/438 439/439
f 431/431 439/439 440/440
f 430/430 440/440 441/441
f 427/427 430/430 442/442
f 432/432 425/425 427/427
f 444/444 447/447 445/445
f 447/447 454/454 448/448
f 445/445 450/450 449/449
f 448/448 458/458 450/450
f 451/451 452/452 444/444
f 452/452 453/453 447/447
f 453/453 455/455 454/454
f 455/455 1935/1935 456/456
f 454/454 456/456 457/457
f 457/457 459/459 458/458
f 459/459 1933/1933 460/460
f 458/458 460/460 461/461
f 450/450 461/461 462/462
f 449/449 462/462 463/463
f 446/446 449/449 418/418
f 415/415 444/444 446/446
f 464/464 467/467 465/465
f 467/467 472/472 468/468
f 465/465 470/470 469/469
f 468/468 475/475 470/470
f 422/422 421/421 464/464
f 421/421 420/420 467/467
f 420/420 419/419 472/472
f 419/419 463/463 473/473
f 472/472 473/473 474/474
f 474/474 476/476 475/475
f 476/476 517/517 477/477
f 475/475 477/477 478/478
f 470/470 478/478 479/479
f 469/469 479/479 480/480
f 466/466 469/469 481/481
f 471/471 464/464 466/466
f 483/483 486/486 484/484
f 486/486 491/491 487/487
f 484/484 489/489 488/488
f 487/487 494/494 489/489
f 441/441 440/440 483/483
f 440/440 439/439 486/486
f 439/439 438/438 491/491
f 438/438 4265/4265 492/492
f 491/491 492/492 493/493
f 493/493 495/495 494/494
f 495/495 4266/4266 496/496
f 494/494 496/496 497/497
f 489/489 497/497 498/498
f 488/488 498/498 499/499
f 485/485 488/488 500/500
f 490/490 483/483 485/485
f 502/502 505/505 503/503
f 505/505 509/509 506/506
f 503/503 508/508 507/507
f 506/506 512/512 508/508
f 463/463 462/462 502/502
f 462/462 461/461 505/505
f 461/461 460/460 509/509
f 460/460 1933/1933 510/510
f 509/509 510/510 511/511
f 511/511 513/513 512/512
f 513/513 1815/1815 514/514
f 512/512 514/514 515/515
f 508/508 515/515 516/516
f 507/507 516/516 517/517
f 504/504 507/507 476/476
f 473/473 502/502 504/504
f 518/518 521/521 519/519
f 521/521 526/526 522/522
f 519/519 524/524 523/523
f 522/522 529/529 524/524
f 499/499 498/498 518/518
f 498/498 497/497 521/521
f 497/497 496/496 526/526
f 496/496 4266/4266 527/527
f 526/526 527/527 528/528
f 528/528 530/530 529/529
f 530/530 4267/4267 531/531
f 529/529 531/531 532/532
f 524/524 532/532 533/533
f 523/523 533/533 534/534
f 520/520 523/523 535/535
f 525/525 518/518 520/520
f 537/537 540/540 538/538
f 540/540 545/545 541/541
f 538/538 543/543 542/542
f 541/541 548/548 543/543
f 517/517 516/516 537/537
f 516/516 515/515 540/540
f 515/515 514/514 545/545
f 514/514 1815/1815 546/546
f 545/545 546/546 547/547
f 547/547 549/549 548/548
f 549/549 1813/1813 550/550
f 548/548 550/550 551/551
f 543/543 551/551 552/552
f 542/542 552/552 553/553
f 539/539 542/542 554/554
f 544/544 537/537 539/539
f 556/556 559/559 557/557
f 559/559 564/564 560/560
f 557/557 562/562 561/561
f 560/560 565/565 562/562
f 480/480 479/479 556/556
f 479/479 478/478 559/559
f 478/478 477/477 564/564
f 477/477 517/517 544/544
f 564/564 544/544 555/555
f 555/555 554/554 565/565
f 554/554 553/553 566/566
f 565/565 566/566 567/567
f 562/562 567/567 568/568
f 561/561 568/568 569/569
f 558/558 561/561 570/570
f 563/563 556/556 558/558
f 572/572 575/575 573/573
f 575/575 580/580 576/576
f 573/573 578/578 577/577
f 576/576 583/583 578/578
f 553/553 552/552 572/572
f 552/552 551/551 575/575
f 551/551 550/550 580/580
f 550/550 1813/1813 581/581
f 580/580 581/581 582/582
f 582/582 584/584 583/583
f 584/584 1909/1909 585/585
f 583/583 585/585 586/586
f 578/578 586/586 587/587
f 577/577 587/587 588/588
f 574/574 577/577 589/589
f 579/579 572/572 574/574
f 591/591 594/594 592/592
f 594/594 599/599 595/595
f 592/592 597/597 596/596
f 595/595 600/600 597/597
f 569/569 568/568 591/591
f 568/568 567/567 594/594
f 567/567 566/566 599/599
f 566/566 553/553 579/579
f 599/599 579/579 590/590
f 590/590 589/589 600/600
f 589/589 588/588 601/601
f 600/600 601/601 602/602
f 597/597 602/602 603/603
f 596/596 603/603 604/604
f 593/593 596/596 605/605
f 598/598 591/591 593/593
f 607/607 610/610 608/608
f 610/610 615/615 611/611
f 608/608 613/613 612/612
f 611/611 618/618 613/613
f 534/534 533/533 607/607
f 533/533 532/532 610/610
f 532/532 531/531 615/615
f 531/531 4267/4267 616/616
f 615/615 616/616 617/617
f 617/617 619/619 618/618
f 619/619 4268/4268 620/620
f 618/618 620/620 621/621
f 613/613 621/621 622/622
f 612/612 622/622 623/623
f 609/609 612/612 624/624
f 614/614 607/607 609/609
f 626/626 629/629 627/627
f 629/629 634/634 630/630
f 627/627 632/632 631/631
f 630/630 637/637 632/632
f 604/604 603/603 626/626
f 603/603 602/602 629/629
f 602/602 601/601 634/634
f 601/601 588/588 635/635
f 634/634 635/635 636/636
f 636/636 638/638 637/637
f 638/638 679/679 639/639
f 637/637 639/639 640/640
f 632/632 640/640 641/641
f 631/631 641/641 642/642
f 628/628 631/631 643/643
f 633/633 626/626 628/628
f 645/645 648/648 646/646
f 648/648 653/653 649/649
f 646/646 651/651 650/650
f 649/649 656/656 651/651
f 623/623 622/622 645/645
f 622/622 621/621 648/648
f 621/621 620/620 653/653
f 620/620 4268/4268 654/654
f 653/653 654/654 655/655
f 655/655 657/657 656/656
f 657/657 4269/4269 658/658
f 656/656 658/658 659/659
f 651/651 659/659 660/660
f 650/650 660/660 661/661
f 647/647 650/650 662/662
f 652/652 645/645 647/647
f 664/664 667/667 665/665
f 667/667 671/671 668/668
f 665/665 670/670 669/669
f 668/668 674/674 670/670
f 588/588 587/587 664/664
f 587/587 586/586 667/667
f 586/586 585/585 671/671
f 585/585 1909/1909 672/672
f 671/671 672/672 673/673
f 673/673 675/675 674/674
f 675/675 1907/1907 676/676
f 674/674 676/676 677/677
f 670/670 677/677 678/678
f 669/669 678/678 679/679
f 666/666 669/669 638/638
f 635/635 664/664 666/666
f 680/680 684/684 681/681
f 683/683 695/695 681/681
f 681/681 687/687 685/685
f 681/681 695/695 686/686
f 688/688 680/680 689/689
f 688/688 691/691 684/684
f 691/691 692/692 683/683
f 692/692 904/904 693/693
f 683/683 693/693 694/694
f 695/695 694/694 696/696
f 686/686 696/696 697/697
f 687/687 686/686 698/698
f 687/687 699/699 700/700
f 685/685 700/700 701/701
f 682/682 685/685 702/702
f 680/680 682/682 703/703
f 704/704 708/708 705/705
f 707/707 718/718 705/705
f 705/705 711/711 709/709
f 705/705 718/718 710/710
f 712/712 704/704 713/713
f 712/712 715/715 708/708
f 715/715 716/716 707/707
f 716/716 1323/1323 717/717
f 717/717 1330/1330 718/718
f 718/718 1330/1330 719/719
f 710/710 719/719 720/720
f 711/711 710/710 721/721
f 711/711 722/722 723/723
f 709/709 723/723 724/724
f 706/706 709/709 725/725
f 704/704 706/706 726/726
f 727/727 730/730 728/728
f 730/730 735/735 731/731
f 728/728 733/733 732/732
f 731/731 738/738 733/733
f 661/661 660/660 727/727
f 660/660 659/659 730/730
f 659/659 658/658 735/735
f 658/658 4269/4269 736/736
f 735/735 736/736 737/737
f 737/737 739/739 738/738
f 739/739 4270/4270 740/740
f 738/738 740/740 741/741
f 733/733 741/741 742/742
f 732/732 742/742 743/743
f 729/729 732/732 744/744
f 734/734 727/727 729/729
f 746/746 749/749 747/747
f 749/749 757/757 750/750
f 747/747 752/752 751/751
f 750/750 761/761 752/752
f 753/753 755/755 746/746
f 755/755 756/756 749/749
f 756/756 758/758 757/757
f 758/758 1877/1877 759/759
f 757/757 759/759 760/760
f 760/760 762/762 761/761
f 762/762 1798/1798 763/763
f 761/761 763/763 764/764
f 752/752 764/764 765/765
f 751/751 765/765 766/766
f 748/748 751/751 767/767
f 754/754 746/746 748/748
f 769/769 772/772 770/770
f 772/772 781/781 773/773
f 770/770 776/776 774/774
f 770/770 773/773 775/775
f 777/777 769/769 778/778
f 777/777 780/780 772/772
f 780/780 783/783 781/781
f 782/782 784/784 781/781
f 784/784 1313/1313 773/773
f 773/773 1313/1313 785/785
f 775/775 785/785 786/786
f 776/776 775/775 787/787
f 776/776 788/788 789/789
f 774/774 789/789 790/790
f 792/792 771/771 774/774
f 769/769 771/771 792/792
f 793/793 797/797 794/794
f 796/796 808/808 794/794
f 794/794 800/800 798/798
f 794/794 808/808 799/799
f 801/801 793/793 802/802
f 801/801 804/804 797/797
f 804/804 805/805 796/796
f 805/805 883/883 806/806
f 796/796 806/806 807/807
f 808/808 807/807 809/809
f 799/799 809/809 810/810
f 800/800 799/799 811/811
f 800/800 812/812 813/813
f 798/798 813/813 814/814
f 795/795 798/798 815/815
f 793/793 795/795 816/816
f 817/817 820/820 818/818
f 820/820 828/828 821/821
f 818/818 823/823 822/822
f 821/821 830/830 823/823
f 824/824 826/826 817/817
f 826/826 827/827 820/820
f 827/827 829/829 828/828
f 829/829 753/753 754/754
f 828/828 754/754 768/768
f 768/768 767/767 830/830
f 767/767 766/766 831/831
f 830/830 831/831 832/832
f 823/823 832/832 833/833
f 822/822 833/833 834/834
f 819/819 822/822 835/835
f 825/825 817/817 819/819
f 837/837 840/840 838/838
f 840/840 845/845 841/841
f 838/838 843/843 842/842
f 841/841 848/848 843/843
f 743/743 742/742 837/837
f 742/742 741/741 840/840
f 741/741 740/740 845/845
f 740/740 4270/4270 846/846
f 845/845 846/846 847/847
f 847/847 849/849 848/848
f 849/849 4271/4271 850/850
f 848/848 850/850 851/851
f 843/843 851/851 852/852
f 842/842 852/852 853/853
f 839/839 842/842 854/854
f 844/844 837/837 839/839
f 856/856 859/859 857/857
f 859/859 864/864 860/860
f 857/857 862/862 861/861
f 860/860 867/867 862/862
f 766/766 765/765 856/856
f 765/765 764/764 859/859
f 764/764 763/763 864/864
f 763/763 1798/1798 865/865
f 864/864 865/865 866/866
f 866/866 868/868 867/867
f 868/868 1796/1796 869/869
f 867/867 869/869 870/870
f 862/862 870/870 871/871
f 861/861 871/871 872/872
f 858/858 861/861 873/873
f 863/863 856/856 858/858
f 875/875 879/879 876/876
f 875/875 885/885 878/878
f 876/876 879/879 880/880
f 878/878 890/890 880/880
f 882/882 877/877 806/806
f 882/882 884/884 875/875
f 884/884 887/887 885/885
f 886/886 4272/4272 885/885
f 885/885 4272/4272 888/888
f 878/878 888/888 889/889
f 890/890 889/889 891/891
f 880/880 890/890 892/892
f 880/880 893/893 894/894
f 881/881 894/894 810/810
f 876/876 881/881 809/809
f 877/877 876/876 807/807
f 895/895 899/899 896/896
f 898/898 902/902 899/899
f 896/896 899/899 900/900
f 902/902 910/910 900/900
f 903/903 897/897 693/693
f 905/905 895/895 897/897
f 905/905 907/907 898/898
f 906/906 4273/4273 898/898
f 898/898 4273/4273 908/908
f 902/902 908/908 909/909
f 910/910 909/909 911/911
f 900/900 910/910 912/912
f 900/900 913/913 914/914
f 901/901 914/914 697/697
f 896/896 901/901 696/696
f 897/897 896/896 694/694
f 915/915 4274/4274 916/916
f 918/918 4274/4274 915/915
f 920/920 4274/4274 918/918
f 922/922 4274/4274 920/920
f 924/924 4274/4274 922/922
f 926/926 4274/4274 924/924
f 928/928 4274/4274 926/926
f 930/930 4274/4274 928/928
f 932/932 4274/4274 930/930
f 934/934 4274/4274 932/932
f 936/936 4274/4274 934/934
f 938/938 4274/4274 936/936
f 940/940 4274/4274 938/938
f 942/942 4274/4274 940/940
f 944/944 4274/4274 942/942
f 916/916 4274/4274 944/944
f 947/947 917/917 948/948
f 950/950 915/915 917/917
f 917/917 916/916 951/951
f 952/952 919/919 953/953
f 955/955 918/918 919/919
f 919/919 915/915 950/950
f 956/956 921/921 957/957
f 959/959 920/920 921/921
f 921/921 918/918 955/955
f 960/960 923/923 961/961
f 963/963 922/922 923/923
f 923/923 920/920 959/959
f 964/964 925/925 965/965
f 967/967 924/924 925/925
f 925/925 922/922 963/963
f 968/968 927/927 969/969
f 971/971 926/926 927/927
f 927/927 924/924 967/967
f 972/972 929/929 973/973
f 975/975 928/928 929/929
f 929/929 926/926 971/971
f 976/976 931/931 977/977
f 979/979 930/930 931/931
f 931/931 928/928 975/975
f 980/980 933/933 981/981
f 983/983 932/932 933/933
f 933/933 930/930 979/979
f 984/984 935/935 985/985
f 987/987 934/934 935/935
f 935/935 932/932 983/983
f 988/988 937/937 989/989
f 991/991 936/936 937/937
f 937/937 934/934 987/987
f 992/992 939/939 993/993
f 995/995 938/938 939/939
f 939/939 936/936 991/991
f 996/996 941/941 997/997
f 999/999 940/940 941/941
f 941/941 938/938 995/995
f 1000/1000 943/943 1001/1001
f 1003/1003 942/942 943/943
f 943/943 940/940 999/999
f 1004/1004 945/945 1005/1005
f 1007/1007 944/944 945/945
f 945/945 942/942 1003/1003
f 1008/1008 946/946 1009/1009
f 951/951 916/916 946/946
f 946/946 944/944 1007/1007
f 1011/1011 1014/1014 1012/1012
f 1014/1014 1019/1019 1015/1015
f 1012/1012 1017/1017 1016/1016
f 1015/1015 1020/1020 1017/1017
f 834/834 833/833 1011/1011
f 833/833 832/832 1014/1014
f 832/832 831/831 1019/1019
f 831/831 766/766 863/863
f 1019/1019 863/863 874/874
f 874/874 873/873 1020/1020
f 873/873 872/872 1021/1021
f 1020/1020 1021/1021 1022/1022
f 1017/1017 1022/1022 1023/1023
f 1016/1016 1023/1023 1024/1024
f 1013/1013 1016/1016 1025/1025
f 1018/1018 1011/1011 1013/1013
f 1027/1027 1030/1030 1028/1028
f 1030/1030 1039/1039 1031/1031
f 1028/1028 1034/1034 1032/1032
f 1028/1028 1031/1031 1033/1033
f 1035/1035 1027/1027 1036/1036
f 1035/1035 1038/1038 1030/1030
f 1038/1038 1041/1041 1039/1039
f 1040/1040 1042/1042 1039/1039
f 1042/1042 1173/1173 1031/1031
f 1031/1031 1173/1173 1043/1043
f 1033/1033 1043/1043 1044/1044
f 1034/1034 1033/1033 1045/1045
f 1034/1034 1046/1046 1047/1047
f 1032/1032 1047/1047 1048/1048
f 1029/1029 1032/1032 1049/1049
f 1027/1027 1029/1029 1050/1050
f 1051/1051 1054/1054 1052/1052
f 1054/1054 1063/1063 1055/1055
f 1052/1052 1058/1058 1056/1056
f 1052/1052 1055/1055 1057/1057
f 1059/1059 1051/1051 1060/1060
f 1059/1059 1062/1062 1054/1054
f 1062/1062 1065/1065 1063/1063
f 1064/1064 1066/1066 1063/1063
f 1066/1066 1090/1090 1055/1055
f 1055/1055 1090/1090 1067/1067
f 1057/1057 1067/1067 1068/1068
f 1058/1058 1057/1057 1069/1069
f 1058/1058 1070/1070 1071/1071
f 1056/1056 1071/1071 1072/1072
f 1053/1053 1056/1056 1073/1073
f 1051/1051 1053/1053 1074/1074
f 1075/1075 1078/1078 1076/1076
f 1078/1078 1085/1085 1079/1079
f 1076/1076 1082/1082 1080/1080
f 1076/1076 1079/1079 1081/1081
f 1083/1083 1075/1075 1066/1066
f 1083/1083 1084/1084 1078/1078
f 1084/1084 1086/1086 1085/1085
f 1086/1086 714/714 713/713
f 1085/1085 713/713 726/726
f 1079/1079 726/726 725/725
f 1081/1081 725/725 724/724
f 1082/1082 1081/1081 1087/1087
f 1082/1082 1088/1088 1089/1089
f 1080/1080 1089/1089 1068/1068
f 1077/1077 1080/1080 1067/1067
f 1075/1075 1077/1077 1090/1090
f 1091/1091 1095/1095 1092/1092
f 1091/1091 1102/1102 1094/1094
f 1092/1092 1095/1095 1096/1096
f 1094/1094 1107/1107 1096/1096
f 1098/1098 1093/1093 1099/1099
f 1101/1101 1091/1091 1093/1093
f 1101/1101 1104/1104 1102/1102
f 1103/1103 4275/4275 1102/1102
f 1102/1102 4275/4275 1105/1105
f 1094/1094 1105/1105 1106/1106
f 1107/1107 1106/1106 1108/1108
f 1096/1096 1107/1107 1109/1109
f 1096/1096 1110/1110 1111/1111
f 1097/1097 1111/1111 1112/1112
f 1114/1114 1092/1092 1097/1097
f 1093/1093 1092/1092 1114/1114
f 1115/1115 1118/1118 1116/1116
f 1118/1118 1123/1123 1119/1119
f 1116/1116 1121/1121 1120/1120
f 1119/1119 1126/1126 1121/1121
f 1024/1024 1023/1023 1115/1115
f 1023/1023 1022/1022 1118/1118
f 1022/1022 1021/1021 1123/1123
f 1021/1021 872/872 1124/1124
f 1123/1123 1124/1124 1125/1125
f 1125/1125 1127/1127 1126/1126
f 1127/1127 1208/1208 1128/1128
f 1126/1126 1128/1128 1129/1129
f 1121/1121 1129/1129 1130/1130
f 1120/1120 1130/1130 1131/1131
f 1117/1117 1120/1120 1132/1132
f 1122/1122 1115/1115 1117/1117
f 1134/1134 1137/1137 1135/1135
f 1137/1137 1146/1146 1138/1138
f 1135/1135 1141/1141 1139/1139
f 1135/1135 1138/1138 1140/1140
f 1142/1142 1134/1134 1143/1143
f 1142/1142 1145/1145 1137/1137
f 1145/1145 1147/1147 1146/1146
f 803/803 802/802 1146/1146
f 802/802 816/816 1138/1138
f 1138/1138 816/816 815/815
f 1140/1140 815/815 814/814
f 1141/1141 1140/1140 1148/1148
f 1141/1141 1149/1149 1150/1150
f 1139/1139 1150/1150 1151/1151
f 1136/1136 1139/1139 1152/1152
f 1134/1134 1136/1136 1153/1153
f 1154/1154 1158/1158 1155/1155
f 1157/1157 1167/1167 1155/1155
f 1155/1155 1161/1161 1159/1159
f 1155/1155 1167/1167 1160/1160
f 1162/1162 1154/1154 1042/1042
f 1162/1162 1163/1163 1158/1158
f 1163/1163 1164/1164 1157/1157
f 1164/1164 1237/1237 1165/1165
f 1157/1157 1165/1165 1166/1166
f 1167/1167 1166/1166 1168/1168
f 1160/1160 1168/1168 1169/1169
f 1161/1161 1160/1160 1170/1170
f 1161/1161 1171/1171 1172/1172
f 1159/1159 1172/1172 1044/1044
f 1156/1156 1159/1159 1043/1043
f 1154/1154 1156/1156 1173/1173
f 1174/1174 1177/1177 1175/1175
f 1177/1177 1182/1182 1178/1178
f 1175/1175 1180/1180 1179/1179
f 1178/1178 1185/1185 1180/1180
f 853/853 852/852 1174/1174
f 852/852 851/851 1177/1177
f 851/851 850/850 1182/1182
f 850/850 4271/4271 1183/1183
f 1182/1182 1183/1183 1184/1184
f 1184/1184 1186/1186 1185/1185
f 1186/1186 4276/4276 1187/1187
f 1185/1185 1187/1187 1188/1188
f 1180/1180 1188/1188 1189/1189
f 1179/1179 1189/1189 1190/1190
f 1176/1176 1179/1179 1191/1191
f 1181/1181 1174/1174 1176/1176
f 1193/1193 1196/1196 1194/1194
f 1196/1196 1200/1200 1197/1197
f 1194/1194 1199/1199 1198/1198
f 1197/1197 1203/1203 1199/1199
f 872/872 871/871 1193/1193
f 871/871 870/870 1196/1196
f 870/870 869/869 1200/1200
f 869/869 1796/1796 1201/1201
f 1200/1200 1201/1201 1202/1202
f 1202/1202 1204/1204 1203/1203
f 1204/1204 1832/1832 1205/1205
f 1203/1203 1205/1205 1206/1206
f 1199/1199 1206/1206 1207/1207
f 1198/1198 1207/1207 1208/1208
f 1195/1195 1198/1198 1127/1127
f 1124/1124 1193/1193 1195/1195
f 1209/1209 1212/1212 1210/1210
f 1212/1212 1217/1217 1213/1213
f 1210/1210 1215/1215 1214/1214
f 1213/1213 1220/1220 1215/1215
f 1131/1131 1130/1130 1209/1209
f 1130/1130 1129/1129 1212/1212
f 1129/1129 1128/1128 1217/1217
f 1128/1128 1208/1208 1218/1218
f 1217/1217 1218/1218 1219/1219
f 1219/1219 1221/1221 1220/1220
f 1221/1221 1297/1297 1222/1222
f 1220/1220 1222/1222 1223/1223
f 1215/1215 1223/1223 1224/1224
f 1214/1214 1224/1224 1225/1225
f 1211/1211 1214/1214 1226/1226
f 1216/1216 1209/1209 1211/1211
f 1228/1228 1232/1232 1229/1229
f 1231/1231 1242/1242 1229/1229
f 1229/1229 1235/1235 1233/1233
f 1229/1229 1242/1242 1234/1234
f 1236/1236 1228/1228 1165/1165
f 1236/1236 1238/1238 1232/1232
f 1238/1238 1239/1239 1231/1231
f 1239/1239 1256/1256 1240/1240
f 1231/1231 1240/1240 1241/1241
f 1242/1242 1241/1241 1243/1243
f 1234/1234 1243/1243 1244/1244
f 1235/1235 1234/1234 1245/1245
f 1235/1235 1246/1246 1247/1247
f 1233/1233 1247/1247 1169/1169
f 1230/1230 1233/1233 1168/1168
f 1228/1228 1230/1230 1166/1166
f 1248/1248 1252/1252 1249/1249
f 1248/1248 1258/1258 1251/1251
f 1249/1249 1252/1252 1253/1253
f 1251/1251 1262/1262 1253/1253
f 1255/1255 1250/1250 1240/1240
f 1257/1257 1248/1248 1250/1250
f 1257/1257 1259/1259 1258/1258
f 1259/1259 1579/1579 1260/1260
f 1260/1260 1261/1261 1251/1251
f 1261/1261 4277/4277 1262/1262
f 1262/1262 4277/4277 1263/1263
f 1253/1253 1262/1262 1264/1264
f 1253/1253 1265/1265 1266/1266
f 1254/1254 1266/1266 1244/1244
f 1249/1249 1254/1254 1243/1243
f 1250/1250 1249/1249 1241/1241
f 1267/1267 1270/1270 1268/1268
f 1270/1270 1275/1275 1271/1271
f 1268/1268 1273/1273 1272/1272
f 1271/1271 1278/1278 1273/1273
f 1190/1190 1189/1189 1267/1267
f 1189/1189 1188/1188 1270/1270
f 1188/1188 1187/1187 1275/1275
f 1187/1187 4276/4276 1276/1276
f 1275/1275 1276/1276 1277/1277
f 1277/1277 1279/1279 1278/1278
f 1279/1279 4256/4256 36/36
f 1278/1278 36/36 34/34
f 1273/1273 34/34 33/33
f 1272/1272 33/33 31/31
f 1269/1269 1272/1272 1280/1280
f 1274/1274 1267/1267 1269/1269
f 1282/1282 1285/1285 1283/1283
f 1285/1285 1289/1289 1286/1286
f 1283/1283 1288/1288 1287/1287
f 1286/1286 1292/1292 1288/1288
f 1208/1208 1207/1207 1282/1282
f 1207/1207 1206/1206 1285/1285
f 1206/1206 1205/1205 1289/1289
f 1205/1205 1832/1832 1290/1290
f 1289/1289 1290/1290 1291/1291
f 1291/1291 1293/1293 1292/1292
f 1293/1293 1830/1830 1294/1294
f 1292/1292 1294/1294 1295/1295
f 1288/1288 1295/1295 1296/1296
f 1287/1287 1296/1296 1297/1297
f 1284/1284 1287/1287 1221/1221
f 1218/1218 1282/1282 1284/1284
f 1298/1298 1302/1302 1299/1299
f 1301/1301 1309/1309 1299/1299
f 1299/1299 1305/1305 1303/1303
f 1299/1299 1309/1309 1304/1304
f 1306/1306 1298/1298 784/784
f 1306/1306 1307/1307 1302/1302
f 1307/1307 1308/1308 1301/1301
f 1308/1308 690/690 689/689
f 1301/1301 689/689 703/703
f 1309/1309 703/703 702/702
f 1304/1304 702/702 701/701
f 1305/1305 1304/1304 1310/1310
f 1305/1305 1311/1311 1312/1312
f 1303/1303 1312/1312 786/786
f 1300/1300 1303/1303 785/785
f 1298/1298 1300/1300 1313/1313
f 1314/1314 1318/1318 1315/1315
f 1317/1317 1326/1326 1315/1315
f 1315/1315 1321/1321 1319/1319
f 1315/1315 1326/1326 1320/1320
f 1322/1322 1314/1314 717/717
f 1322/1322 1324/1324 1318/1318
f 1324/1324 1325/1325 1317/1317
f 1100/1100 1099/1099 1317/1317
f 1099/1099 1114/1114 1326/1326
f 1326/1326 1114/1114 1113/1113
f 1320/1320 1113/1113 1112/1112
f 1321/1321 1320/1320 1327/1327
f 1321/1321 1328/1328 1329/1329
f 1319/1319 1329/1329 720/720
f 1316/1316 1319/1319 719/719
f 1314/1314 1316/1316 1330/1330
f 1331/1331 1335/1335 1332/1332
f 1334/1334 1338/1338 1332/1332
f 1333/1333 1332/1332 1336/1336
f 1338/1338 1342/1342 1336/1336
f 958/958 957/957 1331/1331
f 957/957 955/955 1335/1335
f 952/952 1334/1334 1335/1335
f 954/954 1340/1340 1334/1334
f 1340/1340 1341/1341 1338/1338
f 1341/1341 1343/1343 1342/1342
f 1343/1343 31/31 32/32
f 1342/1342 32/32 46/46
f 1337/1337 1336/1336 46/46
f 1344/1344 1337/1337 45/45
f 1345/1345 1333/1333 1337/1337
f 1339/1339 1331/1331 1333/1333
f 1346/1346 1350/1350 1347/1347
f 1349/1349 1353/1353 1347/1347
f 1348/1348 1347/1347 1351/1351
f 1353/1353 1355/1355 1351/1351
f 962/962 961/961 1346/1346
f 961/961 959/959 1350/1350
f 956/956 1349/1349 1350/1350
f 958/958 1339/1339 1349/1349
f 1339/1339 1345/1345 1353/1353
f 1345/1345 1344/1344 1355/1355
f 1344/1344 44/44 74/74
f 1355/1355 74/74 85/85
f 1352/1352 1351/1351 85/85
f 1356/1356 1352/1352 84/84
f 1357/1357 1348/1348 1352/1352
f 1354/1354 1346/1346 1348/1348
f 1358/1358 1362/1362 1359/1359
f 1361/1361 1365/1365 1359/1359
f 1360/1360 1359/1359 1363/1363
f 1365/1365 1367/1367 1363/1363
f 966/966 965/965 1358/1358
f 965/965 963/963 1362/1362
f 960/960 1361/1361 1362/1362
f 962/962 1354/1354 1361/1361
f 1354/1354 1357/1357 1365/1365
f 1357/1357 1356/1356 1367/1367
f 1356/1356 83/83 128/128
f 1367/1367 128/128 139/139
f 1364/1364 1363/1363 139/139
f 1368/1368 1364/1364 138/138
f 1369/1369 1360/1360 1364/1364
f 1366/1366 1358/1358 1360/1360
f 1370/1370 1374/1374 1371/1371
f 1373/1373 1377/1377 1371/1371
f 1372/1372 1371/1371 1375/1375
f 1377/1377 1379/1379 1375/1375
f 970/970 969/969 1370/1370
f 969/969 967/967 1374/1374
f 964/964 1373/1373 1374/1374
f 966/966 1366/1366 1373/1373
f 1366/1366 1369/1369 1377/1377
f 1369/1369 1368/1368 1379/1379
f 1368/1368 137/137 205/205
f 1379/1379 205/205 216/216
f 1376/1376 1375/1375 216/216
f 1380/1380 1376/1376 215/215
f 1381/1381 1372/1372 1376/1376
f 1378/1378 1370/1370 1372/1372
f 1382/1382 1386/1386 1383/1383
f 1385/1385 1389/1389 1383/1383
f 1384/1384 1383/1383 1387/1387
f 1389/1389 1391/1391 1387/1387
f 974/974 973/973 1382/1382
f 973/973 971/971 1386/1386
f 968/968 1385/1385 1386/1386
f 970/970 1378/1378 1385/1385
f 1378/1378 1381/1381 1389/1389
f 1381/1381 1380/1380 1391/1391
f 1380/1380 214/214 262/262
f 1391/1391 262/262 273/273
f 1388/1388 1387/1387 273/273
f 1392/1392 1388/1388 272/272
f 1393/1393 1384/1384 1388/1388
f 1390/1390 1382/1382 1384/1384
f 1394/1394 1398/1398 1395/1395
f 1397/1397 1401/1401 1395/1395
f 1396/1396 1395/1395 1399/1399
f 1401/1401 1403/1403 1399/1399
f 978/978 977/977 1394/1394
f 977/977 975/975 1398/1398
f 972/972 1397/1397 1398/1398
f 974/974 1390/1390 1397/1397
f 1390/1390 1393/1393 1401/1401
f 1393/1393 1392/1392 1403/1403
f 1392/1392 271/271 301/301
f 1403/1403 301/301 312/312
f 1400/1400 1399/1399 312/312
f 1404/1404 1400/1400 311/311
f 1405/1405 1396/1396 1400/1400
f 1402/1402 1394/1394 1396/1396
f 1406/1406 1410/1410 1407/1407
f 1409/1409 1413/1413 1407/1407
f 1408/1408 1407/1407 1411/1411
f 1413/1413 1415/1415 1411/1411
f 982/982 981/981 1406/1406
f 981/981 979/979 1410/1410
f 976/976 1409/1409 1410/1410
f 978/978 1402/1402 1409/1409
f 1402/1402 1405/1405 1413/1413
f 1405/1405 1404/1404 1415/1415
f 1404/1404 310/310 355/355
f 1415/1415 355/355 366/366
f 1412/1412 1411/1411 366/366
f 1416/1416 1412/1412 365/365
f 1417/1417 1408/1408 1412/1412
f 1414/1414 1406/1406 1408/1408
f 1418/1418 1422/1422 1419/1419
f 1421/1421 1425/1425 1419/1419
f 1420/1420 1419/1419 1423/1423
f 1425/1425 1427/1427 1423/1423
f 986/986 985/985 1418/1418
f 985/985 983/983 1422/1422
f 980/980 1421/1421 1422/1422
f 982/982 1414/1414 1421/1421
f 1414/1414 1417/1417 1425/1425
f 1417/1417 1416/1416 1427/1427
f 1416/1416 364/364 432/432
f 1427/1427 432/432 443/443
f 1424/1424 1423/1423 443/443
f 1428/1428 1424/1424 442/442
f 1429/1429 1420/1420 1424/1424
f 1426/1426 1418/1418 1420/1420
f 1430/1430 1434/1434 1431/1431
f 1433/1433 1437/1437 1431/1431
f 1432/1432 1431/1431 1435/1435
f 1437/1437 1439/1439 1435/1435
f 990/990 989/989 1430/1430
f 989/989 987/987 1434/1434
f 984/984 1433/1433 1434/1434
f 986/986 1426/1426 1433/1433
f 1426/1426 1429/1429 1437/1437
f 1429/1429 1428/1428 1439/1439
f 1428/1428 441/441 490/490
f 1439/1439 490/490 501/501
f 1436/1436 1435/1435 501/501
f 1440/1440 1436/1436 500/500
f 1441/1441 1432/1432 1436/1436
f 1438/1438 1430/1430 1432/1432
f 1442/1442 1446/1446 1443/1443
f 1445/1445 1449/1449 1443/1443
f 1444/1444 1443/1443 1447/1447
f 1449/1449 1451/1451 1447/1447
f 994/994 993/993 1442/1442
f 993/993 991/991 1446/1446
f 988/988 1445/1445 1446/1446
f 990/990 1438/1438 1445/1445
f 1438/1438 1441/1441 1449/1449
f 1441/1441 1440/1440 1451/1451
f 1440/1440 499/499 525/525
f 1451/1451 525/525 536/536
f 1448/1448 1447/1447 536/536
f 1452/1452 1448/1448 535/535
f 1453/1453 1444/1444 1448/1448
f 1450/1450 1442/1442 1444/1444
f 1454/1454 1458/1458 1455/1455
f 1457/1457 1461/1461 1455/1455
f 1456/1456 1455/1455 1459/1459
f 1461/1461 1463/1463 1459/1459
f 998/998 997/997 1454/1454
f 997/997 995/995 1458/1458
f 992/992 1457/1457 1458/1458
f 994/994 1450/1450 1457/1457
f 1450/1450 1453/1453 1461/1461
f 1453/1453 1452/1452 1463/1463
f 1452/1452 534/534 614/614
f 1463/1463 614/614 625/625
f 1460/1460 1459/1459 625/625
f 1464/1464 1460/1460 624/624
f 1465/1465 1456/1456 1460/1460
f 1462/1462 1454/1454 1456/1456
f 1466/1466 1470/1470 1467/1467
f 1469/1469 1473/1473 1467/1467
f 1468/1468 1467/1467 1471/1471
f 1473/1473 1475/1475 1471/1471
f 1002/1002 1001/1001 1466/1466
f 1001/1001 999/999 1470/1470
f 996/996 1469/1469 1470/1470
f 998/998 1462/1462 1469/1469
f 1462/1462 1465/1465 1473/1473
f 1465/1465 1464/1464 1475/1475
f 1464/1464 623/623 652/652
f 1475/1475 652/652 663/663
f 1472/1472 1471/1471 663/663
f 1476/1476 1472/1472 662/662
f 1477/1477 1468/1468 1472/1472
f 1474/1474 1466/1466 1468/1468
f 1478/1478 1482/1482 1479/1479
f 1481/1481 1485/1485 1479/1479
f 1480/1480 1479/1479 1483/1483
f 1485/1485 1487/1487 1483/1483
f 1006/1006 1005/1005 1478/1478
f 1005/1005 1003/1003 1482/1482
f 1000/1000 1481/1481 1482/1482
f 1002/1002 1474/1474 1481/1481
f 1474/1474 1477/1477 1485/1485
f 1477/1477 1476/1476 1487/1487
f 1476/1476 661/661 734/734
f 1487/1487 734/734 745/745
f 1484/1484 1483/1483 745/745
f 1488/1488 1484/1484 744/744
f 1489/1489 1480/1480 1484/1484
f 1486/1486 1478/1478 1480/1480
f 1490/1490 1494/1494 1491/1491
f 1493/1493 1497/1497 1491/1491
f 1492/1492 1491/1491 1495/1495
f 1497/1497 1499/1499 1495/1495
f 1010/1010 1009/1009 1490/1490
f 1009/1009 1007/1007 1494/1494
f 1004/1004 1493/1493 1494/1494
f 1006/1006 1486/1486 1493/1493
f 1486/1486 1489/1489 1497/1497
f 1489/1489 1488/1488 1499/1499
f 1488/1488 743/743 844/844
f 1499/1499 844/844 855/855
f 1496/1496 1495/1495 855/855
f 1500/1500 1496/1496 854/854
f 1501/1501 1492/1492 1496/1496
f 1498/1498 1490/1490 1492/1492
f 1502/1502 1506/1506 1503/1503
f 1505/1505 1509/1509 1503/1503
f 1504/1504 1503/1503 1507/1507
f 1509/1509 1511/1511 1507/1507
f 949/949 948/948 1502/1502
f 948/948 951/951 1506/1506
f 1008/1008 1505/1505 1506/1506
f 1010/1010 1498/1498 1505/1505
f 1498/1498 1501/1501 1509/1509
f 1501/1501 1500/1500 1511/1511
f 1500/1500 853/853 1181/1181
f 1511/1511 1181/1181 1192/1192
f 1508/1508 1507/1507 1192/1192
f 1512/1512 1508/1508 1191/1191
f 1513/1513 1504/1504 1508/1508
f 1510/1510 1502/1502 1504/1504
f 1514/1514 1518/1518 1515/1515
f 1517/1517 1521/1521 1515/1515
f 1516/1516 1515/1515 1519/1519
f 1521/1521 1522/1522 1519/1519
f 954/954 953/953 1514/1514
f 953/953 950/950 1518/1518
f 947/947 1517/1517 1518/1518
f 949/949 1510/1510 1517/1517
f 1510/1510 1513/1513 1521/1521
f 1513/1513 1512/1512 1522/1522
f 1512/1512 1190/1190 1274/1274
f 1522/1522 1274/1274 1281/1281
f 1520/1520 1519/1519 1281/1281
f 1343/1343 1520/1520 1280/1280
f 1341/1341 1516/1516 1520/1520
f 1340/1340 1514/1514 1516/1516
f 1523/1523 1527/1527 1524/1524
f 1526/1526 1530/1530 1524/1524
f 1525/1525 1524/1524 1528/1528
f 1530/1530 1539/1539 1528/1528
f 1531/1531 1523/1523 1532/1532
f 1534/1534 1527/1527 1523/1523
f 1534/1534 1536/1536 1526/1526
f 1535/1535 1537/1537 1526/1526
f 1537/1537 1538/1538 1530/1530
f 1538/1538 1540/1540 1539/1539
f 1540/1540 1100/1100 1325/1325
f 1528/1528 1539/1539 1325/1325
f 1528/1528 1324/1324 1322/1322
f 1529/1529 1322/1322 1323/1323
f 1542/1542 1525/1525 1529/1529
f 1523/1523 1525/1525 1542/1542
f 1543/1543 1547/1547 1544/1544
f 1546/1546 1550/1550 1544/1544
f 1545/1545 1544/1544 1548/1548
f 1550/1550 1559/1559 1548/1548
f 1551/1551 1543/1543 1552/1552
f 1554/1554 1547/1547 1543/1543
f 1554/1554 1556/1556 1546/1546
f 1555/1555 1557/1557 1546/1546
f 1557/1557 1558/1558 1550/1550
f 1558/1558 1560/1560 1559/1559
f 1560/1560 690/690 1308/1308
f 1548/1548 1559/1559 1308/1308
f 1548/1548 1307/1307 1306/1306
f 1549/1549 1306/1306 782/782
f 1562/1562 1545/1545 1549/1549
f 1543/1543 1545/1545 1562/1562
f 1563/1563 1567/1567 1564/1564
f 1566/1566 1570/1570 1567/1567
f 1564/1564 1567/1567 1568/1568
f 1570/1570 1578/1578 1568/1568
f 1571/1571 1565/1565 1572/1572
f 1571/1571 1575/1575 1563/1563
f 1574/1574 1566/1566 1563/1563
f 1574/1574 1993/1993 1576/1576
f 1576/1576 1577/1577 1570/1570
f 1577/1577 4278/4278 1578/1578
f 1578/1578 4278/4278 1579/1579
f 1578/1578 1259/1259 1257/1257
f 1569/1569 1568/1568 1257/1257
f 1569/1569 1255/1255 1256/1256
f 1581/1581 1564/1564 1569/1569
f 1565/1565 1564/1564 1581/1581
f 1582/1582 1586/1586 1583/1583
f 1585/1585 1589/1589 1583/1583
f 1584/1584 1583/1583 1587/1587
f 1589/1589 1595/1595 1587/1587
f 1590/1590 1582/1582 1591/1591
f 1593/1593 1586/1586 1582/1582
f 1593/1593 1594/1594 1585/1585
f 1573/1573 1572/1572 1585/1585
f 1572/1572 1581/1581 1589/1589
f 1581/1581 1580/1580 1595/1595
f 1580/1580 1256/1256 1239/1239
f 1587/1587 1595/1595 1239/1239
f 1587/1587 1238/1238 1236/1236
f 1588/1588 1236/1236 1237/1237
f 1597/1597 1584/1584 1588/1588
f 1582/1582 1584/1584 1597/1597
f 1598/1598 1602/1602 1599/1599
f 1601/1601 1605/1605 1599/1599
f 1600/1600 1599/1599 1603/1603
f 1605/1605 1611/1611 1603/1603
f 1606/1606 1598/1598 1607/1607
f 1609/1609 1602/1602 1598/1598
f 1609/1609 1610/1610 1601/1601
f 1592/1592 1591/1591 1601/1601
f 1591/1591 1597/1597 1605/1605
f 1597/1597 1596/1596 1611/1611
f 1596/1596 1237/1237 1164/1164
f 1603/1603 1611/1611 1164/1164
f 1603/1603 1163/1163 1162/1162
f 1604/1604 1162/1162 1040/1040
f 1613/1613 1600/1600 1604/1604
f 1598/1598 1600/1600 1613/1613
f 1614/1614 1618/1618 1615/1615
f 1617/1617 1620/1620 1615/1615
f 1615/1615 1621/1621 1619/1619
f 1620/1620 1629/1629 1621/1621
f 1622/1622 1614/1614 1623/1623
f 1622/1622 1626/1626 1618/1618
f 1625/1625 1617/1617 1618/1618
f 1625/1625 1742/1742 1627/1627
f 1617/1617 1627/1627 1628/1628
f 1628/1628 1746/1746 1629/1629
f 1629/1629 1746/1746 803/803
f 1629/1629 1147/1147 1145/1145
f 1621/1621 1145/1145 1142/1142
f 1619/1619 1142/1142 1144/1144
f 1631/1631 1616/1616 1619/1619
f 1614/1614 1616/1616 1631/1631
f 1632/1632 1636/1636 1633/1633
f 1635/1635 1639/1639 1633/1633
f 1634/1634 1633/1633 1637/1637
f 1639/1639 1645/1645 1637/1637
f 1640/1640 1632/1632 1537/1537
f 1640/1640 1642/1642 1636/1636
f 1641/1641 1635/1635 1636/1636
f 1641/1641 1939/1939 1643/1643
f 1643/1643 4279/4279 1639/1639
f 1639/1639 4279/4279 1644/1644
f 1645/1645 1644/1644 1103/1103
f 1645/1645 1104/1104 1101/1101
f 1638/1638 1637/1637 1101/1101
f 1638/1638 1098/1098 1100/1100
f 1634/1634 1638/1638 1540/1540
f 1632/1632 1634/1634 1538/1538
f 1646/1646 1650/1650 1647/1647
f 1649/1649 1653/1653 1647/1647
f 1648/1648 1647/1647 1651/1651
f 1653/1653 1661/1661 1651/1651
f 1654/1654 1646/1646 1655/1655
f 1657/1657 1650/1650 1646/1646
f 1657/1657 1658/1658 1649/1649
f 1658/1658 1772/1772 1659/1659
f 1659/1659 1660/1660 1653/1653
f 1660/1660 1662/1662 1661/1661
f 1662/1662 714/714 1086/1086
f 1651/1651 1661/1661 1086/1086
f 1651/1651 1084/1084 1083/1083
f 1652/1652 1083/1083 1064/1064
f 1664/1664 1648/1648 1652/1652
f 1646/1646 1648/1648 1664/1664
f 1665/1665 1669/1669 1666/1666
f 1668/1668 1671/1671 1666/1666
f 1666/1666 1672/1672 1670/1670
f 1671/1671 1678/1678 1672/1672
f 1673/1673 1665/1665 1674/1674
f 1673/1673 1677/1677 1669/1669
f 1676/1676 1668/1668 1669/1669
f 1656/1656 1655/1655 1668/1668
f 1668/1668 1655/1655 1664/1664
f 1671/1671 1664/1664 1663/1663
f 1678/1678 1663/1663 1064/1064
f 1678/1678 1065/1065 1062/1062
f 1672/1672 1062/1062 1059/1059
f 1670/1670 1059/1059 1061/1061
f 1680/1680 1667/1667 1670/1670
f 1665/1665 1667/1667 1680/1680
f 1681/1681 1685/1685 1682/1682
f 1684/1684 1687/1687 1682/1682
f 1682/1682 1688/1688 1686/1686
f 1687/1687 1694/1694 1688/1688
f 1689/1689 1681/1681 1690/1690
f 1689/1689 1693/1693 1685/1685
f 1692/1692 1684/1684 1685/1685
f 1692/1692 1608/1608 1607/1607
f 1684/1684 1607/1607 1613/1613
f 1687/1687 1613/1613 1612/1612
f 1694/1694 1612/1612 1040/1040
f 1694/1694 1041/1041 1038/1038
f 1688/1688 1038/1038 1035/1035
f 1686/1686 1035/1035 1037/1037
f 1683/1683 1686/1686 1695/1695
f 1681/1681 1683/1683 1696/1696
f 1697/1697 1701/1701 1698/1698
f 1700/1700 1704/1704 1698/1698
f 1699/1699 1698/1698 1702/1702
f 1704/1704 1712/1712 1702/1702
f 1705/1705 1697/1697 1706/1706
f 1705/1705 1709/1709 1701/1701
f 1708/1708 1700/1700 1701/1701
f 1708/1708 1881/1881 1710/1710
f 1710/1710 4280/4280 1704/1704
f 1704/1704 4280/4280 1711/1711
f 1712/1712 1711/1711 906/906
f 1712/1712 907/907 905/905
f 1703/1703 1702/1702 905/905
f 1703/1703 903/903 904/904
f 1714/1714 1699/1699 1703/1703
f 1697/1697 1699/1699 1714/1714
f 1715/1715 1719/1719 1716/1716
f 1718/1718 1722/1722 1719/1719
f 1716/1716 1719/1719 1720/1720
f 1722/1722 1730/1730 1720/1720
f 1723/1723 1717/1717 1724/1724
f 1723/1723 1727/1727 1715/1715
f 1726/1726 1718/1718 1715/1715
f 1726/1726 1867/1867 1728/1728
f 1728/1728 4281/4281 1722/1722
f 1722/1722 4281/4281 1729/1729
f 1730/1730 1729/1729 886/886
f 1730/1730 887/887 884/884
f 1721/1721 1720/1720 884/884
f 1721/1721 882/882 883/883
f 1732/1732 1716/1716 1721/1721
f 1717/1717 1716/1716 1732/1732
f 1733/1733 1737/1737 1734/1734
f 1736/1736 1740/1740 1737/1737
f 1734/1734 1737/1737 1738/1738
f 1740/1740 1745/1745 1738/1738
f 1741/1741 1735/1735 1627/1627
f 1743/1743 1733/1733 1735/1735
f 1743/1743 1744/1744 1736/1736
f 1725/1725 1724/1724 1736/1736
f 1724/1724 1732/1732 1740/1740
f 1732/1732 1731/1731 1745/1745
f 1731/1731 883/883 805/805
f 1738/1738 1745/1745 805/805
f 1738/1738 804/804 801/801
f 1746/1746 1739/1739 801/801
f 1628/1628 1734/1734 1739/1739
f 1735/1735 1734/1734 1628/1628
f 1747/1747 1751/1751 1748/1748
f 1750/1750 1753/1753 1751/1751
f 1751/1751 1754/1754 1752/1752
f 1753/1753 1760/1760 1754/1754
f 1755/1755 1758/1758 1749/1749
f 1757/1757 1747/1747 1749/1749
f 1759/1759 1750/1750 1747/1747
f 1759/1759 1553/1553 1552/1552
f 1750/1750 1552/1552 1562/1562
f 1753/1753 1562/1562 1561/1561
f 1760/1760 1561/1561 782/782
f 1760/1760 783/783 780/780
f 1754/1754 780/780 777/777
f 1752/1752 777/777 779/779
f 1762/1762 1748/1748 1752/1752
f 1756/1756 1749/1749 1748/1748
f 1763/1763 1767/1767 1764/1764
f 1766/1766 1770/1770 1764/1764
f 1765/1765 1764/1764 1768/1768
f 1770/1770 1775/1775 1768/1768
f 1771/1771 1763/1763 1659/1659
f 1773/1773 1767/1767 1763/1763
f 1773/1773 1774/1774 1766/1766
f 1533/1533 1532/1532 1766/1766
f 1532/1532 1542/1542 1770/1770
f 1542/1542 1541/1541 1775/1775
f 1541/1541 1323/1323 716/716
f 1768/1768 1775/1775 716/716
f 1768/1768 715/715 712/712
f 1769/1769 712/712 714/714
f 1660/1660 1765/1765 1769/1769
f 1763/1763 1765/1765 1660/1660
f 1776/1776 1780/1780 1777/1777
f 1779/1779 1783/1783 1777/1777
f 1778/1778 1777/1777 1781/1781
f 1783/1783 1787/1787 1781/1781
f 1784/1784 1776/1776 1557/1557
f 1785/1785 1780/1780 1776/1776
f 1785/1785 1786/1786 1779/1779
f 1707/1707 1706/1706 1779/1779
f 1706/1706 1714/1714 1783/1783
f 1714/1714 1713/1713 1787/1787
f 1713/1713 904/904 692/692
f 1781/1781 1787/1787 692/692
f 1781/1781 691/691 688/688
f 1782/1782 688/688 690/690
f 1558/1558 1778/1778 1782/1782
f 1776/1776 1778/1778 1558/1558
f 1788/1788 1792/1792 1789/1789
f 1791/1791 1794/1794 1789/1789
f 1789/1789 1795/1795 1793/1793
f 1794/1794 1801/1801 1795/1795
f 1796/1796 868/868 1788/1788
f 868/868 866/866 1792/1792
f 865/865 1791/1791 1792/1792
f 1798/1798 1799/1799 1791/1791
f 1799/1799 1800/1800 1794/1794
f 1800/1800 1802/1802 1801/1801
f 1802/1802 1707/1707 1786/1786
f 1795/1795 1801/1801 1786/1786
f 1795/1795 1785/1785 1784/1784
f 1793/1793 1784/1784 1555/1555
f 1804/1804 1790/1790 1793/1793
f 1797/1797 1788/1788 1790/1790
f 1805/1805 1809/1809 1806/1806
f 1808/1808 1811/1811 1806/1806
f 1806/1806 1812/1812 1810/1810
f 1811/1811 1818/1818 1812/1812
f 1813/1813 549/549 1805/1805
f 549/549 547/547 1809/1809
f 546/546 1808/1808 1809/1809
f 1815/1815 1816/1816 1808/1808
f 1816/1816 1817/1817 1811/1811
f 1817/1817 1819/1819 1818/1818
f 1819/1819 1533/1533 1774/1774
f 1812/1812 1818/1818 1774/1774
f 1812/1812 1773/1773 1771/1771
f 1810/1810 1771/1771 1772/1772
f 1821/1821 1807/1807 1810/1810
f 1814/1814 1805/1805 1807/1807
f 1822/1822 1826/1826 1823/1823
f 1825/1825 1829/1829 1823/1823
f 1824/1824 1823/1823 1827/1827
f 1829/1829 1835/1835 1827/1827
f 1830/1830 1293/1293 1822/1822
f 1293/1293 1291/1291 1826/1826
f 1290/1290 1825/1825 1826/1826
f 1832/1832 1833/1833 1825/1825
f 1833/1833 1834/1834 1829/1829
f 1834/1834 1836/1836 1835/1835
f 1836/1836 1553/1553 1759/1759
f 1835/1835 1759/1759 1757/1757
f 1827/1827 1757/1757 1758/1758
f 1828/1828 1758/1758 1755/1755
f 1824/1824 1828/1828 1837/1837
f 1831/1831 1822/1822 1824/1824
f 1839/1839 1843/1843 1840/1840
f 1842/1842 1846/1846 1840/1840
f 1841/1841 1840/1840 1844/1844
f 1846/1846 1852/1852 1844/1844
f 1847/1847 325/325 1839/1839
f 325/325 323/323 1843/1843
f 322/322 1842/1842 1843/1843
f 1849/1849 1850/1850 1842/1842
f 1850/1850 1868/1868 1846/1846
f 1846/1846 1868/1868 1851/1851
f 1851/1851 1725/1725 1744/1744
f 1852/1852 1744/1744 1743/1743
f 1844/1844 1743/1743 1741/1741
f 1845/1845 1741/1741 1742/1742
f 1841/1841 1845/1845 1853/1853
f 1848/1848 1839/1839 1841/1841
f 1855/1855 1859/1859 1856/1856
f 1858/1858 1861/1861 1856/1856
f 1856/1856 1862/1862 1860/1860
f 1861/1861 1866/1866 1862/1862
f 1849/1849 289/289 1855/1855
f 289/289 287/287 1859/1859
f 286/286 1858/1858 1859/1859
f 1863/1863 1864/1864 1858/1858
f 1864/1864 1865/1865 1861/1861
f 1865/1865 4282/4282 1866/1866
f 1866/1866 4282/4282 1867/1867
f 1866/1866 1726/1726 1727/1727
f 1862/1862 1727/1727 1723/1723
f 1860/1860 1723/1723 1725/1725
f 1857/1857 1860/1860 1851/1851
f 1850/1850 1855/1855 1857/1857
f 1869/1869 1873/1873 1870/1870
f 1872/1872 1875/1875 1870/1870
f 1870/1870 1876/1876 1874/1874
f 1875/1875 1880/1880 1876/1876
f 1798/1798 762/762 1869/1869
f 762/762 760/760 1873/1873
f 759/759 1872/1872 1873/1873
f 1877/1877 1878/1878 1872/1872
f 1878/1878 1879/1879 1875/1875
f 1879/1879 4283/4283 1880/1880
f 1880/1880 4283/4283 1881/1881
f 1880/1880 1708/1708 1709/1709
f 1874/1874 1876/1876 1709/1709
f 1874/1874 1705/1705 1707/1707
f 1871/1871 1874/1874 1802/1802
f 1799/1799 1869/1869 1871/1871
f 1882/1882 1886/1886 1883/1883
f 1885/1885 1888/1888 1883/1883
f 1883/1883 1889/1889 1887/1887
f 1888/1888 1895/1895 1889/1889
f 1890/1890 229/229 1882/1882
f 229/229 227/227 1886/1886
f 226/226 1885/1885 1886/1886
f 1892/1892 1893/1893 1885/1885
f 1893/1893 1894/1894 1888/1888
f 1894/1894 1896/1896 1895/1895
f 1896/1896 1608/1608 1692/1692
f 1895/1895 1692/1692 1693/1693
f 1889/1889 1693/1693 1689/1689
f 1887/1887 1689/1689 1691/1691
f 1884/1884 1887/1887 1897/1897
f 1891/1891 1882/1882 1884/1884
f 1899/1899 1903/1903 1900/1900
f 1902/1902 1906/1906 1900/1900
f 1901/1901 1900/1900 1904/1904
f 1906/1906 1912/1912 1904/1904
f 1907/1907 675/675 1899/1899
f 675/675 673/673 1903/1903
f 672/672 1902/1902 1903/1903
f 1909/1909 1910/1910 1902/1902
f 1910/1910 1911/1911 1906/1906
f 1911/1911 1913/1913 1912/1912
f 1913/1913 1656/1656 1676/1676
f 1904/1904 1912/1912 1676/1676
f 1904/1904 1677/1677 1673/1673
f 1905/1905 1673/1673 1675/1675
f 1915/1915 1901/1901 1905/1905
f 1908/1908 1899/1899 1901/1901
f 1916/1916 1920/1920 1917/1917
f 1919/1919 1923/1923 1917/1917
f 1918/1918 1917/1917 1921/1921
f 1923/1923 1924/1924 1921/1921
f 1909/1909 584/584 1916/1916
f 584/584 582/582 1920/1920
f 581/581 1919/1919 1920/1920
f 1813/1813 1814/1814 1919/1919
f 1814/1814 1821/1821 1923/1923
f 1821/1821 1820/1820 1924/1924
f 1820/1820 1772/1772 1658/1658
f 1924/1924 1658/1658 1657/1657
f 1921/1921 1657/1657 1654/1654
f 1922/1922 1654/1654 1656/1656
f 1911/1911 1918/1918 1922/1922
f 1910/1910 1916/1916 1918/1918
f 1925/1925 1929/1929 1926/1926
f 1928/1928 1931/1931 1926/1926
f 1926/1926 1932/1932 1930/1930
f 1931/1931 1938/1938 1932/1932
f 1933/1933 459/459 1925/1925
f 459/459 457/457 1929/1929
f 456/456 1928/1928 1929/1929
f 1935/1935 1936/1936 1928/1928
f 1936/1936 1937/1937 1931/1931
f 1937/1937 4284/4284 1938/1938
f 1938/1938 4284/4284 1939/1939
f 1938/1938 1641/1641 1642/1642
f 1930/1930 1932/1932 1642/1642
f 1930/1930 1640/1640 1535/1535
f 1927/1927 1930/1930 1940/1940
f 1934/1934 1925/1925 1927/1927
f 1942/1942 1946/1946 1943/1943
f 1945/1945 1949/1949 1943/1943
f 1944/1944 1943/1943 1947/1947
f 1949/1949 1952/1952 1947/1947
f 1950/1950 379/379 1942/1942
f 379/379 377/377 1946/1946
f 376/376 1945/1945 1946/1946
f 1847/1847 1848/1848 1945/1945
f 1848/1848 1854/1854 1949/1949
f 1854/1854 1853/1853 1952/1952
f 1952/1952 1853/1853 1742/1742
f 1952/1952 1625/1625 1626/1626
f 1947/1947 1626/1626 1622/1622
f 1948/1948 1622/1622 1624/1624
f 1944/1944 1948/1948 1953/1953
f 1951/1951 1942/1942 1944/1944
f 1955/1955 1959/1959 1956/1956
f 1958/1958 1961/1961 1956/1956
f 1956/1956 1962/1962 1960/1960
f 1961/1961 1966/1966 1962/1962
f 1892/1892 152/152 1955/1955
f 152/152 150/150 1959/1959
f 149/149 1958/1958 1959/1959
f 1963/1963 1964/1964 1958/1958
f 1964/1964 1965/1965 1961/1961
f 1965/1965 1967/1967 1966/1966
f 1967/1967 1592/1592 1610/1610
f 1962/1962 1966/1966 1610/1610
f 1962/1962 1609/1609 1606/1606
f 1960/1960 1606/1606 1608/1608
f 1894/1894 1957/1957 1960/1960
f 1893/1893 1955/1955 1957/1957
f 1968/1968 1972/1972 1969/1969
f 1971/1971 1974/1974 1969/1969
f 1969/1969 1975/1975 1973/1973
f 1974/1974 1979/1979 1975/1975
f 1963/1963 98/98 1968/1968
f 98/98 96/96 1972/1972
f 95/95 1971/1971 1972/1972
f 1976/1976 1977/1977 1971/1971
f 1977/1977 1978/1978 1974/1974
f 1978/1978 1980/1980 1979/1979
f 1980/1980 1573/1573 1594/1594
f 1975/1975 1979/1979 1594/1594
f 1975/1975 1593/1593 1590/1590
f 1973/1973 1590/1590 1592/1592
f 1965/1965 1970/1970 1973/1973
f 1964/1964 1968/1968 1970/1970
f 1981/1981 1985/1985 1982/1982
f 1984/1984 1987/1987 1982/1982
f 1982/1982 1988/1988 1986/1986
f 1987/1987 1992/1992 1988/1988
f 1976/1976 62/62 1981/1981
f 62/62 60/60 1985/1985
f 59/59 1984/1984 1985/1985
f 1989/1989 1990/1990 1984/1984
f 1990/1990 1991/1991 1987/1987
f 1991/1991 4285/4285 1992/1992
f 1992/1992 4285/4285 1993/1993
f 1992/1992 1574/1574 1575/1575
f 1988/1988 1575/1575 1571/1571
f 1986/1986 1571/1571 1573/1573
f 1983/1983 1986/1986 1980/1980
f 1977/1977 1981/1981 1983/1983
f 1994/1994 1998/1998 1995/1995
f 1997/1997 2000/2000 1995/1995
f 1995/1995 2001/2001 1999/1999
f 2000/2000 2002/2002 2001/2001
f 1832/1832 1204/1204 1994/1994
f 1204/1204 1202/1202 1998/1998
f 1201/1201 1997/1997 1998/1998
f 1796/1796 1797/1797 1997/1997
f 1797/1797 1804/1804 2000/2000
f 1804/1804 1803/1803 2002/2002
f 1803/1803 1555/1555 1556/1556
f 2002/2002 1556/1556 1554/1554
f 2001/2001 1554/1554 1551/1551
f 1836/1836 1999/1999 1551/1551
f 1834/1834 1996/1996 1999/1999
f 1833/1833 1994/1994 1996/1996
f 2003/2003 2007/2007 2004/2004
f 2006/2006 2009/2009 2004/2004
f 2004/2004 2010/2010 2008/2008
f 2009/2009 2011/2011 2010/2010
f 1815/1815 513/513 2003/2003
f 513/513 511/511 2007/2007
f 510/510 2006/2006 2007/2007
f 1933/1933 1934/1934 2006/2006
f 1934/1934 1941/1941 2009/2009
f 1941/1941 1940/1940 2011/2011
f 1940/1940 1535/1535 1536/1536
f 2010/2010 2011/2011 1536/1536
f 2008/2008 2010/2010 1534/1534
f 2008/2008 1531/1531 1533/1533
f 2005/2005 2008/2008 1819/1819
f 1816/1816 2003/2003 2005/2005
f 2012/2012 2016/2016 2013/2013
f 2015/2015 2019/2019 2013/2013
f 2014/2014 2013/2013 2017/2017
f 2019/2019 2028/2028 2017/2017
f 2020/2020 2022/2022 2012/2012
f 2022/2022 2024/2024 2016/2016
f 2023/2023 2015/2015 2016/2016
f 2025/2025 2026/2026 2015/2015
f 2026/2026 2027/2027 2019/2019
f 2027/2027 2029/2029 2028/2028
f 2029/2029 2069/2069 2030/2030
f 2028/2028 2030/2030 2031/2031
f 2018/2018 2017/2017 2031/2031
f 2033/2033 2018/2018 2032/2032
f 2035/2035 2014/2014 2018/2018
f 2021/2021 2012/2012 2014/2014
f 2036/2036 2040/2040 2037/2037
f 2039/2039 2043/2043 2037/2037
f 2038/2038 2037/2037 2041/2041
f 2043/2043 2052/2052 2041/2041
f 2044/2044 2046/2046 2036/2036
f 2046/2046 2048/2048 2040/2040
f 2047/2047 2039/2039 2040/2040
f 2049/2049 2050/2050 2039/2039
f 2050/2050 2051/2051 2043/2043
f 2051/2051 2053/2053 2052/2052
f 2053/2053 2099/2099 2054/2054
f 2052/2052 2054/2054 2055/2055
f 2042/2042 2041/2041 2055/2055
f 2057/2057 2042/2042 2056/2056
f 2059/2059 2038/2038 2042/2042
f 2045/2045 2036/2036 2038/2038
f 2060/2060 2064/2064 2061/2061
f 2063/2063 2067/2067 2061/2061
f 2062/2062 2061/2061 2065/2065
f 2067/2067 2072/2072 2065/2065
f 2034/2034 2032/2032 2060/2060
f 2032/2032 2031/2031 2064/2064
f 2030/2030 2063/2063 2064/2064
f 2069/2069 2070/2070 2063/2063
f 2070/2070 2071/2071 2067/2067
f 2071/2071 2073/2073 2072/2072
f 2073/2073 2119/2119 2074/2074
f 2072/2072 2074/2074 2075/2075
f 2066/2066 2065/2065 2075/2075
f 2077/2077 2066/2066 2076/2076
f 2079/2079 2062/2062 2066/2066
f 2068/2068 2060/2060 2062/2062
f 2080/2080 2084/2084 2081/2081
f 2083/2083 2087/2087 2081/2081
f 2082/2082 2081/2081 2085/2085
f 2087/2087 2094/2094 2085/2085
f 2049/2049 2088/2088 2080/2080
f 2088/2088 2090/2090 2084/2084
f 2089/2089 2083/2083 2084/2084
f 2091/2091 2092/2092 2083/2083
f 2092/2092 2093/2093 2087/2087
f 2093/2093 2095/2095 2094/2094
f 2095/2095 2155/2155 2096/2096
f 2094/2094 2096/2096 2097/2097
f 2086/2086 2085/2085 2097/2097
f 2053/2053 2086/2086 2098/2098
f 2051/2051 2082/2082 2086/2086
f 2050/2050 2080/2080 2082/2082
f 2100/2100 2104/2104 2101/2101
f 2103/2103 2107/2107 2101/2101
f 2102/2102 2101/2101 2105/2105
f 2107/2107 2114/2114 2105/2105
f 2069/2069 2108/2108 2100/2100
f 2108/2108 2110/2110 2104/2104
f 2109/2109 2103/2103 2104/2104
f 2111/2111 2112/2112 2103/2103
f 2112/2112 2113/2113 2107/2107
f 2113/2113 2115/2115 2114/2114
f 2115/2115 2175/2175 2116/2116
f 2114/2114 2116/2116 2117/2117
f 2106/2106 2105/2105 2117/2117
f 2073/2073 2106/2106 2118/2118
f 2071/2071 2102/2102 2106/2106
f 2070/2070 2100/2100 2102/2102
f 2120/2120 2124/2124 2121/2121
f 2123/2123 2127/2127 2121/2121
f 2122/2122 2121/2121 2125/2125
f 2127/2127 2134/2134 2125/2125
f 2025/2025 2128/2128 2120/2120
f 2128/2128 2130/2130 2124/2124
f 2129/2129 2123/2123 2124/2124
f 2131/2131 2132/2132 2123/2123
f 2132/2132 2133/2133 2127/2127
f 2133/2133 2135/2135 2134/2134
f 2135/2135 2111/2111 2109/2109
f 2134/2134 2109/2109 2110/2110
f 2126/2126 2125/2125 2110/2110
f 2029/2029 2126/2126 2108/2108
f 2027/2027 2122/2122 2126/2126
f 2026/2026 2120/2120 2122/2122
f 2136/2136 2140/2140 2137/2137
f 2139/2139 2143/2143 2137/2137
f 2138/2138 2137/2137 2141/2141
f 2143/2143 2150/2150 2141/2141
f 2091/2091 2144/2144 2136/2136
f 2144/2144 2146/2146 2140/2140
f 2145/2145 2139/2139 2140/2140
f 2147/2147 2148/2148 2139/2139
f 2148/2148 2149/2149 2143/2143
f 2149/2149 2151/2151 2150/2150
f 2151/2151 2235/2235 2152/2152
f 2150/2150 2152/2152 2153/2153
f 2142/2142 2141/2141 2153/2153
f 2095/2095 2142/2142 2154/2154
f 2093/2093 2138/2138 2142/2142
f 2092/2092 2136/2136 2138/2138
f 2156/2156 2160/2160 2157/2157
f 2159/2159 2163/2163 2157/2157
f 2158/2158 2157/2157 2161/2161
f 2163/2163 2170/2170 2161/2161
f 2111/2111 2164/2164 2156/2156
f 2164/2164 2166/2166 2160/2160
f 2165/2165 2159/2159 2160/2160
f 2167/2167 2168/2168 2159/2159
f 2168/2168 2169/2169 2163/2163
f 2169/2169 2171/2171 2170/2170
f 2171/2171 2255/2255 2172/2172
f 2170/2170 2172/2172 2173/2173
f 2162/2162 2161/2161 2173/2173
f 2115/2115 2162/2162 2174/2174
f 2113/2113 2158/2158 2162/2162
f 2112/2112 2156/2156 2158/2158
f 2176/2176 2180/2180 2177/2177
f 2179/2179 2183/2183 2177/2177
f 2178/2178 2177/2177 2181/2181
f 2183/2183 2190/2190 2181/2181
f 2131/2131 2184/2184 2176/2176
f 2184/2184 2186/2186 2180/2180
f 2185/2185 2179/2179 2180/2180
f 2187/2187 2188/2188 2179/2179
f 2188/2188 2189/2189 2183/2183
f 2189/2189 2191/2191 2190/2190
f 2191/2191 2167/2167 2165/2165
f 2190/2190 2165/2165 2166/2166
f 2182/2182 2181/2181 2166/2166
f 2135/2135 2182/2182 2164/2164
f 2133/2133 2178/2178 2182/2182
f 2132/2132 2176/2176 2178/2178
f 2192/2192 2196/2196 2193/2193
f 2195/2195 2199/2199 2193/2193
f 2194/2194 2193/2193 2197/2197
f 2199/2199 2208/2208 2197/2197
f 2200/2200 2202/2202 2192/2192
f 2202/2202 2204/2204 2196/2196
f 2203/2203 2195/2195 2196/2196
f 2205/2205 2206/2206 2195/2195
f 2206/2206 2207/2207 2199/2199
f 2207/2207 2209/2209 2208/2208
f 2209/2209 2275/2275 2210/2210
f 2208/2208 2210/2210 2211/2211
f 2198/2198 2197/2197 2211/2211
f 2213/2213 2198/2198 2212/2212
f 2215/2215 2194/2194 2198/2198
f 2201/2201 2192/2192 2194/2194
f 2216/2216 2220/2220 2217/2217
f 2219/2219 2223/2223 2217/2217
f 2218/2218 2217/2217 2221/2221
f 2223/2223 2230/2230 2221/2221
f 2147/2147 2224/2224 2216/2216
f 2224/2224 2226/2226 2220/2220
f 2225/2225 2219/2219 2220/2220
f 2227/2227 2228/2228 2219/2219
f 2228/2228 2229/2229 2223/2223
f 2229/2229 2231/2231 2230/2230
f 2231/2231 2295/2295 2232/2232
f 2230/2230 2232/2232 2233/2233
f 2222/2222 2221/2221 2233/2233
f 2151/2151 2222/2222 2234/2234
f 2149/2149 2218/2218 2222/2222
f 2148/2148 2216/2216 2218/2218
f 2236/2236 2240/2240 2237/2237
f 2239/2239 2243/2243 2237/2237
f 2238/2238 2237/2237 2241/2241
f 2243/2243 2250/2250 2241/2241
f 2167/2167 2244/2244 2236/2236
f 2244/2244 2246/2246 2240/2240
f 2245/2245 2239/2239 2240/2240
f 2247/2247 2248/2248 2239/2239
f 2248/2248 2249/2249 2243/2243
f 2249/2249 2251/2251 2250/2250
f 2251/2251 3917/3917 2252/2252
f 2250/2250 2252/2252 2253/2253
f 2242/2242 2241/2241 2253/2253
f 2171/2171 2242/2242 2254/2254
f 2169/2169 2238/2238 2242/2242
f 2168/2168 2236/2236 2238/2238
f 2256/2256 2260/2260 2257/2257
f 2259/2259 2263/2263 2257/2257
f 2258/2258 2257/2257 2261/2261
f 2263/2263 2270/2270 2261/2261
f 2205/2205 2264/2264 2256/2256
f 2264/2264 2266/2266 2260/2260
f 2265/2265 2259/2259 2260/2260
f 2267/2267 2268/2268 2259/2259
f 2268/2268 2269/2269 2263/2263
f 2269/2269 2271/2271 2270/2270
f 2271/2271 2305/2305 2272/2272
f 2270/2270 2272/2272 2273/2273
f 2262/2262 2261/2261 2273/2273
f 2209/2209 2262/2262 2274/2274
f 2207/2207 2258/2258 2262/2262
f 2206/2206 2256/2256 2258/2258
f 2276/2276 2280/2280 2277/2277
f 2279/2279 2283/2283 2277/2277
f 2278/2278 2277/2277 2281/2281
f 2283/2283 2290/2290 2281/2281
f 2227/2227 2284/2284 2276/2276
f 2284/2284 2286/2286 2280/2280
f 2285/2285 2279/2279 2280/2280
f 2287/2287 2288/2288 2279/2279
f 2288/2288 2289/2289 2283/2283
f 2289/2289 2291/2291 2290/2290
f 2291/2291 2335/2335 2292/2292
f 2290/2290 2292/2292 2293/2293
f 2282/2282 2281/2281 2293/2293
f 2231/2231 2282/2282 2294/2294
f 2229/2229 2278/2278 2282/2282
f 2228/2228 2276/2276 2278/2278
f 2296/2296 2300/2300 2297/2297
f 2299/2299 2303/2303 2297/2297
f 2298/2298 2297/2297 2301/2301
f 2303/2303 2308/2308 2301/2301
f 2275/2275 2274/2274 2296/2296
f 2274/2274 2273/2273 2300/2300
f 2272/2272 2299/2299 2300/2300
f 2305/2305 2306/2306 2299/2299
f 2306/2306 2307/2307 2303/2303
f 2307/2307 2309/2309 2308/2308
f 2309/2309 2355/2355 2310/2310
f 2308/2308 2310/2310 2311/2311
f 2302/2302 2301/2301 2311/2311
f 2313/2313 2302/2302 2312/2312
f 2315/2315 2298/2298 2302/2302
f 2304/2304 2296/2296 2298/2298
f 2316/2316 2320/2320 2317/2317
f 2319/2319 2323/2323 2317/2317
f 2318/2318 2317/2317 2321/2321
f 2323/2323 2330/2330 2321/2321
f 2287/2287 2324/2324 2316/2316
f 2324/2324 2326/2326 2320/2320
f 2325/2325 2319/2319 2320/2320
f 2327/2327 2328/2328 2319/2319
f 2328/2328 2329/2329 2323/2323
f 2329/2329 2331/2331 2330/2330
f 2331/2331 2391/2391 2332/2332
f 2330/2330 2332/2332 2333/2333
f 2322/2322 2321/2321 2333/2333
f 2291/2291 2322/2322 2334/2334
f 2289/2289 2318/2318 2322/2322
f 2288/2288 2316/2316 2318/2318
f 2336/2336 2340/2340 2337/2337
f 2339/2339 2343/2343 2337/2337
f 2338/2338 2337/2337 2341/2341
f 2343/2343 2350/2350 2341/2341
f 2305/2305 2344/2344 2336/2336
f 2344/2344 2346/2346 2340/2340
f 2345/2345 2339/2339 2340/2340
f 2347/2347 2348/2348 2339/2339
f 2348/2348 2349/2349 2343/2343
f 2349/2349 2351/2351 2350/2350
f 2351/2351 2411/2411 2352/2352
f 2350/2350 2352/2352 2353/2353
f 2342/2342 2341/2341 2353/2353
f 2309/2309 2342/2342 2354/2354
f 2307/2307 2338/2338 2342/2342
f 2306/2306 2336/2336 2338/2338
f 2356/2356 2360/2360 2357/2357
f 2359/2359 2363/2363 2357/2357
f 2358/2358 2357/2357 2361/2361
f 2363/2363 2370/2370 2361/2361
f 2267/2267 2364/2364 2356/2356
f 2364/2364 2366/2366 2360/2360
f 2365/2365 2359/2359 2360/2360
f 2367/2367 2368/2368 2359/2359
f 2368/2368 2369/2369 2363/2363
f 2369/2369 2371/2371 2370/2370
f 2371/2371 2347/2347 2345/2345
f 2370/2370 2345/2345 2346/2346
f 2362/2362 2361/2361 2346/2346
f 2271/2271 2362/2362 2344/2344
f 2269/2269 2358/2358 2362/2362
f 2268/2268 2356/2356 2358/2358
f 2372/2372 2376/2376 2373/2373
f 2375/2375 2379/2379 2373/2373
f 2374/2374 2373/2373 2377/2377
f 2379/2379 2386/2386 2377/2377
f 2327/2327 2380/2380 2372/2372
f 2380/2380 2382/2382 2376/2376
f 2381/2381 2375/2375 2376/2376
f 2383/2383 2384/2384 2375/2375
f 2384/2384 2385/2385 2379/2379
f 2385/2385 2387/2387 2386/2386
f 2387/2387 2471/2471 2388/2388
f 2386/2386 2388/2388 2389/2389
f 2378/2378 2377/2377 2389/2389
f 2331/2331 2378/2378 2390/2390
f 2329/2329 2374/2374 2378/2378
f 2328/2328 2372/2372 2374/2374
f 2392/2392 2396/2396 2393/2393
f 2395/2395 2399/2399 2393/2393
f 2394/2394 2393/2393 2397/2397
f 2399/2399 2406/2406 2397/2397
f 2347/2347 2400/2400 2392/2392
f 2400/2400 2402/2402 2396/2396
f 2401/2401 2395/2395 2396/2396
f 2403/2403 2404/2404 2395/2395
f 2404/2404 2405/2405 2399/2399
f 2405/2405 2407/2407 2406/2406
f 2407/2407 3973/3973 2408/2408
f 2406/2406 2408/2408 2409/2409
f 2398/2398 2397/2397 2409/2409
f 2351/2351 2398/2398 2410/2410
f 2349/2349 2394/2394 2398/2398
f 2348/2348 2392/2392 2394/2394
f 2412/2412 2416/2416 2413/2413
f 2415/2415 2419/2419 2413/2413
f 2414/2414 2413/2413 2417/2417
f 2419/2419 2426/2426 2417/2417
f 2367/2367 2420/2420 2412/2412
f 2420/2420 2422/2422 2416/2416
f 2421/2421 2415/2415 2416/2416
f 2423/2423 2424/2424 2415/2415
f 2424/2424 2425/2425 2419/2419
f 2425/2425 2427/2427 2426/2426
f 2427/2427 2403/2403 2401/2401
f 2426/2426 2401/2401 2402/2402
f 2418/2418 2417/2417 2402/2402
f 2371/2371 2418/2418 2400/2400
f 2369/2369 2414/2414 2418/2418
f 2368/2368 2412/2412 2414/2414
f 2428/2428 2432/2432 2429/2429
f 2431/2431 2435/2435 2429/2429
f 2430/2430 2429/2429 2433/2433
f 2435/2435 2444/2444 2433/2433
f 2436/2436 2438/2438 2428/2428
f 2438/2438 2440/2440 2432/2432
f 2439/2439 2431/2431 2432/2432
f 2441/2441 2442/2442 2431/2431
f 2442/2442 2443/2443 2435/2435
f 2443/2443 2445/2445 2444/2444
f 2445/2445 2481/2481 2446/2446
f 2444/2444 2446/2446 2447/2447
f 2434/2434 2433/2433 2447/2447
f 2449/2449 2434/2434 2448/2448
f 2451/2451 2430/2430 2434/2434
f 2437/2437 2428/2428 2430/2430
f 2452/2452 2456/2456 2453/2453
f 2455/2455 2459/2459 2453/2453
f 2454/2454 2453/2453 2457/2457
f 2459/2459 2466/2466 2457/2457
f 2383/2383 2460/2460 2452/2452
f 2460/2460 2462/2462 2456/2456
f 2461/2461 2455/2455 2456/2456
f 2463/2463 2464/2464 2455/2455
f 2464/2464 2465/2465 2459/2459
f 2465/2465 2467/2467 2466/2466
f 2467/2467 2530/2530 2468/2468
f 2466/2466 2468/2468 2469/2469
f 2458/2458 2457/2457 2469/2469
f 2387/2387 2458/2458 2470/2470
f 2385/2385 2454/2454 2458/2458
f 2384/2384 2452/2452 2454/2454
f 2472/2472 2476/2476 2473/2473
f 2475/2475 2479/2479 2473/2473
f 2474/2474 2473/2473 2477/2477
f 2479/2479 2484/2484 2477/2477
f 2450/2450 2448/2448 2472/2472
f 2448/2448 2447/2447 2476/2476
f 2446/2446 2475/2475 2476/2476
f 2481/2481 2482/2482 2475/2475
f 2482/2482 2483/2483 2479/2479
f 2483/2483 2485/2485 2484/2484
f 2485/2485 2547/2547 2486/2486
f 2484/2484 2486/2486 2487/2487
f 2478/2478 2477/2477 2487/2487
f 2489/2489 2478/2478 2488/2488
f 2491/2491 2474/2474 2478/2478
f 2480/2480 2472/2472 2474/2474
f 2492/2492 2496/2496 2493/2493
f 2495/2495 2499/2499 2493/2493
f 2494/2494 2493/2493 2497/2497
f 2499/2499 2506/2506 2497/2497
f 2441/2441 2500/2500 2492/2492
f 2500/2500 2502/2502 2496/2496
f 2501/2501 2495/2495 2496/2496
f 2503/2503 2504/2504 2495/2495
f 2504/2504 2505/2505 2499/2499
f 2505/2505 2507/2507 2506/2506
f 2507/2507 2539/2539 2508/2508
f 2506/2506 2508/2508 2509/2509
f 2498/2498 2497/2497 2509/2509
f 2445/2445 2498/2498 2510/2510
f 2443/2443 2494/2494 2498/2498
f 2442/2442 2492/2492 2494/2494
f 2511/2511 2515/2515 2512/2512
f 2514/2514 2518/2518 2512/2512
f 2513/2513 2512/2512 2516/2516
f 2518/2518 2525/2525 2516/2516
f 2463/2463 2519/2519 2511/2511
f 2519/2519 2521/2521 2515/2515
f 2520/2520 2514/2514 2515/2515
f 2522/2522 2523/2523 2514/2514
f 2523/2523 2524/2524 2518/2518
f 2524/2524 2526/2526 2525/2525
f 2526/2526 2567/2567 2527/2527
f 2525/2525 2527/2527 2528/2528
f 2517/2517 2516/2516 2528/2528
f 2467/2467 2517/2517 2529/2529
f 2465/2465 2513/2513 2517/2517
f 2464/2464 2511/2511 2513/2513
f 2531/2531 2535/2535 2532/2532
f 2534/2534 2538/2538 2532/2532
f 2533/2533 2532/2532 2536/2536
f 2538/2538 2542/2542 2536/2536
f 2481/2481 2510/2510 2531/2531
f 2510/2510 2509/2509 2535/2535
f 2508/2508 2534/2534 2535/2535
f 2539/2539 2540/2540 2534/2534
f 2540/2540 2541/2541 2538/2538
f 2541/2541 2543/2543 2542/2542
f 2543/2543 2587/2587 2544/2544
f 2542/2542 2544/2544 2545/2545
f 2537/2537 2536/2536 2545/2545
f 2485/2485 2537/2537 2546/2546
f 2483/2483 2533/2533 2537/2537
f 2482/2482 2531/2531 2533/2533
f 2548/2548 2552/2552 2549/2549
f 2551/2551 2555/2555 2549/2549
f 2550/2550 2549/2549 2553/2553
f 2555/2555 2562/2562 2553/2553
f 2522/2522 2556/2556 2548/2548
f 2556/2556 2558/2558 2552/2552
f 2557/2557 2551/2551 2552/2552
f 2559/2559 2560/2560 2551/2551
f 2560/2560 2561/2561 2555/2555
f 2561/2561 2563/2563 2562/2562
f 2563/2563 2659/2659 2564/2564
f 2562/2562 2564/2564 2565/2565
f 2554/2554 2553/2553 2565/2565
f 2526/2526 2554/2554 2566/2566
f 2524/2524 2550/2550 2554/2554
f 2523/2523 2548/2548 2550/2550
f 2568/2568 2572/2572 2569/2569
f 2571/2571 2575/2575 2569/2569
f 2570/2570 2569/2569 2573/2573
f 2575/2575 2582/2582 2573/2573
f 2539/2539 2576/2576 2568/2568
f 2576/2576 2578/2578 2572/2572
f 2577/2577 2571/2571 2572/2572
f 2579/2579 2580/2580 2571/2571
f 2580/2580 2581/2581 2575/2575
f 2581/2581 2583/2583 2582/2582
f 2583/2583 2623/2623 2584/2584
f 2582/2582 2584/2584 2585/2585
f 2574/2574 2573/2573 2585/2585
f 2543/2543 2574/2574 2586/2586
f 2541/2541 2570/2570 2574/2574
f 2540/2540 2568/2568 2570/2570
f 2588/2588 2592/2592 2589/2589
f 2591/2591 2595/2595 2589/2589
f 2590/2590 2589/2589 2593/2593
f 2595/2595 2602/2602 2593/2593
f 2503/2503 2596/2596 2588/2588
f 2596/2596 2598/2598 2592/2592
f 2597/2597 2591/2591 2592/2592
f 2599/2599 2600/2600 2591/2591
f 2600/2600 2601/2601 2595/2595
f 2601/2601 2603/2603 2602/2602
f 2603/2603 2579/2579 2577/2577
f 2602/2602 2577/2577 2578/2578
f 2594/2594 2593/2593 2578/2578
f 2507/2507 2594/2594 2576/2576
f 2505/2505 2590/2590 2594/2594
f 2504/2504 2588/2588 2590/2590
f 2604/2604 2608/2608 2605/2605
f 2607/2607 2611/2611 2605/2605
f 2606/2606 2605/2605 2609/2609
f 2611/2611 2618/2618 2609/2609
f 2579/2579 2612/2612 2604/2604
f 2612/2612 2614/2614 2608/2608
f 2613/2613 2607/2607 2608/2608
f 2615/2615 2616/2616 2607/2607
f 2616/2616 2617/2617 2611/2611
f 2617/2617 2619/2619 2618/2618
f 2619/2619 2715/2715 2620/2620
f 2618/2618 2620/2620 2621/2621
f 2610/2610 2609/2609 2621/2621
f 2583/2583 2610/2610 2622/2622
f 2581/2581 2606/2606 2610/2610
f 2580/2580 2604/2604 2606/2606
f 2624/2624 2628/2628 2625/2625
f 2627/2627 2631/2631 2625/2625
f 2626/2626 2625/2625 2629/2629
f 2631/2631 2638/2638 2629/2629
f 2599/2599 2632/2632 2624/2624
f 2632/2632 2634/2634 2628/2628
f 2633/2633 2627/2627 2628/2628
f 2635/2635 2636/2636 2627/2627
f 2636/2636 2637/2637 2631/2631
f 2637/2637 2639/2639 2638/2638
f 2639/2639 2615/2615 2613/2613
f 2638/2638 2613/2613 2614/2614
f 2630/2630 2629/2629 2614/2614
f 2603/2603 2630/2630 2612/2612
f 2601/2601 2626/2626 2630/2630
f 2600/2600 2624/2624 2626/2626
f 2640/2640 2644/2644 2641/2641
f 2643/2643 2647/2647 2641/2641
f 2642/2642 2641/2641 2645/2645
f 2647/2647 2654/2654 2645/2645
f 2559/2559 2648/2648 2640/2640
f 2648/2648 2650/2650 2644/2644
f 2649/2649 2643/2643 2644/2644
f 2651/2651 2652/2652 2643/2643
f 2652/2652 2653/2653 2647/2647
f 2653/2653 2655/2655 2654/2654
f 2655/2655 2698/2698 2656/2656
f 2654/2654 2656/2656 2657/2657
f 2646/2646 2645/2645 2657/2657
f 2563/2563 2646/2646 2658/2658
f 2561/2561 2642/2642 2646/2646
f 2560/2560 2640/2640 2642/2642
f 2660/2660 2664/2664 2661/2661
f 2663/2663 2667/2667 2661/2661
f 2662/2662 2661/2661 2665/2665
f 2667/2667 2674/2674 2665/2665
f 2635/2635 2668/2668 2660/2660
f 2668/2668 2670/2670 2664/2664
f 2669/2669 2663/2663 2664/2664
f 2671/2671 2672/2672 2663/2663
f 2672/2672 2673/2673 2667/2667
f 2673/2673 2675/2675 2674/2674
f 2675/2675 2707/2707 2676/2676
f 2674/2674 2676/2676 2677/2677
f 2666/2666 2665/2665 2677/2677
f 2639/2639 2666/2666 2678/2678
f 2637/2637 2662/2662 2666/2666
f 2636/2636 2660/2660 2662/2662
f 2679/2679 2683/2683 2680/2680
f 2682/2682 2686/2686 2680/2680
f 2681/2681 2680/2680 2684/2684
f 2686/2686 2693/2693 2684/2684
f 2651/2651 2687/2687 2679/2679
f 2687/2687 2689/2689 2683/2683
f 2688/2688 2682/2682 2683/2683
f 2690/2690 2691/2691 2682/2682
f 2691/2691 2692/2692 2686/2686
f 2692/2692 2694/2694 2693/2693
f 2694/2694 2781/2781 2695/2695
f 2693/2693 2695/2695 2696/2696
f 2685/2685 2684/2684 2696/2696
f 2655/2655 2685/2685 2697/2697
f 2653/2653 2681/2681 2685/2685
f 2652/2652 2679/2679 2681/2681
f 2699/2699 2703/2703 2700/2700
f 2702/2702 2706/2706 2700/2700
f 2701/2701 2700/2700 2704/2704
f 2706/2706 2710/2710 2704/2704
f 2615/2615 2678/2678 2699/2699
f 2678/2678 2677/2677 2703/2703
f 2676/2676 2702/2702 2703/2703
f 2707/2707 2708/2708 2702/2702
f 2708/2708 2709/2709 2706/2706
f 2709/2709 2711/2711 2710/2710
f 2711/2711 3932/3932 2712/2712
f 2710/2710 2712/2712 2713/2713
f 2705/2705 2704/2704 2713/2713
f 2619/2619 2705/2705 2714/2714
f 2617/2617 2701/2701 2705/2705
f 2616/2616 2699/2699 2701/2701
f 2716/2716 2720/2720 2717/2717
f 2719/2719 2723/2723 2720/2720
f 2717/2717 2720/2720 2721/2721
f 2723/2723 2731/2731 2721/2721
f 2724/2724 2726/2726 2718/2718
f 2726/2726 2727/2727 2716/2716
f 2727/2727 2728/2728 2719/2719
f 2728/2728 4061/4061 2729/2729
f 2719/2719 2729/2729 2730/2730
f 2730/2730 2732/2732 2731/2731
f 2732/2732 4074/4074 2733/2733
f 2731/2731 2733/2733 2734/2734
f 2721/2721 2734/2734 2735/2735
f 2722/2722 2735/2735 2736/2736
f 2738/2738 2717/2717 2722/2722
f 2718/2718 2717/2717 2738/2738
f 2739/2739 2743/2743 2740/2740
f 2742/2742 2746/2746 2743/2743
f 2740/2740 2743/2743 2744/2744
f 2746/2746 2754/2754 2744/2744
f 2747/2747 2749/2749 2741/2741
f 2749/2749 2750/2750 2739/2739
f 2750/2750 2751/2751 2742/2742
f 2751/2751 4117/4117 2752/2752
f 2742/2742 2752/2752 2753/2753
f 2753/2753 2755/2755 2754/2754
f 2755/2755 4130/4130 2756/2756
f 2754/2754 2756/2756 2757/2757
f 2744/2744 2757/2757 2758/2758
f 2745/2745 2758/2758 2759/2759
f 2761/2761 2740/2740 2745/2745
f 2741/2741 2740/2740 2761/2761
f 2762/2762 2766/2766 2763/2763
f 2765/2765 2769/2769 2763/2763
f 2764/2764 2763/2763 2767/2767
f 2769/2769 2776/2776 2767/2767
f 2690/2690 2770/2770 2762/2762
f 2770/2770 2772/2772 2766/2766
f 2771/2771 2765/2765 2766/2766
f 2773/2773 2774/2774 2765/2765
f 2774/2774 2775/2775 2769/2769
f 2775/2775 2777/2777 2776/2776
f 2777/2777 2891/2891 2778/2778
f 2776/2776 2778/2778 2779/2779
f 2768/2768 2767/2767 2779/2779
f 2694/2694 2768/2768 2780/2780
f 2692/2692 2764/2764 2768/2768
f 2691/2691 2762/2762 2764/2764
f 2782/2782 2786/2786 2783/2783
f 2785/2785 2789/2789 2783/2783
f 2784/2784 2783/2783 2787/2787
f 2789/2789 2798/2798 2787/2787
f 2790/2790 2792/2792 2782/2782
f 2792/2792 2794/2794 2786/2786
f 2793/2793 2785/2785 2786/2786
f 2795/2795 2796/2796 2785/2785
f 2796/2796 2797/2797 2789/2789
f 2797/2797 2799/2799 2798/2798
f 2799/2799 2911/2911 2800/2800
f 2798/2798 2800/2800 2801/2801
f 2788/2788 2787/2787 2801/2801
f 2803/2803 2788/2788 2802/2802
f 2805/2805 2784/2784 2788/2788
f 2791/2791 2782/2782 2784/2784
f 2806/2806 2810/2810 2807/2807
f 2806/2806 2817/2817 2809/2809
f 2807/2807 2810/2810 2811/2811
f 2809/2809 2821/2821 2811/2811
f 2813/2813 2815/2815 2808/2808
f 2815/2815 2816/2816 2806/2806
f 2816/2816 2818/2818 2817/2817
f 2818/2818 4046/4046 2819/2819
f 2817/2817 2819/2819 2820/2820
f 2820/2820 2822/2822 2821/2821
f 2822/2822 4045/4045 2823/2823
f 2821/2821 2823/2823 2824/2824
f 2811/2811 2824/2824 2825/2825
f 2812/2812 2825/2825 2826/2826
f 2828/2828 2807/2807 2812/2812
f 2808/2808 2807/2807 2828/2828
f 2829/2829 2833/2833 2830/2830
f 2832/2832 2836/2836 2833/2833
f 2830/2830 2833/2833 2834/2834
f 2836/2836 2844/2844 2834/2834
f 2837/2837 2839/2839 2831/2831
f 2839/2839 2840/2840 2829/2829
f 2840/2840 2841/2841 2832/2832
f 2841/2841 4170/4170 2842/2842
f 2832/2832 2842/2842 2843/2843
f 2843/2843 2845/2845 2844/2844
f 2845/2845 4186/4186 2846/2846
f 2844/2844 2846/2846 2847/2847
f 2834/2834 2847/2847 2848/2848
f 2835/2835 2848/2848 2849/2849
f 2851/2851 2830/2830 2835/2835
f 2831/2831 2830/2830 2851/2851
f 2852/2852 2856/2856 2853/2853
f 2855/2855 2859/2859 2853/2853
f 2854/2854 2853/2853 2857/2857
f 2859/2859 2868/2868 2857/2857
f 2860/2860 2862/2862 2852/2852
f 2862/2862 2864/2864 2856/2856
f 2863/2863 2855/2855 2856/2856
f 2865/2865 2866/2866 2855/2855
f 2866/2866 2867/2867 2859/2859
f 2867/2867 2869/2869 2868/2868
f 2869/2869 2795/2795 2793/2793
f 2868/2868 2793/2793 2794/2794
f 2858/2858 2857/2857 2794/2794
f 2870/2870 2858/2858 2792/2792
f 2871/2871 2854/2854 2858/2858
f 2861/2861 2852/2852 2854/2854
f 2872/2872 2876/2876 2873/2873
f 2875/2875 2879/2879 2873/2873
f 2874/2874 2873/2873 2877/2877
f 2879/2879 2886/2886 2877/2877
f 2773/2773 2880/2880 2872/2872
f 2880/2880 2882/2882 2876/2876
f 2881/2881 2875/2875 2876/2876
f 2883/2883 2884/2884 2875/2875
f 2884/2884 2885/2885 2879/2879
f 2885/2885 2887/2887 2886/2886
f 2887/2887 3222/3222 2888/2888
f 2886/2886 2888/2888 2889/2889
f 2878/2878 2877/2877 2889/2889
f 2777/2777 2878/2878 2890/2890
f 2775/2775 2874/2874 2878/2878
f 2774/2774 2872/2872 2874/2874
f 2892/2892 2896/2896 2893/2893
f 2895/2895 2899/2899 2893/2893
f 2894/2894 2893/2893 2897/2897
f 2899/2899 2906/2906 2897/2897
f 2795/2795 2900/2900 2892/2892
f 2900/2900 2902/2902 2896/2896
f 2901/2901 2895/2895 2896/2896
f 2903/2903 2904/2904 2895/2895
f 2904/2904 2905/2905 2899/2899
f 2905/2905 2907/2907 2906/2906
f 2907/2907 3239/3239 2908/2908
f 2906/2906 2908/2908 2909/2909
f 2898/2898 2897/2897 2909/2909
f 2799/2799 2898/2898 2910/2910
f 2797/2797 2894/2894 2898/2898
f 2796/2796 2892/2892 2894/2894
f 2912/2912 2916/2916 2913/2913
f 2912/2912 2920/2920 2915/2915
f 2916/2916 2918/2918 2917/2917
f 2915/2915 2923/2923 2918/2918
f 2849/2849 2848/2848 2914/2914
f 2848/2848 2847/2847 2912/2912
f 2847/2847 2846/2846 2920/2920
f 2846/2846 4186/4186 2921/2921
f 2920/2920 2921/2921 2922/2922
f 2922/2922 2924/2924 2923/2923
f 2924/2924 4199/4199 2925/2925
f 2923/2923 2925/2925 2926/2926
f 2918/2918 2926/2926 2927/2927
f 2928/2928 2917/2917 2927/2927
f 2913/2913 2917/2917 2928/2928
f 2914/2914 2913/2913 2930/2930
f 2931/2931 2935/2935 2932/2932
f 2931/2931 2939/2939 2934/2934
f 2935/2935 2937/2937 2936/2936
f 2934/2934 2942/2942 2937/2937
f 2736/2736 2735/2735 2933/2933
f 2735/2735 2734/2734 2931/2931
f 2734/2734 2733/2733 2939/2939
f 2733/2733 4074/4074 2940/2940
f 2939/2939 2940/2940 2941/2941
f 2941/2941 2943/2943 2942/2942
f 2943/2943 4087/4087 2944/2944
f 2942/2942 2944/2944 2945/2945
f 2937/2937 2945/2945 2946/2946
f 2947/2947 2936/2936 2946/2946
f 2932/2932 2936/2936 2947/2947
f 2933/2933 2932/2932 2949/2949
f 2950/2950 4286/4286 2951/2951
f 2953/2953 4286/4286 2950/2950
f 2955/2955 4286/4286 2953/2953
f 2957/2957 4286/4286 2955/2955
f 2959/2959 4286/4286 2957/2957
f 2961/2961 4286/4286 2959/2959
f 2963/2963 4286/4286 2961/2961
f 2965/2965 4286/4286 2963/2963
f 2967/2967 4286/4286 2965/2965
f 2969/2969 4286/4286 2967/2967
f 2971/2971 4286/4286 2969/2969
f 2973/2973 4286/4286 2971/2971
f 2975/2975 4286/4286 2973/2973
f 2977/2977 4286/4286 2975/2975
f 2979/2979 4286/4286 2977/2977
f 2951/2951 4286/4286 2979/2979
f 2982/2982 2952/2952 2983/2983
f 2985/2985 2950/2950 2952/2952
f 2952/2952 2951/2951 2986/2986
f 2987/2987 2954/2954 2988/2988
f 2990/2990 2953/2953 2954/2954
f 2954/2954 2950/2950 2985/2985
f 2991/2991 2956/2956 2992/2992
f 2994/2994 2955/2955 2956/2956
f 2956/2956 2953/2953 2990/2990
f 2995/2995 2958/2958 2996/2996
f 2998/2998 2957/2957 2958/2958
f 2958/2958 2955/2955 2994/2994
f 2999/2999 2960/2960 3000/3000
f 3002/3002 2959/2959 2960/2960
f 2960/2960 2957/2957 2998/2998
f 3003/3003 2962/2962 3004/3004
f 3006/3006 2961/2961 2962/2962
f 2962/2962 2959/2959 3002/3002
f 3007/3007 2964/2964 3008/3008
f 3010/3010 2963/2963 2964/2964
f 2964/2964 2961/2961 3006/3006
f 3011/3011 2966/2966 3012/3012
f 3014/3014 2965/2965 2966/2966
f 2966/2966 2963/2963 3010/3010
f 3015/3015 2968/2968 3016/3016
f 3018/3018 2967/2967 2968/2968
f 2968/2968 2965/2965 3014/3014
f 3019/3019 2970/2970 3020/3020
f 3022/3022 2969/2969 2970/2970
f 2970/2970 2967/2967 3018/3018
f 3023/3023 2972/2972 3024/3024
f 3026/3026 2971/2971 2972/2972
f 2972/2972 2969/2969 3022/3022
f 3027/3027 2974/2974 3028/3028
f 3030/3030 2973/2973 2974/2974
f 2974/2974 2971/2971 3026/3026
f 3031/3031 2976/2976 3032/3032
f 3034/3034 2975/2975 2976/2976
f 2976/2976 2973/2973 3030/3030
f 3035/3035 2978/2978 3036/3036
f 3038/3038 2977/2977 2978/2978
f 2978/2978 2975/2975 3034/3034
f 3039/3039 2980/2980 3040/3040
f 3042/3042 2979/2979 2980/2980
f 2980/2980 2977/2977 3038/3038
f 3043/3043 2981/2981 3044/3044
f 2986/2986 2951/2951 2981/2981
f 2981/2981 2979/2979 3042/3042
f 3046/3046 3050/3050 3047/3047
f 3049/3049 3053/3053 3047/3047
f 3048/3048 3047/3047 3051/3051
f 3053/3053 3060/3060 3051/3051
f 2865/2865 3054/3054 3046/3046
f 3054/3054 3056/3056 3050/3050
f 3055/3055 3049/3049 3050/3050
f 3057/3057 3058/3058 3049/3049
f 3058/3058 3059/3059 3053/3053
f 3059/3059 3061/3061 3060/3060
f 3061/3061 2903/2903 2901/2901
f 3060/3060 2901/2901 2902/2902
f 3052/3052 3051/3051 2902/2902
f 2869/2869 3052/3052 2900/2900
f 2867/2867 3048/3048 3052/3052
f 2866/2866 3046/3046 3048/3048
f 3062/3062 3065/3065 3063/3063
f 3065/3065 3073/3073 3066/3066
f 3064/3064 3063/3063 3067/3067
f 3066/3066 3077/3077 3067/3067
f 3069/3069 3062/3062 3070/3070
f 3072/3072 3065/3065 3062/3062
f 3072/3072 3074/3074 3073/3073
f 3074/3074 4214/4214 3075/3075
f 3073/3073 3075/3075 3076/3076
f 3076/3076 3078/3078 3077/3077
f 3078/3078 4213/4213 3079/3079
f 3077/3077 3079/3079 3080/3080
f 3067/3067 3080/3080 3081/3081
f 3068/3068 3081/3081 3082/3082
f 3084/3084 3064/3064 3068/3068
f 3070/3070 3062/3062 3064/3064
f 3085/3085 3088/3088 3086/3086
f 3088/3088 3096/3096 3089/3089
f 3087/3087 3086/3086 3090/3090
f 3089/3089 3100/3100 3090/3090
f 3092/3092 3085/3085 3093/3093
f 3095/3095 3088/3088 3085/3085
f 3095/3095 3097/3097 3096/3096
f 3097/3097 4102/4102 3098/3098
f 3096/3096 3098/3098 3099/3099
f 3099/3099 3101/3101 3100/3100
f 3101/3101 4101/4101 3102/3102
f 3100/3100 3102/3102 3103/3103
f 3090/3090 3103/3103 3104/3104
f 3091/3091 3104/3104 3105/3105
f 3107/3107 3087/3087 3091/3091
f 3093/3093 3085/3085 3087/3087
f 3108/3108 3112/3112 3109/3109
f 3108/3108 3116/3116 3111/3111
f 3109/3109 3112/3112 3113/3113
f 3111/3111 3119/3119 3113/3113
f 3105/3105 3104/3104 3110/3110
f 3104/3104 3103/3103 3108/3108
f 3103/3103 3102/3102 3116/3116
f 3102/3102 4101/4101 3117/3117
f 3116/3116 3117/3117 3118/3118
f 3118/3118 3120/3120 3119/3119
f 3120/3120 4117/4117 2751/2751
f 3119/3119 2751/2751 2750/2750
f 3113/3113 2750/2750 2749/2749
f 3114/3114 2749/2749 2747/2747
f 3122/3122 3109/3109 3114/3114
f 3110/3110 3109/3109 3122/3122
f 3123/3123 3127/3127 3124/3124
f 3126/3126 3129/3129 3127/3127
f 3127/3127 3130/3130 3128/3128
f 3129/3129 3138/3138 3130/3130
f 3131/3131 3133/3133 3125/3125
f 3133/3133 3134/3134 3123/3123
f 3134/3134 3135/3135 3126/3126
f 3135/3135 4143/4143 3136/3136
f 3126/3126 3136/3136 3137/3137
f 3137/3137 3139/3139 3138/3138
f 3139/3139 4156/4156 3140/3140
f 3138/3138 3140/3140 3141/3141
f 3130/3130 3141/3141 3142/3142
f 3143/3143 3128/3128 3142/3142
f 3145/3145 3124/3124 3128/3128
f 3125/3125 3124/3124 3145/3145
f 3146/3146 3150/3150 3147/3147
f 3149/3149 3153/3153 3147/3147
f 3148/3148 3147/3147 3151/3151
f 3153/3153 3160/3160 3151/3151
f 3057/3057 3154/3154 3146/3146
f 3154/3154 3156/3156 3150/3150
f 3155/3155 3149/3149 3150/3150
f 3157/3157 3158/3158 3149/3149
f 3158/3158 3159/3159 3153/3153
f 3159/3159 3161/3161 3160/3160
f 3161/3161 3231/3231 3162/3162
f 3160/3160 3162/3162 3163/3163
f 3152/3152 3151/3151 3163/3163
f 3061/3061 3152/3152 3164/3164
f 3059/3059 3148/3148 3152/3152
f 3058/3058 3146/3146 3148/3148
f 3165/3165 3168/3168 3166/3166
f 3168/3168 3176/3176 3169/3169
f 3167/3167 3166/3166 3170/3170
f 3169/3169 3180/3180 3170/3170
f 3172/3172 3165/3165 3173/3173
f 3175/3175 3168/3168 3165/3165
f 3175/3175 3177/3177 3176/3176
f 3177/3177 4171/4171 3178/3178
f 3176/3176 3178/3178 3179/3179
f 3179/3179 3181/3181 3180/3180
f 3181/3181 4170/4170 2841/2841
f 3180/3180 2841/2841 2840/2840
f 3170/3170 2840/2840 2839/2839
f 3171/3171 2839/2839 2837/2837
f 3183/3183 3167/3167 3171/3171
f 3173/3173 3165/3165 3167/3167
f 3184/3184 3188/3188 3185/3185
f 3184/3184 3192/3192 3187/3187
f 3185/3185 3188/3188 3189/3189
f 3187/3187 3195/3195 3189/3189
f 3082/3082 3081/3081 3186/3186
f 3081/3081 3080/3080 3184/3184
f 3080/3080 3079/3079 3192/3192
f 3079/3079 4213/4213 3193/3193
f 3192/3192 3193/3193 3194/3194
f 3194/3194 3196/3196 3195/3195
f 3196/3196 4229/4229 3197/3197
f 3195/3195 3197/3197 3198/3198
f 3189/3189 3198/3198 3199/3199
f 3190/3190 3199/3199 3200/3200
f 3202/3202 3185/3185 3190/3190
f 3186/3186 3185/3185 3202/3202
f 3203/3203 3207/3207 3204/3204
f 3206/3206 3210/3210 3204/3204
f 3205/3205 3204/3204 3208/3208
f 3210/3210 3217/3217 3208/3208
f 2883/2883 3211/3211 3203/3203
f 3211/3211 3213/3213 3207/3207
f 3212/3212 3206/3206 3207/3207
f 3214/3214 3215/3215 3206/3206
f 3215/3215 3216/3216 3210/3210
f 3216/3216 3218/3218 3217/3217
f 3218/3218 3312/3312 3219/3219
f 3217/3217 3219/3219 3220/3220
f 3209/3209 3208/3208 3220/3220
f 2887/2887 3209/3209 3221/3221
f 2885/2885 3205/3205 3209/3209
f 2884/2884 3203/3203 3205/3205
f 3223/3223 3227/3227 3224/3224
f 3226/3226 3230/3230 3224/3224
f 3225/3225 3224/3224 3228/3228
f 3230/3230 3234/3234 3228/3228
f 2903/2903 3164/3164 3223/3223
f 3164/3164 3163/3163 3227/3227
f 3162/3162 3226/3226 3227/3227
f 3231/3231 3232/3232 3226/3226
f 3232/3232 3233/3233 3230/3230
f 3233/3233 3235/3235 3234/3234
f 3235/3235 3329/3329 3236/3236
f 3234/3234 3236/3236 3237/3237
f 3229/3229 3228/3228 3237/3237
f 2907/2907 3229/3229 3238/3238
f 2905/2905 3225/3225 3229/3229
f 2904/2904 3223/3223 3225/3225
f 3240/3240 3244/3244 3241/3241
f 3243/3243 3247/3247 3241/3241
f 3242/3242 3241/3241 3245/3245
f 3247/3247 3254/3254 3245/3245
f 3157/3157 3248/3248 3240/3240
f 3248/3248 3250/3250 3244/3244
f 3249/3249 3243/3243 3244/3244
f 3251/3251 3252/3252 3243/3243
f 3252/3252 3253/3253 3247/3247
f 3253/3253 3255/3255 3254/3254
f 3255/3255 3321/3321 3256/3256
f 3254/3254 3256/3256 3257/3257
f 3246/3246 3245/3245 3257/3257
f 3161/3161 3246/3246 3258/3258
f 3159/3159 3242/3242 3246/3246
f 3158/3158 3240/3240 3242/3242
f 3259/3259 3263/3263 3260/3260
f 3259/3259 3267/3267 3262/3262
f 3260/3260 3263/3263 3264/3264
f 3262/3262 3270/3270 3264/3264
f 3200/3200 3199/3199 3261/3261
f 3199/3199 3198/3198 3259/3259
f 3198/3198 3197/3197 3267/3267
f 3197/3197 4229/4229 3268/3268
f 3267/3267 3268/3268 3269/3269
f 3269/3269 3271/3271 3270/3270
f 3271/3271 4242/4242 3272/3272
f 3270/3270 3272/3272 3273/3273
f 3264/3264 3273/3273 3274/3274
f 3265/3265 3274/3274 3275/3275
f 3277/3277 3260/3260 3265/3265
f 3261/3261 3260/3260 3277/3277
f 3278/3278 3282/3282 3279/3279
f 3278/3278 3286/3286 3281/3281
f 3282/3282 3284/3284 3283/3283
f 3281/3281 3289/3289 3284/3284
f 3275/3275 3274/3274 3280/3280
f 3274/3274 3273/3273 3278/3278
f 3273/3273 3272/3272 3286/3286
f 3272/3272 4242/4242 3287/3287
f 3286/3286 3287/3287 3288/3288
f 3288/3288 3290/3290 3289/3289
f 3290/3290 4255/4255 3291/3291
f 3289/3289 3291/3291 3292/3292
f 3284/3284 3292/3292 3293/3293
f 3283/3283 3293/3293 3294/3294
f 3279/3279 3283/3283 3295/3295
f 3280/3280 3279/3279 3296/3296
f 3297/3297 3301/3301 3298/3298
f 3300/3300 3304/3304 3298/3298
f 3299/3299 3298/3298 3302/3302
f 3304/3304 3308/3308 3302/3302
f 3214/3214 3305/3305 3297/3297
f 3305/3305 3307/3307 3301/3301
f 3306/3306 3300/3300 3301/3301
f 2044/2044 2045/2045 3300/3300
f 2045/2045 2059/2059 3304/3304
f 2059/2059 2057/2057 3308/3308
f 2057/2057 2058/2058 3309/3309
f 3308/3308 3309/3309 3310/3310
f 3303/3303 3302/3302 3310/3310
f 3218/3218 3303/3303 3311/3311
f 3216/3216 3299/3299 3303/3303
f 3215/3215 3297/3297 3299/3299
f 3313/3313 3317/3317 3314/3314
f 3316/3316 3320/3320 3314/3314
f 3315/3315 3314/3314 3318/3318
f 3320/3320 3324/3324 3318/3318
f 3231/3231 3258/3258 3313/3313
f 3258/3258 3257/3257 3317/3317
f 3256/3256 3316/3316 3317/3317
f 3321/3321 3322/3322 3316/3316
f 3322/3322 3323/3323 3320/3320
f 3323/3323 3325/3325 3324/3324
f 3325/3325 3862/3862 3326/3326
f 3324/3324 3326/3326 3327/3327
f 3319/3319 3318/3318 3327/3327
f 3235/3235 3319/3319 3328/3328
f 3233/3233 3315/3315 3319/3319
f 3232/3232 3313/3313 3315/3315
f 3330/3330 3334/3334 3331/3331
f 3330/3330 3338/3338 3333/3333
f 3331/3331 3334/3334 3335/3335
f 3333/3333 3341/3341 3335/3335
f 2826/2826 2825/2825 3332/3332
f 2825/2825 2824/2824 3330/3330
f 2824/2824 2823/2823 3338/3338
f 2823/2823 4045/4045 3339/3339
f 3338/3338 3339/3339 3340/3340
f 3340/3340 3342/3342 3341/3341
f 3342/3342 4061/4061 2728/2728
f 3341/3341 2728/2728 2727/2727
f 3335/3335 2727/2727 2726/2726
f 3336/3336 2726/2726 2724/2724
f 3344/3344 3331/3331 3336/3336
f 3332/3332 3331/3331 3344/3344
f 3345/3345 3349/3349 3346/3346
f 3345/3345 3353/3353 3348/3348
f 3346/3346 3349/3349 3350/3350
f 3348/3348 3356/3356 3350/3350
f 2759/2759 2758/2758 3347/3347
f 2758/2758 2757/2757 3345/3345
f 2757/2757 2756/2756 3353/3353
f 2756/2756 4130/4130 3354/3354
f 3353/3353 3354/3354 3355/3355
f 3355/3355 3357/3357 3356/3356
f 3357/3357 4143/4143 3135/3135
f 3356/3356 3135/3135 3134/3134
f 3350/3350 3134/3134 3133/3133
f 3351/3351 3133/3133 3131/3131
f 3359/3359 3346/3346 3351/3351
f 3347/3347 3346/3346 3359/3359
f 3360/3360 3363/3363 3361/3361
f 3363/3363 3369/3369 3364/3364
f 3361/3361 3366/3366 3365/3365
f 3364/3364 3371/3371 3366/3366
f 3041/3041 3367/3367 3360/3360
f 3367/3367 3368/3368 3363/3363
f 3368/3368 3370/3370 3369/3369
f 3370/3370 2049/2049 2047/2047
f 3369/3369 2047/2047 2048/2048
f 2048/2048 2046/2046 3371/3371
f 2046/2046 2044/2044 3372/3372
f 3371/3371 3372/3372 3373/3373
f 3366/3366 3373/3373 3374/3374
f 3365/3365 3374/3374 3045/3045
f 3362/3362 3365/3365 3044/3044
f 3039/3039 3360/3360 3362/3362
f 3375/3375 3378/3378 3376/3376
f 3378/3378 3384/3384 3379/3379
f 3376/3376 3381/3381 3380/3380
f 3379/3379 3386/3386 3381/3381
f 3037/3037 3382/3382 3375/3375
f 3382/3382 3383/3383 3378/3378
f 3383/3383 3385/3385 3384/3384
f 3385/3385 2091/2091 2089/2089
f 3384/3384 2089/2089 2090/2090
f 2090/2090 2088/2088 3386/3386
f 2088/2088 2049/2049 3370/3370
f 3386/3386 3370/3370 3368/3368
f 3381/3381 3368/3368 3367/3367
f 3380/3380 3367/3367 3041/3041
f 3377/3377 3380/3380 3040/3040
f 3035/3035 3375/3375 3377/3377
f 3387/3387 3390/3390 3388/3388
f 3390/3390 3396/3396 3391/3391
f 3388/3388 3393/3393 3392/3392
f 3391/3391 3398/3398 3393/3393
f 3033/3033 3394/3394 3387/3387
f 3394/3394 3395/3395 3390/3390
f 3395/3395 3397/3397 3396/3396
f 3397/3397 2147/2147 2145/2145
f 3396/3396 2145/2145 2146/2146
f 2146/2146 2144/2144 3398/3398
f 2144/2144 2091/2091 3385/3385
f 3398/3398 3385/3385 3383/3383
f 3393/3393 3383/3383 3382/3382
f 3392/3392 3382/3382 3037/3037
f 3389/3389 3392/3392 3036/3036
f 3031/3031 3387/3387 3389/3389
f 3399/3399 3402/3402 3400/3400
f 3402/3402 3408/3408 3403/3403
f 3400/3400 3405/3405 3404/3404
f 3403/3403 3410/3410 3405/3405
f 3029/3029 3406/3406 3399/3399
f 3406/3406 3407/3407 3402/3402
f 3407/3407 3409/3409 3408/3408
f 3409/3409 2227/2227 2225/2225
f 3408/3408 2225/2225 2226/2226
f 2226/2226 2224/2224 3410/3410
f 2224/2224 2147/2147 3397/3397
f 3410/3410 3397/3397 3395/3395
f 3405/3405 3395/3395 3394/3394
f 3404/3404 3394/3394 3033/3033
f 3401/3401 3404/3404 3032/3032
f 3027/3027 3399/3399 3401/3401
f 3411/3411 3414/3414 3412/3412
f 3414/3414 3420/3420 3415/3415
f 3412/3412 3417/3417 3416/3416
f 3415/3415 3422/3422 3417/3417
f 3025/3025 3418/3418 3411/3411
f 3418/3418 3419/3419 3414/3414
f 3419/3419 3421/3421 3420/3420
f 3421/3421 2287/2287 2285/2285
f 3420/3420 2285/2285 2286/2286
f 2286/2286 2284/2284 3422/3422
f 2284/2284 2227/2227 3409/3409
f 3422/3422 3409/3409 3407/3407
f 3417/3417 3407/3407 3406/3406
f 3416/3416 3406/3406 3029/3029
f 3413/3413 3416/3416 3028/3028
f 3023/3023 3411/3411 3413/3413
f 3423/3423 3426/3426 3424/3424
f 3426/3426 3432/3432 3427/3427
f 3424/3424 3429/3429 3428/3428
f 3427/3427 3434/3434 3429/3429
f 3021/3021 3430/3430 3423/3423
f 3430/3430 3431/3431 3426/3426
f 3431/3431 3433/3433 3432/3432
f 3433/3433 2327/2327 2325/2325
f 3432/3432 2325/2325 2326/2326
f 2326/2326 2324/2324 3434/3434
f 2324/2324 2287/2287 3421/3421
f 3434/3434 3421/3421 3419/3419
f 3429/3429 3419/3419 3418/3418
f 3428/3428 3418/3418 3025/3025
f 3425/3425 3428/3428 3024/3024
f 3019/3019 3423/3423 3425/3425
f 3435/3435 3438/3438 3436/3436
f 3438/3438 3444/3444 3439/3439
f 3436/3436 3441/3441 3440/3440
f 3439/3439 3446/3446 3441/3441
f 3017/3017 3442/3442 3435/3435
f 3442/3442 3443/3443 3438/3438
f 3443/3443 3445/3445 3444/3444
f 3445/3445 2383/2383 2381/2381
f 3444/3444 2381/2381 2382/2382
f 2382/2382 2380/2380 3446/3446
f 2380/2380 2327/2327 3433/3433
f 3446/3446 3433/3433 3431/3431
f 3441/3441 3431/3431 3430/3430
f 3440/3440 3430/3430 3021/3021
f 3437/3437 3440/3440 3020/3020
f 3015/3015 3435/3435 3437/3437
f 3447/3447 3450/3450 3448/3448
f 3450/3450 3456/3456 3451/3451
f 3448/3448 3453/3453 3452/3452
f 3451/3451 3458/3458 3453/3453
f 3013/3013 3454/3454 3447/3447
f 3454/3454 3455/3455 3450/3450
f 3455/3455 3457/3457 3456/3456
f 3457/3457 2463/2463 2461/2461
f 3456/3456 2461/2461 2462/2462
f 2462/2462 2460/2460 3458/3458
f 2460/2460 2383/2383 3445/3445
f 3458/3458 3445/3445 3443/3443
f 3453/3453 3443/3443 3442/3442
f 3452/3452 3442/3442 3017/3017
f 3449/3449 3452/3452 3016/3016
f 3011/3011 3447/3447 3449/3449
f 3459/3459 3462/3462 3460/3460
f 3462/3462 3468/3468 3463/3463
f 3460/3460 3465/3465 3464/3464
f 3463/3463 3470/3470 3465/3465
f 3009/3009 3466/3466 3459/3459
f 3466/3466 3467/3467 3462/3462
f 3467/3467 3469/3469 3468/3468
f 3469/3469 2522/2522 2520/2520
f 3468/3468 2520/2520 2521/2521
f 2521/2521 2519/2519 3470/3470
f 2519/2519 2463/2463 3457/3457
f 3470/3470 3457/3457 3455/3455
f 3465/3465 3455/3455 3454/3454
f 3464/3464 3454/3454 3013/3013
f 3461/3461 3464/3464 3012/3012
f 3007/3007 3459/3459 3461/3461
f 3471/3471 3474/3474 3472/3472
f 3474/3474 3480/3480 3475/3475
f 3472/3472 3477/3477 3476/3476
f 3475/3475 3482/3482 3477/3477
f 3005/3005 3478/3478 3471/3471
f 3478/3478 3479/3479 3474/3474
f 3479/3479 3481/3481 3480/3480
f 3481/3481 2559/2559 2557/2557
f 3480/3480 2557/2557 2558/2558
f 2558/2558 2556/2556 3482/3482
f 2556/2556 2522/2522 3469/3469
f 3482/3482 3469/3469 3467/3467
f 3477/3477 3467/3467 3466/3466
f 3476/3476 3466/3466 3009/3009
f 3473/3473 3476/3476 3008/3008
f 3003/3003 3471/3471 3473/3473
f 3483/3483 3486/3486 3484/3484
f 3486/3486 3492/3492 3487/3487
f 3484/3484 3489/3489 3488/3488
f 3487/3487 3494/3494 3489/3489
f 3001/3001 3490/3490 3483/3483
f 3490/3490 3491/3491 3486/3486
f 3491/3491 3493/3493 3492/3492
f 3493/3493 2651/2651 2649/2649
f 3492/3492 2649/2649 2650/2650
f 2650/2650 2648/2648 3494/3494
f 2648/2648 2559/2559 3481/3481
f 3494/3494 3481/3481 3479/3479
f 3489/3489 3479/3479 3478/3478
f 3488/3488 3478/3478 3005/3005
f 3485/3485 3488/3488 3004/3004
f 2999/2999 3483/3483 3485/3485
f 3495/3495 3498/3498 3496/3496
f 3498/3498 3504/3504 3499/3499
f 3496/3496 3501/3501 3500/3500
f 3499/3499 3506/3506 3501/3501
f 2997/2997 3502/3502 3495/3495
f 3502/3502 3503/3503 3498/3498
f 3503/3503 3505/3505 3504/3504
f 3505/3505 2690/2690 2688/2688
f 3504/3504 2688/2688 2689/2689
f 2689/2689 2687/2687 3506/3506
f 2687/2687 2651/2651 3493/3493
f 3506/3506 3493/3493 3491/3491
f 3501/3501 3491/3491 3490/3490
f 3500/3500 3490/3490 3001/3001
f 3497/3497 3500/3500 3000/3000
f 2995/2995 3495/3495 3497/3497
f 3507/3507 3510/3510 3508/3508
f 3510/3510 3516/3516 3511/3511
f 3508/3508 3513/3513 3512/3512
f 3511/3511 3518/3518 3513/3513
f 2993/2993 3514/3514 3507/3507
f 3514/3514 3515/3515 3510/3510
f 3515/3515 3517/3517 3516/3516
f 3517/3517 2773/2773 2771/2771
f 3516/3516 2771/2771 2772/2772
f 2772/2772 2770/2770 3518/3518
f 2770/2770 2690/2690 3505/3505
f 3518/3518 3505/3505 3503/3503
f 3513/3513 3503/3503 3502/3502
f 3512/3512 3502/3502 2997/2997
f 3509/3509 3512/3512 2996/2996
f 2991/2991 3507/3507 3509/3509
f 3519/3519 3522/3522 3520/3520
f 3522/3522 3528/3528 3523/3523
f 3520/3520 3525/3525 3524/3524
f 3523/3523 3530/3530 3525/3525
f 2989/2989 3526/3526 3519/3519
f 3526/3526 3527/3527 3522/3522
f 3527/3527 3529/3529 3528/3528
f 3529/3529 2883/2883 2881/2881
f 3528/3528 2881/2881 2882/2882
f 2882/2882 2880/2880 3530/3530
f 2880/2880 2773/2773 3517/3517
f 3530/3530 3517/3517 3515/3515
f 3525/3525 3515/3515 3514/3514
f 3524/3524 3514/3514 2993/2993
f 3521/3521 3524/3524 2992/2992
f 2987/2987 3519/3519 3521/3521
f 3531/3531 3534/3534 3532/3532
f 3534/3534 3540/3540 3535/3535
f 3532/3532 3537/3537 3536/3536
f 3535/3535 3542/3542 3537/3537
f 2984/2984 3538/3538 3531/3531
f 3538/3538 3539/3539 3534/3534
f 3539/3539 3541/3541 3540/3540
f 3541/3541 3214/3214 3212/3212
f 3540/3540 3212/3212 3213/3213
f 3213/3213 3211/3211 3542/3542
f 3211/3211 2883/2883 3529/3529
f 3542/3542 3529/3529 3527/3527
f 3537/3537 3527/3527 3526/3526
f 3536/3536 3526/3526 2989/2989
f 3533/3533 3536/3536 2988/2988
f 2982/2982 3531/3531 3533/3533
f 3543/3543 3546/3546 3544/3544
f 3546/3546 3550/3550 3547/3547
f 3544/3544 3549/3549 3548/3548
f 3547/3547 3551/3551 3549/3549
f 3045/3045 3374/3374 3543/3543
f 3374/3374 3373/3373 3546/3546
f 3373/3373 3372/3372 3550/3550
f 3372/3372 2044/2044 3306/3306
f 3550/3550 3306/3306 3307/3307
f 3307/3307 3305/3305 3551/3551
f 3305/3305 3214/3214 3541/3541
f 3551/3551 3541/3541 3539/3539
f 3549/3549 3539/3539 3538/3538
f 3548/3548 3538/3538 2984/2984
f 3545/3545 3548/3548 2983/2983
f 3043/3043 3543/3543 3545/3545
f 3552/3552 3555/3555 3553/3553
f 3555/3555 3564/3564 3556/3556
f 3554/3554 3553/3553 3557/3557
f 3556/3556 3565/3565 3557/3557
f 3559/3559 3552/3552 3560/3560
f 3562/3562 3555/3555 3552/3552
f 3563/3563 3564/3564 3555/3555
f 2759/2759 3352/3352 3564/3564
f 3564/3564 3352/3352 3359/3359
f 3359/3359 3358/3358 3565/3565
f 3565/3565 3358/3358 3131/3131
f 3565/3565 3566/3566 3567/3567
f 3557/3557 3567/3567 3568/3568
f 3558/3558 3568/3568 3569/3569
f 3571/3571 3554/3554 3558/3558
f 3552/3552 3554/3554 3571/3571
f 3572/3572 3575/3575 3573/3573
f 3575/3575 3584/3584 3576/3576
f 3574/3574 3573/3573 3577/3577
f 3576/3576 3585/3585 3577/3577
f 3579/3579 3572/3572 3580/3580
f 3582/3582 3575/3575 3572/3572
f 3583/3583 3584/3584 3575/3575
f 2826/2826 3337/3337 3584/3584
f 3584/3584 3337/3337 3344/3344
f 3344/3344 3343/3343 3585/3585
f 3585/3585 3343/3343 2724/2724
f 3585/3585 3586/3586 3587/3587
f 3577/3577 3587/3587 3588/3588
f 3578/3578 3588/3588 3589/3589
f 3591/3591 3574/3574 3578/3578
f 3572/3572 3574/3574 3591/3591
f 3592/3592 3596/3596 3593/3593
f 3595/3595 3598/3598 3593/3593
f 3593/3593 3599/3599 3597/3597
f 3598/3598 3605/3605 3599/3599
f 3600/3600 3602/3602 3592/3592
f 3602/3602 3603/3603 3596/3596
f 3603/3603 3604/3604 3595/3595
f 3604/3604 3275/3275 3285/3285
f 3285/3285 3296/3296 3598/3598
f 3296/3296 3295/3295 3605/3605
f 3605/3605 3295/3295 3294/3294
f 3605/3605 3606/3606 3607/3607
f 3597/3597 3599/3599 3607/3607
f 3609/3609 3597/3597 3608/3608
f 3594/3594 3597/3597 3609/3609
f 3601/3601 3592/3592 3594/3594
f 3612/3612 3615/3615 3613/3613
f 3615/3615 3624/3624 3616/3616
f 3614/3614 3613/3613 3617/3617
f 3616/3616 3625/3625 3617/3617
f 3619/3619 3612/3612 3620/3620
f 3622/3622 3615/3615 3612/3612
f 3623/3623 3624/3624 3615/3615
f 3200/3200 3266/3266 3624/3624
f 3624/3624 3266/3266 3277/3277
f 3277/3277 3276/3276 3625/3625
f 3276/3276 3275/3275 3604/3604
f 3625/3625 3604/3604 3603/3603
f 3617/3617 3603/3603 3602/3602
f 3618/3618 3602/3602 3600/3600
f 3627/3627 3614/3614 3618/3618
f 3612/3612 3614/3614 3627/3627
f 3628/3628 3631/3631 3629/3629
f 3631/3631 3640/3640 3632/3632
f 3630/3630 3629/3629 3633/3633
f 3632/3632 3641/3641 3633/3633
f 3635/3635 3628/3628 3636/3636
f 3638/3638 3631/3631 3628/3628
f 3639/3639 3640/3640 3631/3631
f 3082/3082 3191/3191 3640/3640
f 3640/3640 3191/3191 3202/3202
f 3202/3202 3201/3201 3641/3641
f 3641/3641 3201/3201 3200/3200
f 3641/3641 3623/3623 3622/3622
f 3633/3633 3622/3622 3619/3619
f 3634/3634 3619/3619 3621/3621
f 3643/3643 3630/3630 3634/3634
f 3628/3628 3630/3630 3643/3643
f 3644/3644 3648/3648 3645/3645
f 3647/3647 3657/3657 3645/3645
f 3645/3645 3651/3651 3649/3649
f 3645/3645 3657/3657 3650/3650
f 3652/3652 3644/3644 3653/3653
f 3655/3655 3648/3648 3644/3644
f 3656/3656 3647/3647 3648/3648
f 3174/3174 3173/3173 3647/3647
f 3173/3173 3183/3183 3657/3657
f 3657/3657 3183/3183 3182/3182
f 3182/3182 2837/2837 3658/3658
f 3650/3650 3658/3658 3659/3659
f 3651/3651 3659/3659 3660/3660
f 3661/3661 3649/3649 3660/3660
f 3646/3646 3649/3649 3661/3661
f 3644/3644 3646/3646 3663/3663
f 3664/3664 3668/3668 3665/3665
f 3667/3667 3670/3670 3665/3665
f 3665/3665 3671/3671 3669/3669
f 3670/3670 3673/3673 3671/3671
f 3568/3568 3664/3664 3672/3672
f 3567/3567 3668/3668 3664/3664
f 3567/3567 3566/3566 3667/3667
f 3131/3131 3132/3132 3667/3667
f 3132/3132 3145/3145 3670/3670
f 3670/3670 3145/3145 3143/3143
f 3673/3673 3143/3143 3144/3144
f 3671/3671 3673/3673 3674/3674
f 3669/3669 3671/3671 3675/3675
f 3677/3677 3669/3669 3676/3676
f 3666/3666 3669/3669 3677/3677
f 3664/3664 3666/3666 3679/3679
f 3680/3680 3683/3683 3681/3681
f 3683/3683 3692/3692 3684/3684
f 3682/3682 3681/3681 3685/3685
f 3684/3684 3693/3693 3685/3685
f 3687/3687 3680/3680 3688/3688
f 3690/3690 3683/3683 3680/3680
f 3691/3691 3692/3692 3683/3683
f 3105/3105 3115/3115 3692/3692
f 3692/3692 3115/3115 3122/3122
f 3122/3122 3121/3121 3693/3693
f 3693/3693 3121/3121 2747/2747
f 3693/3693 3694/3694 3695/3695
f 3685/3685 3695/3695 3696/3696
f 3686/3686 3696/3696 3697/3697
f 3699/3699 3682/3682 3686/3686
f 3680/3680 3682/3682 3699/3699
f 3700/3700 3704/3704 3701/3701
f 3703/3703 3713/3713 3701/3701
f 3701/3701 3707/3707 3705/3705
f 3701/3701 3713/3713 3706/3706
f 3708/3708 3711/3711 3700/3700
f 3710/3710 3704/3704 3700/3700
f 3712/3712 3703/3703 3704/3704
f 3094/3094 3093/3093 3703/3703
f 3703/3703 3093/3093 3107/3107
f 3713/3713 3107/3107 3106/3106
f 3106/3106 3105/3105 3691/3691
f 3706/3706 3691/3691 3690/3690
f 3707/3707 3690/3690 3687/3687
f 3714/3714 3705/3705 3687/3687
f 3702/3702 3705/3705 3714/3714
f 3700/3700 3702/3702 3715/3715
f 3716/3716 3720/3720 3717/3717
f 3719/3719 3729/3729 3717/3717
f 3717/3717 3723/3723 3721/3721
f 3717/3717 3729/3729 3722/3722
f 3724/3724 3716/3716 3725/3725
f 3727/3727 3720/3720 3716/3716
f 3728/3728 3719/3719 3720/3720
f 3071/3071 3070/3070 3719/3719
f 3070/3070 3084/3084 3729/3729
f 3729/3729 3084/3084 3083/3083
f 3083/3083 3082/3082 3639/3639
f 3722/3722 3639/3639 3638/3638
f 3723/3723 3638/3638 3635/3635
f 3721/3721 3635/3635 3637/3637
f 3718/3718 3721/3721 3730/3730
f 3725/3725 3716/3716 3718/3718
f 3732/3732 3736/3736 3733/3733
f 3735/3735 3738/3738 3736/3736
f 3736/3736 3739/3739 3737/3737
f 3738/3738 3745/3745 3739/3739
f 3740/3740 3734/3734 3741/3741
f 3743/3743 3732/3732 3734/3734
f 3743/3743 3744/3744 3735/3735
f 3744/3744 2736/2736 2938/2938
f 3735/3735 2938/2938 2949/2949
f 2949/2949 2947/2947 3745/3745
f 3745/3745 2947/2947 2948/2948
f 3745/3745 3746/3746 3747/3747
f 3737/3737 3739/3739 3747/3747
f 3749/3749 3737/3737 3748/3748
f 3733/3733 3737/3737 3749/3749
f 3741/3741 3734/3734 3733/3733
f 3752/3752 3756/3756 3753/3753
f 3755/3755 3758/3758 3753/3753
f 3753/3753 3759/3759 3757/3757
f 3758/3758 3765/3765 3759/3759
f 3760/3760 3752/3752 3761/3761
f 3763/3763 3756/3756 3752/3752
f 3763/3763 3764/3764 3755/3755
f 3764/3764 2849/2849 2919/2919
f 2919/2919 2930/2930 3758/3758
f 2930/2930 2928/2928 3765/3765
f 3765/3765 2928/2928 2929/2929
f 3759/3759 3765/3765 3766/3766
f 3757/3757 3759/3759 3767/3767
f 3769/3769 3757/3757 3768/3768
f 3754/3754 3757/3757 3769/3769
f 3761/3761 3752/3752 3754/3754
f 3772/3772 3775/3775 3773/3773
f 3775/3775 3780/3780 3776/3776
f 3774/3774 3773/3773 3777/3777
f 3776/3776 3781/3781 3777/3777
f 3660/3660 3772/3772 3779/3779
f 3659/3659 3775/3775 3772/3772
f 3658/3658 3780/3780 3775/3775
f 3658/3658 2837/2837 2838/2838
f 3780/3780 2838/2838 2851/2851
f 2851/2851 2850/2850 3781/3781
f 2850/2850 2849/2849 3764/3764
f 3781/3781 3764/3764 3763/3763
f 3777/3777 3763/3763 3760/3760
f 3778/3778 3760/3760 3762/3762
f 3783/3783 3774/3774 3778/3778
f 3772/3772 3774/3774 3783/3783
f 3784/3784 3788/3788 3785/3785
f 3787/3787 3797/3797 3785/3785
f 3785/3785 3791/3791 3789/3789
f 3785/3785 3797/3797 3790/3790
f 3792/3792 3784/3784 3793/3793
f 3795/3795 3788/3788 3784/3784
f 3796/3796 3787/3787 3788/3788
f 2813/2813 2814/2814 3787/3787
f 2814/2814 2828/2828 3797/3797
f 3797/3797 2828/2828 2827/2827
f 2827/2827 2826/2826 3583/3583
f 3790/3790 3583/3583 3582/3582
f 3791/3791 3582/3582 3579/3579
f 3789/3789 3579/3579 3581/3581
f 3786/3786 3789/3789 3798/3798
f 3784/3784 3786/3786 3799/3799
f 3800/3800 3803/3803 3801/3801
f 3803/3803 3808/3808 3804/3804
f 3802/3802 3801/3801 3805/3805
f 3804/3804 3809/3809 3805/3805
f 3696/3696 3800/3800 3807/3807
f 3695/3695 3803/3803 3800/3800
f 3694/3694 3808/3808 3803/3803
f 2747/2747 2748/2748 3808/3808
f 3808/3808 2748/2748 2761/2761
f 2761/2761 2760/2760 3809/3809
f 3809/3809 2760/2760 2759/2759
f 3809/3809 3563/3563 3562/3562
f 3805/3805 3562/3562 3559/3559
f 3806/3806 3559/3559 3561/3561
f 3811/3811 3802/3802 3806/3806
f 3800/3800 3802/3802 3811/3811
f 3812/3812 3815/3815 3813/3813
f 3815/3815 3820/3820 3816/3816
f 3814/3814 3813/3813 3817/3817
f 3816/3816 3821/3821 3817/3817
f 3588/3588 3812/3812 3819/3819
f 3587/3587 3815/3815 3812/3812
f 3586/3586 3820/3820 3815/3815
f 2724/2724 2725/2725 3820/3820
f 3820/3820 2725/2725 2738/2738
f 2738/2738 2737/2737 3821/3821
f 2737/2737 2736/2736 3744/3744
f 3821/3821 3744/3744 3743/3743
f 3817/3817 3743/3743 3740/3740
f 3818/3818 3740/3740 3742/3742
f 3823/3823 3814/3814 3818/3818
f 3812/3812 3814/3814 3823/3823
f 3824/3824 3828/3828 3825/3825
f 3827/3827 3835/3835 3825/3825
f 3825/3825 3831/3831 3829/3829
f 3825/3825 3835/3835 3830/3830
f 3239/3239 3832/3832 3824/3824
f 3832/3832 3833/3833 3828/3828
f 3833/3833 3834/3834 3827/3827
f 3589/3589 3819/3819 3827/3827
f 3819/3819 3823/3823 3835/3835
f 3835/3835 3823/3823 3822/3822
f 3822/3822 3742/3742 3836/3836
f 3830/3830 3836/3836 3837/3837
f 3831/3831 3837/3837 3838/3838
f 3829/3829 3838/3838 2911/2911
f 3826/3826 3829/3829 2910/2910
f 2908/2908 3824/3824 3826/3826
f 3839/3839 3843/3843 3840/3840
f 3842/3842 3845/3845 3840/3840
f 3840/3840 3846/3846 3844/3844
f 3845/3845 3850/3850 3846/3846
f 2623/2623 3847/3847 3839/3839
f 3847/3847 3849/3849 3843/3843
f 3848/3848 3842/3842 3843/3843
f 3697/3697 3807/3807 3842/3842
f 3807/3807 3811/3811 3845/3845
f 3845/3845 3811/3811 3810/3810
f 3810/3810 3561/3561 3851/3851
f 3850/3850 3851/3851 3852/3852
f 3846/3846 3852/3852 3853/3853
f 3844/3844 3853/3853 2587/2587
f 3841/3841 3844/3844 2586/2586
f 2584/2584 3839/3839 3841/3841
f 3854/3854 3858/3858 3855/3855
f 3857/3857 3860/3860 3855/3855
f 3855/3855 3861/3861 3859/3859
f 3860/3860 3866/3866 3861/3861
f 3862/3862 3863/3863 3854/3854
f 3863/3863 3865/3865 3858/3858
f 3864/3864 3857/3857 3858/3858
f 3864/3864 3794/3794 3793/3793
f 3857/3857 3793/3793 3799/3799
f 3799/3799 3798/3798 3866/3866
f 3798/3798 3581/3581 3867/3867
f 3866/3866 3867/3867 3868/3868
f 3861/3861 3868/3868 3869/3869
f 3859/3859 3869/3869 3329/3329
f 3856/3856 3859/3859 3328/3328
f 3326/3326 3854/3854 3856/3856
f 3870/3870 3873/3873 3871/3871
f 3873/3873 3881/3881 3874/3874
f 3871/3871 3877/3877 3875/3875
f 3871/3871 3874/3874 3876/3876
f 2411/2411 3878/3878 3870/3870
f 3878/3878 3880/3880 3873/3873
f 3879/3879 3881/3881 3873/3873
f 3662/3662 3779/3779 3881/3881
f 3779/3779 3783/3783 3874/3874
f 3874/3874 3783/3783 3782/3782
f 3782/3782 3762/3762 3882/3882
f 3876/3876 3882/3882 3883/3883
f 3877/3877 3883/3883 3884/3884
f 3875/3875 3884/3884 2355/2355
f 3872/3872 3875/3875 2354/2354
f 2352/2352 3870/3870 3872/3872
f 3885/3885 3889/3889 3886/3886
f 3888/3888 3891/3891 3886/3886
f 3886/3886 3892/3892 3890/3890
f 3891/3891 3893/3893 3892/3892
f 2355/2355 3884/3884 3885/3885
f 3884/3884 3883/3883 3889/3889
f 3882/3882 3888/3888 3889/3889
f 3762/3762 3761/3761 3888/3888
f 3761/3761 3771/3771 3891/3891
f 3771/3771 3769/3769 3893/3893
f 3769/3769 3770/3770 3894/3894
f 3893/3893 3894/3894 3895/3895
f 3892/3892 3895/3895 3896/3896
f 3890/3890 3896/3896 2314/2314
f 3887/3887 3890/3890 2312/2312
f 2310/2310 3885/3885 3887/3887
f 3897/3897 3901/3901 3898/3898
f 3900/3900 3903/3903 3898/3898
f 3898/3898 3904/3904 3902/3902
f 3903/3903 3905/3905 3904/3904
f 2911/2911 3838/3838 3897/3897
f 3838/3838 3837/3837 3901/3901
f 3836/3836 3900/3900 3901/3901
f 3742/3742 3741/3741 3900/3900
f 3741/3741 3751/3751 3903/3903
f 3751/3751 3749/3749 3905/3905
f 3749/3749 3750/3750 3906/3906
f 3905/3905 3906/3906 3907/3907
f 3904/3904 3907/3907 3908/3908
f 3902/3902 3908/3908 2804/2804
f 3899/3899 3902/3902 2802/2802
f 2800/2800 3897/3897 3899/3899
f 3909/3909 3913/3913 3910/3910
f 3912/3912 3915/3915 3910/3910
f 3910/3910 3916/3916 3914/3914
f 3915/3915 3921/3921 3916/3916
f 3917/3917 3918/3918 3909/3909
f 3918/3918 3919/3919 3913/3913
f 3919/3919 3920/3920 3912/3912
f 3726/3726 3725/3725 3912/3912
f 3725/3725 3731/3731 3915/3915
f 3731/3731 3730/3730 3921/3921
f 3730/3730 3637/3637 3922/3922
f 3921/3921 3922/3922 3923/3923
f 3916/3916 3923/3923 3924/3924
f 3914/3914 3924/3924 2255/2255
f 3911/3911 3914/3914 2254/2254
f 2252/2252 3909/3909 3911/3911
f 3925/3925 3928/3928 3926/3926
f 3928/3928 3936/3936 3929/3929
f 3926/3926 3931/3931 3930/3930
f 3929/3929 3937/3937 3931/3931
f 3932/3932 3933/3933 3925/3925
f 3933/3933 3935/3935 3928/3928
f 3934/3934 3936/3936 3928/3928
f 3934/3934 3708/3708 3709/3709
f 3709/3709 3715/3715 3929/3929
f 3715/3715 3714/3714 3937/3937
f 3714/3714 3689/3689 3938/3938
f 3937/3937 3938/3938 3939/3939
f 3931/3931 3939/3939 3940/3940
f 3930/3930 3940/3940 2715/2715
f 3927/3927 3930/3930 2714/2714
f 2712/2712 3925/3925 3927/3927
f 3941/3941 3944/3944 3942/3942
f 3944/3944 3948/3948 3945/3945
f 3942/3942 3947/3947 3946/3946
f 3945/3945 3949/3949 3947/3947
f 2715/2715 3940/3940 3941/3941
f 3940/3940 3939/3939 3944/3944
f 3939/3939 3938/3938 3948/3948
f 3689/3689 3688/3688 3948/3948
f 3688/3688 3699/3699 3945/3945
f 3945/3945 3699/3699 3698/3698
f 3698/3698 3697/3697 3848/3848
f 3949/3949 3848/3848 3849/3849
f 3947/3947 3849/3849 3847/3847
f 3946/3946 3847/3847 2623/2623
f 3943/3943 3946/3946 2622/2622
f 2620/2620 3941/3941 3943/3943
f 3950/3950 3954/3954 3951/3951
f 3953/3953 3956/3956 3951/3951
f 3951/3951 3957/3957 3955/3955
f 3956/3956 3961/3961 3957/3957
f 2547/2547 3958/3958 3950/3950
f 3958/3958 3959/3959 3954/3954
f 3959/3959 3960/3960 3953/3953
f 3569/3569 3672/3672 3953/3953
f 3672/3672 3679/3679 3956/3956
f 3956/3956 3679/3679 3677/3677
f 3677/3677 3678/3678 3962/3962
f 3961/3961 3962/3962 3963/3963
f 3957/3957 3963/3963 3964/3964
f 3955/3955 3964/3964 2490/2490
f 3952/3952 3955/3955 2488/2488
f 2486/2486 3950/3950 3952/3952
f 3965/3965 3968/3968 3966/3966
f 3968/3968 3976/3976 3969/3969
f 3966/3966 3972/3972 3970/3970
f 3966/3966 3969/3969 3971/3971
f 3973/3973 3974/3974 3965/3965
f 3974/3974 3975/3975 3968/3968
f 3975/3975 3977/3977 3976/3976
f 3977/3977 3654/3654 3653/3653
f 3976/3976 3653/3653 3663/3663
f 3663/3663 3661/3661 3971/3971
f 3971/3971 3661/3661 3662/3662
f 3971/3971 3879/3879 3880/3880
f 3972/3972 3880/3880 3878/3878
f 3970/3970 3878/3878 2411/2411
f 3967/3967 3970/3970 2410/2410
f 2408/2408 3965/3965 3967/3967
f 3978/3978 3982/3982 3979/3979
f 3981/3981 3986/3986 3979/3979
f 3979/3979 3985/3985 3983/3983
f 3979/3979 3986/3986 3984/3984
f 2255/2255 3924/3924 3978/3978
f 3924/3924 3923/3923 3982/3982
f 3923/3923 3922/3922 3981/3981
f 3637/3637 3636/3636 3981/3981
f 3636/3636 3643/3643 3986/3986
f 3986/3986 3643/3643 3642/3642
f 3642/3642 3621/3621 3987/3987
f 3984/3984 3987/3987 3988/3988
f 3985/3985 3988/3988 3989/3989
f 3983/3983 3989/3989 2175/2175
f 3980/3980 3983/3983 2174/2174
f 2172/2172 3978/3978 3980/3980
f 3990/3990 3994/3994 3991/3991
f 3993/3993 3996/3996 3991/3991
f 3991/3991 3997/3997 3995/3995
f 3996/3996 3998/3998 3997/3997
f 2175/2175 3989/3989 3990/3990
f 3989/3989 3988/3988 3994/3994
f 3988/3988 3987/3987 3993/3993
f 3621/3621 3620/3620 3993/3993
f 3620/3620 3627/3627 3996/3996
f 3996/3996 3627/3627 3626/3626
f 3626/3626 3600/3600 3999/3999
f 3998/3998 3999/3999 4000/4000
f 3997/3997 4000/4000 4001/4001
f 3995/3995 4001/4001 2119/2119
f 3992/3992 3995/3995 2118/2118
f 2116/2116 3990/3990 3992/3992
f 4002/4002 4006/4006 4003/4003
f 4005/4005 4008/4008 4003/4003
f 4003/4003 4009/4009 4007/4007
f 4008/4008 4010/4010 4009/4009
f 2119/2119 4001/4001 4002/4002
f 4001/4001 4000/4000 4006/4006
f 3999/3999 4005/4005 4006/4006
f 3600/3600 3601/3601 4005/4005
f 4005/4005 3601/3601 3611/3611
f 3611/3611 3609/3609 4010/4010
f 3609/3609 3610/3610 4011/4011
f 4010/4010 4011/4011 4012/4012
f 4009/4009 4012/4012 4013/4013
f 4007/4007 4013/4013 2078/2078
f 4004/4004 4007/4007 2076/2076
f 2074/2074 4002/4002 4004/4004
f 4014/4014 4018/4018 4015/4015
f 4017/4017 4020/4020 4015/4015
f 4015/4015 4021/4021 4019/4019
f 4020/4020 4022/4022 4021/4021
f 3329/3329 3869/3869 4014/4014
f 3869/3869 3868/3868 4018/4018
f 3868/3868 3867/3867 4017/4017
f 3867/3867 3581/3581 3580/3580
f 3580/3580 3591/3591 4020/4020
f 4020/4020 3591/3591 3590/3590
f 3590/3590 3589/3589 3834/3834
f 4022/4022 3834/3834 3833/3833
f 4021/4021 3833/3833 3832/3832
f 4019/4019 3832/3832 3239/3239
f 4016/4016 4019/4019 3238/3238
f 3236/3236 4014/4014 4016/4016
f 4023/4023 4027/4027 4024/4024
f 4026/4026 4031/4031 4024/4024
f 4024/4024 4030/4030 4028/4028
f 4024/4024 4031/4031 4029/4029
f 2587/2587 3853/3853 4023/4023
f 3853/3853 3852/3852 4027/4027
f 3851/3851 4026/4026 4027/4027
f 3561/3561 3560/3560 4026/4026
f 3560/3560 3571/3571 4031/4031
f 4031/4031 3571/3571 3570/3570
f 3570/3570 3569/3569 3960/3960
f 4029/4029 3960/3960 3959/3959
f 4030/4030 3959/3959 3958/3958
f 4028/4028 3958/3958 2547/2547
f 4025/4025 4028/4028 2546/2546
f 2544/2544 4023/4023 4025/4025
f 4032/4032 4036/4036 4033/4033
f 4032/4032 4041/4041 4035/4035
f 4036/4036 4039/4039 4037/4037
f 4036/4036 4035/4035 4038/4038
f 789/789 4034/4034 4040/4040
f 788/788 4032/4032 4034/4034
f 788/788 787/787 4041/4041
f 787/787 786/786 4042/4042
f 4041/4041 4042/4042 4043/4043
f 4035/4035 4043/4043 4044/4044
f 4038/4038 4044/4044 4045/4045
f 4039/4039 4038/4038 2822/2822
f 4039/4039 2820/2820 2819/2819
f 4037/4037 2819/2819 4046/4046
f 4033/4033 4037/4037 4047/4047
f 4034/4034 4033/4033 4048/4048
f 4049/4049 4053/4053 4050/4050
f 4049/4049 4057/4057 4052/4052
f 4053/4053 4056/4056 4054/4054
f 4053/4053 4052/4052 4055/4055
f 1312/1312 4051/4051 4042/4042
f 1311/1311 4049/4049 4051/4051
f 1311/1311 1310/1310 4057/4057
f 1310/1310 701/701 4058/4058
f 4057/4057 4058/4058 4059/4059
f 4052/4052 4059/4059 4060/4060
f 4055/4055 4060/4060 4061/4061
f 4056/4056 4055/4055 3342/3342
f 4056/4056 3340/3340 3339/3339
f 4054/4054 3339/3339 4045/4045
f 4050/4050 4054/4054 4044/4044
f 4051/4051 4050/4050 4043/4043
f 4062/4062 4066/4066 4063/4063
f 4062/4062 4070/4070 4065/4065
f 4066/4066 4069/4069 4067/4067
f 4066/4066 4065/4065 4068/4068
f 700/700 4064/4064 4058/4058
f 699/699 4062/4062 4064/4064
f 699/699 698/698 4070/4070
f 698/698 697/697 4071/4071
f 4070/4070 4071/4071 4072/4072
f 4065/4065 4072/4072 4073/4073
f 4068/4068 4073/4073 4074/4074
f 4069/4069 4068/4068 2732/2732
f 4069/4069 2730/2730 2729/2729
f 4067/4067 2729/2729 4061/4061
f 4063/4063 4067/4067 4060/4060
f 4064/4064 4063/4063 4059/4059
f 4075/4075 4079/4079 4076/4076
f 4075/4075 4083/4083 4078/4078
f 4079/4079 4082/4082 4080/4080
f 4079/4079 4078/4078 4081/4081
f 914/914 4077/4077 4071/4071
f 913/913 4075/4075 4077/4077
f 913/913 912/912 4083/4083
f 912/912 911/911 4084/4084
f 4083/4083 4084/4084 4085/4085
f 4078/4078 4085/4085 4086/4086
f 4081/4081 4086/4086 4087/4087
f 4082/4082 4081/4081 2943/2943
f 4082/4082 2941/2941 2940/2940
f 4080/4080 2940/2940 4074/4074
f 4076/4076 4080/4080 4073/4073
f 4077/4077 4076/4076 4072/4072
f 4088/4088 4092/4092 4089/4089
f 4088/4088 4097/4097 4091/4091
f 4092/4092 4095/4095 4093/4093
f 4092/4092 4091/4091 4094/4094
f 1071/1071 4090/4090 4096/4096
f 1070/1070 4088/4088 4090/4090
f 1070/1070 1069/1069 4097/4097
f 1069/1069 1068/1068 4098/4098
f 4097/4097 4098/4098 4099/4099
f 4091/4091 4099/4099 4100/4100
f 4094/4094 4100/4100 4101/4101
f 4095/4095 4094/4094 3101/3101
f 4095/4095 3099/3099 3098/3098
f 4093/4093 3098/3098 4102/4102
f 4089/4089 4093/4093 4103/4103
f 4090/4090 4089/4089 4104/4104
f 4105/4105 4109/4109 4106/4106
f 4105/4105 4113/4113 4108/4108
f 4109/4109 4112/4112 4110/4110
f 4109/4109 4108/4108 4111/4111
f 1089/1089 4107/4107 4098/4098
f 1088/1088 4105/4105 4107/4107
f 1088/1088 1087/1087 4113/4113
f 1087/1087 724/724 4114/4114
f 4113/4113 4114/4114 4115/4115
f 4108/4108 4115/4115 4116/4116
f 4111/4111 4116/4116 4117/4117
f 4112/4112 4111/4111 3120/3120
f 4112/4112 3118/3118 3117/3117
f 4110/4110 3117/3117 4101/4101
f 4106/4106 4110/4110 4100/4100
f 4107/4107 4106/4106 4099/4099
f 4118/4118 4122/4122 4119/4119
f 4118/4118 4126/4126 4121/4121
f 4122/4122 4125/4125 4123/4123
f 4122/4122 4121/4121 4124/4124
f 723/723 4120/4120 4114/4114
f 722/722 4118/4118 4120/4120
f 722/722 721/721 4126/4126
f 721/721 720/720 4127/4127
f 4126/4126 4127/4127 4128/4128
f 4121/4121 4128/4128 4129/4129
f 4124/4124 4129/4129 4130/4130
f 4125/4125 4124/4124 2755/2755
f 4125/4125 2753/2753 2752/2752
f 4123/4123 2752/2752 4117/4117
f 4119/4119 4123/4123 4116/4116
f 4120/4120 4119/4119 4115/4115
f 4131/4131 4135/4135 4132/4132
f 4131/4131 4139/4139 4134/4134
f 4135/4135 4138/4138 4136/4136
f 4135/4135 4134/4134 4137/4137
f 1329/1329 4133/4133 4127/4127
f 1328/1328 4131/4131 4133/4133
f 1328/1328 1327/1327 4139/4139
f 1327/1327 1112/1112 4140/4140
f 4139/4139 4140/4140 4141/4141
f 4134/4134 4141/4141 4142/4142
f 4137/4137 4142/4142 4143/4143
f 4138/4138 4137/4137 3357/3357
f 4138/4138 3355/3355 3354/3354
f 4136/4136 3354/3354 4130/4130
f 4132/4132 4136/4136 4129/4129
f 4133/4133 4132/4132 4128/4128
f 4144/4144 4148/4148 4145/4145
f 4144/4144 4152/4152 4147/4147
f 4148/4148 4151/4151 4149/4149
f 4148/4148 4147/4147 4150/4150
f 1111/1111 4146/4146 4140/4140
f 1110/1110 4144/4144 4146/4146
f 1110/1110 1109/1109 4152/4152
f 1109/1109 1108/1108 4153/4153
f 4152/4152 4153/4153 4154/4154
f 4147/4147 4154/4154 4155/4155
f 4150/4150 4155/4155 4156/4156
f 4151/4151 4150/4150 3139/3139
f 4151/4151 3137/3137 3136/3136
f 4149/4149 3136/3136 4143/4143
f 4145/4145 4149/4149 4142/4142
f 4146/4146 4145/4145 4141/4141
f 4157/4157 4161/4161 4158/4158
f 4157/4157 4166/4166 4160/4160
f 4161/4161 4164/4164 4162/4162
f 4161/4161 4160/4160 4163/4163
f 1150/1150 4159/4159 4165/4165
f 1149/1149 4157/4157 4159/4159
f 1149/1149 1148/1148 4166/4166
f 1148/1148 814/814 4167/4167
f 4166/4166 4167/4167 4168/4168
f 4160/4160 4168/4168 4169/4169
f 4163/4163 4169/4169 4170/4170
f 4164/4164 4163/4163 3181/3181
f 4164/4164 3179/3179 3178/3178
f 4162/4162 3178/3178 4171/4171
f 4158/4158 4162/4162 4172/4172
f 4159/4159 4158/4158 4173/4173
f 4174/4174 4178/4178 4175/4175
f 4174/4174 4182/4182 4177/4177
f 4178/4178 4181/4181 4179/4179
f 4178/4178 4177/4177 4180/4180
f 813/813 4176/4176 4167/4167
f 812/812 4174/4174 4176/4176
f 812/812 811/811 4182/4182
f 811/811 810/810 4183/4183
f 4182/4182 4183/4183 4184/4184
f 4177/4177 4184/4184 4185/4185
f 4180/4180 4185/4185 4186/4186
f 4181/4181 4180/4180 2845/2845
f 4181/4181 2843/2843 2842/2842
f 4179/4179 2842/2842 4170/4170
f 4175/4175 4179/4179 4169/4169
f 4176/4176 4175/4175 4168/4168
f 4187/4187 4191/4191 4188/4188
f 4187/4187 4195/4195 4190/4190
f 4191/4191 4194/4194 4192/4192
f 4191/4191 4190/4190 4193/4193
f 894/894 4189/4189 4183/4183
f 893/893 4187/4187 4189/4189
f 893/893 892/892 4195/4195
f 892/892 891/891 4196/4196
f 4195/4195 4196/4196 4197/4197
f 4190/4190 4197/4197 4198/4198
f 4193/4193 4198/4198 4199/4199
f 4194/4194 4193/4193 2924/2924
f 4194/4194 2922/2922 2921/2921
f 4192/4192 2921/2921 4186/4186
f 4188/4188 4192/4192 4185/4185
f 4189/4189 4188/4188 4184/4184
f 4200/4200 4204/4204 4201/4201
f 4200/4200 4209/4209 4203/4203
f 4204/4204 4207/4207 4205/4205
f 4204/4204 4203/4203 4206/4206
f 1047/1047 4202/4202 4208/4208
f 1046/1046 4200/4200 4202/4202
f 1046/1046 1045/1045 4209/4209
f 1045/1045 1044/1044 4210/4210
f 4209/4209 4210/4210 4211/4211
f 4203/4203 4211/4211 4212/4212
f 4206/4206 4212/4212 4213/4213
f 4207/4207 4206/4206 3078/3078
f 4207/4207 3076/3076 3075/3075
f 4205/4205 3075/3075 4214/4214
f 4201/4201 4205/4205 4215/4215
f 4202/4202 4201/4201 4216/4216
f 4217/4217 4221/4221 4218/4218
f 4217/4217 4225/4225 4220/4220
f 4221/4221 4224/4224 4222/4222
f 4221/4221 4220/4220 4223/4223
f 1172/1172 4219/4219 4210/4210
f 1171/1171 4217/4217 4219/4219
f 1171/1171 1170/1170 4225/4225
f 1170/1170 1169/1169 4226/4226
f 4225/4225 4226/4226 4227/4227
f 4220/4220 4227/4227 4228/4228
f 4223/4223 4228/4228 4229/4229
f 4224/4224 4223/4223 3196/3196
f 4224/4224 3194/3194 3193/3193
f 4222/4222 3193/3193 4213/4213
f 4218/4218 4222/4222 4212/4212
f 4219/4219 4218/4218 4211/4211
f 4230/4230 4234/4234 4231/4231
f 4230/4230 4238/4238 4233/4233
f 4234/4234 4237/4237 4235/4235
f 4234/4234 4233/4233 4236/4236
f 1247/1247 4232/4232 4226/4226
f 1246/1246 4230/4230 4232/4232
f 1246/1246 1245/1245 4238/4238
f 1245/1245 1244/1244 4239/4239
f 4238/4238 4239/4239 4240/4240
f 4233/4233 4240/4240 4241/4241
f 4236/4236 4241/4241 4242/4242
f 4237/4237 4236/4236 3271/3271
f 4237/4237 3269/3269 3268/3268
f 4235/4235 3268/3268 4229/4229
f 4231/4231 4235/4235 4228/4228
f 4232/4232 4231/4231 4227/4227
f 4243/4243 4247/4247 4244/4244
f 4243/4243 4251/4251 4246/4246
f 4247/4247 4250/4250 4248/4248
f 4247/4247 4246/4246 4249/4249
f 1266/1266 4245/4245 4239/4239
f 1265/1265 4243/4243 4245/4245
f 1265/1265 1264/1264 4251/4251
f 1264/1264 1263/1263 4252/4252
f 4251/4251 4252/4252 4253/4253
f 4246/4246 4253/4253 4254/4254
f 4249/4249 4254/4254 4255/4255
f 4250/4250 4249/4249 3290/3290
f 4250/4250 3288/3288 3287/3287
f 4248/4248 3287/3287 4242/4242
f 4244/4244 4248/4248 4241/4241
f 4245/4245 4244/4244 4240/4240

