mtllib material.mtl
usemtl material_0
v -23.32285900 -32.59350600 -39.02804900
v -23.32285900 -32.59350600 -39.02804900
v -23.32285900 -32.59350600 -39.02804900
v -23.32285900 -32.59350600 -68.85031900
v -23.32285900 -32.59350600 -68.85031900
v -23.32285900 -32.59350600 -68.85031900
v -5.19498300 -32.59350600 -68.85031900
v -5.19498300 -32.59350600 -68.85031900
v -5.19498300 -32.59350600 -68.85031900
v -5.19498300 -32.59350600 -39.02804900
v -5.19498300 -32.59350600 -39.02804900
v -5.19498300 -32.59350600 -39.02804900
v -23.32285900 -26.22871000 -39.02804900
v -23.32285900 -26.22871000 -39.02804900
v -23.32285900 -26.22871000 -39.02804900
v -5.19498300 -26.22871000 -39.02804900
v -5.19498300 -26.22871000 -39.02804900
v -5.19498300 -26.22871000 -39.02804900
v -5.19498300 -26.22871200 -68.85031900
v -5.19498300 -26.22871200 -68.85031900
v -5.19498300 -26.22871200 -68.85031900
v -23.32285900 -26.22871200 -68.85031900
v -23.32285900 -26.22871200 -68.85031900
v -23.32285900 -26.22871200 -68.85031900
v -24.05156500 -13.58050600 -63.70513900
v -24.62273200 -13.58050600 -57.18766000
v -24.05156500 -3.57255600 -57.18766000
v -24.05156500 -3.57255600 -63.70513900
v -24.62273200 -13.58050500 -50.67037200
v -24.05156500 -3.57255600 -50.67037200
v -24.05156500 -13.58050400 -44.15308400
v -24.05156500 -3.57255500 -44.15308400
v -24.05156500 -23.58864800 -63.70513900
v -24.87920000 -23.58864600 -57.18766000
v -24.87920000 -23.58864600 -50.67037200
v -24.05156500 -23.58864600 -44.15308400
v -7.72791000 23.97791900 -49.87390900
v -7.72791000 23.97791900 -43.15259600
v -11.83565400 23.97791900 -43.15259600
v -11.83565400 23.97791900 -49.87390900
v -11.83565400 33.08301200 -49.87391300
v -11.83565400 33.08301200 -43.15259900
v -7.72791000 33.08301200 -43.15259900
v -7.72791000 33.08301200 -49.87391300
v -7.72791000 23.97791900 -39.25372300
v -7.72791000 23.97791900 -39.25372300
v -7.72791000 32.16410400 -39.25372700
v -7.72791000 32.16410400 -39.25372700
v -11.83565400 32.16410400 -39.25372700
v -11.83565400 32.16410400 -39.25372700
v -11.83565400 23.97791900 -39.25372300
v -11.83565400 23.97791900 -39.25372300
v -5.34505500 23.97791900 -49.87390900
v -5.34505500 23.97791900 -49.87390900
v -5.34505500 32.16410400 -49.87391300
v -5.34505500 32.16410400 -49.87391300
v -5.34505500 32.16410400 -43.15259900
v -5.34505500 32.16410400 -43.15259900
v -5.34505500 23.97791900 -43.15259600
v -5.34505500 23.97791900 -43.15259600
v -11.83565400 23.97791900 -53.77259800
v -11.83565400 23.97791900 -53.77259800
v -11.83565400 32.16410400 -53.77260200
v -11.83565400 32.16410400 -53.77260200
v -7.72791000 32.16410400 -53.77260200
v -7.72791000 32.16410400 -53.77260200
v -7.72791000 23.97791900 -53.77259800
v -7.72791000 23.97791900 -53.77259800
v -14.21832300 23.97791900 -43.15259600
v -14.21832300 23.97791900 -43.15259600
v -14.21832300 32.16410400 -43.15259900
v -14.21832300 32.16410400 -43.15259900
v -14.21832300 32.16410400 -49.87391300
v -14.21832300 32.16410400 -49.87391300
v -14.21832300 23.97791900 -49.87390900
v -14.21832300 23.97791900 -49.87390900
v -11.83565400 32.70373200 -53.27311300
v -11.83565400 32.70373200 -53.27311300
v -7.72791000 32.70373200 -53.27311300
v -7.72791000 32.70373200 -53.27311300
v -7.72791000 32.70373200 -39.75340700
v -7.72791000 32.70373200 -39.75340700
v -11.83565400 32.70373200 -39.75340700
v -11.83565400 32.70373200 -39.75340700
v -5.34505500 23.97791900 -53.77259800
v -5.34505500 23.97791900 -53.77259800
v -5.34505500 23.97791900 -53.77259800
v -5.34505500 32.16410400 -53.77260200
v -5.34505500 32.16410400 -53.77260200
v -5.34505500 32.16410400 -53.77260200
v -5.34505500 32.16410400 -53.77260200
v -5.34505500 32.16410400 -39.25372700
v -5.34505500 32.16410400 -39.25372700
v -5.34505500 32.16410400 -39.25372700
v -5.34505500 32.16410400 -39.25372700
v -5.34505500 23.97791900 -39.25372300
v -5.34505500 23.97791900 -39.25372300
v -5.34505500 23.97791900 -39.25372300
v -14.21832300 23.97791900 -39.25372300
v -14.21832300 23.97791900 -39.25372300
v -14.21832300 23.97791900 -39.25372300
v -14.21832300 32.16410400 -39.25372700
v -14.21832300 32.16410400 -39.25372700
v -14.21832300 32.16410400 -39.25372700
v -14.21832300 32.16410400 -39.25372700
v -14.21832300 32.16410400 -53.77260200
v -14.21832300 32.16410400 -53.77260200
v -14.21832300 32.16410400 -53.77260200
v -14.21832300 32.16410400 -53.77260200
v -14.21832300 23.97791900 -53.77259800
v -14.21832300 23.97791900 -53.77259800
v -14.21832300 23.97791900 -53.77259800
v -13.72424400 32.73807100 -49.87391300
v -13.72424400 32.73807100 -49.87391300
v -13.72424400 32.73807100 -43.15259900
v -13.72424400 32.73807100 -43.15259900
v -5.83932100 32.73807100 -43.15259900
v -5.83932100 32.73807100 -43.15259900
v -5.83932100 32.73807100 -49.87391300
v -5.83932100 32.73807100 -49.87391300
v -13.72181700 32.72108800 -53.27479200
v -13.72181700 32.72108800 -53.27479200
v -13.72181700 32.72108800 -53.27479200
v -5.84174800 32.72108800 -53.27479200
v -5.84174800 32.72108800 -53.27479200
v -5.84174800 32.72108800 -53.27479200
v -5.84174800 32.72108800 -39.75153700
v -5.84174800 32.72108800 -39.75153700
v -5.84174800 32.72108800 -39.75153700
v -13.72181700 32.72108800 -39.75153700
v -13.72181700 32.72108800 -39.75153700
v -13.72181700 32.72108800 -39.75153700
v -7.72791000 23.97791700 -64.66847200
v -7.72791000 23.97791900 -57.94716600
v -11.83565400 23.97791900 -57.94716600
v -11.83565400 23.97791700 -64.66847200
v -11.83565400 33.08301200 -64.66847200
v -11.83565400 33.08301200 -57.94717000
v -7.72791000 33.08301200 -57.94717000
v -7.72791000 33.08301200 -64.66847200
v -7.72791000 23.97791900 -54.04828600
v -7.72791000 23.97791900 -54.04828600
v -7.72791000 32.16410400 -54.04829000
v -7.72791000 32.16410400 -54.04829000
v -11.83565400 32.16410400 -54.04829000
v -11.83565400 32.16410400 -54.04829000
v -11.83565400 23.97791900 -54.04828600
v -11.83565400 23.97791900 -54.04828600
v -5.34505500 23.97791700 -64.66847200
v -5.34505500 23.97791700 -64.66847200
v -5.34505500 32.16410400 -64.66847200
v -5.34505500 32.16410400 -64.66847200
v -5.34505500 32.16410400 -57.94717000
v -5.34505500 32.16410400 -57.94717000
v -5.34505500 23.97791900 -57.94716600
v -5.34505500 23.97791900 -57.94716600
v -11.83565400 23.97791700 -68.56716200
v -11.83565400 23.97791700 -68.56716200
v -11.83565400 32.16410400 -68.56716200
v -11.83565400 32.16410400 -68.56716200
v -7.72791000 32.16410400 -68.56716200
v -7.72791000 32.16410400 -68.56716200
v -7.72791000 23.97791700 -68.56716200
v -7.72791000 23.97791700 -68.56716200
v -14.21832300 23.97791900 -57.94716600
v -14.21832300 23.97791900 -57.94716600
v -14.21832300 32.16410400 -57.94717000
v -14.21832300 32.16410400 -57.94717000
v -14.21832300 32.16410400 -64.66847200
v -14.21832300 32.16410400 -64.66847200
v -14.21832300 23.97791700 -64.66847200
v -14.21832300 23.97791700 -64.66847200
v -11.83565400 32.70373200 -68.06767300
v -11.83565400 32.70373200 -68.06767300
v -7.72791000 32.70373200 -68.06767300
v -7.72791000 32.70373200 -68.06767300
v -7.72791000 32.70373200 -54.54797000
v -7.72791000 32.70373200 -54.54797000
v -11.83565400 32.70373200 -54.54797000
v -11.83565400 32.70373200 -54.54797000
v -5.34505500 23.97791700 -68.56716200
v -5.34505500 23.97791700 -68.56716200
v -5.34505500 23.97791700 -68.56716200
v -5.34505500 32.16410400 -68.56716200
v -5.34505500 32.16410400 -68.56716200
v -5.34505500 32.16410400 -68.56716200
v -5.34505500 32.16410400 -68.56716200
v -5.34505500 32.16410400 -54.04829000
v -5.34505500 32.16410400 -54.04829000
v -5.34505500 32.16410400 -54.04829000
v -5.34505500 32.16410400 -54.04829000
v -5.34505500 23.97791900 -54.04828600
v -5.34505500 23.97791900 -54.04828600
v -5.34505500 23.97791900 -54.04828600
v -14.21832300 23.97791900 -54.04828600
v -14.21832300 23.97791900 -54.04828600
v -14.21832300 23.97791900 -54.04828600
v -14.21832300 32.16410400 -54.04829000
v -14.21832300 32.16410400 -54.04829000
v -14.21832300 32.16410400 -54.04829000
v -14.21832300 32.16410400 -54.04829000
v -14.21832300 32.16410400 -68.56716200
v -14.21832300 32.16410400 -68.56716200
v -14.21832300 32.16410400 -68.56716200
v -14.21832300 32.16410400 -68.56716200
v -14.21832300 23.97791700 -68.56716200
v -14.21832300 23.97791700 -68.56716200
v -14.21832300 23.97791700 -68.56716200
v -13.72424400 32.73807100 -64.66847200
v -13.72424400 32.73807100 -64.66847200
v -13.72424400 32.73807100 -57.94717000
v -13.72424400 32.73807100 -57.94717000
v -5.83932100 32.73807100 -57.94717000
v -5.83932100 32.73807100 -57.94717000
v -5.83932100 32.73807100 -64.66847200
v -5.83932100 32.73807100 -64.66847200
v -13.72181700 32.72108800 -68.06935100
v -13.72181700 32.72108800 -68.06935100
v -13.72181700 32.72108800 -68.06935100
v -5.84174800 32.72108800 -68.06935100
v -5.84174800 32.72108800 -68.06935100
v -5.84174800 32.72108800 -68.06935100
v -5.84174800 32.72108800 -54.54610800
v -5.84174800 32.72108800 -54.54610800
v -5.84174800 32.72108800 -54.54610800
v -13.72181700 32.72108800 -54.54610800
v -13.72181700 32.72108800 -54.54610800
v -13.72181700 32.72108800 -54.54610800
v -16.71671900 23.97791700 -64.66847200
v -16.71671900 23.97791900 -57.94716600
v -20.82446500 23.97791900 -57.94716600
v -20.82446500 23.97791700 -64.66847200
v -20.82446500 33.08301200 -64.66847200
v -20.82446500 33.08301200 -57.94717000
v -16.71671900 33.08301200 -57.94717000
v -16.71671900 33.08301200 -64.66847200
v -16.71671900 23.97791900 -54.04828600
v -16.71671900 23.97791900 -54.04828600
v -16.71671900 32.16410400 -54.04829000
v -16.71671900 32.16410400 -54.04829000
v -20.82446500 32.16410400 -54.04829000
v -20.82446500 32.16410400 -54.04829000
v -20.82446500 23.97791900 -54.04828600
v -20.82446500 23.97791900 -54.04828600
v -14.33386300 23.97791700 -64.66847200
v -14.33386300 23.97791700 -64.66847200
v -14.33386300 32.16410400 -64.66847200
v -14.33386300 32.16410400 -64.66847200
v -14.33386300 32.16410400 -57.94717000
v -14.33386300 32.16410400 -57.94717000
v -14.33386300 23.97791900 -57.94716600
v -14.33386300 23.97791900 -57.94716600
v -20.82446500 23.97791700 -68.56716200
v -20.82446500 23.97791700 -68.56716200
v -20.82446500 32.16410400 -68.56716200
v -20.82446500 32.16410400 -68.56716200
v -16.71671900 32.16410400 -68.56716200
v -16.71671900 32.16410400 -68.56716200
v -16.71671900 23.97791700 -68.56716200
v -16.71671900 23.97791700 -68.56716200
v -23.20731700 23.97791900 -57.94716600
v -23.20731700 23.97791900 -57.94716600
v -23.20731700 32.16410400 -57.94717000
v -23.20731700 32.16410400 -57.94717000
v -23.20731700 32.16410400 -64.66847200
v -23.20731700 32.16410400 -64.66847200
v -23.20731700 23.97791700 -64.66847200
v -23.20731700 23.97791700 -64.66847200
v -20.82446500 32.70373200 -68.06767300
v -20.82446500 32.70373200 -68.06767300
v -16.71671900 32.70373200 -68.06767300
v -16.71671900 32.70373200 -68.06767300
v -16.71671900 32.70373200 -54.54797000
v -16.71671900 32.70373200 -54.54797000
v -20.82446500 32.70373200 -54.54797000
v -20.82446500 32.70373200 -54.54797000
v -14.33386300 23.97791700 -68.56716200
v -14.33386300 23.97791700 -68.56716200
v -14.33386300 23.97791700 -68.56716200
v -14.33386300 32.16410400 -68.56716200
v -14.33386300 32.16410400 -68.56716200
v -14.33386300 32.16410400 -68.56716200
v -14.33386300 32.16410400 -68.56716200
v -14.33386300 32.16410400 -54.04829000
v -14.33386300 32.16410400 -54.04829000
v -14.33386300 32.16410400 -54.04829000
v -14.33386300 32.16410400 -54.04829000
v -14.33386300 23.97791900 -54.04828600
v -14.33386300 23.97791900 -54.04828600
v -14.33386300 23.97791900 -54.04828600
v -23.20731700 23.97791900 -54.04828600
v -23.20731700 23.97791900 -54.04828600
v -23.20731700 23.97791900 -54.04828600
v -23.20731700 32.16410400 -54.04829000
v -23.20731700 32.16410400 -54.04829000
v -23.20731700 32.16410400 -54.04829000
v -23.20731700 32.16410400 -54.04829000
v -23.20731700 32.16410400 -68.56716200
v -23.20731700 32.16410400 -68.56716200
v -23.20731700 32.16410400 -68.56716200
v -23.20731700 32.16410400 -68.56716200
v -23.20731700 23.97791700 -68.56716200
v -23.20731700 23.97791700 -68.56716200
v -23.20731700 23.97791700 -68.56716200
v -22.71305300 32.73807100 -64.66847200
v -22.71305300 32.73807100 -64.66847200
v -22.71305300 32.73807100 -57.94717000
v -22.71305300 32.73807100 -57.94717000
v -14.82813000 32.73807100 -57.94717000
v -14.82813000 32.73807100 -57.94717000
v -14.82813000 32.73807100 -64.66847200
v -14.82813000 32.73807100 -64.66847200
v -22.71062700 32.72108800 -68.06935100
v -22.71062700 32.72108800 -68.06935100
v -22.71062700 32.72108800 -68.06935100
v -14.83055600 32.72108800 -68.06935100
v -14.83055600 32.72108800 -68.06935100
v -14.83055600 32.72108800 -68.06935100
v -14.83055600 32.72108800 -54.54610800
v -14.83055600 32.72108800 -54.54610800
v -14.83055600 32.72108800 -54.54610800
v -22.71062700 32.72108800 -54.54610800
v -22.71062700 32.72108800 -54.54610800
v -22.71062700 32.72108800 -54.54610800
v -16.71671900 23.97791900 -49.87390900
v -16.71671900 23.97791900 -43.15259600
v -20.82446500 23.97791900 -43.15259600
v -20.82446500 23.97791900 -49.87390900
v -20.82446500 33.08301200 -49.87391300
v -20.82446500 33.08301200 -43.15259900
v -16.71671900 33.08301200 -43.15259900
v -16.71671900 33.08301200 -49.87391300
v -16.71671900 23.97791900 -39.25372300
v -16.71671900 23.97791900 -39.25372300
v -16.71671900 32.16410400 -39.25372700
v -16.71671900 32.16410400 -39.25372700
v -20.82446500 32.16410400 -39.25372700
v -20.82446500 32.16410400 -39.25372700
v -20.82446500 23.97791900 -39.25372300
v -20.82446500 23.97791900 -39.25372300
v -14.33386300 23.97791900 -49.87390900
v -14.33386300 23.97791900 -49.87390900
v -14.33386300 32.16410400 -49.87391300
v -14.33386300 32.16410400 -49.87391300
v -14.33386300 32.16410400 -43.15259900
v -14.33386300 32.16410400 -43.15259900
v -14.33386300 23.97791900 -43.15259600
v -14.33386300 23.97791900 -43.15259600
v -20.82446500 23.97791900 -53.77259800
v -20.82446500 23.97791900 -53.77259800
v -20.82446500 32.16410400 -53.77260200
v -20.82446500 32.16410400 -53.77260200
v -16.71671900 32.16410400 -53.77260200
v -16.71671900 32.16410400 -53.77260200
v -16.71671900 23.97791900 -53.77259800
v -16.71671900 23.97791900 -53.77259800
v -23.20731700 23.97791900 -43.15259600
v -23.20731700 23.97791900 -43.15259600
v -23.20731700 32.16410400 -43.15259900
v -23.20731700 32.16410400 -43.15259900
v -23.20731700 32.16410400 -49.87391300
v -23.20731700 32.16410400 -49.87391300
v -23.20731700 23.97791900 -49.87390900
v -23.20731700 23.97791900 -49.87390900
v -20.82446500 32.70373200 -53.27311300
v -20.82446500 32.70373200 -53.27311300
v -16.71671900 32.70373200 -53.27311300
v -16.71671900 32.70373200 -53.27311300
v -16.71671900 32.70373200 -39.75340700
v -16.71671900 32.70373200 -39.75340700
v -20.82446500 32.70373200 -39.75340700
v -20.82446500 32.70373200 -39.75340700
v -14.33386300 23.97791900 -53.77259800
v -14.33386300 23.97791900 -53.77259800
v -14.33386300 23.97791900 -53.77259800
v -14.33386300 32.16410400 -53.77260200
v -14.33386300 32.16410400 -53.77260200
v -14.33386300 32.16410400 -53.77260200
v -14.33386300 32.16410400 -53.77260200
v -14.33386300 32.16410400 -39.25372700
v -14.33386300 32.16410400 -39.25372700
v -14.33386300 32.16410400 -39.25372700
v -14.33386300 32.16410400 -39.25372700
v -14.33386300 23.97791900 -39.25372300
v -14.33386300 23.97791900 -39.25372300
v -14.33386300 23.97791900 -39.25372300
v -23.20731700 23.97791900 -39.25372300
v -23.20731700 23.97791900 -39.25372300
v -23.20731700 23.97791900 -39.25372300
v -23.20731700 32.16410400 -39.25372700
v -23.20731700 32.16410400 -39.25372700
v -23.20731700 32.16410400 -39.25372700
v -23.20731700 32.16410400 -39.25372700
v -23.20731700 32.16410400 -53.77260200
v -23.20731700 32.16410400 -53.77260200
v -23.20731700 32.16410400 -53.77260200
v -23.20731700 32.16410400 -53.77260200
v -23.20731700 23.97791900 -53.77259800
v -23.20731700 23.97791900 -53.77259800
v -23.20731700 23.97791900 -53.77259800
v -22.71305300 32.73807100 -49.87391300
v -22.71305300 32.73807100 -49.87391300
v -22.71305300 32.73807100 -43.15259900
v -22.71305300 32.73807100 -43.15259900
v -14.82813000 32.73807100 -43.15259900
v -14.82813000 32.73807100 -43.15259900
v -14.82813000 32.73807100 -49.87391300
v -14.82813000 32.73807100 -49.87391300
v -22.71062700 32.72108800 -53.27479200
v -22.71062700 32.72108800 -53.27479200
v -22.71062700 32.72108800 -53.27479200
v -14.83055600 32.72108800 -53.27479200
v -14.83055600 32.72108800 -53.27479200
v -14.83055600 32.72108800 -53.27479200
v -14.83055600 32.72108800 -39.75153700
v -14.83055600 32.72108800 -39.75153700
v -14.83055600 32.72108800 -39.75153700
v -22.71062700 32.72108800 -39.75153700
v -22.71062700 32.72108800 -39.75153700
v -22.71062700 32.72108800 -39.75153700
v -7.72791000 15.65248700 -49.87390900
v -7.72791000 15.65248800 -43.15259600
v -11.83565400 15.65248800 -43.15259600
v -11.83565400 15.65248700 -49.87390900
v -11.83565400 24.75739700 -49.87390900
v -11.83565400 24.75739700 -43.15259600
v -7.72791000 24.75739700 -43.15259600
v -7.72791000 24.75739700 -49.87390900
v -7.72791000 15.65248800 -39.25372300
v -7.72791000 15.65248800 -39.25372300
v -7.72791000 23.83867300 -39.25372300
v -7.72791000 23.83867300 -39.25372300
v -11.83565400 23.83867300 -39.25372300
v -11.83565400 23.83867300 -39.25372300
v -11.83565400 15.65248800 -39.25372300
v -11.83565400 15.65248800 -39.25372300
v -5.34505500 15.65248700 -49.87390900
v -5.34505500 15.65248700 -49.87390900
v -5.34505500 23.83867300 -49.87390900
v -5.34505500 23.83867300 -49.87390900
v -5.34505500 23.83867300 -43.15259600
v -5.34505500 23.83867300 -43.15259600
v -5.34505500 15.65248800 -43.15259600
v -5.34505500 15.65248800 -43.15259600
v -11.83565400 15.65248700 -53.77259800
v -11.83565400 15.65248700 -53.77259800
v -11.83565400 23.83867300 -53.77259800
v -11.83565400 23.83867300 -53.77259800
v -7.72791000 23.83867300 -53.77259800
v -7.72791000 23.83867300 -53.77259800
v -7.72791000 15.65248700 -53.77259800
v -7.72791000 15.65248700 -53.77259800
v -14.21832300 15.65248800 -43.15259600
v -14.21832300 15.65248800 -43.15259600
v -14.21832300 23.83867300 -43.15259600
v -14.21832300 23.83867300 -43.15259600
v -14.21832300 23.83867300 -49.87390900
v -14.21832300 23.83867300 -49.87390900
v -14.21832300 15.65248700 -49.87390900
v -14.21832300 15.65248700 -49.87390900
v -11.83565400 24.37810900 -53.27310900
v -11.83565400 24.37810900 -53.27310900
v -7.72791000 24.37810900 -53.27310900
v -7.72791000 24.37810900 -53.27310900
v -7.72791000 24.37810900 -39.75340300
v -7.72791000 24.37810900 -39.75340300
v -11.83565400 24.37810900 -39.75340300
v -11.83565400 24.37810900 -39.75340300
v -5.34505500 15.65248700 -53.77259800
v -5.34505500 15.65248700 -53.77259800
v -5.34505500 15.65248700 -53.77259800
v -5.34505500 23.83867300 -53.77259800
v -5.34505500 23.83867300 -53.77259800
v -5.34505500 23.83867300 -53.77259800
v -5.34505500 23.83867300 -53.77259800
v -5.34505500 23.83867300 -39.25372300
v -5.34505500 23.83867300 -39.25372300
v -5.34505500 23.83867300 -39.25372300
v -5.34505500 23.83867300 -39.25372300
v -5.34505500 15.65248800 -39.25372300
v -5.34505500 15.65248800 -39.25372300
v -5.34505500 15.65248800 -39.25372300
v -14.21832300 15.65248800 -39.25372300
v -14.21832300 15.65248800 -39.25372300
v -14.21832300 15.65248800 -39.25372300
v -14.21832300 23.83867300 -39.25372300
v -14.21832300 23.83867300 -39.25372300
v -14.21832300 23.83867300 -39.25372300
v -14.21832300 23.83867300 -39.25372300
v -14.21832300 23.83867300 -53.77259800
v -14.21832300 23.83867300 -53.77259800
v -14.21832300 23.83867300 -53.77259800
v -14.21832300 23.83867300 -53.77259800
v -14.21832300 15.65248700 -53.77259800
v -14.21832300 15.65248700 -53.77259800
v -14.21832300 15.65248700 -53.77259800
v -13.72424400 24.41264300 -49.87390900
v -13.72424400 24.41264300 -49.87390900
v -13.72424400 24.41264300 -43.15259600
v -13.72424400 24.41264300 -43.15259600
v -5.83932100 24.41264300 -43.15259600
v -5.83932100 24.41264300 -43.15259600
v -5.83932100 24.41264300 -49.87390900
v -5.83932100 24.41264300 -49.87390900
v -13.72181700 24.39547000 -53.27478800
v -13.72181700 24.39547000 -53.27478800
v -13.72181700 24.39547000 -53.27478800
v -5.84174800 24.39547000 -53.27478800
v -5.84174800 24.39547000 -53.27478800
v -5.84174800 24.39547000 -53.27478800
v -5.84174800 24.39547000 -39.75153400
v -5.84174800 24.39547000 -39.75153400
v -5.84174800 24.39547000 -39.75153400
v -13.72181700 24.39547000 -39.75153400
v -13.72181700 24.39547000 -39.75153400
v -13.72181700 24.39547000 -39.75153400
v -7.72791000 15.65248600 -64.66847200
v -7.72791000 15.65248600 -57.94716600
v -11.83565400 15.65248600 -57.94716600
v -11.83565400 15.65248600 -64.66847200
v -11.83565400 24.75739500 -64.66847200
v -11.83565400 24.75739700 -57.94716600
v -7.72791000 24.75739700 -57.94716600
v -7.72791000 24.75739500 -64.66847200
v -7.72791000 15.65248700 -54.04828600
v -7.72791000 15.65248700 -54.04828600
v -7.72791000 23.83867300 -54.04828600
v -7.72791000 23.83867300 -54.04828600
v -11.83565400 23.83867300 -54.04828600
v -11.83565400 23.83867300 -54.04828600
v -11.83565400 15.65248700 -54.04828600
v -11.83565400 15.65248700 -54.04828600
v -5.34505500 15.65248600 -64.66847200
v -5.34505500 15.65248600 -64.66847200
v -5.34505500 23.83867100 -64.66847200
v -5.34505500 23.83867100 -64.66847200
v -5.34505500 23.83867300 -57.94716600
v -5.34505500 23.83867300 -57.94716600
v -5.34505500 15.65248600 -57.94716600
v -5.34505500 15.65248600 -57.94716600
v -11.83565400 15.65248600 -68.56716200
v -11.83565400 15.65248600 -68.56716200
v -11.83565400 23.83867100 -68.56716200
v -11.83565400 23.83867100 -68.56716200
v -7.72791000 23.83867100 -68.56716200
v -7.72791000 23.83867100 -68.56716200
v -7.72791000 15.65248600 -68.56716200
v -7.72791000 15.65248600 -68.56716200
v -14.21832300 15.65248600 -57.94716600
v -14.21832300 15.65248600 -57.94716600
v -14.21832300 23.83867300 -57.94716600
v -14.21832300 23.83867300 -57.94716600
v -14.21832300 23.83867100 -64.66847200
v -14.21832300 23.83867100 -64.66847200
v -14.21832300 15.65248600 -64.66847200
v -14.21832300 15.65248600 -64.66847200
v -11.83565400 24.37810700 -68.06767300
v -11.83565400 24.37810700 -68.06767300
v -7.72791000 24.37810700 -68.06767300
v -7.72791000 24.37810700 -68.06767300
v -7.72791000 24.37810900 -54.54796600
v -7.72791000 24.37810900 -54.54796600
v -11.83565400 24.37810900 -54.54796600
v -11.83565400 24.37810900 -54.54796600
v -5.34505500 15.65248600 -68.56716200
v -5.34505500 15.65248600 -68.56716200
v -5.34505500 15.65248600 -68.56716200
v -5.34505500 23.83867100 -68.56716200
v -5.34505500 23.83867100 -68.56716200
v -5.34505500 23.83867100 -68.56716200
v -5.34505500 23.83867100 -68.56716200
v -5.34505500 23.83867300 -54.04828600
v -5.34505500 23.83867300 -54.04828600
v -5.34505500 23.83867300 -54.04828600
v -5.34505500 23.83867300 -54.04828600
v -5.34505500 15.65248700 -54.04828600
v -5.34505500 15.65248700 -54.04828600
v -5.34505500 15.65248700 -54.04828600
v -14.21832300 15.65248700 -54.04828600
v -14.21832300 15.65248700 -54.04828600
v -14.21832300 15.65248700 -54.04828600
v -14.21832300 23.83867300 -54.04828600
v -14.21832300 23.83867300 -54.04828600
v -14.21832300 23.83867300 -54.04828600
v -14.21832300 23.83867300 -54.04828600
v -14.21832300 23.83867100 -68.56716200
v -14.21832300 23.83867100 -68.56716200
v -14.21832300 23.83867100 -68.56716200
v -14.21832300 23.83867100 -68.56716200
v -14.21832300 15.65248600 -68.56716200
v -14.21832300 15.65248600 -68.56716200
v -14.21832300 15.65248600 -68.56716200
v -13.72424400 24.41264200 -64.66847200
v -13.72424400 24.41264200 -64.66847200
v -13.72424400 24.41264300 -57.94716600
v -13.72424400 24.41264300 -57.94716600
v -5.83932100 24.41264300 -57.94716600
v -5.83932100 24.41264300 -57.94716600
v -5.83932100 24.41264200 -64.66847200
v -5.83932100 24.41264200 -64.66847200
v -13.72181700 24.39546800 -68.06935100
v -13.72181700 24.39546800 -68.06935100
v -13.72181700 24.39546800 -68.06935100
v -5.84174800 24.39546800 -68.06935100
v -5.84174800 24.39546800 -68.06935100
v -5.84174800 24.39546800 -68.06935100
v -5.84174800 24.39547000 -54.54610400
v -5.84174800 24.39547000 -54.54610400
v -5.84174800 24.39547000 -54.54610400
v -13.72181700 24.39547000 -54.54610400
v -13.72181700 24.39547000 -54.54610400
v -13.72181700 24.39547000 -54.54610400
v -16.71671900 15.65248600 -64.66847200
v -16.71671900 15.65248600 -57.94716600
v -20.82446500 15.65248600 -57.94716600
v -20.82446500 15.65248600 -64.66847200
v -20.82446500 24.75739500 -64.66847200
v -20.82446500 24.75739700 -57.94716600
v -16.71671900 24.75739700 -57.94716600
v -16.71671900 24.75739500 -64.66847200
v -16.71671900 15.65248700 -54.04828600
v -16.71671900 15.65248700 -54.04828600
v -16.71671900 23.83867300 -54.04828600
v -16.71671900 23.83867300 -54.04828600
v -20.82446500 23.83867300 -54.04828600
v -20.82446500 23.83867300 -54.04828600
v -20.82446500 15.65248700 -54.04828600
v -20.82446500 15.65248700 -54.04828600
v -14.33386300 15.65248600 -64.66847200
v -14.33386300 15.65248600 -64.66847200
v -14.33386300 23.83867100 -64.66847200
v -14.33386300 23.83867100 -64.66847200
v -14.33386300 23.83867300 -57.94716600
v -14.33386300 23.83867300 -57.94716600
v -14.33386300 15.65248600 -57.94716600
v -14.33386300 15.65248600 -57.94716600
v -20.82446500 15.65248600 -68.56716200
v -20.82446500 15.65248600 -68.56716200
v -20.82446500 23.83867100 -68.56716200
v -20.82446500 23.83867100 -68.56716200
v -16.71671900 23.83867100 -68.56716200
v -16.71671900 23.83867100 -68.56716200
v -16.71671900 15.65248600 -68.56716200
v -16.71671900 15.65248600 -68.56716200
v -23.20731700 15.65248600 -57.94716600
v -23.20731700 15.65248600 -57.94716600
v -23.20731700 23.83867300 -57.94716600
v -23.20731700 23.83867300 -57.94716600
v -23.20731700 23.83867100 -64.66847200
v -23.20731700 23.83867100 -64.66847200
v -23.20731700 15.65248600 -64.66847200
v -23.20731700 15.65248600 -64.66847200
v -20.82446500 24.37810700 -68.06767300
v -20.82446500 24.37810700 -68.06767300
v -16.71671900 24.37810700 -68.06767300
v -16.71671900 24.37810700 -68.06767300
v -16.71671900 24.37810900 -54.54796600
v -16.71671900 24.37810900 -54.54796600
v -20.82446500 24.37810900 -54.54796600
v -20.82446500 24.37810900 -54.54796600
v -14.33386300 15.65248600 -68.56716200
v -14.33386300 15.65248600 -68.56716200
v -14.33386300 15.65248600 -68.56716200
v -14.33386300 23.83867100 -68.56716200
v -14.33386300 23.83867100 -68.56716200
v -14.33386300 23.83867100 -68.56716200
v -14.33386300 23.83867100 -68.56716200
v -14.33386300 23.83867300 -54.04828600
v -14.33386300 23.83867300 -54.04828600
v -14.33386300 23.83867300 -54.04828600
v -14.33386300 23.83867300 -54.04828600
v -14.33386300 15.65248700 -54.04828600
v -14.33386300 15.65248700 -54.04828600
v -14.33386300 15.65248700 -54.04828600
v -23.20731700 15.65248700 -54.04828600
v -23.20731700 15.65248700 -54.04828600
v -23.20731700 15.65248700 -54.04828600
v -23.20731700 23.83867300 -54.04828600
v -23.20731700 23.83867300 -54.04828600
v -23.20731700 23.83867300 -54.04828600
v -23.20731700 23.83867300 -54.04828600
v -23.20731700 23.83867100 -68.56716200
v -23.20731700 23.83867100 -68.56716200
v -23.20731700 23.83867100 -68.56716200
v -23.20731700 23.83867100 -68.56716200
v -23.20731700 15.65248600 -68.56716200
v -23.20731700 15.65248600 -68.56716200
v -23.20731700 15.65248600 -68.56716200
v -22.71305300 24.41264200 -64.66847200
v -22.71305300 24.41264200 -64.66847200
v -22.71305300 24.41264300 -57.94716600
v -22.71305300 24.41264300 -57.94716600
v -14.82813000 24.41264300 -57.94716600
v -14.82813000 24.41264300 -57.94716600
v -14.82813000 24.41264200 -64.66847200
v -14.82813000 24.41264200 -64.66847200
v -22.71062700 24.39546800 -68.06935100
v -22.71062700 24.39546800 -68.06935100
v -22.71062700 24.39546800 -68.06935100
v -14.83055600 24.39546800 -68.06935100
v -14.83055600 24.39546800 -68.06935100
v -14.83055600 24.39546800 -68.06935100
v -14.83055600 24.39547000 -54.54610400
v -14.83055600 24.39547000 -54.54610400
v -14.83055600 24.39547000 -54.54610400
v -22.71062700 24.39547000 -54.54610400
v -22.71062700 24.39547000 -54.54610400
v -22.71062700 24.39547000 -54.54610400
v -16.71671900 15.65248700 -49.87390900
v -16.71671900 15.65248800 -43.15259600
v -20.82446500 15.65248800 -43.15259600
v -20.82446500 15.65248700 -49.87390900
v -20.82446500 24.75739700 -49.87390900
v -20.82446500 24.75739700 -43.15259600
v -16.71671900 24.75739700 -43.15259600
v -16.71671900 24.75739700 -49.87390900
v -16.71671900 15.65248800 -39.25372300
v -16.71671900 15.65248800 -39.25372300
v -16.71671900 23.83867300 -39.25372300
v -16.71671900 23.83867300 -39.25372300
v -20.82446500 23.83867300 -39.25372300
v -20.82446500 23.83867300 -39.25372300
v -20.82446500 15.65248800 -39.25372300
v -20.82446500 15.65248800 -39.25372300
v -14.33386300 15.65248700 -49.87390900
v -14.33386300 15.65248700 -49.87390900
v -14.33386300 23.83867300 -49.87390900
v -14.33386300 23.83867300 -49.87390900
v -14.33386300 23.83867300 -43.15259600
v -14.33386300 23.83867300 -43.15259600
v -14.33386300 15.65248800 -43.15259600
v -14.33386300 15.65248800 -43.15259600
v -20.82446500 15.65248700 -53.77259800
v -20.82446500 15.65248700 -53.77259800
v -20.82446500 23.83867300 -53.77259800
v -20.82446500 23.83867300 -53.77259800
v -16.71671900 23.83867300 -53.77259800
v -16.71671900 23.83867300 -53.77259800
v -16.71671900 15.65248700 -53.77259800
v -16.71671900 15.65248700 -53.77259800
v -23.20731700 15.65248800 -43.15259600
v -23.20731700 15.65248800 -43.15259600
v -23.20731700 23.83867300 -43.15259600
v -23.20731700 23.83867300 -43.15259600
v -23.20731700 23.83867300 -49.87390900
v -23.20731700 23.83867300 -49.87390900
v -23.20731700 15.65248700 -49.87390900
v -23.20731700 15.65248700 -49.87390900
v -20.82446500 24.37810900 -53.27310900
v -20.82446500 24.37810900 -53.27310900
v -16.71671900 24.37810900 -53.27310900
v -16.71671900 24.37810900 -53.27310900
v -16.71671900 24.37810900 -39.75340300
v -16.71671900 24.37810900 -39.75340300
v -20.82446500 24.37810900 -39.75340300
v -20.82446500 24.37810900 -39.75340300
v -14.33386300 15.65248700 -53.77259800
v -14.33386300 15.65248700 -53.77259800
v -14.33386300 15.65248700 -53.77259800
v -14.33386300 23.83867300 -53.77259800
v -14.33386300 23.83867300 -53.77259800
v -14.33386300 23.83867300 -53.77259800
v -14.33386300 23.83867300 -53.77259800
v -14.33386300 23.83867300 -39.25372300
v -14.33386300 23.83867300 -39.25372300
v -14.33386300 23.83867300 -39.25372300
v -14.33386300 23.83867300 -39.25372300
v -14.33386300 15.65248800 -39.25372300
v -14.33386300 15.65248800 -39.25372300
v -14.33386300 15.65248800 -39.25372300
v -23.20731700 15.65248800 -39.25372300
v -23.20731700 15.65248800 -39.25372300
v -23.20731700 15.65248800 -39.25372300
v -23.20731700 23.83867300 -39.25372300
v -23.20731700 23.83867300 -39.25372300
v -23.20731700 23.83867300 -39.25372300
v -23.20731700 23.83867300 -39.25372300
v -23.20731700 23.83867300 -53.77259800
v -23.20731700 23.83867300 -53.77259800
v -23.20731700 23.83867300 -53.77259800
v -23.20731700 23.83867300 -53.77259800
v -23.20731700 15.65248700 -53.77259800
v -23.20731700 15.65248700 -53.77259800
v -23.20731700 15.65248700 -53.77259800
v -22.71305300 24.41264300 -49.87390900
v -22.71305300 24.41264300 -49.87390900
v -22.71305300 24.41264300 -43.15259600
v -22.71305300 24.41264300 -43.15259600
v -14.82813000 24.41264300 -43.15259600
v -14.82813000 24.41264300 -43.15259600
v -14.82813000 24.41264300 -49.87390900
v -14.82813000 24.41264300 -49.87390900
v -22.71062700 24.39547000 -53.27478800
v -22.71062700 24.39547000 -53.27478800
v -22.71062700 24.39547000 -53.27478800
v -14.83055600 24.39547000 -53.27478800
v -14.83055600 24.39547000 -53.27478800
v -14.83055600 24.39547000 -53.27478800
v -14.83055600 24.39547000 -39.75153400
v -14.83055600 24.39547000 -39.75153400
v -14.83055600 24.39547000 -39.75153400
v -22.71062700 24.39547000 -39.75153400
v -22.71062700 24.39547000 -39.75153400
v -22.71062700 24.39547000 -39.75153400
v -7.72791000 7.32705300 -49.87390900
v -7.72791000 7.32705400 -43.15259600
v -11.83565400 7.32705400 -43.15259600
v -11.83565400 7.32705300 -49.87390900
v -11.83565400 16.43196500 -49.87390900
v -11.83565400 16.43196500 -43.15259600
v -7.72791000 16.43196500 -43.15259600
v -7.72791000 16.43196500 -49.87390900
v -7.72791000 7.32705400 -39.25372300
v -7.72791000 7.32705400 -39.25372300
v -7.72791000 15.51324200 -39.25372300
v -7.72791000 15.51324200 -39.25372300
v -11.83565400 15.51324200 -39.25372300
v -11.83565400 15.51324200 -39.25372300
v -11.83565400 7.32705400 -39.25372300
v -11.83565400 7.32705400 -39.25372300
v -5.34505500 7.32705300 -49.87390900
v -5.34505500 7.32705300 -49.87390900
v -5.34505500 15.51324100 -49.87390900
v -5.34505500 15.51324100 -49.87390900
v -5.34505500 15.51324200 -43.15259600
v -5.34505500 15.51324200 -43.15259600
v -5.34505500 7.32705400 -43.15259600
v -5.34505500 7.32705400 -43.15259600
v -11.83565400 7.32705300 -53.77259800
v -11.83565400 7.32705300 -53.77259800
v -11.83565400 15.51324100 -53.77259800
v -11.83565400 15.51324100 -53.77259800
v -7.72791000 15.51324100 -53.77259800
v -7.72791000 15.51324100 -53.77259800
v -7.72791000 7.32705300 -53.77259800
v -7.72791000 7.32705300 -53.77259800
v -14.21832300 7.32705400 -43.15259600
v -14.21832300 7.32705400 -43.15259600
v -14.21832300 15.51324200 -43.15259600
v -14.21832300 15.51324200 -43.15259600
v -14.21832300 15.51324100 -49.87390900
v -14.21832300 15.51324100 -49.87390900
v -14.21832300 7.32705300 -49.87390900
v -14.21832300 7.32705300 -49.87390900
v -11.83565400 16.05267500 -53.27310900
v -11.83565400 16.05267500 -53.27310900
v -7.72791000 16.05267500 -53.27310900
v -7.72791000 16.05267500 -53.27310900
v -7.72791000 16.05267500 -39.75340300
v -7.72791000 16.05267500 -39.75340300
v -11.83565400 16.05267500 -39.75340300
v -11.83565400 16.05267500 -39.75340300
v -5.34505500 7.32705300 -53.77259800
v -5.34505500 7.32705300 -53.77259800
v -5.34505500 7.32705300 -53.77259800
v -5.34505500 15.51324100 -53.77259800
v -5.34505500 15.51324100 -53.77259800
v -5.34505500 15.51324100 -53.77259800
v -5.34505500 15.51324100 -53.77259800
v -5.34505500 15.51324200 -39.25372300
v -5.34505500 15.51324200 -39.25372300
v -5.34505500 15.51324200 -39.25372300
v -5.34505500 15.51324200 -39.25372300
v -5.34505500 7.32705400 -39.25372300
v -5.34505500 7.32705400 -39.25372300
v -5.34505500 7.32705400 -39.25372300
v -14.21832300 7.32705400 -39.25372300
v -14.21832300 7.32705400 -39.25372300
v -14.21832300 7.32705400 -39.25372300
v -14.21832300 15.51324200 -39.25372300
v -14.21832300 15.51324200 -39.25372300
v -14.21832300 15.51324200 -39.25372300
v -14.21832300 15.51324200 -39.25372300
v -14.21832300 15.51324100 -53.77259800
v -14.21832300 15.51324100 -53.77259800
v -14.21832300 15.51324100 -53.77259800
v -14.21832300 15.51324100 -53.77259800
v -14.21832300 7.32705300 -53.77259800
v -14.21832300 7.32705300 -53.77259800
v -14.21832300 7.32705300 -53.77259800
v -13.72424400 16.08721000 -49.87390900
v -13.72424400 16.08721000 -49.87390900
v -13.72424400 16.08721000 -43.15259600
v -13.72424400 16.08721000 -43.15259600
v -5.83932100 16.08721000 -43.15259600
v -5.83932100 16.08721000 -43.15259600
v -5.83932100 16.08721000 -49.87390900
v -5.83932100 16.08721000 -49.87390900
v -13.72181700 16.07003600 -53.27478800
v -13.72181700 16.07003600 -53.27478800
v -13.72181700 16.07003600 -53.27478800
v -5.84174800 16.07003600 -53.27478800
v -5.84174800 16.07003600 -53.27478800
v -5.84174800 16.07003600 -53.27478800
v -5.84174800 16.07003600 -39.75153400
v -5.84174800 16.07003600 -39.75153400
v -5.84174800 16.07003600 -39.75153400
v -13.72181700 16.07003600 -39.75153400
v -13.72181700 16.07003600 -39.75153400
v -13.72181700 16.07003600 -39.75153400
v -7.72791000 7.32705200 -64.66847200
v -7.72791000 7.32705300 -57.94716600
v -11.83565400 7.32705300 -57.94716600
v -11.83565400 7.32705200 -64.66847200
v -11.83565400 16.43196300 -64.66847200
v -11.83565400 16.43196500 -57.94716600
v -7.72791000 16.43196500 -57.94716600
v -7.72791000 16.43196300 -64.66847200
v -7.72791000 7.32705300 -54.04828600
v -7.72791000 7.32705300 -54.04828600
v -7.72791000 15.51324100 -54.04828600
v -7.72791000 15.51324100 -54.04828600
v -11.83565400 15.51324100 -54.04828600
v -11.83565400 15.51324100 -54.04828600
v -11.83565400 7.32705300 -54.04828600
v -11.83565400 7.32705300 -54.04828600
v -5.34505500 7.32705200 -64.66847200
v -5.34505500 7.32705200 -64.66847200
v -5.34505500 15.51324000 -64.66847200
v -5.34505500 15.51324000 -64.66847200
v -5.34505500 15.51324000 -57.94716600
v -5.34505500 15.51324000 -57.94716600
v -5.34505500 7.32705300 -57.94716600
v -5.34505500 7.32705300 -57.94716600
v -11.83565400 7.32705200 -68.56716200
v -11.83565400 7.32705200 -68.56716200
v -11.83565400 15.51324000 -68.56716200
v -11.83565400 15.51324000 -68.56716200
v -7.72791000 15.51324000 -68.56716200
v -7.72791000 15.51324000 -68.56716200
v -7.72791000 7.32705200 -68.56716200
v -7.72791000 7.32705200 -68.56716200
v -14.21832300 7.32705300 -57.94716600
v -14.21832300 7.32705300 -57.94716600
v -14.21832300 15.51324000 -57.94716600
v -14.21832300 15.51324000 -57.94716600
v -14.21832300 15.51324000 -64.66847200
v -14.21832300 15.51324000 -64.66847200
v -14.21832300 7.32705200 -64.66847200
v -14.21832300 7.32705200 -64.66847200
v -11.83565400 16.05267300 -68.06767300
v -11.83565400 16.05267300 -68.06767300
v -7.72791000 16.05267300 -68.06767300
v -7.72791000 16.05267300 -68.06767300
v -7.72791000 16.05267500 -54.54796600
v -7.72791000 16.05267500 -54.54796600
v -11.83565400 16.05267500 -54.54796600
v -11.83565400 16.05267500 -54.54796600
v -5.34505500 7.32705200 -68.56716200
v -5.34505500 7.32705200 -68.56716200
v -5.34505500 7.32705200 -68.56716200
v -5.34505500 15.51324000 -68.56716200
v -5.34505500 15.51324000 -68.56716200
v -5.34505500 15.51324000 -68.56716200
v -5.34505500 15.51324000 -68.56716200
v -5.34505500 15.51324100 -54.04828600
v -5.34505500 15.51324100 -54.04828600
v -5.34505500 15.51324100 -54.04828600
v -5.34505500 15.51324100 -54.04828600
v -5.34505500 7.32705300 -54.04828600
v -5.34505500 7.32705300 -54.04828600
v -5.34505500 7.32705300 -54.04828600
v -14.21832300 7.32705300 -54.04828600
v -14.21832300 7.32705300 -54.04828600
v -14.21832300 7.32705300 -54.04828600
v -14.21832300 15.51324100 -54.04828600
v -14.21832300 15.51324100 -54.04828600
v -14.21832300 15.51324100 -54.04828600
v -14.21832300 15.51324100 -54.04828600
v -14.21832300 15.51324000 -68.56716200
v -14.21832300 15.51324000 -68.56716200
v -14.21832300 15.51324000 -68.56716200
v -14.21832300 15.51324000 -68.56716200
v -14.21832300 7.32705200 -68.56716200
v -14.21832300 7.32705200 -68.56716200
v -14.21832300 7.32705200 -68.56716200
v -13.72424400 16.08720800 -64.66847200
v -13.72424400 16.08720800 -64.66847200
v -13.72424400 16.08721000 -57.94716600
v -13.72424400 16.08721000 -57.94716600
v -5.83932100 16.08721000 -57.94716600
v -5.83932100 16.08721000 -57.94716600
v -5.83932100 16.08720800 -64.66847200
v -5.83932100 16.08720800 -64.66847200
v -13.72181700 16.07003400 -68.06935100
v -13.72181700 16.07003400 -68.06935100
v -13.72181700 16.07003400 -68.06935100
v -5.84174800 16.07003400 -68.06935100
v -5.84174800 16.07003400 -68.06935100
v -5.84174800 16.07003400 -68.06935100
v -5.84174800 16.07003600 -54.54610400
v -5.84174800 16.07003600 -54.54610400
v -5.84174800 16.07003600 -54.54610400
v -13.72181700 16.07003600 -54.54610400
v -13.72181700 16.07003600 -54.54610400
v -13.72181700 16.07003600 -54.54610400
v -16.71671900 7.32705200 -64.66847200
v -16.71671900 7.32705300 -57.94716600
v -20.82446500 7.32705300 -57.94716600
v -20.82446500 7.32705200 -64.66847200
v -20.82446500 16.43196300 -64.66847200
v -20.82446500 16.43196500 -57.94716600
v -16.71671900 16.43196500 -57.94716600
v -16.71671900 16.43196300 -64.66847200
v -16.71671900 7.32705300 -54.04828600
v -16.71671900 7.32705300 -54.04828600
v -16.71671900 15.51324100 -54.04828600
v -16.71671900 15.51324100 -54.04828600
v -20.82446500 15.51324100 -54.04828600
v -20.82446500 15.51324100 -54.04828600
v -20.82446500 7.32705300 -54.04828600
v -20.82446500 7.32705300 -54.04828600
v -14.33386300 7.32705200 -64.66847200
v -14.33386300 7.32705200 -64.66847200
v -14.33386300 15.51324000 -64.66847200
v -14.33386300 15.51324000 -64.66847200
v -14.33386300 15.51324000 -57.94716600
v -14.33386300 15.51324000 -57.94716600
v -14.33386300 7.32705300 -57.94716600
v -14.33386300 7.32705300 -57.94716600
v -20.82446500 7.32705200 -68.56716200
v -20.82446500 7.32705200 -68.56716200
v -20.82446500 15.51324000 -68.56716200
v -20.82446500 15.51324000 -68.56716200
v -16.71671900 15.51324000 -68.56716200
v -16.71671900 15.51324000 -68.56716200
v -16.71671900 7.32705200 -68.56716200
v -16.71671900 7.32705200 -68.56716200
v -23.20731700 7.32705300 -57.94716600
v -23.20731700 7.32705300 -57.94716600
v -23.20731700 15.51324000 -57.94716600
v -23.20731700 15.51324000 -57.94716600
v -23.20731700 15.51324000 -64.66847200
v -23.20731700 15.51324000 -64.66847200
v -23.20731700 7.32705200 -64.66847200
v -23.20731700 7.32705200 -64.66847200
v -20.82446500 16.05267300 -68.06767300
v -20.82446500 16.05267300 -68.06767300
v -16.71671900 16.05267300 -68.06767300
v -16.71671900 16.05267300 -68.06767300
v -16.71671900 16.05267500 -54.54796600
v -16.71671900 16.05267500 -54.54796600
v -20.82446500 16.05267500 -54.54796600
v -20.82446500 16.05267500 -54.54796600
v -14.33386300 7.32705200 -68.56716200
v -14.33386300 7.32705200 -68.56716200
v -14.33386300 7.32705200 -68.56716200
v -14.33386300 15.51324000 -68.56716200
v -14.33386300 15.51324000 -68.56716200
v -14.33386300 15.51324000 -68.56716200
v -14.33386300 15.51324000 -68.56716200
v -14.33386300 15.51324100 -54.04828600
v -14.33386300 15.51324100 -54.04828600
v -14.33386300 15.51324100 -54.04828600
v -14.33386300 15.51324100 -54.04828600
v -14.33386300 7.32705300 -54.04828600
v -14.33386300 7.32705300 -54.04828600
v -14.33386300 7.32705300 -54.04828600
v -23.20731700 7.32705300 -54.04828600
v -23.20731700 7.32705300 -54.04828600
v -23.20731700 7.32705300 -54.04828600
v -23.20731700 15.51324100 -54.04828600
v -23.20731700 15.51324100 -54.04828600
v -23.20731700 15.51324100 -54.04828600
v -23.20731700 15.51324100 -54.04828600
v -23.20731700 15.51324000 -68.56716200
v -23.20731700 15.51324000 -68.56716200
v -23.20731700 15.51324000 -68.56716200
v -23.20731700 15.51324000 -68.56716200
v -23.20731700 7.32705200 -68.56716200
v -23.20731700 7.32705200 -68.56716200
v -23.20731700 7.32705200 -68.56716200
v -22.71305300 16.08720800 -64.66847200
v -22.71305300 16.08720800 -64.66847200
v -22.71305300 16.08721000 -57.94716600
v -22.71305300 16.08721000 -57.94716600
v -14.82813000 16.08721000 -57.94716600
v -14.82813000 16.08721000 -57.94716600
v -14.82813000 16.08720800 -64.66847200
v -14.82813000 16.08720800 -64.66847200
v -22.71062700 16.07003400 -68.06935100
v -22.71062700 16.07003400 -68.06935100
v -22.71062700 16.07003400 -68.06935100
v -14.83055600 16.07003400 -68.06935100
v -14.83055600 16.07003400 -68.06935100
v -14.83055600 16.07003400 -68.06935100
v -14.83055600 16.07003600 -54.54610400
v -14.83055600 16.07003600 -54.54610400
v -14.83055600 16.07003600 -54.54610400
v -22.71062700 16.07003600 -54.54610400
v -22.71062700 16.07003600 -54.54610400
v -22.71062700 16.07003600 -54.54610400
v -16.71671900 7.32705300 -49.87390900
v -16.71671900 7.32705400 -43.15259600
v -20.82446500 7.32705400 -43.15259600
v -20.82446500 7.32705300 -49.87390900
v -20.82446500 16.43196500 -49.87390900
v -20.82446500 16.43196500 -43.15259600
v -16.71671900 16.43196500 -43.15259600
v -16.71671900 16.43196500 -49.87390900
v -16.71671900 7.32705400 -39.25372300
v -16.71671900 7.32705400 -39.25372300
v -16.71671900 15.51324200 -39.25372300
v -16.71671900 15.51324200 -39.25372300
v -20.82446500 15.51324200 -39.25372300
v -20.82446500 15.51324200 -39.25372300
v -20.82446500 7.32705400 -39.25372300
v -20.82446500 7.32705400 -39.25372300
v -14.33386300 7.32705300 -49.87390900
v -14.33386300 7.32705300 -49.87390900
v -14.33386300 15.51324100 -49.87390900
v -14.33386300 15.51324100 -49.87390900
v -14.33386300 15.51324200 -43.15259600
v -14.33386300 15.51324200 -43.15259600
v -14.33386300 7.32705400 -43.15259600
v -14.33386300 7.32705400 -43.15259600
v -20.82446500 7.32705300 -53.77259800
v -20.82446500 7.32705300 -53.77259800
v -20.82446500 15.51324100 -53.77259800
v -20.82446500 15.51324100 -53.77259800
v -16.71671900 15.51324100 -53.77259800
v -16.71671900 15.51324100 -53.77259800
v -16.71671900 7.32705300 -53.77259800
v -16.71671900 7.32705300 -53.77259800
v -23.20731700 7.32705400 -43.15259600
v -23.20731700 7.32705400 -43.15259600
v -23.20731700 15.51324200 -43.15259600
v -23.20731700 15.51324200 -43.15259600
v -23.20731700 15.51324100 -49.87390900
v -23.20731700 15.51324100 -49.87390900
v -23.20731700 7.32705300 -49.87390900
v -23.20731700 7.32705300 -49.87390900
v -20.82446500 16.05267500 -53.27310900
v -20.82446500 16.05267500 -53.27310900
v -16.71671900 16.05267500 -53.27310900
v -16.71671900 16.05267500 -53.27310900
v -16.71671900 16.05267500 -39.75340300
v -16.71671900 16.05267500 -39.75340300
v -20.82446500 16.05267500 -39.75340300
v -20.82446500 16.05267500 -39.75340300
v -14.33386300 7.32705300 -53.77259800
v -14.33386300 7.32705300 -53.77259800
v -14.33386300 7.32705300 -53.77259800
v -14.33386300 15.51324100 -53.77259800
v -14.33386300 15.51324100 -53.77259800
v -14.33386300 15.51324100 -53.77259800
v -14.33386300 15.51324100 -53.77259800
v -14.33386300 15.51324200 -39.25372300
v -14.33386300 15.51324200 -39.25372300
v -14.33386300 15.51324200 -39.25372300
v -14.33386300 15.51324200 -39.25372300
v -14.33386300 7.32705400 -39.25372300
v -14.33386300 7.32705400 -39.25372300
v -14.33386300 7.32705400 -39.25372300
v -23.20731700 7.32705400 -39.25372300
v -23.20731700 7.32705400 -39.25372300
v -23.20731700 7.32705400 -39.25372300
v -23.20731700 15.51324200 -39.25372300
v -23.20731700 15.51324200 -39.25372300
v -23.20731700 15.51324200 -39.25372300
v -23.20731700 15.51324200 -39.25372300
v -23.20731700 15.51324100 -53.77259800
v -23.20731700 15.51324100 -53.77259800
v -23.20731700 15.51324100 -53.77259800
v -23.20731700 15.51324100 -53.77259800
v -23.20731700 7.32705300 -53.77259800
v -23.20731700 7.32705300 -53.77259800
v -23.20731700 7.32705300 -53.77259800
v -22.71305300 16.08721000 -49.87390900
v -22.71305300 16.08721000 -49.87390900
v -22.71305300 16.08721000 -43.15259600
v -22.71305300 16.08721000 -43.15259600
v -14.82813000 16.08721000 -43.15259600
v -14.82813000 16.08721000 -43.15259600
v -14.82813000 16.08721000 -49.87390900
v -14.82813000 16.08721000 -49.87390900
v -22.71062700 16.07003600 -53.27478800
v -22.71062700 16.07003600 -53.27478800
v -22.71062700 16.07003600 -53.27478800
v -14.83055600 16.07003600 -53.27478800
v -14.83055600 16.07003600 -53.27478800
v -14.83055600 16.07003600 -53.27478800
v -14.83055600 16.07003600 -39.75153400
v -14.83055600 16.07003600 -39.75153400
v -14.83055600 16.07003600 -39.75153400
v -22.71062700 16.07003600 -39.75153400
v -22.71062700 16.07003600 -39.75153400
v -22.71062700 16.07003600 -39.75153400
v -7.72791000 -0.99837500 -49.87390900
v -7.72791000 -0.99837400 -43.15259600
v -11.83565400 -0.99837400 -43.15259600
v -11.83565400 -0.99837500 -49.87390900
v -11.83565400 8.10653100 -49.87390900
v -11.83565400 8.10653200 -43.15259600
v -7.72791000 8.10653200 -43.15259600
v -7.72791000 8.10653100 -49.87390900
v -7.72791000 -0.99837400 -39.25372300
v -7.72791000 -0.99837400 -39.25372300
v -7.72791000 7.18780800 -39.25372300
v -7.72791000 7.18780800 -39.25372300
v -11.83565400 7.18780800 -39.25372300
v -11.83565400 7.18780800 -39.25372300
v -11.83565400 -0.99837400 -39.25372300
v -11.83565400 -0.99837400 -39.25372300
v -5.34505500 -0.99837500 -49.87390900
v -5.34505500 -0.99837500 -49.87390900
v -5.34505500 7.18780700 -49.87390900
v -5.34505500 7.18780700 -49.87390900
v -5.34505500 7.18780800 -43.15259600
v -5.34505500 7.18780800 -43.15259600
v -5.34505500 -0.99837400 -43.15259600
v -5.34505500 -0.99837400 -43.15259600
v -11.83565400 -0.99837500 -53.77259800
v -11.83565400 -0.99837500 -53.77259800
v -11.83565400 7.18780700 -53.77259800
v -11.83565400 7.18780700 -53.77259800
v -7.72791000 7.18780700 -53.77259800
v -7.72791000 7.18780700 -53.77259800
v -7.72791000 -0.99837500 -53.77259800
v -7.72791000 -0.99837500 -53.77259800
v -14.21832300 -0.99837400 -43.15259600
v -14.21832300 -0.99837400 -43.15259600
v -14.21832300 7.18780800 -43.15259600
v -14.21832300 7.18780800 -43.15259600
v -14.21832300 7.18780700 -49.87390900
v -14.21832300 7.18780700 -49.87390900
v -14.21832300 -0.99837500 -49.87390900
v -14.21832300 -0.99837500 -49.87390900
v -11.83565400 7.72724700 -53.27310900
v -11.83565400 7.72724700 -53.27310900
v -7.72791000 7.72724700 -53.27310900
v -7.72791000 7.72724700 -53.27310900
v -7.72791000 7.72724800 -39.75340300
v -7.72791000 7.72724800 -39.75340300
v -11.83565400 7.72724800 -39.75340300
v -11.83565400 7.72724800 -39.75340300
v -5.34505500 -0.99837500 -53.77259800
v -5.34505500 -0.99837500 -53.77259800
v -5.34505500 -0.99837500 -53.77259800
v -5.34505500 7.18780700 -53.77259800
v -5.34505500 7.18780700 -53.77259800
v -5.34505500 7.18780700 -53.77259800
v -5.34505500 7.18780700 -53.77259800
v -5.34505500 7.18780800 -39.25372300
v -5.34505500 7.18780800 -39.25372300
v -5.34505500 7.18780800 -39.25372300
v -5.34505500 7.18780800 -39.25372300
v -5.34505500 -0.99837400 -39.25372300
v -5.34505500 -0.99837400 -39.25372300
v -5.34505500 -0.99837400 -39.25372300
v -14.21832300 -0.99837400 -39.25372300
v -14.21832300 -0.99837400 -39.25372300
v -14.21832300 -0.99837400 -39.25372300
v -14.21832300 7.18780800 -39.25372300
v -14.21832300 7.18780800 -39.25372300
v -14.21832300 7.18780800 -39.25372300
v -14.21832300 7.18780800 -39.25372300
v -14.21832300 7.18780700 -53.77259800
v -14.21832300 7.18780700 -53.77259800
v -14.21832300 7.18780700 -53.77259800
v -14.21832300 7.18780700 -53.77259800
v -14.21832300 -0.99837500 -53.77259800
v -14.21832300 -0.99837500 -53.77259800
v -14.21832300 -0.99837500 -53.77259800
v -13.72424400 7.76177800 -49.87390900
v -13.72424400 7.76177800 -49.87390900
v -13.72424400 7.76177800 -43.15259600
v -13.72424400 7.76177800 -43.15259600
v -5.83932100 7.76177800 -43.15259600
v -5.83932100 7.76177800 -43.15259600
v -5.83932100 7.76177800 -49.87390900
v -5.83932100 7.76177800 -49.87390900
v -13.72181700 7.74460600 -53.27478800
v -13.72181700 7.74460600 -53.27478800
v -13.72181700 7.74460600 -53.27478800
v -5.84174800 7.74460600 -53.27478800
v -5.84174800 7.74460600 -53.27478800
v -5.84174800 7.74460600 -53.27478800
v -5.84174800 7.74460700 -39.75153400
v -5.84174800 7.74460700 -39.75153400
v -5.84174800 7.74460700 -39.75153400
v -13.72181700 7.74460700 -39.75153400
v -13.72181700 7.74460700 -39.75153400
v -13.72181700 7.74460700 -39.75153400
v -7.72791000 -0.99837600 -64.66847200
v -7.72791000 -0.99837500 -57.94716600
v -11.83565400 -0.99837500 -57.94716600
v -11.83565400 -0.99837600 -64.66847200
v -11.83565400 8.10653000 -64.66847200
v -11.83565400 8.10653000 -57.94716600
v -7.72791000 8.10653000 -57.94716600
v -7.72791000 8.10653000 -64.66847200
v -7.72791000 -0.99837500 -54.04828600
v -7.72791000 -0.99837500 -54.04828600
v -7.72791000 7.18780700 -54.04828600
v -7.72791000 7.18780700 -54.04828600
v -11.83565400 7.18780700 -54.04828600
v -11.83565400 7.18780700 -54.04828600
v -11.83565400 -0.99837500 -54.04828600
v -11.83565400 -0.99837500 -54.04828600
v -5.34505500 -0.99837600 -64.66847200
v -5.34505500 -0.99837600 -64.66847200
v -5.34505500 7.18780600 -64.66847200
v -5.34505500 7.18780600 -64.66847200
v -5.34505500 7.18780700 -57.94716600
v -5.34505500 7.18780700 -57.94716600
v -5.34505500 -0.99837500 -57.94716600
v -5.34505500 -0.99837500 -57.94716600
v -11.83565400 -0.99837600 -68.56716200
v -11.83565400 -0.99837600 -68.56716200
v -11.83565400 7.18780600 -68.56716200
v -11.83565400 7.18780600 -68.56716200
v -7.72791000 7.18780600 -68.56716200
v -7.72791000 7.18780600 -68.56716200
v -7.72791000 -0.99837600 -68.56716200
v -7.72791000 -0.99837600 -68.56716200
v -14.21832300 -0.99837500 -57.94716600
v -14.21832300 -0.99837500 -57.94716600
v -14.21832300 7.18780700 -57.94716600
v -14.21832300 7.18780700 -57.94716600
v -14.21832300 7.18780600 -64.66847200
v -14.21832300 7.18780600 -64.66847200
v -14.21832300 -0.99837600 -64.66847200
v -14.21832300 -0.99837600 -64.66847200
v -11.83565400 7.72724600 -68.06767300
v -11.83565400 7.72724600 -68.06767300
v -7.72791000 7.72724600 -68.06767300
v -7.72791000 7.72724600 -68.06767300
v -7.72791000 7.72724700 -54.54796600
v -7.72791000 7.72724700 -54.54796600
v -11.83565400 7.72724700 -54.54796600
v -11.83565400 7.72724700 -54.54796600
v -5.34505500 -0.99837600 -68.56716200
v -5.34505500 -0.99837600 -68.56716200
v -5.34505500 -0.99837600 -68.56716200
v -5.34505500 7.18780600 -68.56716200
v -5.34505500 7.18780600 -68.56716200
v -5.34505500 7.18780600 -68.56716200
v -5.34505500 7.18780600 -68.56716200
v -5.34505500 7.18780700 -54.04828600
v -5.34505500 7.18780700 -54.04828600
v -5.34505500 7.18780700 -54.04828600
v -5.34505500 7.18780700 -54.04828600
v -5.34505500 -0.99837500 -54.04828600
v -5.34505500 -0.99837500 -54.04828600
v -5.34505500 -0.99837500 -54.04828600
v -14.21832300 -0.99837500 -54.04828600
v -14.21832300 -0.99837500 -54.04828600
v -14.21832300 -0.99837500 -54.04828600
v -14.21832300 7.18780700 -54.04828600
v -14.21832300 7.18780700 -54.04828600
v -14.21832300 7.18780700 -54.04828600
v -14.21832300 7.18780700 -54.04828600
v -14.21832300 7.18780600 -68.56716200
v -14.21832300 7.18780600 -68.56716200
v -14.21832300 7.18780600 -68.56716200
v -14.21832300 7.18780600 -68.56716200
v -14.21832300 -0.99837600 -68.56716200
v -14.21832300 -0.99837600 -68.56716200
v -14.21832300 -0.99837600 -68.56716200
v -13.72424400 7.76177700 -64.66847200
v -13.72424400 7.76177700 -64.66847200
v -13.72424400 7.76177700 -57.94716600
v -13.72424400 7.76177700 -57.94716600
v -5.83932100 7.76177700 -57.94716600
v -5.83932100 7.76177700 -57.94716600
v -5.83932100 7.76177700 -64.66847200
v -5.83932100 7.76177700 -64.66847200
v -13.72181700 7.74460500 -68.06935100
v -13.72181700 7.74460500 -68.06935100
v -13.72181700 7.74460500 -68.06935100
v -5.84174800 7.74460500 -68.06935100
v -5.84174800 7.74460500 -68.06935100
v -5.84174800 7.74460500 -68.06935100
v -5.84174800 7.74460600 -54.54610400
v -5.84174800 7.74460600 -54.54610400
v -5.84174800 7.74460600 -54.54610400
v -13.72181700 7.74460600 -54.54610400
v -13.72181700 7.74460600 -54.54610400
v -13.72181700 7.74460600 -54.54610400
v -16.71671900 -0.99837600 -64.66847200
v -16.71671900 -0.99837500 -57.94716600
v -20.82446500 -0.99837500 -57.94716600
v -20.82446500 -0.99837600 -64.66847200
v -20.82446500 8.10653000 -64.66847200
v -20.82446500 8.10653000 -57.94716600
v -16.71671900 8.10653000 -57.94716600
v -16.71671900 8.10653000 -64.66847200
v -16.71671900 -0.99837500 -54.04828600
v -16.71671900 -0.99837500 -54.04828600
v -16.71671900 7.18780700 -54.04828600
v -16.71671900 7.18780700 -54.04828600
v -20.82446500 7.18780700 -54.04828600
v -20.82446500 7.18780700 -54.04828600
v -20.82446500 -0.99837500 -54.04828600
v -20.82446500 -0.99837500 -54.04828600
v -14.33386300 -0.99837600 -64.66847200
v -14.33386300 -0.99837600 -64.66847200
v -14.33386300 7.18780600 -64.66847200
v -14.33386300 7.18780600 -64.66847200
v -14.33386300 7.18780700 -57.94716600
v -14.33386300 7.18780700 -57.94716600
v -14.33386300 -0.99837500 -57.94716600
v -14.33386300 -0.99837500 -57.94716600
v -20.82446500 -0.99837600 -68.56716200
v -20.82446500 -0.99837600 -68.56716200
v -20.82446500 7.18780600 -68.56716200
v -20.82446500 7.18780600 -68.56716200
v -16.71671900 7.18780600 -68.56716200
v -16.71671900 7.18780600 -68.56716200
v -16.71671900 -0.99837600 -68.56716200
v -16.71671900 -0.99837600 -68.56716200
v -23.20731700 -0.99837500 -57.94716600
v -23.20731700 -0.99837500 -57.94716600
v -23.20731700 7.18780700 -57.94716600
v -23.20731700 7.18780700 -57.94716600
v -23.20731700 7.18780600 -64.66847200
v -23.20731700 7.18780600 -64.66847200
v -23.20731700 -0.99837600 -64.66847200
v -23.20731700 -0.99837600 -64.66847200
v -20.82446500 7.72724600 -68.06767300
v -20.82446500 7.72724600 -68.06767300
v -16.71671900 7.72724600 -68.06767300
v -16.71671900 7.72724600 -68.06767300
v -16.71671900 7.72724700 -54.54796600
v -16.71671900 7.72724700 -54.54796600
v -20.82446500 7.72724700 -54.54796600
v -20.82446500 7.72724700 -54.54796600
v -14.33386300 -0.99837600 -68.56716200
v -14.33386300 -0.99837600 -68.56716200
v -14.33386300 -0.99837600 -68.56716200
v -14.33386300 7.18780600 -68.56716200
v -14.33386300 7.18780600 -68.56716200
v -14.33386300 7.18780600 -68.56716200
v -14.33386300 7.18780600 -68.56716200
v -14.33386300 7.18780700 -54.04828600
v -14.33386300 7.18780700 -54.04828600
v -14.33386300 7.18780700 -54.04828600
v -14.33386300 7.18780700 -54.04828600
v -14.33386300 -0.99837500 -54.04828600
v -14.33386300 -0.99837500 -54.04828600
v -14.33386300 -0.99837500 -54.04828600
v -23.20731700 -0.99837500 -54.04828600
v -23.20731700 -0.99837500 -54.04828600
v -23.20731700 -0.99837500 -54.04828600
v -23.20731700 7.18780700 -54.04828600
v -23.20731700 7.18780700 -54.04828600
v -23.20731700 7.18780700 -54.04828600
v -23.20731700 7.18780700 -54.04828600
v -23.20731700 7.18780600 -68.56716200
v -23.20731700 7.18780600 -68.56716200
v -23.20731700 7.18780600 -68.56716200
v -23.20731700 7.18780600 -68.56716200
v -23.20731700 -0.99837600 -68.56716200
v -23.20731700 -0.99837600 -68.56716200
v -23.20731700 -0.99837600 -68.56716200
v -22.71305300 7.76177700 -64.66847200
v -22.71305300 7.76177700 -64.66847200
v -22.71305300 7.76177700 -57.94716600
v -22.71305300 7.76177700 -57.94716600
v -14.82813000 7.76177700 -57.94716600
v -14.82813000 7.76177700 -57.94716600
v -14.82813000 7.76177700 -64.66847200
v -14.82813000 7.76177700 -64.66847200
v -22.71062700 7.74460500 -68.06935100
v -22.71062700 7.74460500 -68.06935100
v -22.71062700 7.74460500 -68.06935100
v -14.83055600 7.74460500 -68.06935100
v -14.83055600 7.74460500 -68.06935100
v -14.83055600 7.74460500 -68.06935100
v -14.83055600 7.74460600 -54.54610400
v -14.83055600 7.74460600 -54.54610400
v -14.83055600 7.74460600 -54.54610400
v -22.71062700 7.74460600 -54.54610400
v -22.71062700 7.74460600 -54.54610400
v -22.71062700 7.74460600 -54.54610400
v -16.71671900 -0.99837500 -49.87390900
v -16.71671900 -0.99837400 -43.15259600
v -20.82446500 -0.99837400 -43.15259600
v -20.82446500 -0.99837500 -49.87390900
v -20.82446500 8.10653100 -49.87390900
v -20.82446500 8.10653200 -43.15259600
v -16.71671900 8.10653200 -43.15259600
v -16.71671900 8.10653100 -49.87390900
v -16.71671900 -0.99837400 -39.25372300
v -16.71671900 -0.99837400 -39.25372300
v -16.71671900 7.18780800 -39.25372300
v -16.71671900 7.18780800 -39.25372300
v -20.82446500 7.18780800 -39.25372300
v -20.82446500 7.18780800 -39.25372300
v -20.82446500 -0.99837400 -39.25372300
v -20.82446500 -0.99837400 -39.25372300
v -14.33386300 -0.99837500 -49.87390900
v -14.33386300 -0.99837500 -49.87390900
v -14.33386300 7.18780700 -49.87390900
v -14.33386300 7.18780700 -49.87390900
v -14.33386300 7.18780800 -43.15259600
v -14.33386300 7.18780800 -43.15259600
v -14.33386300 -0.99837400 -43.15259600
v -14.33386300 -0.99837400 -43.15259600
v -20.82446500 -0.99837500 -53.77259800
v -20.82446500 -0.99837500 -53.77259800
v -20.82446500 7.18780700 -53.77259800
v -20.82446500 7.18780700 -53.77259800
v -16.71671900 7.18780700 -53.77259800
v -16.71671900 7.18780700 -53.77259800
v -16.71671900 -0.99837500 -53.77259800
v -16.71671900 -0.99837500 -53.77259800
v -23.20731700 -0.99837400 -43.15259600
v -23.20731700 -0.99837400 -43.15259600
v -23.20731700 7.18780800 -43.15259600
v -23.20731700 7.18780800 -43.15259600
v -23.20731700 7.18780700 -49.87390900
v -23.20731700 7.18780700 -49.87390900
v -23.20731700 -0.99837500 -49.87390900
v -23.20731700 -0.99837500 -49.87390900
v -20.82446500 7.72724700 -53.27310900
v -20.82446500 7.72724700 -53.27310900
v -16.71671900 7.72724700 -53.27310900
v -16.71671900 7.72724700 -53.27310900
v -16.71671900 7.72724800 -39.75340300
v -16.71671900 7.72724800 -39.75340300
v -20.82446500 7.72724800 -39.75340300
v -20.82446500 7.72724800 -39.75340300
v -14.33386300 -0.99837500 -53.77259800
v -14.33386300 -0.99837500 -53.77259800
v -14.33386300 -0.99837500 -53.77259800
v -14.33386300 7.18780700 -53.77259800
v -14.33386300 7.18780700 -53.77259800
v -14.33386300 7.18780700 -53.77259800
v -14.33386300 7.18780700 -53.77259800
v -14.33386300 7.18780800 -39.25372300
v -14.33386300 7.18780800 -39.25372300
v -14.33386300 7.18780800 -39.25372300
v -14.33386300 7.18780800 -39.25372300
v -14.33386300 -0.99837400 -39.25372300
v -14.33386300 -0.99837400 -39.25372300
v -14.33386300 -0.99837400 -39.25372300
v -23.20731700 -0.99837400 -39.25372300
v -23.20731700 -0.99837400 -39.25372300
v -23.20731700 -0.99837400 -39.25372300
v -23.20731700 7.18780800 -39.25372300
v -23.20731700 7.18780800 -39.25372300
v -23.20731700 7.18780800 -39.25372300
v -23.20731700 7.18780800 -39.25372300
v -23.20731700 7.18780700 -53.77259800
v -23.20731700 7.18780700 -53.77259800
v -23.20731700 7.18780700 -53.77259800
v -23.20731700 7.18780700 -53.77259800
v -23.20731700 -0.99837500 -53.77259800
v -23.20731700 -0.99837500 -53.77259800
v -23.20731700 -0.99837500 -53.77259800
v -22.71305300 7.76177800 -49.87390900
v -22.71305300 7.76177800 -49.87390900
v -22.71305300 7.76177800 -43.15259600
v -22.71305300 7.76177800 -43.15259600
v -14.82813000 7.76177800 -43.15259600
v -14.82813000 7.76177800 -43.15259600
v -14.82813000 7.76177800 -49.87390900
v -14.82813000 7.76177800 -49.87390900
v -22.71062700 7.74460600 -53.27478800
v -22.71062700 7.74460600 -53.27478800
v -22.71062700 7.74460600 -53.27478800
v -14.83055600 7.74460600 -53.27478800
v -14.83055600 7.74460600 -53.27478800
v -14.83055600 7.74460600 -53.27478800
v -14.83055600 7.74460700 -39.75153400
v -14.83055600 7.74460700 -39.75153400
v -14.83055600 7.74460700 -39.75153400
v -22.71062700 7.74460700 -39.75153400
v -22.71062700 7.74460700 -39.75153400
v -22.71062700 7.74460700 -39.75153400
v -7.72791000 -9.32399700 -49.87390900
v -7.72791000 -9.32399600 -43.15259600
v -11.83565400 -9.32399600 -43.15259600
v -11.83565400 -9.32399700 -49.87390900
v -11.83565400 -0.21890300 -49.87390900
v -11.83565400 -0.21890200 -43.15259600
v -7.72791000 -0.21890200 -43.15259600
v -7.72791000 -0.21890300 -49.87390900
v -7.72791000 -9.32399600 -39.25372300
v -7.72791000 -9.32399600 -39.25372300
v -7.72791000 -1.13780900 -39.25372300
v -7.72791000 -1.13780900 -39.25372300
v -11.83565400 -1.13780900 -39.25372300
v -11.83565400 -1.13780900 -39.25372300
v -11.83565400 -9.32399600 -39.25372300
v -11.83565400 -9.32399600 -39.25372300
v -5.34505500 -9.32399700 -49.87390900
v -5.34505500 -9.32399700 -49.87390900
v -5.34505500 -1.13781000 -49.87390900
v -5.34505500 -1.13781000 -49.87390900
v -5.34505500 -1.13780900 -43.15259600
v -5.34505500 -1.13780900 -43.15259600
v -5.34505500 -9.32399600 -43.15259600
v -5.34505500 -9.32399600 -43.15259600
v -11.83565400 -9.32399700 -53.77259800
v -11.83565400 -9.32399700 -53.77259800
v -11.83565400 -1.13781000 -53.77259800
v -11.83565400 -1.13781000 -53.77259800
v -7.72791000 -1.13781000 -53.77259800
v -7.72791000 -1.13781000 -53.77259800
v -7.72791000 -9.32399700 -53.77259800
v -7.72791000 -9.32399700 -53.77259800
v -14.21832300 -9.32399600 -43.15259600
v -14.21832300 -9.32399600 -43.15259600
v -14.21832300 -1.13780900 -43.15259600
v -14.21832300 -1.13780900 -43.15259600
v -14.21832300 -1.13781000 -49.87390900
v -14.21832300 -1.13781000 -49.87390900
v -14.21832300 -9.32399700 -49.87390900
v -14.21832300 -9.32399700 -49.87390900
v -11.83565400 -0.59818700 -53.27310900
v -11.83565400 -0.59818700 -53.27310900
v -7.72791000 -0.59818700 -53.27310900
v -7.72791000 -0.59818700 -53.27310900
v -7.72791000 -0.59818600 -39.75340300
v -7.72791000 -0.59818600 -39.75340300
v -11.83565400 -0.59818600 -39.75340300
v -11.83565400 -0.59818600 -39.75340300
v -5.34505500 -9.32399700 -53.77259800
v -5.34505500 -9.32399700 -53.77259800
v -5.34505500 -9.32399700 -53.77259800
v -5.34505500 -1.13781000 -53.77259800
v -5.34505500 -1.13781000 -53.77259800
v -5.34505500 -1.13781000 -53.77259800
v -5.34505500 -1.13781000 -53.77259800
v -5.34505500 -1.13780900 -39.25372300
v -5.34505500 -1.13780900 -39.25372300
v -5.34505500 -1.13780900 -39.25372300
v -5.34505500 -1.13780900 -39.25372300
v -5.34505500 -9.32399600 -39.25372300
v -5.34505500 -9.32399600 -39.25372300
v -5.34505500 -9.32399600 -39.25372300
v -14.21832300 -9.32399600 -39.25372300
v -14.21832300 -9.32399600 -39.25372300
v -14.21832300 -9.32399600 -39.25372300
v -14.21832300 -1.13780900 -39.25372300
v -14.21832300 -1.13780900 -39.25372300
v -14.21832300 -1.13780900 -39.25372300
v -14.21832300 -1.13780900 -39.25372300
v -14.21832300 -1.13781000 -53.77259800
v -14.21832300 -1.13781000 -53.77259800
v -14.21832300 -1.13781000 -53.77259800
v -14.21832300 -1.13781000 -53.77259800
v -14.21832300 -9.32399700 -53.77259800
v -14.21832300 -9.32399700 -53.77259800
v -14.21832300 -9.32399700 -53.77259800
v -13.72424400 -0.56383900 -49.87390900
v -13.72424400 -0.56383900 -49.87390900
v -13.72424400 -0.56383800 -43.15259600
v -13.72424400 -0.56383800 -43.15259600
v -5.83932100 -0.56383800 -43.15259600
v -5.83932100 -0.56383800 -43.15259600
v -5.83932100 -0.56383900 -49.87390900
v -5.83932100 -0.56383900 -49.87390900
v -13.72181700 -0.58082600 -53.27478800
v -13.72181700 -0.58082600 -53.27478800
v -13.72181700 -0.58082600 -53.27478800
v -5.84174800 -0.58082600 -53.27478800
v -5.84174800 -0.58082600 -53.27478800
v -5.84174800 -0.58082600 -53.27478800
v -5.84174800 -0.58082500 -39.75153400
v -5.84174800 -0.58082500 -39.75153400
v -5.84174800 -0.58082500 -39.75153400
v -13.72181700 -0.58082500 -39.75153400
v -13.72181700 -0.58082500 -39.75153400
v -13.72181700 -0.58082500 -39.75153400
v -7.72791000 -9.32399700 -64.66847200
v -7.72791000 -9.32399700 -57.94716600
v -11.83565400 -9.32399700 -57.94716600
v -11.83565400 -9.32399700 -64.66847200
v -11.83565400 -0.21890400 -64.66847200
v -11.83565400 -0.21890300 -57.94716600
v -7.72791000 -0.21890300 -57.94716600
v -7.72791000 -0.21890400 -64.66847200
v -7.72791000 -9.32399700 -54.04828600
v -7.72791000 -9.32399700 -54.04828600
v -7.72791000 -1.13781000 -54.04828600
v -7.72791000 -1.13781000 -54.04828600
v -11.83565400 -1.13781000 -54.04828600
v -11.83565400 -1.13781000 -54.04828600
v -11.83565400 -9.32399700 -54.04828600
v -11.83565400 -9.32399700 -54.04828600
v -5.34505500 -9.32399700 -64.66847200
v -5.34505500 -9.32399700 -64.66847200
v -5.34505500 -1.13781100 -64.66847200
v -5.34505500 -1.13781100 -64.66847200
v -5.34505500 -1.13781000 -57.94716600
v -5.34505500 -1.13781000 -57.94716600
v -5.34505500 -9.32399700 -57.94716600
v -5.34505500 -9.32399700 -57.94716600
v -11.83565400 -9.32399700 -68.56716200
v -11.83565400 -9.32399700 -68.56716200
v -11.83565400 -1.13781100 -68.56716200
v -11.83565400 -1.13781100 -68.56716200
v -7.72791000 -1.13781100 -68.56716200
v -7.72791000 -1.13781100 -68.56716200
v -7.72791000 -9.32399700 -68.56716200
v -7.72791000 -9.32399700 -68.56716200
v -14.21832300 -9.32399700 -57.94716600
v -14.21832300 -9.32399700 -57.94716600
v -14.21832300 -1.13781000 -57.94716600
v -14.21832300 -1.13781000 -57.94716600
v -14.21832300 -1.13781100 -64.66847200
v -14.21832300 -1.13781100 -64.66847200
v -14.21832300 -9.32399700 -64.66847200
v -14.21832300 -9.32399700 -64.66847200
v -11.83565400 -0.59818800 -68.06767300
v -11.83565400 -0.59818800 -68.06767300
v -7.72791000 -0.59818800 -68.06767300
v -7.72791000 -0.59818800 -68.06767300
v -7.72791000 -0.59818700 -54.54796600
v -7.72791000 -0.59818700 -54.54796600
v -11.83565400 -0.59818700 -54.54796600
v -11.83565400 -0.59818700 -54.54796600
v -5.34505500 -9.32399700 -68.56716200
v -5.34505500 -9.32399700 -68.56716200
v -5.34505500 -9.32399700 -68.56716200
v -5.34505500 -1.13781100 -68.56716200
v -5.34505500 -1.13781100 -68.56716200
v -5.34505500 -1.13781100 -68.56716200
v -5.34505500 -1.13781100 -68.56716200
v -5.34505500 -1.13781000 -54.04828600
v -5.34505500 -1.13781000 -54.04828600
v -5.34505500 -1.13781000 -54.04828600
v -5.34505500 -1.13781000 -54.04828600
v -5.34505500 -9.32399700 -54.04828600
v -5.34505500 -9.32399700 -54.04828600
v -5.34505500 -9.32399700 -54.04828600
v -14.21832300 -9.32399700 -54.04828600
v -14.21832300 -9.32399700 -54.04828600
v -14.21832300 -9.32399700 -54.04828600
v -14.21832300 -1.13781000 -54.04828600
v -14.21832300 -1.13781000 -54.04828600
v -14.21832300 -1.13781000 -54.04828600
v -14.21832300 -1.13781000 -54.04828600
v -14.21832300 -1.13781100 -68.56716200
v -14.21832300 -1.13781100 -68.56716200
v -14.21832300 -1.13781100 -68.56716200
v -14.21832300 -1.13781100 -68.56716200
v -14.21832300 -9.32399700 -68.56716200
v -14.21832300 -9.32399700 -68.56716200
v -14.21832300 -9.32399700 -68.56716200
v -13.72424400 -0.56384000 -64.66847200
v -13.72424400 -0.56384000 -64.66847200
v -13.72424400 -0.56383900 -57.94716600
v -13.72424400 -0.56383900 -57.94716600
v -5.83932100 -0.56383900 -57.94716600
v -5.83932100 -0.56383900 -57.94716600
v -5.83932100 -0.56384000 -64.66847200
v -5.83932100 -0.56384000 -64.66847200
v -13.72181700 -0.58082700 -68.06935100
v -13.72181700 -0.58082700 -68.06935100
v -13.72181700 -0.58082700 -68.06935100
v -5.84174800 -0.58082700 -68.06935100
v -5.84174800 -0.58082700 -68.06935100
v -5.84174800 -0.58082700 -68.06935100
v -5.84174800 -0.58082600 -54.54610400
v -5.84174800 -0.58082600 -54.54610400
v -5.84174800 -0.58082600 -54.54610400
v -13.72181700 -0.58082600 -54.54610400
v -13.72181700 -0.58082600 -54.54610400
v -13.72181700 -0.58082600 -54.54610400
v -16.71671900 -9.32399700 -64.66847200
v -16.71671900 -9.32399700 -57.94716600
v -20.82446500 -9.32399700 -57.94716600
v -20.82446500 -9.32399700 -64.66847200
v -20.82446500 -0.21890400 -64.66847200
v -20.82446500 -0.21890300 -57.94716600
v -16.71671900 -0.21890300 -57.94716600
v -16.71671900 -0.21890400 -64.66847200
v -16.71671900 -9.32399700 -54.04828600
v -16.71671900 -9.32399700 -54.04828600
v -16.71671900 -1.13781000 -54.04828600
v -16.71671900 -1.13781000 -54.04828600
v -20.82446500 -1.13781000 -54.04828600
v -20.82446500 -1.13781000 -54.04828600
v -20.82446500 -9.32399700 -54.04828600
v -20.82446500 -9.32399700 -54.04828600
v -14.33386300 -9.32399700 -64.66847200
v -14.33386300 -9.32399700 -64.66847200
v -14.33386300 -1.13781100 -64.66847200
v -14.33386300 -1.13781100 -64.66847200
v -14.33386300 -1.13781000 -57.94716600
v -14.33386300 -1.13781000 -57.94716600
v -14.33386300 -9.32399700 -57.94716600
v -14.33386300 -9.32399700 -57.94716600
v -20.82446500 -9.32399700 -68.56716200
v -20.82446500 -9.32399700 -68.56716200
v -20.82446500 -1.13781100 -68.56716200
v -20.82446500 -1.13781100 -68.56716200
v -16.71671900 -1.13781100 -68.56716200
v -16.71671900 -1.13781100 -68.56716200
v -16.71671900 -9.32399700 -68.56716200
v -16.71671900 -9.32399700 -68.56716200
v -23.20731700 -9.32399700 -57.94716600
v -23.20731700 -9.32399700 -57.94716600
v -23.20731700 -1.13781000 -57.94716600
v -23.20731700 -1.13781000 -57.94716600
v -23.20731700 -1.13781100 -64.66847200
v -23.20731700 -1.13781100 -64.66847200
v -23.20731700 -9.32399700 -64.66847200
v -23.20731700 -9.32399700 -64.66847200
v -20.82446500 -0.59818800 -68.06767300
v -20.82446500 -0.59818800 -68.06767300
v -16.71671900 -0.59818800 -68.06767300
v -16.71671900 -0.59818800 -68.06767300
v -16.71671900 -0.59818700 -54.54796600
v -16.71671900 -0.59818700 -54.54796600
v -20.82446500 -0.59818700 -54.54796600
v -20.82446500 -0.59818700 -54.54796600
v -14.33386300 -9.32399700 -68.56716200
v -14.33386300 -9.32399700 -68.56716200
v -14.33386300 -9.32399700 -68.56716200
v -14.33386300 -1.13781100 -68.56716200
v -14.33386300 -1.13781100 -68.56716200
v -14.33386300 -1.13781100 -68.56716200
v -14.33386300 -1.13781100 -68.56716200
v -14.33386300 -1.13781000 -54.04828600
v -14.33386300 -1.13781000 -54.04828600
v -14.33386300 -1.13781000 -54.04828600
v -14.33386300 -1.13781000 -54.04828600
v -14.33386300 -9.32399700 -54.04828600
v -14.33386300 -9.32399700 -54.04828600
v -14.33386300 -9.32399700 -54.04828600
v -23.20731700 -9.32399700 -54.04828600
v -23.20731700 -9.32399700 -54.04828600
v -23.20731700 -9.32399700 -54.04828600
v -23.20731700 -1.13781000 -54.04828600
v -23.20731700 -1.13781000 -54.04828600
v -23.20731700 -1.13781000 -54.04828600
v -23.20731700 -1.13781000 -54.04828600
v -23.20731700 -1.13781100 -68.56716200
v -23.20731700 -1.13781100 -68.56716200
v -23.20731700 -1.13781100 -68.56716200
v -23.20731700 -1.13781100 -68.56716200
v -23.20731700 -9.32399700 -68.56716200
v -23.20731700 -9.32399700 -68.56716200
v -23.20731700 -9.32399700 -68.56716200
v -22.71305300 -0.56384000 -64.66847200
v -22.71305300 -0.56384000 -64.66847200
v -22.71305300 -0.56383900 -57.94716600
v -22.71305300 -0.56383900 -57.94716600
v -14.82813000 -0.56383900 -57.94716600
v -14.82813000 -0.56383900 -57.94716600
v -14.82813000 -0.56384000 -64.66847200
v -14.82813000 -0.56384000 -64.66847200
v -22.71062700 -0.58082700 -68.06935100
v -22.71062700 -0.58082700 -68.06935100
v -22.71062700 -0.58082700 -68.06935100
v -14.83055600 -0.58082700 -68.06935100
v -14.83055600 -0.58082700 -68.06935100
v -14.83055600 -0.58082700 -68.06935100
v -14.83055600 -0.58082600 -54.54610400
v -14.83055600 -0.58082600 -54.54610400
v -14.83055600 -0.58082600 -54.54610400
v -22.71062700 -0.58082600 -54.54610400
v -22.71062700 -0.58082600 -54.54610400
v -22.71062700 -0.58082600 -54.54610400
v -16.71671900 -9.32399700 -49.87390900
v -16.71671900 -9.32399600 -43.15259600
v -20.82446500 -9.32399600 -43.15259600
v -20.82446500 -9.32399700 -49.87390900
v -20.82446500 -0.21890300 -49.87390900
v -20.82446500 -0.21890200 -43.15259600
v -16.71671900 -0.21890200 -43.15259600
v -16.71671900 -0.21890300 -49.87390900
v -16.71671900 -9.32399600 -39.25372300
v -16.71671900 -9.32399600 -39.25372300
v -16.71671900 -1.13780900 -39.25372300
v -16.71671900 -1.13780900 -39.25372300
v -20.82446500 -1.13780900 -39.25372300
v -20.82446500 -1.13780900 -39.25372300
v -20.82446500 -9.32399600 -39.25372300
v -20.82446500 -9.32399600 -39.25372300
v -14.33386300 -9.32399700 -49.87390900
v -14.33386300 -9.32399700 -49.87390900
v -14.33386300 -1.13781000 -49.87390900
v -14.33386300 -1.13781000 -49.87390900
v -14.33386300 -1.13780900 -43.15259600
v -14.33386300 -1.13780900 -43.15259600
v -14.33386300 -9.32399600 -43.15259600
v -14.33386300 -9.32399600 -43.15259600
v -20.82446500 -9.32399700 -53.77259800
v -20.82446500 -9.32399700 -53.77259800
v -20.82446500 -1.13781000 -53.77259800
v -20.82446500 -1.13781000 -53.77259800
v -16.71671900 -1.13781000 -53.77259800
v -16.71671900 -1.13781000 -53.77259800
v -16.71671900 -9.32399700 -53.77259800
v -16.71671900 -9.32399700 -53.77259800
v -23.20731700 -9.32399600 -43.15259600
v -23.20731700 -9.32399600 -43.15259600
v -23.20731700 -1.13780900 -43.15259600
v -23.20731700 -1.13780900 -43.15259600
v -23.20731700 -1.13781000 -49.87390900
v -23.20731700 -1.13781000 -49.87390900
v -23.20731700 -9.32399700 -49.87390900
v -23.20731700 -9.32399700 -49.87390900
v -20.82446500 -0.59818700 -53.27310900
v -20.82446500 -0.59818700 -53.27310900
v -16.71671900 -0.59818700 -53.27310900
v -16.71671900 -0.59818700 -53.27310900
v -16.71671900 -0.59818600 -39.75340300
v -16.71671900 -0.59818600 -39.75340300
v -20.82446500 -0.59818600 -39.75340300
v -20.82446500 -0.59818600 -39.75340300
v -14.33386300 -9.32399700 -53.77259800
v -14.33386300 -9.32399700 -53.77259800
v -14.33386300 -9.32399700 -53.77259800
v -14.33386300 -1.13781000 -53.77259800
v -14.33386300 -1.13781000 -53.77259800
v -14.33386300 -1.13781000 -53.77259800
v -14.33386300 -1.13781000 -53.77259800
v -14.33386300 -1.13780900 -39.25372300
v -14.33386300 -1.13780900 -39.25372300
v -14.33386300 -1.13780900 -39.25372300
v -14.33386300 -1.13780900 -39.25372300
v -14.33386300 -9.32399600 -39.25372300
v -14.33386300 -9.32399600 -39.25372300
v -14.33386300 -9.32399600 -39.25372300
v -23.20731700 -9.32399600 -39.25372300
v -23.20731700 -9.32399600 -39.25372300
v -23.20731700 -9.32399600 -39.25372300
v -23.20731700 -1.13780900 -39.25372300
v -23.20731700 -1.13780900 -39.25372300
v -23.20731700 -1.13780900 -39.25372300
v -23.20731700 -1.13780900 -39.25372300
v -23.20731700 -1.13781000 -53.77259800
v -23.20731700 -1.13781000 -53.77259800
v -23.20731700 -1.13781000 -53.77259800
v -23.20731700 -1.13781000 -53.77259800
v -23.20731700 -9.32399700 -53.77259800
v -23.20731700 -9.32399700 -53.77259800
v -23.20731700 -9.32399700 -53.77259800
v -22.71305300 -0.56383900 -49.87390900
v -22.71305300 -0.56383900 -49.87390900
v -22.71305300 -0.56383800 -43.15259600
v -22.71305300 -0.56383800 -43.15259600
v -14.82813000 -0.56383800 -43.15259600
v -14.82813000 -0.56383800 -43.15259600
v -14.82813000 -0.56383900 -49.87390900
v -14.82813000 -0.56383900 -49.87390900
v -22.71062700 -0.58082600 -53.27478800
v -22.71062700 -0.58082600 -53.27478800
v -22.71062700 -0.58082600 -53.27478800
v -14.83055600 -0.58082600 -53.27478800
v -14.83055600 -0.58082600 -53.27478800
v -14.83055600 -0.58082600 -53.27478800
v -14.83055600 -0.58082500 -39.75153400
v -14.83055600 -0.58082500 -39.75153400
v -14.83055600 -0.58082500 -39.75153400
v -22.71062700 -0.58082500 -39.75153400
v -22.71062700 -0.58082500 -39.75153400
v -22.71062700 -0.58082500 -39.75153400
v -7.72791000 -17.64942900 -49.87390900
v -7.72791000 -17.64942900 -43.15259600
v -11.83565400 -17.64942900 -43.15259600
v -11.83565400 -17.64942900 -49.87390900
v -11.83565400 -8.54451800 -49.87390900
v -11.83565400 -8.54451700 -43.15259600
v -7.72791000 -8.54451700 -43.15259600
v -7.72791000 -8.54451800 -49.87390900
v -7.72791000 -17.64942900 -39.25372300
v -7.72791000 -17.64942900 -39.25372300
v -7.72791000 -9.46324000 -39.25372300
v -7.72791000 -9.46324000 -39.25372300
v -11.83565400 -9.46324000 -39.25372300
v -11.83565400 -9.46324000 -39.25372300
v -11.83565400 -17.64942900 -39.25372300
v -11.83565400 -17.64942900 -39.25372300
v -5.34505500 -17.64942900 -49.87390900
v -5.34505500 -17.64942900 -49.87390900
v -5.34505500 -9.46324100 -49.87390900
v -5.34505500 -9.46324100 -49.87390900
v -5.34505500 -9.46324000 -43.15259600
v -5.34505500 -9.46324000 -43.15259600
v -5.34505500 -17.64942900 -43.15259600
v -5.34505500 -17.64942900 -43.15259600
v -11.83565400 -17.64942900 -53.77259800
v -11.83565400 -17.64942900 -53.77259800
v -11.83565400 -9.46324100 -53.77259800
v -11.83565400 -9.46324100 -53.77259800
v -7.72791000 -9.46324100 -53.77259800
v -7.72791000 -9.46324100 -53.77259800
v -7.72791000 -17.64942900 -53.77259800
v -7.72791000 -17.64942900 -53.77259800
v -14.21832300 -17.64942900 -43.15259600
v -14.21832300 -17.64942900 -43.15259600
v -14.21832300 -9.46324000 -43.15259600
v -14.21832300 -9.46324000 -43.15259600
v -14.21832300 -9.46324100 -49.87390900
v -14.21832300 -9.46324100 -49.87390900
v -14.21832300 -17.64942900 -49.87390900
v -14.21832300 -17.64942900 -49.87390900
v -11.83565400 -8.92380600 -53.27310900
v -11.83565400 -8.92380600 -53.27310900
v -7.72791000 -8.92380600 -53.27310900
v -7.72791000 -8.92380600 -53.27310900
v -7.72791000 -8.92380500 -39.75340300
v -7.72791000 -8.92380500 -39.75340300
v -11.83565400 -8.92380500 -39.75340300
v -11.83565400 -8.92380500 -39.75340300
v -5.34505500 -17.64942900 -53.77259800
v -5.34505500 -17.64942900 -53.77259800
v -5.34505500 -17.64942900 -53.77259800
v -5.34505500 -9.46324100 -53.77259800
v -5.34505500 -9.46324100 -53.77259800
v -5.34505500 -9.46324100 -53.77259800
v -5.34505500 -9.46324100 -53.77259800
v -5.34505500 -9.46324000 -39.25372300
v -5.34505500 -9.46324000 -39.25372300
v -5.34505500 -9.46324000 -39.25372300
v -5.34505500 -9.46324000 -39.25372300
v -5.34505500 -17.64942900 -39.25372300
v -5.34505500 -17.64942900 -39.25372300
v -5.34505500 -17.64942900 -39.25372300
v -14.21832300 -17.64942900 -39.25372300
v -14.21832300 -17.64942900 -39.25372300
v -14.21832300 -17.64942900 -39.25372300
v -14.21832300 -9.46324000 -39.25372300
v -14.21832300 -9.46324000 -39.25372300
v -14.21832300 -9.46324000 -39.25372300
v -14.21832300 -9.46324000 -39.25372300
v -14.21832300 -9.46324100 -53.77259800
v -14.21832300 -9.46324100 -53.77259800
v -14.21832300 -9.46324100 -53.77259800
v -14.21832300 -9.46324100 -53.77259800
v -14.21832300 -17.64942900 -53.77259800
v -14.21832300 -17.64942900 -53.77259800
v -14.21832300 -17.64942900 -53.77259800
v -13.72424400 -8.88927500 -49.87390900
v -13.72424400 -8.88927500 -49.87390900
v -13.72424400 -8.88927400 -43.15259600
v -13.72424400 -8.88927400 -43.15259600
v -5.83932100 -8.88927400 -43.15259600
v -5.83932100 -8.88927400 -43.15259600
v -5.83932100 -8.88927500 -49.87390900
v -5.83932100 -8.88927500 -49.87390900
v -13.72181700 -8.90644600 -53.27478800
v -13.72181700 -8.90644600 -53.27478800
v -13.72181700 -8.90644600 -53.27478800
v -5.84174800 -8.90644600 -53.27478800
v -5.84174800 -8.90644600 -53.27478800
v -5.84174800 -8.90644600 -53.27478800
v -5.84174800 -8.90644500 -39.75153400
v -5.84174800 -8.90644500 -39.75153400
v -5.84174800 -8.90644500 -39.75153400
v -13.72181700 -8.90644500 -39.75153400
v -13.72181700 -8.90644500 -39.75153400
v -13.72181700 -8.90644500 -39.75153400
v -7.72791000 -17.64943100 -64.66847200
v -7.72791000 -17.64942900 -57.94716600
v -11.83565400 -17.64942900 -57.94716600
v -11.83565400 -17.64943100 -64.66847200
v -11.83565400 -8.54451800 -64.66847200
v -11.83565400 -8.54451800 -57.94716600
v -7.72791000 -8.54451800 -57.94716600
v -7.72791000 -8.54451800 -64.66847200
v -7.72791000 -17.64942900 -54.04828600
v -7.72791000 -17.64942900 -54.04828600
v -7.72791000 -9.46324100 -54.04828600
v -7.72791000 -9.46324100 -54.04828600
v -11.83565400 -9.46324100 -54.04828600
v -11.83565400 -9.46324100 -54.04828600
v -11.83565400 -17.64942900 -54.04828600
v -11.83565400 -17.64942900 -54.04828600
v -5.34505500 -17.64943100 -64.66847200
v -5.34505500 -17.64943100 -64.66847200
v -5.34505500 -9.46324200 -64.66847200
v -5.34505500 -9.46324200 -64.66847200
v -5.34505500 -9.46324200 -57.94716600
v -5.34505500 -9.46324200 -57.94716600
v -5.34505500 -17.64942900 -57.94716600
v -5.34505500 -17.64942900 -57.94716600
v -11.83565400 -17.64943100 -68.56716200
v -11.83565400 -17.64943100 -68.56716200
v -11.83565400 -9.46324200 -68.56716200
v -11.83565400 -9.46324200 -68.56716200
v -7.72791000 -9.46324200 -68.56716200
v -7.72791000 -9.46324200 -68.56716200
v -7.72791000 -17.64943100 -68.56716200
v -7.72791000 -17.64943100 -68.56716200
v -14.21832300 -17.64942900 -57.94716600
v -14.21832300 -17.64942900 -57.94716600
v -14.21832300 -9.46324200 -57.94716600
v -14.21832300 -9.46324200 -57.94716600
v -14.21832300 -9.46324200 -64.66847200
v -14.21832300 -9.46324200 -64.66847200
v -14.21832300 -17.64943100 -64.66847200
v -14.21832300 -17.64943100 -64.66847200
v -11.83565400 -8.92380700 -68.06767300
v -11.83565400 -8.92380700 -68.06767300
v -7.72791000 -8.92380700 -68.06767300
v -7.72791000 -8.92380700 -68.06767300
v -7.72791000 -8.92380600 -54.54796600
v -7.72791000 -8.92380600 -54.54796600
v -11.83565400 -8.92380600 -54.54796600
v -11.83565400 -8.92380600 -54.54796600
v -5.34505500 -17.64943100 -68.56716200
v -5.34505500 -17.64943100 -68.56716200
v -5.34505500 -17.64943100 -68.56716200
v -5.34505500 -9.46324200 -68.56716200
v -5.34505500 -9.46324200 -68.56716200
v -5.34505500 -9.46324200 -68.56716200
v -5.34505500 -9.46324200 -68.56716200
v -5.34505500 -9.46324100 -54.04828600
v -5.34505500 -9.46324100 -54.04828600
v -5.34505500 -9.46324100 -54.04828600
v -5.34505500 -9.46324100 -54.04828600
v -5.34505500 -17.64942900 -54.04828600
v -5.34505500 -17.64942900 -54.04828600
v -5.34505500 -17.64942900 -54.04828600
v -14.21832300 -17.64942900 -54.04828600
v -14.21832300 -17.64942900 -54.04828600
v -14.21832300 -17.64942900 -54.04828600
v -14.21832300 -9.46324100 -54.04828600
v -14.21832300 -9.46324100 -54.04828600
v -14.21832300 -9.46324100 -54.04828600
v -14.21832300 -9.46324100 -54.04828600
v -14.21832300 -9.46324200 -68.56716200
v -14.21832300 -9.46324200 -68.56716200
v -14.21832300 -9.46324200 -68.56716200
v -14.21832300 -9.46324200 -68.56716200
v -14.21832300 -17.64943100 -68.56716200
v -14.21832300 -17.64943100 -68.56716200
v -14.21832300 -17.64943100 -68.56716200
v -13.72424400 -8.88927600 -64.66847200
v -13.72424400 -8.88927600 -64.66847200
v -13.72424400 -8.88927600 -57.94716600
v -13.72424400 -8.88927600 -57.94716600
v -5.83932100 -8.88927600 -57.94716600
v -5.83932100 -8.88927600 -57.94716600
v -5.83932100 -8.88927600 -64.66847200
v -5.83932100 -8.88927600 -64.66847200
v -13.72181700 -8.90644600 -68.06935100
v -13.72181700 -8.90644600 -68.06935100
v -13.72181700 -8.90644600 -68.06935100
v -5.84174800 -8.90644600 -68.06935100
v -5.84174800 -8.90644600 -68.06935100
v -5.84174800 -8.90644600 -68.06935100
v -5.84174800 -8.90644600 -54.54610400
v -5.84174800 -8.90644600 -54.54610400
v -5.84174800 -8.90644600 -54.54610400
v -13.72181700 -8.90644600 -54.54610400
v -13.72181700 -8.90644600 -54.54610400
v -13.72181700 -8.90644600 -54.54610400
v -16.71671900 -17.64943100 -64.66847200
v -16.71671900 -17.64942900 -57.94716600
v -20.82446500 -17.64942900 -57.94716600
v -20.82446500 -17.64943100 -64.66847200
v -20.82446500 -8.54451800 -64.66847200
v -20.82446500 -8.54451800 -57.94716600
v -16.71671900 -8.54451800 -57.94716600
v -16.71671900 -8.54451800 -64.66847200
v -16.71671900 -17.64942900 -54.04828600
v -16.71671900 -17.64942900 -54.04828600
v -16.71671900 -9.46324100 -54.04828600
v -16.71671900 -9.46324100 -54.04828600
v -20.82446500 -9.46324100 -54.04828600
v -20.82446500 -9.46324100 -54.04828600
v -20.82446500 -17.64942900 -54.04828600
v -20.82446500 -17.64942900 -54.04828600
v -14.33386300 -17.64943100 -64.66847200
v -14.33386300 -17.64943100 -64.66847200
v -14.33386300 -9.46324200 -64.66847200
v -14.33386300 -9.46324200 -64.66847200
v -14.33386300 -9.46324200 -57.94716600
v -14.33386300 -9.46324200 -57.94716600
v -14.33386300 -17.64942900 -57.94716600
v -14.33386300 -17.64942900 -57.94716600
v -20.82446500 -17.64943100 -68.56716200
v -20.82446500 -17.64943100 -68.56716200
v -20.82446500 -9.46324200 -68.56716200
v -20.82446500 -9.46324200 -68.56716200
v -16.71671900 -9.46324200 -68.56716200
v -16.71671900 -9.46324200 -68.56716200
v -16.71671900 -17.64943100 -68.56716200
v -16.71671900 -17.64943100 -68.56716200
v -23.20731700 -17.64942900 -57.94716600
v -23.20731700 -17.64942900 -57.94716600
v -23.20731700 -9.46324200 -57.94716600
v -23.20731700 -9.46324200 -57.94716600
v -23.20731700 -9.46324200 -64.66847200
v -23.20731700 -9.46324200 -64.66847200
v -23.20731700 -17.64943100 -64.66847200
v -23.20731700 -17.64943100 -64.66847200
v -20.82446500 -8.92380700 -68.06767300
v -20.82446500 -8.92380700 -68.06767300
v -16.71671900 -8.92380700 -68.06767300
v -16.71671900 -8.92380700 -68.06767300
v -16.71671900 -8.92380600 -54.54796600
v -16.71671900 -8.92380600 -54.54796600
v -20.82446500 -8.92380600 -54.54796600
v -20.82446500 -8.92380600 -54.54796600
v -14.33386300 -17.64943100 -68.56716200
v -14.33386300 -17.64943100 -68.56716200
v -14.33386300 -17.64943100 -68.56716200
v -14.33386300 -9.46324200 -68.56716200
v -14.33386300 -9.46324200 -68.56716200
v -14.33386300 -9.46324200 -68.56716200
v -14.33386300 -9.46324200 -68.56716200
v -14.33386300 -9.46324100 -54.04828600
v -14.33386300 -9.46324100 -54.04828600
v -14.33386300 -9.46324100 -54.04828600
v -14.33386300 -9.46324100 -54.04828600
v -14.33386300 -17.64942900 -54.04828600
v -14.33386300 -17.64942900 -54.04828600
v -14.33386300 -17.64942900 -54.04828600
v -23.20731700 -17.64942900 -54.04828600
v -23.20731700 -17.64942900 -54.04828600
v -23.20731700 -17.64942900 -54.04828600
v -23.20731700 -9.46324100 -54.04828600
v -23.20731700 -9.46324100 -54.04828600
v -23.20731700 -9.46324100 -54.04828600
v -23.20731700 -9.46324100 -54.04828600
v -23.20731700 -9.46324200 -68.56716200
v -23.20731700 -9.46324200 -68.56716200
v -23.20731700 -9.46324200 -68.56716200
v -23.20731700 -9.46324200 -68.56716200
v -23.20731700 -17.64943100 -68.56716200
v -23.20731700 -17.64943100 -68.56716200
v -23.20731700 -17.64943100 -68.56716200
v -22.71305300 -8.88927600 -64.66847200
v -22.71305300 -8.88927600 -64.66847200
v -22.71305300 -8.88927600 -57.94716600
v -22.71305300 -8.88927600 -57.94716600
v -14.82813000 -8.88927600 -57.94716600
v -14.82813000 -8.88927600 -57.94716600
v -14.82813000 -8.88927600 -64.66847200
v -14.82813000 -8.88927600 -64.66847200
v -22.71062700 -8.90644600 -68.06935100
v -22.71062700 -8.90644600 -68.06935100
v -22.71062700 -8.90644600 -68.06935100
v -14.83055600 -8.90644600 -68.06935100
v -14.83055600 -8.90644600 -68.06935100
v -14.83055600 -8.90644600 -68.06935100
v -14.83055600 -8.90644600 -54.54610400
v -14.83055600 -8.90644600 -54.54610400
v -14.83055600 -8.90644600 -54.54610400
v -22.71062700 -8.90644600 -54.54610400
v -22.71062700 -8.90644600 -54.54610400
v -22.71062700 -8.90644600 -54.54610400
v -16.71671900 -17.64942900 -49.87390900
v -16.71671900 -17.64942900 -43.15259600
v -20.82446500 -17.64942900 -43.15259600
v -20.82446500 -17.64942900 -49.87390900
v -20.82446500 -8.54451800 -49.87390900
v -20.82446500 -8.54451700 -43.15259600
v -16.71671900 -8.54451700 -43.15259600
v -16.71671900 -8.54451800 -49.87390900
v -16.71671900 -17.64942900 -39.25372300
v -16.71671900 -17.64942900 -39.25372300
v -16.71671900 -9.46324000 -39.25372300
v -16.71671900 -9.46324000 -39.25372300
v -20.82446500 -9.46324000 -39.25372300
v -20.82446500 -9.46324000 -39.25372300
v -20.82446500 -17.64942900 -39.25372300
v -20.82446500 -17.64942900 -39.25372300
v -14.33386300 -17.64942900 -49.87390900
v -14.33386300 -17.64942900 -49.87390900
v -14.33386300 -9.46324100 -49.87390900
v -14.33386300 -9.46324100 -49.87390900
v -14.33386300 -9.46324000 -43.15259600
v -14.33386300 -9.46324000 -43.15259600
v -14.33386300 -17.64942900 -43.15259600
v -14.33386300 -17.64942900 -43.15259600
v -20.82446500 -17.64942900 -53.77259800
v -20.82446500 -17.64942900 -53.77259800
v -20.82446500 -9.46324100 -53.77259800
v -20.82446500 -9.46324100 -53.77259800
v -16.71671900 -9.46324100 -53.77259800
v -16.71671900 -9.46324100 -53.77259800
v -16.71671900 -17.64942900 -53.77259800
v -16.71671900 -17.64942900 -53.77259800
v -23.20731700 -17.64942900 -43.15259600
v -23.20731700 -17.64942900 -43.15259600
v -23.20731700 -9.46324000 -43.15259600
v -23.20731700 -9.46324000 -43.15259600
v -23.20731700 -9.46324100 -49.87390900
v -23.20731700 -9.46324100 -49.87390900
v -23.20731700 -17.64942900 -49.87390900
v -23.20731700 -17.64942900 -49.87390900
v -20.82446500 -8.92380600 -53.27310900
v -20.82446500 -8.92380600 -53.27310900
v -16.71671900 -8.92380600 -53.27310900
v -16.71671900 -8.92380600 -53.27310900
v -16.71671900 -8.92380500 -39.75340300
v -16.71671900 -8.92380500 -39.75340300
v -20.82446500 -8.92380500 -39.75340300
v -20.82446500 -8.92380500 -39.75340300
v -14.33386300 -17.64942900 -53.77259800
v -14.33386300 -17.64942900 -53.77259800
v -14.33386300 -17.64942900 -53.77259800
v -14.33386300 -9.46324100 -53.77259800
v -14.33386300 -9.46324100 -53.77259800
v -14.33386300 -9.46324100 -53.77259800
v -14.33386300 -9.46324100 -53.77259800
v -14.33386300 -9.46324000 -39.25372300
v -14.33386300 -9.46324000 -39.25372300
v -14.33386300 -9.46324000 -39.25372300
v -14.33386300 -9.46324000 -39.25372300
v -14.33386300 -17.64942900 -39.25372300
v -14.33386300 -17.64942900 -39.25372300
v -14.33386300 -17.64942900 -39.25372300
v -23.20731700 -17.64942900 -39.25372300
v -23.20731700 -17.64942900 -39.25372300
v -23.20731700 -17.64942900 -39.25372300
v -23.20731700 -9.46324000 -39.25372300
v -23.20731700 -9.46324000 -39.25372300
v -23.20731700 -9.46324000 -39.25372300
v -23.20731700 -9.46324000 -39.25372300
v -23.20731700 -9.46324100 -53.77259800
v -23.20731700 -9.46324100 -53.77259800
v -23.20731700 -9.46324100 -53.77259800
v -23.20731700 -9.46324100 -53.77259800
v -23.20731700 -17.64942900 -53.77259800
v -23.20731700 -17.64942900 -53.77259800
v -23.20731700 -17.64942900 -53.77259800
v -22.71305300 -8.88927500 -49.87390900
v -22.71305300 -8.88927500 -49.87390900
v -22.71305300 -8.88927400 -43.15259600
v -22.71305300 -8.88927400 -43.15259600
v -14.82813000 -8.88927400 -43.15259600
v -14.82813000 -8.88927400 -43.15259600
v -14.82813000 -8.88927500 -49.87390900
v -14.82813000 -8.88927500 -49.87390900
v -22.71062700 -8.90644600 -53.27478800
v -22.71062700 -8.90644600 -53.27478800
v -22.71062700 -8.90644600 -53.27478800
v -14.83055600 -8.90644600 -53.27478800
v -14.83055600 -8.90644600 -53.27478800
v -14.83055600 -8.90644600 -53.27478800
v -14.83055600 -8.90644500 -39.75153400
v -14.83055600 -8.90644500 -39.75153400
v -14.83055600 -8.90644500 -39.75153400
v -22.71062700 -8.90644500 -39.75153400
v -22.71062700 -8.90644500 -39.75153400
v -22.71062700 -8.90644500 -39.75153400
v -16.71671900 -25.97486300 -64.66847200
v -16.71671900 -25.97486100 -57.94716300
v -20.82446500 -25.97486100 -57.94716300
v -20.82446500 -25.97486300 -64.66847200
v -20.82446500 -16.86995100 -64.66847200
v -20.82446500 -16.86994900 -57.94716600
v -16.71671900 -16.86994900 -57.94716600
v -16.71671900 -16.86995100 -64.66847200
v -16.71671900 -25.97486100 -54.04828300
v -16.71671900 -25.97486100 -54.04828300
v -16.71671900 -17.78867300 -54.04828600
v -16.71671900 -17.78867300 -54.04828600
v -20.82446500 -17.78867300 -54.04828600
v -20.82446500 -17.78867300 -54.04828600
v -20.82446500 -25.97486100 -54.04828300
v -20.82446500 -25.97486100 -54.04828300
v -14.33386300 -25.97486300 -64.66847200
v -14.33386300 -25.97486300 -64.66847200
v -14.33386300 -17.78867500 -64.66847200
v -14.33386300 -17.78867500 -64.66847200
v -14.33386300 -17.78867300 -57.94716600
v -14.33386300 -17.78867300 -57.94716600
v -14.33386300 -25.97486100 -57.94716300
v -14.33386300 -25.97486100 -57.94716300
v -20.82446500 -25.97486300 -68.56716200
v -20.82446500 -25.97486300 -68.56716200
v -20.82446500 -17.78867500 -68.56716200
v -20.82446500 -17.78867500 -68.56716200
v -16.71671900 -17.78867500 -68.56716200
v -16.71671900 -17.78867500 -68.56716200
v -16.71671900 -25.97486300 -68.56716200
v -16.71671900 -25.97486300 -68.56716200
v -23.20731700 -25.97486100 -57.94716300
v -23.20731700 -25.97486100 -57.94716300
v -23.20731700 -17.78867300 -57.94716600
v -23.20731700 -17.78867300 -57.94716600
v -23.20731700 -17.78867500 -64.66847200
v -23.20731700 -17.78867500 -64.66847200
v -23.20731700 -25.97486300 -64.66847200
v -23.20731700 -25.97486300 -64.66847200
v -20.82446500 -17.24923900 -68.06767300
v -20.82446500 -17.24923900 -68.06767300
v -16.71671900 -17.24923900 -68.06767300
v -16.71671900 -17.24923900 -68.06767300
v -16.71671900 -17.24923700 -54.54796600
v -16.71671900 -17.24923700 -54.54796600
v -20.82446500 -17.24923700 -54.54796600
v -20.82446500 -17.24923700 -54.54796600
v -14.33386300 -25.97486300 -68.56716200
v -14.33386300 -25.97486300 -68.56716200
v -14.33386300 -25.97486300 -68.56716200
v -14.33386300 -17.78867500 -68.56716200
v -14.33386300 -17.78867500 -68.56716200
v -14.33386300 -17.78867500 -68.56716200
v -14.33386300 -17.78867500 -68.56716200
v -14.33386300 -17.78867300 -54.04828600
v -14.33386300 -17.78867300 -54.04828600
v -14.33386300 -17.78867300 -54.04828600
v -14.33386300 -17.78867300 -54.04828600
v -14.33386300 -25.97486100 -54.04828300
v -14.33386300 -25.97486100 -54.04828300
v -14.33386300 -25.97486100 -54.04828300
v -23.20731700 -25.97486100 -54.04828300
v -23.20731700 -25.97486100 -54.04828300
v -23.20731700 -25.97486100 -54.04828300
v -23.20731700 -17.78867300 -54.04828600
v -23.20731700 -17.78867300 -54.04828600
v -23.20731700 -17.78867300 -54.04828600
v -23.20731700 -17.78867300 -54.04828600
v -23.20731700 -17.78867500 -68.56716200
v -23.20731700 -17.78867500 -68.56716200
v -23.20731700 -17.78867500 -68.56716200
v -23.20731700 -17.78867500 -68.56716200
v -23.20731700 -25.97486300 -68.56716200
v -23.20731700 -25.97486300 -68.56716200
v -23.20731700 -25.97486300 -68.56716200
v -22.71305300 -17.21470500 -64.66847200
v -22.71305300 -17.21470500 -64.66847200
v -22.71305300 -17.21470300 -57.94716600
v -22.71305300 -17.21470300 -57.94716600
v -14.82813000 -17.21470300 -57.94716600
v -14.82813000 -17.21470300 -57.94716600
v -14.82813000 -17.21470500 -64.66847200
v -14.82813000 -17.21470500 -64.66847200
v -22.71062700 -17.23187800 -68.06935100
v -22.71062700 -17.23187800 -68.06935100
v -22.71062700 -17.23187800 -68.06935100
v -14.83055600 -17.23187800 -68.06935100
v -14.83055600 -17.23187800 -68.06935100
v -14.83055600 -17.23187800 -68.06935100
v -14.83055600 -17.23187600 -54.54610400
v -14.83055600 -17.23187600 -54.54610400
v -14.83055600 -17.23187600 -54.54610400
v -22.71062700 -17.23187600 -54.54610400
v -22.71062700 -17.23187600 -54.54610400
v -22.71062700 -17.23187600 -54.54610400
v -16.71671900 -25.97486100 -49.87390500
v -16.71671900 -25.97486100 -43.15259200
v -20.82446500 -25.97486100 -43.15259200
v -20.82446500 -25.97486100 -49.87390500
v -20.82446500 -16.86994900 -49.87390900
v -20.82446500 -16.86994900 -43.15259600
v -16.71671900 -16.86994900 -43.15259600
v -16.71671900 -16.86994900 -49.87390900
v -16.71671900 -25.97486100 -39.25371900
v -16.71671900 -25.97486100 -39.25371900
v -16.71671900 -17.78867300 -39.25372300
v -16.71671900 -17.78867300 -39.25372300
v -20.82446500 -17.78867300 -39.25372300
v -20.82446500 -17.78867300 -39.25372300
v -20.82446500 -25.97486100 -39.25371900
v -20.82446500 -25.97486100 -39.25371900
v -14.33386300 -25.97486100 -49.87390500
v -14.33386300 -25.97486100 -49.87390500
v -14.33386300 -17.78867300 -49.87390900
v -14.33386300 -17.78867300 -49.87390900
v -14.33386300 -17.78867300 -43.15259600
v -14.33386300 -17.78867300 -43.15259600
v -14.33386300 -25.97486100 -43.15259200
v -14.33386300 -25.97486100 -43.15259200
v -20.82446500 -25.97486100 -53.77259400
v -20.82446500 -25.97486100 -53.77259400
v -20.82446500 -17.78867300 -53.77259800
v -20.82446500 -17.78867300 -53.77259800
v -16.71671900 -17.78867300 -53.77259800
v -16.71671900 -17.78867300 -53.77259800
v -16.71671900 -25.97486100 -53.77259400
v -16.71671900 -25.97486100 -53.77259400
v -23.20731700 -25.97486100 -43.15259200
v -23.20731700 -25.97486100 -43.15259200
v -23.20731700 -17.78867300 -43.15259600
v -23.20731700 -17.78867300 -43.15259600
v -23.20731700 -17.78867300 -49.87390900
v -23.20731700 -17.78867300 -49.87390900
v -23.20731700 -25.97486100 -49.87390500
v -23.20731700 -25.97486100 -49.87390500
v -20.82446500 -17.24923700 -53.27310900
v -20.82446500 -17.24923700 -53.27310900
v -16.71671900 -17.24923700 -53.27310900
v -16.71671900 -17.24923700 -53.27310900
v -16.71671900 -17.24923700 -39.75340300
v -16.71671900 -17.24923700 -39.75340300
v -20.82446500 -17.24923700 -39.75340300
v -20.82446500 -17.24923700 -39.75340300
v -14.33386300 -25.97486100 -53.77259400
v -14.33386300 -25.97486100 -53.77259400
v -14.33386300 -25.97486100 -53.77259400
v -14.33386300 -17.78867300 -53.77259800
v -14.33386300 -17.78867300 -53.77259800
v -14.33386300 -17.78867300 -53.77259800
v -14.33386300 -17.78867300 -53.77259800
v -14.33386300 -17.78867300 -39.25372300
v -14.33386300 -17.78867300 -39.25372300
v -14.33386300 -17.78867300 -39.25372300
v -14.33386300 -17.78867300 -39.25372300
v -14.33386300 -25.97486100 -39.25371900
v -14.33386300 -25.97486100 -39.25371900
v -14.33386300 -25.97486100 -39.25371900
v -23.20731700 -25.97486100 -39.25371900
v -23.20731700 -25.97486100 -39.25371900
v -23.20731700 -25.97486100 -39.25371900
v -23.20731700 -17.78867300 -39.25372300
v -23.20731700 -17.78867300 -39.25372300
v -23.20731700 -17.78867300 -39.25372300
v -23.20731700 -17.78867300 -39.25372300
v -23.20731700 -17.78867300 -53.77259800
v -23.20731700 -17.78867300 -53.77259800
v -23.20731700 -17.78867300 -53.77259800
v -23.20731700 -17.78867300 -53.77259800
v -23.20731700 -25.97486100 -53.77259400
v -23.20731700 -25.97486100 -53.77259400
v -23.20731700 -25.97486100 -53.77259400
v -22.71305300 -17.21470300 -49.87390900
v -22.71305300 -17.21470300 -49.87390900
v -22.71305300 -17.21470300 -43.15259600
v -22.71305300 -17.21470300 -43.15259600
v -14.82813000 -17.21470300 -43.15259600
v -14.82813000 -17.21470300 -43.15259600
v -14.82813000 -17.21470300 -49.87390900
v -14.82813000 -17.21470300 -49.87390900
v -22.71062700 -17.23187600 -53.27478800
v -22.71062700 -17.23187600 -53.27478800
v -22.71062700 -17.23187600 -53.27478800
v -14.83055600 -17.23187600 -53.27478800
v -14.83055600 -17.23187600 -53.27478800
v -14.83055600 -17.23187600 -53.27478800
v -14.83055600 -17.23187600 -39.75153400
v -14.83055600 -17.23187600 -39.75153400
v -14.83055600 -17.23187600 -39.75153400
v -22.71062700 -17.23187600 -39.75153400
v -22.71062700 -17.23187600 -39.75153400
v -22.71062700 -17.23187600 -39.75153400
v -7.72791000 -25.97486100 -49.87390500
v -7.72791000 -25.97486100 -43.15259200
v -11.83565400 -25.97486100 -43.15259200
v -11.83565400 -25.97486100 -49.87390500
v -11.83565400 -16.86994900 -49.87390900
v -11.83565400 -16.86994900 -43.15259600
v -7.72791000 -16.86994900 -43.15259600
v -7.72791000 -16.86994900 -49.87390900
v -7.72791000 -25.97486100 -39.25371900
v -7.72791000 -25.97486100 -39.25371900
v -7.72791000 -17.78867300 -39.25372300
v -7.72791000 -17.78867300 -39.25372300
v -11.83565400 -17.78867300 -39.25372300
v -11.83565400 -17.78867300 -39.25372300
v -11.83565400 -25.97486100 -39.25371900
v -11.83565400 -25.97486100 -39.25371900
v -5.34505500 -25.97486100 -49.87390500
v -5.34505500 -25.97486100 -49.87390500
v -5.34505500 -17.78867300 -49.87390900
v -5.34505500 -17.78867300 -49.87390900
v -5.34505500 -17.78867300 -43.15259600
v -5.34505500 -17.78867300 -43.15259600
v -5.34505500 -25.97486100 -43.15259200
v -5.34505500 -25.97486100 -43.15259200
v -11.83565400 -25.97486100 -53.77259400
v -11.83565400 -25.97486100 -53.77259400
v -11.83565400 -17.78867300 -53.77259800
v -11.83565400 -17.78867300 -53.77259800
v -7.72791000 -17.78867300 -53.77259800
v -7.72791000 -17.78867300 -53.77259800
v -7.72791000 -25.97486100 -53.77259400
v -7.72791000 -25.97486100 -53.77259400
v -14.21832300 -25.97486100 -43.15259200
v -14.21832300 -25.97486100 -43.15259200
v -14.21832300 -17.78867300 -43.15259600
v -14.21832300 -17.78867300 -43.15259600
v -14.21832300 -17.78867300 -49.87390900
v -14.21832300 -17.78867300 -49.87390900
v -14.21832300 -25.97486100 -49.87390500
v -14.21832300 -25.97486100 -49.87390500
v -11.83565400 -17.24923700 -53.27310900
v -11.83565400 -17.24923700 -53.27310900
v -7.72791000 -17.24923700 -53.27310900
v -7.72791000 -17.24923700 -53.27310900
v -7.72791000 -17.24923700 -39.75340300
v -7.72791000 -17.24923700 -39.75340300
v -11.83565400 -17.24923700 -39.75340300
v -11.83565400 -17.24923700 -39.75340300
v -5.34505500 -25.97486100 -53.77259400
v -5.34505500 -25.97486100 -53.77259400
v -5.34505500 -25.97486100 -53.77259400
v -5.34505500 -17.78867300 -53.77259800
v -5.34505500 -17.78867300 -53.77259800
v -5.34505500 -17.78867300 -53.77259800
v -5.34505500 -17.78867300 -53.77259800
v -5.34505500 -17.78867300 -39.25372300
v -5.34505500 -17.78867300 -39.25372300
v -5.34505500 -17.78867300 -39.25372300
v -5.34505500 -17.78867300 -39.25372300
v -5.34505500 -25.97486100 -39.25371900
v -5.34505500 -25.97486100 -39.25371900
v -5.34505500 -25.97486100 -39.25371900
v -14.21832300 -25.97486100 -39.25371900
v -14.21832300 -25.97486100 -39.25371900
v -14.21832300 -25.97486100 -39.25371900
v -14.21832300 -17.78867300 -39.25372300
v -14.21832300 -17.78867300 -39.25372300
v -14.21832300 -17.78867300 -39.25372300
v -14.21832300 -17.78867300 -39.25372300
v -14.21832300 -17.78867300 -53.77259800
v -14.21832300 -17.78867300 -53.77259800
v -14.21832300 -17.78867300 -53.77259800
v -14.21832300 -17.78867300 -53.77259800
v -14.21832300 -25.97486100 -53.77259400
v -14.21832300 -25.97486100 -53.77259400
v -14.21832300 -25.97486100 -53.77259400
v -13.72424400 -17.21470300 -49.87390900
v -13.72424400 -17.21470300 -49.87390900
v -13.72424400 -17.21470300 -43.15259600
v -13.72424400 -17.21470300 -43.15259600
v -5.83932100 -17.21470300 -43.15259600
v -5.83932100 -17.21470300 -43.15259600
v -5.83932100 -17.21470300 -49.87390900
v -5.83932100 -17.21470300 -49.87390900
v -13.72181700 -17.23187600 -53.27478800
v -13.72181700 -17.23187600 -53.27478800
v -13.72181700 -17.23187600 -53.27478800
v -5.84174800 -17.23187600 -53.27478800
v -5.84174800 -17.23187600 -53.27478800
v -5.84174800 -17.23187600 -53.27478800
v -5.84174800 -17.23187600 -39.75153400
v -5.84174800 -17.23187600 -39.75153400
v -5.84174800 -17.23187600 -39.75153400
v -13.72181700 -17.23187600 -39.75153400
v -13.72181700 -17.23187600 -39.75153400
v -13.72181700 -17.23187600 -39.75153400
v -7.72791000 -25.97486300 -64.66847200
v -7.72791000 -25.97486100 -57.94716300
v -11.83565400 -25.97486100 -57.94716300
v -11.83565400 -25.97486300 -64.66847200
v -11.83565400 -16.86995100 -64.66847200
v -11.83565400 -16.86994900 -57.94716600
v -7.72791000 -16.86994900 -57.94716600
v -7.72791000 -16.86995100 -64.66847200
v -7.72791000 -25.97486100 -54.04828300
v -7.72791000 -25.97486100 -54.04828300
v -7.72791000 -17.78867300 -54.04828600
v -7.72791000 -17.78867300 -54.04828600
v -11.83565400 -17.78867300 -54.04828600
v -11.83565400 -17.78867300 -54.04828600
v -11.83565400 -25.97486100 -54.04828300
v -11.83565400 -25.97486100 -54.04828300
v -5.34505500 -25.97486300 -64.66847200
v -5.34505500 -25.97486300 -64.66847200
v -5.34505500 -17.78867500 -64.66847200
v -5.34505500 -17.78867500 -64.66847200
v -5.34505500 -17.78867300 -57.94716600
v -5.34505500 -17.78867300 -57.94716600
v -5.34505500 -25.97486100 -57.94716300
v -5.34505500 -25.97486100 -57.94716300
v -11.83565400 -25.97486300 -68.56716200
v -11.83565400 -25.97486300 -68.56716200
v -11.83565400 -17.78867500 -68.56716200
v -11.83565400 -17.78867500 -68.56716200
v -7.72791000 -17.78867500 -68.56716200
v -7.72791000 -17.78867500 -68.56716200
v -7.72791000 -25.97486300 -68.56716200
v -7.72791000 -25.97486300 -68.56716200
v -14.21832300 -25.97486100 -57.94716300
v -14.21832300 -25.97486100 -57.94716300
v -14.21832300 -17.78867300 -57.94716600
v -14.21832300 -17.78867300 -57.94716600
v -14.21832300 -17.78867500 -64.66847200
v -14.21832300 -17.78867500 -64.66847200
v -14.21832300 -25.97486300 -64.66847200
v -14.21832300 -25.97486300 -64.66847200
v -11.83565400 -17.24923900 -68.06767300
v -11.83565400 -17.24923900 -68.06767300
v -7.72791000 -17.24923900 -68.06767300
v -7.72791000 -17.24923900 -68.06767300
v -7.72791000 -17.24923700 -54.54796600
v -7.72791000 -17.24923700 -54.54796600
v -11.83565400 -17.24923700 -54.54796600
v -11.83565400 -17.24923700 -54.54796600
v -5.34505500 -25.97486300 -68.56716200
v -5.34505500 -25.97486300 -68.56716200
v -5.34505500 -25.97486300 -68.56716200
v -5.34505500 -17.78867500 -68.56716200
v -5.34505500 -17.78867500 -68.56716200
v -5.34505500 -17.78867500 -68.56716200
v -5.34505500 -17.78867500 -68.56716200
v -5.34505500 -17.78867300 -54.04828600
v -5.34505500 -17.78867300 -54.04828600
v -5.34505500 -17.78867300 -54.04828600
v -5.34505500 -17.78867300 -54.04828600
v -5.34505500 -25.97486100 -54.04828300
v -5.34505500 -25.97486100 -54.04828300
v -5.34505500 -25.97486100 -54.04828300
v -14.21832300 -25.97486100 -54.04828300
v -14.21832300 -25.97486100 -54.04828300
v -14.21832300 -25.97486100 -54.04828300
v -14.21832300 -17.78867300 -54.04828600
v -14.21832300 -17.78867300 -54.04828600
v -14.21832300 -17.78867300 -54.04828600
v -14.21832300 -17.78867300 -54.04828600
v -14.21832300 -17.78867500 -68.56716200
v -14.21832300 -17.78867500 -68.56716200
v -14.21832300 -17.78867500 -68.56716200
v -14.21832300 -17.78867500 -68.56716200
v -14.21832300 -25.97486300 -68.56716200
v -14.21832300 -25.97486300 -68.56716200
v -14.21832300 -25.97486300 -68.56716200
v -13.72424400 -17.21470500 -64.66847200
v -13.72424400 -17.21470500 -64.66847200
v -13.72424400 -17.21470300 -57.94716600
v -13.72424400 -17.21470300 -57.94716600
v -5.83932100 -17.21470300 -57.94716600
v -5.83932100 -17.21470300 -57.94716600
v -5.83932100 -17.21470500 -64.66847200
v -5.83932100 -17.21470500 -64.66847200
v -13.72181700 -17.23187800 -68.06935100
v -13.72181700 -17.23187800 -68.06935100
v -13.72181700 -17.23187800 -68.06935100
v -5.84174800 -17.23187800 -68.06935100
v -5.84174800 -17.23187800 -68.06935100
v -5.84174800 -17.23187800 -68.06935100
v -5.84174800 -17.23187600 -54.54610400
v -5.84174800 -17.23187600 -54.54610400
v -5.84174800 -17.23187600 -54.54610400
v -13.72181700 -17.23187600 -54.54610400
v -13.72181700 -17.23187600 -54.54610400
v -13.72181700 -17.23187600 -54.54610400
vn -0.00000000 -1.00000000 -0.00000000
vn -0.00000000 -0.00000000 1.00000000
vn -1.00000000 -0.00000000 -0.00000000
vn -0.00000000 -1.00000000 -0.00000000
vn -1.00000000 -0.00000000 -0.00000000
vn -0.00000000 -0.00000000 -1.00000000
vn 1.00000000 -0.00000000 -0.00000000
vn -0.00000000 -0.00000000 -1.00000000
vn -0.00000000 -1.00000000 -0.00000000
vn -0.00000000 -1.00000000 -0.00000000
vn -0.00000000 -0.00000000 1.00000000
vn 1.00000000 -0.00000000 -0.00000000
vn -0.00000000 1.00000000 -0.00000000
vn -1.00000000 -0.00000000 -0.00000000
vn -0.00000000 -0.00000000 1.00000000
vn -0.00000000 1.00000000 -0.00000000
vn 1.00000000 -0.00000000 -0.00000000
vn -0.00000000 -0.00000000 1.00000000
vn 1.00000000 -0.00000000 -0.00000000
vn -0.00000000 -0.00000000 -1.00000000
vn -0.00000000 1.00000000 -0.00000000
vn -0.00000000 -0.00000000 -1.00000000
vn -1.00000000 -0.00000000 -0.00000000
vn -0.00000000 1.00000000 -0.00000000
vn -0.99730000 0.01800000 -0.07130000
vn -0.99820000 0.03720000 -0.04720000
vn -0.99910000 0.03900000 -0.01610000
vn -1.00000000 -0.00000000 -0.00000000
vn -0.99880000 0.03230000 0.03570000
vn -0.99840000 0.05700000 -0.00000000
vn -0.99550000 0.00800000 0.09450000
vn -0.99880000 0.03610000 0.03220000
vn -0.99360000 0.01610000 -0.11170000
vn -0.99770000 0.02560000 -0.06300000
vn -0.99830000 0.01760000 0.05590000
vn -0.99200000 -0.00000000 0.12600000
vn -0.00000000 -1.00000000 -0.00000000
vn -0.00000000 -1.00000000 -0.00000000
vn -0.00000000 -1.00000000 -0.00000000
vn -0.00000000 -1.00000000 -0.00000000
vn -0.07490000 0.99650000 -0.03770000
vn -0.08980000 0.99440000 0.05510000
vn 0.07490000 0.99650000 0.03770000
vn 0.08980000 0.99440000 -0.05510000
vn -0.00000000 -1.00000000 -0.00000000
vn -0.00000000 -0.00000000 1.00000000
vn -0.00000000 -0.00000000 1.00000000
vn -0.00000000 0.67940000 0.73370000
vn -0.00000000 -0.00000000 1.00000000
vn 0.00270000 0.67790000 0.73520000
vn -0.00000000 -1.00000000 -0.00000000
vn -0.00000000 -0.00000000 1.00000000
vn -0.00000000 -1.00000000 -0.00000000
vn 1.00000000 -0.00000000 -0.00000000
vn 0.75780000 0.65250000 -0.00000000
vn 1.00000000 -0.00000000 -0.00000000
vn 0.75700000 0.65340000 0.00160000
vn 1.00000000 -0.00000000 -0.00000000
vn -0.00000000 -1.00000000 -0.00000000
vn 1.00000000 -0.00000000 -0.00000000
vn -0.00000000 -1.00000000 -0.00000000
vn -0.00000000 -0.00000000 -1.00000000
vn -0.00000000 -0.00000000 -1.00000000
vn -0.00000000 0.67930000 -0.73390000
vn -0.00260000 0.67770000 -0.73530000
vn -0.00000000 -0.00000000 -1.00000000
vn -0.00000000 -0.00000000 -1.00000000
vn -0.00000000 -1.00000000 -0.00000000
vn -0.00000000 -1.00000000 -0.00000000
vn -1.00000000 -0.00000000 -0.00000000
vn -0.75790000 0.65240000 -0.00000000
vn -1.00000000 -0.00000000 -0.00000000
vn -1.00000000 -0.00000000 -0.00000000
vn -0.75710000 0.65330000 -0.00160000
vn -0.00000000 -1.00000000 -0.00000000
vn -1.00000000 -0.00000000 -0.00000000
vn 0.00280000 0.89200000 -0.45200000
vn 0.00280000 0.89200000 -0.45200000
vn 0.01220000 0.90030000 -0.43500000
vn 0.01220000 0.90030000 -0.43500000
vn -0.00280000 0.89210000 0.45190000
vn -0.00280000 0.89210000 0.45190000
vn -0.01220000 0.90040000 0.43500000
vn -0.01220000 0.90040000 0.43500000
vn 1.00000000 -0.00000000 -0.00000000
vn -0.00000000 -0.00000000 -1.00000000
vn -0.00000000 -1.00000000 -0.00000000
vn 0.43920000 0.78290000 -0.44070000
vn 1.00000000 -0.00000000 -0.00000000
vn -0.00000000 -0.00000000 -1.00000000
vn 0.43920000 0.78290000 -0.44070000
vn 1.00000000 -0.00000000 -0.00000000
vn -0.00000000 -0.00000000 1.00000000
vn 0.43650000 0.78550000 0.43870000
vn 0.43650000 0.78550000 0.43870000
vn 1.00000000 -0.00000000 -0.00000000
vn -0.00000000 -0.00000000 1.00000000
vn -0.00000000 -1.00000000 -0.00000000
vn -0.00000000 -1.00000000 -0.00000000
vn -0.00000000 -0.00000000 1.00000000
vn -1.00000000 -0.00000000 -0.00000000
vn -0.43920000 0.78280000 0.44080000
vn -0.43920000 0.78280000 0.44080000
vn -1.00000000 -0.00000000 -0.00000000
vn -0.00000000 -0.00000000 1.00000000
vn -0.43650000 0.78550000 -0.43870000
vn -0.00000000 -0.00000000 -1.00000000
vn -0.43650000 0.78550000 -0.43870000
vn -1.00000000 -0.00000000 -0.00000000
vn -1.00000000 -0.00000000 -0.00000000
vn -0.00000000 -0.00000000 -1.00000000
vn -0.00000000 -1.00000000 -0.00000000
vn -0.49700000 0.86770000 -0.00230000
vn -0.49700000 0.86770000 -0.00230000
vn -0.48330000 0.87520000 0.02050000
vn -0.48330000 0.87520000 0.02050000
vn 0.49690000 0.86780000 0.00230000
vn 0.49690000 0.86780000 0.00230000
vn 0.48320000 0.87520000 -0.02050000
vn 0.48320000 0.87520000 -0.02050000
vn -0.33400000 0.87780000 -0.34340000
vn -0.33400000 0.87780000 -0.34340000
vn -0.33400000 0.87780000 -0.34340000
vn 0.31880000 0.89100000 -0.32340000
vn 0.31880000 0.89100000 -0.32340000
vn 0.31880000 0.89100000 -0.32340000
vn 0.33390000 0.87790000 0.34340000
vn 0.33390000 0.87790000 0.34340000
vn 0.33390000 0.87790000 0.34340000
vn -0.31890000 0.89090000 0.32330000
vn -0.31890000 0.89090000 0.32330000
vn -0.31890000 0.89090000 0.32330000
vn -0.00000000 -1.00000000 -0.00000000
vn -0.00000000 -1.00000000 -0.00000000
vn -0.00000000 -1.00000000 -0.00000000
vn -0.00000000 -1.00000000 -0.00000000
vn -0.07490000 0.99650000 -0.03770000
vn -0.08980000 0.99440000 0.05510000
vn 0.07490000 0.99650000 0.03770000
vn 0.08980000 0.99440000 -0.05510000
vn -0.00000000 -1.00000000 -0.00000000
vn -0.00000000 -0.00000000 1.00000000
vn -0.00000000 -0.00000000 1.00000000
vn -0.00000000 0.67940000 0.73370000
vn -0.00000000 -0.00000000 1.00000000
vn 0.00270000 0.67790000 0.73520000
vn -0.00000000 -1.00000000 -0.00000000
vn -0.00000000 -0.00000000 1.00000000
vn 1.00000000 -0.00000000 -0.00000000
vn -0.00000000 -1.00000000 -0.00000000
vn 1.00000000 -0.00000000 -0.00000000
vn 0.75780000 0.65250000 -0.00000000
vn 1.00000000 -0.00000000 -0.00000000
vn 0.75700000 0.65340000 0.00160000
vn 1.00000000 -0.00000000 -0.00000000
vn -0.00000000 -1.00000000 -0.00000000
vn -0.00000000 -0.00000000 -1.00000000
vn -0.00000000 -1.00000000 -0.00000000
vn -0.00000000 -0.00000000 -1.00000000
vn -0.00000000 0.67930000 -0.73390000
vn -0.00000000 -0.00000000 -1.00000000
vn -0.00260000 0.67770000 -0.73530000
vn -0.00000000 -1.00000000 -0.00000000
vn -0.00000000 -0.00000000 -1.00000000
vn -0.00000000 -1.00000000 -0.00000000
vn -1.00000000 -0.00000000 -0.00000000
vn -0.75790000 0.65240000 -0.00000000
vn -1.00000000 -0.00000000 -0.00000000
vn -1.00000000 -0.00000000 -0.00000000
vn -0.75710000 0.65330000 -0.00160000
vn -0.00000000 -1.00000000 -0.00000000
vn -1.00000000 -0.00000000 -0.00000000
vn 0.00280000 0.89200000 -0.45200000
vn 0.00280000 0.89200000 -0.45200000
vn 0.01220000 0.90030000 -0.43500000
vn 0.01220000 0.90030000 -0.43500000
vn -0.00280000 0.89210000 0.45190000
vn -0.00280000 0.89210000 0.45190000
vn -0.01220000 0.90040000 0.43500000
vn -0.01220000 0.90040000 0.43500000
vn -0.00000000 -1.00000000 -0.00000000
vn -0.00000000 -0.00000000 -1.00000000
vn 1.00000000 -0.00000000 -0.00000000
vn 0.43920000 0.78290000 -0.44070000
vn 0.43920000 0.78290000 -0.44070000
vn -0.00000000 -0.00000000 -1.00000000
vn 1.00000000 -0.00000000 -0.00000000
vn 1.00000000 -0.00000000 -0.00000000
vn 0.43650000 0.78550000 0.43870000
vn 0.43650000 0.78550000 0.43870000
vn -0.00000000 -0.00000000 1.00000000
vn 1.00000000 -0.00000000 -0.00000000
vn -0.00000000 -0.00000000 1.00000000
vn -0.00000000 -1.00000000 -0.00000000
vn -1.00000000 -0.00000000 -0.00000000
vn -0.00000000 -1.00000000 -0.00000000
vn -0.00000000 -0.00000000 1.00000000
vn -0.43920000 0.78280000 0.44080000
vn -0.43920000 0.78280000 0.44080000
vn -0.00000000 -0.00000000 1.00000000
vn -1.00000000 -0.00000000 -0.00000000
vn -0.00000000 -0.00000000 -1.00000000
vn -0.43650000 0.78550000 -0.43870000
vn -0.43650000 0.78550000 -0.43870000
vn -1.00000000 -0.00000000 -0.00000000
vn -0.00000000 -1.00000000 -0.00000000
vn -1.00000000 -0.00000000 -0.00000000
vn -0.00000000 -0.00000000 -1.00000000
vn -0.49700000 0.86770000 -0.00230000
vn -0.49700000 0.86770000 -0.00230000
vn -0.48330000 0.87520000 0.02050000
vn -0.48330000 0.87520000 0.02050000
vn 0.49690000 0.86780000 0.00230000
vn 0.49690000 0.86780000 0.00230000
vn 0.48320000 0.87520000 -0.02050000
vn 0.48320000 0.87520000 -0.02050000
vn -0.33400000 0.87780000 -0.34340000
vn -0.33400000 0.87780000 -0.34340000
vn -0.33400000 0.87780000 -0.34340000
vn 0.31880000 0.89100000 -0.32340000
vn 0.31880000 0.89100000 -0.32340000
vn 0.31880000 0.89100000 -0.32340000
vn 0.33390000 0.87790000 0.34340000
vn 0.33390000 0.87790000 0.34340000
vn 0.33390000 0.87790000 0.34340000
vn -0.31890000 0.89090000 0.32330000
vn -0.31890000 0.89090000 0.32330000
vn -0.31890000 0.89090000 0.32330000
vn -0.00000000 -1.00000000 -0.00000000
vn -0.00000000 -1.00000000 -0.00000000
vn -0.00000000 -1.00000000 -0.00000000
vn -0.00000000 -1.00000000 -0.00000000
vn -0.07490000 0.99650000 -0.03770000
vn -0.08980000 0.99440000 0.05510000
vn 0.07490000 0.99650000 0.03770000
vn 0.08980000 0.99440000 -0.05510000
vn -0.00000000 -0.00000000 1.00000000
vn -0.00000000 -1.00000000 -0.00000000
vn -0.00000000 0.67940000 0.73370000
vn -0.00000000 -0.00000000 1.00000000
vn -0.00000000 -0.00000000 1.00000000
vn 0.00270000 0.67790000 0.73520000
vn -0.00000000 -1.00000000 -0.00000000
vn -0.00000000 -0.00000000 1.00000000
vn 1.00000000 -0.00000000 -0.00000000
vn -0.00000000 -1.00000000 -0.00000000
vn 0.75780000 0.65250000 -0.00000000
vn 1.00000000 -0.00000000 -0.00000000
vn 0.75700000 0.65340000 0.00160000
vn 1.00000000 -0.00000000 -0.00000000
vn 1.00000000 -0.00000000 -0.00000000
vn -0.00000000 -1.00000000 -0.00000000
vn -0.00000000 -1.00000000 -0.00000000
vn -0.00000000 -0.00000000 -1.00000000
vn -0.00000000 0.67930000 -0.73390000
vn -0.00000000 -0.00000000 -1.00000000
vn -0.00260000 0.67770000 -0.73530000
vn -0.00000000 -0.00000000 -1.00000000
vn -0.00000000 -1.00000000 -0.00000000
vn -0.00000000 -0.00000000 -1.00000000
vn -1.00000000 -0.00000000 -0.00000000
vn -0.00000000 -1.00000000 -0.00000000
vn -0.75780000 0.65250000 -0.00000000
vn -1.00000000 -0.00000000 -0.00000000
vn -0.75700000 0.65340000 -0.00160000
vn -1.00000000 -0.00000000 -0.00000000
vn -1.00000000 -0.00000000 -0.00000000
vn -0.00000000 -1.00000000 -0.00000000
vn 0.00280000 0.89200000 -0.45200000
vn 0.00280000 0.89200000 -0.45200000
vn 0.01220000 0.90030000 -0.43500000
vn 0.01220000 0.90030000 -0.43500000
vn -0.00280000 0.89210000 0.45190000
vn -0.00280000 0.89210000 0.45190000
vn -0.01220000 0.90040000 0.43500000
vn -0.01220000 0.90040000 0.43500000
vn -0.00000000 -0.00000000 -1.00000000
vn -0.00000000 -1.00000000 -0.00000000
vn 1.00000000 -0.00000000 -0.00000000
vn -0.00000000 -0.00000000 -1.00000000
vn 1.00000000 -0.00000000 -0.00000000
vn 0.43920000 0.78290000 -0.44070000
vn 0.43920000 0.78290000 -0.44070000
vn 1.00000000 -0.00000000 -0.00000000
vn -0.00000000 -0.00000000 1.00000000
vn 0.43650000 0.78550000 0.43870000
vn 0.43650000 0.78550000 0.43870000
vn -0.00000000 -1.00000000 -0.00000000
vn -0.00000000 -0.00000000 1.00000000
vn 1.00000000 -0.00000000 -0.00000000
vn -0.00000000 -1.00000000 -0.00000000
vn -1.00000000 -0.00000000 -0.00000000
vn -0.00000000 -0.00000000 1.00000000
vn -1.00000000 -0.00000000 -0.00000000
vn -0.43920000 0.78290000 0.44070000
vn -0.43920000 0.78290000 0.44070000
vn -0.00000000 -0.00000000 1.00000000
vn -0.43650000 0.78550000 -0.43870000
vn -0.43650000 0.78550000 -0.43870000
vn -0.00000000 -0.00000000 -1.00000000
vn -1.00000000 -0.00000000 -0.00000000
vn -0.00000000 -1.00000000 -0.00000000
vn -1.00000000 -0.00000000 -0.00000000
vn -0.00000000 -0.00000000 -1.00000000
vn -0.49690000 0.86780000 -0.00230000
vn -0.49690000 0.86780000 -0.00230000
vn -0.48320000 0.87520000 0.02050000
vn -0.48320000 0.87520000 0.02050000
vn 0.49690000 0.86780000 0.00230000
vn 0.49690000 0.86780000 0.00230000
vn 0.48320000 0.87520000 -0.02050000
vn 0.48320000 0.87520000 -0.02050000
vn -0.33390000 0.87790000 -0.34340000
vn -0.33390000 0.87790000 -0.34340000
vn -0.33390000 0.87790000 -0.34340000
vn 0.31880000 0.89100000 -0.32340000
vn 0.31880000 0.89100000 -0.32340000
vn 0.31880000 0.89100000 -0.32340000
vn 0.33390000 0.87790000 0.34340000
vn 0.33390000 0.87790000 0.34340000
vn 0.33390000 0.87790000 0.34340000
vn -0.31880000 0.89100000 0.32340000
vn -0.31880000 0.89100000 0.32340000
vn -0.31880000 0.89100000 0.32340000
vn -0.00000000 -1.00000000 -0.00000000
vn -0.00000000 -1.00000000 -0.00000000
vn -0.00000000 -1.00000000 -0.00000000
vn -0.00000000 -1.00000000 -0.00000000
vn -0.07490000 0.99650000 -0.03770000
vn -0.08980000 0.99440000 0.05510000
vn 0.07490000 0.99650000 0.03770000
vn 0.08980000 0.99440000 -0.05510000
vn -0.00000000 -1.00000000 -0.00000000
vn -0.00000000 -0.00000000 1.00000000
vn -0.00000000 -0.00000000 1.00000000
vn -0.00000000 0.67940000 0.73370000
vn -0.00000000 -0.00000000 1.00000000
vn 0.00270000 0.67790000 0.73520000
vn -0.00000000 -1.00000000 -0.00000000
vn -0.00000000 -0.00000000 1.00000000
vn -0.00000000 -1.00000000 -0.00000000
vn 1.00000000 -0.00000000 -0.00000000
vn 1.00000000 -0.00000000 -0.00000000
vn 0.75780000 0.65250000 -0.00000000
vn 0.75700000 0.65340000 0.00160000
vn 1.00000000 -0.00000000 -0.00000000
vn 1.00000000 -0.00000000 -0.00000000
vn -0.00000000 -1.00000000 -0.00000000
vn -0.00000000 -0.00000000 -1.00000000
vn -0.00000000 -1.00000000 -0.00000000
vn -0.00000000 -0.00000000 -1.00000000
vn -0.00000000 0.67930000 -0.73390000
vn -0.00000000 -0.00000000 -1.00000000
vn -0.00260000 0.67770000 -0.73530000
vn -0.00000000 -0.00000000 -1.00000000
vn -0.00000000 -1.00000000 -0.00000000
vn -0.00000000 -1.00000000 -0.00000000
vn -1.00000000 -0.00000000 -0.00000000
vn -1.00000000 -0.00000000 -0.00000000
vn -0.75780000 0.65250000 -0.00000000
vn -1.00000000 -0.00000000 -0.00000000
vn -0.75700000 0.65340000 -0.00160000
vn -1.00000000 -0.00000000 -0.00000000
vn -0.00000000 -1.00000000 -0.00000000
vn 0.00280000 0.89200000 -0.45200000
vn 0.00280000 0.89200000 -0.45200000
vn 0.01220000 0.90030000 -0.43500000
vn 0.01220000 0.90030000 -0.43500000
vn -0.00280000 0.89210000 0.45190000
vn -0.00280000 0.89210000 0.45190000
vn -0.01220000 0.90040000 0.43500000
vn -0.01220000 0.90040000 0.43500000
vn -0.00000000 -0.00000000 -1.00000000
vn 1.00000000 -0.00000000 -0.00000000
vn -0.00000000 -1.00000000 -0.00000000
vn 0.43920000 0.78290000 -0.44070000
vn -0.00000000 -0.00000000 -1.00000000
vn 1.00000000 -0.00000000 -0.00000000
vn 0.43920000 0.78290000 -0.44070000
vn -0.00000000 -0.00000000 1.00000000
vn 1.00000000 -0.00000000 -0.00000000
vn 0.43650000 0.78550000 0.43870000
vn 0.43650000 0.78550000 0.43870000
vn -0.00000000 -0.00000000 1.00000000
vn 1.00000000 -0.00000000 -0.00000000
vn -0.00000000 -1.00000000 -0.00000000
vn -1.00000000 -0.00000000 -0.00000000
vn -0.00000000 -1.00000000 -0.00000000
vn -0.00000000 -0.00000000 1.00000000
vn -0.43920000 0.78290000 0.44070000
vn -0.43920000 0.78290000 0.44070000
vn -1.00000000 -0.00000000 -0.00000000
vn -0.00000000 -0.00000000 1.00000000
vn -1.00000000 -0.00000000 -0.00000000
vn -0.00000000 -0.00000000 -1.00000000
vn -0.43650000 0.78550000 -0.43870000
vn -0.43650000 0.78550000 -0.43870000
vn -0.00000000 -0.00000000 -1.00000000
vn -0.00000000 -1.00000000 -0.00000000
vn -1.00000000 -0.00000000 -0.00000000
vn -0.49690000 0.86780000 -0.00230000
vn -0.49690000 0.86780000 -0.00230000
vn -0.48320000 0.87520000 0.02050000
vn -0.48320000 0.87520000 0.02050000
vn 0.49690000 0.86780000 0.00230000
vn 0.49690000 0.86780000 0.00230000
vn 0.48320000 0.87520000 -0.02050000
vn 0.48320000 0.87520000 -0.02050000
vn -0.33390000 0.87790000 -0.34340000
vn -0.33390000 0.87790000 -0.34340000
vn -0.33390000 0.87790000 -0.34340000
vn 0.31880000 0.89100000 -0.32340000
vn 0.31880000 0.89100000 -0.32340000
vn 0.31880000 0.89100000 -0.32340000
vn 0.33390000 0.87790000 0.34340000
vn 0.33390000 0.87790000 0.34340000
vn 0.33390000 0.87790000 0.34340000
vn -0.31880000 0.89100000 0.32340000
vn -0.31880000 0.89100000 0.32340000
vn -0.31880000 0.89100000 0.32340000
vn -0.00000000 -1.00000000 -0.00000000
vn -0.00000000 -1.00000000 -0.00000000
vn -0.00000000 -1.00000000 -0.00000000
vn -0.00000000 -1.00000000 -0.00000000
vn -0.07490000 0.99650000 -0.03770000
vn -0.08970000 0.99440000 0.05510000
vn 0.07490000 0.99650000 0.03770000
vn 0.08970000 0.99440000 -0.05510000
vn -0.00000000 -0.00000000 1.00000000
vn -0.00000000 -1.00000000 -0.00000000
vn -0.00000000 -0.00000000 1.00000000
vn -0.00000000 0.67960000 0.73360000
vn -0.00000000 -0.00000000 1.00000000
vn 0.00270000 0.67800000 0.73510000
vn -0.00000000 -0.00000000 1.00000000
vn -0.00000000 -1.00000000 -0.00000000
vn -0.00000000 -1.00000000 -0.00000000
vn 1.00000000 -0.00000000 -0.00000000
vn 0.75780000 0.65250000 -0.00000000
vn 1.00000000 -0.00000000 -0.00000000
vn 1.00000000 -0.00000000 -0.00000000
vn 0.75700000 0.65340000 0.00170000
vn 1.00000000 -0.00000000 -0.00000000
vn -0.00000000 -1.00000000 -0.00000000
vn -0.00000000 -1.00000000 -0.00000000
vn -0.00000000 -0.00000000 -1.00000000
vn -0.00000000 -0.00000000 -1.00000000
vn -0.00000000 0.67940000 -0.73380000
vn -0.00260000 0.67790000 -0.73520000
vn -0.00000000 -0.00000000 -1.00000000
vn -0.00000000 -1.00000000 -0.00000000
vn -0.00000000 -0.00000000 -1.00000000
vn -1.00000000 -0.00000000 -0.00000000
vn -0.00000000 -1.00000000 -0.00000000
vn -1.00000000 -0.00000000 -0.00000000
vn -0.75790000 0.65240000 -0.00000000
vn -0.75710000 0.65330000 -0.00170000
vn -1.00000000 -0.00000000 -0.00000000
vn -0.00000000 -1.00000000 -0.00000000
vn -1.00000000 -0.00000000 -0.00000000
vn 0.00280000 0.89210000 -0.45190000
vn 0.00280000 0.89210000 -0.45190000
vn 0.01220000 0.90040000 -0.43500000
vn 0.01220000 0.90040000 -0.43500000
vn -0.00280000 0.89210000 0.45180000
vn -0.00280000 0.89210000 0.45180000
vn -0.01220000 0.90040000 0.43490000
vn -0.01220000 0.90040000 0.43490000
vn -0.00000000 -0.00000000 -1.00000000
vn 1.00000000 -0.00000000 -0.00000000
vn -0.00000000 -1.00000000 -0.00000000
vn -0.00000000 -0.00000000 -1.00000000
vn 1.00000000 -0.00000000 -0.00000000
vn 0.43910000 0.78300000 -0.44060000
vn 0.43910000 0.78300000 -0.44060000
vn 1.00000000 -0.00000000 -0.00000000
vn -0.00000000 -0.00000000 1.00000000
vn 0.43640000 0.78560000 0.43860000
vn 0.43640000 0.78560000 0.43860000
vn -0.00000000 -1.00000000 -0.00000000
vn -0.00000000 -0.00000000 1.00000000
vn 1.00000000 -0.00000000 -0.00000000
vn -1.00000000 -0.00000000 -0.00000000
vn -0.00000000 -1.00000000 -0.00000000
vn -0.00000000 -0.00000000 1.00000000
vn -1.00000000 -0.00000000 -0.00000000
vn -0.00000000 -0.00000000 1.00000000
vn -0.43910000 0.78290000 0.44070000
vn -0.43910000 0.78290000 0.44070000
vn -0.00000000 -0.00000000 -1.00000000
vn -1.00000000 -0.00000000 -0.00000000
vn -0.43650000 0.78560000 -0.43860000
vn -0.43650000 0.78560000 -0.43860000
vn -0.00000000 -0.00000000 -1.00000000
vn -1.00000000 -0.00000000 -0.00000000
vn -0.00000000 -1.00000000 -0.00000000
vn -0.49700000 0.86780000 -0.00240000
vn -0.49700000 0.86780000 -0.00240000
vn -0.48330000 0.87520000 0.02050000
vn -0.48330000 0.87520000 0.02050000
vn 0.49690000 0.86780000 0.00240000
vn 0.49690000 0.86780000 0.00240000
vn 0.48320000 0.87530000 -0.02050000
vn 0.48320000 0.87530000 -0.02050000
vn -0.33390000 0.87790000 -0.34330000
vn -0.33390000 0.87790000 -0.34330000
vn -0.33390000 0.87790000 -0.34330000
vn 0.31870000 0.89100000 -0.32330000
vn 0.31870000 0.89100000 -0.32330000
vn 0.31870000 0.89100000 -0.32330000
vn 0.33380000 0.87790000 0.34330000
vn 0.33380000 0.87790000 0.34330000
vn 0.33380000 0.87790000 0.34330000
vn -0.31880000 0.89100000 0.32330000
vn -0.31880000 0.89100000 0.32330000
vn -0.31880000 0.89100000 0.32330000
vn -0.00000000 -1.00000000 -0.00000000
vn -0.00000000 -1.00000000 -0.00000000
vn -0.00000000 -1.00000000 -0.00000000
vn -0.00000000 -1.00000000 -0.00000000
vn -0.07490000 0.99650000 -0.03770000
vn -0.08970000 0.99440000 0.05510000
vn 0.07490000 0.99650000 0.03770000
vn 0.08970000 0.99440000 -0.05510000
vn -0.00000000 -1.00000000 -0.00000000
vn -0.00000000 -0.00000000 1.00000000
vn -0.00000000 -0.00000000 1.00000000
vn -0.00000000 0.67960000 0.73360000
vn -0.00000000 -0.00000000 1.00000000
vn 0.00270000 0.67800000 0.73510000
vn -0.00000000 -1.00000000 -0.00000000
vn -0.00000000 -0.00000000 1.00000000
vn -0.00000000 -1.00000000 -0.00000000
vn 1.00000000 -0.00000000 -0.00000000
vn 0.75780000 0.65250000 -0.00000000
vn 1.00000000 -0.00000000 -0.00000000
vn 1.00000000 -0.00000000 -0.00000000
vn 0.75700000 0.65340000 0.00170000
vn 1.00000000 -0.00000000 -0.00000000
vn -0.00000000 -1.00000000 -0.00000000
vn -0.00000000 -1.00000000 -0.00000000
vn -0.00000000 -0.00000000 -1.00000000
vn -0.00000000 -0.00000000 -1.00000000
vn -0.00000000 0.67940000 -0.73380000
vn -0.00260000 0.67790000 -0.73520000
vn -0.00000000 -0.00000000 -1.00000000
vn -0.00000000 -0.00000000 -1.00000000
vn -0.00000000 -1.00000000 -0.00000000
vn -1.00000000 -0.00000000 -0.00000000
vn -0.00000000 -1.00000000 -0.00000000
vn -0.75790000 0.65240000 -0.00000000
vn -1.00000000 -0.00000000 -0.00000000
vn -0.75710000 0.65330000 -0.00170000
vn -1.00000000 -0.00000000 -0.00000000
vn -0.00000000 -1.00000000 -0.00000000
vn -1.00000000 -0.00000000 -0.00000000
vn 0.00280000 0.89210000 -0.45190000
vn 0.00280000 0.89210000 -0.45190000
vn 0.01220000 0.90040000 -0.43500000
vn 0.01220000 0.90040000 -0.43500000
vn -0.00280000 0.89210000 0.45180000
vn -0.00280000 0.89210000 0.45180000
vn -0.01220000 0.90040000 0.43490000
vn -0.01220000 0.90040000 0.43490000
vn 1.00000000 -0.00000000 -0.00000000
vn -0.00000000 -0.00000000 -1.00000000
vn -0.00000000 -1.00000000 -0.00000000
vn -0.00000000 -0.00000000 -1.00000000
vn 1.00000000 -0.00000000 -0.00000000
vn 0.43910000 0.78300000 -0.44060000
vn 0.43910000 0.78300000 -0.44060000
vn 1.00000000 -0.00000000 -0.00000000
vn 0.43640000 0.78560000 0.43860000
vn -0.00000000 -0.00000000 1.00000000
vn 0.43640000 0.78560000 0.43860000
vn 1.00000000 -0.00000000 -0.00000000
vn -0.00000000 -0.00000000 1.00000000
vn -0.00000000 -1.00000000 -0.00000000
vn -1.00000000 -0.00000000 -0.00000000
vn -0.00000000 -1.00000000 -0.00000000
vn -0.00000000 -0.00000000 1.00000000
vn -0.43910000 0.78290000 0.44070000
vn -0.43910000 0.78290000 0.44070000
vn -0.00000000 -0.00000000 1.00000000
vn -1.00000000 -0.00000000 -0.00000000
vn -0.00000000 -0.00000000 -1.00000000
vn -1.00000000 -0.00000000 -0.00000000
vn -0.43650000 0.78560000 -0.43860000
vn -0.43650000 0.78560000 -0.43860000
vn -0.00000000 -1.00000000 -0.00000000
vn -0.00000000 -0.00000000 -1.00000000
vn -1.00000000 -0.00000000 -0.00000000
vn -0.49700000 0.86780000 -0.00240000
vn -0.49700000 0.86780000 -0.00240000
vn -0.48330000 0.87520000 0.02050000
vn -0.48330000 0.87520000 0.02050000
vn 0.49690000 0.86780000 0.00240000
vn 0.49690000 0.86780000 0.00240000
vn 0.48320000 0.87530000 -0.02050000
vn 0.48320000 0.87530000 -0.02050000
vn -0.33390000 0.87790000 -0.34330000
vn -0.33390000 0.87790000 -0.34330000
vn -0.33390000 0.87790000 -0.34330000
vn 0.31870000 0.89100000 -0.32330000
vn 0.31870000 0.89100000 -0.32330000
vn 0.31870000 0.89100000 -0.32330000
vn 0.33380000 0.87790000 0.34330000
vn 0.33380000 0.87790000 0.34330000
vn 0.33380000 0.87790000 0.34330000
vn -0.31880000 0.89100000 0.32330000
vn -0.31880000 0.89100000 0.32330000
vn -0.31880000 0.89100000 0.32330000
vn -0.00000000 -1.00000000 -0.00000000
vn -0.00000000 -1.00000000 -0.00000000
vn -0.00000000 -1.00000000 -0.00000000
vn -0.00000000 -1.00000000 -0.00000000
vn -0.07490000 0.99650000 -0.03770000
vn -0.08970000 0.99440000 0.05510000
vn 0.07490000 0.99650000 0.03770000
vn 0.08970000 0.99440000 -0.05510000
vn -0.00000000 -1.00000000 -0.00000000
vn -0.00000000 -0.00000000 1.00000000
vn -0.00000000 0.67960000 0.73360000
vn -0.00000000 -0.00000000 1.00000000
vn -0.00000000 -0.00000000 1.00000000
vn 0.00270000 0.67800000 0.73510000
vn -0.00000000 -1.00000000 -0.00000000
vn -0.00000000 -0.00000000 1.00000000
vn -0.00000000 -1.00000000 -0.00000000
vn 1.00000000 -0.00000000 -0.00000000
vn 0.75780000 0.65250000 -0.00000000
vn 1.00000000 -0.00000000 -0.00000000
vn 0.75700000 0.65340000 0.00170000
vn 1.00000000 -0.00000000 -0.00000000
vn 1.00000000 -0.00000000 -0.00000000
vn -0.00000000 -1.00000000 -0.00000000
vn -0.00000000 -0.00000000 -1.00000000
vn -0.00000000 -1.00000000 -0.00000000
vn -0.00000000 -0.00000000 -1.00000000
vn -0.00000000 0.67940000 -0.73380000
vn -0.00260000 0.67790000 -0.73520000
vn -0.00000000 -0.00000000 -1.00000000
vn -0.00000000 -1.00000000 -0.00000000
vn -0.00000000 -0.00000000 -1.00000000
vn -0.00000000 -1.00000000 -0.00000000
vn -1.00000000 -0.00000000 -0.00000000
vn -1.00000000 -0.00000000 -0.00000000
vn -0.75780000 0.65250000 -0.00000000
vn -1.00000000 -0.00000000 -0.00000000
vn -0.75700000 0.65340000 -0.00170000
vn -0.00000000 -1.00000000 -0.00000000
vn -1.00000000 -0.00000000 -0.00000000
vn 0.00280000 0.89210000 -0.45190000
vn 0.00280000 0.89210000 -0.45190000
vn 0.01220000 0.90040000 -0.43500000
vn 0.01220000 0.90040000 -0.43500000
vn -0.00280000 0.89210000 0.45180000
vn -0.00280000 0.89210000 0.45180000
vn -0.01220000 0.90040000 0.43490000
vn -0.01220000 0.90040000 0.43490000
vn 1.00000000 -0.00000000 -0.00000000
vn -0.00000000 -0.00000000 -1.00000000
vn -0.00000000 -1.00000000 -0.00000000
vn 1.00000000 -0.00000000 -0.00000000
vn 0.43910000 0.78300000 -0.44060000
vn 0.43910000 0.78300000 -0.44060000
vn -0.00000000 -0.00000000 -1.00000000
vn 0.43640000 0.78560000 0.43860000
vn -0.00000000 -0.00000000 1.00000000
vn 0.43640000 0.78560000 0.43860000
vn 1.00000000 -0.00000000 -0.00000000
vn -0.00000000 -0.00000000 1.00000000
vn -0.00000000 -1.00000000 -0.00000000
vn 1.00000000 -0.00000000 -0.00000000
vn -0.00000000 -0.00000000 1.00000000
vn -1.00000000 -0.00000000 -0.00000000
vn -0.00000000 -1.00000000 -0.00000000
vn -0.43910000 0.78300000 0.44060000
vn -0.43910000 0.78300000 0.44060000
vn -0.00000000 -0.00000000 1.00000000
vn -1.00000000 -0.00000000 -0.00000000
vn -0.43640000 0.78560000 -0.43860000
vn -0.00000000 -0.00000000 -1.00000000
vn -1.00000000 -0.00000000 -0.00000000
vn -0.43640000 0.78560000 -0.43860000
vn -1.00000000 -0.00000000 -0.00000000
vn -0.00000000 -1.00000000 -0.00000000
vn -0.00000000 -0.00000000 -1.00000000
vn -0.49690000 0.86780000 -0.00240000
vn -0.49690000 0.86780000 -0.00240000
vn -0.48320000 0.87530000 0.02050000
vn -0.48320000 0.87530000 0.02050000
vn 0.49690000 0.86780000 0.00240000
vn 0.49690000 0.86780000 0.00240000
vn 0.48320000 0.87530000 -0.02050000
vn 0.48320000 0.87530000 -0.02050000
vn -0.33380000 0.87790000 -0.34330000
vn -0.33380000 0.87790000 -0.34330000
vn -0.33380000 0.87790000 -0.34330000
vn 0.31870000 0.89100000 -0.32330000
vn 0.31870000 0.89100000 -0.32330000
vn 0.31870000 0.89100000 -0.32330000
vn 0.33380000 0.87790000 0.34330000
vn 0.33380000 0.87790000 0.34330000
vn 0.33380000 0.87790000 0.34330000
vn -0.31870000 0.89100000 0.32330000
vn -0.31870000 0.89100000 0.32330000
vn -0.31870000 0.89100000 0.32330000
vn -0.00000000 -1.00000000 -0.00000000
vn -0.00000000 -1.00000000 -0.00000000
vn -0.00000000 -1.00000000 -0.00000000
vn -0.00000000 -1.00000000 -0.00000000
vn -0.07490000 0.99650000 -0.03770000
vn -0.08970000 0.99440000 0.05510000
vn 0.07490000 0.99650000 0.03770000
vn 0.08970000 0.99440000 -0.05510000
vn -0.00000000 -0.00000000 1.00000000
vn -0.00000000 -1.00000000 -0.00000000
vn -0.00000000 -0.00000000 1.00000000
vn -0.00000000 0.67960000 0.73360000
vn 0.00270000 0.67800000 0.73510000
vn -0.00000000 -0.00000000 1.00000000
vn -0.00000000 -0.00000000 1.00000000
vn -0.00000000 -1.00000000 -0.00000000
vn -0.00000000 -1.00000000 -0.00000000
vn 1.00000000 -0.00000000 -0.00000000
vn 1.00000000 -0.00000000 -0.00000000
vn 0.75780000 0.65250000 -0.00000000
vn 0.75700000 0.65340000 0.00170000
vn 1.00000000 -0.00000000 -0.00000000
vn 1.00000000 -0.00000000 -0.00000000
vn -0.00000000 -1.00000000 -0.00000000
vn -0.00000000 -1.00000000 -0.00000000
vn -0.00000000 -0.00000000 -1.00000000
vn -0.00000000 -0.00000000 -1.00000000
vn -0.00000000 0.67940000 -0.73380000
vn -0.00000000 -0.00000000 -1.00000000
vn -0.00260000 0.67790000 -0.73520000
vn -0.00000000 -0.00000000 -1.00000000
vn -0.00000000 -1.00000000 -0.00000000
vn -1.00000000 -0.00000000 -0.00000000
vn -0.00000000 -1.00000000 -0.00000000
vn -1.00000000 -0.00000000 -0.00000000
vn -0.75780000 0.65250000 -0.00000000
vn -0.75700000 0.65340000 -0.00170000
vn -1.00000000 -0.00000000 -0.00000000
vn -1.00000000 -0.00000000 -0.00000000
vn -0.00000000 -1.00000000 -0.00000000
vn 0.00280000 0.89210000 -0.45190000
vn 0.00280000 0.89210000 -0.45190000
vn 0.01220000 0.90040000 -0.43500000
vn 0.01220000 0.90040000 -0.43500000
vn -0.00280000 0.89210000 0.45180000
vn -0.00280000 0.89210000 0.45180000
vn -0.01220000 0.90040000 0.43490000
vn -0.01220000 0.90040000 0.43490000
vn -0.00000000 -1.00000000 -0.00000000
vn 1.00000000 -0.00000000 -0.00000000
vn -0.00000000 -0.00000000 -1.00000000
vn 0.43910000 0.78300000 -0.44060000
vn 1.00000000 -0.00000000 -0.00000000
vn -0.00000000 -0.00000000 -1.00000000
vn 0.43910000 0.78300000 -0.44060000
vn 1.00000000 -0.00000000 -0.00000000
vn 0.43640000 0.78560000 0.43860000
vn -0.00000000 -0.00000000 1.00000000
vn 0.43640000 0.78560000 0.43860000
vn -0.00000000 -1.00000000 -0.00000000
vn -0.00000000 -0.00000000 1.00000000
vn 1.00000000 -0.00000000 -0.00000000
vn -0.00000000 -1.00000000 -0.00000000
vn -0.00000000 -0.00000000 1.00000000
vn -1.00000000 -0.00000000 -0.00000000
vn -1.00000000 -0.00000000 -0.00000000
vn -0.43910000 0.78300000 0.44060000
vn -0.00000000 -0.00000000 1.00000000
vn -0.43910000 0.78300000 0.44060000
vn -0.43640000 0.78560000 -0.43860000
vn -0.43640000 0.78560000 -0.43860000
vn -0.00000000 -0.00000000 -1.00000000
vn -1.00000000 -0.00000000 -0.00000000
vn -1.00000000 -0.00000000 -0.00000000
vn -0.00000000 -0.00000000 -1.00000000
vn -0.00000000 -1.00000000 -0.00000000
vn -0.49690000 0.86780000 -0.00240000
vn -0.49690000 0.86780000 -0.00240000
vn -0.48320000 0.87530000 0.02050000
vn -0.48320000 0.87530000 0.02050000
vn 0.49690000 0.86780000 0.00240000
vn 0.49690000 0.86780000 0.00240000
vn 0.48320000 0.87530000 -0.02050000
vn 0.48320000 0.87530000 -0.02050000
vn -0.33380000 0.87790000 -0.34330000
vn -0.33380000 0.87790000 -0.34330000
vn -0.33380000 0.87790000 -0.34330000
vn 0.31870000 0.89100000 -0.32330000
vn 0.31870000 0.89100000 -0.32330000
vn 0.31870000 0.89100000 -0.32330000
vn 0.33380000 0.87790000 0.34330000
vn 0.33380000 0.87790000 0.34330000
vn 0.33380000 0.87790000 0.34330000
vn -0.31870000 0.89100000 0.32330000
vn -0.31870000 0.89100000 0.32330000
vn -0.31870000 0.89100000 0.32330000
vn -0.00000000 -1.00000000 -0.00000000
vn -0.00000000 -1.00000000 -0.00000000
vn -0.00000000 -1.00000000 -0.00000000
vn -0.00000000 -1.00000000 -0.00000000
vn -0.07490000 0.99650000 -0.03770000
vn -0.08970000 0.99440000 0.05510000
vn 0.07490000 0.99650000 0.03770000
vn 0.08970000 0.99440000 -0.05510000
vn -0.00000000 -0.00000000 1.00000000
vn -0.00000000 -1.00000000 -0.00000000
vn -0.00000000 -0.00000000 1.00000000
vn -0.00000000 0.67960000 0.73360000
vn -0.00000000 -0.00000000 1.00000000
vn 0.00270000 0.67800000 0.73510000
vn -0.00000000 -0.00000000 1.00000000
vn -0.00000000 -1.00000000 -0.00000000
vn 1.00000000 -0.00000000 -0.00000000
vn -0.00000000 -1.00000000 -0.00000000
vn 1.00000000 -0.00000000 -0.00000000
vn 0.75780000 0.65250000 -0.00000000
vn 0.75700000 0.65340000 0.00170000
vn 1.00000000 -0.00000000 -0.00000000
vn -0.00000000 -1.00000000 -0.00000000
vn 1.00000000 -0.00000000 -0.00000000
vn -0.00000000 -1.00000000 -0.00000000
vn -0.00000000 -0.00000000 -1.00000000
vn -0.00000000 0.67940000 -0.73380000
vn -0.00000000 -0.00000000 -1.00000000
vn -0.00260000 0.67790000 -0.73520000
vn -0.00000000 -0.00000000 -1.00000000
vn -0.00000000 -1.00000000 -0.00000000
vn -0.00000000 -0.00000000 -1.00000000
vn -0.00000000 -1.00000000 -0.00000000
vn -1.00000000 -0.00000000 -0.00000000
vn -0.75790000 0.65240000 -0.00000000
vn -1.00000000 -0.00000000 -0.00000000
vn -0.75710000 0.65330000 -0.00170000
vn -1.00000000 -0.00000000 -0.00000000
vn -0.00000000 -1.00000000 -0.00000000
vn -1.00000000 -0.00000000 -0.00000000
vn 0.00280000 0.89210000 -0.45190000
vn 0.00280000 0.89210000 -0.45190000
vn 0.01220000 0.90040000 -0.43500000
vn 0.01220000 0.90040000 -0.43500000
vn -0.00280000 0.89210000 0.45180000
vn -0.00280000 0.89210000 0.45180000
vn -0.01220000 0.90040000 0.43490000
vn -0.01220000 0.90040000 0.43490000
vn -0.00000000 -1.00000000 -0.00000000
vn 1.00000000 -0.00000000 -0.00000000
vn -0.00000000 -0.00000000 -1.00000000
vn 0.43910000 0.78300000 -0.44060000
vn 1.00000000 -0.00000000 -0.00000000
vn -0.00000000 -0.00000000 -1.00000000
vn 0.43910000 0.78300000 -0.44060000
vn -0.00000000 -0.00000000 1.00000000
vn 0.43640000 0.78560000 0.43860000
vn 1.00000000 -0.00000000 -0.00000000
vn 0.43640000 0.78560000 0.43860000
vn -0.00000000 -0.00000000 1.00000000
vn 1.00000000 -0.00000000 -0.00000000
vn -0.00000000 -1.00000000 -0.00000000
vn -0.00000000 -1.00000000 -0.00000000
vn -1.00000000 -0.00000000 -0.00000000
vn -0.00000000 -0.00000000 1.00000000
vn -0.43910000 0.78290000 0.44070000
vn -0.00000000 -0.00000000 1.00000000
vn -0.43910000 0.78290000 0.44070000
vn -1.00000000 -0.00000000 -0.00000000
vn -0.43650000 0.78560000 -0.43860000
vn -0.00000000 -0.00000000 -1.00000000
vn -1.00000000 -0.00000000 -0.00000000
vn -0.43650000 0.78560000 -0.43860000
vn -0.00000000 -0.00000000 -1.00000000
vn -1.00000000 -0.00000000 -0.00000000
vn -0.00000000 -1.00000000 -0.00000000
vn -0.49700000 0.86780000 -0.00240000
vn -0.49700000 0.86780000 -0.00240000
vn -0.48330000 0.87520000 0.02050000
vn -0.48330000 0.87520000 0.02050000
vn 0.49690000 0.86780000 0.00240000
vn 0.49690000 0.86780000 0.00240000
vn 0.48320000 0.87530000 -0.02050000
vn 0.48320000 0.87530000 -0.02050000
vn -0.33390000 0.87790000 -0.34330000
vn -0.33390000 0.87790000 -0.34330000
vn -0.33390000 0.87790000 -0.34330000
vn 0.31870000 0.89100000 -0.32330000
vn 0.31870000 0.89100000 -0.32330000
vn 0.31870000 0.89100000 -0.32330000
vn 0.33380000 0.87790000 0.34330000
vn 0.33380000 0.87790000 0.34330000
vn 0.33380000 0.87790000 0.34330000
vn -0.31880000 0.89100000 0.32330000
vn -0.31880000 0.89100000 0.32330000
vn -0.31880000 0.89100000 0.32330000
vn -0.00000000 -1.00000000 -0.00000000
vn -0.00000000 -1.00000000 -0.00000000
vn -0.00000000 -1.00000000 -0.00000000
vn -0.00000000 -1.00000000 -0.00000000
vn -0.07490000 0.99650000 -0.03770000
vn -0.08970000 0.99440000 0.05510000
vn 0.07490000 0.99650000 0.03770000
vn 0.08970000 0.99440000 -0.05510000
vn -0.00000000 -1.00000000 -0.00000000
vn -0.00000000 -0.00000000 1.00000000
vn -0.00000000 0.67960000 0.73360000
vn -0.00000000 -0.00000000 1.00000000
vn -0.00000000 -0.00000000 1.00000000
vn 0.00270000 0.67800000 0.73510000
vn -0.00000000 -0.00000000 1.00000000
vn -0.00000000 -1.00000000 -0.00000000
vn -0.00000000 -1.00000000 -0.00000000
vn 1.00000000 -0.00000000 -0.00000000
vn 1.00000000 -0.00000000 -0.00000000
vn 0.75780000 0.65250000 -0.00000000
vn 1.00000000 -0.00000000 -0.00000000
vn 0.75700000 0.65340000 0.00170000
vn -0.00000000 -1.00000000 -0.00000000
vn 1.00000000 -0.00000000 -0.00000000
vn -0.00000000 -1.00000000 -0.00000000
vn -0.00000000 -0.00000000 -1.00000000
vn -0.00000000 -0.00000000 -1.00000000
vn -0.00000000 0.67940000 -0.73380000
vn -0.00260000 0.67790000 -0.73520000
vn -0.00000000 -0.00000000 -1.00000000
vn -0.00000000 -1.00000000 -0.00000000
vn -0.00000000 -0.00000000 -1.00000000
vn -0.00000000 -1.00000000 -0.00000000
vn -1.00000000 -0.00000000 -0.00000000
vn -1.00000000 -0.00000000 -0.00000000
vn -0.75790000 0.65240000 -0.00000000
vn -1.00000000 -0.00000000 -0.00000000
vn -0.75710000 0.65330000 -0.00170000
vn -1.00000000 -0.00000000 -0.00000000
vn -0.00000000 -1.00000000 -0.00000000
vn 0.00280000 0.89210000 -0.45190000
vn 0.00280000 0.89210000 -0.45190000
vn 0.01220000 0.90040000 -0.43500000
vn 0.01220000 0.90040000 -0.43500000
vn -0.00280000 0.89210000 0.45180000
vn -0.00280000 0.89210000 0.45180000
vn -0.01220000 0.90040000 0.43490000
vn -0.01220000 0.90040000 0.43490000
vn 1.00000000 -0.00000000 -0.00000000
vn -0.00000000 -1.00000000 -0.00000000
vn -0.00000000 -0.00000000 -1.00000000
vn 0.43910000 0.78300000 -0.44060000
vn 0.43910000 0.78300000 -0.44060000
vn 1.00000000 -0.00000000 -0.00000000
vn -0.00000000 -0.00000000 -1.00000000
vn 1.00000000 -0.00000000 -0.00000000
vn 0.43640000 0.78560000 0.43860000
vn 0.43640000 0.78560000 0.43860000
vn -0.00000000 -0.00000000 1.00000000
vn 1.00000000 -0.00000000 -0.00000000
vn -0.00000000 -1.00000000 -0.00000000
vn -0.00000000 -0.00000000 1.00000000
vn -0.00000000 -1.00000000 -0.00000000
vn -0.00000000 -0.00000000 1.00000000
vn -1.00000000 -0.00000000 -0.00000000
vn -1.00000000 -0.00000000 -0.00000000
vn -0.43910000 0.78290000 0.44070000
vn -0.43910000 0.78290000 0.44070000
vn -0.00000000 -0.00000000 1.00000000
vn -0.00000000 -0.00000000 -1.00000000
vn -0.43650000 0.78560000 -0.43860000
vn -1.00000000 -0.00000000 -0.00000000
vn -0.43650000 0.78560000 -0.43860000
vn -0.00000000 -0.00000000 -1.00000000
vn -0.00000000 -1.00000000 -0.00000000
vn -1.00000000 -0.00000000 -0.00000000
vn -0.49700000 0.86780000 -0.00240000
vn -0.49700000 0.86780000 -0.00240000
vn -0.48330000 0.87520000 0.02050000
vn -0.48330000 0.87520000 0.02050000
vn 0.49690000 0.86780000 0.00240000
vn 0.49690000 0.86780000 0.00240000
vn 0.48320000 0.87530000 -0.02050000
vn 0.48320000 0.87530000 -0.02050000
vn -0.33390000 0.87790000 -0.34330000
vn -0.33390000 0.87790000 -0.34330000
vn -0.33390000 0.87790000 -0.34330000
vn 0.31870000 0.89100000 -0.32330000
vn 0.31870000 0.89100000 -0.32330000
vn 0.31870000 0.89100000 -0.32330000
vn 0.33380000 0.87790000 0.34330000
vn 0.33380000 0.87790000 0.34330000
vn 0.33380000 0.87790000 0.34330000
vn -0.31880000 0.89100000 0.32330000
vn -0.31880000 0.89100000 0.32330000
vn -0.31880000 0.89100000 0.32330000
vn -0.00000000 -1.00000000 -0.00000000
vn -0.00000000 -1.00000000 -0.00000000
vn -0.00000000 -1.00000000 -0.00000000
vn -0.00000000 -1.00000000 -0.00000000
vn -0.07490000 0.99650000 -0.03770000
vn -0.08970000 0.99440000 0.05510000
vn 0.07490000 0.99650000 0.03770000
vn 0.08970000 0.99440000 -0.05510000
vn -0.00000000 -1.00000000 -0.00000000
vn -0.00000000 -0.00000000 1.00000000
vn -0.00000000 -0.00000000 1.00000000
vn -0.00000000 0.67960000 0.73360000
vn 0.00270000 0.67800000 0.73510000
vn -0.00000000 -0.00000000 1.00000000
vn -0.00000000 -1.00000000 -0.00000000
vn -0.00000000 -0.00000000 1.00000000
vn -0.00000000 -1.00000000 -0.00000000
vn 1.00000000 -0.00000000 -0.00000000
vn 0.75780000 0.65250000 -0.00000000
vn 1.00000000 -0.00000000 -0.00000000
vn 1.00000000 -0.00000000 -0.00000000
vn 0.75700000 0.65340000 0.00170000
vn 1.00000000 -0.00000000 -0.00000000
vn -0.00000000 -1.00000000 -0.00000000
vn -0.00000000 -1.00000000 -0.00000000
vn -0.00000000 -0.00000000 -1.00000000
vn -0.00000000 0.67940000 -0.73380000
vn -0.00000000 -0.00000000 -1.00000000
vn -0.00000000 -0.00000000 -1.00000000
vn -0.00260000 0.67790000 -0.73520000
vn -0.00000000 -0.00000000 -1.00000000
vn -0.00000000 -1.00000000 -0.00000000
vn -0.00000000 -1.00000000 -0.00000000
vn -1.00000000 -0.00000000 -0.00000000
vn -0.75780000 0.65250000 -0.00000000
vn -1.00000000 -0.00000000 -0.00000000
vn -0.75700000 0.65340000 -0.00170000
vn -1.00000000 -0.00000000 -0.00000000
vn -1.00000000 -0.00000000 -0.00000000
vn -0.00000000 -1.00000000 -0.00000000
vn 0.00280000 0.89210000 -0.45190000
vn 0.00280000 0.89210000 -0.45190000
vn 0.01220000 0.90040000 -0.43500000
vn 0.01220000 0.90040000 -0.43500000
vn -0.00280000 0.89210000 0.45180000
vn -0.00280000 0.89210000 0.45180000
vn -0.01220000 0.90040000 0.43490000
vn -0.01220000 0.90040000 0.43490000
vn 1.00000000 -0.00000000 -0.00000000
vn -0.00000000 -0.00000000 -1.00000000
vn -0.00000000 -1.00000000 -0.00000000
vn 1.00000000 -0.00000000 -0.00000000
vn -0.00000000 -0.00000000 -1.00000000
vn 0.43910000 0.78300000 -0.44060000
vn 0.43910000 0.78300000 -0.44060000
vn 1.00000000 -0.00000000 -0.00000000
vn 0.43640000 0.78560000 0.43860000
vn 0.43640000 0.78560000 0.43860000
vn -0.00000000 -0.00000000 1.00000000
vn -0.00000000 -1.00000000 -0.00000000
vn -0.00000000 -0.00000000 1.00000000
vn 1.00000000 -0.00000000 -0.00000000
vn -0.00000000 -0.00000000 1.00000000
vn -0.00000000 -1.00000000 -0.00000000
vn -1.00000000 -0.00000000 -0.00000000
vn -1.00000000 -0.00000000 -0.00000000
vn -0.43910000 0.78300000 0.44060000
vn -0.00000000 -0.00000000 1.00000000
vn -0.43910000 0.78300000 0.44060000
vn -0.00000000 -0.00000000 -1.00000000
vn -1.00000000 -0.00000000 -0.00000000
vn -0.43640000 0.78560000 -0.43860000
vn -0.43640000 0.78560000 -0.43860000
vn -1.00000000 -0.00000000 -0.00000000
vn -0.00000000 -0.00000000 -1.00000000
vn -0.00000000 -1.00000000 -0.00000000
vn -0.49690000 0.86780000 -0.00240000
vn -0.49690000 0.86780000 -0.00240000
vn -0.48320000 0.87530000 0.02050000
vn -0.48320000 0.87530000 0.02050000
vn 0.49690000 0.86780000 0.00240000
vn 0.49690000 0.86780000 0.00240000
vn 0.48320000 0.87530000 -0.02050000
vn 0.48320000 0.87530000 -0.02050000
vn -0.33380000 0.87790000 -0.34330000
vn -0.33380000 0.87790000 -0.34330000
vn -0.33380000 0.87790000 -0.34330000
vn 0.31870000 0.89100000 -0.32330000
vn 0.31870000 0.89100000 -0.32330000
vn 0.31870000 0.89100000 -0.32330000
vn 0.33380000 0.87790000 0.34330000
vn 0.33380000 0.87790000 0.34330000
vn 0.33380000 0.87790000 0.34330000
vn -0.31870000 0.89100000 0.32330000
vn -0.31870000 0.89100000 0.32330000
vn -0.31870000 0.89100000 0.32330000
vn -0.00000000 -1.00000000 -0.00000000
vn -0.00000000 -1.00000000 -0.00000000
vn -0.00000000 -1.00000000 -0.00000000
vn -0.00000000 -1.00000000 -0.00000000
vn -0.07490000 0.99650000 -0.03770000
vn -0.08970000 0.99440000 0.05510000
vn 0.07490000 0.99650000 0.03770000
vn 0.08970000 0.99440000 -0.05510000
vn -0.00000000 -1.00000000 -0.00000000
vn -0.00000000 -0.00000000 1.00000000
vn -0.00000000 0.67960000 0.73360000
vn -0.00000000 -0.00000000 1.00000000
vn -0.00000000 -0.00000000 1.00000000
vn 0.00270000 0.67800000 0.73510000
vn -0.00000000 -1.00000000 -0.00000000
vn -0.00000000 -0.00000000 1.00000000
vn 1.00000000 -0.00000000 -0.00000000
vn -0.00000000 -1.00000000 -0.00000000
vn 0.75780000 0.65250000 -0.00000000
vn 1.00000000 -0.00000000 -0.00000000
vn 1.00000000 -0.00000000 -0.00000000
vn 0.75700000 0.65340000 0.00170000
vn -0.00000000 -1.00000000 -0.00000000
vn 1.00000000 -0.00000000 -0.00000000
vn -0.00000000 -1.00000000 -0.00000000
vn -0.00000000 -0.00000000 -1.00000000
vn -0.00000000 -0.00000000 -1.00000000
vn -0.00000000 0.67940000 -0.73380000
vn -0.00000000 -0.00000000 -1.00000000
vn -0.00260000 0.67790000 -0.73520000
vn -0.00000000 -0.00000000 -1.00000000
vn -0.00000000 -1.00000000 -0.00000000
vn -1.00000000 -0.00000000 -0.00000000
vn -0.00000000 -1.00000000 -0.00000000
vn -0.75780000 0.65250000 -0.00000000
vn -1.00000000 -0.00000000 -0.00000000
vn -1.00000000 -0.00000000 -0.00000000
vn -0.75700000 0.65340000 -0.00170000
vn -0.00000000 -1.00000000 -0.00000000
vn -1.00000000 -0.00000000 -0.00000000
vn 0.00280000 0.89210000 -0.45190000
vn 0.00280000 0.89210000 -0.45190000
vn 0.01220000 0.90040000 -0.43500000
vn 0.01220000 0.90040000 -0.43500000
vn -0.00280000 0.89210000 0.45180000
vn -0.00280000 0.89210000 0.45180000
vn -0.01220000 0.90040000 0.43490000
vn -0.01220000 0.90040000 0.43490000
vn -0.00000000 -1.00000000 -0.00000000
vn -0.00000000 -0.00000000 -1.00000000
vn 1.00000000 -0.00000000 -0.00000000
vn -0.00000000 -0.00000000 -1.00000000
vn 0.43910000 0.78300000 -0.44060000
vn 0.43910000 0.78300000 -0.44060000
vn 1.00000000 -0.00000000 -0.00000000
vn -0.00000000 -0.00000000 1.00000000
vn 0.43640000 0.78560000 0.43860000
vn 0.43640000 0.78560000 0.43860000
vn 1.00000000 -0.00000000 -0.00000000
vn -0.00000000 -0.00000000 1.00000000
vn 1.00000000 -0.00000000 -0.00000000
vn -0.00000000 -1.00000000 -0.00000000
vn -1.00000000 -0.00000000 -0.00000000
vn -0.00000000 -0.00000000 1.00000000
vn -0.00000000 -1.00000000 -0.00000000
vn -0.00000000 -0.00000000 1.00000000
vn -1.00000000 -0.00000000 -0.00000000
vn -0.43910000 0.78300000 0.44060000
vn -0.43910000 0.78300000 0.44060000
vn -0.43640000 0.78560000 -0.43860000
vn -1.00000000 -0.00000000 -0.00000000
vn -0.00000000 -0.00000000 -1.00000000
vn -0.43640000 0.78560000 -0.43860000
vn -0.00000000 -1.00000000 -0.00000000
vn -0.00000000 -0.00000000 -1.00000000
vn -1.00000000 -0.00000000 -0.00000000
vn -0.49690000 0.86780000 -0.00240000
vn -0.49690000 0.86780000 -0.00240000
vn -0.48320000 0.87530000 0.02050000
vn -0.48320000 0.87530000 0.02050000
vn 0.49690000 0.86780000 0.00240000
vn 0.49690000 0.86780000 0.00240000
vn 0.48320000 0.87530000 -0.02050000
vn 0.48320000 0.87530000 -0.02050000
vn -0.33380000 0.87790000 -0.34330000
vn -0.33380000 0.87790000 -0.34330000
vn -0.33380000 0.87790000 -0.34330000
vn 0.31870000 0.89100000 -0.32330000
vn 0.31870000 0.89100000 -0.32330000
vn 0.31870000 0.89100000 -0.32330000
vn 0.33380000 0.87790000 0.34330000
vn 0.33380000 0.87790000 0.34330000
vn 0.33380000 0.87790000 0.34330000
vn -0.31870000 0.89100000 0.32330000
vn -0.31870000 0.89100000 0.32330000
vn -0.31870000 0.89100000 0.32330000
vn -0.00000000 -1.00000000 -0.00000000
vn -0.00000000 -1.00000000 -0.00000000
vn -0.00000000 -1.00000000 -0.00000000
vn -0.00000000 -1.00000000 -0.00000000
vn -0.07490000 0.99650000 -0.03770000
vn -0.08970000 0.99440000 0.05510000
vn 0.07490000 0.99650000 0.03770000
vn 0.08970000 0.99440000 -0.05510000
vn -0.00000000 -1.00000000 -0.00000000
vn -0.00000000 -0.00000000 1.00000000
vn -0.00000000 -0.00000000 1.00000000
vn -0.00000000 0.67960000 0.73360000
vn 0.00270000 0.67800000 0.73510000
vn -0.00000000 -0.00000000 1.00000000
vn -0.00000000 -0.00000000 1.00000000
vn -0.00000000 -1.00000000 -0.00000000
vn -0.00000000 -1.00000000 -0.00000000
vn 1.00000000 -0.00000000 -0.00000000
vn 1.00000000 -0.00000000 -0.00000000
vn 0.75780000 0.65250000 -0.00000000
vn 1.00000000 -0.00000000 -0.00000000
vn 0.75700000 0.65340000 0.00170000
vn 1.00000000 -0.00000000 -0.00000000
vn -0.00000000 -1.00000000 -0.00000000
vn -0.00000000 -1.00000000 -0.00000000
vn -0.00000000 -0.00000000 -1.00000000
vn -0.00000000 -0.00000000 -1.00000000
vn -0.00000000 0.67940000 -0.73380000
vn -0.00260000 0.67790000 -0.73520000
vn -0.00000000 -0.00000000 -1.00000000
vn -0.00000000 -1.00000000 -0.00000000
vn -0.00000000 -0.00000000 -1.00000000
vn -1.00000000 -0.00000000 -0.00000000
vn -0.00000000 -1.00000000 -0.00000000
vn -0.75790000 0.65240000 -0.00000000
vn -1.00000000 -0.00000000 -0.00000000
vn -0.75710000 0.65330000 -0.00170000
vn -1.00000000 -0.00000000 -0.00000000
vn -1.00000000 -0.00000000 -0.00000000
vn -0.00000000 -1.00000000 -0.00000000
vn 0.00280000 0.89210000 -0.45190000
vn 0.00280000 0.89210000 -0.45190000
vn 0.01220000 0.90040000 -0.43500000
vn 0.01220000 0.90040000 -0.43500000
vn -0.00280000 0.89210000 0.45180000
vn -0.00280000 0.89210000 0.45180000
vn -0.01220000 0.90040000 0.43490000
vn -0.01220000 0.90040000 0.43490000
vn -0.00000000 -1.00000000 -0.00000000
vn -0.00000000 -0.00000000 -1.00000000
vn 1.00000000 -0.00000000 -0.00000000
vn 0.43910000 0.78300000 -0.44060000
vn 1.00000000 -0.00000000 -0.00000000
vn 0.43910000 0.78300000 -0.44060000
vn -0.00000000 -0.00000000 -1.00000000
vn 0.43640000 0.78560000 0.43860000
vn -0.00000000 -0.00000000 1.00000000
vn 1.00000000 -0.00000000 -0.00000000
vn 0.43640000 0.78560000 0.43860000
vn -0.00000000 -1.00000000 -0.00000000
vn 1.00000000 -0.00000000 -0.00000000
vn -0.00000000 -0.00000000 1.00000000
vn -1.00000000 -0.00000000 -0.00000000
vn -0.00000000 -0.00000000 1.00000000
vn -0.00000000 -1.00000000 -0.00000000
vn -0.43910000 0.78290000 0.44070000
vn -0.00000000 -0.00000000 1.00000000
vn -0.43910000 0.78290000 0.44070000
vn -1.00000000 -0.00000000 -0.00000000
vn -0.43650000 0.78560000 -0.43860000
vn -0.43650000 0.78560000 -0.43860000
vn -0.00000000 -0.00000000 -1.00000000
vn -1.00000000 -0.00000000 -0.00000000
vn -0.00000000 -1.00000000 -0.00000000
vn -0.00000000 -0.00000000 -1.00000000
vn -1.00000000 -0.00000000 -0.00000000
vn -0.49700000 0.86780000 -0.00240000
vn -0.49700000 0.86780000 -0.00240000
vn -0.48330000 0.87520000 0.02050000
vn -0.48330000 0.87520000 0.02050000
vn 0.49690000 0.86780000 0.00240000
vn 0.49690000 0.86780000 0.00240000
vn 0.48320000 0.87530000 -0.02050000
vn 0.48320000 0.87530000 -0.02050000
vn -0.33390000 0.87790000 -0.34330000
vn -0.33390000 0.87790000 -0.34330000
vn -0.33390000 0.87790000 -0.34330000
vn 0.31870000 0.89100000 -0.32330000
vn 0.31870000 0.89100000 -0.32330000
vn 0.31870000 0.89100000 -0.32330000
vn 0.33380000 0.87790000 0.34330000
vn 0.33380000 0.87790000 0.34330000
vn 0.33380000 0.87790000 0.34330000
vn -0.31880000 0.89100000 0.32330000
vn -0.31880000 0.89100000 0.32330000
vn -0.31880000 0.89100000 0.32330000
vn -0.00000000 -1.00000000 -0.00000000
vn -0.00000000 -1.00000000 -0.00000000
vn -0.00000000 -1.00000000 -0.00000000
vn -0.00000000 -1.00000000 -0.00000000
vn -0.07490000 0.99650000 -0.03770000
vn -0.08970000 0.99440000 0.05510000
vn 0.07490000 0.99650000 0.03770000
vn 0.08970000 0.99440000 -0.05510000
vn -0.00000000 -0.00000000 1.00000000
vn -0.00000000 -1.00000000 -0.00000000
vn -0.00000000 0.67960000 0.73360000
vn -0.00000000 -0.00000000 1.00000000
vn 0.00270000 0.67800000 0.73510000
vn -0.00000000 -0.00000000 1.00000000
vn -0.00000000 -1.00000000 -0.00000000
vn -0.00000000 -0.00000000 1.00000000
vn -0.00000000 -1.00000000 -0.00000000
vn 1.00000000 -0.00000000 -0.00000000
vn 1.00000000 -0.00000000 -0.00000000
vn 0.75780000 0.65250000 -0.00000000
vn 1.00000000 -0.00000000 -0.00000000
vn 0.75700000 0.65340000 0.00170000
vn 1.00000000 -0.00000000 -0.00000000
vn -0.00000000 -1.00000000 -0.00000000
vn -0.00000000 -0.00000000 -1.00000000
vn -0.00000000 -1.00000000 -0.00000000
vn -0.00000000 0.67940000 -0.73380000
vn -0.00000000 -0.00000000 -1.00000000
vn -0.00000000 -0.00000000 -1.00000000
vn -0.00260000 0.67790000 -0.73520000
vn -0.00000000 -1.00000000 -0.00000000
vn -0.00000000 -0.00000000 -1.00000000
vn -1.00000000 -0.00000000 -0.00000000
vn -0.00000000 -1.00000000 -0.00000000
vn -0.75790000 0.65240000 -0.00000000
vn -1.00000000 -0.00000000 -0.00000000
vn -0.75710000 0.65330000 -0.00170000
vn -1.00000000 -0.00000000 -0.00000000
vn -1.00000000 -0.00000000 -0.00000000
vn -0.00000000 -1.00000000 -0.00000000
vn 0.00280000 0.89210000 -0.45190000
vn 0.00280000 0.89210000 -0.45190000
vn 0.01220000 0.90040000 -0.43500000
vn 0.01220000 0.90040000 -0.43500000
vn -0.00280000 0.89210000 0.45180000
vn -0.00280000 0.89210000 0.45180000
vn -0.01220000 0.90040000 0.43490000
vn -0.01220000 0.90040000 0.43490000
vn 1.00000000 -0.00000000 -0.00000000
vn -0.00000000 -1.00000000 -0.00000000
vn -0.00000000 -0.00000000 -1.00000000
vn 0.43910000 0.78300000 -0.44060000
vn 1.00000000 -0.00000000 -0.00000000
vn 0.43910000 0.78300000 -0.44060000
vn -0.00000000 -0.00000000 -1.00000000
vn 0.43640000 0.78560000 0.43860000
vn -0.00000000 -0.00000000 1.00000000
vn 1.00000000 -0.00000000 -0.00000000
vn 0.43640000 0.78560000 0.43860000
vn -0.00000000 -0.00000000 1.00000000
vn 1.00000000 -0.00000000 -0.00000000
vn -0.00000000 -1.00000000 -0.00000000
vn -0.00000000 -0.00000000 1.00000000
vn -0.00000000 -1.00000000 -0.00000000
vn -1.00000000 -0.00000000 -0.00000000
vn -0.00000000 -0.00000000 1.00000000
vn -0.43910000 0.78290000 0.44070000
vn -0.43910000 0.78290000 0.44070000
vn -1.00000000 -0.00000000 -0.00000000
vn -0.43650000 0.78560000 -0.43860000
vn -0.43650000 0.78560000 -0.43860000
vn -1.00000000 -0.00000000 -0.00000000
vn -0.00000000 -0.00000000 -1.00000000
vn -0.00000000 -1.00000000 -0.00000000
vn -0.00000000 -0.00000000 -1.00000000
vn -1.00000000 -0.00000000 -0.00000000
vn -0.49700000 0.86780000 -0.00240000
vn -0.49700000 0.86780000 -0.00240000
vn -0.48330000 0.87520000 0.02050000
vn -0.48330000 0.87520000 0.02050000
vn 0.49690000 0.86780000 0.00240000
vn 0.49690000 0.86780000 0.00240000
vn 0.48320000 0.87530000 -0.02050000
vn 0.48320000 0.87530000 -0.02050000
vn -0.33390000 0.87790000 -0.34330000
vn -0.33390000 0.87790000 -0.34330000
vn -0.33390000 0.87790000 -0.34330000
vn 0.31870000 0.89100000 -0.32330000
vn 0.31870000 0.89100000 -0.32330000
vn 0.31870000 0.89100000 -0.32330000
vn 0.33380000 0.87790000 0.34330000
vn 0.33380000 0.87790000 0.34330000
vn 0.33380000 0.87790000 0.34330000
vn -0.31880000 0.89100000 0.32330000
vn -0.31880000 0.89100000 0.32330000
vn -0.31880000 0.89100000 0.32330000
vn -0.00000000 -1.00000000 -0.00000000
vn -0.00000000 -1.00000000 -0.00000000
vn -0.00000000 -1.00000000 -0.00000000
vn -0.00000000 -1.00000000 -0.00000000
vn -0.07490000 0.99650000 -0.03770000
vn -0.08970000 0.99440000 0.05510000
vn 0.07490000 0.99650000 0.03770000
vn 0.08970000 0.99440000 -0.05510000
vn -0.00000000 -1.00000000 -0.00000000
vn -0.00000000 -0.00000000 1.00000000
vn -0.00000000 0.67960000 0.73360000
vn -0.00000000 -0.00000000 1.00000000
vn 0.00270000 0.67800000 0.73510000
vn -0.00000000 -0.00000000 1.00000000
vn -0.00000000 -0.00000000 1.00000000
vn -0.00000000 -1.00000000 -0.00000000
vn 1.00000000 -0.00000000 -0.00000000
vn -0.00000000 -1.00000000 -0.00000000
vn 1.00000000 -0.00000000 -0.00000000
vn 0.75780000 0.65250000 -0.00000000
vn 0.75700000 0.65340000 0.00170000
vn 1.00000000 -0.00000000 -0.00000000
vn 1.00000000 -0.00000000 -0.00000000
vn -0.00000000 -1.00000000 -0.00000000
vn -0.00000000 -0.00000000 -1.00000000
vn -0.00000000 -1.00000000 -0.00000000
vn -0.00000000 -0.00000000 -1.00000000
vn -0.00000000 0.67940000 -0.73380000
vn -0.00260000 0.67790000 -0.73520000
vn -0.00000000 -0.00000000 -1.00000000
vn -0.00000000 -0.00000000 -1.00000000
vn -0.00000000 -1.00000000 -0.00000000
vn -1.00000000 -0.00000000 -0.00000000
vn -0.00000000 -1.00000000 -0.00000000
vn -1.00000000 -0.00000000 -0.00000000
vn -0.75780000 0.65250000 -0.00000000
vn -0.75700000 0.65340000 -0.00170000
vn -1.00000000 -0.00000000 -0.00000000
vn -1.00000000 -0.00000000 -0.00000000
vn -0.00000000 -1.00000000 -0.00000000
vn 0.00280000 0.89210000 -0.45190000
vn 0.00280000 0.89210000 -0.45190000
vn 0.01220000 0.90040000 -0.43500000
vn 0.01220000 0.90040000 -0.43500000
vn -0.00280000 0.89210000 0.45180000
vn -0.00280000 0.89210000 0.45180000
vn -0.01220000 0.90040000 0.43490000
vn -0.01220000 0.90040000 0.43490000
vn 1.00000000 -0.00000000 -0.00000000
vn -0.00000000 -1.00000000 -0.00000000
vn -0.00000000 -0.00000000 -1.00000000
vn 1.00000000 -0.00000000 -0.00000000
vn -0.00000000 -0.00000000 -1.00000000
vn 0.43910000 0.78300000 -0.44060000
vn 0.43910000 0.78300000 -0.44060000
vn 0.43640000 0.78560000 0.43860000
vn 1.00000000 -0.00000000 -0.00000000
vn 0.43640000 0.78560000 0.43860000
vn -0.00000000 -0.00000000 1.00000000
vn 1.00000000 -0.00000000 -0.00000000
vn -0.00000000 -1.00000000 -0.00000000
vn -0.00000000 -0.00000000 1.00000000
vn -0.00000000 -0.00000000 1.00000000
vn -1.00000000 -0.00000000 -0.00000000
vn -0.00000000 -1.00000000 -0.00000000
vn -1.00000000 -0.00000000 -0.00000000
vn -0.43910000 0.78300000 0.44060000
vn -0.43910000 0.78300000 0.44060000
vn -0.00000000 -0.00000000 1.00000000
vn -1.00000000 -0.00000000 -0.00000000
vn -0.43640000 0.78560000 -0.43860000
vn -0.00000000 -0.00000000 -1.00000000
vn -0.43640000 0.78560000 -0.43860000
vn -1.00000000 -0.00000000 -0.00000000
vn -0.00000000 -1.00000000 -0.00000000
vn -0.00000000 -0.00000000 -1.00000000
vn -0.49690000 0.86780000 -0.00240000
vn -0.49690000 0.86780000 -0.00240000
vn -0.48320000 0.87530000 0.02050000
vn -0.48320000 0.87530000 0.02050000
vn 0.49690000 0.86780000 0.00240000
vn 0.49690000 0.86780000 0.00240000
vn 0.48320000 0.87530000 -0.02050000
vn 0.48320000 0.87530000 -0.02050000
vn -0.33380000 0.87790000 -0.34330000
vn -0.33380000 0.87790000 -0.34330000
vn -0.33380000 0.87790000 -0.34330000
vn 0.31870000 0.89100000 -0.32330000
vn 0.31870000 0.89100000 -0.32330000
vn 0.31870000 0.89100000 -0.32330000
vn 0.33380000 0.87790000 0.34330000
vn 0.33380000 0.87790000 0.34330000
vn 0.33380000 0.87790000 0.34330000
vn -0.31870000 0.89100000 0.32330000
vn -0.31870000 0.89100000 0.32330000
vn -0.31870000 0.89100000 0.32330000
vn -0.00000000 -1.00000000 -0.00000000
vn -0.00000000 -1.00000000 -0.00000000
vn -0.00000000 -1.00000000 -0.00000000
vn -0.00000000 -1.00000000 -0.00000000
vn -0.07490000 0.99650000 -0.03770000
vn -0.08970000 0.99440000 0.05510000
vn 0.07490000 0.99650000 0.03770000
vn 0.08970000 0.99440000 -0.05510000
vn -0.00000000 -1.00000000 -0.00000000
vn -0.00000000 -0.00000000 1.00000000
vn -0.00000000 0.67960000 0.73360000
vn -0.00000000 -0.00000000 1.00000000
vn 0.00270000 0.67800000 0.73510000
vn -0.00000000 -0.00000000 1.00000000
vn -0.00000000 -0.00000000 1.00000000
vn -0.00000000 -1.00000000 -0.00000000
vn 1.00000000 -0.00000000 -0.00000000
vn -0.00000000 -1.00000000 -0.00000000
vn 0.75780000 0.65250000 -0.00000000
vn 1.00000000 -0.00000000 -0.00000000
vn 1.00000000 -0.00000000 -0.00000000
vn 0.75700000 0.65340000 0.00170000
vn 1.00000000 -0.00000000 -0.00000000
vn -0.00000000 -1.00000000 -0.00000000
vn -0.00000000 -0.00000000 -1.00000000
vn -0.00000000 -1.00000000 -0.00000000
vn -0.00000000 -0.00000000 -1.00000000
vn -0.00000000 0.67940000 -0.73380000
vn -0.00000000 -0.00000000 -1.00000000
vn -0.00260000 0.67790000 -0.73520000
vn -0.00000000 -1.00000000 -0.00000000
vn -0.00000000 -0.00000000 -1.00000000
vn -1.00000000 -0.00000000 -0.00000000
vn -0.00000000 -1.00000000 -0.00000000
vn -0.75780000 0.65250000 -0.00000000
vn -1.00000000 -0.00000000 -0.00000000
vn -1.00000000 -0.00000000 -0.00000000
vn -0.75700000 0.65340000 -0.00170000
vn -0.00000000 -1.00000000 -0.00000000
vn -1.00000000 -0.00000000 -0.00000000
vn 0.00280000 0.89210000 -0.45190000
vn 0.00280000 0.89210000 -0.45190000
vn 0.01220000 0.90040000 -0.43500000
vn 0.01220000 0.90040000 -0.43500000
vn -0.00280000 0.89210000 0.45180000
vn -0.00280000 0.89210000 0.45180000
vn -0.01220000 0.90040000 0.43490000
vn -0.01220000 0.90040000 0.43490000
vn -0.00000000 -1.00000000 -0.00000000
vn 1.00000000 -0.00000000 -0.00000000
vn -0.00000000 -0.00000000 -1.00000000
vn 0.43910000 0.78300000 -0.44060000
vn 1.00000000 -0.00000000 -0.00000000
vn 0.43910000 0.78300000 -0.44060000
vn -0.00000000 -0.00000000 -1.00000000
vn 1.00000000 -0.00000000 -0.00000000
vn -0.00000000 -0.00000000 1.00000000
vn 0.43640000 0.78560000 0.43860000
vn 0.43640000 0.78560000 0.43860000
vn -0.00000000 -1.00000000 -0.00000000
vn -0.00000000 -0.00000000 1.00000000
vn 1.00000000 -0.00000000 -0.00000000
vn -0.00000000 -0.00000000 1.00000000
vn -0.00000000 -1.00000000 -0.00000000
vn -1.00000000 -0.00000000 -0.00000000
vn -0.00000000 -0.00000000 1.00000000
vn -0.43910000 0.78300000 0.44060000
vn -1.00000000 -0.00000000 -0.00000000
vn -0.43910000 0.78300000 0.44060000
vn -0.43640000 0.78560000 -0.43860000
vn -0.43640000 0.78560000 -0.43860000
vn -0.00000000 -0.00000000 -1.00000000
vn -1.00000000 -0.00000000 -0.00000000
vn -0.00000000 -1.00000000 -0.00000000
vn -0.00000000 -0.00000000 -1.00000000
vn -1.00000000 -0.00000000 -0.00000000
vn -0.49690000 0.86780000 -0.00240000
vn -0.49690000 0.86780000 -0.00240000
vn -0.48320000 0.87530000 0.02050000
vn -0.48320000 0.87530000 0.02050000
vn 0.49690000 0.86780000 0.00240000
vn 0.49690000 0.86780000 0.00240000
vn 0.48320000 0.87530000 -0.02050000
vn 0.48320000 0.87530000 -0.02050000
vn -0.33380000 0.87790000 -0.34330000
vn -0.33380000 0.87790000 -0.34330000
vn -0.33380000 0.87790000 -0.34330000
vn 0.31870000 0.89100000 -0.32330000
vn 0.31870000 0.89100000 -0.32330000
vn 0.31870000 0.89100000 -0.32330000
vn 0.33380000 0.87790000 0.34330000
vn 0.33380000 0.87790000 0.34330000
vn 0.33380000 0.87790000 0.34330000
vn -0.31870000 0.89100000 0.32330000
vn -0.31870000 0.89100000 0.32330000
vn -0.31870000 0.89100000 0.32330000
vn -0.00000000 -1.00000000 -0.00000000
vn -0.00000000 -1.00000000 -0.00000000
vn -0.00000000 -1.00000000 -0.00000000
vn -0.00000000 -1.00000000 -0.00000000
vn -0.07490000 0.99650000 -0.03770000
vn -0.08980000 0.99440000 0.05510000
vn 0.07490000 0.99650000 0.03770000
vn 0.08980000 0.99440000 -0.05510000
vn -0.00000000 -0.00000000 1.00000000
vn -0.00000000 -1.00000000 -0.00000000
vn -0.00000000 -0.00000000 1.00000000
vn -0.00000000 0.67940000 0.73370000
vn -0.00000000 -0.00000000 1.00000000
vn 0.00270000 0.67790000 0.73520000
vn -0.00000000 -1.00000000 -0.00000000
vn -0.00000000 -0.00000000 1.00000000
vn 1.00000000 -0.00000000 -0.00000000
vn -0.00000000 -1.00000000 -0.00000000
vn 0.75780000 0.65250000 -0.00000000
vn 1.00000000 -0.00000000 -0.00000000
vn 0.75700000 0.65340000 0.00160000
vn 1.00000000 -0.00000000 -0.00000000
vn -0.00000000 -1.00000000 -0.00000000
vn 1.00000000 -0.00000000 -0.00000000
vn -0.00000000 -0.00000000 -1.00000000
vn -0.00000000 -1.00000000 -0.00000000
vn -0.00000000 -0.00000000 -1.00000000
vn -0.00000000 0.67930000 -0.73390000
vn -0.00260000 0.67770000 -0.73530000
vn -0.00000000 -0.00000000 -1.00000000
vn -0.00000000 -0.00000000 -1.00000000
vn -0.00000000 -1.00000000 -0.00000000
vn -1.00000000 -0.00000000 -0.00000000
vn -0.00000000 -1.00000000 -0.00000000
vn -1.00000000 -0.00000000 -0.00000000
vn -0.75790000 0.65240000 -0.00000000
vn -1.00000000 -0.00000000 -0.00000000
vn -0.75710000 0.65330000 -0.00160000
vn -0.00000000 -1.00000000 -0.00000000
vn -1.00000000 -0.00000000 -0.00000000
vn 0.00280000 0.89200000 -0.45200000
vn 0.00280000 0.89200000 -0.45200000
vn 0.01220000 0.90030000 -0.43500000
vn 0.01220000 0.90030000 -0.43500000
vn -0.00280000 0.89210000 0.45190000
vn -0.00280000 0.89210000 0.45190000
vn -0.01220000 0.90040000 0.43500000
vn -0.01220000 0.90040000 0.43500000
vn -0.00000000 -0.00000000 -1.00000000
vn 1.00000000 -0.00000000 -0.00000000
vn -0.00000000 -1.00000000 -0.00000000
vn 0.43920000 0.78290000 -0.44070000
vn -0.00000000 -0.00000000 -1.00000000
vn 0.43920000 0.78290000 -0.44070000
vn 1.00000000 -0.00000000 -0.00000000
vn 0.43650000 0.78550000 0.43870000
vn -0.00000000 -0.00000000 1.00000000
vn 0.43650000 0.78550000 0.43870000
vn 1.00000000 -0.00000000 -0.00000000
vn -0.00000000 -0.00000000 1.00000000
vn -0.00000000 -1.00000000 -0.00000000
vn 1.00000000 -0.00000000 -0.00000000
vn -0.00000000 -0.00000000 1.00000000
vn -0.00000000 -1.00000000 -0.00000000
vn -1.00000000 -0.00000000 -0.00000000
vn -0.00000000 -0.00000000 1.00000000
vn -0.43920000 0.78280000 0.44080000
vn -1.00000000 -0.00000000 -0.00000000
vn -0.43920000 0.78280000 0.44080000
vn -1.00000000 -0.00000000 -0.00000000
vn -0.43650000 0.78550000 -0.43870000
vn -0.43650000 0.78550000 -0.43870000
vn -0.00000000 -0.00000000 -1.00000000
vn -1.00000000 -0.00000000 -0.00000000
vn -0.00000000 -1.00000000 -0.00000000
vn -0.00000000 -0.00000000 -1.00000000
vn -0.49700000 0.86770000 -0.00230000
vn -0.49700000 0.86770000 -0.00230000
vn -0.48330000 0.87520000 0.02050000
vn -0.48330000 0.87520000 0.02050000
vn 0.49690000 0.86780000 0.00230000
vn 0.49690000 0.86780000 0.00230000
vn 0.48320000 0.87520000 -0.02050000
vn 0.48320000 0.87520000 -0.02050000
vn -0.33400000 0.87780000 -0.34340000
vn -0.33400000 0.87780000 -0.34340000
vn -0.33400000 0.87780000 -0.34340000
vn 0.31880000 0.89100000 -0.32340000
vn 0.31880000 0.89100000 -0.32340000
vn 0.31880000 0.89100000 -0.32340000
vn 0.33390000 0.87790000 0.34340000
vn 0.33390000 0.87790000 0.34340000
vn 0.33390000 0.87790000 0.34340000
vn -0.31890000 0.89090000 0.32330000
vn -0.31890000 0.89090000 0.32330000
vn -0.31890000 0.89090000 0.32330000
vn -0.00000000 -1.00000000 -0.00000000
vn -0.00000000 -1.00000000 -0.00000000
vn -0.00000000 -1.00000000 -0.00000000
vn -0.00000000 -1.00000000 -0.00000000
vn -0.07490000 0.99650000 -0.03770000
vn -0.08980000 0.99440000 0.05510000
vn 0.07490000 0.99650000 0.03770000
vn 0.08980000 0.99440000 -0.05510000
vn -0.00000000 -1.00000000 -0.00000000
vn -0.00000000 -0.00000000 1.00000000
vn -0.00000000 -0.00000000 1.00000000
vn -0.00000000 0.67940000 0.73370000
vn -0.00000000 -0.00000000 1.00000000
vn 0.00270000 0.67790000 0.73520000
vn -0.00000000 -1.00000000 -0.00000000
vn -0.00000000 -0.00000000 1.00000000
vn -0.00000000 -1.00000000 -0.00000000
vn 1.00000000 -0.00000000 -0.00000000
vn 0.75780000 0.65250000 -0.00000000
vn 1.00000000 -0.00000000 -0.00000000
vn 1.00000000 -0.00000000 -0.00000000
vn 0.75700000 0.65340000 0.00160000
vn 1.00000000 -0.00000000 -0.00000000
vn -0.00000000 -1.00000000 -0.00000000
vn -0.00000000 -1.00000000 -0.00000000
vn -0.00000000 -0.00000000 -1.00000000
vn -0.00000000 -0.00000000 -1.00000000
vn -0.00000000 0.67930000 -0.73390000
vn -0.00000000 -0.00000000 -1.00000000
vn -0.00260000 0.67770000 -0.73530000
vn -0.00000000 -0.00000000 -1.00000000
vn -0.00000000 -1.00000000 -0.00000000
vn -1.00000000 -0.00000000 -0.00000000
vn -0.00000000 -1.00000000 -0.00000000
vn -0.75790000 0.65240000 -0.00000000
vn -1.00000000 -0.00000000 -0.00000000
vn -1.00000000 -0.00000000 -0.00000000
vn -0.75710000 0.65330000 -0.00160000
vn -1.00000000 -0.00000000 -0.00000000
vn -0.00000000 -1.00000000 -0.00000000
vn 0.00280000 0.89200000 -0.45200000
vn 0.00280000 0.89200000 -0.45200000
vn 0.01220000 0.90030000 -0.43500000
vn 0.01220000 0.90030000 -0.43500000
vn -0.00280000 0.89210000 0.45190000
vn -0.00280000 0.89210000 0.45190000
vn -0.01220000 0.90040000 0.43500000
vn -0.01220000 0.90040000 0.43500000
vn -0.00000000 -1.00000000 -0.00000000
vn -0.00000000 -0.00000000 -1.00000000
vn 1.00000000 -0.00000000 -0.00000000
vn -0.00000000 -0.00000000 -1.00000000
vn 1.00000000 -0.00000000 -0.00000000
vn 0.43920000 0.78290000 -0.44070000
vn 0.43920000 0.78290000 -0.44070000
vn 1.00000000 -0.00000000 -0.00000000
vn -0.00000000 -0.00000000 1.00000000
vn 0.43650000 0.78550000 0.43870000
vn 0.43650000 0.78550000 0.43870000
vn -0.00000000 -0.00000000 1.00000000
vn -0.00000000 -1.00000000 -0.00000000
vn 1.00000000 -0.00000000 -0.00000000
vn -0.00000000 -1.00000000 -0.00000000
vn -0.00000000 -0.00000000 1.00000000
vn -1.00000000 -0.00000000 -0.00000000
vn -0.43920000 0.78280000 0.44080000
vn -0.43920000 0.78280000 0.44080000
vn -0.00000000 -0.00000000 1.00000000
vn -1.00000000 -0.00000000 -0.00000000
vn -0.43650000 0.78550000 -0.43870000
vn -0.00000000 -0.00000000 -1.00000000
vn -1.00000000 -0.00000000 -0.00000000
vn -0.43650000 0.78550000 -0.43870000
vn -0.00000000 -0.00000000 -1.00000000
vn -1.00000000 -0.00000000 -0.00000000
vn -0.00000000 -1.00000000 -0.00000000
vn -0.49700000 0.86770000 -0.00230000
vn -0.49700000 0.86770000 -0.00230000
vn -0.48330000 0.87520000 0.02050000
vn -0.48330000 0.87520000 0.02050000
vn 0.49690000 0.86780000 0.00230000
vn 0.49690000 0.86780000 0.00230000
vn 0.48320000 0.87520000 -0.02050000
vn 0.48320000 0.87520000 -0.02050000
vn -0.33400000 0.87780000 -0.34340000
vn -0.33400000 0.87780000 -0.34340000
vn -0.33400000 0.87780000 -0.34340000
vn 0.31880000 0.89100000 -0.32340000
vn 0.31880000 0.89100000 -0.32340000
vn 0.31880000 0.89100000 -0.32340000
vn 0.33390000 0.87790000 0.34340000
vn 0.33390000 0.87790000 0.34340000
vn 0.33390000 0.87790000 0.34340000
vn -0.31890000 0.89090000 0.32330000
vn -0.31890000 0.89090000 0.32330000
vn -0.31890000 0.89090000 0.32330000
vn -0.00000000 -1.00000000 -0.00000000
vn -0.00000000 -1.00000000 -0.00000000
vn -0.00000000 -1.00000000 -0.00000000
vn -0.00000000 -1.00000000 -0.00000000
vn -0.07490000 0.99650000 -0.03770000
vn -0.08980000 0.99440000 0.05510000
vn 0.07490000 0.99650000 0.03770000
vn 0.08980000 0.99440000 -0.05510000
vn -0.00000000 -0.00000000 1.00000000
vn -0.00000000 -1.00000000 -0.00000000
vn -0.00000000 -0.00000000 1.00000000
vn -0.00000000 0.67940000 0.73370000
vn -0.00000000 -0.00000000 1.00000000
vn 0.00270000 0.67790000 0.73520000
vn -0.00000000 -0.00000000 1.00000000
vn -0.00000000 -1.00000000 -0.00000000
vn -0.00000000 -1.00000000 -0.00000000
vn 1.00000000 -0.00000000 -0.00000000
vn 0.75780000 0.65250000 -0.00000000
vn 1.00000000 -0.00000000 -0.00000000
vn 1.00000000 -0.00000000 -0.00000000
vn 0.75700000 0.65340000 0.00160000
vn -0.00000000 -1.00000000 -0.00000000
vn 1.00000000 -0.00000000 -0.00000000
vn -0.00000000 -1.00000000 -0.00000000
vn -0.00000000 -0.00000000 -1.00000000
vn -0.00000000 -0.00000000 -1.00000000
vn -0.00000000 0.67930000 -0.73390000
vn -0.00260000 0.67770000 -0.73530000
vn -0.00000000 -0.00000000 -1.00000000
vn -0.00000000 -1.00000000 -0.00000000
vn -0.00000000 -0.00000000 -1.00000000
vn -0.00000000 -1.00000000 -0.00000000
vn -1.00000000 -0.00000000 -0.00000000
vn -0.75780000 0.65250000 -0.00000000
vn -1.00000000 -0.00000000 -0.00000000
vn -1.00000000 -0.00000000 -0.00000000
vn -0.75700000 0.65340000 -0.00160000
vn -1.00000000 -0.00000000 -0.00000000
vn -0.00000000 -1.00000000 -0.00000000
vn 0.00280000 0.89200000 -0.45200000
vn 0.00280000 0.89200000 -0.45200000
vn 0.01220000 0.90030000 -0.43500000
vn 0.01220000 0.90030000 -0.43500000
vn -0.00280000 0.89210000 0.45190000
vn -0.00280000 0.89210000 0.45190000
vn -0.01220000 0.90040000 0.43500000
vn -0.01220000 0.90040000 0.43500000
vn -0.00000000 -0.00000000 -1.00000000
vn -0.00000000 -1.00000000 -0.00000000
vn 1.00000000 -0.00000000 -0.00000000
vn -0.00000000 -0.00000000 -1.00000000
vn 0.43920000 0.78290000 -0.44070000
vn 1.00000000 -0.00000000 -0.00000000
vn 0.43920000 0.78290000 -0.44070000
vn -0.00000000 -0.00000000 1.00000000
vn 0.43650000 0.78550000 0.43870000
vn 0.43650000 0.78550000 0.43870000
vn 1.00000000 -0.00000000 -0.00000000
vn 1.00000000 -0.00000000 -0.00000000
vn -0.00000000 -0.00000000 1.00000000
vn -0.00000000 -1.00000000 -0.00000000
vn -1.00000000 -0.00000000 -0.00000000
vn -0.00000000 -0.00000000 1.00000000
vn -0.00000000 -1.00000000 -0.00000000
vn -0.00000000 -0.00000000 1.00000000
vn -1.00000000 -0.00000000 -0.00000000
vn -0.43920000 0.78290000 0.44070000
vn -0.43920000 0.78290000 0.44070000
vn -0.00000000 -0.00000000 -1.00000000
vn -0.43650000 0.78550000 -0.43870000
vn -0.43650000 0.78550000 -0.43870000
vn -1.00000000 -0.00000000 -0.00000000
vn -0.00000000 -0.00000000 -1.00000000
vn -0.00000000 -1.00000000 -0.00000000
vn -1.00000000 -0.00000000 -0.00000000
vn -0.49690000 0.86780000 -0.00230000
vn -0.49690000 0.86780000 -0.00230000
vn -0.48320000 0.87520000 0.02050000
vn -0.48320000 0.87520000 0.02050000
vn 0.49690000 0.86780000 0.00230000
vn 0.49690000 0.86780000 0.00230000
vn 0.48320000 0.87520000 -0.02050000
vn 0.48320000 0.87520000 -0.02050000
vn -0.33390000 0.87790000 -0.34340000
vn -0.33390000 0.87790000 -0.34340000
vn -0.33390000 0.87790000 -0.34340000
vn 0.31880000 0.89100000 -0.32340000
vn 0.31880000 0.89100000 -0.32340000
vn 0.31880000 0.89100000 -0.32340000
vn 0.33390000 0.87790000 0.34340000
vn 0.33390000 0.87790000 0.34340000
vn 0.33390000 0.87790000 0.34340000
vn -0.31880000 0.89100000 0.32340000
vn -0.31880000 0.89100000 0.32340000
vn -0.31880000 0.89100000 0.32340000
vn -0.00000000 -1.00000000 -0.00000000
vn -0.00000000 -1.00000000 -0.00000000
vn -0.00000000 -1.00000000 -0.00000000
vn -0.00000000 -1.00000000 -0.00000000
vn -0.07490000 0.99650000 -0.03770000
vn -0.08980000 0.99440000 0.05510000
vn 0.07490000 0.99650000 0.03770000
vn 0.08980000 0.99440000 -0.05510000
vn -0.00000000 -1.00000000 -0.00000000
vn -0.00000000 -0.00000000 1.00000000
vn -0.00000000 0.67940000 0.73370000
vn -0.00000000 -0.00000000 1.00000000
vn -0.00000000 -0.00000000 1.00000000
vn 0.00270000 0.67790000 0.73520000
vn -0.00000000 -1.00000000 -0.00000000
vn -0.00000000 -0.00000000 1.00000000
vn -0.00000000 -1.00000000 -0.00000000
vn 1.00000000 -0.00000000 -0.00000000
vn 1.00000000 -0.00000000 -0.00000000
vn 0.75780000 0.65250000 -0.00000000
vn 1.00000000 -0.00000000 -0.00000000
vn 0.75700000 0.65340000 0.00160000
vn 1.00000000 -0.00000000 -0.00000000
vn -0.00000000 -1.00000000 -0.00000000
vn -0.00000000 -1.00000000 -0.00000000
vn -0.00000000 -0.00000000 -1.00000000
vn -0.00000000 0.67930000 -0.73390000
vn -0.00000000 -0.00000000 -1.00000000
vn -0.00000000 -0.00000000 -1.00000000
vn -0.00260000 0.67770000 -0.73530000
vn -0.00000000 -1.00000000 -0.00000000
vn -0.00000000 -0.00000000 -1.00000000
vn -0.00000000 -1.00000000 -0.00000000
vn -1.00000000 -0.00000000 -0.00000000
vn -1.00000000 -0.00000000 -0.00000000
vn -0.75780000 0.65250000 -0.00000000
vn -0.75700000 0.65340000 -0.00160000
vn -1.00000000 -0.00000000 -0.00000000
vn -1.00000000 -0.00000000 -0.00000000
vn -0.00000000 -1.00000000 -0.00000000
vn 0.00280000 0.89200000 -0.45200000
vn 0.00280000 0.89200000 -0.45200000
vn 0.01220000 0.90030000 -0.43500000
vn 0.01220000 0.90030000 -0.43500000
vn -0.00280000 0.89210000 0.45190000
vn -0.00280000 0.89210000 0.45190000
vn -0.01220000 0.90040000 0.43500000
vn -0.01220000 0.90040000 0.43500000
vn 1.00000000 -0.00000000 -0.00000000
vn -0.00000000 -1.00000000 -0.00000000
vn -0.00000000 -0.00000000 -1.00000000
vn 1.00000000 -0.00000000 -0.00000000
vn -0.00000000 -0.00000000 -1.00000000
vn 0.43920000 0.78290000 -0.44070000
vn 0.43920000 0.78290000 -0.44070000
vn 0.43650000 0.78550000 0.43870000
vn 1.00000000 -0.00000000 -0.00000000
vn 0.43650000 0.78550000 0.43870000
vn -0.00000000 -0.00000000 1.00000000
vn 1.00000000 -0.00000000 -0.00000000
vn -0.00000000 -1.00000000 -0.00000000
vn -0.00000000 -0.00000000 1.00000000
vn -1.00000000 -0.00000000 -0.00000000
vn -0.00000000 -0.00000000 1.00000000
vn -0.00000000 -1.00000000 -0.00000000
vn -0.00000000 -0.00000000 1.00000000
vn -0.43920000 0.78290000 0.44070000
vn -1.00000000 -0.00000000 -0.00000000
vn -0.43920000 0.78290000 0.44070000
vn -0.43650000 0.78550000 -0.43870000
vn -1.00000000 -0.00000000 -0.00000000
vn -0.43650000 0.78550000 -0.43870000
vn -0.00000000 -0.00000000 -1.00000000
vn -0.00000000 -0.00000000 -1.00000000
vn -0.00000000 -1.00000000 -0.00000000
vn -1.00000000 -0.00000000 -0.00000000
vn -0.49690000 0.86780000 -0.00230000
vn -0.49690000 0.86780000 -0.00230000
vn -0.48320000 0.87520000 0.02050000
vn -0.48320000 0.87520000 0.02050000
vn 0.49690000 0.86780000 0.00230000
vn 0.49690000 0.86780000 0.00230000
vn 0.48320000 0.87520000 -0.02050000
vn 0.48320000 0.87520000 -0.02050000
vn -0.33390000 0.87790000 -0.34340000
vn -0.33390000 0.87790000 -0.34340000
vn -0.33390000 0.87790000 -0.34340000
vn 0.31880000 0.89100000 -0.32340000
vn 0.31880000 0.89100000 -0.32340000
vn 0.31880000 0.89100000 -0.32340000
vn 0.33390000 0.87790000 0.34340000
vn 0.33390000 0.87790000 0.34340000
vn 0.33390000 0.87790000 0.34340000
vn -0.31880000 0.89100000 0.32340000
vn -0.31880000 0.89100000 0.32340000
vn -0.31880000 0.89100000 0.32340000
vn -0.00000000 -1.00000000 -0.00000000
vn -0.00000000 -1.00000000 -0.00000000
vn -0.00000000 -1.00000000 -0.00000000
vn -0.00000000 -1.00000000 -0.00000000
vn -0.07490000 0.99650000 -0.03770000
vn -0.08970000 0.99440000 0.05510000
vn 0.07490000 0.99650000 0.03770000
vn 0.08970000 0.99440000 -0.05510000
vn -0.00000000 -0.00000000 1.00000000
vn -0.00000000 -1.00000000 -0.00000000
vn -0.00000000 -0.00000000 1.00000000
vn -0.00000000 0.67960000 0.73360000
vn 0.00270000 0.67800000 0.73510000
vn -0.00000000 -0.00000000 1.00000000
vn -0.00000000 -0.00000000 1.00000000
vn -0.00000000 -1.00000000 -0.00000000
vn 1.00000000 -0.00000000 -0.00000000
vn -0.00000000 -1.00000000 -0.00000000
vn 1.00000000 -0.00000000 -0.00000000
vn 0.75780000 0.65250000 -0.00000000
vn 0.75700000 0.65340000 0.00170000
vn 1.00000000 -0.00000000 -0.00000000
vn -0.00000000 -1.00000000 -0.00000000
vn 1.00000000 -0.00000000 -0.00000000
vn -0.00000000 -1.00000000 -0.00000000
vn -0.00000000 -0.00000000 -1.00000000
vn -0.00000000 0.67940000 -0.73380000
vn -0.00000000 -0.00000000 -1.00000000
vn -0.00260000 0.67790000 -0.73520000
vn -0.00000000 -0.00000000 -1.00000000
vn -0.00000000 -1.00000000 -0.00000000
vn -0.00000000 -0.00000000 -1.00000000
vn -0.00000000 -1.00000000 -0.00000000
vn -1.00000000 -0.00000000 -0.00000000
vn -1.00000000 -0.00000000 -0.00000000
vn -0.75790000 0.65240000 -0.00000000
vn -1.00000000 -0.00000000 -0.00000000
vn -0.75710000 0.65330000 -0.00170000
vn -0.00000000 -1.00000000 -0.00000000
vn -1.00000000 -0.00000000 -0.00000000
vn 0.00280000 0.89210000 -0.45190000
vn 0.00280000 0.89210000 -0.45190000
vn 0.01220000 0.90040000 -0.43500000
vn 0.01220000 0.90040000 -0.43500000
vn -0.00280000 0.89210000 0.45180000
vn -0.00280000 0.89210000 0.45180000
vn -0.01220000 0.90040000 0.43490000
vn -0.01220000 0.90040000 0.43490000
vn -0.00000000 -0.00000000 -1.00000000
vn -0.00000000 -1.00000000 -0.00000000
vn 1.00000000 -0.00000000 -0.00000000
vn 0.43910000 0.78300000 -0.44060000
vn 0.43910000 0.78300000 -0.44060000
vn -0.00000000 -0.00000000 -1.00000000
vn 1.00000000 -0.00000000 -0.00000000
vn -0.00000000 -0.00000000 1.00000000
vn 0.43640000 0.78560000 0.43860000
vn 1.00000000 -0.00000000 -0.00000000
vn 0.43640000 0.78560000 0.43860000
vn 1.00000000 -0.00000000 -0.00000000
vn -0.00000000 -1.00000000 -0.00000000
vn -0.00000000 -0.00000000 1.00000000
vn -0.00000000 -1.00000000 -0.00000000
vn -1.00000000 -0.00000000 -0.00000000
vn -0.00000000 -0.00000000 1.00000000
vn -1.00000000 -0.00000000 -0.00000000
vn -0.00000000 -0.00000000 1.00000000
vn -0.43910000 0.78290000 0.44070000
vn -0.43910000 0.78290000 0.44070000
vn -0.43650000 0.78560000 -0.43860000
vn -0.43650000 0.78560000 -0.43860000
vn -1.00000000 -0.00000000 -0.00000000
vn -0.00000000 -0.00000000 -1.00000000
vn -0.00000000 -0.00000000 -1.00000000
vn -0.00000000 -1.00000000 -0.00000000
vn -1.00000000 -0.00000000 -0.00000000
vn -0.49700000 0.86780000 -0.00240000
vn -0.49700000 0.86780000 -0.00240000
vn -0.48330000 0.87520000 0.02050000
vn -0.48330000 0.87520000 0.02050000
vn 0.49690000 0.86780000 0.00240000
vn 0.49690000 0.86780000 0.00240000
vn 0.48320000 0.87530000 -0.02050000
vn 0.48320000 0.87530000 -0.02050000
vn -0.33390000 0.87790000 -0.34330000
vn -0.33390000 0.87790000 -0.34330000
vn -0.33390000 0.87790000 -0.34330000
vn 0.31870000 0.89100000 -0.32330000
vn 0.31870000 0.89100000 -0.32330000
vn 0.31870000 0.89100000 -0.32330000
vn 0.33380000 0.87790000 0.34330000
vn 0.33380000 0.87790000 0.34330000
vn 0.33380000 0.87790000 0.34330000
vn -0.31880000 0.89100000 0.32330000
vn -0.31880000 0.89100000 0.32330000
vn -0.31880000 0.89100000 0.32330000
vn -0.00000000 -1.00000000 -0.00000000
vn -0.00000000 -1.00000000 -0.00000000
vn -0.00000000 -1.00000000 -0.00000000
vn -0.00000000 -1.00000000 -0.00000000
vn -0.07490000 0.99650000 -0.03770000
vn -0.08970000 0.99440000 0.05510000
vn 0.07490000 0.99650000 0.03770000
vn 0.08970000 0.99440000 -0.05510000
vn -0.00000000 -1.00000000 -0.00000000
vn -0.00000000 -0.00000000 1.00000000
vn -0.00000000 -0.00000000 1.00000000
vn -0.00000000 0.67960000 0.73360000
vn -0.00000000 -0.00000000 1.00000000
vn 0.00270000 0.67800000 0.73510000
vn -0.00000000 -1.00000000 -0.00000000
vn -0.00000000 -0.00000000 1.00000000
vn -0.00000000 -1.00000000 -0.00000000
vn 1.00000000 -0.00000000 -0.00000000
vn 0.75780000 0.65250000 -0.00000000
vn 1.00000000 -0.00000000 -0.00000000
vn 1.00000000 -0.00000000 -0.00000000
vn 0.75700000 0.65340000 0.00170000
vn 1.00000000 -0.00000000 -0.00000000
vn -0.00000000 -1.00000000 -0.00000000
vn -0.00000000 -1.00000000 -0.00000000
vn -0.00000000 -0.00000000 -1.00000000
vn -0.00000000 -0.00000000 -1.00000000
vn -0.00000000 0.67940000 -0.73380000
vn -0.00000000 -0.00000000 -1.00000000
vn -0.00260000 0.67790000 -0.73520000
vn -0.00000000 -1.00000000 -0.00000000
vn -0.00000000 -0.00000000 -1.00000000
vn -1.00000000 -0.00000000 -0.00000000
vn -0.00000000 -1.00000000 -0.00000000
vn -1.00000000 -0.00000000 -0.00000000
vn -0.75790000 0.65240000 -0.00000000
vn -0.75710000 0.65330000 -0.00170000
vn -1.00000000 -0.00000000 -0.00000000
vn -1.00000000 -0.00000000 -0.00000000
vn -0.00000000 -1.00000000 -0.00000000
vn 0.00280000 0.89210000 -0.45190000
vn 0.00280000 0.89210000 -0.45190000
vn 0.01220000 0.90040000 -0.43500000
vn 0.01220000 0.90040000 -0.43500000
vn -0.00280000 0.89210000 0.45180000
vn -0.00280000 0.89210000 0.45180000
vn -0.01220000 0.90040000 0.43490000
vn -0.01220000 0.90040000 0.43490000
vn -0.00000000 -0.00000000 -1.00000000
vn 1.00000000 -0.00000000 -0.00000000
vn -0.00000000 -1.00000000 -0.00000000
vn 0.43910000 0.78300000 -0.44060000
vn -0.00000000 -0.00000000 -1.00000000
vn 1.00000000 -0.00000000 -0.00000000
vn 0.43910000 0.78300000 -0.44060000
vn 1.00000000 -0.00000000 -0.00000000
vn -0.00000000 -0.00000000 1.00000000
vn 0.43640000 0.78560000 0.43860000
vn 0.43640000 0.78560000 0.43860000
vn -0.00000000 -1.00000000 -0.00000000
vn 1.00000000 -0.00000000 -0.00000000
vn -0.00000000 -0.00000000 1.00000000
vn -0.00000000 -1.00000000 -0.00000000
vn -0.00000000 -0.00000000 1.00000000
vn -1.00000000 -0.00000000 -0.00000000
vn -0.00000000 -0.00000000 1.00000000
vn -0.43910000 0.78290000 0.44070000
vn -1.00000000 -0.00000000 -0.00000000
vn -0.43910000 0.78290000 0.44070000
vn -0.43650000 0.78560000 -0.43860000
vn -0.43650000 0.78560000 -0.43860000
vn -0.00000000 -0.00000000 -1.00000000
vn -1.00000000 -0.00000000 -0.00000000
vn -0.00000000 -1.00000000 -0.00000000
vn -1.00000000 -0.00000000 -0.00000000
vn -0.00000000 -0.00000000 -1.00000000
vn -0.49700000 0.86780000 -0.00240000
vn -0.49700000 0.86780000 -0.00240000
vn -0.48330000 0.87520000 0.02050000
vn -0.48330000 0.87520000 0.02050000
vn 0.49690000 0.86780000 0.00240000
vn 0.49690000 0.86780000 0.00240000
vn 0.48320000 0.87530000 -0.02050000
vn 0.48320000 0.87530000 -0.02050000
vn -0.33390000 0.87790000 -0.34330000
vn -0.33390000 0.87790000 -0.34330000
vn -0.33390000 0.87790000 -0.34330000
vn 0.31870000 0.89100000 -0.32330000
vn 0.31870000 0.89100000 -0.32330000
vn 0.31870000 0.89100000 -0.32330000
vn 0.33380000 0.87790000 0.34330000
vn 0.33380000 0.87790000 0.34330000
vn 0.33380000 0.87790000 0.34330000
vn -0.31880000 0.89100000 0.32330000
vn -0.31880000 0.89100000 0.32330000
vn -0.31880000 0.89100000 0.32330000
vn -0.00000000 -1.00000000 -0.00000000
vn -0.00000000 -1.00000000 -0.00000000
vn -0.00000000 -1.00000000 -0.00000000
vn -0.00000000 -1.00000000 -0.00000000
vn -0.07490000 0.99650000 -0.03770000
vn -0.08970000 0.99440000 0.05510000
vn 0.07490000 0.99650000 0.03770000
vn 0.08970000 0.99440000 -0.05510000
vn -0.00000000 -0.00000000 1.00000000
vn -0.00000000 -1.00000000 -0.00000000
vn -0.00000000 0.67960000 0.73360000
vn -0.00000000 -0.00000000 1.00000000
vn 0.00270000 0.67800000 0.73510000
vn -0.00000000 -0.00000000 1.00000000
vn -0.00000000 -0.00000000 1.00000000
vn -0.00000000 -1.00000000 -0.00000000
vn 1.00000000 -0.00000000 -0.00000000
vn -0.00000000 -1.00000000 -0.00000000
vn 1.00000000 -0.00000000 -0.00000000
vn 0.75780000 0.65250000 -0.00000000
vn 1.00000000 -0.00000000 -0.00000000
vn 0.75700000 0.65340000 0.00170000
vn -0.00000000 -1.00000000 -0.00000000
vn 1.00000000 -0.00000000 -0.00000000
vn -0.00000000 -0.00000000 -1.00000000
vn -0.00000000 -1.00000000 -0.00000000
vn -0.00000000 -0.00000000 -1.00000000
vn -0.00000000 0.67940000 -0.73380000
vn -0.00260000 0.67790000 -0.73520000
vn -0.00000000 -0.00000000 -1.00000000
vn -0.00000000 -1.00000000 -0.00000000
vn -0.00000000 -0.00000000 -1.00000000
vn -0.00000000 -1.00000000 -0.00000000
vn -1.00000000 -0.00000000 -0.00000000
vn -1.00000000 -0.00000000 -0.00000000
vn -0.75780000 0.65250000 -0.00000000
vn -0.75700000 0.65340000 -0.00170000
vn -1.00000000 -0.00000000 -0.00000000
vn -0.00000000 -1.00000000 -0.00000000
vn -1.00000000 -0.00000000 -0.00000000
vn 0.00280000 0.89210000 -0.45190000
vn 0.00280000 0.89210000 -0.45190000
vn 0.01220000 0.90040000 -0.43500000
vn 0.01220000 0.90040000 -0.43500000
vn -0.00280000 0.89210000 0.45180000
vn -0.00280000 0.89210000 0.45180000
vn -0.01220000 0.90040000 0.43490000
vn -0.01220000 0.90040000 0.43490000
vn -0.00000000 -1.00000000 -0.00000000
vn -0.00000000 -0.00000000 -1.00000000
vn 1.00000000 -0.00000000 -0.00000000
vn 0.43910000 0.78300000 -0.44060000
vn 1.00000000 -0.00000000 -0.00000000
vn 0.43910000 0.78300000 -0.44060000
vn -0.00000000 -0.00000000 -1.00000000
vn -0.00000000 -0.00000000 1.00000000
vn 1.00000000 -0.00000000 -0.00000000
vn 0.43640000 0.78560000 0.43860000
vn 0.43640000 0.78560000 0.43860000
vn -0.00000000 -0.00000000 1.00000000
vn -0.00000000 -1.00000000 -0.00000000
vn 1.00000000 -0.00000000 -0.00000000
vn -0.00000000 -0.00000000 1.00000000
vn -0.00000000 -1.00000000 -0.00000000
vn -1.00000000 -0.00000000 -0.00000000
vn -0.43910000 0.78300000 0.44060000
vn -0.43910000 0.78300000 0.44060000
vn -1.00000000 -0.00000000 -0.00000000
vn -0.00000000 -0.00000000 1.00000000
vn -0.43640000 0.78560000 -0.43860000
vn -0.43640000 0.78560000 -0.43860000
vn -1.00000000 -0.00000000 -0.00000000
vn -0.00000000 -0.00000000 -1.00000000
vn -0.00000000 -1.00000000 -0.00000000
vn -0.00000000 -0.00000000 -1.00000000
vn -1.00000000 -0.00000000 -0.00000000
vn -0.49690000 0.86780000 -0.00240000
vn -0.49690000 0.86780000 -0.00240000
vn -0.48320000 0.87530000 0.02050000
vn -0.48320000 0.87530000 0.02050000
vn 0.49690000 0.86780000 0.00240000
vn 0.49690000 0.86780000 0.00240000
vn 0.48320000 0.87530000 -0.02050000
vn 0.48320000 0.87530000 -0.02050000
vn -0.33380000 0.87790000 -0.34330000
vn -0.33380000 0.87790000 -0.34330000
vn -0.33380000 0.87790000 -0.34330000
vn 0.31870000 0.89100000 -0.32330000
vn 0.31870000 0.89100000 -0.32330000
vn 0.31870000 0.89100000 -0.32330000
vn 0.33380000 0.87790000 0.34330000
vn 0.33380000 0.87790000 0.34330000
vn 0.33380000 0.87790000 0.34330000
vn -0.31870000 0.89100000 0.32330000
vn -0.31870000 0.89100000 0.32330000
vn -0.31870000 0.89100000 0.32330000
vn -0.00000000 -1.00000000 -0.00000000
vn -0.00000000 -1.00000000 -0.00000000
vn -0.00000000 -1.00000000 -0.00000000
vn -0.00000000 -1.00000000 -0.00000000
vn -0.07490000 0.99650000 -0.03770000
vn -0.08970000 0.99440000 0.05510000
vn 0.07490000 0.99650000 0.03770000
vn 0.08970000 0.99440000 -0.05510000
vn -0.00000000 -0.00000000 1.00000000
vn -0.00000000 -1.00000000 -0.00000000
vn -0.00000000 -0.00000000 1.00000000
vn -0.00000000 0.67960000 0.73360000
vn 0.00270000 0.67800000 0.73510000
vn -0.00000000 -0.00000000 1.00000000
vn -0.00000000 -1.00000000 -0.00000000
vn -0.00000000 -0.00000000 1.00000000
vn 1.00000000 -0.00000000 -0.00000000
vn -0.00000000 -1.00000000 -0.00000000
vn 0.75780000 0.65250000 -0.00000000
vn 1.00000000 -0.00000000 -0.00000000
vn 1.00000000 -0.00000000 -0.00000000
vn 0.75700000 0.65340000 0.00170000
vn 1.00000000 -0.00000000 -0.00000000
vn -0.00000000 -1.00000000 -0.00000000
vn -0.00000000 -0.00000000 -1.00000000
vn -0.00000000 -1.00000000 -0.00000000
vn -0.00000000 0.67940000 -0.73380000
vn -0.00000000 -0.00000000 -1.00000000
vn -0.00260000 0.67790000 -0.73520000
vn -0.00000000 -0.00000000 -1.00000000
vn -0.00000000 -1.00000000 -0.00000000
vn -0.00000000 -0.00000000 -1.00000000
vn -0.00000000 -1.00000000 -0.00000000
vn -1.00000000 -0.00000000 -0.00000000
vn -1.00000000 -0.00000000 -0.00000000
vn -0.75780000 0.65250000 -0.00000000
vn -0.75700000 0.65340000 -0.00170000
vn -1.00000000 -0.00000000 -0.00000000
vn -0.00000000 -1.00000000 -0.00000000
vn -1.00000000 -0.00000000 -0.00000000
vn 0.00280000 0.89210000 -0.45190000
vn 0.00280000 0.89210000 -0.45190000
vn 0.01220000 0.90040000 -0.43500000
vn 0.01220000 0.90040000 -0.43500000
vn -0.00280000 0.89210000 0.45180000
vn -0.00280000 0.89210000 0.45180000
vn -0.01220000 0.90040000 0.43490000
vn -0.01220000 0.90040000 0.43490000
vn 1.00000000 -0.00000000 -0.00000000
vn -0.00000000 -0.00000000 -1.00000000
vn -0.00000000 -1.00000000 -0.00000000
vn 1.00000000 -0.00000000 -0.00000000
vn -0.00000000 -0.00000000 -1.00000000
vn 0.43910000 0.78300000 -0.44060000
vn 0.43910000 0.78300000 -0.44060000
vn 1.00000000 -0.00000000 -0.00000000
vn -0.00000000 -0.00000000 1.00000000
vn 0.43640000 0.78560000 0.43860000
vn 0.43640000 0.78560000 0.43860000
vn -0.00000000 -1.00000000 -0.00000000
vn 1.00000000 -0.00000000 -0.00000000
vn -0.00000000 -0.00000000 1.00000000
vn -0.00000000 -1.00000000 -0.00000000
vn -1.00000000 -0.00000000 -0.00000000
vn -0.00000000 -0.00000000 1.00000000
vn -0.43910000 0.78300000 0.44060000
vn -0.43910000 0.78300000 0.44060000
vn -1.00000000 -0.00000000 -0.00000000
vn -0.00000000 -0.00000000 1.00000000
vn -0.43640000 0.78560000 -0.43860000
vn -0.43640000 0.78560000 -0.43860000
vn -1.00000000 -0.00000000 -0.00000000
vn -0.00000000 -0.00000000 -1.00000000
vn -0.00000000 -0.00000000 -1.00000000
vn -1.00000000 -0.00000000 -0.00000000
vn -0.00000000 -1.00000000 -0.00000000
vn -0.49690000 0.86780000 -0.00240000
vn -0.49690000 0.86780000 -0.00240000
vn -0.48320000 0.87530000 0.02050000
vn -0.48320000 0.87530000 0.02050000
vn 0.49690000 0.86780000 0.00240000
vn 0.49690000 0.86780000 0.00240000
vn 0.48320000 0.87530000 -0.02050000
vn 0.48320000 0.87530000 -0.02050000
vn -0.33380000 0.87790000 -0.34330000
vn -0.33380000 0.87790000 -0.34330000
vn -0.33380000 0.87790000 -0.34330000
vn 0.31870000 0.89100000 -0.32330000
vn 0.31870000 0.89100000 -0.32330000
vn 0.31870000 0.89100000 -0.32330000
vn 0.33380000 0.87790000 0.34330000
vn 0.33380000 0.87790000 0.34330000
vn 0.33380000 0.87790000 0.34330000
vn -0.31870000 0.89100000 0.32330000
vn -0.31870000 0.89100000 0.32330000
vn -0.31870000 0.89100000 0.32330000
vn -0.00000000 -1.00000000 -0.00000000
vn -0.00000000 -1.00000000 -0.00000000
vn -0.00000000 -1.00000000 -0.00000000
vn -0.00000000 -1.00000000 -0.00000000
vn -0.07490000 0.99650000 -0.03770000
vn -0.08970000 0.99440000 0.05510000
vn 0.07490000 0.99650000 0.03770000
vn 0.08970000 0.99440000 -0.05510000
vn -0.00000000 -1.00000000 -0.00000000
vn -0.00000000 -0.00000000 1.00000000
vn -0.00000000 0.67960000 0.73360000
vn -0.00000000 -0.00000000 1.00000000
vn 0.00270000 0.67800000 0.73510000
vn -0.00000000 -0.00000000 1.00000000
vn -0.00000000 -1.00000000 -0.00000000
vn -0.00000000 -0.00000000 1.00000000
vn 1.00000000 -0.00000000 -0.00000000
vn -0.00000000 -1.00000000 -0.00000000
vn 1.00000000 -0.00000000 -0.00000000
vn 0.75780000 0.65250000 -0.00000000
vn 1.00000000 -0.00000000 -0.00000000
vn 0.75700000 0.65340000 0.00170000
vn 1.00000000 -0.00000000 -0.00000000
vn -0.00000000 -1.00000000 -0.00000000
vn -0.00000000 -0.00000000 -1.00000000
vn -0.00000000 -1.00000000 -0.00000000
vn -0.00000000 0.67940000 -0.73380000
vn -0.00000000 -0.00000000 -1.00000000
vn -0.00000000 -0.00000000 -1.00000000
vn -0.00260000 0.67790000 -0.73520000
vn -0.00000000 -0.00000000 -1.00000000
vn -0.00000000 -1.00000000 -0.00000000
vn -0.00000000 -1.00000000 -0.00000000
vn -1.00000000 -0.00000000 -0.00000000
vn -0.75780000 0.65250000 -0.00000000
vn -1.00000000 -0.00000000 -0.00000000
vn -0.75700000 0.65340000 -0.00170000
vn -1.00000000 -0.00000000 -0.00000000
vn -1.00000000 -0.00000000 -0.00000000
vn -0.00000000 -1.00000000 -0.00000000
vn 0.00280000 0.89210000 -0.45190000
vn 0.00280000 0.89210000 -0.45190000
vn 0.01220000 0.90040000 -0.43500000
vn 0.01220000 0.90040000 -0.43500000
vn -0.00280000 0.89210000 0.45180000
vn -0.00280000 0.89210000 0.45180000
vn -0.01220000 0.90040000 0.43490000
vn -0.01220000 0.90040000 0.43490000
vn -0.00000000 -1.00000000 -0.00000000
vn -0.00000000 -0.00000000 -1.00000000
vn 1.00000000 -0.00000000 -0.00000000
vn -0.00000000 -0.00000000 -1.00000000
vn 0.43910000 0.78300000 -0.44060000
vn 0.43910000 0.78300000 -0.44060000
vn 1.00000000 -0.00000000 -0.00000000
vn 1.00000000 -0.00000000 -0.00000000
vn 0.43640000 0.78560000 0.43860000
vn -0.00000000 -0.00000000 1.00000000
vn 0.43640000 0.78560000 0.43860000
vn 1.00000000 -0.00000000 -0.00000000
vn -0.00000000 -0.00000000 1.00000000
vn -0.00000000 -1.00000000 -0.00000000
vn -0.00000000 -0.00000000 1.00000000
vn -0.00000000 -1.00000000 -0.00000000
vn -1.00000000 -0.00000000 -0.00000000
vn -0.43910000 0.78300000 0.44060000
vn -0.43910000 0.78300000 0.44060000
vn -0.00000000 -0.00000000 1.00000000
vn -1.00000000 -0.00000000 -0.00000000
vn -0.43640000 0.78560000 -0.43860000
vn -0.43640000 0.78560000 -0.43860000
vn -1.00000000 -0.00000000 -0.00000000
vn -0.00000000 -0.00000000 -1.00000000
vn -0.00000000 -0.00000000 -1.00000000
vn -1.00000000 -0.00000000 -0.00000000
vn -0.00000000 -1.00000000 -0.00000000
vn -0.49690000 0.86780000 -0.00240000
vn -0.49690000 0.86780000 -0.00240000
vn -0.48320000 0.87530000 0.02050000
vn -0.48320000 0.87530000 0.02050000
vn 0.49690000 0.86780000 0.00240000
vn 0.49690000 0.86780000 0.00240000
vn 0.48320000 0.87530000 -0.02050000
vn 0.48320000 0.87530000 -0.02050000
vn -0.33380000 0.87790000 -0.34330000
vn -0.33380000 0.87790000 -0.34330000
vn -0.33380000 0.87790000 -0.34330000
vn 0.31870000 0.89100000 -0.32330000
vn 0.31870000 0.89100000 -0.32330000
vn 0.31870000 0.89100000 -0.32330000
vn 0.33380000 0.87790000 0.34330000
vn 0.33380000 0.87790000 0.34330000
vn 0.33380000 0.87790000 0.34330000
vn -0.31870000 0.89100000 0.32330000
vn -0.31870000 0.89100000 0.32330000
vn -0.31870000 0.89100000 0.32330000
vn -0.00000000 -1.00000000 -0.00000000
vn -0.00000000 -1.00000000 -0.00000000
vn -0.00000000 -1.00000000 -0.00000000
vn -0.00000000 -1.00000000 -0.00000000
vn -0.07490000 0.99650000 -0.03770000
vn -0.08970000 0.99440000 0.05510000
vn 0.07490000 0.99650000 0.03770000
vn 0.08970000 0.99440000 -0.05510000
vn -0.00000000 -0.00000000 1.00000000
vn -0.00000000 -1.00000000 -0.00000000
vn -0.00000000 -0.00000000 1.00000000
vn -0.00000000 0.67960000 0.73360000
vn -0.00000000 -0.00000000 1.00000000
vn 0.00270000 0.67800000 0.73510000
vn -0.00000000 -1.00000000 -0.00000000
vn -0.00000000 -0.00000000 1.00000000
vn 1.00000000 -0.00000000 -0.00000000
vn -0.00000000 -1.00000000 -0.00000000
vn 0.75780000 0.65250000 -0.00000000
vn 1.00000000 -0.00000000 -0.00000000
vn 0.75700000 0.65340000 0.00170000
vn 1.00000000 -0.00000000 -0.00000000
vn -0.00000000 -1.00000000 -0.00000000
vn 1.00000000 -0.00000000 -0.00000000
vn -0.00000000 -1.00000000 -0.00000000
vn -0.00000000 -0.00000000 -1.00000000
vn -0.00000000 -0.00000000 -1.00000000
vn -0.00000000 0.67940000 -0.73380000
vn -0.00260000 0.67790000 -0.73520000
vn -0.00000000 -0.00000000 -1.00000000
vn -0.00000000 -1.00000000 -0.00000000
vn -0.00000000 -0.00000000 -1.00000000
vn -1.00000000 -0.00000000 -0.00000000
vn -0.00000000 -1.00000000 -0.00000000
vn -0.75780000 0.65250000 -0.00000000
vn -1.00000000 -0.00000000 -0.00000000
vn -0.75700000 0.65340000 -0.00170000
vn -1.00000000 -0.00000000 -0.00000000
vn -1.00000000 -0.00000000 -0.00000000
vn -0.00000000 -1.00000000 -0.00000000
vn 0.00280000 0.89210000 -0.45190000
vn 0.00280000 0.89210000 -0.45190000
vn 0.01220000 0.90040000 -0.43500000
vn 0.01220000 0.90040000 -0.43500000
vn -0.00280000 0.89210000 0.45180000
vn -0.00280000 0.89210000 0.45180000
vn -0.01220000 0.90040000 0.43490000
vn -0.01220000 0.90040000 0.43490000
vn 1.00000000 -0.00000000 -0.00000000
vn -0.00000000 -0.00000000 -1.00000000
vn -0.00000000 -1.00000000 -0.00000000
vn 0.43910000 0.78300000 -0.44060000
vn 1.00000000 -0.00000000 -0.00000000
vn -0.00000000 -0.00000000 -1.00000000
vn 0.43910000 0.78300000 -0.44060000
vn 1.00000000 -0.00000000 -0.00000000
vn -0.00000000 -0.00000000 1.00000000
vn 0.43640000 0.78560000 0.43860000
vn 0.43640000 0.78560000 0.43860000
vn -0.00000000 -0.00000000 1.00000000
vn -0.00000000 -1.00000000 -0.00000000
vn 1.00000000 -0.00000000 -0.00000000
vn -0.00000000 -0.00000000 1.00000000
vn -0.00000000 -1.00000000 -0.00000000
vn -1.00000000 -0.00000000 -0.00000000
vn -1.00000000 -0.00000000 -0.00000000
vn -0.00000000 -0.00000000 1.00000000
vn -0.43910000 0.78300000 0.44060000
vn -0.43910000 0.78300000 0.44060000
vn -0.43640000 0.78560000 -0.43860000
vn -0.00000000 -0.00000000 -1.00000000
vn -1.00000000 -0.00000000 -0.00000000
vn -0.43640000 0.78560000 -0.43860000
vn -1.00000000 -0.00000000 -0.00000000
vn -0.00000000 -1.00000000 -0.00000000
vn -0.00000000 -0.00000000 -1.00000000
vn -0.49690000 0.86780000 -0.00240000
vn -0.49690000 0.86780000 -0.00240000
vn -0.48320000 0.87530000 0.02050000
vn -0.48320000 0.87530000 0.02050000
vn 0.49690000 0.86780000 0.00240000
vn 0.49690000 0.86780000 0.00240000
vn 0.48320000 0.87530000 -0.02050000
vn 0.48320000 0.87530000 -0.02050000
vn -0.33380000 0.87790000 -0.34330000
vn -0.33380000 0.87790000 -0.34330000
vn -0.33380000 0.87790000 -0.34330000
vn 0.31870000 0.89100000 -0.32330000
vn 0.31870000 0.89100000 -0.32330000
vn 0.31870000 0.89100000 -0.32330000
vn 0.33380000 0.87790000 0.34330000
vn 0.33380000 0.87790000 0.34330000
vn 0.33380000 0.87790000 0.34330000
vn -0.31870000 0.89100000 0.32330000
vn -0.31870000 0.89100000 0.32330000
vn -0.31870000 0.89100000 0.32330000
vn -0.00000000 -1.00000000 -0.00000000
vn -0.00000000 -1.00000000 -0.00000000
vn -0.00000000 -1.00000000 -0.00000000
vn -0.00000000 -1.00000000 -0.00000000
vn -0.07490000 0.99650000 -0.03770000
vn -0.08970000 0.99440000 0.05510000
vn 0.07490000 0.99650000 0.03770000
vn 0.08970000 0.99440000 -0.05510000
vn -0.00000000 -0.00000000 1.00000000
vn -0.00000000 -1.00000000 -0.00000000
vn -0.00000000 -0.00000000 1.00000000
vn -0.00000000 0.67960000 0.73360000
vn -0.00000000 -0.00000000 1.00000000
vn 0.00270000 0.67800000 0.73510000
vn -0.00000000 -1.00000000 -0.00000000
vn -0.00000000 -0.00000000 1.00000000
vn -0.00000000 -1.00000000 -0.00000000
vn 1.00000000 -0.00000000 -0.00000000
vn 1.00000000 -0.00000000 -0.00000000
vn 0.75780000 0.65250000 -0.00000000
vn 0.75700000 0.65340000 0.00170000
vn 1.00000000 -0.00000000 -0.00000000
vn 1.00000000 -0.00000000 -0.00000000
vn -0.00000000 -1.00000000 -0.00000000
vn -0.00000000 -1.00000000 -0.00000000
vn -0.00000000 -0.00000000 -1.00000000
vn -0.00000000 0.67940000 -0.73380000
vn -0.00000000 -0.00000000 -1.00000000
vn -0.00000000 -0.00000000 -1.00000000
vn -0.00260000 0.67790000 -0.73520000
vn -0.00000000 -0.00000000 -1.00000000
vn -0.00000000 -1.00000000 -0.00000000
vn -1.00000000 -0.00000000 -0.00000000
vn -0.00000000 -1.00000000 -0.00000000
vn -1.00000000 -0.00000000 -0.00000000
vn -0.75790000 0.65240000 -0.00000000
vn -0.75710000 0.65330000 -0.00170000
vn -1.00000000 -0.00000000 -0.00000000
vn -1.00000000 -0.00000000 -0.00000000
vn -0.00000000 -1.00000000 -0.00000000
vn 0.00280000 0.89210000 -0.45190000
vn 0.00280000 0.89210000 -0.45190000
vn 0.01220000 0.90040000 -0.43500000
vn 0.01220000 0.90040000 -0.43500000
vn -0.00280000 0.89210000 0.45180000
vn -0.00280000 0.89210000 0.45180000
vn -0.01220000 0.90040000 0.43490000
vn -0.01220000 0.90040000 0.43490000
vn -0.00000000 -0.00000000 -1.00000000
vn -0.00000000 -1.00000000 -0.00000000
vn 1.00000000 -0.00000000 -0.00000000
vn 0.43910000 0.78300000 -0.44060000
vn 0.43910000 0.78300000 -0.44060000
vn 1.00000000 -0.00000000 -0.00000000
vn -0.00000000 -0.00000000 -1.00000000
vn 0.43640000 0.78560000 0.43860000
vn 0.43640000 0.78560000 0.43860000
vn -0.00000000 -0.00000000 1.00000000
vn 1.00000000 -0.00000000 -0.00000000
vn -0.00000000 -1.00000000 -0.00000000
vn 1.00000000 -0.00000000 -0.00000000
vn -0.00000000 -0.00000000 1.00000000
vn -0.00000000 -0.00000000 1.00000000
vn -1.00000000 -0.00000000 -0.00000000
vn -0.00000000 -1.00000000 -0.00000000
vn -1.00000000 -0.00000000 -0.00000000
vn -0.00000000 -0.00000000 1.00000000
vn -0.43910000 0.78290000 0.44070000
vn -0.43910000 0.78290000 0.44070000
vn -1.00000000 -0.00000000 -0.00000000
vn -0.43650000 0.78560000 -0.43860000
vn -0.43650000 0.78560000 -0.43860000
vn -0.00000000 -0.00000000 -1.00000000
vn -0.00000000 -1.00000000 -0.00000000
vn -1.00000000 -0.00000000 -0.00000000
vn -0.00000000 -0.00000000 -1.00000000
vn -0.49700000 0.86780000 -0.00240000
vn -0.49700000 0.86780000 -0.00240000
vn -0.48330000 0.87520000 0.02050000
vn -0.48330000 0.87520000 0.02050000
vn 0.49690000 0.86780000 0.00240000
vn 0.49690000 0.86780000 0.00240000
vn 0.48320000 0.87530000 -0.02050000
vn 0.48320000 0.87530000 -0.02050000
vn -0.33390000 0.87790000 -0.34330000
vn -0.33390000 0.87790000 -0.34330000
vn -0.33390000 0.87790000 -0.34330000
vn 0.31870000 0.89100000 -0.32330000
vn 0.31870000 0.89100000 -0.32330000
vn 0.31870000 0.89100000 -0.32330000
vn 0.33380000 0.87790000 0.34330000
vn 0.33380000 0.87790000 0.34330000
vn 0.33380000 0.87790000 0.34330000
vn -0.31880000 0.89100000 0.32330000
vn -0.31880000 0.89100000 0.32330000
vn -0.31880000 0.89100000 0.32330000
vn -0.00000000 -1.00000000 -0.00000000
vn -0.00000000 -1.00000000 -0.00000000
vn -0.00000000 -1.00000000 -0.00000000
vn -0.00000000 -1.00000000 -0.00000000
vn -0.07490000 0.99650000 -0.03770000
vn -0.08970000 0.99440000 0.05510000
vn 0.07490000 0.99650000 0.03770000
vn 0.08970000 0.99440000 -0.05510000
vn -0.00000000 -0.00000000 1.00000000
vn -0.00000000 -1.00000000 -0.00000000
vn -0.00000000 -0.00000000 1.00000000
vn -0.00000000 0.67960000 0.73360000
vn 0.00270000 0.67800000 0.73510000
vn -0.00000000 -0.00000000 1.00000000
vn -0.00000000 -1.00000000 -0.00000000
vn -0.00000000 -0.00000000 1.00000000
vn 1.00000000 -0.00000000 -0.00000000
vn -0.00000000 -1.00000000 -0.00000000
vn 1.00000000 -0.00000000 -0.00000000
vn 0.75780000 0.65250000 -0.00000000
vn 1.00000000 -0.00000000 -0.00000000
vn 0.75700000 0.65340000 0.00170000
vn 1.00000000 -0.00000000 -0.00000000
vn -0.00000000 -1.00000000 -0.00000000
vn -0.00000000 -1.00000000 -0.00000000
vn -0.00000000 -0.00000000 -1.00000000
vn -0.00000000 0.67940000 -0.73380000
vn -0.00000000 -0.00000000 -1.00000000
vn -0.00260000 0.67790000 -0.73520000
vn -0.00000000 -0.00000000 -1.00000000
vn -0.00000000 -1.00000000 -0.00000000
vn -0.00000000 -0.00000000 -1.00000000
vn -1.00000000 -0.00000000 -0.00000000
vn -0.00000000 -1.00000000 -0.00000000
vn -1.00000000 -0.00000000 -0.00000000
vn -0.75790000 0.65240000 -0.00000000
vn -1.00000000 -0.00000000 -0.00000000
vn -0.75710000 0.65330000 -0.00170000
vn -1.00000000 -0.00000000 -0.00000000
vn -0.00000000 -1.00000000 -0.00000000
vn 0.00280000 0.89210000 -0.45190000
vn 0.00280000 0.89210000 -0.45190000
vn 0.01220000 0.90040000 -0.43500000
vn 0.01220000 0.90040000 -0.43500000
vn -0.00280000 0.89210000 0.45180000
vn -0.00280000 0.89210000 0.45180000
vn -0.01220000 0.90040000 0.43490000
vn -0.01220000 0.90040000 0.43490000
vn 1.00000000 -0.00000000 -0.00000000
vn -0.00000000 -0.00000000 -1.00000000
vn -0.00000000 -1.00000000 -0.00000000
vn 0.43910000 0.78300000 -0.44060000
vn -0.00000000 -0.00000000 -1.00000000
vn 1.00000000 -0.00000000 -0.00000000
vn 0.43910000 0.78300000 -0.44060000
vn -0.00000000 -0.00000000 1.00000000
vn 0.43640000 0.78560000 0.43860000
vn 0.43640000 0.78560000 0.43860000
vn 1.00000000 -0.00000000 -0.00000000
vn -0.00000000 -0.00000000 1.00000000
vn 1.00000000 -0.00000000 -0.00000000
vn -0.00000000 -1.00000000 -0.00000000
vn -0.00000000 -1.00000000 -0.00000000
vn -0.00000000 -0.00000000 1.00000000
vn -1.00000000 -0.00000000 -0.00000000
vn -0.43910000 0.78290000 0.44070000
vn -0.43910000 0.78290000 0.44070000
vn -0.00000000 -0.00000000 1.00000000
vn -1.00000000 -0.00000000 -0.00000000
vn -0.43650000 0.78560000 -0.43860000
vn -1.00000000 -0.00000000 -0.00000000
vn -0.43650000 0.78560000 -0.43860000
vn -0.00000000 -0.00000000 -1.00000000
vn -0.00000000 -0.00000000 -1.00000000
vn -1.00000000 -0.00000000 -0.00000000
vn -0.00000000 -1.00000000 -0.00000000
vn -0.49700000 0.86780000 -0.00240000
vn -0.49700000 0.86780000 -0.00240000
vn -0.48330000 0.87520000 0.02050000
vn -0.48330000 0.87520000 0.02050000
vn 0.49690000 0.86780000 0.00240000
vn 0.49690000 0.86780000 0.00240000
vn 0.48320000 0.87530000 -0.02050000
vn 0.48320000 0.87530000 -0.02050000
vn -0.33390000 0.87790000 -0.34330000
vn -0.33390000 0.87790000 -0.34330000
vn -0.33390000 0.87790000 -0.34330000
vn 0.31870000 0.89100000 -0.32330000
vn 0.31870000 0.89100000 -0.32330000
vn 0.31870000 0.89100000 -0.32330000
vn 0.33380000 0.87790000 0.34330000
vn 0.33380000 0.87790000 0.34330000
vn 0.33380000 0.87790000 0.34330000
vn -0.31880000 0.89100000 0.32330000
vn -0.31880000 0.89100000 0.32330000
vn -0.31880000 0.89100000 0.32330000
vt 0.61820000 0.66870000
vt 0.68070000 0.23900000
vt 0.08870000 0.67490000
vt 0.61820000 0.74140000
vt 0.08870000 0.26870000
vt 0.08870000 0.92180000
vt 0.63370000 0.74140000
vt 0.08870000 0.67490000
vt 0.57410000 0.74140000
vt 0.57410000 0.66870000
vt 0.63650000 0.23900000
vt 0.63370000 0.66870000
vt 0.61820000 0.81400000
vt 0.00200000 0.67490000
vt 0.68070000 0.22350000
vt 0.57410000 0.81400000
vt 0.61820000 0.66870000
vt 0.63650000 0.22350000
vt 0.61820000 0.74140000
vt 0.00200000 0.67490000
vt 0.57410000 0.74140000
vt 0.00200000 0.92180000
vt 0.00200000 0.26870000
vt 0.61820000 0.74140000
vt 0.13850000 0.00200000
vt 0.13850000 0.09090000
vt 0.00200000 0.09090000
vt 0.00200000 0.00200000
vt 0.13850000 0.17980000
vt 0.00200000 0.17980000
vt 0.13850000 0.26870000
vt 0.00200000 0.26870000
vt 0.27510000 0.00200000
vt 0.27510000 0.09090000
vt 0.27510000 0.17980000
vt 0.27510000 0.26870000
vt 0.43310000 0.22850000
vt 0.44940000 0.22850000
vt 0.44940000 0.23850000
vt 0.43310000 0.23850000
vt 0.50520000 0.51300000
vt 0.50520000 0.60490000
vt 0.44900000 0.60490000
vt 0.44900000 0.51300000
vt 0.45890000 0.22850000
vt 0.75400000 0.71970000
vt 0.64250000 0.71970000
vt 0.56620000 0.86070000
vt 0.64250000 0.66380000
vt 0.56600000 0.80480000
vt 0.45890000 0.23850000
vt 0.75400000 0.66380000
vt 0.43310000 0.22270000
vt 0.65480000 0.22180000
vt 0.96130000 0.14670000
vt 0.65480000 0.20190000
vt 0.96140000 0.05510000
vt 0.67120000 0.20190000
vt 0.44940000 0.22270000
vt 0.67120000 0.22180000
vt 0.42360000 0.23850000
vt 0.43100000 0.97550000
vt 0.43100000 0.95550000
vt 0.57670000 0.54210000
vt 0.57660000 0.48610000
vt 0.44100000 0.95550000
vt 0.44100000 0.97550000
vt 0.42360000 0.22850000
vt 0.44940000 0.24430000
vt 0.29160000 0.24260000
vt 0.54500000 0.79610000
vt 0.29160000 0.22270000
vt 0.30800000 0.22270000
vt 0.54510000 0.70460000
vt 0.43310000 0.24430000
vt 0.30800000 0.24260000
vt 0.50520000 0.46650000
vt 0.56670000 0.54210000
vt 0.44900000 0.46650000
vt 0.56650000 0.48620000
vt 0.44900000 0.65140000
vt 0.55620000 0.86070000
vt 0.50520000 0.65140000
vt 0.55600000 0.80480000
vt 0.64530000 0.22180000
vt 0.44680000 0.97550000
vt 0.42360000 0.22270000
vt 0.57650000 0.45370000
vt 0.64530000 0.20190000
vt 0.44680000 0.95550000
vt 0.96120000 0.19980000
vt 0.68070000 0.20190000
vt 0.64250000 0.75220000
vt 0.56630000 0.89320000
vt 0.96150000 0.00200000
vt 0.68070000 0.22180000
vt 0.75400000 0.75220000
vt 0.45890000 0.22270000
vt 0.45890000 0.24430000
vt 0.75400000 0.63130000
vt 0.28210000 0.24260000
vt 0.56590000 0.77230000
vt 0.54490000 0.84920000
vt 0.28210000 0.22270000
vt 0.64250000 0.63130000
vt 0.54520000 0.65150000
vt 0.42520000 0.95550000
vt 0.57680000 0.57460000
vt 0.31750000 0.22270000
vt 0.31750000 0.24260000
vt 0.42520000 0.97550000
vt 0.42360000 0.24430000
vt 0.53100000 0.51300000
vt 0.53480000 0.70450000
vt 0.53100000 0.60490000
vt 0.53470000 0.79610000
vt 0.42320000 0.60490000
vt 0.95110000 0.05510000
vt 0.95100000 0.14660000
vt 0.42320000 0.51300000
vt 0.56660000 0.56780000
vt 0.53510000 0.65820000
vt 0.53100000 0.46650000
vt 0.95100000 0.19300000
vt 0.56630000 0.46050000
vt 0.42320000 0.46650000
vt 0.95130000 0.00880000
vt 0.55610000 0.88640000
vt 0.42320000 0.65140000
vt 0.55580000 0.77910000
vt 0.53100000 0.65140000
vt 0.53480000 0.84240000
vt 0.90240000 0.22930000
vt 0.91880000 0.22930000
vt 0.91880000 0.23930000
vt 0.90240000 0.23930000
vt 0.39370000 0.71080000
vt 0.39370000 0.80270000
vt 0.33750000 0.80270000
vt 0.33750000 0.71080000
vt 0.92830000 0.22930000
vt 0.51210000 0.93550000
vt 0.51210000 0.91560000
vt 0.55560000 0.93760000
vt 0.52210000 0.91560000
vt 0.55550000 0.88170000
vt 0.92830000 0.23930000
vt 0.52210000 0.93550000
vt 0.76090000 0.26510000
vt 0.90240000 0.22350000
vt 0.76090000 0.24510000
vt 0.97180000 0.14670000
vt 0.77730000 0.24510000
vt 0.97200000 0.05510000
vt 0.77730000 0.26510000
vt 0.91880000 0.22350000
vt 0.97700000 0.96140000
vt 0.89290000 0.23930000
vt 0.86550000 0.96140000
vt 0.98740000 0.96140000
vt 0.86550000 0.90550000
vt 0.98730000 0.90550000
vt 0.89290000 0.22930000
vt 0.97700000 0.90550000
vt 0.91880000 0.24510000
vt 0.72560000 0.26510000
vt 0.95070000 0.14670000
vt 0.72560000 0.24510000
vt 0.74190000 0.24510000
vt 0.95090000 0.05510000
vt 0.90240000 0.24510000
vt 0.74190000 0.26510000
vt 0.97740000 0.96150000
vt 0.39370000 0.66430000
vt 0.97730000 0.90550000
vt 0.33750000 0.66430000
vt 0.33750000 0.84920000
vt 0.54560000 0.93760000
vt 0.54550000 0.88170000
vt 0.39370000 0.84920000
vt 0.89290000 0.22350000
vt 0.97700000 0.87300000
vt 0.75140000 0.26510000
vt 0.98720000 0.87300000
vt 0.97170000 0.19980000
vt 0.86550000 0.87300000
vt 0.75140000 0.24510000
vt 0.78680000 0.24510000
vt 0.55570000 0.97010000
vt 0.97200000 0.00200000
vt 0.50630000 0.91560000
vt 0.78680000 0.26510000
vt 0.50630000 0.93550000
vt 0.92830000 0.22350000
vt 0.71610000 0.26510000
vt 0.92830000 0.24510000
vt 0.52790000 0.93550000
vt 0.55540000 0.84920000
vt 0.95060000 0.19980000
vt 0.52790000 0.91560000
vt 0.71610000 0.24510000
vt 0.86550000 0.99390000
vt 0.95100000 0.00200000
vt 0.98750000 0.99390000
vt 0.75140000 0.24510000
vt 0.89290000 0.24510000
vt 0.75140000 0.26510000
vt 0.97700000 0.99390000
vt 0.94060000 0.05510000
vt 0.41950000 0.71080000
vt 0.94040000 0.14660000
vt 0.41950000 0.80270000
vt 0.96160000 0.05510000
vt 0.31170000 0.80270000
vt 0.96150000 0.14660000
vt 0.31170000 0.71080000
vt 0.97730000 0.98720000
vt 0.94080000 0.00880000
vt 0.41950000 0.66420000
vt 0.96160000 0.19300000
vt 0.31170000 0.66420000
vt 0.97700000 0.87980000
vt 0.31170000 0.84920000
vt 0.96190000 0.00880000
vt 0.54550000 0.96330000
vt 0.94050000 0.19300000
vt 0.41950000 0.84920000
vt 0.54520000 0.85600000
vt 0.53920000 0.22850000
vt 0.55560000 0.22850000
vt 0.55560000 0.23850000
vt 0.53920000 0.23850000
vt 0.91460000 0.04850000
vt 0.91460000 0.14040000
vt 0.85840000 0.14040000
vt 0.85840000 0.04850000
vt 0.94250000 0.53000000
vt 0.56510000 0.22850000
vt 0.56620000 0.73990000
vt 0.94250000 0.51180000
vt 0.95250000 0.51180000
vt 0.56600000 0.68390000
vt 0.56510000 0.23850000
vt 0.95250000 0.53000000
vt 0.90240000 0.26510000
vt 0.53920000 0.22270000
vt 0.56610000 0.59830000
vt 0.90240000 0.24510000
vt 0.56620000 0.50680000
vt 0.91880000 0.24510000
vt 0.91880000 0.26510000
vt 0.55560000 0.22270000
vt 0.52970000 0.23850000
vt 0.97700000 0.71970000
vt 0.54510000 0.93760000
vt 0.86550000 0.71970000
vt 0.54490000 0.88170000
vt 0.86550000 0.66380000
vt 0.52970000 0.22850000
vt 0.97700000 0.66380000
vt 0.42320000 0.41340000
vt 0.55560000 0.24430000
vt 0.55550000 0.59830000
vt 0.31170000 0.41340000
vt 0.55570000 0.50680000
vt 0.31170000 0.32180000
vt 0.42320000 0.32180000
vt 0.53920000 0.24430000
vt 0.53510000 0.93760000
vt 0.91460000 0.00200000
vt 0.85840000 0.00200000
vt 0.53490000 0.88170000
vt 0.55620000 0.73990000
vt 0.85840000 0.18690000
vt 0.91460000 0.18690000
vt 0.55600000 0.68390000
vt 0.97700000 0.63130000
vt 0.52970000 0.22270000
vt 0.89290000 0.26510000
vt 0.86550000 0.63130000
vt 0.89290000 0.24510000
vt 0.54480000 0.84920000
vt 0.56600000 0.65150000
vt 0.92830000 0.24510000
vt 0.93670000 0.51180000
vt 0.56630000 0.77230000
vt 0.56630000 0.45370000
vt 0.56510000 0.22270000
vt 0.93670000 0.53000000
vt 0.92830000 0.26510000
vt 0.56510000 0.24430000
vt 0.42320000 0.46650000
vt 0.95840000 0.53000000
vt 0.31170000 0.46650000
vt 0.56590000 0.65150000
vt 0.55550000 0.65150000
vt 0.95840000 0.51180000
vt 0.55580000 0.45370000
vt 0.54520000 0.97010000
vt 0.86550000 0.75220000
vt 0.31170000 0.26870000
vt 0.52970000 0.24430000
vt 0.42320000 0.26870000
vt 0.97700000 0.75220000
vt 0.54540000 0.50680000
vt 0.94040000 0.04850000
vt 0.94040000 0.14040000
vt 0.54520000 0.59830000
vt 0.83260000 0.14040000
vt 0.55590000 0.50680000
vt 0.83260000 0.04850000
vt 0.55580000 0.59830000
vt 0.53500000 0.96330000
vt 0.94040000 0.00200000
vt 0.54560000 0.46050000
vt 0.83260000 0.00200000
vt 0.53470000 0.85600000
vt 0.55590000 0.64470000
vt 0.55610000 0.46050000
vt 0.83260000 0.18700000
vt 0.55610000 0.76560000
vt 0.55580000 0.65820000
vt 0.54530000 0.64470000
vt 0.94040000 0.18700000
vt 0.86710000 0.20770000
vt 0.88340000 0.20770000
vt 0.88340000 0.21770000
vt 0.86710000 0.21770000
vt 0.61670000 0.31530000
vt 0.61670000 0.40720000
vt 0.56050000 0.40720000
vt 0.56050000 0.31530000
vt 0.89290000 0.20770000
vt 0.75400000 0.59890000
vt 0.64250000 0.59890000
vt 0.99790000 0.96140000
vt 0.64250000 0.54290000
vt 0.99780000 0.90550000
vt 0.89290000 0.21770000
vt 0.75400000 0.54290000
vt 0.86710000 0.20190000
vt 0.61950000 0.63920000
vt 0.63950000 0.63920000
vt 0.54500000 0.59830000
vt 0.54510000 0.50680000
vt 0.63950000 0.65560000
vt 0.61950000 0.65560000
vt 0.88340000 0.20190000
vt 0.61250000 0.26510000
vt 0.85760000 0.21770000
vt 0.61250000 0.24510000
vt 0.98240000 0.09040000
vt 0.62250000 0.24510000
vt 0.98230000 0.03450000
vt 0.62250000 0.26510000
vt 0.85760000 0.20770000
vt 0.88340000 0.22350000
vt 0.31170000 0.61110000
vt 0.20020000 0.61110000
vt 0.55550000 0.79610000
vt 0.20020000 0.51960000
vt 0.55570000 0.70460000
vt 0.31170000 0.51960000
vt 0.86710000 0.22350000
vt 0.61670000 0.26880000
vt 0.97240000 0.09040000
vt 0.56050000 0.26880000
vt 0.97230000 0.03450000
vt 0.56050000 0.45370000
vt 0.98790000 0.96150000
vt 0.98770000 0.90550000
vt 0.61670000 0.45370000
vt 0.62830000 0.26510000
vt 0.61950000 0.62970000
vt 0.85760000 0.20190000
vt 0.54490000 0.65150000
vt 0.62830000 0.24510000
vt 0.63950000 0.62970000
vt 0.98220000 0.00200000
vt 0.64250000 0.63130000
vt 0.63950000 0.66510000
vt 0.54520000 0.45370000
vt 0.99800000 0.99390000
vt 0.75400000 0.63130000
vt 0.61950000 0.66510000
vt 0.89290000 0.20190000
vt 0.31170000 0.66420000
vt 0.89290000 0.22350000
vt 0.75400000 0.51050000
vt 0.99770000 0.87300000
vt 0.55550000 0.84920000
vt 0.20020000 0.66420000
vt 0.64250000 0.51050000
vt 0.20020000 0.46650000
vt 0.60670000 0.24510000
vt 0.55580000 0.65150000
vt 0.98250000 0.12290000
vt 0.60670000 0.26510000
vt 0.85760000 0.22350000
vt 0.31170000 0.46650000
vt 0.64250000 0.31530000
vt 0.54540000 0.70450000
vt 0.64250000 0.40720000
vt 0.54520000 0.79610000
vt 0.53470000 0.40720000
vt 0.53480000 0.50680000
vt 0.53470000 0.31530000
vt 0.53470000 0.59830000
vt 0.64250000 0.26870000
vt 0.97230000 0.11610000
vt 0.54560000 0.65820000
vt 0.97200000 0.00880000
vt 0.53470000 0.26870000
vt 0.53480000 0.64470000
vt 0.53510000 0.46050000
vt 0.53470000 0.45370000
vt 0.98780000 0.98720000
vt 0.54530000 0.84240000
vt 0.64250000 0.45370000
vt 0.98750000 0.87980000
vt 0.60150000 0.91070000
vt 0.60150000 0.89430000
vt 0.61150000 0.89430000
vt 0.61150000 0.91070000
vt 0.96670000 0.60600000
vt 0.95030000 0.60600000
vt 0.95030000 0.59590000
vt 0.96670000 0.59590000
vt 0.45260000 0.95550000
vt 0.60150000 0.88480000
vt 0.45260000 0.93560000
vt 0.45280000 0.99020000
vt 0.46260000 0.93560000
vt 0.46280000 0.99020000
vt 0.46260000 0.95550000
vt 0.61150000 0.88480000
vt 0.59570000 0.91070000
vt 0.36230000 0.26420000
vt 0.62010000 0.87340000
vt 0.36230000 0.24430000
vt 0.37870000 0.24430000
vt 0.62010000 0.85700000
vt 0.37870000 0.26420000
vt 0.59570000 0.89430000
vt 0.61150000 0.92020000
vt 0.95990000 0.25230000
vt 0.95990000 0.23240000
vt 0.34310000 0.98480000
vt 0.35310000 0.98470000
vt 0.96990000 0.23240000
vt 0.60150000 0.92020000
vt 0.96990000 0.25230000
vt 0.76090000 0.22180000
vt 0.61730000 0.89430000
vt 0.76090000 0.20190000
vt 0.33310000 0.97910000
vt 0.34940000 0.97910000
vt 0.77730000 0.20190000
vt 0.61730000 0.91070000
vt 0.77730000 0.22180000
vt 0.97500000 0.60600000
vt 0.34310000 0.98300000
vt 0.35310000 0.98300000
vt 0.97500000 0.59590000
vt 0.94200000 0.59590000
vt 0.45270000 0.98840000
vt 0.94200000 0.60600000
vt 0.46280000 0.98840000
vt 0.97570000 0.25230000
vt 0.35280000 0.26420000
vt 0.59570000 0.92020000
vt 0.97570000 0.23240000
vt 0.35280000 0.24430000
vt 0.35890000 0.98470000
vt 0.62010000 0.88290000
vt 0.38820000 0.24430000
vt 0.44680000 0.93560000
vt 0.62010000 0.84750000
vt 0.44690000 0.99020000
vt 0.59570000 0.88480000
vt 0.44680000 0.95550000
vt 0.38820000 0.26420000
vt 0.75140000 0.22180000
vt 0.61730000 0.88480000
vt 0.46840000 0.95550000
vt 0.75140000 0.20190000
vt 0.46840000 0.93560000
vt 0.32360000 0.97910000
vt 0.46860000 0.99020000
vt 0.95410000 0.23240000
vt 0.78680000 0.20190000
vt 0.33730000 0.98480000
vt 0.35890000 0.97910000
vt 0.95410000 0.25230000
vt 0.78680000 0.22180000
vt 0.61730000 0.92020000
vt 0.96670000 0.61060000
vt 0.34940000 0.97730000
vt 0.95030000 0.61060000
vt 0.33310000 0.97730000
vt 0.95030000 0.59130000
vt 0.61830000 0.85700000
vt 0.61820000 0.87340000
vt 0.96670000 0.59130000
vt 0.35770000 0.97730000
vt 0.97500000 0.61060000
vt 0.33850000 0.98300000
vt 0.35770000 0.98290000
vt 0.97500000 0.59130000
vt 0.61830000 0.88170000
vt 0.94190000 0.59130000
vt 0.61830000 0.84870000
vt 0.44810000 0.98840000
vt 0.94190000 0.61060000
vt 0.46730000 0.98840000
vt 0.32480000 0.97730000
vt 0.39770000 0.20690000
vt 0.41410000 0.20690000
vt 0.41410000 0.21690000
vt 0.39770000 0.21690000
vt 0.04010000 0.95990000
vt 0.02370000 0.95990000
vt 0.02370000 0.94990000
vt 0.04010000 0.94990000
vt 0.42360000 0.20690000
vt 0.94250000 0.54830000
vt 0.94250000 0.53000000
vt 0.62950000 0.79260000
vt 0.95250000 0.53000000
vt 0.62950000 0.78260000
vt 0.42360000 0.21690000
vt 0.95250000 0.54830000
vt 0.39770000 0.20110000
vt 0.69020000 0.22180000
vt 0.62390000 0.76730000
vt 0.69020000 0.20190000
vt 0.70660000 0.20190000
vt 0.62390000 0.75090000
vt 0.70660000 0.22180000
vt 0.41410000 0.20110000
vt 0.38820000 0.21690000
vt 0.86550000 0.59890000
vt 0.75400000 0.59890000
vt 0.62580000 0.84960000
vt 0.62570000 0.83960000
vt 0.75400000 0.54290000
vt 0.86550000 0.54290000
vt 0.38820000 0.20690000
vt 0.46840000 0.26420000
vt 0.41410000 0.22270000
vt 0.62760000 0.76730000
vt 0.46840000 0.24430000
vt 0.62770000 0.75090000
vt 0.48480000 0.24430000
vt 0.39770000 0.22270000
vt 0.48480000 0.26420000
vt 0.04840000 0.95990000
vt 0.62400000 0.84960000
vt 0.04840000 0.94990000
vt 0.62390000 0.83960000
vt 0.62770000 0.79260000
vt 0.01530000 0.94990000
vt 0.01530000 0.95990000
vt 0.62770000 0.78260000
vt 0.68070000 0.22180000
vt 0.86550000 0.51050000
vt 0.38820000 0.20110000
vt 0.75400000 0.51050000
vt 0.68070000 0.20190000
vt 0.62380000 0.77680000
vt 0.62570000 0.83380000
vt 0.71610000 0.20190000
vt 0.62950000 0.79840000
vt 0.93670000 0.53000000
vt 0.62390000 0.74140000
vt 0.71610000 0.22180000
vt 0.93670000 0.54830000
vt 0.42360000 0.20110000
vt 0.45890000 0.26420000
vt 0.42360000 0.22270000
vt 0.95840000 0.54830000
vt 0.62950000 0.77680000
vt 0.62760000 0.77680000
vt 0.95840000 0.53000000
vt 0.45890000 0.24430000
vt 0.75400000 0.63130000
vt 0.49430000 0.24430000
vt 0.62770000 0.74140000
vt 0.62580000 0.85540000
vt 0.38820000 0.22270000
vt 0.86550000 0.63130000
vt 0.49430000 0.26420000
vt 0.62580000 0.75090000
vt 0.04010000 0.96450000
vt 0.02370000 0.96450000
vt 0.62580000 0.76730000
vt 0.02370000 0.94520000
vt 0.62200000 0.75090000
vt 0.04010000 0.94520000
vt 0.62200000 0.76730000
vt 0.62590000 0.74260000
vt 0.04840000 0.96450000
vt 0.62400000 0.85420000
vt 0.62200000 0.77550000
vt 0.62390000 0.83500000
vt 0.04840000 0.94520000
vt 0.62770000 0.79720000
vt 0.62210000 0.74260000
vt 0.01530000 0.94520000
vt 0.62770000 0.77800000
vt 0.62580000 0.77550000
vt 0.01530000 0.96450000
vt 0.60150000 0.94600000
vt 0.60150000 0.92970000
vt 0.61150000 0.92970000
vt 0.61150000 0.94600000
vt 0.93140000 0.58360000
vt 0.91500000 0.58360000
vt 0.91500000 0.57360000
vt 0.93140000 0.57360000
vt 0.60150000 0.92020000
vt 0.36470000 0.99340000
vt 0.88850000 0.63000000
vt 0.36470000 0.97350000
vt 0.37470000 0.97350000
vt 0.89850000 0.63000000
vt 0.61150000 0.92020000
vt 0.37470000 0.99340000
vt 0.59570000 0.94600000
vt 0.32700000 0.24260000
vt 0.62570000 0.76730000
vt 0.32700000 0.22270000
vt 0.62580000 0.75090000
vt 0.34330000 0.22270000
vt 0.34330000 0.24260000
vt 0.59570000 0.92970000
vt 0.20020000 0.95040000
vt 0.61150000 0.95550000
vt 0.08870000 0.95040000
vt 0.62390000 0.90400000
vt 0.62380000 0.89400000
vt 0.08870000 0.89450000
vt 0.60150000 0.95550000
vt 0.20020000 0.89450000
vt 0.61730000 0.92970000
vt 0.20020000 0.41340000
vt 0.08870000 0.41340000
vt 0.62390000 0.80260000
vt 0.08870000 0.32180000
vt 0.62390000 0.78630000
vt 0.61730000 0.94600000
vt 0.20020000 0.32180000
vt 0.93970000 0.58360000
vt 0.62210000 0.90400000
vt 0.93970000 0.57360000
vt 0.62210000 0.89400000
vt 0.88850000 0.62820000
vt 0.90660000 0.57360000
vt 0.90660000 0.58360000
vt 0.89850000 0.62820000
vt 0.31750000 0.24260000
vt 0.20020000 0.86200000
vt 0.59570000 0.95550000
vt 0.31750000 0.22270000
vt 0.62380000 0.88820000
vt 0.62570000 0.77680000
vt 0.08870000 0.86200000
vt 0.88270000 0.63000000
vt 0.35890000 0.97350000
vt 0.62580000 0.74140000
vt 0.35280000 0.22270000
vt 0.35890000 0.99340000
vt 0.59570000 0.92020000
vt 0.35280000 0.24260000
vt 0.38050000 0.99340000
vt 0.20020000 0.46650000
vt 0.61730000 0.92020000
vt 0.90440000 0.63000000
vt 0.62380000 0.81210000
vt 0.38050000 0.97350000
vt 0.08870000 0.46650000
vt 0.62390000 0.77680000
vt 0.08870000 0.98290000
vt 0.08870000 0.26870000
vt 0.62390000 0.90980000
vt 0.20020000 0.26870000
vt 0.61730000 0.95550000
vt 0.20020000 0.98290000
vt 0.93140000 0.58830000
vt 0.62200000 0.78630000
vt 0.62200000 0.80260000
vt 0.91500000 0.58830000
vt 0.62390000 0.75090000
vt 0.91500000 0.56900000
vt 0.93140000 0.56900000
vt 0.62390000 0.76730000
vt 0.62210000 0.90860000
vt 0.93970000 0.58830000
vt 0.62210000 0.77800000
vt 0.93970000 0.56900000
vt 0.62200000 0.88940000
vt 0.62390000 0.77550000
vt 0.88390000 0.62820000
vt 0.62400000 0.74260000
vt 0.90660000 0.56900000
vt 0.62200000 0.81090000
vt 0.90310000 0.62810000
vt 0.90660000 0.58830000
vt 0.53920000 0.25010000
vt 0.55560000 0.25010000
vt 0.55560000 0.26010000
vt 0.53920000 0.26010000
vt 0.07090000 0.94000000
vt 0.05440000 0.94000000
vt 0.05440000 0.92990000
vt 0.07090000 0.92990000
vt 0.86550000 0.96140000
vt 0.56510000 0.25010000
vt 0.75400000 0.96140000
vt 0.62580000 0.87120000
vt 0.62570000 0.86120000
vt 0.75400000 0.90550000
vt 0.86550000 0.90550000
vt 0.56510000 0.26010000
vt 0.53920000 0.24430000
vt 0.57970000 0.60380000
vt 0.59960000 0.60380000
vt 0.33310000 0.98290000
vt 0.34940000 0.98290000
vt 0.59960000 0.62020000
vt 0.57970000 0.62020000
vt 0.55560000 0.24430000
vt 0.52970000 0.26010000
vt 0.48570000 0.97480000
vt 0.48570000 0.95490000
vt 0.87740000 0.53350000
vt 0.49570000 0.95490000
vt 0.88740000 0.53340000
vt 0.49570000 0.97480000
vt 0.52970000 0.25010000
vt 0.53470000 0.41340000
vt 0.55560000 0.26590000
vt 0.42320000 0.41340000
vt 0.48590000 0.98450000
vt 0.50230000 0.98460000
vt 0.42320000 0.32180000
vt 0.53470000 0.32180000
vt 0.53920000 0.26590000
vt 0.07920000 0.94000000
vt 0.87740000 0.53180000
vt 0.07920000 0.92990000
vt 0.88740000 0.53180000
vt 0.04610000 0.92990000
vt 0.62400000 0.87120000
vt 0.62390000 0.86120000
vt 0.04610000 0.94000000
vt 0.52970000 0.24430000
vt 0.57970000 0.59430000
vt 0.50150000 0.97480000
vt 0.32360000 0.98290000
vt 0.59960000 0.59430000
vt 0.50150000 0.95490000
vt 0.89330000 0.53340000
vt 0.59960000 0.62970000
vt 0.62580000 0.87700000
vt 0.75400000 0.99390000
vt 0.35890000 0.98290000
vt 0.56510000 0.24430000
vt 0.86550000 0.99390000
vt 0.57970000 0.62970000
vt 0.56510000 0.26590000
vt 0.86550000 0.87300000
vt 0.53470000 0.46650000
vt 0.42320000 0.46650000
vt 0.47640000 0.98450000
vt 0.75400000 0.87300000
vt 0.62570000 0.85540000
vt 0.87160000 0.53350000
vt 0.51180000 0.98460000
vt 0.47990000 0.95490000
vt 0.42320000 0.26870000
vt 0.53470000 0.26870000
vt 0.47990000 0.97480000
vt 0.52970000 0.26590000
vt 0.50230000 0.98270000
vt 0.07090000 0.94460000
vt 0.05440000 0.94460000
vt 0.48590000 0.98270000
vt 0.34940000 0.98100000
vt 0.05440000 0.92530000
vt 0.33310000 0.98100000
vt 0.07090000 0.92530000
vt 0.87280000 0.53180000
vt 0.51060000 0.98280000
vt 0.07920000 0.94460000
vt 0.32480000 0.98100000
vt 0.07920000 0.92530000
vt 0.89200000 0.53180000
vt 0.62400000 0.87580000
vt 0.04610000 0.92530000
vt 0.35770000 0.98110000
vt 0.47760000 0.98270000
vt 0.04610000 0.94460000
vt 0.62390000 0.85660000
vt 0.60150000 0.98140000
vt 0.60150000 0.96500000
vt 0.61150000 0.96500000
vt 0.61150000 0.98140000
vt 0.07320000 0.97920000
vt 0.05670000 0.97920000
vt 0.05670000 0.96910000
vt 0.07320000 0.96910000
vt 0.93830000 0.25230000
vt 0.60150000 0.95550000
vt 0.93830000 0.23240000
vt 0.93830000 0.26170000
vt 0.94830000 0.23240000
vt 0.94830000 0.26170000
vt 0.94830000 0.25230000
vt 0.61150000 0.95550000
vt 0.36230000 0.22100000
vt 0.59570000 0.98140000
vt 0.36230000 0.20110000
vt 0.62010000 0.83800000
vt 0.62010000 0.82160000
vt 0.37870000 0.20110000
vt 0.59570000 0.96500000
vt 0.37870000 0.22100000
vt 0.61150000 0.99090000
vt 0.43100000 0.93560000
vt 0.62010000 0.96940000
vt 0.43100000 0.91560000
vt 0.62010000 0.95940000
vt 0.44100000 0.91560000
vt 0.60150000 0.99090000
vt 0.44100000 0.93560000
vt 0.61730000 0.96500000
vt 0.79630000 0.22180000
vt 0.02250000 0.96830000
vt 0.79630000 0.20190000
vt 0.03890000 0.96830000
vt 0.81270000 0.20190000
vt 0.61730000 0.98140000
vt 0.81270000 0.22180000
vt 0.61830000 0.96940000
vt 0.08150000 0.97920000
vt 0.08150000 0.96910000
vt 0.61830000 0.95940000
vt 0.04840000 0.96910000
vt 0.93830000 0.25990000
vt 0.04840000 0.97920000
vt 0.94830000 0.25990000
vt 0.59570000 0.99090000
vt 0.35280000 0.22100000
vt 0.44680000 0.93560000
vt 0.62010000 0.95360000
vt 0.35280000 0.20110000
vt 0.44680000 0.91560000
vt 0.62010000 0.84750000
vt 0.93250000 0.23240000
vt 0.93250000 0.26170000
vt 0.38820000 0.20110000
vt 0.62010000 0.81210000
vt 0.93250000 0.25230000
vt 0.38820000 0.22100000
vt 0.59570000 0.95550000
vt 0.61730000 0.95550000
vt 0.78680000 0.22180000
vt 0.95410000 0.25230000
vt 0.01300000 0.96820000
vt 0.95410000 0.23240000
vt 0.95410000 0.26170000
vt 0.78680000 0.20190000
vt 0.62010000 0.97520000
vt 0.42520000 0.91560000
vt 0.82220000 0.20190000
vt 0.04840000 0.96830000
vt 0.42520000 0.93560000
vt 0.82220000 0.22180000
vt 0.61730000 0.99090000
vt 0.03890000 0.96640000
vt 0.07320000 0.98380000
vt 0.02250000 0.96640000
vt 0.05670000 0.98380000
vt 0.05670000 0.96450000
vt 0.61830000 0.82160000
vt 0.07320000 0.96450000
vt 0.61820000 0.83800000
vt 0.04720000 0.96650000
vt 0.08150000 0.98380000
vt 0.61830000 0.97400000
vt 0.08150000 0.96450000
vt 0.61830000 0.84630000
vt 0.61820000 0.95480000
vt 0.04840000 0.96450000
vt 0.61830000 0.81330000
vt 0.93370000 0.25990000
vt 0.04840000 0.98380000
vt 0.01430000 0.96640000
vt 0.95290000 0.25990000
vt 0.57990000 0.94600000
vt 0.57990000 0.92970000
vt 0.58990000 0.92970000
vt 0.58990000 0.94600000
vt 0.58490000 0.55060000
vt 0.58490000 0.53420000
vt 0.59500000 0.53420000
vt 0.59500000 0.55060000
vt 0.57990000 0.92020000
vt 0.89910000 0.53000000
vt 0.47440000 0.99020000
vt 0.89910000 0.51180000
vt 0.90910000 0.51180000
vt 0.48440000 0.99020000
vt 0.90910000 0.53000000
vt 0.58990000 0.92020000
vt 0.57410000 0.94600000
vt 0.61950000 0.56850000
vt 0.63950000 0.56850000
vt 0.94980000 0.25980000
vt 0.63950000 0.58480000
vt 0.96620000 0.25980000
vt 0.57410000 0.92970000
vt 0.61950000 0.58480000
vt 0.58990000 0.95550000
vt 0.53470000 0.86070000
vt 0.42320000 0.86070000
vt 0.98300000 0.24020000
vt 0.98300000 0.25030000
vt 0.42320000 0.80480000
vt 0.57990000 0.95550000
vt 0.53470000 0.80480000
vt 0.59570000 0.92970000
vt 0.59960000 0.53310000
vt 0.61950000 0.53310000
vt 0.62010000 0.94410000
vt 0.61950000 0.54950000
vt 0.62010000 0.92780000
vt 0.59960000 0.54950000
vt 0.59570000 0.94600000
vt 0.58490000 0.55900000
vt 0.98480000 0.24020000
vt 0.59500000 0.55900000
vt 0.98480000 0.25020000
vt 0.47440000 0.98840000
vt 0.59500000 0.52590000
vt 0.48440000 0.98840000
vt 0.58490000 0.52590000
vt 0.61950000 0.55900000
vt 0.57410000 0.95550000
vt 0.53470000 0.77230000
vt 0.94030000 0.25980000
vt 0.98300000 0.25610000
vt 0.63950000 0.55900000
vt 0.42320000 0.77230000
vt 0.63950000 0.59430000
vt 0.46860000 0.99020000
vt 0.97570000 0.25990000
vt 0.89330000 0.51180000
vt 0.61950000 0.59430000
vt 0.57410000 0.92020000
vt 0.89330000 0.53000000
vt 0.59570000 0.92020000
vt 0.91500000 0.53000000
vt 0.59960000 0.52360000
vt 0.61950000 0.52360000
vt 0.62010000 0.95360000
vt 0.49020000 0.99020000
vt 0.91500000 0.51180000
vt 0.42320000 0.89320000
vt 0.98300000 0.23440000
vt 0.61950000 0.55900000
vt 0.62010000 0.91830000
vt 0.53470000 0.89320000
vt 0.59570000 0.95550000
vt 0.59960000 0.55900000
vt 0.61830000 0.92780000
vt 0.58030000 0.55060000
vt 0.61820000 0.94410000
vt 0.58030000 0.53420000
vt 0.59960000 0.53420000
vt 0.96620000 0.25800000
vt 0.94980000 0.25800000
vt 0.59960000 0.55060000
vt 0.98480000 0.23560000
vt 0.61830000 0.91950000
vt 0.58030000 0.55900000
vt 0.94160000 0.25800000
vt 0.98480000 0.25480000
vt 0.59960000 0.55900000
vt 0.97450000 0.25800000
vt 0.46980000 0.98840000
vt 0.59960000 0.52590000
vt 0.48900000 0.98840000
vt 0.58030000 0.52590000
vt 0.61830000 0.95240000
vt 0.90240000 0.20770000
vt 0.91880000 0.20770000
vt 0.91880000 0.21770000
vt 0.90240000 0.21770000
vt 0.49320000 0.91040000
vt 0.47670000 0.91040000
vt 0.47670000 0.90030000
vt 0.49320000 0.90030000
vt 0.92830000 0.20770000
vt 0.51340000 0.95870000
vt 0.51340000 0.93880000
vt 0.62760000 0.79260000
vt 0.62760000 0.78260000
vt 0.52340000 0.93880000
vt 0.92830000 0.21770000
vt 0.52340000 0.95870000
vt 0.90240000 0.20190000
vt 0.72560000 0.22180000
vt 0.62200000 0.87340000
vt 0.72560000 0.20190000
vt 0.74190000 0.20190000
vt 0.62200000 0.85700000
vt 0.74190000 0.22180000
vt 0.91880000 0.20190000
vt 0.89290000 0.21770000
vt 0.86550000 0.71970000
vt 0.63140000 0.75720000
vt 0.75400000 0.71970000
vt 0.75400000 0.66380000
vt 0.63140000 0.74720000
vt 0.86550000 0.66380000
vt 0.89290000 0.20770000
vt 0.91880000 0.22350000
vt 0.31170000 0.80890000
vt 0.33310000 0.98100000
vt 0.20020000 0.80890000
vt 0.34940000 0.98100000
vt 0.20020000 0.71740000
vt 0.31170000 0.71740000
vt 0.90240000 0.22350000
vt 0.50150000 0.91040000
vt 0.62960000 0.75720000
vt 0.50150000 0.90030000
vt 0.62960000 0.74720000
vt 0.46840000 0.90030000
vt 0.62590000 0.79260000
vt 0.46840000 0.91040000
vt 0.62580000 0.78260000
vt 0.71610000 0.22180000
vt 0.86550000 0.63130000
vt 0.89290000 0.20190000
vt 0.71610000 0.20190000
vt 0.75400000 0.63130000
vt 0.62200000 0.88290000
vt 0.63140000 0.74140000
vt 0.75140000 0.20190000
vt 0.62200000 0.84750000
vt 0.62770000 0.79840000
vt 0.50760000 0.93880000
vt 0.92830000 0.20190000
vt 0.50760000 0.95870000
vt 0.75140000 0.22180000
vt 0.52920000 0.95870000
vt 0.92830000 0.22350000
vt 0.31170000 0.86200000
vt 0.20020000 0.86200000
vt 0.32360000 0.98100000
vt 0.52920000 0.93880000
vt 0.62760000 0.77680000
vt 0.75400000 0.75220000
vt 0.20020000 0.66420000
vt 0.63140000 0.76300000
vt 0.35890000 0.98100000
vt 0.31170000 0.66420000
vt 0.86550000 0.75220000
vt 0.89290000 0.22350000
vt 0.49320000 0.91500000
vt 0.34940000 0.97920000
vt 0.33310000 0.97910000
vt 0.47670000 0.91500000
vt 0.47670000 0.89570000
vt 0.62020000 0.85700000
vt 0.62010000 0.87340000
vt 0.49320000 0.89570000
vt 0.35770000 0.97920000
vt 0.50150000 0.91500000
vt 0.62960000 0.76180000
vt 0.62010000 0.88170000
vt 0.62950000 0.74260000
vt 0.50150000 0.89570000
vt 0.62580000 0.79720000
vt 0.62020000 0.84870000
vt 0.46840000 0.89570000
vt 0.32480000 0.97920000
vt 0.46840000 0.91500000
vt 0.62580000 0.77800000
vt 0.50380000 0.25010000
vt 0.52020000 0.25010000
vt 0.52020000 0.26010000
vt 0.50380000 0.26010000
vt 0.07320000 0.95990000
vt 0.05670000 0.95990000
vt 0.05670000 0.94990000
vt 0.07320000 0.94990000
vt 0.52970000 0.25010000
vt 0.97700000 0.35710000
vt 0.01100000 0.97770000
vt 0.86550000 0.35710000
vt 0.86550000 0.30120000
vt 0.02100000 0.97770000
vt 0.52970000 0.26010000
vt 0.97700000 0.30120000
vt 0.61950000 0.60380000
vt 0.50380000 0.24430000
vt 0.61070000 0.24460000
vt 0.63950000 0.60380000
vt 0.63950000 0.62020000
vt 0.62700000 0.24470000
vt 0.52020000 0.24430000
vt 0.61950000 0.62020000
vt 0.49430000 0.26010000
vt 0.40800000 0.99340000
vt 0.40800000 0.97350000
vt 0.46060000 0.98830000
vt 0.41800000 0.97350000
vt 0.47060000 0.98830000
vt 0.41800000 0.99340000
vt 0.49430000 0.25010000
vt 0.20020000 0.61110000
vt 0.52020000 0.26590000
vt 0.65480000 0.24080000
vt 0.08870000 0.61110000
vt 0.08870000 0.51960000
vt 0.67120000 0.24090000
vt 0.50380000 0.26590000
vt 0.20020000 0.51960000
vt 0.08150000 0.95990000
vt 0.46060000 0.98650000
vt 0.08150000 0.94990000
vt 0.47060000 0.98650000
vt 0.01100000 0.97590000
vt 0.04840000 0.94990000
vt 0.04840000 0.95990000
vt 0.02100000 0.97590000
vt 0.49430000 0.24430000
vt 0.42380000 0.99340000
vt 0.61950000 0.59430000
vt 0.42380000 0.97350000
vt 0.47640000 0.98830000
vt 0.60120000 0.24460000
vt 0.63950000 0.59430000
vt 0.86550000 0.38960000
vt 0.63650000 0.24470000
vt 0.00520000 0.97770000
vt 0.63950000 0.62970000
vt 0.97700000 0.38960000
vt 0.61950000 0.62970000
vt 0.52970000 0.24430000
vt 0.20020000 0.66420000
vt 0.97700000 0.26870000
vt 0.52970000 0.26590000
vt 0.86550000 0.26870000
vt 0.08870000 0.66420000
vt 0.64530000 0.24080000
vt 0.02680000 0.97760000
vt 0.68070000 0.24090000
vt 0.08870000 0.46650000
vt 0.40220000 0.97350000
vt 0.45480000 0.98830000
vt 0.49430000 0.26590000
vt 0.40220000 0.99340000
vt 0.20020000 0.46650000
vt 0.07320000 0.96450000
vt 0.67120000 0.23900000
vt 0.65480000 0.23900000
vt 0.05670000 0.96450000
vt 0.62700000 0.24280000
vt 0.05670000 0.94520000
vt 0.61070000 0.24280000
vt 0.07320000 0.94520000
vt 0.08150000 0.96450000
vt 0.45600000 0.98650000
vt 0.67950000 0.23910000
vt 0.60240000 0.24280000
vt 0.47520000 0.98650000
vt 0.08150000 0.94520000
vt 0.63530000 0.24280000
vt 0.00640000 0.97590000
vt 0.04840000 0.94520000
vt 0.02560000 0.97580000
vt 0.04840000 0.96450000
vt 0.64650000 0.23900000
vt 0.46840000 0.22850000
vt 0.48480000 0.22850000
vt 0.48480000 0.23850000
vt 0.46840000 0.23850000
vt 0.96700000 0.58490000
vt 0.95060000 0.58490000
vt 0.95060000 0.57480000
vt 0.96700000 0.57480000
vt 0.49430000 0.22850000
vt 0.55360000 0.99440000
vt 0.55360000 0.97450000
vt 0.43900000 0.98830000
vt 0.44900000 0.98830000
vt 0.56360000 0.97450000
vt 0.56360000 0.99440000
vt 0.49430000 0.23850000
vt 0.46840000 0.22270000
vt 0.39770000 0.26420000
vt 0.39770000 0.24430000
vt 0.48590000 0.98830000
vt 0.41410000 0.24430000
vt 0.50230000 0.98830000
vt 0.41410000 0.26420000
vt 0.48480000 0.22270000
vt 0.45890000 0.23850000
vt 0.63410000 0.26510000
vt 0.63410000 0.24510000
vt 0.95990000 0.26170000
vt 0.96990000 0.26170000
vt 0.64410000 0.24510000
vt 0.45890000 0.22850000
vt 0.64410000 0.26510000
vt 0.87850000 0.57030000
vt 0.48480000 0.24430000
vt 0.62390000 0.83800000
vt 0.87850000 0.55030000
vt 0.62390000 0.82160000
vt 0.89490000 0.55030000
vt 0.89490000 0.57030000
vt 0.46840000 0.24430000
vt 0.95990000 0.25990000
vt 0.97530000 0.58490000
vt 0.97530000 0.57480000
vt 0.96990000 0.25990000
vt 0.94230000 0.57480000
vt 0.43900000 0.98650000
vt 0.94230000 0.58490000
vt 0.44900000 0.98650000
vt 0.45890000 0.22270000
vt 0.64990000 0.26510000
vt 0.38820000 0.26420000
vt 0.97570000 0.26170000
vt 0.38820000 0.24430000
vt 0.47640000 0.98830000
vt 0.64990000 0.24510000
vt 0.51180000 0.98840000
vt 0.54780000 0.97450000
vt 0.42360000 0.24430000
vt 0.43320000 0.98830000
vt 0.49430000 0.22270000
vt 0.42360000 0.26420000
vt 0.54780000 0.99440000
vt 0.86900000 0.57030000
vt 0.56940000 0.99440000
vt 0.49430000 0.24430000
vt 0.45480000 0.98830000
vt 0.56940000 0.97450000
vt 0.62380000 0.84750000
vt 0.86900000 0.55030000
vt 0.95410000 0.26170000
vt 0.62390000 0.81210000
vt 0.62830000 0.24510000
vt 0.90440000 0.55030000
vt 0.45890000 0.24430000
vt 0.62830000 0.26510000
vt 0.90440000 0.57030000
vt 0.96700000 0.58950000
vt 0.62200000 0.82160000
vt 0.62200000 0.83800000
vt 0.95060000 0.58950000
vt 0.50230000 0.98650000
vt 0.95060000 0.57020000
vt 0.96700000 0.57020000
vt 0.48590000 0.98650000
vt 0.62210000 0.81330000
vt 0.95530000 0.25990000
vt 0.97530000 0.58950000
vt 0.47760000 0.98650000
vt 0.97450000 0.25990000
vt 0.97530000 0.57020000
vt 0.94230000 0.57020000
vt 0.43440000 0.98650000
vt 0.51060000 0.98650000
vt 0.62200000 0.84630000
vt 0.94230000 0.58950000
vt 0.45360000 0.98650000
vt 0.57460000 0.20690000
vt 0.59090000 0.20690000
vt 0.59090000 0.21690000
vt 0.57460000 0.21690000
vt 0.60490000 0.51530000
vt 0.60490000 0.49880000
vt 0.61490000 0.49880000
vt 0.61490000 0.51530000
vt 0.48570000 0.95490000
vt 0.60040000 0.20690000
vt 0.03260000 0.97580000
vt 0.48570000 0.93490000
vt 0.04260000 0.97580000
vt 0.49570000 0.93490000
vt 0.60040000 0.21690000
vt 0.49570000 0.95490000
vt 0.57460000 0.20110000
vt 0.59960000 0.56850000
vt 0.61950000 0.56850000
vt 0.45060000 0.98450000
vt 0.61950000 0.58480000
vt 0.46690000 0.98460000
vt 0.59960000 0.58480000
vt 0.59090000 0.20110000
vt 0.75400000 0.47800000
vt 0.56510000 0.21690000
vt 0.62950000 0.22300000
vt 0.64250000 0.47800000
vt 0.64250000 0.42210000
vt 0.63950000 0.22300000
vt 0.56510000 0.20690000
vt 0.75400000 0.42210000
vt 0.59960000 0.60380000
vt 0.59090000 0.22270000
vt 0.62010000 0.90880000
vt 0.61950000 0.60380000
vt 0.62010000 0.89240000
vt 0.61950000 0.62020000
vt 0.59960000 0.62020000
vt 0.57460000 0.22270000
vt 0.60490000 0.52360000
vt 0.62950000 0.22120000
vt 0.63950000 0.22120000
vt 0.61490000 0.52360000
vt 0.61490000 0.49050000
vt 0.03260000 0.97400000
vt 0.04260000 0.97400000
vt 0.60490000 0.49050000
vt 0.59960000 0.55900000
vt 0.56510000 0.20110000
vt 0.75400000 0.38960000
vt 0.64530000 0.22300000
vt 0.61950000 0.55900000
vt 0.44110000 0.98450000
vt 0.64250000 0.38960000
vt 0.02680000 0.97580000
vt 0.47990000 0.93490000
vt 0.61950000 0.59430000
vt 0.47640000 0.98460000
vt 0.47990000 0.95490000
vt 0.59960000 0.59430000
vt 0.60040000 0.20110000
vt 0.50150000 0.95490000
vt 0.60040000 0.22270000
vt 0.59960000 0.59430000
vt 0.50150000 0.93490000
vt 0.04840000 0.97580000
vt 0.62010000 0.91830000
vt 0.61950000 0.59430000
vt 0.62370000 0.22300000
vt 0.62010000 0.88290000
vt 0.61950000 0.62970000
vt 0.64250000 0.51050000
vt 0.56510000 0.22270000
vt 0.75400000 0.51050000
vt 0.59960000 0.62970000
vt 0.60020000 0.51530000
vt 0.61830000 0.89240000
vt 0.61820000 0.90880000
vt 0.60020000 0.49880000
vt 0.61950000 0.49880000
vt 0.46690000 0.98270000
vt 0.45060000 0.98270000
vt 0.61950000 0.51530000
vt 0.62490000 0.22120000
vt 0.60030000 0.52360000
vt 0.61830000 0.88410000
vt 0.44230000 0.98270000
vt 0.64410000 0.22120000
vt 0.61950000 0.52360000
vt 0.61950000 0.49050000
vt 0.47520000 0.98280000
vt 0.02800000 0.97400000
vt 0.61830000 0.91700000
vt 0.60030000 0.49050000
vt 0.04720000 0.97400000
vt 0.57990000 0.98140000
vt 0.57990000 0.96500000
vt 0.58990000 0.96500000
vt 0.58990000 0.98140000
vt 0.89600000 0.62350000
vt 0.87960000 0.62350000
vt 0.87960000 0.61350000
vt 0.89600000 0.61350000
vt 0.57990000 0.95550000
vt 0.89910000 0.54830000
vt 0.32150000 0.98480000
vt 0.89910000 0.53000000
vt 0.33150000 0.98470000
vt 0.90910000 0.53000000
vt 0.90910000 0.54830000
vt 0.58990000 0.95550000
vt 0.36230000 0.24260000
vt 0.57410000 0.98140000
vt 0.36230000 0.22270000
vt 0.62200000 0.83800000
vt 0.62200000 0.82160000
vt 0.37870000 0.22270000
vt 0.37870000 0.24260000
vt 0.57410000 0.96500000
vt 0.75400000 0.84060000
vt 0.58990000 0.99090000
vt 0.64250000 0.84060000
vt 0.62010000 0.99110000
vt 0.62010000 0.98110000
vt 0.64250000 0.78460000
vt 0.75400000 0.78460000
vt 0.57990000 0.99090000
vt 0.31170000 0.41340000
vt 0.59570000 0.96500000
vt 0.20020000 0.41340000
vt 0.65480000 0.24270000
vt 0.67120000 0.24280000
vt 0.20020000 0.32180000
vt 0.31170000 0.32180000
vt 0.59570000 0.98140000
vt 0.90430000 0.62350000
vt 0.61830000 0.99110000
vt 0.61830000 0.98110000
vt 0.90430000 0.61350000
vt 0.87130000 0.61350000
vt 0.32150000 0.98300000
vt 0.33150000 0.98300000
vt 0.87130000 0.62350000
vt 0.35280000 0.24260000
vt 0.57410000 0.99090000
vt 0.75400000 0.75220000
vt 0.35280000 0.22270000
vt 0.64250000 0.75220000
vt 0.62010000 0.97520000
vt 0.62200000 0.84750000
vt 0.62200000 0.81210000
vt 0.38820000 0.22270000
vt 0.31570000 0.98480000
vt 0.89330000 0.53000000
vt 0.38820000 0.24260000
vt 0.57410000 0.95550000
vt 0.89330000 0.54830000
vt 0.91500000 0.54830000
vt 0.31170000 0.46650000
vt 0.59570000 0.95550000
vt 0.20020000 0.46650000
vt 0.64530000 0.24270000
vt 0.33730000 0.98470000
vt 0.91500000 0.53000000
vt 0.20020000 0.26870000
vt 0.68070000 0.24280000
vt 0.64250000 0.87300000
vt 0.62010000 0.99690000
vt 0.31170000 0.26870000
vt 0.59570000 0.99090000
vt 0.75400000 0.87300000
vt 0.89600000 0.62810000
vt 0.67120000 0.24090000
vt 0.65480000 0.24090000
vt 0.87960000 0.62810000
vt 0.87960000 0.60890000
vt 0.62020000 0.82160000
vt 0.62010000 0.83800000
vt 0.89600000 0.60890000
vt 0.90440000 0.62810000
vt 0.61830000 0.99570000
vt 0.67950000 0.24100000
vt 0.90440000 0.60890000
vt 0.61820000 0.97650000
vt 0.62010000 0.84630000
vt 0.87130000 0.60890000
vt 0.62020000 0.81330000
vt 0.31690000 0.98300000
vt 0.64650000 0.24090000
vt 0.33610000 0.98290000
vt 0.87130000 0.62810000
vt 0.46840000 0.20690000
vt 0.48480000 0.20690000
vt 0.48480000 0.21690000
vt 0.46840000 0.21690000
vt 0.63700000 0.21650000
vt 0.62060000 0.21650000
vt 0.62060000 0.20650000
vt 0.63700000 0.20650000
vt 0.49430000 0.20690000
vt 0.97700000 0.47800000
vt 0.01100000 0.97580000
vt 0.86550000 0.47800000
vt 0.02100000 0.97580000
vt 0.86550000 0.42210000
vt 0.97700000 0.42210000
vt 0.49430000 0.21690000
vt 0.83170000 0.26510000
vt 0.46840000 0.20110000
vt 0.62570000 0.80260000
vt 0.83170000 0.24510000
vt 0.84810000 0.24510000
vt 0.62580000 0.78630000
vt 0.84810000 0.26510000
vt 0.48480000 0.20110000
vt 0.87740000 0.53000000
vt 0.45890000 0.21690000
vt 0.87740000 0.51180000
vt 0.62200000 0.93940000
vt 0.88740000 0.51180000
vt 0.62200000 0.92940000
vt 0.45890000 0.20690000
vt 0.88740000 0.53000000
vt 0.83260000 0.14670000
vt 0.48480000 0.22270000
vt 0.48590000 0.98640000
vt 0.72110000 0.14670000
vt 0.72110000 0.05510000
vt 0.50230000 0.98650000
vt 0.46840000 0.22270000
vt 0.83260000 0.05510000
vt 0.64530000 0.21650000
vt 0.62020000 0.93940000
vt 0.62020000 0.92940000
vt 0.64530000 0.20650000
vt 0.01100000 0.97400000
vt 0.61220000 0.20650000
vt 0.61220000 0.21650000
vt 0.02100000 0.97400000
vt 0.45890000 0.20110000
vt 0.82220000 0.26510000
vt 0.89330000 0.53000000
vt 0.62570000 0.81210000
vt 0.82220000 0.24510000
vt 0.62190000 0.92360000
vt 0.89330000 0.51180000
vt 0.85760000 0.24510000
vt 0.86550000 0.51050000
vt 0.62580000 0.77680000
vt 0.00520000 0.97580000
vt 0.49430000 0.20110000
vt 0.97700000 0.51050000
vt 0.85760000 0.26510000
vt 0.97700000 0.38960000
vt 0.49430000 0.22270000
vt 0.83260000 0.19980000
vt 0.86550000 0.38960000
vt 0.02680000 0.97580000
vt 0.72110000 0.19980000
vt 0.47640000 0.98640000
vt 0.62200000 0.94520000
vt 0.51180000 0.98650000
vt 0.87160000 0.51180000
vt 0.72110000 0.00200000
vt 0.45890000 0.22270000
vt 0.87160000 0.53000000
vt 0.83260000 0.00200000
vt 0.63700000 0.22120000
vt 0.50230000 0.98460000
vt 0.48590000 0.98460000
vt 0.62060000 0.22120000
vt 0.62060000 0.20190000
vt 0.62390000 0.78630000
vt 0.63700000 0.20190000
vt 0.62390000 0.80260000
vt 0.64530000 0.22120000
vt 0.51060000 0.98470000
vt 0.62020000 0.94400000
vt 0.64530000 0.20190000
vt 0.62390000 0.81090000
vt 0.62010000 0.92480000
vt 0.61220000 0.20190000
vt 0.00640000 0.97400000
vt 0.62400000 0.77800000
vt 0.47760000 0.98460000
vt 0.02560000 0.97400000
vt 0.61220000 0.22120000
vt 0.43310000 0.20690000
vt 0.44940000 0.20690000
vt 0.44940000 0.21690000
vt 0.43310000 0.21690000
vt 0.93140000 0.56440000
vt 0.91500000 0.56440000
vt 0.91500000 0.55430000
vt 0.93140000 0.55430000
vt 0.45260000 0.97550000
vt 0.45890000 0.20690000
vt 0.45260000 0.95550000
vt 0.62760000 0.84960000
vt 0.46260000 0.95550000
vt 0.62760000 0.83960000
vt 0.45890000 0.21690000
vt 0.46260000 0.97550000
vt 0.59960000 0.63920000
vt 0.43310000 0.20110000
vt 0.45060000 0.98640000
vt 0.61950000 0.63920000
vt 0.46690000 0.98650000
vt 0.61950000 0.65560000
vt 0.44940000 0.20110000
vt 0.59960000 0.65560000
vt 0.96420000 0.54830000
vt 0.42360000 0.21690000
vt 0.96420000 0.53000000
vt 0.62200000 0.96100000
vt 0.62200000 0.95100000
vt 0.97420000 0.53000000
vt 0.97420000 0.54830000
vt 0.42360000 0.20690000
vt 0.57970000 0.56850000
vt 0.44940000 0.22270000
vt 0.59960000 0.56850000
vt 0.94980000 0.25790000
vt 0.59960000 0.58480000
vt 0.96620000 0.25800000
vt 0.43310000 0.22270000
vt 0.57970000 0.58480000
vt 0.93970000 0.56440000
vt 0.62020000 0.96100000
vt 0.93970000 0.55430000
vt 0.62020000 0.95100000
vt 0.62580000 0.84960000
vt 0.90660000 0.55430000
vt 0.90660000 0.56440000
vt 0.62580000 0.83960000
vt 0.98010000 0.54830000
vt 0.59960000 0.62970000
vt 0.42360000 0.20110000
vt 0.62190000 0.94520000
vt 0.98010000 0.53000000
vt 0.44110000 0.98640000
vt 0.61950000 0.62970000
vt 0.62770000 0.85540000
vt 0.44680000 0.95550000
vt 0.47640000 0.98650000
vt 0.61950000 0.66510000
vt 0.44680000 0.97550000
vt 0.45890000 0.20110000
vt 0.59960000 0.66510000
vt 0.46840000 0.97550000
vt 0.45890000 0.22270000
vt 0.57970000 0.55900000
vt 0.46840000 0.95550000
vt 0.94030000 0.25790000
vt 0.59960000 0.55900000
vt 0.62760000 0.83380000
vt 0.59960000 0.59430000
vt 0.97570000 0.25800000
vt 0.62200000 0.96680000
vt 0.95840000 0.53000000
vt 0.57970000 0.59430000
vt 0.42360000 0.22270000
vt 0.95840000 0.54830000
vt 0.96620000 0.25610000
vt 0.93140000 0.56900000
vt 0.94980000 0.25610000
vt 0.91500000 0.56900000
vt 0.46690000 0.98460000
vt 0.91500000 0.54970000
vt 0.45060000 0.98460000
vt 0.93140000 0.54970000
vt 0.97450000 0.25620000
vt 0.93970000 0.56900000
vt 0.62020000 0.96560000
vt 0.93970000 0.54970000
vt 0.44230000 0.98460000
vt 0.62010000 0.94640000
vt 0.47520000 0.98470000
vt 0.90660000 0.54970000
vt 0.62580000 0.85420000
vt 0.94160000 0.25610000
vt 0.62580000 0.83500000
vt 0.90660000 0.56900000
vt 0.57990000 0.83990000
vt 0.57990000 0.82350000
vt 0.58990000 0.82350000
vt 0.58990000 0.83990000
vt 0.70770000 0.25980000
vt 0.69130000 0.25980000
vt 0.69130000 0.24970000
vt 0.70770000 0.24970000
vt 0.57990000 0.81400000
vt 0.92390000 0.60820000
vt 0.92390000 0.58830000
vt 0.03260000 0.97770000
vt 0.93390000 0.58830000
vt 0.04260000 0.97770000
vt 0.58990000 0.81400000
vt 0.93390000 0.60820000
vt 0.57410000 0.83990000
vt 0.43310000 0.26420000
vt 0.02250000 0.97010000
vt 0.43310000 0.24430000
vt 0.44940000 0.24430000
vt 0.03890000 0.97020000
vt 0.44940000 0.26420000
vt 0.57410000 0.82350000
vt 0.58990000 0.84940000
vt 0.75400000 0.96140000
vt 0.64250000 0.96140000
vt 0.49600000 0.99020000
vt 0.64250000 0.90550000
vt 0.50600000 0.99020000
vt 0.75400000 0.90550000
vt 0.57990000 0.84940000
vt 0.86710000 0.26510000
vt 0.59570000 0.82350000
vt 0.98670000 0.23020000
vt 0.86710000 0.24510000
vt 0.88340000 0.24510000
vt 0.98670000 0.24660000
vt 0.88340000 0.26510000
vt 0.59570000 0.83990000
vt 0.49600000 0.98840000
vt 0.71610000 0.25980000
vt 0.71610000 0.24970000
vt 0.50600000 0.98840000
vt 0.03260000 0.97590000
vt 0.68300000 0.24970000
vt 0.04260000 0.97590000
vt 0.68300000 0.25980000
vt 0.57410000 0.84940000
vt 0.75400000 0.87300000
vt 0.42360000 0.26420000
vt 0.64250000 0.87300000
vt 0.42360000 0.24430000
vt 0.01300000 0.97010000
vt 0.51180000 0.99020000
vt 0.45890000 0.24430000
vt 0.91810000 0.58830000
vt 0.02680000 0.97770000
vt 0.04840000 0.97020000
vt 0.91810000 0.60820000
vt 0.57410000 0.81400000
vt 0.45890000 0.26420000
vt 0.59570000 0.81400000
vt 0.93970000 0.60820000
vt 0.85760000 0.26510000
vt 0.98680000 0.22070000
vt 0.04840000 0.97760000
vt 0.93970000 0.58830000
vt 0.85760000 0.24510000
vt 0.49020000 0.99020000
vt 0.64250000 0.99390000
vt 0.89290000 0.24510000
vt 0.98670000 0.25610000
vt 0.75400000 0.99390000
vt 0.89290000 0.26510000
vt 0.59570000 0.84940000
vt 0.98860000 0.24660000
vt 0.70770000 0.26440000
vt 0.98860000 0.23020000
vt 0.69130000 0.26440000
vt 0.69130000 0.24510000
vt 0.03890000 0.96830000
vt 0.02250000 0.96830000
vt 0.70770000 0.24510000
vt 0.49140000 0.98840000
vt 0.98850000 0.25490000
vt 0.71610000 0.26440000
vt 0.71610000 0.24510000
vt 0.01430000 0.96830000
vt 0.51060000 0.98840000
vt 0.02800000 0.97590000
vt 0.04720000 0.96840000
vt 0.68300000 0.24510000
vt 0.68300000 0.26440000
vt 0.04720000 0.97580000
vt 0.98860000 0.22190000
vt 0.50380000 0.22850000
vt 0.52020000 0.22850000
vt 0.52020000 0.23850000
vt 0.50380000 0.23850000
vt 0.89600000 0.60420000
vt 0.87960000 0.60420000
vt 0.87960000 0.59420000
vt 0.89600000 0.59420000
vt 0.38630000 0.99340000
vt 0.52970000 0.22850000
vt 0.38630000 0.97350000
vt 0.87740000 0.53170000
vt 0.39640000 0.97350000
vt 0.88740000 0.53170000
vt 0.39640000 0.99340000
vt 0.52970000 0.23850000
vt 0.50380000 0.22270000
vt 0.79630000 0.24340000
vt 0.62200000 0.76730000
vt 0.79630000 0.22350000
vt 0.81270000 0.22350000
vt 0.62200000 0.75090000
vt 0.52020000 0.22270000
vt 0.81270000 0.24340000
vt 0.49430000 0.23850000
vt 0.53470000 0.73990000
vt 0.42320000 0.73990000
vt 0.62760000 0.82790000
vt 0.62760000 0.81790000
vt 0.42320000 0.68390000
vt 0.49430000 0.22850000
vt 0.53470000 0.68390000
vt 0.52020000 0.24430000
vt 0.60960000 0.14670000
vt 0.02250000 0.97390000
vt 0.49810000 0.14670000
vt 0.49810000 0.05510000
vt 0.03890000 0.97390000
vt 0.60960000 0.05510000
vt 0.50380000 0.24430000
vt 0.90430000 0.60420000
vt 0.62580000 0.82800000
vt 0.62580000 0.81790000
vt 0.90430000 0.59420000
vt 0.87130000 0.59420000
vt 0.87740000 0.53010000
vt 0.87130000 0.60420000
vt 0.88740000 0.53010000
vt 0.53470000 0.65140000
vt 0.49430000 0.22270000
vt 0.78680000 0.24340000
vt 0.42320000 0.65140000
vt 0.62760000 0.81210000
vt 0.78680000 0.22350000
vt 0.62200000 0.77680000
vt 0.38050000 0.97350000
vt 0.62200000 0.74140000
vt 0.87160000 0.53180000
vt 0.82220000 0.22350000
vt 0.82220000 0.24340000
vt 0.38050000 0.99340000
vt 0.52970000 0.22270000
vt 0.60960000 0.19980000
vt 0.40220000 0.99340000
vt 0.52970000 0.24430000
vt 0.40220000 0.97350000
vt 0.49810000 0.19980000
vt 0.01300000 0.97390000
vt 0.89330000 0.53170000
vt 0.42320000 0.77230000
vt 0.04840000 0.97400000
vt 0.62770000 0.83380000
vt 0.49810000 0.00200000
vt 0.53470000 0.77230000
vt 0.49430000 0.24430000
vt 0.60960000 0.00200000
vt 0.03890000 0.97210000
vt 0.89600000 0.60890000
vt 0.02250000 0.97210000
vt 0.87960000 0.60890000
vt 0.62020000 0.75090000
vt 0.87960000 0.58960000
vt 0.62010000 0.76730000
vt 0.89600000 0.58960000
vt 0.90440000 0.60890000
vt 0.62580000 0.83250000
vt 0.04720000 0.97210000
vt 0.62580000 0.81340000
vt 0.62010000 0.77550000
vt 0.90440000 0.58960000
vt 0.87280000 0.53010000
vt 0.62020000 0.74260000
vt 0.87130000 0.58960000
vt 0.87130000 0.60890000
vt 0.89200000 0.53000000
vt 0.01430000 0.97210000
vt 0.57990000 0.91070000
vt 0.57990000 0.89430000
vt 0.58990000 0.89430000
vt 0.58990000 0.91070000
vt 0.95850000 0.21690000
vt 0.94210000 0.21690000
vt 0.94210000 0.20680000
vt 0.95850000 0.20680000
vt 0.57990000 0.88480000
vt 0.97700000 0.84060000
vt 0.87740000 0.53520000
vt 0.86550000 0.84060000
vt 0.86550000 0.78460000
vt 0.88740000 0.53510000
vt 0.58990000 0.88480000
vt 0.97700000 0.78460000
vt 0.57410000 0.91070000
vt 0.32690000 0.26420000
vt 0.32690000 0.24430000
vt 0.98860000 0.23020000
vt 0.34330000 0.24430000
vt 0.98860000 0.24660000
vt 0.34330000 0.26420000
vt 0.57410000 0.89430000
vt 0.58990000 0.92020000
vt 0.48570000 0.93490000
vt 0.62950000 0.82790000
vt 0.48570000 0.91500000
vt 0.49570000 0.91500000
vt 0.62950000 0.81790000
vt 0.57990000 0.92020000
vt 0.49570000 0.93490000
vt 0.59570000 0.89430000
vt 0.49810000 0.14660000
vt 0.38660000 0.14660000
vt 0.02250000 0.97200000
vt 0.03890000 0.97210000
vt 0.38660000 0.05510000
vt 0.49810000 0.05510000
vt 0.59570000 0.91070000
vt 0.62770000 0.82800000
vt 0.96690000 0.21690000
vt 0.62770000 0.81790000
vt 0.96690000 0.20680000
vt 0.93380000 0.20680000
vt 0.87740000 0.53350000
vt 0.88740000 0.53350000
vt 0.93380000 0.21690000
vt 0.31750000 0.26420000
vt 0.57410000 0.92020000
vt 0.50150000 0.93490000
vt 0.31750000 0.24430000
vt 0.50150000 0.91500000
vt 0.62950000 0.81210000
vt 0.98870000 0.22070000
vt 0.87160000 0.53520000
vt 0.35280000 0.24430000
vt 0.98860000 0.25610000
vt 0.86550000 0.87300000
vt 0.35280000 0.26420000
vt 0.57410000 0.88480000
vt 0.97700000 0.87300000
vt 0.49810000 0.19980000
vt 0.97700000 0.75220000
vt 0.59570000 0.88480000
vt 0.86550000 0.75220000
vt 0.89330000 0.53510000
vt 0.38660000 0.19980000
vt 0.01300000 0.97200000
vt 0.62950000 0.83380000
vt 0.38660000 0.00200000
vt 0.04840000 0.97210000
vt 0.47990000 0.91500000
vt 0.47990000 0.93490000
vt 0.59570000 0.92020000
vt 0.49810000 0.00200000
vt 0.95850000 0.22150000
vt 0.03890000 0.97020000
vt 0.02250000 0.97020000
vt 0.94210000 0.22150000
vt 0.94210000 0.20220000
vt 0.99050000 0.24660000
vt 0.99050000 0.23020000
vt 0.95850000 0.20220000
vt 0.96690000 0.22150000
vt 0.62770000 0.83250000
vt 0.04720000 0.97020000
vt 0.96690000 0.20220000
vt 0.62770000 0.81340000
vt 0.99050000 0.22190000
vt 0.93380000 0.20220000
vt 0.99040000 0.25490000
vt 0.87280000 0.53350000
vt 0.93380000 0.22150000
vt 0.89200000 0.53350000
vt 0.01430000 0.97020000
vt 0.57460000 0.22850000
vt 0.59090000 0.22850000
vt 0.59090000 0.23850000
vt 0.57460000 0.23850000
vt 0.62820000 0.23820000
vt 0.61180000 0.23820000
vt 0.61180000 0.22810000
vt 0.62820000 0.22810000
vt 0.43100000 0.91560000
vt 0.60040000 0.22850000
vt 0.43100000 0.89570000
vt 0.80380000 0.20180000
vt 0.81540000 0.20180000
vt 0.44100000 0.89570000
vt 0.44100000 0.91560000
vt 0.60040000 0.23850000
vt 0.29160000 0.26420000
vt 0.57460000 0.22270000
vt 0.29160000 0.24430000
vt 0.99430000 0.23020000
vt 0.99430000 0.24660000
vt 0.30800000 0.24430000
vt 0.59090000 0.22270000
vt 0.30800000 0.26420000
vt 0.56510000 0.23850000
vt 0.43100000 0.95550000
vt 0.97370000 0.26360000
vt 0.43100000 0.93560000
vt 0.98370000 0.26360000
vt 0.44100000 0.93560000
vt 0.56510000 0.22850000
vt 0.44100000 0.95550000
vt 0.59090000 0.24430000
vt 0.83170000 0.24340000
vt 0.83170000 0.22350000
vt 0.62170000 0.91270000
vt 0.84810000 0.22350000
vt 0.62170000 0.89380000
vt 0.57460000 0.24430000
vt 0.84810000 0.24340000
vt 0.97360000 0.26180000
vt 0.63650000 0.23820000
vt 0.98370000 0.26180000
vt 0.63650000 0.22810000
vt 0.80380000 0.20030000
vt 0.60350000 0.22810000
vt 0.81540000 0.20030000
vt 0.60350000 0.23820000
vt 0.44680000 0.95550000
vt 0.56510000 0.22270000
vt 0.28210000 0.26420000
vt 0.99430000 0.22070000
vt 0.98950000 0.26360000
vt 0.44680000 0.93560000
vt 0.28210000 0.24430000
vt 0.42520000 0.89570000
vt 0.99430000 0.25610000
vt 0.31750000 0.24430000
vt 0.79700000 0.20180000
vt 0.31750000 0.26420000
vt 0.60040000 0.22270000
vt 0.42520000 0.91560000
vt 0.60040000 0.24430000
vt 0.82220000 0.24340000
vt 0.44680000 0.91560000
vt 0.82220000 0.22350000
vt 0.44680000 0.89570000
vt 0.62170000 0.92360000
vt 0.82220000 0.20180000
vt 0.96780000 0.26360000
vt 0.62170000 0.88290000
vt 0.85760000 0.22350000
vt 0.42520000 0.93560000
vt 0.42520000 0.95550000
vt 0.56510000 0.24430000
vt 0.85760000 0.24340000
vt 0.62010000 0.89380000
vt 0.62820000 0.24280000
vt 0.62010000 0.91270000
vt 0.61180000 0.24280000
vt 0.99610000 0.24660000
vt 0.61180000 0.22350000
vt 0.99610000 0.23020000
vt 0.62820000 0.22350000
vt 0.63650000 0.24280000
vt 0.62020000 0.88430000
vt 0.96910000 0.26180000
vt 0.63650000 0.22350000
vt 0.98830000 0.26170000
vt 0.99610000 0.22190000
vt 0.60340000 0.22350000
vt 0.99610000 0.25490000
vt 0.79840000 0.20020000
vt 0.62020000 0.92220000
vt 0.82080000 0.20020000
vt 0.60340000 0.24280000
vt 0.53920000 0.20690000
vt 0.55560000 0.20690000
vt 0.55560000 0.21690000
vt 0.53920000 0.21690000
vt 0.96670000 0.62530000
vt 0.95030000 0.62530000
vt 0.95030000 0.61520000
vt 0.96670000 0.61520000
vt 0.56510000 0.20690000
vt 0.51340000 0.97870000
vt 0.51340000 0.95870000
vt 0.98110000 0.24020000
vt 0.52340000 0.95870000
vt 0.98110000 0.25030000
vt 0.56510000 0.21690000
vt 0.52340000 0.97870000
vt 0.53920000 0.20110000
vt 0.39770000 0.24260000
vt 0.62200000 0.80260000
vt 0.39770000 0.22270000
vt 0.41410000 0.22270000
vt 0.62200000 0.78630000
vt 0.41410000 0.24260000
vt 0.55560000 0.20110000
vt 0.52970000 0.21690000
vt 0.42320000 0.93760000
vt 0.31170000 0.93760000
vt 0.83910000 0.22340000
vt 0.31170000 0.88170000
vt 0.85080000 0.22340000
vt 0.52970000 0.20690000
vt 0.42320000 0.88170000
vt 0.79630000 0.26510000
vt 0.55560000 0.22270000
vt 0.79630000 0.24510000
vt 0.33310000 0.97720000
vt 0.34940000 0.97720000
vt 0.81270000 0.24510000
vt 0.81270000 0.26510000
vt 0.53920000 0.22270000
vt 0.97500000 0.62530000
vt 0.83910000 0.22190000
vt 0.97500000 0.61520000
vt 0.85080000 0.22190000
vt 0.94200000 0.61520000
vt 0.98290000 0.24020000
vt 0.98290000 0.25020000
vt 0.94200000 0.62530000
vt 0.42320000 0.84920000
vt 0.38820000 0.24260000
vt 0.52970000 0.20110000
vt 0.85760000 0.22340000
vt 0.31170000 0.84920000
vt 0.38820000 0.22270000
vt 0.62200000 0.81210000
vt 0.42360000 0.22270000
vt 0.50760000 0.95870000
vt 0.62200000 0.77680000
vt 0.98110000 0.23440000
vt 0.56510000 0.20110000
vt 0.42360000 0.24260000
vt 0.50760000 0.97870000
vt 0.56510000 0.22270000
vt 0.52920000 0.97870000
vt 0.78680000 0.26510000
vt 0.52920000 0.95870000
vt 0.98110000 0.25610000
vt 0.78680000 0.24510000
vt 0.32360000 0.97720000
vt 0.35890000 0.97730000
vt 0.83240000 0.22340000
vt 0.31170000 0.97010000
vt 0.82220000 0.24510000
vt 0.52970000 0.22270000
vt 0.82220000 0.26510000
vt 0.42320000 0.97010000
vt 0.96670000 0.62990000
vt 0.34940000 0.97540000
vt 0.95030000 0.62990000
vt 0.33310000 0.97540000
vt 0.62020000 0.78630000
vt 0.95030000 0.61060000
vt 0.96670000 0.61060000
vt 0.62010000 0.80260000
vt 0.35770000 0.97540000
vt 0.97500000 0.62990000
vt 0.83380000 0.22180000
vt 0.97500000 0.61060000
vt 0.62010000 0.81090000
vt 0.85610000 0.22180000
vt 0.98290000 0.23560000
vt 0.94190000 0.61060000
vt 0.62020000 0.77800000
vt 0.98300000 0.25480000
vt 0.94190000 0.62990000
vt 0.32480000 0.97540000
vt 0.50380000 0.20690000
vt 0.52020000 0.20690000
vt 0.52020000 0.21690000
vt 0.50380000 0.21690000
vt 0.67470000 0.25980000
vt 0.65820000 0.25980000
vt 0.65820000 0.24970000
vt 0.67470000 0.24970000
vt 0.92080000 0.54830000
vt 0.52970000 0.20690000
vt 0.62390000 0.92570000
vt 0.92080000 0.53000000
vt 0.62380000 0.91570000
vt 0.93080000 0.53000000
vt 0.93080000 0.54830000
vt 0.52970000 0.21690000
vt 0.83170000 0.22180000
vt 0.50380000 0.20110000
vt 0.83170000 0.20190000
vt 0.62360000 0.87730000
vt 0.84810000 0.20190000
vt 0.62360000 0.85840000
vt 0.52020000 0.20110000
vt 0.84810000 0.22180000
vt 0.86550000 0.35710000
vt 0.49430000 0.21690000
vt 0.75400000 0.35710000
vt 0.63140000 0.79260000
vt 0.63140000 0.78260000
vt 0.75400000 0.30120000
vt 0.49430000 0.20690000
vt 0.86550000 0.30120000
vt 0.52020000 0.22270000
vt 0.42320000 0.61110000
vt 0.31170000 0.61110000
vt 0.94980000 0.25600000
vt 0.96620000 0.25610000
vt 0.31170000 0.51960000
vt 0.50380000 0.22270000
vt 0.42320000 0.51960000
vt 0.68300000 0.25980000
vt 0.62960000 0.79260000
vt 0.68300000 0.24970000
vt 0.62960000 0.78260000
vt 0.62210000 0.92570000
vt 0.64990000 0.24970000
vt 0.64990000 0.25980000
vt 0.62210000 0.91570000
vt 0.49430000 0.20110000
vt 0.86550000 0.26870000
vt 0.82220000 0.22180000
vt 0.63140000 0.77680000
vt 0.82220000 0.20190000
vt 0.62360000 0.88820000
vt 0.75400000 0.26870000
vt 0.91500000 0.53000000
vt 0.85760000 0.20190000
vt 0.62390000 0.93150000
vt 0.62360000 0.84750000
vt 0.91500000 0.54830000
vt 0.52970000 0.20110000
vt 0.85760000 0.22180000
vt 0.93670000 0.54830000
vt 0.52970000 0.22270000
vt 0.42320000 0.66420000
vt 0.94030000 0.25600000
vt 0.62380000 0.90980000
vt 0.31170000 0.66420000
vt 0.93670000 0.53000000
vt 0.97570000 0.25610000
vt 0.63140000 0.79840000
vt 0.31170000 0.46650000
vt 0.75400000 0.38960000
vt 0.49430000 0.22270000
vt 0.86550000 0.38960000
vt 0.42320000 0.46650000
vt 0.67470000 0.26440000
vt 0.96620000 0.25420000
vt 0.94980000 0.25420000
vt 0.65820000 0.26440000
vt 0.65820000 0.24510000
vt 0.62200000 0.85840000
vt 0.67470000 0.24510000
vt 0.62200000 0.87730000
vt 0.97450000 0.25430000
vt 0.62960000 0.79720000
vt 0.68300000 0.26440000
vt 0.68300000 0.24510000
vt 0.62950000 0.77800000
vt 0.62210000 0.88680000
vt 0.64990000 0.24510000
vt 0.62210000 0.93030000
vt 0.62210000 0.84890000
vt 0.62200000 0.91110000
vt 0.94160000 0.25420000
vt 0.64990000 0.26440000
vt 0.60150000 0.83990000
vt 0.60150000 0.82350000
vt 0.61150000 0.82350000
vt 0.61150000 0.83990000
vt 0.96700000 0.56560000
vt 0.95060000 0.56560000
vt 0.95060000 0.55550000
vt 0.96700000 0.55550000
vt 0.86550000 0.84060000
vt 0.60150000 0.81400000
vt 0.75400000 0.84060000
vt 0.34310000 0.98660000
vt 0.35310000 0.98660000
vt 0.75400000 0.78460000
vt 0.61150000 0.81400000
vt 0.86550000 0.78460000
vt 0.61950000 0.49770000
vt 0.59570000 0.83990000
vt 0.45060000 0.98270000
vt 0.63950000 0.49770000
vt 0.63950000 0.51410000
vt 0.46690000 0.98270000
vt 0.61950000 0.51410000
vt 0.59570000 0.82350000
vt 0.92390000 0.62810000
vt 0.61150000 0.84940000
vt 0.98480000 0.24020000
vt 0.92390000 0.60820000
vt 0.98490000 0.25030000
vt 0.93390000 0.60820000
vt 0.60150000 0.84940000
vt 0.93390000 0.62810000
vt 0.61730000 0.82350000
vt 0.20020000 0.80890000
vt 0.08870000 0.80890000
vt 0.99240000 0.23020000
vt 0.99240000 0.24660000
vt 0.08870000 0.71740000
vt 0.61730000 0.83990000
vt 0.20020000 0.71740000
vt 0.97530000 0.56560000
vt 0.98660000 0.24020000
vt 0.97530000 0.55550000
vt 0.98670000 0.25020000
vt 0.34310000 0.98490000
vt 0.94230000 0.55550000
vt 0.94230000 0.56560000
vt 0.35310000 0.98480000
vt 0.61950000 0.48820000
vt 0.93970000 0.62810000
vt 0.59570000 0.84940000
vt 0.63950000 0.48820000
vt 0.93970000 0.60820000
vt 0.44110000 0.98260000
vt 0.98490000 0.25610000
vt 0.63950000 0.52360000
vt 0.75400000 0.87300000
vt 0.33730000 0.98670000
vt 0.47640000 0.98270000
vt 0.59570000 0.81400000
vt 0.61950000 0.52360000
vt 0.86550000 0.87300000
vt 0.61730000 0.81400000
vt 0.20020000 0.86200000
vt 0.86550000 0.75220000
vt 0.99240000 0.22070000
vt 0.35890000 0.98660000
vt 0.08870000 0.86200000
vt 0.75400000 0.75220000
vt 0.98480000 0.23440000
vt 0.99240000 0.25610000
vt 0.08870000 0.66420000
vt 0.91810000 0.60820000
vt 0.91810000 0.62810000
vt 0.20020000 0.66420000
vt 0.61730000 0.84940000
vt 0.96700000 0.57020000
vt 0.99420000 0.24660000
vt 0.95060000 0.57020000
vt 0.99430000 0.23020000
vt 0.95060000 0.55090000
vt 0.46690000 0.98080000
vt 0.96700000 0.55090000
vt 0.45060000 0.98080000
vt 0.99420000 0.25490000
vt 0.98670000 0.23560000
vt 0.97530000 0.57020000
vt 0.98670000 0.25480000
vt 0.44230000 0.98080000
vt 0.97530000 0.55090000
vt 0.33850000 0.98480000
vt 0.94230000 0.55090000
vt 0.47520000 0.98090000
vt 0.94230000 0.57020000
vt 0.99420000 0.22190000
vt 0.35770000 0.98480000
vt 0.57460000 0.25010000
vt 0.59090000 0.25010000
vt 0.59090000 0.26010000
vt 0.57460000 0.26010000
vt 0.03780000 0.94000000
vt 0.02140000 0.94000000
vt 0.02140000 0.92990000
vt 0.03780000 0.92990000
vt 0.60040000 0.25010000
vt 0.45260000 0.93560000
vt 0.32150000 0.98660000
vt 0.45260000 0.91560000
vt 0.33150000 0.98660000
vt 0.46260000 0.91560000
vt 0.60040000 0.26010000
vt 0.46260000 0.93560000
vt 0.61950000 0.53310000
vt 0.57460000 0.24430000
vt 0.63950000 0.53310000
vt 0.62010000 0.76730000
vt 0.63950000 0.54950000
vt 0.62010000 0.75090000
vt 0.61950000 0.54950000
vt 0.59090000 0.24430000
vt 0.31170000 0.95040000
vt 0.56510000 0.26010000
vt 0.95200000 0.26360000
vt 0.20020000 0.95040000
vt 0.20020000 0.89450000
vt 0.96200000 0.26360000
vt 0.31170000 0.89450000
vt 0.56510000 0.25010000
vt 0.59090000 0.26590000
vt 0.72110000 0.14670000
vt 0.65480000 0.24460000
vt 0.60960000 0.14670000
vt 0.67120000 0.24460000
vt 0.60960000 0.05510000
vt 0.72110000 0.05510000
vt 0.57460000 0.26590000
vt 0.95200000 0.26180000
vt 0.04610000 0.94000000
vt 0.04610000 0.92990000
vt 0.96200000 0.26180000
vt 0.01300000 0.92990000
vt 0.32150000 0.98490000
vt 0.33150000 0.98480000
vt 0.01300000 0.94000000
vt 0.56510000 0.24430000
vt 0.31170000 0.86200000
vt 0.61950000 0.52360000
vt 0.20020000 0.86200000
vt 0.62010000 0.77680000
vt 0.96780000 0.26360000
vt 0.63950000 0.52360000
vt 0.63950000 0.55900000
vt 0.62010000 0.74140000
vt 0.44680000 0.91560000
vt 0.31570000 0.98670000
vt 0.61950000 0.55900000
vt 0.44680000 0.93560000
vt 0.60040000 0.24430000
vt 0.46840000 0.93560000
vt 0.60040000 0.26590000
vt 0.72110000 0.19980000
vt 0.64530000 0.24460000
vt 0.33730000 0.98660000
vt 0.46840000 0.91560000
vt 0.60960000 0.19980000
vt 0.94620000 0.26360000
vt 0.68070000 0.24470000
vt 0.60960000 0.00200000
vt 0.20020000 0.98290000
vt 0.31170000 0.98290000
vt 0.72110000 0.00200000
vt 0.56510000 0.26590000
vt 0.03780000 0.94460000
vt 0.67120000 0.24280000
vt 0.02140000 0.94460000
vt 0.65480000 0.24280000
vt 0.02140000 0.92530000
vt 0.61830000 0.75090000
vt 0.03780000 0.92530000
vt 0.61820000 0.76730000
vt 0.04610000 0.94460000
vt 0.67950000 0.24280000
vt 0.94740000 0.26180000
vt 0.96660000 0.26170000
vt 0.61830000 0.77550000
vt 0.04610000 0.92530000
vt 0.01300000 0.92530000
vt 0.61830000 0.74260000
vt 0.31690000 0.98480000
vt 0.01300000 0.94460000
vt 0.33610000 0.98480000
vt 0.64650000 0.24280000
vt 0.57990000 0.87530000
vt 0.57990000 0.85890000
vt 0.58990000 0.85890000
vt 0.58990000 0.87530000
vt 0.89600000 0.58500000
vt 0.87960000 0.58500000
vt 0.87960000 0.57490000
vt 0.89600000 0.57490000
vt 0.86550000 0.47800000
vt 0.57990000 0.84940000
vt 0.75400000 0.47800000
vt 0.62950000 0.75720000
vt 0.75400000 0.42210000
vt 0.62950000 0.74720000
vt 0.58990000 0.84940000
vt 0.86550000 0.42210000
vt 0.76090000 0.24340000
vt 0.57410000 0.87530000
vt 0.33310000 0.97530000
vt 0.76090000 0.22350000
vt 0.34940000 0.97540000
vt 0.77730000 0.22350000
vt 0.57410000 0.85890000
vt 0.77730000 0.24340000
vt 0.58990000 0.88480000
vt 0.92080000 0.53000000
vt 0.92080000 0.51180000
vt 0.63330000 0.75720000
vt 0.63330000 0.74720000
vt 0.93080000 0.51180000
vt 0.57990000 0.88480000
vt 0.93080000 0.53000000
vt 0.38660000 0.14670000
vt 0.59570000 0.85890000
vt 0.99050000 0.23020000
vt 0.27510000 0.14670000
vt 0.99050000 0.24660000
vt 0.27510000 0.05510000
vt 0.38660000 0.05510000
vt 0.59570000 0.87530000
vt 0.90430000 0.58500000
vt 0.63150000 0.75720000
vt 0.63150000 0.74720000
vt 0.90430000 0.57490000
vt 0.62770000 0.75720000
vt 0.87130000 0.57490000
vt 0.87130000 0.58500000
vt 0.62770000 0.74720000
vt 0.75140000 0.24340000
vt 0.93670000 0.53000000
vt 0.57410000 0.88480000
vt 0.63320000 0.74140000
vt 0.75140000 0.22350000
vt 0.93670000 0.51180000
vt 0.32360000 0.97530000
vt 0.78680000 0.22350000
vt 0.75400000 0.51050000
vt 0.62950000 0.76300000
vt 0.35890000 0.97540000
vt 0.86550000 0.51050000
vt 0.57410000 0.84940000
vt 0.78680000 0.24340000
vt 0.86550000 0.38960000
vt 0.59570000 0.84940000
vt 0.38660000 0.19980000
vt 0.27510000 0.19980000
vt 0.75400000 0.38960000
vt 0.62950000 0.74140000
vt 0.99050000 0.22070000
vt 0.63330000 0.76300000
vt 0.91500000 0.51180000
vt 0.27510000 0.00200000
vt 0.99050000 0.25610000
vt 0.38660000 0.00200000
vt 0.59570000 0.88480000
vt 0.91500000 0.53000000
vt 0.89600000 0.58960000
vt 0.99230000 0.24660000
vt 0.99240000 0.23020000
vt 0.87960000 0.58960000
vt 0.87960000 0.57030000
vt 0.34940000 0.97350000
vt 0.33310000 0.97350000
vt 0.89600000 0.57030000
vt 0.99230000 0.25490000
vt 0.63150000 0.76180000
vt 0.90440000 0.58960000
vt 0.32480000 0.97350000
vt 0.63140000 0.74260000
vt 0.90440000 0.57030000
vt 0.87130000 0.57030000
vt 0.35770000 0.97350000
vt 0.62770000 0.76180000
vt 0.62770000 0.74260000
vt 0.99240000 0.22190000
vt 0.87130000 0.58960000
vt 0.60150000 0.87530000
vt 0.60150000 0.85890000
vt 0.61150000 0.85890000
vt 0.61150000 0.87530000
vt 0.58560000 0.51530000
vt 0.58560000 0.49880000
vt 0.59560000 0.49880000
vt 0.59560000 0.51530000
vt 0.96420000 0.53000000
vt 0.60150000 0.84940000
vt 0.96420000 0.51180000
vt 0.03260000 0.97960000
vt 0.97420000 0.51180000
vt 0.04260000 0.97950000
vt 0.61150000 0.84940000
vt 0.97420000 0.53000000
vt 0.59570000 0.87530000
vt 0.32690000 0.22100000
vt 0.32690000 0.20110000
vt 0.94980000 0.25420000
vt 0.96620000 0.25420000
vt 0.34330000 0.20110000
vt 0.34330000 0.22100000
vt 0.59570000 0.85890000
vt 0.61150000 0.88480000
vt 0.45260000 0.91560000
vt 0.97370000 0.26550000
vt 0.45260000 0.89570000
vt 0.46260000 0.89570000
vt 0.98370000 0.26550000
vt 0.46260000 0.91560000
vt 0.60150000 0.88480000
vt 0.69020000 0.24340000
vt 0.61730000 0.85890000
vt 0.69020000 0.22350000
vt 0.48590000 0.98270000
vt 0.50230000 0.98270000
vt 0.70660000 0.22350000
vt 0.70660000 0.24340000
vt 0.61730000 0.87530000
vt 0.97360000 0.26370000
vt 0.58560000 0.52360000
vt 0.59560000 0.52360000
vt 0.98370000 0.26370000
vt 0.03260000 0.97780000
vt 0.59560000 0.49050000
vt 0.58560000 0.49050000
vt 0.04260000 0.97770000
vt 0.46840000 0.91560000
vt 0.59570000 0.88480000
vt 0.31750000 0.22100000
vt 0.98950000 0.26540000
vt 0.94030000 0.25410000
vt 0.31750000 0.20110000
vt 0.46840000 0.89570000
vt 0.02680000 0.97960000
vt 0.97570000 0.25420000
vt 0.95840000 0.51180000
vt 0.35280000 0.20110000
vt 0.59570000 0.84940000
vt 0.35280000 0.22100000
vt 0.95840000 0.53000000
vt 0.98010000 0.53000000
vt 0.68070000 0.24340000
vt 0.61730000 0.84940000
vt 0.68070000 0.22350000
vt 0.98010000 0.51180000
vt 0.04840000 0.97950000
vt 0.47640000 0.98260000
vt 0.71610000 0.22350000
vt 0.96780000 0.26550000
vt 0.51180000 0.98270000
vt 0.44680000 0.89570000
vt 0.61730000 0.88480000
vt 0.71610000 0.24340000
vt 0.44680000 0.91560000
vt 0.50230000 0.98080000
vt 0.58100000 0.51530000
vt 0.48590000 0.98080000
vt 0.58100000 0.49880000
vt 0.96620000 0.25230000
vt 0.60020000 0.49880000
vt 0.94980000 0.25230000
vt 0.60020000 0.51530000
vt 0.51060000 0.98090000
vt 0.58100000 0.52360000
vt 0.96910000 0.26370000
vt 0.98830000 0.26360000
vt 0.60020000 0.52360000
vt 0.94160000 0.25230000
vt 0.60020000 0.49050000
vt 0.97450000 0.25240000
vt 0.02800000 0.97780000
vt 0.04720000 0.97770000
vt 0.58100000 0.49050000
vt 0.47760000 0.98080000
vt 0.86710000 0.22930000
vt 0.88340000 0.22930000
vt 0.88340000 0.23930000
vt 0.86710000 0.23930000
vt 0.58490000 0.65680000
vt 0.58490000 0.64030000
vt 0.59500000 0.64030000
vt 0.59500000 0.65680000
vt 0.51210000 0.91560000
vt 0.89290000 0.22930000
vt 0.51210000 0.89560000
vt 0.62580000 0.82790000
vt 0.62570000 0.81790000
vt 0.52210000 0.89560000
vt 0.89290000 0.23930000
vt 0.52210000 0.91560000
vt 0.29160000 0.22100000
vt 0.86710000 0.22350000
vt 0.29160000 0.20110000
vt 0.62010000 0.80260000
vt 0.30800000 0.20110000
vt 0.62010000 0.78630000
vt 0.30800000 0.22100000
vt 0.88340000 0.22350000
vt 0.85760000 0.23930000
vt 0.75400000 0.35710000
vt 0.48810000 0.99210000
vt 0.64250000 0.35710000
vt 0.49810000 0.99210000
vt 0.64250000 0.30120000
vt 0.85760000 0.22930000
vt 0.75400000 0.30120000
vt 0.72560000 0.24340000
vt 0.88340000 0.24510000
vt 0.72560000 0.22350000
vt 0.02250000 0.96640000
vt 0.74190000 0.22350000
vt 0.03890000 0.96640000
vt 0.74190000 0.24340000
vt 0.86710000 0.24510000
vt 0.48810000 0.99030000
vt 0.58490000 0.66510000
vt 0.49810000 0.99030000
vt 0.59500000 0.66510000
vt 0.62400000 0.82800000
vt 0.59500000 0.63200000
vt 0.62390000 0.81790000
vt 0.58490000 0.63200000
vt 0.28210000 0.22100000
vt 0.75400000 0.26870000
vt 0.85760000 0.22350000
vt 0.50390000 0.99210000
vt 0.64250000 0.26870000
vt 0.28210000 0.20110000
vt 0.62010000 0.81210000
vt 0.50630000 0.89560000
vt 0.62010000 0.77680000
vt 0.62580000 0.83380000
vt 0.31750000 0.20110000
vt 0.50630000 0.91560000
vt 0.31750000 0.22100000
vt 0.89290000 0.22350000
vt 0.89290000 0.24510000
vt 0.52790000 0.91560000
vt 0.71610000 0.24340000
vt 0.01300000 0.96640000
vt 0.62570000 0.81210000
vt 0.52790000 0.89560000
vt 0.71610000 0.22350000
vt 0.48230000 0.99210000
vt 0.75140000 0.22350000
vt 0.04840000 0.96640000
vt 0.64250000 0.38960000
vt 0.75400000 0.38960000
vt 0.75140000 0.24340000
vt 0.85760000 0.24510000
vt 0.03890000 0.96460000
vt 0.58030000 0.65680000
vt 0.58030000 0.64030000
vt 0.02250000 0.96450000
vt 0.61830000 0.78630000
vt 0.59960000 0.64030000
vt 0.61820000 0.80260000
vt 0.59960000 0.65680000
vt 0.48350000 0.99030000
vt 0.04720000 0.96460000
vt 0.58030000 0.66510000
vt 0.61830000 0.81090000
vt 0.50270000 0.99020000
vt 0.59960000 0.66510000
vt 0.61830000 0.77800000
vt 0.59960000 0.63200000
vt 0.62400000 0.83250000
vt 0.01430000 0.96450000
vt 0.58030000 0.63200000
vt 0.62390000 0.81340000
f 1/1/1 4/4/4 9/9/9
f 9/9/9 10/10/10 1/1/1
f 13/13/13 16/16/16 21/21/21
f 21/21/21 24/24/24 13/13/13
f 2/2/2 11/11/11 18/18/18
f 18/18/18 15/15/15 2/2/2
f 12/12/12 7/7/7 19/19/19
f 19/19/19 17/17/17 12/12/12
f 8/8/8 6/6/6 22/22/22
f 22/22/22 20/20/20 8/8/8
f 5/5/5 3/3/3 14/14/14
f 14/14/14 23/23/23 5/5/5
f 25/25/25 26/26/26 27/27/27
f 27/27/27 28/28/28 25/25/25
f 26/26/26 29/29/29 30/30/30
f 30/30/30 27/27/27 26/26/26
f 29/29/29 31/31/31 32/32/32
f 32/32/32 30/30/30 29/29/29
f 33/33/33 34/34/34 26/26/26
f 26/26/26 25/25/25 33/33/33
f 34/34/34 35/35/35 29/29/29
f 29/29/29 26/26/26 34/34/34
f 35/35/35 36/36/36 31/31/31
f 31/31/31 29/29/29 35/35/35
f 37/37/37 38/38/38 39/39/39
f 39/39/39 40/40/40 37/37/37
f 41/41/41 42/42/42 43/43/43
f 43/43/43 44/44/44 41/41/41
f 46/46/46 47/47/47 49/49/49
f 49/49/49 52/52/52 46/46/46
f 54/54/54 56/56/56 58/58/58
f 58/58/58 60/60/60 54/54/54
f 62/62/62 63/63/63 66/66/66
f 66/66/66 67/67/67 62/62/62
f 70/70/70 72/72/72 73/73/73
f 73/73/73 76/76/76 70/70/70
f 68/68/68 37/37/37 40/40/40
f 40/40/40 61/61/61 68/68/68
f 51/51/51 39/39/39 38/38/38
f 38/38/38 45/45/45 51/51/51
f 77/77/77 41/41/41 44/44/44
f 44/44/44 79/79/79 77/77/77
f 81/81/81 43/43/43 42/42/42
f 42/42/42 83/83/83 81/81/81
f 85/85/85 89/89/89 56/56/56
f 56/56/56 54/54/54 85/85/85
f 92/92/92 96/96/96 60/60/60
f 60/60/60 58/58/58 92/92/92
f 101/101/101 104/104/104 72/72/72
f 72/72/72 70/70/70 101/101/101
f 109/109/109 110/110/110 76/76/76
f 76/76/76 73/73/73 109/109/109
f 53/53/53 59/59/59 38/38/38
f 38/38/38 37/37/37 53/53/53
f 69/69/69 75/75/75 40/40/40
f 40/40/40 39/39/39 69/69/69
f 113/113/113 115/115/115 42/42/42
f 42/42/42 41/41/41 113/113/113
f 117/117/117 120/120/120 44/44/44
f 44/44/44 43/43/43 117/117/117
f 97/97/97 93/93/93 47/47/47
f 47/47/47 46/46/46 97/97/97
f 105/105/105 100/100/100 52/52/52
f 52/52/52 49/49/49 105/105/105
f 111/111/111 107/107/107 63/63/63
f 63/63/63 62/62/62 111/111/111
f 90/90/90 86/86/86 67/67/67
f 67/67/67 66/66/66 90/90/90
f 87/87/87 53/53/53 37/37/37
f 37/37/37 68/68/68 87/87/87
f 75/75/75 112/112/112 61/61/61
f 61/61/61 40/40/40 75/75/75
f 99/99/99 69/69/69 39/39/39
f 39/39/39 51/51/51 99/99/99
f 59/59/59 98/98/98 45/45/45
f 45/45/45 38/38/38 59/59/59
f 123/123/123 113/113/113 41/41/41
f 41/41/41 77/77/77 123/123/123
f 120/120/120 126/126/126 79/79/79
f 79/79/79 44/44/44 120/120/120
f 129/129/129 117/117/117 43/43/43
f 43/43/43 81/81/81 129/129/129
f 115/115/115 131/131/131 83/83/83
f 83/83/83 42/42/42 115/115/115
f 130/130/130 102/102/102 50/50/50
f 50/50/50 84/84/84 130/130/130
f 127/127/127 95/95/95 57/57/57
f 57/57/57 118/118/118 127/127/127
f 125/125/125 88/88/88 65/65/65
f 65/65/65 80/80/80 125/125/125
f 122/122/122 106/106/106 74/74/74
f 74/74/74 114/114/114 122/122/122
f 118/118/118 57/57/57 55/55/55
f 55/55/55 119/119/119 118/118/118
f 119/119/119 55/55/55 91/91/91
f 91/91/91 124/124/124 119/119/119
f 114/114/114 74/74/74 71/71/71
f 71/71/71 116/116/116 114/114/114
f 116/116/116 71/71/71 103/103/103
f 103/103/103 132/132/132 116/116/116
f 84/84/84 50/50/50 48/48/48
f 48/48/48 82/82/82 84/84/84
f 82/82/82 48/48/48 94/94/94
f 94/94/94 128/128/128 82/82/82
f 80/80/80 65/65/65 64/64/64
f 64/64/64 78/78/78 80/80/80
f 78/78/78 64/64/64 108/108/108
f 108/108/108 121/121/121 78/78/78
f 133/133/133 134/134/134 135/135/135
f 135/135/135 136/136/136 133/133/133
f 137/137/137 138/138/138 139/139/139
f 139/139/139 140/140/140 137/137/137
f 142/142/142 143/143/143 145/145/145
f 145/145/145 148/148/148 142/142/142
f 149/149/149 151/151/151 153/153/153
f 153/153/153 155/155/155 149/149/149
f 157/157/157 159/159/159 161/161/161
f 161/161/161 164/164/164 157/157/157
f 166/166/166 168/168/168 169/169/169
f 169/169/169 172/172/172 166/166/166
f 163/163/163 133/133/133 136/136/136
f 136/136/136 158/158/158 163/163/163
f 147/147/147 135/135/135 134/134/134
f 134/134/134 141/141/141 147/147/147
f 174/174/174 137/137/137 140/140/140
f 140/140/140 176/176/176 174/174/174
f 177/177/177 139/139/139 138/138/138
f 138/138/138 180/180/180 177/177/177
f 183/183/183 187/187/187 151/151/151
f 151/151/151 149/149/149 183/183/183
f 188/188/188 192/192/192 155/155/155
f 155/155/155 153/153/153 188/188/188
f 195/195/195 201/201/201 168/168/168
f 168/168/168 166/166/166 195/195/195
f 205/205/205 207/207/207 172/172/172
f 172/172/172 169/169/169 205/205/205
f 150/150/150 156/156/156 134/134/134
f 134/134/134 133/133/133 150/150/150
f 165/165/165 171/171/171 136/136/136
f 136/136/136 135/135/135 165/165/165
f 210/210/210 212/212/212 138/138/138
f 138/138/138 137/137/137 210/210/210
f 214/214/214 216/216/216 140/140/140
f 140/140/140 139/139/139 214/214/214
f 193/193/193 191/191/191 143/143/143
f 143/143/143 142/142/142 193/193/193
f 200/200/200 197/197/197 148/148/148
f 148/148/148 145/145/145 200/200/200
f 208/208/208 202/202/202 159/159/159
f 159/159/159 157/157/157 208/208/208
f 186/186/186 182/182/182 164/164/164
f 164/164/164 161/161/161 186/186/186
f 181/181/181 150/150/150 133/133/133
f 133/133/133 163/163/163 181/181/181
f 171/171/171 206/206/206 158/158/158
f 158/158/158 136/136/136 171/171/171
f 196/196/196 165/165/165 135/135/135
f 135/135/135 147/147/147 196/196/196
f 156/156/156 194/194/194 141/141/141
f 141/141/141 134/134/134 156/156/156
f 219/219/219 210/210/210 137/137/137
f 137/137/137 174/174/174 219/219/219
f 216/216/216 221/221/221 176/176/176
f 176/176/176 140/140/140 216/216/216
f 223/223/223 214/214/214 139/139/139
f 139/139/139 177/177/177 223/223/223
f 212/212/212 227/227/227 180/180/180
f 180/180/180 138/138/138 212/212/212
f 228/228/228 198/198/198 146/146/146
f 146/146/146 179/179/179 228/228/228
f 224/224/224 190/190/190 154/154/154
f 154/154/154 213/213/213 224/224/224
f 222/222/222 184/184/184 162/162/162
f 162/162/162 175/175/175 222/222/222
f 218/218/218 203/203/203 170/170/170
f 170/170/170 209/209/209 218/218/218
f 213/213/213 154/154/154 152/152/152
f 152/152/152 215/215/215 213/213/213
f 215/215/215 152/152/152 185/185/185
f 185/185/185 220/220/220 215/215/215
f 209/209/209 170/170/170 167/167/167
f 167/167/167 211/211/211 209/209/209
f 211/211/211 167/167/167 199/199/199
f 199/199/199 226/226/226 211/211/211
f 179/179/179 146/146/146 144/144/144
f 144/144/144 178/178/178 179/179/179
f 178/178/178 144/144/144 189/189/189
f 189/189/189 225/225/225 178/178/178
f 175/175/175 162/162/162 160/160/160
f 160/160/160 173/173/173 175/175/175
f 173/173/173 160/160/160 204/204/204
f 204/204/204 217/217/217 173/173/173
f 229/229/229 230/230/230 231/231/231
f 231/231/231 232/232/232 229/229/229
f 233/233/233 234/234/234 235/235/235
f 235/235/235 236/236/236 233/233/233
f 237/237/237 240/240/240 241/241/241
f 241/241/241 244/244/244 237/237/237
f 245/245/245 248/248/248 250/250/250
f 250/250/250 251/251/251 245/245/245
f 254/254/254 256/256/256 258/258/258
f 258/258/258 260/260/260 254/254/254
f 261/261/261 264/264/264 266/266/266
f 266/266/266 267/267/267 261/261/261
f 259/259/259 229/229/229 232/232/232
f 232/232/232 253/253/253 259/259/259
f 243/243/243 231/231/231 230/230/230
f 230/230/230 238/238/238 243/243/243
f 270/270/270 233/233/233 236/236/236
f 236/236/236 271/271/271 270/270/270
f 274/274/274 235/235/235 234/234/234
f 234/234/234 275/275/275 274/274/274
f 279/279/279 281/281/281 248/248/248
f 248/248/248 245/245/245 279/279/279
f 284/284/284 290/290/290 251/251/251
f 251/251/251 250/250/250 284/284/284
f 292/292/292 294/294/294 264/264/264
f 264/264/264 261/261/261 292/292/292
f 301/301/301 303/303/303 267/267/267
f 267/267/267 266/266/266 301/301/301
f 246/246/246 252/252/252 230/230/230
f 230/230/230 229/229/229 246/246/246
f 262/262/262 268/268/268 232/232/232
f 232/232/232 231/231/231 262/262/262
f 306/306/306 307/307/307 234/234/234
f 234/234/234 233/233/233 306/306/306
f 309/309/309 311/311/311 236/236/236
f 236/236/236 235/235/235 309/309/309
f 289/289/289 285/285/285 240/240/240
f 240/240/240 237/237/237 289/289/289
f 297/297/297 293/293/293 244/244/244
f 244/244/244 241/241/241 297/297/297
f 304/304/304 300/300/300 256/256/256
f 256/256/256 254/254/254 304/304/304
f 280/280/280 277/277/277 260/260/260
f 260/260/260 258/258/258 280/280/280
f 278/278/278 246/246/246 229/229/229
f 229/229/229 259/259/259 278/278/278
f 268/268/268 302/302/302 253/253/253
f 253/253/253 232/232/232 268/268/268
f 291/291/291 262/262/262 231/231/231
f 231/231/231 243/243/243 291/291/291
f 252/252/252 288/288/288 238/238/238
f 238/238/238 230/230/230 252/252/252
f 314/314/314 306/306/306 233/233/233
f 233/233/233 270/270/270 314/314/314
f 311/311/311 316/316/316 271/271/271
f 271/271/271 236/236/236 311/311/311
f 320/320/320 309/309/309 235/235/235
f 235/235/235 274/274/274 320/320/320
f 307/307/307 324/324/324 275/275/275
f 275/275/275 234/234/234 307/307/307
f 322/322/322 295/295/295 242/242/242
f 242/242/242 276/276/276 322/322/322
f 319/319/319 287/287/287 249/249/249
f 249/249/249 310/310/310 319/319/319
f 317/317/317 282/282/282 257/257/257
f 257/257/257 272/272/272 317/317/317
f 315/315/315 298/298/298 265/265/265
f 265/265/265 305/305/305 315/315/315
f 310/310/310 249/249/249 247/247/247
f 247/247/247 312/312/312 310/310/310
f 312/312/312 247/247/247 283/283/283
f 283/283/283 318/318/318 312/312/312
f 305/305/305 265/265/265 263/263/263
f 263/263/263 308/308/308 305/305/305
f 308/308/308 263/263/263 296/296/296
f 296/296/296 323/323/323 308/308/308
f 276/276/276 242/242/242 239/239/239
f 239/239/239 273/273/273 276/276/276
f 273/273/273 239/239/239 286/286/286
f 286/286/286 321/321/321 273/273/273
f 272/272/272 257/257/257 255/255/255
f 255/255/255 269/269/269 272/272/272
f 269/269/269 255/255/255 299/299/299
f 299/299/299 313/313/313 269/269/269
f 325/325/325 326/326/326 327/327/327
f 327/327/327 328/328/328 325/325/325
f 329/329/329 330/330/330 331/331/331
f 331/331/331 332/332/332 329/329/329
f 334/334/334 335/335/335 337/337/337
f 337/337/337 340/340/340 334/334/334
f 342/342/342 343/343/343 346/346/346
f 346/346/346 347/347/347 342/342/342
f 349/349/349 351/351/351 353/353/353
f 353/353/353 355/355/355 349/349/349
f 358/358/358 359/359/359 361/361/361
f 361/361/361 363/363/363 358/358/358
f 356/356/356 325/325/325 328/328/328
f 328/328/328 350/350/350 356/356/356
f 339/339/339 327/327/327 326/326/326
f 326/326/326 333/333/333 339/339/339
f 365/365/365 329/329/329 332/332/332
f 332/332/332 367/367/367 365/365/365
f 369/369/369 331/331/331 330/330/330
f 330/330/330 372/372/372 369/369/369
f 374/374/374 378/378/378 343/343/343
f 343/343/343 342/342/342 374/374/374
f 381/381/381 385/385/385 347/347/347
f 347/347/347 346/346/346 381/381/381
f 387/387/387 392/392/392 359/359/359
f 359/359/359 358/358/358 387/387/387
f 394/394/394 400/400/400 363/363/363
f 363/363/363 361/361/361 394/394/394
f 341/341/341 348/348/348 326/326/326
f 326/326/326 325/325/325 341/341/341
f 357/357/357 364/364/364 328/328/328
f 328/328/328 327/327/327 357/357/357
f 401/401/401 403/403/403 330/330/330
f 330/330/330 329/329/329 401/401/401
f 405/405/405 407/407/407 332/332/332
f 332/332/332 331/331/331 405/405/405
f 384/384/384 380/380/380 335/335/335
f 335/335/335 334/334/334 384/384/384
f 393/393/393 389/389/389 340/340/340
f 340/340/340 337/337/337 393/393/393
f 398/398/398 395/395/395 351/351/351
f 351/351/351 349/349/349 398/398/398
f 377/377/377 373/373/373 355/355/355
f 355/355/355 353/353/353 377/377/377
f 375/375/375 341/341/341 325/325/325
f 325/325/325 356/356/356 375/375/375
f 364/364/364 399/399/399 350/350/350
f 350/350/350 328/328/328 364/364/364
f 388/388/388 357/357/357 327/327/327
f 327/327/327 339/339/339 388/388/388
f 348/348/348 386/386/386 333/333/333
f 333/333/333 326/326/326 348/348/348
f 409/409/409 401/401/401 329/329/329
f 329/329/329 365/365/365 409/409/409
f 407/407/407 413/413/413 367/367/367
f 367/367/367 332/332/332 407/407/407
f 416/416/416 405/405/405 331/331/331
f 331/331/331 369/369/369 416/416/416
f 403/403/403 419/419/419 372/372/372
f 372/372/372 330/330/330 403/403/403
f 420/420/420 390/390/390 338/338/338
f 338/338/338 371/371/371 420/420/420
f 415/415/415 382/382/382 345/345/345
f 345/345/345 406/406/406 415/415/415
f 412/412/412 379/379/379 354/354/354
f 354/354/354 368/368/368 412/412/412
f 411/411/411 396/396/396 362/362/362
f 362/362/362 402/402/402 411/411/411
f 406/406/406 345/345/345 344/344/344
f 344/344/344 408/408/408 406/406/406
f 408/408/408 344/344/344 376/376/376
f 376/376/376 414/414/414 408/408/408
f 402/402/402 362/362/362 360/360/360
f 360/360/360 404/404/404 402/402/402
f 404/404/404 360/360/360 391/391/391
f 391/391/391 418/418/418 404/404/404
f 371/371/371 338/338/338 336/336/336
f 336/336/336 370/370/370 371/371/371
f 370/370/370 336/336/336 383/383/383
f 383/383/383 417/417/417 370/370/370
f 368/368/368 354/354/354 352/352/352
f 352/352/352 366/366/366 368/368/368
f 366/366/366 352/352/352 397/397/397
f 397/397/397 410/410/410 366/366/366
f 421/421/421 422/422/422 423/423/423
f 423/423/423 424/424/424 421/421/421
f 425/425/425 426/426/426 427/427/427
f 427/427/427 428/428/428 425/425/425
f 429/429/429 431/431/431 433/433/433
f 433/433/433 435/435/435 429/429/429
f 438/438/438 440/440/440 441/441/441
f 441/441/441 443/443/443 438/438/438
f 446/446/446 447/447/447 450/450/450
f 450/450/450 452/452/452 446/446/446
f 453/453/453 455/455/455 458/458/458
f 458/458/458 460/460/460 453/453/453
f 451/451/451 421/421/421 424/424/424
f 424/424/424 445/445/445 451/451/451
f 436/436/436 423/423/423 422/422/422
f 422/422/422 430/430/430 436/436/436
f 461/461/461 425/425/425 428/428/428
f 428/428/428 464/464/464 461/461/461
f 465/465/465 427/427/427 426/426/426
f 426/426/426 467/467/467 465/465/465
f 470/470/470 473/473/473 440/440/440
f 440/440/440 438/438/438 470/470/470
f 476/476/476 482/482/482 443/443/443
f 443/443/443 441/441/441 476/476/476
f 483/483/483 486/486/486 455/455/455
f 455/455/455 453/453/453 483/483/483
f 491/491/491 495/495/495 460/460/460
f 460/460/460 458/458/458 491/491/491
f 437/437/437 444/444/444 422/422/422
f 422/422/422 421/421/421 437/437/437
f 454/454/454 459/459/459 424/424/424
f 424/424/424 423/423/423 454/454/454
f 497/497/497 499/499/499 426/426/426
f 426/426/426 425/425/425 497/497/497
f 501/501/501 504/504/504 428/428/428
f 428/428/428 427/427/427 501/501/501
f 481/481/481 477/477/477 431/431/431
f 431/431/431 429/429/429 481/481/481
f 487/487/487 485/485/485 435/435/435
f 435/435/435 433/433/433 487/487/487
f 494/494/494 490/490/490 447/447/447
f 447/447/447 446/446/446 494/494/494
f 472/472/472 469/469/469 452/452/452
f 452/452/452 450/450/450 472/472/472
f 471/471/471 437/437/437 421/421/421
f 421/421/421 451/451/451 471/471/471
f 459/459/459 496/496/496 445/445/445
f 445/445/445 424/424/424 459/459/459
f 484/484/484 454/454/454 423/423/423
f 423/423/423 436/436/436 484/484/484
f 444/444/444 480/480/480 430/430/430
f 430/430/430 422/422/422 444/444/444
f 506/506/506 497/497/497 425/425/425
f 425/425/425 461/461/461 506/506/506
f 504/504/504 509/509/509 464/464/464
f 464/464/464 428/428/428 504/504/504
f 511/511/511 501/501/501 427/427/427
f 427/427/427 465/465/465 511/511/511
f 499/499/499 514/514/514 467/467/467
f 467/467/467 426/426/426 499/499/499
f 515/515/515 489/489/489 434/434/434
f 434/434/434 468/468/468 515/515/515
f 512/512/512 478/478/478 442/442/442
f 442/442/442 502/502/502 512/512/512
f 508/508/508 474/474/474 449/449/449
f 449/449/449 463/463/463 508/508/508
f 505/505/505 493/493/493 457/457/457
f 457/457/457 498/498/498 505/505/505
f 502/502/502 442/442/442 439/439/439
f 439/439/439 503/503/503 502/502/502
f 503/503/503 439/439/439 475/475/475
f 475/475/475 510/510/510 503/503/503
f 498/498/498 457/457/457 456/456/456
f 456/456/456 500/500/500 498/498/498
f 500/500/500 456/456/456 488/488/488
f 488/488/488 516/516/516 500/500/500
f 468/468/468 434/434/434 432/432/432
f 432/432/432 466/466/466 468/468/468
f 466/466/466 432/432/432 479/479/479
f 479/479/479 513/513/513 466/466/466
f 463/463/463 449/449/449 448/448/448
f 448/448/448 462/462/462 463/463/463
f 462/462/462 448/448/448 492/492/492
f 492/492/492 507/507/507 462/462/462
f 517/517/517 518/518/518 519/519/519
f 519/519/519 520/520/520 517/517/517
f 521/521/521 522/522/522 523/523/523
f 523/523/523 524/524/524 521/521/521
f 526/526/526 527/527/527 529/529/529
f 529/529/529 532/532/532 526/526/526
f 534/534/534 536/536/536 537/537/537
f 537/537/537 539/539/539 534/534/534
f 542/542/542 543/543/543 546/546/546
f 546/546/546 547/547/547 542/542/542
f 549/549/549 552/552/552 554/554/554
f 554/554/554 556/556/556 549/549/549
f 548/548/548 517/517/517 520/520/520
f 520/520/520 541/541/541 548/548/548
f 531/531/531 519/519/519 518/518/518
f 518/518/518 525/525/525 531/531/531
f 557/557/557 521/521/521 524/524/524
f 524/524/524 559/559/559 557/557/557
f 562/562/562 523/523/523 522/522/522
f 522/522/522 563/563/563 562/562/562
f 565/565/565 569/569/569 536/536/536
f 536/536/536 534/534/534 565/565/565
f 572/572/572 576/576/576 539/539/539
f 539/539/539 537/537/537 572/572/572
f 579/579/579 585/585/585 552/552/552
f 552/552/552 549/549/549 579/579/579
f 587/587/587 592/592/592 556/556/556
f 556/556/556 554/554/554 587/587/587
f 533/533/533 540/540/540 518/518/518
f 518/518/518 517/517/517 533/533/533
f 550/550/550 555/555/555 520/520/520
f 520/520/520 519/519/519 550/550/550
f 594/594/594 595/595/595 522/522/522
f 522/522/522 521/521/521 594/594/594
f 597/597/597 599/599/599 524/524/524
f 524/524/524 523/523/523 597/597/597
f 577/577/577 574/574/574 527/527/527
f 527/527/527 526/526/526 577/577/577
f 584/584/584 581/581/581 532/532/532
f 532/532/532 529/529/529 584/584/584
f 591/591/591 586/586/586 543/543/543
f 543/543/543 542/542/542 591/591/591
f 568/568/568 566/566/566 547/547/547
f 547/547/547 546/546/546 568/568/568
f 567/567/567 533/533/533 517/517/517
f 517/517/517 548/548/548 567/567/567
f 555/555/555 590/590/590 541/541/541
f 541/541/541 520/520/520 555/555/555
f 580/580/580 550/550/550 519/519/519
f 519/519/519 531/531/531 580/580/580
f 540/540/540 578/578/578 525/525/525
f 525/525/525 518/518/518 540/540/540
f 602/602/602 594/594/594 521/521/521
f 521/521/521 557/557/557 602/602/602
f 599/599/599 606/606/606 559/559/559
f 559/559/559 524/524/524 599/599/599
f 609/609/609 597/597/597 523/523/523
f 523/523/523 562/562/562 609/609/609
f 595/595/595 612/612/612 563/563/563
f 563/563/563 522/522/522 595/595/595
f 610/610/610 582/582/582 530/530/530
f 530/530/530 564/564/564 610/610/610
f 608/608/608 575/575/575 538/538/538
f 538/538/538 598/598/598 608/608/608
f 605/605/605 571/571/571 545/545/545
f 545/545/545 560/560/560 605/605/605
f 601/601/601 588/588/588 553/553/553
f 553/553/553 593/593/593 601/601/601
f 598/598/598 538/538/538 535/535/535
f 535/535/535 600/600/600 598/598/598
f 600/600/600 535/535/535 570/570/570
f 570/570/570 604/604/604 600/600/600
f 593/593/593 553/553/553 551/551/551
f 551/551/551 596/596/596 593/593/593
f 596/596/596 551/551/551 583/583/583
f 583/583/583 611/611/611 596/596/596
f 564/564/564 530/530/530 528/528/528
f 528/528/528 561/561/561 564/564/564
f 561/561/561 528/528/528 573/573/573
f 573/573/573 607/607/607 561/561/561
f 560/560/560 545/545/545 544/544/544
f 544/544/544 558/558/558 560/560/560
f 558/558/558 544/544/544 589/589/589
f 589/589/589 603/603/603 558/558/558
f 613/613/613 614/614/614 615/615/615
f 615/615/615 616/616/616 613/613/613
f 617/617/617 618/618/618 619/619/619
f 619/619/619 620/620/620 617/617/617
f 622/622/622 624/624/624 625/625/625
f 625/625/625 628/628/628 622/622/622
f 630/630/630 632/632/632 634/634/634
f 634/634/634 635/635/635 630/630/630
f 637/637/637 639/639/639 642/642/642
f 642/642/642 644/644/644 637/637/637
f 646/646/646 647/647/647 649/649/649
f 649/649/649 652/652/652 646/646/646
f 643/643/643 613/613/613 616/616/616
f 616/616/616 638/638/638 643/643/643
f 627/627/627 615/615/615 614/614/614
f 614/614/614 621/621/621 627/627/627
f 653/653/653 617/617/617 620/620/620
f 620/620/620 655/655/655 653/653/653
f 658/658/658 619/619/619 618/618/618
f 618/618/618 659/659/659 658/658/658
f 661/661/661 664/664/664 632/632/632
f 632/632/632 630/630/630 661/661/661
f 671/671/671 674/674/674 635/635/635
f 635/635/635 634/634/634 671/671/671
f 676/676/676 681/681/681 647/647/647
f 647/647/647 646/646/646 676/676/676
f 684/684/684 686/686/686 652/652/652
f 652/652/652 649/649/649 684/684/684
f 629/629/629 636/636/636 614/614/614
f 614/614/614 613/613/613 629/629/629
f 645/645/645 651/651/651 616/616/616
f 616/616/616 615/615/615 645/645/645
f 689/689/689 692/692/692 618/618/618
f 618/618/618 617/617/617 689/689/689
f 694/694/694 695/695/695 620/620/620
f 620/620/620 619/619/619 694/694/694
f 672/672/672 669/669/669 624/624/624
f 624/624/624 622/622/622 672/672/672
f 680/680/680 675/675/675 628/628/628
f 628/628/628 625/625/625 680/680/680
f 688/688/688 683/683/683 639/639/639
f 639/639/639 637/637/637 688/688/688
f 667/667/667 662/662/662 644/644/644
f 644/644/644 642/642/642 667/667/667
f 663/663/663 629/629/629 613/613/613
f 613/613/613 643/643/643 663/663/663
f 651/651/651 687/687/687 638/638/638
f 638/638/638 616/616/616 651/651/651
f 677/677/677 645/645/645 615/615/615
f 615/615/615 627/627/627 677/677/677
f 636/636/636 673/673/673 621/621/621
f 621/621/621 614/614/614 636/636/636
f 698/698/698 689/689/689 617/617/617
f 617/617/617 653/653/653 698/698/698
f 695/695/695 700/700/700 655/655/655
f 655/655/655 620/620/620 695/695/695
f 705/705/705 694/694/694 619/619/619
f 619/619/619 658/658/658 705/705/705
f 692/692/692 708/708/708 659/659/659
f 659/659/659 618/618/618 692/692/692
f 707/707/707 678/678/678 626/626/626
f 626/626/626 660/660/660 707/707/707
f 704/704/704 670/670/670 633/633/633
f 633/633/633 693/693/693 704/704/704
f 701/701/701 665/665/665 641/641/641
f 641/641/641 656/656/656 701/701/701
f 699/699/699 682/682/682 650/650/650
f 650/650/650 690/690/690 699/699/699
f 693/693/693 633/633/633 631/631/631
f 631/631/631 696/696/696 693/693/693
f 696/696/696 631/631/631 666/666/666
f 666/666/666 702/702/702 696/696/696
f 690/690/690 650/650/650 648/648/648
f 648/648/648 691/691/691 690/690/690
f 691/691/691 648/648/648 679/679/679
f 679/679/679 706/706/706 691/691/691
f 660/660/660 626/626/626 623/623/623
f 623/623/623 657/657/657 660/660/660
f 657/657/657 623/623/623 668/668/668
f 668/668/668 703/703/703 657/657/657
f 656/656/656 641/641/641 640/640/640
f 640/640/640 654/654/654 656/656/656
f 654/654/654 640/640/640 685/685/685
f 685/685/685 697/697/697 654/654/654
f 709/709/709 710/710/710 711/711/711
f 711/711/711 712/712/712 709/709/709
f 713/713/713 714/714/714 715/715/715
f 715/715/715 716/716/716 713/713/713
f 717/717/717 719/719/719 722/722/722
f 722/722/722 723/723/723 717/717/717
f 726/726/726 727/727/727 730/730/730
f 730/730/730 731/731/731 726/726/726
f 734/734/734 735/735/735 737/737/737
f 737/737/737 739/739/739 734/734/734
f 741/741/741 743/743/743 746/746/746
f 746/746/746 747/747/747 741/741/741
f 740/740/740 709/709/709 712/712/712
f 712/712/712 733/733/733 740/740/740
f 724/724/724 711/711/711 710/710/710
f 710/710/710 718/718/718 724/724/724
f 749/749/749 713/713/713 716/716/716
f 716/716/716 751/751/751 749/749/749
f 753/753/753 715/715/715 714/714/714
f 714/714/714 756/756/756 753/753/753
f 758/758/758 761/761/761 727/727/727
f 727/727/727 726/726/726 758/758/758
f 764/764/764 770/770/770 731/731/731
f 731/731/731 730/730/730 764/764/764
f 773/773/773 774/774/774 743/743/743
f 743/743/743 741/741/741 773/773/773
f 781/781/781 782/782/782 747/747/747
f 747/747/747 746/746/746 781/781/781
f 725/725/725 732/732/732 710/710/710
f 710/710/710 709/709/709 725/725/725
f 742/742/742 748/748/748 712/712/712
f 712/712/712 711/711/711 742/742/742
f 786/786/786 787/787/787 714/714/714
f 714/714/714 713/713/713 786/786/786
f 790/790/790 792/792/792 716/716/716
f 716/716/716 715/715/715 790/790/790
f 769/769/769 766/766/766 719/719/719
f 719/719/719 717/717/717 769/769/769
f 776/776/776 772/772/772 723/723/723
f 723/723/723 722/722/722 776/776/776
f 783/783/783 780/780/780 735/735/735
f 735/735/735 734/734/734 783/783/783
f 762/762/762 759/759/759 739/739/739
f 739/739/739 737/737/737 762/762/762
f 757/757/757 725/725/725 709/709/709
f 709/709/709 740/740/740 757/757/757
f 748/748/748 784/784/784 733/733/733
f 733/733/733 712/712/712 748/748/748
f 771/771/771 742/742/742 711/711/711
f 711/711/711 724/724/724 771/771/771
f 732/732/732 768/768/768 718/718/718
f 718/718/718 710/710/710 732/732/732
f 795/795/795 786/786/786 713/713/713
f 713/713/713 749/749/749 795/795/795
f 792/792/792 797/797/797 751/751/751
f 751/751/751 716/716/716 792/792/792
f 800/800/800 790/790/790 715/715/715
f 715/715/715 753/753/753 800/800/800
f 787/787/787 803/803/803 756/756/756
f 756/756/756 714/714/714 787/787/787
f 804/804/804 777/777/777 721/721/721
f 721/721/721 755/755/755 804/804/804
f 801/801/801 767/767/767 729/729/729
f 729/729/729 789/789/789 801/801/801
f 798/798/798 763/763/763 738/738/738
f 738/738/738 752/752/752 798/798/798
f 794/794/794 779/779/779 745/745/745
f 745/745/745 785/785/785 794/794/794
f 789/789/789 729/729/729 728/728/728
f 728/728/728 791/791/791 789/789/789
f 791/791/791 728/728/728 760/760/760
f 760/760/760 796/796/796 791/791/791
f 785/785/785 745/745/745 744/744/744
f 744/744/744 788/788/788 785/785/785
f 788/788/788 744/744/744 775/775/775
f 775/775/775 802/802/802 788/788/788
f 755/755/755 721/721/721 720/720/720
f 720/720/720 754/754/754 755/755/755
f 754/754/754 720/720/720 765/765/765
f 765/765/765 799/799/799 754/754/754
f 752/752/752 738/738/738 736/736/736
f 736/736/736 750/750/750 752/752/752
f 750/750/750 736/736/736 778/778/778
f 778/778/778 793/793/793 750/750/750
f 805/805/805 806/806/806 807/807/807
f 807/807/807 808/808/808 805/805/805
f 809/809/809 810/810/810 811/811/811
f 811/811/811 812/812/812 809/809/809
f 813/813/813 815/815/815 817/817/817
f 817/817/817 819/819/819 813/813/813
f 821/821/821 823/823/823 826/826/826
f 826/826/826 828/828/828 821/821/821
f 830/830/830 832/832/832 834/834/834
f 834/834/834 836/836/836 830/830/830
f 838/838/838 840/840/840 842/842/842
f 842/842/842 844/844/844 838/838/838
f 835/835/835 805/805/805 808/808/808
f 808/808/808 829/829/829 835/835/835
f 820/820/820 807/807/807 806/806/806
f 806/806/806 814/814/814 820/820/820
f 846/846/846 809/809/809 812/812/812
f 812/812/812 847/847/847 846/846/846
f 849/849/849 811/811/811 810/810/810
f 810/810/810 851/851/851 849/849/849
f 854/854/854 857/857/857 823/823/823
f 823/823/823 821/821/821 854/854/854
f 862/862/862 865/865/865 828/828/828
f 828/828/828 826/826/826 862/862/862
f 868/868/868 873/873/873 840/840/840
f 840/840/840 838/838/838 868/868/868
f 876/876/876 879/879/879 844/844/844
f 844/844/844 842/842/842 876/876/876
f 822/822/822 827/827/827 806/806/806
f 806/806/806 805/805/805 822/822/822
f 837/837/837 843/843/843 808/808/808
f 808/808/808 807/807/807 837/837/837
f 882/882/882 884/884/884 810/810/810
f 810/810/810 809/809/809 882/882/882
f 885/885/885 887/887/887 812/812/812
f 812/812/812 811/811/811 885/885/885
f 864/864/864 860/860/860 815/815/815
f 815/815/815 813/813/813 864/864/864
f 871/871/871 869/869/869 819/819/819
f 819/819/819 817/817/817 871/871/871
f 878/878/878 875/875/875 832/832/832
f 832/832/832 830/830/830 878/878/878
f 858/858/858 855/855/855 836/836/836
f 836/836/836 834/834/834 858/858/858
f 853/853/853 822/822/822 805/805/805
f 805/805/805 835/835/835 853/853/853
f 843/843/843 880/880/880 829/829/829
f 829/829/829 808/808/808 843/843/843
f 867/867/867 837/837/837 807/807/807
f 807/807/807 820/820/820 867/867/867
f 827/827/827 866/866/866 814/814/814
f 814/814/814 806/806/806 827/827/827
f 890/890/890 882/882/882 809/809/809
f 809/809/809 846/846/846 890/890/890
f 887/887/887 892/892/892 847/847/847
f 847/847/847 812/812/812 887/887/887
f 895/895/895 885/885/885 811/811/811
f 811/811/811 849/849/849 895/895/895
f 884/884/884 898/898/898 851/851/851
f 851/851/851 810/810/810 884/884/884
f 900/900/900 872/872/872 818/818/818
f 818/818/818 852/852/852 900/900/900
f 896/896/896 863/863/863 825/825/825
f 825/825/825 886/886/886 896/896/896
f 894/894/894 856/856/856 833/833/833
f 833/833/833 848/848/848 894/894/894
f 889/889/889 877/877/877 841/841/841
f 841/841/841 881/881/881 889/889/889
f 886/886/886 825/825/825 824/824/824
f 824/824/824 888/888/888 886/886/886
f 888/888/888 824/824/824 859/859/859
f 859/859/859 893/893/893 888/888/888
f 881/881/881 841/841/841 839/839/839
f 839/839/839 883/883/883 881/881/881
f 883/883/883 839/839/839 870/870/870
f 870/870/870 899/899/899 883/883/883
f 852/852/852 818/818/818 816/816/816
f 816/816/816 850/850/850 852/852/852
f 850/850/850 816/816/816 861/861/861
f 861/861/861 897/897/897 850/850/850
f 848/848/848 833/833/833 831/831/831
f 831/831/831 845/845/845 848/848/848
f 845/845/845 831/831/831 874/874/874
f 874/874/874 891/891/891 845/845/845
f 901/901/901 902/902/902 903/903/903
f 903/903/903 904/904/904 901/901/901
f 905/905/905 906/906/906 907/907/907
f 907/907/907 908/908/908 905/905/905
f 910/910/910 912/912/912 913/913/913
f 913/913/913 915/915/915 910/910/910
f 918/918/918 919/919/919 921/921/921
f 921/921/921 924/924/924 918/918/918
f 926/926/926 927/927/927 930/930/930
f 930/930/930 932/932/932 926/926/926
f 934/934/934 935/935/935 937/937/937
f 937/937/937 939/939/939 934/934/934
f 931/931/931 901/901/901 904/904/904
f 904/904/904 925/925/925 931/931/931
f 916/916/916 903/903/903 902/902/902
f 902/902/902 909/909/909 916/916/916
f 941/941/941 905/905/905 908/908/908
f 908/908/908 943/943/943 941/941/941
f 946/946/946 907/907/907 906/906/906
f 906/906/906 948/948/948 946/946/946
f 949/949/949 954/954/954 919/919/919
f 919/919/919 918/918/918 949/949/949
f 956/956/956 960/960/960 924/924/924
f 924/924/924 921/921/921 956/956/956
f 965/965/965 966/966/966 935/935/935
f 935/935/935 934/934/934 965/965/965
f 972/972/972 976/976/976 939/939/939
f 939/939/939 937/937/937 972/972/972
f 917/917/917 923/923/923 902/902/902
f 902/902/902 901/901/901 917/917/917
f 933/933/933 940/940/940 904/904/904
f 904/904/904 903/903/903 933/933/933
f 978/978/978 980/980/980 906/906/906
f 906/906/906 905/905/905 978/978/978
f 981/981/981 984/984/984 908/908/908
f 908/908/908 907/907/907 981/981/981
f 962/962/962 959/959/959 912/912/912
f 912/912/912 910/910/910 962/962/962
f 969/969/969 964/964/964 915/915/915
f 915/915/915 913/913/913 969/969/969
f 974/974/974 970/970/970 927/927/927
f 927/927/927 926/926/926 974/974/974
f 955/955/955 951/951/951 932/932/932
f 932/932/932 930/930/930 955/955/955
f 950/950/950 917/917/917 901/901/901
f 901/901/901 931/931/931 950/950/950
f 940/940/940 975/975/975 925/925/925
f 925/925/925 904/904/904 940/940/940
f 963/963/963 933/933/933 903/903/903
f 903/903/903 916/916/916 963/963/963
f 923/923/923 961/961/961 909/909/909
f 909/909/909 902/902/902 923/923/923
f 987/987/987 978/978/978 905/905/905
f 905/905/905 941/941/941 987/987/987
f 984/984/984 990/990/990 943/943/943
f 943/943/943 908/908/908 984/984/984
f 993/993/993 981/981/981 907/907/907
f 907/907/907 946/946/946 993/993/993
f 980/980/980 995/995/995 948/948/948
f 948/948/948 906/906/906 980/980/980
f 994/994/994 968/968/968 914/914/914
f 914/914/914 947/947/947 994/994/994
f 991/991/991 958/958/958 922/922/922
f 922/922/922 982/982/982 991/991/991
f 989/989/989 953/953/953 929/929/929
f 929/929/929 944/944/944 989/989/989
f 986/986/986 973/973/973 938/938/938
f 938/938/938 977/977/977 986/986/986
f 982/982/982 922/922/922 920/920/920
f 920/920/920 983/983/983 982/982/982
f 983/983/983 920/920/920 952/952/952
f 952/952/952 988/988/988 983/983/983
f 977/977/977 938/938/938 936/936/936
f 936/936/936 979/979/979 977/977/977
f 979/979/979 936/936/936 967/967/967
f 967/967/967 996/996/996 979/979/979
f 947/947/947 914/914/914 911/911/911
f 911/911/911 945/945/945 947/947/947
f 945/945/945 911/911/911 957/957/957
f 957/957/957 992/992/992 945/945/945
f 944/944/944 929/929/929 928/928/928
f 928/928/928 942/942/942 944/944/944
f 942/942/942 928/928/928 971/971/971
f 971/971/971 985/985/985 942/942/942
f 997/997/997 998/998/998 999/999/999
f 999/999/999 1000/1000/1000 997/997/997
f 1001/1001/1001 1002/1002/1002 1003/1003/1003
f 1003/1003/1003 1004/1004/1004 1001/1001/1001
f 1006/1006/1006 1007/1007/1007 1010/1010/1010
f 1010/1010/1010 1012/1012/1012 1006/1006/1006
f 1014/1014/1014 1016/1016/1016 1017/1017/1017
f 1017/1017/1017 1019/1019/1019 1014/1014/1014
f 1022/1022/1022 1024/1024/1024 1025/1025/1025
f 1025/1025/1025 1027/1027/1027 1022/1022/1022
f 1030/1030/1030 1032/1032/1032 1034/1034/1034
f 1034/1034/1034 1035/1035/1035 1030/1030/1030
f 1028/1028/1028 997/997/997 1000/1000/1000
f 1000/1000/1000 1021/1021/1021 1028/1028/1028
f 1011/1011/1011 999/999/999 998/998/998
f 998/998/998 1005/1005/1005 1011/1011/1011
f 1037/1037/1037 1001/1001/1001 1004/1004/1004
f 1004/1004/1004 1039/1039/1039 1037/1037/1037
f 1041/1041/1041 1003/1003/1003 1002/1002/1002
f 1002/1002/1002 1043/1043/1043 1041/1041/1041
f 1045/1045/1045 1048/1048/1048 1016/1016/1016
f 1016/1016/1016 1014/1014/1014 1045/1045/1045
f 1052/1052/1052 1058/1058/1058 1019/1019/1019
f 1019/1019/1019 1017/1017/1017 1052/1052/1052
f 1061/1061/1061 1062/1062/1062 1032/1032/1032
f 1032/1032/1032 1030/1030/1030 1061/1061/1061
f 1067/1067/1067 1070/1070/1070 1035/1035/1035
f 1035/1035/1035 1034/1034/1034 1067/1067/1067
f 1013/1013/1013 1020/1020/1020 998/998/998
f 998/998/998 997/997/997 1013/1013/1013
f 1029/1029/1029 1036/1036/1036 1000/1000/1000
f 1000/1000/1000 999/999/999 1029/1029/1029
f 1073/1073/1073 1076/1076/1076 1002/1002/1002
f 1002/1002/1002 1001/1001/1001 1073/1073/1073
f 1077/1077/1077 1080/1080/1080 1004/1004/1004
f 1004/1004/1004 1003/1003/1003 1077/1077/1077
f 1057/1057/1057 1055/1055/1055 1007/1007/1007
f 1007/1007/1007 1006/1006/1006 1057/1057/1057
f 1064/1064/1064 1059/1059/1059 1012/1012/1012
f 1012/1012/1012 1010/1010/1010 1064/1064/1064
f 1071/1071/1071 1066/1066/1066 1024/1024/1024
f 1024/1024/1024 1022/1022/1022 1071/1071/1071
f 1049/1049/1049 1046/1046/1046 1027/1027/1027
f 1027/1027/1027 1025/1025/1025 1049/1049/1049
f 1047/1047/1047 1013/1013/1013 997/997/997
f 997/997/997 1028/1028/1028 1047/1047/1047
f 1036/1036/1036 1072/1072/1072 1021/1021/1021
f 1021/1021/1021 1000/1000/1000 1036/1036/1036
f 1060/1060/1060 1029/1029/1029 999/999/999
f 999/999/999 1011/1011/1011 1060/1060/1060
f 1020/1020/1020 1056/1056/1056 1005/1005/1005
f 1005/1005/1005 998/998/998 1020/1020/1020
f 1082/1082/1082 1073/1073/1073 1001/1001/1001
f 1001/1001/1001 1037/1037/1037 1082/1082/1082
f 1080/1080/1080 1086/1086/1086 1039/1039/1039
f 1039/1039/1039 1004/1004/1004 1080/1080/1080
f 1089/1089/1089 1077/1077/1077 1003/1003/1003
f 1003/1003/1003 1041/1041/1041 1089/1089/1089
f 1076/1076/1076 1091/1091/1091 1043/1043/1043
f 1043/1043/1043 1002/1002/1002 1076/1076/1076
f 1092/1092/1092 1065/1065/1065 1009/1009/1009
f 1009/1009/1009 1044/1044/1044 1092/1092/1092
f 1088/1088/1088 1053/1053/1053 1018/1018/1018
f 1018/1018/1018 1078/1078/1078 1088/1088/1088
f 1085/1085/1085 1051/1051/1051 1026/1026/1026
f 1026/1026/1026 1040/1040/1040 1085/1085/1085
f 1081/1081/1081 1069/1069/1069 1033/1033/1033
f 1033/1033/1033 1074/1074/1074 1081/1081/1081
f 1078/1078/1078 1018/1018/1018 1015/1015/1015
f 1015/1015/1015 1079/1079/1079 1078/1078/1078
f 1079/1079/1079 1015/1015/1015 1050/1050/1050
f 1050/1050/1050 1084/1084/1084 1079/1079/1079
f 1074/1074/1074 1033/1033/1033 1031/1031/1031
f 1031/1031/1031 1075/1075/1075 1074/1074/1074
f 1075/1075/1075 1031/1031/1031 1063/1063/1063
f 1063/1063/1063 1090/1090/1090 1075/1075/1075
f 1044/1044/1044 1009/1009/1009 1008/1008/1008
f 1008/1008/1008 1042/1042/1042 1044/1044/1044
f 1042/1042/1042 1008/1008/1008 1054/1054/1054
f 1054/1054/1054 1087/1087/1087 1042/1042/1042
f 1040/1040/1040 1026/1026/1026 1023/1023/1023
f 1023/1023/1023 1038/1038/1038 1040/1040/1040
f 1038/1038/1038 1023/1023/1023 1068/1068/1068
f 1068/1068/1068 1083/1083/1083 1038/1038/1038
f 1093/1093/1093 1094/1094/1094 1095/1095/1095
f 1095/1095/1095 1096/1096/1096 1093/1093/1093
f 1097/1097/1097 1098/1098/1098 1099/1099/1099
f 1099/1099/1099 1100/1100/1100 1097/1097/1097
f 1102/1102/1102 1104/1104/1104 1105/1105/1105
f 1105/1105/1105 1108/1108/1108 1102/1102/1102
f 1109/1109/1109 1112/1112/1112 1113/1113/1113
f 1113/1113/1113 1116/1116/1116 1109/1109/1109
f 1118/1118/1118 1119/1119/1119 1121/1121/1121
f 1121/1121/1121 1123/1123/1123 1118/1118/1118
f 1125/1125/1125 1128/1128/1128 1129/1129/1129
f 1129/1129/1129 1132/1132/1132 1125/1125/1125
f 1124/1124/1124 1093/1093/1093 1096/1096/1096
f 1096/1096/1096 1117/1117/1117 1124/1124/1124
f 1107/1107/1107 1095/1095/1095 1094/1094/1094
f 1094/1094/1094 1101/1101/1101 1107/1107/1107
f 1133/1133/1133 1097/1097/1097 1100/1100/1100
f 1100/1100/1100 1135/1135/1135 1133/1133/1133
f 1138/1138/1138 1099/1099/1099 1098/1098/1098
f 1098/1098/1098 1139/1139/1139 1138/1138/1138
f 1143/1143/1143 1147/1147/1147 1112/1112/1112
f 1112/1112/1112 1109/1109/1109 1143/1143/1143
f 1151/1151/1151 1153/1153/1153 1116/1116/1116
f 1116/1116/1116 1113/1113/1113 1151/1151/1151
f 1155/1155/1155 1159/1159/1159 1128/1128/1128
f 1128/1128/1128 1125/1125/1125 1155/1155/1155
f 1163/1163/1163 1168/1168/1168 1132/1132/1132
f 1132/1132/1132 1129/1129/1129 1163/1163/1163
f 1110/1110/1110 1115/1115/1115 1094/1094/1094
f 1094/1094/1094 1093/1093/1093 1110/1110/1110
f 1126/1126/1126 1131/1131/1131 1096/1096/1096
f 1096/1096/1096 1095/1095/1095 1126/1126/1126
f 1169/1169/1169 1172/1172/1172 1098/1098/1098
f 1098/1098/1098 1097/1097/1097 1169/1169/1169
f 1174/1174/1174 1176/1176/1176 1100/1100/1100
f 1100/1100/1100 1099/1099/1099 1174/1174/1174
f 1152/1152/1152 1148/1148/1148 1104/1104/1104
f 1104/1104/1104 1102/1102/1102 1152/1152/1152
f 1158/1158/1158 1156/1156/1156 1108/1108/1108
f 1108/1108/1108 1105/1105/1105 1158/1158/1158
f 1167/1167/1167 1164/1164/1164 1119/1119/1119
f 1119/1119/1119 1118/1118/1118 1167/1167/1167
f 1144/1144/1144 1142/1142/1142 1123/1123/1123
f 1123/1123/1123 1121/1121/1121 1144/1144/1144
f 1141/1141/1141 1110/1110/1110 1093/1093/1093
f 1093/1093/1093 1124/1124/1124 1141/1141/1141
f 1131/1131/1131 1166/1166/1166 1117/1117/1117
f 1117/1117/1117 1096/1096/1096 1131/1131/1131
f 1157/1157/1157 1126/1126/1126 1095/1095/1095
f 1095/1095/1095 1107/1107/1107 1157/1157/1157
f 1115/1115/1115 1154/1154/1154 1101/1101/1101
f 1101/1101/1101 1094/1094/1094 1115/1115/1115
f 1177/1177/1177 1169/1169/1169 1097/1097/1097
f 1097/1097/1097 1133/1133/1133 1177/1177/1177
f 1176/1176/1176 1182/1182/1182 1135/1135/1135
f 1135/1135/1135 1100/1100/1100 1176/1176/1176
f 1185/1185/1185 1174/1174/1174 1099/1099/1099
f 1099/1099/1099 1138/1138/1138 1185/1185/1185
f 1172/1172/1172 1187/1187/1187 1139/1139/1139
f 1139/1139/1139 1098/1098/1098 1172/1172/1172
f 1186/1186/1186 1161/1161/1161 1106/1106/1106
f 1106/1106/1106 1140/1140/1140 1186/1186/1186
f 1183/1183/1183 1149/1149/1149 1114/1114/1114
f 1114/1114/1114 1173/1173/1173 1183/1183/1183
f 1181/1181/1181 1145/1145/1145 1122/1122/1122
f 1122/1122/1122 1136/1136/1136 1181/1181/1181
f 1179/1179/1179 1162/1162/1162 1130/1130/1130
f 1130/1130/1130 1170/1170/1170 1179/1179/1179
f 1173/1173/1173 1114/1114/1114 1111/1111/1111
f 1111/1111/1111 1175/1175/1175 1173/1173/1173
f 1175/1175/1175 1111/1111/1111 1146/1146/1146
f 1146/1146/1146 1180/1180/1180 1175/1175/1175
f 1170/1170/1170 1130/1130/1130 1127/1127/1127
f 1127/1127/1127 1171/1171/1171 1170/1170/1170
f 1171/1171/1171 1127/1127/1127 1160/1160/1160
f 1160/1160/1160 1188/1188/1188 1171/1171/1171
f 1140/1140/1140 1106/1106/1106 1103/1103/1103
f 1103/1103/1103 1137/1137/1137 1140/1140/1140
f 1137/1137/1137 1103/1103/1103 1150/1150/1150
f 1150/1150/1150 1184/1184/1184 1137/1137/1137
f 1136/1136/1136 1122/1122/1122 1120/1120/1120
f 1120/1120/1120 1134/1134/1134 1136/1136/1136
f 1134/1134/1134 1120/1120/1120 1165/1165/1165
f 1165/1165/1165 1178/1178/1178 1134/1134/1134
f 1189/1189/1189 1190/1190/1190 1191/1191/1191
f 1191/1191/1191 1192/1192/1192 1189/1189/1189
f 1193/1193/1193 1194/1194/1194 1195/1195/1195
f 1195/1195/1195 1196/1196/1196 1193/1193/1193
f 1198/1198/1198 1199/1199/1199 1202/1202/1202
f 1202/1202/1202 1203/1203/1203 1198/1198/1198
f 1206/1206/1206 1207/1207/1207 1209/1209/1209
f 1209/1209/1209 1211/1211/1211 1206/1206/1206
f 1214/1214/1214 1215/1215/1215 1218/1218/1218
f 1218/1218/1218 1220/1220/1220 1214/1214/1214
f 1221/1221/1221 1224/1224/1224 1226/1226/1226
f 1226/1226/1226 1227/1227/1227 1221/1221/1221
f 1219/1219/1219 1189/1189/1189 1192/1192/1192
f 1192/1192/1192 1213/1213/1213 1219/1219/1219
f 1204/1204/1204 1191/1191/1191 1190/1190/1190
f 1190/1190/1190 1197/1197/1197 1204/1204/1204
f 1230/1230/1230 1193/1193/1193 1196/1196/1196
f 1196/1196/1196 1231/1231/1231 1230/1230/1230
f 1233/1233/1233 1195/1195/1195 1194/1194/1194
f 1194/1194/1194 1235/1235/1235 1233/1233/1233
f 1239/1239/1239 1241/1241/1241 1207/1207/1207
f 1207/1207/1207 1206/1206/1206 1239/1239/1239
f 1246/1246/1246 1249/1249/1249 1211/1211/1211
f 1211/1211/1211 1209/1209/1209 1246/1246/1246
f 1251/1251/1251 1257/1257/1257 1224/1224/1224
f 1224/1224/1224 1221/1221/1221 1251/1251/1251
f 1261/1261/1261 1264/1264/1264 1227/1227/1227
f 1227/1227/1227 1226/1226/1226 1261/1261/1261
f 1205/1205/1205 1212/1212/1212 1190/1190/1190
f 1190/1190/1190 1189/1189/1189 1205/1205/1205
f 1222/1222/1222 1228/1228/1228 1192/1192/1192
f 1192/1192/1192 1191/1191/1191 1222/1222/1222
f 1265/1265/1265 1268/1268/1268 1194/1194/1194
f 1194/1194/1194 1193/1193/1193 1265/1265/1265
f 1270/1270/1270 1271/1271/1271 1196/1196/1196
f 1196/1196/1196 1195/1195/1195 1270/1270/1270
f 1250/1250/1250 1245/1245/1245 1199/1199/1199
f 1199/1199/1199 1198/1198/1198 1250/1250/1250
f 1255/1255/1255 1252/1252/1252 1203/1203/1203
f 1203/1203/1203 1202/1202/1202 1255/1255/1255
f 1263/1263/1263 1260/1260/1260 1215/1215/1215
f 1215/1215/1215 1214/1214/1214 1263/1263/1263
f 1243/1243/1243 1238/1238/1238 1220/1220/1220
f 1220/1220/1220 1218/1218/1218 1243/1243/1243
f 1237/1237/1237 1205/1205/1205 1189/1189/1189
f 1189/1189/1189 1219/1219/1219 1237/1237/1237
f 1228/1228/1228 1262/1262/1262 1213/1213/1213
f 1213/1213/1213 1192/1192/1192 1228/1228/1228
f 1253/1253/1253 1222/1222/1222 1191/1191/1191
f 1191/1191/1191 1204/1204/1204 1253/1253/1253
f 1212/1212/1212 1248/1248/1248 1197/1197/1197
f 1197/1197/1197 1190/1190/1190 1212/1212/1212
f 1275/1275/1275 1265/1265/1265 1193/1193/1193
f 1193/1193/1193 1230/1230/1230 1275/1275/1275
f 1271/1271/1271 1278/1278/1278 1231/1231/1231
f 1231/1231/1231 1196/1196/1196 1271/1271/1271
f 1279/1279/1279 1270/1270/1270 1195/1195/1195
f 1195/1195/1195 1233/1233/1233 1279/1279/1279
f 1268/1268/1268 1283/1283/1283 1235/1235/1235
f 1235/1235/1235 1194/1194/1194 1268/1268/1268
f 1284/1284/1284 1254/1254/1254 1201/1201/1201
f 1201/1201/1201 1236/1236/1236 1284/1284/1284
f 1281/1281/1281 1244/1244/1244 1210/1210/1210
f 1210/1210/1210 1269/1269/1269 1281/1281/1281
f 1277/1277/1277 1240/1240/1240 1217/1217/1217
f 1217/1217/1217 1232/1232/1232 1277/1277/1277
f 1273/1273/1273 1259/1259/1259 1225/1225/1225
f 1225/1225/1225 1266/1266/1266 1273/1273/1273
f 1269/1269/1269 1210/1210/1210 1208/1208/1208
f 1208/1208/1208 1272/1272/1272 1269/1269/1269
f 1272/1272/1272 1208/1208/1208 1242/1242/1242
f 1242/1242/1242 1276/1276/1276 1272/1272/1272
f 1266/1266/1266 1225/1225/1225 1223/1223/1223
f 1223/1223/1223 1267/1267/1267 1266/1266/1266
f 1267/1267/1267 1223/1223/1223 1256/1256/1256
f 1256/1256/1256 1282/1282/1282 1267/1267/1267
f 1236/1236/1236 1201/1201/1201 1200/1200/1200
f 1200/1200/1200 1234/1234/1234 1236/1236/1236
f 1234/1234/1234 1200/1200/1200 1247/1247/1247
f 1247/1247/1247 1280/1280/1280 1234/1234/1234
f 1232/1232/1232 1217/1217/1217 1216/1216/1216
f 1216/1216/1216 1229/1229/1229 1232/1232/1232
f 1229/1229/1229 1216/1216/1216 1258/1258/1258
f 1258/1258/1258 1274/1274/1274 1229/1229/1229
f 1285/1285/1285 1286/1286/1286 1287/1287/1287
f 1287/1287/1287 1288/1288/1288 1285/1285/1285
f 1289/1289/1289 1290/1290/1290 1291/1291/1291
f 1291/1291/1291 1292/1292/1292 1289/1289/1289
f 1293/1293/1293 1296/1296/1296 1298/1298/1298
f 1298/1298/1298 1300/1300/1300 1293/1293/1293
f 1302/1302/1302 1303/1303/1303 1305/1305/1305
f 1305/1305/1305 1307/1307/1307 1302/1302/1302
f 1309/1309/1309 1312/1312/1312 1313/1313/1313
f 1313/1313/1313 1316/1316/1316 1309/1309/1309
f 1317/1317/1317 1320/1320/1320 1322/1322/1322
f 1322/1322/1322 1323/1323/1323 1317/1317/1317
f 1315/1315/1315 1285/1285/1285 1288/1288/1288
f 1288/1288/1288 1310/1310/1310 1315/1315/1315
f 1299/1299/1299 1287/1287/1287 1286/1286/1286
f 1286/1286/1286 1294/1294/1294 1299/1299/1299
f 1325/1325/1325 1289/1289/1289 1292/1292/1292
f 1292/1292/1292 1328/1328/1328 1325/1325/1325
f 1329/1329/1329 1291/1291/1291 1290/1290/1290
f 1290/1290/1290 1332/1332/1332 1329/1329/1329
f 1333/1333/1333 1337/1337/1337 1303/1303/1303
f 1303/1303/1303 1302/1302/1302 1333/1333/1333
f 1342/1342/1342 1345/1345/1345 1307/1307/1307
f 1307/1307/1307 1305/1305/1305 1342/1342/1342
f 1349/1349/1349 1353/1353/1353 1320/1320/1320
f 1320/1320/1320 1317/1317/1317 1349/1349/1349
f 1356/1356/1356 1360/1360/1360 1323/1323/1323
f 1323/1323/1323 1322/1322/1322 1356/1356/1356
f 1301/1301/1301 1308/1308/1308 1286/1286/1286
f 1286/1286/1286 1285/1285/1285 1301/1301/1301
f 1318/1318/1318 1324/1324/1324 1288/1288/1288
f 1288/1288/1288 1287/1287/1287 1318/1318/1318
f 1361/1361/1361 1364/1364/1364 1290/1290/1290
f 1290/1290/1290 1289/1289/1289 1361/1361/1361
f 1365/1365/1365 1368/1368/1368 1292/1292/1292
f 1292/1292/1292 1291/1291/1291 1365/1365/1365
f 1344/1344/1344 1341/1341/1341 1296/1296/1296
f 1296/1296/1296 1293/1293/1293 1344/1344/1344
f 1350/1350/1350 1347/1347/1347 1300/1300/1300
f 1300/1300/1300 1298/1298/1298 1350/1350/1350
f 1359/1359/1359 1357/1357/1357 1312/1312/1312
f 1312/1312/1312 1309/1309/1309 1359/1359/1359
f 1339/1339/1339 1335/1335/1335 1316/1316/1316
f 1316/1316/1316 1313/1313/1313 1339/1339/1339
f 1334/1334/1334 1301/1301/1301 1285/1285/1285
f 1285/1285/1285 1315/1315/1315 1334/1334/1334
f 1324/1324/1324 1358/1358/1358 1310/1310/1310
f 1310/1310/1310 1288/1288/1288 1324/1324/1324
f 1348/1348/1348 1318/1318/1318 1287/1287/1287
f 1287/1287/1287 1299/1299/1299 1348/1348/1348
f 1308/1308/1308 1346/1346/1346 1294/1294/1294
f 1294/1294/1294 1286/1286/1286 1308/1308/1308
f 1370/1370/1370 1361/1361/1361 1289/1289/1289
f 1289/1289/1289 1325/1325/1325 1370/1370/1370
f 1368/1368/1368 1374/1374/1374 1328/1328/1328
f 1328/1328/1328 1292/1292/1292 1368/1368/1368
f 1375/1375/1375 1365/1365/1365 1291/1291/1291
f 1291/1291/1291 1329/1329/1329 1375/1375/1375
f 1364/1364/1364 1379/1379/1379 1332/1332/1332
f 1332/1332/1332 1290/1290/1290 1364/1364/1364
f 1380/1380/1380 1351/1351/1351 1297/1297/1297
f 1297/1297/1297 1331/1331/1331 1380/1380/1380
f 1376/1376/1376 1343/1343/1343 1306/1306/1306
f 1306/1306/1306 1366/1366/1366 1376/1376/1376
f 1373/1373/1373 1336/1336/1336 1314/1314/1314
f 1314/1314/1314 1327/1327/1327 1373/1373/1373
f 1371/1371/1371 1355/1355/1355 1321/1321/1321
f 1321/1321/1321 1362/1362/1362 1371/1371/1371
f 1366/1366/1366 1306/1306/1306 1304/1304/1304
f 1304/1304/1304 1367/1367/1367 1366/1366/1366
f 1367/1367/1367 1304/1304/1304 1338/1338/1338
f 1338/1338/1338 1372/1372/1372 1367/1367/1367
f 1362/1362/1362 1321/1321/1321 1319/1319/1319
f 1319/1319/1319 1363/1363/1363 1362/1362/1362
f 1363/1363/1363 1319/1319/1319 1352/1352/1352
f 1352/1352/1352 1378/1378/1378 1363/1363/1363
f 1331/1331/1331 1297/1297/1297 1295/1295/1295
f 1295/1295/1295 1330/1330/1330 1331/1331/1331
f 1330/1330/1330 1295/1295/1295 1340/1340/1340
f 1340/1340/1340 1377/1377/1377 1330/1330/1330
f 1327/1327/1327 1314/1314/1314 1311/1311/1311
f 1311/1311/1311 1326/1326/1326 1327/1327/1327
f 1326/1326/1326 1311/1311/1311 1354/1354/1354
f 1354/1354/1354 1369/1369/1369 1326/1326/1326
f 1381/1381/1381 1382/1382/1382 1383/1383/1383
f 1383/1383/1383 1384/1384/1384 1381/1381/1381
f 1385/1385/1385 1386/1386/1386 1387/1387/1387
f 1387/1387/1387 1388/1388/1388 1385/1385/1385
f 1390/1390/1390 1392/1392/1392 1394/1394/1394
f 1394/1394/1394 1395/1395/1395 1390/1390/1390
f 1397/1397/1397 1399/1399/1399 1402/1402/1402
f 1402/1402/1402 1403/1403/1403 1397/1397/1397
f 1405/1405/1405 1407/1407/1407 1410/1410/1410
f 1410/1410/1410 1411/1411/1411 1405/1405/1405
f 1413/1413/1413 1415/1415/1415 1418/1418/1418
f 1418/1418/1418 1419/1419/1419 1413/1413/1413
f 1412/1412/1412 1381/1381/1381 1384/1384/1384
f 1384/1384/1384 1406/1406/1406 1412/1412/1412
f 1396/1396/1396 1383/1383/1383 1382/1382/1382
f 1382/1382/1382 1389/1389/1389 1396/1396/1396
f 1421/1421/1421 1385/1385/1385 1388/1388/1388
f 1388/1388/1388 1424/1424/1424 1421/1421/1421
f 1425/1425/1425 1387/1387/1387 1386/1386/1386
f 1386/1386/1386 1428/1428/1428 1425/1425/1425
f 1429/1429/1429 1432/1432/1432 1399/1399/1399
f 1399/1399/1399 1397/1397/1397 1429/1429/1429
f 1437/1437/1437 1440/1440/1440 1403/1403/1403
f 1403/1403/1403 1402/1402/1402 1437/1437/1437
f 1444/1444/1444 1446/1446/1446 1415/1415/1415
f 1415/1415/1415 1413/1413/1413 1444/1444/1444
f 1450/1450/1450 1454/1454/1454 1419/1419/1419
f 1419/1419/1419 1418/1418/1418 1450/1450/1450
f 1398/1398/1398 1404/1404/1404 1382/1382/1382
f 1382/1382/1382 1381/1381/1381 1398/1398/1398
f 1414/1414/1414 1420/1420/1420 1384/1384/1384
f 1384/1384/1384 1383/1383/1383 1414/1414/1414
f 1457/1457/1457 1460/1460/1460 1386/1386/1386
f 1386/1386/1386 1385/1385/1385 1457/1457/1457
f 1461/1461/1461 1464/1464/1464 1388/1388/1388
f 1388/1388/1388 1387/1387/1387 1461/1461/1461
f 1442/1442/1442 1439/1439/1439 1392/1392/1392
f 1392/1392/1392 1390/1390/1390 1442/1442/1442
f 1449/1449/1449 1443/1443/1443 1395/1395/1395
f 1395/1395/1395 1394/1394/1394 1449/1449/1449
f 1456/1456/1456 1452/1452/1452 1407/1407/1407
f 1407/1407/1407 1405/1405/1405 1456/1456/1456
f 1433/1433/1433 1431/1431/1431 1411/1411/1411
f 1411/1411/1411 1410/1410/1410 1433/1433/1433
f 1430/1430/1430 1398/1398/1398 1381/1381/1381
f 1381/1381/1381 1412/1412/1412 1430/1430/1430
f 1420/1420/1420 1455/1455/1455 1406/1406/1406
f 1406/1406/1406 1384/1384/1384 1420/1420/1420
f 1445/1445/1445 1414/1414/1414 1383/1383/1383
f 1383/1383/1383 1396/1396/1396 1445/1445/1445
f 1404/1404/1404 1441/1441/1441 1389/1389/1389
f 1389/1389/1389 1382/1382/1382 1404/1404/1404
f 1465/1465/1465 1457/1457/1457 1385/1385/1385
f 1385/1385/1385 1421/1421/1421 1465/1465/1465
f 1464/1464/1464 1468/1468/1468 1424/1424/1424
f 1424/1424/1424 1388/1388/1388 1464/1464/1464
f 1471/1471/1471 1461/1461/1461 1387/1387/1387
f 1387/1387/1387 1425/1425/1425 1471/1471/1471
f 1460/1460/1460 1476/1476/1476 1428/1428/1428
f 1428/1428/1428 1386/1386/1386 1460/1460/1460
f 1475/1475/1475 1448/1448/1448 1393/1393/1393
f 1393/1393/1393 1427/1427/1427 1475/1475/1475
f 1472/1472/1472 1436/1436/1436 1401/1401/1401
f 1401/1401/1401 1462/1462/1462 1472/1472/1472
f 1469/1469/1469 1434/1434/1434 1409/1409/1409
f 1409/1409/1409 1423/1423/1423 1469/1469/1469
f 1467/1467/1467 1451/1451/1451 1417/1417/1417
f 1417/1417/1417 1458/1458/1458 1467/1467/1467
f 1462/1462/1462 1401/1401/1401 1400/1400/1400
f 1400/1400/1400 1463/1463/1463 1462/1462/1462
f 1463/1463/1463 1400/1400/1400 1435/1435/1435
f 1435/1435/1435 1470/1470/1470 1463/1463/1463
f 1458/1458/1458 1417/1417/1417 1416/1416/1416
f 1416/1416/1416 1459/1459/1459 1458/1458/1458
f 1459/1459/1459 1416/1416/1416 1447/1447/1447
f 1447/1447/1447 1474/1474/1474 1459/1459/1459
f 1427/1427/1427 1393/1393/1393 1391/1391/1391
f 1391/1391/1391 1426/1426/1426 1427/1427/1427
f 1426/1426/1426 1391/1391/1391 1438/1438/1438
f 1438/1438/1438 1473/1473/1473 1426/1426/1426
f 1423/1423/1423 1409/1409/1409 1408/1408/1408
f 1408/1408/1408 1422/1422/1422 1423/1423/1423
f 1422/1422/1422 1408/1408/1408 1453/1453/1453
f 1453/1453/1453 1466/1466/1466 1422/1422/1422
f 1477/1477/1477 1478/1478/1478 1479/1479/1479
f 1479/1479/1479 1480/1480/1480 1477/1477/1477
f 1481/1481/1481 1482/1482/1482 1483/1483/1483
f 1483/1483/1483 1484/1484/1484 1481/1481/1481
f 1486/1486/1486 1488/1488/1488 1490/1490/1490
f 1490/1490/1490 1491/1491/1491 1486/1486/1486
f 1493/1493/1493 1496/1496/1496 1497/1497/1497
f 1497/1497/1497 1499/1499/1499 1493/1493/1493
f 1501/1501/1501 1503/1503/1503 1505/1505/1505
f 1505/1505/1505 1508/1508/1508 1501/1501/1501
f 1509/1509/1509 1512/1512/1512 1513/1513/1513
f 1513/1513/1513 1516/1516/1516 1509/1509/1509
f 1507/1507/1507 1477/1477/1477 1480/1480/1480
f 1480/1480/1480 1502/1502/1502 1507/1507/1507
f 1492/1492/1492 1479/1479/1479 1478/1478/1478
f 1478/1478/1478 1485/1485/1485 1492/1492/1492
f 1517/1517/1517 1481/1481/1481 1484/1484/1484
f 1484/1484/1484 1520/1520/1520 1517/1517/1517
f 1522/1522/1522 1483/1483/1483 1482/1482/1482
f 1482/1482/1482 1523/1523/1523 1522/1522/1522
f 1526/1526/1526 1529/1529/1529 1496/1496/1496
f 1496/1496/1496 1493/1493/1493 1526/1526/1526
f 1532/1532/1532 1538/1538/1538 1499/1499/1499
f 1499/1499/1499 1497/1497/1497 1532/1532/1532
f 1541/1541/1541 1544/1544/1544 1512/1512/1512
f 1512/1512/1512 1509/1509/1509 1541/1541/1541
f 1549/1549/1549 1552/1552/1552 1516/1516/1516
f 1516/1516/1516 1513/1513/1513 1549/1549/1549
f 1494/1494/1494 1500/1500/1500 1478/1478/1478
f 1478/1478/1478 1477/1477/1477 1494/1494/1494
f 1510/1510/1510 1515/1515/1515 1480/1480/1480
f 1480/1480/1480 1479/1479/1479 1510/1510/1510
f 1553/1553/1553 1556/1556/1556 1482/1482/1482
f 1482/1482/1482 1481/1481/1481 1553/1553/1553
f 1557/1557/1557 1559/1559/1559 1484/1484/1484
f 1484/1484/1484 1483/1483/1483 1557/1557/1557
f 1537/1537/1537 1533/1533/1533 1488/1488/1488
f 1488/1488/1488 1486/1486/1486 1537/1537/1537
f 1542/1542/1542 1539/1539/1539 1491/1491/1491
f 1491/1491/1491 1490/1490/1490 1542/1542/1542
f 1551/1551/1551 1548/1548/1548 1503/1503/1503
f 1503/1503/1503 1501/1501/1501 1551/1551/1551
f 1531/1531/1531 1527/1527/1527 1508/1508/1508
f 1508/1508/1508 1505/1505/1505 1531/1531/1531
f 1525/1525/1525 1494/1494/1494 1477/1477/1477
f 1477/1477/1477 1507/1507/1507 1525/1525/1525
f 1515/1515/1515 1550/1550/1550 1502/1502/1502
f 1502/1502/1502 1480/1480/1480 1515/1515/1515
f 1540/1540/1540 1510/1510/1510 1479/1479/1479
f 1479/1479/1479 1492/1492/1492 1540/1540/1540
f 1500/1500/1500 1536/1536/1536 1485/1485/1485
f 1485/1485/1485 1478/1478/1478 1500/1500/1500
f 1561/1561/1561 1553/1553/1553 1481/1481/1481
f 1481/1481/1481 1517/1517/1517 1561/1561/1561
f 1559/1559/1559 1564/1564/1564 1520/1520/1520
f 1520/1520/1520 1484/1484/1484 1559/1559/1559
f 1567/1567/1567 1557/1557/1557 1483/1483/1483
f 1483/1483/1483 1522/1522/1522 1567/1567/1567
f 1556/1556/1556 1572/1572/1572 1523/1523/1523
f 1523/1523/1523 1482/1482/1482 1556/1556/1556
f 1571/1571/1571 1543/1543/1543 1489/1489/1489
f 1489/1489/1489 1524/1524/1524 1571/1571/1571
f 1569/1569/1569 1534/1534/1534 1498/1498/1498
f 1498/1498/1498 1558/1558/1558 1569/1569/1569
f 1566/1566/1566 1530/1530/1530 1506/1506/1506
f 1506/1506/1506 1519/1519/1519 1566/1566/1566
f 1562/1562/1562 1547/1547/1547 1514/1514/1514
f 1514/1514/1514 1554/1554/1554 1562/1562/1562
f 1558/1558/1558 1498/1498/1498 1495/1495/1495
f 1495/1495/1495 1560/1560/1560 1558/1558/1558
f 1560/1560/1560 1495/1495/1495 1528/1528/1528
f 1528/1528/1528 1565/1565/1565 1560/1560/1560
f 1554/1554/1554 1514/1514/1514 1511/1511/1511
f 1511/1511/1511 1555/1555/1555 1554/1554/1554
f 1555/1555/1555 1511/1511/1511 1545/1545/1545
f 1545/1545/1545 1570/1570/1570 1555/1555/1555
f 1524/1524/1524 1489/1489/1489 1487/1487/1487
f 1487/1487/1487 1521/1521/1521 1524/1524/1524
f 1521/1521/1521 1487/1487/1487 1535/1535/1535
f 1535/1535/1535 1568/1568/1568 1521/1521/1521
f 1519/1519/1519 1506/1506/1506 1504/1504/1504
f 1504/1504/1504 1518/1518/1518 1519/1519/1519
f 1518/1518/1518 1504/1504/1504 1546/1546/1546
f 1546/1546/1546 1563/1563/1563 1518/1518/1518
f 1573/1573/1573 1574/1574/1574 1575/1575/1575
f 1575/1575/1575 1576/1576/1576 1573/1573/1573
f 1577/1577/1577 1578/1578/1578 1579/1579/1579
f 1579/1579/1579 1580/1580/1580 1577/1577/1577
f 1581/1581/1581 1583/1583/1583 1585/1585/1585
f 1585/1585/1585 1588/1588/1588 1581/1581/1581
f 1589/1589/1589 1592/1592/1592 1594/1594/1594
f 1594/1594/1594 1596/1596/1596 1589/1589/1589
f 1597/1597/1597 1599/1599/1599 1602/1602/1602
f 1602/1602/1602 1603/1603/1603 1597/1597/1597
f 1605/1605/1605 1607/1607/1607 1609/1609/1609
f 1609/1609/1609 1612/1612/1612 1605/1605/1605
f 1604/1604/1604 1573/1573/1573 1576/1576/1576
f 1576/1576/1576 1598/1598/1598 1604/1604/1604
f 1587/1587/1587 1575/1575/1575 1574/1574/1574
f 1574/1574/1574 1582/1582/1582 1587/1587/1587
f 1613/1613/1613 1577/1577/1577 1580/1580/1580
f 1580/1580/1580 1615/1615/1615 1613/1613/1613
f 1618/1618/1618 1579/1579/1579 1578/1578/1578
f 1578/1578/1578 1619/1619/1619 1618/1618/1618
f 1622/1622/1622 1627/1627/1627 1592/1592/1592
f 1592/1592/1592 1589/1589/1589 1622/1622/1622
f 1631/1631/1631 1634/1634/1634 1596/1596/1596
f 1596/1596/1596 1594/1594/1594 1631/1631/1631
f 1637/1637/1637 1640/1640/1640 1607/1607/1607
f 1607/1607/1607 1605/1605/1605 1637/1637/1637
f 1642/1642/1642 1646/1646/1646 1612/1612/1612
f 1612/1612/1612 1609/1609/1609 1642/1642/1642
f 1590/1590/1590 1595/1595/1595 1574/1574/1574
f 1574/1574/1574 1573/1573/1573 1590/1590/1590
f 1606/1606/1606 1611/1611/1611 1576/1576/1576
f 1576/1576/1576 1575/1575/1575 1606/1606/1606
f 1650/1650/1650 1652/1652/1652 1578/1578/1578
f 1578/1578/1578 1577/1577/1577 1650/1650/1650
f 1654/1654/1654 1656/1656/1656 1580/1580/1580
f 1580/1580/1580 1579/1579/1579 1654/1654/1654
f 1632/1632/1632 1629/1629/1629 1583/1583/1583
f 1583/1583/1583 1581/1581/1581 1632/1632/1632
f 1638/1638/1638 1635/1635/1635 1588/1588/1588
f 1588/1588/1588 1585/1585/1585 1638/1638/1638
f 1648/1648/1648 1645/1645/1645 1599/1599/1599
f 1599/1599/1599 1597/1597/1597 1648/1648/1648
f 1625/1625/1625 1621/1621/1621 1603/1603/1603
f 1603/1603/1603 1602/1602/1602 1625/1625/1625
f 1623/1623/1623 1590/1590/1590 1573/1573/1573
f 1573/1573/1573 1604/1604/1604 1623/1623/1623
f 1611/1611/1611 1647/1647/1647 1598/1598/1598
f 1598/1598/1598 1576/1576/1576 1611/1611/1611
f 1636/1636/1636 1606/1606/1606 1575/1575/1575
f 1575/1575/1575 1587/1587/1587 1636/1636/1636
f 1595/1595/1595 1633/1633/1633 1582/1582/1582
f 1582/1582/1582 1574/1574/1574 1595/1595/1595
f 1658/1658/1658 1650/1650/1650 1577/1577/1577
f 1577/1577/1577 1613/1613/1613 1658/1658/1658
f 1656/1656/1656 1660/1660/1660 1615/1615/1615
f 1615/1615/1615 1580/1580/1580 1656/1656/1656
f 1664/1664/1664 1654/1654/1654 1579/1579/1579
f 1579/1579/1579 1618/1618/1618 1664/1664/1664
f 1652/1652/1652 1668/1668/1668 1619/1619/1619
f 1619/1619/1619 1578/1578/1578 1652/1652/1652
f 1667/1667/1667 1641/1641/1641 1586/1586/1586
f 1586/1586/1586 1620/1620/1620 1667/1667/1667
f 1663/1663/1663 1630/1630/1630 1593/1593/1593
f 1593/1593/1593 1653/1653/1653 1663/1663/1663
f 1662/1662/1662 1624/1624/1624 1601/1601/1601
f 1601/1601/1601 1616/1616/1616 1662/1662/1662
f 1657/1657/1657 1643/1643/1643 1610/1610/1610
f 1610/1610/1610 1649/1649/1649 1657/1657/1657
f 1653/1653/1653 1593/1593/1593 1591/1591/1591
f 1591/1591/1591 1655/1655/1655 1653/1653/1653
f 1655/1655/1655 1591/1591/1591 1626/1626/1626
f 1626/1626/1626 1661/1661/1661 1655/1655/1655
f 1649/1649/1649 1610/1610/1610 1608/1608/1608
f 1608/1608/1608 1651/1651/1651 1649/1649/1649
f 1651/1651/1651 1608/1608/1608 1639/1639/1639
f 1639/1639/1639 1666/1666/1666 1651/1651/1651
f 1620/1620/1620 1586/1586/1586 1584/1584/1584
f 1584/1584/1584 1617/1617/1617 1620/1620/1620
f 1617/1617/1617 1584/1584/1584 1628/1628/1628
f 1628/1628/1628 1665/1665/1665 1617/1617/1617
f 1616/1616/1616 1601/1601/1601 1600/1600/1600
f 1600/1600/1600 1614/1614/1614 1616/1616/1616
f 1614/1614/1614 1600/1600/1600 1644/1644/1644
f 1644/1644/1644 1659/1659/1659 1614/1614/1614
f 1669/1669/1669 1670/1670/1670 1671/1671/1671
f 1671/1671/1671 1672/1672/1672 1669/1669/1669
f 1673/1673/1673 1674/1674/1674 1675/1675/1675
f 1675/1675/1675 1676/1676/1676 1673/1673/1673
f 1678/1678/1678 1679/1679/1679 1681/1681/1681
f 1681/1681/1681 1684/1684/1684 1678/1678/1678
f 1686/1686/1686 1688/1688/1688 1689/1689/1689
f 1689/1689/1689 1691/1691/1691 1686/1686/1686
f 1694/1694/1694 1695/1695/1695 1697/1697/1697
f 1697/1697/1697 1699/1699/1699 1694/1694/1694
f 1701/1701/1701 1704/1704/1704 1705/1705/1705
f 1705/1705/1705 1707/1707/1707 1701/1701/1701
f 1700/1700/1700 1669/1669/1669 1672/1672/1672
f 1672/1672/1672 1693/1693/1693 1700/1700/1700
f 1683/1683/1683 1671/1671/1671 1670/1670/1670
f 1670/1670/1670 1677/1677/1677 1683/1683/1683
f 1710/1710/1710 1673/1673/1673 1676/1676/1676
f 1676/1676/1676 1711/1711/1711 1710/1710/1710
f 1714/1714/1714 1675/1675/1675 1674/1674/1674
f 1674/1674/1674 1716/1716/1716 1714/1714/1714
f 1719/1719/1719 1721/1721/1721 1688/1688/1688
f 1688/1688/1688 1686/1686/1686 1719/1719/1719
f 1724/1724/1724 1730/1730/1730 1691/1691/1691
f 1691/1691/1691 1689/1689/1689 1724/1724/1724
f 1733/1733/1733 1737/1737/1737 1704/1704/1704
f 1704/1704/1704 1701/1701/1701 1733/1733/1733
f 1740/1740/1740 1743/1743/1743 1707/1707/1707
f 1707/1707/1707 1705/1705/1705 1740/1740/1740
f 1685/1685/1685 1692/1692/1692 1670/1670/1670
f 1670/1670/1670 1669/1669/1669 1685/1685/1685
f 1702/1702/1702 1708/1708/1708 1672/1672/1672
f 1672/1672/1672 1671/1671/1671 1702/1702/1702
f 1746/1746/1746 1748/1748/1748 1674/1674/1674
f 1674/1674/1674 1673/1673/1673 1746/1746/1746
f 1749/1749/1749 1752/1752/1752 1676/1676/1676
f 1676/1676/1676 1675/1675/1675 1749/1749/1749
f 1728/1728/1728 1725/1725/1725 1679/1679/1679
f 1679/1679/1679 1678/1678/1678 1728/1728/1728
f 1736/1736/1736 1732/1732/1732 1684/1684/1684
f 1684/1684/1684 1681/1681/1681 1736/1736/1736
f 1742/1742/1742 1739/1739/1739 1695/1695/1695
f 1695/1695/1695 1694/1694/1694 1742/1742/1742
f 1720/1720/1720 1718/1718/1718 1699/1699/1699
f 1699/1699/1699 1697/1697/1697 1720/1720/1720
f 1717/1717/1717 1685/1685/1685 1669/1669/1669
f 1669/1669/1669 1700/1700/1700 1717/1717/1717
f 1708/1708/1708 1744/1744/1744 1693/1693/1693
f 1693/1693/1693 1672/1672/1672 1708/1708/1708
f 1731/1731/1731 1702/1702/1702 1671/1671/1671
f 1671/1671/1671 1683/1683/1683 1731/1731/1731
f 1692/1692/1692 1729/1729/1729 1677/1677/1677
f 1677/1677/1677 1670/1670/1670 1692/1692/1692
f 1755/1755/1755 1746/1746/1746 1673/1673/1673
f 1673/1673/1673 1710/1710/1710 1755/1755/1755
f 1752/1752/1752 1756/1756/1756 1711/1711/1711
f 1711/1711/1711 1676/1676/1676 1752/1752/1752
f 1761/1761/1761 1749/1749/1749 1675/1675/1675
f 1675/1675/1675 1714/1714/1714 1761/1761/1761
f 1748/1748/1748 1762/1762/1762 1716/1716/1716
f 1716/1716/1716 1674/1674/1674 1748/1748/1748
f 1763/1763/1763 1735/1735/1735 1682/1682/1682
f 1682/1682/1682 1715/1715/1715 1763/1763/1763
f 1760/1760/1760 1727/1727/1727 1690/1690/1690
f 1690/1690/1690 1750/1750/1750 1760/1760/1760
f 1758/1758/1758 1723/1723/1723 1698/1698/1698
f 1698/1698/1698 1712/1712/1712 1758/1758/1758
f 1754/1754/1754 1741/1741/1741 1706/1706/1706
f 1706/1706/1706 1745/1745/1745 1754/1754/1754
f 1750/1750/1750 1690/1690/1690 1687/1687/1687
f 1687/1687/1687 1751/1751/1751 1750/1750/1750
f 1751/1751/1751 1687/1687/1687 1722/1722/1722
f 1722/1722/1722 1757/1757/1757 1751/1751/1751
f 1745/1745/1745 1706/1706/1706 1703/1703/1703
f 1703/1703/1703 1747/1747/1747 1745/1745/1745
f 1747/1747/1747 1703/1703/1703 1734/1734/1734
f 1734/1734/1734 1764/1764/1764 1747/1747/1747
f 1715/1715/1715 1682/1682/1682 1680/1680/1680
f 1680/1680/1680 1713/1713/1713 1715/1715/1715
f 1713/1713/1713 1680/1680/1680 1726/1726/1726
f 1726/1726/1726 1759/1759/1759 1713/1713/1713
f 1712/1712/1712 1698/1698/1698 1696/1696/1696
f 1696/1696/1696 1709/1709/1709 1712/1712/1712
f 1709/1709/1709 1696/1696/1696 1738/1738/1738
f 1738/1738/1738 1753/1753/1753 1709/1709/1709
f 1765/1765/1765 1766/1766/1766 1767/1767/1767
f 1767/1767/1767 1768/1768/1768 1765/1765/1765
f 1769/1769/1769 1770/1770/1770 1771/1771/1771
f 1771/1771/1771 1772/1772/1772 1769/1769/1769
f 1773/1773/1773 1775/1775/1775 1777/1777/1777
f 1777/1777/1777 1779/1779/1779 1773/1773/1773
f 1782/1782/1782 1784/1784/1784 1785/1785/1785
f 1785/1785/1785 1788/1788/1788 1782/1782/1782
f 1790/1790/1790 1791/1791/1791 1794/1794/1794
f 1794/1794/1794 1796/1796/1796 1790/1790/1790
f 1798/1798/1798 1800/1800/1800 1801/1801/1801
f 1801/1801/1801 1803/1803/1803 1798/1798/1798
f 1795/1795/1795 1765/1765/1765 1768/1768/1768
f 1768/1768/1768 1789/1789/1789 1795/1795/1795
f 1780/1780/1780 1767/1767/1767 1766/1766/1766
f 1766/1766/1766 1774/1774/1774 1780/1780/1780
f 1805/1805/1805 1769/1769/1769 1772/1772/1772
f 1772/1772/1772 1808/1808/1808 1805/1805/1805
f 1809/1809/1809 1771/1771/1771 1770/1770/1770
f 1770/1770/1770 1811/1811/1811 1809/1809/1809
f 1815/1815/1815 1818/1818/1818 1784/1784/1784
f 1784/1784/1784 1782/1782/1782 1815/1815/1815
f 1823/1823/1823 1824/1824/1824 1788/1788/1788
f 1788/1788/1788 1785/1785/1785 1823/1823/1823
f 1827/1827/1827 1831/1831/1831 1800/1800/1800
f 1800/1800/1800 1798/1798/1798 1827/1827/1827
f 1837/1837/1837 1840/1840/1840 1803/1803/1803
f 1803/1803/1803 1801/1801/1801 1837/1837/1837
f 1781/1781/1781 1787/1787/1787 1766/1766/1766
f 1766/1766/1766 1765/1765/1765 1781/1781/1781
f 1797/1797/1797 1804/1804/1804 1768/1768/1768
f 1768/1768/1768 1767/1767/1767 1797/1797/1797
f 1842/1842/1842 1844/1844/1844 1770/1770/1770
f 1770/1770/1770 1769/1769/1769 1842/1842/1842
f 1846/1846/1846 1848/1848/1848 1772/1772/1772
f 1772/1772/1772 1771/1771/1771 1846/1846/1846
f 1825/1825/1825 1820/1820/1820 1775/1775/1775
f 1775/1775/1775 1773/1773/1773 1825/1825/1825
f 1830/1830/1830 1828/1828/1828 1779/1779/1779
f 1779/1779/1779 1777/1777/1777 1830/1830/1830
f 1838/1838/1838 1834/1834/1834 1791/1791/1791
f 1791/1791/1791 1790/1790/1790 1838/1838/1838
f 1816/1816/1816 1813/1813/1813 1796/1796/1796
f 1796/1796/1796 1794/1794/1794 1816/1816/1816
f 1814/1814/1814 1781/1781/1781 1765/1765/1765
f 1765/1765/1765 1795/1795/1795 1814/1814/1814
f 1804/1804/1804 1839/1839/1839 1789/1789/1789
f 1789/1789/1789 1768/1768/1768 1804/1804/1804
f 1829/1829/1829 1797/1797/1797 1767/1767/1767
f 1767/1767/1767 1780/1780/1780 1829/1829/1829
f 1787/1787/1787 1826/1826/1826 1774/1774/1774
f 1774/1774/1774 1766/1766/1766 1787/1787/1787
f 1849/1849/1849 1842/1842/1842 1769/1769/1769
f 1769/1769/1769 1805/1805/1805 1849/1849/1849
f 1848/1848/1848 1854/1854/1854 1808/1808/1808
f 1808/1808/1808 1772/1772/1772 1848/1848/1848
f 1857/1857/1857 1846/1846/1846 1771/1771/1771
f 1771/1771/1771 1809/1809/1809 1857/1857/1857
f 1844/1844/1844 1858/1858/1858 1811/1811/1811
f 1811/1811/1811 1770/1770/1770 1844/1844/1844
f 1859/1859/1859 1833/1833/1833 1778/1778/1778
f 1778/1778/1778 1812/1812/1812 1859/1859/1859
f 1856/1856/1856 1821/1821/1821 1786/1786/1786
f 1786/1786/1786 1845/1845/1845 1856/1856/1856
f 1852/1852/1852 1817/1817/1817 1793/1793/1793
f 1793/1793/1793 1807/1807/1807 1852/1852/1852
f 1851/1851/1851 1835/1835/1835 1802/1802/1802
f 1802/1802/1802 1841/1841/1841 1851/1851/1851
f 1845/1845/1845 1786/1786/1786 1783/1783/1783
f 1783/1783/1783 1847/1847/1847 1845/1845/1845
f 1847/1847/1847 1783/1783/1783 1819/1819/1819
f 1819/1819/1819 1853/1853/1853 1847/1847/1847
f 1841/1841/1841 1802/1802/1802 1799/1799/1799
f 1799/1799/1799 1843/1843/1843 1841/1841/1841
f 1843/1843/1843 1799/1799/1799 1832/1832/1832
f 1832/1832/1832 1860/1860/1860 1843/1843/1843
f 1812/1812/1812 1778/1778/1778 1776/1776/1776
f 1776/1776/1776 1810/1810/1810 1812/1812/1812
f 1810/1810/1810 1776/1776/1776 1822/1822/1822
f 1822/1822/1822 1855/1855/1855 1810/1810/1810
f 1807/1807/1807 1793/1793/1793 1792/1792/1792
f 1792/1792/1792 1806/1806/1806 1807/1807/1807
f 1806/1806/1806 1792/1792/1792 1836/1836/1836
f 1836/1836/1836 1850/1850/1850 1806/1806/1806
f 1861/1861/1861 1862/1862/1862 1863/1863/1863
f 1863/1863/1863 1864/1864/1864 1861/1861/1861
f 1865/1865/1865 1866/1866/1866 1867/1867/1867
f 1867/1867/1867 1868/1868/1868 1865/1865/1865
f 1870/1870/1870 1872/1872/1872 1873/1873/1873
f 1873/1873/1873 1876/1876/1876 1870/1870/1870
f 1878/1878/1878 1879/1879/1879 1881/1881/1881
f 1881/1881/1881 1883/1883/1883 1878/1878/1878
f 1886/1886/1886 1888/1888/1888 1889/1889/1889
f 1889/1889/1889 1892/1892/1892 1886/1886/1886
f 1894/1894/1894 1895/1895/1895 1898/1898/1898
f 1898/1898/1898 1899/1899/1899 1894/1894/1894
f 1891/1891/1891 1861/1861/1861 1864/1864/1864
f 1864/1864/1864 1885/1885/1885 1891/1891/1891
f 1875/1875/1875 1863/1863/1863 1862/1862/1862
f 1862/1862/1862 1869/1869/1869 1875/1875/1875
f 1902/1902/1902 1865/1865/1865 1868/1868/1868
f 1868/1868/1868 1904/1904/1904 1902/1902/1902
f 1905/1905/1905 1867/1867/1867 1866/1866/1866
f 1866/1866/1866 1908/1908/1908 1905/1905/1905
f 1909/1909/1909 1912/1912/1912 1879/1879/1879
f 1879/1879/1879 1878/1878/1878 1909/1909/1909
f 1917/1917/1917 1920/1920/1920 1883/1883/1883
f 1883/1883/1883 1881/1881/1881 1917/1917/1917
f 1923/1923/1923 1928/1928/1928 1895/1895/1895
f 1895/1895/1895 1894/1894/1894 1923/1923/1923
f 1931/1931/1931 1936/1936/1936 1899/1899/1899
f 1899/1899/1899 1898/1898/1898 1931/1931/1931
f 1877/1877/1877 1884/1884/1884 1862/1862/1862
f 1862/1862/1862 1861/1861/1861 1877/1877/1877
f 1893/1893/1893 1900/1900/1900 1864/1864/1864
f 1864/1864/1864 1863/1863/1863 1893/1893/1893
f 1937/1937/1937 1940/1940/1940 1866/1866/1866
f 1866/1866/1866 1865/1865/1865 1937/1937/1937
f 1941/1941/1941 1944/1944/1944 1868/1868/1868
f 1868/1868/1868 1867/1867/1867 1941/1941/1941
f 1922/1922/1922 1919/1919/1919 1872/1872/1872
f 1872/1872/1872 1870/1870/1870 1922/1922/1922
f 1926/1926/1926 1924/1924/1924 1876/1876/1876
f 1876/1876/1876 1873/1873/1873 1926/1926/1926
f 1934/1934/1934 1933/1933/1933 1888/1888/1888
f 1888/1888/1888 1886/1886/1886 1934/1934/1934
f 1913/1913/1913 1911/1911/1911 1892/1892/1892
f 1892/1892/1892 1889/1889/1889 1913/1913/1913
f 1910/1910/1910 1877/1877/1877 1861/1861/1861
f 1861/1861/1861 1891/1891/1891 1910/1910/1910
f 1900/1900/1900 1935/1935/1935 1885/1885/1885
f 1885/1885/1885 1864/1864/1864 1900/1900/1900
f 1925/1925/1925 1893/1893/1893 1863/1863/1863
f 1863/1863/1863 1875/1875/1875 1925/1925/1925
f 1884/1884/1884 1921/1921/1921 1869/1869/1869
f 1869/1869/1869 1862/1862/1862 1884/1884/1884
f 1945/1945/1945 1937/1937/1937 1865/1865/1865
f 1865/1865/1865 1902/1902/1902 1945/1945/1945
f 1944/1944/1944 1948/1948/1948 1904/1904/1904
f 1904/1904/1904 1868/1868/1868 1944/1944/1944
f 1951/1951/1951 1941/1941/1941 1867/1867/1867
f 1867/1867/1867 1905/1905/1905 1951/1951/1951
f 1940/1940/1940 1954/1954/1954 1908/1908/1908
f 1908/1908/1908 1866/1866/1866 1940/1940/1940
f 1955/1955/1955 1927/1927/1927 1874/1874/1874
f 1874/1874/1874 1907/1907/1907 1955/1955/1955
f 1952/1952/1952 1918/1918/1918 1882/1882/1882
f 1882/1882/1882 1942/1942/1942 1952/1952/1952
f 1949/1949/1949 1914/1914/1914 1890/1890/1890
f 1890/1890/1890 1903/1903/1903 1949/1949/1949
f 1947/1947/1947 1932/1932/1932 1897/1897/1897
f 1897/1897/1897 1938/1938/1938 1947/1947/1947
f 1942/1942/1942 1882/1882/1882 1880/1880/1880
f 1880/1880/1880 1943/1943/1943 1942/1942/1942
f 1943/1943/1943 1880/1880/1880 1915/1915/1915
f 1915/1915/1915 1950/1950/1950 1943/1943/1943
f 1938/1938/1938 1897/1897/1897 1896/1896/1896
f 1896/1896/1896 1939/1939/1939 1938/1938/1938
f 1939/1939/1939 1896/1896/1896 1929/1929/1929
f 1929/1929/1929 1956/1956/1956 1939/1939/1939
f 1907/1907/1907 1874/1874/1874 1871/1871/1871
f 1871/1871/1871 1906/1906/1906 1907/1907/1907
f 1906/1906/1906 1871/1871/1871 1916/1916/1916
f 1916/1916/1916 1953/1953/1953 1906/1906/1906
f 1903/1903/1903 1890/1890/1890 1887/1887/1887
f 1887/1887/1887 1901/1901/1901 1903/1903/1903
f 1901/1901/1901 1887/1887/1887 1930/1930/1930
f 1930/1930/1930 1946/1946/1946 1901/1901/1901
f 1957/1957/1957 1958/1958/1958 1959/1959/1959
f 1959/1959/1959 1960/1960/1960 1957/1957/1957
f 1961/1961/1961 1962/1962/1962 1963/1963/1963
f 1963/1963/1963 1964/1964/1964 1961/1961/1961
f 1965/1965/1965 1967/1967/1967 1970/1970/1970
f 1970/1970/1970 1971/1971/1971 1965/1965/1965
f 1973/1973/1973 1975/1975/1975 1978/1978/1978
f 1978/1978/1978 1980/1980/1980 1973/1973/1973
f 1982/1982/1982 1984/1984/1984 1986/1986/1986
f 1986/1986/1986 1988/1988/1988 1982/1982/1982
f 1990/1990/1990 1991/1991/1991 1993/1993/1993
f 1993/1993/1993 1996/1996/1996 1990/1990/1990
f 1987/1987/1987 1957/1957/1957 1960/1960/1960
f 1960/1960/1960 1981/1981/1981 1987/1987/1987
f 1972/1972/1972 1959/1959/1959 1958/1958/1958
f 1958/1958/1958 1966/1966/1966 1972/1972/1972
f 1998/1998/1998 1961/1961/1961 1964/1964/1964
f 1964/1964/1964 2000/2000/2000 1998/1998/1998
f 2002/2002/2002 1963/1963/1963 1962/1962/1962
f 1962/1962/1962 2004/2004/2004 2002/2002/2002
f 2007/2007/2007 2011/2011/2011 1975/1975/1975
f 1975/1975/1975 1973/1973/1973 2007/2007/2007
f 2014/2014/2014 2016/2016/2016 1980/1980/1980
f 1980/1980/1980 1978/1978/1978 2014/2014/2014
f 2020/2020/2020 2022/2022/2022 1991/1991/1991
f 1991/1991/1991 1990/1990/1990 2020/2020/2020
f 2028/2028/2028 2032/2032/2032 1996/1996/1996
f 1996/1996/1996 1993/1993/1993 2028/2028/2028
f 1974/1974/1974 1979/1979/1979 1958/1958/1958
f 1958/1958/1958 1957/1957/1957 1974/1974/1974
f 1989/1989/1989 1995/1995/1995 1960/1960/1960
f 1960/1960/1960 1959/1959/1959 1989/1989/1989
f 2034/2034/2034 2036/2036/2036 1962/1962/1962
f 1962/1962/1962 1961/1961/1961 2034/2034/2034
f 2038/2038/2038 2040/2040/2040 1964/1964/1964
f 1964/1964/1964 1963/1963/1963 2038/2038/2038
f 2018/2018/2018 2012/2012/2012 1967/1967/1967
f 1967/1967/1967 1965/1965/1965 2018/2018/2018
f 2023/2023/2023 2021/2021/2021 1971/1971/1971
f 1971/1971/1971 1970/1970/1970 2023/2023/2023
f 2030/2030/2030 2029/2029/2029 1984/1984/1984
f 1984/1984/1984 1982/1982/1982 2030/2030/2030
f 2010/2010/2010 2005/2005/2005 1988/1988/1988
f 1988/1988/1988 1986/1986/1986 2010/2010/2010
f 2006/2006/2006 1974/1974/1974 1957/1957/1957
f 1957/1957/1957 1987/1987/1987 2006/2006/2006
f 1995/1995/1995 2031/2031/2031 1981/1981/1981
f 1981/1981/1981 1960/1960/1960 1995/1995/1995
f 2019/2019/2019 1989/1989/1989 1959/1959/1959
f 1959/1959/1959 1972/1972/1972 2019/2019/2019
f 1979/1979/1979 2017/2017/2017 1966/1966/1966
f 1966/1966/1966 1958/1958/1958 1979/1979/1979
f 2041/2041/2041 2034/2034/2034 1961/1961/1961
f 1961/1961/1961 1998/1998/1998 2041/2041/2041
f 2040/2040/2040 2044/2044/2044 2000/2000/2000
f 2000/2000/2000 1964/1964/1964 2040/2040/2040
f 2047/2047/2047 2038/2038/2038 1963/1963/1963
f 1963/1963/1963 2002/2002/2002 2047/2047/2047
f 2036/2036/2036 2052/2052/2052 2004/2004/2004
f 2004/2004/2004 1962/1962/1962 2036/2036/2036
f 2051/2051/2051 2025/2025/2025 1969/1969/1969
f 1969/1969/1969 2003/2003/2003 2051/2051/2051
f 2048/2048/2048 2013/2013/2013 1977/1977/1977
f 1977/1977/1977 2037/2037/2037 2048/2048/2048
f 2045/2045/2045 2009/2009/2009 1985/1985/1985
f 1985/1985/1985 1999/1999/1999 2045/2045/2045
f 2042/2042/2042 2027/2027/2027 1994/1994/1994
f 1994/1994/1994 2033/2033/2033 2042/2042/2042
f 2037/2037/2037 1977/1977/1977 1976/1976/1976
f 1976/1976/1976 2039/2039/2039 2037/2037/2037
f 2039/2039/2039 1976/1976/1976 2008/2008/2008
f 2008/2008/2008 2046/2046/2046 2039/2039/2039
f 2033/2033/2033 1994/1994/1994 1992/1992/1992
f 1992/1992/1992 2035/2035/2035 2033/2033/2033
f 2035/2035/2035 1992/1992/1992 2024/2024/2024
f 2024/2024/2024 2050/2050/2050 2035/2035/2035
f 2003/2003/2003 1969/1969/1969 1968/1968/1968
f 1968/1968/1968 2001/2001/2001 2003/2003/2003
f 2001/2001/2001 1968/1968/1968 2015/2015/2015
f 2015/2015/2015 2049/2049/2049 2001/2001/2001
f 1999/1999/1999 1985/1985/1985 1983/1983/1983
f 1983/1983/1983 1997/1997/1997 1999/1999/1999
f 1997/1997/1997 1983/1983/1983 2026/2026/2026
f 2026/2026/2026 2043/2043/2043 1997/1997/1997
f 2053/2053/2053 2054/2054/2054 2055/2055/2055
f 2055/2055/2055 2056/2056/2056 2053/2053/2053
f 2057/2057/2057 2058/2058/2058 2059/2059/2059
f 2059/2059/2059 2060/2060/2060 2057/2057/2057
f 2062/2062/2062 2063/2063/2063 2065/2065/2065
f 2065/2065/2065 2068/2068/2068 2062/2062/2062
f 2070/2070/2070 2072/2072/2072 2073/2073/2073
f 2073/2073/2073 2075/2075/2075 2070/2070/2070
f 2078/2078/2078 2079/2079/2079 2081/2081/2081
f 2081/2081/2081 2084/2084/2084 2078/2078/2078
f 2085/2085/2085 2087/2087/2087 2090/2090/2090
f 2090/2090/2090 2091/2091/2091 2085/2085/2085
f 2083/2083/2083 2053/2053/2053 2056/2056/2056
f 2056/2056/2056 2077/2077/2077 2083/2083/2083
f 2067/2067/2067 2055/2055/2055 2054/2054/2054
f 2054/2054/2054 2061/2061/2061 2067/2067/2067
f 2093/2093/2093 2057/2057/2057 2060/2060/2060
f 2060/2060/2060 2095/2095/2095 2093/2093/2093
f 2097/2097/2097 2059/2059/2059 2058/2058/2058
f 2058/2058/2058 2100/2100/2100 2097/2097/2097
f 2102/2102/2102 2106/2106/2106 2072/2072/2072
f 2072/2072/2072 2070/2070/2070 2102/2102/2102
f 2108/2108/2108 2113/2113/2113 2075/2075/2075
f 2075/2075/2075 2073/2073/2073 2108/2108/2108
f 2117/2117/2117 2120/2120/2120 2087/2087/2087
f 2087/2087/2087 2085/2085/2085 2117/2117/2117
f 2125/2125/2125 2127/2127/2127 2091/2091/2091
f 2091/2091/2091 2090/2090/2090 2125/2125/2125
f 2069/2069/2069 2076/2076/2076 2054/2054/2054
f 2054/2054/2054 2053/2053/2053 2069/2069/2069
f 2086/2086/2086 2092/2092/2092 2056/2056/2056
f 2056/2056/2056 2055/2055/2055 2086/2086/2086
f 2129/2129/2129 2131/2131/2131 2058/2058/2058
f 2058/2058/2058 2057/2057/2057 2129/2129/2129
f 2134/2134/2134 2135/2135/2135 2060/2060/2060
f 2060/2060/2060 2059/2059/2059 2134/2134/2134
f 2114/2114/2114 2109/2109/2109 2063/2063/2063
f 2063/2063/2063 2062/2062/2062 2114/2114/2114
f 2118/2118/2118 2116/2116/2116 2068/2068/2068
f 2068/2068/2068 2065/2065/2065 2118/2118/2118
f 2128/2128/2128 2124/2124/2124 2079/2079/2079
f 2079/2079/2079 2078/2078/2078 2128/2128/2128
f 2105/2105/2105 2101/2101/2101 2084/2084/2084
f 2084/2084/2084 2081/2081/2081 2105/2105/2105
f 2103/2103/2103 2069/2069/2069 2053/2053/2053
f 2053/2053/2053 2083/2083/2083 2103/2103/2103
f 2092/2092/2092 2126/2126/2126 2077/2077/2077
f 2077/2077/2077 2056/2056/2056 2092/2092/2092
f 2115/2115/2115 2086/2086/2086 2055/2055/2055
f 2055/2055/2055 2067/2067/2067 2115/2115/2115
f 2076/2076/2076 2112/2112/2112 2061/2061/2061
f 2061/2061/2061 2054/2054/2054 2076/2076/2076
f 2138/2138/2138 2129/2129/2129 2057/2057/2057
f 2057/2057/2057 2093/2093/2093 2138/2138/2138
f 2135/2135/2135 2140/2140/2140 2095/2095/2095
f 2095/2095/2095 2060/2060/2060 2135/2135/2135
f 2144/2144/2144 2134/2134/2134 2059/2059/2059
f 2059/2059/2059 2097/2097/2097 2144/2144/2144
f 2131/2131/2131 2147/2147/2147 2100/2100/2100
f 2100/2100/2100 2058/2058/2058 2131/2131/2131
f 2146/2146/2146 2119/2119/2119 2066/2066/2066
f 2066/2066/2066 2099/2099/2099 2146/2146/2146
f 2145/2145/2145 2110/2110/2110 2074/2074/2074
f 2074/2074/2074 2133/2133/2133 2145/2145/2145
f 2142/2142/2142 2104/2104/2104 2082/2082/2082
f 2082/2082/2082 2096/2096/2096 2142/2142/2142
f 2137/2137/2137 2122/2122/2122 2089/2089/2089
f 2089/2089/2089 2130/2130/2130 2137/2137/2137
f 2133/2133/2133 2074/2074/2074 2071/2071/2071
f 2071/2071/2071 2136/2136/2136 2133/2133/2133
f 2136/2136/2136 2071/2071/2071 2107/2107/2107
f 2107/2107/2107 2141/2141/2141 2136/2136/2136
f 2130/2130/2130 2089/2089/2089 2088/2088/2088
f 2088/2088/2088 2132/2132/2132 2130/2130/2130
f 2132/2132/2132 2088/2088/2088 2121/2121/2121
f 2121/2121/2121 2148/2148/2148 2132/2132/2132
f 2099/2099/2099 2066/2066/2066 2064/2064/2064
f 2064/2064/2064 2098/2098/2098 2099/2099/2099
f 2098/2098/2098 2064/2064/2064 2111/2111/2111
f 2111/2111/2111 2143/2143/2143 2098/2098/2098
f 2096/2096/2096 2082/2082/2082 2080/2080/2080
f 2080/2080/2080 2094/2094/2094 2096/2096/2096
f 2094/2094/2094 2080/2080/2080 2123/2123/2123
f 2123/2123/2123 2139/2139/2139 2094/2094/2094
f 2149/2149/2149 2150/2150/2150 2151/2151/2151
f 2151/2151/2151 2152/2152/2152 2149/2149/2149
f 2153/2153/2153 2154/2154/2154 2155/2155/2155
f 2155/2155/2155 2156/2156/2156 2153/2153/2153
f 2157/2157/2157 2160/2160/2160 2162/2162/2162
f 2162/2162/2162 2163/2163/2163 2157/2157/2157
f 2165/2165/2165 2167/2167/2167 2169/2169/2169
f 2169/2169/2169 2172/2172/2172 2165/2165/2165
f 2173/2173/2173 2175/2175/2175 2178/2178/2178
f 2178/2178/2178 2180/2180/2180 2173/2173/2173
f 2182/2182/2182 2183/2183/2183 2186/2186/2186
f 2186/2186/2186 2188/2188/2188 2182/2182/2182
f 2179/2179/2179 2149/2149/2149 2152/2152/2152
f 2152/2152/2152 2174/2174/2174 2179/2179/2179
f 2164/2164/2164 2151/2151/2151 2150/2150/2150
f 2150/2150/2150 2158/2158/2158 2164/2164/2164
f 2189/2189/2189 2153/2153/2153 2156/2156/2156
f 2156/2156/2156 2191/2191/2191 2189/2189/2189
f 2194/2194/2194 2155/2155/2155 2154/2154/2154
f 2154/2154/2154 2195/2195/2195 2194/2194/2194
f 2199/2199/2199 2201/2201/2201 2167/2167/2167
f 2167/2167/2167 2165/2165/2165 2199/2199/2199
f 2205/2205/2205 2210/2210/2210 2172/2172/2172
f 2172/2172/2172 2169/2169/2169 2205/2205/2205
f 2213/2213/2213 2216/2216/2216 2183/2183/2183
f 2183/2183/2183 2182/2182/2182 2213/2213/2213
f 2220/2220/2220 2224/2224/2224 2188/2188/2188
f 2188/2188/2188 2186/2186/2186 2220/2220/2220
f 2166/2166/2166 2171/2171/2171 2150/2150/2150
f 2150/2150/2150 2149/2149/2149 2166/2166/2166
f 2181/2181/2181 2187/2187/2187 2152/2152/2152
f 2152/2152/2152 2151/2151/2151 2181/2181/2181
f 2225/2225/2225 2228/2228/2228 2154/2154/2154
f 2154/2154/2154 2153/2153/2153 2225/2225/2225
f 2229/2229/2229 2231/2231/2231 2156/2156/2156
f 2156/2156/2156 2155/2155/2155 2229/2229/2229
f 2208/2208/2208 2204/2204/2204 2160/2160/2160
f 2160/2160/2160 2157/2157/2157 2208/2208/2208
f 2217/2217/2217 2211/2211/2211 2163/2163/2163
f 2163/2163/2163 2162/2162/2162 2217/2217/2217
f 2223/2223/2223 2221/2221/2221 2175/2175/2175
f 2175/2175/2175 2173/2173/2173 2223/2223/2223
f 2203/2203/2203 2198/2198/2198 2180/2180/2180
f 2180/2180/2180 2178/2178/2178 2203/2203/2203
f 2197/2197/2197 2166/2166/2166 2149/2149/2149
f 2149/2149/2149 2179/2179/2179 2197/2197/2197
f 2187/2187/2187 2222/2222/2222 2174/2174/2174
f 2174/2174/2174 2152/2152/2152 2187/2187/2187
f 2212/2212/2212 2181/2181/2181 2151/2151/2151
f 2151/2151/2151 2164/2164/2164 2212/2212/2212
f 2171/2171/2171 2209/2209/2209 2158/2158/2158
f 2158/2158/2158 2150/2150/2150 2171/2171/2171
f 2235/2235/2235 2225/2225/2225 2153/2153/2153
f 2153/2153/2153 2189/2189/2189 2235/2235/2235
f 2231/2231/2231 2236/2236/2236 2191/2191/2191
f 2191/2191/2191 2156/2156/2156 2231/2231/2231
f 2239/2239/2239 2229/2229/2229 2155/2155/2155
f 2155/2155/2155 2194/2194/2194 2239/2239/2239
f 2228/2228/2228 2244/2244/2244 2195/2195/2195
f 2195/2195/2195 2154/2154/2154 2228/2228/2228
f 2242/2242/2242 2215/2215/2215 2161/2161/2161
f 2161/2161/2161 2196/2196/2196 2242/2242/2242
f 2241/2241/2241 2207/2207/2207 2170/2170/2170
f 2170/2170/2170 2230/2230/2230 2241/2241/2241
f 2237/2237/2237 2200/2200/2200 2177/2177/2177
f 2177/2177/2177 2192/2192/2192 2237/2237/2237
f 2233/2233/2233 2218/2218/2218 2185/2185/2185
f 2185/2185/2185 2226/2226/2226 2233/2233/2233
f 2230/2230/2230 2170/2170/2170 2168/2168/2168
f 2168/2168/2168 2232/2232/2232 2230/2230/2230
f 2232/2232/2232 2168/2168/2168 2202/2202/2202
f 2202/2202/2202 2238/2238/2238 2232/2232/2232
f 2226/2226/2226 2185/2185/2185 2184/2184/2184
f 2184/2184/2184 2227/2227/2227 2226/2226/2226
f 2227/2227/2227 2184/2184/2184 2214/2214/2214
f 2214/2214/2214 2243/2243/2243 2227/2227/2227
f 2196/2196/2196 2161/2161/2161 2159/2159/2159
f 2159/2159/2159 2193/2193/2193 2196/2196/2196
f 2193/2193/2193 2159/2159/2159 2206/2206/2206
f 2206/2206/2206 2240/2240/2240 2193/2193/2193
f 2192/2192/2192 2177/2177/2177 2176/2176/2176
f 2176/2176/2176 2190/2190/2190 2192/2192/2192
f 2190/2190/2190 2176/2176/2176 2219/2219/2219
f 2219/2219/2219 2234/2234/2234 2190/2190/2190
f 2245/2245/2245 2246/2246/2246 2247/2247/2247
f 2247/2247/2247 2248/2248/2248 2245/2245/2245
f 2249/2249/2249 2250/2250/2250 2251/2251/2251
f 2251/2251/2251 2252/2252/2252 2249/2249/2249
f 2253/2253/2253 2255/2255/2255 2258/2258/2258
f 2258/2258/2258 2260/2260/2260 2253/2253/2253
f 2261/2261/2261 2264/2264/2264 2265/2265/2265
f 2265/2265/2265 2267/2267/2267 2261/2261/2261
f 2269/2269/2269 2272/2272/2272 2274/2274/2274
f 2274/2274/2274 2276/2276/2276 2269/2269/2269
f 2278/2278/2278 2279/2279/2279 2282/2282/2282
f 2282/2282/2282 2284/2284/2284 2278/2278/2278
f 2275/2275/2275 2245/2245/2245 2248/2248/2248
f 2248/2248/2248 2270/2270/2270 2275/2275/2275
f 2259/2259/2259 2247/2247/2247 2246/2246/2246
f 2246/2246/2246 2254/2254/2254 2259/2259/2259
f 2285/2285/2285 2249/2249/2249 2252/2252/2252
f 2252/2252/2252 2287/2287/2287 2285/2285/2285
f 2290/2290/2290 2251/2251/2251 2250/2250/2250
f 2250/2250/2250 2291/2291/2291 2290/2290/2290
f 2293/2293/2293 2296/2296/2296 2264/2264/2264
f 2264/2264/2264 2261/2261/2261 2293/2293/2293
f 2300/2300/2300 2305/2305/2305 2267/2267/2267
f 2267/2267/2267 2265/2265/2265 2300/2300/2300
f 2308/2308/2308 2312/2312/2312 2279/2279/2279
f 2279/2279/2279 2278/2278/2278 2308/2308/2308
f 2316/2316/2316 2319/2319/2319 2284/2284/2284
f 2284/2284/2284 2282/2282/2282 2316/2316/2316
f 2262/2262/2262 2268/2268/2268 2246/2246/2246
f 2246/2246/2246 2245/2245/2245 2262/2262/2262
f 2277/2277/2277 2283/2283/2283 2248/2248/2248
f 2248/2248/2248 2247/2247/2247 2277/2277/2277
f 2321/2321/2321 2323/2323/2323 2250/2250/2250
f 2250/2250/2250 2249/2249/2249 2321/2321/2321
f 2325/2325/2325 2327/2327/2327 2252/2252/2252
f 2252/2252/2252 2251/2251/2251 2325/2325/2325
f 2306/2306/2306 2301/2301/2301 2255/2255/2255
f 2255/2255/2255 2253/2253/2253 2306/2306/2306
f 2313/2313/2313 2309/2309/2309 2260/2260/2260
f 2260/2260/2260 2258/2258/2258 2313/2313/2313
f 2318/2318/2318 2317/2317/2317 2272/2272/2272
f 2272/2272/2272 2269/2269/2269 2318/2318/2318
f 2297/2297/2297 2294/2294/2294 2276/2276/2276
f 2276/2276/2276 2274/2274/2274 2297/2297/2297
f 2295/2295/2295 2262/2262/2262 2245/2245/2245
f 2245/2245/2245 2275/2275/2275 2295/2295/2295
f 2283/2283/2283 2320/2320/2320 2270/2270/2270
f 2270/2270/2270 2248/2248/2248 2283/2283/2283
f 2307/2307/2307 2277/2277/2277 2247/2247/2247
f 2247/2247/2247 2259/2259/2259 2307/2307/2307
f 2268/2268/2268 2304/2304/2304 2254/2254/2254
f 2254/2254/2254 2246/2246/2246 2268/2268/2268
f 2331/2331/2331 2321/2321/2321 2249/2249/2249
f 2249/2249/2249 2285/2285/2285 2331/2331/2331
f 2327/2327/2327 2334/2334/2334 2287/2287/2287
f 2287/2287/2287 2252/2252/2252 2327/2327/2327
f 2336/2336/2336 2325/2325/2325 2251/2251/2251
f 2251/2251/2251 2290/2290/2290 2336/2336/2336
f 2323/2323/2323 2338/2338/2338 2291/2291/2291
f 2291/2291/2291 2250/2250/2250 2323/2323/2323
f 2340/2340/2340 2311/2311/2311 2257/2257/2257
f 2257/2257/2257 2292/2292/2292 2340/2340/2340
f 2337/2337/2337 2303/2303/2303 2266/2266/2266
f 2266/2266/2266 2326/2326/2326 2337/2337/2337
f 2332/2332/2332 2299/2299/2299 2273/2273/2273
f 2273/2273/2273 2288/2288/2288 2332/2332/2332
f 2329/2329/2329 2315/2315/2315 2281/2281/2281
f 2281/2281/2281 2322/2322/2322 2329/2329/2329
f 2326/2326/2326 2266/2266/2266 2263/2263/2263
f 2263/2263/2263 2328/2328/2328 2326/2326/2326
f 2328/2328/2328 2263/2263/2263 2298/2298/2298
f 2298/2298/2298 2333/2333/2333 2328/2328/2328
f 2322/2322/2322 2281/2281/2281 2280/2280/2280
f 2280/2280/2280 2324/2324/2324 2322/2322/2322
f 2324/2324/2324 2280/2280/2280 2310/2310/2310
f 2310/2310/2310 2339/2339/2339 2324/2324/2324
f 2292/2292/2292 2257/2257/2257 2256/2256/2256
f 2256/2256/2256 2289/2289/2289 2292/2292/2292
f 2289/2289/2289 2256/2256/2256 2302/2302/2302
f 2302/2302/2302 2335/2335/2335 2289/2289/2289
f 2288/2288/2288 2273/2273/2273 2271/2271/2271
f 2271/2271/2271 2286/2286/2286 2288/2288/2288
f 2286/2286/2286 2271/2271/2271 2314/2314/2314
f 2314/2314/2314 2330/2330/2330 2286/2286/2286
f 2341/2341/2341 2342/2342/2342 2343/2343/2343
f 2343/2343/2343 2344/2344/2344 2341/2341/2341
f 2345/2345/2345 2346/2346/2346 2347/2347/2347
f 2347/2347/2347 2348/2348/2348 2345/2345/2345
f 2350/2350/2350 2352/2352/2352 2354/2354/2354
f 2354/2354/2354 2356/2356/2356 2350/2350/2350
f 2357/2357/2357 2359/2359/2359 2361/2361/2361
f 2361/2361/2361 2363/2363/2363 2357/2357/2357
f 2365/2365/2365 2368/2368/2368 2369/2369/2369
f 2369/2369/2369 2371/2371/2371 2365/2365/2365
f 2374/2374/2374 2376/2376/2376 2378/2378/2378
f 2378/2378/2378 2379/2379/2379 2374/2374/2374
f 2372/2372/2372 2341/2341/2341 2344/2344/2344
f 2344/2344/2344 2366/2366/2366 2372/2372/2372
f 2355/2355/2355 2343/2343/2343 2342/2342/2342
f 2342/2342/2342 2349/2349/2349 2355/2355/2355
f 2382/2382/2382 2345/2345/2345 2348/2348/2348
f 2348/2348/2348 2383/2383/2383 2382/2382/2382
f 2385/2385/2385 2347/2347/2347 2346/2346/2346
f 2346/2346/2346 2388/2388/2388 2385/2385/2385
f 2391/2391/2391 2395/2395/2395 2359/2359/2359
f 2359/2359/2359 2357/2357/2357 2391/2391/2391
f 2396/2396/2396 2400/2400/2400 2363/2363/2363
f 2363/2363/2363 2361/2361/2361 2396/2396/2396
f 2405/2405/2405 2409/2409/2409 2376/2376/2376
f 2376/2376/2376 2374/2374/2374 2405/2405/2405
f 2412/2412/2412 2415/2415/2415 2379/2379/2379
f 2379/2379/2379 2378/2378/2378 2412/2412/2412
f 2358/2358/2358 2364/2364/2364 2342/2342/2342
f 2342/2342/2342 2341/2341/2341 2358/2358/2358
f 2373/2373/2373 2380/2380/2380 2344/2344/2344
f 2344/2344/2344 2343/2343/2343 2373/2373/2373
f 2417/2417/2417 2419/2419/2419 2346/2346/2346
f 2346/2346/2346 2345/2345/2345 2417/2417/2417
f 2421/2421/2421 2423/2423/2423 2348/2348/2348
f 2348/2348/2348 2347/2347/2347 2421/2421/2421
f 2401/2401/2401 2398/2398/2398 2352/2352/2352
f 2352/2352/2352 2350/2350/2350 2401/2401/2401
f 2408/2408/2408 2403/2403/2403 2356/2356/2356
f 2356/2356/2356 2354/2354/2354 2408/2408/2408
f 2414/2414/2414 2413/2413/2413 2368/2368/2368
f 2368/2368/2368 2365/2365/2365 2414/2414/2414
f 2392/2392/2392 2390/2390/2390 2371/2371/2371
f 2371/2371/2371 2369/2369/2369 2392/2392/2392
f 2389/2389/2389 2358/2358/2358 2341/2341/2341
f 2341/2341/2341 2372/2372/2372 2389/2389/2389
f 2380/2380/2380 2416/2416/2416 2366/2366/2366
f 2366/2366/2366 2344/2344/2344 2380/2380/2380
f 2404/2404/2404 2373/2373/2373 2343/2343/2343
f 2343/2343/2343 2355/2355/2355 2404/2404/2404
f 2364/2364/2364 2402/2402/2402 2349/2349/2349
f 2349/2349/2349 2342/2342/2342 2364/2364/2364
f 2425/2425/2425 2417/2417/2417 2345/2345/2345
f 2345/2345/2345 2382/2382/2382 2425/2425/2425
f 2423/2423/2423 2430/2430/2430 2383/2383/2383
f 2383/2383/2383 2348/2348/2348 2423/2423/2423
f 2431/2431/2431 2421/2421/2421 2347/2347/2347
f 2347/2347/2347 2385/2385/2385 2431/2431/2431
f 2419/2419/2419 2434/2434/2434 2388/2388/2388
f 2388/2388/2388 2346/2346/2346 2419/2419/2419
f 2435/2435/2435 2407/2407/2407 2353/2353/2353
f 2353/2353/2353 2387/2387/2387 2435/2435/2435
f 2432/2432/2432 2397/2397/2397 2362/2362/2362
f 2362/2362/2362 2422/2422/2422 2432/2432/2432
f 2428/2428/2428 2394/2394/2394 2370/2370/2370
f 2370/2370/2370 2384/2384/2384 2428/2428/2428
f 2426/2426/2426 2411/2411/2411 2377/2377/2377
f 2377/2377/2377 2418/2418/2418 2426/2426/2426
f 2422/2422/2422 2362/2362/2362 2360/2360/2360
f 2360/2360/2360 2424/2424/2424 2422/2422/2422
f 2424/2424/2424 2360/2360/2360 2393/2393/2393
f 2393/2393/2393 2429/2429/2429 2424/2424/2424
f 2418/2418/2418 2377/2377/2377 2375/2375/2375
f 2375/2375/2375 2420/2420/2420 2418/2418/2418
f 2420/2420/2420 2375/2375/2375 2406/2406/2406
f 2406/2406/2406 2436/2436/2436 2420/2420/2420
f 2387/2387/2387 2353/2353/2353 2351/2351/2351
f 2351/2351/2351 2386/2386/2386 2387/2387/2387
f 2386/2386/2386 2351/2351/2351 2399/2399/2399
f 2399/2399/2399 2433/2433/2433 2386/2386/2386
f 2384/2384/2384 2370/2370/2370 2367/2367/2367
f 2367/2367/2367 2381/2381/2381 2384/2384/2384
f 2381/2381/2381 2367/2367/2367 2410/2410/2410
f 2410/2410/2410 2427/2427/2427 2381/2381/2381
f 2437/2437/2437 2438/2438/2438 2439/2439/2439
f 2439/2439/2439 2440/2440/2440 2437/2437/2437
f 2441/2441/2441 2442/2442/2442 2443/2443/2443
f 2443/2443/2443 2444/2444/2444 2441/2441/2441
f 2445/2445/2445 2447/2447/2447 2449/2449/2449
f 2449/2449/2449 2452/2452/2452 2445/2445/2445
f 2453/2453/2453 2456/2456/2456 2458/2458/2458
f 2458/2458/2458 2460/2460/2460 2453/2453/2453
f 2462/2462/2462 2463/2463/2463 2466/2466/2466
f 2466/2466/2466 2468/2468/2468 2462/2462/2462
f 2469/2469/2469 2472/2472/2472 2474/2474/2474
f 2474/2474/2474 2475/2475/2475 2469/2469/2469
f 2467/2467/2467 2437/2437/2437 2440/2440/2440
f 2440/2440/2440 2461/2461/2461 2467/2467/2467
f 2451/2451/2451 2439/2439/2439 2438/2438/2438
f 2438/2438/2438 2446/2446/2446 2451/2451/2451
f 2477/2477/2477 2441/2441/2441 2444/2444/2444
f 2444/2444/2444 2480/2480/2480 2477/2477/2477
f 2482/2482/2482 2443/2443/2443 2442/2442/2442
f 2442/2442/2442 2483/2483/2483 2482/2482/2482
f 2485/2485/2485 2489/2489/2489 2456/2456/2456
f 2456/2456/2456 2453/2453/2453 2485/2485/2485
f 2492/2492/2492 2498/2498/2498 2460/2460/2460
f 2460/2460/2460 2458/2458/2458 2492/2492/2492
f 2501/2501/2501 2502/2502/2502 2472/2472/2472
f 2472/2472/2472 2469/2469/2469 2501/2501/2501
f 2508/2508/2508 2510/2510/2510 2475/2475/2475
f 2475/2475/2475 2474/2474/2474 2508/2508/2508
f 2454/2454/2454 2459/2459/2459 2438/2438/2438
f 2438/2438/2438 2437/2437/2437 2454/2454/2454
f 2470/2470/2470 2476/2476/2476 2440/2440/2440
f 2440/2440/2440 2439/2439/2439 2470/2470/2470
f 2513/2513/2513 2516/2516/2516 2442/2442/2442
f 2442/2442/2442 2441/2441/2441 2513/2513/2513
f 2517/2517/2517 2520/2520/2520 2444/2444/2444
f 2444/2444/2444 2443/2443/2443 2517/2517/2517
f 2496/2496/2496 2493/2493/2493 2447/2447/2447
f 2447/2447/2447 2445/2445/2445 2496/2496/2496
f 2503/2503/2503 2499/2499/2499 2452/2452/2452
f 2452/2452/2452 2449/2449/2449 2503/2503/2503
f 2512/2512/2512 2507/2507/2507 2463/2463/2463
f 2463/2463/2463 2462/2462/2462 2512/2512/2512
f 2490/2490/2490 2486/2486/2486 2468/2468/2468
f 2468/2468/2468 2466/2466/2466 2490/2490/2490
f 2487/2487/2487 2454/2454/2454 2437/2437/2437
f 2437/2437/2437 2467/2467/2467 2487/2487/2487
f 2476/2476/2476 2511/2511/2511 2461/2461/2461
f 2461/2461/2461 2440/2440/2440 2476/2476/2476
f 2500/2500/2500 2470/2470/2470 2439/2439/2439
f 2439/2439/2439 2451/2451/2451 2500/2500/2500
f 2459/2459/2459 2497/2497/2497 2446/2446/2446
f 2446/2446/2446 2438/2438/2438 2459/2459/2459
f 2523/2523/2523 2513/2513/2513 2441/2441/2441
f 2441/2441/2441 2477/2477/2477 2523/2523/2523
f 2520/2520/2520 2526/2526/2526 2480/2480/2480
f 2480/2480/2480 2444/2444/2444 2520/2520/2520
f 2527/2527/2527 2517/2517/2517 2443/2443/2443
f 2443/2443/2443 2482/2482/2482 2527/2527/2527
f 2516/2516/2516 2532/2532/2532 2483/2483/2483
f 2483/2483/2483 2442/2442/2442 2516/2516/2516
f 2530/2530/2530 2504/2504/2504 2450/2450/2450
f 2450/2450/2450 2484/2484/2484 2530/2530/2530
f 2528/2528/2528 2495/2495/2495 2457/2457/2457
f 2457/2457/2457 2518/2518/2518 2528/2528/2528
f 2525/2525/2525 2488/2488/2488 2465/2465/2465
f 2465/2465/2465 2479/2479/2479 2525/2525/2525
f 2521/2521/2521 2509/2509/2509 2473/2473/2473
f 2473/2473/2473 2514/2514/2514 2521/2521/2521
f 2518/2518/2518 2457/2457/2457 2455/2455/2455
f 2455/2455/2455 2519/2519/2519 2518/2518/2518
f 2519/2519/2519 2455/2455/2455 2491/2491/2491
f 2491/2491/2491 2524/2524/2524 2519/2519/2519
f 2514/2514/2514 2473/2473/2473 2471/2471/2471
f 2471/2471/2471 2515/2515/2515 2514/2514/2514
f 2515/2515/2515 2471/2471/2471 2505/2505/2505
f 2505/2505/2505 2531/2531/2531 2515/2515/2515
f 2484/2484/2484 2450/2450/2450 2448/2448/2448
f 2448/2448/2448 2481/2481/2481 2484/2484/2484
f 2481/2481/2481 2448/2448/2448 2494/2494/2494
f 2494/2494/2494 2529/2529/2529 2481/2481/2481
f 2479/2479/2479 2465/2465/2465 2464/2464/2464
f 2464/2464/2464 2478/2478/2478 2479/2479/2479
f 2478/2478/2478 2464/2464/2464 2506/2506/2506
f 2506/2506/2506 2522/2522/2522 2478/2478/2478
f 2533/2533/2533 2534/2534/2534 2535/2535/2535
f 2535/2535/2535 2536/2536/2536 2533/2533/2533
f 2537/2537/2537 2538/2538/2538 2539/2539/2539
f 2539/2539/2539 2540/2540/2540 2537/2537/2537
f 2541/2541/2541 2543/2543/2543 2545/2545/2545
f 2545/2545/2545 2548/2548/2548 2541/2541/2541
f 2550/2550/2550 2551/2551/2551 2554/2554/2554
f 2554/2554/2554 2555/2555/2555 2550/2550/2550
f 2558/2558/2558 2560/2560/2560 2561/2561/2561
f 2561/2561/2561 2563/2563/2563 2558/2558/2558
f 2565/2565/2565 2567/2567/2567 2570/2570/2570
f 2570/2570/2570 2571/2571/2571 2565/2565/2565
f 2564/2564/2564 2533/2533/2533 2536/2536/2536
f 2536/2536/2536 2557/2557/2557 2564/2564/2564
f 2547/2547/2547 2535/2535/2535 2534/2534/2534
f 2534/2534/2534 2542/2542/2542 2547/2547/2547
f 2574/2574/2574 2537/2537/2537 2540/2540/2540
f 2540/2540/2540 2575/2575/2575 2574/2574/2574
f 2578/2578/2578 2539/2539/2539 2538/2538/2538
f 2538/2538/2538 2579/2579/2579 2578/2578/2578
f 2583/2583/2583 2586/2586/2586 2551/2551/2551
f 2551/2551/2551 2550/2550/2550 2583/2583/2583
f 2591/2591/2591 2593/2593/2593 2555/2555/2555
f 2555/2555/2555 2554/2554/2554 2591/2591/2591
f 2596/2596/2596 2598/2598/2598 2567/2567/2567
f 2567/2567/2567 2565/2565/2565 2596/2596/2596
f 2602/2602/2602 2607/2607/2607 2571/2571/2571
f 2571/2571/2571 2570/2570/2570 2602/2602/2602
f 2549/2549/2549 2556/2556/2556 2534/2534/2534
f 2534/2534/2534 2533/2533/2533 2549/2549/2549
f 2566/2566/2566 2572/2572/2572 2536/2536/2536
f 2536/2536/2536 2535/2535/2535 2566/2566/2566
f 2610/2610/2610 2612/2612/2612 2538/2538/2538
f 2538/2538/2538 2537/2537/2537 2610/2610/2610
f 2614/2614/2614 2616/2616/2616 2540/2540/2540
f 2540/2540/2540 2539/2539/2539 2614/2614/2614
f 2594/2594/2594 2590/2590/2590 2543/2543/2543
f 2543/2543/2543 2541/2541/2541 2594/2594/2594
f 2599/2599/2599 2595/2595/2595 2548/2548/2548
f 2548/2548/2548 2545/2545/2545 2599/2599/2599
f 2608/2608/2608 2605/2605/2605 2560/2560/2560
f 2560/2560/2560 2558/2558/2558 2608/2608/2608
f 2587/2587/2587 2581/2581/2581 2563/2563/2563
f 2563/2563/2563 2561/2561/2561 2587/2587/2587
f 2582/2582/2582 2549/2549/2549 2533/2533/2533
f 2533/2533/2533 2564/2564/2564 2582/2582/2582
f 2572/2572/2572 2606/2606/2606 2557/2557/2557
f 2557/2557/2557 2536/2536/2536 2572/2572/2572
f 2597/2597/2597 2566/2566/2566 2535/2535/2535
f 2535/2535/2535 2547/2547/2547 2597/2597/2597
f 2556/2556/2556 2592/2592/2592 2542/2542/2542
f 2542/2542/2542 2534/2534/2534 2556/2556/2556
f 2618/2618/2618 2610/2610/2610 2537/2537/2537
f 2537/2537/2537 2574/2574/2574 2618/2618/2618
f 2616/2616/2616 2621/2621/2621 2575/2575/2575
f 2575/2575/2575 2540/2540/2540 2616/2616/2616
f 2623/2623/2623 2614/2614/2614 2539/2539/2539
f 2539/2539/2539 2578/2578/2578 2623/2623/2623
f 2612/2612/2612 2627/2627/2627 2579/2579/2579
f 2579/2579/2579 2538/2538/2538 2612/2612/2612
f 2626/2626/2626 2600/2600/2600 2546/2546/2546
f 2546/2546/2546 2580/2580/2580 2626/2626/2626
f 2624/2624/2624 2589/2589/2589 2553/2553/2553
f 2553/2553/2553 2613/2613/2613 2624/2624/2624
f 2620/2620/2620 2584/2584/2584 2562/2562/2562
f 2562/2562/2562 2576/2576/2576 2620/2620/2620
f 2617/2617/2617 2604/2604/2604 2569/2569/2569
f 2569/2569/2569 2609/2609/2609 2617/2617/2617
f 2613/2613/2613 2553/2553/2553 2552/2552/2552
f 2552/2552/2552 2615/2615/2615 2613/2613/2613
f 2615/2615/2615 2552/2552/2552 2585/2585/2585
f 2585/2585/2585 2622/2622/2622 2615/2615/2615
f 2609/2609/2609 2569/2569/2569 2568/2568/2568
f 2568/2568/2568 2611/2611/2611 2609/2609/2609
f 2611/2611/2611 2568/2568/2568 2601/2601/2601
f 2601/2601/2601 2628/2628/2628 2611/2611/2611
f 2580/2580/2580 2546/2546/2546 2544/2544/2544
f 2544/2544/2544 2577/2577/2577 2580/2580/2580
f 2577/2577/2577 2544/2544/2544 2588/2588/2588
f 2588/2588/2588 2625/2625/2625 2577/2577/2577
f 2576/2576/2576 2562/2562/2562 2559/2559/2559
f 2559/2559/2559 2573/2573/2573 2576/2576/2576
f 2573/2573/2573 2559/2559/2559 2603/2603/2603
f 2603/2603/2603 2619/2619/2619 2573/2573/2573
f 2629/2629/2629 2630/2630/2630 2631/2631/2631
f 2631/2631/2631 2632/2632/2632 2629/2629/2629
f 2633/2633/2633 2634/2634/2634 2635/2635/2635
f 2635/2635/2635 2636/2636/2636 2633/2633/2633
f 2637/2637/2637 2639/2639/2639 2642/2642/2642
f 2642/2642/2642 2644/2644/2644 2637/2637/2637
f 2645/2645/2645 2647/2647/2647 2649/2649/2649
f 2649/2649/2649 2651/2651/2651 2645/2645/2645
f 2654/2654/2654 2656/2656/2656 2658/2658/2658
f 2658/2658/2658 2660/2660/2660 2654/2654/2654
f 2661/2661/2661 2663/2663/2663 2665/2665/2665
f 2665/2665/2665 2667/2667/2667 2661/2661/2661
f 2659/2659/2659 2629/2629/2629 2632/2632/2632
f 2632/2632/2632 2653/2653/2653 2659/2659/2659
f 2643/2643/2643 2631/2631/2631 2630/2630/2630
f 2630/2630/2630 2638/2638/2638 2643/2643/2643
f 2670/2670/2670 2633/2633/2633 2636/2636/2636
f 2636/2636/2636 2672/2672/2672 2670/2670/2670
f 2674/2674/2674 2635/2635/2635 2634/2634/2634
f 2634/2634/2634 2676/2676/2676 2674/2674/2674
f 2677/2677/2677 2682/2682/2682 2647/2647/2647
f 2647/2647/2647 2645/2645/2645 2677/2677/2677
f 2687/2687/2687 2689/2689/2689 2651/2651/2651
f 2651/2651/2651 2649/2649/2649 2687/2687/2687
f 2693/2693/2693 2697/2697/2697 2663/2663/2663
f 2663/2663/2663 2661/2661/2661 2693/2693/2693
f 2699/2699/2699 2703/2703/2703 2667/2667/2667
f 2667/2667/2667 2665/2665/2665 2699/2699/2699
f 2646/2646/2646 2652/2652/2652 2630/2630/2630
f 2630/2630/2630 2629/2629/2629 2646/2646/2646
f 2662/2662/2662 2668/2668/2668 2632/2632/2632
f 2632/2632/2632 2631/2631/2631 2662/2662/2662
f 2706/2706/2706 2707/2707/2707 2634/2634/2634
f 2634/2634/2634 2633/2633/2633 2706/2706/2706
f 2710/2710/2710 2712/2712/2712 2636/2636/2636
f 2636/2636/2636 2635/2635/2635 2710/2710/2710
f 2688/2688/2688 2684/2684/2684 2639/2639/2639
f 2639/2639/2639 2637/2637/2637 2688/2688/2688
f 2696/2696/2696 2692/2692/2692 2644/2644/2644
f 2644/2644/2644 2642/2642/2642 2696/2696/2696
f 2702/2702/2702 2701/2701/2701 2656/2656/2656
f 2656/2656/2656 2654/2654/2654 2702/2702/2702
f 2681/2681/2681 2678/2678/2678 2660/2660/2660
f 2660/2660/2660 2658/2658/2658 2681/2681/2681
f 2679/2679/2679 2646/2646/2646 2629/2629/2629
f 2629/2629/2629 2659/2659/2659 2679/2679/2679
f 2668/2668/2668 2704/2704/2704 2653/2653/2653
f 2653/2653/2653 2632/2632/2632 2668/2668/2668
f 2691/2691/2691 2662/2662/2662 2631/2631/2631
f 2631/2631/2631 2643/2643/2643 2691/2691/2691
f 2652/2652/2652 2690/2690/2690 2638/2638/2638
f 2638/2638/2638 2630/2630/2630 2652/2652/2652
f 2715/2715/2715 2706/2706/2706 2633/2633/2633
f 2633/2633/2633 2670/2670/2670 2715/2715/2715
f 2712/2712/2712 2718/2718/2718 2672/2672/2672
f 2672/2672/2672 2636/2636/2636 2712/2712/2712
f 2720/2720/2720 2710/2710/2710 2635/2635/2635
f 2635/2635/2635 2674/2674/2674 2720/2720/2720
f 2707/2707/2707 2723/2723/2723 2676/2676/2676
f 2676/2676/2676 2634/2634/2634 2707/2707/2707
f 2724/2724/2724 2695/2695/2695 2641/2641/2641
f 2641/2641/2641 2675/2675/2675 2724/2724/2724
f 2719/2719/2719 2685/2685/2685 2650/2650/2650
f 2650/2650/2650 2709/2709/2709 2719/2719/2719
f 2717/2717/2717 2680/2680/2680 2657/2657/2657
f 2657/2657/2657 2671/2671/2671 2717/2717/2717
f 2714/2714/2714 2700/2700/2700 2666/2666/2666
f 2666/2666/2666 2705/2705/2705 2714/2714/2714
f 2709/2709/2709 2650/2650/2650 2648/2648/2648
f 2648/2648/2648 2711/2711/2711 2709/2709/2709
f 2711/2711/2711 2648/2648/2648 2683/2683/2683
f 2683/2683/2683 2716/2716/2716 2711/2711/2711
f 2705/2705/2705 2666/2666/2666 2664/2664/2664
f 2664/2664/2664 2708/2708/2708 2705/2705/2705
f 2708/2708/2708 2664/2664/2664 2694/2694/2694
f 2694/2694/2694 2722/2722/2722 2708/2708/2708
f 2675/2675/2675 2641/2641/2641 2640/2640/2640
f 2640/2640/2640 2673/2673/2673 2675/2675/2675
f 2673/2673/2673 2640/2640/2640 2686/2686/2686
f 2686/2686/2686 2721/2721/2721 2673/2673/2673
f 2671/2671/2671 2657/2657/2657 2655/2655/2655
f 2655/2655/2655 2669/2669/2669 2671/2671/2671
f 2669/2669/2669 2655/2655/2655 2698/2698/2698
f 2698/2698/2698 2713/2713/2713 2669/2669/2669

