mtllib material.mtl
usemtl material_0
v 171.05749500 -23.93696400 -290.38638300
v 171.05749500 -23.93696400 -290.38638300
v 171.05749500 -23.93696400 -290.38638300
v 171.05749500 -23.93696800 -328.86093100
v 171.05749500 -23.93696800 -328.86093100
v 171.05749500 -23.93696800 -328.86093100
v 215.67265300 -23.93696800 -328.86093100
v 215.67265300 -23.93696800 -328.86093100
v 215.67265300 -23.93696800 -328.86093100
v 215.67265300 -23.93696400 -290.38638300
v 215.67265300 -23.93696400 -290.38638300
v 215.67265300 -23.93696400 -290.38638300
v 171.05749500 93.99865700 -290.38638300
v 171.05749500 93.99865700 -290.38638300
v 171.05749500 93.99865700 -290.38638300
v 215.67265300 93.99865700 -290.38638300
v 215.67265300 93.99865700 -290.38638300
v 215.67265300 93.99865700 -290.38638300
v 215.67265300 93.99865700 -328.86108400
v 215.67265300 93.99865700 -328.86108400
v 215.67265300 93.99865700 -328.86108400
v 171.05749500 93.99865700 -328.86108400
v 171.05749500 93.99865700 -328.86108400
v 171.05749500 93.99865700 -328.86108400
v 124.38836700 -23.93696600 -294.52716100
v 124.38836700 -23.93696600 -294.52716100
v 124.38836700 -23.93696600 -294.52716100
v 124.38836700 -23.93696800 -328.86093100
v 124.38836700 -23.93696800 -328.86093100
v 124.38836700 -23.93696800 -328.86093100
v 170.50573700 -23.93696800 -328.86093100
v 170.50573700 -23.93696800 -328.86093100
v 170.50573700 -23.93696800 -328.86093100
v 170.50573700 -23.93696600 -294.52716100
v 170.50573700 -23.93696600 -294.52716100
v 170.50573700 -23.93696600 -294.52716100
v 124.38836700 94.26221500 -294.52716100
v 124.38836700 94.26221500 -294.52716100
v 124.38836700 94.26221500 -294.52716100
v 170.50573700 94.26221500 -294.52716100
v 170.50573700 94.26221500 -294.52716100
v 170.50573700 94.26221500 -294.52716100
v 170.50573700 94.26221500 -328.86108400
v 170.50573700 94.26221500 -328.86108400
v 170.50573700 94.26221500 -328.86108400
v 124.38836700 94.26221500 -328.86108400
v 124.38836700 94.26221500 -328.86108400
v 124.38836700 94.26221500 -328.86108400
v 69.39941400 67.53359200 -290.38638300
v 69.39941400 67.53359200 -290.38638300
v 69.39941400 67.53359200 -290.38638300
v 69.39941400 67.53359200 -328.86093100
v 69.39941400 67.53359200 -328.86093100
v 69.39941400 67.53359200 -328.86093100
v 123.78658300 67.53359200 -328.86093100
v 123.78658300 67.53359200 -328.86093100
v 123.78658300 67.53359200 -328.86093100
v 123.78658300 67.53359200 -290.38638300
v 123.78658300 67.53359200 -290.38638300
v 123.78658300 67.53359200 -290.38638300
v 69.39941400 94.26221500 -290.38638300
v 69.39941400 94.26221500 -290.38638300
v 69.39941400 94.26221500 -290.38638300
v 123.78658300 94.26221500 -290.38638300
v 123.78658300 94.26221500 -290.38638300
v 123.78658300 94.26221500 -290.38638300
v 123.78658300 94.26221500 -328.86108400
v 123.78658300 94.26221500 -328.86108400
v 123.78658300 94.26221500 -328.86108400
v 69.39941400 94.26221500 -328.86108400
v 69.39941400 94.26221500 -328.86108400
v 69.39941400 94.26221500 -328.86108400
v 9.84055700 62.16927700 -290.38638300
v 9.84055700 62.16927700 -290.38638300
v 9.84055700 62.16927700 -290.38638300
v 9.84055700 62.16927300 -328.86093100
v 9.84055700 62.16927300 -328.86093100
v 9.84055700 62.16927300 -328.86093100
v 68.97122200 62.16927300 -328.86093100
v 68.97122200 62.16927300 -328.86093100
v 68.97122200 62.16927300 -328.86093100
v 68.97122200 62.16927700 -290.38638300
v 68.97122200 62.16927700 -290.38638300
v 68.97122200 62.16927700 -290.38638300
v 9.84055700 94.26221500 -290.38638300
v 9.84055700 94.26221500 -290.38638300
v 9.84055700 94.26221500 -290.38638300
v 68.97122200 94.26221500 -290.38638300
v 68.97122200 94.26221500 -290.38638300
v 68.97122200 94.26221500 -290.38638300
v 68.97122200 94.26221500 -328.86108400
v 68.97122200 94.26221500 -328.86108400
v 68.97122200 94.26221500 -328.86108400
v 9.84055700 94.26221500 -328.86108400
v 9.84055700 94.26221500 -328.86108400
v 9.84055700 94.26221500 -328.86108400
v 33.73424500 30.56687500 -180.32389800
v 33.73424500 30.56687500 -180.32389800
v 33.73424500 30.56687500 -180.32389800
v 33.73424500 30.56687400 -203.37335200
v 33.73424500 30.56687400 -203.37335200
v 33.73424500 30.56687400 -203.37335200
v 54.00885400 30.56687400 -203.37335200
v 54.00885400 30.56687400 -203.37335200
v 54.00885400 30.56687400 -203.37335200
v 54.00885400 30.56687500 -180.32389800
v 54.00885400 30.56687500 -180.32389800
v 54.00885400 30.56687500 -180.32389800
v 33.73424500 39.14896000 -180.32389800
v 33.73424500 39.14896000 -180.32389800
v 33.73424500 39.14896000 -180.32389800
v 54.00885400 39.14896000 -180.32389800
v 54.00885400 39.14896000 -180.32389800
v 54.00885400 39.14896000 -180.32389800
v 54.00885400 39.14896000 -203.37335200
v 54.00885400 39.14896000 -203.37335200
v 54.00885400 39.14896000 -203.37335200
v 33.73424500 39.14896000 -203.37335200
v 33.73424500 39.14896000 -203.37335200
v 33.73424500 39.14896000 -203.37335200
v 22.00382800 30.56687500 -180.32389800
v 22.00382800 30.56687500 -180.32389800
v 22.00382800 30.56687500 -180.32389800
v 22.00382800 30.56687400 -203.37335200
v 22.00382800 30.56687400 -203.37335200
v 22.00382800 30.56687400 -203.37335200
v 33.34655800 30.56687400 -203.37335200
v 33.34655800 30.56687400 -203.37335200
v 33.34655800 30.56687400 -203.37335200
v 33.34655800 30.56687500 -180.32389800
v 33.34655800 30.56687500 -180.32389800
v 33.34655800 30.56687500 -180.32389800
v 22.00382800 37.28165100 -180.32389800
v 22.00382800 37.28165100 -180.32389800
v 22.00382800 37.28165100 -180.32389800
v 33.34655800 37.28165100 -180.32389800
v 33.34655800 37.28165100 -180.32389800
v 33.34655800 37.28165100 -180.32389800
v 33.34655800 37.28165100 -203.37335200
v 33.34655800 37.28165100 -203.37335200
v 33.34655800 37.28165100 -203.37335200
v 22.00382800 37.28165100 -203.37335200
v 22.00382800 37.28165100 -203.37335200
v 22.00382800 37.28165100 -203.37335200
v 21.37255700 30.56687500 -178.70840500
v 21.37255700 30.56687500 -178.70840500
v 21.37255700 30.56687500 -178.70840500
v 21.37255700 30.56687500 -180.45718400
v 21.37255700 30.56687500 -180.45718400
v 21.37255700 30.56687500 -180.45718400
v 58.16307800 30.56687500 -180.45718400
v 58.16307800 30.56687500 -180.45718400
v 58.16307800 30.56687500 -180.45718400
v 58.16307800 30.56687500 -178.70840500
v 58.16307800 30.56687500 -178.70840500
v 58.16307800 30.56687500 -178.70840500
v 21.37255700 60.05558800 -178.70840500
v 21.37255700 60.05558800 -178.70840500
v 21.37255700 60.05558800 -178.70840500
v 58.16307800 60.05558800 -178.70840500
v 58.16307800 60.05558800 -178.70840500
v 58.16307800 60.05558800 -178.70840500
v 58.16307800 60.05558800 -180.45718400
v 58.16307800 60.05558800 -180.45718400
v 58.16307800 60.05558800 -180.45718400
v 21.37255700 60.05558800 -180.45718400
v 21.37255700 60.05558800 -180.45718400
v 21.37255700 60.05558800 -180.45718400
v 86.89489700 30.97527900 -164.63955700
v 86.89489700 30.97527900 -164.63955700
v 86.89489700 30.97527900 -164.63955700
v 86.89489700 30.97527700 -208.88885500
v 86.89489700 30.97527700 -208.88885500
v 86.89489700 30.97527700 -208.88885500
v 100.50699600 30.97527700 -208.88885500
v 100.50699600 30.97527700 -208.88885500
v 100.50699600 30.97527700 -208.88885500
v 100.50699600 30.97527900 -164.63955700
v 100.50699600 30.97527900 -164.63955700
v 100.50699600 30.97527900 -164.63955700
v 86.89489700 39.64285300 -164.63955700
v 86.89489700 39.64285300 -164.63955700
v 86.89489700 39.64285300 -164.63955700
v 100.50699600 39.64285300 -164.63955700
v 100.50699600 39.64285300 -164.63955700
v 100.50699600 39.64285300 -164.63955700
v 100.50699600 39.64284900 -208.88885500
v 100.50699600 39.64284900 -208.88885500
v 100.50699600 39.64284900 -208.88885500
v 86.89489700 39.64284900 -208.88885500
v 86.89489700 39.64284900 -208.88885500
v 86.89489700 39.64284900 -208.88885500
v 58.49495300 30.97527900 -164.63955700
v 58.49495300 30.97527900 -164.63955700
v 58.49495300 30.97527900 -164.63955700
v 58.49495300 30.97527900 -187.68898000
v 58.49495300 30.97527900 -187.68898000
v 58.49495300 30.97527900 -187.68898000
v 67.10353900 30.97527900 -187.68898000
v 67.10353900 30.97527900 -187.68898000
v 67.10353900 30.97527900 -187.68898000
v 67.10353900 30.97527900 -164.63955700
v 67.10353900 30.97527900 -164.63955700
v 67.10353900 30.97527900 -164.63955700
v 58.49495300 40.02363600 -164.63955700
v 58.49495300 40.02363600 -164.63955700
v 58.49495300 40.02363600 -164.63955700
v 67.10353900 40.02363600 -164.63955700
v 67.10353900 40.02363600 -164.63955700
v 67.10353900 40.02363600 -164.63955700
v 67.10353900 40.02363200 -187.68898000
v 67.10353900 40.02363200 -187.68898000
v 67.10353900 40.02363200 -187.68898000
v 58.49495300 40.02363200 -187.68898000
v 58.49495300 40.02363200 -187.68898000
v 58.49495300 40.02363200 -187.68898000
v 67.34768700 30.97527900 -164.63955700
v 67.34768700 30.97527900 -164.63955700
v 67.34768700 30.97527900 -164.63955700
v 67.34768700 30.97527700 -190.97508200
v 67.34768700 30.97527700 -190.97508200
v 67.34768700 30.97527700 -190.97508200
v 76.93304400 30.97527700 -190.97508200
v 76.93304400 30.97527700 -190.97508200
v 76.93304400 30.97527700 -190.97508200
v 76.93304400 30.97527900 -164.63955700
v 76.93304400 30.97527900 -164.63955700
v 76.93304400 30.97527900 -164.63955700
v 67.34768700 38.99460200 -164.63955700
v 67.34768700 38.99460200 -164.63955700
v 67.34768700 38.99460200 -164.63955700
v 76.93304400 38.99460200 -164.63955700
v 76.93304400 38.99460200 -164.63955700
v 76.93304400 38.99460200 -164.63955700
v 76.93304400 38.99459800 -190.97508200
v 76.93304400 38.99459800 -190.97508200
v 76.93304400 38.99459800 -190.97508200
v 67.34768700 38.99459800 -190.97508200
v 67.34768700 38.99459800 -190.97508200
v 67.34768700 38.99459800 -190.97508200
v 58.70587500 39.75783200 -187.56897000
v 58.70587500 39.75783200 -187.56897000
v 58.70587500 39.75783200 -187.56897000
v 58.70587500 39.75783200 -187.68898000
v 58.70587500 39.75783200 -187.68898000
v 58.70587500 39.75783200 -187.68898000
v 66.91034700 39.75783200 -187.68898000
v 66.91034700 39.75783200 -187.68898000
v 66.91034700 39.75783200 -187.68898000
v 66.91034700 39.75783200 -187.56897000
v 66.91034700 39.75783200 -187.56897000
v 66.91034700 39.75783200 -187.56897000
v 65.44173400 49.90316800 -187.56897000
v 65.44173400 49.90316800 -187.56897000
v 65.44173400 49.90316800 -187.56897000
v 65.44173400 49.90316800 -187.56897000
v 65.44173400 49.90316800 -187.56897000
v 65.44173400 49.90316800 -187.56897000
v 65.44173400 49.90316800 -187.56897000
v 65.44173400 49.90316800 -187.56897000
v 65.44173400 49.90316800 -187.56897000
v 65.44173400 49.90316800 -187.56897000
v 65.44173400 49.90316800 -187.56897000
v 65.44173400 49.90316800 -187.68898000
v 65.44173400 49.90316800 -187.68898000
v 65.44173400 49.90316800 -187.68898000
v 60.17579300 49.90316800 -187.68898000
v 60.17579300 49.90316800 -187.68898000
v 60.17579300 49.90316800 -187.68898000
v 60.17579300 49.90316800 -187.68898000
v 60.17579300 49.90316800 -187.68898000
v 60.17579300 49.90316800 -187.68898000
v 60.17579300 49.90316800 -187.68898000
v 60.17579300 49.90316800 -187.68898000
v 60.17579300 49.90316800 -187.68898000
v 60.17579300 49.90316800 -187.68898000
v 60.17579300 49.90316800 -187.68898000
v 60.17579300 49.90316800 -187.56897000
v 60.17579300 49.90316800 -187.56897000
v 60.17579300 49.90316800 -187.56897000
v 66.91034700 44.47090500 -187.02020300
v 66.91034700 44.47090500 -187.02020300
v 58.70587500 44.47090500 -187.02020300
v 58.70587500 44.47090500 -187.02020300
v 58.70587500 42.89981500 -187.09729000
v 58.70587500 42.89981500 -187.09729000
v 66.91034700 42.89981500 -187.09729000
v 66.91034700 42.89981500 -187.09729000
v 66.91034700 44.47090500 -188.23776200
v 66.91034700 44.47090500 -188.23776200
v 66.91034700 42.89981500 -188.16067500
v 66.91034700 42.89981500 -188.16067500
v 58.70587500 44.47090500 -188.23776200
v 58.70587500 44.47090500 -188.23776200
v 58.70587500 42.89981500 -188.16067500
v 58.70587500 42.89981500 -188.16067500
v 66.91034700 47.61289200 -187.18333400
v 66.91034700 47.61289200 -187.18333400
v 66.91034700 47.61289200 -187.18333400
v 66.91034700 47.61289200 -188.07463100
v 66.91034700 47.61289200 -188.07463100
v 66.91034700 47.61289200 -188.07463100
v 65.94421400 47.61289200 -188.07463100
v 65.94421400 47.61289200 -188.07463100
v 65.94421400 47.61289200 -188.07463100
v 65.94421400 47.61289200 -188.07463100
v 65.94421400 47.61289200 -188.07463100
v 65.94421400 47.61289200 -188.07463100
v 65.94421400 47.61289200 -187.18333400
v 65.94421400 47.61289200 -187.18333400
v 65.94421400 47.61289200 -187.18333400
v 65.94421400 47.61289200 -187.18333400
v 65.94421400 47.61289200 -187.18333400
v 65.94421400 47.61289200 -187.18333400
v 65.94421400 47.61289200 -187.18333400
v 65.94421400 47.61289200 -187.18333400
v 65.94421400 47.61289200 -187.18333400
v 58.70587500 47.61289200 -188.07463100
v 58.70587500 47.61289200 -188.07463100
v 58.70587500 47.61289200 -188.07463100
v 58.70587500 47.61289200 -187.18333400
v 58.70587500 47.61289200 -187.18333400
v 58.70587500 47.61289200 -187.18333400
v 59.67331300 47.61289200 -187.18333400
v 59.67331300 47.61289200 -187.18333400
v 59.67331300 47.61289200 -187.18333400
v 59.67331300 47.61289200 -187.18333400
v 59.67331300 47.61289200 -187.18333400
v 59.67331300 47.61289200 -188.07463100
v 59.67331300 47.61289200 -188.07463100
v 59.67331300 47.61289200 -188.07463100
v 59.67331300 47.61289200 -188.07463100
v 59.67331300 47.61289200 -188.07463100
v 59.67331300 47.61289200 -188.07463100
v 59.67331300 47.61289200 -188.07463100
v 59.67331300 47.61289200 -188.07463100
v 59.67331300 47.61289200 -188.07463100
v 65.94421400 49.40068100 -187.46519500
v 65.94421400 49.40068100 -187.46519500
v 65.94421400 49.40068100 -187.46519500
v 65.92424000 49.58155400 -187.50140400
v 65.92424000 49.58155400 -187.50140400
v 65.92424000 49.58155400 -187.50140400
v 65.92424000 49.58155400 -187.50140400
v 65.86395300 49.72229400 -187.53033400
v 65.86395300 49.72229400 -187.53033400
v 65.86395300 49.72229400 -187.53033400
v 65.86395300 49.72229400 -187.53033400
v 65.76334400 49.82271200 -187.55180400
v 65.76334400 49.82271200 -187.55180400
v 65.76334400 49.82271200 -187.55180400
v 65.76334400 49.82271200 -187.55180400
v 65.76334400 49.82271200 -187.55180400
v 65.62261200 49.88319400 -187.56468200
v 65.62261200 49.88319400 -187.56468200
v 65.62261200 49.88319400 -187.56468200
v 65.62261200 49.88319400 -187.56468200
v 59.99492600 49.88319400 -187.56468200
v 59.99492600 49.88319400 -187.56468200
v 59.99492600 49.88319400 -187.56468200
v 59.99492600 49.88319400 -187.56468200
v 59.99492600 49.88319400 -187.56468200
v 59.85418700 49.82271200 -187.55180400
v 59.85418700 49.82271200 -187.55180400
v 59.85418700 49.82271200 -187.55180400
v 59.85418700 49.82271200 -187.55180400
v 59.85418700 49.82271200 -187.55180400
v 59.75376500 49.72229400 -187.53033400
v 59.75376500 49.72229400 -187.53033400
v 59.75376500 49.72229400 -187.53033400
v 59.75376500 49.72229400 -187.53033400
v 59.75376500 49.72229400 -187.53033400
v 59.69328700 49.58155400 -187.50140400
v 59.69328700 49.58155400 -187.50140400
v 59.69328700 49.58155400 -187.50140400
v 59.69328700 49.58155400 -187.50140400
v 59.69328700 49.58155400 -187.50140400
v 59.67331300 49.40068100 -187.46519500
v 59.67331300 49.40068100 -187.46519500
v 59.67331300 49.40068100 -187.46519500
v 59.67331300 49.40068100 -187.46519500
v 59.67331300 49.40068100 -187.46519500
v 65.94421400 49.40068100 -187.79295300
v 65.94421400 49.40068100 -187.79295300
v 65.94421400 49.40068100 -187.79295300
v 65.94421400 49.40068100 -187.79295300
v 59.67331300 49.40068100 -187.79295300
v 59.67331300 49.40068100 -187.79295300
v 59.67331300 49.40068100 -187.79295300
v 59.69328700 49.58155400 -187.75674400
v 59.69328700 49.58155400 -187.75674400
v 59.69328700 49.58155400 -187.75674400
v 59.69328700 49.58155400 -187.75674400
v 59.69328700 49.58155400 -187.75674400
v 59.75376500 49.72229400 -187.72763100
v 59.75376500 49.72229400 -187.72763100
v 59.75376500 49.72229400 -187.72763100
v 59.75376500 49.72229400 -187.72763100
v 59.75376500 49.72229400 -187.72763100
v 59.85418700 49.82271200 -187.70634500
v 59.85418700 49.82271200 -187.70634500
v 59.85418700 49.82271200 -187.70634500
v 59.85418700 49.82271200 -187.70634500
v 59.85418700 49.82271200 -187.70634500
v 59.99492600 49.88319400 -187.69328300
v 59.99492600 49.88319400 -187.69328300
v 59.99492600 49.88319400 -187.69328300
v 59.99492600 49.88319400 -187.69328300
v 59.99492600 49.88319400 -187.69328300
v 65.62261200 49.88319400 -187.69328300
v 65.62261200 49.88319400 -187.69328300
v 65.62261200 49.88319400 -187.69328300
v 65.62261200 49.88319400 -187.69328300
v 65.62261200 49.88319400 -187.69328300
v 65.76334400 49.82271200 -187.70634500
v 65.76334400 49.82271200 -187.70634500
v 65.76334400 49.82271200 -187.70634500
v 65.76334400 49.82271200 -187.70634500
v 65.86395300 49.72229400 -187.72763100
v 65.86395300 49.72229400 -187.72763100
v 65.86395300 49.72229400 -187.72763100
v 65.86395300 49.72229400 -187.72763100
v 65.86395300 49.72229400 -187.72763100
v 65.92424000 49.58155400 -187.75674400
v 65.92424000 49.58155400 -187.75674400
v 65.92424000 49.58155400 -187.75674400
v 65.92424000 49.58155400 -187.75674400
v 66.91034700 46.04199200 -187.04895000
v 66.91034700 46.04199200 -187.04895000
v 58.70587500 46.04199200 -187.04895000
v 58.70587500 46.04199200 -187.04895000
v 66.91034700 41.32873500 -187.28021200
v 66.91034700 41.32873500 -187.28021200
v 58.70587500 41.32873500 -187.28021200
v 58.70587500 41.32873500 -187.28021200
v 66.91034700 46.04199200 -188.20919800
v 66.91034700 46.04199200 -188.20919800
v 66.91034700 41.32873500 -187.97775300
v 66.91034700 41.32873500 -187.97775300
v 58.70587500 46.04199200 -188.20919800
v 58.70587500 46.04199200 -188.20919800
v 58.70587500 41.32873500 -187.97775300
v 58.70587500 41.32873500 -187.97775300
v 67.34768700 39.00989900 -190.87278700
v 67.34768700 39.00989900 -190.87278700
v 67.34768700 39.00989900 -190.87278700
v 67.34768700 39.00989900 -190.97508200
v 67.34768700 39.00989900 -190.97508200
v 67.34768700 39.00989900 -190.97508200
v 76.93304400 39.00989900 -190.97508200
v 76.93304400 39.00989900 -190.97508200
v 76.93304400 39.00989900 -190.97508200
v 76.93304400 39.00989900 -190.87278700
v 76.93304400 39.00989900 -190.87278700
v 76.93304400 39.00989900 -190.87278700
v 67.34768700 44.09254800 -190.87278700
v 67.34768700 44.09254800 -190.87278700
v 67.34768700 44.09254800 -190.87278700
v 76.93304400 44.09254800 -190.87278700
v 76.93304400 44.09254800 -190.87278700
v 76.93304400 44.09254800 -190.87278700
v 76.93304400 44.09254800 -190.97508200
v 76.93304400 44.09254800 -190.97508200
v 76.93304400 44.09254800 -190.97508200
v 67.34768700 44.09254800 -190.97508200
v 67.34768700 44.09254800 -190.97508200
v 67.34768700 44.09254800 -190.97508200
v 76.93304400 41.91427200 -190.24133300
v 76.93304400 41.91427200 -190.24133300
v 67.34768700 41.91427200 -190.24133300
v 67.34768700 41.91427200 -190.24133300
v 67.34768700 41.18817900 -190.24133300
v 67.34768700 41.18817900 -190.24133300
v 76.93304400 41.18817900 -190.24133300
v 76.93304400 41.18817900 -190.24133300
v 76.93304400 41.91427200 -191.60653700
v 76.93304400 41.91427200 -191.60653700
v 76.93304400 41.18817900 -191.60653700
v 76.93304400 41.18817900 -191.60653700
v 67.34768700 41.91427200 -191.60653700
v 67.34768700 41.91427200 -191.60653700
v 67.34768700 41.18817900 -191.60653700
v 67.34768700 41.18817900 -191.60653700
v 67.34768700 43.36645500 -190.55715900
v 67.34768700 43.36645500 -190.55715900
v 76.93304400 43.36645500 -190.55715900
v 76.93304400 43.36645500 -190.55715900
v 67.34768700 42.64036600 -190.34660300
v 67.34768700 42.64036600 -190.34660300
v 76.93304400 42.64036600 -190.34660300
v 76.93304400 42.64036600 -190.34660300
v 76.93304400 39.73599200 -190.55715900
v 76.93304400 39.73599200 -190.55715900
v 67.34768700 39.73599200 -190.55715900
v 67.34768700 39.73599200 -190.55715900
v 76.93304400 40.46208600 -190.34660300
v 76.93304400 40.46208600 -190.34660300
v 67.34768700 40.46208600 -190.34660300
v 67.34768700 40.46208600 -190.34660300
v 76.93304400 43.36645500 -191.29089400
v 76.93304400 43.36645500 -191.29089400
v 76.93304400 42.64036600 -191.50126600
v 76.93304400 42.64036600 -191.50126600
v 76.93304400 39.73599200 -191.29089400
v 76.93304400 39.73599200 -191.29089400
v 76.93304400 40.46208600 -191.50126600
v 76.93304400 40.46208600 -191.50126600
v 67.34768700 43.36645500 -191.29089400
v 67.34768700 43.36645500 -191.29089400
v 67.34768700 42.64036600 -191.50126600
v 67.34768700 42.64036600 -191.50126600
v 67.34768700 39.73599200 -191.29089400
v 67.34768700 39.73599200 -191.29089400
v 67.34768700 40.46208600 -191.50126600
v 67.34768700 40.46208600 -191.50126600
v 77.10327900 30.97527900 -164.63955700
v 77.10327900 30.97527900 -164.63955700
v 77.10327900 30.97527900 -164.63955700
v 77.10327900 30.97527700 -190.97508200
v 77.10327900 30.97527700 -190.97508200
v 77.10327900 30.97527700 -190.97508200
v 86.68864400 30.97527700 -190.97508200
v 86.68864400 30.97527700 -190.97508200
v 86.68864400 30.97527700 -190.97508200
v 86.68864400 30.97527900 -164.63955700
v 86.68864400 30.97527900 -164.63955700
v 86.68864400 30.97527900 -164.63955700
v 77.10327900 38.99460200 -164.63955700
v 77.10327900 38.99460200 -164.63955700
v 77.10327900 38.99460200 -164.63955700
v 86.68864400 38.99460200 -164.63955700
v 86.68864400 38.99460200 -164.63955700
v 86.68864400 38.99460200 -164.63955700
v 86.68864400 38.99459800 -190.97508200
v 86.68864400 38.99459800 -190.97508200
v 86.68864400 38.99459800 -190.97508200
v 77.10327900 38.99459800 -190.97508200
v 77.10327900 38.99459800 -190.97508200
v 77.10327900 38.99459800 -190.97508200
v 86.68864400 39.00989900 -190.97508200
v 86.68864400 39.00989900 -190.97508200
v 86.68864400 39.00989900 -190.97508200
v 86.68864400 39.00989900 -190.87278700
v 86.68864400 39.00989900 -190.87278700
v 86.68864400 39.00989900 -190.87278700
v 77.10327900 39.00989900 -190.87278700
v 77.10327900 39.00989900 -190.87278700
v 77.10327900 39.00989900 -190.87278700
v 77.10327900 39.00989900 -190.97508200
v 77.10327900 39.00989900 -190.97508200
v 77.10327900 39.00989900 -190.97508200
v 86.68864400 44.09254800 -190.97508200
v 86.68864400 44.09254800 -190.97508200
v 86.68864400 44.09254800 -190.97508200
v 77.10327900 44.09254800 -190.97508200
v 77.10327900 44.09254800 -190.97508200
v 77.10327900 44.09254800 -190.97508200
v 77.10327900 44.09254800 -190.87278700
v 77.10327900 44.09254800 -190.87278700
v 77.10327900 44.09254800 -190.87278700
v 86.68864400 44.09254800 -190.87278700
v 86.68864400 44.09254800 -190.87278700
v 86.68864400 44.09254800 -190.87278700
v 77.10327900 41.18817900 -190.24133300
v 77.10327900 41.18817900 -190.24133300
v 86.68864400 41.18817900 -190.24133300
v 86.68864400 41.18817900 -190.24133300
v 86.68864400 41.91427200 -190.24133300
v 86.68864400 41.91427200 -190.24133300
v 77.10327900 41.91427200 -190.24133300
v 77.10327900 41.91427200 -190.24133300
v 86.68864400 41.18817900 -191.60653700
v 86.68864400 41.18817900 -191.60653700
v 77.10327900 41.18817900 -191.60653700
v 77.10327900 41.18817900 -191.60653700
v 77.10327900 41.91427200 -191.60653700
v 77.10327900 41.91427200 -191.60653700
v 86.68864400 41.91427200 -191.60653700
v 86.68864400 41.91427200 -191.60653700
v 77.10327900 43.36645500 -190.55715900
v 77.10327900 43.36645500 -190.55715900
v 86.68864400 43.36645500 -190.55715900
v 86.68864400 43.36645500 -190.55715900
v 77.10327900 42.64036600 -190.34660300
v 77.10327900 42.64036600 -190.34660300
v 86.68864400 42.64036600 -190.34660300
v 86.68864400 42.64036600 -190.34660300
v 86.68864400 39.73599200 -190.55715900
v 86.68864400 39.73599200 -190.55715900
v 77.10327900 39.73599200 -190.55715900
v 77.10327900 39.73599200 -190.55715900
v 86.68864400 40.46208600 -190.34660300
v 86.68864400 40.46208600 -190.34660300
v 77.10327900 40.46208600 -190.34660300
v 77.10327900 40.46208600 -190.34660300
v 86.68864400 43.36645500 -191.29089400
v 86.68864400 43.36645500 -191.29089400
v 77.10327900 43.36645500 -191.29089400
v 77.10327900 43.36645500 -191.29089400
v 86.68864400 42.64036600 -191.50126600
v 86.68864400 42.64036600 -191.50126600
v 77.10327900 42.64036600 -191.50126600
v 77.10327900 42.64036600 -191.50126600
v 77.10327900 39.73599200 -191.29089400
v 77.10327900 39.73599200 -191.29089400
v 86.68864400 39.73599200 -191.29089400
v 86.68864400 39.73599200 -191.29089400
v 77.10327900 40.46208600 -191.50126600
v 77.10327900 40.46208600 -191.50126600
v 86.68864400 40.46208600 -191.50126600
v 86.68864400 40.46208600 -191.50126600
v 77.10327900 39.04984300 -190.89910900
v 77.10327900 39.04984300 -190.89910900
v 77.10327900 39.04984300 -190.89910900
v 86.68864400 39.04984300 -190.89910900
v 86.68864400 39.04984300 -190.89910900
v 86.68864400 39.04984300 -190.89910900
v 86.68864400 39.04984300 -190.94894400
v 86.68864400 39.04984300 -190.94894400
v 86.68864400 39.04984300 -190.94894400
v 77.10327900 39.04984300 -190.94894400
v 77.10327900 39.04984300 -190.94894400
v 77.10327900 39.04984300 -190.94894400
v 77.10327900 44.05260500 -190.89910900
v 77.10327900 44.05260500 -190.89910900
v 77.10327900 44.05260500 -190.89910900
v 77.10327900 44.05260500 -190.94894400
v 77.10327900 44.05260500 -190.94894400
v 77.10327900 44.05260500 -190.94894400
v 86.68864400 44.05260500 -190.94894400
v 86.68864400 44.05260500 -190.94894400
v 86.68864400 44.05260500 -190.94894400
v 86.68864400 44.05260500 -190.89910900
v 86.68864400 44.05260500 -190.89910900
v 86.68864400 44.05260500 -190.89910900
v 86.68864400 41.91091200 -190.28894000
v 86.68864400 41.91091200 -190.28894000
v 86.68864400 41.19172300 -190.28894000
v 86.68864400 41.19172300 -190.28894000
v 77.10327900 41.19172300 -190.28894000
v 77.10327900 41.19172300 -190.28894000
v 77.10327900 41.91091200 -190.28894000
v 77.10327900 41.91091200 -190.28894000
v 77.10327900 41.91091200 -191.55894500
v 77.10327900 41.91091200 -191.55894500
v 77.10327900 41.19172300 -191.55894500
v 77.10327900 41.19172300 -191.55894500
v 86.68864400 41.19172300 -191.55894500
v 86.68864400 41.19172300 -191.55894500
v 86.68864400 41.91091200 -191.55894500
v 86.68864400 41.91091200 -191.55894500
v 86.68864400 43.35022400 -190.60194400
v 86.68864400 43.35022400 -190.60194400
v 77.10327900 43.35022400 -190.60194400
v 77.10327900 43.35022400 -190.60194400
v 86.68864400 42.63028700 -190.39326500
v 86.68864400 42.63028700 -190.39326500
v 77.10327900 42.63028700 -190.39326500
v 77.10327900 42.63028700 -190.39326500
v 77.10327900 39.75223500 -190.60194400
v 77.10327900 39.75223500 -190.60194400
v 86.68864400 39.75223500 -190.60194400
v 86.68864400 39.75223500 -190.60194400
v 77.10327900 40.47216800 -190.39326500
v 77.10327900 40.47216800 -190.39326500
v 86.68864400 40.47216800 -190.39326500
v 86.68864400 40.47216800 -190.39326500
v 77.10327900 43.35022400 -191.24591100
v 77.10327900 43.35022400 -191.24591100
v 86.68864400 43.35022400 -191.24591100
v 86.68864400 43.35022400 -191.24591100
v 77.10327900 42.63028700 -191.45478800
v 77.10327900 42.63028700 -191.45478800
v 86.68864400 42.63028700 -191.45478800
v 86.68864400 42.63028700 -191.45478800
v 86.68864400 39.75223500 -191.24591100
v 86.68864400 39.75223500 -191.24591100
v 77.10327900 39.75223500 -191.24591100
v 77.10327900 39.75223500 -191.24591100
v 86.68864400 40.47216800 -191.45478800
v 86.68864400 40.47216800 -191.45478800
v 77.10327900 40.47216800 -191.45478800
v 77.10327900 40.47216800 -191.45478800
v 68.38045500 28.41230200 -163.64317300
v 68.38045500 28.41230200 -163.64317300
v 68.38045500 28.41230200 -163.64317300
v 68.38045500 28.41230200 -163.64317300
v 68.38045500 28.41230200 -163.64317300
v 68.38045500 28.41230200 -163.64317300
v 68.38045500 33.56813000 -164.55218500
v 68.38045500 33.56813000 -164.55218500
v 68.38045500 33.56813000 -164.55218500
v 68.40528100 33.78875400 -164.59120200
v 68.40528100 33.78875400 -164.59120200
v 68.40528100 33.78875400 -164.59120200
v 68.40528100 33.78875400 -164.59120200
v 68.47994200 33.96028900 -164.62144500
v 68.47994200 33.96028900 -164.62144500
v 68.47994200 33.96028900 -164.62144500
v 68.47994200 33.96028900 -164.62144500
v 68.60444600 34.08292400 -164.64291400
v 68.60444600 34.08292400 -164.64291400
v 68.60444600 34.08292400 -164.64291400
v 68.60444600 34.08292400 -164.64291400
v 68.77859500 34.15646400 -164.65597500
v 68.77859500 34.15646400 -164.65597500
v 68.77859500 34.15646400 -164.65597500
v 68.77859500 34.15646400 -164.65597500
v 69.00257900 34.18091600 -164.66027800
v 69.00257900 34.18091600 -164.66027800
v 69.00257900 34.18091600 -164.66027800
v 69.00257900 34.18091600 -164.66027800
v 69.00257900 34.18091600 -164.66027800
v 69.00257900 34.18091600 -164.66027800
v 74.71706400 34.18091600 -164.66027800
v 74.71706400 34.18091600 -164.66027800
v 74.71706400 34.18091600 -164.66027800
v 74.71706400 34.18091600 -164.66027800
v 74.94104800 34.15646400 -164.65597500
v 74.94104800 34.15646400 -164.65597500
v 74.94104800 34.15646400 -164.65597500
v 74.94104800 34.15646400 -164.65597500
v 75.11519600 34.08292400 -164.64291400
v 75.11519600 34.08292400 -164.64291400
v 75.11519600 34.08292400 -164.64291400
v 75.11519600 34.08292400 -164.64291400
v 75.23951700 33.96028900 -164.62144500
v 75.23951700 33.96028900 -164.62144500
v 75.23951700 33.96028900 -164.62144500
v 75.23951700 33.96028900 -164.62144500
v 75.31417800 33.78875400 -164.59120200
v 75.31417800 33.78875400 -164.59120200
v 75.31417800 33.78875400 -164.59120200
v 75.31417800 33.78875400 -164.59120200
v 75.33918800 33.56813000 -164.55218500
v 75.33918800 33.56813000 -164.55218500
v 75.33918800 33.56813000 -164.55218500
v 75.33918800 33.56813000 -164.55218500
v 75.33918800 33.56813000 -164.55218500
v 75.33918800 33.56813000 -164.55218500
v 75.33918800 28.41230200 -163.64317300
v 75.33918800 28.41230200 -163.64317300
v 75.33918800 28.41230200 -163.64317300
v 75.31417800 28.19186200 -163.60417200
v 75.31417800 28.19186200 -163.60417200
v 75.31417800 28.19186200 -163.60417200
v 75.31417800 28.19186200 -163.60417200
v 75.23951700 28.02032500 -163.57392900
v 75.23951700 28.02032500 -163.57392900
v 75.23951700 28.02032500 -163.57392900
v 75.23951700 28.02032500 -163.57392900
v 75.11519600 27.89769000 -163.55246000
v 75.11519600 27.89769000 -163.55246000
v 75.11519600 27.89769000 -163.55246000
v 75.11519600 27.89769000 -163.55246000
v 74.94104800 27.82415200 -163.53939800
v 74.94104800 27.82415200 -163.53939800
v 74.94104800 27.82415200 -163.53939800
v 74.94104800 27.82415200 -163.53939800
v 74.71706400 27.79970200 -163.53509500
v 74.71706400 27.79970200 -163.53509500
v 74.71706400 27.79970200 -163.53509500
v 74.71706400 27.79970200 -163.53509500
v 74.71706400 27.79970200 -163.53509500
v 68.40528100 28.19186200 -163.60417200
v 68.40528100 28.19186200 -163.60417200
v 68.40528100 28.19186200 -163.60417200
v 68.40528100 28.19186200 -163.60417200
v 68.47994200 28.02032500 -163.57392900
v 68.47994200 28.02032500 -163.57392900
v 68.47994200 28.02032500 -163.57392900
v 68.47994200 28.02032500 -163.57392900
v 68.60444600 27.89769000 -163.55246000
v 68.60444600 27.89769000 -163.55246000
v 68.60444600 27.89769000 -163.55246000
v 68.60444600 27.89769000 -163.55246000
v 68.77859500 27.82415200 -163.53939800
v 68.77859500 27.82415200 -163.53939800
v 68.77859500 27.82415200 -163.53939800
v 68.77859500 27.82415200 -163.53939800
v 69.00257900 27.79970200 -163.53509500
v 69.00257900 27.79970200 -163.53509500
v 69.00257900 27.79970200 -163.53509500
v 69.00257900 27.79970200 -163.53509500
v 69.00257900 27.80902900 -163.48246800
v 69.00257900 27.80902900 -163.48246800
v 69.00257900 27.80902900 -163.48246800
v 69.00257900 27.80902900 -163.48246800
v 69.00257900 27.80902900 -163.48246800
v 74.71706400 27.80902900 -163.48246800
v 74.71706400 27.80902900 -163.48246800
v 74.71706400 27.80902900 -163.48246800
v 74.71706400 27.80902900 -163.48246800
v 74.94104800 27.83348700 -163.48677100
v 74.94104800 27.83348700 -163.48677100
v 74.94104800 27.83348700 -163.48677100
v 74.94104800 27.83348700 -163.48677100
v 75.11519600 27.90702600 -163.49981700
v 75.11519600 27.90702600 -163.49981700
v 75.11519600 27.90702600 -163.49981700
v 75.11519600 27.90702600 -163.49981700
v 75.23951700 28.02947600 -163.52128600
v 75.23951700 28.02947600 -163.52128600
v 75.23951700 28.02947600 -163.52128600
v 75.23951700 28.02947600 -163.52128600
v 75.31417800 28.20101200 -163.55152900
v 75.31417800 28.20101200 -163.55152900
v 75.31417800 28.20101200 -163.55152900
v 75.31417800 28.20101200 -163.55152900
v 75.33918800 28.42163700 -163.59053000
v 75.33918800 28.42163700 -163.59053000
v 75.33918800 28.42163700 -163.59053000
v 75.33918800 28.42163700 -163.59053000
v 75.33918800 28.42163700 -163.59053000
v 75.33918800 33.57745700 -164.49955700
v 75.33918800 33.57745700 -164.49955700
v 75.33918800 33.57745700 -164.49955700
v 75.31417800 33.79808800 -164.53857400
v 75.31417800 33.79808800 -164.53857400
v 75.31417800 33.79808800 -164.53857400
v 75.31417800 33.79808800 -164.53857400
v 75.23951700 33.96962400 -164.56880200
v 75.23951700 33.96962400 -164.56880200
v 75.23951700 33.96962400 -164.56880200
v 75.23951700 33.96962400 -164.56880200
v 75.11519600 34.09206800 -164.59027100
v 75.11519600 34.09206800 -164.59027100
v 75.11519600 34.09206800 -164.59027100
v 75.11519600 34.09206800 -164.59027100
v 74.94104800 34.16561500 -164.60333300
v 74.94104800 34.16561500 -164.60333300
v 74.94104800 34.16561500 -164.60333300
v 74.94104800 34.16561500 -164.60333300
v 74.71706400 34.19025000 -164.60762000
v 74.71706400 34.19025000 -164.60762000
v 74.71706400 34.19025000 -164.60762000
v 74.71706400 34.19025000 -164.60762000
v 74.71706400 34.19025000 -164.60762000
v 74.71706400 34.19025000 -164.60762000
v 69.00257900 34.19025000 -164.60762000
v 69.00257900 34.19025000 -164.60762000
v 69.00257900 34.19025000 -164.60762000
v 69.00257900 34.19025000 -164.60762000
v 68.77859500 34.16561500 -164.60333300
v 68.77859500 34.16561500 -164.60333300
v 68.77859500 34.16561500 -164.60333300
v 68.77859500 34.16561500 -164.60333300
v 68.60444600 34.09206800 -164.59027100
v 68.60444600 34.09206800 -164.59027100
v 68.60444600 34.09206800 -164.59027100
v 68.60444600 34.09206800 -164.59027100
v 68.47994200 33.96962400 -164.56880200
v 68.47994200 33.96962400 -164.56880200
v 68.47994200 33.96962400 -164.56880200
v 68.47994200 33.96962400 -164.56880200
v 68.40528100 33.79808800 -164.53857400
v 68.40528100 33.79808800 -164.53857400
v 68.40528100 33.79808800 -164.53857400
v 68.40528100 33.79808800 -164.53857400
v 68.38045500 33.57745700 -164.49955700
v 68.38045500 33.57745700 -164.49955700
v 68.38045500 33.57745700 -164.49955700
v 68.38045500 33.57745700 -164.49955700
v 68.38045500 33.57745700 -164.49955700
v 68.38045500 33.57745700 -164.49955700
v 68.77859500 27.83348700 -163.48677100
v 68.77859500 27.83348700 -163.48677100
v 68.77859500 27.83348700 -163.48677100
v 68.77859500 27.83348700 -163.48677100
v 68.60444600 27.90702600 -163.49981700
v 68.60444600 27.90702600 -163.49981700
v 68.60444600 27.90702600 -163.49981700
v 68.60444600 27.90702600 -163.49981700
v 68.47994200 28.02947600 -163.52128600
v 68.47994200 28.02947600 -163.52128600
v 68.47994200 28.02947600 -163.52128600
v 68.47994200 28.02947600 -163.52128600
v 68.40528100 28.20101200 -163.55152900
v 68.40528100 28.20101200 -163.55152900
v 68.40528100 28.20101200 -163.55152900
v 68.40528100 28.20101200 -163.55152900
v 68.38045500 28.42163700 -163.59053000
v 68.38045500 28.42163700 -163.59053000
v 68.38045500 28.42163700 -163.59053000
v 67.21460000 31.03314400 -194.96429400
v 66.33675400 31.03314400 -198.24066200
v 66.33675400 50.21263900 -198.24066200
v 66.33675400 50.21263900 -198.24066200
v 67.21460000 50.21263900 -194.96429400
v 63.93822900 31.03314400 -200.63902300
v 63.93822900 31.03314400 -200.63902300
v 63.93822900 50.21263900 -200.63902300
v 63.93822900 50.21263900 -200.63902300
v 63.93822900 50.21263900 -200.63902300
v 60.66203300 31.03314400 -201.51686100
v 60.66203300 50.21263900 -201.51686100
v 57.38565400 31.03314400 -200.63902300
v 57.38565400 31.03314400 -200.63902300
v 57.38565400 50.21263900 -200.63902300
v 57.38565400 50.21263900 -200.63902300
v 57.38565400 50.21263900 -200.63902300
v 54.98730900 31.03314400 -198.24066200
v 54.98730900 50.21263900 -198.24066200
v 54.98730900 50.21263900 -198.24066200
v 54.10927600 31.03314400 -194.96429400
v 54.10927600 50.21263900 -194.96429400
v 54.98730900 31.03314400 -191.68809500
v 54.98730900 50.21263900 -191.68809500
v 54.98730900 50.21263900 -191.68809500
v 57.38565400 31.03314600 -189.28958100
v 57.38565400 31.03314600 -189.28958100
v 57.38565400 50.21263900 -189.28958100
v 57.38565400 50.21263900 -189.28958100
v 57.38565400 50.21263900 -189.28958100
v 60.66203300 31.03314600 -188.41171300
v 60.66203300 50.21263900 -188.41171300
v 63.93822900 31.03314600 -189.28958100
v 63.93822900 31.03314600 -189.28958100
v 63.93822900 50.21263900 -189.28958100
v 63.93822900 50.21263900 -189.28958100
v 63.93822900 50.21263900 -189.28958100
v 66.33675400 31.03314400 -191.68809500
v 66.33675400 50.21263900 -191.68809500
v 66.33675400 50.21263900 -191.68809500
v 63.86767200 52.96656400 -196.81518600
v 62.51272600 52.96656400 -198.17012000
v 60.66203300 52.96656400 -198.66587800
v 58.81114600 52.96656400 -198.17012000
v 57.45621100 52.96656400 -196.81518600
v 56.96026200 52.96656400 -194.96429400
v 57.45621100 52.96656400 -193.11341900
v 58.81114600 52.96656400 -191.75866700
v 60.66203300 52.96656400 -191.26271100
v 62.51272600 52.96656400 -191.75866700
v 63.86767200 52.96656400 -193.11341900
v 64.36360900 52.96656400 -194.96429400
v 66.89784200 51.74265700 -194.96429400
v 66.89784200 51.74265700 -194.96429400
v 66.06237000 51.74265700 -198.08219900
v 66.06237000 51.74265700 -198.08219900
v 66.06237000 51.74265700 -198.08219900
v 63.77994200 51.74265700 -200.36463900
v 63.77994200 51.74265700 -200.36463900
v 63.77994200 51.74265700 -200.36463900
v 60.66203300 51.74265700 -201.20010400
v 60.66203300 51.74265700 -201.20010400
v 60.66203300 51.74265700 -201.20010400
v 57.54412500 51.74265700 -200.36463900
v 57.54412500 51.74265700 -200.36463900
v 57.54412500 51.74265700 -200.36463900
v 55.26150500 51.74265700 -198.08219900
v 55.26150500 51.74265700 -198.08219900
v 55.26150500 51.74265700 -198.08219900
v 54.42621600 51.74265700 -194.96429400
v 54.42621600 51.74265700 -194.96429400
v 54.42621600 51.74265700 -194.96429400
v 55.26150500 51.74265700 -191.84639000
v 55.26150500 51.74265700 -191.84639000
v 55.26150500 51.74265700 -191.84639000
v 57.54412500 51.74265700 -189.56395000
v 57.54412500 51.74265700 -189.56395000
v 57.54412500 51.74265700 -189.56395000
v 60.66203300 51.74265700 -188.72847000
v 60.66203300 51.74265700 -188.72847000
v 60.66203300 51.74265700 -188.72847000
v 63.77994200 51.74265700 -189.56395000
v 63.77994200 51.74265700 -189.56395000
v 66.06237000 51.74265700 -191.84639000
v 66.06237000 51.74265700 -191.84639000
v 66.06237000 51.74265700 -191.84639000
v 65.94738800 52.66045400 -194.96429400
v 65.23939500 52.66045400 -197.60716200
v 63.30471000 52.66045400 -199.54167200
v 63.30471000 52.66045400 -199.54167200
v 60.66203300 52.66045400 -200.24983200
v 60.66203300 52.66045400 -200.24983200
v 60.66203300 52.66045400 -200.24983200
v 58.01916500 52.66045400 -199.54167200
v 58.01916500 52.66045400 -199.54167200
v 56.08466000 52.66045400 -197.60716200
v 56.08466000 52.66045400 -197.60716200
v 55.37648400 52.66045400 -194.96429400
v 55.37648400 52.66045400 -194.96429400
v 55.37648400 52.66045400 -194.96429400
v 56.08466000 52.66045400 -192.32160900
v 56.08466000 52.66045400 -192.32160900
v 58.01916500 52.66045400 -190.38691700
v 58.01916500 52.66045400 -190.38691700
v 60.66203300 52.66045400 -189.67874100
v 60.66203300 52.66045400 -189.67874100
v 60.66203300 52.66045400 -189.67874100
v 63.30471000 52.66045400 -190.38691700
v 63.30471000 52.66045400 -190.38691700
v 65.23939500 52.66045400 -192.32160900
v 65.23939500 52.66045400 -192.32160900
v 63.65469000 52.96376800 -194.95907600
v 63.65469000 52.96376800 -194.95907600
v 63.26215400 52.96376800 -196.42450000
v 63.26215400 52.96376800 -196.42450000
v 63.26215400 53.41939200 -196.42450000
v 63.26215400 53.41939200 -196.42450000
v 63.65469000 53.41939200 -194.95907600
v 63.65469000 53.41939200 -194.95907600
v 62.18925500 52.96376800 -197.49740600
v 62.18925500 52.96376800 -197.49740600
v 62.18925500 52.96376800 -197.49740600
v 62.18925500 53.41939200 -197.49740600
v 62.18925500 53.41939200 -197.49740600
v 62.18925500 53.41939200 -197.49740600
v 60.72362500 52.96376800 -197.89013700
v 60.72362500 52.96376800 -197.89013700
v 60.72362500 53.41939200 -197.89013700
v 60.72362500 53.41939200 -197.89013700
v 59.25819000 52.96376800 -197.49740600
v 59.25819000 52.96376800 -197.49740600
v 59.25819000 52.96376800 -197.49740600
v 59.25819000 53.41939200 -197.49740600
v 59.25819000 53.41939200 -197.49740600
v 59.25819000 53.41939200 -197.49740600
v 58.18529100 52.96376800 -196.42450000
v 58.18529100 52.96376800 -196.42450000
v 58.18529100 53.41939200 -196.42450000
v 58.18529100 53.41939200 -196.42450000
v 57.79256400 52.96376800 -194.95907600
v 57.79256400 52.96376800 -194.95907600
v 57.79256400 53.41939200 -194.95907600
v 57.79256400 53.41939200 -194.95907600
v 58.18529100 52.96376800 -193.49343900
v 58.18529100 52.96376800 -193.49343900
v 58.18529100 53.41939200 -193.49343900
v 58.18529100 53.41939200 -193.49343900
v 59.25819000 52.96376800 -192.42073100
v 59.25819000 52.96376800 -192.42073100
v 59.25819000 52.96376800 -192.42073100
v 59.25819000 53.41939200 -192.42073100
v 59.25819000 53.41939200 -192.42073100
v 59.25819000 53.41939200 -192.42073100
v 60.72362500 52.96376800 -192.02800000
v 60.72362500 52.96376800 -192.02800000
v 60.72362500 53.41939200 -192.02800000
v 60.72362500 53.41939200 -192.02800000
v 62.18925500 52.96376800 -192.42073100
v 62.18925500 52.96376800 -192.42073100
v 62.18925500 53.41939200 -192.42073100
v 62.18925500 53.41939200 -192.42073100
v 63.26215400 52.96376800 -193.49343900
v 63.26215400 52.96376800 -193.49343900
v 63.26215400 52.96376800 -193.49343900
v 63.26215400 53.41939200 -193.49343900
v 63.26215400 53.41939200 -193.49343900
v 63.26215400 53.41939200 -193.49343900
v 60.87015500 54.45869400 -194.95907600
v 60.87015500 54.45869400 -194.95907600
v 60.87015500 54.45869400 -194.95907600
v 60.79698600 54.45869400 -195.08599900
v 60.79698600 54.45869400 -195.08599900
v 60.79698600 54.45869400 -195.08599900
v 60.79698600 56.04583400 -195.08599900
v 60.79698600 56.04583400 -195.08599900
v 60.79698600 56.04583400 -195.08599900
v 60.87015500 56.04583400 -194.95907600
v 60.87015500 56.04583400 -194.95907600
v 60.87015500 56.04583400 -194.95907600
v 60.65045500 54.45869400 -195.08599900
v 60.65045500 54.45869400 -195.08599900
v 60.65045500 54.45869400 -195.08599900
v 60.65045500 56.04583400 -195.08599900
v 60.65045500 56.04583400 -195.08599900
v 60.65045500 56.04583400 -195.08599900
v 60.57710300 54.45869400 -194.95907600
v 60.57710300 54.45869400 -194.95907600
v 60.57710300 54.45869400 -194.95907600
v 60.57710300 56.04583400 -194.95907600
v 60.57710300 56.04583400 -194.95907600
v 60.57710300 56.04583400 -194.95907600
v 60.65045500 54.45869400 -194.83213800
v 60.65045500 54.45869400 -194.83213800
v 60.65045500 54.45869400 -194.83213800
v 60.65045500 56.04583400 -194.83213800
v 60.65045500 56.04583400 -194.83213800
v 60.65045500 56.04583400 -194.83213800
v 60.79698600 54.45869400 -194.83213800
v 60.79698600 54.45869400 -194.83213800
v 60.79698600 54.45869400 -194.83213800
v 60.79698600 56.04583400 -194.83213800
v 60.79698600 56.04583400 -194.83213800
v 60.79698600 56.04583400 -194.83213800
v 62.69863900 53.41939200 -194.95907600
v 62.43396000 53.41939200 -195.94648700
v 62.43396000 54.49043300 -195.94648700
v 62.43396000 54.49043300 -195.94648700
v 62.69863900 54.49043300 -194.95907600
v 62.69863900 54.49043300 -194.95907600
v 61.71122700 53.41939200 -196.66940300
v 61.71122700 53.41939200 -196.66940300
v 61.71122700 54.49043300 -196.66940300
v 61.71122700 54.49043300 -196.66940300
v 61.71122700 54.49043300 -196.66940300
v 60.72362500 53.41939200 -196.93389900
v 60.72362500 54.49043300 -196.93389900
v 60.72362500 54.49043300 -196.93389900
v 59.73622100 53.41939200 -196.66940300
v 59.73622100 53.41939200 -196.66940300
v 59.73622100 54.49043300 -196.66940300
v 59.73622100 54.49043300 -196.66940300
v 59.73622100 54.49043300 -196.66940300
v 59.01329800 53.41939200 -195.94648700
v 59.01329800 54.49043300 -195.94648700
v 59.01329800 54.49043300 -195.94648700
v 58.74880600 53.41939200 -194.95907600
v 58.74880600 54.49043300 -194.95907600
v 58.74880600 54.49043300 -194.95907600
v 59.01329800 53.41939200 -193.97166400
v 59.01329800 54.49043300 -193.97166400
v 59.01329800 54.49043300 -193.97166400
v 59.73622100 53.41939200 -193.24873400
v 59.73622100 53.41939200 -193.24873400
v 59.73622100 54.49043300 -193.24873400
v 59.73622100 54.49043300 -193.24873400
v 59.73622100 54.49043300 -193.24873400
v 60.72362500 53.41939200 -192.98405500
v 60.72362500 54.49043300 -192.98405500
v 60.72362500 54.49043300 -192.98405500
v 61.71122700 53.41939200 -193.24873400
v 61.71122700 53.41939200 -193.24873400
v 61.71122700 54.49043300 -193.24873400
v 61.71122700 54.49043300 -193.24873400
v 61.71122700 54.49043300 -193.24873400
v 62.43396000 53.41939200 -193.97146600
v 62.43396000 54.49043300 -193.97146600
v 62.43396000 54.49043300 -193.97146600
v 36.85663200 40.39881100 -183.05282600
v 36.85663200 40.39881100 -183.05282600
v 36.85663200 40.39881100 -183.05282600
v 51.36524200 40.39881100 -183.05282600
v 51.36524200 40.39881100 -183.05282600
v 51.36524200 40.39881100 -183.05282600
v 51.36524200 40.39881100 -194.73489400
v 51.36524200 40.39881100 -194.73489400
v 51.36524200 40.39881100 -194.73489400
v 36.85663200 40.39881100 -194.73489400
v 36.85663200 40.39881100 -194.73489400
v 36.85663200 40.39881100 -194.73489400
v 36.85663200 38.98040800 -183.05282600
v 36.85663200 38.98040800 -183.05282600
v 51.36524200 38.98040800 -183.05282600
v 51.36524200 38.98040800 -183.05282600
v 51.36524200 38.98040800 -194.73489400
v 51.36524200 38.98040800 -194.73489400
v 36.85663200 38.98040800 -194.73489400
v 36.85663200 38.98040800 -194.73489400
v 34.31008100 43.28582800 -186.74787900
v 34.31008100 43.28582800 -186.74787900
v 34.31008100 43.28582800 -186.74787900
v 34.31008100 43.56711600 -188.30067400
v 34.31008100 43.56711600 -188.30067400
v 34.31008100 43.56711600 -188.30067400
v 34.31008100 43.56711600 -188.30067400
v 53.91179300 43.56711600 -188.30067400
v 53.91179300 43.56711600 -188.30067400
v 53.91179300 43.56711600 -188.30067400
v 53.91179300 43.28582800 -186.74787900
v 53.91179300 43.28582800 -186.74787900
v 53.91179300 43.28582800 -186.74787900
v 53.91179300 43.28582800 -186.74787900
v 35.19613600 58.07199100 -182.78590400
v 35.19613600 58.07199100 -182.78590400
v 35.19613600 58.07199100 -182.78590400
v 53.02573800 58.07199100 -182.78590400
v 53.02573800 58.07199100 -182.78590400
v 53.02573800 58.07199100 -182.78590400
v 53.02573800 58.07199100 -182.78590400
v 53.02573800 58.07199100 -182.78590400
v 53.02573800 58.07199100 -182.78590400
v 53.02573800 58.35347000 -184.33869900
v 53.02573800 58.35347000 -184.33869900
v 53.02573800 58.35347000 -184.33869900
v 35.19613600 58.35347000 -184.33869900
v 35.19613600 58.35347000 -184.33869900
v 35.19613600 58.35347000 -184.33869900
v 35.19613600 58.35347000 -184.33869900
v 35.19613600 58.35347000 -184.33869900
v 35.19613600 58.35347000 -184.33869900
v 53.91179300 56.93413500 -183.09091200
v 53.91179300 56.93413500 -183.09091200
v 53.91179300 56.93413500 -183.09091200
v 53.81324000 57.56633800 -182.92141700
v 53.81324000 57.56633800 -182.92141700
v 53.81324000 57.56633800 -182.92141700
v 53.51794800 57.94562100 -182.81987000
v 53.51794800 57.94562100 -182.81987000
v 53.51794800 57.94562100 -182.81987000
v 34.70392600 57.94562100 -182.81987000
v 34.70392600 57.94562100 -182.81987000
v 34.70392600 57.94562100 -182.81987000
v 34.70392600 57.94562100 -182.81987000
v 34.40863400 57.56633800 -182.92141700
v 34.40863400 57.56633800 -182.92141700
v 34.40863400 57.56633800 -182.92141700
v 34.31008100 56.93413500 -183.09091200
v 34.31008100 56.93413500 -183.09091200
v 34.31008100 56.93413500 -183.09091200
v 34.31008100 56.93413500 -183.09091200
v 53.91179300 57.21561400 -184.64369200
v 53.91179300 57.21561400 -184.64369200
v 53.91179300 57.21561400 -184.64369200
v 53.91179300 57.21561400 -184.64369200
v 34.31008100 57.21561400 -184.64369200
v 34.31008100 57.21561400 -184.64369200
v 34.31008100 57.21561400 -184.64369200
v 34.40863400 57.84781600 -184.47421300
v 34.40863400 57.84781600 -184.47421300
v 34.40863400 57.84781600 -184.47421300
v 34.70392600 58.22710400 -184.37266500
v 34.70392600 58.22710400 -184.37266500
v 34.70392600 58.22710400 -184.37266500
v 53.51794800 58.22710400 -184.37266500
v 53.51794800 58.22710400 -184.37266500
v 53.51794800 58.22710400 -184.37266500
v 53.51794800 58.22710400 -184.37266500
v 53.81324000 57.84781600 -184.47421300
v 53.81324000 57.84781600 -184.47421300
v 53.81324000 57.84781600 -184.47421300
v 42.39472200 40.09885400 -184.05218500
v 42.39472200 40.09885400 -184.05218500
v 42.39472200 40.09885400 -184.05218500
v 42.39472200 39.68541000 -185.18780500
v 42.39472200 39.68541000 -185.18780500
v 42.39472200 39.68541000 -185.18780500
v 45.30880400 39.68541000 -185.18780500
v 45.30880400 39.68541000 -185.18780500
v 45.30880400 39.68541000 -185.18780500
v 45.30880400 40.09885400 -184.05218500
v 45.30880400 40.09885400 -184.05218500
v 45.30880400 40.09885400 -184.05218500
v 42.39472200 46.27512400 -186.30007900
v 42.39472200 46.27512400 -186.30007900
v 42.39472200 46.27512400 -186.30007900
v 45.30880400 46.27512400 -186.30007900
v 45.30880400 46.27512400 -186.30007900
v 45.30880400 46.27512400 -186.30007900
v 45.30880400 45.86167900 -187.43588300
v 45.30880400 45.86167900 -187.43588300
v 45.30880400 45.86167900 -187.43588300
v 42.39472200 45.86167900 -187.43588300
v 42.39472200 45.86167900 -187.43588300
v 42.39472200 45.86167900 -187.43588300
v 21.08715800 26.15040600 -163.38520800
v 21.08715800 26.15040600 -163.38520800
v 21.08715800 26.15040600 -163.38520800
v 21.08715800 0.02168900 -163.38520800
v 21.08715800 0.02168900 -163.38520800
v 21.08715800 0.02168900 -163.38520800
v 7.16259800 0.02168900 -163.38520800
v 7.16259800 0.02168900 -163.38520800
v 7.16259800 0.02168900 -163.38520800
v 7.16259800 26.15040600 -163.38520800
v 7.16259800 26.15040600 -163.38520800
v 7.16259800 26.15040600 -163.38520800
v 21.08715800 0.02169000 -157.12159700
v 21.08715800 0.02169000 -157.12159700
v 21.08715800 0.02169000 -157.12159700
v 7.16259800 0.02169000 -157.12159700
v 7.16259800 0.02169000 -157.12159700
v 7.16259800 0.02169000 -157.12159700
v 21.08715800 26.15040600 -157.12159700
v 21.08715800 26.15040600 -157.12159700
v 21.08715800 26.15040600 -157.12159700
v 21.08715800 22.44359600 -157.12159700
v 21.08715800 22.44359600 -157.12159700
v 7.16259800 22.44359600 -157.12159700
v 7.16259800 22.44359600 -157.12159700
v 7.16259800 26.15040600 -157.12159700
v 7.16259800 26.15040600 -157.12159700
v 7.16259800 26.15040600 -157.12159700
v 7.24510000 0.10438100 -163.30253600
v 7.24510000 0.10438100 -163.30253600
v 7.24510000 0.10438100 -163.30253600
v 21.00447100 0.10438100 -163.30253600
v 21.00447100 0.10438100 -163.30253600
v 21.00447100 0.10438100 -163.30253600
v 20.98580600 26.15040600 -163.28385900
v 20.98580600 26.15040600 -163.28385900
v 20.98580600 26.15040600 -163.28385900
v 7.26376500 26.15040600 -163.28385900
v 7.26376500 26.15040600 -163.28385900
v 7.26376500 26.15040600 -163.28385900
v 7.26376500 0.12304600 -157.12159700
v 7.26376500 0.12304600 -157.12159700
v 7.26376500 0.12304600 -157.12159700
v 20.98580600 0.12304600 -157.12159700
v 20.98580600 0.12304600 -157.12159700
v 20.98580600 0.12304600 -157.12159700
v 20.94399500 26.15040600 -157.12159700
v 20.94399500 26.15040600 -157.12159700
v 20.94399500 26.15040600 -157.12159700
v 20.94399500 22.44359600 -157.12159700
v 20.94399500 22.44359600 -157.12159700
v 7.30576300 26.15040600 -157.12159700
v 7.30576300 26.15040600 -157.12159700
v 7.30576300 26.15040600 -157.12159700
v 7.30576300 22.44359600 -157.12159700
v 7.30576300 22.44359600 -157.12159700
v 7.16259800 0.02168900 -163.77887000
v 7.16259800 0.02168900 -163.77887000
v 7.16259800 0.02168900 -163.77887000
v 7.16259800 32.28523600 -163.77887000
v 7.16259800 32.28523600 -163.77887000
v 7.16259800 32.28523600 -163.77887000
v 7.18742300 32.50978500 -163.77887000
v 7.18742300 32.50978500 -163.77887000
v 7.18742300 32.50978500 -163.77887000
v 7.18742300 32.50978500 -163.77887000
v 7.26227300 32.68430700 -163.77887000
v 7.26227300 32.68430700 -163.77887000
v 7.26227300 32.68430700 -163.77887000
v 7.38695900 32.80899800 -163.77887000
v 7.38695900 32.80899800 -163.77887000
v 7.38695900 32.80899800 -163.77887000
v 7.56148200 32.88384600 -163.77887000
v 7.56148200 32.88384600 -163.77887000
v 7.56148200 32.88384600 -163.77887000
v 7.56148200 32.88384600 -163.77887000
v 7.78603000 32.90885500 -163.77887000
v 7.78603000 32.90885500 -163.77887000
v 7.78603000 32.90885500 -163.77887000
v 7.78603000 32.90885500 -163.77887000
v 20.46372600 32.90885500 -163.77887000
v 20.46372600 32.90885500 -163.77887000
v 20.46372600 32.90885500 -163.77887000
v 20.68808700 32.88384600 -163.77887000
v 20.68808700 32.88384600 -163.77887000
v 20.68808700 32.88384600 -163.77887000
v 20.68808700 32.88384600 -163.77887000
v 20.86261200 32.80899800 -163.77887000
v 20.86261200 32.80899800 -163.77887000
v 20.86261200 32.80899800 -163.77887000
v 20.86261200 32.80899800 -163.77887000
v 20.98729900 32.68430700 -163.77887000
v 20.98729900 32.68430700 -163.77887000
v 20.98729900 32.68430700 -163.77887000
v 21.06214700 32.50978500 -163.77887000
v 21.06214700 32.50978500 -163.77887000
v 21.06214700 32.50978500 -163.77887000
v 21.06214700 32.50978500 -163.77887000
v 21.08715800 32.28523600 -163.77887000
v 21.08715800 32.28523600 -163.77887000
v 21.08715800 32.28523600 -163.77887000
v 21.08715800 0.02168900 -163.77887000
v 21.08715800 0.02168900 -163.77887000
v 21.08715800 0.02168900 -163.77887000
v 21.08715800 0.02168900 -163.46604900
v 21.08715800 0.02168900 -163.46604900
v 21.08715800 0.02168900 -163.46604900
v 21.08715800 24.96457500 -163.46604900
v 21.08715800 24.96457500 -163.46604900
v 7.16259800 24.96457500 -163.46604900
v 7.16259800 24.96457500 -163.46604900
v 7.16259800 0.02168900 -163.46604900
v 7.16259800 0.02168900 -163.46604900
v 7.16259800 0.02168900 -163.46604900
v 21.08715800 32.28523600 -163.46604900
v 21.08715800 32.28523600 -163.46604900
v 21.08715800 32.28523600 -163.46604900
v 7.78603000 32.90885500 -163.46604900
v 7.78603000 32.90885500 -163.46604900
v 7.78603000 32.90885500 -163.46604900
v 20.46372600 32.90885500 -163.46604900
v 20.46372600 32.90885500 -163.46604900
v 20.46372600 32.90885500 -163.46604900
v 20.46372600 32.90885500 -163.46604900
v 7.16259800 32.28523600 -163.46604900
v 7.16259800 32.28523600 -163.46604900
v 7.16259800 32.28523600 -163.46604900
v 7.16259800 32.28523600 -163.46604900
v 21.06214700 32.50978500 -163.46604900
v 21.06214700 32.50978500 -163.46604900
v 21.06214700 32.50978500 -163.46604900
v 7.56148200 32.88384600 -163.46604900
v 7.56148200 32.88384600 -163.46604900
v 7.56148200 32.88384600 -163.46604900
v 20.98729900 32.68430700 -163.46604900
v 20.98729900 32.68430700 -163.46604900
v 20.98729900 32.68430700 -163.46604900
v 20.98729900 32.68430700 -163.46604900
v 20.86261200 32.80899800 -163.46604900
v 20.86261200 32.80899800 -163.46604900
v 20.86261200 32.80899800 -163.46604900
v 20.68808700 32.88384600 -163.46604900
v 20.68808700 32.88384600 -163.46604900
v 20.68808700 32.88384600 -163.46604900
v 20.68808700 32.88384600 -163.46604900
v 7.38695900 32.80899800 -163.46604900
v 7.38695900 32.80899800 -163.46604900
v 7.38695900 32.80899800 -163.46604900
v 7.38695900 32.80899800 -163.46604900
v 7.26227300 32.68430700 -163.46604900
v 7.26227300 32.68430700 -163.46604900
v 7.26227300 32.68430700 -163.46604900
v 7.18742300 32.50978500 -163.46604900
v 7.18742300 32.50978500 -163.46604900
v 7.18742300 32.50978500 -163.46604900
v 33.78389400 68.50589000 -166.64125100
v 33.78389400 68.50589000 -166.64125100
v 33.78389400 68.50589000 -166.64125100
v 33.78389400 61.96004900 -166.64125100
v 33.78389400 61.96004900 -166.64125100
v 33.78389400 61.96004900 -166.64125100
v 22.09753000 61.96004900 -166.64125100
v 22.09753000 61.96004900 -166.64125100
v 22.09753000 61.96004900 -166.64125100
v 22.09753000 68.50589000 -166.64125100
v 22.09753000 68.50589000 -166.64125100
v 22.09753000 68.50589000 -166.64125100
v 33.78389400 68.50589000 -165.38841200
v 33.78389400 68.50589000 -165.38841200
v 33.78389400 68.50589000 -165.38841200
v 22.09753000 68.50589000 -165.38841200
v 22.09753000 68.50589000 -165.38841200
v 22.09753000 68.50589000 -165.38841200
v 22.09753000 61.96004900 -165.38859600
v 22.09753000 61.96004900 -165.38859600
v 22.09753000 61.96004900 -165.38859600
v 33.78389400 61.96004900 -165.38859600
v 33.78389400 61.96004900 -165.38859600
v 33.78389400 61.96004900 -165.38859600
v 45.60110500 68.50589000 -166.64125100
v 45.60110500 68.50589000 -166.64125100
v 45.60110500 68.50589000 -166.64125100
v 45.60110500 61.96004900 -166.64125100
v 45.60110500 61.96004900 -166.64125100
v 45.60110500 61.96004900 -166.64125100
v 33.91474200 61.96004900 -166.64125100
v 33.91474200 61.96004900 -166.64125100
v 33.91474200 61.96004900 -166.64125100
v 33.91474200 68.50589000 -166.64125100
v 33.91474200 68.50589000 -166.64125100
v 33.91474200 68.50589000 -166.64125100
v 45.60110500 68.50589000 -165.38841200
v 45.60110500 68.50589000 -165.38841200
v 45.60110500 68.50589000 -165.38841200
v 33.91474200 68.50589000 -165.38841200
v 33.91474200 68.50589000 -165.38841200
v 33.91474200 68.50589000 -165.38841200
v 33.91474200 61.96004900 -165.38859600
v 33.91474200 61.96004900 -165.38859600
v 33.91474200 61.96004900 -165.38859600
v 45.60110500 61.96004900 -165.38859600
v 45.60110500 61.96004900 -165.38859600
v 45.60110500 61.96004900 -165.38859600
v 57.38901100 68.50589000 -166.64125100
v 57.38901100 68.50589000 -166.64125100
v 57.38901100 68.50589000 -166.64125100
v 57.38901100 61.96004900 -166.64125100
v 57.38901100 61.96004900 -166.64125100
v 57.38901100 61.96004900 -166.64125100
v 45.70283500 61.96004900 -166.64125100
v 45.70283500 61.96004900 -166.64125100
v 45.70283500 61.96004900 -166.64125100
v 45.70283500 68.50589000 -166.64125100
v 45.70283500 68.50589000 -166.64125100
v 45.70283500 68.50589000 -166.64125100
v 57.38901100 68.50589000 -165.38841200
v 57.38901100 68.50589000 -165.38841200
v 57.38901100 68.50589000 -165.38841200
v 45.70283500 68.50589000 -165.38841200
v 45.70283500 68.50589000 -165.38841200
v 45.70283500 68.50589000 -165.38841200
v 45.70283500 61.96004900 -165.38859600
v 45.70283500 61.96004900 -165.38859600
v 45.70283500 61.96004900 -165.38859600
v 57.38901100 61.96004900 -165.38859600
v 57.38901100 61.96004900 -165.38859600
v 57.38901100 61.96004900 -165.38859600
v 57.38901100 68.50589000 -167.99263000
v 57.38901100 68.50589000 -167.99263000
v 57.38901100 68.50589000 -167.99263000
v 57.38901100 61.96004900 -167.99263000
v 57.38901100 61.96004900 -167.99263000
v 57.38901100 61.96004900 -167.99263000
v 45.70283500 61.96004900 -167.99263000
v 45.70283500 61.96004900 -167.99263000
v 45.70283500 61.96004900 -167.99263000
v 45.70283500 68.50589000 -167.99263000
v 45.70283500 68.50589000 -167.99263000
v 45.70283500 68.50589000 -167.99263000
v 57.38901100 68.50589000 -166.73999000
v 57.38901100 68.50589000 -166.73999000
v 57.38901100 68.50589000 -166.73999000
v 45.70283500 68.50589000 -166.73999000
v 45.70283500 68.50589000 -166.73999000
v 45.70283500 68.50589000 -166.73999000
v 45.70283500 61.96004900 -166.73999000
v 45.70283500 61.96004900 -166.73999000
v 45.70283500 61.96004900 -166.73999000
v 57.38901100 61.96004900 -166.73999000
v 57.38901100 61.96004900 -166.73999000
v 57.38901100 61.96004900 -166.73999000
v 33.78389400 68.50589000 -167.99263000
v 33.78389400 68.50589000 -167.99263000
v 33.78389400 68.50589000 -167.99263000
v 33.78389400 61.96004900 -167.99263000
v 33.78389400 61.96004900 -167.99263000
v 33.78389400 61.96004900 -167.99263000
v 22.09753000 61.96004900 -167.99263000
v 22.09753000 61.96004900 -167.99263000
v 22.09753000 61.96004900 -167.99263000
v 22.09753000 68.50589000 -167.99263000
v 22.09753000 68.50589000 -167.99263000
v 22.09753000 68.50589000 -167.99263000
v 33.78389400 68.50589000 -166.73999000
v 33.78389400 68.50589000 -166.73999000
v 33.78389400 68.50589000 -166.73999000
v 22.09753000 68.50589000 -166.73999000
v 22.09753000 68.50589000 -166.73999000
v 22.09753000 68.50589000 -166.73999000
v 22.09753000 61.96004900 -166.73999000
v 22.09753000 61.96004900 -166.73999000
v 22.09753000 61.96004900 -166.73999000
v 33.78389400 61.96004900 -166.73999000
v 33.78389400 61.96004900 -166.73999000
v 33.78389400 61.96004900 -166.73999000
v 45.60110500 68.50589000 -167.99263000
v 45.60110500 68.50589000 -167.99263000
v 45.60110500 68.50589000 -167.99263000
v 45.60110500 61.96004900 -167.99263000
v 45.60110500 61.96004900 -167.99263000
v 45.60110500 61.96004900 -167.99263000
v 33.91474200 61.96004900 -167.99263000
v 33.91474200 61.96004900 -167.99263000
v 33.91474200 61.96004900 -167.99263000
v 33.91474200 68.50589000 -167.99263000
v 33.91474200 68.50589000 -167.99263000
v 33.91474200 68.50589000 -167.99263000
v 45.60110500 68.50589000 -166.73999000
v 45.60110500 68.50589000 -166.73999000
v 45.60110500 68.50589000 -166.73999000
v 33.91474200 68.50589000 -166.73999000
v 33.91474200 68.50589000 -166.73999000
v 33.91474200 68.50589000 -166.73999000
v 33.91474200 61.96004900 -166.73999000
v 33.91474200 61.96004900 -166.73999000
v 33.91474200 61.96004900 -166.73999000
v 45.60110500 61.96004900 -166.73999000
v 45.60110500 61.96004900 -166.73999000
v 45.60110500 61.96004900 -166.73999000
v 57.38901100 68.50589000 -169.34422300
v 57.38901100 68.50589000 -169.34422300
v 57.38901100 68.50589000 -169.34422300
v 57.38901100 61.96004900 -169.34422300
v 57.38901100 61.96004900 -169.34422300
v 57.38901100 61.96004900 -169.34422300
v 45.70283500 61.96004900 -169.34422300
v 45.70283500 61.96004900 -169.34422300
v 45.70283500 61.96004900 -169.34422300
v 45.70283500 68.50589000 -169.34422300
v 45.70283500 68.50589000 -169.34422300
v 45.70283500 68.50589000 -169.34422300
v 57.38901100 68.50589000 -168.09156800
v 57.38901100 68.50589000 -168.09156800
v 57.38901100 68.50589000 -168.09156800
v 45.70283500 68.50589000 -168.09156800
v 45.70283500 68.50589000 -168.09156800
v 45.70283500 68.50589000 -168.09156800
v 45.70283500 61.96004900 -168.09156800
v 45.70283500 61.96004900 -168.09156800
v 45.70283500 61.96004900 -168.09156800
v 57.38901100 61.96004900 -168.09156800
v 57.38901100 61.96004900 -168.09156800
v 57.38901100 61.96004900 -168.09156800
v 33.78389400 68.50589000 -169.34422300
v 33.78389400 68.50589000 -169.34422300
v 33.78389400 68.50589000 -169.34422300
v 33.78389400 61.96004900 -169.34422300
v 33.78389400 61.96004900 -169.34422300
v 33.78389400 61.96004900 -169.34422300
v 22.09753000 61.96004900 -169.34422300
v 22.09753000 61.96004900 -169.34422300
v 22.09753000 61.96004900 -169.34422300
v 22.09753000 68.50589000 -169.34422300
v 22.09753000 68.50589000 -169.34422300
v 22.09753000 68.50589000 -169.34422300
v 33.78389400 68.50589000 -168.09156800
v 33.78389400 68.50589000 -168.09156800
v 33.78389400 68.50589000 -168.09156800
v 22.09753000 68.50589000 -168.09156800
v 22.09753000 68.50589000 -168.09156800
v 22.09753000 68.50589000 -168.09156800
v 22.09753000 61.96004900 -168.09156800
v 22.09753000 61.96004900 -168.09156800
v 22.09753000 61.96004900 -168.09156800
v 33.78389400 61.96004900 -168.09156800
v 33.78389400 61.96004900 -168.09156800
v 33.78389400 61.96004900 -168.09156800
v 45.60110500 68.50589000 -169.34422300
v 45.60110500 68.50589000 -169.34422300
v 45.60110500 68.50589000 -169.34422300
v 45.60110500 61.96004900 -169.34422300
v 45.60110500 61.96004900 -169.34422300
v 45.60110500 61.96004900 -169.34422300
v 33.91474200 61.96004900 -169.34422300
v 33.91474200 61.96004900 -169.34422300
v 33.91474200 61.96004900 -169.34422300
v 33.91474200 68.50589000 -169.34422300
v 33.91474200 68.50589000 -169.34422300
v 33.91474200 68.50589000 -169.34422300
v 45.60110500 68.50589000 -168.09156800
v 45.60110500 68.50589000 -168.09156800
v 45.60110500 68.50589000 -168.09156800
v 33.91474200 68.50589000 -168.09156800
v 33.91474200 68.50589000 -168.09156800
v 33.91474200 68.50589000 -168.09156800
v 33.91474200 61.96004900 -168.09156800
v 33.91474200 61.96004900 -168.09156800
v 33.91474200 61.96004900 -168.09156800
v 45.60110500 61.96004900 -168.09156800
v 45.60110500 61.96004900 -168.09156800
v 45.60110500 61.96004900 -168.09156800
v 57.38901100 68.50589000 -170.69580100
v 57.38901100 68.50589000 -170.69580100
v 57.38901100 68.50589000 -170.69580100
v 57.38901100 61.96004900 -170.69580100
v 57.38901100 61.96004900 -170.69580100
v 57.38901100 61.96004900 -170.69580100
v 45.70283500 61.96004900 -170.69580100
v 45.70283500 61.96004900 -170.69580100
v 45.70283500 61.96004900 -170.69580100
v 45.70283500 68.50589000 -170.69580100
v 45.70283500 68.50589000 -170.69580100
v 45.70283500 68.50589000 -170.69580100
v 57.38901100 68.50589000 -169.44296300
v 57.38901100 68.50589000 -169.44296300
v 57.38901100 68.50589000 -169.44296300
v 45.70283500 68.50589000 -169.44296300
v 45.70283500 68.50589000 -169.44296300
v 45.70283500 68.50589000 -169.44296300
v 45.70283500 61.96004900 -169.44296300
v 45.70283500 61.96004900 -169.44296300
v 45.70283500 61.96004900 -169.44296300
v 57.38901100 61.96004900 -169.44296300
v 57.38901100 61.96004900 -169.44296300
v 57.38901100 61.96004900 -169.44296300
v 33.78389400 68.50589000 -170.69580100
v 33.78389400 68.50589000 -170.69580100
v 33.78389400 68.50589000 -170.69580100
v 33.78389400 61.96004900 -170.69580100
v 33.78389400 61.96004900 -170.69580100
v 33.78389400 61.96004900 -170.69580100
v 22.09753000 61.96004900 -170.69580100
v 22.09753000 61.96004900 -170.69580100
v 22.09753000 61.96004900 -170.69580100
v 22.09753000 68.50589000 -170.69580100
v 22.09753000 68.50589000 -170.69580100
v 22.09753000 68.50589000 -170.69580100
v 33.78389400 68.50589000 -169.44296300
v 33.78389400 68.50589000 -169.44296300
v 33.78389400 68.50589000 -169.44296300
v 22.09753000 68.50589000 -169.44296300
v 22.09753000 68.50589000 -169.44296300
v 22.09753000 68.50589000 -169.44296300
v 22.09753000 61.96004900 -169.44296300
v 22.09753000 61.96004900 -169.44296300
v 22.09753000 61.96004900 -169.44296300
v 33.78389400 61.96004900 -169.44296300
v 33.78389400 61.96004900 -169.44296300
v 33.78389400 61.96004900 -169.44296300
v 45.60110500 68.50589000 -170.69580100
v 45.60110500 68.50589000 -170.69580100
v 45.60110500 68.50589000 -170.69580100
v 45.60110500 61.96004900 -170.69580100
v 45.60110500 61.96004900 -170.69580100
v 45.60110500 61.96004900 -170.69580100
v 33.91474200 61.96004900 -170.69580100
v 33.91474200 61.96004900 -170.69580100
v 33.91474200 61.96004900 -170.69580100
v 33.91474200 68.50589000 -170.69580100
v 33.91474200 68.50589000 -170.69580100
v 33.91474200 68.50589000 -170.69580100
v 45.60110500 68.50589000 -169.44296300
v 45.60110500 68.50589000 -169.44296300
v 45.60110500 68.50589000 -169.44296300
v 33.91474200 68.50589000 -169.44296300
v 33.91474200 68.50589000 -169.44296300
v 33.91474200 68.50589000 -169.44296300
v 33.91474200 61.96004900 -169.44296300
v 33.91474200 61.96004900 -169.44296300
v 33.91474200 61.96004900 -169.44296300
v 45.60110500 61.96004900 -169.44296300
v 45.60110500 61.96004900 -169.44296300
v 45.60110500 61.96004900 -169.44296300
v 57.38901100 68.50589000 -172.04719500
v 57.38901100 68.50589000 -172.04719500
v 57.38901100 68.50589000 -172.04719500
v 57.38901100 61.96004900 -172.04719500
v 57.38901100 61.96004900 -172.04719500
v 57.38901100 61.96004900 -172.04719500
v 45.70283500 61.96004900 -172.04719500
v 45.70283500 61.96004900 -172.04719500
v 45.70283500 61.96004900 -172.04719500
v 45.70283500 68.50589000 -172.04719500
v 45.70283500 68.50589000 -172.04719500
v 45.70283500 68.50589000 -172.04719500
v 57.38901100 68.50589000 -170.79454000
v 57.38901100 68.50589000 -170.79454000
v 57.38901100 68.50589000 -170.79454000
v 45.70283500 68.50589000 -170.79454000
v 45.70283500 68.50589000 -170.79454000
v 45.70283500 68.50589000 -170.79454000
v 45.70283500 61.96004900 -170.79454000
v 45.70283500 61.96004900 -170.79454000
v 45.70283500 61.96004900 -170.79454000
v 57.38901100 61.96004900 -170.79454000
v 57.38901100 61.96004900 -170.79454000
v 57.38901100 61.96004900 -170.79454000
v 33.78389400 68.50589000 -172.04719500
v 33.78389400 68.50589000 -172.04719500
v 33.78389400 68.50589000 -172.04719500
v 33.78389400 61.96004900 -172.04719500
v 33.78389400 61.96004900 -172.04719500
v 33.78389400 61.96004900 -172.04719500
v 22.09753000 61.96004900 -172.04719500
v 22.09753000 61.96004900 -172.04719500
v 22.09753000 61.96004900 -172.04719500
v 22.09753000 68.50589000 -172.04719500
v 22.09753000 68.50589000 -172.04719500
v 22.09753000 68.50589000 -172.04719500
v 33.78389400 68.50589000 -170.79454000
v 33.78389400 68.50589000 -170.79454000
v 33.78389400 68.50589000 -170.79454000
v 22.09753000 68.50589000 -170.79454000
v 22.09753000 68.50589000 -170.79454000
v 22.09753000 68.50589000 -170.79454000
v 22.09753000 61.96004900 -170.79454000
v 22.09753000 61.96004900 -170.79454000
v 22.09753000 61.96004900 -170.79454000
v 33.78389400 61.96004900 -170.79454000
v 33.78389400 61.96004900 -170.79454000
v 33.78389400 61.96004900 -170.79454000
v 45.60110500 68.50589000 -172.04719500
v 45.60110500 68.50589000 -172.04719500
v 45.60110500 68.50589000 -172.04719500
v 45.60110500 61.96004900 -172.04719500
v 45.60110500 61.96004900 -172.04719500
v 45.60110500 61.96004900 -172.04719500
v 33.91474200 61.96004900 -172.04719500
v 33.91474200 61.96004900 -172.04719500
v 33.91474200 61.96004900 -172.04719500
v 33.91474200 68.50589000 -172.04719500
v 33.91474200 68.50589000 -172.04719500
v 33.91474200 68.50589000 -172.04719500
v 45.60110500 68.50589000 -170.79454000
v 45.60110500 68.50589000 -170.79454000
v 45.60110500 68.50589000 -170.79454000
v 33.91474200 68.50589000 -170.79454000
v 33.91474200 68.50589000 -170.79454000
v 33.91474200 68.50589000 -170.79454000
v 33.91474200 61.96004900 -170.79454000
v 33.91474200 61.96004900 -170.79454000
v 33.91474200 61.96004900 -170.79454000
v 45.60110500 61.96004900 -170.79454000
v 45.60110500 61.96004900 -170.79454000
v 45.60110500 61.96004900 -170.79454000
v 57.38901100 68.50589000 -173.39877300
v 57.38901100 68.50589000 -173.39877300
v 57.38901100 68.50589000 -173.39877300
v 57.38901100 61.96023200 -173.39877300
v 57.38901100 61.96023200 -173.39877300
v 57.38901100 61.96023200 -173.39877300
v 45.70283500 61.96023200 -173.39877300
v 45.70283500 61.96023200 -173.39877300
v 45.70283500 61.96023200 -173.39877300
v 45.70283500 68.50589000 -173.39877300
v 45.70283500 68.50589000 -173.39877300
v 45.70283500 68.50589000 -173.39877300
v 57.38901100 68.50589000 -172.14593500
v 57.38901100 68.50589000 -172.14593500
v 57.38901100 68.50589000 -172.14593500
v 45.70283500 68.50589000 -172.14593500
v 45.70283500 68.50589000 -172.14593500
v 45.70283500 68.50589000 -172.14593500
v 45.70283500 61.96004900 -172.14593500
v 45.70283500 61.96004900 -172.14593500
v 45.70283500 61.96004900 -172.14593500
v 57.38901100 61.96004900 -172.14593500
v 57.38901100 61.96004900 -172.14593500
v 57.38901100 61.96004900 -172.14593500
v 33.78389400 68.50589000 -173.39877300
v 33.78389400 68.50589000 -173.39877300
v 33.78389400 68.50589000 -173.39877300
v 33.78389400 61.96023200 -173.39877300
v 33.78389400 61.96023200 -173.39877300
v 33.78389400 61.96023200 -173.39877300
v 22.09753000 61.96023200 -173.39877300
v 22.09753000 61.96023200 -173.39877300
v 22.09753000 61.96023200 -173.39877300
v 22.09753000 68.50589000 -173.39877300
v 22.09753000 68.50589000 -173.39877300
v 22.09753000 68.50589000 -173.39877300
v 33.78389400 68.50589000 -172.14593500
v 33.78389400 68.50589000 -172.14593500
v 33.78389400 68.50589000 -172.14593500
v 22.09753000 68.50589000 -172.14593500
v 22.09753000 68.50589000 -172.14593500
v 22.09753000 68.50589000 -172.14593500
v 22.09753000 61.96004900 -172.14593500
v 22.09753000 61.96004900 -172.14593500
v 22.09753000 61.96004900 -172.14593500
v 33.78389400 61.96004900 -172.14593500
v 33.78389400 61.96004900 -172.14593500
v 33.78389400 61.96004900 -172.14593500
v 45.60110500 68.50589000 -173.39877300
v 45.60110500 68.50589000 -173.39877300
v 45.60110500 68.50589000 -173.39877300
v 45.60110500 61.96023200 -173.39877300
v 45.60110500 61.96023200 -173.39877300
v 45.60110500 61.96023200 -173.39877300
v 33.91474200 61.96023200 -173.39877300
v 33.91474200 61.96023200 -173.39877300
v 33.91474200 61.96023200 -173.39877300
v 33.91474200 68.50589000 -173.39877300
v 33.91474200 68.50589000 -173.39877300
v 33.91474200 68.50589000 -173.39877300
v 45.60110500 68.50589000 -172.14593500
v 45.60110500 68.50589000 -172.14593500
v 45.60110500 68.50589000 -172.14593500
v 33.91474200 68.50589000 -172.14593500
v 33.91474200 68.50589000 -172.14593500
v 33.91474200 68.50589000 -172.14593500
v 33.91474200 61.96004900 -172.14593500
v 33.91474200 61.96004900 -172.14593500
v 33.91474200 61.96004900 -172.14593500
v 45.60110500 61.96004900 -172.14593500
v 45.60110500 61.96004900 -172.14593500
v 45.60110500 61.96004900 -172.14593500
v 57.38901100 68.50589000 -174.75015300
v 57.38901100 68.50589000 -174.75015300
v 57.38901100 68.50589000 -174.75015300
v 57.38901100 61.96023200 -174.75015300
v 57.38901100 61.96023200 -174.75015300
v 57.38901100 61.96023200 -174.75015300
v 45.70283500 61.96023200 -174.75015300
v 45.70283500 61.96023200 -174.75015300
v 45.70283500 61.96023200 -174.75015300
v 45.70283500 68.50589000 -174.75015300
v 45.70283500 68.50589000 -174.75015300
v 45.70283500 68.50589000 -174.75015300
v 57.38901100 68.50589000 -173.49751300
v 57.38901100 68.50589000 -173.49751300
v 57.38901100 68.50589000 -173.49751300
v 45.70283500 68.50589000 -173.49751300
v 45.70283500 68.50589000 -173.49751300
v 45.70283500 68.50589000 -173.49751300
v 45.70283500 61.96023200 -173.49751300
v 45.70283500 61.96023200 -173.49751300
v 45.70283500 61.96023200 -173.49751300
v 57.38901100 61.96023200 -173.49751300
v 57.38901100 61.96023200 -173.49751300
v 57.38901100 61.96023200 -173.49751300
v 33.78389400 68.50589000 -174.75015300
v 33.78389400 68.50589000 -174.75015300
v 33.78389400 68.50589000 -174.75015300
v 33.78389400 61.96023200 -174.75015300
v 33.78389400 61.96023200 -174.75015300
v 33.78389400 61.96023200 -174.75015300
v 22.09753000 61.96023200 -174.75015300
v 22.09753000 61.96023200 -174.75015300
v 22.09753000 61.96023200 -174.75015300
v 22.09753000 68.50589000 -174.75015300
v 22.09753000 68.50589000 -174.75015300
v 22.09753000 68.50589000 -174.75015300
v 33.78389400 68.50589000 -173.49751300
v 33.78389400 68.50589000 -173.49751300
v 33.78389400 68.50589000 -173.49751300
v 22.09753000 68.50589000 -173.49751300
v 22.09753000 68.50589000 -173.49751300
v 22.09753000 68.50589000 -173.49751300
v 22.09753000 61.96023200 -173.49751300
v 22.09753000 61.96023200 -173.49751300
v 22.09753000 61.96023200 -173.49751300
v 33.78389400 61.96023200 -173.49751300
v 33.78389400 61.96023200 -173.49751300
v 33.78389400 61.96023200 -173.49751300
v 45.60110500 68.50589000 -174.75015300
v 45.60110500 68.50589000 -174.75015300
v 45.60110500 68.50589000 -174.75015300
v 45.60110500 61.96023200 -174.75015300
v 45.60110500 61.96023200 -174.75015300
v 45.60110500 61.96023200 -174.75015300
v 33.91474200 61.96023200 -174.75015300
v 33.91474200 61.96023200 -174.75015300
v 33.91474200 61.96023200 -174.75015300
v 33.91474200 68.50589000 -174.75015300
v 33.91474200 68.50589000 -174.75015300
v 33.91474200 68.50589000 -174.75015300
v 45.60110500 68.50589000 -173.49751300
v 45.60110500 68.50589000 -173.49751300
v 45.60110500 68.50589000 -173.49751300
v 33.91474200 68.50589000 -173.49751300
v 33.91474200 68.50589000 -173.49751300
v 33.91474200 68.50589000 -173.49751300
v 33.91474200 61.96023200 -173.49751300
v 33.91474200 61.96023200 -173.49751300
v 33.91474200 61.96023200 -173.49751300
v 45.60110500 61.96023200 -173.49751300
v 45.60110500 61.96023200 -173.49751300
v 45.60110500 61.96023200 -173.49751300
v 57.38901100 68.50589000 -176.10174600
v 57.38901100 68.50589000 -176.10174600
v 57.38901100 68.50589000 -176.10174600
v 57.38901100 61.96023200 -176.10174600
v 57.38901100 61.96023200 -176.10174600
v 57.38901100 61.96023200 -176.10174600
v 45.70283500 61.96023200 -176.10174600
v 45.70283500 61.96023200 -176.10174600
v 45.70283500 61.96023200 -176.10174600
v 45.70283500 68.50589000 -176.10174600
v 45.70283500 68.50589000 -176.10174600
v 45.70283500 68.50589000 -176.10174600
v 57.38901100 68.50589000 -174.84890700
v 57.38901100 68.50589000 -174.84890700
v 57.38901100 68.50589000 -174.84890700
v 45.70283500 68.50589000 -174.84890700
v 45.70283500 68.50589000 -174.84890700
v 45.70283500 68.50589000 -174.84890700
v 45.70283500 61.96023200 -174.84890700
v 45.70283500 61.96023200 -174.84890700
v 45.70283500 61.96023200 -174.84890700
v 57.38901100 61.96023200 -174.84890700
v 57.38901100 61.96023200 -174.84890700
v 57.38901100 61.96023200 -174.84890700
v 33.78389400 68.50589000 -176.10174600
v 33.78389400 68.50589000 -176.10174600
v 33.78389400 68.50589000 -176.10174600
v 33.78389400 61.96023200 -176.10174600
v 33.78389400 61.96023200 -176.10174600
v 33.78389400 61.96023200 -176.10174600
v 22.09753000 61.96023200 -176.10174600
v 22.09753000 61.96023200 -176.10174600
v 22.09753000 61.96023200 -176.10174600
v 22.09753000 68.50589000 -176.10174600
v 22.09753000 68.50589000 -176.10174600
v 22.09753000 68.50589000 -176.10174600
v 33.78389400 68.50589000 -174.84890700
v 33.78389400 68.50589000 -174.84890700
v 33.78389400 68.50589000 -174.84890700
v 22.09753000 68.50589000 -174.84890700
v 22.09753000 68.50589000 -174.84890700
v 22.09753000 68.50589000 -174.84890700
v 22.09753000 61.96023200 -174.84890700
v 22.09753000 61.96023200 -174.84890700
v 22.09753000 61.96023200 -174.84890700
v 33.78389400 61.96023200 -174.84890700
v 33.78389400 61.96023200 -174.84890700
v 33.78389400 61.96023200 -174.84890700
v 45.60110500 68.50589000 -176.10174600
v 45.60110500 68.50589000 -176.10174600
v 45.60110500 68.50589000 -176.10174600
v 45.60110500 61.96023200 -176.10174600
v 45.60110500 61.96023200 -176.10174600
v 45.60110500 61.96023200 -176.10174600
v 33.91474200 61.96023200 -176.10174600
v 33.91474200 61.96023200 -176.10174600
v 33.91474200 61.96023200 -176.10174600
v 33.91474200 68.50589000 -176.10174600
v 33.91474200 68.50589000 -176.10174600
v 33.91474200 68.50589000 -176.10174600
v 45.60110500 68.50589000 -174.84890700
v 45.60110500 68.50589000 -174.84890700
v 45.60110500 68.50589000 -174.84890700
v 33.91474200 68.50589000 -174.84890700
v 33.91474200 68.50589000 -174.84890700
v 33.91474200 68.50589000 -174.84890700
v 33.91474200 61.96023200 -174.84890700
v 33.91474200 61.96023200 -174.84890700
v 33.91474200 61.96023200 -174.84890700
v 45.60110500 61.96023200 -174.84890700
v 45.60110500 61.96023200 -174.84890700
v 45.60110500 61.96023200 -174.84890700
v 57.38901100 68.50589000 -177.50669900
v 57.38901100 68.50589000 -177.50669900
v 57.38901100 68.50589000 -177.50669900
v 57.38901100 61.96022800 -177.50669900
v 57.38901100 61.96022800 -177.50669900
v 57.38901100 61.96022800 -177.50669900
v 45.70283500 61.96022800 -177.50669900
v 45.70283500 61.96022800 -177.50669900
v 45.70283500 61.96022800 -177.50669900
v 45.70283500 68.50589000 -177.50669900
v 45.70283500 68.50589000 -177.50669900
v 45.70283500 68.50589000 -177.50669900
v 57.38901100 68.50589000 -176.25404400
v 57.38901100 68.50589000 -176.25404400
v 57.38901100 68.50589000 -176.25404400
v 45.70283500 68.50589000 -176.25404400
v 45.70283500 68.50589000 -176.25404400
v 45.70283500 68.50589000 -176.25404400
v 45.70283500 61.96023200 -176.25404400
v 45.70283500 61.96023200 -176.25404400
v 45.70283500 61.96023200 -176.25404400
v 57.38901100 61.96023200 -176.25404400
v 57.38901100 61.96023200 -176.25404400
v 57.38901100 61.96023200 -176.25404400
v 45.60110500 68.50589000 -177.50669900
v 45.60110500 68.50589000 -177.50669900
v 45.60110500 68.50589000 -177.50669900
v 45.60110500 61.96022800 -177.50669900
v 45.60110500 61.96022800 -177.50669900
v 45.60110500 61.96022800 -177.50669900
v 33.91474200 61.96022800 -177.50669900
v 33.91474200 61.96022800 -177.50669900
v 33.91474200 61.96022800 -177.50669900
v 33.91474200 68.50589000 -177.50669900
v 33.91474200 68.50589000 -177.50669900
v 33.91474200 68.50589000 -177.50669900
v 45.60110500 68.50589000 -176.25404400
v 45.60110500 68.50589000 -176.25404400
v 45.60110500 68.50589000 -176.25404400
v 33.91474200 68.50589000 -176.25404400
v 33.91474200 68.50589000 -176.25404400
v 33.91474200 68.50589000 -176.25404400
v 33.91474200 61.96023200 -176.25404400
v 33.91474200 61.96023200 -176.25404400
v 33.91474200 61.96023200 -176.25404400
v 45.60110500 61.96023200 -176.25404400
v 45.60110500 61.96023200 -176.25404400
v 45.60110500 61.96023200 -176.25404400
v 21.47297700 59.45679900 -164.70954900
v 58.17857000 59.45679900 -164.70954900
v 58.17857000 63.52328900 -164.70954900
v 21.47297700 63.52328900 -164.70954900
v 21.47297700 43.96843300 -164.84132400
v 58.17857000 43.96843300 -164.84132400
v 58.17857000 45.99607800 -167.73730500
v 21.47297700 45.99607800 -167.73730500
v 21.47297700 33.74227900 -164.87455700
v 58.17857000 33.74227900 -164.87455700
v 58.17857000 35.78411100 -167.79049700
v 21.47297700 35.78411100 -167.79049700
v 21.47727200 43.79222500 -164.53950500
v 30.64041700 43.79222500 -164.53950500
v 30.64041700 47.90650600 -170.41525300
v 21.47727200 47.90650600 -170.41525300
v 21.47727200 33.55972700 -164.53950500
v 30.64041700 33.55972700 -164.53950500
v 30.64041700 37.67419100 -170.41525300
v 21.47727200 37.67419100 -170.41525300
v 51.63888200 58.29504800 -164.61976600
v 61.38533000 58.29504800 -164.61976600
v 61.38533000 65.46824600 -164.61976600
v 51.63888200 65.46824600 -164.61976600
v 21.47297700 44.10338200 -165.78581200
v 21.47297700 44.10338200 -165.78581200
v 21.47297700 44.10338200 -165.78581200
v 58.17857000 44.10338200 -165.78581200
v 58.17857000 44.10338200 -165.78581200
v 58.17857000 44.10338200 -165.78581200
v 58.17857000 52.31494900 -177.51304600
v 58.17857000 52.31494900 -177.51304600
v 58.17857000 52.31494900 -177.51304600
v 21.47297700 52.31494900 -177.51304600
v 21.47297700 52.31494900 -177.51304600
v 21.47297700 52.31494900 -177.51304600
v 58.17857000 50.63373600 -178.69029200
v 58.17857000 50.63373600 -178.69029200
v 58.17857000 50.63373600 -178.69029200
v 58.17857000 42.42217300 -166.96286000
v 58.17857000 42.42217300 -166.96286000
v 58.17857000 42.42217300 -166.96286000
v 21.47297700 42.42217300 -166.96286000
v 21.47297700 42.42217300 -166.96286000
v 21.47297700 42.42217300 -166.96286000
v 21.47297700 50.63373600 -178.69029200
v 21.47297700 50.63373600 -178.69029200
v 21.47297700 50.63373600 -178.69029200
v 21.47297700 34.26920700 -165.78581200
v 21.47297700 34.26920700 -165.78581200
v 21.47297700 34.26920700 -165.78581200
v 58.17857000 34.26920700 -165.78581200
v 58.17857000 34.26920700 -165.78581200
v 58.17857000 34.26920700 -165.78581200
v 58.17857000 42.48059100 -177.51304600
v 58.17857000 42.48059100 -177.51304600
v 58.17857000 42.48059100 -177.51304600
v 21.47297700 42.48059100 -177.51304600
v 21.47297700 42.48059100 -177.51304600
v 21.47297700 42.48059100 -177.51304600
v 58.17857000 40.79956100 -178.69029200
v 58.17857000 40.79956100 -178.69029200
v 58.17857000 40.79956100 -178.69029200
v 58.17857000 32.58799400 -166.96286000
v 58.17857000 32.58799400 -166.96286000
v 58.17857000 32.58799400 -166.96286000
v 21.47297700 32.58799400 -166.96286000
v 21.47297700 32.58799400 -166.96286000
v 21.47297700 32.58799400 -166.96286000
v 21.47297700 40.79956100 -178.69029200
v 21.47297700 40.79956100 -178.69029200
v 21.47297700 40.79956100 -178.69029200
vn -0.00000000 -1.00000000 -0.00000000
vn -1.00000000 -0.00000000 -0.00000000
vn -0.00000000 -0.00000000 1.00000000
vn -0.00000000 -0.00000000 -1.00000000
vn -0.00000000 -1.00000000 -0.00000000
vn -1.00000000 -0.00000000 -0.00000000
vn -0.00000000 -1.00000000 -0.00000000
vn -0.00000000 -0.00000000 -1.00000000
vn 1.00000000 -0.00000000 -0.00000000
vn -0.00000000 -0.00000000 1.00000000
vn 1.00000000 -0.00000000 -0.00000000
vn -0.00000000 -1.00000000 -0.00000000
vn -0.00000000 1.00000000 -0.00000000
vn -1.00000000 -0.00000000 -0.00000000
vn -0.00000000 -0.00000000 1.00000000
vn -0.00000000 1.00000000 -0.00000000
vn -0.00000000 -0.00000000 1.00000000
vn 1.00000000 -0.00000000 -0.00000000
vn -0.00000000 -0.00000000 -1.00000000
vn 1.00000000 -0.00000000 -0.00000000
vn -0.00000000 1.00000000 -0.00000000
vn -1.00000000 -0.00000000 -0.00000000
vn -0.00000000 1.00000000 -0.00000000
vn -0.00000000 -0.00000000 -1.00000000
vn -0.00000000 -0.00000000 1.00000000
vn -0.00000000 -1.00000000 -0.00000000
vn -1.00000000 -0.00000000 -0.00000000
vn -1.00000000 -0.00000000 -0.00000000
vn -0.00000000 -1.00000000 -0.00000000
vn -0.00000000 -0.00000000 -1.00000000
vn -0.00000000 -1.00000000 -0.00000000
vn -0.00000000 -0.00000000 -1.00000000
vn 1.00000000 -0.00000000 -0.00000000
vn -0.00000000 -0.00000000 1.00000000
vn -0.00000000 -1.00000000 -0.00000000
vn 1.00000000 -0.00000000 -0.00000000
vn -1.00000000 -0.00000000 -0.00000000
vn -0.00000000 -0.00000000 1.00000000
vn -0.00000000 1.00000000 -0.00000000
vn 1.00000000 -0.00000000 -0.00000000
vn -0.00000000 1.00000000 -0.00000000
vn -0.00000000 -0.00000000 1.00000000
vn 1.00000000 -0.00000000 -0.00000000
vn -0.00000000 1.00000000 -0.00000000
vn -0.00000000 -0.00000000 -1.00000000
vn -0.00000000 1.00000000 -0.00000000
vn -0.00000000 -0.00000000 -1.00000000
vn -1.00000000 -0.00000000 -0.00000000
vn -0.00000000 -1.00000000 -0.00000000
vn -0.00000000 -0.00000000 1.00000000
vn -1.00000000 -0.00000000 -0.00000000
vn -1.00000000 -0.00000000 -0.00000000
vn -0.00000000 -1.00000000 -0.00000000
vn -0.00000000 -0.00000000 -1.00000000
vn 1.00000000 -0.00000000 -0.00000000
vn -0.00000000 -1.00000000 -0.00000000
vn -0.00000000 -0.00000000 -1.00000000
vn 1.00000000 -0.00000000 -0.00000000
vn -0.00000000 -0.00000000 1.00000000
vn -0.00000000 -1.00000000 -0.00000000
vn -0.00000000 -0.00000000 1.00000000
vn -1.00000000 -0.00000000 -0.00000000
vn -0.00000000 1.00000000 -0.00000000
vn -0.00000000 -0.00000000 1.00000000
vn -0.00000000 1.00000000 -0.00000000
vn 1.00000000 -0.00000000 -0.00000000
vn 1.00000000 -0.00000000 -0.00000000
vn -0.00000000 -0.00000000 -1.00000000
vn -0.00000000 1.00000000 -0.00000000
vn -0.00000000 1.00000000 -0.00000000
vn -1.00000000 -0.00000000 -0.00000000
vn -0.00000000 -0.00000000 -1.00000000
vn -0.00000000 -1.00000000 -0.00000000
vn -1.00000000 -0.00000000 -0.00000000
vn -0.00000000 -0.00000000 1.00000000
vn -0.00000000 -0.00000000 -1.00000000
vn -0.00000000 -1.00000000 -0.00000000
vn -1.00000000 -0.00000000 -0.00000000
vn 1.00000000 -0.00000000 -0.00000000
vn -0.00000000 -0.00000000 -1.00000000
vn -0.00000000 -1.00000000 -0.00000000
vn -0.00000000 -1.00000000 -0.00000000
vn 1.00000000 -0.00000000 -0.00000000
vn -0.00000000 -0.00000000 1.00000000
vn -0.00000000 -0.00000000 1.00000000
vn -1.00000000 -0.00000000 -0.00000000
vn -0.00000000 1.00000000 -0.00000000
vn -0.00000000 1.00000000 -0.00000000
vn -0.00000000 -0.00000000 1.00000000
vn 1.00000000 -0.00000000 -0.00000000
vn 1.00000000 -0.00000000 -0.00000000
vn -0.00000000 -0.00000000 -1.00000000
vn -0.00000000 1.00000000 -0.00000000
vn -0.00000000 -0.00000000 -1.00000000
vn -1.00000000 -0.00000000 -0.00000000
vn -0.00000000 1.00000000 -0.00000000
vn -0.00000000 -1.00000000 -0.00000000
vn -0.00000000 -0.00000000 1.00000000
vn -1.00000000 -0.00000000 -0.00000000
vn -0.00000000 -1.00000000 -0.00000000
vn -0.00000000 -0.00000000 -1.00000000
vn -1.00000000 -0.00000000 -0.00000000
vn -0.00000000 -0.00000000 -1.00000000
vn 1.00000000 -0.00000000 -0.00000000
vn -0.00000000 -1.00000000 -0.00000000
vn 1.00000000 -0.00000000 -0.00000000
vn -0.00000000 -0.00000000 1.00000000
vn -0.00000000 -1.00000000 -0.00000000
vn -0.00000000 -0.00000000 1.00000000
vn -1.00000000 -0.00000000 -0.00000000
vn -0.00000000 1.00000000 -0.00000000
vn -0.00000000 -0.00000000 1.00000000
vn -0.00000000 1.00000000 -0.00000000
vn 1.00000000 -0.00000000 -0.00000000
vn 1.00000000 -0.00000000 -0.00000000
vn -0.00000000 -0.00000000 -1.00000000
vn -0.00000000 1.00000000 -0.00000000
vn -0.00000000 -0.00000000 -1.00000000
vn -0.00000000 1.00000000 -0.00000000
vn -1.00000000 -0.00000000 -0.00000000
vn -0.00000000 -0.00000000 1.00000000
vn -0.00000000 -1.00000000 -0.00000000
vn -1.00000000 -0.00000000 -0.00000000
vn -0.00000000 -0.00000000 -1.00000000
vn -0.00000000 -1.00000000 -0.00000000
vn -1.00000000 -0.00000000 -0.00000000
vn -0.00000000 -0.00000000 -1.00000000
vn -0.00000000 -1.00000000 -0.00000000
vn 1.00000000 -0.00000000 -0.00000000
vn 1.00000000 -0.00000000 -0.00000000
vn -0.00000000 -1.00000000 -0.00000000
vn -0.00000000 -0.00000000 1.00000000
vn -0.00000000 -0.00000000 1.00000000
vn -0.00000000 1.00000000 -0.00000000
vn -1.00000000 -0.00000000 -0.00000000
vn -0.00000000 1.00000000 -0.00000000
vn 1.00000000 -0.00000000 -0.00000000
vn -0.00000000 -0.00000000 1.00000000
vn -0.00000000 1.00000000 -0.00000000
vn 1.00000000 -0.00000000 -0.00000000
vn -0.00000000 -0.00000000 -1.00000000
vn -0.00000000 1.00000000 -0.00000000
vn -0.00000000 -0.00000000 -1.00000000
vn -1.00000000 -0.00000000 -0.00000000
vn -1.00000000 -0.00000000 -0.00000000
vn -0.00000000 -0.00000000 1.00000000
vn -0.00000000 -1.00000000 -0.00000000
vn -0.00000000 -1.00000000 -0.00000000
vn -0.00000000 -0.00000000 -1.00000000
vn -1.00000000 -0.00000000 -0.00000000
vn -0.00000000 -0.00000000 -1.00000000
vn -0.00000000 -1.00000000 -0.00000000
vn 1.00000000 -0.00000000 -0.00000000
vn 1.00000000 -0.00000000 -0.00000000
vn -0.00000000 -0.00000000 1.00000000
vn -0.00000000 -1.00000000 -0.00000000
vn -0.00000000 1.00000000 -0.00000000
vn -1.00000000 -0.00000000 -0.00000000
vn -0.00000000 -0.00000000 1.00000000
vn -0.00000000 -0.00000000 1.00000000
vn -0.00000000 1.00000000 -0.00000000
vn 1.00000000 -0.00000000 -0.00000000
vn 1.00000000 -0.00000000 -0.00000000
vn -0.00000000 1.00000000 -0.00000000
vn -0.00000000 -0.00000000 -1.00000000
vn -0.00000000 1.00000000 -0.00000000
vn -0.00000000 -0.00000000 -1.00000000
vn -1.00000000 -0.00000000 -0.00000000
vn -0.00000000 -0.00000000 1.00000000
vn -1.00000000 -0.00000000 -0.00000000
vn -0.00000000 -1.00000000 -0.00000000
vn -0.00000000 -1.00000000 -0.00000000
vn -0.00000000 -0.00000000 -1.00000000
vn -1.00000000 -0.00000000 -0.00000000
vn 1.00000000 -0.00000000 -0.00000000
vn -0.00000000 -1.00000000 -0.00000000
vn -0.00000000 -0.00000000 -1.00000000
vn -0.00000000 -0.00000000 1.00000000
vn 1.00000000 -0.00000000 -0.00000000
vn -0.00000000 -1.00000000 -0.00000000
vn -1.00000000 -0.00000000 -0.00000000
vn -0.00000000 1.00000000 -0.00000000
vn -0.00000000 -0.00000000 1.00000000
vn 1.00000000 -0.00000000 -0.00000000
vn -0.00000000 -0.00000000 1.00000000
vn -0.00000000 1.00000000 -0.00000000
vn -0.00000000 -0.00000000 -1.00000000
vn 1.00000000 -0.00000000 -0.00000000
vn -0.00000000 1.00000000 -0.00000000
vn -0.00000000 1.00000000 -0.00000000
vn -0.00000000 -0.00000000 -1.00000000
vn -1.00000000 -0.00000000 -0.00000000
vn -0.00000000 -0.00000000 1.00000000
vn -0.00000000 -1.00000000 -0.00000000
vn -1.00000000 -0.00000000 -0.00000000
vn -0.00000000 -0.00000000 -1.00000000
vn -0.00000000 -1.00000000 -0.00000000
vn -1.00000000 -0.00000000 -0.00000000
vn -0.00000000 -0.00000000 -1.00000000
vn 1.00000000 -0.00000000 -0.00000000
vn -0.00000000 -1.00000000 -0.00000000
vn 1.00000000 -0.00000000 -0.00000000
vn -0.00000000 -0.00000000 1.00000000
vn -0.00000000 -1.00000000 -0.00000000
vn -0.00000000 -0.00000000 1.00000000
vn -1.00000000 -0.00000000 -0.00000000
vn -0.00000000 1.00000000 -0.00000000
vn 1.00000000 -0.00000000 -0.00000000
vn -0.00000000 -0.00000000 1.00000000
vn -0.00000000 1.00000000 -0.00000000
vn -0.00000000 -0.00000000 -1.00000000
vn 1.00000000 -0.00000000 -0.00000000
vn -0.00000000 1.00000000 -0.00000000
vn -1.00000000 -0.00000000 -0.00000000
vn -0.00000000 -0.00000000 -1.00000000
vn -0.00000000 1.00000000 -0.00000000
vn -0.00000000 -1.00000000 -0.00000000
vn -0.00000000 -0.00000000 1.00000000
vn -1.00000000 -0.00000000 -0.00000000
vn -0.00000000 -0.00000000 -1.00000000
vn -0.00000000 -1.00000000 -0.00000000
vn -1.00000000 -0.00000000 -0.00000000
vn -0.00000000 -0.00000000 -1.00000000
vn 1.00000000 -0.00000000 -0.00000000
vn -0.00000000 -1.00000000 -0.00000000
vn 1.00000000 -0.00000000 -0.00000000
vn -0.00000000 -1.00000000 -0.00000000
vn -0.00000000 -0.00000000 1.00000000
vn -0.00000000 1.00000000 -0.00000000
vn -1.00000000 -0.00000000 -0.00000000
vn -0.00000000 -0.00000000 1.00000000
vn -0.00000000 1.00000000 -0.00000000
vn 1.00000000 -0.00000000 -0.00000000
vn -0.00000000 -0.00000000 1.00000000
vn 1.00000000 -0.00000000 -0.00000000
vn -0.00000000 1.00000000 -0.00000000
vn -0.00000000 -0.00000000 -1.00000000
vn -0.00000000 1.00000000 -0.00000000
vn -0.00000000 -0.00000000 -1.00000000
vn -1.00000000 -0.00000000 -0.00000000
vn -1.00000000 -0.00000000 -0.00000000
vn -0.00000000 -0.18080000 0.98350000
vn -0.00000000 -1.00000000 -0.00000000
vn -1.00000000 -0.00000000 -0.00000000
vn -0.00000000 -0.18080000 -0.98350000
vn -0.00000000 -1.00000000 -0.00000000
vn 1.00000000 -0.00000000 -0.00000000
vn -0.00000000 -0.18080000 -0.98350000
vn -0.00000000 -1.00000000 -0.00000000
vn -0.00000000 -0.18080000 0.98350000
vn -0.00000000 -1.00000000 -0.00000000
vn 1.00000000 -0.00000000 -0.00000000
vn -0.00000000 0.21180000 0.97730000
vn -0.00000000 0.16600000 0.98610000
vn 0.11040000 0.99390000 -0.00000000
vn 0.00420000 0.15570000 0.98780000
vn 0.00060000 0.19620000 0.98060000
vn 0.00020000 0.20230000 0.97930000
vn 0.00010000 0.20720000 0.97830000
vn -0.00000000 0.21050000 0.97760000
vn -0.00000000 1.00000000 -0.00000000
vn 0.11020000 0.99390000 -0.00000000
vn -0.00560000 0.16490000 0.98630000
vn 0.11040000 0.99390000 -0.00000000
vn -0.00000000 0.21120000 -0.97740000
vn -0.00000000 1.00000000 -0.00000000
vn -0.00000000 0.21120000 -0.97740000
vn -0.00000000 0.20730000 -0.97830000
vn -0.00000000 0.16600000 -0.98610000
vn -0.00020000 0.20250000 -0.97930000
vn 0.00520000 0.16490000 -0.98630000
vn -0.11050000 0.99390000 -0.00000000
vn -0.11070000 0.99390000 -0.00000000
vn -0.00000000 0.21110000 -0.97750000
vn -0.00000000 1.00000000 -0.00000000
vn -0.00060000 0.19620000 -0.98060000
vn -0.00420000 0.15560000 -0.98780000
vn -0.11050000 0.99390000 -0.00000000
vn -0.00000000 1.00000000 -0.00000000
vn -0.00000000 0.21180000 0.97730000
vn -0.00000000 -0.01540000 0.99990000
vn 1.00000000 -0.00000000 -0.00000000
vn -1.00000000 -0.00000000 -0.00000000
vn -0.00000000 -0.01540000 0.99990000
vn -0.00000000 -0.08240000 0.99660000
vn -1.00000000 -0.00000000 -0.00000000
vn 1.00000000 -0.00000000 -0.00000000
vn -0.00000000 -0.08240000 0.99660000
vn -0.00000000 -0.01540000 -0.99990000
vn 1.00000000 -0.00000000 -0.00000000
vn -0.00000000 -0.08240000 -0.99660000
vn 1.00000000 -0.00000000 -0.00000000
vn -1.00000000 -0.00000000 -0.00000000
vn -0.00000000 -0.01540000 -0.99990000
vn -0.00000000 -0.08240000 -0.99660000
vn -1.00000000 -0.00000000 -0.00000000
vn -0.00000000 0.08520000 0.99640000
vn -0.00000000 1.00000000 -0.00000000
vn 1.00000000 -0.00000000 -0.00000000
vn -0.00000000 1.00000000 -0.00000000
vn -0.00000000 0.08540000 -0.99640000
vn 1.00000000 -0.00000000 -0.00000000
vn -0.00000000 0.08540000 -0.99640000
vn -0.00000000 1.00000000 -0.00000000
vn -0.00000000 0.16600000 -0.98610000
vn -0.00420000 0.15560000 -0.98780000
vn -0.00000000 0.08530000 -0.99640000
vn 1.00000000 -0.00000000 -0.00000000
vn 1.00000000 -0.00000000 -0.00000000
vn -0.00000000 1.00000000 -0.00000000
vn -0.10580000 0.15750000 0.98180000
vn -0.00000000 0.16600000 0.98610000
vn -0.04830000 0.16030000 0.98590000
vn -0.00560000 0.16490000 0.98630000
vn -0.35290000 0.14570000 0.92430000
vn -0.02130000 0.16270000 0.98640000
vn -0.00000000 0.08520000 0.99640000
vn -1.00000000 -0.00000000 -0.00000000
vn -0.00000000 1.00000000 -0.00000000
vn -0.00000000 0.08530000 -0.99640000
vn -0.00000000 0.08520000 0.99640000
vn -0.00000000 1.00000000 -0.00000000
vn -1.00000000 -0.00000000 -0.00000000
vn -1.00000000 -0.00000000 -0.00000000
vn -0.00000000 0.16600000 0.98610000
vn -0.00000000 0.08520000 0.99640000
vn 0.00420000 0.15570000 0.98780000
vn -0.00000000 1.00000000 -0.00000000
vn 0.10620000 0.15740000 -0.98180000
vn -0.00000000 0.08530000 -0.99640000
vn 0.35100000 0.14580000 -0.92490000
vn 0.02180000 0.16260000 -0.98640000
vn 0.00520000 0.16490000 -0.98630000
vn -0.00000000 1.00000000 -0.00000000
vn -0.00000000 0.16600000 -0.98610000
vn 0.04840000 0.16030000 -0.98590000
vn -1.00000000 -0.00000000 -0.00000000
vn 0.99390000 0.11050000 -0.00000000
vn 1.00000000 -0.00000000 -0.00000000
vn -0.35290000 0.14570000 0.92430000
vn 0.91920000 0.39370000 -0.00000000
vn 0.99390000 0.11050000 -0.00000000
vn -0.10580000 0.15750000 0.98180000
vn -0.35290000 0.14570000 0.92430000
vn -0.10580000 0.15750000 0.98180000
vn -0.04830000 0.16030000 0.98590000
vn 0.91920000 0.39370000 -0.00000000
vn 0.70700000 0.70720000 -0.00000000
vn -0.04830000 0.16030000 0.98590000
vn -0.02130000 0.16270000 0.98640000
vn 0.70700000 0.70720000 -0.00000000
vn 0.70720000 0.70700000 -0.00000000
vn 0.39400000 0.91910000 -0.00000000
vn -0.02130000 0.16270000 0.98640000
vn -0.00560000 0.16490000 0.98630000
vn 0.11020000 0.99390000 -0.00000000
vn 0.39400000 0.91910000 -0.00000000
vn -0.11070000 0.99390000 -0.00000000
vn -0.00000000 0.21050000 0.97760000
vn -0.11050000 0.99390000 -0.00000000
vn -0.00000000 0.21180000 0.97730000
vn -0.39400000 0.91910000 -0.00000000
vn -0.00000000 0.21050000 0.97760000
vn 0.00010000 0.20720000 0.97830000
vn -0.39390000 0.91920000 -0.00000000
vn -0.39400000 0.91910000 -0.00000000
vn -0.70710000 0.70710000 -0.00000000
vn -0.91910000 0.39400000 -0.00000000
vn -0.70700000 0.70720000 -0.00000000
vn 0.00010000 0.20720000 0.97830000
vn 0.00020000 0.20230000 0.97930000
vn -0.70710000 0.70710000 -0.00000000
vn -0.99390000 0.11020000 -0.00000000
vn -0.91910000 0.39410000 -0.00000000
vn -0.91910000 0.39400000 -0.00000000
vn 0.00020000 0.20230000 0.97930000
vn 0.00060000 0.19620000 0.98060000
vn 0.00060000 0.19620000 0.98060000
vn 0.00420000 0.15570000 0.98780000
vn -0.99390000 0.11040000 -0.00000000
vn -0.99390000 0.11020000 -0.00000000
vn -1.00000000 -0.00000000 -0.00000000
vn 1.00000000 -0.00000000 -0.00000000
vn -0.00060000 0.19620000 -0.98060000
vn -0.00420000 0.15560000 -0.98780000
vn 0.99390000 0.11050000 -0.00000000
vn -0.99390000 0.11040000 -0.00000000
vn -1.00000000 -0.00000000 -0.00000000
vn 0.35100000 0.14580000 -0.92490000
vn -0.99390000 0.11040000 -0.00000000
vn -0.99390000 0.11020000 -0.00000000
vn -0.91910000 0.39410000 -0.00000000
vn 0.35100000 0.14580000 -0.92490000
vn 0.10620000 0.15740000 -0.98180000
vn -0.70700000 0.70720000 -0.00000000
vn 0.04840000 0.16030000 -0.98590000
vn -0.91910000 0.39400000 -0.00000000
vn -0.91910000 0.39410000 -0.00000000
vn 0.10620000 0.15740000 -0.98180000
vn 0.04840000 0.16030000 -0.98590000
vn -0.70700000 0.70720000 -0.00000000
vn -0.39390000 0.91920000 -0.00000000
vn -0.70710000 0.70710000 -0.00000000
vn 0.02180000 0.16260000 -0.98640000
vn 0.02180000 0.16260000 -0.98640000
vn 0.00520000 0.16490000 -0.98630000
vn -0.39390000 0.91920000 -0.00000000
vn -0.39400000 0.91910000 -0.00000000
vn -0.11070000 0.99390000 -0.00000000
vn 0.39400000 0.91910000 -0.00000000
vn 0.11040000 0.99390000 -0.00000000
vn 0.11020000 0.99390000 -0.00000000
vn -0.00000000 0.21110000 -0.97750000
vn -0.00000000 0.21120000 -0.97740000
vn -0.00000000 0.21110000 -0.97750000
vn 0.70720000 0.70700000 -0.00000000
vn -0.00000000 0.20730000 -0.97830000
vn 0.39400000 0.91910000 -0.00000000
vn 0.91920000 0.39370000 -0.00000000
vn -0.00000000 0.20730000 -0.97830000
vn -0.00020000 0.20250000 -0.97930000
vn 0.70720000 0.70700000 -0.00000000
vn 0.70700000 0.70720000 -0.00000000
vn 0.91920000 0.39370000 -0.00000000
vn -0.00020000 0.20250000 -0.97930000
vn 0.99390000 0.11050000 -0.00000000
vn -0.00060000 0.19620000 -0.98060000
vn -0.00000000 0.05180000 0.99870000
vn 1.00000000 -0.00000000 -0.00000000
vn -0.00000000 0.05180000 0.99870000
vn -1.00000000 -0.00000000 -0.00000000
vn -0.00000000 -0.14830000 0.98890000
vn 1.00000000 -0.00000000 -0.00000000
vn -0.00000000 -0.14830000 0.98890000
vn -1.00000000 -0.00000000 -0.00000000
vn -0.00000000 0.05180000 -0.99870000
vn 1.00000000 -0.00000000 -0.00000000
vn -0.00000000 -0.14830000 -0.98890000
vn 1.00000000 -0.00000000 -0.00000000
vn -0.00000000 0.05180000 -0.99870000
vn -1.00000000 -0.00000000 -0.00000000
vn -1.00000000 -0.00000000 -0.00000000
vn -0.00000000 -0.14830000 -0.98890000
vn -0.00000000 -0.39870000 0.91710000
vn -0.00000000 -1.00000000 -0.00000000
vn -1.00000000 -0.00000000 -0.00000000
vn -1.00000000 -0.00000000 -0.00000000
vn -0.00000000 -0.39890000 -0.91700000
vn -0.00000000 -1.00000000 -0.00000000
vn 1.00000000 0.00010000 -0.00000000
vn -0.00000000 -0.39890000 -0.91700000
vn -0.00000000 -1.00000000 -0.00000000
vn -0.00000000 -1.00000000 -0.00000000
vn -0.00000000 -0.39870000 0.91710000
vn 1.00000000 -0.00000000 -0.00000000
vn -1.00000000 -0.00000000 -0.00000000
vn -0.00000000 1.00000000 -0.00000000
vn -0.00000000 0.39870000 0.91710000
vn -0.00000000 1.00000000 -0.00000000
vn 1.00000000 0.00010000 -0.00000000
vn -0.00000000 0.39870000 0.91710000
vn 1.00000000 -0.00000000 -0.00000000
vn -0.00000000 1.00000000 -0.00000000
vn -0.00000000 0.39890000 -0.91700000
vn -1.00000000 -0.00000000 -0.00000000
vn -0.00000000 0.39890000 -0.91700000
vn -0.00000000 1.00000000 -0.00000000
vn -0.00000000 0.07190000 0.99740000
vn 1.00000000 -0.00000000 -0.00000000
vn -0.00000000 0.07190000 0.99740000
vn -1.00000000 -0.00000000 -0.00000000
vn -0.00000000 -0.07190000 0.99740000
vn -1.00000000 -0.00000000 -0.00000000
vn -0.00000000 -0.07190000 0.99740000
vn 1.00000000 -0.00000000 -0.00000000
vn -0.00000000 0.07190000 -0.99740000
vn 1.00000000 -0.00000000 -0.00000000
vn -0.00000000 -0.07190000 -0.99740000
vn 1.00000000 -0.00000000 -0.00000000
vn -1.00000000 -0.00000000 -0.00000000
vn -0.00000000 0.07190000 -0.99740000
vn -0.00000000 -0.07190000 -0.99740000
vn -1.00000000 -0.00000000 -0.00000000
vn -0.00000000 0.33930000 0.94070000
vn -1.00000000 -0.00000000 -0.00000000
vn -0.00000000 0.33930000 0.94070000
vn 1.00000000 -0.00000000 -0.00000000
vn -1.00000000 -0.00000000 -0.00000000
vn -0.00000000 0.21150000 0.97740000
vn 1.00000000 -0.00000000 -0.00000000
vn -0.00000000 0.21150000 0.97740000
vn 1.00000000 -0.00000000 -0.00000000
vn -0.00000000 -0.33930000 0.94070000
vn -0.00000000 -0.33930000 0.94070000
vn -1.00000000 -0.00000000 -0.00000000
vn 1.00000000 -0.00000000 -0.00000000
vn -0.00000000 -0.21150000 0.97740000
vn -1.00000000 -0.00000000 -0.00000000
vn -0.00000000 -0.21150000 0.97740000
vn -0.00000000 0.33930000 -0.94070000
vn 1.00000000 -0.00000000 -0.00000000
vn 1.00000000 -0.00000000 -0.00000000
vn -0.00000000 0.21140000 -0.97740000
vn 1.00000000 -0.00000000 -0.00000000
vn -0.00000000 -0.33930000 -0.94070000
vn 1.00000000 -0.00000000 -0.00000000
vn -0.00000000 -0.21140000 -0.97740000
vn -1.00000000 -0.00000000 -0.00000000
vn -0.00000000 0.33930000 -0.94070000
vn -0.00000000 0.21140000 -0.97740000
vn -1.00000000 -0.00000000 -0.00000000
vn -1.00000000 -0.00000000 -0.00000000
vn -0.00000000 -0.33930000 -0.94070000
vn -0.00000000 -0.21140000 -0.97740000
vn -1.00000000 -0.00000000 -0.00000000
vn -0.00000000 -0.00000000 1.00000000
vn -0.00000000 -1.00000000 -0.00000000
vn -1.00000000 -0.00000000 -0.00000000
vn -1.00000000 -0.00000000 -0.00000000
vn -0.00000000 -0.00000000 -1.00000000
vn -0.00000000 -1.00000000 -0.00000000
vn -0.00000000 -1.00000000 -0.00000000
vn 1.00000000 -0.00000000 -0.00000000
vn -0.00000000 -0.00000000 -1.00000000
vn -0.00000000 -1.00000000 -0.00000000
vn 1.00000000 -0.00000000 -0.00000000
vn -0.00000000 -0.00000000 1.00000000
vn -1.00000000 -0.00000000 -0.00000000
vn -0.00000000 1.00000000 -0.00000000
vn -0.00000000 -0.00000000 1.00000000
vn 1.00000000 -0.00000000 -0.00000000
vn -0.00000000 1.00000000 -0.00000000
vn -0.00000000 -0.00000000 1.00000000
vn -0.00000000 -0.00000000 -1.00000000
vn 1.00000000 -0.00000000 -0.00000000
vn -0.00000000 1.00000000 -0.00000000
vn -1.00000000 -0.00000000 -0.00000000
vn -0.00000000 -0.00000000 -1.00000000
vn -0.00000000 1.00000000 -0.00000000
vn 1.00000000 0.00010000 -0.00000000
vn -0.00000000 -0.39890000 -0.91700000
vn -0.00000000 -1.00000000 -0.00000000
vn -0.00000000 -0.39870000 0.91710000
vn 1.00000000 -0.00000000 -0.00000000
vn -0.00000000 -1.00000000 -0.00000000
vn -0.00000000 -1.00000000 -0.00000000
vn -1.00000000 -0.00000000 -0.00000000
vn -0.00000000 -0.39870000 0.91710000
vn -0.00000000 -1.00000000 -0.00000000
vn -1.00000000 -0.00000000 -0.00000000
vn -0.00000000 -0.39890000 -0.91700000
vn -0.00000000 0.39890000 -0.91700000
vn 1.00000000 -0.00000000 -0.00000000
vn -0.00000000 1.00000000 -0.00000000
vn -0.00000000 1.00000000 -0.00000000
vn -0.00000000 0.39890000 -0.91700000
vn -1.00000000 -0.00000000 -0.00000000
vn -0.00000000 0.39870000 0.91710000
vn -1.00000000 -0.00000000 -0.00000000
vn -0.00000000 1.00000000 -0.00000000
vn -0.00000000 1.00000000 -0.00000000
vn 1.00000000 -0.00010000 -0.00000000
vn -0.00000000 0.39870000 0.91710000
vn -1.00000000 -0.00000000 -0.00000000
vn -0.00000000 -0.07190000 0.99740000
vn -0.00000000 -0.07190000 0.99740000
vn 1.00000000 -0.00000000 -0.00000000
vn -0.00000000 0.07190000 0.99740000
vn 1.00000000 -0.00000000 -0.00000000
vn -1.00000000 -0.00000000 -0.00000000
vn -0.00000000 0.07190000 0.99740000
vn 1.00000000 -0.00000000 -0.00000000
vn -0.00000000 -0.07190000 -0.99740000
vn -1.00000000 -0.00000000 -0.00000000
vn -0.00000000 -0.07190000 -0.99740000
vn -0.00000000 0.07190000 -0.99740000
vn -1.00000000 -0.00000000 -0.00000000
vn 1.00000000 -0.00000000 -0.00000000
vn -0.00000000 0.07190000 -0.99740000
vn -0.00000000 0.33930000 0.94070000
vn -1.00000000 -0.00000000 -0.00000000
vn 1.00000000 -0.00000000 -0.00000000
vn -0.00000000 0.33930000 0.94070000
vn -0.00000000 0.21150000 0.97740000
vn -1.00000000 -0.00010000 -0.00000000
vn -0.00000000 0.21150000 0.97740000
vn 1.00000000 -0.00000000 -0.00000000
vn 1.00000000 -0.00000000 -0.00000000
vn -0.00000000 -0.33930000 0.94070000
vn -0.00000000 -0.33930000 0.94070000
vn -1.00000000 -0.00000000 -0.00000000
vn 1.00000000 -0.00000000 -0.00000000
vn -0.00000000 -0.21150000 0.97740000
vn -1.00000000 -0.00000000 -0.00000000
vn -0.00000000 -0.21150000 0.97740000
vn 1.00000000 -0.00000000 -0.00000000
vn -0.00000000 0.33930000 -0.94070000
vn -1.00000000 -0.00000000 -0.00000000
vn -0.00000000 0.33930000 -0.94070000
vn 1.00000000 -0.00000000 -0.00000000
vn -0.00000000 0.21140000 -0.97740000
vn -0.00000000 0.21140000 -0.97740000
vn -1.00000000 -0.00000000 -0.00000000
vn -1.00000000 -0.00000000 -0.00000000
vn -0.00000000 -0.33930000 -0.94070000
vn -0.00000000 -0.33930000 -0.94070000
vn 1.00000000 -0.00000000 -0.00000000
vn -0.00000000 -0.21140000 -0.97740000
vn -1.00000000 -0.00000000 -0.00000000
vn -0.00000000 -0.21140000 -0.97740000
vn 1.00000000 -0.00000000 -0.00000000
vn -0.00000000 1.00000000 -0.00000000
vn -0.00000000 0.38960000 -0.92100000
vn -1.00000000 -0.00000000 -0.00000000
vn -0.00000000 0.38960000 -0.92100000
vn 1.00000000 -0.00000000 -0.00000000
vn -0.00000000 1.00000000 -0.00000000
vn 1.00000000 0.00010000 -0.00000000
vn -0.00000000 1.00000000 -0.00000000
vn -0.00000000 0.38940000 0.92110000
vn -1.00000000 0.00010000 -0.00000000
vn -0.00000000 0.38940000 0.92110000
vn -0.00000000 1.00000000 -0.00000000
vn -0.00000000 -1.00000000 -0.00000000
vn -0.00000000 -0.38960000 -0.92100000
vn -1.00000000 -0.00000000 -0.00000000
vn -0.00000000 -1.00000000 -0.00000000
vn -1.00000000 -0.00000000 -0.00000000
vn -0.00000000 -0.38940000 0.92110000
vn -0.00000000 -0.38940000 0.92110000
vn 1.00000000 0.00010000 -0.00000000
vn -0.00000000 -1.00000000 -0.00000000
vn -0.00000000 -0.38960000 -0.92100000
vn 1.00000000 -0.00010000 -0.00000000
vn -0.00000000 -1.00000000 -0.00000000
vn -0.00000000 -0.07190000 -0.99740000
vn 1.00000000 -0.00000000 -0.00000000
vn 1.00000000 -0.00000000 -0.00000000
vn -0.00000000 0.07190000 -0.99740000
vn -0.00000000 0.07190000 -0.99740000
vn -1.00000000 -0.00000000 -0.00000000
vn -0.00000000 -0.07190000 -0.99740000
vn -1.00000000 -0.00000000 -0.00000000
vn -0.00000000 -0.07180000 0.99740000
vn -1.00000000 -0.00000000 -0.00000000
vn -0.00000000 0.07180000 0.99740000
vn -1.00000000 -0.00000000 -0.00000000
vn 1.00000000 -0.00000000 -0.00000000
vn -0.00000000 0.07180000 0.99740000
vn 1.00000000 -0.00000000 -0.00000000
vn -0.00000000 -0.07180000 0.99740000
vn 1.00000000 -0.00000000 -0.00000000
vn -0.00000000 -0.33460000 -0.94240000
vn -0.00000000 -0.33460000 -0.94240000
vn -1.00000000 -0.00000000 -0.00000000
vn 1.00000000 -0.00000000 -0.00000000
vn -0.00000000 -0.21150000 -0.97740000
vn -1.00000000 -0.00010000 -0.00000000
vn -0.00000000 -0.21150000 -0.97740000
vn -1.00000000 -0.00000000 -0.00000000
vn -0.00000000 0.33460000 -0.94240000
vn 1.00000000 -0.00000000 -0.00000000
vn -0.00000000 0.33460000 -0.94240000
vn -1.00000000 -0.00000000 -0.00000000
vn -0.00000000 0.21140000 -0.97740000
vn 1.00000000 -0.00000000 -0.00000000
vn -0.00000000 0.21140000 -0.97740000
vn -0.00000000 -0.33460000 0.94240000
vn -1.00000000 -0.00000000 -0.00000000
vn -0.00000000 -0.33460000 0.94240000
vn 1.00000000 -0.00000000 -0.00000000
vn -1.00000000 -0.00000000 -0.00000000
vn -0.00000000 -0.21150000 0.97740000
vn -0.00000000 -0.21150000 0.97740000
vn 1.00000000 -0.00000000 -0.00000000
vn 1.00000000 -0.00000000 -0.00000000
vn -0.00000000 0.33460000 0.94240000
vn -1.00000000 -0.00000000 -0.00000000
vn -0.00000000 0.33460000 0.94240000
vn -0.00000000 0.21150000 0.97740000
vn 1.00000000 -0.00000000 -0.00000000
vn -1.00000000 -0.00000000 -0.00000000
vn -0.00000000 0.21150000 0.97740000
vn -0.00010000 -0.17360000 -0.98480000
vn -0.00000000 -0.17360000 -0.98480000
vn -0.99390000 -0.10880000 0.01920000
vn -1.00000000 -0.00000000 -0.00000000
vn -0.00000000 -0.17380000 -0.98480000
vn -0.99390000 -0.10840000 0.01920000
vn -1.00000000 -0.00000000 -0.00000000
vn -0.99390000 0.10890000 -0.01920000
vn 0.00040000 -0.17370000 -0.98480000
vn -0.99390000 0.10890000 -0.01920000
vn -0.99390000 0.10850000 -0.01920000
vn -0.91910000 0.38800000 -0.06880000
vn -0.00020000 -0.17370000 -0.98480000
vn -0.91910000 0.38800000 -0.06880000
vn 0.00030000 -0.17360000 -0.98480000
vn -0.91930000 0.38770000 -0.06830000
vn -0.70680000 0.69670000 -0.12290000
vn -0.70680000 0.69670000 -0.12290000
vn -0.70740000 0.69610000 -0.12290000
vn -0.39390000 0.90520000 -0.15970000
vn -0.00000000 -0.17360000 -0.98480000
vn -0.39390000 0.90520000 -0.15950000
vn -0.39390000 0.90520000 -0.15970000
vn -0.11040000 0.97870000 -0.17290000
vn -0.00030000 -0.17360000 -0.98480000
vn -0.00020000 -0.17360000 -0.98480000
vn -0.00000000 -0.17370000 -0.98480000
vn -0.11030000 0.97890000 -0.17220000
vn -0.00000000 -0.17360000 -0.98480000
vn -0.11040000 0.97870000 -0.17290000
vn -0.00000000 0.98480000 -0.17380000
vn -0.00000000 0.98480000 -0.17350000
vn -0.00000000 0.98480000 -0.17380000
vn -0.00000000 -0.17400000 -0.98470000
vn 0.11040000 0.97880000 -0.17240000
vn 0.11040000 0.97880000 -0.17270000
vn 0.39390000 0.90520000 -0.15950000
vn -0.00000000 -0.17390000 -0.98480000
vn 0.11040000 0.97880000 -0.17240000
vn 0.39390000 0.90520000 -0.15950000
vn -0.00000000 -0.17340000 -0.98480000
vn 0.39390000 0.90520000 -0.15970000
vn 0.70670000 0.69670000 -0.12310000
vn -0.00000000 -0.17330000 -0.98490000
vn 0.70750000 0.69590000 -0.12280000
vn 0.91910000 0.38790000 -0.06880000
vn 0.70670000 0.69670000 -0.12310000
vn 0.91910000 0.38790000 -0.06880000
vn 0.91920000 0.38780000 -0.06850000
vn -0.00000000 -0.17360000 -0.98480000
vn 0.99390000 0.10900000 -0.01930000
vn -0.00010000 -0.17360000 -0.98480000
vn 0.99390000 0.10900000 -0.01930000
vn 1.00000000 -0.00000000 -0.00000000
vn -0.00000000 -0.17370000 -0.98480000
vn 0.99390000 0.10900000 -0.01920000
vn -0.00000000 -0.17360000 -0.98480000
vn 0.00080000 -0.17370000 -0.98480000
vn 1.00000000 -0.00000000 -0.00000000
vn 0.99390000 -0.10890000 0.01920000
vn 0.91920000 -0.38780000 0.06830000
vn -0.00050000 -0.17370000 -0.98480000
vn 0.99390000 -0.10890000 0.01920000
vn 0.99390000 -0.10880000 0.01920000
vn 0.91910000 -0.38810000 0.06820000
vn 0.00020000 -0.17360000 -0.98480000
vn 0.91920000 -0.38780000 0.06830000
vn 0.70750000 -0.69590000 0.12290000
vn -0.00000000 -0.17360000 -0.98480000
vn 0.39390000 -0.90520000 0.15950000
vn 0.70700000 -0.69650000 0.12290000
vn 0.70750000 -0.69590000 0.12290000
vn 0.39390000 -0.90520000 0.15950000
vn 0.39410000 -0.90510000 0.15970000
vn 0.11060000 -0.97880000 0.17250000
vn -0.00020000 -0.17360000 -0.98480000
vn 0.11060000 -0.97880000 0.17250000
vn 0.11040000 -0.97880000 0.17240000
vn -0.00000000 -0.17370000 -0.98480000
vn -0.00000000 -0.98480000 0.17350000
vn -0.00000000 -0.17360000 -0.98480000
vn -0.00000000 -0.17400000 -0.98470000
vn -0.91910000 -0.38800000 0.06830000
vn -0.99390000 -0.10880000 0.01920000
vn -0.91920000 -0.38790000 0.06840000
vn -0.91920000 -0.38790000 0.06840000
vn -0.70700000 -0.69640000 0.12270000
vn -0.00000000 -0.17330000 -0.98490000
vn -0.70740000 -0.69600000 0.12300000
vn -0.00000000 -0.17350000 -0.98480000
vn -0.39420000 -0.90500000 0.16000000
vn -0.70740000 -0.69600000 0.12300000
vn -0.39380000 -0.90530000 0.15930000
vn -0.39380000 -0.90530000 0.15930000
vn -0.11050000 -0.97880000 0.17260000
vn -0.11040000 -0.97880000 0.17250000
vn -0.00000000 -0.17360000 -0.98480000
vn -0.11050000 -0.97880000 0.17260000
vn -0.00000000 -0.98480000 0.17390000
vn -0.00000000 -0.98480000 0.17350000
vn -0.00000000 -0.17410000 -0.98470000
vn -0.11040000 -0.97880000 0.17250000
vn -0.00000000 -0.98480000 0.17390000
vn -0.11050000 -0.97880000 0.17260000
vn -0.00000000 0.17370000 0.98480000
vn -0.00000000 0.17360000 0.98480000
vn -0.00000000 -0.98480000 0.17390000
vn -0.00000000 -0.98480000 0.17350000
vn -0.00000000 0.17390000 0.98480000
vn 0.11040000 -0.97880000 0.17240000
vn 0.11040000 -0.97880000 0.17240000
vn 0.11060000 -0.97880000 0.17250000
vn -0.00000000 0.17360000 0.98480000
vn 0.39410000 -0.90510000 0.15970000
vn 0.70700000 -0.69650000 0.12290000
vn 0.39390000 -0.90520000 0.15950000
vn 0.39410000 -0.90510000 0.15970000
vn -0.00000000 0.17350000 0.98480000
vn 0.91910000 -0.38810000 0.06820000
vn 0.70750000 -0.69590000 0.12290000
vn -0.00000000 0.17370000 0.98480000
vn 0.70700000 -0.69650000 0.12290000
vn 0.99390000 -0.10880000 0.01920000
vn 0.91920000 -0.38780000 0.06830000
vn -0.00000000 0.17390000 0.98480000
vn 0.91910000 -0.38810000 0.06820000
vn -0.00000000 0.17360000 0.98480000
vn -0.00000000 0.17370000 0.98480000
vn 0.99390000 -0.10880000 0.01920000
vn 1.00000000 -0.00000000 -0.00000000
vn 0.99390000 -0.10890000 0.01920000
vn 0.99390000 0.10900000 -0.01920000
vn 1.00000000 -0.00000000 -0.00000000
vn 0.00090000 0.17370000 0.98480000
vn 0.99390000 0.10900000 -0.01930000
vn 0.99390000 0.10900000 -0.01920000
vn 0.00010000 0.17360000 0.98480000
vn 0.91920000 0.38780000 -0.06850000
vn 0.70750000 0.69590000 -0.12280000
vn 0.91920000 0.38780000 -0.06850000
vn -0.00000000 0.17360000 0.98480000
vn 0.91910000 0.38790000 -0.06880000
vn -0.00010000 0.17360000 0.98480000
vn 0.39390000 0.90520000 -0.15970000
vn 0.70670000 0.69670000 -0.12310000
vn 0.70750000 0.69590000 -0.12280000
vn 0.11040000 0.97880000 -0.17270000
vn 0.39390000 0.90520000 -0.15970000
vn 0.39390000 0.90520000 -0.15950000
vn -0.00010000 0.17360000 0.98480000
vn -0.00000000 0.98480000 -0.17350000
vn 0.00020000 0.17370000 0.98480000
vn -0.00000000 0.17370000 0.98480000
vn 0.11040000 0.97880000 -0.17270000
vn -0.00000000 0.17360000 0.98480000
vn 0.11040000 0.97880000 -0.17240000
vn -0.11030000 0.97890000 -0.17220000
vn -0.00000000 0.98480000 -0.17350000
vn -0.00000000 0.98480000 -0.17380000
vn -0.00000000 0.17340000 0.98490000
vn -0.11030000 0.97890000 -0.17220000
vn -0.11040000 0.97870000 -0.17290000
vn -0.39390000 0.90520000 -0.15950000
vn -0.00000000 0.17350000 0.98480000
vn -0.70740000 0.69610000 -0.12290000
vn -0.39390000 0.90520000 -0.15970000
vn -0.39390000 0.90520000 -0.15950000
vn -0.00000000 0.17360000 0.98480000
vn -0.70680000 0.69670000 -0.12290000
vn -0.70740000 0.69610000 -0.12290000
vn -0.00000000 0.17360000 0.98480000
vn -0.91930000 0.38770000 -0.06830000
vn -0.91910000 0.38800000 -0.06880000
vn -0.99390000 0.10850000 -0.01920000
vn -0.91930000 0.38770000 -0.06830000
vn -0.00000000 0.17390000 0.98480000
vn -0.00010000 0.17360000 0.98480000
vn -0.00010000 0.17410000 0.98470000
vn -0.99390000 0.10850000 -0.01920000
vn -0.00000000 0.17360000 0.98480000
vn -0.99390000 0.10890000 -0.01920000
vn -1.00000000 -0.00000000 -0.00000000
vn -0.39380000 -0.90530000 0.15930000
vn -0.00020000 0.17360000 0.98480000
vn -0.39420000 -0.90500000 0.16000000
vn -0.11040000 -0.97880000 0.17250000
vn -0.70700000 -0.69640000 0.12270000
vn -0.39420000 -0.90500000 0.16000000
vn -0.70740000 -0.69600000 0.12300000
vn -0.00010000 0.17360000 0.98480000
vn 0.00010000 0.17370000 0.98480000
vn -0.91910000 -0.38800000 0.06830000
vn -0.91920000 -0.38790000 0.06840000
vn -0.70700000 -0.69640000 0.12270000
vn -0.99390000 -0.10840000 0.01920000
vn -0.99390000 -0.10880000 0.01920000
vn -0.00010000 0.17370000 0.98480000
vn -0.91910000 -0.38800000 0.06830000
vn -0.99390000 -0.10840000 0.01920000
vn -1.00000000 -0.00000000 -0.00000000
vn 0.00110000 0.17360000 0.98480000
vn 1.00000000 -0.00000000 -0.00000000
vn 0.86600000 -0.00000000 -0.50000000
vn 0.86170000 0.10030000 -0.49750000
vn 0.86170000 0.10030000 -0.49750000
vn 0.99500000 0.10020000 -0.00000000
vn 0.50000000 -0.00000000 -0.86600000
vn 0.50000000 -0.00000000 -0.86600000
vn 0.49750000 0.10020000 -0.86170000
vn 0.49750000 0.10020000 -0.86170000
vn 0.49750000 0.10020000 -0.86170000
vn -0.00000000 -0.00000000 -1.00000000
vn -0.00000000 0.10020000 -0.99500000
vn -0.50000000 -0.00000000 -0.86600000
vn -0.50000000 -0.00000000 -0.86600000
vn -0.49750000 0.10030000 -0.86170000
vn -0.49750000 0.10030000 -0.86170000
vn -0.49750000 0.10030000 -0.86170000
vn -0.86600000 -0.00000000 -0.50000000
vn -0.86170000 0.10020000 -0.49750000
vn -0.86170000 0.10020000 -0.49750000
vn -1.00000000 -0.00000000 -0.00000000
vn -0.99500000 0.10030000 -0.00000000
vn -0.86600000 -0.00000000 0.50000000
vn -0.86170000 0.10020000 0.49750000
vn -0.86170000 0.10020000 0.49750000
vn -0.50000000 -0.00000000 0.86600000
vn -0.50000000 -0.00000000 0.86600000
vn -0.49750000 0.10020000 0.86170000
vn -0.49750000 0.10020000 0.86170000
vn -0.49750000 0.10020000 0.86170000
vn -0.00000000 -0.00000000 1.00000000
vn -0.00000000 0.10020000 0.99500000
vn 0.50000000 -0.00000000 0.86600000
vn 0.50000000 -0.00000000 0.86600000
vn 0.49750000 0.10020000 0.86170000
vn 0.49750000 0.10020000 0.86170000
vn 0.49750000 0.10020000 0.86170000
vn 0.86600000 -0.00000000 0.50000000
vn 0.86170000 0.10020000 0.49750000
vn 0.86170000 0.10020000 0.49750000
vn 0.09610000 0.99380000 -0.05550000
vn 0.05550000 0.99380000 -0.09610000
vn -0.00000000 0.99380000 -0.11100000
vn -0.05550000 0.99380000 -0.09610000
vn -0.09610000 0.99380000 -0.05550000
vn -0.11100000 0.99380000 -0.00000000
vn -0.09610000 0.99380000 0.05550000
vn -0.05550000 0.99380000 0.09610000
vn -0.00000000 0.99380000 0.11100000
vn 0.05550000 0.99380000 0.09610000
vn 0.09610000 0.99380000 0.05550000
vn 0.11100000 0.99380000 -0.00000000
vn 0.88630000 0.46300000 -0.00000000
vn 0.88630000 0.46300000 -0.00000000
vn 0.76760000 0.46300000 -0.44320000
vn 0.76760000 0.46300000 -0.44320000
vn 0.76760000 0.46300000 -0.44320000
vn 0.44320000 0.46300000 -0.76760000
vn 0.44320000 0.46300000 -0.76760000
vn 0.44320000 0.46300000 -0.76760000
vn -0.00000000 0.46300000 -0.88640000
vn -0.00000000 0.46300000 -0.88640000
vn -0.00000000 0.46300000 -0.88640000
vn -0.44320000 0.46300000 -0.76760000
vn -0.44320000 0.46300000 -0.76760000
vn -0.44320000 0.46300000 -0.76760000
vn -0.76760000 0.46300000 -0.44320000
vn -0.76760000 0.46300000 -0.44320000
vn -0.76760000 0.46300000 -0.44320000
vn -0.88630000 0.46300000 -0.00000000
vn -0.88630000 0.46300000 -0.00000000
vn -0.88630000 0.46300000 -0.00000000
vn -0.76760000 0.46300000 0.44320000
vn -0.76760000 0.46300000 0.44320000
vn -0.76760000 0.46300000 0.44320000
vn -0.44320000 0.46300000 0.76760000
vn -0.44320000 0.46300000 0.76760000
vn -0.44320000 0.46300000 0.76760000
vn -0.00000000 0.46300000 0.88640000
vn -0.00000000 0.46300000 0.88640000
vn -0.00000000 0.46300000 0.88640000
vn 0.44320000 0.46300000 0.76760000
vn 0.44320000 0.46300000 0.76760000
vn 0.76760000 0.46300000 0.44320000
vn 0.76760000 0.46300000 0.44320000
vn 0.76760000 0.46300000 0.44320000
vn 0.49690000 0.86780000 -0.00000000
vn 0.43040000 0.86780000 -0.24850000
vn 0.24850000 0.86780000 -0.43040000
vn 0.24850000 0.86780000 -0.43040000
vn -0.00000000 0.86780000 -0.49690000
vn -0.00000000 0.86780000 -0.49690000
vn -0.00000000 0.86780000 -0.49690000
vn -0.24850000 0.86780000 -0.43040000
vn -0.24850000 0.86780000 -0.43040000
vn -0.43030000 0.86780000 -0.24850000
vn -0.43030000 0.86780000 -0.24850000
vn -0.49690000 0.86780000 -0.00000000
vn -0.49690000 0.86780000 -0.00000000
vn -0.49690000 0.86780000 -0.00000000
vn -0.43030000 0.86780000 0.24850000
vn -0.43030000 0.86780000 0.24850000
vn -0.24850000 0.86780000 0.43040000
vn -0.24850000 0.86780000 0.43040000
vn -0.00000000 0.86780000 0.49690000
vn -0.00000000 0.86780000 0.49690000
vn -0.00000000 0.86780000 0.49690000
vn 0.24850000 0.86780000 0.43030000
vn 0.24850000 0.86780000 0.43030000
vn 0.43030000 0.86780000 0.24850000
vn 0.43030000 0.86780000 0.24850000
vn 1.00000000 -0.00000000 -0.00000000
vn -0.00000000 -1.00000000 -0.00000000
vn -0.00000000 -1.00000000 -0.00000000
vn 0.86600000 -0.00000000 -0.50000000
vn 0.86600000 -0.00000000 -0.50000000
vn -0.00000000 1.00000000 -0.00000000
vn -0.00000000 1.00000000 -0.00000000
vn 1.00000000 -0.00000000 -0.00000000
vn 0.50000000 -0.00000000 -0.86600000
vn -0.00000000 -1.00000000 -0.00000000
vn 0.50000000 -0.00000000 -0.86600000
vn 0.50000000 -0.00000000 -0.86600000
vn 0.50000000 -0.00000000 -0.86600000
vn -0.00000000 1.00000000 -0.00000000
vn -0.00000000 -1.00000000 -0.00000000
vn -0.00000000 -0.00000000 -1.00000000
vn -0.00000000 -0.00000000 -1.00000000
vn -0.00000000 1.00000000 -0.00000000
vn -0.50000000 -0.00000000 -0.86600000
vn -0.00000000 -1.00000000 -0.00000000
vn -0.50000000 -0.00000000 -0.86600000
vn -0.50000000 -0.00000000 -0.86600000
vn -0.00000000 1.00000000 -0.00000000
vn -0.50000000 -0.00000000 -0.86600000
vn -0.86600000 -0.00000000 -0.50000000
vn -0.00000000 -1.00000000 -0.00000000
vn -0.00000000 1.00000000 -0.00000000
vn -0.86600000 -0.00000000 -0.50000000
vn -1.00000000 -0.00000000 -0.00000000
vn -0.00000000 -1.00000000 -0.00000000
vn -1.00000000 -0.00000000 -0.00000000
vn -0.00000000 1.00000000 -0.00000000
vn -0.86600000 -0.00000000 0.50000000
vn -0.00000000 -1.00000000 -0.00000000
vn -0.00000000 1.00000000 -0.00000000
vn -0.86600000 -0.00000000 0.50010000
vn -0.50000000 -0.00000000 0.86600000
vn -0.50000000 -0.00000000 0.86600000
vn -0.00000000 -1.00000000 -0.00000000
vn -0.00000000 1.00000000 -0.00000000
vn -0.50000000 -0.00000000 0.86600000
vn -0.50000000 -0.00000000 0.86600000
vn -0.00000000 -1.00000000 -0.00000000
vn -0.00000000 -0.00000000 1.00000000
vn -0.00000000 1.00000000 -0.00000000
vn -0.00000000 -0.00000000 1.00000000
vn -0.00000000 -1.00000000 -0.00000000
vn 0.50000000 -0.00000000 0.86600000
vn -0.00000000 1.00000000 -0.00000000
vn 0.50000000 -0.00000000 0.86600000
vn 0.86600000 -0.00000000 0.50000000
vn -0.00000000 -1.00000000 -0.00000000
vn 0.86600000 -0.00000000 0.50000000
vn 0.86600000 -0.00000000 0.50000000
vn 0.86600000 -0.00000000 0.50000000
vn -0.00000000 1.00000000 -0.00000000
vn -0.00000000 -1.00000000 -0.00000000
vn 1.00000000 -0.00000000 -0.00000000
vn 1.00000000 -0.00000000 -0.00000000
vn -0.00000000 -1.00000000 -0.00000000
vn 0.50030000 -0.00000000 -0.86580000
vn 0.50030000 -0.00000000 -0.86580000
vn 0.50030000 -0.00000000 -0.86590000
vn -0.00000000 1.00000000 -0.00000000
vn 0.50030000 -0.00000000 -0.86590000
vn 1.00000000 -0.00000000 -0.00010000
vn 1.00000000 -0.00000000 -0.00010000
vn -0.00000000 1.00000000 -0.00000000
vn -0.49980000 -0.00000000 -0.86610000
vn -0.49980000 -0.00000000 -0.86610000
vn -0.00000000 -1.00000000 -0.00000000
vn -0.49980000 -0.00000000 -0.86610000
vn -0.49980000 -0.00000000 -0.86610000
vn -0.00000000 1.00000000 0.00010000
vn -1.00000000 -0.00000000 -0.00010000
vn -1.00000000 -0.00000000 -0.00010000
vn -0.00000000 -1.00000000 -0.00000000
vn -0.00000000 1.00000000 -0.00000000
vn -1.00000000 -0.00000000 -0.00000000
vn -1.00000000 -0.00000000 -0.00000000
vn -0.00000000 -1.00000000 -0.00000000
vn -0.49980000 -0.00000000 0.86610000
vn -0.49980000 -0.00000000 0.86610000
vn -0.49980000 -0.00000000 0.86610000
vn -0.49980000 -0.00000000 0.86610000
vn -0.00000000 1.00000000 -0.00010000
vn 0.50030000 -0.00000000 0.86580000
vn -0.00000000 -1.00000000 -0.00000000
vn 0.50030000 -0.00000000 0.86580000
vn 0.50030000 -0.00000000 0.86580000
vn -0.00000000 1.00000000 -0.00000000
vn 0.50030000 -0.00000000 0.86580000
vn 1.00000000 -0.00000000 -0.00000000
vn 0.86600000 -0.00000000 -0.50000000
vn -0.00000000 1.00000000 -0.00000000
vn 0.86600000 -0.00000000 -0.50000000
vn 1.00000000 -0.00000000 -0.00000000
vn -0.00000000 1.00000000 -0.00000000
vn 0.50000000 -0.00000000 -0.86600000
vn 0.50000000 -0.00000000 -0.86600000
vn 0.50000000 -0.00000000 -0.86600000
vn 0.50000000 -0.00000000 -0.86600000
vn -0.00000000 1.00000000 -0.00000000
vn -0.00000000 -0.00000000 -1.00000000
vn -0.00000000 -0.00000000 -1.00000000
vn -0.00000000 1.00000000 -0.00000000
vn -0.50000000 -0.00000000 -0.86600000
vn -0.50000000 -0.00000000 -0.86600000
vn -0.00000000 1.00000000 -0.00000000
vn -0.50000000 -0.00000000 -0.86610000
vn -0.50000000 -0.00000000 -0.86610000
vn -0.86610000 -0.00000000 -0.50000000
vn -0.86600000 -0.00000000 -0.50000000
vn -0.00000000 1.00000000 -0.00000000
vn -1.00000000 -0.00000000 -0.00000000
vn -1.00000000 -0.00000000 -0.00000000
vn -0.00000000 1.00000000 -0.00000000
vn -0.86600000 -0.00000000 0.50000000
vn -0.00000000 1.00000000 -0.00000000
vn -0.86610000 -0.00000000 0.50000000
vn -0.50000000 -0.00000000 0.86600000
vn -0.50000000 -0.00000000 0.86600000
vn -0.50010000 -0.00000000 0.86600000
vn -0.00000000 1.00000000 -0.00000000
vn -0.50010000 -0.00000000 0.86600000
vn -0.00000000 -0.00000000 1.00000000
vn -0.00000000 1.00000000 -0.00000000
vn -0.00000000 -0.00000000 1.00000000
vn 0.50000000 -0.00000000 0.86600000
vn 0.50000000 -0.00000000 0.86600000
vn 0.50000000 -0.00000000 0.86600000
vn -0.00000000 1.00000000 -0.00000000
vn 0.50000000 -0.00000000 0.86600000
vn 0.86600000 -0.00000000 0.50000000
vn 0.86600000 -0.00000000 0.50000000
vn -0.00000000 1.00000000 -0.00000000
vn -1.00000000 -0.00000000 -0.00000000
vn -0.00000000 -0.00000000 1.00000000
vn -0.00000000 1.00000000 -0.00000000
vn 1.00000000 -0.00000000 -0.00000000
vn -0.00000000 1.00000000 -0.00000000
vn -0.00000000 -0.00000000 1.00000000
vn 1.00000000 -0.00000000 -0.00000000
vn -0.00000000 1.00000000 -0.00000000
vn -0.00000000 -0.00000000 -1.00000000
vn -1.00000000 -0.00000000 -0.00000000
vn -0.00000000 1.00000000 -0.00000000
vn -0.00000000 -0.00000000 -1.00000000
vn -1.00000000 -0.00000000 -0.00000000
vn -0.00000000 -0.00000000 1.00000000
vn 1.00000000 -0.00000000 -0.00000000
vn -0.00000000 -0.00000000 1.00000000
vn 1.00000000 -0.00000000 -0.00000000
vn -0.00000000 -0.00000000 -1.00000000
vn -1.00000000 -0.00000000 -0.00000000
vn -0.00000000 -0.00000000 -1.00000000
vn -0.00000000 -0.98400000 -0.17820000
vn -1.00000000 -0.00000000 -0.00000000
vn -0.00000000 -0.25880000 0.96590000
vn 0.00020000 0.25880000 -0.96590000
vn -1.00000000 -0.00000000 -0.00000000
vn -0.00000000 0.25880000 -0.96590000
vn -0.00000000 -0.98400000 -0.17820000
vn 1.00000000 -0.00000000 -0.00000000
vn -0.00000000 0.25880000 -0.96590000
vn -0.00000000 -0.98400000 -0.17820000
vn -0.00000000 -0.98400000 -0.17820000
vn 1.00000000 -0.00000000 -0.00000000
vn -0.00000000 -0.25880000 0.96590000
vn 0.00020000 -0.25880000 0.96590000
vn -0.25610000 0.95110000 0.17240000
vn -0.00000000 -0.25870000 0.96600000
vn -0.00000000 0.98400000 0.17840000
vn -0.00000000 0.98400000 0.17840000
vn -0.00000000 -0.25890000 0.96590000
vn 0.25610000 0.95120000 0.17240000
vn -0.00000000 -0.25880000 0.96590000
vn 0.00020000 -0.25880000 0.96590000
vn 0.25610000 0.95110000 0.17240000
vn -0.00000000 0.25870000 -0.96600000
vn -0.00000000 0.98400000 0.17840000
vn 0.25610000 0.95120000 0.17240000
vn -0.00000000 0.25890000 -0.96590000
vn -0.00000000 0.25880000 -0.96590000
vn 0.00020000 0.25880000 -0.96590000
vn -0.00000000 0.98400000 0.17840000
vn -0.25610000 0.95120000 0.17240000
vn -0.25610000 0.95110000 0.17240000
vn 0.98880000 0.14700000 0.02660000
vn 1.00000000 -0.00000000 -0.00000000
vn -0.00030000 -0.25880000 0.96590000
vn -0.00020000 -0.25880000 0.96590000
vn 0.79820000 0.59270000 0.10740000
vn 0.98880000 0.14700000 0.02660000
vn 0.79820000 0.59270000 0.10740000
vn 0.25610000 0.95110000 0.17240000
vn 0.00010000 -0.25880000 0.96590000
vn -0.00000000 -0.25870000 0.96600000
vn -0.25610000 0.95110000 0.17240000
vn -0.79820000 0.59270000 0.10740000
vn -0.25610000 0.95120000 0.17240000
vn -0.79820000 0.59270000 0.10740000
vn -0.98880000 0.14700000 0.02660000
vn -0.00000000 -0.25880000 0.96590000
vn -1.00000000 -0.00000000 -0.00000000
vn -0.00000000 -0.25900000 0.96590000
vn -0.00000000 -0.25880000 0.96590000
vn -0.98880000 0.14700000 0.02660000
vn 0.98880000 0.14700000 0.02660000
vn 1.00000000 -0.00000000 -0.00000000
vn -0.00000000 0.25860000 -0.96600000
vn -0.00000000 0.25880000 -0.96590000
vn -1.00000000 -0.00000000 -0.00000000
vn -0.98880000 0.14700000 0.02660000
vn 0.00020000 0.25880000 -0.96590000
vn -0.00010000 0.25880000 -0.96590000
vn -0.98880000 0.14700000 0.02660000
vn -0.79820000 0.59270000 0.10740000
vn -0.25610000 0.95120000 0.17240000
vn -0.79820000 0.59270000 0.10740000
vn 0.00010000 0.25880000 -0.96590000
vn 0.79820000 0.59270000 0.10740000
vn 0.25610000 0.95120000 0.17240000
vn -0.00000000 0.25870000 -0.96600000
vn 0.25610000 0.95110000 0.17240000
vn 0.79820000 0.59270000 0.10740000
vn -0.00000000 0.25880000 -0.96590000
vn 0.98880000 0.14700000 0.02660000
vn -0.00000000 -0.93970000 0.34210000
vn -1.00000000 -0.00000000 -0.00000000
vn -0.00000000 0.34200000 0.93970000
vn -0.00000000 -0.93970000 0.34210000
vn -1.00000000 -0.00000000 -0.00000000
vn -0.00000000 -0.34200000 -0.93970000
vn -0.00000000 -0.34200000 -0.93970000
vn -0.00000000 -0.93970000 0.34210000
vn 1.00000000 -0.00000000 -0.00000000
vn 1.00000000 -0.00000000 -0.00000000
vn -0.00000000 0.34200000 0.93970000
vn -0.00000000 -0.93970000 0.34210000
vn -0.00000000 0.93970000 -0.34210000
vn -0.00000000 0.34200000 0.93970000
vn -1.00000000 -0.00000000 -0.00000000
vn -0.00000000 0.93970000 -0.34210000
vn -0.00000000 0.34200000 0.93970000
vn 1.00000000 -0.00000000 -0.00000000
vn -0.00000000 0.93970000 -0.34210000
vn -0.00000000 -0.34200000 -0.93970000
vn 1.00000000 -0.00000000 -0.00000000
vn -1.00000000 -0.00000000 -0.00000000
vn -0.00000000 -0.34200000 -0.93970000
vn -0.00000000 0.93970000 -0.34210000
vn -0.00000000 1.00000000 -0.00000000
vn -0.00000000 -0.00000000 -1.00000000
vn 1.00000000 -0.00000000 -0.00000000
vn -0.00000000 -0.00000000 -1.00000000
vn -0.00000000 -1.00000000 -0.00000000
vn 1.00000000 -0.00000000 -0.00000000
vn -0.00000000 -1.00000000 -0.00000000
vn -1.00000000 -0.00000000 -0.00000000
vn -0.00000000 -0.00000000 -1.00000000
vn -1.00000000 -0.00000000 -0.00000000
vn -0.00000000 1.00000000 -0.00000000
vn -0.00000000 -0.00000000 -1.00000000
vn 1.00000000 -0.00000000 -0.00000000
vn -0.00000000 -1.00000000 -0.00000000
vn -0.00000000 -0.00000000 1.00000000
vn -0.00000000 -0.00000000 1.00000000
vn -1.00000000 -0.00000000 -0.00000000
vn -0.00000000 -1.00000000 -0.00000000
vn -0.00000000 -0.00000000 1.00000000
vn 1.00000000 -0.00000000 -0.00000000
vn -0.00000000 1.00000000 -0.00000000
vn -0.00000000 -0.00000000 1.00000000
vn 1.00000000 -0.00000000 -0.00000000
vn -0.00000000 -0.00000000 1.00000000
vn -1.00000000 -0.00000000 -0.00000000
vn -0.00000000 1.00000000 -0.00000000
vn -1.00000000 -0.00000000 -0.00000000
vn -0.00000000 -0.00000000 1.00000000
vn -0.00000000 1.00000000 -0.00300000
vn 1.00000000 -0.00070000 -0.00300000
vn -0.00000000 -0.00070000 1.00000000
vn -0.00000000 -0.00070000 1.00000000
vn -0.00000000 1.00000000 -0.00300000
vn -1.00000000 -0.00170000 -0.00370000
vn -0.00000000 -0.00070000 1.00000000
vn -0.00000000 1.00000000 -0.00000000
vn -1.00000000 -0.00070000 -0.00680000
vn 1.00000000 -0.00110000 -0.00680000
vn -0.00000000 -0.00070000 1.00000000
vn -0.00000000 1.00000000 -0.00000000
vn -0.00000000 1.00000000 -0.00300000
vn 1.00000000 -0.00090000 -0.00370000
vn -0.00000000 -0.00000000 1.00000000
vn -0.00000000 -0.00000000 1.00000000
vn -0.00000000 1.00000000 -0.00300000
vn -1.00000000 -0.00190000 -0.00300000
vn -0.00000000 1.00000000 -0.00000000
vn -0.00000000 -0.00000000 1.00000000
vn -1.00000000 -0.00060000 -0.00720000
vn -1.00000000 -0.00020000 -0.00920000
vn -0.00000000 -0.00000000 1.00000000
vn 1.00000000 -0.00000000 -0.00680000
vn -0.00000000 -0.00000000 1.00000000
vn -0.00000000 1.00000000 -0.00000000
vn 1.00000000 -0.00130000 -0.00760000
vn -0.00000000 -0.00000000 1.00000000
vn -0.00000000 -0.00000000 -1.00000000
vn -0.00000000 -1.00000000 -0.00000000
vn -1.00000000 -0.00000000 -0.00000000
vn 0.00010000 -0.00000000 -1.00000000
vn -1.00000000 -0.00000000 -0.00000000
vn -0.99390000 0.10990000 -0.00000000
vn -0.00000000 -0.00000000 -1.00000000
vn -0.91900000 0.39420000 -0.00000000
vn -0.99390000 0.11020000 -0.00000000
vn -0.99390000 0.10990000 -0.00000000
vn -0.91900000 0.39420000 -0.00000000
vn -0.70710000 0.70710000 -0.00000000
vn -0.00000000 -0.00000000 -1.00000000
vn -0.39410000 0.91910000 -0.00000000
vn -0.00010000 -0.00000000 -1.00000000
vn -0.70710000 0.70710000 -0.00000000
vn -0.39420000 0.91900000 -0.00000000
vn -0.11070000 0.99390000 -0.00000000
vn -0.39410000 0.91910000 -0.00000000
vn -0.00000000 -0.00000000 -1.00000000
vn -0.11070000 0.99390000 -0.00000000
vn 0.00010000 -0.00000000 -1.00000000
vn -0.00000000 -0.00000000 -1.00000000
vn -0.00000000 1.00000000 -0.00000000
vn -0.00000000 1.00000000 -0.00000000
vn -0.00000000 -0.00000000 -1.00000000
vn 0.11040000 0.99390000 -0.00000000
vn 0.39410000 0.91910000 -0.00000000
vn -0.00000000 -0.00000000 -1.00000000
vn 0.11080000 0.99380000 -0.00000000
vn 0.11040000 0.99390000 -0.00000000
vn 0.39410000 0.91910000 -0.00000000
vn 0.39390000 0.91920000 -0.00000000
vn -0.00000000 -0.00000000 -1.00000000
vn 0.70710000 0.70710000 -0.00000000
vn -0.00000000 -0.00000000 -1.00000000
vn 0.70710000 0.70710000 -0.00000000
vn 0.91900000 0.39420000 -0.00000000
vn 0.91900000 0.39420000 -0.00000000
vn -0.00000000 -0.00000000 -1.00000000
vn 0.91920000 0.39380000 -0.00000000
vn 0.99390000 0.11070000 -0.00000000
vn 1.00000000 -0.00000000 -0.00000000
vn 0.99390000 0.11070000 -0.00000000
vn -0.00000000 -0.00000000 -1.00000000
vn -0.00000000 -0.00000000 -1.00000000
vn -0.00000000 -1.00000000 -0.00000000
vn 1.00000000 -0.00000000 -0.00000000
vn 1.00000000 -0.00000000 -0.00000000
vn -0.00000000 -1.00000000 -0.00000000
vn -0.00000000 -0.00000000 1.00000000
vn 1.00000000 -0.00000000 -0.00000000
vn -0.00000000 -0.00000000 1.00000000
vn -0.00000000 -0.00000000 1.00000000
vn -1.00000000 -0.00000000 -0.00000000
vn -1.00000000 -0.00000000 -0.00000000
vn -0.00000000 -0.00000000 1.00000000
vn -0.00000000 -1.00000000 -0.00000000
vn 1.00000000 -0.00000000 -0.00000000
vn 0.99390000 0.11070000 -0.00000000
vn -0.00000000 -0.00000000 1.00000000
vn -0.00000000 1.00000000 -0.00000000
vn -0.00000000 -0.00000000 1.00000000
vn -0.11070000 0.99390000 -0.00000000
vn 0.11040000 0.99390000 -0.00000000
vn -0.00000000 -0.00000000 1.00000000
vn -0.00000000 1.00000000 -0.00000000
vn 0.11080000 0.99380000 -0.00000000
vn -1.00000000 -0.00000000 -0.00000000
vn -0.99390000 0.10990000 -0.00000000
vn -0.99390000 0.11020000 -0.00000000
vn -0.00000000 -0.00000000 1.00000000
vn 0.91920000 0.39380000 -0.00000000
vn -0.00030000 -0.00000000 1.00000000
vn 0.99390000 0.11070000 -0.00000000
vn -0.39420000 0.91900000 -0.00000000
vn 0.00020000 -0.00000000 1.00000000
vn -0.11070000 0.99390000 -0.00000000
vn 0.91900000 0.39420000 -0.00000000
vn -0.00000000 -0.00000000 1.00000000
vn 0.91920000 0.39380000 -0.00000000
vn 0.70710000 0.70710000 -0.00000000
vn 0.70710000 0.70710000 -0.00000000
vn 0.00020000 -0.00000000 1.00000000
vn 0.39390000 0.91920000 -0.00000000
vn 0.11080000 0.99380000 -0.00000000
vn 0.39390000 0.91920000 -0.00000000
vn -0.00000000 -0.00000000 1.00000000
vn 0.39410000 0.91910000 -0.00000000
vn -0.39410000 0.91910000 -0.00000000
vn -0.39420000 0.91900000 -0.00000000
vn -0.00000000 -0.00000000 1.00000000
vn -0.70710000 0.70710000 -0.00000000
vn -0.70710000 0.70710000 -0.00000000
vn -0.91900000 0.39420000 -0.00000000
vn 0.00030000 -0.00000000 1.00000000
vn -0.99390000 0.11020000 -0.00000000
vn -0.91900000 0.39420000 -0.00000000
vn -0.00000000 -0.00000000 1.00000000
vn -0.00000000 1.00000000 -0.00000000
vn 1.00000000 -0.00000000 -0.00000000
vn -0.00000000 -0.00000000 -1.00000000
vn -0.00000000 -1.00000000 -0.00000000
vn 1.00000000 -0.00000000 -0.00000000
vn -0.00000000 -0.00000000 -1.00000000
vn -0.00000000 -1.00000000 -0.00000000
vn -1.00000000 -0.00000000 -0.00000000
vn -0.00000000 -0.00000000 -1.00000000
vn -1.00000000 -0.00000000 -0.00000000
vn -0.00000000 1.00000000 -0.00000000
vn -0.00000000 -0.00000000 -1.00000000
vn -0.00000000 -0.00000000 1.00000000
vn 1.00000000 -0.00000000 -0.00000000
vn -0.00000000 1.00000000 -0.00000000
vn -0.00000000 -0.00000000 1.00000000
vn -1.00000000 -0.00000000 -0.00000000
vn -0.00000000 1.00000000 -0.00000000
vn -0.00000000 -0.00000000 1.00000000
vn -0.00000000 -1.00000000 -0.00000000
vn -1.00000000 -0.00000000 -0.00000000
vn 1.00000000 -0.00000000 -0.00000000
vn -0.00000000 -1.00000000 -0.00000000
vn -0.00000000 -0.00000000 1.00000000
vn -0.00000000 1.00000000 -0.00000000
vn -0.00000000 -0.00000000 -1.00000000
vn 1.00000000 -0.00000000 -0.00000000
vn 1.00000000 -0.00000000 -0.00000000
vn -0.00000000 -0.00000000 -1.00000000
vn -0.00000000 -1.00000000 -0.00000000
vn -0.00000000 -0.00000000 -1.00000000
vn -0.00000000 -1.00000000 -0.00000000
vn -1.00000000 -0.00000000 -0.00000000
vn -1.00000000 -0.00000000 -0.00000000
vn -0.00000000 -0.00000000 -1.00000000
vn -0.00000000 1.00000000 -0.00000000
vn 1.00000000 -0.00000000 -0.00000000
vn -0.00000000 -0.00000000 1.00000000
vn -0.00000000 1.00000000 -0.00000000
vn -0.00000000 -0.00000000 1.00000000
vn -0.00000000 1.00000000 -0.00000000
vn -1.00000000 -0.00000000 -0.00000000
vn -0.00000000 -0.00000000 1.00000000
vn -1.00000000 -0.00000000 -0.00000000
vn -0.00000000 -1.00000000 -0.00000000
vn 1.00000000 -0.00000000 -0.00000000
vn -0.00000000 -0.00000000 1.00000000
vn -0.00000000 -1.00000000 -0.00000000
vn 1.00000000 -0.00000000 -0.00000000
vn -0.00000000 -0.00000000 -1.00000000
vn -0.00000000 1.00000000 -0.00000000
vn -0.00000000 -1.00000000 -0.00000000
vn 1.00000000 -0.00000000 -0.00000000
vn -0.00000000 -0.00000000 -1.00000000
vn -0.00000000 -0.00000000 -1.00000000
vn -0.00000000 -1.00000000 -0.00000000
vn -1.00000000 -0.00000000 -0.00000000
vn -1.00000000 -0.00000000 -0.00000000
vn -0.00000000 -0.00000000 -1.00000000
vn -0.00000000 1.00000000 -0.00000000
vn 1.00000000 -0.00000000 -0.00000000
vn -0.00000000 -0.00000000 1.00000000
vn -0.00000000 1.00000000 -0.00000000
vn -1.00000000 -0.00000000 -0.00000000
vn -0.00000000 -0.00000000 1.00000000
vn -0.00000000 1.00000000 -0.00000000
vn -1.00000000 -0.00000000 -0.00000000
vn -0.00000000 -0.00000000 1.00000000
vn -0.00000000 -1.00000000 -0.00000000
vn -0.00000000 -1.00000000 -0.00000000
vn -0.00000000 -0.00000000 1.00000000
vn 1.00000000 -0.00000000 -0.00000000
vn -0.00000000 1.00000000 -0.00000000
vn -0.00000000 -0.00000000 -1.00000000
vn 1.00000000 -0.00000000 -0.00000000
vn -0.00000000 -0.00000000 -1.00000000
vn -0.00000000 -1.00000000 -0.00000000
vn 1.00000000 -0.00000000 -0.00000000
vn -0.00000000 -0.00000000 -1.00000000
vn -0.00000000 -1.00000000 -0.00000000
vn -1.00000000 -0.00000000 -0.00000000
vn -0.00000000 -0.00000000 -1.00000000
vn -0.00000000 1.00000000 -0.00000000
vn -1.00000000 -0.00000000 -0.00000000
vn -0.00000000 1.00000000 -0.00000000
vn 1.00000000 -0.00000000 -0.00000000
vn -0.00000000 -0.00000000 1.00000000
vn -0.00000000 1.00000000 -0.00000000
vn -1.00000000 -0.00000000 -0.00000000
vn -0.00000000 -0.00000000 1.00000000
vn -0.00000000 -0.00000000 1.00000000
vn -0.00000000 -1.00000000 -0.00000000
vn -1.00000000 -0.00000000 -0.00000000
vn -0.00000000 -0.00000000 1.00000000
vn 1.00000000 -0.00000000 -0.00000000
vn -0.00000000 -1.00000000 -0.00000000
vn -0.00000000 1.00000000 -0.00000000
vn -0.00000000 -0.00000000 -1.00000000
vn 1.00000000 -0.00000000 -0.00000000
vn -0.00000000 -0.00000000 -1.00000000
vn -0.00000000 -1.00000000 -0.00000000
vn 1.00000000 -0.00000000 -0.00000000
vn -0.00000000 -0.00000000 -1.00000000
vn -0.00000000 -1.00000000 -0.00000000
vn -1.00000000 -0.00000000 -0.00000000
vn -0.00000000 -0.00000000 -1.00000000
vn -1.00000000 -0.00000000 -0.00000000
vn -0.00000000 1.00000000 -0.00000000
vn -0.00000000 1.00000000 -0.00000000
vn -0.00000000 -0.00000000 1.00000000
vn 1.00000000 -0.00000000 -0.00000000
vn -0.00000000 1.00000000 -0.00000000
vn -1.00000000 -0.00000000 -0.00000000
vn -0.00000000 -0.00000000 1.00000000
vn -1.00000000 -0.00000000 -0.00000000
vn -0.00000000 -0.00000000 1.00000000
vn -0.00000000 -1.00000000 -0.00000000
vn -0.00000000 -0.00000000 1.00000000
vn 1.00000000 -0.00000000 -0.00000000
vn -0.00000000 -1.00000000 -0.00000000
vn -0.00000000 -0.00000000 -1.00000000
vn 1.00000000 -0.00000000 -0.00000000
vn -0.00000000 1.00000000 -0.00000000
vn -0.00000000 -1.00000000 -0.00000000
vn -0.00000000 -0.00000000 -1.00000000
vn 1.00000000 -0.00000000 -0.00000000
vn -1.00000000 -0.00000000 -0.00000000
vn -0.00000000 -1.00000000 -0.00000000
vn -0.00000000 -0.00000000 -1.00000000
vn -1.00000000 -0.00000000 -0.00000000
vn -0.00000000 -0.00000000 -1.00000000
vn -0.00000000 1.00000000 -0.00000000
vn -0.00000000 1.00000000 -0.00000000
vn -0.00000000 -0.00000000 1.00000000
vn 1.00000000 -0.00000000 -0.00000000
vn -1.00000000 -0.00000000 -0.00000000
vn -0.00000000 1.00000000 -0.00000000
vn -0.00000000 -0.00000000 1.00000000
vn -0.00000000 -0.00000000 1.00000000
vn -1.00000000 -0.00000000 -0.00000000
vn -0.00000000 -1.00000000 -0.00000000
vn 1.00000000 -0.00000000 -0.00000000
vn -0.00000000 -1.00000000 -0.00000000
vn -0.00000000 -0.00000000 1.00000000
vn -0.00000000 -0.00000000 -1.00000000
vn -0.00000000 1.00000000 -0.00000000
vn 1.00000000 -0.00000000 -0.00000000
vn -0.00000000 -0.00000000 -1.00000000
vn 1.00000000 -0.00000000 -0.00000000
vn -0.00000000 -1.00000000 -0.00000000
vn -0.00000000 -1.00000000 -0.00000000
vn -1.00000000 -0.00000000 -0.00000000
vn -0.00000000 -0.00000000 -1.00000000
vn -0.00000000 -0.00000000 -1.00000000
vn -0.00000000 1.00000000 -0.00000000
vn -1.00000000 -0.00000000 -0.00000000
vn 1.00000000 -0.00000000 -0.00000000
vn -0.00000000 -0.00000000 1.00000000
vn -0.00000000 1.00000000 -0.00000000
vn -0.00000000 -0.00000000 1.00000000
vn -1.00000000 -0.00000000 -0.00000000
vn -0.00000000 1.00000000 -0.00000000
vn -0.00000000 -0.00000000 1.00000000
vn -0.00000000 -1.00000000 -0.00000000
vn -1.00000000 -0.00000000 -0.00000000
vn 1.00000000 -0.00000000 -0.00000000
vn -0.00000000 -0.00000000 1.00000000
vn -0.00000000 -1.00000000 -0.00000000
vn 1.00000000 -0.00000000 -0.00000000
vn -0.00000000 1.00000000 -0.00000000
vn -0.00000000 -0.00000000 -1.00000000
vn 1.00000000 -0.00000000 -0.00000000
vn -0.00000000 -1.00000000 -0.00000000
vn -0.00000000 -0.00000000 -1.00000000
vn -1.00000000 -0.00000000 -0.00000000
vn -0.00000000 -1.00000000 -0.00000000
vn -0.00000000 -0.00000000 -1.00000000
vn -0.00000000 -0.00000000 -1.00000000
vn -0.00000000 1.00000000 -0.00000000
vn -1.00000000 -0.00000000 -0.00000000
vn -0.00000000 -0.00000000 1.00000000
vn -0.00000000 1.00000000 -0.00000000
vn 1.00000000 -0.00000000 -0.00000000
vn -0.00000000 1.00000000 -0.00000000
vn -1.00000000 -0.00000000 -0.00000000
vn -0.00000000 -0.00000000 1.00000000
vn -1.00000000 -0.00000000 -0.00000000
vn -0.00000000 -0.00000000 1.00000000
vn -0.00000000 -1.00000000 -0.00000000
vn 1.00000000 -0.00000000 -0.00000000
vn -0.00000000 -0.00000000 1.00000000
vn -0.00000000 -1.00000000 -0.00000000
vn 1.00000000 -0.00000000 -0.00000000
vn -0.00000000 1.00000000 -0.00000000
vn -0.00000000 -0.00000000 -1.00000000
vn 1.00000000 -0.00000000 -0.00000000
vn -0.00000000 -1.00000000 -0.00000000
vn -0.00000000 -0.00000000 -1.00000000
vn -0.00000000 -0.00000000 -1.00000000
vn -0.00000000 -1.00000000 -0.00000000
vn -1.00000000 -0.00000000 -0.00000000
vn -1.00000000 -0.00000000 -0.00000000
vn -0.00000000 1.00000000 -0.00000000
vn -0.00000000 -0.00000000 -1.00000000
vn 1.00000000 -0.00000000 -0.00000000
vn -0.00000000 -0.00000000 1.00000000
vn -0.00000000 1.00000000 -0.00000000
vn -0.00000000 -0.00000000 1.00000000
vn -1.00000000 -0.00000000 -0.00000000
vn -0.00000000 1.00000000 -0.00000000
vn -0.00000000 -0.00000000 1.00000000
vn -1.00000000 -0.00000000 -0.00000000
vn -0.00000000 -1.00000000 -0.00000000
vn -0.00000000 -1.00000000 -0.00000000
vn -0.00000000 -0.00000000 1.00000000
vn 1.00000000 -0.00000000 -0.00000000
vn -0.00000000 1.00000000 -0.00000000
vn 1.00000000 -0.00000000 -0.00000000
vn -0.00000000 -0.00000000 -1.00000000
vn -0.00000000 -1.00000000 -0.00000000
vn -0.00000000 -0.00000000 -1.00000000
vn 1.00000000 -0.00000000 -0.00000000
vn -0.00000000 -1.00000000 -0.00000000
vn -0.00000000 -0.00000000 -1.00000000
vn -1.00000000 -0.00000000 -0.00000000
vn -0.00000000 -0.00000000 -1.00000000
vn -1.00000000 -0.00000000 -0.00000000
vn -0.00000000 1.00000000 -0.00000000
vn -0.00000000 -0.00000000 1.00000000
vn 1.00000000 -0.00000000 -0.00000000
vn -0.00000000 1.00000000 -0.00000000
vn -1.00000000 -0.00000000 -0.00000000
vn -0.00000000 -0.00000000 1.00000000
vn -0.00000000 1.00000000 -0.00000000
vn -1.00000000 -0.00000000 -0.00000000
vn -0.00000000 -0.00000000 1.00000000
vn -0.00000000 -1.00000000 -0.00000000
vn -0.00000000 -1.00000000 -0.00000000
vn -0.00000000 -0.00000000 1.00000000
vn 1.00000000 -0.00000000 -0.00000000
vn 1.00000000 -0.00000000 -0.00000000
vn -0.00000000 1.00000000 -0.00000000
vn -0.00000000 -0.00000000 -1.00000000
vn 1.00000000 -0.00000000 -0.00000000
vn -0.00000000 -1.00000000 -0.00000000
vn -0.00000000 -0.00000000 -1.00000000
vn -0.00000000 -1.00000000 -0.00000000
vn -1.00000000 -0.00000000 -0.00000000
vn -0.00000000 -0.00000000 -1.00000000
vn -1.00000000 -0.00000000 -0.00000000
vn -0.00000000 -0.00000000 -1.00000000
vn -0.00000000 1.00000000 -0.00000000
vn -0.00000000 -0.00000000 1.00000000
vn -0.00000000 1.00000000 -0.00000000
vn 1.00000000 -0.00000000 -0.00000000
vn -1.00000000 -0.00000000 -0.00000000
vn -0.00000000 -0.00000000 1.00000000
vn -0.00000000 1.00000000 -0.00000000
vn -0.00000000 -1.00000000 -0.00000000
vn -1.00000000 -0.00000000 -0.00000000
vn -0.00000000 -0.00000000 1.00000000
vn 1.00000000 -0.00000000 -0.00000000
vn -0.00000000 -1.00000000 -0.00000000
vn -0.00000000 -0.00000000 1.00000000
vn -0.00000000 1.00000000 -0.00000000
vn -0.00000000 -0.00000000 -1.00000000
vn 1.00000000 -0.00000000 -0.00000000
vn -0.00000000 -0.00000000 -1.00000000
vn 1.00000000 -0.00000000 -0.00000000
vn -0.00000000 -1.00000000 -0.00000000
vn -0.00000000 -1.00000000 -0.00000000
vn -0.00000000 -0.00000000 -1.00000000
vn -1.00000000 -0.00000000 -0.00000000
vn -0.00000000 -0.00000000 -1.00000000
vn -0.00000000 1.00000000 -0.00000000
vn -1.00000000 -0.00000000 -0.00000000
vn 1.00000000 -0.00000000 -0.00000000
vn -0.00000000 -0.00000000 1.00000000
vn -0.00000000 1.00000000 -0.00000000
vn -0.00000000 -0.00000000 1.00000000
vn -1.00000000 -0.00000000 -0.00000000
vn -0.00000000 1.00000000 -0.00000000
vn -1.00000000 -0.00000000 -0.00000000
vn -0.00000000 -0.00000000 1.00000000
vn -0.00000000 -1.00000000 -0.00000000
vn 1.00000000 -0.00000000 -0.00000000
vn -0.00000000 -0.00000000 1.00000000
vn -0.00000000 -1.00000000 -0.00000000
vn -0.00000000 1.00000000 -0.00000000
vn 1.00000000 -0.00000000 -0.00000000
vn -0.00000000 -0.00000000 -1.00000000
vn -0.00000000 -1.00000000 -0.00000000
vn -0.00000000 -0.00000000 -1.00000000
vn 1.00000000 -0.00000000 -0.00000000
vn -0.00000000 -0.00000000 -1.00000000
vn -0.00000000 -1.00000000 -0.00000000
vn -1.00000000 -0.00000000 -0.00000000
vn -0.00000000 -0.00000000 -1.00000000
vn -1.00000000 -0.00000000 -0.00000000
vn -0.00000000 1.00000000 -0.00000000
vn -0.00000000 -0.00000000 1.00000000
vn -0.00000000 1.00000000 -0.00000000
vn 1.00000000 -0.00000000 -0.00000000
vn -0.00000000 -0.00000000 1.00000000
vn -1.00000000 -0.00000000 -0.00000000
vn -0.00000000 1.00000000 -0.00000000
vn -0.00000000 -1.00000000 -0.00000000
vn -1.00000000 -0.00000000 -0.00000000
vn -0.00000000 -0.00000000 1.00000000
vn -0.00000000 -1.00000000 -0.00000000
vn 1.00000000 -0.00000000 -0.00000000
vn -0.00000000 -0.00000000 1.00000000
vn -0.00000000 -0.00000000 -1.00000000
vn 1.00000000 -0.00000000 -0.00000000
vn -0.00000000 1.00000000 -0.00000000
vn -0.00000000 -0.00000000 -1.00000000
vn -0.00000000 -1.00000000 -0.00000000
vn 1.00000000 -0.00000000 -0.00000000
vn -0.00000000 -0.00000000 -1.00000000
vn -0.00000000 -1.00000000 -0.00000000
vn -1.00000000 -0.00000000 -0.00000000
vn -0.00000000 1.00000000 -0.00000000
vn -1.00000000 -0.00000000 -0.00000000
vn -0.00000000 -0.00000000 -1.00000000
vn 1.00000000 -0.00000000 -0.00000000
vn -0.00000000 1.00000000 -0.00000000
vn -0.00000000 -0.00000000 1.00000000
vn -1.00000000 -0.00000000 -0.00000000
vn -0.00000000 -0.00000000 1.00000000
vn -0.00000000 1.00000000 -0.00000000
vn -0.00000000 -0.00000000 1.00000000
vn -0.00000000 -1.00000000 -0.00000000
vn -1.00000000 -0.00000000 -0.00000000
vn -0.00000000 -1.00000000 -0.00000000
vn 1.00000000 -0.00000000 -0.00000000
vn -0.00000000 -0.00000000 1.00000000
vn -0.00000000 -0.00000000 -1.00000000
vn -0.00000000 1.00000000 -0.00000000
vn 1.00000000 -0.00000000 -0.00000000
vn -0.00000000 -1.00000000 -0.00000000
vn -0.00000000 -0.00000000 -1.00000000
vn 1.00000000 -0.00000000 -0.00000000
vn -0.00000000 -0.00000000 -1.00000000
vn -1.00000000 -0.00000000 -0.00000000
vn -0.00000000 -1.00000000 -0.00000000
vn -1.00000000 -0.00000000 -0.00000000
vn -0.00000000 1.00000000 -0.00000000
vn -0.00000000 -0.00000000 -1.00000000
vn -0.00000000 -0.00000000 1.00000000
vn 1.00000000 -0.00000000 -0.00000000
vn -0.00000000 1.00000000 -0.00000000
vn -1.00000000 -0.00000000 -0.00000000
vn -0.00000000 -0.00000000 1.00000000
vn -0.00000000 1.00000000 -0.00000000
vn -0.00000000 -1.00000000 -0.00000000
vn -1.00000000 -0.00000000 -0.00000000
vn -0.00000000 -0.00000000 1.00000000
vn 1.00000000 -0.00000000 -0.00000000
vn -0.00000000 -0.00000000 1.00000000
vn -0.00000000 -1.00000000 -0.00000000
vn 1.00000000 -0.00000000 -0.00000000
vn -0.00000000 1.00000000 -0.00000000
vn -0.00000000 -0.00000000 -1.00000000
vn 1.00000000 -0.00000000 -0.00000000
vn -0.00000000 -1.00000000 -0.00010000
vn -0.00000000 -0.00000000 -1.00000000
vn -0.00000000 -1.00000000 -0.00010000
vn -1.00000000 -0.00000000 -0.00000000
vn -0.00000000 -0.00000000 -1.00000000
vn -0.00000000 1.00000000 -0.00000000
vn -1.00000000 -0.00000000 -0.00000000
vn -0.00000000 -0.00000000 -1.00000000
vn -0.00000000 -0.00000000 1.00000000
vn -0.00000000 1.00000000 -0.00000000
vn 1.00000000 -0.00000000 -0.00000000
vn -1.00000000 -0.00000000 -0.00000000
vn -0.00000000 -0.00000000 1.00000000
vn -0.00000000 1.00000000 -0.00000000
vn -0.00000000 -1.00000000 -0.00020000
vn -1.00000000 -0.00000000 -0.00000000
vn -0.00000000 -0.00000000 1.00000000
vn -0.00000000 -0.00000000 1.00000000
vn 1.00000000 -0.00000000 -0.00000000
vn -0.00000000 -1.00000000 -0.00010000
vn -0.00000000 1.00000000 -0.00000000
vn -0.00000000 -0.00000000 -1.00000000
vn 1.00000000 -0.00000000 -0.00000000
vn -0.00000000 -0.00000000 -1.00000000
vn 1.00000000 -0.00000000 -0.00000000
vn -0.00000000 -1.00000000 -0.00010000
vn -1.00000000 -0.00000000 -0.00000000
vn -0.00000000 -1.00000000 -0.00010000
vn -0.00000000 -0.00000000 -1.00000000
vn -1.00000000 -0.00000000 -0.00000000
vn -0.00000000 1.00000000 -0.00000000
vn -0.00000000 -0.00000000 -1.00000000
vn -0.00000000 1.00000000 -0.00000000
vn 1.00000000 -0.00000000 -0.00000000
vn -0.00000000 -0.00000000 1.00000000
vn -0.00000000 1.00000000 -0.00000000
vn -0.00000000 -0.00000000 1.00000000
vn -1.00000000 -0.00000000 -0.00000000
vn -0.00000000 -0.00000000 1.00000000
vn -1.00000000 -0.00000000 -0.00000000
vn -0.00000000 -1.00000000 -0.00010000
vn -0.00000000 -0.00000000 1.00000000
vn 1.00000000 -0.00000000 -0.00000000
vn -0.00000000 -1.00000000 -0.00010000
vn -0.00000000 1.00000000 -0.00000000
vn 1.00000000 -0.00000000 -0.00000000
vn -0.00000000 -0.00000000 -1.00000000
vn -0.00000000 -0.00000000 -1.00000000
vn -0.00000000 -1.00000000 -0.00010000
vn 1.00000000 -0.00000000 -0.00000000
vn -1.00000000 -0.00000000 -0.00000000
vn -0.00000000 -1.00000000 -0.00010000
vn -0.00000000 -0.00000000 -1.00000000
vn -0.00000000 -0.00000000 -1.00000000
vn -1.00000000 -0.00000000 -0.00000000
vn -0.00000000 1.00000000 -0.00000000
vn -0.00000000 1.00000000 -0.00000000
vn -0.00000000 -0.00000000 1.00000000
vn 1.00000000 -0.00000000 -0.00000000
vn -0.00000000 -0.00000000 1.00000000
vn -0.00000000 1.00000000 -0.00000000
vn -1.00000000 -0.00000000 -0.00000000
vn -1.00000000 -0.00000000 -0.00000000
vn -0.00000000 -1.00000000 -0.00010000
vn -0.00000000 -0.00000000 1.00000000
vn -0.00000000 -0.00000000 1.00000000
vn 1.00000000 -0.00000000 -0.00000000
vn -0.00000000 -1.00000000 -0.00010000
vn -0.00000000 1.00000000 -0.00000000
vn -0.00000000 -0.00000000 -1.00000000
vn 1.00000000 -0.00000000 -0.00000000
vn -0.00000000 -0.00000000 -1.00000000
vn -0.00000000 -1.00000000 -0.00000000
vn 1.00000000 -0.00000000 -0.00000000
vn -0.00000000 -0.00000000 -1.00000000
vn -0.00000000 -1.00000000 -0.00000000
vn -1.00000000 -0.00000000 -0.00000000
vn -0.00000000 -0.00000000 -1.00000000
vn -0.00000000 1.00000000 -0.00000000
vn -1.00000000 -0.00000000 -0.00000000
vn -0.00000000 1.00000000 -0.00000000
vn 1.00000000 -0.00000000 -0.00000000
vn -0.00000000 -0.00000000 1.00000000
vn -1.00000000 -0.00000000 -0.00000000
vn -0.00000000 1.00000000 -0.00000000
vn -0.00000000 -0.00000000 1.00000000
vn -0.00000000 -0.00000000 1.00000000
vn -0.00000000 -1.00000000 -0.00000000
vn -1.00000000 -0.00000000 -0.00000000
vn -0.00000000 -0.00000000 1.00000000
vn -0.00000000 -1.00000000 -0.00000000
vn 1.00000000 -0.00000000 -0.00000000
vn -0.00000000 1.00000000 -0.00000000
vn -0.00000000 -0.00000000 -1.00000000
vn 1.00000000 -0.00000000 -0.00000000
vn 1.00000000 -0.00000000 -0.00000000
vn -0.00000000 -1.00000000 -0.00000000
vn -0.00000000 -0.00000000 -1.00000000
vn -0.00000000 -1.00000000 -0.00000000
vn -0.00000000 -0.00000000 -1.00000000
vn -1.00000000 -0.00000000 -0.00000000
vn -0.00000000 1.00000000 -0.00000000
vn -0.00000000 -0.00000000 -1.00000000
vn -1.00000000 -0.00000000 -0.00000000
vn -0.00000000 1.00000000 -0.00000000
vn 1.00000000 -0.00000000 -0.00000000
vn -0.00000000 -0.00000000 1.00000000
vn -1.00000000 -0.00000000 -0.00000000
vn -0.00000000 1.00000000 -0.00000000
vn -0.00000000 -0.00000000 1.00000000
vn -0.00000000 -0.00000000 1.00000000
vn -0.00000000 -1.00000000 -0.00000000
vn -1.00000000 -0.00000000 -0.00000000
vn 1.00000000 -0.00000000 -0.00000000
vn -0.00000000 -0.00000000 1.00000000
vn -0.00000000 -1.00000000 -0.00000000
vn 1.00000000 -0.00000000 -0.00000000
vn -0.00000000 1.00000000 -0.00000000
vn -0.00000000 -0.00000000 -1.00000000
vn 1.00000000 -0.00000000 -0.00000000
vn -0.00000000 -1.00000000 -0.00000000
vn -0.00000000 -0.00000000 -1.00000000
vn -0.00000000 -1.00000000 -0.00000000
vn -1.00000000 -0.00000000 -0.00000000
vn -0.00000000 -0.00000000 -1.00000000
vn -0.00000000 1.00000000 -0.00000000
vn -1.00000000 -0.00000000 -0.00000000
vn -0.00000000 -0.00000000 -1.00000000
vn -0.00000000 1.00000000 -0.00000000
vn -0.00000000 -0.00000000 1.00000000
vn 1.00000000 -0.00000000 -0.00000000
vn -1.00000000 -0.00000000 -0.00000000
vn -0.00000000 1.00000000 -0.00000000
vn -0.00000000 -0.00000000 1.00000000
vn -0.00000000 -0.00000000 1.00000000
vn -0.00000000 -1.00000000 -0.00000000
vn -1.00000000 -0.00000000 -0.00000000
vn -0.00000000 -0.00000000 1.00000000
vn -0.00000000 -1.00000000 -0.00000000
vn 1.00000000 -0.00000000 -0.00000000
vn 1.00000000 -0.00000000 -0.00000000
vn -0.00000000 -0.00000000 -1.00000000
vn -0.00000000 1.00000000 -0.00000000
vn -0.00000000 -1.00000000 -0.00000000
vn 1.00000000 -0.00000000 -0.00000000
vn -0.00000000 -0.00000000 -1.00000000
vn -0.00000000 -0.00000000 -1.00000000
vn -1.00000000 -0.00000000 -0.00000000
vn -0.00000000 -1.00000000 -0.00000000
vn -0.00000000 1.00000000 -0.00000000
vn -0.00000000 -0.00000000 -1.00000000
vn -1.00000000 -0.00000000 -0.00000000
vn -0.00000000 1.00000000 -0.00000000
vn 1.00000000 -0.00000000 -0.00000000
vn -0.00000000 -0.00000000 1.00000000
vn -0.00000000 -0.00000000 1.00000000
vn -1.00000000 -0.00000000 -0.00000000
vn -0.00000000 1.00000000 -0.00000000
vn -0.00000000 -0.00000000 1.00000000
vn -1.00000000 -0.00000000 -0.00000000
vn -0.00000000 -1.00000000 -0.00000000
vn -0.00000000 -0.00000000 1.00000000
vn -0.00000000 -1.00000000 -0.00000000
vn 1.00000000 -0.00000000 -0.00000000
vn 1.00000000 -0.00000000 -0.00000000
vn -0.00000000 -0.00000000 -1.00000000
vn -0.00000000 1.00000000 -0.00000000
vn -0.00000000 -1.00000000 -0.00000000
vn 1.00000000 -0.00000000 -0.00000000
vn -0.00000000 -0.00000000 -1.00000000
vn -1.00000000 -0.00000000 -0.00000000
vn -0.00000000 -1.00000000 -0.00000000
vn -0.00000000 -0.00000000 -1.00000000
vn -0.00000000 1.00000000 -0.00000000
vn -0.00000000 -0.00000000 -1.00000000
vn -1.00000000 -0.00000000 -0.00000000
vn -0.00000000 1.00000000 -0.00000000
vn -0.00000000 -0.00000000 1.00000000
vn 1.00000000 -0.00000000 -0.00000000
vn -1.00000000 -0.00000000 -0.00000000
vn -0.00000000 1.00000000 -0.00000000
vn -0.00000000 -0.00000000 1.00000000
vn -1.00000000 -0.00000000 -0.00000000
vn -0.00000000 -0.00000000 1.00000000
vn -0.00000000 -1.00000000 -0.00000000
vn -0.00000000 -0.00000000 1.00000000
vn -0.00000000 -1.00000000 -0.00000000
vn 1.00000000 -0.00000000 -0.00000000
vn -0.00000000 1.00000000 -0.00000000
vn 1.00000000 -0.00000000 -0.00000000
vn -0.00000000 -0.00000000 -1.00000000
vn -0.00000000 -1.00000000 -0.00000000
vn -0.00000000 -0.00000000 -1.00000000
vn 1.00000000 -0.00000000 -0.00000000
vn -0.00000000 -0.00000000 -1.00000000
vn -1.00000000 -0.00000000 -0.00000000
vn -0.00000000 -1.00000000 -0.00000000
vn -0.00000000 1.00000000 -0.00000000
vn -0.00000000 -0.00000000 -1.00000000
vn -1.00000000 -0.00000000 -0.00000000
vn -0.00000000 1.00000000 -0.00000000
vn -0.00000000 -0.00000000 1.00000000
vn 1.00000000 -0.00000000 -0.00000000
vn -1.00000000 -0.00000000 -0.00000000
vn -0.00000000 1.00000000 -0.00000000
vn -0.00000000 -0.00000000 1.00000000
vn -0.00000000 -1.00000000 -0.00000000
vn -1.00000000 -0.00000000 -0.00000000
vn -0.00000000 -0.00000000 1.00000000
vn 1.00000000 -0.00000000 -0.00000000
vn -0.00000000 -0.00000000 1.00000000
vn -0.00000000 -1.00000000 -0.00000000
vn -0.00000000 -0.00000000 -1.00000000
vn 1.00000000 -0.00000000 -0.00000000
vn -0.00000000 1.00000000 -0.00000000
vn -0.00000000 -1.00000000 -0.00000000
vn 1.00000000 -0.00000000 -0.00000000
vn -0.00000000 -0.00000000 -1.00000000
vn -1.00000000 -0.00000000 -0.00000000
vn -0.00000000 -0.00000000 -1.00000000
vn -0.00000000 -1.00000000 -0.00000000
vn -0.00000000 -0.00000000 -1.00000000
vn -0.00000000 1.00000000 -0.00000000
vn -1.00000000 -0.00000000 -0.00000000
vn -0.00000000 -0.00000000 1.00000000
vn -0.00000000 1.00000000 -0.00000000
vn 1.00000000 -0.00000000 -0.00000000
vn -0.00000000 -0.00000000 1.00000000
vn -0.00000000 1.00000000 -0.00000000
vn -1.00000000 -0.00000000 -0.00000000
vn -0.00000000 -0.00000000 1.00000000
vn -0.00000000 -1.00000000 -0.00000000
vn -1.00000000 -0.00000000 -0.00000000
vn 1.00000000 -0.00000000 -0.00000000
vn -0.00000000 -1.00000000 -0.00000000
vn -0.00000000 -0.00000000 1.00000000
vn -0.00000000 -0.00000000 -1.00000000
vn 1.00000000 -0.00000000 -0.00000000
vn -0.00000000 1.00000000 -0.00000000
vn -0.00000000 -1.00000000 -0.00000000
vn -0.00000000 -0.00000000 -1.00000000
vn 1.00000000 -0.00000000 -0.00000000
vn -1.00000000 -0.00000000 -0.00000000
vn -0.00000000 -1.00000000 -0.00000000
vn -0.00000000 -0.00000000 -1.00000000
vn -1.00000000 -0.00000000 -0.00000000
vn -0.00000000 -0.00000000 -1.00000000
vn -0.00000000 1.00000000 -0.00000000
vn -0.00000000 -0.00000000 1.00000000
vn 1.00000000 -0.00000000 -0.00000000
vn -0.00000000 1.00000000 -0.00000000
vn -1.00000000 -0.00000000 -0.00000000
vn -0.00000000 1.00000000 -0.00000000
vn -0.00000000 -0.00000000 1.00000000
vn -0.00000000 -1.00000000 -0.00000000
vn -1.00000000 -0.00000000 -0.00000000
vn -0.00000000 -0.00000000 1.00000000
vn -0.00000000 -1.00000000 -0.00000000
vn -0.00000000 -0.00000000 1.00000000
vn 1.00000000 -0.00000000 -0.00000000
vn -0.00000000 -0.00000000 1.00000000
vn -0.00000000 -0.00000000 1.00000000
vn -0.00000000 -0.00000000 1.00000000
vn -0.00000000 -0.00000000 1.00000000
vn -0.00000000 0.81920000 0.57350000
vn -0.00000000 0.81920000 0.57350000
vn -0.00000000 0.81920000 0.57350000
vn -0.00000000 0.81920000 0.57350000
vn -0.00000000 0.81910000 0.57360000
vn -0.00000000 0.81910000 0.57360000
vn -0.00000000 0.81910000 0.57360000
vn -0.00000000 0.81910000 0.57360000
vn -0.00000000 0.81910000 0.57360000
vn -0.00000000 0.81910000 0.57360000
vn -0.00000000 0.81910000 0.57360000
vn -0.00000000 0.81910000 0.57360000
vn -0.00000000 0.81910000 0.57360000
vn -0.00000000 0.81910000 0.57360000
vn -0.00000000 0.81910000 0.57360000
vn -0.00000000 0.81910000 0.57360000
vn -0.00000000 -0.00000000 1.00000000
vn -0.00000000 -0.00000000 1.00000000
vn -0.00000000 -0.00000000 1.00000000
vn -0.00000000 -0.00000000 1.00000000
vn -0.00000000 0.81910000 0.57360000
vn -0.00000000 -0.57350000 0.81920000
vn -1.00000000 -0.00000000 -0.00000000
vn 1.00000000 -0.00000000 -0.00000000
vn -0.00000000 0.81910000 0.57360000
vn -0.00000000 -0.57350000 0.81920000
vn -0.00000000 0.81910000 0.57360000
vn 1.00000000 -0.00000000 -0.00000000
vn -0.00000000 0.57360000 -0.81910000
vn -0.00000000 0.81910000 0.57360000
vn -1.00000000 -0.00000000 -0.00000000
vn -0.00000000 0.57360000 -0.81910000
vn -0.00000000 -0.81920000 -0.57360000
vn -0.00000000 0.57360000 -0.81910000
vn 1.00000000 -0.00000000 -0.00000000
vn 1.00000000 -0.00000000 -0.00000000
vn -0.00000000 -0.81920000 -0.57360000
vn -0.00000000 -0.57350000 0.81920000
vn -0.00000000 -0.81920000 -0.57360000
vn -1.00000000 -0.00000000 -0.00000000
vn -0.00000000 -0.57350000 0.81920000
vn -1.00000000 -0.00000000 -0.00000000
vn -0.00000000 -0.81920000 -0.57360000
vn -0.00000000 0.57360000 -0.81910000
vn -0.00000000 -0.57350000 0.81920000
vn -0.00000000 0.81920000 0.57360000
vn -1.00000000 -0.00000000 -0.00000000
vn -0.00000000 0.81920000 0.57360000
vn -0.00000000 -0.57350000 0.81920000
vn 1.00000000 -0.00000000 -0.00000000
vn 1.00000000 -0.00000000 -0.00000000
vn -0.00000000 0.81920000 0.57360000
vn -0.00000000 0.57360000 -0.81910000
vn -0.00000000 0.57360000 -0.81910000
vn -0.00000000 0.81920000 0.57360000
vn -1.00000000 -0.00000000 -0.00000000
vn -0.00000000 0.57360000 -0.81910000
vn 1.00000000 -0.00000000 -0.00000000
vn -0.00000000 -0.81920000 -0.57360000
vn 1.00000000 -0.00000000 -0.00000000
vn -0.00000000 -0.57350000 0.81920000
vn -0.00000000 -0.81920000 -0.57360000
vn -0.00000000 -0.81920000 -0.57360000
vn -0.00000000 -0.57350000 0.81920000
vn -1.00000000 -0.00000000 -0.00000000
vn -1.00000000 -0.00000000 -0.00000000
vn -0.00000000 0.57360000 -0.81910000
vn -0.00000000 -0.81920000 -0.57360000
vt 0.86020000 0.77810000
vt 0.78240000 0.84530000
vt 0.16790000 0.61860000
vt 0.88450000 0.80890000
vt 0.86020000 0.81010000
vt 0.78240000 0.87720000
vt 0.82320000 0.81010000
vt 0.88450000 0.84590000
vt 0.79700000 0.98010000
vt 0.00000000 0.61860000
vt 0.82890000 0.98010000
vt 0.82320000 0.77810000
vt 0.78270000 0.77810000
vt 0.88030000 0.84530000
vt 0.16790000 0.17470000
vt 0.81970000 0.77810000
vt 0.00000000 0.17470000
vt 0.82890000 0.88220000
vt 0.98240000 0.84590000
vt 0.79700000 0.88220000
vt 0.81970000 0.81010000
vt 0.88030000 0.87720000
vt 0.78270000 0.81010000
vt 0.98240000 0.80890000
vt 0.00360000 0.17360000
vt 0.83810000 0.81380000
vt 0.95590000 0.98010000
vt 0.98440000 0.98010000
vt 0.83810000 0.84230000
vt 0.91390000 0.98010000
vt 0.79980000 0.84230000
vt 0.95220000 0.98010000
vt 0.88430000 0.84960000
vt 0.00360000 0.00000000
vt 0.79980000 0.81380000
vt 0.88430000 0.87810000
vt 0.95590000 0.88190000
vt 0.44840000 0.17360000
vt 0.88040000 0.84230000
vt 0.98240000 0.87810000
vt 0.84210000 0.84230000
vt 0.44840000 0.00000000
vt 0.98240000 0.84960000
vt 0.84210000 0.81380000
vt 0.95220000 0.88190000
vt 0.88040000 0.81380000
vt 0.91390000 0.88190000
vt 0.98440000 0.88190000
vt 0.97700000 0.74480000
vt 0.17830000 0.17470000
vt 0.97700000 0.77950000
vt 0.94500000 0.77950000
vt 0.97700000 0.77670000
vt 0.92940000 0.76620000
vt 0.87090000 0.75300000
vt 0.93180000 0.77670000
vt 0.92940000 0.72100000
vt 0.87090000 0.72100000
vt 0.38300000 0.17470000
vt 0.93180000 0.74480000
vt 0.17830000 0.27530000
vt 0.97700000 0.80170000
vt 0.90500000 0.72100000
vt 0.38300000 0.27530000
vt 0.90500000 0.76620000
vt 0.84870000 0.72100000
vt 0.84870000 0.75300000
vt 0.90730000 0.72100000
vt 0.87310000 0.76620000
vt 0.87310000 0.72100000
vt 0.94500000 0.80170000
vt 0.90730000 0.76620000
vt 0.94630000 0.66920000
vt 0.92880000 0.76860000
vt 0.44920000 0.00000000
vt 0.91540000 0.71830000
vt 0.97820000 0.66920000
vt 0.89690000 0.76860000
vt 0.86210000 0.79520000
vt 0.91540000 0.66920000
vt 0.97820000 0.71830000
vt 0.94630000 0.71830000
vt 0.89410000 0.79520000
vt 0.67180000 0.00000000
vt 0.44920000 0.12080000
vt 0.92880000 0.79520000
vt 0.88670000 0.66920000
vt 0.88670000 0.71830000
vt 0.67180000 0.12080000
vt 0.89410000 0.76860000
vt 0.86210000 0.76860000
vt 0.88880000 0.66920000
vt 0.85480000 0.71830000
vt 0.88880000 0.71830000
vt 0.89690000 0.79520000
vt 0.85480000 0.66920000
vt 0.79310000 0.72950000
vt 0.80570000 0.70970000
vt 0.79250000 0.72950000
vt 0.79310000 0.71040000
vt 0.81350000 0.69290000
vt 0.79250000 0.71040000
vt 0.81350000 0.70970000
vt 0.81060000 0.71040000
vt 0.80990000 0.71040000
vt 0.81060000 0.72950000
vt 0.80570000 0.69290000
vt 0.80990000 0.72950000
vt 0.81280000 0.70970000
vt 0.78530000 0.72950000
vt 0.78570000 0.70970000
vt 0.81280000 0.69290000
vt 0.78570000 0.69290000
vt 0.81770000 0.72950000
vt 0.81770000 0.71040000
vt 0.82070000 0.70970000
vt 0.80490000 0.69290000
vt 0.82070000 0.69290000
vt 0.80490000 0.70970000
vt 0.78530000 0.71040000
vt 0.68130000 0.60960000
vt 0.54670000 0.32790000
vt 0.55620000 0.31050000
vt 0.70950000 0.55620000
vt 0.45990000 0.32790000
vt 0.64290000 0.31050000
vt 0.70950000 0.59890000
vt 0.45990000 0.28520000
vt 0.42900000 0.33870000
vt 0.34230000 0.33870000
vt 0.54670000 0.28520000
vt 0.68130000 0.65230000
vt 0.65600000 0.60960000
vt 0.37080000 0.37430000
vt 0.55620000 0.28520000
vt 0.41350000 0.37430000
vt 0.34230000 0.36400000
vt 0.65600000 0.65230000
vt 0.41350000 0.46110000
vt 0.42900000 0.36400000
vt 0.73470000 0.59890000
vt 0.37080000 0.46110000
vt 0.73470000 0.55620000
vt 0.64290000 0.28520000
vt 0.78580000 0.73730000
vt 0.33200000 0.38860000
vt 0.81590000 0.73940000
vt 0.81590000 0.74080000
vt 0.78750000 0.74170000
vt 0.78580000 0.73870000
vt 0.78750000 0.77220000
vt 0.78540000 0.74080000
vt 0.78580000 0.73520000
vt 0.78580000 0.73660000
vt 0.33200000 0.52710000
vt 0.78540000 0.73940000
vt 0.78530000 0.77220000
vt 0.81030000 0.73730000
vt 0.22100000 0.38860000
vt 0.22100000 0.52710000
vt 0.78530000 0.74170000
vt 0.81030000 0.73660000
vt 0.81030000 0.73520000
vt 0.78680000 0.74170000
vt 0.81200000 0.77220000
vt 0.78680000 0.77220000
vt 0.81200000 0.74170000
vt 0.81030000 0.73870000
vt 0.70590000 0.29370000
vt 0.16650000 0.62030000
vt 0.17830000 0.27810000
vt 0.34480000 0.27810000
vt 0.50980000 0.33510000
vt 0.00000000 0.62030000
vt 0.00000000 0.68860000
vt 0.34480000 0.32930000
vt 0.50980000 0.38640000
vt 0.70590000 0.24240000
vt 0.16650000 0.68860000
vt 0.17830000 0.32930000
vt 0.16650000 0.65300000
vt 0.16650000 0.69160000
vt 0.73850000 0.29370000
vt 0.16650000 0.65600000
vt 0.73850000 0.24240000
vt 0.16650000 0.74290000
vt 0.54240000 0.38640000
vt 0.00000000 0.65600000
vt 0.00000000 0.74290000
vt 0.00000000 0.69160000
vt 0.54240000 0.33510000
vt 0.00000000 0.65300000
vt 0.62590000 0.70950000
vt 0.33510000 0.65360000
vt 0.36920000 0.55740000
vt 0.72050000 0.67380000
vt 0.33510000 0.56690000
vt 0.36920000 0.47060000
vt 0.68810000 0.67380000
vt 0.76030000 0.22160000
vt 0.36750000 0.56690000
vt 0.76030000 0.13490000
vt 0.62590000 0.74190000
vt 0.36750000 0.65360000
vt 0.59180000 0.70950000
vt 0.33510000 0.55740000
vt 0.36750000 0.46110000
vt 0.72620000 0.13490000
vt 0.59180000 0.74190000
vt 0.33510000 0.46110000
vt 0.68810000 0.70790000
vt 0.72620000 0.22160000
vt 0.33510000 0.37430000
vt 0.33510000 0.47060000
vt 0.72050000 0.70790000
vt 0.36750000 0.37430000
vt 0.70520000 0.20010000
vt 0.61490000 0.67020000
vt 0.49130000 0.18900000
vt 0.64700000 0.70630000
vt 0.60610000 0.20010000
vt 0.39220000 0.18900000
vt 0.64700000 0.67020000
vt 0.76100000 0.09910000
vt 0.60610000 0.16400000
vt 0.76100000 0.00000000
vt 0.70520000 0.16400000
vt 0.61490000 0.70630000
vt 0.59820000 0.22100000
vt 0.49130000 0.21910000
vt 0.58470000 0.67020000
vt 0.59820000 0.25710000
vt 0.73090000 0.00000000
vt 0.58470000 0.70630000
vt 0.73090000 0.09910000
vt 0.49910000 0.25710000
vt 0.61680000 0.67020000
vt 0.49910000 0.22100000
vt 0.61680000 0.70630000
vt 0.39220000 0.21910000
vt 0.73070000 0.22490000
vt 0.39120000 0.72370000
vt 0.76030000 0.22200000
vt 0.73070000 0.22530000
vt 0.71540000 0.60610000
vt 0.76030000 0.22240000
vt 0.32190000 0.38400000
vt 0.68450000 0.60610000
vt 0.72940000 0.22240000
vt 0.39120000 0.75460000
vt 0.72940000 0.22200000
vt 0.32190000 0.38350000
vt 0.35290000 0.74910000
vt 0.35290000 0.74910000
vt 0.24980000 0.53140000
vt 0.35290000 0.74910000
vt 0.35290000 0.74910000
vt 0.35290000 0.74910000
vt 0.35290000 0.74910000
vt 0.35290000 0.74910000
vt 0.24980000 0.53140000
vt 0.24980000 0.53140000
vt 0.35290000 0.74910000
vt 0.24980000 0.53180000
vt 0.69000000 0.64430000
vt 0.24980000 0.53180000
vt 0.70990000 0.64430000
vt 0.70990000 0.64430000
vt 0.70990000 0.64430000
vt 0.70990000 0.64430000
vt 0.70990000 0.64430000
vt 0.22980000 0.53180000
vt 0.22980000 0.53180000
vt 0.70990000 0.64430000
vt 0.22980000 0.53180000
vt 0.70990000 0.64430000
vt 0.70990000 0.64430000
vt 0.22980000 0.53140000
vt 0.22980000 0.53140000
vt 0.35290000 0.72930000
vt 0.37340000 0.75460000
vt 0.30420000 0.38150000
vt 0.74850000 0.22280000
vt 0.37340000 0.72370000
vt 0.37930000 0.72370000
vt 0.74260000 0.22310000
vt 0.31010000 0.38180000
vt 0.37930000 0.75460000
vt 0.68450000 0.62380000
vt 0.30420000 0.38610000
vt 0.68450000 0.61790000
vt 0.31010000 0.38580000
vt 0.74850000 0.22740000
vt 0.71540000 0.62380000
vt 0.71540000 0.61790000
vt 0.74260000 0.22710000
vt 0.36160000 0.75460000
vt 0.49900000 0.51590000
vt 0.29230000 0.38210000
vt 0.49570000 0.51590000
vt 0.68450000 0.63570000
vt 0.29230000 0.38540000
vt 0.68810000 0.63570000
vt 0.49570000 0.51230000
vt 0.68810000 0.63570000
vt 0.68810000 0.63570000
vt 0.68810000 0.63570000
vt 0.42910000 0.18520000
vt 0.42910000 0.18180000
vt 0.49900000 0.51230000
vt 0.36160000 0.75100000
vt 0.36160000 0.75100000
vt 0.36160000 0.75100000
vt 0.36160000 0.75100000
vt 0.36160000 0.75100000
vt 0.36160000 0.75100000
vt 0.36160000 0.75100000
vt 0.76030000 0.22680000
vt 0.49570000 0.50720000
vt 0.71540000 0.63570000
vt 0.36160000 0.72370000
vt 0.49900000 0.50720000
vt 0.76030000 0.22340000
vt 0.43940000 0.18520000
vt 0.36160000 0.72740000
vt 0.36160000 0.72740000
vt 0.36160000 0.72740000
vt 0.49900000 0.51080000
vt 0.71180000 0.63570000
vt 0.71180000 0.63570000
vt 0.71180000 0.63570000
vt 0.71180000 0.63570000
vt 0.71180000 0.63570000
vt 0.49570000 0.51080000
vt 0.71180000 0.63570000
vt 0.71180000 0.63570000
vt 0.43940000 0.18180000
vt 0.42230000 0.18290000
vt 0.42230000 0.18290000
vt 0.35480000 0.75100000
vt 0.42160000 0.18300000
vt 0.42160000 0.18300000
vt 0.35420000 0.75090000
vt 0.35420000 0.75090000
vt 0.35360000 0.75070000
vt 0.35360000 0.75070000
vt 0.42110000 0.18310000
vt 0.42110000 0.18310000
vt 0.35330000 0.75030000
vt 0.35330000 0.75030000
vt 0.42070000 0.18320000
vt 0.42070000 0.18320000
vt 0.25100000 0.53130000
vt 0.35300000 0.74980000
vt 0.35300000 0.74980000
vt 0.25050000 0.53130000
vt 0.25050000 0.53130000
vt 0.22910000 0.53130000
vt 0.35300000 0.72860000
vt 0.22910000 0.53130000
vt 0.35300000 0.72860000
vt 0.22910000 0.53130000
vt 0.35330000 0.72810000
vt 0.35330000 0.72810000
vt 0.22860000 0.53130000
vt 0.22860000 0.53130000
vt 0.22860000 0.53130000
vt 0.43140000 0.18390000
vt 0.22820000 0.53120000
vt 0.35360000 0.72770000
vt 0.35360000 0.72770000
vt 0.22820000 0.53120000
vt 0.43190000 0.18400000
vt 0.43190000 0.18400000
vt 0.43190000 0.18400000
vt 0.35420000 0.72740000
vt 0.35420000 0.72740000
vt 0.35480000 0.72740000
vt 0.35480000 0.72740000
vt 0.43260000 0.18410000
vt 0.43260000 0.18410000
vt 0.43260000 0.18410000
vt 0.42230000 0.18420000
vt 0.68810000 0.64240000
vt 0.68810000 0.64240000
vt 0.42230000 0.18420000
vt 0.43260000 0.18290000
vt 0.43260000 0.18290000
vt 0.71180000 0.64240000
vt 0.43190000 0.18300000
vt 0.43190000 0.18300000
vt 0.43190000 0.18300000
vt 0.71170000 0.64310000
vt 0.71170000 0.64310000
vt 0.22820000 0.53200000
vt 0.71150000 0.64360000
vt 0.43140000 0.18310000
vt 0.43140000 0.18310000
vt 0.71150000 0.64360000
vt 0.71110000 0.64400000
vt 0.22860000 0.53190000
vt 0.22860000 0.53190000
vt 0.22860000 0.53190000
vt 0.71110000 0.64400000
vt 0.71060000 0.64420000
vt 0.71060000 0.64420000
vt 0.22910000 0.53180000
vt 0.22910000 0.53180000
vt 0.22910000 0.53180000
vt 0.25050000 0.53180000
vt 0.25050000 0.53180000
vt 0.25050000 0.53180000
vt 0.68940000 0.64420000
vt 0.68940000 0.64420000
vt 0.68880000 0.64400000
vt 0.42070000 0.18380000
vt 0.68880000 0.64400000
vt 0.25100000 0.53190000
vt 0.42110000 0.18390000
vt 0.68850000 0.64360000
vt 0.68850000 0.64360000
vt 0.42110000 0.18390000
vt 0.42110000 0.18390000
vt 0.42160000 0.18400000
vt 0.68820000 0.64310000
vt 0.42160000 0.18400000
vt 0.68820000 0.64310000
vt 0.36750000 0.75460000
vt 0.29830000 0.38160000
vt 0.36750000 0.72370000
vt 0.75440000 0.22290000
vt 0.38530000 0.75460000
vt 0.31600000 0.38240000
vt 0.38530000 0.72370000
vt 0.73660000 0.22380000
vt 0.68450000 0.62980000
vt 0.29830000 0.38590000
vt 0.68450000 0.61200000
vt 0.31600000 0.38510000
vt 0.71540000 0.62980000
vt 0.75440000 0.22730000
vt 0.73660000 0.22640000
vt 0.71540000 0.61200000
vt 0.51470000 0.69520000
vt 0.17110000 0.33870000
vt 0.38740000 0.21520000
vt 0.38780000 0.21520000
vt 0.47200000 0.74560000
vt 0.17150000 0.33870000
vt 0.60170000 0.17110000
vt 0.47200000 0.70950000
vt 0.17150000 0.37480000
vt 0.17110000 0.37480000
vt 0.51470000 0.73140000
vt 0.60130000 0.17110000
vt 0.38740000 0.19610000
vt 0.21430000 0.38540000
vt 0.49560000 0.69520000
vt 0.17830000 0.38540000
vt 0.60130000 0.19030000
vt 0.49560000 0.73140000
vt 0.60170000 0.19030000
vt 0.17830000 0.38500000
vt 0.45280000 0.70950000
vt 0.38780000 0.19610000
vt 0.45280000 0.74560000
vt 0.21430000 0.38500000
vt 0.50380000 0.73140000
vt 0.59890000 0.18210000
vt 0.50380000 0.69520000
vt 0.38500000 0.20430000
vt 0.50650000 0.69520000
vt 0.38500000 0.20700000
vt 0.50650000 0.73140000
vt 0.59890000 0.17930000
vt 0.46100000 0.70950000
vt 0.60410000 0.18210000
vt 0.46370000 0.70950000
vt 0.60410000 0.17930000
vt 0.39020000 0.20430000
vt 0.46100000 0.74560000
vt 0.46370000 0.74560000
vt 0.39020000 0.20700000
vt 0.49830000 0.69520000
vt 0.38620000 0.19880000
vt 0.49830000 0.73140000
vt 0.60010000 0.18750000
vt 0.38540000 0.20150000
vt 0.50100000 0.69520000
vt 0.59930000 0.18480000
vt 0.50100000 0.73140000
vt 0.60010000 0.17390000
vt 0.51200000 0.73140000
vt 0.51200000 0.69520000
vt 0.38620000 0.21250000
vt 0.59930000 0.17660000
vt 0.50930000 0.73140000
vt 0.38540000 0.20970000
vt 0.50930000 0.69520000
vt 0.45550000 0.70950000
vt 0.60290000 0.18750000
vt 0.60370000 0.18480000
vt 0.45830000 0.70950000
vt 0.60290000 0.17390000
vt 0.46920000 0.70950000
vt 0.60370000 0.17660000
vt 0.46650000 0.70950000
vt 0.38900000 0.19880000
vt 0.45550000 0.74560000
vt 0.45830000 0.74560000
vt 0.38980000 0.20150000
vt 0.38900000 0.21250000
vt 0.46920000 0.74560000
vt 0.46650000 0.74560000
vt 0.38980000 0.20970000
vt 0.67900000 0.66310000
vt 0.70160000 0.16090000
vt 0.60610000 0.23340000
vt 0.70520000 0.23340000
vt 0.58150000 0.70230000
vt 0.60250000 0.16090000
vt 0.60250000 0.12480000
vt 0.59820000 0.18900000
vt 0.54550000 0.70230000
vt 0.70160000 0.12480000
vt 0.49910000 0.18900000
vt 0.67900000 0.69920000
vt 0.60610000 0.20320000
vt 0.39220000 0.25710000
vt 0.64890000 0.66310000
vt 0.49910000 0.21910000
vt 0.39220000 0.22100000
vt 0.64890000 0.69920000
vt 0.54550000 0.73250000
vt 0.59820000 0.21910000
vt 0.49130000 0.22100000
vt 0.70520000 0.20320000
vt 0.58150000 0.73250000
vt 0.49130000 0.25710000
vt 0.72310000 0.22820000
vt 0.45060000 0.70950000
vt 0.17830000 0.38190000
vt 0.49330000 0.73140000
vt 0.72350000 0.22820000
vt 0.17830000 0.38150000
vt 0.21430000 0.38150000
vt 0.43410000 0.34580000
vt 0.49330000 0.69520000
vt 0.21430000 0.38190000
vt 0.43380000 0.34580000
vt 0.45060000 0.74560000
vt 0.43140000 0.70950000
vt 0.72310000 0.20910000
vt 0.17470000 0.32130000
vt 0.17470000 0.28520000
vt 0.43140000 0.74560000
vt 0.43380000 0.36490000
vt 0.47420000 0.69520000
vt 0.43410000 0.36490000
vt 0.17510000 0.28520000
vt 0.17510000 0.32130000
vt 0.72350000 0.20910000
vt 0.47420000 0.73140000
vt 0.43650000 0.35400000
vt 0.48510000 0.69520000
vt 0.48510000 0.73140000
vt 0.72590000 0.22000000
vt 0.48240000 0.73140000
vt 0.72590000 0.21730000
vt 0.43650000 0.35680000
vt 0.48240000 0.69520000
vt 0.72070000 0.22000000
vt 0.44230000 0.70950000
vt 0.43140000 0.35400000
vt 0.44230000 0.74560000
vt 0.43960000 0.74560000
vt 0.43140000 0.35680000
vt 0.72070000 0.21730000
vt 0.43960000 0.70950000
vt 0.47690000 0.69520000
vt 0.43530000 0.36220000
vt 0.72470000 0.21180000
vt 0.47690000 0.73140000
vt 0.47960000 0.69520000
vt 0.43610000 0.35950000
vt 0.47960000 0.73140000
vt 0.72550000 0.21460000
vt 0.72470000 0.22550000
vt 0.49060000 0.73140000
vt 0.49060000 0.69520000
vt 0.43530000 0.34860000
vt 0.72550000 0.22280000
vt 0.48790000 0.73140000
vt 0.43610000 0.35130000
vt 0.48790000 0.69520000
vt 0.72190000 0.21180000
vt 0.43410000 0.70950000
vt 0.43260000 0.36220000
vt 0.43410000 0.74560000
vt 0.72110000 0.21460000
vt 0.43690000 0.70950000
vt 0.43690000 0.74560000
vt 0.43180000 0.35950000
vt 0.43260000 0.34860000
vt 0.44780000 0.74560000
vt 0.44780000 0.70950000
vt 0.72190000 0.22550000
vt 0.44510000 0.74560000
vt 0.43180000 0.35130000
vt 0.44510000 0.70950000
vt 0.72110000 0.22280000
vt 0.17490000 0.33870000
vt 0.51690000 0.69520000
vt 0.43400000 0.34600000
vt 0.51690000 0.73140000
vt 0.72340000 0.22810000
vt 0.17490000 0.37480000
vt 0.72320000 0.22810000
vt 0.17470000 0.37480000
vt 0.58160000 0.68090000
vt 0.43390000 0.34600000
vt 0.54550000 0.68090000
vt 0.17470000 0.33870000
vt 0.17110000 0.28520000
vt 0.53580000 0.69520000
vt 0.43400000 0.36480000
vt 0.17130000 0.28520000
vt 0.43390000 0.36480000
vt 0.54550000 0.69980000
vt 0.58160000 0.69980000
vt 0.72320000 0.20920000
vt 0.17130000 0.32130000
vt 0.53580000 0.73140000
vt 0.72340000 0.20920000
vt 0.17110000 0.32130000
vt 0.52770000 0.73140000
vt 0.72570000 0.21730000
vt 0.72570000 0.22000000
vt 0.52500000 0.73140000
vt 0.52500000 0.69520000
vt 0.43630000 0.35400000
vt 0.52770000 0.69520000
vt 0.43630000 0.35670000
vt 0.54550000 0.69170000
vt 0.43160000 0.35670000
vt 0.54550000 0.68900000
vt 0.43160000 0.35400000
vt 0.72090000 0.22000000
vt 0.58160000 0.68900000
vt 0.72090000 0.21730000
vt 0.58160000 0.69170000
vt 0.72450000 0.21190000
vt 0.53320000 0.73140000
vt 0.53320000 0.69520000
vt 0.43520000 0.36220000
vt 0.72530000 0.21460000
vt 0.53050000 0.73140000
vt 0.43590000 0.35940000
vt 0.53050000 0.69520000
vt 0.43520000 0.34860000
vt 0.51960000 0.69520000
vt 0.72450000 0.22540000
vt 0.51960000 0.73140000
vt 0.43590000 0.35130000
vt 0.52230000 0.69520000
vt 0.72530000 0.22270000
vt 0.52230000 0.73140000
vt 0.54550000 0.69720000
vt 0.43270000 0.36220000
vt 0.58160000 0.69720000
vt 0.72210000 0.21190000
vt 0.43200000 0.35940000
vt 0.54550000 0.69450000
vt 0.58160000 0.69450000
vt 0.72130000 0.21460000
vt 0.72210000 0.22540000
vt 0.58160000 0.68360000
vt 0.43270000 0.34860000
vt 0.54550000 0.68360000
vt 0.58160000 0.68630000
vt 0.72130000 0.22270000
vt 0.43200000 0.35130000
vt 0.54550000 0.68630000
vt 0.65470000 0.71660000
vt 0.65470000 0.71660000
vt 0.59200000 0.16550000
vt 0.59200000 0.16550000
vt 0.65470000 0.71660000
vt 0.59200000 0.16550000
vt 0.58850000 0.18500000
vt 0.58850000 0.18500000
vt 0.67430000 0.71660000
vt 0.58840000 0.18580000
vt 0.58840000 0.18580000
vt 0.58840000 0.18580000
vt 0.67510000 0.71670000
vt 0.58820000 0.18650000
vt 0.67580000 0.71700000
vt 0.58820000 0.18650000
vt 0.73500000 0.22790000
vt 0.73550000 0.22790000
vt 0.73550000 0.22790000
vt 0.73550000 0.22790000
vt 0.67620000 0.71740000
vt 0.73620000 0.22790000
vt 0.73620000 0.22790000
vt 0.73620000 0.22790000
vt 0.67650000 0.71810000
vt 0.67660000 0.71900000
vt 0.67660000 0.71900000
vt 0.73700000 0.22790000
vt 0.67660000 0.71900000
vt 0.73700000 0.22790000
vt 0.73700000 0.22790000
vt 0.75880000 0.22790000
vt 0.75880000 0.22790000
vt 0.67660000 0.74060000
vt 0.75880000 0.22790000
vt 0.75960000 0.22790000
vt 0.75960000 0.22790000
vt 0.67650000 0.74150000
vt 0.75960000 0.22790000
vt 0.76030000 0.22790000
vt 0.67620000 0.74210000
vt 0.76030000 0.22790000
vt 0.20240000 0.53830000
vt 0.67580000 0.74260000
vt 0.20190000 0.53840000
vt 0.20190000 0.53840000
vt 0.20190000 0.53840000
vt 0.20120000 0.53840000
vt 0.20120000 0.53840000
vt 0.67510000 0.74290000
vt 0.20120000 0.53840000
vt 0.67430000 0.74300000
vt 0.20040000 0.53840000
vt 0.20040000 0.53840000
vt 0.67430000 0.74300000
vt 0.20040000 0.53840000
vt 0.67430000 0.74300000
vt 0.65470000 0.74300000
vt 0.18030000 0.53910000
vt 0.18030000 0.53910000
vt 0.17940000 0.53910000
vt 0.65390000 0.74290000
vt 0.17940000 0.53910000
vt 0.17940000 0.53910000
vt 0.17870000 0.53920000
vt 0.65330000 0.74260000
vt 0.17870000 0.53920000
vt 0.17870000 0.53920000
vt 0.65280000 0.74210000
vt 0.17830000 0.53490000
vt 0.17830000 0.53920000
vt 0.17830000 0.53920000
vt 0.17890000 0.53490000
vt 0.17890000 0.53490000
vt 0.17890000 0.53490000
vt 0.65250000 0.74150000
vt 0.17980000 0.53490000
vt 0.17980000 0.53490000
vt 0.65240000 0.74060000
vt 0.17980000 0.53490000
vt 0.65240000 0.74060000
vt 0.65390000 0.71670000
vt 0.59210000 0.16460000
vt 0.59210000 0.16460000
vt 0.59210000 0.16460000
vt 0.59220000 0.16400000
vt 0.49940000 0.50790000
vt 0.65330000 0.71700000
vt 0.49940000 0.50790000
vt 0.65280000 0.71740000
vt 0.20290000 0.53490000
vt 0.49950000 0.50720000
vt 0.20290000 0.53490000
vt 0.20220000 0.53490000
vt 0.20220000 0.53490000
vt 0.20220000 0.53490000
vt 0.65250000 0.71810000
vt 0.20140000 0.53490000
vt 0.20140000 0.53490000
vt 0.20140000 0.53490000
vt 0.65240000 0.71900000
vt 0.20140000 0.53490000
vt 0.20140000 0.53490000
vt 0.20140000 0.53490000
vt 0.65170000 0.71900000
vt 0.65170000 0.71900000
vt 0.17980000 0.53490000
vt 0.17980000 0.53490000
vt 0.65170000 0.74060000
vt 0.17980000 0.53490000
vt 0.17890000 0.53490000
vt 0.17890000 0.53490000
vt 0.65160000 0.74150000
vt 0.17890000 0.53490000
vt 0.17830000 0.53940000
vt 0.17830000 0.53490000
vt 0.17830000 0.53490000
vt 0.65130000 0.74210000
vt 0.17870000 0.53940000
vt 0.17870000 0.53940000
vt 0.65080000 0.74260000
vt 0.17870000 0.53940000
vt 0.17940000 0.53930000
vt 0.17940000 0.53930000
vt 0.65020000 0.74290000
vt 0.17940000 0.53930000
vt 0.64930000 0.74300000
vt 0.64930000 0.74300000
vt 0.18030000 0.53930000
vt 0.18030000 0.53930000
vt 0.18030000 0.53930000
vt 0.20040000 0.53860000
vt 0.20040000 0.53860000
vt 0.62980000 0.74300000
vt 0.20120000 0.53860000
vt 0.20120000 0.53860000
vt 0.62900000 0.74290000
vt 0.20120000 0.53860000
vt 0.20190000 0.53860000
vt 0.20190000 0.53860000
vt 0.62830000 0.74260000
vt 0.20190000 0.53860000
vt 0.62780000 0.74210000
vt 0.76030000 0.22770000
vt 0.20240000 0.53850000
vt 0.20240000 0.53850000
vt 0.75960000 0.22770000
vt 0.75960000 0.22770000
vt 0.75960000 0.22770000
vt 0.62760000 0.74150000
vt 0.75880000 0.22770000
vt 0.62750000 0.74060000
vt 0.62750000 0.74060000
vt 0.75880000 0.22770000
vt 0.62750000 0.74060000
vt 0.75880000 0.22770000
vt 0.73700000 0.22770000
vt 0.73700000 0.22770000
vt 0.73700000 0.22770000
vt 0.62750000 0.71900000
vt 0.73620000 0.22770000
vt 0.73620000 0.22770000
vt 0.73620000 0.22770000
vt 0.62760000 0.71810000
vt 0.73550000 0.22770000
vt 0.73550000 0.22770000
vt 0.73550000 0.22770000
vt 0.62780000 0.71740000
vt 0.73500000 0.22770000
vt 0.73500000 0.22770000
vt 0.62830000 0.71700000
vt 0.58840000 0.18650000
vt 0.58860000 0.18590000
vt 0.58860000 0.18590000
vt 0.58860000 0.18590000
vt 0.62900000 0.71670000
vt 0.62980000 0.71660000
vt 0.62980000 0.71660000
vt 0.58870000 0.18500000
vt 0.62980000 0.71660000
vt 0.58870000 0.18500000
vt 0.58870000 0.18500000
vt 0.20220000 0.53490000
vt 0.65160000 0.71810000
vt 0.20220000 0.53490000
vt 0.20220000 0.53490000
vt 0.49970000 0.50730000
vt 0.20290000 0.53490000
vt 0.49970000 0.50730000
vt 0.65130000 0.71740000
vt 0.65080000 0.71700000
vt 0.59240000 0.16400000
vt 0.59240000 0.16400000
vt 0.49960000 0.50790000
vt 0.59230000 0.16470000
vt 0.59230000 0.16470000
vt 0.65020000 0.71670000
vt 0.59230000 0.16470000
vt 0.59220000 0.16550000
vt 0.59220000 0.16550000
vt 0.64930000 0.71660000
vt 0.39270000 0.55970000
vt 0.40530000 0.55970000
vt 0.75320000 0.59180000
vt 0.40530000 0.63380000
vt 0.39270000 0.63380000
vt 0.44200000 0.45300000
vt 0.41460000 0.55970000
vt 0.41460000 0.63380000
vt 0.44200000 0.38020000
vt 0.75320000 0.60540000
vt 0.42960000 0.45300000
vt 0.42960000 0.38020000
vt 0.41710000 0.45300000
vt 0.37080000 0.47060000
vt 0.41710000 0.38020000
vt 0.37080000 0.54460000
vt 0.50630000 0.74630000
vt 0.38000000 0.47060000
vt 0.38000000 0.54460000
vt 0.49240000 0.74630000
vt 0.39270000 0.47060000
vt 0.39270000 0.54460000
vt 0.40530000 0.47060000
vt 0.40530000 0.54460000
vt 0.23210000 0.68090000
vt 0.44200000 0.54220000
vt 0.41460000 0.47060000
vt 0.41460000 0.54460000
vt 0.44200000 0.46930000
vt 0.24600000 0.68090000
vt 0.42960000 0.54220000
vt 0.42960000 0.46930000
vt 0.37080000 0.55970000
vt 0.41710000 0.54220000
vt 0.41710000 0.46930000
vt 0.37080000 0.63380000
vt 0.34150000 0.76350000
vt 0.38000000 0.55970000
vt 0.38000000 0.63380000
vt 0.32800000 0.76310000
vt 0.46300000 0.56790000
vt 0.46830000 0.57310000
vt 0.47020000 0.58030000
vt 0.46830000 0.58750000
vt 0.46300000 0.59270000
vt 0.45580000 0.59460000
vt 0.44870000 0.59270000
vt 0.44340000 0.58750000
vt 0.44150000 0.58030000
vt 0.44340000 0.57310000
vt 0.44870000 0.56790000
vt 0.45580000 0.56600000
vt 0.39270000 0.63970000
vt 0.45580000 0.55620000
vt 0.40470000 0.63970000
vt 0.74690000 0.59210000
vt 0.46790000 0.55940000
vt 0.47670000 0.56820000
vt 0.44140000 0.37430000
vt 0.74690000 0.60500000
vt 0.51730000 0.73860000
vt 0.42960000 0.37430000
vt 0.74570000 0.61620000
vt 0.50590000 0.73990000
vt 0.41770000 0.37430000
vt 0.47670000 0.59240000
vt 0.46790000 0.60120000
vt 0.38060000 0.55050000
vt 0.49270000 0.73990000
vt 0.39270000 0.55050000
vt 0.22100000 0.68860000
vt 0.48130000 0.73860000
vt 0.44380000 0.60120000
vt 0.23250000 0.68730000
vt 0.40470000 0.55050000
vt 0.24570000 0.68730000
vt 0.44140000 0.46350000
vt 0.43490000 0.59240000
vt 0.42960000 0.46350000
vt 0.25710000 0.68860000
vt 0.35260000 0.75640000
vt 0.34140000 0.75730000
vt 0.41770000 0.46350000
vt 0.44380000 0.55940000
vt 0.38060000 0.63970000
vt 0.32850000 0.75690000
vt 0.45580000 0.55980000
vt 0.46610000 0.56260000
vt 0.74260000 0.60400000
vt 0.47360000 0.57010000
vt 0.51460000 0.73440000
vt 0.74160000 0.61350000
vt 0.47630000 0.58030000
vt 0.47360000 0.59050000
vt 0.50490000 0.73550000
vt 0.46610000 0.59800000
vt 0.49370000 0.73550000
vt 0.22380000 0.69280000
vt 0.48400000 0.73440000
vt 0.45580000 0.60080000
vt 0.23350000 0.69170000
vt 0.44560000 0.59800000
vt 0.43810000 0.59050000
vt 0.24470000 0.69170000
vt 0.35000000 0.75220000
vt 0.25430000 0.69280000
vt 0.43540000 0.58030000
vt 0.43810000 0.57010000
vt 0.34060000 0.75300000
vt 0.44560000 0.56260000
vt 0.32970000 0.75260000
vt 0.40890000 0.18180000
vt 0.74160000 0.73530000
vt 0.74170000 0.74100000
vt 0.41500000 0.18180000
vt 0.41500000 0.18370000
vt 0.74100000 0.71380000
vt 0.74600000 0.71660000
vt 0.40890000 0.18370000
vt 0.26030000 0.53120000
vt 0.74460000 0.74590000
vt 0.41950000 0.18180000
vt 0.41950000 0.18370000
vt 0.26030000 0.53300000
vt 0.73810000 0.70890000
vt 0.74960000 0.74870000
vt 0.26590000 0.53120000
vt 0.26590000 0.53300000
vt 0.73800000 0.70320000
vt 0.71770000 0.22820000
vt 0.75530000 0.74860000
vt 0.27160000 0.53120000
vt 0.27160000 0.53300000
vt 0.74080000 0.69820000
vt 0.71970000 0.22820000
vt 0.71770000 0.22360000
vt 0.76020000 0.74570000
vt 0.74560000 0.69530000
vt 0.71970000 0.22360000
vt 0.71770000 0.21730000
vt 0.76300000 0.74070000
vt 0.71970000 0.21730000
vt 0.75140000 0.69520000
vt 0.71770000 0.21100000
vt 0.76290000 0.73500000
vt 0.75640000 0.69800000
vt 0.71970000 0.21100000
vt 0.40160000 0.18370000
vt 0.71770000 0.20640000
vt 0.75990000 0.73010000
vt 0.75930000 0.70290000
vt 0.71970000 0.20640000
vt 0.40160000 0.18180000
vt 0.75490000 0.72730000
vt 0.39560000 0.18370000
vt 0.75940000 0.70860000
vt 0.39560000 0.18180000
vt 0.74920000 0.72740000
vt 0.38950000 0.18370000
vt 0.75660000 0.71360000
vt 0.38950000 0.18180000
vt 0.38500000 0.18370000
vt 0.74430000 0.73030000
vt 0.40290000 0.18180000
vt 0.38500000 0.18180000
vt 0.40290000 0.18370000
vt 0.75170000 0.71650000
vt 0.49610000 0.51840000
vt 0.32680000 0.38560000
vt 0.72320000 0.22130000
vt 0.49660000 0.51820000
vt 0.72360000 0.21530000
vt 0.72270000 0.22130000
vt 0.72360000 0.22130000
vt 0.72950000 0.22280000
vt 0.72270000 0.21530000
vt 0.72320000 0.21530000
vt 0.32090000 0.38560000
vt 0.72930000 0.22330000
vt 0.72410000 0.21530000
vt 0.43400000 0.35210000
vt 0.49660000 0.51760000
vt 0.43400000 0.35800000
vt 0.72410000 0.22130000
vt 0.73010000 0.22280000
vt 0.43460000 0.35210000
vt 0.21630000 0.53830000
vt 0.49610000 0.51730000
vt 0.73040000 0.22330000
vt 0.43460000 0.35800000
vt 0.21030000 0.53830000
vt 0.49570000 0.51760000
vt 0.21630000 0.53890000
vt 0.43370000 0.35800000
vt 0.43370000 0.35210000
vt 0.21030000 0.53890000
vt 0.73010000 0.22370000
vt 0.43310000 0.35800000
vt 0.49570000 0.51820000
vt 0.32680000 0.38500000
vt 0.43310000 0.35210000
vt 0.72950000 0.22370000
vt 0.32090000 0.38500000
vt 0.38500000 0.27440000
vt 0.38500000 0.27030000
vt 0.74360000 0.75410000
vt 0.38940000 0.27030000
vt 0.38940000 0.27440000
vt 0.74160000 0.75740000
vt 0.35000000 0.32440000
vt 0.38500000 0.26740000
vt 0.38940000 0.26740000
vt 0.34580000 0.32440000
vt 0.74700000 0.75220000
vt 0.35000000 0.32840000
vt 0.34580000 0.32840000
vt 0.75080000 0.75230000
vt 0.49640000 0.26740000
vt 0.35000000 0.33190000
vt 0.75410000 0.75430000
vt 0.34580000 0.33190000
vt 0.49200000 0.26740000
vt 0.49640000 0.27030000
vt 0.49200000 0.27030000
vt 0.75600000 0.75770000
vt 0.49640000 0.27440000
vt 0.49200000 0.27440000
vt 0.75590000 0.76150000
vt 0.49640000 0.27840000
vt 0.75390000 0.76480000
vt 0.49200000 0.27840000
vt 0.49640000 0.28140000
vt 0.45340000 0.17470000
vt 0.49200000 0.28140000
vt 0.75060000 0.76670000
vt 0.44920000 0.17470000
vt 0.45340000 0.17870000
vt 0.74670000 0.76660000
vt 0.44920000 0.17870000
vt 0.45340000 0.18210000
vt 0.38500000 0.28140000
vt 0.38940000 0.28140000
vt 0.74340000 0.76460000
vt 0.44920000 0.18210000
vt 0.38500000 0.27840000
vt 0.38940000 0.27840000
vt 0.74160000 0.76130000
vt 0.47180000 0.70050000
vt 0.28280000 0.38150000
vt 0.44920000 0.41710000
vt 0.47180000 0.68810000
vt 0.50380000 0.41710000
vt 0.22820000 0.38150000
vt 0.42780000 0.68810000
vt 0.50380000 0.46110000
vt 0.17650000 0.23640000
vt 0.42780000 0.70050000
vt 0.44920000 0.46110000
vt 0.17650000 0.18180000
vt 0.47180000 0.69520000
vt 0.28280000 0.38680000
vt 0.47180000 0.69340000
vt 0.22820000 0.38680000
vt 0.42780000 0.69340000
vt 0.17110000 0.23640000
vt 0.42780000 0.69520000
vt 0.17110000 0.18180000
vt 0.72000000 0.13490000
vt 0.15010000 0.74970000
vt 0.27450000 0.67380000
vt 0.44920000 0.33870000
vt 0.14970000 0.75560000
vt 0.44920000 0.33870000
vt 0.72590000 0.13490000
vt 0.41710000 0.60810000
vt 0.44920000 0.41360000
vt 0.72590000 0.20870000
vt 0.72000000 0.20870000
vt 0.42300000 0.60910000
vt 0.34940000 0.67380000
vt 0.34940000 0.67380000
vt 0.71370000 0.20410000
vt 0.27790000 0.73030000
vt 0.71370000 0.20410000
vt 0.71370000 0.13670000
vt 0.34600000 0.73030000
vt 0.71370000 0.13670000
vt 0.34600000 0.73030000
vt 0.34600000 0.73030000
vt 0.71370000 0.13670000
vt 0.50570000 0.41020000
vt 0.71950000 0.13670000
vt 0.71950000 0.13670000
vt 0.50570000 0.34210000
vt 0.50570000 0.34210000
vt 0.50570000 0.34210000
vt 0.71950000 0.20410000
vt 0.71950000 0.20410000
vt 0.71950000 0.20410000
vt 0.43680000 0.55750000
vt 0.43680000 0.55750000
vt 0.34940000 0.72600000
vt 0.34900000 0.72840000
vt 0.43750000 0.55510000
vt 0.43750000 0.55510000
vt 0.43790000 0.55370000
vt 0.71380000 0.13490000
vt 0.34790000 0.72980000
vt 0.27600000 0.72980000
vt 0.71380000 0.20600000
vt 0.20750000 0.74870000
vt 0.71380000 0.20600000
vt 0.20610000 0.74870000
vt 0.20610000 0.74870000
vt 0.27490000 0.72840000
vt 0.20360000 0.74880000
vt 0.27450000 0.72600000
vt 0.27450000 0.72600000
vt 0.20360000 0.74880000
vt 0.43100000 0.55640000
vt 0.43100000 0.55640000
vt 0.50140000 0.41360000
vt 0.50140000 0.41360000
vt 0.20320000 0.75470000
vt 0.20320000 0.75470000
vt 0.50140000 0.33870000
vt 0.50380000 0.33910000
vt 0.20570000 0.75470000
vt 0.20570000 0.75470000
vt 0.71970000 0.20600000
vt 0.20720000 0.75460000
vt 0.50520000 0.34020000
vt 0.43200000 0.55260000
vt 0.71970000 0.13490000
vt 0.50520000 0.41210000
vt 0.71970000 0.13490000
vt 0.43160000 0.55400000
vt 0.50380000 0.41320000
vt 0.43160000 0.55400000
vt 0.59890000 0.26740000
vt 0.60100000 0.13700000
vt 0.74160000 0.62390000
vt 0.60330000 0.26740000
vt 0.59670000 0.13550000
vt 0.75300000 0.65600000
vt 0.74160000 0.65600000
vt 0.60330000 0.27860000
vt 0.17570000 0.24600000
vt 0.17110000 0.24620000
vt 0.75300000 0.62390000
vt 0.59890000 0.27860000
vt 0.55340000 0.29230000
vt 0.74160000 0.64820000
vt 0.59250000 0.16030000
vt 0.55340000 0.30350000
vt 0.75300000 0.64820000
vt 0.17200000 0.27090000
vt 0.54900000 0.30350000
vt 0.74160000 0.68020000
vt 0.17650000 0.27070000
vt 0.58820000 0.15870000
vt 0.75300000 0.68020000
vt 0.54900000 0.29230000
vt 0.44920000 0.50630000
vt 0.16760000 0.69520000
vt 0.70440000 0.23530000
vt 0.26590000 0.69520000
vt 0.70480000 0.28520000
vt 0.60610000 0.23530000
vt 0.65240000 0.28520000
vt 0.39220000 0.28380000
vt 0.26590000 0.74760000
vt 0.49050000 0.28380000
vt 0.50160000 0.50630000
vt 0.16760000 0.74760000
vt 0.60610000 0.25890000
vt 0.70480000 0.30880000
vt 0.76190000 0.13190000
vt 0.70950000 0.13190000
vt 0.39220000 0.26030000
vt 0.65240000 0.30880000
vt 0.76190000 0.23030000
vt 0.70440000 0.25890000
vt 0.44920000 0.52980000
vt 0.76190000 0.21630000
vt 0.69050000 0.25890000
vt 0.70950000 0.21630000
vt 0.47660000 0.26030000
vt 0.50160000 0.52980000
vt 0.49050000 0.26030000
vt 0.70950000 0.23030000
vt 0.44920000 0.55450000
vt 0.70410000 0.28350000
vt 0.45100000 0.28520000
vt 0.45100000 0.33700000
vt 0.50100000 0.55450000
vt 0.49910000 0.28350000
vt 0.35290000 0.33690000
vt 0.44960000 0.50660000
vt 0.59720000 0.28340000
vt 0.60610000 0.28340000
vt 0.35290000 0.28530000
vt 0.50120000 0.50660000
vt 0.44930000 0.53120000
vt 0.70400000 0.26030000
vt 0.70980000 0.13230000
vt 0.76150000 0.13230000
vt 0.50090000 0.53120000
vt 0.49920000 0.26030000
vt 0.44970000 0.52980000
vt 0.76130000 0.23030000
vt 0.59720000 0.26030000
vt 0.58320000 0.26030000
vt 0.76130000 0.21630000
vt 0.60610000 0.26030000
vt 0.71000000 0.23030000
vt 0.50110000 0.52980000
vt 0.62000000 0.26030000
vt 0.71000000 0.21630000
vt 0.58010000 0.18790000
vt 0.71210000 0.18730000
vt 0.12370000 0.75940000
vt 0.45870000 0.18790000
vt 0.00200000 0.75940000
vt 0.00200000 0.75940000
vt 0.45780000 0.18780000
vt 0.00110000 0.75940000
vt 0.00110000 0.75940000
vt 0.00110000 0.75940000
vt 0.00050000 0.75940000
vt 0.00050000 0.75940000
vt 0.45720000 0.18750000
vt 0.16760000 0.62750000
vt 0.45670000 0.18700000
vt 0.00000000 0.75940000
vt 0.16760000 0.62810000
vt 0.16760000 0.62810000
vt 0.16760000 0.62810000
vt 0.45640000 0.18640000
vt 0.16760000 0.62900000
vt 0.45630000 0.18550000
vt 0.45630000 0.18550000
vt 0.16760000 0.62900000
vt 0.16760000 0.67680000
vt 0.45630000 0.13780000
vt 0.16760000 0.67680000
vt 0.16760000 0.67760000
vt 0.45640000 0.13700000
vt 0.16760000 0.67760000
vt 0.16760000 0.67760000
vt 0.16760000 0.67830000
vt 0.16760000 0.67830000
vt 0.45670000 0.13630000
vt 0.72730000 0.00000000
vt 0.45720000 0.13590000
vt 0.72730000 0.00050000
vt 0.72730000 0.00050000
vt 0.72730000 0.00110000
vt 0.45780000 0.13560000
vt 0.72730000 0.00110000
vt 0.72730000 0.00110000
vt 0.72730000 0.00200000
vt 0.72730000 0.00200000
vt 0.45870000 0.13550000
vt 0.58010000 0.13550000
vt 0.71210000 0.13490000
vt 0.72730000 0.12370000
vt 0.72850000 0.12370000
vt 0.71330000 0.13490000
vt 0.72620000 0.00000000
vt 0.72850000 0.02960000
vt 0.72620000 0.09390000
vt 0.67380000 0.09390000
vt 0.02960000 0.76060000
vt 0.12370000 0.76060000
vt 0.67380000 0.00000000
vt 0.71330000 0.18730000
vt 0.72850000 0.00200000
vt 0.72850000 0.00200000
vt 0.72620000 0.12140000
vt 0.16870000 0.62900000
vt 0.67620000 0.12380000
vt 0.16870000 0.62900000
vt 0.16870000 0.67680000
vt 0.72390000 0.12380000
vt 0.16870000 0.67680000
vt 0.16870000 0.67680000
vt 0.00200000 0.76060000
vt 0.00200000 0.76060000
vt 0.00200000 0.76060000
vt 0.67380000 0.12140000
vt 0.72850000 0.00110000
vt 0.72610000 0.12230000
vt 0.72850000 0.00110000
vt 0.16870000 0.62810000
vt 0.67530000 0.12370000
vt 0.16870000 0.62810000
vt 0.72850000 0.00050000
vt 0.72580000 0.12290000
vt 0.72850000 0.00050000
vt 0.72850000 0.00050000
vt 0.72850000 0.00000000
vt 0.72540000 0.12340000
vt 0.16870000 0.67830000
vt 0.16870000 0.67760000
vt 0.16870000 0.67760000
vt 0.72470000 0.12370000
vt 0.16870000 0.67760000
vt 0.16870000 0.62750000
vt 0.16870000 0.62750000
vt 0.67470000 0.12340000
vt 0.00000000 0.76060000
vt 0.00050000 0.76060000
vt 0.00050000 0.76060000
vt 0.67420000 0.12290000
vt 0.00110000 0.76060000
vt 0.00110000 0.76060000
vt 0.67390000 0.12230000
vt 0.63820000 0.49680000
vt 0.21390000 0.76770000
vt 0.62360000 0.56810000
vt 0.66670000 0.44560000
vt 0.23850000 0.76770000
vt 0.59890000 0.56810000
vt 0.66670000 0.48960000
vt 0.34230000 0.46820000
vt 0.59890000 0.52410000
vt 0.36690000 0.46820000
vt 0.63820000 0.45280000
vt 0.62360000 0.52410000
vt 0.59510000 0.52410000
vt 0.21390000 0.76290000
vt 0.64290000 0.49680000
vt 0.59510000 0.56810000
vt 0.36690000 0.46350000
vt 0.64290000 0.45280000
vt 0.57040000 0.56810000
vt 0.67140000 0.48960000
vt 0.34230000 0.46350000
vt 0.23850000 0.76290000
vt 0.67140000 0.44560000
vt 0.57040000 0.52410000
vt 0.49200000 0.68090000
vt 0.56650000 0.57520000
vt 0.45390000 0.16720000
vt 0.45390000 0.14260000
vt 0.54190000 0.57520000
vt 0.43850000 0.68570000
vt 0.54190000 0.53120000
vt 0.48250000 0.68570000
vt 0.53800000 0.74160000
vt 0.51340000 0.74160000
vt 0.56650000 0.53120000
vt 0.53600000 0.68090000
vt 0.44920000 0.16720000
vt 0.50980000 0.58590000
vt 0.49200000 0.68570000
vt 0.50980000 0.54190000
vt 0.53600000 0.68570000
vt 0.51340000 0.74630000
vt 0.53450000 0.54190000
vt 0.53800000 0.74630000
vt 0.48250000 0.68090000
vt 0.44920000 0.14260000
vt 0.53450000 0.58590000
vt 0.43850000 0.68090000
vt 0.54550000 0.74630000
vt 0.65600000 0.39220000
vt 0.64530000 0.49680000
vt 0.63570000 0.49680000
vt 0.57010000 0.74630000
vt 0.68060000 0.39220000
vt 0.68060000 0.43620000
vt 0.63570000 0.45280000
vt 0.72730000 0.65240000
vt 0.72730000 0.67710000
vt 0.65600000 0.43620000
vt 0.64530000 0.45280000
vt 0.54550000 0.74160000
vt 0.70590000 0.39340000
vt 0.65000000 0.49680000
vt 0.73200000 0.67710000
vt 0.70590000 0.34940000
vt 0.65000000 0.45280000
vt 0.73200000 0.65240000
vt 0.73050000 0.34940000
vt 0.63100000 0.45280000
vt 0.63100000 0.49680000
vt 0.73050000 0.39340000
vt 0.57010000 0.74160000
vt 0.57760000 0.42780000
vt 0.51340000 0.62030000
vt 0.67740000 0.71660000
vt 0.53800000 0.62030000
vt 0.62860000 0.38980000
vt 0.67740000 0.74120000
vt 0.53800000 0.66430000
vt 0.62860000 0.34580000
vt 0.69160000 0.72130000
vt 0.51340000 0.66430000
vt 0.62150000 0.42780000
vt 0.71630000 0.72130000
vt 0.57760000 0.43250000
vt 0.68210000 0.71660000
vt 0.43490000 0.67860000
vt 0.62150000 0.43250000
vt 0.71630000 0.71660000
vt 0.43490000 0.63460000
vt 0.45960000 0.63460000
vt 0.62390000 0.34580000
vt 0.69160000 0.71660000
vt 0.45960000 0.67860000
vt 0.68210000 0.74120000
vt 0.62390000 0.38980000
vt 0.75580000 0.28290000
vt 0.37080000 0.64890000
vt 0.69160000 0.74270000
vt 0.39540000 0.64890000
vt 0.22580000 0.75580000
vt 0.71630000 0.74270000
vt 0.39540000 0.69280000
vt 0.18180000 0.75580000
vt 0.52730000 0.74870000
vt 0.37080000 0.69280000
vt 0.50270000 0.74870000
vt 0.75580000 0.23890000
vt 0.76050000 0.28290000
vt 0.63100000 0.54550000
vt 0.69160000 0.73800000
vt 0.76050000 0.23890000
vt 0.50270000 0.75340000
vt 0.67500000 0.54550000
vt 0.52730000 0.75340000
vt 0.67500000 0.57010000
vt 0.18180000 0.76050000
vt 0.63100000 0.57010000
vt 0.71630000 0.73800000
vt 0.22580000 0.76050000
vt 0.62150000 0.39930000
vt 0.73090000 0.11170000
vt 0.49530000 0.51700000
vt 0.35770000 0.71780000
vt 0.62150000 0.42390000
vt 0.75550000 0.11170000
vt 0.40250000 0.46350000
vt 0.35770000 0.67380000
vt 0.57760000 0.42390000
vt 0.37790000 0.46350000
vt 0.57760000 0.39930000
vt 0.45130000 0.51700000
vt 0.49530000 0.51230000
vt 0.53090000 0.49560000
vt 0.73090000 0.10700000
vt 0.37790000 0.46820000
vt 0.45130000 0.51230000
vt 0.53090000 0.53950000
vt 0.50630000 0.53950000
vt 0.40250000 0.46820000
vt 0.35290000 0.67380000
vt 0.75550000 0.10700000
vt 0.35290000 0.71780000
vt 0.50630000 0.49560000
vt 0.70950000 0.30300000
vt 0.00000000 0.76290000
vt 0.74980000 0.55230000
vt 0.73410000 0.30300000
vt 0.74980000 0.52760000
vt 0.74630000 0.28290000
vt 0.74630000 0.23890000
vt 0.57010000 0.73440000
vt 0.73410000 0.34700000
vt 0.70950000 0.34700000
vt 0.04400000 0.76290000
vt 0.54550000 0.73440000
vt 0.74510000 0.55230000
vt 0.72020000 0.50030000
vt 0.00000000 0.76770000
vt 0.72020000 0.45630000
vt 0.54550000 0.73910000
vt 0.04400000 0.76770000
vt 0.74480000 0.45630000
vt 0.74160000 0.23890000
vt 0.57010000 0.73910000
vt 0.74510000 0.52760000
vt 0.74480000 0.50030000
vt 0.74160000 0.28290000
vt 0.38980000 0.25280000
vt 0.75340000 0.23890000
vt 0.62150000 0.34230000
vt 0.38980000 0.22820000
vt 0.68090000 0.44920000
vt 0.62150000 0.36690000
vt 0.71630000 0.70950000
vt 0.68090000 0.49320000
vt 0.57760000 0.36690000
vt 0.57760000 0.34230000
vt 0.75340000 0.28290000
vt 0.69160000 0.70950000
vt 0.57010000 0.39220000
vt 0.74870000 0.23890000
vt 0.38500000 0.25280000
vt 0.74870000 0.28290000
vt 0.69160000 0.71420000
vt 0.57010000 0.43620000
vt 0.71630000 0.71420000
vt 0.54550000 0.43620000
vt 0.68570000 0.49320000
vt 0.38500000 0.22820000
vt 0.54550000 0.39220000
vt 0.68570000 0.44920000
vt 0.69160000 0.73560000
vt 0.47770000 0.66430000
vt 0.50950000 0.66430000
vt 0.71630000 0.73560000
vt 0.57040000 0.44680000
vt 0.48490000 0.66430000
vt 0.48490000 0.62030000
vt 0.61440000 0.44680000
vt 0.45750000 0.31700000
vt 0.45750000 0.29230000
vt 0.47770000 0.62030000
vt 0.50950000 0.62030000
vt 0.69160000 0.73090000
vt 0.68810000 0.43970000
vt 0.48240000 0.66430000
vt 0.68810000 0.39570000
vt 0.45280000 0.29230000
vt 0.48240000 0.62030000
vt 0.71270000 0.39570000
vt 0.45280000 0.31700000
vt 0.61440000 0.44210000
vt 0.57040000 0.44210000
vt 0.71270000 0.43970000
vt 0.71630000 0.73090000
vt 0.52880000 0.67850000
vt 0.45990000 0.33630000
vt 0.53830000 0.48490000
vt 0.67850000 0.48960000
vt 0.56300000 0.48490000
vt 0.48450000 0.33630000
vt 0.67850000 0.44560000
vt 0.56300000 0.52880000
vt 0.23530000 0.76050000
vt 0.53830000 0.52880000
vt 0.25990000 0.76050000
vt 0.48490000 0.67850000
vt 0.62360000 0.61680000
vt 0.45990000 0.33160000
vt 0.52880000 0.67380000
vt 0.25990000 0.75580000
vt 0.62360000 0.66080000
vt 0.48490000 0.67380000
vt 0.23530000 0.75580000
vt 0.59890000 0.66080000
vt 0.67380000 0.44560000
vt 0.67380000 0.48960000
vt 0.59890000 0.61680000
vt 0.48450000 0.33160000
vt 0.72370000 0.68450000
vt 0.65710000 0.44560000
vt 0.50240000 0.60730000
vt 0.72370000 0.70910000
vt 0.66430000 0.48960000
vt 0.47770000 0.60730000
vt 0.66430000 0.44560000
vt 0.73090000 0.68450000
vt 0.47770000 0.56330000
vt 0.73090000 0.70910000
vt 0.50240000 0.56330000
vt 0.65710000 0.48960000
vt 0.42780000 0.60250000
vt 0.65240000 0.44560000
vt 0.72840000 0.68450000
vt 0.73560000 0.70910000
vt 0.47180000 0.60250000
vt 0.65240000 0.48960000
vt 0.65960000 0.44560000
vt 0.73560000 0.68450000
vt 0.47180000 0.62710000
vt 0.72840000 0.70910000
vt 0.65960000 0.48960000
vt 0.42780000 0.62710000
vt 0.53830000 0.67380000
vt 0.65210000 0.65360000
vt 0.72730000 0.71660000
vt 0.62750000 0.65360000
vt 0.72730000 0.74120000
vt 0.57400000 0.57510000
vt 0.61800000 0.57510000
vt 0.62750000 0.60960000
vt 0.46310000 0.74870000
vt 0.65210000 0.60960000
vt 0.58230000 0.67380000
vt 0.43850000 0.74870000
vt 0.73200000 0.71660000
vt 0.69840000 0.34230000
vt 0.53830000 0.67850000
vt 0.69840000 0.38620000
vt 0.43850000 0.75340000
vt 0.58230000 0.67850000
vt 0.46310000 0.75340000
vt 0.67380000 0.38620000
vt 0.61800000 0.57040000
vt 0.73200000 0.74120000
vt 0.67380000 0.34230000
vt 0.57400000 0.57040000
vt 0.53830000 0.66670000
vt 0.75340000 0.52020000
vt 0.37430000 0.71980000
vt 0.54190000 0.58230000
vt 0.37430000 0.69520000
vt 0.75340000 0.49560000
vt 0.41830000 0.69520000
vt 0.58590000 0.58230000
vt 0.73910000 0.67710000
vt 0.41830000 0.71980000
vt 0.73910000 0.65240000
vt 0.58230000 0.66670000
vt 0.57040000 0.49200000
vt 0.53830000 0.67140000
vt 0.74870000 0.52020000
vt 0.61440000 0.49200000
vt 0.73440000 0.65240000
vt 0.58230000 0.67140000
vt 0.58590000 0.57760000
vt 0.73440000 0.67710000
vt 0.61440000 0.51660000
vt 0.54190000 0.57760000
vt 0.74870000 0.49560000
vt 0.57040000 0.51660000
vt 0.61440000 0.46350000
vt 0.34230000 0.37190000
vt 0.16040000 0.76290000
vt 0.61440000 0.48810000
vt 0.61440000 0.45630000
vt 0.36690000 0.37190000
vt 0.57040000 0.48810000
vt 0.57040000 0.45630000
vt 0.68090000 0.68090000
vt 0.20440000 0.76290000
vt 0.68090000 0.70560000
vt 0.57040000 0.46350000
vt 0.34230000 0.36720000
vt 0.16040000 0.76770000
vt 0.62390000 0.44330000
vt 0.68570000 0.70560000
vt 0.62390000 0.39930000
vt 0.20440000 0.76770000
vt 0.64850000 0.39930000
vt 0.57040000 0.46110000
vt 0.68570000 0.68090000
vt 0.61440000 0.46110000
vt 0.36690000 0.36720000
vt 0.64850000 0.44330000
vt 0.55380000 0.58820000
vt 0.26740000 0.72490000
vt 0.71300000 0.23640000
vt 0.57760000 0.43970000
vt 0.55380000 0.61290000
vt 0.73770000 0.23640000
vt 0.50980000 0.61290000
vt 0.41710000 0.55260000
vt 0.62150000 0.43970000
vt 0.41710000 0.57720000
vt 0.26740000 0.68090000
vt 0.50980000 0.58820000
vt 0.54190000 0.66430000
vt 0.71300000 0.23170000
vt 0.27210000 0.72490000
vt 0.42180000 0.57720000
vt 0.54190000 0.62030000
vt 0.27210000 0.68090000
vt 0.62150000 0.43490000
vt 0.42180000 0.55260000
vt 0.56650000 0.62030000
vt 0.73770000 0.23170000
vt 0.56650000 0.66430000
vt 0.57760000 0.43490000
vt 0.71300000 0.74980000
vt 0.46350000 0.67860000
vt 0.40640000 0.63820000
vt 0.73770000 0.74980000
vt 0.63820000 0.34580000
vt 0.43110000 0.63820000
vt 0.63820000 0.38980000
vt 0.69160000 0.72840000
vt 0.43110000 0.68210000
vt 0.46350000 0.63460000
vt 0.71630000 0.72840000
vt 0.40640000 0.68210000
vt 0.64530000 0.38980000
vt 0.46820000 0.67860000
vt 0.71300000 0.74510000
vt 0.71630000 0.72370000
vt 0.64530000 0.34580000
vt 0.46820000 0.63460000
vt 0.64290000 0.38980000
vt 0.69160000 0.72370000
vt 0.66990000 0.34580000
vt 0.66990000 0.38980000
vt 0.73770000 0.74510000
vt 0.64290000 0.34580000
vt 0.63570000 0.34580000
vt 0.68810000 0.44920000
vt 0.27810000 0.76770000
vt 0.71270000 0.44920000
vt 0.30270000 0.76770000
vt 0.15090000 0.76290000
vt 0.47060000 0.75340000
vt 0.10700000 0.76290000
vt 0.71270000 0.49320000
vt 0.49520000 0.75340000
vt 0.63570000 0.38980000
vt 0.68810000 0.49320000
vt 0.63100000 0.34580000
vt 0.27810000 0.76290000
vt 0.62150000 0.39540000
vt 0.63100000 0.38980000
vt 0.57760000 0.39540000
vt 0.49520000 0.74870000
vt 0.57760000 0.37080000
vt 0.47060000 0.74870000
vt 0.10700000 0.76770000
vt 0.62150000 0.37080000
vt 0.30270000 0.76290000
vt 0.15090000 0.76770000
vt 0.39930000 0.69280000
vt 0.72020000 0.71660000
vt 0.63100000 0.49910000
vt 0.65570000 0.49910000
vt 0.62150000 0.49680000
vt 0.72020000 0.74120000
vt 0.27060000 0.76290000
vt 0.62150000 0.45280000
vt 0.65570000 0.54310000
vt 0.63100000 0.54310000
vt 0.24600000 0.76290000
vt 0.39930000 0.64890000
vt 0.40400000 0.69280000
vt 0.66310000 0.49560000
vt 0.72490000 0.71660000
vt 0.70710000 0.49560000
vt 0.40400000 0.64890000
vt 0.24600000 0.76770000
vt 0.27060000 0.76770000
vt 0.61680000 0.45280000
vt 0.70710000 0.52020000
vt 0.66310000 0.52020000
vt 0.72490000 0.74120000
vt 0.61680000 0.49680000
vt 0.66310000 0.53120000
vt 0.74120000 0.55380000
vt 0.35050000 0.31700000
vt 0.71660000 0.55380000
vt 0.71660000 0.40290000
vt 0.35050000 0.29230000
vt 0.71660000 0.50980000
vt 0.71660000 0.44680000
vt 0.70560000 0.74510000
vt 0.74120000 0.50980000
vt 0.70710000 0.53120000
vt 0.68090000 0.74510000
vt 0.66310000 0.53590000
vt 0.34580000 0.31700000
vt 0.53800000 0.38860000
vt 0.68090000 0.74980000
vt 0.70710000 0.53590000
vt 0.53800000 0.43260000
vt 0.51340000 0.43260000
vt 0.72130000 0.44680000
vt 0.70560000 0.74980000
vt 0.51340000 0.38860000
vt 0.72130000 0.40290000
vt 0.34580000 0.29230000
vt 0.72370000 0.44680000
vt 0.66310000 0.33480000
vt 0.73910000 0.74120000
vt 0.73910000 0.71660000
vt 0.21750000 0.75340000
vt 0.66310000 0.31020000
vt 0.26150000 0.75340000
vt 0.70710000 0.31020000
vt 0.67350000 0.74510000
vt 0.72370000 0.40290000
vt 0.70710000 0.33480000
vt 0.64890000 0.74510000
vt 0.72840000 0.44680000
vt 0.73440000 0.74120000
vt 0.65360000 0.33840000
vt 0.64890000 0.74980000
vt 0.72840000 0.40290000
vt 0.60960000 0.33840000
vt 0.60960000 0.31370000
vt 0.26150000 0.74870000
vt 0.67350000 0.74980000
vt 0.73440000 0.71660000
vt 0.65360000 0.31370000
vt 0.21750000 0.74870000
vt 0.32090000 0.74270000
vt 0.70950000 0.55380000
vt 0.50630000 0.44210000
vt 0.34550000 0.74270000
vt 0.45130000 0.52210000
vt 0.53090000 0.44210000
vt 0.49530000 0.52210000
vt 0.58470000 0.71660000
vt 0.53090000 0.48610000
vt 0.70950000 0.50980000
vt 0.58470000 0.74120000
vt 0.50630000 0.48610000
vt 0.71420000 0.55380000
vt 0.54550000 0.38980000
vt 0.32090000 0.73800000
vt 0.58940000 0.74120000
vt 0.71420000 0.50980000
vt 0.54550000 0.34580000
vt 0.57010000 0.34580000
vt 0.49530000 0.51730000
vt 0.58940000 0.71660000
vt 0.57010000 0.38980000
vt 0.45130000 0.51730000
vt 0.34550000 0.73800000
vt 0.53480000 0.75340000
vt 0.73090000 0.41000000
vt 0.36480000 0.67380000
vt 0.71300000 0.12950000
vt 0.55940000 0.75340000
vt 0.75550000 0.41000000
vt 0.75550000 0.45400000
vt 0.37760000 0.27810000
vt 0.75700000 0.12950000
vt 0.36480000 0.71780000
vt 0.73090000 0.45400000
vt 0.35290000 0.27810000
vt 0.36010000 0.67380000
vt 0.53480000 0.74870000
vt 0.31850000 0.75910000
vt 0.27450000 0.75910000
vt 0.35290000 0.28280000
vt 0.36010000 0.71780000
vt 0.27450000 0.73440000
vt 0.37760000 0.28280000
vt 0.75700000 0.12480000
vt 0.31850000 0.73440000
vt 0.71300000 0.12480000
vt 0.55940000 0.74870000
vt 0.74980000 0.58440000
vt 0.60010000 0.31370000
vt 0.61440000 0.45390000
vt 0.49530000 0.50720000
vt 0.74980000 0.55970000
vt 0.60010000 0.33840000
vt 0.40250000 0.36720000
vt 0.45130000 0.50720000
vt 0.55620000 0.33840000
vt 0.57040000 0.45390000
vt 0.55620000 0.31370000
vt 0.37790000 0.36720000
vt 0.61440000 0.44920000
vt 0.73800000 0.34700000
vt 0.74510000 0.58440000
vt 0.37790000 0.37190000
vt 0.57040000 0.44920000
vt 0.73800000 0.30300000
vt 0.40250000 0.37190000
vt 0.76260000 0.30300000
vt 0.45130000 0.51190000
vt 0.76260000 0.34700000
vt 0.49530000 0.51190000
vt 0.74510000 0.55970000
vt 0.48490000 0.66670000
vt 0.75340000 0.48810000
vt 0.73440000 0.35650000
vt 0.09750000 0.76290000
vt 0.75910000 0.35650000
vt 0.75340000 0.46350000
vt 0.75910000 0.40050000
vt 0.40250000 0.55260000
vt 0.05350000 0.76290000
vt 0.52880000 0.66670000
vt 0.73440000 0.40050000
vt 0.37790000 0.55260000
vt 0.48490000 0.67140000
vt 0.66080000 0.60220000
vt 0.74870000 0.48810000
vt 0.37790000 0.55730000
vt 0.52880000 0.67140000
vt 0.61680000 0.60220000
vt 0.05350000 0.76770000
vt 0.40250000 0.55730000
vt 0.61680000 0.57760000
vt 0.74870000 0.46350000
vt 0.66080000 0.57760000
vt 0.09750000 0.76770000
vt 0.56300000 0.48250000
vt 0.64140000 0.74510000
vt 0.70710000 0.52880000
vt 0.62860000 0.49680000
vt 0.61680000 0.74510000
vt 0.53830000 0.48250000
vt 0.73800000 0.56330000
vt 0.53830000 0.43850000
vt 0.62860000 0.45280000
vt 0.56300000 0.43850000
vt 0.66310000 0.52880000
vt 0.73800000 0.58790000
vt 0.60730000 0.60930000
vt 0.70710000 0.52410000
vt 0.64140000 0.74980000
vt 0.56330000 0.60930000
vt 0.66310000 0.52410000
vt 0.74270000 0.58790000
vt 0.56330000 0.58470000
vt 0.62390000 0.45280000
vt 0.74270000 0.56330000
vt 0.61680000 0.74980000
vt 0.62390000 0.49680000
vt 0.60730000 0.58470000
vt 0.57040000 0.61680000
vt 0.34230000 0.56440000
vt 0.49530000 0.52710000
vt 0.47530000 0.67860000
vt 0.59510000 0.61680000
vt 0.36690000 0.56440000
vt 0.60930000 0.74510000
vt 0.47530000 0.63460000
vt 0.59510000 0.66080000
vt 0.58470000 0.74510000
vt 0.57040000 0.66080000
vt 0.45130000 0.52710000
vt 0.67740000 0.58950000
vt 0.34230000 0.55970000
vt 0.49530000 0.52240000
vt 0.58470000 0.74980000
vt 0.45130000 0.52240000
vt 0.67740000 0.54550000
vt 0.47060000 0.63460000
vt 0.60930000 0.74980000
vt 0.70200000 0.54550000
vt 0.47060000 0.67860000
vt 0.70200000 0.58950000
vt 0.36690000 0.55970000
vt 0.31830000 0.53480000
vt 0.31830000 0.67290000
vt 0.30300000 0.67290000
vt 0.30300000 0.53480000
vt 0.33420000 0.53480000
vt 0.33420000 0.67290000
vt 0.32090000 0.67290000
vt 0.32090000 0.53480000
vt 0.29150000 0.53480000
vt 0.29150000 0.67290000
vt 0.27810000 0.67290000
vt 0.27810000 0.53480000
vt 0.71660000 0.64350000
vt 0.71660000 0.60610000
vt 0.74060000 0.60610000
vt 0.74060000 0.64350000
vt 0.72610000 0.67230000
vt 0.69160000 0.67230000
vt 0.69160000 0.64530000
vt 0.72610000 0.64530000
vt 0.39220000 0.72730000
vt 0.42890000 0.72730000
vt 0.42890000 0.75430000
vt 0.39220000 0.75430000
vt 0.21760000 0.54190000
vt 0.29230000 0.53480000
vt 0.50310000 0.50420000
vt 0.44930000 0.48280000
vt 0.21760000 0.68740000
vt 0.29230000 0.67290000
vt 0.17110000 0.68740000
vt 0.50320000 0.48190000
vt 0.00000000 0.75150000
vt 0.17110000 0.54190000
vt 0.44920000 0.50330000
vt 0.13950000 0.75150000
vt 0.21760000 0.53410000
vt 0.00000000 0.74510000
vt 0.50310000 0.47420000
vt 0.44920000 0.47510000
vt 0.17110000 0.53410000
vt 0.30010000 0.67290000
vt 0.17110000 0.38860000
vt 0.50320000 0.49650000
vt 0.30010000 0.53480000
vt 0.44930000 0.49560000
vt 0.21760000 0.38860000
vt 0.13950000 0.74510000
vt 0.59450000 0.12480000
vt 0.27490000 0.53480000
vt 0.50310000 0.49350000
vt 0.27490000 0.67290000
vt 0.45630000 0.12480000
vt 0.44930000 0.47210000
vt 0.50320000 0.47120000
vt 0.22100000 0.67290000
vt 0.00000000 0.75860000
vt 0.13950000 0.75860000
vt 0.22100000 0.53480000
vt 0.44920000 0.49260000
vt 0.00000000 0.75220000
vt 0.50310000 0.46350000
vt 0.17830000 0.37810000
vt 0.44920000 0.46440000
vt 0.45630000 0.13250000
vt 0.17830000 0.33160000
vt 0.32380000 0.33160000
vt 0.59450000 0.13250000
vt 0.50320000 0.48580000
vt 0.44930000 0.48490000
vt 0.13950000 0.75220000
vt 0.32380000 0.37810000
f 1/1/1 5/5/5 7/7/7
f 7/7/7 12/12/12 1/1/1
f 13/13/13 16/16/16 21/21/21
f 21/21/21 23/23/23 13/13/13
f 3/3/3 10/10/10 17/17/17
f 17/17/17 15/15/15 3/3/3
f 11/11/11 9/9/9 20/20/20
f 20/20/20 18/18/18 11/11/11
f 8/8/8 4/4/4 24/24/24
f 24/24/24 19/19/19 8/8/8
f 6/6/6 2/2/2 14/14/14
f 14/14/14 22/22/22 6/6/6
f 26/26/26 29/29/29 31/31/31
f 31/31/31 35/35/35 26/26/26
f 39/39/39 41/41/41 44/44/44
f 44/44/44 46/46/46 39/39/39
f 25/25/25 34/34/34 42/42/42
f 42/42/42 38/38/38 25/25/25
f 36/36/36 33/33/33 43/43/43
f 43/43/43 40/40/40 36/36/36
f 32/32/32 30/30/30 47/47/47
f 47/47/47 45/45/45 32/32/32
f 28/28/28 27/27/27 37/37/37
f 37/37/37 48/48/48 28/28/28
f 49/49/49 53/53/53 56/56/56
f 56/56/56 60/60/60 49/49/49
f 63/63/63 65/65/65 69/69/69
f 69/69/69 70/70/70 63/63/63
f 50/50/50 59/59/59 64/64/64
f 64/64/64 61/61/61 50/50/50
f 58/58/58 55/55/55 67/67/67
f 67/67/67 66/66/66 58/58/58
f 57/57/57 54/54/54 72/72/72
f 72/72/72 68/68/68 57/57/57
f 52/52/52 51/51/51 62/62/62
f 62/62/62 71/71/71 52/52/52
f 73/73/73 77/77/77 81/81/81
f 81/81/81 82/82/82 73/73/73
f 87/87/87 88/88/88 93/93/93
f 93/93/93 96/96/96 87/87/87
f 75/75/75 84/84/84 89/89/89
f 89/89/89 85/85/85 75/75/75
f 83/83/83 79/79/79 91/91/91
f 91/91/91 90/90/90 83/83/83
f 80/80/80 76/76/76 94/94/94
f 94/94/94 92/92/92 80/80/80
f 78/78/78 74/74/74 86/86/86
f 86/86/86 95/95/95 78/78/78
f 97/97/97 100/100/100 105/105/105
f 105/105/105 108/108/108 97/97/97
f 111/111/111 113/113/113 117/117/117
f 117/117/117 119/119/119 111/111/111
f 98/98/98 107/107/107 112/112/112
f 112/112/112 109/109/109 98/98/98
f 106/106/106 104/104/104 115/115/115
f 115/115/115 114/114/114 106/106/106
f 103/103/103 101/101/101 118/118/118
f 118/118/118 116/116/116 103/103/103
f 102/102/102 99/99/99 110/110/110
f 110/110/110 120/120/120 102/102/102
f 122/122/122 125/125/125 128/128/128
f 128/128/128 131/131/131 122/122/122
f 134/134/134 136/136/136 139/139/139
f 139/139/139 142/142/142 134/134/134
f 121/121/121 132/132/132 138/138/138
f 138/138/138 133/133/133 121/121/121
f 130/130/130 129/129/129 140/140/140
f 140/140/140 137/137/137 130/130/130
f 127/127/127 124/124/124 143/143/143
f 143/143/143 141/141/141 127/127/127
f 126/126/126 123/123/123 135/135/135
f 135/135/135 144/144/144 126/126/126
f 147/147/147 148/148/148 152/152/152
f 152/152/152 156/156/156 147/147/147
f 157/157/157 161/161/161 164/164/164
f 164/164/164 166/166/166 157/157/157
f 146/146/146 155/155/155 160/160/160
f 160/160/160 159/159/159 146/146/146
f 154/154/154 153/153/153 163/163/163
f 163/163/163 162/162/162 154/154/154
f 151/151/151 149/149/149 167/167/167
f 167/167/167 165/165/165 151/151/151
f 150/150/150 145/145/145 158/158/158
f 158/158/158 168/168/168 150/150/150
f 171/171/171 172/172/172 176/176/176
f 176/176/176 180/180/180 171/171/171
f 182/182/182 186/186/186 189/189/189
f 189/189/189 190/190/190 182/182/182
f 169/169/169 178/178/178 185/185/185
f 185/185/185 183/183/183 169/169/169
f 179/179/179 175/175/175 188/188/188
f 188/188/188 184/184/184 179/179/179
f 177/177/177 173/173/173 191/191/191
f 191/191/191 187/187/187 177/177/177
f 174/174/174 170/170/170 181/181/181
f 181/181/181 192/192/192 174/174/174
f 194/194/194 197/197/197 201/201/201
f 201/201/201 204/204/204 194/194/194
f 207/207/207 210/210/210 213/213/213
f 213/213/213 216/216/216 207/207/207
f 193/193/193 203/203/203 209/209/209
f 209/209/209 205/205/205 193/193/193
f 202/202/202 200/200/200 212/212/212
f 212/212/212 208/208/208 202/202/202
f 199/199/199 196/196/196 215/215/215
f 215/215/215 211/211/211 199/199/199
f 198/198/198 195/195/195 206/206/206
f 206/206/206 214/214/214 198/198/198
f 217/217/217 221/221/221 225/225/225
f 225/225/225 227/227/227 217/217/217
f 229/229/229 232/232/232 236/236/236
f 236/236/236 238/238/238 229/229/229
f 218/218/218 228/228/228 234/234/234
f 234/234/234 231/231/231 218/218/218
f 226/226/226 224/224/224 235/235/235
f 235/235/235 233/233/233 226/226/226
f 223/223/223 220/220/220 239/239/239
f 239/239/239 237/237/237 223/223/223
f 222/222/222 219/219/219 230/230/230
f 230/230/230 240/240/240 222/222/222
f 243/243/243 246/246/246 249/249/249
f 249/249/249 251/251/251 243/243/243
f 261/261/261 266/266/266 275/275/275
f 275/275/275 279/279/279 261/261/261
f 281/281/281 284/284/284 285/285/285
f 285/285/285 288/288/288 281/281/281
f 290/290/290 282/282/282 287/287/287
f 287/287/287 292/292/292 290/290/290
f 294/294/294 289/289/289 291/291/291
f 291/291/291 295/295/295 294/294/294
f 283/283/283 293/293/293 296/296/296
f 296/296/296 286/286/286 283/283/283
f 298/298/298 300/300/300 304/304/304
f 304/304/304 310/310/310 298/298/298
f 319/319/319 322/322/322 328/328/328
f 328/328/328 334/334/334 319/319/319
f 315/315/315 340/340/340 344/344/344
f 311/311/311 343/343/343 345/345/345
f 313/313/313 346/346/346 349/349/349
f 316/316/316 350/350/350 354/354/354
f 314/314/314 355/355/355 263/263/263
f 325/325/325 312/312/312 254/254/254
f 253/253/253 280/280/280 361/361/361
f 260/260/260 359/359/359 363/363/363
f 259/259/259 364/364/364 370/370/370
f 258/258/258 371/371/371 376/376/376
f 257/257/257 377/377/377 378/378/378
f 327/327/327 256/256/256 379/379/379
f 309/309/309 308/308/308 383/383/383
f 383/383/383 339/339/339 309/309/309
f 331/331/331 389/389/389 393/393/393
f 329/329/329 394/394/394 399/399/399
f 336/336/336 396/396/396 400/400/400
f 332/332/332 404/404/404 405/405/405
f 333/333/333 406/406/406 271/271/271
f 305/305/305 335/335/335 269/269/269
f 267/267/267 265/265/265 414/414/414
f 274/274/274 413/413/413 415/415/415
f 268/268/268 417/417/417 420/420/420
f 270/270/270 421/421/421 425/425/425
f 276/276/276 427/427/427 384/384/384
f 306/306/306 277/277/277 385/385/385
f 337/337/337 324/324/324 382/382/382
f 382/382/382 388/388/388 337/337/337
f 411/411/411 264/264/264 255/255/255
f 262/262/262 356/356/356 412/412/412
f 360/360/360 278/278/278 272/272/272
f 273/273/273 409/409/409 358/358/358
f 418/418/418 410/410/410 357/357/357
f 357/357/357 353/353/353 418/418/418
f 422/422/422 416/416/416 352/352/352
f 351/351/351 348/348/348 423/423/423
f 424/424/424 419/419/419 347/347/347
f 347/347/347 341/341/341 424/424/424
f 386/386/386 426/426/426 342/342/342
f 342/342/342 338/338/338 386/386/386
f 366/366/366 362/362/362 408/408/408
f 407/407/407 402/402/402 365/365/365
f 372/372/372 367/367/367 403/403/403
f 401/401/401 395/395/395 369/369/369
f 375/375/375 368/368/368 397/397/397
f 398/398/398 392/392/392 374/374/374
f 381/381/381 373/373/373 391/391/391
f 390/390/390 387/387/387 380/380/380
f 428/428/428 297/297/297 317/317/317
f 428/428/428 317/317/317 326/326/326
f 428/428/428 326/326/326 321/321/321
f 428/428/428 321/321/321 430/430/430
f 428/428/428 430/430/430 284/284/284
f 284/284/284 281/281/281 428/428/428
f 242/242/242 250/250/250 432/432/432
f 432/432/432 434/434/434 242/242/242
f 434/434/434 432/432/432 288/288/288
f 288/288/288 285/285/285 434/434/434
f 302/302/302 299/299/299 429/429/429
f 429/429/429 437/437/437 302/302/302
f 437/437/437 429/429/429 282/282/282
f 282/282/282 290/290/290 437/437/437
f 252/252/252 247/247/247 439/439/439
f 439/439/439 433/433/433 252/252/252
f 433/433/433 439/439/439 292/292/292
f 292/292/292 287/287/287 433/433/433
f 440/440/440 320/320/320 330/330/330
f 440/440/440 330/330/330 307/307/307
f 440/440/440 303/303/303 301/301/301
f 440/440/440 301/301/301 436/436/436
f 440/440/440 436/436/436 289/289/289
f 289/289/289 294/294/294 440/440/440
f 248/248/248 245/245/245 443/443/443
f 443/443/443 438/438/438 248/248/248
f 438/438/438 443/443/443 295/295/295
f 295/295/295 291/291/291 438/438/438
f 323/323/323 318/318/318 441/441/441
f 441/441/441 431/431/431 323/323/323
f 431/431/431 441/441/441 293/293/293
f 293/293/293 283/283/283 431/431/431
f 244/244/244 241/241/241 435/435/435
f 435/435/435 442/442/442 244/244/244
f 442/442/442 435/435/435 286/286/286
f 286/286/286 296/296/296 442/442/442
f 445/445/445 449/449/449 452/452/452
f 452/452/452 453/453/453 445/445/445
f 457/457/457 459/459/459 463/463/463
f 463/463/463 467/467/467 457/457/457
f 468/468/468 470/470/470 472/472/472
f 472/472/472 474/474/474 468/468/468
f 477/477/477 469/469/469 475/475/475
f 475/475/475 479/479/479 477/477/477
f 481/481/481 476/476/476 478/478/478
f 478/478/478 482/482/482 481/481/481
f 471/471/471 480/480/480 483/483/483
f 483/483/483 473/473/473 471/471/471
f 461/461/461 458/458/458 484/484/484
f 484/484/484 486/486/486 461/461/461
f 486/486/486 484/484/484 489/489/489
f 489/489/489 491/491/491 486/486/486
f 491/491/491 489/489/489 470/470/470
f 470/470/470 468/468/468 491/491/491
f 444/444/444 454/454/454 493/493/493
f 493/493/493 494/494/494 444/444/444
f 494/494/494 493/493/493 497/497/497
f 497/497/497 499/499/499 494/494/494
f 499/499/499 497/497/497 474/474/474
f 474/474/474 472/472/472 499/499/499
f 462/462/462 460/460/460 487/487/487
f 487/487/487 501/501/501 462/462/462
f 501/501/501 487/487/487 490/490/490
f 490/490/490 502/502/502 501/501/501
f 502/502/502 490/490/490 469/469/469
f 469/469/469 477/477/477 502/502/502
f 455/455/455 450/450/450 504/504/504
f 504/504/504 492/492/492 455/455/455
f 492/492/492 504/504/504 506/506/506
f 506/506/506 496/496/496 492/492/492
f 496/496/496 506/506/506 479/479/479
f 479/479/479 475/475/475 496/496/496
f 466/466/466 464/464/464 500/500/500
f 500/500/500 509/509/509 466/466/466
f 509/509/509 500/500/500 503/503/503
f 503/503/503 510/510/510 509/509/509
f 510/510/510 503/503/503 476/476/476
f 476/476/476 481/481/481 510/510/510
f 451/451/451 448/448/448 513/513/513
f 513/513/513 505/505/505 451/451/451
f 505/505/505 513/513/513 514/514/514
f 514/514/514 507/507/507 505/505/505
f 507/507/507 514/514/514 482/482/482
f 482/482/482 478/478/478 507/507/507
f 456/456/456 465/465/465 508/508/508
f 508/508/508 485/485/485 456/456/456
f 485/485/485 508/508/508 511/511/511
f 511/511/511 488/488/488 485/485/485
f 488/488/488 511/511/511 480/480/480
f 480/480/480 471/471/471 488/488/488
f 447/447/447 446/446/446 495/495/495
f 495/495/495 512/512/512 447/447/447
f 512/512/512 495/495/495 498/498/498
f 498/498/498 515/515/515 512/512/512
f 515/515/515 498/498/498 473/473/473
f 473/473/473 483/483/483 515/515/515
f 517/517/517 521/521/521 522/522/522
f 522/522/522 525/525/525 517/517/517
f 529/529/529 532/532/532 536/536/536
f 536/536/536 539/539/539 529/529/529
f 516/516/516 527/527/527 533/533/533
f 533/533/533 530/530/530 516/516/516
f 526/526/526 523/523/523 535/535/535
f 535/535/535 531/531/531 526/526/526
f 524/524/524 520/520/520 538/538/538
f 538/538/538 534/534/534 524/524/524
f 519/519/519 518/518/518 528/528/528
f 528/528/528 537/537/537 519/519/519
f 542/542/542 545/545/545 546/546/546
f 546/546/546 549/549/549 542/542/542
f 554/554/554 555/555/555 560/560/560
f 560/560/560 561/561/561 554/554/554
f 565/565/565 566/566/566 568/568/568
f 568/568/568 571/571/571 565/565/565
f 573/573/573 575/575/575 576/576/576
f 576/576/576 579/579/579 573/573/573
f 580/580/580 583/583/583 563/563/563
f 563/563/563 558/558/558 580/580/580
f 584/584/584 586/586/586 583/583/583
f 583/583/583 580/580/580 584/584/584
f 571/571/571 568/568/568 586/586/586
f 586/586/586 584/584/584 571/571/571
f 589/589/589 590/590/590 548/548/548
f 548/548/548 543/543/543 589/589/589
f 593/593/593 595/595/595 590/590/590
f 590/590/590 589/589/589 593/593/593
f 566/566/566 565/565/565 595/595/595
f 595/595/595 593/593/593 566/566/566
f 597/597/597 599/599/599 556/556/556
f 556/556/556 552/552/552 597/597/597
f 601/601/601 602/602/602 599/599/599
f 599/599/599 597/597/597 601/601/601
f 579/579/579 576/576/576 602/602/602
f 602/602/602 601/601/601 579/579/579
f 605/605/605 606/606/606 541/541/541
f 541/541/541 551/551/551 605/605/605
f 608/608/608 610/610/610 606/606/606
f 606/606/606 605/605/605 608/608/608
f 575/575/575 573/573/573 610/610/610
f 610/610/610 608/608/608 575/575/575
f 612/612/612 617/617/617 619/619/619
f 619/619/619 623/623/623 612/612/612
f 624/624/624 627/627/627 632/632/632
f 632/632/632 635/635/635 624/624/624
f 636/636/636 639/639/639 640/640/640
f 640/640/640 642/642/642 636/636/636
f 644/644/644 646/646/646 649/649/649
f 649/649/649 651/651/651 644/644/644
f 633/633/633 653/653/653 654/654/654
f 654/654/654 625/625/625 633/633/633
f 653/653/653 657/657/657 659/659/659
f 659/659/659 654/654/654 653/653/653
f 657/657/657 636/636/636 642/642/642
f 642/642/642 659/659/659 657/657/657
f 613/613/613 661/661/661 663/663/663
f 663/663/663 615/615/615 613/613/613
f 661/661/661 665/665/665 667/667/667
f 667/667/667 663/663/663 661/661/661
f 665/665/665 640/640/640 639/639/639
f 639/639/639 667/667/667 665/665/665
f 629/629/629 668/668/668 670/670/670
f 670/670/670 630/630/630 629/629/629
f 668/668/668 673/673/673 674/674/674
f 674/674/674 670/670/670 668/668/668
f 673/673/673 644/644/644 651/651/651
f 651/651/651 674/674/674 673/673/673
f 620/620/620 677/677/677 679/679/679
f 679/679/679 622/622/622 620/620/620
f 677/677/677 680/680/680 683/683/683
f 683/683/683 679/679/679 677/677/677
f 680/680/680 649/649/649 646/646/646
f 646/646/646 683/683/683 680/680/680
f 614/614/614 621/621/621 550/550/550
f 550/550/550 547/547/547 614/614/614
f 618/618/618 616/616/616 544/544/544
f 544/544/544 540/540/540 618/618/618
f 634/634/634 631/631/631 553/553/553
f 553/553/553 562/562/562 634/634/634
f 628/628/628 626/626/626 559/559/559
f 559/559/559 557/557/557 628/628/628
f 643/643/643 641/641/641 564/564/564
f 564/564/564 570/570/570 643/643/643
f 638/638/638 637/637/637 569/569/569
f 569/569/569 567/567/567 638/638/638
f 650/650/650 648/648/648 572/572/572
f 572/572/572 578/578/578 650/650/650
f 647/647/647 645/645/645 577/577/577
f 577/577/577 574/574/574 647/647/647
f 626/626/626 655/655/655 581/581/581
f 581/581/581 559/559/559 626/626/626
f 652/652/652 634/634/634 562/562/562
f 562/562/562 582/582/582 652/652/652
f 655/655/655 658/658/658 585/585/585
f 585/585/585 581/581/581 655/655/655
f 656/656/656 652/652/652 582/582/582
f 582/582/582 587/587/587 656/656/656
f 658/658/658 643/643/643 570/570/570
f 570/570/570 585/585/585 658/658/658
f 637/637/637 656/656/656 587/587/587
f 587/587/587 569/569/569 637/637/637
f 616/616/616 662/662/662 588/588/588
f 588/588/588 544/544/544 616/616/616
f 660/660/660 614/614/614 547/547/547
f 547/547/547 591/591/591 660/660/660
f 662/662/662 666/666/666 592/592/592
f 592/592/592 588/588/588 662/662/662
f 664/664/664 660/660/660 591/591/591
f 591/591/591 594/594/594 664/664/664
f 666/666/666 638/638/638 567/567/567
f 567/567/567 592/592/592 666/666/666
f 641/641/641 664/664/664 594/594/594
f 594/594/594 564/564/564 641/641/641
f 631/631/631 671/671/671 596/596/596
f 596/596/596 553/553/553 631/631/631
f 669/669/669 628/628/628 557/557/557
f 557/557/557 598/598/598 669/669/669
f 671/671/671 675/675/675 600/600/600
f 600/600/600 596/596/596 671/671/671
f 672/672/672 669/669/669 598/598/598
f 598/598/598 603/603/603 672/672/672
f 675/675/675 650/650/650 578/578/578
f 578/578/578 600/600/600 675/675/675
f 645/645/645 672/672/672 603/603/603
f 603/603/603 577/577/577 645/645/645
f 621/621/621 678/678/678 604/604/604
f 604/604/604 550/550/550 621/621/621
f 676/676/676 618/618/618 540/540/540
f 540/540/540 607/607/607 676/676/676
f 678/678/678 682/682/682 609/609/609
f 609/609/609 604/604/604 678/678/678
f 681/681/681 676/676/676 607/607/607
f 607/607/607 611/611/611 681/681/681
f 682/682/682 647/647/647 574/574/574
f 574/574/574 609/609/609 682/682/682
f 648/648/648 681/681/681 611/611/611
f 611/611/611 572/572/572 648/648/648
f 684/684/684 692/692/692 696/696/696
f 684/684/684 696/696/696 698/698/698
f 684/684/684 698/698/698 704/704/704
f 684/684/684 704/704/704 708/708/708
f 684/684/684 708/708/708 709/709/709
f 710/710/710 717/717/717 721/721/721
f 710/710/710 721/721/721 724/724/724
f 710/710/710 724/724/724 727/727/727
f 710/710/710 727/727/727 733/733/733
f 710/710/710 733/733/733 738/738/738
f 685/685/685 712/712/712 740/740/740
f 735/735/735 741/741/741 745/745/745
f 735/735/735 745/745/745 749/749/749
f 735/735/735 749/749/749 752/752/752
f 735/735/735 752/752/752 759/759/759
f 735/735/735 759/759/759 762/762/762
f 685/685/685 740/740/740 764/764/764
f 765/765/765 688/688/688 762/762/762
f 771/771/771 765/765/765 762/762/762
f 773/773/773 771/771/771 762/762/762
f 780/780/780 773/773/773 762/762/762
f 784/784/784 780/780/780 762/762/762
f 788/788/788 792/792/792 796/796/796
f 788/788/788 796/796/796 801/801/801
f 788/788/788 801/801/801 804/804/804
f 788/788/788 804/804/804 808/808/808
f 788/788/788 808/808/808 810/810/810
f 811/811/811 817/817/817 820/820/820
f 811/811/811 820/820/820 824/824/824
f 811/811/811 824/824/824 826/826/826
f 811/811/811 826/826/826 833/833/833
f 811/811/811 833/833/833 835/835/835
f 789/789/789 810/810/810 838/838/838
f 836/836/836 843/843/843 847/847/847
f 836/836/836 847/847/847 851/851/851
f 836/836/836 851/851/851 854/854/854
f 836/836/836 854/854/854 859/859/859
f 836/836/836 859/859/859 861/861/861
f 789/789/789 838/838/838 863/863/863
f 867/867/867 789/789/789 860/860/860
f 873/873/873 867/867/867 860/860/860
f 874/874/874 873/873/873 860/860/860
f 880/880/880 874/874/874 860/860/860
f 884/884/884 880/880/880 860/860/860
f 783/783/783 763/763/763 791/791/791
f 790/790/790 786/786/786 782/782/782
f 742/742/742 737/737/737 816/816/816
f 816/816/816 813/813/813 742/742/742
f 716/716/716 714/714/714 842/842/842
f 841/841/841 834/834/834 715/715/715
f 690/690/690 687/687/687 883/883/883
f 883/883/883 865/865/865 690/690/690
f 794/794/794 793/793/793 761/761/761
f 760/760/760 758/758/758 795/795/795
f 778/778/778 781/781/781 787/787/787
f 785/785/785 869/869/869 779/779/779
f 819/819/819 815/815/815 739/739/739
f 736/736/736 734/734/734 818/818/818
f 844/844/844 840/840/840 711/711/711
f 713/713/713 707/707/707 845/845/845
f 800/800/800 797/797/797 757/757/757
f 756/756/756 753/753/753 799/799/799
f 805/805/805 798/798/798 754/754/754
f 755/755/755 751/751/751 803/803/803
f 809/809/809 802/802/802 748/748/748
f 750/750/750 744/744/744 807/807/807
f 812/812/812 806/806/806 747/747/747
f 746/746/746 743/743/743 814/814/814
f 776/776/776 777/777/777 866/866/866
f 868/868/868 871/871/871 774/774/774
f 772/772/772 775/775/775 872/872/872
f 870/870/870 877/877/877 770/770/770
f 768/768/768 769/769/769 876/876/876
f 875/875/875 881/881/881 766/766/766
f 686/686/686 767/767/767 879/879/879
f 878/878/878 882/882/882 689/689/689
f 823/823/823 821/821/821 732/732/732
f 731/731/731 729/729/729 825/825/825
f 829/829/829 822/822/822 728/728/728
f 730/730/730 726/726/726 828/828/828
f 831/831/831 827/827/827 725/725/725
f 723/723/723 720/720/720 832/832/832
f 837/837/837 830/830/830 719/719/719
f 722/722/722 718/718/718 839/839/839
f 850/850/850 846/846/846 705/705/705
f 706/706/706 703/703/703 849/849/849
f 853/853/853 848/848/848 702/702/702
f 701/701/701 700/700/700 852/852/852
f 858/858/858 855/855/855 699/699/699
f 697/697/697 695/695/695 856/856/856
f 862/862/862 857/857/857 694/694/694
f 693/693/693 691/691/691 864/864/864
f 885/885/885 886/886/886 888/888/888
f 888/888/888 889/889/889 885/885/885
f 886/886/886 891/891/891 892/892/892
f 892/892/892 888/888/888 886/886/886
f 890/890/890 895/895/895 896/896/896
f 896/896/896 893/893/893 890/890/890
f 895/895/895 897/897/897 899/899/899
f 899/899/899 896/896/896 895/895/895
f 898/898/898 902/902/902 903/903/903
f 903/903/903 900/900/900 898/898/898
f 902/902/902 905/905/905 906/906/906
f 906/906/906 903/903/903 902/902/902
f 905/905/905 907/907/907 908/908/908
f 908/908/908 906/906/906 905/905/905
f 907/907/907 911/911/911 912/912/912
f 912/912/912 908/908/908 907/907/907
f 910/910/910 915/915/915 916/916/916
f 916/916/916 913/913/913 910/910/910
f 915/915/915 918/918/918 919/919/919
f 919/919/919 916/916/916 915/915/915
f 917/917/917 922/922/922 923/923/923
f 923/923/923 920/920/920 917/917/917
f 922/922/922 885/885/885 889/889/889
f 889/889/889 923/923/923 922/922/922
f 925/925/925 926/926/926 927/927/927
f 927/927/927 928/928/928 929/929/929
f 929/929/929 930/930/930 931/931/931
f 927/927/927 929/929/929 931/931/931
f 931/931/931 932/932/932 933/933/933
f 933/933/933 934/934/934 935/935/935
f 931/931/931 933/933/933 935/935/935
f 927/927/927 931/931/931 935/935/935
f 925/925/925 927/927/927 935/935/935
f 936/936/936 925/925/925 935/935/935
f 937/937/937 889/889/889 888/888/888
f 888/888/888 939/939/939 937/937/937
f 940/940/940 887/887/887 894/894/894
f 894/894/894 944/944/944 940/940/940
f 943/943/943 893/893/893 896/896/896
f 896/896/896 946/946/946 943/943/943
f 946/946/946 896/896/896 899/899/899
f 899/899/899 949/949/949 946/946/946
f 948/948/948 901/901/901 904/904/904
f 904/904/904 953/953/953 948/948/948
f 952/952/952 903/903/903 906/906/906
f 906/906/906 954/954/954 952/952/952
f 954/954/954 906/906/906 908/908/908
f 908/908/908 959/959/959 954/954/954
f 958/958/958 909/909/909 914/914/914
f 914/914/914 960/960/960 958/958/958
f 961/961/961 913/913/913 916/916/916
f 916/916/916 963/963/963 961/961/961
f 963/963/963 916/916/916 919/919/919
f 919/919/919 967/967/967 963/963/963
f 966/966/966 921/921/921 924/924/924
f 924/924/924 970/970/970 966/966/966
f 969/969/969 923/923/923 889/889/889
f 889/889/889 937/937/937 969/969/969
f 971/971/971 938/938/938 941/941/941
f 941/941/941 972/972/972 971/971/971
f 936/936/936 971/971/971 972/972/972
f 972/972/972 925/925/925 936/936/936
f 972/972/972 941/941/941 942/942/942
f 942/942/942 974/974/974 972/972/972
f 925/925/925 972/972/972 974/974/974
f 974/974/974 926/926/926 925/925/925
f 973/973/973 944/944/944 947/947/947
f 947/947/947 976/976/976 973/973/973
f 926/926/926 974/974/974 977/977/977
f 977/977/977 927/927/927 926/926/926
f 975/975/975 945/945/945 948/948/948
f 948/948/948 979/979/979 975/975/975
f 927/927/927 977/977/977 978/978/978
f 978/978/978 928/928/928 927/927/927
f 978/978/978 950/950/950 951/951/951
f 951/951/951 980/980/980 978/978/978
f 928/928/928 978/978/978 980/980/980
f 980/980/980 929/929/929 928/928/928
f 981/981/981 953/953/953 956/956/956
f 956/956/956 983/983/983 981/981/981
f 929/929/929 980/980/980 984/984/984
f 984/984/984 930/930/930 929/929/929
f 982/982/982 955/955/955 958/958/958
f 958/958/958 985/985/985 982/982/982
f 930/930/930 984/984/984 986/986/986
f 986/986/986 931/931/931 930/930/930
f 986/986/986 957/957/957 962/962/962
f 962/962/962 987/987/987 986/986/986
f 931/931/931 986/986/986 987/987/987
f 987/987/987 932/932/932 931/931/931
f 988/988/988 960/960/960 964/964/964
f 964/964/964 990/990/990 988/988/988
f 932/932/932 987/987/987 991/991/991
f 991/991/991 933/933/933 932/932/932
f 989/989/989 965/965/965 966/966/966
f 966/966/966 993/993/993 989/989/989
f 933/933/933 991/991/991 992/992/992
f 992/992/992 934/934/934 933/933/933
f 993/993/993 966/966/966 970/970/970
f 970/970/970 995/995/995 993/993/993
f 934/934/934 992/992/992 994/994/994
f 994/994/994 935/935/935 934/934/934
f 994/994/994 968/968/968 938/938/938
f 938/938/938 971/971/971 994/994/994
f 935/935/935 994/994/994 971/971/971
f 971/971/971 936/936/936 935/935/935
f 996/996/996 999/999/999 1000/1000/1000
f 1000/1000/1000 1003/1003/1003 996/996/996
f 999/999/999 1006/1006/1006 1007/1007/1007
f 1007/1007/1007 1000/1000/1000 999/999/999
f 1004/1004/1004 1011/1011/1011 1012/1012/1012
f 1012/1012/1012 1008/1008/1008 1004/1004/1004
f 1011/1011/1011 1016/1016/1016 1017/1017/1017
f 1017/1017/1017 1012/1012/1012 1011/1011/1011
f 1014/1014/1014 1020/1020/1020 1023/1023/1023
f 1023/1023/1023 1019/1019/1019 1014/1014/1014
f 1020/1020/1020 1024/1024/1024 1026/1026/1026
f 1026/1026/1026 1023/1023/1023 1020/1020/1020
f 1024/1024/1024 1028/1028/1028 1031/1031/1031
f 1031/1031/1031 1026/1026/1026 1024/1024/1024
f 1028/1028/1028 1033/1033/1033 1036/1036/1036
f 1036/1036/1036 1031/1031/1031 1028/1028/1028
f 1032/1032/1032 1039/1039/1039 1041/1041/1041
f 1041/1041/1041 1037/1037/1037 1032/1032/1032
f 1039/1039/1039 1043/1043/1043 1045/1045/1045
f 1045/1045/1045 1041/1041/1041 1039/1039/1039
f 1043/1043/1043 1046/1046/1046 1049/1049/1049
f 1049/1049/1049 1045/1045/1045 1043/1043/1043
f 1048/1048/1048 996/996/996 1003/1003/1003
f 1003/1003/1003 1050/1050/1050 1048/1048/1048
f 1042/1042/1042 1038/1038/1038 1034/1034/1034
f 1034/1034/1034 1029/1029/1029 1025/1025/1025
f 1025/1025/1025 1021/1021/1021 1015/1015/1015
f 1034/1034/1034 1025/1025/1025 1015/1015/1015
f 1015/1015/1015 1010/1010/1010 1005/1005/1005
f 1005/1005/1005 998/998/998 997/997/997
f 1015/1015/1015 1005/1005/1005 997/997/997
f 1034/1034/1034 1015/1015/1015 997/997/997
f 1042/1042/1042 1034/1034/1034 997/997/997
f 1047/1047/1047 1042/1042/1042 997/997/997
f 1001/1001/1001 1009/1009/1009 1013/1013/1013
f 1013/1013/1013 1018/1018/1018 1022/1022/1022
f 1022/1022/1022 1027/1027/1027 1030/1030/1030
f 1013/1013/1013 1022/1022/1022 1030/1030/1030
f 1030/1030/1030 1035/1035/1035 1040/1040/1040
f 1040/1040/1040 1044/1044/1044 1051/1051/1051
f 1030/1030/1030 1040/1040/1040 1051/1051/1051
f 1013/1013/1013 1030/1030/1030 1051/1051/1051
f 1001/1001/1001 1013/1013/1013 1051/1051/1051
f 1002/1002/1002 1001/1001/1001 1051/1051/1051
f 1054/1054/1054 1057/1057/1057 1060/1060/1060
f 1060/1060/1060 1061/1061/1061 1054/1054/1054
f 1056/1056/1056 1064/1064/1064 1068/1068/1068
f 1068/1068/1068 1058/1058/1058 1056/1056/1056
f 1065/1065/1065 1070/1070/1070 1074/1074/1074
f 1074/1074/1074 1067/1067/1067 1065/1065/1065
f 1071/1071/1071 1077/1077/1077 1080/1080/1080
f 1080/1080/1080 1075/1075/1075 1071/1071/1071
f 1078/1078/1078 1082/1082/1082 1085/1085/1085
f 1085/1085/1085 1079/1079/1079 1078/1078/1078
f 1084/1084/1084 1053/1053/1053 1062/1062/1062
f 1062/1062/1062 1087/1087/1087 1084/1084/1084
f 1076/1076/1076 1072/1072/1072 1066/1066/1066
f 1066/1066/1066 1055/1055/1055 1052/1052/1052
f 1076/1076/1076 1066/1066/1066 1052/1052/1052
f 1083/1083/1083 1076/1076/1076 1052/1052/1052
f 1059/1059/1059 1069/1069/1069 1073/1073/1073
f 1073/1073/1073 1081/1081/1081 1086/1086/1086
f 1059/1059/1059 1073/1073/1073 1086/1086/1086
f 1063/1063/1063 1059/1059/1059 1086/1086/1086
f 1088/1088/1088 1089/1089/1089 1091/1091/1091
f 1091/1091/1091 1092/1092/1092 1088/1088/1088
f 1089/1089/1089 1095/1095/1095 1096/1096/1096
f 1096/1096/1096 1091/1091/1091 1089/1089/1089
f 1094/1094/1094 1099/1099/1099 1100/1100/1100
f 1100/1100/1100 1097/1097/1097 1094/1094/1094
f 1099/1099/1099 1103/1103/1103 1105/1105/1105
f 1105/1105/1105 1100/1100/1100 1099/1099/1099
f 1102/1102/1102 1107/1107/1107 1108/1108/1108
f 1108/1108/1108 1106/1106/1106 1102/1102/1102
f 1107/1107/1107 1110/1110/1110 1111/1111/1111
f 1111/1111/1111 1108/1108/1108 1107/1107/1107
f 1110/1110/1110 1113/1113/1113 1115/1115/1115
f 1115/1115/1115 1111/1111/1111 1110/1110/1110
f 1113/1113/1113 1116/1116/1116 1118/1118/1118
f 1118/1118/1118 1115/1115/1115 1113/1113/1113
f 1117/1117/1117 1121/1121/1121 1123/1123/1123
f 1123/1123/1123 1120/1120/1120 1117/1117/1117
f 1121/1121/1121 1124/1124/1124 1128/1128/1128
f 1128/1128/1128 1123/1123/1123 1121/1121/1121
f 1125/1125/1125 1129/1129/1129 1130/1130/1130
f 1130/1130/1130 1126/1126/1126 1125/1125/1125
f 1129/1129/1129 1088/1088/1088 1092/1092/1092
f 1092/1092/1092 1130/1130/1130 1129/1129/1129
f 1090/1090/1090 1098/1098/1098 1101/1101/1101
f 1101/1101/1101 1104/1104/1104 1109/1109/1109
f 1109/1109/1109 1112/1112/1112 1114/1114/1114
f 1101/1101/1101 1109/1109/1109 1114/1114/1114
f 1114/1114/1114 1119/1119/1119 1122/1122/1122
f 1122/1122/1122 1127/1127/1127 1131/1131/1131
f 1114/1114/1114 1122/1122/1122 1131/1131/1131
f 1101/1101/1101 1114/1114/1114 1131/1131/1131
f 1090/1090/1090 1101/1101/1101 1131/1131/1131
f 1093/1093/1093 1090/1090/1090 1131/1131/1131
f 1134/1134/1134 1136/1136/1136 1139/1139/1139
f 1139/1139/1139 1142/1142/1142 1134/1134/1134
f 1145/1145/1145 1147/1147/1147 1137/1137/1137
f 1137/1137/1137 1133/1133/1133 1145/1145/1145
f 1146/1146/1146 1148/1148/1148 1138/1138/1138
f 1138/1138/1138 1135/1135/1135 1146/1146/1146
f 1149/1149/1149 1151/1151/1151 1143/1143/1143
f 1143/1143/1143 1140/1140/1140 1149/1149/1149
f 1150/1150/1150 1144/1144/1144 1132/1132/1132
f 1132/1132/1132 1141/1141/1141 1150/1150/1150
f 1152/1152/1152 1158/1158/1158 1161/1161/1161
f 1161/1161/1161 1162/1162/1162 1152/1152/1152
f 1168/1168/1168 1169/1169/1169 1176/1176/1176
f 1176/1176/1176 1181/1181/1181 1168/1168/1168
f 1165/1165/1165 1186/1186/1186 1187/1187/1187
f 1165/1165/1165 1187/1187/1187 1192/1192/1192
f 1165/1165/1165 1192/1192/1192 1173/1173/1173
f 1154/1154/1154 1164/1164/1164 1172/1172/1172
f 1170/1170/1170 1167/1167/1167 1193/1193/1193
f 1170/1170/1170 1193/1193/1193 1199/1199/1199
f 1170/1170/1170 1199/1199/1199 1201/1201/1201
f 1154/1154/1154 1172/1172/1172 1202/1202/1202
f 1163/1163/1163 1159/1159/1159 1205/1205/1205
f 1205/1205/1205 1185/1185/1185 1163/1163/1163
f 1155/1155/1155 1210/1210/1210 1211/1211/1211
f 1155/1155/1155 1211/1211/1211 1216/1216/1216
f 1155/1155/1155 1216/1216/1216 1180/1180/1180
f 1160/1160/1160 1157/1157/1157 1179/1179/1179
f 1178/1178/1178 1175/1175/1175 1219/1219/1219
f 1178/1178/1178 1219/1219/1219 1222/1222/1222
f 1178/1178/1178 1222/1222/1222 1206/1206/1206
f 1160/1160/1160 1179/1179/1179 1207/1207/1207
f 1156/1156/1156 1153/1153/1153 1200/1200/1200
f 1200/1200/1200 1208/1208/1208 1156/1156/1156
f 1224/1224/1224 1227/1227/1227 1231/1231/1231
f 1231/1231/1231 1235/1235/1235 1224/1224/1224
f 1236/1236/1236 1239/1239/1239 1242/1242/1242
f 1242/1242/1242 1247/1247/1247 1236/1236/1236
f 1226/1226/1226 1234/1234/1234 1240/1240/1240
f 1240/1240/1240 1237/1237/1237 1226/1226/1226
f 1233/1233/1233 1232/1232/1232 1244/1244/1244
f 1244/1244/1244 1241/1241/1241 1233/1233/1233
f 1230/1230/1230 1229/1229/1229 1246/1246/1246
f 1246/1246/1246 1243/1243/1243 1230/1230/1230
f 1228/1228/1228 1225/1225/1225 1238/1238/1238
f 1238/1238/1238 1245/1245/1245 1228/1228/1228
f 1218/1218/1218 1177/1177/1177 1171/1171/1171
f 1174/1174/1174 1191/1191/1191 1220/1220/1220
f 1194/1194/1194 1166/1166/1166 1183/1183/1183
f 1182/1182/1182 1214/1214/1214 1196/1196/1196
f 1221/1221/1221 1217/1217/1217 1190/1190/1190
f 1190/1190/1190 1188/1188/1188 1221/1221/1221
f 1204/1204/1204 1223/1223/1223 1189/1189/1189
f 1189/1189/1189 1184/1184/1184 1204/1204/1204
f 1197/1197/1197 1195/1195/1195 1215/1215/1215
f 1215/1215/1215 1213/1213/1213 1197/1197/1197
f 1203/1203/1203 1198/1198/1198 1212/1212/1212
f 1212/1212/1212 1209/1209/1209 1203/1203/1203
f 1249/1249/1249 1251/1251/1251 1256/1256/1256
f 1256/1256/1256 1259/1259/1259 1249/1249/1249
f 1261/1261/1261 1265/1265/1265 1254/1254/1254
f 1254/1254/1254 1252/1252/1252 1261/1261/1261
f 1253/1253/1253 1250/1250/1250 1267/1267/1267
f 1253/1253/1253 1267/1267/1267 1270/1270/1270
f 1253/1253/1253 1270/1270/1270 1260/1260/1260
f 1257/1257/1257 1255/1255/1255 1264/1264/1264
f 1257/1257/1257 1264/1264/1264 1272/1272/1272
f 1257/1257/1257 1272/1272/1272 1274/1274/1274
f 1278/1278/1278 1279/1279/1279 1282/1282/1282
f 1282/1282/1282 1286/1286/1286 1278/1278/1278
f 1276/1276/1276 1288/1288/1288 1292/1292/1292
f 1292/1292/1292 1280/1280/1280 1276/1276/1276
f 1296/1296/1296 1284/1284/1284 1281/1281/1281
f 1281/1281/1281 1293/1293/1293 1297/1297/1297
f 1296/1296/1296 1281/1281/1281 1297/1297/1297
f 1289/1289/1289 1277/1277/1277 1285/1285/1285
f 1285/1285/1285 1299/1299/1299 1302/1302/1302
f 1289/1289/1289 1285/1285/1285 1302/1302/1302
f 1287/1287/1287 1283/1283/1283 1248/1248/1248
f 1248/1248/1248 1258/1258/1258 1287/1287/1287
f 1291/1291/1291 1290/1290/1290 1263/1263/1263
f 1263/1263/1263 1262/1262/1262 1291/1291/1291
f 1283/1283/1283 1294/1294/1294 1268/1268/1268
f 1268/1268/1268 1248/1248/1248 1283/1283/1283
f 1295/1295/1295 1298/1298/1298 1269/1269/1269
f 1269/1269/1269 1266/1266/1266 1295/1295/1295
f 1298/1298/1298 1291/1291/1291 1262/1262/1262
f 1262/1262/1262 1269/1269/1269 1298/1298/1298
f 1290/1290/1290 1303/1303/1303 1271/1271/1271
f 1271/1271/1271 1263/1263/1263 1290/1290/1290
f 1303/1303/1303 1300/1300/1300 1275/1275/1275
f 1275/1275/1275 1271/1271/1271 1303/1303/1303
f 1301/1301/1301 1287/1287/1287 1258/1258/1258
f 1258/1258/1258 1273/1273/1273 1301/1301/1301
f 1304/1304/1304 1307/1307/1307 1310/1310/1310
f 1304/1304/1304 1310/1310/1310 1316/1316/1316
f 1304/1304/1304 1316/1316/1316 1318/1318/1318
f 1304/1304/1304 1318/1318/1318 1323/1323/1323
f 1304/1304/1304 1323/1323/1323 1325/1325/1325
f 1326/1326/1326 1329/1329/1329 1332/1332/1332
f 1326/1326/1326 1332/1332/1332 1337/1337/1337
f 1326/1326/1326 1337/1337/1337 1339/1339/1339
f 1326/1326/1326 1339/1339/1339 1343/1343/1343
f 1326/1326/1326 1343/1343/1343 1348/1348/1348
f 1304/1304/1304 1326/1326/1326 1348/1348/1348
f 1304/1304/1304 1348/1348/1348 1349/1349/1349
f 1354/1354/1354 1356/1356/1356 1357/1357/1357
f 1357/1357/1357 1360/1360/1360 1354/1354/1354
f 1305/1305/1305 1350/1350/1350 1353/1353/1353
f 1353/1353/1353 1361/1361/1361 1305/1305/1305
f 1351/1351/1351 1346/1346/1346 1362/1362/1362
f 1351/1351/1351 1362/1362/1362 1355/1355/1355
f 1351/1351/1351 1355/1355/1355 1352/1352/1352
f 1328/1328/1328 1327/1327/1327 1365/1365/1365
f 1365/1365/1365 1370/1370/1370 1328/1328/1328
f 1308/1308/1308 1306/1306/1306 1359/1359/1359
f 1308/1308/1308 1359/1359/1359 1358/1358/1358
f 1308/1308/1308 1358/1358/1358 1372/1372/1372
f 1378/1378/1378 1363/1363/1363 1347/1347/1347
f 1347/1347/1347 1345/1345/1345 1378/1378/1378
f 1381/1381/1381 1367/1367/1367 1324/1324/1324
f 1324/1324/1324 1321/1321/1321 1381/1381/1381
f 1384/1384/1384 1376/1376/1376 1344/1344/1344
f 1342/1342/1342 1341/1341/1341 1382/1382/1382
f 1386/1386/1386 1385/1385/1385 1340/1340/1340
f 1340/1340/1340 1338/1338/1338 1386/1386/1386
f 1390/1390/1390 1388/1388/1388 1336/1336/1336
f 1335/1335/1335 1331/1331/1331 1392/1392/1392
f 1371/1371/1371 1389/1389/1389 1333/1333/1333
f 1334/1334/1334 1330/1330/1330 1368/1368/1368
f 1394/1394/1394 1379/1379/1379 1320/1320/1320
f 1322/1322/1322 1317/1317/1317 1393/1393/1393
f 1397/1397/1397 1396/1396/1396 1319/1319/1319
f 1319/1319/1319 1315/1315/1315 1397/1397/1397
f 1401/1401/1401 1398/1398/1398 1314/1314/1314
f 1314/1314/1314 1311/1311/1311 1401/1401/1401
f 1374/1374/1374 1400/1400/1400 1312/1312/1312
f 1313/1313/1313 1309/1309/1309 1373/1373/1373
f 1364/1364/1364 1377/1377/1377 1383/1383/1383
f 1383/1383/1383 1387/1387/1387 1391/1391/1391
f 1391/1391/1391 1369/1369/1369 1366/1366/1366
f 1383/1383/1383 1391/1391/1391 1366/1366/1366
f 1366/1366/1366 1380/1380/1380 1395/1395/1395
f 1395/1395/1395 1399/1399/1399 1402/1402/1402
f 1366/1366/1366 1395/1395/1395 1402/1402/1402
f 1383/1383/1383 1366/1366/1366 1402/1402/1402
f 1402/1402/1402 1375/1375/1375 1357/1357/1357
f 1383/1383/1383 1402/1402/1402 1357/1357/1357
f 1364/1364/1364 1383/1383/1383 1357/1357/1357
f 1356/1356/1356 1364/1364/1364 1357/1357/1357
f 1405/1405/1405 1408/1408/1408 1411/1411/1411
f 1411/1411/1411 1414/1414/1414 1405/1405/1405
f 1415/1415/1415 1418/1418/1418 1421/1421/1421
f 1421/1421/1421 1426/1426/1426 1415/1415/1415
f 1425/1425/1425 1422/1422/1422 1409/1409/1409
f 1409/1409/1409 1406/1406/1406 1425/1425/1425
f 1416/1416/1416 1424/1424/1424 1407/1407/1407
f 1407/1407/1407 1404/1404/1404 1416/1416/1416
f 1420/1420/1420 1417/1417/1417 1403/1403/1403
f 1403/1403/1403 1413/1413/1413 1420/1420/1420
f 1423/1423/1423 1419/1419/1419 1412/1412/1412
f 1412/1412/1412 1410/1410/1410 1423/1423/1423
f 1428/1428/1428 1431/1431/1431 1433/1433/1433
f 1433/1433/1433 1437/1437/1437 1428/1428/1428
f 1440/1440/1440 1442/1442/1442 1445/1445/1445
f 1445/1445/1445 1449/1449/1449 1440/1440/1440
f 1450/1450/1450 1447/1447/1447 1434/1434/1434
f 1434/1434/1434 1432/1432/1432 1450/1450/1450
f 1439/1439/1439 1448/1448/1448 1430/1430/1430
f 1430/1430/1430 1429/1429/1429 1439/1439/1439
f 1443/1443/1443 1441/1441/1441 1427/1427/1427
f 1427/1427/1427 1438/1438/1438 1443/1443/1443
f 1446/1446/1446 1444/1444/1444 1436/1436/1436
f 1436/1436/1436 1435/1435/1435 1446/1446/1446
f 1452/1452/1452 1456/1456/1456 1457/1457/1457
f 1457/1457/1457 1461/1461/1461 1452/1452/1452
f 1464/1464/1464 1467/1467/1467 1470/1470/1470
f 1470/1470/1470 1473/1473/1473 1464/1464/1464
f 1472/1472/1472 1471/1471/1471 1458/1458/1458
f 1458/1458/1458 1454/1454/1454 1472/1472/1472
f 1463/1463/1463 1474/1474/1474 1455/1455/1455
f 1455/1455/1455 1451/1451/1451 1463/1463/1463
f 1468/1468/1468 1465/1465/1465 1453/1453/1453
f 1453/1453/1453 1462/1462/1462 1468/1468/1468
f 1469/1469/1469 1466/1466/1466 1460/1460/1460
f 1460/1460/1460 1459/1459/1459 1469/1469/1469
f 1476/1476/1476 1478/1478/1478 1481/1481/1481
f 1481/1481/1481 1484/1484/1484 1476/1476/1476
f 1489/1489/1489 1492/1492/1492 1493/1493/1493
f 1493/1493/1493 1496/1496/1496 1489/1489/1489
f 1498/1498/1498 1494/1494/1494 1482/1482/1482
f 1482/1482/1482 1479/1479/1479 1498/1498/1498
f 1488/1488/1488 1497/1497/1497 1480/1480/1480
f 1480/1480/1480 1477/1477/1477 1488/1488/1488
f 1490/1490/1490 1487/1487/1487 1475/1475/1475
f 1475/1475/1475 1485/1485/1485 1490/1490/1490
f 1495/1495/1495 1491/1491/1491 1486/1486/1486
f 1486/1486/1486 1483/1483/1483 1495/1495/1495
f 1500/1500/1500 1502/1502/1502 1505/1505/1505
f 1505/1505/1505 1508/1508/1508 1500/1500/1500
f 1512/1512/1512 1516/1516/1516 1518/1518/1518
f 1518/1518/1518 1520/1520/1520 1512/1512/1512
f 1522/1522/1522 1519/1519/1519 1506/1506/1506
f 1506/1506/1506 1503/1503/1503 1522/1522/1522
f 1513/1513/1513 1521/1521/1521 1504/1504/1504
f 1504/1504/1504 1501/1501/1501 1513/1513/1513
f 1514/1514/1514 1511/1511/1511 1499/1499/1499
f 1499/1499/1499 1510/1510/1510 1514/1514/1514
f 1517/1517/1517 1515/1515/1515 1509/1509/1509
f 1509/1509/1509 1507/1507/1507 1517/1517/1517
f 1523/1523/1523 1527/1527/1527 1531/1531/1531
f 1531/1531/1531 1533/1533/1533 1523/1523/1523
f 1536/1536/1536 1540/1540/1540 1541/1541/1541
f 1541/1541/1541 1546/1546/1546 1536/1536/1536
f 1545/1545/1545 1543/1543/1543 1530/1530/1530
f 1530/1530/1530 1526/1526/1526 1545/1545/1545
f 1537/1537/1537 1544/1544/1544 1528/1528/1528
f 1528/1528/1528 1524/1524/1524 1537/1537/1537
f 1539/1539/1539 1535/1535/1535 1525/1525/1525
f 1525/1525/1525 1534/1534/1534 1539/1539/1539
f 1542/1542/1542 1538/1538/1538 1532/1532/1532
f 1532/1532/1532 1529/1529/1529 1542/1542/1542
f 1547/1547/1547 1550/1550/1550 1555/1555/1555
f 1555/1555/1555 1556/1556/1556 1547/1547/1547
f 1560/1560/1560 1562/1562/1562 1565/1565/1565
f 1565/1565/1565 1569/1569/1569 1560/1560/1560
f 1570/1570/1570 1566/1566/1566 1553/1553/1553
f 1553/1553/1553 1552/1552/1552 1570/1570/1570
f 1559/1559/1559 1568/1568/1568 1551/1551/1551
f 1551/1551/1551 1549/1549/1549 1559/1559/1559
f 1564/1564/1564 1561/1561/1561 1548/1548/1548
f 1548/1548/1548 1557/1557/1557 1564/1564/1564
f 1567/1567/1567 1563/1563/1563 1558/1558/1558
f 1558/1558/1558 1554/1554/1554 1567/1567/1567
f 1573/1573/1573 1576/1576/1576 1579/1579/1579
f 1579/1579/1579 1580/1580/1580 1573/1573/1573
f 1583/1583/1583 1588/1588/1588 1590/1590/1590
f 1590/1590/1590 1593/1593/1593 1583/1583/1583
f 1594/1594/1594 1591/1591/1591 1578/1578/1578
f 1578/1578/1578 1575/1575/1575 1594/1594/1594
f 1585/1585/1585 1592/1592/1592 1574/1574/1574
f 1574/1574/1574 1571/1571/1571 1585/1585/1585
f 1586/1586/1586 1584/1584/1584 1572/1572/1572
f 1572/1572/1572 1581/1581/1581 1586/1586/1586
f 1589/1589/1589 1587/1587/1587 1582/1582/1582
f 1582/1582/1582 1577/1577/1577 1589/1589/1589
f 1597/1597/1597 1600/1600/1600 1601/1601/1601
f 1601/1601/1601 1606/1606/1606 1597/1597/1597
f 1608/1608/1608 1610/1610/1610 1613/1613/1613
f 1613/1613/1613 1617/1617/1617 1608/1608/1608
f 1616/1616/1616 1615/1615/1615 1602/1602/1602
f 1602/1602/1602 1599/1599/1599 1616/1616/1616
f 1607/1607/1607 1618/1618/1618 1598/1598/1598
f 1598/1598/1598 1595/1595/1595 1607/1607/1607
f 1612/1612/1612 1609/1609/1609 1596/1596/1596
f 1596/1596/1596 1605/1605/1605 1612/1612/1612
f 1614/1614/1614 1611/1611/1611 1604/1604/1604
f 1604/1604/1604 1603/1603/1603 1614/1614/1614
f 1621/1621/1621 1623/1623/1623 1626/1626/1626
f 1626/1626/1626 1628/1628/1628 1621/1621/1621
f 1631/1631/1631 1635/1635/1635 1638/1638/1638
f 1638/1638/1638 1641/1641/1641 1631/1631/1631
f 1640/1640/1640 1639/1639/1639 1625/1625/1625
f 1625/1625/1625 1622/1622/1622 1640/1640/1640
f 1632/1632/1632 1642/1642/1642 1624/1624/1624
f 1624/1624/1624 1620/1620/1620 1632/1632/1632
f 1636/1636/1636 1633/1633/1633 1619/1619/1619
f 1619/1619/1619 1630/1630/1630 1636/1636/1636
f 1637/1637/1637 1634/1634/1634 1629/1629/1629
f 1629/1629/1629 1627/1627/1627 1637/1637/1637
f 1645/1645/1645 1648/1648/1648 1651/1651/1651
f 1651/1651/1651 1653/1653/1653 1645/1645/1645
f 1655/1655/1655 1659/1659/1659 1663/1663/1663
f 1663/1663/1663 1666/1666/1666 1655/1655/1655
f 1665/1665/1665 1661/1661/1661 1649/1649/1649
f 1649/1649/1649 1647/1647/1647 1665/1665/1665
f 1657/1657/1657 1664/1664/1664 1646/1646/1646
f 1646/1646/1646 1643/1643/1643 1657/1657/1657
f 1660/1660/1660 1656/1656/1656 1644/1644/1644
f 1644/1644/1644 1654/1654/1654 1660/1660/1660
f 1662/1662/1662 1658/1658/1658 1652/1652/1652
f 1652/1652/1652 1650/1650/1650 1662/1662/1662
f 1668/1668/1668 1670/1670/1670 1674/1674/1674
f 1674/1674/1674 1676/1676/1676 1668/1668/1668
f 1680/1680/1680 1682/1682/1682 1686/1686/1686
f 1686/1686/1686 1689/1689/1689 1680/1680/1680
f 1690/1690/1690 1687/1687/1687 1673/1673/1673
f 1673/1673/1673 1672/1672/1672 1690/1690/1690
f 1679/1679/1679 1688/1688/1688 1671/1671/1671
f 1671/1671/1671 1669/1669/1669 1679/1679/1679
f 1684/1684/1684 1681/1681/1681 1667/1667/1667
f 1667/1667/1667 1677/1677/1677 1684/1684/1684
f 1685/1685/1685 1683/1683/1683 1678/1678/1678
f 1678/1678/1678 1675/1675/1675 1685/1685/1685
f 1693/1693/1693 1695/1695/1695 1697/1697/1697
f 1697/1697/1697 1700/1700/1700 1693/1693/1693
f 1703/1703/1703 1706/1706/1706 1711/1711/1711
f 1711/1711/1711 1714/1714/1714 1703/1703/1703
f 1712/1712/1712 1709/1709/1709 1698/1698/1698
f 1698/1698/1698 1694/1694/1694 1712/1712/1712
f 1705/1705/1705 1713/1713/1713 1696/1696/1696
f 1696/1696/1696 1692/1692/1692 1705/1705/1705
f 1708/1708/1708 1704/1704/1704 1691/1691/1691
f 1691/1691/1691 1702/1702/1702 1708/1708/1708
f 1710/1710/1710 1707/1707/1707 1701/1701/1701
f 1701/1701/1701 1699/1699/1699 1710/1710/1710
f 1715/1715/1715 1718/1718/1718 1721/1721/1721
f 1721/1721/1721 1726/1726/1726 1715/1715/1715
f 1729/1729/1729 1731/1731/1731 1733/1733/1733
f 1733/1733/1733 1738/1738/1738 1729/1729/1729
f 1736/1736/1736 1734/1734/1734 1722/1722/1722
f 1722/1722/1722 1719/1719/1719 1736/1736/1736
f 1727/1727/1727 1737/1737/1737 1720/1720/1720
f 1720/1720/1720 1716/1716/1716 1727/1727/1727
f 1732/1732/1732 1728/1728/1728 1717/1717/1717
f 1717/1717/1717 1724/1724/1724 1732/1732/1732
f 1735/1735/1735 1730/1730/1730 1725/1725/1725
f 1725/1725/1725 1723/1723/1723 1735/1735/1735
f 1739/1739/1739 1743/1743/1743 1745/1745/1745
f 1745/1745/1745 1750/1750/1750 1739/1739/1739
f 1751/1751/1751 1755/1755/1755 1759/1759/1759
f 1759/1759/1759 1761/1761/1761 1751/1751/1751
f 1762/1762/1762 1757/1757/1757 1747/1747/1747
f 1747/1747/1747 1742/1742/1742 1762/1762/1762
f 1752/1752/1752 1760/1760/1760 1744/1744/1744
f 1744/1744/1744 1741/1741/1741 1752/1752/1752
f 1756/1756/1756 1753/1753/1753 1740/1740/1740
f 1740/1740/1740 1749/1749/1749 1756/1756/1756
f 1758/1758/1758 1754/1754/1754 1748/1748/1748
f 1748/1748/1748 1746/1746/1746 1758/1758/1758
f 1765/1765/1765 1768/1768/1768 1771/1771/1771
f 1771/1771/1771 1774/1774/1774 1765/1765/1765
f 1775/1775/1775 1779/1779/1779 1783/1783/1783
f 1783/1783/1783 1784/1784/1784 1775/1775/1775
f 1786/1786/1786 1781/1781/1781 1769/1769/1769
f 1769/1769/1769 1767/1767/1767 1786/1786/1786
f 1777/1777/1777 1785/1785/1785 1766/1766/1766
f 1766/1766/1766 1763/1763/1763 1777/1777/1777
f 1780/1780/1780 1776/1776/1776 1764/1764/1764
f 1764/1764/1764 1772/1772/1772 1780/1780/1780
f 1782/1782/1782 1778/1778/1778 1773/1773/1773
f 1773/1773/1773 1770/1770/1770 1782/1782/1782
f 1788/1788/1788 1790/1790/1790 1795/1795/1795
f 1795/1795/1795 1798/1798/1798 1788/1788/1788
f 1801/1801/1801 1803/1803/1803 1805/1805/1805
f 1805/1805/1805 1808/1808/1808 1801/1801/1801
f 1810/1810/1810 1807/1807/1807 1794/1794/1794
f 1794/1794/1794 1792/1792/1792 1810/1810/1810
f 1800/1800/1800 1809/1809/1809 1791/1791/1791
f 1791/1791/1791 1789/1789/1789 1800/1800/1800
f 1802/1802/1802 1799/1799/1799 1787/1787/1787
f 1787/1787/1787 1797/1797/1797 1802/1802/1802
f 1806/1806/1806 1804/1804/1804 1796/1796/1796
f 1796/1796/1796 1793/1793/1793 1806/1806/1806
f 1813/1813/1813 1814/1814/1814 1819/1819/1819
f 1819/1819/1819 1820/1820/1820 1813/1813/1813
f 1824/1824/1824 1826/1826/1826 1831/1831/1831
f 1831/1831/1831 1832/1832/1832 1824/1824/1824
f 1834/1834/1834 1830/1830/1830 1818/1818/1818
f 1818/1818/1818 1815/1815/1815 1834/1834/1834
f 1825/1825/1825 1833/1833/1833 1816/1816/1816
f 1816/1816/1816 1812/1812/1812 1825/1825/1825
f 1827/1827/1827 1823/1823/1823 1811/1811/1811
f 1811/1811/1811 1822/1822/1822 1827/1827/1827
f 1829/1829/1829 1828/1828/1828 1821/1821/1821
f 1821/1821/1821 1817/1817/1817 1829/1829/1829
f 1836/1836/1836 1838/1838/1838 1841/1841/1841
f 1841/1841/1841 1844/1844/1844 1836/1836/1836
f 1849/1849/1849 1852/1852/1852 1853/1853/1853
f 1853/1853/1853 1856/1856/1856 1849/1849/1849
f 1857/1857/1857 1854/1854/1854 1842/1842/1842
f 1842/1842/1842 1839/1839/1839 1857/1857/1857
f 1848/1848/1848 1858/1858/1858 1840/1840/1840
f 1840/1840/1840 1837/1837/1837 1848/1848/1848
f 1851/1851/1851 1847/1847/1847 1835/1835/1835
f 1835/1835/1835 1845/1845/1845 1851/1851/1851
f 1855/1855/1855 1850/1850/1850 1846/1846/1846
f 1846/1846/1846 1843/1843/1843 1855/1855/1855
f 1860/1860/1860 1864/1864/1864 1866/1866/1866
f 1866/1866/1866 1869/1869/1869 1860/1860/1860
f 1873/1873/1873 1876/1876/1876 1877/1877/1877
f 1877/1877/1877 1881/1881/1881 1873/1873/1873
f 1882/1882/1882 1878/1878/1878 1865/1865/1865
f 1865/1865/1865 1863/1863/1863 1882/1882/1882
f 1872/1872/1872 1880/1880/1880 1862/1862/1862
f 1862/1862/1862 1861/1861/1861 1872/1872/1872
f 1875/1875/1875 1871/1871/1871 1859/1859/1859
f 1859/1859/1859 1868/1868/1868 1875/1875/1875
f 1879/1879/1879 1874/1874/1874 1870/1870/1870
f 1870/1870/1870 1867/1867/1867 1879/1879/1879
f 1885/1885/1885 1888/1888/1888 1891/1891/1891
f 1891/1891/1891 1894/1894/1894 1885/1885/1885
f 1896/1896/1896 1900/1900/1900 1901/1901/1901
f 1901/1901/1901 1904/1904/1904 1896/1896/1896
f 1905/1905/1905 1902/1902/1902 1889/1889/1889
f 1889/1889/1889 1887/1887/1887 1905/1905/1905
f 1897/1897/1897 1906/1906/1906 1886/1886/1886
f 1886/1886/1886 1883/1883/1883 1897/1897/1897
f 1899/1899/1899 1895/1895/1895 1884/1884/1884
f 1884/1884/1884 1892/1892/1892 1899/1899/1899
f 1903/1903/1903 1898/1898/1898 1893/1893/1893
f 1893/1893/1893 1890/1890/1890 1903/1903/1903
f 1908/1908/1908 1912/1912/1912 1913/1913/1913
f 1913/1913/1913 1917/1917/1917 1908/1908/1908
f 1921/1921/1921 1922/1922/1922 1925/1925/1925
f 1925/1925/1925 1928/1928/1928 1921/1921/1921
f 1929/1929/1929 1927/1927/1927 1915/1915/1915
f 1915/1915/1915 1910/1910/1910 1929/1929/1929
f 1920/1920/1920 1930/1930/1930 1911/1911/1911
f 1911/1911/1911 1907/1907/1907 1920/1920/1920
f 1924/1924/1924 1919/1919/1919 1909/1909/1909
f 1909/1909/1909 1916/1916/1916 1924/1924/1924
f 1926/1926/1926 1923/1923/1923 1918/1918/1918
f 1918/1918/1918 1914/1914/1914 1926/1926/1926
f 1932/1932/1932 1936/1936/1936 1939/1939/1939
f 1939/1939/1939 1941/1941/1941 1932/1932/1932
f 1944/1944/1944 1948/1948/1948 1950/1950/1950
f 1950/1950/1950 1952/1952/1952 1944/1944/1944
f 1953/1953/1953 1951/1951/1951 1938/1938/1938
f 1938/1938/1938 1934/1934/1934 1953/1953/1953
f 1945/1945/1945 1954/1954/1954 1935/1935/1935
f 1935/1935/1935 1931/1931/1931 1945/1945/1945
f 1947/1947/1947 1943/1943/1943 1933/1933/1933
f 1933/1933/1933 1940/1940/1940 1947/1947/1947
f 1949/1949/1949 1946/1946/1946 1942/1942/1942
f 1942/1942/1942 1937/1937/1937 1949/1949/1949
f 1957/1957/1957 1959/1959/1959 1961/1961/1961
f 1961/1961/1961 1965/1965/1965 1957/1957/1957
f 1968/1968/1968 1972/1972/1972 1975/1975/1975
f 1975/1975/1975 1977/1977/1977 1968/1968/1968
f 1978/1978/1978 1973/1973/1973 1963/1963/1963
f 1963/1963/1963 1958/1958/1958 1978/1978/1978
f 1969/1969/1969 1976/1976/1976 1960/1960/1960
f 1960/1960/1960 1956/1956/1956 1969/1969/1969
f 1971/1971/1971 1967/1967/1967 1955/1955/1955
f 1955/1955/1955 1964/1964/1964 1971/1971/1971
f 1974/1974/1974 1970/1970/1970 1966/1966/1966
f 1966/1966/1966 1962/1962/1962 1974/1974/1974
f 1979/1979/1979 1984/1984/1984 1986/1986/1986
f 1986/1986/1986 1988/1988/1988 1979/1979/1979
f 1991/1991/1991 1994/1994/1994 1997/1997/1997
f 1997/1997/1997 2002/2002/2002 1991/1991/1991
f 2001/2001/2001 1998/1998/1998 1987/1987/1987
f 1987/1987/1987 1982/1982/1982 2001/2001/2001
f 1993/1993/1993 2000/2000/2000 1983/1983/1983
f 1983/1983/1983 1980/1980/1980 1993/1993/1993
f 1995/1995/1995 1992/1992/1992 1981/1981/1981
f 1981/1981/1981 1989/1989/1989 1995/1995/1995
f 1999/1999/1999 1996/1996/1996 1990/1990/1990
f 1990/1990/1990 1985/1985/1985 1999/1999/1999
f 2003/2003/2003 2007/2007/2007 2011/2011/2011
f 2011/2011/2011 2013/2013/2013 2003/2003/2003
f 2015/2015/2015 2020/2020/2020 2023/2023/2023
f 2023/2023/2023 2025/2025/2025 2015/2015/2015
f 2024/2024/2024 2021/2021/2021 2010/2010/2010
f 2010/2010/2010 2006/2006/2006 2024/2024/2024
f 2016/2016/2016 2026/2026/2026 2008/2008/2008
f 2008/2008/2008 2004/2004/2004 2016/2016/2016
f 2019/2019/2019 2017/2017/2017 2005/2005/2005
f 2005/2005/2005 2014/2014/2014 2019/2019/2019
f 2022/2022/2022 2018/2018/2018 2012/2012/2012
f 2012/2012/2012 2009/2009/2009 2022/2022/2022
f 2027/2027/2027 2028/2028/2028 2029/2029/2029
f 2029/2029/2029 2030/2030/2030 2027/2027/2027
f 2031/2031/2031 2032/2032/2032 2033/2033/2033
f 2033/2033/2033 2034/2034/2034 2031/2031/2031
f 2035/2035/2035 2036/2036/2036 2037/2037/2037
f 2037/2037/2037 2038/2038/2038 2035/2035/2035
f 2039/2039/2039 2040/2040/2040 2041/2041/2041
f 2041/2041/2041 2042/2042/2042 2039/2039/2039
f 2043/2043/2043 2044/2044/2044 2045/2045/2045
f 2045/2045/2045 2046/2046/2046 2043/2043/2043
f 2047/2047/2047 2048/2048/2048 2049/2049/2049
f 2049/2049/2049 2050/2050/2050 2047/2047/2047
f 2051/2051/2051 2055/2055/2055 2057/2057/2057
f 2057/2057/2057 2060/2060/2060 2051/2051/2051
f 2063/2063/2063 2067/2067/2067 2069/2069/2069
f 2069/2069/2069 2073/2073/2073 2063/2063/2063
f 2072/2072/2072 2070/2070/2070 2053/2053/2053
f 2053/2053/2053 2061/2061/2061 2072/2072/2072
f 2064/2064/2064 2074/2074/2074 2062/2062/2062
f 2062/2062/2062 2059/2059/2059 2064/2064/2064
f 2066/2066/2066 2065/2065/2065 2058/2058/2058
f 2058/2058/2058 2054/2054/2054 2066/2066/2066
f 2071/2071/2071 2068/2068/2068 2056/2056/2056
f 2056/2056/2056 2052/2052/2052 2071/2071/2071
f 2076/2076/2076 2078/2078/2078 2082/2082/2082
f 2082/2082/2082 2085/2085/2085 2076/2076/2076
f 2089/2089/2089 2092/2092/2092 2093/2093/2093
f 2093/2093/2093 2098/2098/2098 2089/2089/2089
f 2096/2096/2096 2095/2095/2095 2077/2077/2077
f 2077/2077/2077 2086/2086/2086 2096/2096/2096
f 2087/2087/2087 2097/2097/2097 2084/2084/2084
f 2084/2084/2084 2083/2083/2083 2087/2087/2087
f 2090/2090/2090 2088/2088/2088 2081/2081/2081
f 2081/2081/2081 2080/2080/2080 2090/2090/2090
f 2094/2094/2094 2091/2091/2091 2079/2079/2079
f 2079/2079/2079 2075/2075/2075 2094/2094/2094

