# https://github.com/mikedh/trimesh
mtllib material.mtl

o Object_0
usemtl wire_088088225
v -15.62500000 15.62500000 9.37500000
v -14.00609970 14.98200035 9.37500000
v -13.79259968 15.00000000 9.37500000
v -16.25000000 15.62500000 9.37500000
v -16.25000000 -6.25000000 9.37500000
v -15.62500000 -6.25000000 9.37500000
v 15.62500000 15.62500000 9.37500000
v 14.63109970 14.98200035 9.37500000
v 14.83629990 14.92840004 9.37500000
v 15.62500000 -6.25000000 9.37500000
v 16.25000000 -6.25000000 9.37500000
v 15.62500000 13.79259968 9.37500000
v 16.25000000 15.62500000 9.37500000
v 15.62500000 13.79259968 9.37500000
v 16.25000000 15.62500000 9.37500000
v 15.60700035 14.00609970 9.37500000
v 15.62500000 -9.37500000 9.37500000
v 14.63109970 -8.73200035 9.37500000
v 14.41759968 -8.75000000 9.37500000
v -15.62500000 -9.37500000 9.37500000
v -14.00609970 -8.73200035 9.37500000
v -14.21129990 -8.67840004 9.37500000
v -15.62500000 -6.25000000 9.37500000
v -14.98200035 -7.75610018 9.37500000
v 14.41759968 15.00000000 9.37500000
v 15.62500000 -7.54260015 9.37500000
v 15.60700035 -7.75610018 9.37500000
v 15.55340004 -7.96129990 9.37500000
v -15.00000000 -7.54260015 9.37500000
v -15.62500000 -6.25000000 9.37500000
v -15.00000000 -7.54260015 9.37500000
v -15.00000000 13.79259968 9.37500000
v -16.25000000 15.62500000 9.37500000
v -16.25000000 15.62500000 9.37500000
v -15.00000000 13.79259968 9.37500000
v -14.98200035 14.00609970 9.37500000
v -14.92840004 14.21129990 9.37500000
v 15.34659958 -8.32409954 9.37500000
v 15.27610016 -8.40110016 9.37500000
v -13.79259968 -8.75000000 9.37500000
v -14.57409954 -8.47159958 9.37500000
v -14.65110016 -8.40110016 9.37500000
v 15.40999985 -8.24100018 9.37500000
v -14.49100018 -8.53499985 9.37500000
v -14.65110016 14.65110016 9.37500000
v -14.72159958 14.57409954 9.37500000
v -14.78499985 14.49100018 9.37500000
v 15.11600018 14.78499985 9.37500000
v 15.19909954 14.72159958 9.37500000
v 15.27610016 14.65110016 9.37500000
v 15.34659958 14.57409954 9.37500000
v 15.40999985 14.49100018 9.37500000
v 15.46580029 14.40240002 9.37500000
v -14.57409954 14.72159958 9.37500000
v -14.49100018 14.78499985 9.37500000
v -14.40240002 14.84080029 9.37500000
v 14.93389988 14.88869953 9.37500000
v 15.02740002 14.84080029 9.37500000
v 15.51369953 14.30889988 9.37500000
v 15.55340004 14.21129990 9.37500000
v 15.19909954 -8.47159958 9.37500000
v 15.11600018 -8.53499985 9.37500000
v 15.02740002 -8.59080029 9.37500000
v -14.72159958 -8.32409954 9.37500000
v -14.78499985 -8.24100018 9.37500000
v -14.84080029 -8.15240002 9.37500000
v -14.88869953 14.30889988 9.37500000
v -14.84080029 14.40240002 9.37500000
v -14.30889988 14.88869953 9.37500000
v -14.21129990 14.92840004 9.37500000
v 15.51369953 -8.05889988 9.37500000
v 15.46580029 -8.15240002 9.37500000
v 14.93389988 -8.63869953 9.37500000
v 14.83629990 -8.67840004 9.37500000
v -14.30889988 -8.63869953 9.37500000
v -14.40240002 -8.59080029 9.37500000
v -14.88869953 -8.05889988 9.37500000
v -14.92840004 -7.96129990 9.37500000
v -15.62500000 -9.37500000 0.00000000
v -15.62500000 15.62500000 9.37500000
v -15.62500000 15.62500000 0.00000000
v -15.62500000 -15.62500000 0.00000000
v -15.62500000 -15.62500000 3.12500000
v -15.62500000 -6.25000000 9.37500000
v -15.62500000 -9.37500000 9.37500000
v 15.62500000 -9.37500000 9.37500000
v 15.62500000 -15.62500000 3.12500000
v 15.62500000 -7.54260015 9.37500000
v 15.62500000 -15.62500000 0.00000000
v 15.62500000 -7.54260015 9.37500000
v 15.62500000 -15.62500000 0.00000000
v 15.62500000 -6.25000000 9.37500000
v 15.62500000 -9.37500000 0.00000000
v 15.62500000 15.62500000 0.00000000
v 15.62500000 15.62500000 9.37500000
v 16.25000000 -9.37500000 0.00000000
v 16.25000000 -15.62500000 0.00000000
v 15.62500000 -9.37500000 0.00000000
v 15.62500000 -15.62500000 0.00000000
v 15.62500000 -9.37500000 0.00000000
v 15.62500000 -15.62500000 0.00000000
v -15.62500000 -9.37500000 0.00000000
v -15.62500000 -9.37500000 0.00000000
v -15.62500000 -15.62500000 0.00000000
v -15.62500000 -15.62500000 0.00000000
v -16.25000000 -9.37500000 0.00000000
v -16.25000000 -9.37500000 0.00000000
v -16.25000000 -15.62500000 0.00000000
v 15.62500000 15.62500000 9.37500000
v 15.62500000 15.62500000 0.00000000
v -15.62500000 15.62500000 9.37500000
v -15.62500000 15.62500000 0.00000000
v -5.00000000 -13.38389969 5.36609983
v -9.55620003 -14.57639980 4.17360020
v 15.62500000 -15.62500000 3.12500000
v 15.62500000 -15.62500000 3.12500000
v -9.55620003 -14.57639980 4.17360020
v -10.08240032 -14.67609978 4.07390022
v -10.08240032 -14.67609978 4.07390022
v -15.62500000 -15.62500000 3.12500000
v 10.62500000 -14.70969963 4.04029989
v 10.08230019 -14.67609978 4.07390022
v -13.01889992 -13.92039967 4.82959986
v -13.33129978 -13.60490036 5.14510012
v -15.62500000 -15.62500000 3.12500000
v -13.33129978 -13.60490036 5.14510012
v -13.56149960 -13.25580025 5.49420023
v -13.33129978 -11.39509964 7.35489988
v -13.01889992 -11.07960033 7.67040014
v -15.62500000 -9.37500000 9.37500000
v -7.54750013 -12.88370037 5.86630011
v -5.00000000 -13.38389969 5.36609983
v -7.50000000 -12.50000000 6.25000000
v -7.50000000 -12.50000000 6.25000000
v -5.00000000 -11.61610031 7.13390017
v -7.68849993 -13.25580025 5.49420023
v -7.68849993 -13.25580025 5.49420023
v -7.91870022 -13.60490036 5.14510012
v -8.23110008 -13.92039967 4.82959986
v -8.61629963 -14.19270039 4.55730009
v -8.61629963 -14.19270039 4.55730009
v -9.06250000 -14.41370010 4.33629990
v -9.06250000 -14.41370010 4.33629990
v -13.33129978 -11.39509964 7.35489988
v -15.62500000 -9.37500000 9.37500000
v -13.56149960 -11.74419975 7.00579977
v 7.68849993 -11.74419975 7.00579977
v 7.91870022 -11.39509964 7.35489988
v 5.00000000 -11.61610031 7.13390017
v 8.23110008 -11.07960033 7.67040014
v 8.61629963 -10.80729961 7.94269991
v -8.61629963 -10.80729961 7.94269991
v -8.23110008 -11.07960033 7.67040014
v -7.91870022 -11.39509964 7.35489988
v -10.62500000 -14.70969963 4.04029989
v -10.62500000 -14.70969963 4.04029989
v -11.16769981 -14.67609978 4.07390022
v -11.16769981 -14.67609978 4.07390022
v -11.69379997 -14.57639980 4.17360020
v -13.56149960 -13.25580025 5.49420023
v -13.70250034 -12.88370037 5.86630011
v -13.75000000 -12.50000000 6.25000000
v -13.75000000 -12.50000000 6.25000000
v -13.70250034 -12.11629963 6.63369989
v -13.70250034 -12.11629963 6.63369989
v -13.56149960 -11.74419975 7.00579977
v 8.61629963 -14.19270039 4.55730009
v 8.23110008 -13.92039967 4.82959986
v 5.00000000 -13.38389969 5.36609983
v 7.91870022 -13.60490036 5.14510012
v 7.68849993 -13.25580025 5.49420023
v 7.68849993 -13.25580025 5.49420023
v 7.54750013 -12.88370037 5.86630011
v 5.00000000 -13.38389969 5.36609983
v 7.50000000 -12.50000000 6.25000000
v 7.50000000 -12.50000000 6.25000000
v 5.00000000 -11.61610031 7.13390017
v 7.54750013 -12.11629963 6.63369989
v 7.54750013 -12.11629963 6.63369989
v -7.68849993 -11.74419975 7.00579977
v -7.54750013 -12.11629963 6.63369989
v -5.00000000 -11.61610031 7.13390017
v -7.54750013 -12.11629963 6.63369989
v -12.18750000 -14.41370010 4.33629990
v -12.18750000 -14.41370010 4.33629990
v -12.63370037 -14.19270039 4.55730009
v -12.63370037 -14.19270039 4.55730009
v 10.08230019 -14.67609978 4.07390022
v 9.55620003 -14.57639980 4.17360020
v 9.06250000 -14.41370010 4.33629990
v 9.06250000 -14.41370010 4.33629990
v 8.61629963 -14.19270039 4.55730009
v -11.69379997 -10.42360020 8.32639980
v -11.16769981 -10.32390022 8.42609978
v 12.18750000 -14.41370010 4.33629990
v 12.63370037 -14.19270039 4.55730009
v 12.63370037 -14.19270039 4.55730009
v 13.01889992 -13.92039967 4.82959986
v 11.69379997 -14.57639980 4.17360020
v 11.69379997 -14.57639980 4.17360020
v 11.16759968 -14.67609978 4.07390022
v 11.16759968 -14.67609978 4.07390022
v 10.62500000 -14.70969963 4.04029989
v 10.62500000 -10.29030037 8.45969963
v 15.62500000 -9.37500000 9.37500000
v 10.08230019 -10.32390022 8.42609978
v 10.08230019 -10.32390022 8.42609978
v 15.62500000 -9.37500000 9.37500000
v 10.62500000 -10.29030037 8.45969963
v 11.16759968 -10.32390022 8.42609978
v 11.16759968 -10.32390022 8.42609978
v 11.69379997 -10.42360020 8.32639980
v 12.18750000 -10.58629990 8.16370010
v 13.70250034 -12.88370037 5.86630011
v 13.75000000 -12.50000000 6.25000000
v 13.75000000 -12.50000000 6.25000000
v 13.56149960 -13.25580025 5.49420023
v 13.56149960 -13.25580025 5.49420023
v 13.33129978 -13.60490036 5.14510012
v 13.33129978 -13.60490036 5.14510012
v 12.18750000 -10.58629990 8.16370010
v 12.63370037 -10.80729961 7.94269991
v 12.63370037 -10.80729961 7.94269991
v 13.01889992 -11.07960033 7.67040014
v 13.33129978 -11.39509964 7.35489988
v -12.63370037 -10.80729961 7.94269991
v -12.63370037 -10.80729961 7.94269991
v -12.18750000 -10.58629990 8.16370010
v -12.18750000 -10.58629990 8.16370010
v -9.55620003 -10.42360020 8.32639980
v -9.55620003 -10.42360020 8.32639980
v -9.06250000 -10.58629990 8.16370010
v 13.33129978 -11.39509964 7.35489988
v 13.56149960 -11.74419975 7.00579977
v 13.56149960 -11.74419975 7.00579977
v 13.70250034 -12.11629963 6.63369989
v 13.70250034 -12.11629963 6.63369989
v -11.16769981 -10.32390022 8.42609978
v -10.62500000 -10.29030037 8.45969963
v -10.62500000 -10.29030037 8.45969963
v -10.08240032 -10.32390022 8.42609978
v 9.55620003 -10.42360020 8.32639980
v 9.06250000 -10.58629990 8.16370010
v 15.62500000 -15.62500000 0.00000000
v 15.62500000 -15.62500000 3.12500000
v -15.62500000 -15.62500000 0.00000000
v -15.62500000 -15.62500000 0.00000000
v 15.62500000 -15.62500000 3.12500000
v -15.62500000 -15.62500000 3.12500000
v -4.68750000 -11.61610031 6.69189978
v -4.68750000 -12.94190025 5.36609983
v 4.68750000 -11.61610031 6.69189978
v 4.68750000 -11.61610031 6.69189978
v -4.68750000 -12.94190025 5.36609983
v 4.68750000 -12.94190025 5.36609983
v 16.25000000 15.62500000 9.37500000
v 16.25000000 -9.37500000 0.00000000
v 15.62500000 15.62500000 9.37500000
v 15.62500000 -9.37500000 0.00000000
v 16.25000000 -6.25000000 9.37500000
v 15.62500000 -15.62500000 0.00000000
v 16.25000000 -15.62500000 0.00000000
v 15.62500000 -6.25000000 9.37500000
v 16.25000000 15.62500000 9.37500000
v 16.25000000 -6.25000000 9.37500000
v 16.25000000 -9.37500000 0.00000000
v 16.25000000 -9.37500000 0.00000000
v 16.25000000 -6.25000000 9.37500000
v 16.25000000 -15.62500000 0.00000000
v 10.62500000 -10.29030037 8.45969963
v 10.62500000 -10.40079975 8.57019997
v 11.16759968 -10.43430042 8.53660011
v 10.62500000 -10.29030037 8.45969963
v 10.08230019 -10.32390022 8.42609978
v 10.62500000 -10.40079975 8.57019997
v 10.08230019 -10.43430042 8.53660011
v 10.08230019 -10.32390022 8.42609978
v 9.55620003 -10.42360020 8.32639980
v 10.08230019 -10.43430042 8.53660011
v 9.55620003 -10.53400040 8.43690014
v 9.55620003 -10.42360020 8.32639980
v 9.06250000 -10.58629990 8.16370010
v 9.55620003 -10.53400040 8.43690014
v 9.06250000 -10.69680023 8.27410030
v 9.06250000 -10.58629990 8.16370010
v 8.61629963 -10.80729961 7.94269991
v 9.06250000 -10.69680023 8.27410030
v 8.61629963 -10.91779995 8.05319977
v 8.61629963 -10.80729961 7.94269991
v 8.23110008 -11.07960033 7.67040014
v 8.61629963 -10.91779995 8.05319977
v 8.23110008 -11.19009972 7.78090000
v 8.23110008 -11.07960033 7.67040014
v 7.91870022 -11.39509964 7.35489988
v 8.23110008 -11.19009972 7.78090000
v 7.91870022 -11.50559998 7.46530008
v 7.91870022 -11.39509964 7.35489988
v 7.68849993 -11.74419975 7.00579977
v 7.91870022 -11.50559998 7.46530008
v 7.68849993 -11.85470009 7.11630011
v 7.68849993 -11.74419975 7.00579977
v 7.54750013 -12.11629963 6.63369989
v 7.68849993 -11.85470009 7.11630011
v 7.54750013 -12.22679996 6.74420023
v 7.54750013 -12.11629963 6.63369989
v 7.50000000 -12.50000000 6.25000000
v 7.54750013 -12.22679996 6.74420023
v 7.50000000 -12.61050034 6.36049986
v 7.50000000 -12.50000000 6.25000000
v 7.54750013 -12.88370037 5.86630011
v 7.50000000 -12.61050034 6.36049986
v 7.54750013 -12.99419975 5.97679996
v 7.54750013 -12.88370037 5.86630011
v 7.68849993 -13.25580025 5.49420023
v 7.54750013 -12.99419975 5.97679996
v 7.68849993 -13.36620045 5.60470009
v 7.68849993 -13.25580025 5.49420023
v 7.91870022 -13.60490036 5.14510012
v 7.68849993 -13.36620045 5.60470009
v 7.91870022 -13.71529961 5.25559998
v 7.91870022 -13.60490036 5.14510012
v 8.23110008 -13.92039967 4.82959986
v 7.91870022 -13.71529961 5.25559998
v 8.23110008 -14.03090000 4.94010019
v 8.23110008 -13.92039967 4.82959986
v 8.61629963 -14.19270039 4.55730009
v 8.23110008 -14.03090000 4.94010019
v 8.61629963 -14.30319977 4.66769981
v 8.61629963 -14.30319977 4.66769981
v 8.61629963 -14.19270039 4.55730009
v 9.06250000 -14.41370010 4.33629990
v 9.06250000 -14.52410030 4.44680023
v 9.06250000 -14.52410030 4.44680023
v 9.06250000 -14.41370010 4.33629990
v 9.55620003 -14.57639980 4.17360020
v 9.55620003 -14.68690014 4.28399992
v 9.55620003 -14.68690014 4.28399992
v 9.55620003 -14.57639980 4.17360020
v 10.08230019 -14.67609978 4.07390022
v 10.08230019 -14.78660011 4.18429995
v 10.08230019 -14.78660011 4.18429995
v 10.08230019 -14.67609978 4.07390022
v 10.62500000 -14.70969963 4.04029989
v 10.62500000 -14.82019997 4.15080023
v 10.62500000 -14.82019997 4.15080023
v 10.62500000 -14.70969963 4.04029989
v 11.16759968 -14.67609978 4.07390022
v 11.16759968 -14.78660011 4.18429995
v 11.16759968 -14.78660011 4.18429995
v 11.16759968 -14.67609978 4.07390022
v 11.69379997 -14.57639980 4.17360020
v 11.69379997 -14.68690014 4.28399992
v 11.69379997 -14.68690014 4.28399992
v 11.69379997 -14.57639980 4.17360020
v 12.18750000 -14.41370010 4.33629990
v 12.18750000 -14.52410030 4.44680023
v 12.18750000 -14.52410030 4.44680023
v 12.18750000 -14.41370010 4.33629990
v 12.63370037 -14.19270039 4.55730009
v 12.63370037 -14.30319977 4.66769981
v 12.63370037 -14.30319977 4.66769981
v 12.63370037 -14.19270039 4.55730009
v 13.01889992 -13.92039967 4.82959986
v 13.01889992 -14.03090000 4.94010019
v 13.01889992 -14.03090000 4.94010019
v 13.01889992 -13.92039967 4.82959986
v 13.33129978 -13.60490036 5.14510012
v 13.33129978 -13.71529961 5.25559998
v 13.33129978 -13.71529961 5.25559998
v 13.33129978 -13.60490036 5.14510012
v 13.56149960 -13.25580025 5.49420023
v 13.56149960 -13.36620045 5.60470009
v 13.56149960 -13.36620045 5.60470009
v 13.56149960 -13.25580025 5.49420023
v 13.70250034 -12.88370037 5.86630011
v 13.70250034 -12.99419975 5.97679996
v 13.70250034 -12.99419975 5.97679996
v 13.70250034 -12.88370037 5.86630011
v 13.75000000 -12.50000000 6.25000000
v 13.75000000 -12.61050034 6.36049986
v 13.75000000 -12.61050034 6.36049986
v 13.75000000 -12.50000000 6.25000000
v 13.70250034 -12.11629963 6.63369989
v 13.70250034 -12.22679996 6.74420023
v 13.70250034 -12.22679996 6.74420023
v 13.70250034 -12.11629963 6.63369989
v 13.56149960 -11.74419975 7.00579977
v 13.56149960 -11.85470009 7.11630011
v 13.56149960 -11.85470009 7.11630011
v 13.56149960 -11.74419975 7.00579977
v 13.33129978 -11.39509964 7.35489988
v 13.33129978 -11.50559998 7.46530008
v 13.33129978 -11.50559998 7.46530008
v 13.33129978 -11.39509964 7.35489988
v 13.01889992 -11.07960033 7.67040014
v 13.01889992 -11.19009972 7.78090000
v 13.01889992 -11.19009972 7.78090000
v 13.01889992 -11.07960033 7.67040014
v 12.63370037 -10.80729961 7.94269991
v 12.63370037 -10.91779995 8.05319977
v 12.63370037 -10.91779995 8.05319977
v 12.63370037 -10.80729961 7.94269991
v 12.18750000 -10.58629990 8.16370010
v 12.18750000 -10.69680023 8.27410030
v 12.18750000 -10.69680023 8.27410030
v 12.18750000 -10.58629990 8.16370010
v 11.69379997 -10.42360020 8.32639980
v 11.69379997 -10.53400040 8.43690014
v 11.69379997 -10.53400040 8.43690014
v 11.69379997 -10.42360020 8.32639980
v 11.16759968 -10.32390022 8.42609978
v 11.16759968 -10.43430042 8.53660011
v 11.16759968 -10.32390022 8.42609978
v 11.16759968 -10.43430042 8.53660011
v 10.96370029 -11.55459976 8.02099991
v 11.69379997 -10.53400040 8.43690014
v 11.29209995 -11.61680031 7.95870018
v 11.69379997 -10.53400040 8.43690014
v 11.29209995 -11.61680031 7.95870018
v 12.18750000 -10.69680023 8.27410030
v 11.60019970 -11.71840000 7.85720015
v 12.18750000 -10.69680023 8.27410030
v 11.60019970 -11.71840000 7.85720015
v 12.63370037 -10.91779995 8.05319977
v 11.87870026 -11.85630035 7.71929979
v 12.63370037 -10.91779995 8.05319977
v 11.87870026 -11.85630035 7.71929979
v 13.01889992 -11.19009972 7.78090000
v 12.11909962 -12.02630043 7.54930019
v 13.01889992 -11.19009972 7.78090000
v 12.11909962 -12.02630043 7.54930019
v 13.33129978 -11.50559998 7.46530008
v 12.31410027 -12.22319984 7.35239983
v 13.33129978 -11.50559998 7.46530008
v 12.31410027 -12.22319984 7.35239983
v 13.56149960 -11.85470009 7.11630011
v 12.45779991 -12.44110012 7.13450003
v 13.56149960 -11.85470009 7.11630011
v 12.45779991 -12.44110012 7.13450003
v 13.70250034 -12.22679996 6.74420023
v 12.54570007 -12.67329979 6.90229988
v 13.70250034 -12.22679996 6.74420023
v 12.54570007 -12.67329979 6.90229988
v 13.75000000 -12.61050034 6.36049986
v 12.57540035 -12.91279984 6.66279984
v 13.75000000 -12.61050034 6.36049986
v 12.57540035 -12.91279984 6.66279984
v 13.70250034 -12.99419975 5.97679996
v 12.54570007 -13.15229988 6.42329979
v 13.70250034 -12.99419975 5.97679996
v 12.54570007 -13.15229988 6.42329979
v 13.56149960 -13.36620045 5.60470009
v 12.45779991 -13.38449955 6.19110012
v 13.56149960 -13.36620045 5.60470009
v 12.45779991 -13.38449955 6.19110012
v 13.33129978 -13.71529961 5.25559998
v 12.31410027 -13.60239983 5.97319984
v 13.33129978 -13.71529961 5.25559998
v 12.31410027 -13.60239983 5.97319984
v 13.01889992 -14.03090000 4.94010019
v 13.01889992 -14.03090000 4.94010019
v 12.31410027 -13.60239983 5.97319984
v 12.11909962 -13.79930019 5.77629995
v 13.01889992 -14.03090000 4.94010019
v 12.11909962 -13.79930019 5.77629995
v 12.63370037 -14.30319977 4.66769981
v 12.63370037 -14.30319977 4.66769981
v 12.11909962 -13.79930019 5.77629995
v 11.87870026 -13.96930027 5.60629988
v 12.63370037 -14.30319977 4.66769981
v 11.87870026 -13.96930027 5.60629988
v 12.18750000 -14.52410030 4.44680023
v 11.60019970 -14.10719967 5.46840000
v 12.18750000 -14.52410030 4.44680023
v 11.60019970 -14.10719967 5.46840000
v 11.69379997 -14.68690014 4.28399992
v 11.29209995 -14.20870018 5.36679983
v 11.69379997 -14.68690014 4.28399992
v 11.29209995 -14.20870018 5.36679983
v 11.16759968 -14.78660011 4.18429995
v 10.96370029 -14.27099991 5.30459976
v 11.16759968 -14.78660011 4.18429995
v 10.96370029 -14.27099991 5.30459976
v 10.62500000 -14.82019997 4.15080023
v 10.62500000 -14.29189968 5.28369999
v 10.62500000 -14.82019997 4.15080023
v 10.62500000 -14.29189968 5.28369999
v 10.08230019 -14.78660011 4.18429995
v 10.28629971 -14.27099991 5.30459976
v 10.08230019 -14.78660011 4.18429995
v 10.28629971 -14.27099991 5.30459976
v 9.55620003 -14.68690014 4.28399992
v 9.95790005 -14.20870018 5.36679983
v 9.55620003 -14.68690014 4.28399992
v 9.95790005 -14.20870018 5.36679983
v 9.06250000 -14.52410030 4.44680023
v 9.64980030 -14.10719967 5.46840000
v 9.06250000 -14.52410030 4.44680023
v 9.64980030 -14.10719967 5.46840000
v 8.61629963 -14.30319977 4.66769981
v 9.37129974 -13.96930027 5.60629988
v 8.61629963 -14.30319977 4.66769981
v 9.37129974 -13.96930027 5.60629988
v 8.23110008 -14.03090000 4.94010019
v 8.23110008 -14.03090000 4.94010019
v 9.37129974 -13.96930027 5.60629988
v 9.13090038 -13.79930019 5.77629995
v 8.23110008 -14.03090000 4.94010019
v 9.13090038 -13.79930019 5.77629995
v 7.91870022 -13.71529961 5.25559998
v 7.91870022 -13.71529961 5.25559998
v 9.13090038 -13.79930019 5.77629995
v 8.93589973 -13.60239983 5.97319984
v 7.91870022 -13.71529961 5.25559998
v 8.93589973 -13.60239983 5.97319984
v 7.68849993 -13.36620045 5.60470009
v 8.79220009 -13.38449955 6.19110012
v 8.79220009 -13.38449955 6.19110012
v 7.54750013 -12.99419975 5.97679996
v 7.68849993 -13.36620045 5.60470009
v 8.70419979 -13.15229988 6.42329979
v 8.70419979 -13.15229988 6.42329979
v 7.50000000 -12.61050034 6.36049986
v 7.54750013 -12.99419975 5.97679996
v 8.67459965 -12.91279984 6.66279984
v 8.67459965 -12.91279984 6.66279984
v 7.54750013 -12.22679996 6.74420023
v 7.50000000 -12.61050034 6.36049986
v 8.70419979 -12.67329979 6.90229988
v 8.70419979 -12.67329979 6.90229988
v 7.68849993 -11.85470009 7.11630011
v 7.54750013 -12.22679996 6.74420023
v 8.79220009 -12.44110012 7.13450003
v 8.79220009 -12.44110012 7.13450003
v 7.91870022 -11.50559998 7.46530008
v 7.68849993 -11.85470009 7.11630011
v 8.93589973 -12.22319984 7.35239983
v 8.93589973 -12.22319984 7.35239983
v 8.23110008 -11.19009972 7.78090000
v 7.91870022 -11.50559998 7.46530008
v 9.13090038 -12.02630043 7.54930019
v 9.13090038 -12.02630043 7.54930019
v 8.61629963 -10.91779995 8.05319977
v 8.23110008 -11.19009972 7.78090000
v 9.37129974 -11.85630035 7.71929979
v 9.37129974 -11.85630035 7.71929979
v 9.06250000 -10.69680023 8.27410030
v 8.61629963 -10.91779995 8.05319977
v 9.64980030 -11.71840000 7.85720015
v 9.64980030 -11.71840000 7.85720015
v 9.55620003 -10.53400040 8.43690014
v 9.06250000 -10.69680023 8.27410030
v 9.95790005 -11.61680031 7.95870018
v 9.55620003 -10.53400040 8.43690014
v 9.95790005 -11.61680031 7.95870018
v 10.08230019 -10.43430042 8.53660011
v 10.28629971 -11.55459976 8.02099991
v 10.08230019 -10.43430042 8.53660011
v 10.28629971 -11.55459976 8.02099991
v 10.62500000 -10.40079975 8.57019997
v 10.62500000 -11.53369999 8.04189968
v 10.62500000 -10.40079975 8.57019997
v 10.62500000 -11.53369999 8.04189968
v 11.16759968 -10.43430042 8.53660011
v 10.96370029 -11.55459976 8.02099991
v 10.96370029 -11.55459976 8.02099991
v 10.77649975 -13.55420017 8.51949978
v 11.29209995 -11.61680031 7.95870018
v 10.92339993 -13.58209991 8.49170017
v 11.29209995 -11.61680031 7.95870018
v 10.92339993 -13.58209991 8.49170017
v 11.60019970 -11.71840000 7.85720015
v 11.06130028 -13.62749958 8.44620037
v 11.60019970 -11.71840000 7.85720015
v 11.06130028 -13.62749958 8.44620037
v 11.87870026 -11.85630035 7.71929979
v 11.18589973 -13.68920040 8.38459969
v 11.87870026 -11.85630035 7.71929979
v 11.18589973 -13.68920040 8.38459969
v 12.11909962 -12.02630043 7.54930019
v 12.11909962 -12.02630043 7.54930019
v 11.18589973 -13.68920040 8.38459969
v 11.29349995 -13.76529980 8.30850029
v 12.11909962 -12.02630043 7.54930019
v 11.29349995 -13.76529980 8.30850029
v 12.31410027 -12.22319984 7.35239983
v 11.38070011 -13.85340023 8.22039986
v 12.31410027 -12.22319984 7.35239983
v 11.38070011 -13.85340023 8.22039986
v 12.45779991 -12.44110012 7.13450003
v 11.44499969 -13.95090008 8.12290001
v 12.45779991 -12.44110012 7.13450003
v 11.44499969 -13.95090008 8.12290001
v 12.54570007 -12.67329979 6.90229988
v 11.48429966 -14.05469990 8.01900005
v 12.54570007 -12.67329979 6.90229988
v 11.48429966 -14.05469990 8.01900005
v 12.57540035 -12.91279984 6.66279984
v 11.49759960 -14.16189957 7.91190004
v 12.57540035 -12.91279984 6.66279984
v 11.49759960 -14.16189957 7.91190004
v 12.54570007 -13.15229988 6.42329979
v 11.48429966 -14.26900005 7.80469990
v 12.54570007 -13.15229988 6.42329979
v 11.48429966 -14.26900005 7.80469990
v 12.45779991 -13.38449955 6.19110012
v 11.44499969 -14.37290001 7.70079994
v 12.45779991 -13.38449955 6.19110012
v 11.44499969 -14.37290001 7.70079994
v 12.31410027 -13.60239983 5.97319984
v 11.38070011 -14.47039986 7.60340023
v 12.31410027 -13.60239983 5.97319984
v 11.38070011 -14.47039986 7.60340023
v 12.11909962 -13.79930019 5.77629995
v 11.29349995 -14.55850029 7.51529980
v 12.11909962 -13.79930019 5.77629995
v 11.29349995 -14.55850029 7.51529980
v 11.87870026 -13.96930027 5.60629988
v 11.87870026 -13.96930027 5.60629988
v 11.29349995 -14.55850029 7.51529980
v 11.18589973 -14.63459969 7.43919992
v 11.87870026 -13.96930027 5.60629988
v 11.18589973 -14.63459969 7.43919992
v 11.60019970 -14.10719967 5.46840000
v 11.06130028 -14.69620037 7.37750006
v 11.60019970 -14.10719967 5.46840000
v 11.06130028 -14.69620037 7.37750006
v 11.29209995 -14.20870018 5.36679983
v 10.92339993 -14.74170017 7.33209991
v 11.29209995 -14.20870018 5.36679983
v 10.92339993 -14.74170017 7.33209991
v 10.96370029 -14.27099991 5.30459976
v 10.77649975 -14.76949978 7.30420017
v 10.96370029 -14.27099991 5.30459976
v 10.77649975 -14.76949978 7.30420017
v 10.62500000 -14.29189968 5.28369999
v 10.62500000 -14.77890015 7.29489994
v 10.62500000 -14.29189968 5.28369999
v 10.62500000 -14.77890015 7.29489994
v 10.28629971 -14.27099991 5.30459976
v 10.47350025 -14.76949978 7.30420017
v 10.28629971 -14.27099991 5.30459976
v 10.47350025 -14.76949978 7.30420017
v 9.95790005 -14.20870018 5.36679983
v 10.32649994 -14.74170017 7.33209991
v 9.95790005 -14.20870018 5.36679983
v 10.32649994 -14.74170017 7.33209991
v 9.64980030 -14.10719967 5.46840000
v 10.18869972 -14.69620037 7.37750006
v 9.64980030 -14.10719967 5.46840000
v 10.18869972 -14.69620037 7.37750006
v 9.37129974 -13.96930027 5.60629988
v 10.06410027 -14.63459969 7.43919992
v 10.06410027 -14.63459969 7.43919992
v 9.13090038 -13.79930019 5.77629995
v 9.37129974 -13.96930027 5.60629988
v 10.06410027 -14.63459969 7.43919992
v 9.95650005 -14.55850029 7.51529980
v 9.13090038 -13.79930019 5.77629995
v 9.95650005 -14.55850029 7.51529980
v 8.93589973 -13.60239983 5.97319984
v 9.13090038 -13.79930019 5.77629995
v 9.95650005 -14.55850029 7.51529980
v 9.86929989 -14.47039986 7.60340023
v 8.93589973 -13.60239983 5.97319984
v 9.86929989 -14.47039986 7.60340023
v 8.79220009 -13.38449955 6.19110012
v 8.93589973 -13.60239983 5.97319984
v 9.80500031 -14.37290001 7.70079994
v 9.80500031 -14.37290001 7.70079994
v 8.70419979 -13.15229988 6.42329979
v 8.79220009 -13.38449955 6.19110012
v 9.80500031 -14.37290001 7.70079994
v 9.76560020 -14.26900005 7.80469990
v 8.70419979 -13.15229988 6.42329979
v 9.76560020 -14.26900005 7.80469990
v 8.67459965 -12.91279984 6.66279984
v 8.70419979 -13.15229988 6.42329979
v 9.75240040 -14.16189957 7.91190004
v 9.75240040 -14.16189957 7.91190004
v 8.70419979 -12.67329979 6.90229988
v 8.67459965 -12.91279984 6.66279984
v 9.76560020 -14.05469990 8.01900005
v 9.76560020 -14.05469990 8.01900005
v 8.79220009 -12.44110012 7.13450003
v 8.70419979 -12.67329979 6.90229988
v 9.76560020 -14.05469990 8.01900005
v 9.80500031 -13.95090008 8.12290001
v 8.79220009 -12.44110012 7.13450003
v 9.80500031 -13.95090008 8.12290001
v 8.93589973 -12.22319984 7.35239983
v 8.79220009 -12.44110012 7.13450003
v 9.86929989 -13.85340023 8.22039986
v 9.86929989 -13.85340023 8.22039986
v 9.13090038 -12.02630043 7.54930019
v 8.93589973 -12.22319984 7.35239983
v 9.86929989 -13.85340023 8.22039986
v 9.95650005 -13.76529980 8.30850029
v 9.13090038 -12.02630043 7.54930019
v 9.95650005 -13.76529980 8.30850029
v 9.37129974 -11.85630035 7.71929979
v 9.13090038 -12.02630043 7.54930019
v 10.06410027 -13.68920040 8.38459969
v 10.06410027 -13.68920040 8.38459969
v 9.64980030 -11.71840000 7.85720015
v 9.37129974 -11.85630035 7.71929979
v 10.18869972 -13.62749958 8.44620037
v 10.18869972 -13.62749958 8.44620037
v 9.95790005 -11.61680031 7.95870018
v 9.64980030 -11.71840000 7.85720015
v 10.32649994 -13.58209991 8.49170017
v 10.32649994 -13.58209991 8.49170017
v 10.28629971 -11.55459976 8.02099991
v 9.95790005 -11.61680031 7.95870018
v 10.47350025 -13.55420017 8.51949978
v 10.47350025 -13.55420017 8.51949978
v 10.62500000 -11.53369999 8.04189968
v 10.28629971 -11.55459976 8.02099991
v 10.62500000 -13.54489994 8.52890015
v 10.62500000 -13.54489994 8.52890015
v 10.96370029 -11.55459976 8.02099991
v 10.62500000 -11.53369999 8.04189968
v 10.77649975 -13.55420017 8.51949978
v 10.83220005 -13.86520004 8.42029953
v 10.23560047 -14.59589958 7.68959999
v 10.32209969 -14.63879967 7.64680004
v 11.19429970 -14.12119961 8.16429996
v 11.14970016 -14.05360031 8.23200035
v 11.14970016 -14.48200035 7.80359983
v 10.41779995 -14.67029953 7.61520004
v 10.51980019 -14.68970013 7.59590006
v 10.83220005 -13.86520004 8.42029953
v 10.51980019 -14.68970013 7.59590006
v 10.62500000 -14.69620037 7.58939981
v 10.62500000 -14.69620037 7.58939981
v 10.73019981 -14.68970013 7.59590006
v 10.73019981 -14.68970013 7.59590006
v 10.83220005 -14.67029953 7.61520004
v 10.92790031 -14.63879967 7.64680004
v 11.01439953 -14.59589958 7.68959999
v 11.08909988 -14.54310036 7.74240017
v 10.92790031 -13.89680004 8.38879967
v 10.92790031 -13.89680004 8.38879967
v 11.08909988 -14.54310036 7.74240017
v 11.01439953 -13.93959999 8.34589958
v 10.73019981 -13.84589958 8.43970013
v 10.23560047 -14.59589958 7.68959999
v 10.73019981 -13.84589958 8.43970013
v 10.62500000 -13.83940029 8.44620037
v 10.62500000 -13.83940029 8.44620037
v 10.51980019 -13.84589958 8.43970013
v 10.16090012 -13.99240017 8.29310036
v 10.10029984 -14.05360031 8.23200035
v 10.05570030 -14.41429996 7.87120008
v 10.51980019 -13.84589958 8.43970013
v 10.41779995 -13.86520004 8.42029953
v 10.41779995 -13.86520004 8.42029953
v 10.32209969 -13.89680004 8.38879967
v 10.16090012 -14.54310036 7.74240017
v 10.16090012 -14.54310036 7.74240017
v 10.32209969 -13.89680004 8.38879967
v 10.10029984 -14.48200035 7.80359983
v 11.19429970 -14.41429996 7.87120008
v 11.22159958 -14.34220028 7.94339991
v 11.14970016 -14.48200035 7.80359983
v 11.14970016 -14.05360031 8.23200035
v 11.08909988 -13.99240017 8.29310036
v 11.08909988 -13.99240017 8.29310036
v 11.01439953 -13.93959999 8.34589958
v 11.22159958 -14.34220028 7.94339991
v 11.23079967 -14.26780033 8.01780033
v 11.14970016 -14.48200035 7.80359983
v 11.23079967 -14.26780033 8.01780033
v 11.22159958 -14.19340038 8.09220028
v 11.22159958 -14.19340038 8.09220028
v 11.19429970 -14.12119961 8.16429996
v 10.10029984 -14.48200035 7.80359983
v 10.05570030 -14.41429996 7.87120008
v 10.23560047 -13.93959999 8.34589958
v 10.23560047 -13.93959999 8.34589958
v 10.16090012 -13.99240017 8.29310036
v 10.10029984 -14.05360031 8.23200035
v 10.05570030 -14.12119961 8.16429996
v 10.05570030 -14.41429996 7.87120008
v 10.05570030 -14.12119961 8.16429996
v 10.02840042 -14.19340038 8.09220028
v 10.02840042 -14.34220028 7.94339991
v 10.02840042 -14.34220028 7.94339991
v 10.02840042 -14.19340038 8.09220028
v 10.01920033 -14.26780033 8.01780033
v -16.25000000 -15.62500000 0.00000000
v -15.62500000 -6.25000000 9.37500000
v -16.25000000 -6.25000000 9.37500000
v -15.62500000 -15.62500000 0.00000000
v -16.25000000 -9.37500000 0.00000000
v -16.25000000 15.62500000 9.37500000
v -15.62500000 -9.37500000 0.00000000
v -15.62500000 -9.37500000 0.00000000
v -16.25000000 15.62500000 9.37500000
v -15.62500000 15.62500000 9.37500000
v -16.25000000 -6.25000000 9.37500000
v -16.25000000 15.62500000 9.37500000
v -16.25000000 -15.62500000 0.00000000
v -16.25000000 -15.62500000 0.00000000
v -16.25000000 15.62500000 9.37500000
v -16.25000000 -9.37500000 0.00000000
v -10.62500000 -10.29030037 8.45969963
v -10.62500000 -10.40079975 8.57019997
v -10.08240032 -10.43430042 8.53660011
v -10.62500000 -10.29030037 8.45969963
v -11.16769981 -10.32390022 8.42609978
v -10.62500000 -10.40079975 8.57019997
v -11.16769981 -10.43430042 8.53660011
v -11.16769981 -10.43430042 8.53660011
v -11.16769981 -10.32390022 8.42609978
v -11.69379997 -10.42360020 8.32639980
v -11.69379997 -10.53400040 8.43690014
v -11.69379997 -10.53400040 8.43690014
v -11.69379997 -10.42360020 8.32639980
v -12.18750000 -10.58629990 8.16370010
v -12.18750000 -10.69680023 8.27410030
v -12.18750000 -10.69680023 8.27410030
v -12.18750000 -10.58629990 8.16370010
v -12.63370037 -10.80729961 7.94269991
v -12.63370037 -10.91779995 8.05319977
v -12.63370037 -10.91779995 8.05319977
v -12.63370037 -10.80729961 7.94269991
v -13.01889992 -11.07960033 7.67040014
v -13.01889992 -11.19009972 7.78090000
v -13.01889992 -11.19009972 7.78090000
v -13.01889992 -11.07960033 7.67040014
v -13.33129978 -11.39509964 7.35489988
v -13.33129978 -11.50559998 7.46530008
v -13.33129978 -11.50559998 7.46530008
v -13.33129978 -11.39509964 7.35489988
v -13.56149960 -11.74419975 7.00579977
v -13.56149960 -11.85470009 7.11630011
v -13.56149960 -11.85470009 7.11630011
v -13.56149960 -11.74419975 7.00579977
v -13.70250034 -12.11629963 6.63369989
v -13.70250034 -12.22679996 6.74420023
v -13.70250034 -12.22679996 6.74420023
v -13.70250034 -12.11629963 6.63369989
v -13.75000000 -12.50000000 6.25000000
v -13.75000000 -12.61050034 6.36049986
v -13.75000000 -12.61050034 6.36049986
v -13.75000000 -12.50000000 6.25000000
v -13.70250034 -12.88370037 5.86630011
v -13.70250034 -12.99419975 5.97679996
v -13.70250034 -12.99419975 5.97679996
v -13.70250034 -12.88370037 5.86630011
v -13.56149960 -13.25580025 5.49420023
v -13.56149960 -13.36620045 5.60470009
v -13.56149960 -13.36620045 5.60470009
v -13.56149960 -13.25580025 5.49420023
v -13.33129978 -13.60490036 5.14510012
v -13.33129978 -13.71529961 5.25559998
v -13.33129978 -13.71529961 5.25559998
v -13.33129978 -13.60490036 5.14510012
v -13.01889992 -13.92039967 4.82959986
v -13.01889992 -14.03090000 4.94010019
v -13.01889992 -14.03090000 4.94010019
v -13.01889992 -13.92039967 4.82959986
v -12.63370037 -14.19270039 4.55730009
v -12.63370037 -14.30319977 4.66769981
v -12.63370037 -14.30319977 4.66769981
v -12.63370037 -14.19270039 4.55730009
v -12.18750000 -14.41370010 4.33629990
v -12.18750000 -14.52410030 4.44680023
v -12.18750000 -14.52410030 4.44680023
v -12.18750000 -14.41370010 4.33629990
v -11.69379997 -14.57639980 4.17360020
v -11.69379997 -14.68690014 4.28399992
v -11.69379997 -14.68690014 4.28399992
v -11.69379997 -14.57639980 4.17360020
v -11.16769981 -14.67609978 4.07390022
v -11.16769981 -14.78660011 4.18429995
v -11.16769981 -14.78660011 4.18429995
v -11.16769981 -14.67609978 4.07390022
v -10.62500000 -14.70969963 4.04029989
v -10.62500000 -14.82019997 4.15080023
v -10.62500000 -14.82019997 4.15080023
v -10.62500000 -14.70969963 4.04029989
v -10.08240032 -14.67609978 4.07390022
v -10.08240032 -14.78660011 4.18429995
v -10.08240032 -14.78660011 4.18429995
v -10.08240032 -14.67609978 4.07390022
v -9.55620003 -14.57639980 4.17360020
v -9.55620003 -14.68690014 4.28399992
v -9.55620003 -14.68690014 4.28399992
v -9.55620003 -14.57639980 4.17360020
v -9.06250000 -14.41370010 4.33629990
v -9.06250000 -14.52410030 4.44680023
v -9.06250000 -14.52410030 4.44680023
v -9.06250000 -14.41370010 4.33629990
v -8.61629963 -14.19270039 4.55730009
v -8.61629963 -14.30319977 4.66769981
v -8.61629963 -14.19270039 4.55730009
v -8.23110008 -13.92039967 4.82959986
v -8.61629963 -14.30319977 4.66769981
v -8.23110008 -14.03090000 4.94010019
v -8.23110008 -13.92039967 4.82959986
v -7.91870022 -13.60490036 5.14510012
v -8.23110008 -14.03090000 4.94010019
v -7.91870022 -13.71529961 5.25559998
v -7.91870022 -13.60490036 5.14510012
v -7.68849993 -13.25580025 5.49420023
v -7.91870022 -13.71529961 5.25559998
v -7.68849993 -13.36620045 5.60470009
v -7.68849993 -13.25580025 5.49420023
v -7.54750013 -12.88370037 5.86630011
v -7.68849993 -13.36620045 5.60470009
v -7.54750013 -12.99419975 5.97679996
v -7.54750013 -12.88370037 5.86630011
v -7.50000000 -12.50000000 6.25000000
v -7.54750013 -12.99419975 5.97679996
v -7.50000000 -12.61050034 6.36049986
v -7.50000000 -12.50000000 6.25000000
v -7.54750013 -12.11629963 6.63369989
v -7.50000000 -12.61050034 6.36049986
v -7.54750013 -12.22679996 6.74420023
v -7.54750013 -12.11629963 6.63369989
v -7.68849993 -11.74419975 7.00579977
v -7.54750013 -12.22679996 6.74420023
v -7.68849993 -11.85470009 7.11630011
v -7.68849993 -11.74419975 7.00579977
v -7.91870022 -11.39509964 7.35489988
v -7.68849993 -11.85470009 7.11630011
v -7.91870022 -11.50559998 7.46530008
v -7.91870022 -11.39509964 7.35489988
v -8.23110008 -11.07960033 7.67040014
v -7.91870022 -11.50559998 7.46530008
v -8.23110008 -11.19009972 7.78090000
v -8.23110008 -11.07960033 7.67040014
v -8.61629963 -10.80729961 7.94269991
v -8.23110008 -11.19009972 7.78090000
v -8.61629963 -10.91779995 8.05319977
v -8.61629963 -10.80729961 7.94269991
v -9.06250000 -10.58629990 8.16370010
v -8.61629963 -10.91779995 8.05319977
v -9.06250000 -10.69680023 8.27410030
v -9.06250000 -10.58629990 8.16370010
v -9.55620003 -10.42360020 8.32639980
v -9.06250000 -10.69680023 8.27410030
v -9.55620003 -10.53400040 8.43690014
v -9.55620003 -10.42360020 8.32639980
v -10.08240032 -10.32390022 8.42609978
v -9.55620003 -10.53400040 8.43690014
v -10.08240032 -10.43430042 8.53660011
v -10.08240032 -10.32390022 8.42609978
v -10.08240032 -10.43430042 8.53660011
v -10.28629971 -11.55459976 8.02099991
v -9.55620003 -10.53400040 8.43690014
v -9.95790005 -11.61680031 7.95870018
v -9.95790005 -11.61680031 7.95870018
v -9.06250000 -10.69680023 8.27410030
v -9.55620003 -10.53400040 8.43690014
v -9.64980030 -11.71840000 7.85720015
v -9.64980030 -11.71840000 7.85720015
v -8.61629963 -10.91779995 8.05319977
v -9.06250000 -10.69680023 8.27410030
v -9.37129974 -11.85630035 7.71929979
v -9.37129974 -11.85630035 7.71929979
v -8.23110008 -11.19009972 7.78090000
v -8.61629963 -10.91779995 8.05319977
v -9.13090038 -12.02630043 7.54930019
v -9.13090038 -12.02630043 7.54930019
v -7.91870022 -11.50559998 7.46530008
v -8.23110008 -11.19009972 7.78090000
v -8.93589973 -12.22319984 7.35239983
v -8.93589973 -12.22319984 7.35239983
v -7.68849993 -11.85470009 7.11630011
v -7.91870022 -11.50559998 7.46530008
v -8.79220009 -12.44110012 7.13450003
v -8.79220009 -12.44110012 7.13450003
v -7.54750013 -12.22679996 6.74420023
v -7.68849993 -11.85470009 7.11630011
v -8.70429993 -12.67329979 6.90229988
v -8.70429993 -12.67329979 6.90229988
v -7.50000000 -12.61050034 6.36049986
v -7.54750013 -12.22679996 6.74420023
v -8.67459965 -12.91279984 6.66279984
v -8.67459965 -12.91279984 6.66279984
v -7.54750013 -12.99419975 5.97679996
v -7.50000000 -12.61050034 6.36049986
v -8.70429993 -13.15229988 6.42329979
v -8.70429993 -13.15229988 6.42329979
v -7.68849993 -13.36620045 5.60470009
v -7.54750013 -12.99419975 5.97679996
v -8.79220009 -13.38449955 6.19110012
v -7.68849993 -13.36620045 5.60470009
v -8.79220009 -13.38449955 6.19110012
v -7.91870022 -13.71529961 5.25559998
v -8.93589973 -13.60239983 5.97319984
v -7.91870022 -13.71529961 5.25559998
v -8.93589973 -13.60239983 5.97319984
v -8.23110008 -14.03090000 4.94010019
v -8.23110008 -14.03090000 4.94010019
v -8.93589973 -13.60239983 5.97319984
v -9.13090038 -13.79930019 5.77629995
v -8.23110008 -14.03090000 4.94010019
v -9.13090038 -13.79930019 5.77629995
v -8.61629963 -14.30319977 4.66769981
v -9.37129974 -13.96930027 5.60629988
v -8.61629963 -14.30319977 4.66769981
v -9.37129974 -13.96930027 5.60629988
v -9.06250000 -14.52410030 4.44680023
v -9.64980030 -14.10719967 5.46840000
v -9.06250000 -14.52410030 4.44680023
v -9.64980030 -14.10719967 5.46840000
v -9.55620003 -14.68690014 4.28399992
v -9.95790005 -14.20870018 5.36679983
v -9.55620003 -14.68690014 4.28399992
v -9.95790005 -14.20870018 5.36679983
v -10.08240032 -14.78660011 4.18429995
v -10.28629971 -14.27099991 5.30459976
v -10.08240032 -14.78660011 4.18429995
v -10.28629971 -14.27099991 5.30459976
v -10.62500000 -14.82019997 4.15080023
v -10.62500000 -14.29189968 5.28369999
v -10.62500000 -14.82019997 4.15080023
v -10.62500000 -14.29189968 5.28369999
v -11.16769981 -14.78660011 4.18429995
v -10.96370029 -14.27099991 5.30459976
v -11.16769981 -14.78660011 4.18429995
v -10.96370029 -14.27099991 5.30459976
v -11.69379997 -14.68690014 4.28399992
v -11.29209995 -14.20870018 5.36679983
v -11.69379997 -14.68690014 4.28399992
v -11.29209995 -14.20870018 5.36679983
v -12.18750000 -14.52410030 4.44680023
v -11.60019970 -14.10719967 5.46840000
v -12.18750000 -14.52410030 4.44680023
v -11.60019970 -14.10719967 5.46840000
v -12.63370037 -14.30319977 4.66769981
v -11.87870026 -13.96930027 5.60629988
v -12.63370037 -14.30319977 4.66769981
v -11.87870026 -13.96930027 5.60629988
v -13.01889992 -14.03090000 4.94010019
v -12.11909962 -13.79930019 5.77629995
v -13.01889992 -14.03090000 4.94010019
v -12.11909962 -13.79930019 5.77629995
v -13.33129978 -13.71529961 5.25559998
v -13.33129978 -13.71529961 5.25559998
v -12.11909962 -13.79930019 5.77629995
v -12.31410027 -13.60239983 5.97319984
v -13.33129978 -13.71529961 5.25559998
v -12.31410027 -13.60239983 5.97319984
v -13.56149960 -13.36620045 5.60470009
v -12.45779991 -13.38449955 6.19110012
v -13.56149960 -13.36620045 5.60470009
v -12.45779991 -13.38449955 6.19110012
v -13.70250034 -12.99419975 5.97679996
v -12.54580021 -13.15229988 6.42329979
v -13.70250034 -12.99419975 5.97679996
v -12.54580021 -13.15229988 6.42329979
v -13.75000000 -12.61050034 6.36049986
v -12.57540035 -12.91279984 6.66279984
v -13.75000000 -12.61050034 6.36049986
v -12.57540035 -12.91279984 6.66279984
v -13.70250034 -12.22679996 6.74420023
v -12.54580021 -12.67329979 6.90229988
v -13.70250034 -12.22679996 6.74420023
v -12.54580021 -12.67329979 6.90229988
v -13.56149960 -11.85470009 7.11630011
v -12.45779991 -12.44110012 7.13450003
v -13.56149960 -11.85470009 7.11630011
v -12.45779991 -12.44110012 7.13450003
v -13.33129978 -11.50559998 7.46530008
v -12.31410027 -12.22319984 7.35239983
v -13.33129978 -11.50559998 7.46530008
v -12.31410027 -12.22319984 7.35239983
v -13.01889992 -11.19009972 7.78090000
v -12.11909962 -12.02630043 7.54930019
v -13.01889992 -11.19009972 7.78090000
v -12.11909962 -12.02630043 7.54930019
v -12.63370037 -10.91779995 8.05319977
v -11.87870026 -11.85630035 7.71929979
v -12.63370037 -10.91779995 8.05319977
v -11.87870026 -11.85630035 7.71929979
v -12.18750000 -10.69680023 8.27410030
v -11.60019970 -11.71840000 7.85720015
v -12.18750000 -10.69680023 8.27410030
v -11.60019970 -11.71840000 7.85720015
v -11.69379997 -10.53400040 8.43690014
v -11.29209995 -11.61680031 7.95870018
v -11.69379997 -10.53400040 8.43690014
v -11.29209995 -11.61680031 7.95870018
v -11.16769981 -10.43430042 8.53660011
v -10.96370029 -11.55459976 8.02099991
v -11.16769981 -10.43430042 8.53660011
v -10.96370029 -11.55459976 8.02099991
v -10.62500000 -10.40079975 8.57019997
v -10.62500000 -11.53369999 8.04189968
v -10.62500000 -10.40079975 8.57019997
v -10.62500000 -11.53369999 8.04189968
v -10.08240032 -10.43430042 8.53660011
v -10.28629971 -11.55459976 8.02099991
v -10.47350025 -13.55420017 8.51949978
v -9.95790005 -11.61680031 7.95870018
v -10.28629971 -11.55459976 8.02099991
v -10.32660007 -13.58209991 8.49170017
v -10.32660007 -13.58209991 8.49170017
v -9.64980030 -11.71840000 7.85720015
v -9.95790005 -11.61680031 7.95870018
v -10.18869972 -13.62749958 8.44620037
v -10.18869972 -13.62749958 8.44620037
v -9.37129974 -11.85630035 7.71929979
v -9.64980030 -11.71840000 7.85720015
v -10.06410027 -13.68920040 8.38459969
v -10.06410027 -13.68920040 8.38459969
v -9.13090038 -12.02630043 7.54930019
v -9.37129974 -11.85630035 7.71929979
v -10.06410027 -13.68920040 8.38459969
v -9.95650005 -13.76529980 8.30850029
v -9.13090038 -12.02630043 7.54930019
v -9.95650005 -13.76529980 8.30850029
v -8.93589973 -12.22319984 7.35239983
v -9.13090038 -12.02630043 7.54930019
v -9.86929989 -13.85340023 8.22039986
v -9.86929989 -13.85340023 8.22039986
v -8.79220009 -12.44110012 7.13450003
v -8.93589973 -12.22319984 7.35239983
v -9.80500031 -13.95090008 8.12290001
v -9.80500031 -13.95090008 8.12290001
v -8.70429993 -12.67329979 6.90229988
v -8.79220009 -12.44110012 7.13450003
v -9.76570034 -14.05469990 8.01900005
v -9.76570034 -14.05469990 8.01900005
v -8.67459965 -12.91279984 6.66279984
v -8.70429993 -12.67329979 6.90229988
v -9.75240040 -14.16189957 7.91190004
v -9.75240040 -14.16189957 7.91190004
v -8.70429993 -13.15229988 6.42329979
v -8.67459965 -12.91279984 6.66279984
v -9.76570034 -14.26900005 7.80469990
v -9.76570034 -14.26900005 7.80469990
v -8.79220009 -13.38449955 6.19110012
v -8.70429993 -13.15229988 6.42329979
v -9.80500031 -14.37290001 7.70079994
v -9.80500031 -14.37290001 7.70079994
v -8.93589973 -13.60239983 5.97319984
v -8.79220009 -13.38449955 6.19110012
v -9.86929989 -14.47039986 7.60340023
v -9.86929989 -14.47039986 7.60340023
v -9.13090038 -13.79930019 5.77629995
v -8.93589973 -13.60239983 5.97319984
v -9.95650005 -14.55850029 7.51529980
v -9.95650005 -14.55850029 7.51529980
v -9.37129974 -13.96930027 5.60629988
v -9.13090038 -13.79930019 5.77629995
v -9.95650005 -14.55850029 7.51529980
v -10.06410027 -14.63459969 7.43919992
v -9.37129974 -13.96930027 5.60629988
v -9.37129974 -13.96930027 5.60629988
v -10.06410027 -14.63459969 7.43919992
v -9.64980030 -14.10719967 5.46840000
v -10.18869972 -14.69620037 7.37750006
v -9.64980030 -14.10719967 5.46840000
v -10.18869972 -14.69620037 7.37750006
v -9.95790005 -14.20870018 5.36679983
v -10.32660007 -14.74170017 7.33209991
v -9.95790005 -14.20870018 5.36679983
v -10.32660007 -14.74170017 7.33209991
v -10.28629971 -14.27099991 5.30459976
v -10.47350025 -14.76949978 7.30420017
v -10.28629971 -14.27099991 5.30459976
v -10.47350025 -14.76949978 7.30420017
v -10.62500000 -14.29189968 5.28369999
v -10.62500000 -14.77890015 7.29489994
v -10.62500000 -14.29189968 5.28369999
v -10.62500000 -14.77890015 7.29489994
v -10.96370029 -14.27099991 5.30459976
v -10.77649975 -14.76949978 7.30420017
v -10.96370029 -14.27099991 5.30459976
v -10.77649975 -14.76949978 7.30420017
v -11.29209995 -14.20870018 5.36679983
v -10.92350006 -14.74170017 7.33209991
v -11.29209995 -14.20870018 5.36679983
v -10.92350006 -14.74170017 7.33209991
v -11.60019970 -14.10719967 5.46840000
v -11.06130028 -14.69620037 7.37750006
v -11.60019970 -14.10719967 5.46840000
v -11.06130028 -14.69620037 7.37750006
v -11.87870026 -13.96930027 5.60629988
v -11.18589973 -14.63459969 7.43919992
v -11.87870026 -13.96930027 5.60629988
v -11.18589973 -14.63459969 7.43919992
v -12.11909962 -13.79930019 5.77629995
v -12.11909962 -13.79930019 5.77629995
v -11.18589973 -14.63459969 7.43919992
v -11.29349995 -14.55850029 7.51529980
v -12.11909962 -13.79930019 5.77629995
v -11.29349995 -14.55850029 7.51529980
v -12.31410027 -13.60239983 5.97319984
v -11.38070011 -14.47039986 7.60340023
v -12.31410027 -13.60239983 5.97319984
v -11.38070011 -14.47039986 7.60340023
v -12.45779991 -13.38449955 6.19110012
v -11.44499969 -14.37290001 7.70079994
v -12.45779991 -13.38449955 6.19110012
v -11.44499969 -14.37290001 7.70079994
v -12.54580021 -13.15229988 6.42329979
v -11.48439980 -14.26900005 7.80469990
v -12.54580021 -13.15229988 6.42329979
v -11.48439980 -14.26900005 7.80469990
v -12.57540035 -12.91279984 6.66279984
v -11.49759960 -14.16189957 7.91190004
v -12.57540035 -12.91279984 6.66279984
v -11.49759960 -14.16189957 7.91190004
v -12.54580021 -12.67329979 6.90229988
v -11.48439980 -14.05469990 8.01900005
v -12.54580021 -12.67329979 6.90229988
v -11.48439980 -14.05469990 8.01900005
v -12.45779991 -12.44110012 7.13450003
v -11.44499969 -13.95090008 8.12290001
v -12.45779991 -12.44110012 7.13450003
v -11.44499969 -13.95090008 8.12290001
v -12.31410027 -12.22319984 7.35239983
v -11.38070011 -13.85340023 8.22039986
v -12.31410027 -12.22319984 7.35239983
v -11.38070011 -13.85340023 8.22039986
v -12.11909962 -12.02630043 7.54930019
v -11.29349995 -13.76529980 8.30850029
v -12.11909962 -12.02630043 7.54930019
v -11.29349995 -13.76529980 8.30850029
v -11.87870026 -11.85630035 7.71929979
v -11.18589973 -13.68920040 8.38459969
v -11.87870026 -11.85630035 7.71929979
v -11.18589973 -13.68920040 8.38459969
v -11.60019970 -11.71840000 7.85720015
v -11.06130028 -13.62749958 8.44620037
v -11.60019970 -11.71840000 7.85720015
v -11.06130028 -13.62749958 8.44620037
v -11.29209995 -11.61680031 7.95870018
v -10.92350006 -13.58209991 8.49170017
v -11.29209995 -11.61680031 7.95870018
v -10.92350006 -13.58209991 8.49170017
v -10.96370029 -11.55459976 8.02099991
v -10.77649975 -13.55420017 8.51949978
v -10.77649975 -13.55420017 8.51949978
v -10.62500000 -11.53369999 8.04189968
v -10.96370029 -11.55459976 8.02099991
v -10.62500000 -13.54489994 8.52890015
v -10.62500000 -13.54489994 8.52890015
v -10.28629971 -11.55459976 8.02099991
v -10.62500000 -11.53369999 8.04189968
v -10.47350025 -13.55420017 8.51949978
v -10.41779995 -13.86520004 8.42029953
v -11.01439953 -14.59589958 7.68959999
v -10.92790031 -14.63879967 7.64680004
v -10.05570030 -14.12119961 8.16429996
v -10.10029984 -14.05360031 8.23200035
v -10.10029984 -14.48200035 7.80359983
v -10.83220005 -14.67029953 7.61520004
v -10.73019981 -14.68970013 7.59590006
v -10.41779995 -13.86520004 8.42029953
v -10.73019981 -14.68970013 7.59590006
v -10.62500000 -14.69620037 7.58939981
v -10.62500000 -14.69620037 7.58939981
v -10.51980019 -14.68970013 7.59590006
v -10.51980019 -14.68970013 7.59590006
v -10.41779995 -14.67029953 7.61520004
v -10.32209969 -14.63879967 7.64680004
v -10.23560047 -14.59589958 7.68959999
v -10.16090012 -14.54310036 7.74240017
v -10.32209969 -13.89680004 8.38879967
v -10.32209969 -13.89680004 8.38879967
v -10.16090012 -14.54310036 7.74240017
v -10.23560047 -13.93959999 8.34589958
v -10.51980019 -13.84589958 8.43970013
v -11.01439953 -14.59589958 7.68959999
v -10.51980019 -13.84589958 8.43970013
v -10.62500000 -13.83940029 8.44620037
v -10.62500000 -13.83940029 8.44620037
v -10.73019981 -13.84589958 8.43970013
v -11.08909988 -13.99240017 8.29310036
v -11.14970016 -14.05360031 8.23200035
v -11.19429970 -14.41429996 7.87120008
v -10.73019981 -13.84589958 8.43970013
v -10.83220005 -13.86520004 8.42029953
v -10.83220005 -13.86520004 8.42029953
v -10.92790031 -13.89680004 8.38879967
v -11.08909988 -14.54310036 7.74240017
v -11.08909988 -14.54310036 7.74240017
v -10.92790031 -13.89680004 8.38879967
v -11.14970016 -14.48200035 7.80359983
v -10.05570030 -14.41429996 7.87120008
v -10.02840042 -14.34220028 7.94339991
v -10.10029984 -14.48200035 7.80359983
v -10.10029984 -14.05360031 8.23200035
v -10.16090012 -13.99240017 8.29310036
v -10.16090012 -13.99240017 8.29310036
v -10.23560047 -13.93959999 8.34589958
v -10.02840042 -14.34220028 7.94339991
v -10.01920033 -14.26780033 8.01780033
v -10.10029984 -14.48200035 7.80359983
v -10.01920033 -14.26780033 8.01780033
v -10.02840042 -14.19340038 8.09220028
v -10.02840042 -14.19340038 8.09220028
v -10.05570030 -14.12119961 8.16429996
v -11.14970016 -14.48200035 7.80359983
v -11.19429970 -14.41429996 7.87120008
v -11.01439953 -13.93959999 8.34589958
v -11.01439953 -13.93959999 8.34589958
v -11.08909988 -13.99240017 8.29310036
v -11.14970016 -14.05360031 8.23200035
v -11.19429970 -14.12119961 8.16429996
v -11.19429970 -14.41429996 7.87120008
v -11.19429970 -14.12119961 8.16429996
v -11.22159958 -14.19340038 8.09220028
v -11.22159958 -14.34220028 7.94339991
v -11.22159958 -14.34220028 7.94339991
v -11.22159958 -14.19340038 8.09220028
v -11.23079967 -14.26780033 8.01780033
v 4.68750000 -12.94190025 5.36609983
v -5.00000000 -13.38389969 5.36609983
v 5.00000000 -13.38389969 5.36609983
v -4.68750000 -12.94190025 5.36609983
v 4.68750000 -11.61610031 6.69189978
v 5.00000000 -13.38389969 5.36609983
v 5.00000000 -11.61610031 7.13390017
v 4.68750000 -12.94190025 5.36609983
v -5.00000000 -11.61610031 7.13390017
v -4.68750000 -12.94190025 5.36609983
v -4.68750000 -11.61610031 6.69189978
v -5.00000000 -13.38389969 5.36609983
v -5.00000000 -11.61610031 7.13390017
v -4.68750000 -11.61610031 6.69189978
v 5.00000000 -11.61610031 7.13390017
v 5.00000000 -11.61610031 7.13390017
v -4.68750000 -11.61610031 6.69189978
v 4.68750000 -11.61610031 6.69189978
v -15.00000000 13.79259968 9.37500000
v -15.00000000 -7.54260015 9.37500000
v -14.57839966 13.37100029 10.94849968
v -14.57839966 -7.12060022 10.94849968
v 13.99600029 -8.32839966 10.94849968
v -13.37100029 -8.32839966 10.94849968
v 14.41759968 -8.75000000 9.37500000
v 14.41759968 -8.75000000 9.37500000
v -13.37100029 -8.32839966 10.94849968
v -13.79259968 -8.75000000 9.37500000
v 15.62500000 13.79259968 9.37500000
v 15.20339966 13.37100029 10.94849968
v 15.62500000 -6.25000000 9.37500000
v 15.20339966 -7.12109995 10.94849968
v 15.62500000 -6.25000000 9.37500000
v 15.20339966 -7.12109995 10.94849968
v 15.62500000 -7.54260015 9.37500000
v -13.37139988 14.57839966 10.94849968
v 13.99600029 14.57839966 10.94849968
v -13.79259968 15.00000000 9.37500000
v 14.41759968 15.00000000 9.37500000
v -13.37139988 13.37100029 11.87500000
v -13.37119961 -7.12060022 11.87500000
v 13.99600029 13.37100029 11.87500000
v 13.99600029 13.37100029 11.87500000
v -13.37119961 -7.12060022 11.87500000
v 13.99600029 -7.12109995 11.87500000
v 15.17240047 -7.32420015 10.99470043
v 15.60700035 -7.75610018 9.37500000
v 15.62500000 -7.54260015 9.37500000
v 15.17240047 -7.32420015 10.99470043
v 15.62500000 -7.54260015 9.37500000
v 15.20339966 -7.12109995 10.94849968
v 15.55340004 -7.96129990 9.37500000
v 15.17240047 -7.32420015 10.99470043
v 15.10999966 -7.51789999 11.02989960
v 15.55340004 -7.96129990 9.37500000
v 15.10999966 -7.51789999 11.02989960
v 15.51369953 -8.05889988 9.37500000
v 15.51369953 -8.05889988 9.37500000
v 15.10999966 -7.51789999 11.02989960
v 15.01589966 -7.70249987 11.05410004
v 15.51369953 -8.05889988 9.37500000
v 15.01589966 -7.70249987 11.05410004
v 15.46580029 -8.15240002 9.37500000
v 15.46580029 -8.15240002 9.37500000
v 15.01589966 -7.70249987 11.05410004
v 15.00819969 -7.71299982 11.05490017
v 15.46580029 -8.15240002 9.37500000
v 15.00819969 -7.71299982 11.05490017
v 15.40999985 -8.24100018 9.37500000
v 15.40999985 -8.24100018 9.37500000
v 15.00819969 -7.71299982 11.05490017
v 14.97350025 -7.76070023 11.05830002
v 15.40999985 -8.24100018 9.37500000
v 14.97350025 -7.76070023 11.05830002
v 15.34659958 -8.32409954 9.37500000
v 14.97350025 -7.76070023 11.05830002
v 14.89340019 -7.87090015 11.06639957
v 15.34659958 -8.32409954 9.37500000
v 15.34659958 -8.32409954 9.37500000
v 14.89340019 -7.87090015 11.06639957
v 14.87919998 -7.88500023 11.06639957
v 15.34659958 -8.32409954 9.37500000
v 14.87919998 -7.88500023 11.06639957
v 15.27610016 -8.40110016 9.37500000
v 15.27610016 -8.40110016 9.37500000
v 14.87919998 -7.88500023 11.06639957
v 14.74590015 -8.01840019 11.06639957
v 15.27610016 -8.40110016 9.37500000
v 14.74590015 -8.01840019 11.06639957
v 15.19909954 -8.47159958 9.37500000
v 15.19909954 -8.47159958 9.37500000
v 14.74590015 -8.01840019 11.06639957
v 14.72119999 -8.03629971 11.06459999
v 15.19909954 -8.47159958 9.37500000
v 14.72119999 -8.03629971 11.06459999
v 15.11600018 -8.53499985 9.37500000
v 15.11600018 -8.53499985 9.37500000
v 14.72119999 -8.03629971 11.06459999
v 14.66219997 -8.07919979 11.06029987
v 15.11600018 -8.53499985 9.37500000
v 14.66219997 -8.07919979 11.06029987
v 15.02740002 -8.59080029 9.37500000
v 14.66219997 -8.07919979 11.06029987
v 14.57750034 -8.14089966 11.05410004
v 15.02740002 -8.59080029 9.37500000
v 15.02740002 -8.59080029 9.37500000
v 14.57750034 -8.14089966 11.05410004
v 14.53439999 -8.16279984 11.04839993
v 15.02740002 -8.59080029 9.37500000
v 14.53439999 -8.16279984 11.04839993
v 14.93389988 -8.63869953 9.37500000
v 14.93389988 -8.63869953 9.37500000
v 14.53439999 -8.16279984 11.04839993
v 14.44659996 -8.20759964 11.03689957
v 14.93389988 -8.63869953 9.37500000
v 14.44659996 -8.20759964 11.03689957
v 14.83629990 -8.67840004 9.37500000
v 14.44659996 -8.20759964 11.03689957
v 14.39290047 -8.23499966 11.02989960
v 14.83629990 -8.67840004 9.37500000
v 14.83629990 -8.67840004 9.37500000
v 14.39290047 -8.23499966 11.02989960
v 14.30760002 -8.26070023 11.01920033
v 14.83629990 -8.67840004 9.37500000
v 14.30760002 -8.26070023 11.01920033
v 14.63109970 -8.73200035 9.37500000
v 14.63109970 -8.73200035 9.37500000
v 14.30760002 -8.26070023 11.01920033
v 14.19719982 -8.29810047 10.99429989
v 13.99600029 -8.32839966 10.94849968
v 14.41759968 -8.75000000 9.37500000
v 14.05729961 -8.31910038 10.96249962
v 14.63109970 -8.73200035 9.37500000
v 14.12460041 -8.30900002 10.97780037
v 14.19719982 -8.29810047 10.99429989
v 13.99600029 -7.12109995 11.87500000
v -13.37119961 -7.12060022 11.87500000
v -13.37100029 -7.32490015 11.85820007
v -13.37100029 -8.32839966 10.94849968
v 13.99600029 -8.32839966 10.94849968
v -13.37100029 -8.26019955 11.13819981
v -13.37100029 -8.26019955 11.13819981
v 13.99600029 -8.32839966 10.94849968
v 13.99600029 -8.26080036 11.13729954
v -13.37100029 -8.26019955 11.13819981
v 13.99600029 -8.26080036 11.13729954
v -13.37100029 -8.16269970 11.31550026
v -13.37100029 -8.16269970 11.31550026
v 13.99600029 -8.26080036 11.13729954
v 13.99600029 -8.16090012 11.31779957
v -13.37100029 -8.16269970 11.31550026
v 13.99600029 -8.16090012 11.31779957
v -13.37100029 -8.03579998 11.47649956
v -13.37100029 -8.03579998 11.47649956
v 13.99600029 -8.16090012 11.31779957
v 13.99600029 -8.03400040 11.47819996
v -13.37100029 -8.03579998 11.47649956
v 13.99600029 -8.03400040 11.47819996
v -13.37100029 -7.88430023 11.61470032
v -13.37100029 -7.88430023 11.61470032
v 13.99600029 -8.03400040 11.47819996
v 13.99600029 -7.88259983 11.61579990
v -13.37100029 -7.88430023 11.61470032
v 13.99600029 -7.88259983 11.61579990
v -13.37100029 -7.71110010 11.72669983
v -13.37100029 -7.71110010 11.72669983
v 13.99600029 -7.88259983 11.61579990
v 13.99600029 -7.71150017 11.72649956
v -13.37100029 -7.71110010 11.72669983
v 13.99600029 -7.71150017 11.72649956
v -13.37100029 -7.52349997 11.80830002
v -13.37100029 -7.52349997 11.80830002
v 13.99600029 -7.71150017 11.72649956
v 13.99600029 -7.52330017 11.80830002
v -13.37100029 -7.52349997 11.80830002
v 13.99600029 -7.52330017 11.80830002
v -13.37100029 -7.32490015 11.85820007
v -13.37100029 -7.32490015 11.85820007
v 13.99600029 -7.52330017 11.80830002
v 13.99600029 -7.32490015 11.85820007
v -13.37100029 -7.32490015 11.85820007
v 13.99600029 -7.32490015 11.85820007
v 13.99600029 -7.12109995 11.87500000
v -13.79259968 -8.75000000 9.37500000
v -13.37100029 -8.32839966 10.94849968
v -13.43229961 -8.31910038 10.96249962
v -14.00609970 -8.73200035 9.37500000
v -13.49960041 -8.30900002 10.97780037
v -13.57219982 -8.29810047 10.99429989
v -14.00609970 -8.73200035 9.37500000
v -13.57219982 -8.29810047 10.99429989
v -14.21129990 -8.67840004 9.37500000
v -14.21129990 -8.67840004 9.37500000
v -13.57219982 -8.29810047 10.99429989
v -13.68229961 -8.26080036 11.01889992
v -14.21129990 -8.67840004 9.37500000
v -13.76790047 -8.23499966 11.02989960
v -14.30889988 -8.63869953 9.37500000
v -13.76790047 -8.23499966 11.02989960
v -13.82159996 -8.20759964 11.03689957
v -14.30889988 -8.63869953 9.37500000
v -13.90939999 -8.16279984 11.04839993
v -14.30889988 -8.63869953 9.37500000
v -13.90939999 -8.16279984 11.04839993
v -14.40240002 -8.59080029 9.37500000
v -14.40240002 -8.59080029 9.37500000
v -13.90939999 -8.16279984 11.04839993
v -13.95250034 -8.14089966 11.05410004
v -14.40240002 -8.59080029 9.37500000
v -13.95250034 -8.14089966 11.05410004
v -14.49100018 -8.53499985 9.37500000
v -13.95250034 -8.14089966 11.05410004
v -14.03719997 -8.07919979 11.06029987
v -14.49100018 -8.53499985 9.37500000
v -14.09630013 -8.03629971 11.06459999
v -14.49100018 -8.53499985 9.37500000
v -14.09630013 -8.03629971 11.06459999
v -14.57409954 -8.47159958 9.37500000
v -14.57409954 -8.47159958 9.37500000
v -14.09630013 -8.03629971 11.06459999
v -14.12090015 -8.01840019 11.06639957
v -14.57409954 -8.47159958 9.37500000
v -14.12090015 -8.01840019 11.06639957
v -14.65110016 -8.40110016 9.37500000
v -14.65110016 -8.40110016 9.37500000
v -14.12090015 -8.01840019 11.06639957
v -14.25419998 -7.88500023 11.06639957
v -14.65110016 -8.40110016 9.37500000
v -14.25419998 -7.88500023 11.06639957
v -14.72159958 -8.32409954 9.37500000
v -14.72159958 -8.32409954 9.37500000
v -14.25419998 -7.88500023 11.06639957
v -14.26840019 -7.87090015 11.06639957
v -14.72159958 -8.32409954 9.37500000
v -14.26840019 -7.87090015 11.06639957
v -14.78499985 -8.24100018 9.37500000
v -14.26840019 -7.87090015 11.06639957
v -14.34850025 -7.76070023 11.05830002
v -14.78499985 -8.24100018 9.37500000
v -14.38319969 -7.71299982 11.05490017
v -14.78499985 -8.24100018 9.37500000
v -14.38319969 -7.71299982 11.05490017
v -14.84080029 -8.15240002 9.37500000
v -14.84080029 -8.15240002 9.37500000
v -14.38319969 -7.71299982 11.05490017
v -14.39089966 -7.70249987 11.05410004
v -14.84080029 -8.15240002 9.37500000
v -14.39089966 -7.70249987 11.05410004
v -14.88869953 -8.05889988 9.37500000
v -14.88869953 -8.05889988 9.37500000
v -14.39089966 -7.70249987 11.05410004
v -14.48499966 -7.51789999 11.02989960
v -14.88869953 -8.05889988 9.37500000
v -14.48499966 -7.51789999 11.02989960
v -14.92840004 -7.96129990 9.37500000
v -14.92840004 -7.96129990 9.37500000
v -14.48499966 -7.51789999 11.02989960
v -14.54730034 -7.32469988 10.99479961
v -14.98200035 -7.75610018 9.37500000
v -14.98200035 -7.75610018 9.37500000
v -14.57839966 -7.12060022 10.94849968
v -15.00000000 -7.54260015 9.37500000
v 15.13510036 -7.12099981 11.13840008
v 15.03610039 -7.12099981 11.31750011
v 15.02530003 -7.32579994 11.30399990
v 15.03610039 -7.12099981 11.31750011
v 14.91069984 -7.12109995 11.47669983
v 14.90009975 -7.32579994 11.46350002
v 14.91069984 -7.12109995 11.47669983
v 14.75959969 -7.12099981 11.61450005
v 14.75049973 -7.32579994 11.60029984
v 14.91469955 -7.71350002 11.23110008
v 15.00160027 -7.71350002 11.07229996
v 15.07670021 -7.52510023 11.10579967
v 14.61919975 -8.03750038 11.20300007
v 14.70549965 -8.03750038 11.09309959
v 14.82129955 -7.88579988 11.16940022
v 14.41709995 -8.16440010 11.16940022
v 14.50070000 -8.16440010 11.09309959
v 14.61919975 -8.03750038 11.20300007
v 14.23680019 -8.26309967 11.07229996
v 14.30760002 -8.26070023 11.01920033
v 14.41709995 -8.16440010 11.16940022
v 14.72119999 -8.03629971 11.06459999
v 14.70549965 -8.03750038 11.09309959
v 14.66219997 -8.07919979 11.06029987
v 15.20339966 -7.12109995 10.94849968
v 15.13510036 -7.12099981 11.13840008
v 15.17240047 -7.32420015 10.99470043
v 15.00160027 -7.71350002 11.07229996
v 15.01589966 -7.70249987 11.05410004
v 15.07670021 -7.52510023 11.10579967
v 15.07670021 -7.52510023 11.10579967
v 15.01589966 -7.70249987 11.05410004
v 15.10999966 -7.51789999 11.02989960
v 15.07670021 -7.52510023 11.10579967
v 15.10999966 -7.51789999 11.02989960
v 15.17240047 -7.32420015 10.99470043
v 14.87919998 -7.88500023 11.06639957
v 14.89340019 -7.87090015 11.06639957
v 14.82129955 -7.88579988 11.16940022
v 14.82129955 -7.88579988 11.16940022
v 14.89340019 -7.87090015 11.06639957
v 14.97350025 -7.76070023 11.05830002
v 14.70549965 -8.03750038 11.09309959
v 14.72119999 -8.03629971 11.06459999
v 14.82129955 -7.88579988 11.16940022
v 14.82129955 -7.88579988 11.16940022
v 14.72119999 -8.03629971 11.06459999
v 14.74590015 -8.01840019 11.06639957
v 14.74590015 -8.01840019 11.06639957
v 14.57750034 -8.14089966 11.05410004
v 14.57750034 -8.14089966 11.05410004
v 14.70549965 -8.03750038 11.09309959
v 14.61919975 -8.03750038 11.20300007
v 14.57750034 -8.14089966 11.05410004
v 14.61919975 -8.03750038 11.20300007
v 14.53439999 -8.16279984 11.04839993
v 14.53439999 -8.16279984 11.04839993
v 14.61919975 -8.03750038 11.20300007
v 14.50070000 -8.16440010 11.09309959
v 14.53439999 -8.16279984 11.04839993
v 14.50070000 -8.16440010 11.09309959
v 14.44659996 -8.20759964 11.03689957
v 14.39290047 -8.23499966 11.02989960
v 14.39290047 -8.23499966 11.02989960
v 14.50070000 -8.16440010 11.09309959
v 14.41709995 -8.16440010 11.16940022
v 14.39290047 -8.23499966 11.02989960
v 14.41709995 -8.16440010 11.16940022
v 14.30760002 -8.26070023 11.01920033
v 14.30760002 -8.26070023 11.01920033
v 14.23680019 -8.26309967 11.07229996
v 14.19719982 -8.29810047 10.99429989
v 14.07919979 -8.26309967 11.12619972
v 13.99600029 -8.26080036 11.13729954
v 14.05729961 -8.31910038 10.96249962
v 14.05729961 -8.31910038 10.96249962
v 13.99600029 -8.26080036 11.13729954
v 13.99600029 -8.32839966 10.94849968
v 14.10879993 -8.16440010 11.30399990
v 13.99600029 -8.16090012 11.31779957
v 13.99600029 -8.26080036 11.13729954
v 14.13529968 -8.03750038 11.46350002
v 13.99600029 -8.03400040 11.47819996
v 13.99600029 -8.16090012 11.31779957
v 14.15799999 -7.88579988 11.60029984
v 13.99600029 -7.88259983 11.61579990
v 13.99600029 -8.03400040 11.47819996
v 14.12460041 -8.30900002 10.97780037
v 14.19719982 -8.29810047 10.99429989
v 14.16020012 -8.26309967 11.10579967
v 14.16020012 -8.26309967 11.10579967
v 14.19719982 -8.29810047 10.99429989
v 14.23680019 -8.26309967 11.07229996
v 14.16020012 -8.26309967 11.10579967
v 14.23680019 -8.26309967 11.07229996
v 14.32219982 -8.16440010 11.23110008
v 14.32219982 -8.16440010 11.23110008
v 14.23680019 -8.26309967 11.07229996
v 14.41709995 -8.16440010 11.16940022
v 14.32219982 -8.16440010 11.23110008
v 14.41709995 -8.16440010 11.16940022
v 14.51609993 -8.03750038 11.29730034
v 14.51609993 -8.03750038 11.29730034
v 14.51609993 -8.03750038 11.29730034
v 14.61919975 -8.03750038 11.20300007
v 14.72089958 -7.88579988 11.29730034
v 14.72089958 -7.88579988 11.29730034
v 14.61919975 -8.03750038 11.20300007
v 14.82129955 -7.88579988 11.16940022
v 14.72089958 -7.88579988 11.29730034
v 14.82129955 -7.88579988 11.16940022
v 14.91469955 -7.71350002 11.23110008
v 14.91469955 -7.71350002 11.23110008
v 14.82129955 -7.88579988 11.16940022
v 14.97350025 -7.76070023 11.05830002
v 14.91469955 -7.71350002 11.23110008
v 14.97350025 -7.76070023 11.05830002
v 15.00160027 -7.71350002 11.07229996
v 15.00160027 -7.71350002 11.07229996
v 14.97350025 -7.76070023 11.05830002
v 15.00819969 -7.71299982 11.05490017
v 15.00160027 -7.71350002 11.07229996
v 15.00819969 -7.71299982 11.05490017
v 15.01589966 -7.70249987 11.05410004
v 14.17630005 -7.71350002 11.71080017
v 13.99600029 -7.71150017 11.72649956
v 13.99600029 -7.88259983 11.61579990
v 14.18980026 -7.52510023 11.79189968
v 13.99600029 -7.52330017 11.80830002
v 13.99600029 -7.71150017 11.72649956
v 14.05729961 -8.31910038 10.96249962
v 14.12460041 -8.30900002 10.97780037
v 14.07919979 -8.26309967 11.12619972
v 14.07919979 -8.26309967 11.12619972
v 14.12460041 -8.30900002 10.97780037
v 14.16020012 -8.26309967 11.10579967
v 14.07919979 -8.26309967 11.12619972
v 14.16020012 -8.26309967 11.10579967
v 14.21850014 -8.16440010 11.27639961
v 14.21850014 -8.16440010 11.27639961
v 14.21850014 -8.16440010 11.27639961
v 14.32219982 -8.16440010 11.23110008
v 14.39890003 -8.03750038 11.37349987
v 14.39890003 -8.03750038 11.37349987
v 14.39890003 -8.03750038 11.37349987
v 14.51609993 -8.03750038 11.29730034
v 14.60089970 -7.88579988 11.40699959
v 14.60089970 -7.88579988 11.40699959
v 14.51609993 -8.03750038 11.29730034
v 14.72089958 -7.88579988 11.29730034
v 14.60089970 -7.88579988 11.40699959
v 14.72089958 -7.88579988 11.29730034
v 14.80300045 -7.71350002 11.37349987
v 14.80300045 -7.71350002 11.37349987
v 14.80300045 -7.71350002 11.37349987
v 14.91469955 -7.71350002 11.23110008
v 14.98330021 -7.52510023 11.27639961
v 14.98330021 -7.52510023 11.27639961
v 14.98330021 -7.52510023 11.27639961
v 15.07670021 -7.52510023 11.10579967
v 15.12259960 -7.32579994 11.12619972
v 15.12259960 -7.32579994 11.12619972
v 15.07670021 -7.52510023 11.10579967
v 15.17240047 -7.32420015 10.99470043
v 13.99600029 -7.32490015 11.85820007
v 13.99600029 -7.52330017 11.80830002
v 14.19799995 -7.32579994 11.84140015
v 14.19799995 -7.32579994 11.84140015
v 13.99600029 -7.52330017 11.80830002
v 14.18980026 -7.52510023 11.79189968
v 14.19799995 -7.32579994 11.84140015
v 14.18980026 -7.52510023 11.79189968
v 14.39459991 -7.32579994 11.79189968
v 13.99600029 -7.32490015 11.85820007
v 14.19799995 -7.32579994 11.84140015
v 14.20040035 -7.12099981 11.85809994
v 13.99600029 -7.32490015 11.85820007
v 14.20040035 -7.12099981 11.85809994
v 13.99600029 -7.12109995 11.87500000
v 14.58749962 -7.12099981 11.72609997
v 14.39910030 -7.12099981 11.80809975
v 14.39459991 -7.32579994 11.79189968
v 14.39459991 -7.32579994 11.79189968
v 14.39910030 -7.12099981 11.80809975
v 14.19799995 -7.32579994 11.84140015
v 14.19799995 -7.32579994 11.84140015
v 14.39910030 -7.12099981 11.80809975
v 14.20040035 -7.12099981 11.85809994
v 14.58040047 -7.32579994 11.71080017
v 14.58749962 -7.12099981 11.72609997
v 14.39459991 -7.32579994 11.79189968
v 14.58040047 -7.32579994 11.71080017
v 14.39459991 -7.32579994 11.79189968
v 14.37839985 -7.52510023 11.74429989
v 14.37839985 -7.52510023 11.74429989
v 14.37839985 -7.52510023 11.74429989
v 14.18980026 -7.52510023 11.79189968
v 14.17630005 -7.71350002 11.71080017
v 14.17630005 -7.71350002 11.71080017
v 14.18980026 -7.52510023 11.79189968
v 13.99600029 -7.71150017 11.72649956
v 14.75049973 -7.32579994 11.60029984
v 14.75959969 -7.12099981 11.61450005
v 14.58040047 -7.32579994 11.71080017
v 14.75049973 -7.32579994 11.60029984
v 14.58040047 -7.32579994 11.71080017
v 14.55659962 -7.52510023 11.66660023
v 14.55659962 -7.52510023 11.66660023
v 14.55659962 -7.52510023 11.66660023
v 14.37839985 -7.52510023 11.74429989
v 14.35179996 -7.71350002 11.66660023
v 14.35179996 -7.71350002 11.66660023
v 14.35179996 -7.71350002 11.66660023
v 14.17630005 -7.71350002 11.71080017
v 14.15799999 -7.88579988 11.60029984
v 14.15799999 -7.88579988 11.60029984
v 14.17630005 -7.71350002 11.71080017
v 13.99600029 -7.88259983 11.61579990
v 14.90009975 -7.32579994 11.46350002
v 14.91069984 -7.12109995 11.47669983
v 14.75049973 -7.32579994 11.60029984
v 14.90009975 -7.32579994 11.46350002
v 14.75049973 -7.32579994 11.60029984
v 14.71969986 -7.52510023 11.56060028
v 14.71969986 -7.52510023 11.56060028
v 14.71969986 -7.52510023 11.56060028
v 14.55659962 -7.52510023 11.66660023
v 14.51770020 -7.71350002 11.59420013
v 14.51770020 -7.71350002 11.59420013
v 14.51770020 -7.71350002 11.59420013
v 14.35179996 -7.71350002 11.66660023
v 14.31560040 -7.88579988 11.56060028
v 14.31560040 -7.88579988 11.56060028
v 14.31560040 -7.88579988 11.56060028
v 14.15799999 -7.88579988 11.60029984
v 14.13529968 -8.03750038 11.46350002
v 14.13529968 -8.03750038 11.46350002
v 14.15799999 -7.88579988 11.60029984
v 13.99600029 -8.03400040 11.47819996
v 15.02530003 -7.32579994 11.30399990
v 15.03610039 -7.12099981 11.31750011
v 14.90009975 -7.32579994 11.46350002
v 15.02530003 -7.32579994 11.30399990
v 14.90009975 -7.32579994 11.46350002
v 14.86330032 -7.52510023 11.42940044
v 14.86330032 -7.52510023 11.42940044
v 14.86330032 -7.52510023 11.42940044
v 14.71969986 -7.52510023 11.56060028
v 14.66940022 -7.71350002 11.49559975
v 14.66940022 -7.71350002 11.49559975
v 14.66940022 -7.71350002 11.49559975
v 14.51770020 -7.71350002 11.59420013
v 14.46459961 -7.88579988 11.49559975
v 14.46459961 -7.88579988 11.49559975
v 14.46459961 -7.88579988 11.49559975
v 14.31560040 -7.88579988 11.56060028
v 14.27079964 -8.03750038 11.42940044
v 14.27079964 -8.03750038 11.42940044
v 14.27079964 -8.03750038 11.42940044
v 14.13529968 -8.03750038 11.46350002
v 14.10879993 -8.16440010 11.30399990
v 14.10879993 -8.16440010 11.30399990
v 14.13529968 -8.03750038 11.46350002
v 13.99600029 -8.16090012 11.31779957
v 15.12259960 -7.32579994 11.12619972
v 15.13510036 -7.12099981 11.13840008
v 15.02530003 -7.32579994 11.30399990
v 15.02530003 -7.32579994 11.30399990
v 14.98330021 -7.52510023 11.27639961
v 14.98330021 -7.52510023 11.27639961
v 14.86330032 -7.52510023 11.42940044
v 14.80300045 -7.71350002 11.37349987
v 14.80300045 -7.71350002 11.37349987
v 14.66940022 -7.71350002 11.49559975
v 14.60089970 -7.88579988 11.40699959
v 14.46459961 -7.88579988 11.49559975
v 14.39890003 -8.03750038 11.37349987
v 14.27079964 -8.03750038 11.42940044
v 14.21850014 -8.16440010 11.27639961
v 14.27079964 -8.03750038 11.42940044
v 14.10879993 -8.16440010 11.30399990
v 14.10879993 -8.16440010 11.30399990
v 14.07919979 -8.26309967 11.12619972
v 14.10879993 -8.16440010 11.30399990
v 13.99600029 -8.26080036 11.13729954
v -13.82159996 -8.20759964 11.03689957
v -13.87570000 -8.16440010 11.09309959
v -13.90939999 -8.16279984 11.04839993
v -13.45419979 -8.26309967 11.12619972
v -13.43229961 -8.31910038 10.96249962
v -13.37100029 -8.32839966 10.94849968
v -13.53520012 -8.26309967 11.10579967
v -13.49960041 -8.30900002 10.97780037
v -13.43229961 -8.31910038 10.96249962
v -13.61180019 -8.26309967 11.07229996
v -13.57219982 -8.29810047 10.99429989
v -13.49960041 -8.30900002 10.97780037
v -13.76790047 -8.23499966 11.02989960
v -13.79209995 -8.16440010 11.16940022
v -13.82159996 -8.20759964 11.03689957
v -13.95250034 -8.14089966 11.05410004
v -13.95250034 -8.14089966 11.05410004
v -13.87570000 -8.16440010 11.09309959
v -13.99419975 -8.03750038 11.20300007
v -13.95250034 -8.14089966 11.05410004
v -13.99419975 -8.03750038 11.20300007
v -14.03719997 -8.07919979 11.06029987
v -14.26840019 -7.87090015 11.06639957
v -14.25419998 -7.88500023 11.06639957
v -14.19629955 -7.88579988 11.16940022
v -14.19629955 -7.88579988 11.16940022
v -14.25419998 -7.88500023 11.06639957
v -14.12090015 -8.01840019 11.06639957
v -14.19629955 -7.88579988 11.16940022
v -14.12090015 -8.01840019 11.06639957
v -14.08049965 -8.03750038 11.09309959
v -14.08049965 -8.03750038 11.09309959
v -14.12090015 -8.01840019 11.06639957
v -14.09630013 -8.03629971 11.06459999
v -14.03719997 -8.07919979 11.06029987
v -14.48499966 -7.51789999 11.02989960
v -14.39089966 -7.70249987 11.05410004
v -14.37660027 -7.71350002 11.07229996
v -14.37660027 -7.71350002 11.07229996
v -14.39089966 -7.70249987 11.05410004
v -14.38319969 -7.71299982 11.05490017
v -14.37660027 -7.71350002 11.07229996
v -14.38319969 -7.71299982 11.05490017
v -14.34850025 -7.76070023 11.05830002
v -14.37660027 -7.71350002 11.07229996
v -14.45170021 -7.52510023 11.10579967
v -14.48499966 -7.51789999 11.02989960
v -14.48499966 -7.51789999 11.02989960
v -14.45170021 -7.52510023 11.10579967
v -14.49759960 -7.32579994 11.12619972
v -14.48499966 -7.51789999 11.02989960
v -14.49759960 -7.32579994 11.12619972
v -14.54730034 -7.32469988 10.99479961
v -14.54730034 -7.32469988 10.99479961
v -14.49759960 -7.32579994 11.12619972
v -14.51000023 -7.12060022 11.13860035
v -13.37100029 -8.32839966 10.94849968
v -13.37100029 -8.26019955 11.13819981
v -13.45419979 -8.26309967 11.12619972
v -13.45419979 -8.26309967 11.12619972
v -13.37100029 -8.26019955 11.13819981
v -13.48379993 -8.16440010 11.30399990
v -13.37100029 -8.26019955 11.13819981
v -13.37100029 -8.16269970 11.31550026
v -13.48379993 -8.16440010 11.30399990
v -13.55130005 -7.71350002 11.71080017
v -13.37100029 -7.71110010 11.72669983
v -13.56480026 -7.52510023 11.79189968
v -13.37100029 -7.71110010 11.72669983
v -13.37100029 -7.52349997 11.80830002
v -13.56480026 -7.52510023 11.79189968
v -13.56480026 -7.52510023 11.79189968
v -13.37100029 -7.52349997 11.80830002
v -13.57299995 -7.32579994 11.84140015
v -14.40030003 -7.32579994 11.30399990
v -14.41170025 -7.12060022 11.31680012
v -14.51000023 -7.12060022 11.13860035
v -14.26840019 -7.87090015 11.06639957
v -14.19629955 -7.88579988 11.16940022
v -14.34850025 -7.76070023 11.05830002
v -14.34850025 -7.76070023 11.05830002
v -14.19629955 -7.88579988 11.16940022
v -14.28969955 -7.71350002 11.23110008
v -14.34850025 -7.76070023 11.05830002
v -14.28969955 -7.71350002 11.23110008
v -14.37660027 -7.71350002 11.07229996
v -14.37660027 -7.71350002 11.07229996
v -14.28969955 -7.71350002 11.23110008
v -14.35830021 -7.52510023 11.27639961
v -14.45170021 -7.52510023 11.10579967
v -14.45170021 -7.52510023 11.10579967
v -14.35830021 -7.52510023 11.27639961
v -14.40030003 -7.32579994 11.30399990
v -14.49759960 -7.32579994 11.12619972
v -14.49759960 -7.32579994 11.12619972
v -14.40030003 -7.32579994 11.30399990
v -14.51000023 -7.12060022 11.13860035
v -14.03719997 -8.07919979 11.06029987
v -13.99419975 -8.03750038 11.20300007
v -14.08049965 -8.03750038 11.09309959
v -14.08049965 -8.03750038 11.09309959
v -13.99419975 -8.03750038 11.20300007
v -14.09589958 -7.88579988 11.29730034
v -14.19629955 -7.88579988 11.16940022
v -14.19629955 -7.88579988 11.16940022
v -14.09589958 -7.88579988 11.29730034
v -14.17800045 -7.71350002 11.37349987
v -14.28969955 -7.71350002 11.23110008
v -14.28969955 -7.71350002 11.23110008
v -14.17800045 -7.71350002 11.37349987
v -14.23830032 -7.52510023 11.42940044
v -14.28969955 -7.71350002 11.23110008
v -14.23830032 -7.52510023 11.42940044
v -14.35830021 -7.52510023 11.27639961
v -14.35830021 -7.52510023 11.27639961
v -14.23830032 -7.52510023 11.42940044
v -14.27509975 -7.32579994 11.46350002
v -14.40030003 -7.32579994 11.30399990
v -13.82159996 -8.20759964 11.03689957
v -13.79209995 -8.16440010 11.16940022
v -13.87570000 -8.16440010 11.09309959
v -13.87570000 -8.16440010 11.09309959
v -13.79209995 -8.16440010 11.16940022
v -13.89109993 -8.03750038 11.29730034
v -13.99419975 -8.03750038 11.20300007
v -13.99419975 -8.03750038 11.20300007
v -13.89109993 -8.03750038 11.29730034
v -13.97589970 -7.88579988 11.40699959
v -14.09589958 -7.88579988 11.29730034
v -14.09589958 -7.88579988 11.29730034
v -13.97589970 -7.88579988 11.40699959
v -14.04440022 -7.71350002 11.49559975
v -14.17800045 -7.71350002 11.37349987
v -14.17800045 -7.71350002 11.37349987
v -14.04440022 -7.71350002 11.49559975
v -14.09469986 -7.52510023 11.56060028
v -14.23830032 -7.52510023 11.42940044
v -14.23830032 -7.52510023 11.42940044
v -14.09469986 -7.52510023 11.56060028
v -14.12549973 -7.32579994 11.60029984
v -14.27509975 -7.32579994 11.46350002
v -13.57219982 -8.29810047 10.99429989
v -13.61180019 -8.26309967 11.07229996
v -13.68229961 -8.26080036 11.01889992
v -13.68229961 -8.26080036 11.01889992
v -13.61180019 -8.26309967 11.07229996
v -13.69719982 -8.16440010 11.23110008
v -13.79209995 -8.16440010 11.16940022
v -13.69719982 -8.16440010 11.23110008
v -13.77390003 -8.03750038 11.37349987
v -13.89109993 -8.03750038 11.29730034
v -13.89109993 -8.03750038 11.29730034
v -13.77390003 -8.03750038 11.37349987
v -13.83959961 -7.88579988 11.49559975
v -13.97589970 -7.88579988 11.40699959
v -13.97589970 -7.88579988 11.40699959
v -13.83959961 -7.88579988 11.49559975
v -13.89270020 -7.71350002 11.59420013
v -14.04440022 -7.71350002 11.49559975
v -14.04440022 -7.71350002 11.49559975
v -13.89270020 -7.71350002 11.59420013
v -13.93159962 -7.52510023 11.66660023
v -14.09469986 -7.52510023 11.56060028
v -14.09469986 -7.52510023 11.56060028
v -13.93159962 -7.52510023 11.66660023
v -13.95549965 -7.32579994 11.71080017
v -14.12549973 -7.32579994 11.60029984
v -13.49960041 -8.30900002 10.97780037
v -13.53520012 -8.26309967 11.10579967
v -13.61180019 -8.26309967 11.07229996
v -13.61180019 -8.26309967 11.07229996
v -13.53520012 -8.26309967 11.10579967
v -13.59350014 -8.16440010 11.27639961
v -13.69719982 -8.16440010 11.23110008
v -13.69719982 -8.16440010 11.23110008
v -13.59350014 -8.16440010 11.27639961
v -13.64579964 -8.03750038 11.42940044
v -13.77390003 -8.03750038 11.37349987
v -13.77390003 -8.03750038 11.37349987
v -13.64579964 -8.03750038 11.42940044
v -13.69060040 -7.88579988 11.56060028
v -13.83959961 -7.88579988 11.49559975
v -13.83959961 -7.88579988 11.49559975
v -13.69060040 -7.88579988 11.56060028
v -13.72679996 -7.71350002 11.66660023
v -13.89270020 -7.71350002 11.59420013
v -13.89270020 -7.71350002 11.59420013
v -13.72679996 -7.71350002 11.66660023
v -13.75339985 -7.52510023 11.74429989
v -13.93159962 -7.52510023 11.66660023
v -13.93159962 -7.52510023 11.66660023
v -13.75339985 -7.52510023 11.74429989
v -13.76959991 -7.32579994 11.79189968
v -13.95549965 -7.32579994 11.71080017
v -13.43229961 -8.31910038 10.96249962
v -13.45419979 -8.26309967 11.12619972
v -13.53520012 -8.26309967 11.10579967
v -13.53520012 -8.26309967 11.10579967
v -13.45419979 -8.26309967 11.12619972
v -13.48379993 -8.16440010 11.30399990
v -13.59350014 -8.16440010 11.27639961
v -13.59350014 -8.16440010 11.27639961
v -13.48379993 -8.16440010 11.30399990
v -13.51029968 -8.03750038 11.46350002
v -13.64579964 -8.03750038 11.42940044
v -13.64579964 -8.03750038 11.42940044
v -13.51029968 -8.03750038 11.46350002
v -13.53299999 -7.88579988 11.60029984
v -13.69060040 -7.88579988 11.56060028
v -13.69060040 -7.88579988 11.56060028
v -13.53299999 -7.88579988 11.60029984
v -13.55130005 -7.71350002 11.71080017
v -13.72679996 -7.71350002 11.66660023
v -13.72679996 -7.71350002 11.66660023
v -13.55130005 -7.71350002 11.71080017
v -13.56480026 -7.52510023 11.79189968
v -13.75339985 -7.52510023 11.74429989
v -13.75339985 -7.52510023 11.74429989
v -13.56480026 -7.52510023 11.79189968
v -13.57299995 -7.32579994 11.84140015
v -13.76959991 -7.32579994 11.79189968
v -13.37119961 -7.12060022 11.87500000
v -13.57489967 -7.12060022 11.85820007
v -13.37100029 -7.32490015 11.85820007
v -13.37100029 -7.32490015 11.85820007
v -13.57489967 -7.12060022 11.85820007
v -13.57299995 -7.32579994 11.84140015
v -13.37100029 -7.32490015 11.85820007
v -13.57299995 -7.32579994 11.84140015
v -13.37100029 -7.52349997 11.80830002
v 14.41759968 15.00000000 9.37500000
v 13.99600029 14.57839966 10.94849968
v 14.05729961 14.56910038 10.96249962
v 14.63109970 14.98200035 9.37500000
v 14.05729961 14.56910038 10.96249962
v 14.12460041 14.55900002 10.97780037
v 14.63109970 14.98200035 9.37500000
v 14.12460041 14.55900002 10.97780037
v 14.19719982 14.54810047 10.99429989
v 14.63109970 14.98200035 9.37500000
v 14.19719982 14.54810047 10.99429989
v 14.83629990 14.92840004 9.37500000
v 14.83629990 14.92840004 9.37500000
v 14.19719982 14.54810047 10.99429989
v 14.30739975 14.51039982 11.01990032
v 14.83629990 14.92840004 9.37500000
v 14.30739975 14.51039982 11.01990032
v 14.39290047 14.48499966 11.02989960
v 14.83629990 14.92840004 9.37500000
v 14.39290047 14.48499966 11.02989960
v 14.93389988 14.88869953 9.37500000
v 14.93389988 14.88869953 9.37500000
v 14.39290047 14.48499966 11.02989960
v 14.44659996 14.45759964 11.03689957
v 14.93389988 14.88869953 9.37500000
v 14.44659996 14.45759964 11.03689957
v 15.02740002 14.84080029 9.37500000
v 14.44659996 14.45759964 11.03689957
v 14.53439999 14.41279984 11.04839993
v 15.02740002 14.84080029 9.37500000
v 14.57750034 14.39089966 11.05410004
v 15.02740002 14.84080029 9.37500000
v 14.57750034 14.39089966 11.05410004
v 15.11600018 14.78499985 9.37500000
v 15.11600018 14.78499985 9.37500000
v 14.57750034 14.39089966 11.05410004
v 14.66219997 14.32919979 11.06029987
v 15.11600018 14.78499985 9.37500000
v 14.66219997 14.32919979 11.06029987
v 15.19909954 14.72159958 9.37500000
v 14.66219997 14.32919979 11.06029987
v 14.72119999 14.28629971 11.06459999
v 15.19909954 14.72159958 9.37500000
v 14.74590015 14.26840019 11.06639957
v 15.19909954 14.72159958 9.37500000
v 14.74590015 14.26840019 11.06639957
v 15.27610016 14.65110016 9.37500000
v 15.27610016 14.65110016 9.37500000
v 14.74590015 14.26840019 11.06639957
v 14.87919998 14.13500023 11.06639957
v 15.27610016 14.65110016 9.37500000
v 14.87919998 14.13500023 11.06639957
v 15.34659958 14.57409954 9.37500000
v 15.34659958 14.57409954 9.37500000
v 14.87919998 14.13500023 11.06639957
v 14.89340019 14.12090015 11.06639957
v 15.34659958 14.57409954 9.37500000
v 14.89340019 14.12090015 11.06639957
v 15.40999985 14.49100018 9.37500000
v 15.40999985 14.49100018 9.37500000
v 14.89340019 14.12090015 11.06639957
v 14.97350025 14.01070023 11.05840015
v 15.40999985 14.49100018 9.37500000
v 14.97350025 14.01070023 11.05840015
v 15.46580029 14.40240002 9.37500000
v 14.97350025 14.01070023 11.05840015
v 15.00819969 13.96300030 11.05490017
v 15.46580029 14.40240002 9.37500000
v 15.46580029 14.40240002 9.37500000
v 15.00819969 13.96300030 11.05490017
v 15.01589966 13.95250034 11.05410004
v 15.46580029 14.40240002 9.37500000
v 15.01589966 13.95250034 11.05410004
v 15.51369953 14.30889988 9.37500000
v 15.51369953 14.30889988 9.37500000
v 15.01589966 13.95250034 11.05410004
v 15.10999966 13.76790047 11.02989960
v 15.51369953 14.30889988 9.37500000
v 15.10999966 13.76790047 11.02989960
v 15.55340004 14.21129990 9.37500000
v 15.55340004 14.21129990 9.37500000
v 15.10999966 13.76790047 11.02989960
v 15.17230034 13.57450008 10.99470043
v 15.60700035 14.00609970 9.37500000
v 15.60700035 14.00609970 9.37500000
v 15.17230034 13.57450008 10.99470043
v 15.20339966 13.37100029 10.94849968
v 15.60700035 14.00609970 9.37500000
v 15.20339966 13.37100029 10.94849968
v 15.62500000 13.79259968 9.37500000
v -14.92840004 14.21129990 9.37500000
v -14.98200035 14.00609970 9.37500000
v -14.54740047 13.57439995 10.99470043
v -14.54740047 13.57439995 10.99470043
v -14.98200035 14.00609970 9.37500000
v -15.00000000 13.79259968 9.37500000
v -14.54740047 13.57439995 10.99470043
v -15.00000000 13.79259968 9.37500000
v -14.57839966 13.37100029 10.94849968
v -14.48499966 13.76790047 11.02989960
v -14.92840004 14.21129990 9.37500000
v -14.48499966 13.76790047 11.02989960
v -14.88869953 14.30889988 9.37500000
v -14.88869953 14.30889988 9.37500000
v -14.48499966 13.76790047 11.02989960
v -14.39089966 13.95250034 11.05410004
v -14.88869953 14.30889988 9.37500000
v -14.39089966 13.95250034 11.05410004
v -14.84080029 14.40240002 9.37500000
v -14.84080029 14.40240002 9.37500000
v -14.39089966 13.95250034 11.05410004
v -14.38319969 13.96300030 11.05490017
v -14.84080029 14.40240002 9.37500000
v -14.38319969 13.96300030 11.05490017
v -14.78499985 14.49100018 9.37500000
v -14.78499985 14.49100018 9.37500000
v -14.38319969 13.96300030 11.05490017
v -14.34850025 14.01070023 11.05840015
v -14.78499985 14.49100018 9.37500000
v -14.34850025 14.01070023 11.05840015
v -14.72159958 14.57409954 9.37500000
v -14.34850025 14.01070023 11.05840015
v -14.26840019 14.12090015 11.06639957
v -14.72159958 14.57409954 9.37500000
v -14.72159958 14.57409954 9.37500000
v -14.26840019 14.12090015 11.06639957
v -14.25419998 14.13500023 11.06639957
v -14.72159958 14.57409954 9.37500000
v -14.25419998 14.13500023 11.06639957
v -14.65110016 14.65110016 9.37500000
v -14.65110016 14.65110016 9.37500000
v -14.25419998 14.13500023 11.06639957
v -14.12090015 14.26840019 11.06639957
v -14.65110016 14.65110016 9.37500000
v -14.12090015 14.26840019 11.06639957
v -14.57409954 14.72159958 9.37500000
v -14.57409954 14.72159958 9.37500000
v -14.12090015 14.26840019 11.06639957
v -14.09630013 14.28629971 11.06459999
v -14.57409954 14.72159958 9.37500000
v -14.09630013 14.28629971 11.06459999
v -14.49100018 14.78499985 9.37500000
v -14.49100018 14.78499985 9.37500000
v -14.09630013 14.28629971 11.06459999
v -14.03719997 14.32919979 11.06029987
v -14.49100018 14.78499985 9.37500000
v -14.03719997 14.32919979 11.06029987
v -14.40240002 14.84080029 9.37500000
v -13.76790047 14.48499966 11.02989960
v -14.21129990 14.92840004 9.37500000
v -13.82159996 14.45759964 11.03689957
v -13.82159996 14.45759964 11.03689957
v -14.21129990 14.92840004 9.37500000
v -14.30889988 14.88869953 9.37500000
v -13.82159996 14.45759964 11.03689957
v -14.30889988 14.88869953 9.37500000
v -13.90939999 14.41279984 11.04839993
v -13.90939999 14.41279984 11.04839993
v -14.30889988 14.88869953 9.37500000
v -14.40240002 14.84080029 9.37500000
v -13.90939999 14.41279984 11.04839993
v -14.40240002 14.84080029 9.37500000
v -13.95250034 14.39089966 11.05410004
v -13.95250034 14.39089966 11.05410004
v -14.40240002 14.84080029 9.37500000
v -14.03719997 14.32919979 11.06029987
v -13.57219982 14.54810047 10.99429989
v -14.00609970 14.98200035 9.37500000
v -13.68220043 14.51109982 11.01819992
v -13.68220043 14.51109982 11.01819992
v -14.21129990 14.92840004 9.37500000
v -13.76790047 14.48499966 11.02989960
v -13.37139988 14.57839966 10.94849968
v -13.79259968 15.00000000 9.37500000
v -13.43229961 14.56910038 10.96249962
v -13.43229961 14.56910038 10.96249962
v -13.79259968 15.00000000 9.37500000
v -14.00609970 14.98200035 9.37500000
v -13.43229961 14.56910038 10.96249962
v -14.00609970 14.98200035 9.37500000
v -13.49960041 14.55900002 10.97780037
v -13.49960041 14.55900002 10.97780037
v -13.57219982 14.54810047 10.99429989
v 14.44659996 14.45759964 11.03689957
v 14.50070000 14.41440010 11.09309959
v 14.53439999 14.41279984 11.04839993
v 14.07919979 14.51309967 11.12619972
v 14.05729961 14.56910038 10.96249962
v 13.99600029 14.57839966 10.94849968
v 14.16020012 14.51309967 11.10579967
v 14.12460041 14.55900002 10.97780037
v 14.05729961 14.56910038 10.96249962
v 14.23680019 14.51309967 11.07240009
v 14.19719982 14.54810047 10.99429989
v 14.12460041 14.55900002 10.97780037
v 14.53439999 14.41279984 11.04839993
v 14.50070000 14.41440010 11.09309959
v 14.57750034 14.39089966 11.05410004
v 14.57750034 14.39089966 11.05410004
v 14.50070000 14.41440010 11.09309959
v 14.61919975 14.28750038 11.20300007
v 14.57750034 14.39089966 11.05410004
v 14.61919975 14.28750038 11.20300007
v 14.66219997 14.32919979 11.06029987
v 14.89340019 14.12090015 11.06639957
v 14.87919998 14.13500023 11.06639957
v 14.82129955 14.13580036 11.16940022
v 14.82129955 14.13580036 11.16940022
v 14.87919998 14.13500023 11.06639957
v 14.74590015 14.26840019 11.06639957
v 14.82129955 14.13580036 11.16940022
v 14.74590015 14.26840019 11.06639957
v 14.70549965 14.28750038 11.09309959
v 14.70549965 14.28750038 11.09309959
v 14.74590015 14.26840019 11.06639957
v 14.72119999 14.28629971 11.06459999
v 14.66219997 14.32919979 11.06029987
v 15.10999966 13.76790047 11.02989960
v 15.01589966 13.95250034 11.05410004
v 15.00160027 13.96350002 11.07240009
v 15.00160027 13.96350002 11.07240009
v 15.01589966 13.95250034 11.05410004
v 15.00819969 13.96300030 11.05490017
v 15.00160027 13.96350002 11.07240009
v 15.00819969 13.96300030 11.05490017
v 14.97350025 14.01070023 11.05840015
v 15.00160027 13.96350002 11.07240009
v 15.07670021 13.77509975 11.10579967
v 15.10999966 13.76790047 11.02989960
v 15.10999966 13.76790047 11.02989960
v 15.07670021 13.77509975 11.10579967
v 15.12259960 13.57579994 11.12619972
v 15.10999966 13.76790047 11.02989960
v 15.12259960 13.57579994 11.12619972
v 15.17230034 13.57450008 10.99470043
v 15.17230034 13.57450008 10.99470043
v 15.12259960 13.57579994 11.12619972
v 15.13589954 13.37100029 11.13700008
v 15.17230034 13.57450008 10.99470043
v 15.13589954 13.37100029 11.13700008
v 15.20339966 13.37100029 10.94849968
v 13.99600029 13.57520008 11.85820007
v 13.99600029 13.37100029 11.87500000
v 14.20030022 13.37100029 11.85809994
v 14.19799995 13.57579994 11.84140015
v 14.39459991 13.57579994 11.79189968
v 14.39809990 13.37100029 11.80840015
v 14.58699989 13.37100029 11.72630024
v 14.90009975 13.57579994 11.46350002
v 14.91049957 13.37100029 11.47679996
v 15.03689957 13.37100029 11.31649971
v 15.02530003 13.57579994 11.30399990
v 15.03689957 13.37100029 11.31649971
v 15.13589954 13.37100029 11.13700008
v 14.18980026 13.77509975 11.79189968
v 13.99600029 13.77390003 11.80819988
v 14.19799995 13.57579994 11.84140015
v 14.19799995 13.57579994 11.84140015
v 13.99600029 13.77390003 11.80819988
v 13.99600029 13.57520008 11.85820007
v 14.17630005 13.96350002 11.71080017
v 13.99600029 13.96240044 11.72609997
v 14.18980026 13.77509975 11.79189968
v 14.18980026 13.77509975 11.79189968
v 13.99600029 13.96240044 11.72609997
v 13.99600029 13.77390003 11.80819988
v 14.89340019 14.12090015 11.06639957
v 14.82129955 14.13580036 11.16940022
v 14.97350025 14.01070023 11.05840015
v 14.97350025 14.01070023 11.05840015
v 14.82129955 14.13580036 11.16940022
v 14.91469955 13.96350002 11.23110008
v 14.97350025 14.01070023 11.05840015
v 14.91469955 13.96350002 11.23110008
v 15.00160027 13.96350002 11.07240009
v 15.00160027 13.96350002 11.07240009
v 14.91469955 13.96350002 11.23110008
v 14.98330021 13.77509975 11.27639961
v 15.07670021 13.77509975 11.10579967
v 15.07670021 13.77509975 11.10579967
v 14.98330021 13.77509975 11.27639961
v 15.02530003 13.57579994 11.30399990
v 15.12259960 13.57579994 11.12619972
v 15.12259960 13.57579994 11.12619972
v 15.02530003 13.57579994 11.30399990
v 15.13589954 13.37100029 11.13700008
v 14.15799999 14.13580036 11.60029984
v 13.99600029 14.13459969 11.61450005
v 14.17630005 13.96350002 11.71080017
v 14.17630005 13.96350002 11.71080017
v 13.99600029 14.13459969 11.61450005
v 13.99600029 13.96240044 11.72609997
v 14.13529968 14.28750038 11.46350002
v 13.99600029 14.28509998 11.47719955
v 14.15799999 14.13580036 11.60029984
v 14.15799999 14.13580036 11.60029984
v 13.99600029 14.28509998 11.47719955
v 13.99600029 14.13459969 11.61450005
v 14.66219997 14.32919979 11.06029987
v 14.61919975 14.28750038 11.20300007
v 14.70549965 14.28750038 11.09309959
v 14.70549965 14.28750038 11.09309959
v 14.61919975 14.28750038 11.20300007
v 14.72089958 14.13580036 11.29730034
v 14.82129955 14.13580036 11.16940022
v 14.82129955 14.13580036 11.16940022
v 14.72089958 14.13580036 11.29730034
v 14.80300045 13.96350002 11.37349987
v 14.91469955 13.96350002 11.23110008
v 14.91469955 13.96350002 11.23110008
v 14.80300045 13.96350002 11.37349987
v 14.86330032 13.77509975 11.42940044
v 14.91469955 13.96350002 11.23110008
v 14.86330032 13.77509975 11.42940044
v 14.98330021 13.77509975 11.27639961
v 14.98330021 13.77509975 11.27639961
v 14.86330032 13.77509975 11.42940044
v 14.90009975 13.57579994 11.46350002
v 15.02530003 13.57579994 11.30399990
v 15.02530003 13.57579994 11.30399990
v 14.90009975 13.57579994 11.46350002
v 15.03689957 13.37100029 11.31649971
v 14.10879993 14.41440010 11.30399990
v 13.99600029 14.41149998 11.31700039
v 14.13529968 14.28750038 11.46350002
v 14.13529968 14.28750038 11.46350002
v 13.99600029 14.41149998 11.31700039
v 13.99600029 14.28509998 11.47719955
v 14.44659996 14.45759964 11.03689957
v 14.41709995 14.41440010 11.16940022
v 14.50070000 14.41440010 11.09309959
v 14.50070000 14.41440010 11.09309959
v 14.41709995 14.41440010 11.16940022
v 14.51609993 14.28750038 11.29730034
v 14.61919975 14.28750038 11.20300007
v 14.61919975 14.28750038 11.20300007
v 14.51609993 14.28750038 11.29730034
v 14.60089970 14.13580036 11.40699959
v 14.72089958 14.13580036 11.29730034
v 14.72089958 14.13580036 11.29730034
v 14.60089970 14.13580036 11.40699959
v 14.66940022 13.96350002 11.49559975
v 14.80300045 13.96350002 11.37349987
v 14.80300045 13.96350002 11.37349987
v 14.66940022 13.96350002 11.49559975
v 14.71969986 13.77509975 11.56060028
v 14.86330032 13.77509975 11.42940044
v 14.86330032 13.77509975 11.42940044
v 14.71969986 13.77509975 11.56060028
v 14.75049973 13.57579994 11.60029984
v 14.90009975 13.57579994 11.46350002
v 14.90009975 13.57579994 11.46350002
v 14.75049973 13.57579994 11.60029984
v 14.91049957 13.37100029 11.47679996
v 13.99600029 14.57839966 10.94849968
v 13.99600029 14.51039982 11.13790035
v 14.07919979 14.51309967 11.12619972
v 14.07919979 14.51309967 11.12619972
v 13.99600029 14.51039982 11.13790035
v 14.10879993 14.41440010 11.30399990
v 14.10879993 14.41440010 11.30399990
v 13.99600029 14.51039982 11.13790035
v 13.99600029 14.41149998 11.31700039
v 14.05729961 14.56910038 10.96249962
v 14.07919979 14.51309967 11.12619972
v 14.16020012 14.51309967 11.10579967
v 14.16020012 14.51309967 11.10579967
v 14.07919979 14.51309967 11.12619972
v 14.10879993 14.41440010 11.30399990
v 14.21850014 14.41440010 11.27639961
v 14.21850014 14.41440010 11.27639961
v 14.10879993 14.41440010 11.30399990
v 14.13529968 14.28750038 11.46350002
v 14.27079964 14.28750038 11.42940044
v 14.27079964 14.28750038 11.42940044
v 14.13529968 14.28750038 11.46350002
v 14.15799999 14.13580036 11.60029984
v 14.31560040 14.13580036 11.56060028
v 14.31560040 14.13580036 11.56060028
v 14.15799999 14.13580036 11.60029984
v 14.17630005 13.96350002 11.71080017
v 14.35179996 13.96350002 11.66660023
v 14.35179996 13.96350002 11.66660023
v 14.17630005 13.96350002 11.71080017
v 14.18980026 13.77509975 11.79189968
v 14.37839985 13.77509975 11.74429989
v 14.37839985 13.77509975 11.74429989
v 14.18980026 13.77509975 11.79189968
v 14.19799995 13.57579994 11.84140015
v 14.39459991 13.57579994 11.79189968
v 14.39459991 13.57579994 11.79189968
v 14.19799995 13.57579994 11.84140015
v 14.39809990 13.37100029 11.80840015
v 14.12460041 14.55900002 10.97780037
v 14.16020012 14.51309967 11.10579967
v 14.23680019 14.51309967 11.07240009
v 14.23680019 14.51309967 11.07240009
v 14.16020012 14.51309967 11.10579967
v 14.21850014 14.41440010 11.27639961
v 14.32219982 14.41440010 11.23110008
v 14.32219982 14.41440010 11.23110008
v 14.21850014 14.41440010 11.27639961
v 14.27079964 14.28750038 11.42940044
v 14.39890003 14.28750038 11.37349987
v 14.39890003 14.28750038 11.37349987
v 14.27079964 14.28750038 11.42940044
v 14.31560040 14.13580036 11.56060028
v 14.46459961 14.13580036 11.49559975
v 14.46459961 14.13580036 11.49559975
v 14.31560040 14.13580036 11.56060028
v 14.35179996 13.96350002 11.66660023
v 14.51770020 13.96350002 11.59420013
v 14.51770020 13.96350002 11.59420013
v 14.35179996 13.96350002 11.66660023
v 14.37839985 13.77509975 11.74429989
v 14.55659962 13.77509975 11.66660023
v 14.55659962 13.77509975 11.66660023
v 14.37839985 13.77509975 11.74429989
v 14.39459991 13.57579994 11.79189968
v 14.58040047 13.57579994 11.71080017
v 14.58040047 13.57579994 11.71080017
v 14.39459991 13.57579994 11.79189968
v 14.58699989 13.37100029 11.72630024
v 14.30739975 14.51039982 11.01990032
v 14.32219982 14.41440010 11.23110008
v 14.41709995 14.41440010 11.16940022
v 14.41709995 14.41440010 11.16940022
v 14.32219982 14.41440010 11.23110008
v 14.39890003 14.28750038 11.37349987
v 14.51609993 14.28750038 11.29730034
v 14.51609993 14.28750038 11.29730034
v 14.39890003 14.28750038 11.37349987
v 14.46459961 14.13580036 11.49559975
v 14.51609993 14.28750038 11.29730034
v 14.46459961 14.13580036 11.49559975
v 14.60089970 14.13580036 11.40699959
v 14.60089970 14.13580036 11.40699959
v 14.46459961 14.13580036 11.49559975
v 14.51770020 13.96350002 11.59420013
v 14.66940022 13.96350002 11.49559975
v 14.66940022 13.96350002 11.49559975
v 14.51770020 13.96350002 11.59420013
v 14.55659962 13.77509975 11.66660023
v 14.71969986 13.77509975 11.56060028
v 14.71969986 13.77509975 11.56060028
v 14.55659962 13.77509975 11.66660023
v 14.58040047 13.57579994 11.71080017
v 14.75049973 13.57579994 11.60029984
v 14.75049973 13.57579994 11.60029984
v 14.58040047 13.57579994 11.71080017
v 14.75899982 13.37100029 11.61480045
v -13.76959991 13.57579994 11.79189968
v -13.57299995 13.57579994 11.84140015
v -13.56480026 13.77509975 11.79189968
v -14.13459969 13.37100029 11.61450005
v -13.96249962 13.37100029 11.72609997
v -13.95549965 13.57579994 11.71080017
v -14.28380013 13.37100029 11.47840023
v -14.13459969 13.37100029 11.61450005
v -14.12549973 13.57579994 11.60029984
v -14.41069984 13.37100029 11.31809998
v -14.28380013 13.37100029 11.47840023
v -14.27509975 13.57579994 11.46350002
v -14.50969982 13.37100029 11.13920021
v -14.41069984 13.37100029 11.31809998
v -14.40030003 13.57579994 11.30399990
v -13.76790047 14.48499966 11.02989960
v -13.82159996 14.45759964 11.03689957
v -13.87570000 14.41440010 11.09309959
v -13.90939999 14.41279984 11.04839993
v -13.95250034 14.39089966 11.05410004
v -14.03719997 14.32919979 11.06029987
v -14.08049965 14.28750038 11.09309959
v -14.09630013 14.28629971 11.06459999
v -14.57839966 13.37100029 10.94849968
v -14.50969982 13.37100029 11.13920021
v -14.54740047 13.57439995 10.99470043
v -14.54740047 13.57439995 10.99470043
v -14.50969982 13.37100029 11.13920021
v -14.49759960 13.57579994 11.12619972
v -14.45170021 13.77509975 11.10579967
v -14.48499966 13.76790047 11.02989960
v -14.54740047 13.57439995 10.99470043
v -14.12090015 14.26840019 11.06639957
v -14.25419998 14.13500023 11.06639957
v -14.19629955 14.13580036 11.16940022
v -14.19629955 14.13580036 11.16940022
v -14.25419998 14.13500023 11.06639957
v -14.26840019 14.12090015 11.06639957
v -14.19629955 14.13580036 11.16940022
v -14.26840019 14.12090015 11.06639957
v -14.34850025 14.01070023 11.05840015
v -13.45419979 14.51309967 11.12619972
v -13.37139988 14.51109982 11.13669968
v -13.43229961 14.56910038 10.96249962
v -13.43229961 14.56910038 10.96249962
v -13.37139988 14.51109982 11.13669968
v -13.37139988 14.57839966 10.94849968
v -13.96249962 13.37100029 11.72609997
v -13.77359962 13.37100029 11.80830002
v -13.76959991 13.57579994 11.79189968
v -13.76959991 13.57579994 11.79189968
v -13.77359962 13.37100029 11.80830002
v -13.57299995 13.57579994 11.84140015
v -13.37139988 13.37100029 11.87500000
v -13.37139988 13.57530022 11.85809994
v -13.57479954 13.37100029 11.85820007
v -13.57299995 13.57579994 11.84140015
v -13.57479954 13.37100029 11.85820007
v -13.57299995 13.57579994 11.84140015
v -13.77359962 13.37100029 11.80830002
v -14.28969955 13.96350002 11.23110008
v -14.37660027 13.96350002 11.07240009
v -14.45170021 13.77509975 11.10579967
v -14.45170021 13.77509975 11.10579967
v -14.37660027 13.96350002 11.07240009
v -14.39089966 13.95250034 11.05410004
v -14.45170021 13.77509975 11.10579967
v -14.39089966 13.95250034 11.05410004
v -14.48499966 13.76790047 11.02989960
v -14.12549973 13.57579994 11.60029984
v -14.13459969 13.37100029 11.61450005
v -13.95549965 13.57579994 11.71080017
v -14.12549973 13.57579994 11.60029984
v -13.95549965 13.57579994 11.71080017
v -13.93159962 13.77509975 11.66660023
v -13.93159962 13.77509975 11.66660023
v -13.95549965 13.57579994 11.71080017
v -13.75339985 13.77509975 11.74429989
v -13.93159962 13.77509975 11.66660023
v -13.75339985 13.77509975 11.74429989
v -13.72679996 13.96350002 11.66660023
v -13.72679996 13.96350002 11.66660023
v -13.75339985 13.77509975 11.74429989
v -13.55130005 13.96350002 11.71080017
v -13.72679996 13.96350002 11.66660023
v -13.55130005 13.96350002 11.71080017
v -13.53299999 14.13580036 11.60029984
v -13.57299995 13.57579994 11.84140015
v -13.37139988 13.57530022 11.85809994
v -13.37139988 13.77410030 11.80809975
v -13.57299995 13.57579994 11.84140015
v -13.37139988 13.77410030 11.80809975
v -13.56480026 13.77509975 11.79189968
v -13.56480026 13.77509975 11.79189968
v -13.37139988 13.77410030 11.80809975
v -13.37139988 13.96230030 11.72620010
v -13.95549965 13.57579994 11.71080017
v -13.96249962 13.37100029 11.72609997
v -13.76959991 13.57579994 11.79189968
v -13.76959991 13.57579994 11.79189968
v -13.75339985 13.77509975 11.74429989
v -13.56480026 13.77509975 11.79189968
v -13.55130005 13.96350002 11.71080017
v -13.56480026 13.77509975 11.79189968
v -13.37139988 13.96230030 11.72620010
v -13.90939999 14.41279984 11.04839993
v -13.95250034 14.39089966 11.05410004
v -13.99419975 14.28750038 11.20300007
v -13.99419975 14.28750038 11.20300007
v -13.95250034 14.39089966 11.05410004
v -14.08049965 14.28750038 11.09309959
v -13.99419975 14.28750038 11.20300007
v -14.08049965 14.28750038 11.09309959
v -14.19629955 14.13580036 11.16940022
v -14.19629955 14.13580036 11.16940022
v -14.08049965 14.28750038 11.09309959
v -14.09630013 14.28629971 11.06459999
v -14.19629955 14.13580036 11.16940022
v -14.09630013 14.28629971 11.06459999
v -14.12090015 14.26840019 11.06639957
v -14.40030003 13.57579994 11.30399990
v -14.41069984 13.37100029 11.31809998
v -14.27509975 13.57579994 11.46350002
v -14.40030003 13.57579994 11.30399990
v -14.27509975 13.57579994 11.46350002
v -14.23830032 13.77509975 11.42940044
v -14.23830032 13.77509975 11.42940044
v -14.27509975 13.57579994 11.46350002
v -14.09469986 13.77509975 11.56060028
v -14.23830032 13.77509975 11.42940044
v -14.09469986 13.77509975 11.56060028
v -14.04440022 13.96350002 11.49559975
v -14.04440022 13.96350002 11.49559975
v -14.09469986 13.77509975 11.56060028
v -13.89270020 13.96350002 11.59420013
v -14.04440022 13.96350002 11.49559975
v -13.89270020 13.96350002 11.59420013
v -13.83959961 14.13580036 11.49559975
v -13.83959961 14.13580036 11.49559975
v -13.89270020 13.96350002 11.59420013
v -13.69060040 14.13580036 11.56060028
v -13.83959961 14.13580036 11.49559975
v -13.69060040 14.13580036 11.56060028
v -13.64579964 14.28750038 11.42940044
v -13.64579964 14.28750038 11.42940044
v -13.69060040 14.13580036 11.56060028
v -13.51029968 14.28750038 11.46350002
v -13.64579964 14.28750038 11.42940044
v -13.51029968 14.28750038 11.46350002
v -13.48379993 14.41440010 11.30399990
v -13.55130005 13.96350002 11.71080017
v -13.37139988 13.96230030 11.72620010
v -13.37139988 14.13440037 11.61460018
v -13.55130005 13.96350002 11.71080017
v -13.37139988 14.13440037 11.61460018
v -13.53299999 14.13580036 11.60029984
v -13.53299999 14.13580036 11.60029984
v -13.37139988 14.13440037 11.61460018
v -13.37139988 14.28549957 11.47690010
v -14.27509975 13.57579994 11.46350002
v -14.28380013 13.37100029 11.47840023
v -14.12549973 13.57579994 11.60029984
v -14.12549973 13.57579994 11.60029984
v -14.09469986 13.77509975 11.56060028
v -13.93159962 13.77509975 11.66660023
v -13.89270020 13.96350002 11.59420013
v -13.93159962 13.77509975 11.66660023
v -13.72679996 13.96350002 11.66660023
v -13.72679996 13.96350002 11.66660023
v -13.69060040 14.13580036 11.56060028
v -13.53299999 14.13580036 11.60029984
v -13.51029968 14.28750038 11.46350002
v -13.53299999 14.13580036 11.60029984
v -13.37139988 14.28549957 11.47690010
v -13.90939999 14.41279984 11.04839993
v -13.99419975 14.28750038 11.20300007
v -13.87570000 14.41440010 11.09309959
v -13.87570000 14.41440010 11.09309959
v -13.99419975 14.28750038 11.20300007
v -13.79209995 14.41440010 11.16940022
v -13.87570000 14.41440010 11.09309959
v -13.79209995 14.41440010 11.16940022
v -13.76790047 14.48499966 11.02989960
v -13.57219982 14.54810047 10.99429989
v -13.68220043 14.51109982 11.01819992
v -13.61180019 14.51309967 11.07240009
v -13.79209995 14.41440010 11.16940022
v -13.68220043 14.51109982 11.01819992
v -13.76790047 14.48499966 11.02989960
v -13.49960041 14.55900002 10.97780037
v -13.57219982 14.54810047 10.99429989
v -13.53520012 14.51309967 11.10579967
v -13.53520012 14.51309967 11.10579967
v -13.57219982 14.54810047 10.99429989
v -13.61180019 14.51309967 11.07240009
v -13.53520012 14.51309967 11.10579967
v -13.61180019 14.51309967 11.07240009
v -13.69719982 14.41440010 11.23110008
v -13.69719982 14.41440010 11.23110008
v -13.61180019 14.51309967 11.07240009
v -13.79209995 14.41440010 11.16940022
v -13.69719982 14.41440010 11.23110008
v -13.79209995 14.41440010 11.16940022
v -13.89109993 14.28750038 11.29730034
v -13.89109993 14.28750038 11.29730034
v -13.89109993 14.28750038 11.29730034
v -13.99419975 14.28750038 11.20300007
v -14.09589958 14.13580036 11.29730034
v -14.09589958 14.13580036 11.29730034
v -14.09589958 14.13580036 11.29730034
v -14.19629955 14.13580036 11.16940022
v -14.28969955 13.96350002 11.23110008
v -14.28969955 13.96350002 11.23110008
v -14.19629955 14.13580036 11.16940022
v -14.34850025 14.01070023 11.05840015
v -14.28969955 13.96350002 11.23110008
v -14.34850025 14.01070023 11.05840015
v -14.37660027 13.96350002 11.07240009
v -14.37660027 13.96350002 11.07240009
v -14.34850025 14.01070023 11.05840015
v -14.38319969 13.96300030 11.05490017
v -14.37660027 13.96350002 11.07240009
v -14.38319969 13.96300030 11.05490017
v -14.39089966 13.95250034 11.05410004
v -13.43229961 14.56910038 10.96249962
v -13.49960041 14.55900002 10.97780037
v -13.45419979 14.51309967 11.12619972
v -13.45419979 14.51309967 11.12619972
v -13.49960041 14.55900002 10.97780037
v -13.53520012 14.51309967 11.10579967
v -13.45419979 14.51309967 11.12619972
v -13.53520012 14.51309967 11.10579967
v -13.59350014 14.41440010 11.27639961
v -13.59350014 14.41440010 11.27639961
v -13.59350014 14.41440010 11.27639961
v -13.69719982 14.41440010 11.23110008
v -13.77390003 14.28750038 11.37349987
v -13.77390003 14.28750038 11.37349987
v -13.77390003 14.28750038 11.37349987
v -13.89109993 14.28750038 11.29730034
v -13.97589970 14.13580036 11.40699959
v -13.97589970 14.13580036 11.40699959
v -13.89109993 14.28750038 11.29730034
v -14.09589958 14.13580036 11.29730034
v -13.97589970 14.13580036 11.40699959
v -14.09589958 14.13580036 11.29730034
v -14.17800045 13.96350002 11.37349987
v -14.17800045 13.96350002 11.37349987
v -14.17800045 13.96350002 11.37349987
v -14.28969955 13.96350002 11.23110008
v -14.35830021 13.77509975 11.27639961
v -14.35830021 13.77509975 11.27639961
v -14.35830021 13.77509975 11.27639961
v -14.45170021 13.77509975 11.10579967
v -14.49759960 13.57579994 11.12619972
v -14.49759960 13.57579994 11.12619972
v -14.45170021 13.77509975 11.10579967
v -14.54740047 13.57439995 10.99470043
v -13.51029968 14.28750038 11.46350002
v -13.37139988 14.28549957 11.47690010
v -13.37139988 14.41209984 11.31630039
v -13.48379993 14.41440010 11.30399990
v -13.37139988 14.41209984 11.31630039
v -13.37139988 14.51109982 11.13669968
v -14.49759960 13.57579994 11.12619972
v -14.50969982 13.37100029 11.13920021
v -14.40030003 13.57579994 11.30399990
v -14.40030003 13.57579994 11.30399990
v -14.35830021 13.77509975 11.27639961
v -14.35830021 13.77509975 11.27639961
v -14.23830032 13.77509975 11.42940044
v -14.17800045 13.96350002 11.37349987
v -14.17800045 13.96350002 11.37349987
v -14.04440022 13.96350002 11.49559975
v -13.97589970 14.13580036 11.40699959
v -13.97589970 14.13580036 11.40699959
v -13.83959961 14.13580036 11.49559975
v -13.77390003 14.28750038 11.37349987
v -13.77390003 14.28750038 11.37349987
v -13.64579964 14.28750038 11.42940044
v -13.59350014 14.41440010 11.27639961
v -13.48379993 14.41440010 11.30399990
v 10.73019981 -14.68970013 7.59590006
v 10.73939991 -14.72340012 7.55579996
v 10.83220005 -14.67029953 7.61520004
v 10.85029984 -14.70240021 7.57679987
v 10.83220005 -14.67029953 7.61520004
v 10.85029984 -14.70240021 7.57679987
v 10.92790031 -14.63879967 7.64680004
v 10.92790031 -14.63879967 7.64680004
v 10.85029984 -14.70240021 7.57679987
v 10.95440006 -14.66800022 7.61110020
v 10.92790031 -14.63879967 7.64680004
v 10.95440006 -14.66800022 7.61110020
v 11.01439953 -14.59589958 7.68959999
v 11.04850006 -14.62150002 7.65770006
v 11.01439953 -14.59589958 7.68959999
v 11.04850006 -14.62150002 7.65770006
v 11.08909988 -14.54310036 7.74240017
v 11.12969971 -14.56400013 7.71509981
v 11.08909988 -14.54310036 7.74240017
v 11.12969971 -14.56400013 7.71509981
v 11.14970016 -14.48200035 7.80359983
v 11.19559956 -14.49750042 7.78160000
v 11.14970016 -14.48200035 7.80359983
v 11.19559956 -14.49750042 7.78160000
v 11.19429970 -14.41429996 7.87120008
v 11.19429970 -14.41429996 7.87120008
v 11.19559956 -14.49750042 7.78160000
v 11.24409962 -14.42389965 7.85519981
v 11.19429970 -14.41429996 7.87120008
v 11.24409962 -14.42389965 7.85519981
v 11.22159958 -14.34220028 7.94339991
v 11.22159958 -14.34220028 7.94339991
v 11.24409962 -14.42389965 7.85519981
v 11.27390003 -14.34549999 7.93370008
v 11.22159958 -14.34220028 7.94339991
v 11.27390003 -14.34549999 7.93370008
v 11.23079967 -14.26780033 8.01780033
v 11.23079967 -14.26780033 8.01780033
v 11.27390003 -14.34549999 7.93370008
v 11.28390026 -14.26459980 8.01459980
v 11.23079967 -14.26780033 8.01780033
v 11.28390026 -14.26459980 8.01459980
v 11.22159958 -14.19340038 8.09220028
v 11.22159958 -14.19340038 8.09220028
v 11.28390026 -14.26459980 8.01459980
v 11.27390003 -14.18369961 8.09549999
v 11.22159958 -14.19340038 8.09220028
v 11.27390003 -14.18369961 8.09549999
v 11.19429970 -14.12119961 8.16429996
v 11.19429970 -14.12119961 8.16429996
v 11.27390003 -14.18369961 8.09549999
v 11.24409962 -14.10519981 8.17389965
v 11.19429970 -14.12119961 8.16429996
v 11.24409962 -14.10519981 8.17389965
v 11.14970016 -14.05360031 8.23200035
v 11.14970016 -14.05360031 8.23200035
v 11.24409962 -14.10519981 8.17389965
v 11.19559956 -14.03160000 8.24750042
v 11.14970016 -14.05360031 8.23200035
v 11.19559956 -14.03160000 8.24750042
v 11.08909988 -13.99240017 8.29310036
v 11.12969971 -13.96510029 8.31400013
v 11.08909988 -13.99240017 8.29310036
v 11.12969971 -13.96510029 8.31400013
v 11.01439953 -13.93959999 8.34589958
v 11.01439953 -13.93959999 8.34589958
v 11.12969971 -13.96510029 8.31400013
v 11.04850006 -13.90769958 8.37150002
v 11.01439953 -13.93959999 8.34589958
v 11.04850006 -13.90769958 8.37150002
v 10.92790031 -13.89680004 8.38879967
v 10.95440006 -13.86110020 8.41800022
v 10.92790031 -13.89680004 8.38879967
v 10.95440006 -13.86110020 8.41800022
v 10.83220005 -13.86520004 8.42029953
v 10.83220005 -13.86520004 8.42029953
v 10.95440006 -13.86110020 8.41800022
v 10.85029984 -13.82680035 8.45240021
v 10.83220005 -13.86520004 8.42029953
v 10.85029984 -13.82680035 8.45240021
v 10.73019981 -13.84589958 8.43970013
v 10.73939991 -13.80580044 8.47340012
v 10.73019981 -13.84589958 8.43970013
v 10.73939991 -13.80580044 8.47340012
v 10.62500000 -13.83940029 8.44620037
v 10.62500000 -13.79870033 8.48040009
v 10.62500000 -13.83940029 8.44620037
v 10.62500000 -13.79870033 8.48040009
v 10.51980019 -13.84589958 8.43970013
v 10.51980019 -13.84589958 8.43970013
v 10.62500000 -13.79870033 8.48040009
v 10.51060009 -13.80580044 8.47340012
v 10.51980019 -13.84589958 8.43970013
v 10.51060009 -13.80580044 8.47340012
v 10.41779995 -13.86520004 8.42029953
v 10.39970016 -13.82680035 8.45240021
v 10.41779995 -13.86520004 8.42029953
v 10.39970016 -13.82680035 8.45240021
v 10.32209969 -13.89680004 8.38879967
v 10.32209969 -13.89680004 8.38879967
v 10.39970016 -13.82680035 8.45240021
v 10.29559994 -13.86110020 8.41800022
v 10.32209969 -13.89680004 8.38879967
v 10.29559994 -13.86110020 8.41800022
v 10.23560047 -13.93959999 8.34589958
v 10.20149994 -13.90769958 8.37150002
v 10.23560047 -13.93959999 8.34589958
v 10.20149994 -13.90769958 8.37150002
v 10.16090012 -13.99240017 8.29310036
v 10.16090012 -13.99240017 8.29310036
v 10.20149994 -13.90769958 8.37150002
v 10.12030029 -13.96510029 8.31400013
v 10.16090012 -13.99240017 8.29310036
v 10.12030029 -13.96510029 8.31400013
v 10.10029984 -14.05360031 8.23200035
v 10.05440044 -14.03160000 8.24750042
v 10.10029984 -14.05360031 8.23200035
v 10.05440044 -14.03160000 8.24750042
v 10.05570030 -14.12119961 8.16429996
v 10.05570030 -14.12119961 8.16429996
v 10.05440044 -14.03160000 8.24750042
v 10.00590038 -14.10519981 8.17389965
v 10.05570030 -14.12119961 8.16429996
v 10.00590038 -14.10519981 8.17389965
v 10.02840042 -14.19340038 8.09220028
v 10.02840042 -14.19340038 8.09220028
v 10.00590038 -14.10519981 8.17389965
v 9.97609997 -14.18369961 8.09549999
v 10.02840042 -14.19340038 8.09220028
v 9.97609997 -14.18369961 8.09549999
v 10.01920033 -14.26780033 8.01780033
v 10.01920033 -14.26780033 8.01780033
v 9.97609997 -14.18369961 8.09549999
v 9.96609974 -14.26459980 8.01459980
v 10.01920033 -14.26780033 8.01780033
v 9.96609974 -14.26459980 8.01459980
v 10.02840042 -14.34220028 7.94339991
v 10.02840042 -14.34220028 7.94339991
v 9.96609974 -14.26459980 8.01459980
v 9.97609997 -14.34549999 7.93370008
v 10.02840042 -14.34220028 7.94339991
v 9.97609997 -14.34549999 7.93370008
v 10.05570030 -14.41429996 7.87120008
v 10.05570030 -14.41429996 7.87120008
v 9.97609997 -14.34549999 7.93370008
v 10.00590038 -14.42389965 7.85519981
v 10.05570030 -14.41429996 7.87120008
v 10.00590038 -14.42389965 7.85519981
v 10.10029984 -14.48200035 7.80359983
v 10.10029984 -14.48200035 7.80359983
v 10.00590038 -14.42389965 7.85519981
v 10.05440044 -14.49750042 7.78160000
v 10.10029984 -14.48200035 7.80359983
v 10.05440044 -14.49750042 7.78160000
v 10.16090012 -14.54310036 7.74240017
v 10.12030029 -14.56400013 7.71509981
v 10.16090012 -14.54310036 7.74240017
v 10.12030029 -14.56400013 7.71509981
v 10.23560047 -14.59589958 7.68959999
v 10.23560047 -14.59589958 7.68959999
v 10.12030029 -14.56400013 7.71509981
v 10.20149994 -14.62150002 7.65770006
v 10.23560047 -14.59589958 7.68959999
v 10.20149994 -14.62150002 7.65770006
v 10.32209969 -14.63879967 7.64680004
v 10.29559994 -14.66800022 7.61110020
v 10.32209969 -14.63879967 7.64680004
v 10.29559994 -14.66800022 7.61110020
v 10.41779995 -14.67029953 7.61520004
v 10.41779995 -14.67029953 7.61520004
v 10.29559994 -14.66800022 7.61110020
v 10.39970016 -14.70240021 7.57679987
v 10.41779995 -14.67029953 7.61520004
v 10.39970016 -14.70240021 7.57679987
v 10.51980019 -14.68970013 7.59590006
v 10.51060009 -14.72340012 7.55579996
v 10.51980019 -14.68970013 7.59590006
v 10.51060009 -14.72340012 7.55579996
v 10.62500000 -14.69620037 7.58939981
v 10.62500000 -14.69620037 7.58939981
v 10.51060009 -14.72340012 7.55579996
v 10.62500000 -14.73050022 7.54869986
v 10.62500000 -14.69620037 7.58939981
v 10.62500000 -14.73050022 7.54869986
v 10.73019981 -14.68970013 7.59590006
v 10.73019981 -14.68970013 7.59590006
v 10.62500000 -14.73050022 7.54869986
v 10.73939991 -14.72340012 7.55579996
v 10.73939991 -14.72340012 7.55579996
v 10.74829960 -14.74969959 7.51039982
v 10.85029984 -14.70240021 7.57679987
v 10.85029984 -14.70240021 7.57679987
v 10.74829960 -14.74969959 7.51039982
v 10.86800003 -14.72700024 7.53299999
v 10.85029984 -14.70240021 7.57679987
v 10.86800003 -14.72700024 7.53299999
v 10.95440006 -14.66800022 7.61110020
v 10.98019981 -14.68999958 7.57000017
v 10.95440006 -14.66800022 7.61110020
v 10.98019981 -14.68999958 7.57000017
v 11.04850006 -14.62150002 7.65770006
v 11.08160019 -14.63980007 7.62029982
v 11.04850006 -14.62150002 7.65770006
v 11.08160019 -14.63980007 7.62029982
v 11.12969971 -14.56400013 7.71509981
v 11.16919994 -14.57789993 7.68219995
v 11.12969971 -14.56400013 7.71509981
v 11.16919994 -14.57789993 7.68219995
v 11.19559956 -14.49750042 7.78160000
v 11.24020004 -14.50619984 7.75390005
v 11.19559956 -14.49750042 7.78160000
v 11.24020004 -14.50619984 7.75390005
v 11.24409962 -14.42389965 7.85519981
v 11.29249954 -14.42679977 7.83330011
v 11.24409962 -14.42389965 7.85519981
v 11.29249954 -14.42679977 7.83330011
v 11.27390003 -14.34549999 7.93370008
v 11.27390003 -14.34549999 7.93370008
v 11.29249954 -14.42679977 7.83330011
v 11.32460022 -14.34230042 7.91779995
v 11.27390003 -14.34549999 7.93370008
v 11.32460022 -14.34230042 7.91779995
v 11.28390026 -14.26459980 8.01459980
v 11.33530045 -14.25500011 8.00500011
v 11.28390026 -14.26459980 8.01459980
v 11.33530045 -14.25500011 8.00500011
v 11.27390003 -14.18369961 8.09549999
v 11.32460022 -14.16779995 8.09230042
v 11.27390003 -14.18369961 8.09549999
v 11.32460022 -14.16779995 8.09230042
v 11.24409962 -14.10519981 8.17389965
v 11.29249954 -14.08329964 8.17679977
v 11.24409962 -14.10519981 8.17389965
v 11.29249954 -14.08329964 8.17679977
v 11.19559956 -14.03160000 8.24750042
v 11.24020004 -14.00389957 8.25619984
v 11.19559956 -14.03160000 8.24750042
v 11.24020004 -14.00389957 8.25619984
v 11.12969971 -13.96510029 8.31400013
v 11.16919994 -13.93220043 8.32789993
v 11.12969971 -13.96510029 8.31400013
v 11.16919994 -13.93220043 8.32789993
v 11.04850006 -13.90769958 8.37150002
v 11.08160019 -13.87030029 8.38980007
v 11.04850006 -13.90769958 8.37150002
v 11.08160019 -13.87030029 8.38980007
v 10.95440006 -13.86110020 8.41800022
v 10.98019981 -13.81999969 8.43999958
v 10.95440006 -13.86110020 8.41800022
v 10.98019981 -13.81999969 8.43999958
v 10.85029984 -13.82680035 8.45240021
v 10.85029984 -13.82680035 8.45240021
v 10.98019981 -13.81999969 8.43999958
v 10.86800003 -13.78299999 8.47700024
v 10.85029984 -13.82680035 8.45240021
v 10.86800003 -13.78299999 8.47700024
v 10.73939991 -13.80580044 8.47340012
v 10.74829960 -13.76039982 8.49969959
v 10.73939991 -13.80580044 8.47340012
v 10.74829960 -13.76039982 8.49969959
v 10.62500000 -13.79870033 8.48040009
v 10.62500000 -13.75279999 8.50730038
v 10.62500000 -13.79870033 8.48040009
v 10.62500000 -13.75279999 8.50730038
v 10.51060009 -13.80580044 8.47340012
v 10.50160027 -13.76039982 8.49969959
v 10.51060009 -13.80580044 8.47340012
v 10.50160027 -13.76039982 8.49969959
v 10.39970016 -13.82680035 8.45240021
v 10.38199997 -13.78299999 8.47700024
v 10.39970016 -13.82680035 8.45240021
v 10.38199997 -13.78299999 8.47700024
v 10.29559994 -13.86110020 8.41800022
v 10.29559994 -13.86110020 8.41800022
v 10.38199997 -13.78299999 8.47700024
v 10.26980019 -13.81999969 8.43999958
v 10.29559994 -13.86110020 8.41800022
v 10.26980019 -13.81999969 8.43999958
v 10.20149994 -13.90769958 8.37150002
v 10.16839981 -13.87030029 8.38980007
v 10.20149994 -13.90769958 8.37150002
v 10.16839981 -13.87030029 8.38980007
v 10.12030029 -13.96510029 8.31400013
v 10.08080006 -13.93220043 8.32789993
v 10.12030029 -13.96510029 8.31400013
v 10.08080006 -13.93220043 8.32789993
v 10.05440044 -14.03160000 8.24750042
v 10.05440044 -14.03160000 8.24750042
v 10.08080006 -13.93220043 8.32789993
v 10.00979996 -14.00389957 8.25619984
v 10.05440044 -14.03160000 8.24750042
v 10.00979996 -14.00389957 8.25619984
v 10.00590038 -14.10519981 8.17389965
v 9.95750046 -14.08329964 8.17679977
v 10.00590038 -14.10519981 8.17389965
v 9.95750046 -14.08329964 8.17679977
v 9.97609997 -14.18369961 8.09549999
v 9.92539978 -14.16779995 8.09230042
v 9.97609997 -14.18369961 8.09549999
v 9.92539978 -14.16779995 8.09230042
v 9.96609974 -14.26459980 8.01459980
v 9.91469955 -14.25500011 8.00500011
v 9.96609974 -14.26459980 8.01459980
v 9.91469955 -14.25500011 8.00500011
v 9.97609997 -14.34549999 7.93370008
v 9.92539978 -14.34230042 7.91779995
v 9.97609997 -14.34549999 7.93370008
v 9.92539978 -14.34230042 7.91779995
v 10.00590038 -14.42389965 7.85519981
v 9.95750046 -14.42679977 7.83330011
v 10.00590038 -14.42389965 7.85519981
v 9.95750046 -14.42679977 7.83330011
v 10.05440044 -14.49750042 7.78160000
v 10.00979996 -14.50619984 7.75390005
v 10.05440044 -14.49750042 7.78160000
v 10.00979996 -14.50619984 7.75390005
v 10.12030029 -14.56400013 7.71509981
v 10.08080006 -14.57789993 7.68219995
v 10.12030029 -14.56400013 7.71509981
v 10.08080006 -14.57789993 7.68219995
v 10.20149994 -14.62150002 7.65770006
v 10.16839981 -14.63980007 7.62029982
v 10.20149994 -14.62150002 7.65770006
v 10.16839981 -14.63980007 7.62029982
v 10.29559994 -14.66800022 7.61110020
v 10.26980019 -14.68999958 7.57000017
v 10.29559994 -14.66800022 7.61110020
v 10.26980019 -14.68999958 7.57000017
v 10.39970016 -14.70240021 7.57679987
v 10.39970016 -14.70240021 7.57679987
v 10.26980019 -14.68999958 7.57000017
v 10.38199997 -14.72700024 7.53299999
v 10.39970016 -14.70240021 7.57679987
v 10.38199997 -14.72700024 7.53299999
v 10.51060009 -14.72340012 7.55579996
v 10.51060009 -14.72340012 7.55579996
v 10.38199997 -14.72700024 7.53299999
v 10.50160027 -14.74969959 7.51039982
v 10.51060009 -14.72340012 7.55579996
v 10.50160027 -14.74969959 7.51039982
v 10.62500000 -14.73050022 7.54869986
v 10.62500000 -14.75730038 7.50279999
v 10.62500000 -14.73050022 7.54869986
v 10.62500000 -14.75730038 7.50279999
v 10.73939991 -14.72340012 7.55579996
v 10.74829960 -14.74969959 7.51039982
v 10.74829960 -14.74969959 7.51039982
v 10.75679970 -14.76790047 7.46110010
v 10.86800003 -14.72700024 7.53299999
v 10.86800003 -14.72700024 7.53299999
v 10.75679970 -14.76790047 7.46110010
v 10.88449955 -14.74370003 7.48530006
v 10.86800003 -14.72700024 7.53299999
v 10.88449955 -14.74370003 7.48530006
v 10.98019981 -14.68999958 7.57000017
v 11.00440025 -14.70419979 7.52479982
v 10.98019981 -14.68999958 7.57000017
v 11.00440025 -14.70419979 7.52479982
v 11.08160019 -14.63980007 7.62029982
v 11.11270046 -14.65050030 7.57849979
v 11.08160019 -14.63980007 7.62029982
v 11.11270046 -14.65050030 7.57849979
v 11.16919994 -14.57789993 7.68219995
v 11.16919994 -14.57789993 7.68219995
v 11.11270046 -14.65050030 7.57849979
v 11.20629978 -14.58440018 7.64459991
v 11.16919994 -14.57789993 7.68219995
v 11.20629978 -14.58440018 7.64459991
v 11.24020004 -14.50619984 7.75390005
v 11.28209972 -14.50780010 7.72119999
v 11.24020004 -14.50619984 7.75390005
v 11.28209972 -14.50780010 7.72119999
v 11.29249954 -14.42679977 7.83330011
v 11.29249954 -14.42679977 7.83330011
v 11.28209972 -14.50780010 7.72119999
v 11.33800030 -14.42300034 7.80600023
v 11.29249954 -14.42679977 7.83330011
v 11.33800030 -14.42300034 7.80600023
v 11.32460022 -14.34230042 7.91779995
v 11.37230015 -14.33269978 7.89629984
v 11.32460022 -14.34230042 7.91779995
v 11.37230015 -14.33269978 7.89629984
v 11.33530045 -14.25500011 8.00500011
v 11.33530045 -14.25500011 8.00500011
v 11.37230015 -14.33269978 7.89629984
v 11.38379955 -14.23950005 7.98950005
v 11.33530045 -14.25500011 8.00500011
v 11.38379955 -14.23950005 7.98950005
v 11.32460022 -14.16779995 8.09230042
v 11.32460022 -14.16779995 8.09230042
v 11.38379955 -14.23950005 7.98950005
v 11.37230015 -14.14630032 8.08269978
v 11.32460022 -14.16779995 8.09230042
v 11.37230015 -14.14630032 8.08269978
v 11.29249954 -14.08329964 8.17679977
v 11.33800030 -14.05599976 8.17300034
v 11.29249954 -14.08329964 8.17679977
v 11.33800030 -14.05599976 8.17300034
v 11.24020004 -14.00389957 8.25619984
v 11.28209972 -13.97119999 8.25780010
v 11.24020004 -14.00389957 8.25619984
v 11.28209972 -13.97119999 8.25780010
v 11.16919994 -13.93220043 8.32789993
v 11.16919994 -13.93220043 8.32789993
v 11.28209972 -13.97119999 8.25780010
v 11.20629978 -13.89459991 8.33440018
v 11.16919994 -13.93220043 8.32789993
v 11.20629978 -13.89459991 8.33440018
v 11.08160019 -13.87030029 8.38980007
v 11.11270046 -13.82849979 8.40050030
v 11.08160019 -13.87030029 8.38980007
v 11.11270046 -13.82849979 8.40050030
v 10.98019981 -13.81999969 8.43999958
v 11.00440025 -13.77480030 8.45419979
v 10.98019981 -13.81999969 8.43999958
v 11.00440025 -13.77480030 8.45419979
v 10.86800003 -13.78299999 8.47700024
v 10.88449955 -13.73530006 8.49370003
v 10.86800003 -13.78299999 8.47700024
v 10.88449955 -13.73530006 8.49370003
v 10.74829960 -13.76039982 8.49969959
v 10.75679970 -13.71109962 8.51790047
v 10.74829960 -13.76039982 8.49969959
v 10.75679970 -13.71109962 8.51790047
v 10.62500000 -13.75279999 8.50730038
v 10.62500000 -13.70289993 8.52600002
v 10.62500000 -13.75279999 8.50730038
v 10.62500000 -13.70289993 8.52600002
v 10.50160027 -13.76039982 8.49969959
v 10.49320030 -13.71109962 8.51790047
v 10.50160027 -13.76039982 8.49969959
v 10.49320030 -13.71109962 8.51790047
v 10.38199997 -13.78299999 8.47700024
v 10.38199997 -13.78299999 8.47700024
v 10.49320030 -13.71109962 8.51790047
v 10.36550045 -13.73530006 8.49370003
v 10.38199997 -13.78299999 8.47700024
v 10.36550045 -13.73530006 8.49370003
v 10.26980019 -13.81999969 8.43999958
v 10.24559975 -13.77480030 8.45419979
v 10.24559975 -13.77480030 8.45419979
v 10.16839981 -13.87030029 8.38980007
v 10.26980019 -13.81999969 8.43999958
v 10.13720036 -13.82849979 8.40050030
v 10.13720036 -13.82849979 8.40050030
v 10.08080006 -13.93220043 8.32789993
v 10.16839981 -13.87030029 8.38980007
v 10.04370022 -13.89459991 8.33440018
v 10.04370022 -13.89459991 8.33440018
v 10.00979996 -14.00389957 8.25619984
v 10.08080006 -13.93220043 8.32789993
v 10.04370022 -13.89459991 8.33440018
v 9.96790028 -13.97119999 8.25780010
v 10.00979996 -14.00389957 8.25619984
v 9.96790028 -13.97119999 8.25780010
v 9.95750046 -14.08329964 8.17679977
v 10.00979996 -14.00389957 8.25619984
v 9.91199970 -14.05599976 8.17300034
v 9.91199970 -14.05599976 8.17300034
v 9.92539978 -14.16779995 8.09230042
v 9.95750046 -14.08329964 8.17679977
v 9.87769985 -14.14630032 8.08269978
v 9.87769985 -14.14630032 8.08269978
v 9.91469955 -14.25500011 8.00500011
v 9.92539978 -14.16779995 8.09230042
v 9.86620045 -14.23950005 7.98950005
v 9.91469955 -14.25500011 8.00500011
v 9.86620045 -14.23950005 7.98950005
v 9.92539978 -14.34230042 7.91779995
v 9.87769985 -14.33269978 7.89629984
v 9.92539978 -14.34230042 7.91779995
v 9.87769985 -14.33269978 7.89629984
v 9.95750046 -14.42679977 7.83330011
v 9.91199970 -14.42300034 7.80600023
v 9.95750046 -14.42679977 7.83330011
v 9.91199970 -14.42300034 7.80600023
v 10.00979996 -14.50619984 7.75390005
v 9.96790028 -14.50780010 7.72119999
v 10.00979996 -14.50619984 7.75390005
v 9.96790028 -14.50780010 7.72119999
v 10.08080006 -14.57789993 7.68219995
v 10.04370022 -14.58440018 7.64459991
v 10.08080006 -14.57789993 7.68219995
v 10.04370022 -14.58440018 7.64459991
v 10.16839981 -14.63980007 7.62029982
v 10.16839981 -14.63980007 7.62029982
v 10.04370022 -14.58440018 7.64459991
v 10.13720036 -14.65050030 7.57849979
v 10.16839981 -14.63980007 7.62029982
v 10.13720036 -14.65050030 7.57849979
v 10.26980019 -14.68999958 7.57000017
v 10.26980019 -14.68999958 7.57000017
v 10.13720036 -14.65050030 7.57849979
v 10.24559975 -14.70419979 7.52479982
v 10.26980019 -14.68999958 7.57000017
v 10.24559975 -14.70419979 7.52479982
v 10.38199997 -14.72700024 7.53299999
v 10.36550045 -14.74370003 7.48530006
v 10.38199997 -14.72700024 7.53299999
v 10.36550045 -14.74370003 7.48530006
v 10.50160027 -14.74969959 7.51039982
v 10.50160027 -14.74969959 7.51039982
v 10.36550045 -14.74370003 7.48530006
v 10.49320030 -14.76790047 7.46110010
v 10.50160027 -14.74969959 7.51039982
v 10.49320030 -14.76790047 7.46110010
v 10.62500000 -14.75730038 7.50279999
v 10.62500000 -14.75730038 7.50279999
v 10.49320030 -14.76790047 7.46110010
v 10.62500000 -14.77600002 7.45289993
v 10.62500000 -14.75730038 7.50279999
v 10.62500000 -14.77600002 7.45289993
v 10.74829960 -14.74969959 7.51039982
v 10.74829960 -14.74969959 7.51039982
v 10.62500000 -14.77600002 7.45289993
v 10.75679970 -14.76790047 7.46110010
v 10.75679970 -14.76790047 7.46110010
v 10.76439953 -14.77740002 7.40929985
v 10.88449955 -14.74370003 7.48530006
v 10.88449955 -14.74370003 7.48530006
v 10.76439953 -14.77740002 7.40929985
v 10.89960003 -14.75179958 7.43489981
v 10.88449955 -14.74370003 7.48530006
v 10.89960003 -14.75179958 7.43489981
v 11.00440025 -14.70419979 7.52479982
v 11.02639961 -14.71000004 7.47669983
v 11.00440025 -14.70419979 7.52479982
v 11.02639961 -14.71000004 7.47669983
v 11.11270046 -14.65050030 7.57849979
v 11.11270046 -14.65050030 7.57849979
v 11.02639961 -14.71000004 7.47669983
v 11.14099979 -14.65320015 7.53350019
v 11.11270046 -14.65050030 7.57849979
v 11.14099979 -14.65320015 7.53350019
v 11.20629978 -14.58440018 7.64459991
v 11.23999977 -14.58320045 7.60340023
v 11.20629978 -14.58440018 7.64459991
v 11.23999977 -14.58320045 7.60340023
v 11.28209972 -14.50780010 7.72119999
v 11.32030010 -14.50220013 7.68450022
v 11.28209972 -14.50780010 7.72119999
v 11.32030010 -14.50220013 7.68450022
v 11.33800030 -14.42300034 7.80600023
v 11.33800030 -14.42300034 7.80600023
v 11.32030010 -14.50220013 7.68450022
v 11.37940025 -14.41250038 7.77419996
v 11.33800030 -14.42300034 7.80600023
v 11.37940025 -14.41250038 7.77419996
v 11.37230015 -14.33269978 7.89629984
v 11.37230015 -14.33269978 7.89629984
v 11.37940025 -14.41250038 7.77419996
v 11.41559982 -14.31690025 7.86980009
v 11.37230015 -14.33269978 7.89629984
v 11.41559982 -14.31690025 7.86980009
v 11.38379955 -14.23950005 7.98950005
v 11.38379955 -14.23950005 7.98950005
v 11.41559982 -14.31690025 7.86980009
v 11.42780018 -14.21829987 7.96829987
v 11.38379955 -14.23950005 7.98950005
v 11.42780018 -14.21829987 7.96829987
v 11.37230015 -14.14630032 8.08269978
v 11.41559982 -14.11979961 8.06690025
v 11.37230015 -14.14630032 8.08269978
v 11.41559982 -14.11979961 8.06690025
v 11.33800030 -14.05599976 8.17300034
v 11.37940025 -14.02420044 8.16250038
v 11.33800030 -14.05599976 8.17300034
v 11.37940025 -14.02420044 8.16250038
v 11.28209972 -13.97119999 8.25780010
v 11.32030010 -13.93449974 8.25220013
v 11.28209972 -13.97119999 8.25780010
v 11.32030010 -13.93449974 8.25220013
v 11.20629978 -13.89459991 8.33440018
v 11.23999977 -13.85340023 8.33320045
v 11.20629978 -13.89459991 8.33440018
v 11.23999977 -13.85340023 8.33320045
v 11.11270046 -13.82849979 8.40050030
v 11.14099979 -13.78349972 8.40320015
v 11.11270046 -13.82849979 8.40050030
v 11.14099979 -13.78349972 8.40320015
v 11.00440025 -13.77480030 8.45419979
v 11.02639961 -13.72669983 8.46000004
v 11.00440025 -13.77480030 8.45419979
v 11.02639961 -13.72669983 8.46000004
v 10.88449955 -13.73530006 8.49370003
v 10.89960003 -13.68490028 8.50179958
v 10.88449955 -13.73530006 8.49370003
v 10.89960003 -13.68490028 8.50179958
v 10.75679970 -13.71109962 8.51790047
v 10.76439953 -13.65929985 8.52740002
v 10.75679970 -13.71109962 8.51790047
v 10.76439953 -13.65929985 8.52740002
v 10.62500000 -13.70289993 8.52600002
v 10.62500000 -13.65069962 8.53600025
v 10.62500000 -13.70289993 8.52600002
v 10.62500000 -13.65069962 8.53600025
v 10.49320030 -13.71109962 8.51790047
v 10.48560047 -13.65929985 8.52740002
v 10.48560047 -13.65929985 8.52740002
v 10.36550045 -13.73530006 8.49370003
v 10.49320030 -13.71109962 8.51790047
v 10.35039997 -13.68490028 8.50179958
v 10.35039997 -13.68490028 8.50179958
v 10.24559975 -13.77480030 8.45419979
v 10.36550045 -13.73530006 8.49370003
v 10.35039997 -13.68490028 8.50179958
v 10.22360039 -13.72669983 8.46000004
v 10.24559975 -13.77480030 8.45419979
v 10.22360039 -13.72669983 8.46000004
v 10.13720036 -13.82849979 8.40050030
v 10.24559975 -13.77480030 8.45419979
v 10.22360039 -13.72669983 8.46000004
v 10.10900021 -13.78349972 8.40320015
v 10.13720036 -13.82849979 8.40050030
v 10.10900021 -13.78349972 8.40320015
v 10.04370022 -13.89459991 8.33440018
v 10.13720036 -13.82849979 8.40050030
v 10.01000023 -13.85340023 8.33320045
v 10.01000023 -13.85340023 8.33320045
v 9.96790028 -13.97119999 8.25780010
v 10.04370022 -13.89459991 8.33440018
v 9.92969990 -13.93449974 8.25220013
v 9.92969990 -13.93449974 8.25220013
v 9.91199970 -14.05599976 8.17300034
v 9.96790028 -13.97119999 8.25780010
v 9.87059975 -14.02420044 8.16250038
v 9.87059975 -14.02420044 8.16250038
v 9.87769985 -14.14630032 8.08269978
v 9.91199970 -14.05599976 8.17300034
v 9.83440018 -14.11979961 8.06690025
v 9.83440018 -14.11979961 8.06690025
v 9.86620045 -14.23950005 7.98950005
v 9.87769985 -14.14630032 8.08269978
v 9.82219982 -14.21829987 7.96829987
v 9.82219982 -14.21829987 7.96829987
v 9.87769985 -14.33269978 7.89629984
v 9.86620045 -14.23950005 7.98950005
v 9.83440018 -14.31690025 7.86980009
v 9.83440018 -14.31690025 7.86980009
v 9.91199970 -14.42300034 7.80600023
v 9.87769985 -14.33269978 7.89629984
v 9.87059975 -14.41250038 7.77419996
v 9.87059975 -14.41250038 7.77419996
v 9.96790028 -14.50780010 7.72119999
v 9.91199970 -14.42300034 7.80600023
v 9.87059975 -14.41250038 7.77419996
v 9.92969990 -14.50220013 7.68450022
v 9.96790028 -14.50780010 7.72119999
v 9.96790028 -14.50780010 7.72119999
v 9.92969990 -14.50220013 7.68450022
v 10.04370022 -14.58440018 7.64459991
v 10.01000023 -14.58320045 7.60340023
v 10.04370022 -14.58440018 7.64459991
v 10.01000023 -14.58320045 7.60340023
v 10.13720036 -14.65050030 7.57849979
v 10.13720036 -14.65050030 7.57849979
v 10.01000023 -14.58320045 7.60340023
v 10.10900021 -14.65320015 7.53350019
v 10.13720036 -14.65050030 7.57849979
v 10.10900021 -14.65320015 7.53350019
v 10.24559975 -14.70419979 7.52479982
v 10.24559975 -14.70419979 7.52479982
v 10.10900021 -14.65320015 7.53350019
v 10.22360039 -14.71000004 7.47669983
v 10.24559975 -14.70419979 7.52479982
v 10.22360039 -14.71000004 7.47669983
v 10.36550045 -14.74370003 7.48530006
v 10.35039997 -14.75179958 7.43489981
v 10.36550045 -14.74370003 7.48530006
v 10.35039997 -14.75179958 7.43489981
v 10.49320030 -14.76790047 7.46110010
v 10.49320030 -14.76790047 7.46110010
v 10.35039997 -14.75179958 7.43489981
v 10.48560047 -14.77740002 7.40929985
v 10.49320030 -14.76790047 7.46110010
v 10.48560047 -14.77740002 7.40929985
v 10.62500000 -14.77600002 7.45289993
v 10.62500000 -14.78600025 7.40070009
v 10.62500000 -14.77600002 7.45289993
v 10.62500000 -14.78600025 7.40070009
v 10.75679970 -14.76790047 7.46110010
v 10.76439953 -14.77740002 7.40929985
v 10.76439953 -14.77740002 7.40929985
v 10.77110004 -14.77799988 7.35650015
v 10.89960003 -14.75179958 7.43489981
v 10.91269970 -14.75109959 7.38329983
v 10.89960003 -14.75179958 7.43489981
v 10.91269970 -14.75109959 7.38329983
v 11.02639961 -14.71000004 7.47669983
v 11.04559994 -14.70730019 7.42710018
v 11.02639961 -14.71000004 7.47669983
v 11.04559994 -14.70730019 7.42710018
v 11.14099979 -14.65320015 7.53350019
v 11.16569996 -14.64780045 7.48659992
v 11.14099979 -14.65320015 7.53350019
v 11.16569996 -14.64780045 7.48659992
v 11.23999977 -14.58320045 7.60340023
v 11.26930046 -14.57450008 7.55989981
v 11.23999977 -14.58320045 7.60340023
v 11.26930046 -14.57450008 7.55989981
v 11.32030010 -14.50220013 7.68450022
v 11.35340023 -14.48960018 7.64480019
v 11.32030010 -14.50220013 7.68450022
v 11.35340023 -14.48960018 7.64480019
v 11.37940025 -14.41250038 7.77419996
v 11.37940025 -14.41250038 7.77419996
v 11.35340023 -14.48960018 7.64480019
v 11.41539955 -14.39560032 7.73880005
v 11.37940025 -14.41250038 7.77419996
v 11.41539955 -14.39560032 7.73880005
v 11.41559982 -14.31690025 7.86980009
v 11.41559982 -14.31690025 7.86980009
v 11.41539955 -14.39560032 7.73880005
v 11.45330048 -14.29549980 7.83890009
v 11.41559982 -14.31690025 7.86980009
v 11.45330048 -14.29549980 7.83890009
v 11.42780018 -14.21829987 7.96829987
v 11.46609974 -14.19219971 7.94220018
v 11.42780018 -14.21829987 7.96829987
v 11.46609974 -14.19219971 7.94220018
v 11.41559982 -14.11979961 8.06690025
v 11.41559982 -14.11979961 8.06690025
v 11.46609974 -14.19219971 7.94220018
v 11.45330048 -14.08889961 8.04549980
v 11.41559982 -14.11979961 8.06690025
v 11.45330048 -14.08889961 8.04549980
v 11.37940025 -14.02420044 8.16250038
v 11.41539955 -13.98880005 8.14560032
v 11.37940025 -14.02420044 8.16250038
v 11.41539955 -13.98880005 8.14560032
v 11.32030010 -13.93449974 8.25220013
v 11.32030010 -13.93449974 8.25220013
v 11.41539955 -13.98880005 8.14560032
v 11.35340023 -13.89480019 8.23960018
v 11.32030010 -13.93449974 8.25220013
v 11.35340023 -13.89480019 8.23960018
v 11.23999977 -13.85340023 8.33320045
v 11.26930046 -13.80990028 8.32450008
v 11.23999977 -13.85340023 8.33320045
v 11.26930046 -13.80990028 8.32450008
v 11.14099979 -13.78349972 8.40320015
v 11.16569996 -13.73659992 8.39780045
v 11.14099979 -13.78349972 8.40320015
v 11.16569996 -13.73659992 8.39780045
v 11.02639961 -13.72669983 8.46000004
v 11.04559994 -13.67710018 8.45730019
v 11.02639961 -13.72669983 8.46000004
v 11.04559994 -13.67710018 8.45730019
v 10.89960003 -13.68490028 8.50179958
v 10.91269970 -13.63329983 8.50109959
v 10.89960003 -13.68490028 8.50179958
v 10.91269970 -13.63329983 8.50109959
v 10.76439953 -13.65929985 8.52740002
v 10.77110004 -13.60649967 8.52799988
v 10.76439953 -13.65929985 8.52740002
v 10.77110004 -13.60649967 8.52799988
v 10.62500000 -13.65069962 8.53600025
v 10.62500000 -13.65069962 8.53600025
v 10.77110004 -13.60649967 8.52799988
v 10.62500000 -13.59749985 8.53699970
v 10.62500000 -13.59749985 8.53699970
v 10.48560047 -13.65929985 8.52740002
v 10.62500000 -13.65069962 8.53600025
v 10.62500000 -13.59749985 8.53699970
v 10.47889996 -13.60649967 8.52799988
v 10.48560047 -13.65929985 8.52740002
v 10.47889996 -13.60649967 8.52799988
v 10.35039997 -13.68490028 8.50179958
v 10.48560047 -13.65929985 8.52740002
v 10.33730030 -13.63329983 8.50109959
v 10.33730030 -13.63329983 8.50109959
v 10.22360039 -13.72669983 8.46000004
v 10.35039997 -13.68490028 8.50179958
v 10.20440006 -13.67710018 8.45730019
v 10.20440006 -13.67710018 8.45730019
v 10.10900021 -13.78349972 8.40320015
v 10.22360039 -13.72669983 8.46000004
v 10.08430004 -13.73659992 8.39780045
v 10.08430004 -13.73659992 8.39780045
v 10.01000023 -13.85340023 8.33320045
v 10.10900021 -13.78349972 8.40320015
v 9.98069954 -13.80990028 8.32450008
v 9.98069954 -13.80990028 8.32450008
v 9.92969990 -13.93449974 8.25220013
v 10.01000023 -13.85340023 8.33320045
v 9.89659977 -13.89480019 8.23960018
v 9.89659977 -13.89480019 8.23960018
v 9.87059975 -14.02420044 8.16250038
v 9.92969990 -13.93449974 8.25220013
v 9.89659977 -13.89480019 8.23960018
v 9.83460045 -13.98880005 8.14560032
v 9.87059975 -14.02420044 8.16250038
v 9.83460045 -13.98880005 8.14560032
v 9.83440018 -14.11979961 8.06690025
v 9.87059975 -14.02420044 8.16250038
v 9.79669952 -14.08889961 8.04549980
v 9.79669952 -14.08889961 8.04549980
v 9.82219982 -14.21829987 7.96829987
v 9.83440018 -14.11979961 8.06690025
v 9.79669952 -14.08889961 8.04549980
v 9.78390026 -14.19219971 7.94220018
v 9.82219982 -14.21829987 7.96829987
v 9.78390026 -14.19219971 7.94220018
v 9.83440018 -14.31690025 7.86980009
v 9.82219982 -14.21829987 7.96829987
v 9.78390026 -14.19219971 7.94220018
v 9.79669952 -14.29549980 7.83890009
v 9.83440018 -14.31690025 7.86980009
v 9.79669952 -14.29549980 7.83890009
v 9.87059975 -14.41250038 7.77419996
v 9.83440018 -14.31690025 7.86980009
v 9.83460045 -14.39560032 7.73880005
v 9.83460045 -14.39560032 7.73880005
v 9.92969990 -14.50220013 7.68450022
v 9.87059975 -14.41250038 7.77419996
v 9.83460045 -14.39560032 7.73880005
v 9.89659977 -14.48960018 7.64480019
v 9.92969990 -14.50220013 7.68450022
v 9.89659977 -14.48960018 7.64480019
v 10.01000023 -14.58320045 7.60340023
v 9.92969990 -14.50220013 7.68450022
v 9.98069954 -14.57450008 7.55989981
v 10.01000023 -14.58320045 7.60340023
v 9.98069954 -14.57450008 7.55989981
v 10.10900021 -14.65320015 7.53350019
v 10.08430004 -14.64780045 7.48659992
v 10.10900021 -14.65320015 7.53350019
v 10.08430004 -14.64780045 7.48659992
v 10.22360039 -14.71000004 7.47669983
v 10.20440006 -14.70730019 7.42710018
v 10.22360039 -14.71000004 7.47669983
v 10.20440006 -14.70730019 7.42710018
v 10.35039997 -14.75179958 7.43489981
v 10.33730030 -14.75109959 7.38329983
v 10.35039997 -14.75179958 7.43489981
v 10.33730030 -14.75109959 7.38329983
v 10.48560047 -14.77740002 7.40929985
v 10.48560047 -14.77740002 7.40929985
v 10.33730030 -14.75109959 7.38329983
v 10.47889996 -14.77799988 7.35650015
v 10.48560047 -14.77740002 7.40929985
v 10.47889996 -14.77799988 7.35650015
v 10.62500000 -14.78600025 7.40070009
v 10.62500000 -14.78699970 7.34749985
v 10.62500000 -14.78600025 7.40070009
v 10.62500000 -14.78699970 7.34749985
v 10.76439953 -14.77740002 7.40929985
v 10.77110004 -14.77799988 7.35650015
v 10.77110004 -14.77799988 7.35650015
v 10.77649975 -14.76949978 7.30420017
v 10.91269970 -14.75109959 7.38329983
v 10.91269970 -14.75109959 7.38329983
v 10.77649975 -14.76949978 7.30420017
v 10.92339993 -14.74170017 7.33209991
v 10.91269970 -14.75109959 7.38329983
v 10.92339993 -14.74170017 7.33209991
v 11.04559994 -14.70730019 7.42710018
v 11.04559994 -14.70730019 7.42710018
v 10.92339993 -14.74170017 7.33209991
v 11.06130028 -14.69620037 7.37750006
v 11.04559994 -14.70730019 7.42710018
v 11.06130028 -14.69620037 7.37750006
v 11.16569996 -14.64780045 7.48659992
v 11.16569996 -14.64780045 7.48659992
v 11.06130028 -14.69620037 7.37750006
v 11.18589973 -14.63459969 7.43919992
v 11.16569996 -14.64780045 7.48659992
v 11.18589973 -14.63459969 7.43919992
v 11.26930046 -14.57450008 7.55989981
v 11.29349995 -14.55850029 7.51529980
v 11.26930046 -14.57450008 7.55989981
v 11.29349995 -14.55850029 7.51529980
v 11.35340023 -14.48960018 7.64480019
v 11.38070011 -14.47039986 7.60340023
v 11.35340023 -14.48960018 7.64480019
v 11.38070011 -14.47039986 7.60340023
v 11.41539955 -14.39560032 7.73880005
v 11.44499969 -14.37290001 7.70079994
v 11.41539955 -14.39560032 7.73880005
v 11.44499969 -14.37290001 7.70079994
v 11.45330048 -14.29549980 7.83890009
v 11.48429966 -14.26900005 7.80469990
v 11.45330048 -14.29549980 7.83890009
v 11.48429966 -14.26900005 7.80469990
v 11.46609974 -14.19219971 7.94220018
v 11.49759960 -14.16189957 7.91190004
v 11.46609974 -14.19219971 7.94220018
v 11.49759960 -14.16189957 7.91190004
v 11.45330048 -14.08889961 8.04549980
v 11.48429966 -14.05469990 8.01900005
v 11.45330048 -14.08889961 8.04549980
v 11.48429966 -14.05469990 8.01900005
v 11.41539955 -13.98880005 8.14560032
v 11.41539955 -13.98880005 8.14560032
v 11.48429966 -14.05469990 8.01900005
v 11.44499969 -13.95090008 8.12290001
v 11.41539955 -13.98880005 8.14560032
v 11.44499969 -13.95090008 8.12290001
v 11.35340023 -13.89480019 8.23960018
v 11.38070011 -13.85340023 8.22039986
v 11.35340023 -13.89480019 8.23960018
v 11.38070011 -13.85340023 8.22039986
v 11.26930046 -13.80990028 8.32450008
v 11.29349995 -13.76529980 8.30850029
v 11.26930046 -13.80990028 8.32450008
v 11.29349995 -13.76529980 8.30850029
v 11.16569996 -13.73659992 8.39780045
v 11.18589973 -13.68920040 8.38459969
v 11.16569996 -13.73659992 8.39780045
v 11.18589973 -13.68920040 8.38459969
v 11.04559994 -13.67710018 8.45730019
v 11.06130028 -13.62749958 8.44620037
v 11.04559994 -13.67710018 8.45730019
v 11.06130028 -13.62749958 8.44620037
v 10.91269970 -13.63329983 8.50109959
v 10.91269970 -13.63329983 8.50109959
v 11.06130028 -13.62749958 8.44620037
v 10.92339993 -13.58209991 8.49170017
v 10.91269970 -13.63329983 8.50109959
v 10.92339993 -13.58209991 8.49170017
v 10.77110004 -13.60649967 8.52799988
v 10.77649975 -13.55420017 8.51949978
v 10.77649975 -13.55420017 8.51949978
v 10.62500000 -13.59749985 8.53699970
v 10.77110004 -13.60649967 8.52799988
v 10.62500000 -13.54489994 8.52890015
v 10.62500000 -13.54489994 8.52890015
v 10.47889996 -13.60649967 8.52799988
v 10.62500000 -13.59749985 8.53699970
v 10.47350025 -13.55420017 8.51949978
v 10.47350025 -13.55420017 8.51949978
v 10.33730030 -13.63329983 8.50109959
v 10.47889996 -13.60649967 8.52799988
v 10.32649994 -13.58209991 8.49170017
v 10.32649994 -13.58209991 8.49170017
v 10.20440006 -13.67710018 8.45730019
v 10.33730030 -13.63329983 8.50109959
v 10.18869972 -13.62749958 8.44620037
v 10.18869972 -13.62749958 8.44620037
v 10.08430004 -13.73659992 8.39780045
v 10.20440006 -13.67710018 8.45730019
v 10.06410027 -13.68920040 8.38459969
v 10.06410027 -13.68920040 8.38459969
v 9.98069954 -13.80990028 8.32450008
v 10.08430004 -13.73659992 8.39780045
v 9.95650005 -13.76529980 8.30850029
v 9.95650005 -13.76529980 8.30850029
v 9.89659977 -13.89480019 8.23960018
v 9.98069954 -13.80990028 8.32450008
v 9.86929989 -13.85340023 8.22039986
v 9.86929989 -13.85340023 8.22039986
v 9.83460045 -13.98880005 8.14560032
v 9.89659977 -13.89480019 8.23960018
v 9.80500031 -13.95090008 8.12290001
v 9.80500031 -13.95090008 8.12290001
v 9.79669952 -14.08889961 8.04549980
v 9.83460045 -13.98880005 8.14560032
v 9.80500031 -13.95090008 8.12290001
v 9.76560020 -14.05469990 8.01900005
v 9.79669952 -14.08889961 8.04549980
v 9.76560020 -14.05469990 8.01900005
v 9.78390026 -14.19219971 7.94220018
v 9.79669952 -14.08889961 8.04549980
v 9.76560020 -14.05469990 8.01900005
v 9.75240040 -14.16189957 7.91190004
v 9.78390026 -14.19219971 7.94220018
v 9.75240040 -14.16189957 7.91190004
v 9.79669952 -14.29549980 7.83890009
v 9.78390026 -14.19219971 7.94220018
v 9.75240040 -14.16189957 7.91190004
v 9.76560020 -14.26900005 7.80469990
v 9.79669952 -14.29549980 7.83890009
v 9.76560020 -14.26900005 7.80469990
v 9.83460045 -14.39560032 7.73880005
v 9.79669952 -14.29549980 7.83890009
v 9.76560020 -14.26900005 7.80469990
v 9.80500031 -14.37290001 7.70079994
v 9.83460045 -14.39560032 7.73880005
v 9.80500031 -14.37290001 7.70079994
v 9.89659977 -14.48960018 7.64480019
v 9.83460045 -14.39560032 7.73880005
v 9.86929989 -14.47039986 7.60340023
v 9.86929989 -14.47039986 7.60340023
v 9.98069954 -14.57450008 7.55989981
v 9.89659977 -14.48960018 7.64480019
v 9.95650005 -14.55850029 7.51529980
v 9.98069954 -14.57450008 7.55989981
v 9.95650005 -14.55850029 7.51529980
v 10.08430004 -14.64780045 7.48659992
v 10.06410027 -14.63459969 7.43919992
v 10.08430004 -14.64780045 7.48659992
v 10.06410027 -14.63459969 7.43919992
v 10.20440006 -14.70730019 7.42710018
v 10.18869972 -14.69620037 7.37750006
v 10.20440006 -14.70730019 7.42710018
v 10.18869972 -14.69620037 7.37750006
v 10.33730030 -14.75109959 7.38329983
v 10.32649994 -14.74170017 7.33209991
v 10.33730030 -14.75109959 7.38329983
v 10.32649994 -14.74170017 7.33209991
v 10.47889996 -14.77799988 7.35650015
v 10.47889996 -14.77799988 7.35650015
v 10.32649994 -14.74170017 7.33209991
v 10.47350025 -14.76949978 7.30420017
v 10.47889996 -14.77799988 7.35650015
v 10.47350025 -14.76949978 7.30420017
v 10.62500000 -14.78699970 7.34749985
v 10.62500000 -14.77890015 7.29489994
v 10.62500000 -14.78699970 7.34749985
v 10.62500000 -14.77890015 7.29489994
v 10.77110004 -14.77799988 7.35650015
v 10.77649975 -14.76949978 7.30420017
v -10.51980019 -14.68970013 7.59590006
v -10.51060009 -14.72340012 7.55579996
v -10.41779995 -14.67029953 7.61520004
v -10.39970016 -14.70240021 7.57679987
v -10.41779995 -14.67029953 7.61520004
v -10.39970016 -14.70240021 7.57679987
v -10.32209969 -14.63879967 7.64680004
v -10.32209969 -14.63879967 7.64680004
v -10.39970016 -14.70240021 7.57679987
v -10.29559994 -14.66800022 7.61110020
v -10.32209969 -14.63879967 7.64680004
v -10.29559994 -14.66800022 7.61110020
v -10.23560047 -14.59589958 7.68959999
v -10.20149994 -14.62150002 7.65770006
v -10.23560047 -14.59589958 7.68959999
v -10.20149994 -14.62150002 7.65770006
v -10.16090012 -14.54310036 7.74240017
v -10.16090012 -14.54310036 7.74240017
v -10.20149994 -14.62150002 7.65770006
v -10.12030029 -14.56400013 7.71509981
v -10.16090012 -14.54310036 7.74240017
v -10.12030029 -14.56400013 7.71509981
v -10.10029984 -14.48200035 7.80359983
v -10.05440044 -14.49750042 7.78160000
v -10.10029984 -14.48200035 7.80359983
v -10.05440044 -14.49750042 7.78160000
v -10.05570030 -14.41429996 7.87120008
v -10.05570030 -14.41429996 7.87120008
v -10.05440044 -14.49750042 7.78160000
v -10.00590038 -14.42389965 7.85519981
v -10.05570030 -14.41429996 7.87120008
v -10.00590038 -14.42389965 7.85519981
v -10.02840042 -14.34220028 7.94339991
v -10.02840042 -14.34220028 7.94339991
v -10.00590038 -14.42389965 7.85519981
v -9.97620010 -14.34549999 7.93370008
v -10.02840042 -14.34220028 7.94339991
v -9.97620010 -14.34549999 7.93370008
v -10.01920033 -14.26780033 8.01780033
v -10.01920033 -14.26780033 8.01780033
v -9.97620010 -14.34549999 7.93370008
v -9.96609974 -14.26459980 8.01459980
v -10.01920033 -14.26780033 8.01780033
v -9.96609974 -14.26459980 8.01459980
v -10.02840042 -14.19340038 8.09220028
v -10.02840042 -14.19340038 8.09220028
v -9.96609974 -14.26459980 8.01459980
v -9.97620010 -14.18369961 8.09549999
v -10.02840042 -14.19340038 8.09220028
v -9.97620010 -14.18369961 8.09549999
v -10.05570030 -14.12119961 8.16429996
v -10.05570030 -14.12119961 8.16429996
v -9.97620010 -14.18369961 8.09549999
v -10.00590038 -14.10519981 8.17389965
v -10.05570030 -14.12119961 8.16429996
v -10.00590038 -14.10519981 8.17389965
v -10.10029984 -14.05360031 8.23200035
v -10.10029984 -14.05360031 8.23200035
v -10.00590038 -14.10519981 8.17389965
v -10.05440044 -14.03160000 8.24750042
v -10.10029984 -14.05360031 8.23200035
v -10.05440044 -14.03160000 8.24750042
v -10.16090012 -13.99240017 8.29310036
v -10.12030029 -13.96510029 8.31400013
v -10.16090012 -13.99240017 8.29310036
v -10.12030029 -13.96510029 8.31400013
v -10.23560047 -13.93959999 8.34589958
v -10.23560047 -13.93959999 8.34589958
v -10.12030029 -13.96510029 8.31400013
v -10.20149994 -13.90769958 8.37150002
v -10.23560047 -13.93959999 8.34589958
v -10.20149994 -13.90769958 8.37150002
v -10.32209969 -13.89680004 8.38879967
v -10.29559994 -13.86110020 8.41800022
v -10.32209969 -13.89680004 8.38879967
v -10.29559994 -13.86110020 8.41800022
v -10.41779995 -13.86520004 8.42029953
v -10.41779995 -13.86520004 8.42029953
v -10.29559994 -13.86110020 8.41800022
v -10.39970016 -13.82680035 8.45240021
v -10.41779995 -13.86520004 8.42029953
v -10.39970016 -13.82680035 8.45240021
v -10.51980019 -13.84589958 8.43970013
v -10.51060009 -13.80580044 8.47340012
v -10.51980019 -13.84589958 8.43970013
v -10.51060009 -13.80580044 8.47340012
v -10.62500000 -13.83940029 8.44620037
v -10.62500000 -13.79870033 8.48040009
v -10.62500000 -13.83940029 8.44620037
v -10.62500000 -13.79870033 8.48040009
v -10.73019981 -13.84589958 8.43970013
v -10.73939991 -13.80580044 8.47340012
v -10.73019981 -13.84589958 8.43970013
v -10.73939991 -13.80580044 8.47340012
v -10.83220005 -13.86520004 8.42029953
v -10.85029984 -13.82680035 8.45240021
v -10.83220005 -13.86520004 8.42029953
v -10.85029984 -13.82680035 8.45240021
v -10.92790031 -13.89680004 8.38879967
v -10.92790031 -13.89680004 8.38879967
v -10.85029984 -13.82680035 8.45240021
v -10.95440006 -13.86110020 8.41800022
v -10.92790031 -13.89680004 8.38879967
v -10.95440006 -13.86110020 8.41800022
v -11.01439953 -13.93959999 8.34589958
v -11.04850006 -13.90769958 8.37150002
v -11.01439953 -13.93959999 8.34589958
v -11.04850006 -13.90769958 8.37150002
v -11.08909988 -13.99240017 8.29310036
v -11.08909988 -13.99240017 8.29310036
v -11.04850006 -13.90769958 8.37150002
v -11.12969971 -13.96510029 8.31400013
v -11.08909988 -13.99240017 8.29310036
v -11.12969971 -13.96510029 8.31400013
v -11.14970016 -14.05360031 8.23200035
v -11.19559956 -14.03160000 8.24750042
v -11.14970016 -14.05360031 8.23200035
v -11.19559956 -14.03160000 8.24750042
v -11.19429970 -14.12119961 8.16429996
v -11.19429970 -14.12119961 8.16429996
v -11.19559956 -14.03160000 8.24750042
v -11.24409962 -14.10519981 8.17389965
v -11.19429970 -14.12119961 8.16429996
v -11.24409962 -14.10519981 8.17389965
v -11.22159958 -14.19340038 8.09220028
v -11.22159958 -14.19340038 8.09220028
v -11.24409962 -14.10519981 8.17389965
v -11.27390003 -14.18369961 8.09549999
v -11.22159958 -14.19340038 8.09220028
v -11.27390003 -14.18369961 8.09549999
v -11.23079967 -14.26780033 8.01780033
v -11.23079967 -14.26780033 8.01780033
v -11.27390003 -14.18369961 8.09549999
v -11.28390026 -14.26459980 8.01459980
v -11.23079967 -14.26780033 8.01780033
v -11.28390026 -14.26459980 8.01459980
v -11.22159958 -14.34220028 7.94339991
v -11.22159958 -14.34220028 7.94339991
v -11.28390026 -14.26459980 8.01459980
v -11.27390003 -14.34549999 7.93370008
v -11.22159958 -14.34220028 7.94339991
v -11.27390003 -14.34549999 7.93370008
v -11.19429970 -14.41429996 7.87120008
v -11.19429970 -14.41429996 7.87120008
v -11.27390003 -14.34549999 7.93370008
v -11.24409962 -14.42389965 7.85519981
v -11.19429970 -14.41429996 7.87120008
v -11.24409962 -14.42389965 7.85519981
v -11.14970016 -14.48200035 7.80359983
v -11.14970016 -14.48200035 7.80359983
v -11.24409962 -14.42389965 7.85519981
v -11.19559956 -14.49750042 7.78160000
v -11.14970016 -14.48200035 7.80359983
v -11.19559956 -14.49750042 7.78160000
v -11.08909988 -14.54310036 7.74240017
v -11.12969971 -14.56400013 7.71509981
v -11.08909988 -14.54310036 7.74240017
v -11.12969971 -14.56400013 7.71509981
v -11.01439953 -14.59589958 7.68959999
v -11.01439953 -14.59589958 7.68959999
v -11.12969971 -14.56400013 7.71509981
v -11.04850006 -14.62150002 7.65770006
v -11.01439953 -14.59589958 7.68959999
v -11.04850006 -14.62150002 7.65770006
v -10.92790031 -14.63879967 7.64680004
v -10.95440006 -14.66800022 7.61110020
v -10.92790031 -14.63879967 7.64680004
v -10.95440006 -14.66800022 7.61110020
v -10.83220005 -14.67029953 7.61520004
v -10.83220005 -14.67029953 7.61520004
v -10.95440006 -14.66800022 7.61110020
v -10.85029984 -14.70240021 7.57679987
v -10.83220005 -14.67029953 7.61520004
v -10.85029984 -14.70240021 7.57679987
v -10.73019981 -14.68970013 7.59590006
v -10.73939991 -14.72340012 7.55579996
v -10.73019981 -14.68970013 7.59590006
v -10.73939991 -14.72340012 7.55579996
v -10.62500000 -14.69620037 7.58939981
v -10.62500000 -14.69620037 7.58939981
v -10.73939991 -14.72340012 7.55579996
v -10.62500000 -14.73050022 7.54869986
v -10.62500000 -14.69620037 7.58939981
v -10.62500000 -14.73050022 7.54869986
v -10.51980019 -14.68970013 7.59590006
v -10.51980019 -14.68970013 7.59590006
v -10.62500000 -14.73050022 7.54869986
v -10.51060009 -14.72340012 7.55579996
v -10.51060009 -14.72340012 7.55579996
v -10.50170040 -14.74969959 7.51039982
v -10.39970016 -14.70240021 7.57679987
v -10.39970016 -14.70240021 7.57679987
v -10.50170040 -14.74969959 7.51039982
v -10.38210011 -14.72700024 7.53299999
v -10.39970016 -14.70240021 7.57679987
v -10.38210011 -14.72700024 7.53299999
v -10.29559994 -14.66800022 7.61110020
v -10.26980019 -14.68999958 7.57000017
v -10.29559994 -14.66800022 7.61110020
v -10.26980019 -14.68999958 7.57000017
v -10.20149994 -14.62150002 7.65770006
v -10.16839981 -14.63980007 7.62029982
v -10.20149994 -14.62150002 7.65770006
v -10.16839981 -14.63980007 7.62029982
v -10.12030029 -14.56400013 7.71509981
v -10.08080006 -14.57789993 7.68219995
v -10.12030029 -14.56400013 7.71509981
v -10.08080006 -14.57789993 7.68219995
v -10.05440044 -14.49750042 7.78160000
v -10.00979996 -14.50619984 7.75390005
v -10.05440044 -14.49750042 7.78160000
v -10.00979996 -14.50619984 7.75390005
v -10.00590038 -14.42389965 7.85519981
v -9.95750046 -14.42679977 7.83330011
v -10.00590038 -14.42389965 7.85519981
v -9.95750046 -14.42679977 7.83330011
v -9.97620010 -14.34549999 7.93370008
v -9.97620010 -14.34549999 7.93370008
v -9.95750046 -14.42679977 7.83330011
v -9.92539978 -14.34230042 7.91779995
v -9.97620010 -14.34549999 7.93370008
v -9.92539978 -14.34230042 7.91779995
v -9.96609974 -14.26459980 8.01459980
v -9.91469955 -14.25500011 8.00500011
v -9.96609974 -14.26459980 8.01459980
v -9.91469955 -14.25500011 8.00500011
v -9.97620010 -14.18369961 8.09549999
v -9.92539978 -14.16779995 8.09230042
v -9.97620010 -14.18369961 8.09549999
v -9.92539978 -14.16779995 8.09230042
v -10.00590038 -14.10519981 8.17389965
v -9.95750046 -14.08329964 8.17679977
v -10.00590038 -14.10519981 8.17389965
v -9.95750046 -14.08329964 8.17679977
v -10.05440044 -14.03160000 8.24750042
v -10.00979996 -14.00389957 8.25619984
v -10.05440044 -14.03160000 8.24750042
v -10.00979996 -14.00389957 8.25619984
v -10.12030029 -13.96510029 8.31400013
v -10.08080006 -13.93220043 8.32789993
v -10.12030029 -13.96510029 8.31400013
v -10.08080006 -13.93220043 8.32789993
v -10.20149994 -13.90769958 8.37150002
v -10.16839981 -13.87030029 8.38980007
v -10.20149994 -13.90769958 8.37150002
v -10.16839981 -13.87030029 8.38980007
v -10.29559994 -13.86110020 8.41800022
v -10.26980019 -13.81999969 8.43999958
v -10.29559994 -13.86110020 8.41800022
v -10.26980019 -13.81999969 8.43999958
v -10.39970016 -13.82680035 8.45240021
v -10.39970016 -13.82680035 8.45240021
v -10.26980019 -13.81999969 8.43999958
v -10.38210011 -13.78299999 8.47700024
v -10.39970016 -13.82680035 8.45240021
v -10.38210011 -13.78299999 8.47700024
v -10.51060009 -13.80580044 8.47340012
v -10.50170040 -13.76039982 8.49969959
v -10.51060009 -13.80580044 8.47340012
v -10.50170040 -13.76039982 8.49969959
v -10.62500000 -13.79870033 8.48040009
v -10.62500000 -13.75279999 8.50730038
v -10.62500000 -13.79870033 8.48040009
v -10.62500000 -13.75279999 8.50730038
v -10.73939991 -13.80580044 8.47340012
v -10.74839973 -13.76039982 8.49969959
v -10.73939991 -13.80580044 8.47340012
v -10.74839973 -13.76039982 8.49969959
v -10.85029984 -13.82680035 8.45240021
v -10.86800003 -13.78299999 8.47700024
v -10.85029984 -13.82680035 8.45240021
v -10.86800003 -13.78299999 8.47700024
v -10.95440006 -13.86110020 8.41800022
v -10.95440006 -13.86110020 8.41800022
v -10.86800003 -13.78299999 8.47700024
v -10.98019981 -13.81999969 8.43999958
v -10.95440006 -13.86110020 8.41800022
v -10.98019981 -13.81999969 8.43999958
v -11.04850006 -13.90769958 8.37150002
v -11.08160019 -13.87030029 8.38980007
v -11.04850006 -13.90769958 8.37150002
v -11.08160019 -13.87030029 8.38980007
v -11.12969971 -13.96510029 8.31400013
v -11.16919994 -13.93220043 8.32789993
v -11.12969971 -13.96510029 8.31400013
v -11.16919994 -13.93220043 8.32789993
v -11.19559956 -14.03160000 8.24750042
v -11.19559956 -14.03160000 8.24750042
v -11.16919994 -13.93220043 8.32789993
v -11.24020004 -14.00389957 8.25619984
v -11.19559956 -14.03160000 8.24750042
v -11.24020004 -14.00389957 8.25619984
v -11.24409962 -14.10519981 8.17389965
v -11.29249954 -14.08329964 8.17679977
v -11.24409962 -14.10519981 8.17389965
v -11.29249954 -14.08329964 8.17679977
v -11.27390003 -14.18369961 8.09549999
v -11.32460022 -14.16779995 8.09230042
v -11.27390003 -14.18369961 8.09549999
v -11.32460022 -14.16779995 8.09230042
v -11.28390026 -14.26459980 8.01459980
v -11.33539963 -14.25500011 8.00500011
v -11.28390026 -14.26459980 8.01459980
v -11.33539963 -14.25500011 8.00500011
v -11.27390003 -14.34549999 7.93370008
v -11.32460022 -14.34230042 7.91779995
v -11.27390003 -14.34549999 7.93370008
v -11.32460022 -14.34230042 7.91779995
v -11.24409962 -14.42389965 7.85519981
v -11.24409962 -14.42389965 7.85519981
v -11.32460022 -14.34230042 7.91779995
v -11.29249954 -14.42679977 7.83330011
v -11.24409962 -14.42389965 7.85519981
v -11.29249954 -14.42679977 7.83330011
v -11.19559956 -14.49750042 7.78160000
v -11.24020004 -14.50619984 7.75390005
v -11.19559956 -14.49750042 7.78160000
v -11.24020004 -14.50619984 7.75390005
v -11.12969971 -14.56400013 7.71509981
v -11.16919994 -14.57789993 7.68219995
v -11.12969971 -14.56400013 7.71509981
v -11.16919994 -14.57789993 7.68219995
v -11.04850006 -14.62150002 7.65770006
v -11.08160019 -14.63980007 7.62029982
v -11.04850006 -14.62150002 7.65770006
v -11.08160019 -14.63980007 7.62029982
v -10.95440006 -14.66800022 7.61110020
v -10.98019981 -14.68999958 7.57000017
v -10.95440006 -14.66800022 7.61110020
v -10.98019981 -14.68999958 7.57000017
v -10.85029984 -14.70240021 7.57679987
v -10.86800003 -14.72700024 7.53299999
v -10.85029984 -14.70240021 7.57679987
v -10.86800003 -14.72700024 7.53299999
v -10.73939991 -14.72340012 7.55579996
v -10.73939991 -14.72340012 7.55579996
v -10.86800003 -14.72700024 7.53299999
v -10.74839973 -14.74969959 7.51039982
v -10.73939991 -14.72340012 7.55579996
v -10.74839973 -14.74969959 7.51039982
v -10.62500000 -14.73050022 7.54869986
v -10.62500000 -14.75730038 7.50279999
v -10.62500000 -14.73050022 7.54869986
v -10.62500000 -14.75730038 7.50279999
v -10.51060009 -14.72340012 7.55579996
v -10.50170040 -14.74969959 7.51039982
v -10.50170040 -14.74969959 7.51039982
v -10.49320030 -14.76790047 7.46110010
v -10.38210011 -14.72700024 7.53299999
v -10.38210011 -14.72700024 7.53299999
v -10.49320030 -14.76790047 7.46110010
v -10.36550045 -14.74370003 7.48530006
v -10.38210011 -14.72700024 7.53299999
v -10.36550045 -14.74370003 7.48530006
v -10.26980019 -14.68999958 7.57000017
v -10.24559975 -14.70419979 7.52479982
v -10.26980019 -14.68999958 7.57000017
v -10.24559975 -14.70419979 7.52479982
v -10.16839981 -14.63980007 7.62029982
v -10.13729954 -14.65050030 7.57849979
v -10.16839981 -14.63980007 7.62029982
v -10.13729954 -14.65050030 7.57849979
v -10.08080006 -14.57789993 7.68219995
v -10.08080006 -14.57789993 7.68219995
v -10.13729954 -14.65050030 7.57849979
v -10.04370022 -14.58440018 7.64459991
v -10.08080006 -14.57789993 7.68219995
v -10.04370022 -14.58440018 7.64459991
v -10.00979996 -14.50619984 7.75390005
v -10.00979996 -14.50619984 7.75390005
v -10.04370022 -14.58440018 7.64459991
v -9.96790028 -14.50780010 7.72119999
v -10.00979996 -14.50619984 7.75390005
v -9.96790028 -14.50780010 7.72119999
v -9.95750046 -14.42679977 7.83330011
v -9.91199970 -14.42300034 7.80600023
v -9.95750046 -14.42679977 7.83330011
v -9.91199970 -14.42300034 7.80600023
v -9.92539978 -14.34230042 7.91779995
v -9.87769985 -14.33269978 7.89629984
v -9.87769985 -14.33269978 7.89629984
v -9.91469955 -14.25500011 8.00500011
v -9.92539978 -14.34230042 7.91779995
v -9.87769985 -14.33269978 7.89629984
v -9.86620045 -14.23950005 7.98950005
v -9.91469955 -14.25500011 8.00500011
v -9.86620045 -14.23950005 7.98950005
v -9.92539978 -14.16779995 8.09230042
v -9.91469955 -14.25500011 8.00500011
v -9.86620045 -14.23950005 7.98950005
v -9.87769985 -14.14630032 8.08269978
v -9.92539978 -14.16779995 8.09230042
v -9.87769985 -14.14630032 8.08269978
v -9.95750046 -14.08329964 8.17679977
v -9.92539978 -14.16779995 8.09230042
v -9.91199970 -14.05599976 8.17300034
v -9.91199970 -14.05599976 8.17300034
v -10.00979996 -14.00389957 8.25619984
v -9.95750046 -14.08329964 8.17679977
v -9.96790028 -13.97119999 8.25780010
v -9.96790028 -13.97119999 8.25780010
v -10.08080006 -13.93220043 8.32789993
v -10.00979996 -14.00389957 8.25619984
v -10.04370022 -13.89459991 8.33440018
v -10.04370022 -13.89459991 8.33440018
v -10.16839981 -13.87030029 8.38980007
v -10.08080006 -13.93220043 8.32789993
v -10.13729954 -13.82849979 8.40050030
v -10.13729954 -13.82849979 8.40050030
v -10.26980019 -13.81999969 8.43999958
v -10.16839981 -13.87030029 8.38980007
v -10.24559975 -13.77480030 8.45419979
v -10.26980019 -13.81999969 8.43999958
v -10.24559975 -13.77480030 8.45419979
v -10.38210011 -13.78299999 8.47700024
v -10.36550045 -13.73530006 8.49370003
v -10.38210011 -13.78299999 8.47700024
v -10.36550045 -13.73530006 8.49370003
v -10.50170040 -13.76039982 8.49969959
v -10.49320030 -13.71109962 8.51790047
v -10.50170040 -13.76039982 8.49969959
v -10.49320030 -13.71109962 8.51790047
v -10.62500000 -13.75279999 8.50730038
v -10.62500000 -13.70289993 8.52600002
v -10.62500000 -13.75279999 8.50730038
v -10.62500000 -13.70289993 8.52600002
v -10.74839973 -13.76039982 8.49969959
v -10.74839973 -13.76039982 8.49969959
v -10.62500000 -13.70289993 8.52600002
v -10.75679970 -13.71109962 8.51790047
v -10.74839973 -13.76039982 8.49969959
v -10.75679970 -13.71109962 8.51790047
v -10.86800003 -13.78299999 8.47700024
v -10.86800003 -13.78299999 8.47700024
v -10.75679970 -13.71109962 8.51790047
v -10.88449955 -13.73530006 8.49370003
v -10.86800003 -13.78299999 8.47700024
v -10.88449955 -13.73530006 8.49370003
v -10.98019981 -13.81999969 8.43999958
v -11.00440025 -13.77480030 8.45419979
v -10.98019981 -13.81999969 8.43999958
v -11.00440025 -13.77480030 8.45419979
v -11.08160019 -13.87030029 8.38980007
v -11.11279964 -13.82849979 8.40050030
v -11.08160019 -13.87030029 8.38980007
v -11.11279964 -13.82849979 8.40050030
v -11.16919994 -13.93220043 8.32789993
v -11.20629978 -13.89459991 8.33440018
v -11.16919994 -13.93220043 8.32789993
v -11.20629978 -13.89459991 8.33440018
v -11.24020004 -14.00389957 8.25619984
v -11.24020004 -14.00389957 8.25619984
v -11.20629978 -13.89459991 8.33440018
v -11.28209972 -13.97119999 8.25780010
v -11.24020004 -14.00389957 8.25619984
v -11.28209972 -13.97119999 8.25780010
v -11.29249954 -14.08329964 8.17679977
v -11.33800030 -14.05599976 8.17300034
v -11.29249954 -14.08329964 8.17679977
v -11.33800030 -14.05599976 8.17300034
v -11.32460022 -14.16779995 8.09230042
v -11.37230015 -14.14630032 8.08269978
v -11.32460022 -14.16779995 8.09230042
v -11.37230015 -14.14630032 8.08269978
v -11.33539963 -14.25500011 8.00500011
v -11.33539963 -14.25500011 8.00500011
v -11.37230015 -14.14630032 8.08269978
v -11.38379955 -14.23950005 7.98950005
v -11.33539963 -14.25500011 8.00500011
v -11.38379955 -14.23950005 7.98950005
v -11.32460022 -14.34230042 7.91779995
v -11.32460022 -14.34230042 7.91779995
v -11.38379955 -14.23950005 7.98950005
v -11.37230015 -14.33269978 7.89629984
v -11.32460022 -14.34230042 7.91779995
v -11.37230015 -14.33269978 7.89629984
v -11.29249954 -14.42679977 7.83330011
v -11.33800030 -14.42300034 7.80600023
v -11.29249954 -14.42679977 7.83330011
v -11.33800030 -14.42300034 7.80600023
v -11.24020004 -14.50619984 7.75390005
v -11.28209972 -14.50780010 7.72119999
v -11.24020004 -14.50619984 7.75390005
v -11.28209972 -14.50780010 7.72119999
v -11.16919994 -14.57789993 7.68219995
v -11.16919994 -14.57789993 7.68219995
v -11.28209972 -14.50780010 7.72119999
v -11.20629978 -14.58440018 7.64459991
v -11.16919994 -14.57789993 7.68219995
v -11.20629978 -14.58440018 7.64459991
v -11.08160019 -14.63980007 7.62029982
v -11.08160019 -14.63980007 7.62029982
v -11.20629978 -14.58440018 7.64459991
v -11.11279964 -14.65050030 7.57849979
v -11.08160019 -14.63980007 7.62029982
v -11.11279964 -14.65050030 7.57849979
v -10.98019981 -14.68999958 7.57000017
v -10.98019981 -14.68999958 7.57000017
v -11.11279964 -14.65050030 7.57849979
v -11.00440025 -14.70419979 7.52479982
v -10.98019981 -14.68999958 7.57000017
v -11.00440025 -14.70419979 7.52479982
v -10.86800003 -14.72700024 7.53299999
v -10.88449955 -14.74370003 7.48530006
v -10.86800003 -14.72700024 7.53299999
v -10.88449955 -14.74370003 7.48530006
v -10.74839973 -14.74969959 7.51039982
v -10.74839973 -14.74969959 7.51039982
v -10.88449955 -14.74370003 7.48530006
v -10.75679970 -14.76790047 7.46110010
v -10.74839973 -14.74969959 7.51039982
v -10.75679970 -14.76790047 7.46110010
v -10.62500000 -14.75730038 7.50279999
v -10.62500000 -14.75730038 7.50279999
v -10.75679970 -14.76790047 7.46110010
v -10.62500000 -14.77600002 7.45289993
v -10.62500000 -14.75730038 7.50279999
v -10.62500000 -14.77600002 7.45289993
v -10.50170040 -14.74969959 7.51039982
v -10.50170040 -14.74969959 7.51039982
v -10.62500000 -14.77600002 7.45289993
v -10.49320030 -14.76790047 7.46110010
v -10.49320030 -14.76790047 7.46110010
v -10.48560047 -14.77740002 7.40929985
v -10.36550045 -14.74370003 7.48530006
v -10.35039997 -14.75179958 7.43489981
v -10.36550045 -14.74370003 7.48530006
v -10.35039997 -14.75179958 7.43489981
v -10.24559975 -14.70419979 7.52479982
v -10.22360039 -14.71000004 7.47669983
v -10.24559975 -14.70419979 7.52479982
v -10.22360039 -14.71000004 7.47669983
v -10.13729954 -14.65050030 7.57849979
v -10.13729954 -14.65050030 7.57849979
v -10.22360039 -14.71000004 7.47669983
v -10.10900021 -14.65320015 7.53350019
v -10.13729954 -14.65050030 7.57849979
v -10.10900021 -14.65320015 7.53350019
v -10.04370022 -14.58440018 7.64459991
v -10.01000023 -14.58320045 7.60340023
v -10.04370022 -14.58440018 7.64459991
v -10.01000023 -14.58320045 7.60340023
v -9.96790028 -14.50780010 7.72119999
v -9.92969990 -14.50220013 7.68450022
v -9.92969990 -14.50220013 7.68450022
v -9.91199970 -14.42300034 7.80600023
v -9.96790028 -14.50780010 7.72119999
v -9.87059975 -14.41250038 7.77419996
v -9.87059975 -14.41250038 7.77419996
v -9.87769985 -14.33269978 7.89629984
v -9.91199970 -14.42300034 7.80600023
v -9.83440018 -14.31690025 7.86980009
v -9.83440018 -14.31690025 7.86980009
v -9.86620045 -14.23950005 7.98950005
v -9.87769985 -14.33269978 7.89629984
v -9.82219982 -14.21829987 7.96829987
v -9.82219982 -14.21829987 7.96829987
v -9.87769985 -14.14630032 8.08269978
v -9.86620045 -14.23950005 7.98950005
v -9.83440018 -14.11979961 8.06690025
v -9.83440018 -14.11979961 8.06690025
v -9.91199970 -14.05599976 8.17300034
v -9.87769985 -14.14630032 8.08269978
v -9.87059975 -14.02420044 8.16250038
v -9.87059975 -14.02420044 8.16250038
v -9.96790028 -13.97119999 8.25780010
v -9.91199970 -14.05599976 8.17300034
v -9.92969990 -13.93449974 8.25220013
v -9.92969990 -13.93449974 8.25220013
v -10.04370022 -13.89459991 8.33440018
v -9.96790028 -13.97119999 8.25780010
v -10.01000023 -13.85340023 8.33320045
v -10.01000023 -13.85340023 8.33320045
v -10.13729954 -13.82849979 8.40050030
v -10.04370022 -13.89459991 8.33440018
v -10.10900021 -13.78349972 8.40320015
v -10.10900021 -13.78349972 8.40320015
v -10.24559975 -13.77480030 8.45419979
v -10.13729954 -13.82849979 8.40050030
v -10.10900021 -13.78349972 8.40320015
v -10.22360039 -13.72669983 8.46000004
v -10.24559975 -13.77480030 8.45419979
v -10.22360039 -13.72669983 8.46000004
v -10.36550045 -13.73530006 8.49370003
v -10.24559975 -13.77480030 8.45419979
v -10.35039997 -13.68490028 8.50179958
v -10.35039997 -13.68490028 8.50179958
v -10.49320030 -13.71109962 8.51790047
v -10.36550045 -13.73530006 8.49370003
v -10.48560047 -13.65929985 8.52740002
v -10.49320030 -13.71109962 8.51790047
v -10.48560047 -13.65929985 8.52740002
v -10.62500000 -13.70289993 8.52600002
v -10.62500000 -13.65069962 8.53600025
v -10.62500000 -13.70289993 8.52600002
v -10.62500000 -13.65069962 8.53600025
v -10.75679970 -13.71109962 8.51790047
v -10.76439953 -13.65929985 8.52740002
v -10.75679970 -13.71109962 8.51790047
v -10.76439953 -13.65929985 8.52740002
v -10.88449955 -13.73530006 8.49370003
v -10.89960003 -13.68490028 8.50179958
v -10.88449955 -13.73530006 8.49370003
v -10.89960003 -13.68490028 8.50179958
v -11.00440025 -13.77480030 8.45419979
v -11.02639961 -13.72669983 8.46000004
v -11.00440025 -13.77480030 8.45419979
v -11.02639961 -13.72669983 8.46000004
v -11.11279964 -13.82849979 8.40050030
v -11.11279964 -13.82849979 8.40050030
v -11.02639961 -13.72669983 8.46000004
v -11.14099979 -13.78349972 8.40320015
v -11.11279964 -13.82849979 8.40050030
v -11.14099979 -13.78349972 8.40320015
v -11.20629978 -13.89459991 8.33440018
v -11.23999977 -13.85340023 8.33320045
v -11.20629978 -13.89459991 8.33440018
v -11.23999977 -13.85340023 8.33320045
v -11.28209972 -13.97119999 8.25780010
v -11.32030010 -13.93449974 8.25220013
v -11.28209972 -13.97119999 8.25780010
v -11.32030010 -13.93449974 8.25220013
v -11.33800030 -14.05599976 8.17300034
v -11.37940025 -14.02420044 8.16250038
v -11.33800030 -14.05599976 8.17300034
v -11.37940025 -14.02420044 8.16250038
v -11.37230015 -14.14630032 8.08269978
v -11.41559982 -14.11979961 8.06690025
v -11.37230015 -14.14630032 8.08269978
v -11.41559982 -14.11979961 8.06690025
v -11.38379955 -14.23950005 7.98950005
v -11.42780018 -14.21829987 7.96829987
v -11.38379955 -14.23950005 7.98950005
v -11.42780018 -14.21829987 7.96829987
v -11.37230015 -14.33269978 7.89629984
v -11.41559982 -14.31690025 7.86980009
v -11.37230015 -14.33269978 7.89629984
v -11.41559982 -14.31690025 7.86980009
v -11.33800030 -14.42300034 7.80600023
v -11.37940025 -14.41250038 7.77419996
v -11.33800030 -14.42300034 7.80600023
v -11.37940025 -14.41250038 7.77419996
v -11.28209972 -14.50780010 7.72119999
v -11.28209972 -14.50780010 7.72119999
v -11.37940025 -14.41250038 7.77419996
v -11.32030010 -14.50220013 7.68450022
v -11.28209972 -14.50780010 7.72119999
v -11.32030010 -14.50220013 7.68450022
v -11.20629978 -14.58440018 7.64459991
v -11.23999977 -14.58320045 7.60340023
v -11.20629978 -14.58440018 7.64459991
v -11.23999977 -14.58320045 7.60340023
v -11.11279964 -14.65050030 7.57849979
v -11.14099979 -14.65320015 7.53350019
v -11.11279964 -14.65050030 7.57849979
v -11.14099979 -14.65320015 7.53350019
v -11.00440025 -14.70419979 7.52479982
v -11.00440025 -14.70419979 7.52479982
v -11.14099979 -14.65320015 7.53350019
v -11.02639961 -14.71000004 7.47669983
v -11.00440025 -14.70419979 7.52479982
v -11.02639961 -14.71000004 7.47669983
v -10.88449955 -14.74370003 7.48530006
v -10.89960003 -14.75179958 7.43489981
v -10.88449955 -14.74370003 7.48530006
v -10.89960003 -14.75179958 7.43489981
v -10.75679970 -14.76790047 7.46110010
v -10.76439953 -14.77740002 7.40929985
v -10.75679970 -14.76790047 7.46110010
v -10.76439953 -14.77740002 7.40929985
v -10.62500000 -14.77600002 7.45289993
v -10.62500000 -14.78600025 7.40070009
v -10.62500000 -14.77600002 7.45289993
v -10.62500000 -14.78600025 7.40070009
v -10.49320030 -14.76790047 7.46110010
v -10.48560047 -14.77740002 7.40929985
v -10.48560047 -14.77740002 7.40929985
v -10.47889996 -14.77799988 7.35650015
v -10.35039997 -14.75179958 7.43489981
v -10.35039997 -14.75179958 7.43489981
v -10.47889996 -14.77799988 7.35650015
v -10.33730030 -14.75109959 7.38329983
v -10.35039997 -14.75179958 7.43489981
v -10.33730030 -14.75109959 7.38329983
v -10.22360039 -14.71000004 7.47669983
v -10.20440006 -14.70730019 7.42710018
v -10.22360039 -14.71000004 7.47669983
v -10.20440006 -14.70730019 7.42710018
v -10.10900021 -14.65320015 7.53350019
v -10.08430004 -14.64780045 7.48659992
v -10.10900021 -14.65320015 7.53350019
v -10.08430004 -14.64780045 7.48659992
v -10.01000023 -14.58320045 7.60340023
v -9.98069954 -14.57450008 7.55989981
v -9.98069954 -14.57450008 7.55989981
v -9.92969990 -14.50220013 7.68450022
v -10.01000023 -14.58320045 7.60340023
v -9.98069954 -14.57450008 7.55989981
v -9.89659977 -14.48960018 7.64480019
v -9.92969990 -14.50220013 7.68450022
v -9.89659977 -14.48960018 7.64480019
v -9.87059975 -14.41250038 7.77419996
v -9.92969990 -14.50220013 7.68450022
v -9.89659977 -14.48960018 7.64480019
v -9.83460045 -14.39560032 7.73880005
v -9.87059975 -14.41250038 7.77419996
v -9.83460045 -14.39560032 7.73880005
v -9.83440018 -14.31690025 7.86980009
v -9.87059975 -14.41250038 7.77419996
v -9.83460045 -14.39560032 7.73880005
v -9.79669952 -14.29549980 7.83890009
v -9.83440018 -14.31690025 7.86980009
v -9.79669952 -14.29549980 7.83890009
v -9.82219982 -14.21829987 7.96829987
v -9.83440018 -14.31690025 7.86980009
v -9.79669952 -14.29549980 7.83890009
v -9.78390026 -14.19219971 7.94220018
v -9.82219982 -14.21829987 7.96829987
v -9.78390026 -14.19219971 7.94220018
v -9.83440018 -14.11979961 8.06690025
v -9.82219982 -14.21829987 7.96829987
v -9.78390026 -14.19219971 7.94220018
v -9.79669952 -14.08889961 8.04549980
v -9.83440018 -14.11979961 8.06690025
v -9.79669952 -14.08889961 8.04549980
v -9.87059975 -14.02420044 8.16250038
v -9.83440018 -14.11979961 8.06690025
v -9.83460045 -13.98880005 8.14560032
v -9.83460045 -13.98880005 8.14560032
v -9.92969990 -13.93449974 8.25220013
v -9.87059975 -14.02420044 8.16250038
v -9.89659977 -13.89480019 8.23960018
v -9.89659977 -13.89480019 8.23960018
v -10.01000023 -13.85340023 8.33320045
v -9.92969990 -13.93449974 8.25220013
v -9.98069954 -13.80990028 8.32450008
v -9.98069954 -13.80990028 8.32450008
v -10.10900021 -13.78349972 8.40320015
v -10.01000023 -13.85340023 8.33320045
v -10.08430004 -13.73659992 8.39780045
v -10.08430004 -13.73659992 8.39780045
v -10.22360039 -13.72669983 8.46000004
v -10.10900021 -13.78349972 8.40320015
v -10.20440006 -13.67710018 8.45730019
v -10.20440006 -13.67710018 8.45730019
v -10.35039997 -13.68490028 8.50179958
v -10.22360039 -13.72669983 8.46000004
v -10.33730030 -13.63329983 8.50109959
v -10.33730030 -13.63329983 8.50109959
v -10.48560047 -13.65929985 8.52740002
v -10.35039997 -13.68490028 8.50179958
v -10.47889996 -13.60649967 8.52799988
v -10.47889996 -13.60649967 8.52799988
v -10.62500000 -13.65069962 8.53600025
v -10.48560047 -13.65929985 8.52740002
v -10.47889996 -13.60649967 8.52799988
v -10.62500000 -13.59749985 8.53699970
v -10.62500000 -13.65069962 8.53600025
v -10.62500000 -13.65069962 8.53600025
v -10.62500000 -13.59749985 8.53699970
v -10.76439953 -13.65929985 8.52740002
v -10.76439953 -13.65929985 8.52740002
v -10.62500000 -13.59749985 8.53699970
v -10.77110004 -13.60649967 8.52799988
v -10.76439953 -13.65929985 8.52740002
v -10.77110004 -13.60649967 8.52799988
v -10.89960003 -13.68490028 8.50179958
v -10.91269970 -13.63329983 8.50109959
v -10.89960003 -13.68490028 8.50179958
v -10.91269970 -13.63329983 8.50109959
v -11.02639961 -13.72669983 8.46000004
v -11.04559994 -13.67710018 8.45730019
v -11.02639961 -13.72669983 8.46000004
v -11.04559994 -13.67710018 8.45730019
v -11.14099979 -13.78349972 8.40320015
v -11.16569996 -13.73659992 8.39780045
v -11.14099979 -13.78349972 8.40320015
v -11.16569996 -13.73659992 8.39780045
v -11.23999977 -13.85340023 8.33320045
v -11.26930046 -13.80990028 8.32450008
v -11.23999977 -13.85340023 8.33320045
v -11.26930046 -13.80990028 8.32450008
v -11.32030010 -13.93449974 8.25220013
v -11.32030010 -13.93449974 8.25220013
v -11.26930046 -13.80990028 8.32450008
v -11.35340023 -13.89480019 8.23960018
v -11.32030010 -13.93449974 8.25220013
v -11.35340023 -13.89480019 8.23960018
v -11.37940025 -14.02420044 8.16250038
v -11.41539955 -13.98880005 8.14560032
v -11.37940025 -14.02420044 8.16250038
v -11.41539955 -13.98880005 8.14560032
v -11.41559982 -14.11979961 8.06690025
v -11.45339966 -14.08889961 8.04549980
v -11.41559982 -14.11979961 8.06690025
v -11.45339966 -14.08889961 8.04549980
v -11.42780018 -14.21829987 7.96829987
v -11.42780018 -14.21829987 7.96829987
v -11.45339966 -14.08889961 8.04549980
v -11.46609974 -14.19219971 7.94220018
v -11.42780018 -14.21829987 7.96829987
v -11.46609974 -14.19219971 7.94220018
v -11.41559982 -14.31690025 7.86980009
v -11.45339966 -14.29549980 7.83890009
v -11.41559982 -14.31690025 7.86980009
v -11.45339966 -14.29549980 7.83890009
v -11.37940025 -14.41250038 7.77419996
v -11.41539955 -14.39560032 7.73880005
v -11.37940025 -14.41250038 7.77419996
v -11.41539955 -14.39560032 7.73880005
v -11.32030010 -14.50220013 7.68450022
v -11.32030010 -14.50220013 7.68450022
v -11.41539955 -14.39560032 7.73880005
v -11.35340023 -14.48960018 7.64480019
v -11.32030010 -14.50220013 7.68450022
v -11.35340023 -14.48960018 7.64480019
v -11.23999977 -14.58320045 7.60340023
v -11.26930046 -14.57450008 7.55989981
v -11.23999977 -14.58320045 7.60340023
v -11.26930046 -14.57450008 7.55989981
v -11.14099979 -14.65320015 7.53350019
v -11.16569996 -14.64780045 7.48659992
v -11.14099979 -14.65320015 7.53350019
v -11.16569996 -14.64780045 7.48659992
v -11.02639961 -14.71000004 7.47669983
v -11.04559994 -14.70730019 7.42710018
v -11.02639961 -14.71000004 7.47669983
v -11.04559994 -14.70730019 7.42710018
v -10.89960003 -14.75179958 7.43489981
v -10.91269970 -14.75109959 7.38329983
v -10.89960003 -14.75179958 7.43489981
v -10.91269970 -14.75109959 7.38329983
v -10.76439953 -14.77740002 7.40929985
v -10.76439953 -14.77740002 7.40929985
v -10.91269970 -14.75109959 7.38329983
v -10.77110004 -14.77799988 7.35650015
v -10.76439953 -14.77740002 7.40929985
v -10.77110004 -14.77799988 7.35650015
v -10.62500000 -14.78600025 7.40070009
v -10.62500000 -14.78699970 7.34749985
v -10.62500000 -14.78600025 7.40070009
v -10.62500000 -14.78699970 7.34749985
v -10.48560047 -14.77740002 7.40929985
v -10.47889996 -14.77799988 7.35650015
v -10.47889996 -14.77799988 7.35650015
v -10.47350025 -14.76949978 7.30420017
v -10.33730030 -14.75109959 7.38329983
v -10.33730030 -14.75109959 7.38329983
v -10.47350025 -14.76949978 7.30420017
v -10.32660007 -14.74170017 7.33209991
v -10.33730030 -14.75109959 7.38329983
v -10.32660007 -14.74170017 7.33209991
v -10.20440006 -14.70730019 7.42710018
v -10.18869972 -14.69620037 7.37750006
v -10.20440006 -14.70730019 7.42710018
v -10.18869972 -14.69620037 7.37750006
v -10.08430004 -14.64780045 7.48659992
v -10.08430004 -14.64780045 7.48659992
v -10.18869972 -14.69620037 7.37750006
v -10.06410027 -14.63459969 7.43919992
v -10.08430004 -14.64780045 7.48659992
v -10.06410027 -14.63459969 7.43919992
v -9.98069954 -14.57450008 7.55989981
v -9.98069954 -14.57450008 7.55989981
v -10.06410027 -14.63459969 7.43919992
v -9.95650005 -14.55850029 7.51529980
v -9.95650005 -14.55850029 7.51529980
v -9.89659977 -14.48960018 7.64480019
v -9.98069954 -14.57450008 7.55989981
v -9.86929989 -14.47039986 7.60340023
v -9.86929989 -14.47039986 7.60340023
v -9.83460045 -14.39560032 7.73880005
v -9.89659977 -14.48960018 7.64480019
v -9.86929989 -14.47039986 7.60340023
v -9.80500031 -14.37290001 7.70079994
v -9.83460045 -14.39560032 7.73880005
v -9.80500031 -14.37290001 7.70079994
v -9.79669952 -14.29549980 7.83890009
v -9.83460045 -14.39560032 7.73880005
v -9.80500031 -14.37290001 7.70079994
v -9.76570034 -14.26900005 7.80469990
v -9.79669952 -14.29549980 7.83890009
v -9.76570034 -14.26900005 7.80469990
v -9.78390026 -14.19219971 7.94220018
v -9.79669952 -14.29549980 7.83890009
v -9.76570034 -14.26900005 7.80469990
v -9.75240040 -14.16189957 7.91190004
v -9.78390026 -14.19219971 7.94220018
v -9.75240040 -14.16189957 7.91190004
v -9.79669952 -14.08889961 8.04549980
v -9.78390026 -14.19219971 7.94220018
v -9.76570034 -14.05469990 8.01900005
v -9.76570034 -14.05469990 8.01900005
v -9.83460045 -13.98880005 8.14560032
v -9.79669952 -14.08889961 8.04549980
v -9.80500031 -13.95090008 8.12290001
v -9.80500031 -13.95090008 8.12290001
v -9.89659977 -13.89480019 8.23960018
v -9.83460045 -13.98880005 8.14560032
v -9.80500031 -13.95090008 8.12290001
v -9.86929989 -13.85340023 8.22039986
v -9.89659977 -13.89480019 8.23960018
v -9.86929989 -13.85340023 8.22039986
v -9.98069954 -13.80990028 8.32450008
v -9.89659977 -13.89480019 8.23960018
v -9.95650005 -13.76529980 8.30850029
v -9.95650005 -13.76529980 8.30850029
v -10.08430004 -13.73659992 8.39780045
v -9.98069954 -13.80990028 8.32450008
v -9.95650005 -13.76529980 8.30850029
v -10.06410027 -13.68920040 8.38459969
v -10.08430004 -13.73659992 8.39780045
v -10.06410027 -13.68920040 8.38459969
v -10.20440006 -13.67710018 8.45730019
v -10.08430004 -13.73659992 8.39780045
v -10.18869972 -13.62749958 8.44620037
v -10.18869972 -13.62749958 8.44620037
v -10.33730030 -13.63329983 8.50109959
v -10.20440006 -13.67710018 8.45730019
v -10.32660007 -13.58209991 8.49170017
v -10.32660007 -13.58209991 8.49170017
v -10.47889996 -13.60649967 8.52799988
v -10.33730030 -13.63329983 8.50109959
v -10.47350025 -13.55420017 8.51949978
v -10.47350025 -13.55420017 8.51949978
v -10.62500000 -13.59749985 8.53699970
v -10.47889996 -13.60649967 8.52799988
v -10.62500000 -13.54489994 8.52890015
v -10.62500000 -13.54489994 8.52890015
v -10.77110004 -13.60649967 8.52799988
v -10.62500000 -13.59749985 8.53699970
v -10.77649975 -13.55420017 8.51949978
v -10.77110004 -13.60649967 8.52799988
v -10.77649975 -13.55420017 8.51949978
v -10.91269970 -13.63329983 8.50109959
v -10.92350006 -13.58209991 8.49170017
v -10.91269970 -13.63329983 8.50109959
v -10.92350006 -13.58209991 8.49170017
v -11.04559994 -13.67710018 8.45730019
v -11.06130028 -13.62749958 8.44620037
v -11.04559994 -13.67710018 8.45730019
v -11.06130028 -13.62749958 8.44620037
v -11.16569996 -13.73659992 8.39780045
v -11.18589973 -13.68920040 8.38459969
v -11.16569996 -13.73659992 8.39780045
v -11.18589973 -13.68920040 8.38459969
v -11.26930046 -13.80990028 8.32450008
v -11.26930046 -13.80990028 8.32450008
v -11.18589973 -13.68920040 8.38459969
v -11.29349995 -13.76529980 8.30850029
v -11.26930046 -13.80990028 8.32450008
v -11.29349995 -13.76529980 8.30850029
v -11.35340023 -13.89480019 8.23960018
v -11.38070011 -13.85340023 8.22039986
v -11.35340023 -13.89480019 8.23960018
v -11.38070011 -13.85340023 8.22039986
v -11.41539955 -13.98880005 8.14560032
v -11.44499969 -13.95090008 8.12290001
v -11.41539955 -13.98880005 8.14560032
v -11.44499969 -13.95090008 8.12290001
v -11.45339966 -14.08889961 8.04549980
v -11.45339966 -14.08889961 8.04549980
v -11.44499969 -13.95090008 8.12290001
v -11.48439980 -14.05469990 8.01900005
v -11.45339966 -14.08889961 8.04549980
v -11.48439980 -14.05469990 8.01900005
v -11.46609974 -14.19219971 7.94220018
v -11.49759960 -14.16189957 7.91190004
v -11.46609974 -14.19219971 7.94220018
v -11.49759960 -14.16189957 7.91190004
v -11.45339966 -14.29549980 7.83890009
v -11.45339966 -14.29549980 7.83890009
v -11.49759960 -14.16189957 7.91190004
v -11.48439980 -14.26900005 7.80469990
v -11.45339966 -14.29549980 7.83890009
v -11.48439980 -14.26900005 7.80469990
v -11.41539955 -14.39560032 7.73880005
v -11.41539955 -14.39560032 7.73880005
v -11.48439980 -14.26900005 7.80469990
v -11.44499969 -14.37290001 7.70079994
v -11.41539955 -14.39560032 7.73880005
v -11.44499969 -14.37290001 7.70079994
v -11.35340023 -14.48960018 7.64480019
v -11.35340023 -14.48960018 7.64480019
v -11.44499969 -14.37290001 7.70079994
v -11.38070011 -14.47039986 7.60340023
v -11.35340023 -14.48960018 7.64480019
v -11.38070011 -14.47039986 7.60340023
v -11.26930046 -14.57450008 7.55989981
v -11.29349995 -14.55850029 7.51529980
v -11.26930046 -14.57450008 7.55989981
v -11.29349995 -14.55850029 7.51529980
v -11.16569996 -14.64780045 7.48659992
v -11.18589973 -14.63459969 7.43919992
v -11.16569996 -14.64780045 7.48659992
v -11.18589973 -14.63459969 7.43919992
v -11.04559994 -14.70730019 7.42710018
v -11.06130028 -14.69620037 7.37750006
v -11.04559994 -14.70730019 7.42710018
v -11.06130028 -14.69620037 7.37750006
v -10.91269970 -14.75109959 7.38329983
v -10.92350006 -14.74170017 7.33209991
v -10.91269970 -14.75109959 7.38329983
v -10.92350006 -14.74170017 7.33209991
v -10.77110004 -14.77799988 7.35650015
v -10.77110004 -14.77799988 7.35650015
v -10.92350006 -14.74170017 7.33209991
v -10.77649975 -14.76949978 7.30420017
v -10.77110004 -14.77799988 7.35650015
v -10.77649975 -14.76949978 7.30420017
v -10.62500000 -14.78699970 7.34749985
v -10.62500000 -14.77890015 7.29489994
v -10.62500000 -14.78699970 7.34749985
v -10.62500000 -14.77890015 7.29489994
v -10.47889996 -14.77799988 7.35650015
v -10.47350025 -14.76949978 7.30420017
v -13.37139988 14.51109982 11.13669968
v -13.45419979 14.51309967 11.12619972
v -13.48379993 14.41440010 11.30399990
v -13.37139988 14.41209984 11.31630039
v -13.48379993 14.41440010 11.30399990
v -13.51029968 14.28750038 11.46350002
v 14.39290047 14.48499966 11.02989960
v 14.30739975 14.51039982 11.01990032
v 14.41709995 14.41440010 11.16940022
v 14.44659996 14.45759964 11.03689957
v 14.23680019 14.51309967 11.07240009
v 14.32219982 14.41440010 11.23110008
v 14.30739975 14.51039982 11.01990032
v 14.19719982 14.54810047 10.99429989
v 13.99600029 13.37100029 11.87500000
v 13.99600029 13.57520008 11.85820007
v -13.37139988 13.57530022 11.85809994
v -13.37139988 13.37100029 11.87500000
v 13.99600029 13.57520008 11.85820007
v 13.99600029 13.77390003 11.80819988
v -13.37139988 13.77410030 11.80809975
v -13.37139988 13.57530022 11.85809994
v 13.99600029 13.96240044 11.72609997
v 13.99600029 14.13459969 11.61450005
v -13.37139988 14.13440037 11.61460018
v -13.37139988 13.96230030 11.72620010
v 13.99600029 14.28509998 11.47719955
v 13.99600029 14.41149998 11.31700039
v -13.37139988 14.41209984 11.31630039
v -13.37139988 14.28549957 11.47690010
v 13.99600029 14.51039982 11.13790035
v 13.99600029 14.57839966 10.94849968
v -13.37139988 14.57839966 10.94849968
v -13.37139988 14.51109982 11.13669968
v 13.99600029 14.41149998 11.31700039
v 13.99600029 14.51039982 11.13790035
v -13.37139988 14.51109982 11.13669968
v -13.37139988 14.41209984 11.31630039
v 13.99600029 14.13459969 11.61450005
v 13.99600029 14.28509998 11.47719955
v -13.37139988 14.28549957 11.47690010
v -13.37139988 14.13440037 11.61460018
v 13.99600029 13.77390003 11.80819988
v 13.99600029 13.96240044 11.72609997
v -13.37139988 13.96230030 11.72620010
v -13.37139988 13.77410030 11.80809975
v 14.75899982 13.37100029 11.61480045
v 14.58040047 13.57579994 11.71080017
v 14.58699989 13.37100029 11.72630024
v 14.91049957 13.37100029 11.47679996
v 14.75049973 13.57579994 11.60029984
v 14.75899982 13.37100029 11.61480045
v 14.39809990 13.37100029 11.80840015
v 14.19799995 13.57579994 11.84140015
v 14.20030022 13.37100029 11.85809994
v 15.13589954 13.37100029 11.13700008
v 15.03689957 13.37100029 11.31649971
v 15.03610039 -7.12099981 11.31750011
v 15.13510036 -7.12099981 11.13840008
v 15.20339966 13.37100029 10.94849968
v 15.13589954 13.37100029 11.13700008
v 15.13510036 -7.12099981 11.13840008
v 15.20339966 -7.12109995 10.94849968
v 14.20030022 13.37100029 11.85809994
v 13.99600029 13.37100029 11.87500000
v 13.99600029 -7.12109995 11.87500000
v 14.20040035 -7.12099981 11.85809994
v 14.58699989 13.37100029 11.72630024
v 14.39809990 13.37100029 11.80840015
v 14.39910030 -7.12099981 11.80809975
v 14.58749962 -7.12099981 11.72609997
v 15.03689957 13.37100029 11.31649971
v 14.91049957 13.37100029 11.47679996
v 14.91069984 -7.12109995 11.47669983
v 15.03610039 -7.12099981 11.31750011
v 14.91049957 13.37100029 11.47679996
v 14.75899982 13.37100029 11.61480045
v 14.75959969 -7.12099981 11.61450005
v 14.91069984 -7.12109995 11.47669983
v 14.39809990 13.37100029 11.80840015
v 14.20030022 13.37100029 11.85809994
v 14.20040035 -7.12099981 11.85809994
v 14.39910030 -7.12099981 11.80809975
v 15.13510036 -7.12099981 11.13840008
v 15.12259960 -7.32579994 11.12619972
v 15.17240047 -7.32420015 10.99470043
v 15.60700035 -7.75610018 9.37500000
v -13.79209995 14.41440010 11.16940022
v -13.61180019 14.51309967 11.07240009
v -13.68220043 14.51109982 11.01819992
v -14.00609970 14.98200035 9.37500000
v -14.21129990 14.92840004 9.37500000
v -13.68220043 14.51109982 11.01819992
v -13.37139988 13.37100029 11.87500000
v -13.57479954 13.37100029 11.85820007
v -13.57489967 -7.12060022 11.85820007
v -13.37119961 -7.12060022 11.87500000
v -13.96249962 13.37100029 11.72609997
v -14.13459969 13.37100029 11.61450005
v -14.13449955 -7.12060022 11.61460018
v -13.96240044 -7.12060022 11.72609997
v -14.13459969 13.37100029 11.61450005
v -14.28380013 13.37100029 11.47840023
v -14.28479958 -7.12060022 11.47749996
v -14.13449955 -7.12060022 11.61460018
v -14.28380013 13.37100029 11.47840023
v -14.41069984 13.37100029 11.31809998
v -14.41170025 -7.12060022 11.31680012
v -14.28479958 -7.12060022 11.47749996
v -14.41069984 13.37100029 11.31809998
v -14.50969982 13.37100029 11.13920021
v -14.51000023 -7.12060022 11.13860035
v -14.41170025 -7.12060022 11.31680012
v -14.50969982 13.37100029 11.13920021
v -14.57839966 13.37100029 10.94849968
v -14.57839966 -7.12060022 10.94849968
v -14.51000023 -7.12060022 11.13860035
v -13.77359962 13.37100029 11.80830002
v -13.96249962 13.37100029 11.72609997
v -13.96240044 -7.12060022 11.72609997
v -13.77390003 -7.12060022 11.80819988
v -13.57479954 13.37100029 11.85820007
v -13.77359962 13.37100029 11.80830002
v -13.77390003 -7.12060022 11.80819988
v -13.57489967 -7.12060022 11.85820007
v -14.41170025 -7.12060022 11.31680012
v -14.40030003 -7.32579994 11.30399990
v -14.27509975 -7.32579994 11.46350002
v -14.28479958 -7.12060022 11.47749996
v -14.12549973 -7.32579994 11.60029984
v -14.13449955 -7.12060022 11.61460018
v -14.28479958 -7.12060022 11.47749996
v -14.27509975 -7.32579994 11.46350002
v -13.95549965 -7.32579994 11.71080017
v -13.96240044 -7.12060022 11.72609997
v -14.13449955 -7.12060022 11.61460018
v -14.12549973 -7.32579994 11.60029984
v -13.76959991 -7.32579994 11.79189968
v -13.77390003 -7.12060022 11.80819988
v -13.96240044 -7.12060022 11.72609997
v -13.95549965 -7.32579994 11.71080017
v -13.57299995 -7.32579994 11.84140015
v -13.57489967 -7.12060022 11.85820007
v -13.77390003 -7.12060022 11.80819988
v -13.76959991 -7.32579994 11.79189968
v -13.37100029 -7.88430023 11.61470032
v -13.37100029 -7.71110010 11.72669983
v -13.55130005 -7.71350002 11.71080017
v -13.53299999 -7.88579988 11.60029984
v -13.53299999 -7.88579988 11.60029984
v -13.51029968 -8.03750038 11.46350002
v -13.37100029 -8.03579998 11.47649956
v -13.37100029 -7.88430023 11.61470032
v -13.51029968 -8.03750038 11.46350002
v -13.48379993 -8.16440010 11.30399990
v -13.37100029 -8.16269970 11.31550026
v -13.37100029 -8.03579998 11.47649956
v -13.79209995 -8.16440010 11.16940022
v -13.76790047 -8.23499966 11.02989960
v -13.68229961 -8.26080036 11.01889992
v -13.69719982 -8.16440010 11.23110008
v -14.54730034 -7.32469988 10.99479961
v -14.57839966 -7.12060022 10.94849968
v -14.98200035 -7.75610018 9.37500000
v -14.54730034 -7.32469988 10.99479961
v -14.51000023 -7.12060022 11.13860035
v -14.57839966 -7.12060022 10.94849968
v -13.68229961 -8.26080036 11.01889992
v -13.76790047 -8.23499966 11.02989960
v -14.21129990 -8.67840004 9.37500000
v 14.58749962 -7.12099981 11.72609997
v 14.75959969 -7.12099981 11.61450005
v 14.75899982 13.37100029 11.61480045
v 14.58699989 13.37100029 11.72630024
v 14.58040047 -7.32579994 11.71080017
v 14.75959969 -7.12099981 11.61450005
v 14.58749962 -7.12099981 11.72609997
v -15.62500000 15.62500000 0.00000000
v 15.62500000 15.62500000 0.00000000
v 15.62500000 15.62500000 0.00000000
f 1 2 3
f 4 5 6
f 7 8 9
f 10 11 12
f 12 11 13
f 14 15 16
f 17 18 19
f 20 21 22
f 23 20 24
f 1 3 7
f 7 3 25
f 7 25 8
f 26 27 17
f 17 27 28
f 24 29 23
f 30 31 32
f 30 32 33
f 34 35 36
f 34 36 37
f 38 39 17
f 17 19 20
f 20 19 40
f 20 40 21
f 41 42 20
f 38 17 43
f 41 20 44
f 45 1 46
f 46 1 34
f 46 34 47
f 7 48 15
f 15 48 49
f 15 49 50
f 50 51 15
f 15 51 52
f 15 52 53
f 45 54 1
f 1 54 55
f 1 55 56
f 9 57 7
f 7 57 58
f 7 58 48
f 53 59 15
f 15 59 60
f 15 60 16
f 39 61 17
f 17 61 62
f 17 62 63
f 42 64 20
f 20 64 65
f 20 65 66
f 37 67 34
f 34 67 68
f 34 68 47
f 56 69 1
f 1 69 70
f 1 70 2
f 28 71 17
f 17 71 72
f 17 72 43
f 63 73 17
f 17 73 74
f 17 74 18
f 22 75 20
f 20 75 76
f 20 76 44
f 66 77 20
f 20 77 78
f 20 78 24
f 79 80 81
f 82 83 84
f 84 83 85
f 86 87 88
f 88 87 89
f 90 91 92
f 93 94 95
f 96 97 98
f 98 97 99
f 100 101 102
f 103 99 104
f 102 105 106
f 107 104 108
f 109 110 111
f 111 110 112
f 113 114 115
f 116 117 118
f 115 119 120
f 116 121 122
f 123 124 120
f 125 126 127
f 128 129 130
f 131 132 133
f 134 113 135
f 131 136 132
f 113 137 138
f 113 138 139
f 139 140 113
f 132 141 142
f 113 143 114
f 144 145 146
f 147 148 149
f 149 148 150
f 149 150 151
f 152 153 135
f 135 153 154
f 119 155 120
f 125 156 157
f 120 158 159
f 160 161 120
f 120 161 162
f 125 163 130
f 145 162 164
f 130 165 166
f 167 168 169
f 169 168 170
f 169 170 171
f 172 173 174
f 174 173 175
f 169 176 149
f 177 175 178
f 149 179 147
f 154 180 135
f 135 180 181
f 182 183 133
f 159 184 120
f 125 185 186
f 120 187 123
f 115 188 113
f 132 122 189
f 132 189 169
f 169 189 190
f 174 191 192
f 193 194 130
f 195 115 196
f 197 116 198
f 195 199 115
f 116 200 201
f 115 202 203
f 204 205 206
f 207 208 130
f 209 210 208
f 205 211 212
f 205 212 213
f 214 116 215
f 216 115 205
f 214 217 116
f 115 218 219
f 116 220 198
f 221 222 208
f 205 223 224
f 205 224 225
f 129 226 130
f 145 227 228
f 130 229 193
f 149 230 182
f 135 231 232
f 135 232 152
f 233 234 208
f 205 235 236
f 208 237 215
f 238 239 145
f 130 240 241
f 130 241 207
f 207 241 230
f 207 230 242
f 242 230 149
f 242 149 243
f 243 149 151
f 244 245 246
f 247 248 249
f 250 251 252
f 253 254 255
f 256 257 258
f 258 257 259
f 260 261 262
f 260 263 261
f 264 265 266
f 267 268 269
f 270 271 272
f 273 274 275
f 274 276 275
f 277 278 279
f 278 280 279
f 281 282 283
f 282 284 283
f 285 286 287
f 286 288 287
f 289 290 291
f 290 292 291
f 293 294 295
f 294 296 295
f 297 298 299
f 298 300 299
f 301 302 303
f 302 304 303
f 305 306 307
f 306 308 307
f 309 310 311
f 310 312 311
f 313 314 315
f 314 316 315
f 317 318 319
f 318 320 319
f 321 322 323
f 322 324 323
f 325 326 327
f 326 328 327
f 329 330 331
f 329 331 332
f 333 334 335
f 333 335 336
f 337 338 339
f 337 339 340
f 341 342 343
f 341 343 344
f 345 346 347
f 345 347 348
f 349 350 351
f 349 351 352
f 353 354 355
f 353 355 356
f 357 358 359
f 357 359 360
f 361 362 363
f 361 363 364
f 365 366 367
f 365 367 368
f 369 370 371
f 369 371 372
f 373 374 375
f 373 375 376
f 377 378 379
f 377 379 380
f 381 382 383
f 381 383 384
f 385 386 387
f 385 387 388
f 389 390 391
f 389 391 392
f 393 394 395
f 393 395 396
f 397 398 399
f 397 399 400
f 401 402 403
f 401 403 404
f 405 406 407
f 405 407 408
f 409 410 411
f 409 411 412
f 413 270 272
f 414 415 416
f 416 415 417
f 418 419 420
f 420 419 421
f 422 423 424
f 424 423 425
f 426 427 428
f 428 427 429
f 430 431 432
f 432 431 433
f 434 435 436
f 436 435 437
f 438 439 440
f 440 439 441
f 442 443 444
f 444 443 445
f 446 447 448
f 448 447 449
f 450 451 452
f 452 451 453
f 454 455 456
f 456 455 457
f 458 459 460
f 461 462 463
f 464 465 466
f 467 468 469
f 470 471 472
f 472 471 473
f 474 475 476
f 476 475 477
f 478 479 480
f 480 479 481
f 482 483 484
f 484 483 485
f 486 487 488
f 488 487 489
f 490 491 492
f 492 491 493
f 494 495 496
f 496 495 497
f 498 499 500
f 500 499 501
f 502 503 504
f 505 506 507
f 508 509 510
f 511 512 513
f 514 515 516
f 516 515 517
f 518 519 520
f 518 521 519
f 522 523 524
f 522 525 523
f 526 527 528
f 526 529 527
f 530 531 532
f 530 533 531
f 534 535 536
f 534 537 535
f 538 539 540
f 538 541 539
f 542 543 544
f 542 545 543
f 546 547 548
f 546 549 547
f 550 551 552
f 550 553 551
f 554 555 556
f 556 555 557
f 558 559 560
f 560 559 561
f 562 563 564
f 564 563 565
f 566 567 568
f 568 567 569
f 570 571 572
f 572 571 573
f 574 575 576
f 576 575 577
f 578 579 580
f 581 582 583
f 584 585 586
f 586 585 587
f 588 589 590
f 590 589 591
f 592 593 594
f 594 593 595
f 596 597 598
f 598 597 599
f 600 601 602
f 602 601 603
f 604 605 606
f 606 605 607
f 608 609 610
f 610 609 611
f 612 613 614
f 614 613 615
f 616 617 618
f 619 620 621
f 622 623 624
f 624 623 625
f 626 627 628
f 628 627 629
f 630 631 632
f 632 631 633
f 634 635 636
f 636 635 637
f 638 639 640
f 640 639 641
f 642 643 644
f 644 643 645
f 646 647 648
f 648 647 649
f 650 651 652
f 652 651 653
f 654 655 656
f 657 658 659
f 660 661 662
f 663 664 665
f 666 667 668
f 666 669 667
f 670 671 672
f 673 674 675
f 676 677 678
f 676 679 677
f 680 681 682
f 680 683 681
f 684 685 686
f 687 688 689
f 690 691 692
f 690 693 691
f 694 695 696
f 697 698 699
f 700 701 702
f 700 703 701
f 704 705 706
f 704 707 705
f 708 709 710
f 708 711 709
f 712 713 714
f 712 715 713
f 716 717 718
f 716 719 717
f 720 721 722
f 720 723 721
f 724 725 726
f 727 728 729
f 726 730 724
f 724 730 731
f 732 733 734
f 735 736 724
f 732 737 738
f 732 738 739
f 739 740 732
f 732 740 741
f 732 741 742
f 743 744 745
f 724 746 725
f 747 748 749
f 725 750 751
f 752 753 754
f 755 756 747
f 725 757 758
f 725 758 759
f 760 761 762
f 729 763 764
f 765 766 744
f 744 766 767
f 741 768 769
f 770 771 765
f 772 773 774
f 765 775 776
f 777 758 778
f 754 761 779
f 778 780 781
f 782 783 784
f 754 785 786
f 754 786 787
f 788 789 790
f 791 792 793
f 791 794 792
f 795 796 797
f 798 799 800
f 801 802 803
f 804 805 806
f 807 808 809
f 810 811 812
f 811 813 812
f 814 815 816
f 814 816 817
f 818 819 820
f 818 820 821
f 822 823 824
f 822 824 825
f 826 827 828
f 826 828 829
f 830 831 832
f 830 832 833
f 834 835 836
f 834 836 837
f 838 839 840
f 838 840 841
f 842 843 844
f 842 844 845
f 846 847 848
f 846 848 849
f 850 851 852
f 850 852 853
f 854 855 856
f 854 856 857
f 858 859 860
f 858 860 861
f 862 863 864
f 862 864 865
f 866 867 868
f 866 868 869
f 870 871 872
f 870 872 873
f 874 875 876
f 874 876 877
f 878 879 880
f 878 880 881
f 882 883 884
f 882 884 885
f 886 887 888
f 886 888 889
f 890 891 892
f 890 892 893
f 894 895 896
f 894 896 897
f 898 899 900
f 899 901 900
f 902 903 904
f 903 905 904
f 906 907 908
f 907 909 908
f 910 911 912
f 911 913 912
f 914 915 916
f 915 917 916
f 918 919 920
f 919 921 920
f 922 923 924
f 923 925 924
f 926 927 928
f 927 929 928
f 930 931 932
f 931 933 932
f 934 935 936
f 935 937 936
f 938 939 940
f 939 941 940
f 942 943 944
f 943 945 944
f 946 947 948
f 947 949 948
f 950 807 809
f 951 952 953
f 953 952 954
f 955 956 957
f 955 958 956
f 959 960 961
f 959 962 960
f 963 964 965
f 963 966 964
f 967 968 969
f 967 970 968
f 971 972 973
f 971 974 972
f 975 976 977
f 975 978 976
f 979 980 981
f 979 982 980
f 983 984 985
f 983 986 984
f 987 988 989
f 987 990 988
f 991 992 993
f 993 992 994
f 995 996 997
f 998 999 1000
f 1001 1002 1003
f 1003 1002 1004
f 1005 1006 1007
f 1007 1006 1008
f 1009 1010 1011
f 1011 1010 1012
f 1013 1014 1015
f 1015 1014 1016
f 1017 1018 1019
f 1019 1018 1020
f 1021 1022 1023
f 1023 1022 1024
f 1025 1026 1027
f 1027 1026 1028
f 1029 1030 1031
f 1031 1030 1032
f 1033 1034 1035
f 1035 1034 1036
f 1037 1038 1039
f 1039 1038 1040
f 1041 1042 1043
f 1044 1045 1046
f 1047 1048 1049
f 1049 1048 1050
f 1051 1052 1053
f 1053 1052 1054
f 1055 1056 1057
f 1057 1056 1058
f 1059 1060 1061
f 1061 1060 1062
f 1063 1064 1065
f 1065 1064 1066
f 1067 1068 1069
f 1069 1068 1070
f 1071 1072 1073
f 1073 1072 1074
f 1075 1076 1077
f 1077 1076 1078
f 1079 1080 1081
f 1081 1080 1082
f 1083 1084 1085
f 1085 1084 1086
f 1087 1088 1089
f 1089 1088 1090
f 1091 1092 1093
f 1093 1092 1094
f 1095 1096 1097
f 1097 1096 1098
f 1099 1100 1101
f 1099 1102 1100
f 1103 1104 1105
f 1103 1106 1104
f 1107 1108 1109
f 1107 1110 1108
f 1111 1112 1113
f 1114 1115 1116
f 1117 1118 1119
f 1117 1120 1118
f 1121 1122 1123
f 1121 1124 1122
f 1125 1126 1127
f 1125 1128 1126
f 1129 1130 1131
f 1129 1132 1130
f 1133 1134 1135
f 1133 1136 1134
f 1137 1138 1139
f 1137 1140 1138
f 1141 1142 1143
f 1141 1144 1142
f 1145 1146 1147
f 1145 1148 1146
f 1149 1150 1151
f 1152 1153 1154
f 1155 1156 1157
f 1157 1156 1158
f 1159 1160 1161
f 1161 1160 1162
f 1163 1164 1165
f 1165 1164 1166
f 1167 1168 1169
f 1169 1168 1170
f 1171 1172 1173
f 1173 1172 1174
f 1175 1176 1177
f 1177 1176 1178
f 1179 1180 1181
f 1181 1180 1182
f 1183 1184 1185
f 1185 1184 1186
f 1187 1188 1189
f 1190 1191 1192
f 1193 1194 1195
f 1195 1194 1196
f 1197 1198 1199
f 1199 1198 1200
f 1201 1202 1203
f 1203 1202 1204
f 1205 1206 1207
f 1207 1206 1208
f 1209 1210 1211
f 1211 1210 1212
f 1213 1214 1215
f 1215 1214 1216
f 1217 1218 1219
f 1219 1218 1220
f 1221 1222 1223
f 1223 1222 1224
f 1225 1226 1227
f 1227 1226 1228
f 1229 1230 1231
f 1231 1230 1232
f 1233 1234 1235
f 1235 1234 1236
f 1237 1238 1239
f 1239 1238 1240
f 1241 1242 1243
f 1241 1244 1242
f 1245 1246 1247
f 1245 1248 1246
f 1249 1250 1251
f 1252 1253 1254
f 1251 1255 1249
f 1249 1255 1256
f 1257 1258 1259
f 1260 1261 1249
f 1257 1262 1263
f 1257 1263 1264
f 1264 1265 1257
f 1257 1265 1266
f 1257 1266 1267
f 1268 1269 1270
f 1249 1271 1250
f 1272 1273 1274
f 1250 1275 1276
f 1277 1278 1279
f 1280 1281 1272
f 1250 1282 1283
f 1250 1283 1284
f 1285 1286 1287
f 1254 1288 1289
f 1290 1291 1269
f 1269 1291 1292
f 1266 1293 1294
f 1295 1296 1290
f 1297 1298 1299
f 1290 1300 1301
f 1302 1283 1303
f 1279 1286 1304
f 1303 1305 1306
f 1307 1308 1309
f 1279 1310 1311
f 1279 1311 1312
f 1313 1314 1315
f 1316 1317 1318
f 1316 1319 1317
f 1320 1321 1322
f 1320 1323 1321
f 1324 1325 1326
f 1324 1327 1325
f 1328 1329 1330
f 1331 1332 1333
f 1334 1335 1336
f 1336 1335 1337
f 1338 1339 1340
f 1341 1342 1343
f 1344 1345 1346
f 1346 1345 1347
f 1348 1349 1350
f 1351 1352 1353
f 1353 1352 1354
f 1355 1356 1357
f 1358 1359 1360
f 1361 1362 1363
f 1364 1365 1366
f 1367 1368 1369
f 1370 1371 1372
f 1373 1374 1375
f 1376 1377 1378
f 1379 1380 1381
f 1382 1383 1384
f 1385 1386 1387
f 1388 1389 1390
f 1391 1392 1393
f 1394 1395 1396
f 1397 1398 1399
f 1400 1401 1402
f 1403 1404 1405
f 1406 1407 1408
f 1409 1410 1411
f 1412 1413 1414
f 1415 1416 1417
f 1418 1419 1420
f 1421 1422 1423
f 1424 1425 1426
f 1427 1428 1429
f 1430 1431 1432
f 1433 1434 1435
f 1436 1437 1438
f 1439 1440 1441
f 1442 1443 1444
f 1445 1446 1447
f 1447 1446 1448
f 1447 1448 1449
f 1449 1448 1450
f 1451 1452 1453
f 1454 1455 1456
f 1457 1458 1459
f 1460 1461 1462
f 1463 1464 1465
f 1466 1467 1468
f 1469 1470 1471
f 1472 1473 1474
f 1475 1476 1477
f 1478 1479 1480
f 1481 1482 1483
f 1484 1485 1486
f 1487 1488 1489
f 1490 1491 1492
f 1493 1494 1495
f 1496 1497 1498
f 1499 1500 1501
f 1499 1501 1502
f 1501 1503 1502
f 1502 1503 1504
f 1505 1506 1507
f 1508 1509 1510
f 1511 1512 1513
f 1514 1515 1516
f 1516 1515 1517
f 1518 1519 1520
f 1521 1522 1523
f 1524 1525 1526
f 1527 1528 1529
f 1529 1528 1530
f 1531 1532 1533
f 1534 1535 1536
f 1537 1538 1539
f 1540 1541 1542
f 1543 1544 1545
f 1546 1547 1548
f 1549 1550 1551
f 1552 1553 1554
f 1554 1553 1555
f 1556 1557 1558
f 1559 1560 1561
f 1562 1563 1564
f 1565 1566 1567
f 1568 1569 1570
f 1571 1572 1573
f 1571 1573 1574
f 1575 1576 1577
f 1578 1579 1580
f 1581 1582 1583
f 1584 1585 1586
f 1587 1588 1589
f 1590 1591 1592
f 1593 1594 1595
f 1596 1597 1598
f 1599 1600 1601
f 1602 1603 1604
f 1605 1606 1607
f 1608 1609 1610
f 1611 1612 1613
f 1614 1615 1616
f 1617 1618 1619
f 1620 1621 1622
f 1623 1624 1625
f 1616 1626 1614
f 1601 1600 1627
f 1628 1629 1630
f 1631 1632 1633
f 1634 1635 1636
f 1637 1638 1639
f 1639 1638 1640
f 1641 1642 1643
f 1644 1645 1646
f 1647 1648 1649
f 1650 1651 1652
f 1653 1654 1655
f 1656 1657 1658
f 1659 1660 1661
f 1662 1663 1664
f 1665 1666 1667
f 1668 1669 1670
f 1671 1672 1673
f 1674 1675 1676
f 1677 1678 1679
f 1680 1593 1595
f 1681 1682 1683
f 1684 1685 1686
f 1687 1688 1689
f 1690 1691 1692
f 1693 1694 1695
f 1696 1697 1698
f 1699 1700 1701
f 1702 1703 1704
f 1705 1706 1707
f 1708 1709 1710
f 1711 1712 1713
f 1714 1715 1716
f 1717 1671 1673
f 1718 1719 1720
f 1721 1677 1679
f 1722 1723 1724
f 1725 1726 1727
f 1728 1729 1730
f 1731 1687 1689
f 1732 1733 1734
f 1735 1587 1589
f 1736 1737 1738
f 1739 1740 1741
f 1742 1743 1744
f 1745 1746 1747
f 1748 1749 1750
f 1751 1752 1753
f 1754 1755 1756
f 1757 1758 1759
f 1760 1761 1762
f 1763 1764 1765
f 1766 1767 1768
f 1769 1770 1771
f 1772 1750 1749
f 1773 1774 1775
f 1776 1777 1778
f 1779 1780 1781
f 1782 1783 1784
f 1785 1769 1771
f 1786 1787 1788
f 1789 1773 1775
f 1790 1791 1792
f 1793 1794 1795
f 1796 1797 1798
f 1799 1800 1801
f 1802 1782 1784
f 1803 1804 1805
f 1806 1786 1788
f 1807 1808 1809
f 1810 1790 1792
f 1811 1812 1813
f 1814 1815 1816
f 1817 1818 1819
f 1820 1821 1822
f 1823 1799 1801
f 1824 1825 1826
f 1827 1803 1805
f 1828 1829 1830
f 1831 1807 1809
f 1832 1833 1834
f 1835 1811 1813
f 1836 1837 1838
f 1839 1840 1841
f 1842 1843 1844
f 1738 1845 1736
f 1846 1820 1822
f 1847 1848 1849
f 1850 1824 1826
f 1730 1851 1728
f 1852 1828 1830
f 1724 1853 1722
f 1854 1832 1834
f 1720 1855 1718
f 1856 1857 1858
f 1716 1859 1714
f 1860 1861 1862
f 1863 1864 1865
f 1866 1867 1868
f 1869 1870 1871
f 1872 1873 1874
f 1875 1876 1877
f 1865 1864 1878
f 1879 1880 1881
f 1882 1883 1884
f 1885 1886 1887
f 1888 1889 1890
f 1891 1892 1893
f 1894 1895 1896
f 1894 1896 1897
f 1898 1899 1900
f 1901 1902 1903
f 1904 1905 1906
f 1907 1908 1909
f 1910 1911 1912
f 1913 1914 1915
f 1916 1917 1918
f 1919 1920 1921
f 1922 1923 1924
f 1925 1926 1927
f 1928 1929 1930
f 1931 1932 1933
f 1934 1935 1936
f 1937 1938 1939
f 1940 1941 1942
f 1943 1944 1945
f 1946 1947 1948
f 1949 1950 1951
f 1949 1951 1952
f 1953 1954 1955
f 1953 1955 1956
f 1957 1958 1959
f 1960 1961 1962
f 1963 1964 1965
f 1963 1965 1966
f 1967 1968 1969
f 1967 1969 1970
f 1971 1972 1973
f 1974 1975 1976
f 1977 1978 1979
f 1977 1979 1980
f 1981 1982 1983
f 1984 1985 1986
f 1984 1986 1987
f 1988 1989 1990
f 1988 1990 1991
f 1992 1993 1994
f 1992 1994 1995
f 1996 1997 1998
f 1996 1998 1999
f 2000 2001 2002
f 2000 2002 2003
f 2004 2005 2006
f 2007 2008 2009
f 2010 2011 2012
f 2010 2012 2013
f 2014 2015 2016
f 2014 2016 2017
f 2018 2019 2020
f 2018 2020 2021
f 2022 2023 2024
f 2022 2024 2025
f 2026 2027 2028
f 2026 2028 2029
f 2030 2031 2032
f 2033 2034 2035
f 2033 2035 2036
f 2037 2038 2039
f 2037 2039 2040
f 2041 2042 2043
f 2041 2043 2044
f 2045 2046 2047
f 2045 2047 2048
f 2049 2050 2051
f 2049 2051 2052
f 2053 2054 2055
f 2053 2055 2056
f 2057 2058 2059
f 2060 2061 2062
f 2060 2062 2063
f 2064 2065 2066
f 2064 2066 2067
f 2068 2069 2070
f 2068 2070 2071
f 2072 2073 2074
f 2072 2074 2075
f 2076 2077 2078
f 2076 2078 2079
f 2080 2081 2082
f 2080 2082 2083
f 2084 2085 2086
f 2087 2088 2089
f 2090 2091 2092
f 2093 2094 2095
f 2093 2095 2096
f 2097 2098 2099
f 2096 2100 2101
f 2102 2103 2104
f 2105 2106 2107
f 2108 2109 2110
f 2111 2112 2113
f 2114 2115 2116
f 2117 2118 2119
f 2120 2121 2122
f 2122 2121 2123
f 2124 2125 2126
f 2127 2128 2129
f 2130 2131 2132
f 2133 2134 2135
f 2135 2134 2136
f 2137 2138 2139
f 2140 2141 2142
f 2143 2144 2145
f 2146 2147 2148
f 2149 2150 2151
f 2152 2153 2154
f 2155 2156 2157
f 2158 2159 2160
f 2161 2162 2163
f 2164 2165 2166
f 2167 2168 2169
f 2170 2171 2172
f 2173 2174 2175
f 2173 2175 2176
f 2177 2178 2179
f 2180 2181 2182
f 2183 2184 2185
f 2186 2187 2188
f 2189 2190 2191
f 2183 2185 2192
f 2193 2194 2195
f 2196 2197 2198
f 2199 2200 2201
f 2202 2203 2204
f 2205 2206 2207
f 2208 2209 2210
f 2211 2212 2213
f 2214 2215 2216
f 2217 2218 2219
f 2220 2221 2222
f 2223 2224 2225
f 2226 2227 2228
f 2229 2230 2231
f 2232 2233 2234
f 2235 2236 2237
f 2238 2239 2240
f 2241 2242 2243
f 2244 2245 2246
f 2247 2248 2249
f 2250 2251 2252
f 2253 2254 2255
f 2256 2257 2258
f 2259 2260 2261
f 2262 2263 2264
f 2265 2266 2267
f 2268 2269 2270
f 2271 2272 2273
f 2274 2270 2275
f 2276 2277 2278
f 2279 2280 2281
f 2282 2283 2284
f 2285 2286 2287
f 2288 2289 2290
f 2291 2292 2293
f 2294 2295 2296
f 2297 2298 2299
f 2300 2301 2302
f 2303 2304 2305
f 2306 2307 2308
f 2306 2308 2309
f 2310 2311 2312
f 2313 2314 2315
f 2316 2317 2318
f 2319 2320 2321
f 2322 2323 2324
f 2325 2326 2327
f 2328 2329 2330
f 2331 2332 2333
f 2334 2335 2336
f 2334 2336 2337
f 2338 2339 2340
f 2341 2342 2343
f 2344 2345 2346
f 2347 2348 2349
f 2350 2351 2352
f 2353 2354 2355
f 2356 2357 2358
f 2359 2360 2361
f 2362 2363 2364
f 2365 2366 2367
f 2368 2369 2370
f 2368 2370 2371
f 2372 2373 2374
f 2372 2374 2375
f 2376 2377 2378
f 2379 2380 2381
f 2382 2383 2384
f 2385 2386 2387
f 2388 2389 2390
f 2391 2392 2393
f 2394 2395 2396
f 2394 2396 2397
f 2398 2399 2400
f 2398 2400 2401
f 2402 2403 2404
f 2405 2406 2407
f 2408 2409 2410
f 2408 2410 2411
f 2412 2413 2414
f 2415 2416 2417
f 2418 2419 2420
f 2421 2422 2423
f 2424 2425 2426
f 2424 2426 2427
f 2428 2429 2430
f 2428 2430 2431
f 2432 2433 2434
f 2432 2434 2435
f 2436 2437 2438
f 2436 2438 2439
f 2440 2441 2442
f 2440 2442 2443
f 2444 2445 2446
f 2447 2448 2449
f 2450 2451 2452
f 2453 2454 2455
f 2456 2457 2458
f 2459 2460 2461
f 2459 2461 2462
f 2463 2464 2465
f 2463 2465 2466
f 2467 2468 2469
f 2467 2469 2470
f 2471 2472 2473
f 2471 2473 2474
f 2475 2476 2477
f 2475 2477 2478
f 2479 2480 2481
f 2479 2481 2482
f 2483 2484 2485
f 2486 2487 2488
f 2489 2490 2491
f 2489 2491 2492
f 2493 2494 2495
f 2493 2495 2496
f 2497 2498 2499
f 2497 2499 2500
f 2501 2502 2503
f 2501 2503 2504
f 2505 2506 2507
f 2505 2507 2508
f 2509 2510 2511
f 2509 2511 2512
f 2513 2514 2515
f 2516 2517 2518
f 2519 2520 2521
f 2519 2521 2522
f 2523 2524 2525
f 2526 2527 2528
f 2529 2530 2531
f 2529 2531 2532
f 2533 2534 2535
f 2533 2535 2536
f 2537 2538 2539
f 2537 2539 2540
f 2541 2542 2543
f 2544 2545 2546
f 2547 2548 2549
f 2550 2551 2552
f 2553 2554 2555
f 2556 2557 2558
f 2559 2560 2561
f 2561 2560 2562
f 2563 2564 2565
f 2565 2564 2566
f 2567 2568 2569
f 2570 2571 2572
f 2573 2574 2575
f 2576 2577 2578
f 2579 2580 2581
f 2582 2583 2584
f 2585 2586 2587
f 2588 2589 2590
f 2591 2592 2593
f 2594 2595 2596
f 2597 2598 2599
f 2599 2598 2600
f 2601 2602 2603
f 2604 2605 2606
f 2607 2608 2609
f 2610 2611 2612
f 2613 2614 2615
f 2616 2617 2618
f 2619 2620 2621
f 2622 2623 2624
f 2625 2626 2627
f 2628 2629 2630
f 2631 2632 2633
f 2634 2635 2636
f 2637 2638 2639
f 2640 2641 2642
f 2620 2643 2621
f 2644 2544 2546
f 2626 2645 2627
f 2646 2647 2648
f 2649 2650 2651
f 2652 2653 2654
f 2655 2656 2657
f 2658 2659 2660
f 2661 2662 2663
f 2664 2665 2666
f 2667 2668 2669
f 2670 2671 2672
f 2673 2674 2675
f 2676 2677 2678
f 2679 2680 2681
f 2682 2683 2684
f 2685 2686 2687
f 2688 2689 2690
f 2691 2692 2693
f 2694 2695 2696
f 2697 2698 2699
f 2700 2701 2702
f 2703 2704 2705
f 2671 2706 2672
f 2707 2616 2618
f 2677 2708 2678
f 2709 2710 2711
f 2683 2712 2684
f 2713 2628 2630
f 2689 2714 2690
f 2715 2716 2717
f 2718 2719 2720
f 2721 2722 2723
f 2724 2725 2726
f 2727 2728 2729
f 2730 2731 2732
f 2733 2734 2735
f 2736 2737 2738
f 2739 2740 2741
f 2742 2743 2744
f 2745 2746 2747
f 2748 2723 2722
f 2749 2750 2751
f 2752 2655 2657
f 2753 2754 2755
f 2756 2757 2758
f 2759 2760 2761
f 2762 2763 2764
f 2765 2766 2767
f 2768 2769 2770
f 2771 2772 2773
f 2774 2775 2776
f 2777 2739 2741
f 2778 2779 2780
f 2781 2745 2747
f 2782 2783 2784
f 2785 2786 2787
f 2788 2789 2790
f 2791 2753 2755
f 2792 2793 2794
f 2795 2604 2606
f 2796 2797 2798
f 2799 2800 2801
f 2802 2803 2804
f 2805 2806 2807
f 2808 2809 2810
f 2798 2811 2796
f 2812 2667 2669
f 2813 2814 2815
f 2816 2673 2675
f 2790 2817 2788
f 2818 2679 2681
f 2819 2820 2821
f 2822 2685 2687
f 2780 2823 2778
f 2824 2691 2693
f 2776 2825 2774
f 2826 2827 2828
f 2828 2827 2829
f 2830 2831 2832
f 2833 2834 2835
f 2836 2837 2838
f 2838 2837 2839
f 2840 2841 2842
f 2842 2841 2843
f 2844 2845 2846
f 2846 2845 2847
f 2848 2849 2850
f 2851 2852 2853
f 2854 2855 2856
f 2857 2858 2859
f 2860 2861 2862
f 2863 2864 2865
f 2866 2867 2868
f 2869 2870 2871
f 2872 2873 2874
f 2875 2876 2877
f 2878 2879 2880
f 2881 2882 2883
f 2884 2885 2886
f 2886 2885 2887
f 2888 2889 2890
f 2891 2892 2893
f 2894 2895 2896
f 2896 2895 2897
f 2898 2899 2900
f 2901 2902 2903
f 2904 2905 2906
f 2906 2905 2907
f 2908 2909 2910
f 2910 2909 2911
f 2912 2913 2914
f 2915 2916 2917
f 2918 2919 2920
f 2920 2919 2921
f 2922 2923 2924
f 2925 2926 2927
f 2928 2929 2930
f 2930 2929 2931
f 2932 2933 2934
f 2935 2936 2937
f 2938 2939 2940
f 2940 2939 2941
f 2942 2943 2944
f 2945 2946 2947
f 2948 2949 2950
f 2951 2952 2953
f 2954 2955 2956
f 2957 2958 2959
f 2960 2961 2962
f 2963 2964 2965
f 2966 2967 2968
f 2969 2970 2971
f 2972 2973 2974
f 2975 2976 2977
f 2978 2979 2980
f 2980 2979 2981
f 2982 2983 2984
f 2985 2986 2987
f 2988 2989 2990
f 2990 2989 2991
f 2992 2993 2994
f 2995 2996 2997
f 2998 2999 3000
f 3000 2999 3001
f 3002 3003 3004
f 3005 3006 3007
f 3008 3009 3010
f 3011 3012 3013
f 3014 3015 3016
f 3017 3018 3019
f 3020 3021 3022
f 3022 3021 3023
f 3024 3025 3026
f 3026 3025 3027
f 3028 3029 3030
f 3030 3029 3031
f 3032 3033 3034
f 3034 3033 3035
f 3036 3037 3038
f 3038 3037 3039
f 3040 3041 3042
f 3043 3044 3045
f 3046 3047 3048
f 3048 3047 3049
f 3050 3051 3052
f 3052 3051 3053
f 3054 3055 3056
f 3056 3055 3057
f 3058 3059 3060
f 3060 3059 3061
f 3062 3063 3064
f 3064 3063 3065
f 3066 3067 3068
f 3068 3067 3069
f 3070 3071 3072
f 3072 3071 3073
f 3074 3075 3076
f 3077 3078 3079
f 3080 3081 3082
f 3082 3081 3083
f 3084 3085 3086
f 3086 3085 3087
f 3088 3089 3090
f 3090 3089 3091
f 3092 3093 3094
f 3094 3093 3095
f 3096 3097 3098
f 3099 3100 3101
f 3102 3103 3104
f 3104 3103 3105
f 3106 3107 3108
f 3108 3107 3109
f 3110 3111 3112
f 3113 3114 3115
f 3116 3117 3118
f 3118 3117 3119
f 3120 3121 3122
f 3122 3121 3123
f 3124 3125 3126
f 3126 3125 3127
f 3128 3129 3130
f 3130 3129 3131
f 3132 3133 3134
f 3134 3133 3135
f 3136 3137 3138
f 3138 3137 3139
f 3140 3141 3142
f 3142 3141 3143
f 3144 3145 3146
f 3146 3145 3147
f 3148 3149 3150
f 3150 3149 3151
f 3152 3153 3154
f 3155 3156 3157
f 3158 3159 3160
f 3161 3162 3163
f 3164 3165 3166
f 3166 3165 3167
f 3168 3169 3170
f 3170 3169 3171
f 3172 3173 3174
f 3175 3176 3177
f 3178 3179 3180
f 3180 3179 3181
f 3182 3183 3184
f 3184 3183 3185
f 3186 3187 3188
f 3189 3190 3191
f 3192 3193 3194
f 3194 3193 3195
f 3196 3197 3198
f 3199 3200 3201
f 3202 3203 3204
f 3204 3203 3205
f 3206 3207 3208
f 3209 3210 3211
f 3212 3213 3214
f 3215 3216 3217
f 3218 3219 3220
f 3220 3219 3221
f 3222 3223 3224
f 3224 3223 3225
f 3226 3227 3228
f 3229 3230 3231
f 3232 3233 3234
f 3234 3233 3235
f 3236 3237 3238
f 3238 3237 3239
f 3240 3241 3242
f 3242 3241 3243
f 3244 3245 3246
f 3246 3245 3247
f 3248 3249 3250
f 3250 3249 3251
f 3252 3253 3254
f 3254 3253 3255
f 3256 3257 3258
f 3259 3260 3261
f 3262 3263 3264
f 3264 3263 3265
f 3266 3267 3268
f 3266 3269 3267
f 3270 3271 3272
f 3270 3273 3271
f 3274 3275 3276
f 3277 3278 3279
f 3280 3281 3282
f 3280 3283 3281
f 3284 3285 3286
f 3284 3287 3285
f 3288 3289 3290
f 3288 3291 3289
f 3292 3293 3294
f 3294 3293 3295
f 3296 3297 3298
f 3298 3297 3299
f 3300 3301 3302
f 3302 3301 3303
f 3304 3305 3306
f 3306 3305 3307
f 3308 3309 3310
f 3311 3312 3313
f 3314 3315 3316
f 3317 3318 3319
f 3320 3321 3322
f 3322 3321 3323
f 3324 3325 3326
f 3327 3328 3329
f 3330 3331 3332
f 3333 3334 3335
f 3336 3337 3338
f 3339 3340 3341
f 3342 3343 3344
f 3345 3346 3347
f 3348 3349 3350
f 3350 3349 3351
f 3352 3353 3354
f 3355 3356 3357
f 3358 3359 3360
f 3360 3359 3361
f 3362 3363 3364
f 3364 3363 3365
f 3366 3367 3368
f 3369 3370 3371
f 3372 3373 3374
f 3375 3376 3377
f 3378 3379 3380
f 3381 3382 3383
f 3384 3385 3386
f 3386 3385 3387
f 3388 3389 3390
f 3390 3389 3391
f 3392 3393 3394
f 3394 3393 3395
f 3396 3397 3398
f 3398 3397 3399
f 3400 3401 3402
f 3402 3401 3403
f 3404 3405 3406
f 3406 3405 3407
f 3408 3409 3410
f 3410 3409 3411
f 3412 3413 3414
f 3414 3413 3415
f 3416 3417 3418
f 3418 3417 3419
f 3420 3421 3422
f 3422 3421 3423
f 3424 3425 3426
f 3424 3427 3425
f 3428 3429 3430
f 3431 3432 3433
f 3434 3435 3436
f 3437 3438 3439
f 3440 3441 3442
f 3440 3443 3441
f 3444 3445 3446
f 3444 3447 3445
f 3448 3449 3450
f 3448 3451 3449
f 3452 3453 3454
f 3452 3455 3453
f 3456 3457 3458
f 3456 3459 3457
f 3460 3461 3462
f 3460 3463 3461
f 3464 3465 3466
f 3464 3467 3465
f 3468 3469 3470
f 3471 3472 3473
f 3474 3475 3476
f 3476 3475 3477
f 3478 3479 3480
f 3481 3482 3483
f 3484 3485 3486
f 3487 3488 3489
f 3490 3491 3492
f 3492 3491 3493
f 3494 3495 3496
f 3497 3498 3499
f 3500 3501 3502
f 3502 3501 3503
f 3504 3505 3506
f 3506 3505 3507
f 3508 3509 3510
f 3510 3509 3511
f 3512 3513 3514
f 3514 3513 3515
f 3516 3517 3518
f 3518 3517 3519
f 3520 3521 3522
f 3522 3521 3523
f 3524 3525 3526
f 3526 3525 3527
f 3528 3529 3530
f 3531 3532 3533
f 3534 3535 3536
f 3537 3538 3539
f 3540 3541 3542
f 3542 3541 3543
f 3544 3545 3546
f 3547 3548 3549
f 3550 3551 3552
f 3552 3551 3553
f 3554 3555 3556
f 3557 3558 3559
f 3560 3561 3562
f 3562 3561 3563
f 3564 3565 3566
f 3566 3565 3567
f 3568 3569 3570
f 3570 3569 3571
f 3572 3573 3574
f 3574 3573 3575
f 3576 3577 3578
f 3578 3577 3579
f 3580 3581 3582
f 3583 3584 3585
f 3586 3587 3588
f 3589 3590 3591
f 3592 3593 3594
f 3592 3595 3593
f 3596 3597 3598
f 3596 3599 3597
f 3600 3601 3602
f 3600 3603 3601
f 3604 3605 3606
f 3604 3607 3605
f 3608 3609 3610
f 3608 3611 3609
f 3612 3613 3614
f 3615 3616 3617
f 3618 3619 3620
f 3618 3621 3619
f 3622 3623 3624
f 3625 3626 3627
f 3628 3629 3630
f 3631 3632 3633
f 3634 3635 3636
f 3634 3637 3635
f 3638 3639 3640
f 3641 3642 3643
f 3644 3645 3646
f 3644 3647 3645
f 3648 3649 3650
f 3650 3649 3651
f 3652 3653 3654
f 3654 3653 3655
f 3656 3657 3658
f 3658 3657 3659
f 3660 3661 3662
f 3663 3664 3665
f 3666 3667 3668
f 3668 3667 3669
f 3670 3671 3672
f 3672 3671 3673
f 3674 3675 3676
f 3677 3678 3679
f 3680 3681 3682
f 3683 3684 3685
f 3686 3687 3688
f 3689 3690 3691
f 3692 3693 3694
f 3694 3693 3695
f 3696 3697 3698
f 3698 3697 3699
f 3700 3701 3702
f 3702 3701 3703
f 3704 3705 3706
f 3706 3705 3707
f 3708 3709 3710
f 3710 3709 3711
f 3712 3713 3714
f 3714 3713 3715
f 3716 3717 3718
f 3719 3720 3721
f 3722 3723 3724
f 3724 3723 3725
f 3726 3727 3728
f 3728 3727 3729
f 3730 3731 3732
f 3732 3731 3733
f 3734 3735 3736
f 3736 3735 3737
f 3738 3739 3740
f 3741 3742 3743
f 3744 3745 3746
f 3746 3745 3747
f 3748 3749 3750
f 3748 3751 3749
f 3752 3753 3754
f 3752 3755 3753
f 3756 3757 3758
f 3756 3759 3757
f 3760 3761 3762
f 3760 3763 3761
f 3764 3765 3766
f 3764 3767 3765
f 3768 3769 3770
f 3768 3771 3769
f 3772 3773 3774
f 3772 3775 3773
f 3776 3777 3778
f 3776 3779 3777
f 3780 3781 3782
f 3783 3784 3785
f 3786 3787 3788
f 3789 3790 3791
f 3792 3793 3794
f 3795 3796 3797
f 3798 3799 3800
f 3801 3802 3803
f 3804 3805 3806
f 3804 3807 3805
f 3808 3809 3810
f 3808 3811 3809
f 3812 3813 3814
f 3814 3813 3815
f 3816 3817 3818
f 3818 3817 3819
f 3820 3821 3822
f 3822 3821 3823
f 3824 3825 3826
f 3827 3828 3829
f 3830 3831 3832
f 3832 3831 3833
f 3834 3835 3836
f 3836 3835 3837
f 3838 3839 3840
f 3840 3839 3841
f 3842 3843 3844
f 3845 3846 3847
f 3848 3849 3850
f 3850 3849 3851
f 3852 3853 3854
f 3855 3856 3857
f 3858 3859 3860
f 3860 3859 3861
f 3862 3863 3864
f 3865 3866 3867
f 3868 3869 3870
f 3871 3872 3873
f 3874 3875 3876
f 3877 3878 3879
f 3880 3881 3882
f 3883 3884 3885
f 3886 3887 3888
f 3889 3890 3891
f 3892 3893 3894
f 3895 3896 3897
f 3898 3899 3900
f 3900 3899 3901
f 3902 3903 3904
f 3905 3906 3907
f 3908 3909 3910
f 3910 3909 3911
f 3912 3913 3914
f 3915 3916 3917
f 3918 3919 3920
f 3920 3919 3921
f 3922 3923 3924
f 3924 3923 3925
f 3926 3927 3928
f 3928 3927 3929
f 3930 3931 3932
f 3932 3931 3933
f 3934 3935 3936
f 3937 3938 3939
f 3940 3941 3942
f 3942 3941 3943
f 3944 3945 3946
f 3947 3948 3949
f 3950 3951 3952
f 3952 3951 3953
f 3954 3955 3956
f 3957 3958 3959
f 3960 3961 3962
f 3963 3964 3965
f 3966 3967 3968
f 3969 3970 3971
f 3972 3973 3974
f 3975 3976 3977
f 3978 3979 3980
f 3981 3982 3983
f 3984 3985 3986
f 3987 3988 3989
f 3990 3991 3992
f 3992 3991 3993
f 3994 3995 3996
f 3997 3998 3999
f 4000 4001 4002
f 4002 4001 4003
f 4004 4005 4006
f 4007 4008 4009
f 4010 4011 4012
f 4012 4011 4013
f 4014 4015 4016
f 4017 4018 4019
f 4020 4021 4022
f 4023 4024 4025
f 4026 4027 4028
f 4029 4030 4031
f 4032 4033 4034
f 4034 4033 4035
f 4036 4037 4038
f 4038 4037 4039
f 4040 4041 4042
f 4042 4041 4043
f 4044 4045 4046
f 4046 4045 4047
f 4048 4049 4050
f 4050 4049 4051
f 4052 4053 4054
f 4055 4056 4057
f 4058 4059 4060
f 4060 4059 4061
f 4062 4063 4064
f 4064 4063 4065
f 4066 4067 4068
f 4068 4067 4069
f 4070 4071 4072
f 4072 4071 4073
f 4074 4075 4076
f 4076 4075 4077
f 4078 4079 4080
f 4080 4079 4081
f 4082 4083 4084
f 4084 4083 4085
f 4086 4087 4088
f 4089 4090 4091
f 4092 4093 4094
f 4094 4093 4095
f 4096 4097 4098
f 4098 4097 4099
f 4100 4101 4102
f 4102 4101 4103
f 4104 4105 4106
f 4106 4105 4107
f 4108 4109 4110
f 4111 4112 4113
f 4114 4115 4116
f 4116 4115 4117
f 4118 4119 4120
f 4120 4119 4121
f 4122 4123 4124
f 4125 4126 4127
f 4128 4129 4130
f 4130 4129 4131
f 4132 4133 4134
f 4134 4133 4135
f 4136 4137 4138
f 4138 4137 4139
f 4140 4141 4142
f 4142 4141 4143
f 4144 4145 4146
f 4147 4148 4149
f 4150 4151 4152
f 4152 4151 4153
f 4154 4155 4156
f 4156 4155 4157
f 4158 4159 4160
f 4160 4159 4161
f 4162 4163 4164
f 4164 4163 4165
f 4166 4167 4168
f 4168 4167 4169
f 4170 4171 4172
f 4173 4174 4175
f 4176 4177 4178
f 4178 4177 4179
f 4180 4181 4182
f 4182 4181 4183
f 4184 4185 4186
f 4187 4188 4189
f 4190 4191 4192
f 4192 4191 4193
f 4194 4195 4196
f 4196 4195 4197
f 4198 4199 4200
f 4201 4202 4203
f 4204 4205 4206
f 4207 4208 4209
f 4210 4211 4212
f 4212 4211 4213
f 4214 4215 4216
f 4216 4215 4217
f 4218 4219 4220
f 4221 4222 4223
f 4224 4225 4226
f 4227 4228 4229
f 4230 4231 4232
f 4230 4233 4231
f 4234 4235 4236
f 4234 4237 4235
f 4238 4239 4240
f 4238 4241 4239
f 4242 4243 4244
f 4242 4245 4243
f 4246 4247 4248
f 4246 4249 4247
f 4250 4251 4252
f 4252 4251 4253
f 4254 4255 4256
f 4256 4255 4257
f 4258 4259 4260
f 4260 4259 4261
f 4262 4263 4264
f 4265 4266 4267
f 4268 4269 4270
f 4271 4272 4273
f 4274 4275 4276
f 4276 4275 4277
f 4278 4279 4280
f 4280 4279 4281
f 4282 4283 4284
f 4284 4283 4285
f 4286 4287 4288
f 4289 4290 4291
f 4292 4293 4294
f 4294 4293 4295
f 4296 4297 4298
f 4298 4297 4299
f 4300 4301 4302
f 4303 4304 4305
f 4306 4307 4308
f 4309 4310 4311
f 4312 4313 4314
f 4314 4313 4315
f 4316 4317 4318
f 4318 4317 4319
f 4320 4321 4322
f 4323 4324 4325
f 4326 4327 4328
f 4329 4330 4331
f 4332 4333 4334
f 4335 4336 4337
f 4338 4339 4340
f 4340 4339 4341
f 4342 4343 4344
f 4345 4346 4347
f 4348 4349 4350
f 4351 4352 4353
f 4354 4355 4356
f 4357 4358 4359
f 4360 4361 4362
f 4362 4361 4363
f 4364 4365 4366
f 4366 4365 4367
f 4368 4369 4370
f 4371 4372 4373
f 4374 4375 4376
f 4376 4375 4377
f 4378 4379 4380
f 4380 4379 4381
f 4382 4383 4384
f 4382 4385 4383
f 4386 4387 4388
f 4386 4389 4387
f 4390 4391 4392
f 4390 4393 4391
f 4394 4395 4396
f 4394 4397 4395
f 4398 4399 4400
f 4398 4401 4399
f 4402 4403 4404
f 4402 4405 4403
f 4406 4407 4408
f 4406 4409 4407
f 4410 4411 4412
f 4410 4413 4411
f 4414 4415 4416
f 4417 4418 4419
f 4420 4421 4422
f 4420 4423 4421
f 4424 4425 4426
f 4424 4427 4425
f 4428 4429 4430
f 4430 4429 4431
f 4432 4433 4434
f 4434 4433 4435
f 4436 4437 4438
f 4438 4437 4439
f 4440 4441 4442
f 4442 4441 4443
f 4444 4445 4446
f 4447 4448 4449
f 4450 4451 4452
f 4452 4451 4453
f 4454 4455 4456
f 4456 4455 4457
f 4458 4459 4460
f 4460 4459 4461
f 4462 4463 4464
f 4464 4463 4465
f 4466 4467 4468
f 4468 4467 4469
f 4470 4471 4472
f 4472 4471 4473
f 4474 4475 4476
f 4476 4475 4477
f 4478 4479 4480
f 4481 4482 4483
f 4484 4485 4486
f 4486 4485 4487
f 4488 4489 4490
f 4490 4489 4491
f 4492 4493 4494
f 4495 4496 4497
f 4498 4499 4500
f 4500 4499 4501
f 4502 4503 4504
f 4504 4503 4505
f 4506 4507 4508
f 4508 4507 4509
f 4510 4511 4512
f 4512 4511 4513
f 4514 4515 4516
f 4517 4518 4519
f 4520 4521 4522
f 4522 4521 4523
f 4524 4525 4526
f 4526 4525 4527
f 4528 4529 4530
f 4530 4529 4531
f 4532 4533 4534
f 4535 4536 4537
f 4538 4539 4540
f 4541 4542 4543
f 4544 4545 4546
f 4547 4548 4549
f 4550 4551 4552
f 4553 4554 4555
f 4556 4557 4558
f 4559 4560 4561
f 4562 4563 4564
f 4562 4565 4563
f 4566 4567 4568
f 4566 4569 4567
f 4570 4571 4572
f 4570 4573 4571
f 4574 4575 4576
f 4574 4577 4575
f 4578 4579 4580
f 4578 4581 4579
f 4582 4583 4584
f 4582 4585 4583
f 4586 4587 4588
f 4586 4589 4587
f 4590 4591 4592
f 4593 4594 4595
f 4596 4597 4598
f 4599 4600 4601
f 4602 4603 4604
f 4604 4603 4605
f 4606 4607 4608
f 4608 4607 4609
f 4610 4611 4612
f 4612 4611 4613
f 4614 4615 4616
f 4616 4615 4617
f 4618 4619 4620
f 4621 4622 4623
f 4624 4625 4626
f 4626 4625 4627
f 4628 4629 4630
f 4630 4629 4631
f 4632 4633 4634
f 4635 4636 4637
f 4638 4639 4640
f 4640 4639 4641
f 4642 4643 4644
f 4644 4643 4645
f 4646 4647 4648
f 4649 4650 4651
f 4652 4653 4654
f 4654 4653 4655
f 4656 4657 4658
f 4658 4657 4659
f 4660 4661 4662
f 4662 4661 4663
f 4664 4665 4666
f 4666 4665 4667
f 4668 4669 4670
f 4671 4672 4673
f 4674 4675 4676
f 4676 4675 4677
f 4678 4679 4680
f 4680 4679 4681
f 4682 4683 4684
f 4685 4686 4687
f 4688 4689 4690
f 4690 4689 4691
f 4692 4693 4694
f 4695 4696 4697
f 4698 4699 4700
f 4701 4702 4703
f 4704 4705 4706
f 4704 4707 4705
f 4708 4709 4710
f 4711 4712 4713
f 4714 4715 4716
f 4717 4718 4719
f 4720 4721 4722
f 4723 4724 4725
f 4726 4727 4728
f 4726 4729 4727
f 4730 4731 4732
f 4730 4733 4731
f 4734 4735 4736
f 4737 4738 4739
f 4740 4741 4742
f 4740 4743 4741
f 4744 4745 4746
f 4747 4748 4749
f 4750 4751 4752
f 4750 4753 4751
f 4754 4755 4756
f 4754 4757 4755
f 4758 4759 4760
f 4758 4761 4759
f 4762 4763 4764
f 4762 4765 4763
f 4766 4767 4768
f 4766 4769 4767
f 4770 4771 4772
f 4772 4771 4773
f 4774 4775 4776
f 4776 4775 4777
f 4778 4779 4780
f 4780 4779 4781
f 4782 4783 4784
f 4785 4786 4787
f 4788 4789 4790
f 4790 4789 4791
f 4792 4793 4794
f 4794 4793 4795
f 4796 4797 4798
f 4799 4800 4801
f 4802 4803 4804
f 4804 4803 4805
f 4806 4807 4808
f 4809 4810 4811
f 4812 4813 4814
f 4815 4816 4817
f 4818 4819 4820
f 4821 4822 4823
f 4824 4825 4826
f 4826 4825 4827
f 4828 4829 4830
f 4830 4829 4831
f 4832 4833 4834
f 4834 4833 4835
f 4836 4837 4838
f 4838 4837 4839
f 4840 4841 4842
f 4843 4844 4845
f 4846 4847 4848
f 4848 4847 4849
f 4850 4851 4852
f 4852 4851 4853
f 4854 4855 4856
f 4857 4858 4859
f 4860 4861 4862
f 4860 4862 4863
f 4864 4865 4866
f 4864 4866 4867
f 4868 4869 4870
f 4868 4870 4871
f 4872 4873 4874
f 4872 4874 4875
f 4876 4877 4878
f 4876 4878 4879
f 4880 4881 4882
f 4880 4882 4883
f 4884 4885 4886
f 4884 4886 4887
f 4888 4889 4890
f 4888 4890 4891
f 4892 4893 4894
f 4892 4894 4895
f 4896 4897 4898
f 4896 4898 4899
f 4900 4901 4902
f 4903 4904 4905
f 4906 4907 4908
f 4909 4910 4911
f 4909 4911 4912
f 4913 4914 4915
f 4913 4915 4916
f 4917 4918 4919
f 4917 4919 4920
f 4921 4922 4923
f 4921 4923 4924
f 4925 4926 4927
f 4925 4927 4928
f 4929 4930 4931
f 4929 4931 4932
f 4933 4934 4935
f 4933 4935 4936
f 4937 4938 4939
f 4940 1368 1367
f 4941 4942 4943
f 4944 4945 4946
f 4947 4948 4949
f 4947 4949 4950
f 4951 4952 4953
f 4951 4953 4954
f 4955 4956 4957
f 4955 4957 4958
f 4959 4960 4961
f 4959 4961 4962
f 4963 4964 4965
f 4963 4965 4966
f 4967 4968 4969
f 4967 4969 4970
f 4971 4972 4973
f 4971 4973 4974
f 4975 4976 4977
f 4975 4977 4978
f 4979 4980 4981
f 4979 4981 4982
f 4983 4984 4985
f 4983 4985 4986
f 4987 4988 4989
f 4987 4989 4990
f 4991 4992 4993
f 4991 4993 4994
f 4995 4996 4997
f 4995 4997 4998
f 4999 5000 5001
f 4999 5001 5002
f 5003 5004 5005
f 5003 5005 5006
f 5007 5008 5009
f 5007 5009 5010
f 5011 5012 5013
f 5011 5013 5014
f 5015 5016 5017
f 5018 5019 5020
f 5021 5022 5023
f 5024 5025 5026
f 5024 5026 5027
f 5028 5029 5030
f 5031 5032 103
f 102 5033 100

